fold,label,prediction,probability
1,1,1,0.6906057
1,1,0,0.46813586
1,1,0,0.23989393
1,1,0,0.42774245
1,0,0,0.44986296
1,0,0,0.48754838
1,0,0,0.27846357
1,0,0,0.30780524
1,0,1,0.57122505
1,0,1,0.937584
1,1,1,0.83706945
1,0,0,0.33385795
1,1,0,0.45011878
1,1,1,0.7296673
1,1,1,0.6628689
1,0,0,0.4016511
1,1,1,0.71488327
1,1,1,0.63902426
1,0,1,0.6786452
1,0,0,0.3261288
1,0,0,0.23144644
1,1,1,0.9078466
1,0,0,0.28412744
1,0,0,0.36722568
1,0,1,0.51415265
1,1,1,0.5281799
1,1,1,0.6586462
1,0,0,0.325584
1,1,1,0.5622691
1,0,1,0.70268095
1,0,1,0.7375107
1,0,1,0.51818085
1,1,1,0.7136602
1,1,1,0.5894543
1,0,1,0.52304643
1,0,1,0.8107077
1,1,0,0.27984166
1,0,0,0.2730958
1,1,1,0.5847677
1,1,1,0.5029734
1,1,1,0.64765465
1,1,0,0.3309922
1,0,1,0.6408402
1,0,1,0.56763566
1,0,0,0.40822604
1,0,0,0.43388584
1,1,1,0.8304168
1,0,0,0.3930875
1,1,0,0.48117134
1,1,1,0.6323188
1,1,1,0.6090779
1,0,0,0.46864057
1,0,1,0.74694806
1,1,0,0.41079968
1,0,1,0.8515993
1,0,0,0.45757335
1,1,1,0.58362615
1,0,1,0.5651715
1,1,0,0.18563196
1,1,0,0.33250508
1,0,1,0.51648295
1,0,0,0.4193644
1,1,1,0.78585947
1,1,1,0.59074265
1,0,1,0.6222435
1,0,0,0.31982067
1,0,1,0.6487444
1,0,0,0.20818676
1,0,0,0.1910794
1,0,1,0.5323983
1,0,0,0.3033739
1,1,1,0.54919934
1,1,0,0.40607908
1,0,0,0.36698318
1,1,1,0.51431245
1,1,1,0.9252566
1,0,0,0.49067774
1,0,1,0.6833124
1,1,0,0.1614827
1,1,0,0.43516725
1,1,1,0.5293478
1,1,0,0.4645593
1,0,0,0.31140247
1,0,0,0.14733586
1,0,1,0.6728515
1,0,1,0.6269494
1,1,0,0.36635098
1,0,1,0.56289226
1,0,0,0.17233801
1,0,0,0.35885638
1,1,1,0.9095367
1,1,1,0.5961631
1,1,1,0.6188898
1,0,0,0.48658764
1,0,1,0.85245335
1,0,0,0.46641204
1,0,0,0.38748777
1,0,0,0.33918718
1,1,1,0.8348504
1,1,1,0.75464857
1,0,0,0.20551738
1,1,1,0.7737023
1,1,1,0.7429468
1,1,1,0.8127267
1,0,1,0.72409654
1,0,0,0.35684597
1,1,1,0.8876459
1,0,1,0.74665534
1,1,1,0.7273053
1,0,0,0.4191436
1,0,0,0.3510398
1,0,0,0.26963666
1,0,0,0.21291833
1,1,1,0.8426618
1,0,0,0.3775389
1,1,1,0.7433293
1,0,0,0.41707474
1,1,1,0.7463222
1,0,0,0.18985878
1,1,1,0.53549427
1,1,1,0.73161244
1,0,0,0.4948205
1,1,1,0.6912824
1,0,1,0.6517953
1,1,0,0.33284506
1,0,0,0.11643912
1,0,0,0.09963123
1,1,1,0.9131353
1,1,1,0.7848379
1,0,0,0.32873353
1,1,1,0.79637915
1,1,1,0.7541271
1,0,0,0.38046587
1,0,1,0.5005095
1,0,1,0.6422107
1,0,0,0.23338813
1,0,1,0.6748466
1,0,0,0.14488642
1,0,0,0.47958654
1,0,1,0.55002403
1,1,1,0.7275488
1,0,1,0.7202918
1,0,1,0.60169715
1,1,1,0.70311683
1,1,1,0.5555551
1,1,1,0.5760756
1,0,1,0.7264653
1,1,1,0.59920686
1,1,0,0.4571737
1,0,1,0.53418845
1,1,1,0.5222998
1,0,1,0.60429275
1,0,0,0.42789
1,1,0,0.41048476
1,0,0,0.20332952
1,0,0,0.37767112
1,0,0,0.4221749
1,1,1,0.5247471
1,1,1,0.8441237
1,1,1,0.54519796
1,1,0,0.2870787
1,1,0,0.32450372
1,1,1,0.72273594
1,0,0,0.16082422
1,0,0,0.3306971
1,1,0,0.4189554
1,0,1,0.80858934
1,0,1,0.86420554
1,0,1,0.70253384
1,1,1,0.62584084
1,0,0,0.0804533
1,0,0,0.37048903
1,1,1,0.54676604
1,0,0,0.48494157
1,0,0,0.46709836
1,0,1,0.57699054
1,0,1,0.7457694
1,0,1,0.85819376
1,0,1,0.6027839
1,1,0,0.41270012
1,1,1,0.50852996
1,1,1,0.52025765
1,1,1,0.55183804
1,0,1,0.6775778
1,0,0,0.25258505
1,0,1,0.6067836
1,0,1,0.5039403
1,1,1,0.6362208
1,1,0,0.29187456
1,1,0,0.4946135
1,0,1,0.517546
1,0,0,0.29064712
1,0,0,0.28726757
1,0,1,0.76046026
1,0,1,0.5120125
1,0,0,0.26616523
1,1,0,0.2959627
1,1,0,0.25532588
1,0,1,0.57737267
1,1,0,0.31264636
1,0,1,0.5426037
1,0,1,0.6454392
1,0,1,0.88543403
1,0,0,0.3930838
1,1,1,0.54265994
1,0,0,0.4429709
1,1,1,0.8613137
1,0,0,0.34582797
1,1,0,0.4074569
1,0,0,0.15930486
1,1,1,0.7450874
1,1,1,0.7751757
1,0,0,0.14452454
1,0,1,0.55010605
1,1,1,0.6488978
1,1,1,0.951399
1,0,0,0.30813
1,0,1,0.50158656
1,0,0,0.30819342
1,1,1,0.71828824
1,1,1,0.51358616
1,0,1,0.56715995
1,1,1,0.78289413
1,1,0,0.3079129
1,1,1,0.9260898
1,1,1,0.6082894
1,1,1,0.787948
1,0,0,0.40708977
1,0,1,0.5413597
1,1,1,0.8530229
1,1,1,0.5900464
1,1,1,0.59052134
1,1,1,0.63676476
1,1,0,0.49796548
1,0,0,0.46096364
1,1,1,0.9043941
1,1,1,0.83496916
1,1,1,0.6597029
1,1,1,0.64410734
1,0,1,0.6241322
1,1,1,0.7249669
1,0,1,0.6699658
1,1,1,0.71241623
1,0,0,0.39789268
1,1,1,0.750666
1,0,0,0.39653957
1,1,1,0.66242117
1,0,1,0.58401614
1,0,1,0.6259646
1,0,1,0.67842406
1,1,0,0.49984142
1,1,1,0.81546044
1,1,1,0.6112146
1,1,0,0.47918412
1,1,1,0.53767645
1,1,0,0.38740602
1,0,0,0.35116622
1,1,1,0.7549512
1,1,1,0.6446263
1,0,0,0.43080747
1,1,1,0.52875537
1,0,1,0.5297435
1,0,1,0.5199287
1,1,1,0.82390755
1,1,1,0.5836779
1,1,1,0.5870449
1,0,1,0.50156516
1,0,1,0.5160239
1,0,0,0.4484049
1,1,1,0.8822341
1,1,1,0.54671454
1,0,1,0.72164685
1,1,1,0.8125552
1,1,1,0.67923045
1,0,0,0.48206103
1,0,0,0.46225172
1,1,1,0.62360346
1,0,1,0.5070241
1,1,1,0.8551853
1,1,1,0.551711
1,0,0,0.48614624
1,0,0,0.27389634
1,1,1,0.73093265
1,1,1,0.7855245
1,0,1,0.5152944
1,1,1,0.6137633
1,1,1,0.60626173
1,0,1,0.57123655
1,1,1,0.6593641
1,0,1,0.6008811
1,0,0,0.45850542
1,0,1,0.6020103
1,1,1,0.87995505
1,1,1,0.83688927
1,0,1,0.7473369
1,0,0,0.3460892
1,1,0,0.21526709
1,1,1,0.57205135
1,1,1,0.82146835
1,0,0,0.44354814
1,1,1,0.698909
1,1,1,0.8386171
1,0,0,0.38836077
1,0,0,0.28042558
1,1,1,0.79258525
1,1,1,0.5836996
1,1,1,0.5233505
1,0,0,0.3874387
1,1,1,0.58027136
1,0,0,0.28712195
1,0,0,0.49865317
1,0,0,0.3897592
1,0,0,0.23177034
1,1,1,0.7720348
1,0,0,0.34808773
1,0,1,0.5269255
1,1,0,0.4267914
1,0,0,0.2750933
1,1,1,0.88986087
1,1,1,0.7889249
1,0,1,0.8068573
1,1,1,0.8701151
1,1,1,0.6712765
1,0,1,0.500804
1,0,0,0.25504893
1,1,0,0.49137306
1,0,0,0.19370753
1,1,1,0.50726897
1,0,0,0.28156054
1,0,1,0.6391006
1,0,0,0.43798253
1,1,1,0.6401902
1,0,1,0.63292664
1,0,0,0.46360308
1,1,1,0.7777542
1,0,1,0.6121774
1,1,1,0.7371219
1,0,0,0.4071157
1,1,1,0.63839716
1,0,1,0.5443475
1,1,0,0.4648025
1,1,1,0.56399107
1,1,0,0.34439322
1,1,1,0.741246
1,0,0,0.38847065
1,0,1,0.50721693
1,1,1,0.6398432
1,0,1,0.7835564
1,0,1,0.58881533
1,1,1,0.6676338
1,0,1,0.5817818
1,0,0,0.23145272
1,0,1,0.51593435
1,1,0,0.37079713
1,1,1,0.75052285
1,1,1,0.54299617
1,1,1,0.7046549
1,0,0,0.45123604
1,0,0,0.21114431
1,0,1,0.75987035
1,0,1,0.59071827
1,1,1,0.8282074
1,0,1,0.68081915
1,0,0,0.39476198
1,1,1,0.86620367
1,1,0,0.4916074
1,0,0,0.38701335
1,0,0,0.39703768
1,0,1,0.71104574
1,1,1,0.7981738
1,1,1,0.7185465
1,0,1,0.82717854
1,1,1,0.7964226
1,0,0,0.43465558
1,1,1,0.6367319
1,1,1,0.57173085
1,0,0,0.48610452
1,1,1,0.5523193
1,0,1,0.68311286
1,0,0,0.36691543
1,0,1,0.5301189
1,0,1,0.5061564
1,1,1,0.70560324
1,1,1,0.93376875
1,1,1,0.5388644
1,1,1,0.8188348
1,0,1,0.6235638
1,1,1,0.7259069
1,0,1,0.60517955
1,1,1,0.77992797
1,1,1,0.6294243
1,1,1,0.76827174
1,1,1,0.8352543
1,0,1,0.72667915
1,1,1,0.81481755
1,1,0,0.42942384
1,1,1,0.80154705
1,1,1,0.5431334
1,0,0,0.4420452
1,0,1,0.6199784
1,0,1,0.5783607
1,1,0,0.32484788
1,0,1,0.8105737
1,1,1,0.6350487
1,1,1,0.5368566
1,0,1,0.5093685
1,1,1,0.61383384
1,1,1,0.7833275
1,1,1,0.7414708
1,0,0,0.41385454
1,1,1,0.629455
1,0,1,0.5234681
1,0,1,0.5594212
1,1,1,0.684261
1,0,1,0.7047919
1,0,0,0.33972794
1,1,1,0.88707227
1,1,1,0.85559916
1,0,1,0.5416936
1,1,1,0.85353374
1,0,1,0.8226329
1,1,1,0.8624538
1,1,1,0.56127596
1,1,1,0.6397619
1,0,0,0.49553862
1,0,0,0.32332975
1,1,1,0.8451085
1,1,1,0.8592457
1,0,1,0.57466114
1,0,1,0.579594
1,0,0,0.33415788
1,0,0,0.3038089
1,0,1,0.7858437
1,0,0,0.13062964
1,1,1,0.90468913
1,1,1,0.55033565
1,1,1,0.7207002
1,0,1,0.6457178
1,0,1,0.62454784
1,1,0,0.2539552
1,1,1,0.56383556
1,0,0,0.38212118
1,1,0,0.45905882
1,1,0,0.42394066
1,0,0,0.41917923
1,0,1,0.77303845
1,0,1,0.76013994
1,0,1,0.5065762
1,1,1,0.9075615
1,0,0,0.49473432
1,1,1,0.7187802
1,1,1,0.6500711
1,1,1,0.71960646
1,1,1,0.67452496
1,0,1,0.6050753
1,1,1,0.93751925
1,1,1,0.79555464
1,0,0,0.29271272
1,0,0,0.22650081
1,1,1,0.88926697
1,1,1,0.86035824
1,1,1,0.7865137
1,0,1,0.5524935
1,0,1,0.6074843
1,0,0,0.0663942
1,1,1,0.7898176
1,1,1,0.64941984
1,0,1,0.5855715
1,0,0,0.15072836
1,0,0,0.4793224
1,0,0,0.49582794
1,1,1,0.698816
1,1,0,0.36132213
1,0,0,0.19534843
1,1,1,0.6151872
1,1,1,0.63137484
1,0,0,0.2857326
1,1,1,0.569677
1,1,0,0.17110091
1,0,1,0.55458933
1,0,1,0.6474316
1,0,1,0.6603656
1,1,1,0.86092407
1,1,1,0.8606605
1,1,1,0.88398606
1,1,1,0.8949649
1,1,1,0.95154375
1,0,1,0.71979547
1,1,1,0.8545935
1,1,1,0.78156376
1,1,1,0.88585263
1,1,1,0.87656915
1,1,0,0.46101603
1,0,0,0.28071582
1,0,0,0.24301867
1,0,1,0.7604543
1,0,0,0.45921603
1,0,0,0.27424636
1,1,1,0.83400446
1,1,1,0.6374269
1,1,1,0.78279585
1,0,1,0.53698206
1,0,1,0.7438498
1,0,1,0.83690715
1,0,0,0.4688938
1,0,0,0.32159314
1,1,1,0.57773095
1,0,1,0.7637108
1,1,1,0.76113576
1,0,1,0.5074997
1,1,1,0.948804
1,0,1,0.508448
1,1,1,0.79075855
1,1,1,0.81994593
1,1,1,0.6645137
1,0,1,0.58504844
1,1,1,0.7428925
1,0,0,0.47219354
1,1,1,0.5027208
1,0,0,0.3473612
1,0,0,0.42687562
1,0,0,0.30706194
1,1,1,0.76128954
1,0,1,0.5595207
1,0,1,0.84502
1,1,1,0.89669985
1,0,1,0.80483633
1,0,1,0.7175855
1,1,1,0.62549186
1,1,1,0.5261489
1,1,1,0.7742321
1,0,0,0.38019007
1,1,1,0.72703636
1,0,1,0.6717038
1,0,0,0.48263207
1,0,0,0.32288375
1,0,1,0.91110647
1,0,1,0.5008835
1,1,1,0.8608301
1,1,1,0.64869606
1,1,0,0.40489683
1,1,0,0.43400046
1,0,0,0.33101693
1,1,1,0.7213716
1,1,1,0.6286344
1,1,1,0.5647793
1,0,0,0.2923357
1,0,0,0.3673589
1,1,1,0.69948804
1,0,1,0.56702465
1,0,1,0.64650375
1,0,1,0.6221501
1,0,0,0.3449692
1,0,0,0.39858449
1,0,1,0.71903247
1,0,1,0.55533975
1,0,1,0.60811436
1,1,0,0.49473065
1,1,0,0.4326003
1,1,1,0.5594669
1,1,1,0.7916534
1,0,1,0.5062939
1,0,0,0.12352857
1,0,1,0.6803664
1,1,1,0.9317883
1,1,1,0.63060075
1,1,1,0.80415416
1,0,1,0.70311856
1,1,1,0.7017618
1,0,1,0.5754554
1,0,1,0.55703497
1,1,1,0.70775133
1,1,1,0.72803354
1,0,0,0.05184846
1,1,1,0.7982053
1,0,0,0.39862
1,0,1,0.8399299
1,1,1,0.65289146
1,0,1,0.7363716
1,0,1,0.50887066
1,0,1,0.60229576
1,0,0,0.47718066
1,0,0,0.30862466
1,1,1,0.7310539
1,0,0,0.11322663
1,1,1,0.8576082
1,0,0,0.4347901
1,0,0,0.26130825
1,1,1,0.6053775
1,1,1,0.62676626
1,0,0,0.47704187
1,0,0,0.4711292
1,0,0,0.41209105
1,0,0,0.35532406
1,0,0,0.4706857
1,1,1,0.8596315
1,0,0,0.350597
1,0,0,0.2776759
1,1,1,0.816699
1,1,1,0.57501733
1,1,1,0.7966908
1,1,1,0.86406684
1,1,0,0.3765874
1,0,1,0.51172817
1,0,0,0.40586582
1,1,1,0.7644569
1,1,0,0.3453429
1,0,0,0.39300308
1,0,0,0.20558329
1,1,1,0.5840012
1,1,1,0.81465995
1,0,1,0.61015874
1,1,0,0.23839594
1,0,1,0.80488324
1,1,0,0.3018628
1,0,1,0.7340889
1,0,0,0.16020657
1,0,1,0.88925385
1,0,1,0.623371
1,1,1,0.6702116
1,0,1,0.6513586
1,1,1,0.50470257
1,1,1,0.5218289
1,0,1,0.6508311
1,1,1,0.9565918
1,0,1,0.6270413
1,1,1,0.61272013
1,0,0,0.3670875
1,1,1,0.6153836
1,0,0,0.39833704
1,1,1,0.94971174
1,1,1,0.7460007
1,1,1,0.73360246
1,1,1,0.7061643
1,1,1,0.5826652
1,1,1,0.84307736
1,0,0,0.40232176
1,1,1,0.7180716
1,0,0,0.4759116
1,1,1,0.7515801
1,0,0,0.4880162
1,0,0,0.24145806
1,1,0,0.41744375
1,0,1,0.72216463
1,1,1,0.5588661
1,1,0,0.3064064
1,1,1,0.82245487
1,0,1,0.8013792
1,0,1,0.64993525
1,1,1,0.5354487
1,0,0,0.37449315
1,0,1,0.5834233
1,0,0,0.4374212
1,1,1,0.9333474
1,1,0,0.49846938
1,0,0,0.4080303
1,0,1,0.6912499
1,0,1,0.5110068
1,0,0,0.31318212
1,0,1,0.5038818
1,0,0,0.23302454
1,0,1,0.8171518
1,0,0,0.14263779
1,1,1,0.5644657
1,1,0,0.41344222
1,1,1,0.650353
1,1,1,0.62126386
1,0,1,0.61167103
1,1,1,0.7235678
1,1,1,0.9076579
1,0,0,0.11032666
1,0,1,0.56363326
1,0,0,0.3709719
1,1,1,0.7434068
1,0,0,0.26782513
1,1,0,0.24279743
1,0,0,0.31345406
1,1,1,0.5994538
1,1,0,0.3632809
1,1,1,0.6185573
1,0,0,0.33801648
1,1,0,0.1484118
1,1,1,0.51314837
1,0,1,0.6598454
1,0,1,0.50588834
1,1,1,0.73326343
1,1,1,0.6465274
1,0,1,0.5092583
1,0,0,0.43398544
1,1,1,0.5920559
1,1,1,0.704436
1,1,0,0.4806799
1,0,0,0.3719677
1,0,0,0.35092017
1,1,1,0.543591
1,0,1,0.6193678
1,1,0,0.43983772
1,0,0,0.4800254
1,1,1,0.6058736
1,0,1,0.635416
1,1,1,0.5301527
1,1,0,0.30389544
1,0,0,0.11355328
1,0,1,0.76144296
1,0,1,0.50530493
1,0,0,0.39532626
1,1,1,0.51790076
1,0,0,0.25114375
1,1,1,0.59013665
1,1,1,0.67256916
1,1,0,0.34554985
1,0,1,0.85217434
1,0,1,0.73733675
1,0,0,0.3929848
1,1,0,0.37769994
1,1,1,0.8611026
1,1,1,0.6008797
1,1,1,0.61386293
1,0,0,0.45235062
1,0,0,0.26806402
1,1,0,0.49718416
1,0,1,0.73148924
1,1,0,0.3251605
1,1,1,0.81264865
1,1,1,0.72319984
1,1,1,0.56016195
1,0,0,0.24240756
1,0,1,0.67180175
1,1,0,0.36110362
1,0,0,0.34679526
1,1,1,0.6618132
1,0,0,0.26584172
1,1,1,0.74922496
1,0,0,0.34945312
1,1,1,0.72973645
1,1,0,0.33400637
1,1,0,0.452578
1,0,0,0.31240946
1,0,1,0.50463253
1,1,1,0.586492
1,0,0,0.10391184
1,1,0,0.39336717
1,0,0,0.090563126
1,0,1,0.73718476
1,0,0,0.32641643
1,1,1,0.7335177
1,0,1,0.60850024
1,1,0,0.46769714
1,1,0,0.33977792
1,1,1,0.50712013
1,1,0,0.26340213
1,1,1,0.54812384
1,0,1,0.6134857
1,1,1,0.66338724
1,0,0,0.22958173
1,0,0,0.37302908
1,0,0,0.41356987
1,0,0,0.14934428
1,1,0,0.2287657
1,1,1,0.5137688
1,0,0,0.3587244
1,0,0,0.19768524
1,1,1,0.52326304
1,0,0,0.05383827
1,1,1,0.561289
1,0,0,0.45361352
1,0,1,0.5959878
1,0,0,0.08916307
1,1,1,0.8418952
1,1,1,0.65213525
1,0,0,0.25576365
1,1,0,0.4214827
1,0,0,0.47483405
1,0,0,0.23117736
1,0,0,0.14303017
1,1,0,0.47991088
1,0,0,0.39035454
1,0,0,0.36628714
1,0,1,0.6054702
1,0,1,0.7780482
1,0,0,0.23502569
1,1,1,0.91500354
1,1,0,0.39314523
1,1,1,0.58909076
1,1,1,0.6799863
1,0,0,0.46784067
1,0,1,0.58590555
1,0,0,0.40258592
1,0,0,0.28109133
1,1,1,0.6057769
1,0,1,0.56868273
1,0,0,0.27602175
1,1,1,0.6451631
1,0,1,0.50181806
1,0,0,0.31905255
1,1,1,0.5490203
1,0,0,0.3465449
1,1,1,0.6241877
1,0,1,0.62945396
1,0,1,0.6331186
1,1,1,0.6121046
1,1,0,0.49166712
1,0,0,0.21165782
1,1,1,0.6511697
1,0,0,0.452921
1,0,1,0.6761411
1,0,0,0.37269416
1,1,0,0.34096572
1,0,1,0.70978993
1,1,1,0.8194599
1,0,1,0.6569763
1,0,0,0.21904539
1,0,1,0.5748436
1,0,0,0.45693764
1,1,1,0.5961152
1,0,0,0.36014456
1,1,1,0.55144215
1,0,1,0.64735395
1,0,0,0.06536285
1,1,1,0.81781584
1,1,1,0.51841426
1,1,1,0.92498237
1,1,1,0.5668841
1,1,1,0.66790843
1,0,1,0.5381965
1,0,0,0.13447757
1,0,1,0.6845514
1,1,1,0.5221303
1,1,0,0.4434451
1,0,0,0.398093
1,0,1,0.6222703
1,1,1,0.64530164
1,0,0,0.21591878
1,0,0,0.22730315
1,0,1,0.55444753
1,1,0,0.47058213
1,0,0,0.25433436
1,1,1,0.72240555
1,1,0,0.46144596
1,1,1,0.93782854
1,1,1,0.6784766
1,0,1,0.753856
1,1,0,0.41218147
1,1,1,0.6995258
1,0,0,0.23231302
1,1,1,0.57399875
1,1,1,0.7312852
1,1,1,0.7465714
1,0,0,0.3750606
1,0,0,0.46364844
1,1,1,0.58030283
1,0,1,0.68974847
1,1,0,0.38661906
1,0,1,0.61247724
1,0,1,0.6409853
1,0,1,0.76759255
1,0,0,0.4844717
1,0,1,0.5850462
1,1,1,0.8614027
1,1,0,0.49838808
1,1,0,0.49597
1,1,1,0.5318156
1,0,0,0.34578004
1,0,0,0.47893804
1,0,1,0.61466205
1,0,0,0.4526377
1,0,0,0.48606083
1,1,1,0.5462713
1,1,1,0.56020594
1,1,1,0.7542577
1,1,0,0.43231037
1,0,0,0.34872985
1,0,0,0.21737908
1,0,0,0.4809761
1,0,1,0.64433545
1,1,1,0.9223487
1,0,1,0.55266345
1,1,1,0.73871577
1,0,1,0.7631996
1,1,1,0.662301
1,1,0,0.3575615
1,0,0,0.4682742
1,0,0,0.30308148
1,0,0,0.39499867
1,1,1,0.54561806
1,0,0,0.2999241
1,0,0,0.4453753
1,0,1,0.7856695
1,1,1,0.68253195
1,1,1,0.6876569
1,0,0,0.1654247
1,1,1,0.8732821
1,0,0,0.46003756
1,0,0,0.3419895
1,1,1,0.67144114
1,0,0,0.45187277
1,0,0,0.31592157
1,1,0,0.49772447
1,1,1,0.70506
1,1,0,0.44295976
1,1,0,0.3802403
1,0,0,0.26787478
1,0,1,0.65791386
1,0,0,0.1471762
1,0,1,0.5081164
1,1,1,0.6874058
1,1,1,0.58643425
1,0,1,0.7995878
1,0,0,0.1909407
1,1,1,0.71863496
1,1,1,0.6226229
1,0,0,0.39198136
1,1,1,0.6008398
1,1,1,0.67041624
1,0,0,0.2194081
1,0,1,0.57013285
1,1,1,0.8609083
1,1,0,0.39198512
1,0,0,0.48049673
1,0,1,0.5788644
1,1,0,0.426114
1,0,0,0.33686575
1,0,0,0.20129135
1,1,1,0.61942893
1,0,0,0.403752
1,0,0,0.31092888
1,1,1,0.5542487
1,0,0,0.22975221
1,1,1,0.61441374
1,1,1,0.52060896
1,0,1,0.82753164
1,0,1,0.60355383
1,1,1,0.5040018
1,1,0,0.38767338
1,0,0,0.18577103
1,1,1,0.6811229
1,0,0,0.2573455
1,1,1,0.5061331
1,0,0,0.44258943
1,0,1,0.74375224
1,0,1,0.6998881
1,0,1,0.55682325
1,0,0,0.2123713
1,1,1,0.7243309
1,1,1,0.6560154
1,1,1,0.96096385
1,1,1,0.5115431
1,1,1,0.8780897
1,0,0,0.38119245
1,1,1,0.6499541
1,0,0,0.30819508
1,0,1,0.76384807
1,1,1,0.53328985
1,0,1,0.57856196
1,0,0,0.37838185
1,0,1,0.78340423
1,0,0,0.26016644
1,1,1,0.9281558
1,0,1,0.52684
1,1,0,0.42165992
1,1,1,0.6775963
1,0,0,0.49139535
1,1,1,0.70192784
1,0,1,0.5714995
1,0,1,0.5186152
1,1,1,0.59682536
1,0,1,0.61553794
1,0,1,0.65393186
1,0,0,0.3005533
1,0,1,0.738206
1,0,0,0.29411447
1,1,1,0.71821564
1,0,1,0.6544986
1,0,1,0.69843906
1,1,1,0.7261122
1,1,1,0.64103496
1,1,1,0.791789
1,1,1,0.95537555
1,0,1,0.7139949
1,1,1,0.7586029
1,1,1,0.8640432
1,1,1,0.74814665
1,0,0,0.43279967
1,0,0,0.3631062
1,1,1,0.8383814
1,1,1,0.9109071
1,1,1,0.8126032
1,0,1,0.7121197
1,0,1,0.7505291
1,1,1,0.6889183
1,0,1,0.6367867
1,0,1,0.58066946
1,1,1,0.60663843
1,1,1,0.86951023
1,1,1,0.79957336
1,1,1,0.81259394
1,1,1,0.71153975
1,1,1,0.6911799
1,1,1,0.78047866
1,0,0,0.49060455
1,1,0,0.27631003
1,1,1,0.90658635
1,0,1,0.5909291
1,1,1,0.95236295
1,1,1,0.6274187
1,1,1,0.6363394
1,1,1,0.6933898
1,0,1,0.5742852
1,0,1,0.6543807
1,1,1,0.7522677
1,0,1,0.55770415
1,0,1,0.6118787
1,0,0,0.47731516
1,0,1,0.6042154
1,1,1,0.66349185
1,0,0,0.43279874
1,1,1,0.837846
1,1,1,0.79916334
1,0,1,0.5732388
1,1,1,0.56579363
1,1,1,0.5405948
1,1,1,0.6510145
1,0,0,0.39305744
1,1,1,0.77143973
1,0,1,0.63796246
1,0,0,0.4015536
1,0,0,0.44116616
1,0,0,0.47815305
1,0,0,0.18721853
1,0,0,0.48056152
1,0,0,0.11164544
1,1,1,0.8742472
1,1,1,0.6369079
1,1,1,0.5022122
1,1,1,0.51809585
1,0,0,0.18929839
1,0,1,0.5700148
1,1,1,0.5364835
1,1,0,0.49432716
1,1,1,0.6361992
1,1,1,0.7312039
1,0,1,0.7589643
1,1,1,0.6737733
1,0,0,0.07197978
1,0,0,0.3408012
1,1,1,0.7252339
1,1,0,0.31477356
1,1,1,0.53043383
1,1,1,0.81132513
1,1,1,0.7526558
1,1,1,0.7929143
1,0,0,0.3200526
1,1,1,0.5065406
1,0,0,0.1982131
1,0,0,0.3866565
1,0,0,0.14441939
1,1,1,0.8263751
1,0,0,0.43341643
1,0,1,0.5957698
1,0,1,0.51448256
1,1,1,0.6624077
1,0,1,0.73935133
1,0,0,0.10372535
1,0,0,0.16223307
1,1,1,0.8830683
1,0,0,0.30076158
1,1,0,0.41664276
1,1,1,0.8391731
1,0,0,0.25705826
1,1,0,0.3422742
1,0,0,0.34437034
1,1,1,0.8875981
1,0,0,0.36656794
1,1,0,0.40982768
1,1,1,0.6924115
1,0,0,0.2598135
1,1,1,0.8670388
1,0,0,0.39220414
1,1,1,0.5019816
1,0,0,0.4579111
1,1,1,0.5457595
1,0,1,0.5532032
1,0,0,0.4128773
1,1,0,0.4087861
1,0,1,0.76811033
1,0,0,0.4779632
1,0,1,0.56347626
1,1,1,0.7713176
1,1,0,0.49855745
1,0,0,0.43835956
1,1,0,0.4318963
1,0,1,0.62732804
1,0,0,0.47010687
1,1,1,0.51829827
1,0,0,0.49134237
1,1,0,0.3677618
1,1,1,0.6464518
1,1,1,0.58176696
1,1,1,0.6364694
1,1,0,0.34939525
1,0,0,0.46571487
1,1,1,0.9245106
1,1,1,0.86772424
1,1,1,0.58132744
1,0,0,0.35479328
1,0,1,0.7106897
1,1,1,0.75271827
1,1,1,0.9082446
1,0,0,0.49477005
1,0,1,0.553958
1,1,1,0.614609
1,0,0,0.47332427
1,1,0,0.4689525
1,1,1,0.60464686
1,0,1,0.8087716
1,1,1,0.7422845
1,0,0,0.41966698
1,0,1,0.5352728
1,1,1,0.74519825
1,1,1,0.528477
1,1,1,0.6720374
1,0,0,0.47037342
1,0,0,0.18768999
1,1,1,0.6760886
1,0,0,0.47846484
1,1,1,0.7521636
1,1,1,0.73351216
1,0,0,0.13381146
1,0,0,0.49404708
1,1,1,0.51013917
1,0,1,0.5370992
1,0,0,0.41893706
1,0,0,0.21795262
1,1,0,0.44913134
1,0,1,0.8973057
1,0,1,0.61281717
1,1,1,0.818488
1,1,1,0.74445933
1,0,0,0.46270633
1,0,1,0.5656313
1,1,1,0.81882274
1,0,0,0.2914149
1,1,1,0.80119
1,0,1,0.53756386
1,1,1,0.85803866
1,0,1,0.63640106
1,0,0,0.2314439
1,0,0,0.24422416
1,0,1,0.6633689
1,1,1,0.7779783
1,0,0,0.27447885
1,0,0,0.3842734
1,0,0,0.48349938
1,1,1,0.8187113
1,1,1,0.83301836
1,1,1,0.8514572
1,1,1,0.8526924
1,1,1,0.88082784
1,1,1,0.9337009
1,0,1,0.55894876
1,1,1,0.8542595
1,0,1,0.51878786
1,1,1,0.7270816
1,1,1,0.5803665
1,0,1,0.54766774
1,1,1,0.5237887
1,0,0,0.30862466
1,0,0,0.21302585
1,1,1,0.7831865
1,0,1,0.557933
1,0,1,0.6143786
1,1,1,0.7776723
1,1,1,0.85761493
1,0,0,0.22704752
1,1,1,0.6356922
1,1,0,0.26197472
1,0,0,0.1335244
1,0,1,0.6127661
1,1,1,0.7484115
1,0,0,0.26703385
1,0,0,0.31685194
1,0,0,0.4576525
1,1,0,0.34095982
1,1,1,0.6302802
1,1,1,0.72866315
1,0,0,0.38946193
1,1,1,0.51888144
1,0,0,0.21636665
1,1,0,0.33636278
1,1,0,0.42808378
1,1,1,0.58595777
1,1,0,0.36021337
1,1,1,0.61528313
1,0,1,0.574923
1,1,0,0.3301188
1,1,0,0.46941948
1,1,0,0.35103106
1,1,0,0.457602
1,0,0,0.16957578
1,0,0,0.39577687
1,0,0,0.2151782
1,0,0,0.25307077
1,0,0,0.06322178
1,0,0,0.26307994
1,0,0,0.1970243
1,1,0,0.39777398
1,0,0,0.16076656
1,0,0,0.08844918
1,0,0,0.049385943
1,1,0,0.40912452
1,1,0,0.43080604
1,0,0,0.33829364
1,0,0,0.37933123
1,1,0,0.49926034
1,1,0,0.38768253
1,0,0,0.39439583
1,0,0,0.1766826
1,1,0,0.3412581
1,0,0,0.081220105
1,1,0,0.31267962
1,0,0,0.19558041
1,1,1,0.6588709
1,1,0,0.26915815
1,0,1,0.6071943
1,0,0,0.1467372
1,0,0,0.16432317
1,0,0,0.09764436
1,0,0,0.4174474
1,0,1,0.5858658
1,0,0,0.19257244
1,0,0,0.47464412
1,0,0,0.3231999
1,0,0,0.43419266
1,1,0,0.46524796
1,1,1,0.7649203
1,1,1,0.69557613
1,1,0,0.3297675
1,1,1,0.5189344
1,1,1,0.66501105
1,1,0,0.06951888
1,1,1,0.58387816
1,1,1,0.7882513
1,1,1,0.8118523
1,1,1,0.687814
1,0,0,0.2696443
1,1,0,0.386209
1,0,1,0.68040746
1,1,1,0.81532896
1,1,1,0.62433594
1,1,1,0.60058445
1,1,1,0.6706516
1,0,0,0.40664896
1,1,1,0.7396234
1,0,0,0.49694598
1,0,1,0.7656173
1,0,1,0.65810966
1,1,0,0.34570563
1,1,1,0.65051544
1,0,0,0.34623605
1,0,0,0.41011864
1,0,0,0.2300101
1,0,0,0.26831555
1,0,0,0.4278292
1,0,0,0.4666192
1,1,1,0.8809547
1,1,1,0.74560565
1,0,1,0.5275283
1,0,1,0.71123505
1,0,1,0.6732147
1,0,0,0.3069629
1,1,1,0.81873673
1,1,1,0.6753312
1,1,0,0.2796134
1,0,1,0.5166496
1,0,1,0.70015013
1,1,1,0.6462932
1,0,0,0.4102583
1,1,0,0.36893964
1,0,1,0.5777325
1,1,1,0.5877994
1,0,1,0.688789
1,1,1,0.6329348
1,1,1,0.54733485
1,0,1,0.7824618
1,1,0,0.4720119
1,0,1,0.6896391
1,1,1,0.7454667
1,0,1,0.6667428
1,0,0,0.49047166
1,0,0,0.3278728
1,1,1,0.8407429
1,1,1,0.71717584
1,0,1,0.5984642
1,0,0,0.36901134
1,1,1,0.60257787
1,1,0,0.26488194
1,0,1,0.5593603
1,0,0,0.3911495
1,1,1,0.6933528
1,1,1,0.56720245
1,0,0,0.45619816
1,0,0,0.26674858
1,1,0,0.4515689
1,0,0,0.19797702
1,1,1,0.8407653
1,0,1,0.78531885
1,0,1,0.68928397
1,0,0,0.46331593
1,0,1,0.72397834
1,1,1,0.6757895
1,1,1,0.72663
1,0,1,0.5463201
1,1,1,0.7765606
1,1,1,0.8759244
1,1,1,0.5195842
1,1,1,0.5146513
1,0,1,0.56262726
1,0,1,0.6526701
1,0,1,0.6095508
1,1,0,0.35402024
1,1,0,0.20603138
1,0,0,0.44456947
1,0,0,0.47332105
1,1,1,0.6441809
1,1,1,0.7804448
1,1,0,0.47389936
1,0,0,0.22064601
1,0,0,0.20052145
1,1,0,0.4877291
1,1,1,0.6774252
1,0,1,0.6177883
1,0,0,0.38532224
1,1,1,0.66045886
1,1,0,0.33271876
1,1,0,0.47074836
1,0,1,0.7268564
1,0,0,0.1785803
1,0,1,0.545708
1,0,0,0.40451452
1,0,1,0.6906305
1,0,0,0.2536203
1,1,1,0.62380815
1,0,0,0.12654315
1,0,0,0.21014166
1,1,1,0.76631975
1,0,0,0.10205248
1,0,1,0.5596006
1,1,0,0.38621363
1,1,1,0.67811847
1,1,0,0.14661562
1,1,1,0.6621109
1,0,0,0.32850164
1,1,0,0.32921913
1,1,1,0.5079011
1,0,1,0.7104242
1,0,0,0.39867404
1,1,0,0.30795428
1,1,0,0.37278855
1,0,1,0.6833808
1,0,0,0.28116974
1,0,1,0.6954267
1,0,0,0.11273024
1,1,0,0.34022054
1,0,1,0.6010863
1,0,0,0.42716542
1,0,1,0.56074375
1,0,0,0.46835104
1,1,1,0.7176242
1,0,0,0.45179737
1,1,0,0.24110033
1,0,0,0.10787388
1,0,0,0.07900454
1,1,0,0.4165612
1,0,0,0.39501473
1,1,1,0.593204
1,1,0,0.49546936
1,0,0,0.35681102
1,0,0,0.15413123
1,0,0,0.13607329
1,1,1,0.7751566
1,1,1,0.71590954
1,0,1,0.6819605
1,0,0,0.46885702
1,0,0,0.34998193
1,1,1,0.6482566
1,0,0,0.19394957
1,1,1,0.5157931
1,1,0,0.41116557
1,1,1,0.7746632
1,0,1,0.80701965
1,0,0,0.2804379
1,1,0,0.4416036
1,0,0,0.22862287
1,1,1,0.5355009
1,0,1,0.7017328
1,1,1,0.71165407
1,1,1,0.6301119
1,1,1,0.79769266
1,0,1,0.7191378
1,0,1,0.5441994
1,0,1,0.590299
1,1,1,0.50751454
1,1,0,0.21045285
1,1,0,0.2984101
1,0,1,0.59832114
1,0,1,0.65827763
1,1,0,0.31879407
1,0,0,0.4612911
1,0,0,0.352446
1,1,0,0.23732609
1,1,1,0.6470954
1,0,0,0.11866071
1,1,0,0.443134
1,0,1,0.91386527
1,0,0,0.16373679
1,1,0,0.21905814
1,1,1,0.8000331
1,0,0,0.4475625
1,1,1,0.5999475
1,1,0,0.35072508
1,1,1,0.6939031
1,0,1,0.7470364
1,0,0,0.3872101
1,0,1,0.78345895
1,0,0,0.48218232
1,1,1,0.9040292
1,0,1,0.58082676
1,0,1,0.6676796
1,0,0,0.4907345
1,0,0,0.3754536
1,0,1,0.65806425
1,1,1,0.5601687
1,1,1,0.7292189
1,1,1,0.71011645
1,1,1,0.64457554
1,1,1,0.777902
1,1,1,0.71146935
1,0,1,0.53350526
1,1,0,0.23635003
1,1,1,0.5970882
1,0,0,0.3615827
1,0,0,0.4797853
1,0,1,0.56462455
1,1,1,0.82069737
1,0,0,0.24223761
1,0,1,0.52756685
1,1,0,0.27100113
1,1,1,0.5840406
1,0,0,0.45062643
1,1,1,0.59938985
1,0,0,0.29120493
1,1,0,0.43449238
1,1,1,0.5964409
1,0,0,0.43299586
1,1,0,0.44657728
1,0,1,0.50308317
1,0,0,0.2572915
1,0,0,0.46922195
1,1,0,0.15915866
1,0,0,0.43365782
1,0,0,0.21558762
1,0,0,0.19304073
1,0,1,0.5801694
1,1,1,0.6662436
1,1,1,0.5268033
1,1,0,0.37895203
1,1,1,0.5808825
1,1,0,0.39570454
1,0,1,0.54046404
1,0,1,0.50538415
1,0,0,0.34507367
1,0,0,0.1220042
1,0,0,0.37824863
1,1,1,0.61136496
1,1,1,0.6452068
1,1,0,0.4331679
1,0,0,0.45951527
1,0,1,0.62036484
1,0,0,0.41915432
1,0,0,0.49993193
1,1,1,0.7172255
1,1,0,0.2230282
1,1,1,0.64136374
1,1,0,0.16313665
1,1,0,0.21633165
1,0,0,0.30051953
1,0,0,0.10478567
1,0,0,0.4368573
1,0,1,0.57155406
1,1,0,0.35810867
1,1,1,0.59781873
1,1,0,0.26141843
1,0,1,0.559918
1,0,0,0.4013776
1,0,1,0.609482
1,0,0,0.4420367
1,1,1,0.5414536
1,0,1,0.6915218
1,0,0,0.39624095
1,0,0,0.2657354
1,1,1,0.73356664
1,1,0,0.46208096
1,0,0,0.24274255
1,1,1,0.54927605
1,0,0,0.13647783
1,0,0,0.32180542
1,0,0,0.09028429
1,0,1,0.7368825
1,1,0,0.33450758
1,0,0,0.49884936
1,1,0,0.45576495
1,1,0,0.3456021
1,0,1,0.59305704
1,0,0,0.27997103
1,1,1,0.52044266
1,1,1,0.58700085
1,1,1,0.6046648
1,0,0,0.4296106
1,0,1,0.5793333
1,1,1,0.57417315
1,0,0,0.4256207
1,1,1,0.6464651
1,0,1,0.6403808
1,0,1,0.6462107
1,1,0,0.36600763
1,0,0,0.3624001
1,0,1,0.65499645
1,0,1,0.61747706
1,0,1,0.5221088
1,1,0,0.38632467
1,0,1,0.6156688
1,1,0,0.38274547
1,0,1,0.530507
1,1,1,0.6110959
1,1,0,0.29044744
1,0,0,0.4972931
1,0,0,0.18029997
1,1,0,0.25478858
1,1,0,0.49990332
1,1,0,0.41013852
1,0,0,0.35950547
1,0,1,0.5654769
1,1,1,0.576313
1,0,0,0.33218366
1,1,1,0.8009441
1,1,1,0.5941929
1,1,1,0.7796578
1,0,0,0.33087778
1,0,1,0.6099313
1,1,1,0.789356
1,0,0,0.32946515
1,1,1,0.51443386
1,0,0,0.2599445
1,0,1,0.74121124
1,1,0,0.4573799
1,1,0,0.46738446
1,1,0,0.44372097
1,1,1,0.5769369
1,1,1,0.75823015
1,0,0,0.21048632
1,0,0,0.26016968
1,1,1,0.6740255
1,0,0,0.43758318
1,1,1,0.7500727
1,0,1,0.6396648
1,1,1,0.8801303
1,0,1,0.6411002
1,0,1,0.597638
1,1,1,0.878315
1,1,0,0.48291034
1,1,1,0.5058776
1,0,0,0.3486216
1,0,0,0.2714798
1,1,1,0.8297468
1,1,0,0.46487245
1,0,1,0.5425817
1,0,0,0.33825323
1,1,1,0.8836138
1,1,1,0.91163784
1,1,1,0.8168095
1,1,0,0.49121004
1,0,1,0.60073507
1,0,1,0.69815844
1,0,0,0.08904987
1,1,1,0.7568145
1,0,0,0.22933847
1,1,0,0.4881978
1,0,1,0.9279835
1,0,0,0.43103334
1,0,1,0.5529007
1,0,1,0.6915298
1,0,1,0.5438638
1,1,1,0.6962498
1,1,1,0.5557332
1,0,0,0.30656856
1,0,1,0.6623913
1,1,0,0.43971884
1,0,1,0.6474421
1,0,0,0.3339804
1,1,0,0.43871808
1,0,1,0.5657919
1,1,1,0.8379275
1,0,0,0.3711438
1,1,1,0.5483456
1,1,1,0.695308
1,1,1,0.73289925
1,0,1,0.7281905
1,1,1,0.730082
1,1,1,0.56830007
1,0,0,0.49216422
1,0,1,0.5693517
1,0,0,0.19471888
1,0,1,0.5205325
1,0,0,0.27253553
1,0,0,0.24639012
1,1,0,0.3059094
1,1,0,0.4475528
1,1,1,0.97680855
1,1,1,0.88505334
1,0,0,0.41002578
1,0,1,0.8688988
1,0,1,0.6295073
1,1,1,0.78072715
1,1,1,0.5070697
1,1,1,0.84789556
1,0,1,0.6861052
1,0,1,0.61189675
1,1,1,0.7498831
1,1,1,0.8748772
1,0,0,0.4568336
1,0,1,0.6627699
1,1,1,0.8458405
1,0,1,0.8682332
1,1,1,0.8152986
1,1,1,0.78634286
1,1,1,0.5099172
1,0,1,0.6667102
1,1,1,0.65794533
1,1,1,0.820856
1,0,0,0.40867302
1,1,1,0.7188924
1,0,0,0.43304718
1,1,1,0.5003974
1,1,1,0.6951424
1,0,1,0.75415045
1,0,1,0.7974456
1,0,0,0.18546022
1,1,1,0.5740206
1,0,1,0.68829805
1,0,0,0.49450147
1,0,0,0.22695164
1,1,1,0.7005245
1,0,1,0.51366335
1,0,1,0.59132886
1,0,0,0.138154
1,0,0,0.45128727
1,0,1,0.625943
1,0,1,0.7270361
1,0,1,0.62790304
1,1,1,0.6969705
1,1,0,0.4806189
1,0,1,0.7578946
1,0,0,0.49097827
1,1,1,0.7688291
1,1,1,0.7127924
1,1,1,0.53913903
1,1,0,0.48103458
1,1,1,0.6120646
1,0,0,0.3550293
1,1,0,0.49865934
1,0,0,0.22232679
1,0,0,0.30671304
1,1,0,0.40944245
1,1,0,0.32091475
1,1,0,0.3541905
1,0,0,0.37227196
1,1,1,0.5880025
1,1,0,0.40945745
1,0,0,0.45878744
1,0,0,0.2726816
1,1,1,0.77099705
1,1,1,0.64482176
1,1,0,0.33859542
1,0,1,0.5195168
1,1,1,0.78960866
1,1,1,0.6716541
1,0,1,0.70905554
1,1,0,0.48098278
1,0,0,0.2706858
1,0,1,0.6335156
1,1,0,0.31081265
1,0,1,0.56970674
1,1,1,0.87456644
1,1,1,0.8453262
1,1,1,0.8359293
1,0,0,0.4741634
1,1,1,0.7157381
1,1,1,0.6565159
1,1,1,0.6798413
1,1,1,0.7408036
1,0,1,0.5022895
1,0,1,0.66263753
1,0,0,0.33624908
1,0,0,0.49819222
1,0,1,0.80343825
1,0,1,0.6631233
1,1,1,0.67478216
1,0,0,0.26869592
1,1,1,0.72442085
1,1,0,0.46337947
1,1,1,0.8795061
1,0,0,0.37747753
1,0,1,0.6525135
1,1,1,0.69577974
1,0,0,0.23031023
1,1,1,0.68921816
1,0,1,0.51970845
1,1,1,0.76215744
1,1,1,0.6622206
1,0,0,0.17924657
1,1,1,0.67632544
1,1,1,0.5877356
1,0,0,0.34260705
1,0,1,0.50505245
1,1,1,0.6501009
1,0,1,0.5496106
1,0,1,0.5914378
1,0,1,0.7223605
1,1,1,0.8267165
1,1,0,0.37578088
1,1,0,0.3964031
1,0,0,0.23598765
1,0,1,0.5538937
1,0,0,0.283659
1,1,1,0.68079543
1,0,1,0.5559594
1,0,0,0.4175767
1,0,0,0.07001418
1,0,0,0.3395255
1,1,1,0.6632201
1,1,1,0.7040461
1,1,0,0.22004564
1,0,0,0.39608204
1,0,0,0.4403874
1,0,0,0.413006
1,1,0,0.41930017
1,1,0,0.34505317
1,0,0,0.2094405
1,0,0,0.25421855
1,1,0,0.4362969
1,0,0,0.25772667
1,0,1,0.5332473
1,1,0,0.42346367
1,1,1,0.7485698
1,0,0,0.20187691
1,0,0,0.46641827
1,0,0,0.06331472
1,1,1,0.55336607
1,0,0,0.26781148
1,1,1,0.6180855
1,0,1,0.63282675
1,0,0,0.35284275
1,0,1,0.750592
1,0,0,0.0909487
1,0,0,0.31977618
1,0,1,0.53864646
1,1,0,0.36645713
1,0,0,0.09535905
1,0,0,0.44687298
1,0,0,0.46137282
1,1,1,0.77203923
1,1,1,0.83208257
1,0,0,0.46036503
1,0,0,0.38250592
1,1,1,0.7044797
1,0,0,0.35558486
1,0,0,0.40469423
1,1,1,0.84689635
1,1,1,0.6017849
1,1,1,0.91133666
1,0,1,0.51724017
1,1,1,0.6597645
1,1,1,0.50853926
1,1,1,0.64619
1,1,1,0.54897213
1,0,0,0.38686493
1,0,1,0.511258
1,0,1,0.67973834
1,0,1,0.67466563
1,1,0,0.4434342
1,0,0,0.4881923
1,0,0,0.1884986
1,1,1,0.73371786
1,1,1,0.7791263
1,0,1,0.6036603
1,1,0,0.49738285
1,0,1,0.7467891
1,0,1,0.61995953
1,1,0,0.27556893
1,0,1,0.5190161
1,0,1,0.6019911
1,0,1,0.5858914
1,1,0,0.2996665
1,0,0,0.4227339
1,1,1,0.88872814
1,1,1,0.8112485
1,1,1,0.8251504
1,0,1,0.7219526
1,0,1,0.73288417
1,1,1,0.5873073
1,0,1,0.6481656
1,0,1,0.7255651
1,1,1,0.74467546
1,0,0,0.46124262
1,1,1,0.8690498
1,1,1,0.8256135
1,0,0,0.40522295
1,0,1,0.8726905
1,0,0,0.30138323
1,1,1,0.89408046
1,0,0,0.3805306
1,1,1,0.6342776
1,0,0,0.2579124
1,1,1,0.6081757
1,0,0,0.36346766
1,1,1,0.78879327
1,0,0,0.44469103
1,1,0,0.4838121
1,1,1,0.6541202
1,0,1,0.7455909
1,1,1,0.72545993
1,0,1,0.7004964
1,1,1,0.69492954
1,0,1,0.7820973
1,0,0,0.42084405
1,1,1,0.58010316
1,1,1,0.6077778
1,0,1,0.52811044
1,0,0,0.45889235
1,0,0,0.20671046
1,1,0,0.27418634
1,0,1,0.57869345
1,1,1,0.8185015
1,1,1,0.80463815
1,1,1,0.5859595
1,0,0,0.39342484
1,0,0,0.34744638
1,0,0,0.37001777
1,1,1,0.65419495
1,1,1,0.7953023
1,1,1,0.56046975
1,0,0,0.4126057
1,0,1,0.6740278
1,1,1,0.82365716
1,1,1,0.777026
1,0,1,0.74656916
1,0,1,0.6469471
1,1,1,0.6581046
1,0,1,0.7038856
1,0,1,0.5149188
1,0,1,0.8446701
1,1,1,0.5400534
1,1,0,0.45272043
1,1,0,0.31625146
1,0,0,0.39500278
1,0,1,0.5129669
1,0,0,0.24770536
1,0,1,0.56332046
1,1,0,0.45986497
1,0,0,0.38359356
1,1,0,0.37201577
1,1,1,0.7817851
1,0,0,0.38788483
1,0,0,0.4463273
1,0,0,0.31193742
1,1,1,0.68614125
1,1,1,0.64813423
1,0,0,0.48680577
1,1,1,0.70330465
1,0,0,0.086168915
1,0,1,0.6580829
1,0,1,0.53186554
1,0,0,0.49825343
1,1,1,0.7255107
1,0,0,0.47102857
1,0,1,0.61318934
1,1,1,0.72355044
1,1,1,0.70972794
1,0,1,0.5503331
1,0,0,0.41295114
1,1,1,0.6665054
1,1,1,0.7988546
1,1,1,0.7452196
1,0,0,0.47078437
1,0,1,0.6011225
1,1,1,0.66648054
1,0,0,0.44636816
1,0,0,0.21958733
1,1,0,0.21348868
1,0,0,0.41608262
1,1,1,0.75578916
1,0,0,0.36496273
1,1,1,0.78457725
1,1,1,0.5302954
1,0,0,0.13872287
1,0,0,0.26848355
1,0,0,0.2429165
1,0,0,0.35599047
1,1,1,0.8160595
1,1,0,0.48334485
1,0,0,0.37723953
1,0,0,0.42324898
1,0,1,0.5511067
1,1,1,0.6058431
1,1,1,0.66826665
1,1,1,0.81262904
1,0,0,0.20083886
1,0,0,0.41876096
1,0,1,0.6434308
1,1,1,0.544892
1,0,0,0.47331238
1,0,0,0.29980302
1,0,1,0.5223369
1,1,1,0.55913043
1,1,1,0.8759244
1,1,1,0.5195842
1,1,1,0.5146513
1,0,1,0.56262726
1,0,1,0.6526701
1,0,1,0.6095508
1,1,0,0.35402024
1,1,0,0.20603138
1,0,0,0.44456947
1,0,0,0.47332105
1,1,1,0.6441809
1,1,1,0.81601465
1,0,1,0.5109374
1,1,1,0.611266
1,1,1,0.57212967
1,1,1,0.8650529
1,0,0,0.32464713
1,0,1,0.8278328
1,0,1,0.6066406
1,0,0,0.44769868
1,0,1,0.50706995
1,1,1,0.7674726
1,1,1,0.69370836
1,0,1,0.6606196
1,1,1,0.6119371
1,1,1,0.5758373
1,1,1,0.80431676
1,0,1,0.7017551
1,1,1,0.7414987
1,0,1,0.5112865
1,0,0,0.35565135
1,0,0,0.3526259
1,0,1,0.5427363
1,1,1,0.5767361
1,1,1,0.6968814
1,0,0,0.2660494
1,1,1,0.7734382
1,1,1,0.8628948
1,1,1,0.61224437
1,1,0,0.41411713
1,0,0,0.41836816
1,0,0,0.47913834
1,0,0,0.3466623
1,0,0,0.37401825
1,1,0,0.21664838
1,1,1,0.62738293
1,0,1,0.5472625
1,1,0,0.34863177
1,0,0,0.46717528
1,0,0,0.49245903
1,0,0,0.100083895
1,1,1,0.6782618
1,1,0,0.48761454
1,0,0,0.48601434
1,0,0,0.46781024
1,1,0,0.44732207
1,0,1,0.6709946
1,0,1,0.84460306
1,1,1,0.6786683
1,0,1,0.5972906
1,1,1,0.7385647
1,1,1,0.5661468
1,1,0,0.45206758
1,0,0,0.43320882
1,0,0,0.3351454
1,0,0,0.33497348
1,0,0,0.46677434
1,0,1,0.5353059
1,1,1,0.8118007
1,1,1,0.6432811
1,1,1,0.75356424
1,0,1,0.57993853
1,1,0,0.4062118
1,0,1,0.644719
1,0,0,0.35263994
1,0,1,0.6083078
1,1,1,0.841813
1,0,0,0.3744541
1,1,1,0.75736827
1,1,1,0.53291774
1,1,1,0.5939179
1,0,0,0.47149277
1,0,1,0.628582
1,0,1,0.74380404
1,1,1,0.8990585
1,1,1,0.8673973
1,0,1,0.5957971
1,1,0,0.37687972
1,1,1,0.6874464
1,0,0,0.31320876
1,1,0,0.43975556
1,0,0,0.09394075
1,0,1,0.61335534
1,0,1,0.64188904
1,0,1,0.76012766
1,1,1,0.69310886
1,1,1,0.57881093
1,1,1,0.66117954
1,1,1,0.54920596
1,0,0,0.44471768
1,0,1,0.63780105
1,1,1,0.5707587
1,0,0,0.4226575
1,1,1,0.6203942
1,0,1,0.7110925
1,0,1,0.53387785
1,0,1,0.6158267
1,0,1,0.83266103
1,0,1,0.5734219
1,0,0,0.49819288
1,1,1,0.6085936
1,1,1,0.7178286
1,0,0,0.36914572
1,1,0,0.4674719
1,1,1,0.60712767
1,1,1,0.8023101
1,0,1,0.6480969
1,0,1,0.54369706
1,0,1,0.6151926
1,1,1,0.8490391
1,1,1,0.74241966
1,0,1,0.8584008
1,1,0,0.44026008
1,0,1,0.7711772
1,0,0,0.12473937
1,1,1,0.8140321
1,0,1,0.67617977
1,1,0,0.2398778
1,1,0,0.36477938
1,1,1,0.7193474
1,0,0,0.24866816
1,0,0,0.23584253
1,1,1,0.61507016
1,0,0,0.32727042
1,1,0,0.45415148
1,0,1,0.5922622
1,1,1,0.9443135
1,1,1,0.6656645
1,0,1,0.5601572
1,1,1,0.7512589
1,1,1,0.8312348
1,0,0,0.25953248
1,1,1,0.7039243
1,0,1,0.50786376
1,0,0,0.15591632
1,1,1,0.7658153
1,1,1,0.71545434
1,1,1,0.6148233
1,0,1,0.61587834
1,0,1,0.7881396
1,0,0,0.4518139
1,0,0,0.42982227
1,0,0,0.41337213
1,0,0,0.28657365
1,0,0,0.13228078
1,0,1,0.7505382
1,1,1,0.74277246
1,1,1,0.5698802
1,1,1,0.58215547
1,0,1,0.6402551
1,1,0,0.31269428
1,0,0,0.22704072
1,1,0,0.34354696
1,1,0,0.27341107
1,1,1,0.6974592
1,1,1,0.70104146
1,1,0,0.3286035
1,0,1,0.6570405
1,0,1,0.55329776
1,1,1,0.5155273
1,0,0,0.23325007
1,0,0,0.24937023
1,0,1,0.54657876
1,0,0,0.410608
1,1,0,0.4733525
1,1,1,0.94131196
1,1,1,0.7144779
1,1,1,0.73992777
1,0,1,0.63866955
1,1,1,0.643231
1,0,1,0.7496931
1,0,1,0.73821545
1,0,1,0.57675976
1,1,1,0.55083376
1,1,1,0.7491574
1,0,1,0.6301659
1,0,1,0.6549567
1,1,1,0.71963394
1,0,1,0.8118403
1,1,1,0.50476867
1,1,1,0.64176047
1,1,1,0.6295793
1,0,0,0.28485918
1,1,1,0.5869232
1,1,1,0.6602507
1,0,1,0.67224944
1,1,0,0.46021745
1,1,1,0.93450505
1,1,0,0.3807739
1,0,1,0.6300577
1,1,0,0.44137853
1,1,1,0.58348334
1,0,1,0.7046035
1,0,0,0.31599066
1,0,1,0.8101988
1,1,1,0.65875953
1,0,1,0.7144779
1,0,0,0.3161521
1,1,1,0.6285891
1,1,1,0.65635973
1,1,1,0.66011685
1,1,1,0.72429174
1,0,0,0.47721723
1,1,0,0.3110081
1,1,1,0.55154866
1,1,1,0.8986392
1,1,1,0.6587045
1,1,1,0.6860263
1,0,0,0.46981728
1,0,1,0.73929507
1,1,1,0.7580402
1,0,0,0.40907028
1,1,1,0.6758916
1,0,1,0.7300828
1,0,1,0.5109091
1,0,0,0.17087317
1,0,0,0.45000756
1,1,1,0.9541567
1,1,1,0.67209816
1,0,0,0.4970451
1,0,1,0.8444469
1,0,1,0.6904924
1,1,1,0.74407965
1,0,1,0.69984645
1,1,1,0.9427162
1,0,1,0.6590437
1,1,1,0.74132013
1,0,1,0.5026873
1,1,1,0.9423617
1,1,1,0.76507396
1,0,1,0.5311603
1,1,1,0.9084971
1,1,1,0.7817921
1,0,0,0.29417655
1,0,1,0.7361175
1,1,1,0.8681475
1,0,1,0.60906327
1,0,1,0.7002042
1,0,0,0.48210937
1,1,1,0.7140542
1,0,1,0.70187074
1,1,1,0.7208657
1,0,1,0.61280036
1,0,1,0.62206787
1,1,1,0.84173506
1,0,0,0.39624044
1,1,1,0.564479
1,0,1,0.6227388
1,0,1,0.57446927
1,0,1,0.52788
1,0,0,0.44730824
1,0,0,0.49870852
1,1,1,0.59471565
1,1,1,0.79181576
1,1,1,0.67851037
1,1,1,0.73736984
1,0,0,0.43898407
1,0,0,0.030625792
1,1,1,0.7249135
1,0,0,0.4992776
1,1,0,0.14072765
1,0,1,0.6005986
1,1,0,0.46199167
1,0,1,0.51971513
1,1,1,0.90514326
1,1,1,0.5845267
1,1,1,0.6237672
1,1,1,0.5614735
1,0,0,0.34897798
1,0,1,0.5945829
1,0,0,0.3139712
1,0,0,0.34722227
1,1,1,0.87923455
1,1,1,0.63991183
1,0,0,0.35609457
1,1,0,0.4899045
1,0,1,0.6540371
1,0,0,0.42927626
1,1,1,0.72411555
1,0,1,0.72169745
1,0,1,0.685741
1,0,0,0.45580578
1,1,1,0.5442079
1,1,1,0.5833003
1,0,1,0.6097016
1,1,1,0.7518588
1,1,0,0.48091507
1,0,1,0.51054716
1,1,0,0.41309074
1,0,1,0.7930507
1,0,1,0.56998163
1,0,0,0.21918629
1,1,1,0.79718083
1,0,0,0.21804309
1,0,1,0.671781
1,1,1,0.79350126
1,0,1,0.5945199
1,0,1,0.579257
1,0,0,0.29324737
1,1,1,0.90601844
1,1,1,0.8524706
1,0,0,0.4571835
1,1,1,0.5046198
1,0,1,0.75238985
1,0,1,0.5736863
1,0,1,0.74319863
1,1,1,0.75000155
1,0,1,0.83087444
1,0,1,0.69977415
1,1,0,0.39523438
1,0,0,0.45175338
1,0,0,0.08533639
1,1,1,0.6571811
1,1,1,0.6629239
1,0,0,0.21132538
1,0,1,0.6257079
1,0,0,0.24944013
1,1,1,0.54007965
1,1,0,0.49734566
1,0,0,0.33721584
1,1,1,0.50050753
1,0,0,0.49482164
1,0,1,0.6004655
1,1,1,0.89432317
1,1,1,0.79200065
1,1,1,0.5410196
1,0,1,0.5493721
1,1,1,0.7885327
1,1,1,0.52333665
1,1,1,0.6036021
1,0,0,0.31355056
1,0,0,0.20226137
1,1,1,0.6362273
1,1,1,0.6220508
1,0,0,0.49439877
1,0,0,0.18196583
1,0,0,0.33925068
1,1,1,0.65856594
1,1,1,0.5354126
1,0,0,0.40317917
1,1,1,0.77839077
1,0,0,0.19689626
1,1,0,0.47227186
1,0,0,0.38801125
1,0,0,0.44483495
1,0,1,0.5184103
1,0,0,0.35644156
1,0,0,0.40461728
1,1,1,0.8252693
1,1,1,0.725328
1,1,0,0.2281398
1,0,1,0.63081497
1,1,0,0.28552914
1,0,1,0.64678794
1,0,1,0.6445291
1,0,0,0.32032144
1,1,1,0.56827754
1,1,0,0.42496726
1,0,0,0.3223176
1,0,0,0.29879472
1,0,0,0.30283532
1,1,1,0.9414837
1,0,1,0.6680271
1,0,1,0.5951642
1,0,0,0.44779927
1,1,1,0.83343446
1,0,1,0.6810093
1,0,0,0.32472208
1,0,1,0.6105419
1,0,1,0.6198627
1,1,1,0.5745128
1,1,1,0.73635244
1,1,1,0.6495682
1,1,1,0.6907521
1,1,0,0.37896758
1,1,1,0.82479656
1,1,1,0.61362964
1,0,1,0.5050563
1,0,0,0.38836914
1,0,0,0.3348223
1,1,1,0.59785485
1,1,1,0.6593634
1,0,1,0.6688941
1,0,0,0.47883782
1,1,1,0.92373747
1,1,1,0.8699042
1,0,0,0.27540877
1,0,1,0.6532321
1,0,1,0.7103754
1,1,1,0.6201602
1,0,1,0.77816314
1,1,1,0.8392309
1,0,1,0.51730645
1,1,1,0.806672
1,1,1,0.8838408
1,1,1,0.8604021
1,0,0,0.18564624
1,0,1,0.70522356
1,0,0,0.40294746
1,1,1,0.91781634
1,0,0,0.45008713
1,1,1,0.51526403
1,0,0,0.3964459
1,0,1,0.6194882
1,1,1,0.6266551
1,0,0,0.4183634
1,1,0,0.31486815
1,0,1,0.62751216
1,0,0,0.2646023
1,0,0,0.39938757
1,0,0,0.4713137
1,0,0,0.4150579
1,1,1,0.60146177
1,1,0,0.38666624
1,0,0,0.37336326
1,1,0,0.31491113
1,1,1,0.56075263
1,0,0,0.12975986
1,1,1,0.85285896
1,1,1,0.7846909
1,0,0,0.1886059
1,1,1,0.5337124
1,0,0,0.2897321
1,1,1,0.7174495
1,0,1,0.6146682
1,0,0,0.21495645
1,0,0,0.4211949
1,0,0,0.4265687
1,0,0,0.19795983
1,0,0,0.08370745
1,1,1,0.6989625
1,1,1,0.73093086
1,0,0,0.29644704
1,1,1,0.7223067
1,1,1,0.65053517
1,1,1,0.8134221
1,1,1,0.79194105
1,0,1,0.54615027
1,1,0,0.44284055
1,1,0,0.4705474
1,0,0,0.2908044
1,0,0,0.49558067
1,1,1,0.61527896
1,0,0,0.48841485
1,1,1,0.5332953
1,0,0,0.48231068
1,0,0,0.44806165
1,0,1,0.5315859
1,0,1,0.6547427
1,1,1,0.79687715
1,1,1,0.8066629
1,0,0,0.31251493
1,1,1,0.70441127
1,0,1,0.745935
1,1,1,0.59588027
1,0,1,0.5619854
1,1,0,0.47844937
1,0,0,0.48471045
1,1,1,0.7064168
1,1,1,0.73445404
1,1,0,0.49293604
1,1,1,0.85533506
1,0,1,0.56914574
1,0,0,0.3190313
1,1,1,0.7767488
1,0,0,0.3350273
1,1,1,0.7158983
1,0,1,0.670502
1,1,1,0.8191468
1,1,1,0.7760192
1,0,1,0.7164264
1,1,1,0.7863729
1,1,1,0.5981592
1,0,1,0.5560545
1,0,1,0.6023869
1,0,1,0.5512708
1,1,1,0.61013097
1,1,1,0.6142363
1,0,0,0.43374473
1,1,1,0.6787053
1,0,0,0.47755888
1,1,1,0.5060932
1,1,0,0.44631803
1,0,1,0.6345043
1,0,1,0.7071668
1,1,0,0.37992015
1,0,0,0.26951805
1,0,1,0.5652565
1,0,0,0.3387417
1,1,1,0.7875276
1,0,0,0.4059716
1,1,1,0.64200926
1,1,0,0.48469943
1,0,1,0.7512212
1,1,1,0.53383166
1,0,0,0.3366095
1,1,1,0.5989609
1,0,0,0.40860283
1,0,0,0.48370898
1,0,0,0.31681556
1,1,1,0.5116599
1,1,1,0.6768547
1,1,1,0.57206047
1,1,1,0.68741435
1,1,1,0.7854317
1,0,0,0.18270779
1,1,1,0.7006617
1,0,0,0.13062964
1,1,1,0.5673703
1,0,0,0.2985737
1,0,0,0.40141186
1,1,1,0.6950819
1,0,0,0.2768445
1,0,0,0.31892797
1,1,1,0.8305243
1,0,1,0.5342431
1,0,0,0.47119585
1,1,1,0.7418329
1,1,1,0.5563872
1,1,1,0.6379201
1,0,1,0.6053865
1,1,0,0.19777134
1,0,0,0.14396665
1,0,1,0.50562745
1,0,0,0.4465757
1,0,0,0.28762186
1,1,1,0.515293
1,0,1,0.6362205
1,1,1,0.6271699
1,0,0,0.29055443
1,1,1,0.72269005
1,1,1,0.52600914
1,0,0,0.2217619
1,1,1,0.5566779
1,0,1,0.56905395
1,0,1,0.72706205
1,0,1,0.71071994
1,1,1,0.91883594
1,0,1,0.53914344
1,0,1,0.5704028
1,1,1,0.79236454
1,1,0,0.42031273
1,1,1,0.77120113
1,0,1,0.8599006
1,1,1,0.8134797
1,0,0,0.29346442
1,0,0,0.40164483
1,1,0,0.4197884
1,0,0,0.35196576
1,1,1,0.7908671
1,0,0,0.2841192
1,1,1,0.6517531
1,0,1,0.6330091
1,0,0,0.3865543
1,1,1,0.7197333
1,0,1,0.54826397
1,1,1,0.65170777
1,1,1,0.70511526
1,0,1,0.5825761
1,1,0,0.40792108
1,1,1,0.6531204
1,1,1,0.52499324
1,1,0,0.33958986
1,0,0,0.41066557
1,0,0,0.41443375
1,0,0,0.48082367
1,0,0,0.21950527
1,0,1,0.6031775
1,1,1,0.7149161
1,1,1,0.5134333
1,0,1,0.74214005
1,1,1,0.6805415
1,0,0,0.20989327
1,1,1,0.8671681
1,0,0,0.49453786
1,1,0,0.44974324
1,0,0,0.18523617
1,0,0,0.4658129
1,1,0,0.4509679
1,0,0,0.4006509
1,1,1,0.73848546
1,0,1,0.5394771
1,0,0,0.23028938
1,1,1,0.92375314
1,1,1,0.8876568
1,0,1,0.50441504
1,1,0,0.44167894
1,1,1,0.5392642
1,0,1,0.6442923
1,0,0,0.3176759
1,0,0,0.18857679
1,1,1,0.54445755
1,1,1,0.60940796
1,0,1,0.78847814
1,0,0,0.077110454
1,0,0,0.21960145
1,0,1,0.6350876
1,1,1,0.5533801
1,0,0,0.22301605
1,1,0,0.3021201
1,0,0,0.3874008
1,0,0,0.3189846
1,1,1,0.6123793
1,0,1,0.65473527
1,1,1,0.5181075
1,0,0,0.32886618
1,0,1,0.5961893
1,1,0,0.4556953
1,0,0,0.24946867
1,0,0,0.30043852
1,1,1,0.53741217
1,0,0,0.44701552
1,0,0,0.3014369
1,0,0,0.30302364
1,1,0,0.36918768
1,0,1,0.5351949
1,0,0,0.33259848
1,0,1,0.6338095
1,0,1,0.5650965
1,1,1,0.64087284
1,0,1,0.50419044
1,1,0,0.4230925
1,1,1,0.6434283
1,0,0,0.4980664
1,1,1,0.6888376
1,1,1,0.7411424
1,0,1,0.7692504
1,1,0,0.47894448
1,1,1,0.8362898
1,1,1,0.5774671
1,1,1,0.65792984
1,0,0,0.39544815
1,1,1,0.7837667
1,0,0,0.4884255
1,0,1,0.57774204
1,1,0,0.4344682
1,1,1,0.62601346
1,0,0,0.3812188
1,0,0,0.28848606
1,0,0,0.13757361
1,0,0,0.44356725
1,0,0,0.4531021
1,0,0,0.47823772
1,1,1,0.87589
1,1,1,0.5832154
1,0,0,0.3338246
1,1,1,0.50178766
1,1,1,0.5663308
1,0,1,0.59209126
1,0,0,0.41973776
1,0,0,0.3823604
1,0,0,0.44164488
1,1,1,0.8837108
1,0,0,0.45085108
1,0,0,0.1930426
1,0,1,0.8005118
1,1,1,0.83929807
1,0,0,0.33047327
1,1,0,0.32421333
1,0,1,0.5385655
1,1,1,0.58820486
1,1,1,0.7228672
1,0,1,0.6727382
1,0,0,0.41282257
1,1,1,0.9474545
1,1,1,0.60134465
1,1,1,0.6674598
1,0,1,0.5478962
1,0,1,0.9051856
1,0,1,0.53831327
1,1,1,0.6271197
1,1,1,0.7591459
1,1,1,0.7856713
1,0,0,0.29199433
1,1,1,0.78697
1,1,1,0.68039554
1,1,1,0.53085726
1,1,1,0.8446382
1,0,1,0.8669103
1,0,0,0.25508666
1,1,1,0.8479834
1,0,0,0.44945377
1,0,1,0.544336
1,0,0,0.33483472
1,1,0,0.3768412
1,1,1,0.7315935
1,0,0,0.48870474
1,0,0,0.1793278
1,0,1,0.55948275
1,0,1,0.7346446
1,1,1,0.7890997
1,1,0,0.27089253
1,0,1,0.59572095
1,0,0,0.42253855
1,1,1,0.8111738
1,0,1,0.6668393
1,0,0,0.4466296
1,0,0,0.3071186
1,1,1,0.5202137
1,0,0,0.41448045
1,1,0,0.35881725
1,0,0,0.3874008
1,0,0,0.3189846
1,1,0,0.48690665
1,1,0,0.45105037
1,1,1,0.6258853
1,0,0,0.21971297
1,0,0,0.23963457
1,1,1,0.60677254
1,1,1,0.845465
1,0,1,0.78259176
1,0,0,0.44585901
1,0,0,0.49007067
1,1,1,0.6111499
1,0,1,0.60266
1,0,1,0.6301932
1,0,1,0.6130084
1,1,1,0.7790237
1,1,1,0.7984196
1,0,1,0.5993274
1,1,1,0.8101114
1,0,0,0.100200035
1,0,0,0.4111064
1,1,0,0.36062053
1,0,0,0.37698245
1,0,0,0.4271253
1,0,0,0.4431819
1,0,0,0.212929
1,0,1,0.6276105
1,1,0,0.40908465
1,1,1,0.64047945
1,1,0,0.48729545
1,0,1,0.55650884
1,0,1,0.83533883
1,1,0,0.47346398
1,1,1,0.86297995
1,1,1,0.55032545
1,1,0,0.4548476
1,1,1,0.6548504
1,0,0,0.4306413
1,0,1,0.5028743
1,0,0,0.24391903
1,0,1,0.53837
1,0,0,0.3682707
1,1,0,0.12219949
1,0,0,0.30258486
1,1,1,0.777694
1,0,1,0.5104621
1,0,0,0.29787955
1,1,1,0.66664195
1,0,0,0.16608723
1,0,0,0.3846074
1,0,0,0.26234686
1,0,0,0.36304384
1,1,1,0.5423945
1,1,1,0.5809073
1,1,0,0.36097845
1,1,0,0.4506973
1,0,0,0.06785319
1,1,1,0.9181857
1,0,1,0.6191029
1,1,1,0.7307662
1,1,1,0.72197235
1,1,1,0.74492705
1,0,1,0.656843
1,1,1,0.7413978
1,0,0,0.49283826
1,1,1,0.7895848
1,1,1,0.8848728
1,0,1,0.8159067
1,1,1,0.64130193
1,0,1,0.68438965
1,0,0,0.29217386
1,1,1,0.74938315
1,0,1,0.665588
1,1,1,0.6899128
1,1,1,0.64758754
1,0,1,0.6701431
1,1,1,0.7110569
1,1,1,0.73445845
1,0,0,0.38211828
1,0,1,0.5309091
1,0,1,0.59456336
1,1,1,0.84956706
1,1,1,0.7364239
1,1,1,0.6716925
1,1,1,0.8693646
1,0,1,0.6763272
1,0,0,0.21856591
1,0,1,0.7229761
1,0,0,0.42847395
1,0,1,0.553628
1,1,1,0.5608501
1,0,1,0.524613
1,0,0,0.4000743
1,0,1,0.7024227
1,1,1,0.74770886
1,1,1,0.69199663
1,0,1,0.69353133
1,1,0,0.25228938
1,0,0,0.33389792
1,0,0,0.38378277
1,0,0,0.27332464
1,0,0,0.39047593
1,1,1,0.78296715
1,1,1,0.5802378
1,0,0,0.45908278
1,1,1,0.5592327
1,1,0,0.4475217
1,0,0,0.34262252
1,0,0,0.46347216
1,0,1,0.6454361
1,0,0,0.4654679
1,0,1,0.7873053
1,1,1,0.76704115
1,0,1,0.53227997
1,0,1,0.70642567
1,0,1,0.61856997
1,1,1,0.69835675
1,1,0,0.22643727
1,0,0,0.41611108
1,0,1,0.74978846
1,1,0,0.3686327
1,0,0,0.42484444
1,1,0,0.47378087
1,1,1,0.64379936
1,1,1,0.5896568
1,0,0,0.28592405
1,1,1,0.56374544
1,1,1,0.68829656
1,0,1,0.7494738
1,0,0,0.2587508
1,0,1,0.59343123
1,0,0,0.4679246
1,0,0,0.28052035
1,0,1,0.62022054
1,1,1,0.7649027
1,0,0,0.3341215
1,0,0,0.30211234
1,1,1,0.85374624
1,0,0,0.20268662
1,0,1,0.56868654
1,0,0,0.17835614
1,1,1,0.632809
1,1,1,0.5453767
1,0,0,0.44099918
1,1,1,0.7072745
1,1,0,0.4378282
1,1,1,0.653839
1,1,1,0.6351131
1,0,0,0.45506588
1,0,0,0.22557582
1,1,0,0.3856999
1,1,1,0.83754385
1,1,1,0.58149606
1,0,1,0.72065336
1,0,0,0.39465344
1,1,1,0.73477536
1,1,0,0.40981406
1,1,1,0.7225409
1,1,1,0.61569583
1,1,1,0.90037245
1,0,1,0.62034
1,0,1,0.82587963
1,0,1,0.67364496
1,1,1,0.61603993
1,0,1,0.82722473
1,1,1,0.56225556
1,1,0,0.37922043
1,1,1,0.6255749
1,1,1,0.50933546
1,0,1,0.5226845
1,0,0,0.49368796
1,0,0,0.37984842
1,1,0,0.4013701
1,0,0,0.27721745
1,1,1,0.6971131
1,1,1,0.6486057
1,0,0,0.36368832
1,0,1,0.59917593
1,0,0,0.43178385
1,0,1,0.5485479
1,1,1,0.8515628
1,1,1,0.64492214
1,1,1,0.60035574
1,1,1,0.50710416
1,0,0,0.39873976
1,0,1,0.54443485
1,1,1,0.7843439
1,0,1,0.7710515
1,1,0,0.26326922
1,0,1,0.54235166
1,1,1,0.69626194
1,0,1,0.5676651
1,0,1,0.59617805
1,0,1,0.52074134
1,0,0,0.4292048
1,0,0,0.17088573
1,1,1,0.81381726
1,1,1,0.73244977
1,1,0,0.27391365
1,0,0,0.4903186
1,1,0,0.36196557
1,1,0,0.43802708
1,1,1,0.5351805
1,1,1,0.6428466
1,0,1,0.6148213
1,1,1,0.6750226
1,0,0,0.36275852
1,0,0,0.099094115
1,1,0,0.32087746
1,0,0,0.26323566
1,0,0,0.14446698
1,0,0,0.06358055
1,0,0,0.47192103
1,0,0,0.39275366
1,1,1,0.53414774
1,0,0,0.22015928
1,1,1,0.7518067
1,0,0,0.31893232
1,0,1,0.71292186
1,1,0,0.29457295
1,1,1,0.8701131
1,0,1,0.5875443
1,0,0,0.4641035
1,1,1,0.7863755
1,1,1,0.59093326
1,0,0,0.09752001
1,0,1,0.6247106
1,1,0,0.3724052
1,1,1,0.85625607
1,0,0,0.24488653
1,0,0,0.21955901
1,0,0,0.46858102
1,0,0,0.43532526
1,1,1,0.6088578
1,0,1,0.5268632
1,1,1,0.5345758
1,1,1,0.50017875
1,0,0,0.350305
1,1,0,0.19830072
1,0,1,0.8536906
1,0,0,0.12058985
1,0,1,0.51076835
1,0,0,0.4611327
1,0,1,0.56927073
1,1,0,0.42315724
1,1,1,0.55184233
1,0,0,0.11509104
1,1,1,0.5585849
1,1,0,0.45693275
1,0,1,0.5662952
1,0,0,0.457262
1,1,1,0.60462403
1,0,0,0.18067122
1,1,1,0.7171888
1,1,1,0.6394329
1,0,1,0.6036413
1,1,1,0.60875314
1,1,1,0.7196593
1,0,0,0.4170762
1,1,1,0.6419824
1,0,0,0.07333689
1,0,0,0.49952886
1,0,0,0.4235381
1,1,1,0.6922377
1,1,1,0.7165156
1,1,1,0.8227736
1,1,1,0.70147276
1,0,1,0.5859749
1,0,1,0.89822686
1,1,1,0.8040434
1,0,1,0.5886626
1,0,1,0.78149945
1,1,1,0.85958767
1,0,1,0.7721979
1,0,1,0.7111737
1,1,1,0.74383146
1,0,1,0.8610382
1,1,1,0.59592503
1,0,0,0.3442859
1,1,1,0.5720407
1,1,1,0.7621741
1,0,0,0.39881897
1,1,0,0.39461058
1,0,0,0.20768552
1,1,0,0.22769885
1,1,0,0.42711478
1,0,1,0.63280344
1,0,1,0.62818414
1,0,1,0.65323156
1,1,1,0.75606376
1,1,1,0.64430654
1,0,1,0.54644716
1,0,0,0.39141107
1,1,0,0.33755094
1,0,0,0.3643472
1,0,0,0.45641723
1,0,0,0.39623603
1,1,1,0.7290142
1,0,0,0.48902172
1,1,0,0.39090994
1,0,1,0.5407407
1,1,1,0.5574839
1,0,1,0.5939184
1,0,0,0.22153205
1,1,1,0.75485104
1,0,1,0.7940401
1,0,1,0.60666156
1,1,1,0.5391301
1,0,1,0.503704
1,1,1,0.74112153
1,0,0,0.44687837
1,0,1,0.5479684
1,1,1,0.7459578
1,0,1,0.59159696
1,1,0,0.46105608
1,1,1,0.62058026
1,1,1,0.7574231
1,1,1,0.80783105
1,1,1,0.5524286
1,0,0,0.49096578
1,0,0,0.21889804
1,1,1,0.58683
1,1,0,0.45851892
1,1,1,0.67936486
1,1,1,0.5529903
1,1,1,0.5484812
1,1,1,0.5980937
1,0,1,0.6636915
1,0,1,0.9418474
1,1,0,0.25464657
1,1,1,0.6945335
1,1,0,0.45246443
1,1,0,0.4526962
1,1,1,0.50457513
1,0,0,0.3423309
1,0,0,0.49259645
1,0,0,0.27418026
1,1,1,0.9042763
1,1,1,0.696971
1,1,1,0.8671528
1,1,1,0.73870003
1,1,1,0.5508492
1,0,1,0.50181913
1,0,1,0.7847127
1,0,1,0.58866525
1,0,1,0.5349159
1,0,0,0.31344804
1,0,1,0.65833694
1,1,1,0.67210484
1,1,1,0.93588275
1,1,1,0.76236886
1,0,0,0.36738285
1,1,1,0.62028724
1,0,0,0.26172146
1,1,1,0.8069941
1,1,1,0.6163075
1,0,0,0.38458696
1,0,0,0.11115878
1,1,1,0.68013865
1,0,0,0.138083
1,0,0,0.49630937
1,0,1,0.6647047
1,1,1,0.8381194
1,1,0,0.4090191
1,0,0,0.47851977
1,1,1,0.6279669
1,0,0,0.117972575
1,0,1,0.71450865
1,0,1,0.5560042
1,0,0,0.28429177
1,0,1,0.84381264
1,1,1,0.69055873
1,0,0,0.47220674
1,0,1,0.7474697
1,0,1,0.6298017
1,1,1,0.6402112
1,1,1,0.74408734
1,1,1,0.7549275
1,1,1,0.7931137
1,1,1,0.8392915
1,0,1,0.7099695
1,0,1,0.6789891
1,1,1,0.720351
1,1,1,0.9333939
1,0,1,0.6811032
1,1,1,0.6563852
1,1,1,0.5913274
1,1,1,0.8040254
1,0,1,0.8080168
1,1,1,0.68578553
1,0,1,0.76647437
1,1,1,0.6506269
1,0,1,0.5335858
1,0,1,0.6345192
1,0,1,0.8360875
1,0,0,0.26755735
1,0,1,0.7197562
1,1,1,0.84623176
1,0,1,0.8079607
1,0,1,0.6598399
1,1,1,0.7756388
1,0,0,0.44613034
1,1,1,0.6572936
1,0,1,0.64178467
1,1,1,0.67616737
1,1,1,0.82171524
1,0,0,0.45061448
1,1,1,0.7487922
1,1,1,0.62288064
1,1,1,0.71368974
1,0,0,0.37191343
1,0,1,0.6575134
1,1,1,0.73008525
1,0,1,0.64452356
1,1,1,0.6883731
1,1,1,0.52205217
1,1,1,0.5670329
1,1,1,0.77331096
1,0,0,0.19510151
1,0,0,0.2877444
1,1,1,0.5159117
1,0,1,0.6800512
1,0,0,0.44711462
1,0,0,0.23904833
1,1,1,0.968246
1,0,0,0.43326464
1,1,1,0.8580034
1,1,1,0.777204
1,1,1,0.706244
1,0,1,0.6559666
1,0,1,0.5184319
1,0,0,0.3127743
1,0,0,0.217235
1,0,1,0.6980169
1,1,1,0.8397625
1,0,1,0.79148346
1,1,1,0.82433146
1,0,0,0.40940467
1,0,0,0.25364769
1,0,0,0.30984402
1,0,1,0.6065793
1,0,1,0.5408243
1,1,1,0.7428501
1,1,1,0.5752658
1,1,1,0.7013904
1,1,1,0.7314459
1,0,0,0.4413984
1,0,1,0.6527122
1,0,0,0.24302065
1,1,0,0.39612094
1,1,1,0.8331008
1,0,0,0.38433906
1,1,1,0.7682489
1,0,1,0.6758288
1,1,1,0.50327474
1,0,1,0.5640215
1,1,1,0.6675192
1,0,1,0.6176151
1,0,1,0.5773276
1,1,1,0.6169754
1,1,1,0.9401485
1,1,1,0.69187206
1,1,1,0.6647457
1,1,0,0.43680075
1,1,1,0.55433
1,0,1,0.5995801
1,0,0,0.23114845
1,1,1,0.8045716
1,0,0,0.42271313
1,0,1,0.59362376
1,0,1,0.7413474
1,1,1,0.78640044
1,0,1,0.7298426
1,0,0,0.4781972
1,1,0,0.15307377
1,1,0,0.4649387
1,0,0,0.25615892
1,1,1,0.56578714
1,1,1,0.9431553
1,0,1,0.7406672
1,0,1,0.65102315
1,0,1,0.56940466
1,0,0,0.1705373
1,0,1,0.71979976
1,1,1,0.63841194
1,1,1,0.72047967
1,0,0,0.35781664
1,1,1,0.5569839
1,1,1,0.7407828
1,1,1,0.84730923
1,0,1,0.76756537
1,0,0,0.40944123
1,0,1,0.85105324
1,1,1,0.9129805
1,0,1,0.7202468
1,0,1,0.84643453
1,0,0,0.3482828
1,0,1,0.57345605
1,1,1,0.7252422
1,1,1,0.7762139
1,1,1,0.6534853
1,0,1,0.6158451
1,0,1,0.51253855
1,1,1,0.9179394
1,1,1,0.6506711
1,1,0,0.30258393
1,1,1,0.6728925
1,0,1,0.6727226
1,1,1,0.7800454
1,0,1,0.5991204
1,0,0,0.49360693
1,0,0,0.3010731
1,1,0,0.36018845
1,1,1,0.84064
1,0,1,0.5384823
1,0,0,0.042713385
1,1,1,0.5948819
1,0,0,0.34662837
1,1,1,0.65484643
1,0,1,0.6692499
1,1,1,0.77694523
1,0,0,0.36844558
1,1,1,0.90020865
1,1,1,0.5181416
1,1,0,0.36948633
1,0,0,0.0836694
1,1,1,0.53886575
1,0,1,0.52587366
1,1,1,0.6402263
1,0,0,0.07911874
1,0,0,0.27997026
1,1,1,0.55163413
1,0,0,0.3056995
1,0,0,0.20198631
1,0,0,0.07437329
1,0,1,0.6281692
1,0,1,0.5573673
1,1,0,0.4909142
1,0,0,0.15111531
1,1,1,0.84454185
1,1,1,0.7948669
1,1,1,0.64733076
1,0,1,0.5152767
1,0,1,0.5693318
1,1,1,0.6395603
1,1,1,0.6501888
1,1,1,0.57534426
1,0,1,0.6534022
1,1,1,0.63412005
1,0,1,0.60117996
1,0,1,0.63978887
1,0,1,0.72450846
1,0,1,0.6880003
1,1,1,0.8646926
1,0,1,0.5916832
1,0,1,0.5585421
1,0,0,0.29179457
1,0,0,0.41314304
1,1,1,0.7282552
1,1,1,0.74519247
1,0,0,0.39137542
1,1,0,0.31368327
1,0,0,0.3727108
1,1,1,0.7936495
1,0,0,0.2859683
1,1,0,0.3199129
1,0,1,0.6449161
1,1,0,0.416732
1,0,0,0.43530062
1,1,0,0.45166242
1,0,0,0.31471688
1,0,0,0.26553887
1,0,1,0.5434764
1,1,0,0.2270162
1,1,1,0.596306
1,0,0,0.3863394
1,1,1,0.78868985
1,1,1,0.5983967
1,1,1,0.7220541
1,1,0,0.32521114
1,0,1,0.5446456
1,0,1,0.65506464
1,1,1,0.7577225
1,0,0,0.4798684
1,0,0,0.33399436
1,1,1,0.647193
1,0,1,0.6098194
1,1,1,0.51700443
1,0,0,0.4131981
1,0,0,0.1714886
1,1,1,0.66908073
1,0,0,0.16125947
1,1,0,0.4189771
1,1,1,0.55179846
1,0,0,0.21833055
1,1,0,0.28116292
1,0,0,0.45857272
1,1,0,0.36222145
1,1,1,0.6318215
1,1,1,0.804571
1,0,1,0.66286516
1,0,1,0.63683623
1,0,1,0.8214138
1,1,0,0.4503196
1,0,0,0.44375792
1,1,0,0.30443087
1,0,1,0.5180856
1,1,1,0.63900644
1,0,0,0.19675021
1,1,1,0.7074663
1,1,0,0.33159888
1,0,0,0.122588925
1,1,1,0.5744075
1,0,0,0.25226456
1,0,1,0.5624943
1,0,0,0.38970917
1,0,0,0.47293508
1,1,0,0.43682334
1,0,0,0.22436589
1,0,1,0.60730296
1,1,0,0.42442614
1,0,1,0.6255054
1,1,1,0.6071565
1,0,1,0.60640925
1,1,0,0.09124568
1,0,0,0.17545533
1,0,1,0.61994106
1,1,0,0.45872626
1,0,0,0.46584535
1,0,0,0.47993377
1,0,0,0.47350544
1,1,0,0.44169855
1,0,1,0.7046792
1,0,1,0.60198784
1,0,0,0.27986693
1,1,1,0.6026435
1,0,0,0.21041955
1,0,0,0.40580133
1,1,0,0.25972193
1,1,0,0.2821666
1,1,1,0.55979496
1,0,0,0.3298967
1,0,0,0.46650958
1,1,1,0.6247947
1,1,1,0.9110438
1,0,0,0.35146928
1,0,0,0.4712925
1,0,1,0.5313849
1,1,1,0.602146
1,0,0,0.25529927
1,0,0,0.3062242
1,1,1,0.54533637
1,1,1,0.78964657
1,0,1,0.6939329
1,0,0,0.38178524
1,1,1,0.69893456
1,1,1,0.9553401
1,1,0,0.49717534
1,1,1,0.8960982
1,1,0,0.48258317
1,1,1,0.79414654
1,1,0,0.4940393
1,0,0,0.2211512
1,1,1,0.5002376
1,0,1,0.70583063
1,0,0,0.39310032
1,1,1,0.6794736
1,1,1,0.5970879
1,0,0,0.4217819
1,0,0,0.36620054
1,0,0,0.26318142
1,0,0,0.3790355
1,0,1,0.5699912
1,0,1,0.56748015
1,0,0,0.2966755
1,1,0,0.384824
1,1,1,0.53318715
1,0,0,0.19504862
1,1,1,0.8217374
1,1,0,0.3709746
1,0,0,0.20599867
1,0,0,0.39316943
1,1,1,0.77132535
1,0,0,0.12142165
1,1,0,0.34137875
1,0,1,0.7655787
1,0,0,0.46278936
1,0,0,0.4233804
1,1,1,0.854472
1,0,0,0.41331968
1,0,0,0.3101098
1,0,0,0.40161684
1,0,0,0.1640241
1,0,0,0.41590595
1,1,0,0.41154
1,0,0,0.36425132
1,1,0,0.475433
1,1,1,0.7234506
1,1,1,0.8160323
1,0,0,0.19370735
1,0,1,0.5257868
1,0,1,0.7645084
1,1,1,0.6817198
1,0,1,0.6190996
1,1,1,0.5136074
1,1,1,0.70393735
1,1,1,0.54163194
1,1,1,0.7414238
1,1,0,0.49841803
1,0,0,0.4904002
1,0,1,0.6761049
1,0,0,0.21889892
1,1,1,0.5733809
1,1,1,0.89809644
1,0,0,0.4851999
1,1,1,0.69657946
1,1,1,0.70374495
1,0,0,0.48131287
1,1,1,0.79821336
1,0,0,0.43116763
1,1,1,0.6727927
1,0,1,0.69522023
1,1,1,0.7123184
1,1,1,0.6780251
1,1,1,0.60478956
1,1,1,0.61217433
1,0,0,0.4945073
1,1,0,0.49798855
1,0,1,0.698317
1,0,1,0.5345407
1,0,1,0.76213986
1,1,1,0.7010032
1,0,0,0.41905347
1,0,0,0.28037855
1,0,1,0.52371156
1,1,1,0.5892249
1,1,1,0.61495787
1,1,0,0.20834565
1,1,1,0.7639798
1,0,0,0.09790226
1,0,0,0.31730855
1,0,0,0.36619914
1,1,1,0.64098895
1,1,1,0.57109565
1,0,0,0.47323027
1,0,1,0.5435863
1,1,0,0.47907716
1,1,1,0.5542887
1,0,1,0.5079662
1,0,0,0.39629042
1,1,0,0.2773188
1,0,0,0.45573753
1,1,0,0.32815552
1,0,0,0.33273065
1,0,0,0.42910972
1,1,1,0.57323223
1,0,0,0.10003365
1,0,1,0.532538
1,0,0,0.3263542
1,1,1,0.9323142
1,1,0,0.33944103
1,0,1,0.7966244
1,1,1,0.6644539
1,0,0,0.33035928
1,0,1,0.6574358
1,0,0,0.24912089
1,0,1,0.63370043
1,1,1,0.65643734
1,1,1,0.79605055
1,0,1,0.5253193
1,0,1,0.50878596
1,1,0,0.22537303
1,0,0,0.396233
1,0,0,0.37879238
1,0,0,0.34771582
1,1,1,0.8773806
1,0,0,0.2645673
1,0,0,0.41747957
1,1,0,0.41491497
1,1,1,0.61330366
1,1,1,0.93708146
1,0,1,0.55365443
1,0,1,0.5067859
1,0,1,0.5239387
1,1,1,0.6001888
1,0,0,0.39345154
1,1,1,0.57043415
1,1,1,0.55648303
1,0,0,0.4564343
1,1,0,0.49505365
1,1,1,0.8017821
1,1,1,0.652163
1,0,0,0.31086203
1,0,0,0.25557202
1,0,1,0.51071465
1,1,1,0.55325365
1,0,1,0.74505454
1,1,1,0.6935468
1,1,1,0.573207
1,0,1,0.5215799
1,0,1,0.6470735
1,1,1,0.52964765
1,0,1,0.53435004
1,0,0,0.4971531
1,1,1,0.91967404
1,0,1,0.69751453
1,0,0,0.25404763
1,0,1,0.57886624
1,0,0,0.42944854
1,1,1,0.84492856
1,1,1,0.7642803
1,1,1,0.50107443
1,1,1,0.8846749
1,1,1,0.58795935
1,0,0,0.37922746
1,1,1,0.79044694
1,1,1,0.7609259
1,0,0,0.30141407
1,0,1,0.7878769
1,0,1,0.5485965
1,0,0,0.4928494
1,0,0,0.36627308
1,0,0,0.05880196
1,1,1,0.5626376
1,1,1,0.746759
1,1,1,0.8287949
1,1,1,0.6795828
1,0,0,0.399864
1,1,1,0.6586402
1,0,1,0.52279824
1,0,0,0.465295
1,0,1,0.5739941
1,1,1,0.54529786
1,1,1,0.69831455
1,0,0,0.35936683
1,1,1,0.82582545
1,1,1,0.63462186
1,0,1,0.7856857
1,0,1,0.5525408
1,0,0,0.2626483
1,0,1,0.6271521
1,0,1,0.6738433
1,1,1,0.9208198
1,1,1,0.6190941
1,1,1,0.6629625
1,1,1,0.76207757
1,0,1,0.6505948
1,0,1,0.5861517
1,0,0,0.39018014
1,0,1,0.59530985
1,0,1,0.541364
1,0,1,0.5315339
1,1,0,0.4287235
1,0,0,0.3788353
1,0,1,0.76970655
1,1,1,0.5274384
1,1,1,0.54695004
1,1,1,0.5356691
1,0,1,0.521683
1,1,1,0.68273705
1,1,1,0.68760836
1,0,1,0.59022945
1,0,0,0.17047985
1,0,0,0.2843763
1,0,1,0.5926213
1,1,1,0.73632854
1,1,1,0.72490376
1,0,0,0.17438404
1,1,1,0.70440876
1,1,1,0.5348427
1,0,0,0.2792723
1,1,1,0.6109603
1,1,1,0.5939982
1,1,1,0.58868253
1,0,0,0.45768216
1,0,1,0.65164596
1,0,0,0.23084302
1,1,1,0.75389516
1,1,0,0.47664243
1,0,1,0.65041757
1,0,1,0.7927596
1,0,1,0.8301451
1,0,0,0.3860748
1,1,1,0.8932717
1,0,0,0.38041452
1,1,1,0.78421426
1,1,1,0.6316139
1,0,0,0.36225253
1,1,1,0.6385838
1,0,0,0.42415515
1,0,0,0.38741404
1,0,0,0.26789644
1,0,1,0.8815431
1,0,1,0.6275921
1,1,1,0.71107966
1,1,1,0.62964225
1,1,1,0.57406926
1,0,1,0.5690061
1,1,1,0.7161282
1,0,0,0.47162426
1,0,0,0.45177668
1,0,0,0.25991434
1,1,1,0.9477458
1,0,0,0.39167428
1,1,0,0.32671428
1,0,1,0.57464546
1,0,1,0.5222499
1,1,1,0.67038596
1,0,0,0.4016341
1,1,1,0.5869897
1,0,0,0.37804112
1,0,1,0.6931405
1,1,1,0.65885586
1,1,1,0.88628894
1,0,0,0.44422874
1,1,1,0.5317463
1,1,1,0.70217866
1,0,0,0.47904894
1,1,0,0.3864515
1,0,1,0.5858255
1,0,0,0.424739
1,0,1,0.6221655
1,1,1,0.5843025
1,0,1,0.6032496
1,1,1,0.83939505
1,0,0,0.22055867
1,1,1,0.83513254
1,0,1,0.6242475
1,1,0,0.38233835
1,0,0,0.39360133
1,1,0,0.4434137
1,1,1,0.59450984
1,0,0,0.31456748
1,0,1,0.5539658
1,0,1,0.53361154
1,0,0,0.45959815
1,0,1,0.57332844
1,0,0,0.34383482
1,1,1,0.6200332
1,0,0,0.4915682
1,1,1,0.6755165
1,1,1,0.9472043
1,0,1,0.5374935
1,1,1,0.57805693
1,1,1,0.58704376
1,0,1,0.5474815
1,1,1,0.6667153
1,0,0,0.41001183
1,0,0,0.28145176
1,0,0,0.3975575
1,0,0,0.3162306
1,1,1,0.729349
1,0,1,0.57830936
1,1,1,0.7888007
1,1,1,0.5230475
1,1,1,0.6588344
1,0,1,0.6756063
1,1,1,0.5824087
1,1,1,0.51662207
1,0,1,0.59781057
1,1,1,0.91684234
1,0,1,0.50941676
1,1,0,0.38659018
1,0,1,0.56836736
1,0,0,0.43245938
1,0,0,0.33690274
1,1,1,0.6198276
1,1,1,0.5724998
1,1,1,0.8009935
1,1,1,0.64789826
1,1,1,0.61698425
1,0,1,0.564422
1,0,1,0.68707985
1,1,1,0.8373998
1,0,0,0.48510206
1,0,0,0.46296254
1,0,1,0.7117374
1,1,1,0.6595614
1,0,0,0.34443668
1,1,1,0.75235564
1,0,0,0.19496079
1,0,0,0.4700274
1,0,1,0.6203326
1,0,1,0.55866486
1,1,1,0.6686704
1,1,1,0.78994393
1,1,1,0.63230515
1,1,1,0.6456079
1,1,1,0.7093216
1,0,1,0.6261489
1,1,1,0.53696984
1,0,1,0.8773889
1,0,1,0.5543856
1,0,1,0.5078132
1,0,1,0.71274865
1,1,1,0.79976875
1,1,0,0.47956598
1,1,0,0.42236868
1,0,0,0.40515172
1,0,0,0.4748289
1,1,0,0.4061098
1,1,1,0.67843753
1,0,0,0.3916155
1,0,1,0.8559573
1,0,1,0.5595815
1,1,1,0.74024206
1,0,0,0.47339004
1,0,0,0.24809246
1,0,0,0.1562825
1,1,1,0.7714889
1,1,0,0.4627783
1,0,0,0.36193335
1,0,0,0.3567291
1,1,1,0.6304287
1,0,0,0.47370303
1,0,1,0.52173114
1,1,1,0.8021407
1,1,1,0.7918236
1,0,1,0.6083667
1,0,0,0.49351907
1,0,0,0.3012913
1,0,1,0.7138394
1,1,1,0.59439105
1,0,1,0.8421815
1,0,0,0.42471367
1,1,1,0.6093618
1,0,0,0.34530422
1,0,1,0.53458
1,1,1,0.79091376
1,1,1,0.6315507
1,1,1,0.67921144
1,1,1,0.8212312
1,1,1,0.57773346
1,1,1,0.6241249
1,0,1,0.5476299
1,1,1,0.85157317
1,0,1,0.59875965
1,1,0,0.4890919
1,1,1,0.75190717
1,0,1,0.5736166
1,0,1,0.6103641
1,0,0,0.33360466
1,1,1,0.53450793
1,0,1,0.79249
1,1,1,0.7946828
1,1,1,0.68938947
1,0,0,0.09948423
1,1,1,0.6900086
1,0,0,0.46291375
1,0,0,0.3477031
1,0,1,0.6765032
1,0,1,0.78582823
1,1,0,0.49305376
1,0,1,0.8120844
1,1,1,0.9048023
1,1,1,0.7945181
1,1,0,0.29901615
1,0,1,0.5595361
1,0,0,0.31338927
1,0,0,0.17097513
1,0,0,0.44764984
1,1,0,0.40102193
1,0,1,0.6888674
1,1,1,0.7389736
1,0,0,0.17201796
1,0,0,0.46121633
1,1,1,0.67776483
1,0,1,0.58300614
1,0,0,0.40202594
1,0,1,0.54795504
1,0,0,0.2755227
1,1,1,0.5994666
1,0,1,0.61920446
1,1,0,0.44618618
1,1,1,0.66833395
1,1,1,0.6446649
1,1,1,0.7626398
1,1,1,0.7570292
1,0,1,0.83894444
1,1,0,0.43976134
1,1,1,0.7003613
1,0,1,0.5835571
1,0,1,0.53088975
1,1,1,0.64637715
1,0,0,0.18402709
1,1,1,0.85015357
1,1,1,0.79491705
1,0,0,0.49007037
1,0,1,0.58292466
1,0,0,0.49145302
1,1,1,0.69969815
1,0,1,0.52070713
1,0,1,0.63106185
1,1,1,0.86094296
1,0,0,0.40224293
1,0,0,0.35556373
1,0,0,0.45271268
1,1,1,0.8062388
1,0,1,0.593922
1,1,0,0.3536406
1,1,0,0.40462556
1,0,0,0.460094
1,0,0,0.39378864
1,1,1,0.8471238
1,0,1,0.5015653
1,1,1,0.6172209
1,0,0,0.4846984
1,0,0,0.46986702
1,1,1,0.58641434
1,0,1,0.6209944
1,1,0,0.42749667
1,1,1,0.89185953
1,1,1,0.6604463
1,0,1,0.5544996
1,1,0,0.3478466
1,1,0,0.4431262
1,1,1,0.6404823
1,1,1,0.51253223
1,0,0,0.18985228
1,0,1,0.53639185
1,0,1,0.5540173
1,1,1,0.654107
1,0,1,0.51299417
1,1,1,0.6843678
1,0,0,0.45470303
1,1,1,0.56021553
1,0,0,0.30453455
1,1,1,0.5255825
1,1,1,0.6785132
1,1,0,0.33694842
1,0,0,0.2306104
1,1,0,0.47980252
1,0,0,0.21744482
1,0,0,0.481462
1,1,1,0.86070734
1,0,1,0.5433989
1,1,0,0.38177526
1,0,0,0.40397963
1,0,0,0.36962932
1,1,1,0.67928684
1,0,1,0.54052484
1,1,1,0.5518376
1,0,1,0.83004606
1,1,1,0.7469568
1,1,1,0.5704791
1,0,1,0.67915756
1,1,1,0.7939947
1,1,1,0.830495
1,1,1,0.6051688
1,0,0,0.4047134
1,1,1,0.5969672
1,1,1,0.6908333
1,1,1,0.5142668
1,0,0,0.49608782
1,0,1,0.832062
1,0,1,0.6236053
1,0,0,0.22670527
1,1,1,0.8253206
1,1,0,0.15794964
1,1,1,0.65646535
1,0,0,0.07645328
1,0,1,0.5534925
1,0,1,0.60347164
1,1,1,0.71802825
1,0,1,0.58132815
1,0,0,0.1420948
1,0,1,0.8620232
1,0,1,0.5985001
1,0,1,0.8590815
1,0,0,0.44183812
1,0,0,0.45219848
1,1,0,0.381974
1,1,1,0.59179527
1,0,0,0.15596622
1,0,0,0.49134052
1,1,1,0.8530707
1,0,0,0.3895215
1,1,0,0.47393036
1,1,0,0.47588786
1,1,1,0.53775567
1,1,1,0.64067113
1,0,0,0.49356622
1,1,1,0.81649446
1,0,0,0.43696332
1,0,1,0.5017218
1,1,1,0.54864407
1,1,0,0.27231675
1,0,1,0.56981146
1,0,1,0.5983345
1,0,0,0.3266254
1,0,0,0.36718413
1,1,1,0.5385879
1,1,0,0.49070218
1,1,1,0.91365236
1,1,1,0.78626853
1,0,0,0.42199573
1,1,1,0.8479819
1,1,1,0.6350308
1,0,1,0.81135404
1,1,1,0.55581385
1,0,0,0.46437117
1,1,1,0.75344926
1,0,0,0.45033085
1,0,1,0.7310676
1,0,0,0.49723375
1,0,0,0.27700216
1,1,1,0.628393
1,0,0,0.482207
1,1,1,0.7947455
1,1,1,0.6004376
1,1,1,0.6457917
1,0,1,0.53448945
1,1,1,0.8992741
1,1,1,0.595404
1,0,0,0.076558664
1,0,1,0.63358897
1,1,1,0.6872839
1,1,1,0.6724528
1,1,1,0.8330257
1,0,0,0.1813274
1,0,0,0.44821343
1,0,1,0.7983523
1,0,0,0.118660286
1,1,0,0.37686756
1,0,0,0.29811382
1,1,0,0.273976
1,1,1,0.9048204
1,1,1,0.7102575
1,1,1,0.8491396
1,0,0,0.41463077
1,0,0,0.49455136
1,0,1,0.7869974
1,0,0,0.26519912
1,1,1,0.80767274
1,1,1,0.7195775
1,1,1,0.70151716
1,1,1,0.8014227
1,0,0,0.39706895
1,0,1,0.5299146
1,1,1,0.5984549
1,1,1,0.6374719
1,0,0,0.33467513
1,1,1,0.55881864
1,1,0,0.44949222
1,0,0,0.34274402
1,1,1,0.68003684
1,0,0,0.32063192
1,0,1,0.7815655
1,0,0,0.42046598
1,0,1,0.692418
1,0,0,0.11469117
1,0,0,0.30519015
1,1,1,0.63811445
1,1,1,0.7952866
1,0,1,0.6194239
1,0,0,0.4188317
1,0,1,0.8278464
1,1,0,0.4729783
1,0,0,0.2790035
1,1,1,0.71929675
1,0,0,0.05189691
1,1,1,0.6190985
1,0,1,0.77649355
1,0,1,0.5532566
1,1,1,0.60781384
1,0,0,0.023905357
1,0,1,0.6876541
1,1,1,0.8274292
1,0,1,0.8150379
1,1,1,0.527391
1,1,1,0.8014283
1,0,1,0.5153769
1,1,1,0.90917003
1,1,0,0.40466392
1,0,0,0.35918075
1,1,1,0.60645413
1,0,0,0.45372146
1,1,1,0.7314448
1,1,1,0.5553598
1,0,0,0.4919643
1,0,0,0.4005832
1,0,0,0.42036438
1,1,1,0.80939984
1,1,1,0.678312
1,0,0,0.16665666
1,1,1,0.7352431
1,0,1,0.6583768
1,1,1,0.7985813
1,0,0,0.48850045
1,0,1,0.6918715
1,0,0,0.061328214
1,1,1,0.8369799
1,0,1,0.5891211
1,0,0,0.26988783
1,0,0,0.46637544
1,0,1,0.76970655
1,1,1,0.5274384
1,1,1,0.54695004
1,1,1,0.5356691
1,0,1,0.521683
1,1,1,0.68273705
1,1,1,0.68760836
1,0,1,0.59022945
1,0,0,0.17047985
1,0,0,0.2843763
1,0,1,0.5926213
1,1,1,0.8257436
1,1,1,0.5304601
1,1,0,0.42771348
1,0,0,0.47369775
1,0,1,0.7080985
1,1,1,0.7403532
1,1,1,0.64555997
1,0,1,0.66186225
1,1,1,0.51313573
1,1,0,0.47091332
1,0,0,0.4411668
1,0,1,0.5217239
1,1,0,0.45532143
1,0,0,0.2271849
1,0,1,0.58983654
1,0,0,0.30850765
1,0,0,0.23165381
1,0,1,0.66177267
1,1,0,0.45947522
1,0,0,0.12827355
1,1,0,0.26330662
1,1,0,0.44185606
1,0,0,0.48614365
1,1,0,0.3391516
1,0,1,0.6678471
1,0,0,0.3727358
1,0,0,0.30889285
1,0,0,0.14045234
1,1,0,0.38746873
1,1,0,0.18957801
1,0,0,0.43751344
1,0,0,0.303152
1,1,1,0.5121708
1,0,0,0.24489315
1,0,0,0.397567
1,0,0,0.34213945
1,1,1,0.64279574
1,0,1,0.5030887
1,0,0,0.36273924
1,0,0,0.37464228
1,1,1,0.7324442
1,1,1,0.6860009
1,1,1,0.88412005
1,1,1,0.6163918
1,1,0,0.29271105
1,0,1,0.7026336
1,1,1,0.65952003
1,0,1,0.6754207
1,1,1,0.6782399
1,1,1,0.59287137
1,0,1,0.7852423
1,1,0,0.42217645
1,1,1,0.695958
1,1,1,0.93493605
1,1,1,0.6188864
1,0,0,0.313122
1,0,0,0.4758965
1,0,1,0.66121066
1,0,0,0.16069104
1,0,0,0.35882902
1,0,0,0.20744781
1,0,0,0.26443392
1,0,0,0.3278147
1,1,1,0.6840921
1,0,0,0.24311341
1,1,1,0.70533097
1,1,0,0.28879863
1,1,1,0.7881651
1,1,1,0.6524491
1,0,1,0.59839433
1,0,0,0.47629845
1,0,0,0.3350552
1,1,1,0.500581
1,1,1,0.64258873
1,0,0,0.24068055
1,1,1,0.67135006
1,0,0,0.25682974
1,0,1,0.76988196
1,1,1,0.7720778
1,0,1,0.59735566
1,1,0,0.30368143
1,0,0,0.26352656
1,0,0,0.2828134
1,1,1,0.9097244
1,0,1,0.71513075
1,1,1,0.8680554
1,0,1,0.5326242
1,1,1,0.8990652
1,0,1,0.6429861
1,0,0,0.48871344
1,0,1,0.6441504
1,1,1,0.66858065
1,0,0,0.19793218
1,1,1,0.7124426
1,1,1,0.7980592
1,1,1,0.57050675
1,1,1,0.6134775
1,0,1,0.7084597
1,1,1,0.54414916
1,1,0,0.4079603
1,0,1,0.5022723
1,1,1,0.53958005
1,1,1,0.63190466
1,0,0,0.475037
1,0,0,0.34467226
1,1,1,0.8093516
1,0,1,0.7148235
1,1,1,0.8610536
1,1,1,0.8049916
1,0,1,0.6356143
1,1,1,0.7588887
1,1,1,0.89518005
1,1,1,0.6278993
1,1,0,0.38565326
1,0,1,0.6826032
1,1,1,0.7613154
1,0,0,0.36034855
1,0,0,0.19286871
1,0,0,0.39576814
1,1,1,0.5445108
1,0,0,0.37312832
1,1,1,0.7513826
1,1,1,0.7315292
1,1,1,0.89984673
1,1,1,0.628063
1,1,1,0.512407
1,0,0,0.24230085
1,1,1,0.6097113
1,1,1,0.5024381
1,0,1,0.50671655
1,0,0,0.18982929
1,1,1,0.7391759
1,1,1,0.6901198
1,0,0,0.307379
1,1,1,0.76004255
1,0,1,0.5872615
1,1,1,0.64200526
1,0,0,0.46042895
1,1,1,0.6936067
1,0,0,0.48779598
1,0,0,0.2725525
1,1,1,0.8116077
1,1,1,0.60038793
1,0,0,0.07901726
1,0,0,0.43643475
1,0,0,0.19550672
1,0,0,0.24384706
1,0,0,0.13619837
1,1,0,0.49173936
1,1,1,0.68830305
1,1,0,0.36423898
1,0,1,0.5071653
1,0,1,0.5905422
1,0,1,0.5129254
1,0,0,0.421176
1,1,1,0.5859426
1,1,1,0.6978365
1,1,1,0.6421037
1,1,1,0.5396179
1,1,1,0.6204125
1,1,1,0.7502064
1,1,1,0.58367676
1,1,1,0.5078922
1,0,1,0.5128513
1,1,1,0.69855094
1,0,0,0.4901005
1,0,1,0.8131689
1,1,1,0.7537065
1,1,0,0.3322111
1,1,1,0.60219306
1,0,1,0.66789824
1,0,0,0.45333636
1,0,0,0.2770157
1,0,0,0.33699107
1,0,0,0.4235008
1,1,1,0.71258503
1,0,0,0.21035187
1,1,1,0.89081216
1,1,1,0.62597215
1,1,1,0.7860988
1,1,1,0.6323256
1,1,1,0.8556083
1,1,1,0.87895244
1,0,0,0.45221862
1,1,1,0.91229814
1,1,1,0.7519366
1,1,1,0.608984
1,0,1,0.65609
1,0,0,0.2449402
1,0,0,0.19732384
1,1,1,0.8863738
1,1,1,0.6036477
1,1,0,0.48667318
1,0,0,0.48878157
1,0,0,0.10188464
1,1,1,0.57162726
1,1,1,0.50320256
1,0,1,0.5213571
1,1,1,0.6743462
1,0,0,0.17221382
1,0,0,0.39691994
1,1,1,0.6368919
1,0,0,0.41685125
1,0,1,0.56399703
1,0,1,0.50517756
1,1,0,0.46657306
1,0,0,0.19086048
1,0,0,0.19499373
1,0,1,0.7620327
1,1,1,0.75479805
1,1,1,0.7059649
1,0,1,0.50035375
1,0,1,0.63363147
1,0,1,0.6779223
1,1,1,0.8654832
1,1,1,0.6584255
1,0,1,0.60514563
1,0,1,0.7990858
1,0,1,0.5255849
1,1,1,0.72938037
1,0,1,0.59993327
1,0,1,0.6036174
1,1,0,0.27325574
1,0,1,0.58961487
1,0,1,0.5388225
1,1,0,0.43032143
1,0,1,0.6191032
1,1,0,0.18189605
1,1,1,0.6995554
1,0,0,0.1385085
1,0,0,0.40936148
1,1,1,0.66313756
1,0,1,0.57707256
1,1,1,0.88548577
1,1,1,0.76285714
1,0,0,0.30425277
1,1,0,0.47175282
1,1,1,0.75607973
1,0,0,0.415162
1,0,0,0.4370593
1,0,1,0.56154776
1,0,0,0.061566934
1,0,1,0.5291828
1,1,1,0.71268517
1,0,0,0.268301
1,1,1,0.88394064
1,1,1,0.57367617
1,1,1,0.6978634
1,1,1,0.7539617
1,0,1,0.5762222
1,1,0,0.4829681
1,1,1,0.89631295
1,1,1,0.71421194
1,1,1,0.6407653
1,0,0,0.3996949
1,0,1,0.7107407
1,0,1,0.77476394
1,0,1,0.6979954
1,1,1,0.73282915
1,1,1,0.89468724
1,0,1,0.7184461
1,1,1,0.6650927
1,1,1,0.51317966
1,0,0,0.44870856
1,1,1,0.5601292
1,0,0,0.2632204
1,0,1,0.52473307
1,1,0,0.43676826
1,1,1,0.9042091
1,1,1,0.50022525
1,1,1,0.52521783
1,1,0,0.4267573
1,1,1,0.63259757
1,0,1,0.5660659
1,0,1,0.5032435
1,0,1,0.65145147
1,0,1,0.54899293
1,1,0,0.4160322
1,0,0,0.204526
1,1,1,0.74678564
1,1,0,0.38793093
1,1,1,0.88467616
1,0,0,0.32693812
1,0,0,0.39639926
1,0,1,0.62507886
1,0,0,0.3034928
1,1,0,0.41701344
1,1,1,0.6176595
1,1,1,0.5866006
1,0,0,0.40583393
1,1,1,0.7953319
1,0,0,0.42293003
1,1,1,0.74762374
1,1,1,0.79476434
1,1,1,0.6366176
1,1,1,0.66864204
1,0,1,0.65974396
1,0,0,0.32829353
1,0,1,0.5253789
1,1,1,0.606611
1,0,0,0.13780026
1,0,1,0.51103514
1,0,0,0.3948342
1,0,0,0.18421145
1,1,1,0.68533254
1,1,0,0.37412035
1,0,0,0.2600591
1,0,0,0.44663385
1,0,1,0.5145419
1,0,0,0.23008908
1,1,1,0.6238761
1,1,1,0.51578766
1,1,1,0.87027085
1,0,1,0.5953804
1,1,1,0.8320479
1,0,0,0.27954194
1,1,1,0.6687018
1,0,0,0.4555809
1,1,1,0.7366725
1,0,1,0.5842128
1,0,0,0.4504499
1,0,0,0.09049219
1,1,1,0.75283957
1,0,0,0.36431432
1,1,0,0.4194381
1,0,1,0.59335095
1,0,0,0.32894796
1,1,1,0.84003633
1,0,1,0.6239414
1,1,1,0.9405571
1,1,1,0.5301026
1,0,1,0.50388914
1,0,0,0.27771327
1,1,0,0.49845582
1,0,0,0.46175206
1,0,1,0.71217704
1,1,1,0.6733339
1,1,1,0.7361466
1,1,1,0.7101525
1,0,1,0.6153346
1,0,1,0.6254901
1,0,1,0.65453404
1,1,1,0.92737454
1,0,1,0.755805
1,1,1,0.678807
1,0,1,0.78105855
1,1,1,0.67787373
1,0,1,0.6149454
1,1,1,0.8439154
1,0,1,0.66318315
1,1,1,0.63438773
1,0,1,0.5346456
1,1,1,0.8227736
1,1,1,0.70147276
1,0,1,0.5859749
1,0,1,0.89822686
1,1,1,0.8040434
1,0,1,0.5886626
1,0,1,0.78149945
1,1,1,0.85958767
1,0,1,0.7721979
1,0,1,0.7111737
1,1,1,0.74383146
1,1,1,0.86399806
1,0,0,0.41630316
1,1,0,0.3840532
1,1,0,0.3885208
1,0,0,0.45797038
1,0,1,0.698619
1,1,0,0.44303456
1,0,0,0.20281613
1,0,0,0.33650225
1,1,0,0.45582825
1,0,0,0.3574372
1,1,1,0.70055515
1,1,0,0.41838312
1,1,1,0.89835536
1,0,0,0.40707663
1,0,1,0.5334896
1,0,0,0.35424978
1,1,1,0.9137545
1,1,0,0.36976552
1,0,1,0.5389608
1,1,1,0.64607966
1,1,1,0.7101252
1,1,1,0.5943796
1,0,0,0.4899762
1,0,0,0.3795654
1,0,0,0.33063218
1,1,1,0.6123141
1,0,0,0.3476284
1,0,1,0.59142584
1,1,1,0.68926656
1,0,0,0.441413
1,1,1,0.80389667
1,1,1,0.95016634
1,1,1,0.6228377
1,0,1,0.74229306
1,1,1,0.7378995
1,0,0,0.28487536
1,1,1,0.8885957
1,0,1,0.86526865
1,0,1,0.51012594
1,0,1,0.6720514
1,0,1,0.58794814
1,1,1,0.7609591
1,0,0,0.30653298
1,0,1,0.6111527
1,1,1,0.74395156
1,0,1,0.8546206
1,1,1,0.77549964
1,1,0,0.25811982
1,0,1,0.5576661
1,0,0,0.12286704
1,1,1,0.90957487
1,1,0,0.46943247
1,1,0,0.2820606
1,1,1,0.55518734
1,1,1,0.51246446
1,1,1,0.77817345
1,1,1,0.5254651
1,1,0,0.41858885
1,0,1,0.55478203
1,1,1,0.81566364
1,0,0,0.363195
1,0,0,0.086109646
1,0,0,0.14058004
1,0,0,0.3273224
1,0,0,0.3828231
1,1,1,0.8466173
1,0,0,0.3024087
1,0,0,0.46559945
1,1,1,0.55704653
1,0,0,0.39106575
1,1,1,0.6271937
1,0,0,0.32105365
1,0,0,0.408463
1,0,0,0.30033174
1,0,0,0.29721737
1,0,0,0.10475711
1,0,1,0.7523941
1,1,1,0.5563339
1,1,1,0.71514916
1,0,0,0.25673476
1,0,0,0.13794477
1,0,0,0.35300228
1,1,1,0.54021263
1,0,1,0.55480015
1,0,1,0.73957604
1,0,1,0.6833521
1,0,1,0.5872606
1,0,0,0.25778922
1,0,1,0.56802243
1,0,1,0.65531015
1,0,0,0.3369893
1,1,1,0.5868092
1,0,0,0.41319144
1,0,1,0.5959203
1,0,0,0.2546342
1,0,0,0.28104186
1,1,0,0.1950228
1,0,0,0.13492316
1,0,0,0.09046248
1,0,0,0.055386495
1,1,1,0.6860791
1,0,1,0.5496226
1,0,0,0.47685826
1,0,0,0.47789755
1,0,0,0.4760914
1,1,1,0.7118065
1,0,0,0.14266935
1,0,0,0.32375243
1,0,0,0.35288113
1,0,0,0.2370612
1,0,1,0.60909295
1,0,1,0.53206927
1,1,1,0.51785445
1,0,0,0.2601909
1,0,0,0.22523811
1,1,1,0.80195314
1,0,0,0.33442366
1,0,0,0.33027694
1,1,1,0.5836247
1,0,0,0.18979678
1,1,0,0.4559489
1,0,1,0.7243325
1,1,1,0.5449533
1,1,1,0.5814399
1,0,1,0.5817207
1,0,0,0.45859766
1,1,1,0.69560474
1,1,1,0.62075704
1,1,1,0.6433836
1,0,1,0.61121595
1,0,1,0.7719885
1,0,1,0.5484268
1,1,1,0.57398665
1,0,1,0.70267594
1,1,1,0.5962091
1,0,0,0.36905068
1,0,1,0.57597315
1,0,1,0.52860564
1,0,0,0.39231014
1,1,1,0.78246385
1,0,1,0.6950295
1,0,0,0.22006479
1,0,0,0.3711856
1,0,1,0.6980591
1,0,0,0.28693995
1,1,0,0.4573501
1,0,0,0.39983222
1,1,0,0.10070779
1,0,0,0.15929295
1,0,0,0.3178733
1,0,1,0.5470259
1,0,1,0.73179483
1,0,0,0.25760195
1,1,1,0.51929927
1,0,0,0.3664004
1,0,0,0.409107
1,1,1,0.7695404
1,0,1,0.6286564
1,0,1,0.65419316
1,1,0,0.42748
1,0,1,0.65383303
1,1,1,0.7045459
1,0,0,0.13817778
1,1,1,0.800437
1,1,1,0.5044575
1,1,1,0.5053133
1,0,1,0.5339865
1,0,0,0.122026145
1,0,0,0.08322801
1,0,0,0.38243294
1,1,1,0.8133985
1,0,1,0.74597853
1,1,0,0.34657672
1,1,0,0.37171263
1,0,0,0.39024293
1,0,0,0.2581403
1,0,1,0.64014274
1,1,1,0.5663762
1,0,0,0.09910212
1,0,0,0.30247936
1,1,1,0.6657934
1,0,0,0.2435461
1,0,0,0.031211196
1,0,0,0.07408258
1,1,1,0.80356395
1,1,1,0.6391984
1,0,1,0.5518099
1,1,1,0.8110264
1,1,0,0.3440824
1,0,0,0.46427125
1,1,1,0.622368
1,1,1,0.50790983
1,1,0,0.499387
1,0,1,0.52791923
1,0,0,0.2197365
1,0,0,0.18949743
1,0,0,0.4287387
1,0,1,0.53169566
1,1,1,0.72049725
1,0,0,0.48800296
1,1,1,0.64107084
1,1,1,0.7678563
1,0,1,0.6995131
1,0,0,0.26713526
1,0,0,0.3992354
1,0,0,0.14803058
1,1,0,0.30001372
1,1,0,0.35261488
1,0,0,0.13101313
1,0,1,0.71693164
1,0,1,0.5063196
1,1,1,0.5372847
1,0,1,0.5898316
1,1,1,0.7186775
1,0,0,0.23567867
1,1,0,0.21064438
1,0,0,0.3551013
1,1,0,0.39738443
1,1,1,0.64725715
1,0,0,0.29382277
1,1,1,0.57725126
1,0,1,0.5650592
1,1,1,0.59532243
1,1,1,0.61496973
1,0,1,0.62069386
1,0,0,0.17062046
1,1,1,0.61521375
1,0,1,0.5152927
1,0,1,0.6740772
1,1,1,0.5345758
1,1,1,0.50017875
1,0,0,0.350305
1,1,0,0.19830072
1,0,1,0.8536906
1,0,0,0.12058985
1,0,1,0.51076835
1,0,0,0.4611327
1,0,1,0.56927073
1,1,0,0.42315724
1,1,1,0.55184233
1,0,0,0.11509104
1,1,1,0.5585849
1,1,0,0.45693275
1,0,1,0.5662952
1,0,0,0.457262
1,1,1,0.60462403
1,0,0,0.18067122
1,1,1,0.88913393
1,1,1,0.7417307
1,1,1,0.76721144
1,1,1,0.8320714
1,0,0,0.4195088
1,1,1,0.692478
1,0,1,0.7211889
1,0,0,0.12829804
1,0,1,0.8757972
1,0,1,0.5021114
1,0,0,0.3717902
1,1,1,0.627452
1,0,1,0.5658152
1,0,0,0.11743314
1,1,1,0.6890458
1,1,1,0.78243715
1,0,0,0.32451236
1,0,1,0.7127259
1,1,1,0.5869031
1,0,0,0.37150323
1,0,0,0.4580489
1,0,0,0.37603799
1,1,1,0.814375
1,0,0,0.3757388
1,0,1,0.6014737
1,1,1,0.6394334
1,1,1,0.8212717
1,0,1,0.8742005
1,0,1,0.7885121
1,1,1,0.8376054
1,0,1,0.6387531
1,1,1,0.5124718
1,0,0,0.393412
1,1,1,0.69724107
1,0,0,0.47647187
1,0,0,0.29592362
1,1,1,0.7452297
1,0,0,0.4070605
1,0,0,0.1295686
1,0,1,0.5260806
1,0,0,0.30460384
1,0,0,0.22930937
1,0,0,0.2810535
1,1,1,0.7490129
1,1,1,0.86608
1,0,1,0.6415086
1,1,1,0.55329686
1,0,0,0.37878355
1,1,1,0.771376
1,0,1,0.51958215
1,1,0,0.4828286
1,1,1,0.9221331
1,1,1,0.5988697
1,1,1,0.6443553
1,0,1,0.71612406
1,0,0,0.28503317
1,1,1,0.8777356
1,1,1,0.61271137
1,1,1,0.5802699
1,0,0,0.41095743
1,0,0,0.49903637
1,0,0,0.26112938
1,0,1,0.5074995
1,1,1,0.9528358
1,1,1,0.7485618
1,1,1,0.7167034
1,0,0,0.4952119
1,1,1,0.50651836
1,1,1,0.7721443
1,0,1,0.5749045
1,0,0,0.258633
1,0,1,0.61507916
1,0,0,0.4800305
1,1,1,0.7076008
1,1,0,0.32423422
1,0,1,0.550355
1,0,1,0.7263085
1,0,1,0.79298085
1,0,0,0.10931271
1,1,1,0.90637565
1,1,1,0.76515216
1,1,1,0.53717977
1,0,1,0.5495043
1,0,0,0.4686269
1,1,1,0.69590795
1,0,1,0.6893442
1,0,1,0.5136973
1,1,1,0.69436204
1,0,0,0.4766614
1,1,1,0.7280949
1,0,0,0.49772447
1,0,1,0.8174048
1,0,0,0.27841276
1,1,1,0.6305108
1,0,1,0.54563594
1,0,1,0.8314234
1,0,0,0.36505964
1,0,0,0.15468425
1,1,1,0.8055394
1,1,0,0.30747756
1,0,1,0.7111293
1,0,1,0.7836716
1,0,1,0.72282547
1,1,1,0.8611281
1,1,1,0.8368258
1,0,1,0.6307219
1,0,0,0.48769054
1,0,0,0.46941522
1,0,0,0.34961066
1,0,0,0.111923106
1,0,1,0.5953389
1,0,0,0.46283165
1,0,0,0.36355978
1,0,1,0.74989384
1,1,1,0.6429617
1,1,1,0.66412514
1,1,1,0.6005069
1,1,1,0.6560635
1,1,1,0.59182316
1,1,1,0.6985839
1,1,1,0.61579347
1,1,1,0.66543835
1,1,1,0.6196163
1,1,1,0.6297393
1,1,1,0.61661696
1,1,1,0.6165618
1,1,1,0.6417146
1,1,1,0.70953846
1,1,1,0.68308604
1,1,1,0.70313853
1,1,1,0.9619778
1,0,0,0.3542695
1,0,1,0.51051027
1,0,1,0.65632933
1,1,1,0.6514702
1,1,1,0.81352305
1,0,0,0.42464676
1,1,0,0.4610483
1,1,1,0.71345013
1,0,0,0.20946805
1,0,1,0.6314504
1,0,0,0.13272306
1,0,0,0.121433206
1,1,0,0.35943353
1,1,1,0.5364453
1,1,1,0.623417
1,0,1,0.6607083
1,1,0,0.11403087
1,0,0,0.10602148
1,0,0,0.27999213
1,0,0,0.06610042
1,0,0,0.4755813
1,0,0,0.3121742
1,0,1,0.6866164
1,0,0,0.0970891
1,1,1,0.6754514
1,1,1,0.7995377
1,1,1,0.77038765
1,0,1,0.78236425
1,0,1,0.7975122
1,1,1,0.7268006
1,0,0,0.47791606
1,0,0,0.4327993
1,0,0,0.17858343
1,1,1,0.7053161
1,0,1,0.789947
1,0,0,0.14402908
1,0,1,0.7272117
1,0,1,0.79169905
1,0,1,0.7981274
1,1,1,0.69607955
1,0,1,0.6839053
1,1,1,0.82080907
1,0,1,0.6743511
1,0,1,0.5920319
1,1,1,0.6379629
1,1,1,0.66771585
1,0,0,0.44555885
1,1,1,0.7993409
1,1,1,0.6030452
1,1,1,0.72151536
1,0,0,0.46157938
1,1,1,0.55046946
1,1,0,0.48680374
1,1,1,0.52619725
1,1,1,0.6083912
1,1,0,0.4926103
1,0,0,0.33255735
1,0,1,0.72906035
1,0,0,0.28020865
1,1,0,0.49964815
1,0,1,0.66083103
1,0,1,0.616405
1,1,1,0.81770664
1,0,1,0.7330913
1,0,0,0.39373428
1,1,1,0.7998204
1,0,1,0.7472428
1,0,1,0.84695905
1,1,1,0.7779541
1,0,1,0.60477686
1,1,1,0.82937425
1,1,1,0.82850194
1,0,1,0.7329816
1,1,1,0.8829779
1,0,1,0.65760547
1,1,1,0.60587835
1,0,0,0.3253873
1,1,1,0.5880922
1,0,1,0.8182906
1,1,1,0.63545054
1,0,0,0.3753836
1,0,0,0.114480294
1,0,1,0.6581495
1,1,1,0.86996084
1,0,1,0.53508
1,1,1,0.62062603
1,0,1,0.64942646
1,1,1,0.58563685
1,0,0,0.35054773
1,0,1,0.6063059
1,0,1,0.66435784
1,1,0,0.34650323
1,1,1,0.86126894
1,0,0,0.3763499
1,0,1,0.5613049
1,0,1,0.7297433
1,1,1,0.62433046
1,0,1,0.8136447
1,0,1,0.60113734
1,0,1,0.6011527
1,0,0,0.19833516
1,1,1,0.7702607
1,1,0,0.4781474
1,1,1,0.64084303
1,1,1,0.94874513
1,1,1,0.6738883
1,0,0,0.41355783
1,0,0,0.15998192
1,1,1,0.6239301
1,1,1,0.6897854
1,0,1,0.60306257
1,1,1,0.7593758
1,1,1,0.63947105
1,1,1,0.6806552
1,0,1,0.5072329
1,0,0,0.4295922
1,0,0,0.1442982
1,0,0,0.2978206
1,0,1,0.931237
1,1,1,0.7261024
1,1,1,0.91553044
1,0,0,0.26461655
1,0,1,0.64001966
1,0,1,0.667348
1,1,1,0.82107216
1,1,1,0.62259185
1,1,1,0.87245864
1,1,1,0.8857515
1,1,1,0.82055664
1,1,1,0.91764486
1,0,0,0.21997055
1,0,0,0.28395003
1,0,0,0.053754453
1,0,1,0.6760323
1,0,0,0.23339939
1,0,0,0.3534861
1,0,0,0.2593867
1,0,1,0.88548017
1,1,0,0.38633642
1,1,1,0.9425252
1,0,0,0.44509965
1,0,0,0.29574144
1,1,1,0.5261088
1,1,1,0.78138363
1,0,0,0.31234446
1,1,0,0.49582577
1,0,1,0.55017483
1,1,0,0.36321762
1,0,1,0.52242047
1,1,1,0.60611206
1,1,0,0.2820744
1,1,1,0.83918405
1,1,1,0.9510609
1,0,0,0.44490355
1,1,1,0.81559855
1,1,1,0.65906805
1,0,1,0.63591325
1,1,0,0.44758728
1,0,1,0.77254003
1,0,0,0.43869734
1,1,1,0.7744159
1,1,1,0.55760914
1,0,0,0.42077503
1,1,1,0.66058165
1,0,1,0.6392573
1,1,1,0.8482722
1,0,1,0.7279252
1,0,1,0.68052226
1,0,1,0.86909425
1,1,1,0.8325838
1,1,1,0.80898196
1,0,0,0.47328937
1,1,1,0.7638516
1,1,0,0.40393296
1,1,1,0.8419364
1,1,1,0.83232445
1,0,0,0.1548534
1,1,0,0.4692882
1,1,1,0.885734
1,0,0,0.10656856
1,0,0,0.103308134
1,1,1,0.9384591
1,1,1,0.6290771
1,1,1,0.7560053
1,0,0,0.3255841
1,0,0,0.35011783
1,1,1,0.58328927
1,1,1,0.92595553
1,1,1,0.70864797
1,0,0,0.15638292
1,1,1,0.8162231
1,0,0,0.49614778
1,0,1,0.6996232
1,0,0,0.07110768
1,0,1,0.6174442
1,1,1,0.7075351
1,1,1,0.5798399
1,0,0,0.3508775
1,1,0,0.44997892
1,1,0,0.38968635
1,1,0,0.48769912
1,1,1,0.59561944
1,1,0,0.30724528
1,0,0,0.20486513
1,0,0,0.23030685
1,1,1,0.56566083
1,0,1,0.5787023
1,0,1,0.5006934
1,0,0,0.32525015
1,1,0,0.48714986
1,0,0,0.16666268
1,1,1,0.71003866
1,0,0,0.27709225
1,0,0,0.26114586
1,0,1,0.5685574
1,0,0,0.2819833
1,0,1,0.6074467
1,1,1,0.52520126
1,1,1,0.5574892
1,0,1,0.5494791
1,1,1,0.82680786
1,1,1,0.55879855
1,0,0,0.4708908
1,1,1,0.8233222
1,0,1,0.5598743
1,0,0,0.20878386
1,1,1,0.7310352
1,1,1,0.7996031
1,1,0,0.48034927
1,0,0,0.3420748
1,1,1,0.6722276
1,1,1,0.7341352
1,0,0,0.39768162
1,0,0,0.4442617
1,0,1,0.73934287
1,0,0,0.15490931
1,1,1,0.7542081
1,0,0,0.3316266
1,0,1,0.8657881
1,0,1,0.8772093
1,1,1,0.71362394
1,1,1,0.8588282
1,0,1,0.73610497
1,0,0,0.4098541
1,1,1,0.5459541
1,1,1,0.73494667
1,1,0,0.44059363
1,0,0,0.21960531
1,1,1,0.8240934
1,0,0,0.41896552
1,0,0,0.4375983
1,0,0,0.2739401
1,0,1,0.83421695
1,0,1,0.8213894
1,1,1,0.88630646
1,1,1,0.5924002
1,0,0,0.4677973
1,0,0,0.15258124
1,1,1,0.92613333
1,1,1,0.67461425
1,0,0,0.0845677
1,0,0,0.12172087
1,1,1,0.7369567
1,1,1,0.89296466
1,0,1,0.803428
1,1,1,0.6544302
1,1,1,0.5493103
1,0,1,0.7118026
1,1,1,0.59346503
1,0,1,0.67317444
1,1,1,0.70975894
1,0,1,0.5229901
1,1,0,0.3872496
1,0,1,0.7232101
1,0,1,0.6776916
1,0,1,0.852555
1,0,0,0.40294892
1,0,0,0.1848153
1,0,0,0.20664737
1,1,1,0.5377273
1,0,0,0.4217722
1,1,1,0.7315077
1,0,1,0.5814667
1,0,1,0.50642616
1,1,1,0.7539141
1,1,1,0.50924605
1,0,1,0.5958012
1,0,1,0.5763272
1,1,1,0.7390453
1,1,1,0.7782141
1,1,1,0.81985813
1,0,1,0.6477165
1,0,0,0.24842016
1,0,1,0.63212526
1,1,1,0.86267066
1,0,0,0.47527212
1,0,1,0.5452806
1,1,1,0.9099511
1,0,0,0.39066422
1,1,1,0.95740396
1,1,1,0.9368035
1,1,1,0.5337298
1,0,1,0.65867853
1,0,1,0.72955585
1,0,1,0.6505991
1,0,1,0.66632456
1,0,1,0.58529496
1,1,0,0.4359736
1,1,1,0.7659352
1,1,0,0.39537144
1,0,1,0.5589111
1,1,0,0.20871207
1,1,1,0.5724701
1,1,1,0.7347772
1,0,0,0.1986089
1,0,0,0.4890754
1,0,0,0.12689492
1,1,1,0.76396227
1,1,0,0.41678214
1,1,1,0.72763747
1,1,0,0.44717988
1,1,1,0.5270063
1,1,0,0.32687697
1,1,1,0.914529
1,1,1,0.5119194
1,1,1,0.7975662
1,1,1,0.67810166
1,1,1,0.84437406
1,1,1,0.69280946
1,1,1,0.63433206
1,1,1,0.78650093
1,1,1,0.7509587
1,0,1,0.50949806
1,1,0,0.4287645
1,1,1,0.7969924
1,1,1,0.7853
1,0,1,0.5151024
1,1,1,0.93630874
1,1,1,0.72915506
1,1,1,0.6697638
1,1,1,0.6855264
1,1,0,0.25824952
1,1,1,0.7039688
1,0,0,0.38986793
1,0,1,0.5896384
1,1,1,0.81250775
1,0,1,0.6525387
1,1,1,0.71379316
1,0,0,0.47435936
1,1,1,0.8352734
1,0,1,0.6190561
1,1,0,0.33149245
1,0,0,0.3130803
1,0,1,0.58639395
1,1,0,0.47813955
1,0,0,0.325878
1,0,0,0.48678395
1,0,1,0.6435506
1,1,0,0.49469736
1,0,0,0.2341277
1,1,1,0.6015285
1,0,1,0.6786197
1,0,1,0.63509834
1,1,0,0.43740544
1,1,1,0.8903561
1,1,1,0.66351503
1,1,0,0.39619246
1,0,0,0.42035028
1,0,0,0.25586057
1,0,1,0.7447762
1,0,0,0.120350465
1,1,1,0.6446998
1,1,1,0.7833602
1,1,1,0.5712751
1,1,1,0.8016772
1,0,1,0.7332993
1,0,0,0.18497978
1,0,0,0.35165313
1,0,0,0.09847412
1,0,0,0.22273111
1,1,0,0.35238022
1,0,0,0.31295785
1,1,0,0.36531687
1,0,1,0.7087933
1,1,0,0.30053335
1,0,1,0.5538054
1,1,0,0.44448858
1,1,1,0.6271249
1,1,1,0.6042613
1,1,1,0.60124165
1,1,0,0.4027789
1,0,1,0.8100963
1,1,0,0.39571726
1,0,1,0.63878655
1,1,0,0.34596092
1,1,0,0.45055002
1,1,1,0.63938886
1,0,1,0.7575473
1,0,0,0.149622
1,0,1,0.5671882
1,1,1,0.9576018
1,0,0,0.4427724
1,0,1,0.87437177
1,1,1,0.7248401
1,1,1,0.7460634
1,0,1,0.6434335
1,0,0,0.35389996
1,1,1,0.69842815
1,0,0,0.48102486
1,1,1,0.73485816
1,1,1,0.8324498
1,1,0,0.39197177
1,1,1,0.84447944
1,1,1,0.5845267
1,0,0,0.36662385
1,0,1,0.5048224
1,1,1,0.798095
1,0,1,0.6962811
1,1,1,0.94397485
1,1,1,0.92771894
1,0,1,0.65021
1,1,1,0.7241019
1,0,1,0.7528405
1,0,1,0.53939575
1,0,0,0.37513614
1,0,1,0.89056486
1,0,1,0.8522087
1,1,1,0.73856837
1,1,1,0.7341937
1,0,0,0.16811253
1,0,0,0.4629832
1,0,0,0.45706895
1,1,1,0.8173912
1,0,1,0.8286068
1,1,1,0.6761457
1,1,1,0.92595285
1,1,1,0.7610022
1,0,1,0.826308
1,1,1,0.9114599
1,1,0,0.2886863
1,0,0,0.34582704
1,1,1,0.8068768
1,0,1,0.75913906
1,1,1,0.863841
1,1,1,0.7127571
1,1,1,0.66186804
1,0,0,0.098411895
1,1,0,0.34499937
1,0,0,0.12359353
1,0,1,0.71754444
1,0,1,0.76403755
1,0,0,0.13114084
1,1,1,0.7684391
1,0,0,0.49116832
1,0,1,0.61603373
1,0,0,0.34785968
1,0,0,0.43448505
1,0,1,0.5751422
1,1,1,0.79048634
1,0,1,0.61416095
1,0,1,0.50583005
1,1,1,0.7672279
1,0,1,0.5522464
1,1,1,0.6079
1,1,1,0.81826824
1,0,0,0.44749042
1,0,0,0.34028944
1,1,1,0.79327494
1,0,1,0.6438085
1,0,0,0.09817233
1,1,1,0.72477186
1,1,0,0.31211638
1,1,1,0.8706304
1,0,0,0.48429713
1,0,0,0.29011095
1,1,0,0.39887935
1,1,1,0.8795221
1,1,1,0.8439689
1,0,0,0.39837694
1,0,1,0.64620095
1,1,1,0.6229975
1,1,1,0.76429605
1,0,1,0.6544935
1,0,1,0.80005926
1,1,1,0.92040086
1,0,1,0.64563304
1,0,1,0.8456046
1,0,1,0.597322
1,0,0,0.253129
1,1,1,0.8392689
1,1,1,0.7561631
1,1,1,0.611947
1,1,1,0.94115293
1,0,0,0.10738541
1,0,0,0.1791173
1,1,1,0.80482423
1,1,1,0.78091997
1,0,0,0.32537308
1,0,1,0.6779119
1,0,0,0.29176635
1,0,0,0.34566703
1,1,1,0.8052606
1,0,1,0.60945374
1,1,1,0.7827314
1,1,1,0.76530474
1,1,1,0.6662267
1,0,1,0.7534744
1,0,0,0.36696374
1,1,1,0.84517765
1,1,1,0.6333622
1,0,1,0.59123874
1,1,1,0.59883904
1,1,0,0.40983218
1,1,1,0.86337835
1,1,1,0.74721605
1,1,1,0.82038665
1,0,1,0.68522006
1,1,1,0.76827115
1,1,1,0.8257335
1,0,1,0.62494135
1,1,1,0.88252044
1,0,0,0.42242545
1,0,0,0.41608632
1,1,1,0.9082375
1,1,1,0.74138355
1,1,1,0.8838251
1,0,0,0.40610626
1,0,1,0.58377063
1,1,1,0.8493405
1,0,0,0.36134502
1,1,1,0.863397
1,1,0,0.34953046
1,0,0,0.38993737
1,0,0,0.25799417
1,0,1,0.6214669
1,1,1,0.5446915
1,0,1,0.5568457
1,1,1,0.73555666
1,0,1,0.6642556
1,0,1,0.78077215
1,1,1,0.89624333
1,0,1,0.5272024
1,0,1,0.61656904
1,1,1,0.6519377
1,1,1,0.5985356
1,0,1,0.517254
1,0,0,0.40868175
1,0,1,0.56029314
1,0,0,0.49197182
1,0,0,0.45719758
1,0,1,0.5254923
1,1,1,0.7302895
1,0,1,0.82436013
1,0,1,0.66176826
1,0,1,0.5520169
1,1,0,0.3534594
1,1,1,0.7303104
1,1,1,0.80799854
1,1,1,0.7391943
1,1,1,0.6343733
1,1,1,0.7429613
1,0,1,0.7025944
1,1,1,0.53720725
1,1,1,0.7500242
1,1,1,0.8384863
1,1,1,0.66399735
1,1,1,0.5647479
1,0,1,0.73258215
1,1,1,0.8784283
1,1,0,0.46424362
1,1,0,0.3549326
1,1,0,0.35633305
1,1,1,0.5408688
1,0,0,0.35573703
1,1,0,0.14381558
1,0,0,0.47476053
1,0,1,0.5941056
1,0,0,0.15484215
1,0,0,0.44550914
1,0,0,0.4027486
1,0,1,0.5081495
1,0,0,0.31987292
1,0,1,0.5224029
1,1,0,0.41301918
1,0,1,0.55102503
1,0,1,0.56016845
1,0,0,0.47360274
1,1,0,0.31762213
1,0,0,0.14722371
1,0,0,0.45859435
1,1,0,0.46143016
1,1,1,0.66161156
1,1,1,0.7634252
1,0,0,0.4569654
1,0,1,0.63214564
1,0,1,0.744595
1,1,1,0.6684599
1,0,0,0.22031122
1,1,1,0.7129739
1,1,1,0.80369127
1,1,1,0.7886791
1,0,0,0.32259154
1,1,1,0.6371782
1,1,1,0.7007705
1,0,0,0.3167509
1,0,1,0.8000282
1,0,0,0.47407883
1,1,1,0.6757894
1,0,1,0.60959554
1,0,0,0.09393266
1,0,1,0.6881518
1,1,1,0.6582708
1,0,0,0.40670088
1,0,1,0.88067204
1,0,0,0.46660033
1,1,1,0.87973154
1,0,0,0.162966
1,1,1,0.81833297
1,0,0,0.33721918
1,0,1,0.79404974
1,1,1,0.843462
1,1,1,0.8115249
1,1,1,0.7417737
1,1,0,0.4124995
1,0,0,0.25016937
1,1,1,0.525444
1,1,0,0.48101726
1,1,1,0.57610035
1,0,0,0.24121217
1,0,0,0.4681601
1,0,0,0.4985914
1,0,1,0.5877518
1,1,1,0.86061877
1,0,1,0.551353
1,0,0,0.26889023
1,1,1,0.7869589
1,1,1,0.8505351
1,0,1,0.751999
1,0,1,0.5489455
1,0,1,0.71228623
1,1,1,0.7025614
1,0,0,0.48152137
1,0,1,0.6459141
1,0,1,0.7880211
1,1,1,0.55435216
1,0,0,0.45355526
1,0,1,0.66602397
1,0,0,0.44149247
1,1,1,0.5740212
1,0,0,0.466059
1,1,0,0.41870043
1,0,1,0.60654384
1,1,1,0.70110214
1,0,0,0.48865223
1,1,1,0.59430635
1,0,0,0.27843684
1,1,1,0.7427699
1,1,1,0.615505
1,1,1,0.5599424
1,0,0,0.31420672
1,1,1,0.7747978
1,1,1,0.6492775
1,1,0,0.48334312
1,1,1,0.74315166
1,0,1,0.51203674
1,0,0,0.18672282
1,0,0,0.4324064
1,0,0,0.26169592
1,0,1,0.71096885
1,1,0,0.44165188
1,0,0,0.13808294
1,1,1,0.91418666
1,1,1,0.8599107
1,1,0,0.45039058
1,1,0,0.45102203
1,0,0,0.43188843
1,1,1,0.6245697
1,0,1,0.5247503
1,1,1,0.6495758
1,0,0,0.4448475
1,1,1,0.777017
1,0,0,0.40784165
1,0,0,0.3935771
1,1,0,0.4435819
1,0,0,0.471793
1,0,1,0.53677684
1,1,1,0.7310246
1,0,0,0.34498954
1,1,1,0.89196426
1,1,1,0.7599259
1,1,1,0.8589935
1,0,1,0.65386677
1,0,1,0.7339939
1,1,1,0.9107856
1,0,0,0.25746122
1,1,1,0.51902175
1,0,1,0.66431403
1,1,1,0.88139427
1,1,1,0.8668535
1,0,0,0.46015942
1,0,1,0.7456107
1,1,1,0.88714296
1,0,0,0.18282337
1,0,1,0.5445431
1,1,1,0.81316406
1,0,0,0.47439656
1,0,0,0.24907029
1,0,0,0.35847145
1,1,1,0.78172135
1,1,0,0.47083065
1,1,1,0.8272893
1,0,0,0.40422928
1,1,1,0.81058306
1,0,0,0.26003915
1,0,0,0.23447129
1,1,1,0.6600458
1,0,0,0.38914967
1,0,0,0.44969293
1,0,0,0.3069323
1,0,1,0.51905847
1,1,1,0.83573467
1,0,1,0.74025315
1,1,1,0.9472443
1,1,1,0.9111429
1,1,1,0.8865731
1,1,1,0.8518258
1,0,1,0.76420736
1,0,0,0.32814083
1,0,1,0.75736684
1,1,0,0.37664875
1,0,0,0.4230897
1,0,0,0.34060022
1,1,1,0.68628323
1,0,1,0.55653113
1,0,1,0.765921
1,1,0,0.36247376
1,0,0,0.25747073
1,0,0,0.15577628
1,0,1,0.6921268
1,1,1,0.8286744
1,0,0,0.3556195
1,1,0,0.489214
1,1,1,0.80636907
1,1,1,0.64770985
1,1,1,0.7691134
1,0,0,0.40113884
1,0,1,0.6922748
1,1,1,0.7102423
1,1,1,0.79046875
1,1,1,0.73882794
1,0,1,0.7029306
1,0,0,0.44538307
1,1,1,0.8507596
1,0,1,0.57051605
1,0,0,0.12916307
1,0,0,0.27385515
1,1,1,0.6153357
1,0,0,0.06068295
1,1,0,0.40169308
1,1,1,0.8659754
1,0,0,0.34656268
1,0,0,0.40634724
1,1,1,0.6814583
1,0,1,0.56673187
1,0,1,0.5191938
1,0,0,0.3666354
1,0,0,0.18932937
1,0,1,0.5342311
1,1,1,0.76161623
1,1,1,0.78816026
1,1,1,0.75078285
1,1,0,0.4740835
1,0,1,0.50411266
1,1,1,0.79637605
1,1,1,0.86838144
1,0,1,0.61885685
1,1,1,0.6799208
1,1,1,0.75800335
1,1,1,0.73892856
1,0,0,0.40616623
1,1,1,0.8995929
1,0,0,0.45215878
1,1,1,0.78959423
1,1,1,0.9691348
1,1,1,0.9267053
1,0,1,0.54877454
1,0,1,0.53251654
1,0,1,0.55117136
1,1,1,0.8872436
1,1,1,0.8898366
1,1,1,0.8931024
1,0,0,0.21778823
1,1,1,0.88772076
1,1,1,0.88141316
1,0,1,0.6241583
1,1,0,0.44027486
1,0,0,0.45903108
1,0,1,0.6494335
1,1,1,0.81347656
1,1,1,0.9384158
1,0,0,0.19706261
1,0,1,0.63054895
1,1,1,0.62033224
1,0,0,0.43964964
1,0,0,0.2230234
1,0,0,0.1143497
1,1,1,0.9401322
1,1,1,0.8596667
1,1,1,0.83535963
1,1,1,0.76267725
1,1,1,0.7829275
1,1,1,0.910043
1,0,0,0.42201427
1,1,1,0.75797415
1,0,0,0.4295878
1,1,1,0.7007596
1,0,1,0.6276787
1,1,1,0.7759499
1,1,0,0.096032836
1,0,1,0.53293705
1,1,1,0.60472417
1,0,0,0.09258881
1,0,1,0.6266061
1,1,0,0.3348806
1,0,0,0.38443288
1,1,1,0.5593468
1,0,1,0.5783162
1,0,0,0.4350655
1,1,0,0.27234092
1,0,1,0.55569905
1,0,1,0.6000006
1,0,0,0.26660925
1,0,0,0.30090854
1,0,0,0.10496045
1,1,0,0.44209692
1,0,0,0.23410115
1,0,1,0.62111497
1,1,1,0.5771831
1,0,0,0.18587938
1,0,0,0.047441237
1,0,0,0.3726661
1,0,1,0.58466107
1,1,1,0.95262617
1,1,1,0.7917111
1,0,1,0.7166377
1,1,1,0.6836998
1,1,1,0.6279095
1,0,0,0.49721742
1,1,1,0.8036496
1,1,1,0.728495
1,0,0,0.20923054
1,0,0,0.35363817
1,1,1,0.5762668
1,0,1,0.51151305
1,0,1,0.6727499
1,1,1,0.83659106
1,1,1,0.57303053
1,1,1,0.59872013
1,0,1,0.5744827
1,0,0,0.4373467
1,0,1,0.50211906
1,1,1,0.567826
1,0,1,0.74816483
1,1,0,0.30096498
1,1,1,0.58359194
1,0,0,0.46684527
1,0,1,0.59692603
1,1,1,0.5774701
1,0,0,0.34965405
1,0,1,0.87075347
1,0,1,0.5345795
1,0,0,0.49968144
1,1,1,0.705713
1,0,0,0.3824702
1,1,1,0.71368766
1,0,0,0.34139222
1,1,1,0.7379321
1,1,1,0.77402204
1,1,1,0.5442727
1,1,1,0.62758774
1,0,0,0.420531
1,1,1,0.6559918
1,1,1,0.7973841
1,0,0,0.25660646
1,0,1,0.8057707
1,1,1,0.74681747
1,0,0,0.16550554
1,1,1,0.92314863
1,1,1,0.7067397
1,1,1,0.71516806
1,0,0,0.478806
1,1,1,0.5079142
1,1,1,0.5918189
1,0,0,0.14685114
1,0,1,0.7350425
1,0,1,0.7246663
1,0,1,0.60972077
1,0,1,0.78370345
1,0,0,0.49139145
1,0,1,0.66126543
1,0,1,0.5010427
1,0,1,0.8448408
1,1,1,0.6250004
1,1,1,0.8439498
1,1,1,0.53283805
1,0,0,0.26995662
1,0,1,0.8723477
1,1,0,0.32940474
1,0,0,0.16551588
1,1,1,0.5676912
1,0,0,0.46360624
1,1,1,0.85085994
1,0,1,0.72629786
1,1,1,0.87098736
1,1,1,0.8356276
1,1,1,0.75742865
1,1,1,0.7684014
1,0,1,0.71585196
1,0,1,0.51407474
1,1,1,0.6929459
1,0,1,0.6270101
1,0,0,0.33449948
1,1,1,0.53636974
1,1,1,0.83873606
1,1,1,0.6227238
1,0,0,0.49464136
1,0,1,0.72768354
1,1,1,0.88830847
1,0,1,0.6831791
1,1,1,0.9636754
1,0,1,0.7335753
1,0,1,0.838959
1,1,1,0.9097771
1,1,1,0.867185
1,0,1,0.7636718
1,0,0,0.31835827
1,1,1,0.872373
1,0,1,0.54979485
1,1,1,0.86603457
1,0,1,0.58081156
1,0,0,0.37061843
1,1,1,0.9615721
1,1,1,0.86727697
1,0,1,0.5445532
1,0,0,0.25822386
1,0,0,0.15275902
1,0,0,0.20442855
1,1,1,0.84484875
1,1,1,0.9318368
1,0,0,0.21346134
1,1,1,0.8822402
1,0,0,0.2697005
1,1,1,0.83773595
1,0,0,0.26478234
1,0,0,0.45553556
1,1,1,0.8615106
1,0,1,0.6173967
1,1,1,0.5775745
1,1,1,0.83609486
1,1,1,0.53414243
1,0,0,0.21563658
1,0,0,0.1240644
1,1,1,0.721541
1,0,0,0.3877386
1,0,1,0.6652004
1,0,1,0.7467054
1,0,1,0.5040658
1,1,1,0.95758384
1,0,1,0.65185827
1,1,1,0.63230276
1,0,1,0.52628887
1,0,1,0.5976263
1,0,1,0.53120756
1,1,1,0.779438
1,1,1,0.89438426
1,1,1,0.9447506
1,0,0,0.47205526
1,1,1,0.7198994
1,0,0,0.12277425
1,0,0,0.39474756
1,0,0,0.37527007
1,1,1,0.7863501
1,0,1,0.5199095
1,1,1,0.65233195
1,1,1,0.6401625
1,0,0,0.44771415
1,0,0,0.47893295
1,1,0,0.4452214
1,0,1,0.7701912
1,0,0,0.31862247
1,0,0,0.070781894
1,1,1,0.5203221
1,1,1,0.7277633
1,0,0,0.2909465
1,1,1,0.9556905
1,1,1,0.8021878
1,1,1,0.5429006
1,0,1,0.67574143
1,1,1,0.61328256
1,0,1,0.948754
1,1,1,0.53393614
1,0,1,0.5986368
1,1,1,0.64887476
1,1,1,0.7899756
1,0,0,0.3070023
1,1,1,0.82628393
1,0,1,0.61993563
1,1,1,0.84387666
1,1,1,0.68153185
1,1,1,0.74216443
1,1,1,0.5649342
1,1,1,0.83081067
1,1,1,0.7056974
1,1,1,0.54906905
1,0,0,0.43412507
1,1,1,0.78251517
1,1,1,0.574272
1,1,1,0.6588188
1,0,0,0.452124
1,1,1,0.6810948
1,1,1,0.5991959
1,1,1,0.7794664
1,0,0,0.39279693
1,0,1,0.8299924
1,0,0,0.063138
1,0,0,0.45580888
1,0,1,0.52846134
1,0,1,0.7375589
1,1,0,0.43566135
1,1,1,0.9511028
1,1,1,0.5348754
1,0,0,0.48110914
1,0,1,0.5743737
1,0,1,0.67349803
1,1,1,0.7756364
1,1,1,0.6169939
1,0,1,0.5724765
1,0,0,0.21074156
1,0,1,0.76330775
1,1,1,0.70389926
1,0,0,0.4331308
1,1,1,0.73767585
1,0,0,0.31076428
1,0,1,0.533317
1,1,1,0.81018513
1,0,0,0.36853623
1,0,0,0.31483254
1,1,1,0.7732809
1,1,1,0.57793087
1,1,1,0.7431916
1,1,1,0.8058689
1,1,1,0.9044533
1,0,0,0.034767542
1,1,1,0.81381375
1,1,1,0.87941694
1,1,1,0.89030236
1,0,1,0.55322117
1,0,0,0.45635912
1,0,0,0.23376188
1,0,0,0.1518677
1,1,1,0.8917306
1,0,1,0.6124896
1,0,1,0.6847698
1,0,1,0.67786205
1,1,0,0.49256527
1,1,1,0.9484711
1,1,1,0.74223477
1,0,0,0.48896146
1,1,1,0.68184376
1,0,1,0.6588123
1,1,1,0.72725064
1,0,0,0.4145927
1,1,1,0.80265164
1,1,0,0.1292101
1,0,0,0.45154694
1,0,0,0.15838386
1,0,0,0.21918285
1,1,1,0.88030964
1,0,0,0.42975357
1,1,1,0.6200857
1,1,1,0.6689996
1,1,1,0.78789234
1,0,0,0.4748385
1,0,1,0.76842076
1,1,1,0.5515798
1,1,1,0.73814756
1,1,1,0.66630954
1,1,1,0.8736478
1,1,1,0.83008844
1,1,1,0.6852198
1,1,0,0.35653904
1,0,0,0.14621802
1,1,0,0.45316443
1,0,1,0.58283144
1,1,0,0.41549686
1,1,1,0.6032748
1,1,0,0.49801385
1,0,0,0.4237442
1,0,0,0.24298571
1,0,0,0.12541689
1,0,1,0.52350074
1,1,1,0.90474963
1,0,0,0.29717943
1,0,0,0.24676478
1,0,1,0.70830125
1,0,1,0.7783053
1,0,0,0.114353664
1,1,1,0.5274179
1,1,1,0.8814339
1,1,1,0.6727974
1,1,1,0.5486841
1,1,1,0.91249096
1,1,1,0.8650662
1,1,1,0.79714435
1,0,0,0.20530929
1,1,1,0.8190292
1,0,0,0.49891964
1,0,0,0.20794964
1,0,0,0.47681755
1,1,1,0.87788534
1,0,0,0.43984938
1,0,0,0.47043416
1,1,1,0.88298774
1,1,0,0.28494138
1,0,1,0.5935491
1,1,1,0.6675316
1,0,0,0.36561948
1,1,1,0.8764454
1,0,0,0.39615136
1,0,1,0.8608162
1,0,0,0.22587712
1,0,0,0.42488715
1,1,1,0.9357755
1,0,0,0.08922953
1,0,1,0.66831285
1,0,0,0.40077123
1,0,1,0.80155957
1,1,1,0.8614761
1,0,0,0.38719988
1,0,0,0.33331048
1,1,1,0.7994061
1,0,1,0.70719224
1,1,1,0.824901
1,1,1,0.59534436
1,0,1,0.6269791
1,0,1,0.6638435
1,1,1,0.65246975
1,1,1,0.72052515
1,1,1,0.7591799
1,0,0,0.49473733
1,0,0,0.43989047
1,0,0,0.25623035
1,1,1,0.72690064
1,1,1,0.8493757
1,0,1,0.72522587
1,0,0,0.17238878
1,1,0,0.41492376
1,0,1,0.7734032
1,1,1,0.8430209
1,0,0,0.48109427
1,0,0,0.3633379
1,0,1,0.5692168
1,1,1,0.5631386
1,1,1,0.9296895
1,0,0,0.30078778
1,1,1,0.8555986
1,0,0,0.45227876
1,0,0,0.1620688
1,0,0,0.085513234
1,1,1,0.6851642
1,0,1,0.77952546
1,1,0,0.34823844
1,1,1,0.72901994
1,0,0,0.45910382
1,0,0,0.34789562
1,0,1,0.7018219
1,1,1,0.6393503
1,1,1,0.88162965
1,1,1,0.63876754
1,1,0,0.30469382
1,1,1,0.67338395
1,0,1,0.8353925
1,1,1,0.6316091
1,1,1,0.8020579
1,0,1,0.9114246
1,1,1,0.9467175
1,1,1,0.9029379
1,1,0,0.4820764
1,0,0,0.19200006
1,1,0,0.33367595
1,0,1,0.79655355
1,0,0,0.15012743
1,0,0,0.1437369
1,0,1,0.6199534
1,1,1,0.66198176
1,1,0,0.24669158
1,1,1,0.8358744
1,1,1,0.800867
1,1,1,0.92432255
1,0,0,0.29378453
1,1,1,0.7826039
1,0,1,0.7388528
1,1,0,0.36920774
1,1,1,0.86524916
1,1,1,0.69197613
1,1,1,0.801082
1,0,0,0.37674007
1,1,1,0.8862845
1,0,0,0.17685714
1,1,0,0.3294435
1,1,1,0.8881447
1,0,1,0.8145794
1,1,1,0.7949878
1,1,0,0.26470348
1,1,0,0.28273535
1,0,0,0.4158242
1,1,0,0.48767856
1,1,1,0.65732807
1,0,0,0.08992796
1,1,1,0.6332958
1,0,0,0.23162979
1,1,1,0.6144778
1,0,0,0.45900765
1,0,0,0.12237716
1,0,1,0.83812666
1,0,1,0.57361716
1,0,1,0.69825375
1,1,1,0.8476261
1,0,1,0.6509714
1,0,0,0.3683419
1,0,0,0.3319483
1,1,1,0.7198393
1,0,1,0.6096427
1,0,1,0.6841308
1,1,1,0.6752091
1,1,1,0.6841968
1,0,1,0.71979487
1,1,1,0.8562771
1,0,1,0.86796963
1,0,1,0.5505507
1,0,1,0.5798972
1,0,1,0.89427775
1,1,1,0.85827965
1,1,1,0.6378399
1,0,0,0.44616905
1,0,0,0.34783643
1,0,0,0.15938404
1,1,1,0.744015
1,0,1,0.6309002
1,1,1,0.8466181
1,1,1,0.81289405
1,0,0,0.35054573
1,1,1,0.6645515
1,1,1,0.648961
1,1,1,0.5467901
1,1,0,0.42286593
1,0,1,0.7724678
1,0,0,0.10047091
1,0,1,0.6021616
1,0,0,0.13896684
1,0,1,0.86098015
1,0,1,0.8272347
1,1,1,0.6207387
1,0,0,0.41922107
1,1,1,0.59990686
1,0,1,0.61169606
1,0,0,0.45175973
1,1,1,0.64945316
1,0,0,0.17321424
1,1,0,0.44916427
1,0,0,0.26084965
1,1,1,0.59755796
1,0,1,0.5531803
1,1,1,0.62825465
1,0,0,0.31874952
1,0,1,0.52504086
1,1,1,0.68080896
1,1,1,0.66791725
1,1,0,0.10608432
1,1,0,0.47362033
1,0,1,0.63566124
1,0,0,0.31092924
1,1,0,0.41115788
1,0,1,0.56556946
1,1,1,0.6853757
1,0,1,0.6097776
1,0,1,0.5277375
1,1,1,0.7482492
1,1,0,0.47663426
1,1,1,0.8152593
1,1,1,0.7642298
1,0,1,0.550475
1,0,1,0.64547634
1,1,0,0.48007596
1,0,1,0.742687
1,1,1,0.73520255
1,0,1,0.66830206
1,1,1,0.6354976
1,1,1,0.90827394
1,1,1,0.5631764
1,0,1,0.804547
1,0,0,0.44119307
1,1,1,0.8118439
1,0,0,0.3872571
1,0,1,0.87874246
1,0,1,0.668998
1,0,1,0.53857106
1,1,1,0.76483285
1,0,0,0.39018938
1,1,1,0.8079661
1,1,1,0.84304214
1,1,1,0.6882573
1,1,1,0.8806799
1,1,1,0.78085154
1,0,1,0.647898
1,0,1,0.7404813
1,0,1,0.633409
1,1,1,0.80881727
1,1,1,0.60625094
1,1,1,0.9350414
1,1,1,0.53383046
1,1,1,0.6210752
1,1,1,0.62059176
1,1,1,0.78485996
1,1,0,0.14359078
1,0,0,0.40944764
1,1,1,0.6791326
1,0,1,0.7752147
1,1,1,0.57805336
1,0,0,0.33927476
1,0,0,0.42360306
1,0,1,0.5934548
1,0,1,0.73966116
1,0,1,0.74947107
1,0,0,0.3307863
1,0,0,0.41932154
1,1,1,0.726572
1,1,1,0.7369031
1,0,1,0.63394445
1,1,1,0.9167174
1,1,0,0.33396286
1,1,1,0.73088545
1,0,1,0.79409945
1,1,1,0.73891544
1,1,0,0.24995127
1,0,1,0.6706769
1,0,1,0.6313781
1,1,1,0.9073653
1,1,0,0.23619495
1,1,1,0.7352858
1,0,1,0.8605839
1,0,1,0.58146733
1,1,0,0.4689723
1,0,1,0.68345743
1,0,0,0.4834495
1,0,1,0.57153165
1,0,1,0.5258936
1,0,1,0.57561773
1,0,1,0.67152023
1,1,1,0.52315956
1,1,1,0.93170655
1,1,0,0.43643275
1,0,0,0.30401182
1,0,0,0.34095973
1,1,1,0.719188
1,0,0,0.3834852
1,0,0,0.2033761
1,1,1,0.77089304
1,1,1,0.87229663
1,1,1,0.6250406
1,0,0,0.39361712
1,1,0,0.4368187
1,0,0,0.13602218
1,0,0,0.41029963
1,0,1,0.5676953
1,0,1,0.70175755
1,0,0,0.4547886
1,1,0,0.3982573
1,0,0,0.27121636
1,1,1,0.6277462
1,1,1,0.82839054
1,0,1,0.5144483
1,0,1,0.63047385
1,0,0,0.20044848
1,0,0,0.13798635
1,1,1,0.83233744
1,0,1,0.67739105
1,1,1,0.87178046
1,1,1,0.8825386
1,0,1,0.73254573
1,1,1,0.9319375
1,0,0,0.28612378
1,0,0,0.32283545
1,0,0,0.31506398
1,1,1,0.75739247
1,1,1,0.6778989
1,1,1,0.87029517
1,0,0,0.2740552
1,1,1,0.6813043
1,0,1,0.5225904
1,1,0,0.17614526
1,0,0,0.36555168
1,0,1,0.55279493
1,1,1,0.8838127
1,1,1,0.61484915
1,1,0,0.45019957
1,0,0,0.36661437
1,0,0,0.24977967
1,1,1,0.8157858
1,1,1,0.68648404
1,1,1,0.7498437
1,0,1,0.5996765
1,1,1,0.7423209
1,1,1,0.74425143
1,0,0,0.44258174
1,0,0,0.26554444
1,1,1,0.56335217
1,1,1,0.6785126
1,1,1,0.74341315
1,0,0,0.4630604
1,0,0,0.4334171
1,0,0,0.46153566
1,0,1,0.5629095
1,0,0,0.18396786
1,0,0,0.46548122
1,0,1,0.7927993
1,1,1,0.6905266
1,0,1,0.5402136
1,0,1,0.67516154
1,1,1,0.5650118
1,0,1,0.5504825
1,0,1,0.5932023
1,0,0,0.2835332
1,1,1,0.7025366
1,0,1,0.71385866
1,1,1,0.8848737
1,1,0,0.11140569
1,1,0,0.21594909
1,1,1,0.82662094
1,1,1,0.81792784
1,1,1,0.7280438
1,0,0,0.37006676
1,1,1,0.87327147
1,0,1,0.7938504
1,0,1,0.69824773
1,1,1,0.7147612
1,1,1,0.8320809
1,0,0,0.26559097
1,1,0,0.46932426
1,0,0,0.20417005
1,1,1,0.75431323
1,0,0,0.2563613
1,1,1,0.6962019
1,0,0,0.46856242
1,1,1,0.8161795
1,1,1,0.58304363
1,1,1,0.56198585
1,1,0,0.41335365
1,1,1,0.52504927
1,1,0,0.3237629
1,0,1,0.7557738
1,0,0,0.40625358
1,0,0,0.3689914
1,0,0,0.475369
1,0,1,0.58162594
1,1,0,0.34122628
1,1,1,0.8534591
1,1,0,0.39416233
1,0,0,0.46991888
1,0,1,0.6756
1,0,1,0.752099
1,0,1,0.5563886
1,1,1,0.51026094
1,0,0,0.42629597
1,0,1,0.59886736
1,0,0,0.15397465
1,0,0,0.25520155
1,0,0,0.13147931
1,1,1,0.7423643
1,1,0,0.48513246
1,1,1,0.7754186
1,1,1,0.71123564
1,1,1,0.6340946
1,1,1,0.8036053
1,1,1,0.80379945
1,0,0,0.13113405
1,1,1,0.7937874
1,0,1,0.74538213
1,1,1,0.50275075
1,0,0,0.22464836
1,0,1,0.703514
1,1,1,0.5619661
1,1,1,0.8461501
1,0,1,0.8516094
1,0,0,0.37605554
1,0,1,0.52893674
1,0,1,0.84197056
1,0,0,0.4632945
1,1,1,0.9376818
1,1,1,0.5595424
1,1,1,0.85032326
1,1,1,0.884125
1,1,1,0.6703911
1,0,0,0.43863022
1,0,0,0.09962122
1,0,1,0.5813253
1,0,1,0.66794384
1,1,1,0.7978136
1,1,1,0.83406276
1,0,0,0.39902404
1,0,1,0.6662291
1,0,0,0.19235304
1,0,0,0.49327317
1,1,1,0.79268914
1,0,0,0.07640494
1,0,0,0.3504261
1,0,0,0.38877934
1,1,1,0.70937645
1,0,0,0.21777391
1,1,1,0.67601895
1,1,1,0.9221478
1,1,1,0.6401359
1,0,0,0.2361709
1,1,1,0.9296009
1,0,0,0.2428729
1,1,1,0.933977
1,1,1,0.91815484
1,0,1,0.51116514
1,1,1,0.8464734
1,0,1,0.68273723
1,0,1,0.77446604
1,1,1,0.7833997
1,1,0,0.29340038
1,1,0,0.42479047
1,1,1,0.7462839
1,1,0,0.47632584
1,1,1,0.8215434
1,0,1,0.80413413
1,0,0,0.33026856
1,0,1,0.7734831
1,0,1,0.56572884
1,0,0,0.42972863
1,1,1,0.84089863
1,1,1,0.87700653
1,1,1,0.65009624
1,0,1,0.8557096
1,0,1,0.52152896
1,1,1,0.6434677
1,1,1,0.5753279
1,1,1,0.6187701
1,0,1,0.6517541
1,1,1,0.5143814
1,0,1,0.55624616
1,0,1,0.62832284
1,1,1,0.53134364
1,1,1,0.6775872
1,1,0,0.4937765
1,1,1,0.5825134
1,1,1,0.8956728
1,1,1,0.6277636
1,0,0,0.32569018
1,0,0,0.30931398
1,1,1,0.88928336
1,1,1,0.5611466
1,0,0,0.45013312
1,0,0,0.09858934
1,1,1,0.8858944
1,1,1,0.71772027
1,0,0,0.3379506
1,0,1,0.82409143
1,0,1,0.6310684
1,1,1,0.7019793
1,1,1,0.88895774
1,0,1,0.6059413
1,1,1,0.8307533
1,1,0,0.4716327
1,0,0,0.33177012
1,1,1,0.67366225
1,0,0,0.37293068
1,1,1,0.81220376
1,0,0,0.48940128
1,0,1,0.84750956
1,1,1,0.63230276
1,0,0,0.43609488
1,0,0,0.21587259
1,1,0,0.41791898
1,0,0,0.39569357
1,0,0,0.4425831
1,0,1,0.6071356
1,1,1,0.7111662
1,1,1,0.53060764
1,0,0,0.49802092
1,1,1,0.84154856
1,1,1,0.637881
1,1,1,0.8067741
1,1,0,0.3662554
1,0,0,0.38376898
1,0,0,0.42950594
1,0,0,0.4290703
1,1,0,0.3534861
1,0,1,0.71789837
1,0,1,0.5659804
1,1,1,0.62489825
1,1,1,0.6999919
1,1,1,0.56669915
1,1,1,0.5143232
1,1,0,0.3500143
1,1,1,0.8814411
1,0,0,0.4529195
1,1,1,0.6363423
1,1,1,0.5040613
1,0,1,0.5877964
1,0,0,0.26665112
1,1,1,0.8812508
1,1,1,0.65146405
1,0,1,0.6475951
1,1,1,0.5602968
1,0,0,0.44864425
1,1,1,0.814673
1,1,1,0.7318768
1,0,0,0.24056879
1,0,1,0.82177436
1,1,1,0.93982637
1,0,1,0.76788783
1,0,1,0.663362
1,1,0,0.48378092
1,0,1,0.5232362
1,0,0,0.44930094
1,0,1,0.73051643
1,1,1,0.5341031
1,0,0,0.39545438
1,1,1,0.83820266
1,1,1,0.506143
1,1,1,0.82397145
1,0,0,0.28542796
1,1,1,0.8921532
1,0,1,0.8039785
1,0,0,0.34745452
1,0,1,0.5381429
1,1,1,0.8775159
1,1,1,0.7171468
1,0,1,0.5928353
1,0,0,0.4598277
1,0,0,0.46963432
1,0,1,0.6256441
1,0,0,0.45064878
1,1,1,0.7018214
1,1,1,0.81770307
1,0,0,0.48251158
1,0,0,0.3308538
1,0,1,0.7805601
1,0,0,0.1262125
1,1,1,0.7174749
1,1,1,0.80097026
1,1,1,0.5361306
1,1,1,0.5838504
1,0,1,0.69080055
1,0,0,0.20787951
1,1,1,0.773693
1,1,1,0.61633456
1,0,0,0.4437466
1,0,0,0.48477605
1,1,1,0.6683315
1,0,0,0.48410395
1,0,0,0.4857667
1,1,1,0.525297
1,1,1,0.62313753
1,0,1,0.82601196
1,1,1,0.83905154
1,1,1,0.7639901
1,0,1,0.513323
1,0,0,0.31476355
1,1,1,0.7858814
1,0,1,0.5543998
1,0,1,0.66156155
1,0,0,0.49589542
1,0,0,0.33625236
1,0,0,0.49363232
1,1,0,0.441001
1,1,1,0.5596697
1,0,0,0.20910777
1,0,1,0.60287046
1,1,1,0.7988693
1,0,1,0.52729005
1,1,1,0.69980633
1,1,1,0.5876657
1,0,1,0.66042525
1,1,1,0.78335494
1,0,0,0.38877934
1,1,1,0.9310057
1,0,1,0.5386595
1,0,1,0.5489766
1,1,0,0.2639314
1,1,1,0.53201324
1,0,0,0.39052448
1,1,1,0.79184127
1,0,0,0.12292797
1,0,0,0.43060675
1,1,1,0.56863135
1,0,0,0.49657
1,0,0,0.4458152
1,1,1,0.544574
1,0,0,0.34833616
1,0,0,0.11938598
1,1,1,0.6809247
1,0,1,0.5138449
1,0,0,0.3326403
1,1,1,0.62438333
1,0,0,0.105237834
1,1,1,0.551982
1,0,1,0.6251492
1,0,1,0.52812594
1,1,0,0.4379305
1,0,0,0.33467314
1,0,0,0.22583188
1,0,0,0.10360448
1,1,1,0.60891926
1,0,0,0.25136256
1,0,0,0.41202503
1,0,0,0.22500576
1,1,0,0.42787382
1,0,1,0.60212666
1,0,0,0.2767253
1,0,0,0.21867743
1,0,0,0.19206893
1,0,1,0.6567103
1,0,0,0.26497766
1,0,0,0.29590607
1,0,0,0.3981208
1,0,0,0.27834788
1,1,0,0.36158478
1,1,0,0.2660601
1,1,0,0.2587871
1,0,0,0.46279913
1,0,0,0.27395603
1,0,0,0.40308222
1,1,1,0.5674972
1,1,1,0.58582896
1,1,1,0.76631904
1,1,1,0.56782794
1,1,0,0.22757083
1,0,0,0.2792199
1,0,0,0.17314617
1,1,0,0.44051817
1,1,1,0.6270353
1,1,0,0.31366903
1,0,0,0.36058208
1,1,0,0.40399244
1,1,1,0.6090605
1,1,1,0.6611167
1,1,0,0.4636718
1,0,0,0.19435392
1,0,0,0.25175425
1,0,0,0.13572688
1,0,0,0.45892736
1,0,0,0.22711247
1,0,0,0.4270224
1,0,0,0.101891376
1,0,0,0.3450609
1,1,0,0.26301235
1,0,1,0.5541019
1,0,1,0.6825988
1,1,1,0.6751756
1,0,0,0.25762668
1,0,0,0.13601081
1,0,0,0.23366247
1,0,0,0.35681108
1,0,0,0.30234963
1,0,0,0.3094664
1,1,0,0.25556153
1,1,0,0.44219536
1,0,0,0.14309381
1,1,0,0.43035024
1,0,0,0.34064326
1,0,0,0.17944065
1,1,0,0.3177576
1,0,0,0.15354899
1,1,1,0.52265966
1,0,0,0.4379295
1,0,0,0.17457722
1,1,1,0.92736715
1,0,0,0.361463
1,1,0,0.2565954
1,0,0,0.22622463
1,1,0,0.37403697
1,1,0,0.29297283
1,0,0,0.22387752
1,1,1,0.89725196
1,1,1,0.85687447
1,0,1,0.6160781
1,1,1,0.90529114
1,0,0,0.026422072
1,0,0,0.15666899
1,0,0,0.11828138
1,1,0,0.14692692
1,0,1,0.7315698
1,0,0,0.1760364
1,0,0,0.30934596
1,0,1,0.6830861
1,1,0,0.052920032
1,1,1,0.5036104
1,0,0,0.39010486
1,0,0,0.118010186
1,0,1,0.5347677
1,1,0,0.16079122
1,0,0,0.2216637
1,1,1,0.7362518
1,0,0,0.4736962
1,0,1,0.66933864
1,1,1,0.7454494
1,0,0,0.48339334
1,1,1,0.8337641
1,1,1,0.86868095
1,0,0,0.4693431
1,1,1,0.8592721
1,1,1,0.8534901
1,1,1,0.7792479
1,1,1,0.94992197
1,1,1,0.8954226
1,0,0,0.26025134
1,1,1,0.8709082
1,1,1,0.7763885
1,1,1,0.91540366
1,0,1,0.7473258
1,1,1,0.8222137
1,0,0,0.388858
1,1,1,0.94056654
1,0,1,0.61071956
1,0,1,0.6811609
1,0,0,0.06283124
1,0,0,0.18724579
1,1,0,0.4304787
1,0,0,0.29186493
1,1,0,0.2662826
1,1,0,0.07201871
1,0,0,0.4482685
1,0,0,0.10408936
1,0,0,0.40450472
1,0,0,0.4707972
1,1,0,0.39251682
1,0,0,0.28758037
1,1,0,0.21141046
1,0,0,0.2474604
1,0,0,0.35084406
1,1,0,0.33871785
1,1,0,0.31966054
1,1,0,0.07457659
1,1,0,0.11502712
1,1,0,0.26675487
1,1,0,0.279696
1,1,0,0.24848942
1,0,1,0.55814844
1,0,0,0.2771219
1,0,0,0.27719828
1,0,1,0.60719925
1,0,0,0.3441616
1,0,0,0.34357038
1,1,0,0.23784456
1,0,0,0.11777299
1,0,1,0.6177012
1,0,0,0.1542824
1,0,0,0.36723125
1,1,0,0.26778194
1,1,0,0.31938806
1,0,0,0.22756372
1,1,1,0.5678877
1,1,1,0.6036888
1,0,0,0.3909824
1,1,1,0.5874693
1,0,0,0.3498099
1,0,0,0.4068452
1,1,1,0.5956033
1,0,1,0.7681795
1,0,0,0.35621348
1,0,0,0.43411577
1,1,0,0.45671436
1,0,0,0.21551156
1,0,0,0.28991216
1,0,0,0.1710625
1,1,0,0.12626857
1,1,0,0.4268208
1,0,0,0.44818854
1,1,1,0.5427479
1,0,0,0.40493795
1,1,1,0.6548928
1,0,1,0.6937495
1,0,1,0.8714802
1,1,1,0.5838725
1,1,0,0.47878823
1,0,0,0.45971093
1,0,1,0.73022753
1,0,0,0.1361753
1,1,1,0.6686347
1,0,0,0.4506534
1,0,0,0.37838393
1,1,1,0.5691988
1,1,1,0.5968033
1,0,1,0.6505886
1,1,1,0.63189185
1,1,1,0.85934067
1,1,0,0.34659275
1,1,1,0.7327365
1,1,1,0.72902524
1,1,1,0.52405614
1,1,1,0.8855252
1,1,0,0.40135092
1,0,1,0.73439276
1,0,1,0.60377055
1,0,1,0.627966
1,0,0,0.2878113
1,0,1,0.81649154
1,1,1,0.8711005
1,1,1,0.8960564
1,0,0,0.29393137
1,1,1,0.802662
1,1,1,0.66344833
1,0,0,0.2660041
1,0,0,0.082245484
1,0,0,0.20728584
1,0,0,0.20332362
1,0,1,0.80714935
1,0,1,0.63961625
1,1,1,0.54441637
1,0,1,0.79070514
1,0,1,0.5950386
1,0,1,0.7195814
1,1,0,0.40617025
1,0,1,0.65169734
1,1,1,0.79813296
1,0,1,0.69133455
1,0,1,0.5707132
1,1,0,0.4048668
1,0,1,0.6258171
1,1,0,0.34747452
1,0,1,0.6684553
1,1,1,0.5690084
1,0,1,0.5116364
1,0,0,0.47271523
1,1,0,0.40890417
1,0,0,0.25491515
1,0,1,0.7905002
1,0,1,0.5400718
1,1,1,0.60086966
1,1,1,0.58216745
1,0,1,0.5192567
1,1,0,0.43964237
1,1,0,0.35129026
1,0,0,0.46932068
1,0,1,0.52093613
1,0,0,0.31508294
1,0,0,0.34704643
1,1,0,0.35221067
1,1,1,0.6762712
1,0,0,0.33956602
1,1,1,0.82713515
1,1,1,0.86213595
1,1,1,0.51751214
1,1,1,0.6099433
1,1,1,0.866393
1,0,0,0.21843012
1,0,1,0.5890717
1,1,1,0.62998223
1,0,1,0.592119
1,1,1,0.83481544
1,0,0,0.45661435
1,0,1,0.53988147
1,0,0,0.4366944
1,0,0,0.4539913
1,0,0,0.27274406
1,0,1,0.7024177
1,0,1,0.7783053
1,0,0,0.47361425
1,1,1,0.8712729
1,1,1,0.7137187
1,1,1,0.81718796
1,1,1,0.75879574
1,0,0,0.4994448
1,1,1,0.89325106
1,1,0,0.45938826
1,1,1,0.9123356
1,0,0,0.3082145
1,1,1,0.8544301
1,0,1,0.81964093
1,0,0,0.47482583
1,0,0,0.29078314
1,1,1,0.6634673
1,1,1,0.9207338
1,0,0,0.46225622
1,1,1,0.7224459
1,1,1,0.7602888
1,1,1,0.9224374
1,1,1,0.82651395
1,0,1,0.67205274
1,0,1,0.57844293
1,1,1,0.8377605
1,0,1,0.521052
1,1,1,0.7037723
1,0,1,0.71125925
1,0,1,0.83089656
1,1,1,0.8919285
1,1,1,0.83021015
1,1,1,0.90322614
1,1,1,0.77616376
1,1,1,0.6533045
1,1,1,0.7850141
1,1,1,0.61350375
1,1,1,0.52987623
1,1,1,0.6805143
1,1,1,0.80137855
1,1,1,0.8054969
1,0,1,0.61021733
1,0,0,0.19076933
1,1,1,0.75498235
1,0,1,0.6269056
1,0,1,0.76484525
1,0,0,0.38406762
1,0,0,0.22802125
1,1,1,0.52801657
1,0,0,0.42036155
1,1,1,0.92060703
1,0,0,0.45944193
1,0,0,0.42932218
1,1,1,0.72077197
1,0,1,0.8042017
1,0,0,0.12118389
1,0,1,0.89394677
1,1,1,0.6245302
1,0,1,0.76986855
1,1,1,0.62064856
1,1,1,0.9152043
1,0,1,0.7636718
1,0,0,0.31835827
1,1,1,0.872373
1,0,1,0.54979485
1,1,1,0.86603457
1,0,1,0.58081156
1,0,0,0.37061843
1,1,1,0.9615721
1,1,1,0.86727697
1,0,1,0.5445532
1,0,0,0.25822386
1,0,0,0.15275902
1,0,0,0.20442855
1,1,1,0.84484875
1,1,1,0.9318368
1,0,0,0.21346134
1,1,1,0.8822402
1,0,0,0.2697005
1,1,1,0.8521977
1,1,1,0.8253388
1,1,1,0.90949756
1,1,1,0.90535635
1,1,1,0.6050569
1,0,1,0.5637721
1,0,1,0.7636718
1,1,1,0.8596667
1,1,1,0.88740355
1,1,1,0.8798649
1,1,1,0.8630668
1,0,1,0.86603457
1,0,1,0.58081156
1,0,0,0.37061843
1,1,1,0.9259493
1,1,1,0.9029095
1,1,1,0.7136606
1,1,1,0.7303934
1,1,0,0.46360388
1,1,1,0.7169391
1,0,0,0.25073102
1,1,1,0.8138873
1,1,1,0.5896275
1,0,0,0.2437951
1,0,0,0.4512042
1,0,0,0.4395926
1,0,0,0.19418558
1,0,0,0.40187958
1,0,0,0.17341197
1,0,0,0.2980747
1,0,0,0.27058592
1,0,0,0.32060623
1,1,1,0.5745047
1,1,1,0.7545444
1,1,1,0.7236456
1,0,0,0.38622746
1,0,0,0.3105278
1,0,1,0.64834464
1,0,0,0.07659337
1,0,0,0.11399238
1,0,0,0.1294408
1,0,0,0.24073802
1,0,0,0.357627
1,0,0,0.44283673
1,1,0,0.2690447
1,1,1,0.53470224
1,0,0,0.30496168
1,1,0,0.4424842
1,0,0,0.40239176
1,0,0,0.33926496
1,0,0,0.4174961
1,0,0,0.17247427
1,0,1,0.57763517
1,0,0,0.159449
1,0,0,0.29561046
1,0,0,0.20469537
1,0,0,0.43951553
1,0,0,0.32708934
1,0,0,0.24227631
1,0,0,0.13120867
1,0,0,0.14725624
1,0,0,0.14874664
1,0,0,0.46542358
1,0,0,0.15292409
1,0,1,0.6476799
1,0,1,0.6793668
1,0,0,0.34993723
1,0,0,0.42065337
1,0,0,0.45113677
1,0,0,0.3653706
1,0,1,0.5628685
1,1,0,0.3267772
1,0,0,0.49987826
1,0,0,0.45749202
1,0,0,0.39922428
1,0,1,0.5013397
1,0,1,0.5875354
1,0,0,0.1557398
1,0,0,0.1254841
1,0,0,0.45725843
1,1,0,0.28579226
1,1,0,0.3055814
1,0,0,0.14957592
1,0,0,0.06802372
1,0,0,0.3101624
1,0,0,0.30225962
1,0,0,0.48504594
1,0,0,0.18604164
1,1,0,0.28115538
1,0,0,0.4228227
1,0,0,0.25513482
1,1,0,0.27616367
1,0,0,0.35323676
1,0,0,0.31287265
1,0,0,0.37003314
1,1,1,0.5282704
1,1,1,0.5488195
1,1,0,0.32820222
1,0,1,0.6781041
1,1,0,0.056013875
1,0,0,0.09753645
1,1,1,0.66931987
1,1,0,0.3649118
1,0,1,0.54675096
1,0,0,0.46939376
1,1,0,0.33460793
1,0,0,0.4678496
1,0,0,0.27811426
1,0,0,0.48138583
1,0,0,0.36767924
1,0,0,0.07004865
1,0,0,0.23355149
1,0,1,0.58546776
1,1,1,0.6988345
1,0,0,0.47430968
1,0,1,0.58815694
1,1,0,0.13398057
1,1,1,0.52618945
1,0,0,0.21357669
1,1,0,0.17651351
1,1,0,0.35684833
1,0,0,0.36573732
1,1,0,0.2235443
1,0,1,0.5047405
1,0,1,0.60423285
1,1,0,0.4864963
1,1,1,0.56834376
1,0,0,0.49414903
1,1,0,0.28472686
1,1,0,0.47385666
1,0,0,0.41460922
1,0,1,0.62588257
1,1,0,0.36947656
1,1,0,0.3953037
1,1,1,0.58535564
1,0,0,0.09185657
1,0,0,0.1518624
1,1,0,0.48991746
1,1,0,0.13946986
1,1,1,0.7149207
1,0,0,0.2774611
1,1,1,0.5022852
1,0,0,0.11273105
1,0,0,0.11412459
1,0,1,0.6128008
1,0,0,0.4025696
1,0,0,0.4267635
1,1,0,0.42368764
1,1,0,0.49272543
1,0,1,0.7883747
1,0,0,0.2957789
1,0,1,0.62955135
1,0,0,0.027337639
1,1,1,0.65739703
1,1,1,0.71247786
1,0,0,0.107062705
1,1,1,0.7804393
1,0,0,0.1484112
1,0,0,0.19552086
1,0,0,0.06241939
1,1,0,0.27759522
1,1,0,0.18914558
1,1,0,0.17318632
1,0,0,0.39147666
1,0,0,0.088059545
1,0,0,0.2100816
1,0,0,0.31062454
1,0,0,0.3578404
1,0,0,0.0730873
1,0,1,0.6640343
1,1,1,0.80254984
1,1,1,0.69562846
1,1,0,0.28472686
1,1,0,0.32533103
1,1,1,0.5023098
1,0,0,0.22057308
1,0,0,0.30358264
1,0,0,0.04464563
1,0,0,0.09189103
1,1,1,0.59370977
1,1,0,0.45085093
1,0,1,0.5596518
1,0,0,0.0906922
1,0,0,0.2576909
1,0,0,0.4617053
1,1,1,0.6650785
1,0,0,0.299541
1,0,0,0.3173303
1,1,0,0.23309699
1,0,0,0.060172208
1,0,0,0.44619837
1,1,0,0.48485768
1,0,0,0.32204285
1,0,0,0.17180872
1,0,0,0.28106284
1,0,0,0.494478
1,0,0,0.08136601
1,0,0,0.2882437
1,0,0,0.07070361
1,1,0,0.29034805
1,1,0,0.43529388
1,0,0,0.06446182
1,0,0,0.2661235
1,1,0,0.36929187
1,0,0,0.10408462
1,0,0,0.2859031
1,0,1,0.5562628
1,0,1,0.6469754
1,1,0,0.2231133
1,1,0,0.27022138
1,0,0,0.24615164
1,1,1,0.56438214
1,1,1,0.59490705
1,0,1,0.67125124
1,1,0,0.20345479
1,0,0,0.23443957
1,0,0,0.27065733
1,0,0,0.16565868
1,0,0,0.15716794
1,1,1,0.8447205
1,1,1,0.7027954
1,1,1,0.56569827
1,0,1,0.67064977
1,1,0,0.3578398
1,1,0,0.30131242
1,0,1,0.55417234
1,0,0,0.21388456
1,0,1,0.6006662
1,0,0,0.28447104
1,1,0,0.35920462
1,0,0,0.4641547
1,0,0,0.11489336
1,1,1,0.7420618
1,0,0,0.20562302
1,0,0,0.35832086
1,0,0,0.15558884
1,0,0,0.3206877
1,0,0,0.12684907
1,0,0,0.056817308
1,0,0,0.2910888
1,0,0,0.105232365
1,0,0,0.09462365
1,0,0,0.18267277
1,0,0,0.13574569
1,0,0,0.3208355
1,0,0,0.213707
1,1,0,0.38907045
1,1,1,0.5166881
1,0,0,0.29371297
1,0,0,0.20686507
1,0,0,0.11090122
1,0,0,0.16481048
1,1,0,0.21292043
1,1,0,0.34255356
1,0,0,0.16947524
1,0,0,0.24369366
1,1,0,0.46211505
1,0,0,0.3067028
1,1,1,0.5471891
1,1,1,0.5139797
1,0,0,0.16095002
1,0,1,0.5026625
1,0,0,0.08394004
1,1,1,0.7834144
1,1,1,0.7665136
1,0,0,0.22357614
1,0,1,0.692046
1,0,0,0.18973216
1,0,0,0.20865682
1,1,1,0.69958395
1,0,0,0.045697168
1,0,0,0.14331044
1,1,1,0.722514
1,1,1,0.50844747
1,0,1,0.76987994
1,0,0,0.43104663
1,0,1,0.56572825
1,0,1,0.62301964
1,0,0,0.32071722
1,0,0,0.136801
1,0,0,0.3132915
1,1,1,0.8785419
1,0,1,0.7000471
1,1,1,0.78592247
1,0,0,0.4144413
1,1,1,0.8596645
1,0,0,0.3638925
1,1,1,0.9214834
1,0,0,0.363602
1,0,1,0.53746057
1,1,1,0.9259148
1,0,0,0.36604524
1,1,1,0.6150297
1,0,1,0.5499734
1,0,0,0.11841518
1,1,1,0.69829273
1,0,0,0.4770546
1,1,1,0.95758384
1,0,1,0.65185827
1,1,1,0.63230276
1,0,1,0.52628887
1,0,1,0.5976263
1,0,1,0.53120756
1,1,1,0.779438
1,1,1,0.89438426
1,1,1,0.9447506
1,0,0,0.47205526
1,1,1,0.7198994
1,0,0,0.12277425
1,0,0,0.39474756
1,0,0,0.37527007
1,1,1,0.7863501
1,0,1,0.5199095
1,1,1,0.65233195
1,1,1,0.6401625
1,0,0,0.44771415
1,0,0,0.47893295
1,1,0,0.4452214
1,0,1,0.7701912
1,0,0,0.31862247
1,0,0,0.070781894
1,1,1,0.5203221
1,1,1,0.7277633
1,0,0,0.2909465
1,1,1,0.84929204
1,0,1,0.7725717
1,1,1,0.7077277
1,0,0,0.23816682
1,0,1,0.8445675
1,0,1,0.6761749
1,1,1,0.8649456
1,1,1,0.51902175
1,0,0,0.123382516
1,0,0,0.29402664
1,0,0,0.4980612
1,0,1,0.5427504
1,1,0,0.4975325
1,1,1,0.71690714
1,1,1,0.65446585
1,1,1,0.51767194
1,1,1,0.8408331
1,1,0,0.42750618
1,0,0,0.3705955
1,1,1,0.863766
1,0,0,0.48712435
1,1,1,0.652566
1,0,0,0.39715272
1,1,1,0.85878503
1,1,1,0.8684449
1,1,1,0.8543653
1,1,1,0.9170391
1,0,1,0.7033265
1,0,0,0.48352078
1,0,0,0.1924553
1,1,1,0.7911821
1,1,1,0.78817856
1,0,1,0.5506674
1,1,1,0.55776066
1,1,1,0.73800266
1,0,0,0.17043702
1,0,1,0.7236594
1,0,1,0.56903857
1,1,1,0.82755506
1,0,1,0.54139715
1,1,1,0.85609293
1,0,1,0.72046596
1,1,1,0.9146156
1,0,1,0.8375661
1,1,1,0.6549784
1,1,1,0.6178185
1,0,1,0.6320398
1,1,0,0.49734074
1,0,0,0.121141165
1,1,1,0.80635774
1,0,0,0.28287488
1,1,1,0.50523525
1,0,0,0.29718146
1,0,0,0.40113807
1,0,1,0.8471098
1,1,1,0.77438563
1,1,1,0.73657346
1,0,1,0.57049084
1,1,1,0.54164195
1,1,1,0.70905787
1,0,0,0.36172286
1,1,0,0.41785312
1,0,1,0.72753644
1,1,0,0.4526797
1,1,1,0.72204125
1,0,1,0.6265686
1,1,1,0.6618732
1,1,1,0.52618957
1,1,1,0.6575094
1,1,1,0.6448757
1,0,0,0.35433003
1,0,1,0.5522038
1,1,1,0.80091643
1,0,0,0.4416671
1,0,0,0.29105684
1,1,1,0.6058863
1,0,1,0.61580807
1,1,1,0.870919
1,1,0,0.2478047
1,0,0,0.2457028
1,0,0,0.13882868
1,0,0,0.088964954
1,1,0,0.3373195
1,0,0,0.16231775
1,1,0,0.30717522
1,0,0,0.28499663
1,1,1,0.8665783
1,1,1,0.83819276
1,1,1,0.682046
1,1,1,0.67686516
1,1,1,0.6785873
1,1,1,0.6882573
1,0,1,0.8413973
1,1,1,0.7603697
1,1,1,0.91263103
1,0,1,0.9149799
1,0,1,0.63186204
1,1,1,0.8493541
1,1,1,0.86885166
1,1,0,0.4604447
1,0,0,0.10091384
1,0,0,0.26075783
1,1,1,0.694375
1,0,0,0.2098425
1,1,1,0.82484746
1,0,0,0.30484906
1,0,1,0.656364
1,0,1,0.67437613
1,1,1,0.73903555
1,1,1,0.92343926
1,1,1,0.93433976
1,1,1,0.67838913
1,1,1,0.85508806
1,1,1,0.94533736
1,0,1,0.78092635
1,1,1,0.79298174
1,1,0,0.39692703
1,1,1,0.9232632
1,1,1,0.7659755
1,1,1,0.9256726
1,0,0,0.25959054
1,0,1,0.8197387
1,1,1,0.8735516
1,1,0,0.28332192
1,1,1,0.62890255
1,1,1,0.7899087
1,1,1,0.6164773
1,1,0,0.46187338
1,0,0,0.11598176
1,0,1,0.5929734
1,0,0,0.21036255
1,1,1,0.5726152
1,0,0,0.27248186
1,1,1,0.66499424
1,0,0,0.24727498
1,0,1,0.6631047
1,0,1,0.6893882
1,1,0,0.2314726
1,0,0,0.33162436
1,0,1,0.6327683
1,0,0,0.1477033
1,0,1,0.9367459
1,0,1,0.51925206
1,1,1,0.8161274
1,0,0,0.43971962
1,0,1,0.5140493
1,0,1,0.5465063
1,1,1,0.7380691
1,1,1,0.6737728
1,1,1,0.71190053
1,1,1,0.7960353
1,0,0,0.27625972
1,1,1,0.55811983
1,1,0,0.2241069
1,1,1,0.86031246
1,1,0,0.48971683
1,0,0,0.08612507
1,1,1,0.7531541
1,1,1,0.7129187
1,0,1,0.804547
1,0,0,0.23724923
1,0,1,0.72906
1,0,1,0.668998
1,0,1,0.53857106
1,0,1,0.781895
1,1,1,0.9077503
1,1,1,0.7166475
1,1,1,0.8923846
1,0,1,0.8495624
1,1,1,0.54715717
1,1,0,0.41106585
1,1,0,0.48132783
1,0,1,0.56158864
1,1,1,0.53533244
1,1,1,0.5935264
1,0,1,0.5308871
1,1,1,0.5398392
1,1,1,0.62203264
1,0,0,0.27001268
1,0,1,0.914647
1,0,1,0.67846936
1,0,1,0.5186097
1,1,1,0.8426344
1,1,1,0.73357093
1,1,1,0.8883703
1,0,0,0.38351348
1,0,1,0.62880677
1,1,1,0.7864724
1,0,1,0.76673883
1,0,0,0.3927158
1,1,1,0.77717775
1,0,0,0.37585956
1,0,1,0.8078438
1,1,1,0.8414147
1,0,0,0.37614018
1,0,0,0.4773814
1,0,1,0.59802663
1,1,1,0.892013
1,0,1,0.76315945
1,1,1,0.8721294
1,0,1,0.81347656
1,1,1,0.90333664
1,0,1,0.63054895
1,1,1,0.8276097
1,1,1,0.7829275
1,1,1,0.910043
1,0,1,0.78802115
1,1,1,0.55435216
1,0,0,0.45355526
1,0,1,0.8284547
1,0,0,0.44149247
1,1,1,0.5740212
1,0,0,0.466059
1,0,0,0.41870043
1,1,1,0.60654384
1,1,1,0.70110214
1,0,0,0.48865223
1,1,1,0.59430635
1,0,0,0.27843684
1,1,1,0.7427699
1,1,1,0.615505
1,1,1,0.5599424
1,0,0,0.3142067
1,1,1,0.7809643
1,0,0,0.37030804
1,1,1,0.8748915
1,1,1,0.66879356
1,1,1,0.61388975
1,1,1,0.8808255
1,0,1,0.61548406
1,0,0,0.44165188
1,0,0,0.13808294
1,1,1,0.91418666
1,1,1,0.86838144
1,0,1,0.61885685
1,1,1,0.6799208
1,1,1,0.75800335
1,1,1,0.73892856
1,0,0,0.40616623
1,1,1,0.8995929
1,0,0,0.45215878
1,1,1,0.78959423
1,1,1,0.9691348
1,1,1,0.9267053
1,0,1,0.54877454
1,0,1,0.53251654
1,0,1,0.55117136
1,1,1,0.8872436
1,1,1,0.75914276
1,1,1,0.506143
1,1,1,0.82397145
1,0,0,0.28542796
1,1,1,0.8921532
1,0,1,0.8039785
1,0,0,0.34745452
1,0,1,0.5381429
1,1,0,0.32423148
1,1,0,0.44406974
1,1,1,0.60879755
1,0,0,0.37094805
1,0,0,0.25500256
1,0,0,0.45069715
1,1,0,0.49125576
1,0,1,0.5606865
1,1,1,0.5535985
1,0,1,0.69120306
1,1,1,0.5423126
1,0,1,0.6177115
1,1,1,0.85950017
1,1,0,0.4514143
1,1,1,0.51897514
1,0,1,0.6096346
1,0,1,0.6709477
1,0,1,0.55731386
1,0,1,0.5519306
1,1,0,0.49617258
1,0,0,0.30423012
1,0,1,0.71362525
1,0,0,0.45477468
1,1,1,0.69619507
1,1,1,0.7657754
1,1,1,0.79923457
1,1,0,0.32832256
1,0,1,0.63868415
1,0,1,0.51646745
1,1,1,0.86981255
1,1,1,0.7329275
1,1,1,0.6308977
1,1,1,0.7524893
1,0,0,0.4873225
1,1,1,0.7401028
1,0,1,0.5484451
1,1,1,0.8042718
1,0,1,0.5219128
1,1,0,0.28904983
1,0,0,0.07883726
1,0,0,0.4318873
1,1,1,0.6093441
1,1,0,0.40042174
1,0,0,0.04747029
1,1,0,0.41901788
1,1,0,0.35722795
1,0,1,0.63690525
1,0,0,0.10899801
1,1,1,0.8158518
1,0,0,0.35216865
1,1,1,0.57860345
1,1,0,0.49058256
1,0,0,0.44414046
1,1,1,0.640016
1,0,0,0.36191112
1,0,1,0.60172486
1,0,1,0.56490076
1,0,1,0.62806976
1,1,1,0.752698
1,0,0,0.1880089
1,1,1,0.5315414
1,0,0,0.44515103
1,0,0,0.40254438
1,0,1,0.5332406
1,0,0,0.46285877
1,0,1,0.5531388
1,1,0,0.24607286
1,0,0,0.35891193
1,1,1,0.8441364
1,0,1,0.63198036
1,1,0,0.39592445
1,1,0,0.32347867
1,1,0,0.40234426
1,0,1,0.5971908
1,0,0,0.21514145
1,0,0,0.25943166
1,1,0,0.443427
1,1,1,0.85639465
1,1,1,0.8805103
1,0,0,0.26129416
1,1,1,0.7782753
1,0,0,0.3960352
1,0,1,0.863397
1,1,0,0.38217062
1,0,0,0.38993737
1,1,1,0.5427065
1,1,0,0.15170325
1,0,1,0.6231621
1,1,1,0.5446915
1,0,1,0.5568457
1,1,1,0.73555666
1,1,1,0.7714879
1,0,1,0.6642556
1,0,1,0.78077215
1,1,1,0.82680786
1,1,1,0.55879855
1,0,0,0.4708908
1,1,1,0.8233222
1,0,1,0.5598743
1,0,0,0.20878386
1,1,1,0.7310352
1,1,1,0.7996031
1,1,0,0.48034927
1,0,0,0.3420748
1,1,1,0.6722276
1,1,1,0.7341352
1,0,0,0.39768162
1,0,0,0.4442617
1,0,1,0.73934287
1,0,0,0.15490931
1,1,1,0.7542081
1,0,0,0.3316266
1,0,1,0.8657881
1,0,1,0.8772093
1,1,1,0.71362394
1,1,1,0.80416566
1,1,0,0.2736248
1,0,0,0.439498
1,1,1,0.80045384
1,0,0,0.20468603
1,0,0,0.23909084
1,0,0,0.2535021
1,1,1,0.5149804
1,0,1,0.733517
1,0,0,0.45301238
1,0,0,0.2877009
1,1,0,0.21592219
1,1,0,0.3065444
1,0,1,0.6520207
1,1,1,0.60686123
1,0,1,0.64890826
1,0,1,0.75811803
1,0,0,0.3093497
1,0,0,0.46689898
1,1,1,0.53670275
1,1,1,0.8737264
1,0,1,0.68674994
1,1,1,0.7638767
1,0,0,0.39989132
1,1,1,0.8416778
1,0,0,0.45049086
1,0,1,0.5518293
1,0,1,0.6615655
1,1,1,0.78863496
1,1,1,0.9184987
1,0,0,0.4158947
1,1,1,0.7973004
1,1,1,0.64844364
1,0,1,0.5061737
1,1,1,0.5810814
1,0,0,0.20769629
1,1,1,0.72398996
1,1,1,0.94629693
1,1,0,0.43811908
1,1,1,0.8131613
1,1,1,0.90589935
1,0,1,0.7230316
1,0,0,0.28356332
1,1,0,0.18230265
1,0,0,0.32212782
1,1,0,0.17290065
1,1,1,0.8261329
1,0,0,0.49808443
1,0,0,0.49496326
1,0,0,0.3059353
1,1,1,0.9536579
1,0,1,0.64726925
1,1,1,0.72820675
1,0,0,0.25889793
1,0,1,0.536041
1,1,1,0.8756149
1,1,1,0.5413469
1,1,1,0.8927873
1,1,1,0.6034677
1,0,1,0.6285373
1,1,1,0.6967574
1,0,0,0.15444979
1,0,0,0.3502845
1,0,0,0.2673276
1,1,0,0.3785515
1,0,0,0.25130194
1,0,0,0.45185593
1,0,0,0.15201382
1,0,0,0.34165093
1,0,0,0.22660345
1,1,1,0.8352912
1,0,0,0.26703075
1,1,0,0.2692074
1,0,0,0.42140603
1,0,0,0.3263585
1,0,0,0.058825083
1,1,0,0.4992911
1,1,1,0.8071121
1,1,1,0.75162184
1,1,0,0.46869084
1,1,0,0.36734036
1,0,1,0.5600403
1,1,1,0.9591059
1,0,1,0.5789169
1,1,0,0.44872916
1,0,1,0.6954208
1,0,1,0.8667747
1,0,0,0.47711244
1,1,1,0.79849434
1,1,1,0.8488801
1,1,1,0.87156206
1,1,1,0.69638836
1,0,1,0.73446065
1,0,0,0.34505585
1,0,1,0.73237664
1,0,1,0.64545804
1,0,0,0.4875478
1,1,1,0.7781215
1,0,0,0.4763104
1,1,1,0.87400115
1,0,0,0.40843138
1,0,0,0.42525694
1,0,1,0.6423971
1,0,0,0.18914959
1,1,1,0.7932672
1,1,1,0.53076416
1,0,0,0.47225153
1,1,1,0.84061885
1,0,0,0.26936835
1,0,1,0.7007124
1,1,1,0.6689242
1,1,1,0.7764313
1,0,1,0.60926175
1,1,1,0.74621785
1,1,1,0.5211565
1,0,1,0.8112626
1,0,0,0.3832942
1,0,0,0.4072977
1,0,1,0.51740634
1,0,1,0.7858294
1,1,0,0.17290065
1,0,0,0.3239613
1,0,1,0.8409642
1,0,0,0.4080792
1,0,0,0.27859643
1,1,1,0.9574122
1,1,1,0.7786947
1,1,0,0.33253184
1,0,0,0.2902486
1,1,1,0.6334813
1,0,1,0.54268306
1,1,1,0.8956839
1,1,1,0.77697945
1,0,0,0.2753886
1,0,1,0.5402436
1,1,1,0.7883109
1,0,1,0.7783964
1,0,1,0.5627137
1,1,1,0.55941594
1,1,1,0.8875304
1,0,0,0.49829444
1,0,1,0.77859074
1,0,0,0.32742342
1,1,1,0.9236855
1,0,1,0.5750948
1,0,1,0.76022273
1,1,1,0.7690718
1,1,1,0.86041653
1,1,1,0.6705828
1,1,0,0.1998457
1,1,0,0.46517104
1,1,0,0.42902693
1,0,0,0.4145323
1,1,1,0.881098
1,1,0,0.43949273
1,0,0,0.4954999
1,1,1,0.53018415
1,0,0,0.05265702
1,1,1,0.86819315
1,0,1,0.6064528
1,1,1,0.7127828
1,1,1,0.661086
1,1,1,0.7344395
1,0,1,0.5690342
1,0,0,0.4769662
1,0,1,0.7712804
1,1,1,0.67556417
1,0,1,0.62905383
1,0,1,0.59455025
1,0,1,0.562175
1,0,0,0.38366136
1,0,0,0.25220275
1,1,1,0.862143
1,1,1,0.6464912
1,0,1,0.5029777
1,1,1,0.7644467
1,0,1,0.5416254
1,0,1,0.7631402
1,1,1,0.6748943
1,1,1,0.80010426
1,1,1,0.88429314
1,0,1,0.5767839
1,1,1,0.9294802
1,0,0,0.20991348
1,0,1,0.6382968
1,0,1,0.5229443
1,1,1,0.9112974
1,1,1,0.8254394
1,0,0,0.39201963
1,0,1,0.66006815
1,0,0,0.18094501
1,0,0,0.4766532
1,1,1,0.53397566
1,0,0,0.47533813
1,1,1,0.7568788
1,0,1,0.74138975
1,0,1,0.7020758
1,0,0,0.38061768
1,1,1,0.88154614
1,1,1,0.8869566
1,1,1,0.690382
1,1,1,0.8039848
1,0,0,0.49509606
1,1,1,0.7340322
1,0,1,0.57015747
1,1,1,0.90614635
1,1,0,0.47127923
1,1,1,0.5630676
1,0,1,0.78992385
1,1,1,0.888715
1,1,1,0.68335724
1,0,1,0.6909511
1,1,1,0.5980136
1,0,1,0.8181823
1,0,1,0.66010636
1,1,1,0.61070496
1,0,0,0.41803813
1,0,0,0.45006835
1,1,1,0.9027444
1,1,1,0.83756787
1,1,1,0.5924593
1,0,0,0.42110023
1,1,0,0.35343853
1,1,1,0.59005636
1,0,1,0.7567322
1,0,1,0.6565589
1,0,0,0.43105972
1,1,1,0.68655515
1,0,1,0.74336416
1,1,1,0.6320085
1,0,0,0.33728033
1,0,1,0.80947787
1,1,1,0.5237093
1,0,1,0.72401255
1,1,1,0.5140129
1,1,1,0.6431202
1,0,1,0.5298374
1,1,1,0.6596628
1,0,1,0.6539019
1,0,1,0.6236518
1,1,1,0.7252195
1,0,1,0.68714577
1,0,0,0.12043391
1,1,1,0.7296363
1,1,1,0.6053855
1,0,1,0.5418111
1,0,1,0.6997603
1,0,1,0.79103357
1,1,1,0.7266095
1,0,0,0.15617536
1,1,1,0.8548905
1,0,0,0.33610687
1,1,1,0.8637958
1,0,0,0.3596643
1,0,0,0.29801863
1,1,1,0.53792274
1,0,0,0.39751163
1,1,1,0.5190303
1,1,0,0.48797187
1,1,1,0.6139542
1,0,0,0.37742248
1,0,0,0.34948877
1,1,1,0.81617904
1,0,0,0.47588083
1,0,0,0.48004147
1,0,0,0.38565287
1,1,1,0.7697996
1,0,0,0.14463505
1,1,1,0.7648543
1,0,0,0.119416006
1,0,0,0.4434964
1,0,0,0.32737482
1,0,0,0.19432443
1,1,0,0.15888104
1,0,0,0.47373882
1,0,0,0.3534501
1,0,1,0.57651174
1,0,1,0.656966
1,0,0,0.3236664
1,1,0,0.096965395
1,1,1,0.6632158
1,1,0,0.4995466
1,1,0,0.46488968
1,1,1,0.8280007
1,0,1,0.7198158
1,1,1,0.70497084
1,1,0,0.23609968
1,1,1,0.76243967
1,1,0,0.4606453
1,0,0,0.49461547
1,0,0,0.46454984
1,1,1,0.90263116
1,1,0,0.20516786
1,0,0,0.46270797
1,1,0,0.46883208
1,0,1,0.5048523
1,1,1,0.51313376
1,0,1,0.5485674
1,1,1,0.7647465
1,0,0,0.45800614
1,0,0,0.32991496
1,1,1,0.65904176
1,0,0,0.2736992
1,0,1,0.76819646
1,1,0,0.16027537
1,1,1,0.840195
1,1,1,0.8403248
1,0,1,0.5918231
1,0,1,0.7209074
1,0,0,0.31537458
1,1,0,0.4777471
1,1,1,0.72516227
1,0,1,0.51766056
1,0,1,0.7981874
1,1,0,0.27803499
1,0,1,0.6006214
1,0,0,0.182489
1,1,1,0.8517549
1,0,0,0.08658111
1,0,1,0.6429213
1,1,1,0.9197373
1,1,1,0.8965359
1,1,1,0.78704774
1,1,1,0.8511504
1,1,1,0.54487723
1,1,1,0.9248595
1,1,1,0.76671076
1,1,1,0.8021778
1,0,0,0.3204933
1,1,1,0.9043481
1,0,0,0.3567734
1,0,1,0.5666735
1,0,0,0.14165148
1,1,1,0.7585886
1,0,1,0.6756112
1,1,1,0.8174443
1,1,0,0.36285594
1,1,1,0.8455775
1,0,1,0.7983597
1,0,1,0.61664474
1,1,1,0.86319417
1,0,0,0.22340561
1,0,0,0.20201056
1,0,1,0.7038375
1,0,0,0.35469797
1,0,0,0.28136584
1,0,0,0.325691
1,0,0,0.16496564
1,0,0,0.36698487
1,0,0,0.34861654
1,1,1,0.7823369
1,1,1,0.8971467
1,0,0,0.33013934
1,1,1,0.52457255
1,0,1,0.6087001
1,1,1,0.6412015
1,0,1,0.5430617
1,1,0,0.38565323
1,0,0,0.49540833
1,0,1,0.6802218
1,0,1,0.5815397
1,1,0,0.34451318
1,0,0,0.3575921
1,0,0,0.29126537
1,1,1,0.81650275
1,0,1,0.9462281
1,0,1,0.78276706
1,0,1,0.7573251
1,0,1,0.6306794
1,1,1,0.8587587
1,0,1,0.5526209
1,1,1,0.58460826
1,1,1,0.88166356
1,0,1,0.5509172
1,1,1,0.9032779
1,1,1,0.8217537
1,0,0,0.41430023
1,1,1,0.86529344
1,0,0,0.20436595
1,1,1,0.6976949
1,1,1,0.5195919
1,1,0,0.3647548
1,0,1,0.70945036
1,0,0,0.32694885
1,0,0,0.34376526
1,1,1,0.6489703
1,0,0,0.36452636
1,0,1,0.83271426
1,1,0,0.23808473
1,0,1,0.6773429
1,1,1,0.5768849
1,1,1,0.80997264
1,0,0,0.43444487
1,1,1,0.5621558
1,1,1,0.6010644
1,0,1,0.8655921
1,0,0,0.3835701
1,0,1,0.53958446
1,0,0,0.28946877
1,0,1,0.5223988
1,1,1,0.79820836
1,1,0,0.44225585
1,0,0,0.40568098
1,1,1,0.8530237
1,1,0,0.2886836
1,0,1,0.53140575
1,0,0,0.27082586
1,1,1,0.91713494
1,0,1,0.70187056
1,0,0,0.49521908
1,1,0,0.24433358
1,1,0,0.47509006
1,0,1,0.6079734
1,0,1,0.810523
1,0,1,0.6243682
1,0,1,0.55570626
1,1,1,0.81245947
1,0,0,0.35714796
1,0,0,0.24220896
1,0,0,0.3589249
1,1,1,0.82762367
1,1,1,0.7639145
1,1,1,0.80816007
1,1,1,0.8502597
1,0,1,0.6451214
1,1,0,0.48492423
1,1,1,0.8706009
1,0,1,0.51033753
1,0,0,0.39497483
1,1,1,0.53963
1,0,0,0.2532189
1,0,0,0.46911258
1,1,1,0.6052405
1,0,0,0.19632731
1,1,0,0.22733553
1,1,1,0.8211388
1,1,1,0.64565647
1,0,0,0.49216285
1,1,1,0.54679227
1,0,1,0.8306616
1,0,0,0.09683372
1,1,1,0.58859694
1,0,0,0.3176902
1,0,1,0.55925804
1,0,1,0.71354926
1,1,1,0.7872044
1,0,1,0.62617165
1,1,1,0.83844066
1,0,0,0.20649096
1,0,1,0.6089907
1,1,1,0.6282701
1,1,1,0.6826951
1,0,0,0.4182182
1,0,0,0.14490372
1,0,0,0.06468083
1,1,1,0.56080925
1,0,1,0.63079166
1,1,1,0.93474925
1,1,1,0.80643964
1,0,0,0.10481912
1,1,1,0.7426969
1,0,1,0.58727556
1,1,1,0.6902959
1,0,0,0.46296856
1,0,1,0.6703622
1,0,0,0.18155904
1,1,0,0.38472137
1,1,1,0.5487435
1,0,0,0.20771168
1,0,1,0.55579644
1,0,1,0.5458477
1,1,0,0.41043726
1,1,1,0.8455933
1,0,1,0.506432
1,1,1,0.8542703
1,0,1,0.5697569
1,1,1,0.67702174
1,0,0,0.43244538
1,0,0,0.09331447
1,0,1,0.6933682
1,1,1,0.60169464
1,1,1,0.9142467
1,1,1,0.83402395
1,1,1,0.69619733
1,0,0,0.3559553
1,1,1,0.77663004
1,0,0,0.4095257
1,0,1,0.7029306
1,0,1,0.7163565
1,1,1,0.8182011
1,0,1,0.7515044
1,0,0,0.3600357
1,0,1,0.63663346
1,1,1,0.8268043
1,1,1,0.56258154
1,0,1,0.67970145
1,0,1,0.7016678
1,0,1,0.6419304
1,0,1,0.6377942
1,1,1,0.58905923
1,1,1,0.548095
1,1,1,0.8185322
1,1,1,0.6103829
1,0,1,0.7419772
1,1,0,0.29811895
1,0,1,0.5461406
1,1,1,0.8154066
1,0,0,0.37420455
1,0,1,0.560718
1,0,0,0.394244
1,1,1,0.75917345
1,1,1,0.75203216
1,0,1,0.6424532
1,1,0,0.4101434
1,0,0,0.08422534
1,0,1,0.68652475
1,0,0,0.41260752
1,0,1,0.52324134
1,1,1,0.55029494
1,0,0,0.28447276
1,1,0,0.34337154
1,0,0,0.12824963
1,1,0,0.32439882
1,0,0,0.46068275
1,1,1,0.7109285
1,1,1,0.5863156
1,1,0,0.32073334
1,1,1,0.70948106
1,0,0,0.2661401
1,0,0,0.4313653
1,0,0,0.36723027
1,0,0,0.21713716
1,0,1,0.60933566
1,0,0,0.23852049
1,0,0,0.3821688
1,1,1,0.6795342
1,1,1,0.88088757
1,0,1,0.59854573
1,1,1,0.7116143
1,1,1,0.6089372
1,0,0,0.3309778
1,1,1,0.76772064
1,0,1,0.6508997
1,0,1,0.5962062
1,1,1,0.6881683
1,1,0,0.45455867
1,1,1,0.53449255
1,0,0,0.45367128
1,0,0,0.22848545
1,0,0,0.4472865
1,0,1,0.523792
1,1,1,0.6331008
1,1,1,0.6496025
1,0,0,0.29394805
1,0,0,0.21156773
1,0,0,0.12718773
1,1,1,0.5149059
1,0,0,0.41705883
1,0,0,0.12309134
1,0,0,0.4009424
1,0,0,0.42757276
1,0,0,0.07923519
1,1,1,0.5845227
1,1,1,0.622184
1,0,0,0.12779996
1,1,1,0.615602
1,1,1,0.615415
1,1,1,0.5551722
1,0,0,0.4536497
1,0,0,0.24585876
1,0,1,0.5698936
1,0,0,0.40155125
1,1,1,0.62041444
1,1,1,0.6565192
1,0,0,0.13177536
1,0,0,0.42609003
1,0,0,0.13224654
1,1,0,0.39842167
1,0,1,0.5060008
1,1,0,0.22825974
1,1,1,0.6180024
1,1,0,0.4345466
1,0,0,0.38397947
1,0,0,0.12543175
1,1,0,0.26956505
1,0,0,0.14358342
1,0,1,0.78881526
1,0,1,0.69734174
1,0,0,0.35402676
1,1,1,0.54960614
1,0,0,0.11201598
1,1,1,0.6716569
1,0,0,0.34294033
1,1,0,0.45183057
1,1,0,0.33385542
1,0,0,0.33149102
1,1,1,0.66596574
1,1,1,0.93410003
1,1,1,0.640113
1,0,0,0.4553721
1,0,1,0.5206738
1,0,0,0.114944525
1,0,0,0.48464614
1,1,1,0.6005258
1,0,0,0.47395298
1,0,1,0.5232923
1,1,0,0.4934092
1,1,1,0.580298
1,0,1,0.58932
1,1,1,0.633155
1,0,0,0.33818045
1,0,1,0.5521146
1,0,0,0.3980892
1,0,1,0.51367676
1,1,1,0.6424542
1,1,1,0.5862273
1,0,1,0.72685105
1,0,1,0.5835039
1,1,1,0.5907128
1,1,1,0.8561113
1,1,1,0.575207
1,0,1,0.5306321
1,1,1,0.65703505
1,0,0,0.31430715
1,1,1,0.8039675
1,0,0,0.372195
1,1,1,0.7195242
1,1,1,0.6095363
1,0,1,0.623592
1,0,0,0.17461057
1,0,0,0.22736265
1,0,0,0.15557729
1,1,1,0.63830423
1,0,1,0.59000474
1,0,1,0.6083096
1,1,1,0.66435546
1,1,1,0.6120292
1,0,0,0.47578847
1,0,0,0.21847801
1,0,1,0.53440267
1,1,1,0.62027335
1,1,1,0.7081575
1,0,1,0.6301062
1,0,1,0.57736695
1,1,1,0.5351638
1,0,1,0.6355222
1,0,1,0.6496535
1,0,0,0.42708874
1,0,0,0.4923066
1,0,0,0.38420597
1,0,1,0.58608025
1,1,1,0.52497
1,0,0,0.48630577
1,1,0,0.47691977
1,1,1,0.5929431
1,0,1,0.51519805
1,1,1,0.55646056
1,0,0,0.4244714
1,0,1,0.54355407
1,0,1,0.5416805
1,1,0,0.4907495
1,0,1,0.7309197
1,1,1,0.72448665
1,1,1,0.5702891
1,1,1,0.70520216
1,1,0,0.47228372
1,0,0,0.4077538
1,1,1,0.60903347
1,1,1,0.57524455
1,0,0,0.32176164
1,0,1,0.62974125
1,1,1,0.7233261
1,1,1,0.6425597
1,1,1,0.60929406
1,0,1,0.5690847
1,1,0,0.49342537
1,0,0,0.35277057
1,0,1,0.5409718
1,0,0,0.1477478
1,1,0,0.26838753
1,0,1,0.56064385
1,1,1,0.66258866
1,0,0,0.35406262
1,1,1,0.74180746
1,1,0,0.41561002
1,0,0,0.3846151
1,0,0,0.34958184
1,0,0,0.18444696
1,0,0,0.22674906
1,0,0,0.28883463
1,0,1,0.5948505
1,0,1,0.65814847
1,1,1,0.6497328
1,0,1,0.6667573
1,0,1,0.64288086
1,0,0,0.1692185
1,0,0,0.48886862
1,1,1,0.59745955
1,1,0,0.4036237
1,0,0,0.46830902
1,1,1,0.71451503
1,1,1,0.67060584
1,0,0,0.33126196
1,0,1,0.61997426
1,1,1,0.52936167
1,1,1,0.5684393
1,0,0,0.46760675
1,1,1,0.65859914
1,1,1,0.63175344
1,0,1,0.670107
1,0,1,0.60369015
1,1,1,0.6136423
1,0,0,0.28386378
1,1,1,0.6017961
1,0,0,0.36992222
1,0,1,0.5465038
1,1,0,0.43298578
1,0,1,0.68335414
1,1,1,0.69469345
1,1,1,0.5962393
1,0,0,0.13669406
1,0,0,0.19138587
1,1,0,0.3887573
1,1,1,0.55501455
1,1,0,0.27604353
1,0,0,0.44893238
1,0,0,0.31296298
1,0,0,0.43397832
1,1,0,0.40968892
1,0,0,0.45839944
1,0,0,0.4602721
1,1,1,0.5585016
1,1,1,0.7914161
1,1,1,0.5572532
1,1,1,0.5265052
1,0,0,0.14303194
1,0,1,0.7568832
1,0,0,0.45986447
1,1,1,0.7512569
1,0,0,0.43304145
1,0,0,0.2892663
1,1,1,0.5540636
1,0,1,0.5118633
1,0,1,0.620077
1,1,1,0.660608
1,1,1,0.53492445
1,0,1,0.61207795
1,0,0,0.23130293
1,1,1,0.8933807
1,1,1,0.8172719
1,1,0,0.13880424
1,1,1,0.6230263
1,0,1,0.7835841
1,1,1,0.8644628
1,0,0,0.47135055
1,0,0,0.19793096
1,1,0,0.117493086
1,0,1,0.66088104
1,0,1,0.8683526
1,1,1,0.8411622
1,0,1,0.50120986
1,1,0,0.33591565
1,1,1,0.6326975
1,0,1,0.5356199
1,0,0,0.122656256
1,1,0,0.47784585
1,0,1,0.7460766
1,1,1,0.7270247
1,0,1,0.5214975
1,0,1,0.7509235
1,0,1,0.54347104
1,0,1,0.565817
1,0,0,0.07631721
1,1,1,0.7606528
1,0,0,0.23973012
1,1,1,0.5155073
1,1,1,0.65797347
1,1,1,0.8231337
1,0,0,0.40663928
1,1,1,0.5670969
1,1,0,0.4833202
1,0,0,0.45852515
1,0,0,0.4800242
1,0,0,0.24193272
1,1,1,0.9109149
1,0,1,0.6657557
1,1,1,0.6261458
1,0,0,0.31906745
1,0,1,0.54406136
1,0,0,0.35657033
1,1,1,0.79116696
1,0,1,0.57501376
1,1,1,0.77811795
1,1,1,0.5648864
1,0,1,0.5385325
1,1,1,0.82048315
1,1,0,0.34908012
1,1,1,0.5020152
1,1,1,0.68376976
1,1,1,0.56360996
1,1,1,0.85085946
1,0,0,0.41647226
1,0,1,0.52123475
1,0,0,0.22981527
1,1,1,0.9101147
1,0,1,0.6936053
1,0,1,0.53427064
1,1,1,0.9320971
1,1,1,0.5466758
1,1,1,0.8750004
1,0,0,0.23729496
1,1,1,0.7102597
1,0,0,0.2175199
1,1,0,0.49724197
1,1,1,0.71968967
1,0,1,0.6131464
1,0,1,0.55055714
1,0,1,0.761403
1,1,0,0.20453157
1,0,0,0.38258037
1,0,1,0.5911326
1,0,0,0.20086055
1,1,0,0.15699503
1,0,1,0.79914963
1,1,1,0.5148003
1,1,1,0.5333352
1,1,1,0.633593
1,0,1,0.5314068
1,1,1,0.6313246
1,0,1,0.6367789
1,1,1,0.6654748
1,0,0,0.30668047
1,0,0,0.3803624
1,1,0,0.2207954
1,0,0,0.22786865
1,0,0,0.2377144
1,1,0,0.2854406
1,0,1,0.6420311
1,1,1,0.56038344
1,0,0,0.0621346
1,0,0,0.30786923
1,0,1,0.55462116
1,0,0,0.35076162
1,1,1,0.86517423
1,0,1,0.69740677
1,1,0,0.035457578
1,1,0,0.4641355
1,0,0,0.43475577
1,1,1,0.82764965
1,0,1,0.60492635
1,0,1,0.6796037
1,0,1,0.837391
1,1,1,0.6413879
1,1,1,0.5473549
1,0,0,0.48830315
1,0,1,0.6121568
1,1,1,0.6557833
1,0,0,0.4018683
1,1,1,0.6223097
1,1,0,0.32252067
1,1,0,0.40140915
1,0,0,0.14527048
1,0,0,0.2215734
1,0,0,0.24415526
1,1,1,0.5361457
1,0,1,0.5373652
1,0,0,0.20593503
1,0,0,0.18474498
1,0,1,0.77392614
1,0,1,0.5204993
1,1,1,0.6606719
1,1,1,0.64075583
1,0,1,0.539807
1,0,0,0.36069116
1,0,0,0.48348323
1,1,1,0.5875557
1,1,1,0.5194425
1,0,0,0.4183886
1,0,0,0.46383348
1,1,1,0.6107034
1,1,1,0.6441293
1,1,1,0.6574314
1,1,1,0.6206554
1,0,0,0.46131343
1,1,1,0.55253637
1,1,1,0.819799
1,1,1,0.70022535
1,0,1,0.7233658
1,0,1,0.690369
1,0,0,0.050045256
1,0,0,0.4157133
1,1,1,0.7815467
1,0,0,0.28321174
1,1,1,0.8054914
1,0,0,0.31408107
1,0,0,0.39449388
1,0,1,0.9197317
1,0,0,0.28961432
1,1,0,0.44686726
1,1,0,0.2950036
1,0,0,0.16520327
1,1,1,0.6878952
1,0,0,0.09844488
1,0,0,0.37399453
1,0,0,0.2710322
1,1,1,0.5010699
1,1,0,0.1437983
1,1,1,0.9275314
1,0,1,0.57427937
1,1,1,0.825318
1,0,0,0.30213323
1,0,0,0.3305624
1,1,1,0.6753073
1,0,1,0.74757904
1,0,1,0.56505543
1,0,0,0.35731786
1,0,0,0.23881358
1,1,1,0.6771994
1,1,1,0.8152054
1,1,1,0.8534001
1,0,0,0.4035427
1,1,1,0.79002595
1,1,1,0.7078269
1,0,0,0.47315472
1,1,1,0.51767296
1,0,1,0.65049934
1,1,0,0.2127068
1,0,0,0.40522948
1,0,0,0.38062853
1,0,0,0.3291971
1,0,0,0.38280058
1,1,1,0.70896494
1,0,1,0.53986734
1,0,0,0.18855129
1,1,1,0.75405604
1,1,0,0.4814072
1,1,1,0.7819853
1,1,1,0.6523074
1,1,1,0.63943976
1,1,1,0.5131375
1,0,0,0.46961576
1,0,0,0.46685582
1,1,1,0.7085733
1,0,0,0.29318976
1,1,1,0.78186566
1,0,1,0.7283084
1,0,0,0.34306043
1,0,0,0.295155
1,0,1,0.62915635
1,1,1,0.67500347
1,0,0,0.0850344
1,0,0,0.29553065
1,1,1,0.79393524
1,0,0,0.09419762
1,1,1,0.6201313
1,1,1,0.6558486
1,0,0,0.16714586
1,1,1,0.85812
1,1,1,0.67146295
1,1,1,0.6621991
1,1,0,0.2709776
1,1,1,0.5814468
1,1,1,0.82918185
1,0,0,0.35516426
1,0,1,0.5418929
1,0,0,0.16520171
1,1,1,0.83466476
1,0,0,0.12939931
1,0,0,0.44798237
1,1,0,0.41900244
1,1,1,0.612794
1,0,1,0.73084
1,0,0,0.41744927
1,0,0,0.351094
1,1,1,0.85982627
1,1,1,0.7311511
1,1,1,0.8204375
1,0,1,0.6577972
1,1,1,0.64729375
1,1,1,0.5665576
1,1,1,0.7246538
1,0,1,0.5734983
1,0,0,0.43864784
1,1,1,0.80636895
1,1,1,0.6706904
1,0,0,0.38448232
1,1,1,0.7336043
1,0,1,0.79815644
1,1,1,0.7994388
1,1,1,0.8606688
1,0,0,0.36558616
1,0,0,0.46012777
1,0,1,0.7300996
1,0,1,0.6095856
1,0,1,0.67674375
1,0,0,0.15773322
1,1,1,0.79920644
1,0,1,0.82928544
1,0,1,0.50003535
1,0,0,0.3627021
1,0,1,0.6398746
1,1,1,0.63085806
1,0,1,0.6550736
1,0,1,0.6615416
1,1,0,0.4420161
1,1,0,0.18235943
1,0,1,0.7385039
1,1,0,0.44254988
1,0,1,0.77395165
1,1,0,0.31396738
1,0,1,0.5190016
1,0,0,0.45176104
1,1,1,0.59643275
1,1,1,0.94008493
1,1,1,0.63099694
1,0,1,0.7627924
1,0,0,0.13642836
1,0,1,0.71675783
1,0,0,0.17005794
1,0,0,0.21157108
1,0,0,0.22985744
1,1,1,0.7674737
1,1,1,0.7748594
1,0,0,0.06127438
1,1,1,0.72047615
1,1,0,0.39667484
1,0,0,0.49187994
1,0,1,0.57650715
1,1,1,0.89576423
1,1,1,0.5623114
1,1,1,0.69516176
1,0,0,0.4259362
1,1,0,0.28512743
1,0,1,0.5768494
1,0,0,0.10647791
1,1,0,0.4722646
1,0,1,0.79461473
1,0,0,0.29190376
1,0,0,0.38126898
1,0,1,0.6022733
1,0,1,0.692418
1,1,1,0.5592865
1,1,0,0.20946558
1,0,1,0.5265861
1,1,1,0.51969105
1,0,1,0.67424977
1,0,0,0.29730862
1,1,1,0.81882215
1,1,1,0.9370735
1,1,1,0.7164818
1,0,1,0.6268745
1,0,1,0.7051423
1,0,1,0.68176734
1,0,0,0.24754155
1,1,1,0.7235234
1,0,1,0.6528537
1,1,1,0.7132242
1,0,0,0.19845308
1,0,1,0.6084611
1,1,1,0.71259415
1,0,0,0.16470438
1,0,1,0.62519723
1,1,1,0.71304685
1,0,0,0.33035406
1,1,1,0.752822
1,1,1,0.6353698
1,1,1,0.58128947
1,1,0,0.44698688
1,0,1,0.7840253
1,0,0,0.11344606
1,1,1,0.58294314
1,1,1,0.9481714
1,1,0,0.43598592
1,1,0,0.350442
1,1,0,0.23681833
1,0,0,0.24342881
1,0,1,0.71809864
1,0,1,0.5885354
1,1,0,0.48326916
1,0,0,0.29485893
1,0,0,0.23467888
1,0,0,0.32127628
1,1,0,0.30267128
1,1,1,0.80498725
1,1,1,0.51548916
1,0,0,0.20883043
1,1,1,0.86615884
1,1,1,0.51325446
1,0,1,0.5112078
1,1,0,0.45925245
1,0,0,0.35185158
1,0,1,0.60125595
1,1,1,0.7080367
1,0,1,0.6708961
1,0,0,0.17114805
1,0,1,0.54075205
1,0,0,0.19993702
1,0,1,0.5526611
1,1,1,0.70173395
1,1,1,0.5459081
1,1,0,0.24943402
1,0,1,0.7694121
1,0,0,0.46685398
1,0,1,0.6234204
1,1,0,0.44639102
1,0,1,0.5652417
1,1,1,0.65123916
1,1,1,0.5608751
1,1,0,0.410687
1,0,1,0.5847263
1,1,1,0.54271364
1,0,0,0.3640268
1,1,1,0.71900153
1,1,1,0.52152365
1,1,1,0.5762656
1,1,0,0.49972942
1,0,1,0.5684753
1,0,1,0.60257554
1,0,0,0.4250402
1,1,0,0.32124716
1,0,0,0.4938593
1,1,0,0.34944674
1,1,1,0.58211315
1,0,1,0.60529184
1,1,1,0.71183515
1,1,1,0.6154936
1,0,0,0.42877445
1,1,1,0.57930344
1,1,0,0.48062027
1,0,1,0.55708194
1,0,1,0.6147826
1,1,1,0.70064384
1,0,0,0.37214565
1,1,1,0.52920824
1,0,0,0.3160002
1,0,0,0.36822957
1,1,1,0.77558047
1,1,1,0.59942895
1,0,1,0.7307478
1,1,1,0.5066918
1,1,1,0.68143153
1,0,1,0.7214589
1,1,1,0.7500288
1,0,1,0.7330677
1,0,0,0.24942328
1,1,1,0.6612986
1,0,1,0.6980011
1,1,1,0.74571735
1,0,1,0.613983
1,0,1,0.55967337
1,1,1,0.529407
1,1,1,0.58892083
1,1,1,0.5228291
1,0,0,0.17758186
1,0,0,0.42456648
1,1,0,0.4244542
1,0,1,0.8017831
1,1,1,0.59649104
1,0,0,0.3672659
1,0,0,0.4897206
1,1,1,0.7310024
1,0,1,0.6926671
1,1,1,0.61144197
1,0,0,0.37150633
1,0,1,0.572625
1,0,0,0.38176906
1,0,1,0.5626658
1,1,1,0.7656145
1,0,1,0.7276997
1,1,0,0.43415615
1,0,0,0.41740745
1,1,1,0.71746093
1,1,1,0.5710111
1,1,1,0.6032782
1,1,1,0.5721768
1,1,1,0.6481674
1,0,0,0.14157784
1,1,0,0.47783682
1,1,0,0.20197436
1,0,0,0.47461614
1,0,0,0.38183504
1,1,1,0.51182026
1,0,0,0.25418344
1,1,1,0.53402096
1,0,1,0.5342595
1,1,1,0.6429869
1,0,0,0.49130306
1,0,1,0.63198644
1,0,0,0.28931186
1,0,1,0.65996987
1,0,0,0.18572517
1,0,1,0.8454109
1,1,1,0.6595593
1,0,0,0.41631615
1,1,1,0.71786064
1,0,0,0.14208242
1,0,1,0.5225025
1,1,1,0.5904927
1,1,1,0.81406474
1,1,1,0.7459144
1,0,0,0.25398183
1,1,1,0.6739209
1,0,0,0.2906776
1,0,1,0.7692414
1,0,0,0.27722135
1,1,1,0.75468475
1,1,1,0.5976481
1,1,1,0.5485842
1,0,0,0.38040143
1,1,0,0.43466884
1,0,0,0.17762895
1,1,0,0.4283054
1,0,1,0.5392998
1,0,0,0.37041414
1,1,1,0.641036
1,0,0,0.46626174
1,0,0,0.34918752
1,1,1,0.53764415
1,1,0,0.451636
1,1,1,0.5932792
1,0,1,0.55278987
1,0,1,0.587613
1,0,1,0.5289218
1,0,1,0.6252801
1,0,1,0.67350614
1,1,1,0.5468366
1,0,0,0.20715338
1,0,0,0.2931176
1,1,1,0.5284109
1,0,0,0.08117055
1,0,0,0.28718376
1,0,0,0.4283934
1,1,1,0.9310676
1,0,1,0.61856604
1,1,1,0.81063545
1,0,0,0.22887735
1,0,1,0.8485289
1,1,1,0.60548
1,0,1,0.53817767
1,1,1,0.5002732
1,1,1,0.84095544
1,0,1,0.6245905
1,0,1,0.68839425
1,1,1,0.7700375
1,1,1,0.60404146
1,0,0,0.41315213
1,0,0,0.24226181
1,0,1,0.5754681
1,1,1,0.7813088
1,0,0,0.37026724
1,1,1,0.66150546
1,0,1,0.7544484
1,1,0,0.28917745
1,0,0,0.45055127
1,1,1,0.6094506
1,0,0,0.37808922
1,1,0,0.4774064
1,1,1,0.9181132
1,0,1,0.60839564
1,1,1,0.6775217
1,0,0,0.23346768
1,1,1,0.68231475
1,0,1,0.608116
1,1,1,0.7176568
1,1,1,0.7330707
1,0,0,0.4299541
1,0,0,0.39594433
1,1,1,0.72307014
1,0,1,0.60117304
1,0,0,0.33817086
1,1,1,0.5858206
1,0,1,0.6394194
1,0,0,0.38562512
1,0,1,0.51348394
1,0,0,0.2972126
1,0,0,0.24067175
1,0,1,0.6505024
1,1,1,0.8005952
1,1,1,0.56835777
1,0,0,0.44014686
1,1,1,0.62355345
1,1,0,0.36100605
1,1,1,0.7276404
1,1,1,0.53549707
1,1,1,0.67182153
1,0,0,0.3789703
1,0,1,0.6462719
1,1,1,0.6409116
1,1,0,0.46953332
1,1,1,0.7126102
1,0,0,0.28955817
1,0,0,0.38931602
1,0,0,0.29133368
1,1,1,0.66737044
1,0,1,0.5184292
1,0,0,0.41550756
1,1,1,0.71998227
1,0,0,0.13002476
1,0,0,0.44093937
1,1,0,0.35039565
1,1,0,0.4302896
1,0,0,0.16610314
1,0,1,0.6829282
1,0,0,0.24380897
1,1,1,0.5692272
1,0,0,0.38413706
1,1,0,0.43796512
1,1,0,0.39177486
1,1,1,0.8920265
1,1,1,0.63942033
1,0,1,0.81181955
1,0,1,0.84727347
1,0,1,0.5757691
1,1,0,0.48179913
1,1,1,0.5776855
1,1,1,0.8252861
1,0,0,0.40082833
1,0,0,0.24793766
1,0,1,0.65912205
1,1,1,0.8711391
1,0,1,0.72720665
1,0,0,0.24831492
1,1,0,0.399972
1,1,1,0.6718907
1,0,0,0.3623077
1,1,1,0.62721956
1,1,1,0.78544134
1,0,1,0.77318496
1,0,0,0.16907185
1,0,0,0.28141665
1,0,1,0.77029276
1,1,1,0.7637946
1,0,1,0.67751455
1,1,1,0.850834
1,0,1,0.7503314
1,1,1,0.6973625
1,1,1,0.6311745
1,1,0,0.25594875
1,1,1,0.88145834
1,0,1,0.62344533
1,0,1,0.61097276
1,1,1,0.8180249
1,1,1,0.5305305
1,1,0,0.48947024
1,1,1,0.6724239
1,0,0,0.46349955
1,0,1,0.50198954
1,0,1,0.59382546
1,0,0,0.3030683
1,0,1,0.7472341
1,0,0,0.21882688
1,0,1,0.5133155
1,0,0,0.086160325
1,1,1,0.5854997
1,0,0,0.11982761
1,0,0,0.45125467
1,1,1,0.7925607
1,1,1,0.65907997
1,1,1,0.6260906
1,0,0,0.36415532
1,0,0,0.44841954
1,0,1,0.6818008
1,0,0,0.38211116
1,1,1,0.6608265
1,1,1,0.7647638
1,1,0,0.35929322
1,1,1,0.7081535
1,0,1,0.5502576
1,0,0,0.24795273
1,1,1,0.6235146
1,0,0,0.31520537
1,0,1,0.575459
1,1,1,0.87428844
1,0,1,0.67845184
1,0,1,0.7095165
1,1,1,0.7145068
1,1,0,0.4331884
1,1,1,0.8440088
1,0,0,0.21719268
1,1,1,0.7439792
1,0,0,0.46461976
1,1,0,0.18829212
1,1,0,0.48056483
1,0,1,0.6316761
1,0,1,0.6001261
1,0,1,0.60277164
1,0,0,0.24494398
1,0,1,0.90235066
1,1,1,0.57950103
1,1,1,0.8700955
1,1,1,0.855904
1,0,1,0.68956
1,1,0,0.17481163
1,0,0,0.42065695
1,1,1,0.5354367
1,1,1,0.8027944
1,1,1,0.8311417
1,0,0,0.49616596
1,0,0,0.18097562
1,1,1,0.52985644
1,0,0,0.114003465
1,0,0,0.12257394
1,0,0,0.36712423
1,0,0,0.14751339
1,0,1,0.67512643
1,0,0,0.45662856
1,0,1,0.5859409
1,0,0,0.15571925
1,1,0,0.12413706
1,1,0,0.14614181
1,1,1,0.8388956
1,0,1,0.67251265
1,0,1,0.5302446
1,0,0,0.29231662
1,1,1,0.6228206
1,1,0,0.30278227
1,1,1,0.708063
1,0,0,0.34360325
1,1,0,0.28173566
1,1,1,0.9212466
1,0,1,0.7985699
1,0,0,0.36114135
1,0,1,0.66099775
1,1,1,0.7771453
1,0,1,0.57251906
1,0,0,0.15967563
1,0,1,0.82281816
1,1,0,0.48400813
1,1,1,0.79150236
1,1,1,0.73662364
1,1,1,0.77457064
1,1,0,0.3126281
1,0,1,0.59623516
1,1,1,0.71742797
1,1,1,0.66567534
1,1,0,0.37970915
1,0,1,0.7522592
1,1,1,0.84200406
1,0,1,0.5208745
1,1,0,0.42851707
1,1,1,0.72973937
1,0,0,0.2561758
1,0,1,0.58711374
1,0,0,0.4285646
1,1,0,0.45358744
1,1,1,0.5493043
1,1,1,0.778331
1,0,1,0.67727053
1,0,1,0.5278616
1,0,0,0.3892366
1,0,1,0.6933721
1,0,1,0.718101
1,1,1,0.6207974
1,0,0,0.34152073
1,1,1,0.64693797
1,0,0,0.35182196
1,1,1,0.57996565
1,1,0,0.40648878
1,0,0,0.1750445
1,0,0,0.40642175
1,1,1,0.6040355
1,1,1,0.5671596
1,1,0,0.40747508
1,1,1,0.5573224
1,0,0,0.35267228
1,0,1,0.52230734
1,0,0,0.3238259
1,1,1,0.7587715
1,0,0,0.15681188
1,0,0,0.44454157
1,0,0,0.38902196
1,1,0,0.3813589
1,1,0,0.2788237
1,1,1,0.57850945
1,0,1,0.5755488
1,0,0,0.13732405
1,1,0,0.20814455
1,1,1,0.68410754
1,1,1,0.5231162
1,1,1,0.52663314
1,0,1,0.60576767
1,0,1,0.63446593
1,0,0,0.18688667
1,1,1,0.63228375
1,0,0,0.21626519
1,1,0,0.40785623
1,0,0,0.4205632
1,0,1,0.7109885
1,0,0,0.499443
1,0,0,0.30607802
1,0,0,0.13056962
1,0,1,0.54955775
1,1,1,0.639878
1,1,1,0.7166448
1,0,0,0.19132024
1,0,0,0.26719347
1,1,0,0.2309968
1,1,1,0.7350506
1,0,0,0.07086064
1,0,0,0.26661786
1,0,1,0.543715
1,0,1,0.5198606
1,1,0,0.20462593
1,0,1,0.60103625
1,1,1,0.550928
1,0,0,0.18256076
1,0,0,0.35558403
1,1,1,0.68730974
1,1,1,0.6845151
1,0,0,0.49764764
1,0,1,0.6505014
1,1,1,0.7425905
1,1,0,0.12509255
1,0,1,0.56079406
1,1,1,0.7265282
1,0,0,0.48722798
1,1,0,0.3058106
1,1,1,0.5998771
1,1,1,0.6855856
1,0,0,0.22683278
1,0,0,0.35346052
1,0,0,0.11693069
1,1,1,0.55203813
1,0,0,0.35955423
1,0,0,0.107324585
1,0,0,0.15415463
1,1,1,0.59446037
1,1,1,0.69635206
1,1,1,0.77075213
1,1,1,0.81903785
1,1,0,0.4348276
1,0,0,0.45286128
1,0,0,0.32782084
1,1,1,0.8575445
1,0,0,0.143343
1,1,1,0.7675652
1,0,1,0.6663168
1,1,1,0.7526715
1,0,1,0.5788631
1,0,0,0.19746548
1,1,1,0.8203067
1,1,1,0.63543737
1,0,1,0.58785886
1,1,1,0.5038121
1,0,0,0.25838825
1,0,1,0.6279549
1,1,1,0.5298411
1,1,1,0.6210889
1,1,1,0.70522064
1,0,1,0.6779942
1,0,0,0.48112425
1,1,1,0.7334429
1,1,1,0.5973879
1,1,0,0.4241649
1,1,0,0.47922525
1,0,1,0.77445155
1,0,1,0.6101984
1,0,1,0.6616108
1,0,0,0.46248537
1,1,1,0.63833404
1,0,0,0.39869392
1,1,1,0.65735495
1,1,0,0.088987306
1,0,0,0.23479582
1,1,0,0.3397129
1,1,1,0.55168444
1,0,0,0.11072936
1,1,0,0.3594476
1,0,0,0.3012596
1,0,1,0.5509583
1,1,1,0.78680736
1,1,1,0.81468195
1,0,1,0.8196092
1,0,0,0.1100532
1,1,1,0.5848217
1,1,1,0.6300044
1,1,1,0.781986
1,0,1,0.60230154
1,0,0,0.25322878
1,1,1,0.74878204
1,1,1,0.56265545
1,0,1,0.5338667
1,1,1,0.63371545
1,0,1,0.7181631
1,0,1,0.67823124
1,0,0,0.34708276
1,0,0,0.3669634
1,0,1,0.7034773
1,1,1,0.5759652
1,0,1,0.65883046
1,0,0,0.38514665
1,1,1,0.637529
1,0,1,0.5195127
1,1,0,0.13511772
1,1,1,0.76873046
1,1,1,0.91525793
1,1,0,0.37092498
1,1,1,0.5280588
1,1,0,0.27754954
1,0,0,0.43862236
1,1,1,0.6836571
1,0,1,0.7782852
1,1,1,0.9109522
1,1,1,0.77112937
1,1,1,0.809475
1,0,0,0.12898129
1,0,0,0.2010931
1,1,1,0.686858
1,1,1,0.7437717
1,0,0,0.2891845
1,0,0,0.31162086
1,0,0,0.43290552
1,1,1,0.55831426
1,0,0,0.14156301
1,0,0,0.45352995
1,1,0,0.41861624
1,1,1,0.80953187
1,0,1,0.601464
1,0,0,0.38612363
1,1,1,0.61027116
1,0,0,0.47684252
1,0,0,0.33984125
1,1,1,0.7278774
1,0,1,0.6796164
1,0,0,0.28729683
1,0,1,0.6786458
1,0,0,0.15592307
1,1,1,0.77546185
1,0,1,0.5130166
1,0,1,0.7401283
1,1,1,0.68945456
1,0,1,0.58754796
1,1,1,0.82106936
1,1,1,0.80330354
1,0,1,0.59533364
1,1,1,0.7333125
1,1,1,0.8760585
1,0,0,0.3278759
1,1,1,0.56435066
1,0,1,0.6035196
1,1,1,0.7321616
1,0,0,0.4050505
1,0,1,0.7216646
1,0,1,0.85405374
1,0,1,0.5797271
1,0,1,0.60523045
1,1,0,0.45573232
1,0,1,0.58823013
1,1,0,0.4296227
1,0,1,0.57737654
1,1,0,0.4437386
1,1,0,0.47228628
1,1,1,0.670541
1,1,0,0.47133362
1,1,1,0.87765735
1,1,1,0.86269146
1,1,1,0.59238094
1,1,0,0.49894866
1,0,0,0.25022572
1,1,1,0.61695415
1,0,0,0.3224134
1,0,0,0.10261976
1,0,0,0.20714128
1,0,0,0.2881935
1,0,0,0.15409806
1,0,0,0.30631164
1,1,1,0.5262518
1,0,1,0.68052614
1,0,0,0.21152647
1,1,1,0.88549626
1,1,0,0.42236626
1,0,0,0.3672609
1,0,1,0.5108976
1,0,1,0.7738656
1,0,1,0.6914738
1,0,1,0.7679194
1,0,0,0.41135156
1,1,0,0.10361482
1,1,0,0.39124146
1,0,0,0.31965455
1,1,1,0.7232744
1,1,1,0.71154565
1,0,0,0.21265891
1,0,1,0.6155674
1,0,1,0.592569
1,1,1,0.6998504
1,0,0,0.121860914
1,0,1,0.66171235
1,1,1,0.6046804
1,0,1,0.53225064
1,0,0,0.3720326
1,1,1,0.6174804
1,0,1,0.6574783
1,1,1,0.5923564
1,1,0,0.47181746
1,1,1,0.8249985
1,1,1,0.5932064
1,0,0,0.14655392
1,1,1,0.68395174
1,1,0,0.4315194
1,0,0,0.3953083
1,1,1,0.67948514
1,0,0,0.20742334
1,0,0,0.11295097
1,0,0,0.3209695
1,0,0,0.1458677
1,0,1,0.655072
1,0,1,0.7416942
1,1,1,0.7950868
1,1,0,0.3892518
1,0,0,0.22508629
1,0,1,0.7123333
1,0,0,0.12930147
1,0,1,0.589152
1,0,0,0.33279732
1,1,1,0.7499776
1,1,1,0.503697
1,0,0,0.26266605
1,1,0,0.25883153
1,1,1,0.83577394
1,1,1,0.7083118
1,0,1,0.55458146
1,1,1,0.6728343
1,0,0,0.29549366
1,1,0,0.3436818
1,1,1,0.60158765
1,0,1,0.60640466
1,0,1,0.69226164
1,0,0,0.08584014
1,0,1,0.7578325
1,0,0,0.3618854
1,1,1,0.62304103
1,1,1,0.8096646
1,0,1,0.6589375
1,0,0,0.47800484
1,1,1,0.56305987
1,1,1,0.70628184
1,0,0,0.45591635
1,0,0,0.4447013
1,1,1,0.83817625
1,0,1,0.57720184
1,1,1,0.7178645
1,0,0,0.106912866
1,0,1,0.5853608
1,1,1,0.71871805
1,1,1,0.66826695
1,0,0,0.46634495
1,1,1,0.6702698
1,1,1,0.82819337
1,0,1,0.6053056
1,1,1,0.77542156
1,1,1,0.6158344
1,0,0,0.28224432
1,1,1,0.6733204
1,0,0,0.3267309
1,1,0,0.4804646
1,1,1,0.8306642
1,1,1,0.7609242
1,0,1,0.7822898
1,0,0,0.14843118
1,1,1,0.5864562
1,1,1,0.8252706
1,0,1,0.6851243
1,1,1,0.64032066
1,1,1,0.6088853
1,1,1,0.83977693
1,0,0,0.3413665
1,0,0,0.20357573
1,0,1,0.5793927
1,0,1,0.79834896
1,0,0,0.4320638
1,1,1,0.6348366
1,0,0,0.1874034
1,1,0,0.21372567
1,1,1,0.87594646
1,1,0,0.4275925
1,0,0,0.20256244
1,0,1,0.74980605
1,1,1,0.7154659
1,1,1,0.63872737
1,0,1,0.5642605
1,0,0,0.4897818
1,1,0,0.41511002
1,0,0,0.15892231
1,0,0,0.22640532
1,1,1,0.68338376
1,1,1,0.6750732
1,1,0,0.44579807
1,0,0,0.15782706
1,0,0,0.40313607
1,0,0,0.35310456
1,0,1,0.6218705
1,0,0,0.4327024
1,1,0,0.39839566
1,1,1,0.65762335
1,1,1,0.5236513
1,0,0,0.44077733
1,1,0,0.43835735
1,1,0,0.31740305
1,0,0,0.21071798
1,1,0,0.43839017
1,0,0,0.4979729
1,0,0,0.43211266
1,1,0,0.34738714
1,0,0,0.45689794
1,1,0,0.28166077
1,1,1,0.50615585
1,0,0,0.4197878
1,1,0,0.40670642
1,0,1,0.63835263
1,0,0,0.07879641
1,1,1,0.59351563
1,0,0,0.12417558
1,0,0,0.24853763
1,0,1,0.5808276
1,0,0,0.19326626
1,0,1,0.55405855
1,0,1,0.684907
1,1,1,0.5462804
1,1,1,0.5978639
1,0,1,0.58879745
1,1,1,0.6172032
1,0,0,0.41020778
1,0,0,0.44889098
1,0,1,0.54857916
1,1,0,0.4905397
1,1,1,0.5680762
1,1,1,0.6185009
1,0,0,0.44533566
1,1,0,0.4689374
1,0,1,0.5959566
1,1,1,0.5894249
1,0,1,0.6354563
1,0,0,0.09435055
1,0,0,0.4115768
1,1,1,0.55980855
1,0,0,0.13986161
1,1,0,0.37977713
1,1,0,0.22976337
1,0,0,0.37964502
1,0,0,0.2650853
1,0,0,0.42061043
1,1,1,0.83542496
1,0,1,0.6137886
1,1,1,0.7109456
1,0,1,0.644978
1,0,0,0.36772618
1,0,0,0.22755206
1,1,0,0.48345754
1,0,0,0.28950897
1,1,1,0.50119823
1,1,1,0.57694083
1,1,1,0.5392675
1,0,1,0.51385
1,0,0,0.17293109
1,1,1,0.87128264
1,1,1,0.83341247
1,0,0,0.2909835
1,0,0,0.21479687
1,0,0,0.15293598
1,0,0,0.1211443
1,1,1,0.925055
1,0,1,0.73868775
1,0,1,0.60230047
1,0,0,0.45283788
1,0,0,0.2652981
1,1,1,0.6900548
1,0,0,0.45958358
1,0,1,0.6817656
1,1,1,0.6066223
1,1,0,0.478081
1,1,1,0.7675151
1,1,1,0.6345244
1,0,0,0.119318515
1,1,1,0.7373754
1,0,1,0.5851247
1,1,1,0.6666517
1,0,0,0.25607523
1,0,1,0.55437165
1,1,1,0.5970917
1,0,0,0.17060898
1,1,1,0.7572663
1,1,0,0.4884284
1,1,0,0.23800929
1,1,1,0.7679944
1,1,1,0.51172894
1,0,1,0.56348646
1,0,1,0.5420062
1,0,0,0.3057734
1,1,0,0.4772166
1,1,1,0.583477
1,0,0,0.35039052
1,0,1,0.6172412
1,0,1,0.5903953
1,0,1,0.77918106
1,0,0,0.2920396
1,0,0,0.2822178
1,0,1,0.7930176
1,0,1,0.79418594
1,0,1,0.55725175
1,1,0,0.42408213
1,0,0,0.41002187
1,0,0,0.39878905
1,0,0,0.3507736
1,1,0,0.47137105
1,0,0,0.3503467
1,0,1,0.63054764
1,0,0,0.15222546
1,1,1,0.6053169
1,1,0,0.46722072
1,1,1,0.7462652
1,1,0,0.115754195
1,1,1,0.6967855
1,1,1,0.78403383
1,1,1,0.5254732
1,1,1,0.69678724
1,0,1,0.6822302
1,0,0,0.19791268
1,0,1,0.56990135
1,1,1,0.7877791
1,0,1,0.55753946
1,1,1,0.6202629
1,0,0,0.18874551
1,0,0,0.4153376
1,0,1,0.5705309
1,0,0,0.23717354
1,1,1,0.76043165
1,1,0,0.3632921
1,1,1,0.59552747
1,0,1,0.7146592
1,0,1,0.5438937
1,0,0,0.20530304
1,0,1,0.5051246
1,1,0,0.43333414
1,1,1,0.70950884
1,1,0,0.47179478
1,1,1,0.7720273
1,1,0,0.4056725
1,0,0,0.29951307
1,1,0,0.28278044
1,1,1,0.63288146
1,1,0,0.46596962
1,1,1,0.53335613
1,0,1,0.7004932
1,0,0,0.42816243
1,0,0,0.2903649
1,0,0,0.4699448
1,0,1,0.5317526
1,0,0,0.33287734
1,1,1,0.5196804
1,0,0,0.45398876
1,0,0,0.34426057
1,0,0,0.2635111
1,1,0,0.2380889
1,0,0,0.36041132
1,1,1,0.7342195
1,1,0,0.33840325
1,1,1,0.85018486
1,0,1,0.51951015
1,1,1,0.6266615
1,1,1,0.74737704
1,0,1,0.50878274
1,1,1,0.5504169
1,1,1,0.64220494
1,0,0,0.47456652
1,1,1,0.56430835
1,1,1,0.5926321
1,0,0,0.41182387
1,1,1,0.75749713
1,0,0,0.33060038
1,1,1,0.7745784
1,0,0,0.38961586
1,0,0,0.33851805
1,0,1,0.5533847
1,0,0,0.37574968
1,1,1,0.66042244
1,0,1,0.6452185
1,0,0,0.3326727
1,1,1,0.7632435
1,1,0,0.4691848
1,0,0,0.41062987
1,1,0,0.38688147
1,1,1,0.50161177
1,0,1,0.5416004
1,1,1,0.6793545
1,0,1,0.61601645
1,0,0,0.2825103
1,0,0,0.46986088
1,0,0,0.38752207
1,1,1,0.78960776
1,0,1,0.5825194
1,1,1,0.80227244
1,0,0,0.44316223
1,0,0,0.19963789
1,1,1,0.78510004
1,1,0,0.31512526
1,0,1,0.6276538
1,0,0,0.25521848
1,0,0,0.22823755
1,0,1,0.8592252
1,1,0,0.32256138
1,1,0,0.39928272
1,1,0,0.40826657
1,0,0,0.42019
1,0,0,0.24416542
1,0,0,0.43606415
1,0,0,0.43046764
1,1,1,0.6568519
1,0,1,0.57093453
1,0,0,0.3059624
1,0,0,0.3314713
1,1,1,0.5011047
1,1,1,0.7954976
1,1,1,0.6834933
1,0,1,0.69002545
1,1,1,0.5486576
1,0,0,0.3641941
1,0,0,0.48794496
1,1,1,0.5095087
1,1,0,0.35315946
1,1,0,0.27656183
1,0,1,0.6593393
1,1,0,0.40996215
1,1,0,0.38645244
1,0,0,0.3669801
1,0,0,0.45444623
1,0,0,0.3064331
1,1,1,0.5351477
1,0,1,0.55686885
1,0,0,0.36196187
1,0,1,0.8126944
1,1,1,0.72876865
1,0,1,0.72743446
1,1,1,0.66130173
1,1,1,0.85575294
1,1,1,0.70763725
1,0,1,0.6605634
1,0,0,0.46806344
1,1,0,0.28533366
1,1,0,0.3261902
1,0,1,0.5631826
1,0,0,0.34390655
1,0,1,0.57837176
1,0,0,0.45886564
1,0,1,0.6082078
1,1,0,0.27591538
1,1,1,0.7804477
1,1,1,0.7299746
1,1,0,0.32670298
1,1,1,0.76154
1,0,1,0.7298836
1,1,0,0.23706423
1,0,0,0.25783762
1,0,1,0.51116395
1,1,0,0.46261674
1,1,0,0.36394936
1,1,1,0.6256687
1,0,0,0.48838034
1,1,0,0.35019925
1,0,0,0.414495
1,0,0,0.44481197
1,1,1,0.6028906
1,1,1,0.70898193
1,0,0,0.3708118
1,0,1,0.50197303
1,0,0,0.21013823
1,0,0,0.22111966
1,0,0,0.30177152
1,0,1,0.6464636
1,0,1,0.5235961
1,0,0,0.41614345
1,0,1,0.6277435
1,1,1,0.842457
1,1,1,0.56256324
1,1,1,0.7790757
1,0,0,0.13447385
1,0,0,0.3013538
1,0,1,0.7600971
1,1,1,0.53512365
1,0,0,0.21176642
1,1,1,0.70775694
1,1,1,0.71493155
1,1,1,0.7029494
1,0,0,0.4433264
1,0,0,0.22103597
1,1,1,0.73662823
1,1,0,0.47552675
1,1,1,0.64171225
1,0,0,0.11601904
1,0,0,0.1322604
1,0,0,0.39188758
1,1,1,0.7020045
1,0,0,0.4809055
1,0,1,0.7485149
1,1,1,0.66612476
1,0,0,0.337681
1,1,1,0.73141426
1,0,1,0.6477989
1,0,0,0.31301403
1,0,1,0.63892543
1,1,1,0.7846686
1,0,1,0.6769979
1,0,1,0.68598044
1,0,0,0.43965667
1,0,0,0.35420847
1,1,0,0.28885266
1,1,0,0.44191444
1,0,1,0.6969342
1,0,1,0.6233548
1,1,1,0.5822018
1,0,0,0.48459527
1,1,1,0.6088672
1,0,1,0.5427161
1,0,1,0.56885093
1,0,0,0.3219038
1,1,1,0.5693292
1,1,1,0.63399595
1,1,1,0.62949353
1,0,1,0.52289546
1,1,1,0.8652694
1,1,0,0.48196492
1,0,1,0.5476462
1,0,0,0.35139257
1,1,1,0.62126243
1,1,1,0.55765
1,0,1,0.6977864
1,1,1,0.79220486
1,0,1,0.72196144
1,1,1,0.60030776
1,1,1,0.74710566
1,1,1,0.81229043
1,1,1,0.66367346
1,0,1,0.62752795
1,0,1,0.7863087
1,0,0,0.41341045
1,0,1,0.56334454
1,1,0,0.33773762
1,0,1,0.7830292
1,0,1,0.69094247
1,1,1,0.6469518
1,1,1,0.7037508
1,0,1,0.5200339
1,0,0,0.27371255
1,1,1,0.6776498
1,0,1,0.5666728
1,0,1,0.51515025
1,0,0,0.42886266
1,1,0,0.43461546
1,1,1,0.8075318
1,1,1,0.76794237
1,1,1,0.69490117
1,1,1,0.5453511
1,0,0,0.44375202
1,1,0,0.22732052
1,0,1,0.7383641
1,0,1,0.70368093
1,0,1,0.6285433
1,0,0,0.3429301
1,1,1,0.5434564
1,0,0,0.36818492
1,1,1,0.73132
1,1,1,0.81695384
1,1,1,0.77284294
1,1,1,0.88928276
1,0,1,0.5310577
1,1,0,0.46543756
1,0,0,0.3442984
1,1,1,0.6622227
1,0,0,0.34613606
1,0,0,0.17566568
1,0,0,0.30203646
1,1,1,0.66046447
1,1,1,0.6788478
1,1,1,0.6104811
1,0,0,0.21057642
1,0,0,0.237672
1,0,0,0.21429871
1,1,0,0.4426046
1,1,0,0.44265223
1,0,0,0.12716506
1,0,0,0.40519962
1,0,0,0.35529295
1,0,0,0.438648
1,1,1,0.5316741
1,0,0,0.26812553
1,0,0,0.23425464
1,0,0,0.33799446
1,1,1,0.5499051
1,1,1,0.75434923
1,1,0,0.22035794
1,0,0,0.3890671
1,1,0,0.45622107
1,1,0,0.41759452
1,1,0,0.39347875
1,0,0,0.04422162
1,0,0,0.39269683
1,0,0,0.273767
1,0,0,0.40269002
1,0,0,0.21802689
1,1,0,0.4615223
1,1,0,0.18808067
1,1,1,0.6729195
1,0,0,0.40172246
1,0,1,0.56192225
1,1,1,0.5745416
1,0,1,0.7723945
1,0,0,0.37033328
1,0,0,0.38491675
1,0,1,0.56080824
1,1,0,0.3824591
1,1,1,0.6287686
1,0,1,0.67216456
1,0,0,0.1433183
1,0,0,0.17993306
1,0,0,0.10551994
1,1,1,0.74119467
1,1,1,0.56591827
1,1,1,0.80681086
1,0,0,0.48121044
1,0,0,0.37526459
1,0,1,0.76797956
1,0,0,0.422082
1,1,0,0.48375154
1,0,1,0.63209164
1,1,1,0.7128184
1,0,0,0.23548101
1,1,1,0.81599784
1,1,1,0.66030025
1,1,0,0.14350763
1,1,1,0.7264118
1,1,1,0.7347632
1,0,0,0.22414824
1,0,0,0.3214939
1,0,1,0.64231545
1,0,1,0.6003867
1,0,0,0.3053088
1,0,0,0.34816256
1,0,0,0.16820592
1,0,0,0.35757774
1,1,1,0.7101927
1,0,0,0.11399145
1,1,1,0.67837375
1,1,0,0.38137951
1,1,1,0.6976803
1,0,0,0.4536292
1,0,1,0.60421145
1,1,1,0.7311794
1,0,0,0.086814664
1,1,0,0.26021984
1,0,1,0.50164354
1,0,0,0.10337566
1,0,1,0.5087587
1,1,1,0.8388981
1,1,1,0.80354714
1,0,1,0.59957457
1,1,1,0.89708847
1,1,1,0.7913333
1,0,1,0.7428731
1,1,1,0.8915303
1,0,1,0.7886508
1,0,1,0.6917737
1,1,1,0.7153316
1,0,1,0.77833796
1,0,1,0.6426533
1,1,1,0.8861757
1,1,1,0.7940732
1,0,0,0.33773756
1,1,1,0.7310343
1,1,1,0.6533015
1,0,1,0.7061876
1,1,1,0.89435565
1,0,0,0.1910514
1,0,0,0.42776304
1,1,1,0.8303775
1,0,0,0.31139764
1,0,0,0.3196577
1,0,0,0.3655885
1,1,0,0.35028505
1,0,1,0.59082866
1,0,0,0.07189758
1,1,1,0.60482204
1,0,1,0.52195096
1,0,1,0.73114395
1,1,0,0.44623345
1,1,1,0.7514498
1,0,0,0.49230018
1,1,1,0.58655256
1,1,1,0.800217
1,1,1,0.5120954
1,0,0,0.26509413
1,1,1,0.74113226
1,0,0,0.39093637
1,0,0,0.49457887
1,1,1,0.6721455
1,0,1,0.63803875
1,0,0,0.45018196
1,1,1,0.8243049
1,1,1,0.6972973
1,0,1,0.58640265
1,0,1,0.5167014
1,1,1,0.57002914
1,1,1,0.8747016
1,0,0,0.12229273
1,0,0,0.12207529
1,1,1,0.5076974
1,0,1,0.67208016
1,0,1,0.5237389
1,1,0,0.41735968
1,0,1,0.54798937
1,1,0,0.48975068
1,0,0,0.28870842
1,0,0,0.42634425
1,1,0,0.4906542
1,1,1,0.6839186
1,0,0,0.4717178
1,0,0,0.3852299
1,0,1,0.7107266
1,0,1,0.56675476
1,0,1,0.5436177
1,0,0,0.38754186
1,1,1,0.5895312
1,1,0,0.4229884
1,0,0,0.4332566
1,1,1,0.7886485
1,0,1,0.64562935
1,1,1,0.6718235
1,1,1,0.62840086
1,0,0,0.49962795
1,1,1,0.7192161
1,0,0,0.45457265
1,0,1,0.6012516
1,0,1,0.5706904
1,1,0,0.47607094
1,1,1,0.6448947
1,0,1,0.5638473
1,1,1,0.71595734
1,0,1,0.56791925
1,0,0,0.22572838
1,1,1,0.86697733
1,0,1,0.58060557
1,1,1,0.9074271
1,0,0,0.27576634
1,0,0,0.16256116
1,0,0,0.13309583
1,1,1,0.5264637
1,0,0,0.3254049
1,0,0,0.12750787
1,1,1,0.748124
1,0,0,0.2568297
1,0,0,0.2680171
1,1,1,0.61217254
1,1,1,0.5667852
1,0,0,0.083654545
1,0,0,0.47174683
1,0,1,0.6016743
1,1,1,0.64016384
1,0,0,0.18580194
1,1,1,0.7162403
1,1,1,0.8630564
1,0,0,0.28086653
1,1,0,0.25525835
1,0,0,0.054356165
1,0,1,0.54490954
1,1,1,0.7082609
1,1,0,0.20171294
1,0,0,0.48388705
1,1,1,0.6629601
1,0,0,0.15233496
1,1,1,0.5411955
1,1,1,0.586635
1,0,0,0.18286687
1,0,1,0.72155786
1,1,1,0.55586106
1,0,0,0.37101275
1,1,0,0.36743692
1,0,1,0.8178066
1,0,0,0.17109361
1,1,1,0.87840384
1,1,1,0.6012951
1,0,1,0.5990399
1,0,0,0.4787569
1,1,1,0.67743987
1,0,1,0.6268043
1,0,1,0.5014994
1,1,1,0.5246396
1,0,1,0.52952695
1,1,1,0.5762958
1,1,0,0.38023636
1,0,0,0.26482135
1,0,0,0.21579026
1,0,1,0.64140207
1,1,1,0.7164739
1,1,1,0.76134235
1,0,1,0.5400378
1,0,0,0.32133073
1,1,1,0.8995469
1,0,0,0.22016108
1,0,1,0.6147968
1,1,1,0.74016714
1,1,1,0.5705971
1,1,1,0.9059735
1,1,1,0.79986995
1,0,0,0.38109097
1,0,1,0.7458261
1,0,1,0.66769224
1,1,1,0.8346333
1,0,0,0.4244967
1,0,1,0.71423393
1,0,0,0.4686092
1,1,1,0.8906523
1,1,1,0.5471116
1,0,1,0.6707054
1,1,1,0.73713577
1,0,0,0.33243728
1,1,1,0.7659196
1,1,1,0.8486821
1,0,1,0.76110214
1,0,0,0.2883372
1,0,0,0.37917456
1,1,0,0.33803195
1,0,1,0.67970014
1,0,1,0.6725056
1,1,1,0.93113756
1,1,1,0.79051435
1,0,1,0.7282797
1,0,1,0.6892655
1,0,1,0.6324551
1,0,0,0.07599111
1,1,0,0.29888174
1,0,1,0.77158535
1,0,1,0.68754864
1,1,1,0.66026866
1,1,1,0.76982653
1,0,0,0.49967146
1,1,1,0.7400558
1,1,1,0.65676516
1,1,0,0.47418967
1,1,0,0.4109177
1,0,1,0.51111853
1,1,0,0.32893926
1,1,0,0.43350953
1,0,1,0.5385357
1,0,0,0.48637086
1,1,1,0.5811652
1,0,1,0.78459126
1,1,1,0.6098902
1,0,0,0.1971907
1,0,0,0.28028315
1,0,0,0.30457178
1,0,1,0.5673705
1,0,0,0.47134507
1,1,1,0.5689741
1,0,1,0.5422681
1,0,1,0.52515113
1,1,1,0.5892852
1,0,0,0.37176818
1,1,1,0.9319339
1,0,0,0.40745273
1,0,1,0.6834994
1,1,1,0.51250005
1,1,0,0.4934191
1,1,1,0.82919866
1,0,0,0.28922
1,1,1,0.72685564
1,0,0,0.05241258
1,1,1,0.618627
1,0,1,0.66642314
1,0,1,0.5182052
1,0,0,0.2335813
1,1,1,0.8645037
1,0,1,0.6919899
1,0,0,0.11054221
1,0,0,0.43269193
1,1,1,0.64660597
1,0,1,0.56100535
1,0,0,0.46239218
1,0,0,0.35145834
1,0,1,0.6487706
1,1,1,0.7199573
1,1,0,0.49890172
1,1,1,0.6163745
1,1,1,0.6988044
1,1,0,0.40680617
1,0,1,0.77451676
1,1,0,0.40101635
1,0,0,0.41280147
1,0,1,0.54589087
1,1,0,0.36185095
1,1,1,0.7537465
1,0,0,0.2936033
1,1,1,0.77968633
1,1,0,0.28681695
1,0,1,0.65552074
1,1,0,0.23361142
1,0,1,0.7081127
1,0,1,0.7082633
1,0,0,0.064544484
1,1,1,0.6850729
1,1,1,0.56761634
1,0,0,0.2606452
1,0,1,0.5212269
1,0,1,0.7240604
1,0,0,0.14392962
1,0,0,0.29021776
1,1,1,0.75695497
1,1,1,0.76461595
1,0,0,0.29765433
1,1,1,0.9072353
1,0,1,0.6732628
1,1,1,0.5422906
1,0,0,0.13765225
1,0,1,0.50548756
1,1,1,0.81348944
1,1,0,0.41216162
1,1,1,0.79392993
1,0,1,0.61734647
1,0,0,0.1909332
1,0,0,0.20741293
1,1,1,0.64229083
1,0,0,0.3438636
1,0,0,0.41232607
1,0,0,0.30639607
1,0,0,0.48934296
1,0,0,0.47804454
1,0,1,0.58981574
1,1,0,0.43865433
1,0,1,0.58708
1,0,0,0.19215702
1,1,0,0.20705722
1,0,1,0.591992
1,1,1,0.5100288
1,0,1,0.5753609
1,1,1,0.6659708
1,1,0,0.21489492
1,0,0,0.43925518
1,1,0,0.4416931
1,1,1,0.82087636
1,0,1,0.5124516
1,0,0,0.37650326
1,0,0,0.2145533
1,0,0,0.16440599
1,1,1,0.5480475
1,1,1,0.50875694
1,0,0,0.4482355
1,1,0,0.37960953
1,1,1,0.7695258
1,0,1,0.69964206
1,0,0,0.09178691
1,0,0,0.14197412
1,1,1,0.69684726
1,1,0,0.17761572
1,0,0,0.18551545
1,1,1,0.57962275
1,1,1,0.65429294
1,1,1,0.792772
1,0,0,0.1683457
1,0,0,0.20161508
1,0,0,0.2602265
1,0,0,0.22638302
1,0,0,0.10640539
1,0,0,0.40650105
1,1,0,0.44504458
1,0,0,0.49444094
1,0,0,0.11696023
1,0,0,0.2731417
1,0,1,0.5769539
1,0,0,0.4415729
1,1,1,0.6815291
1,1,0,0.39115876
1,1,1,0.80567193
1,1,1,0.59496444
1,1,1,0.75452703
1,0,0,0.2921432
1,0,0,0.1907251
1,0,0,0.123182826
1,1,0,0.3861153
1,0,1,0.531043
1,1,0,0.16353557
1,1,1,0.7428408
1,0,1,0.59036523
1,0,1,0.60427326
1,0,0,0.13966428
1,1,0,0.49889058
1,0,0,0.20682797
1,0,0,0.37318832
1,0,1,0.6604741
1,0,0,0.17892504
1,1,1,0.77242297
1,1,1,0.6592832
1,1,0,0.19569024
1,0,1,0.5686001
1,1,1,0.75135297
1,0,0,0.47737932
1,1,1,0.7985868
1,0,0,0.3703067
1,0,0,0.12113405
1,1,0,0.38273436
1,1,0,0.35065097
1,1,0,0.069765575
1,0,1,0.6325178
1,0,1,0.7176977
1,1,1,0.5541968
1,0,0,0.19806707
1,1,1,0.8437326
1,1,0,0.36587855
1,0,0,0.2811151
1,0,0,0.37852916
1,0,0,0.12279546
1,1,1,0.9114328
1,1,1,0.63276064
1,1,1,0.5819842
1,0,0,0.4301136
1,1,1,0.50510675
1,0,1,0.78013074
1,1,1,0.51779085
1,1,1,0.6423907
1,0,0,0.30022115
1,0,0,0.33060282
1,0,1,0.50356585
1,0,1,0.6496175
1,0,0,0.3110791
1,0,1,0.73748034
1,0,0,0.33995456
1,1,0,0.38126522
1,1,1,0.6535544
1,0,0,0.11522244
1,0,0,0.19114941
1,1,0,0.35326427
1,1,1,0.7005603
1,1,0,0.3022383
1,1,1,0.8311838
1,1,0,0.32256138
1,1,0,0.39928272
1,1,0,0.40826657
1,0,0,0.42019
1,0,0,0.24416542
1,0,0,0.43606415
1,0,0,0.43046764
1,1,1,0.6568519
1,0,1,0.57093453
1,0,0,0.3059624
1,0,0,0.3314713
1,1,1,0.5011047
1,1,1,0.7954976
1,1,1,0.6834933
1,0,1,0.69002545
1,1,1,0.5486576
1,0,0,0.3641941
1,0,0,0.48794496
1,1,1,0.5095087
1,1,0,0.35315946
1,1,0,0.27656183
1,0,1,0.6593393
1,1,0,0.40996215
1,1,0,0.38645244
1,0,0,0.3669801
1,0,0,0.45444623
1,0,0,0.3064331
1,1,1,0.5351477
1,0,1,0.55686885
1,0,0,0.36196187
1,1,1,0.82511795
1,0,0,0.24553855
1,0,0,0.40970337
1,1,0,0.44325963
1,1,1,0.5035638
1,0,1,0.75445664
1,0,0,0.2887079
1,0,1,0.5020381
1,1,0,0.4392393
1,1,1,0.5082383
1,0,1,0.6559898
1,1,1,0.62503755
1,0,1,0.59691423
1,1,1,0.6858299
1,0,0,0.2341208
1,1,1,0.67552626
1,0,0,0.4038828
1,1,0,0.41016382
1,0,0,0.39311633
1,1,1,0.5974118
1,0,0,0.33311307
1,0,0,0.42611486
1,1,1,0.7078514
1,0,1,0.67515624
1,0,0,0.44982985
1,1,1,0.52335465
1,1,0,0.3158251
1,0,0,0.26059064
1,0,1,0.5275345
1,1,1,0.6591037
1,1,1,0.61431485
1,1,1,0.66861534
1,0,0,0.26618636
1,1,0,0.32459137
1,0,0,0.10706679
1,0,0,0.4460512
1,0,1,0.51400226
1,0,1,0.6218
1,1,1,0.67941326
1,0,0,0.49776474
1,0,1,0.657279
1,0,1,0.757474
1,1,1,0.82538164
1,1,1,0.6792823
1,0,0,0.3174374
1,1,1,0.64523685
1,0,1,0.5622614
1,0,0,0.41394022
1,0,0,0.47989196
1,0,1,0.68832606
1,0,1,0.5548869
1,1,1,0.51541877
1,1,0,0.4820193
1,1,0,0.43054387
1,0,0,0.2599896
1,1,1,0.69257456
1,1,1,0.7054239
1,0,0,0.24834977
1,0,0,0.23731242
1,1,1,0.72246253
1,0,0,0.4331646
1,1,0,0.49759883
1,0,0,0.3320289
1,1,1,0.50370663
1,0,0,0.3047498
1,1,1,0.56681675
1,1,1,0.5467859
1,0,1,0.55259997
1,0,0,0.2910266
1,1,1,0.61523783
1,0,1,0.5895557
1,1,1,0.76035136
1,0,0,0.31210372
1,0,0,0.25811926
1,0,1,0.60358745
1,0,1,0.7839356
1,0,0,0.25979117
1,1,1,0.90548325
1,1,0,0.29349905
1,0,0,0.45866376
1,1,1,0.68291044
1,0,1,0.7340187
1,0,1,0.8741236
1,0,1,0.8639262
1,0,0,0.28157496
1,1,1,0.7063981
1,0,1,0.78962857
1,1,1,0.6190898
1,1,0,0.34764445
1,1,1,0.8988977
1,1,1,0.81184655
1,1,1,0.82415944
1,0,0,0.1405827
1,0,1,0.7892204
1,0,1,0.63049895
1,1,1,0.7694668
1,0,1,0.7018713
1,0,0,0.20749256
1,0,0,0.35480002
1,0,0,0.12294912
1,1,1,0.60206866
1,1,1,0.5849295
1,1,1,0.55851686
1,0,0,0.14892358
1,1,1,0.7010754
1,0,1,0.6068025
1,0,1,0.5203429
1,0,1,0.6524958
1,1,1,0.6996175
1,0,0,0.059734542
1,1,1,0.7157223
1,0,0,0.24629167
1,1,0,0.49145037
1,1,0,0.49135458
1,0,1,0.52771324
1,1,0,0.43895686
1,0,0,0.3029148
1,0,1,0.5221964
1,0,1,0.8204666
1,0,0,0.4319911
1,0,0,0.26208517
1,1,1,0.53305864
1,1,1,0.5242625
1,0,1,0.67584133
1,1,0,0.19377968
1,0,0,0.46280816
1,1,1,0.624174
1,0,0,0.35363445
1,0,1,0.70742494
1,1,0,0.46299908
1,1,1,0.5881075
1,1,0,0.44565988
1,0,0,0.48610553
1,1,1,0.7102396
1,0,1,0.5197166
1,1,0,0.32536167
1,0,1,0.6955982
1,1,1,0.68323964
1,1,1,0.59899586
1,0,1,0.67661417
1,1,1,0.6721105
1,0,0,0.32812956
1,0,0,0.14567176
1,0,0,0.28856376
1,0,0,0.46973684
1,0,1,0.5710761
1,1,1,0.67881316
1,0,0,0.37451968
1,0,0,0.3572372
1,0,1,0.5509945
1,1,0,0.38923904
1,0,1,0.7270158
1,0,0,0.4143856
1,0,1,0.5368726
1,1,0,0.47579312
1,1,1,0.73504364
1,0,1,0.57225263
1,1,0,0.26221853
1,0,0,0.32591295
1,0,1,0.6876872
1,0,1,0.5691124
1,1,1,0.5087473
1,0,1,0.7736692
1,1,1,0.5936997
1,1,1,0.5839462
1,1,1,0.64401025
1,0,1,0.88490003
1,1,0,0.37486818
1,0,1,0.56903124
1,0,1,0.76485777
1,1,1,0.75436205
1,1,0,0.3565063
1,0,1,0.67261124
1,1,1,0.6901558
1,0,1,0.72672826
1,1,1,0.7815879
1,0,1,0.5385247
1,1,1,0.6469311
1,0,0,0.2736043
1,1,1,0.7974477
1,0,1,0.81849813
1,1,0,0.49657878
1,0,1,0.8371035
1,0,0,0.49975753
1,0,1,0.6745818
1,0,1,0.6050358
1,1,1,0.7372581
1,1,1,0.7107248
1,1,0,0.3037829
1,1,0,0.3308045
1,1,1,0.8146124
1,0,1,0.5695462
1,0,1,0.7391004
1,1,0,0.1778481
1,1,1,0.6962566
1,0,0,0.4754127
1,1,0,0.4654591
1,0,0,0.054272003
1,1,0,0.41057298
1,1,1,0.6304435
1,0,0,0.4273002
1,0,1,0.6798022
1,0,0,0.4246667
1,0,0,0.23970476
1,0,0,0.33158934
1,1,0,0.09994289
1,1,1,0.92471087
1,1,1,0.64525086
1,1,1,0.7329027
1,0,1,0.75383687
1,1,1,0.73180777
1,0,1,0.55197376
1,1,0,0.4962841
1,0,1,0.5056527
1,1,1,0.671332
1,1,1,0.55757177
1,0,0,0.09360023
1,0,1,0.58851457
1,1,1,0.76204294
1,0,0,0.09747728
1,0,0,0.10189398
1,1,1,0.7715355
1,0,1,0.61220944
1,1,1,0.56296146
1,1,1,0.802172
1,0,0,0.321253
1,0,0,0.10618737
1,0,0,0.25328663
1,0,0,0.05635554
1,0,0,0.1314817
1,1,1,0.86438155
1,0,1,0.7516291
1,0,1,0.5905228
1,1,0,0.48589554
1,0,0,0.44908863
1,1,1,0.6776696
1,1,1,0.63120186
1,0,1,0.5554984
1,0,0,0.4987165
1,0,1,0.57338315
1,1,1,0.5205764
1,1,0,0.47448745
1,1,0,0.45427176
1,0,0,0.47544762
1,0,0,0.45752656
1,0,0,0.19668841
1,0,0,0.45943534
1,1,1,0.75868016
1,0,0,0.18130448
1,0,0,0.2637169
1,0,1,0.75128496
1,1,0,0.3678243
1,0,0,0.24419338
1,1,0,0.35237342
1,1,0,0.36953837
1,1,1,0.618899
1,1,1,0.65559036
1,1,1,0.5897242
1,1,1,0.87743294
1,1,1,0.7848817
1,0,1,0.65357393
1,0,0,0.10121981
1,0,0,0.13260393
1,1,1,0.8140347
1,1,1,0.8411796
1,1,0,0.27230102
1,0,0,0.13733834
1,0,0,0.165562
1,0,1,0.7671483
1,0,0,0.20034367
1,1,1,0.758751
1,0,0,0.27187178
1,1,1,0.65885043
1,0,1,0.7607005
1,1,1,0.61298573
1,0,1,0.79187864
1,1,0,0.3370461
1,0,0,0.35072154
1,1,1,0.6370517
1,1,1,0.7114877
1,1,1,0.68844265
1,0,0,0.21681231
1,0,0,0.34254268
1,0,0,0.21576358
1,0,0,0.12837385
1,1,1,0.7990178
1,0,1,0.5815058
1,1,0,0.10761447
1,1,0,0.39168093
1,0,0,0.2528124
1,1,0,0.495758
1,0,0,0.13759197
1,0,0,0.1256591
1,0,1,0.56898534
1,0,0,0.28511322
1,0,1,0.74263716
1,1,0,0.36822918
1,0,0,0.3873176
1,1,0,0.28838468
1,0,0,0.15687953
1,1,1,0.51399773
1,1,1,0.52930385
1,0,0,0.10951535
1,1,0,0.45256093
1,0,0,0.3319237
1,1,1,0.58397686
1,0,1,0.5374592
1,1,1,0.6559233
1,1,0,0.36100844
1,0,0,0.3102135
1,0,0,0.070591666
1,0,1,0.5506454
1,0,0,0.4780284
1,1,1,0.8053332
1,0,1,0.76077473
1,1,1,0.5330723
1,0,1,0.65355563
1,1,1,0.64433175
1,0,0,0.40672654
1,1,0,0.37729403
1,0,0,0.27568287
1,0,0,0.15194154
1,0,1,0.61436945
1,1,0,0.38929817
1,0,0,0.09427266
1,1,1,0.82085454
1,0,1,0.6311388
1,1,1,0.6265333
1,0,0,0.4300847
1,1,1,0.7102997
1,1,1,0.781409
1,0,0,0.1632496
1,0,0,0.22779061
1,1,1,0.73006934
1,1,0,0.20374614
1,1,1,0.651832
1,0,0,0.30560884
1,0,1,0.6472694
1,1,1,0.58351
1,0,0,0.29798424
1,0,0,0.23220006
1,0,1,0.5351141
1,1,1,0.648791
1,0,0,0.46541363
1,1,1,0.78745306
1,0,0,0.38965937
1,1,1,0.71971107
1,1,1,0.73465586
1,0,1,0.588754
1,1,1,0.7247689
1,0,1,0.7014288
1,1,1,0.621703
1,1,1,0.72828186
1,0,0,0.47247425
1,0,0,0.22441204
1,0,0,0.14731255
1,1,1,0.79017067
1,0,0,0.256686
1,0,0,0.29744095
1,0,0,0.3257892
1,1,0,0.3218378
1,1,1,0.8606468
1,0,1,0.50697684
1,1,1,0.69079405
1,1,1,0.6008419
1,1,1,0.78973585
1,0,1,0.65203595
1,0,1,0.53469896
1,1,1,0.7723938
1,0,1,0.60218346
1,1,0,0.47576585
1,1,1,0.63463676
1,0,1,0.7599632
1,0,1,0.7602069
1,1,1,0.5640448
1,0,0,0.30308348
1,1,1,0.69959325
1,0,1,0.53662866
1,0,1,0.51672596
1,1,1,0.7464145
1,0,1,0.69575775
1,1,1,0.5203658
1,1,1,0.5061335
1,0,1,0.6091262
1,0,1,0.73372734
1,0,1,0.710046
1,1,1,0.7305722
1,1,1,0.5552756
1,0,1,0.62357986
1,0,0,0.23246862
1,0,1,0.53029376
1,0,1,0.5935745
1,0,1,0.52789843
1,1,1,0.5857787
1,1,1,0.52622056
1,0,1,0.58256394
1,1,1,0.634228
1,0,1,0.69555837
1,1,1,0.6772222
1,1,1,0.63473415
1,0,1,0.5370323
1,0,1,0.50391227
1,1,1,0.70215786
1,0,0,0.4457811
1,1,0,0.32488453
1,1,1,0.67114407
1,0,0,0.34235698
1,1,0,0.4977968
1,1,0,0.31905648
1,0,0,0.18578261
1,0,0,0.3528409
1,0,0,0.12733126
1,0,0,0.37623405
1,1,1,0.68602705
1,0,0,0.43407384
1,0,0,0.20983012
1,1,1,0.9256873
1,0,1,0.56652987
1,0,1,0.73439294
1,1,1,0.75521636
1,1,1,0.70256174
1,1,1,0.6124378
1,1,1,0.7614722
1,1,1,0.65230423
1,0,1,0.6430339
1,0,0,0.4763258
1,0,1,0.60440195
1,0,1,0.59160876
1,1,1,0.9453057
1,1,1,0.8232497
1,1,1,0.6179942
1,0,1,0.6146147
1,0,0,0.34485888
1,0,1,0.6839678
1,0,0,0.46015978
1,1,1,0.7112044
1,0,1,0.56035125
1,1,1,0.95890486
1,1,1,0.5284835
1,1,0,0.48365048
1,0,0,0.42093563
1,1,1,0.8452416
1,0,1,0.63420504
1,0,0,0.3354346
1,1,1,0.7442383
1,1,0,0.3695367
1,1,1,0.84720546
1,0,0,0.41323304
1,1,1,0.72355807
1,0,1,0.80095744
1,0,0,0.26828519
1,1,1,0.73826575
1,0,1,0.5674095
1,0,1,0.6515798
1,1,1,0.8032058
1,0,1,0.71182907
1,0,0,0.17876875
1,1,1,0.7929454
1,0,0,0.28643864
1,1,1,0.7889437
1,0,1,0.7203792
1,1,1,0.65038323
1,0,1,0.7829465
1,1,1,0.87996817
1,0,1,0.7725493
1,1,0,0.4368778
1,0,0,0.3647712
1,0,1,0.62774277
1,1,1,0.7902189
1,0,1,0.8658935
1,1,1,0.7916879
1,1,0,0.30059734
1,0,0,0.19494863
1,1,1,0.7158636
1,0,1,0.6005779
1,0,0,0.20773853
1,0,0,0.40575024
1,0,0,0.10457937
1,1,1,0.83452696
1,0,0,0.11662791
1,1,1,0.5371408
1,1,1,0.65573967
1,0,1,0.50189847
1,0,0,0.27930105
1,1,1,0.7771349
1,1,1,0.61635035
1,0,1,0.5598095
1,0,1,0.5550161
1,1,1,0.61631316
1,0,0,0.459556
1,0,0,0.45552495
1,1,0,0.42006886
1,0,0,0.37024918
1,1,1,0.7381065
1,0,1,0.5824562
1,0,0,0.3423804
1,0,0,0.11498366
1,1,1,0.55321544
1,0,0,0.16399413
1,1,1,0.9069281
1,0,1,0.8309455
1,1,1,0.88185704
1,1,1,0.91065717
1,1,1,0.6700126
1,0,0,0.26611602
1,1,1,0.9202366
1,1,1,0.778946
1,1,1,0.8317608
1,0,1,0.8305178
1,1,1,0.97291756
1,1,1,0.7784697
1,1,1,0.6790366
1,0,0,0.30134493
1,1,1,0.55015814
1,1,0,0.46824467
1,1,1,0.6103369
1,1,1,0.67937416
1,1,1,0.5894269
1,1,1,0.7134874
1,1,1,0.728509
1,0,1,0.6134125
1,0,0,0.36421418
1,0,0,0.29911575
1,1,1,0.6156322
1,1,1,0.55981743
1,0,0,0.41477433
1,1,0,0.32473475
1,0,0,0.3305876
1,0,0,0.3709031
1,0,0,0.3307293
1,0,0,0.1988018
1,0,1,0.5839528
1,0,0,0.3593194
1,0,0,0.42921203
1,1,0,0.43808264
1,0,0,0.10115703
1,0,1,0.68443775
1,0,0,0.13615204
1,0,0,0.38822457
1,0,0,0.2408797
1,0,0,0.41007686
1,0,1,0.5391412
1,0,0,0.15637851
1,1,1,0.5945014
1,1,0,0.48619977
1,1,1,0.65506285
1,0,0,0.1760257
1,1,0,0.14389846
1,0,1,0.59940267
1,0,0,0.32443133
1,0,1,0.52342755
1,0,1,0.71639866
1,1,0,0.30322966
1,0,0,0.27682987
1,1,0,0.40677014
1,1,0,0.4910162
1,1,1,0.62473375
1,0,0,0.46892884
1,1,1,0.74919075
1,1,0,0.46484613
1,1,0,0.49723378
1,0,0,0.36877352
1,0,0,0.48703468
1,0,1,0.6296906
1,0,0,0.23647594
1,0,0,0.26116377
1,0,0,0.077267386
1,1,1,0.62835175
1,1,1,0.5311838
1,0,0,0.24059755
1,0,0,0.40559894
1,0,0,0.076369986
1,0,1,0.6665851
1,0,1,0.5681266
1,1,1,0.5170067
1,0,0,0.33425596
1,0,0,0.38393033
1,1,0,0.3587557
1,0,0,0.26266506
1,0,0,0.1452343
1,0,0,0.12536414
1,0,1,0.53212106
1,0,0,0.44529113
1,0,0,0.3269152
1,0,0,0.36728358
1,1,1,0.80021
1,0,0,0.23301773
1,1,0,0.4265819
1,0,1,0.5203598
1,0,0,0.050184887
1,1,1,0.5405609
1,0,1,0.5443684
1,0,0,0.2614426
1,0,1,0.5159002
1,1,1,0.6275504
1,0,0,0.346528
1,0,0,0.47293356
1,0,0,0.34559098
1,0,1,0.595996
1,0,1,0.6334739
1,0,0,0.44676563
1,0,0,0.04113354
1,0,0,0.28095156
1,1,1,0.9192403
1,1,1,0.768978
1,1,1,0.9011455
1,0,1,0.81715137
1,1,1,0.73841494
1,1,1,0.6600793
1,1,1,0.59006464
1,1,1,0.66780454
1,0,1,0.7939821
1,0,0,0.39717078
1,0,0,0.32449877
1,1,1,0.5237514
1,0,0,0.3050648
1,1,1,0.56313634
1,0,0,0.41352293
1,0,0,0.38592675
1,0,0,0.34167728
1,0,0,0.41112146
1,1,1,0.54660994
1,0,0,0.45055878
1,0,0,0.43495864
1,1,1,0.64646256
1,0,1,0.8966338
1,1,1,0.8495857
1,0,1,0.73803216
1,1,1,0.6972382
1,0,0,0.14781725
1,0,1,0.6801974
1,0,1,0.5936807
1,1,1,0.89512813
1,1,1,0.6281995
1,1,1,0.6069921
1,0,1,0.55449456
1,0,1,0.693597
1,1,1,0.56451386
1,1,1,0.7063571
1,0,1,0.6846534
1,1,0,0.4590139
1,0,0,0.40138143
1,0,1,0.62829876
1,1,1,0.69773227
1,0,1,0.65806395
1,1,1,0.87495106
1,1,1,0.5034
1,0,1,0.5991649
1,1,1,0.74655455
1,1,1,0.6324205
1,0,0,0.39629254
1,1,0,0.42468908
1,1,0,0.3863671
1,1,1,0.5467953
1,0,0,0.4277242
1,0,0,0.28765017
1,0,1,0.7418581
1,1,1,0.5873135
1,0,1,0.5742156
1,0,1,0.53054243
1,1,1,0.90489095
1,1,1,0.7865583
1,0,1,0.7544942
1,0,1,0.65499824
1,0,0,0.37194088
1,1,0,0.39400867
1,1,1,0.7504672
1,1,1,0.62902874
1,1,1,0.6672185
1,1,1,0.87032163
1,0,0,0.22916968
1,0,0,0.10692742
1,0,0,0.14390393
1,1,1,0.7744197
1,0,1,0.5739152
1,1,1,0.8185632
1,1,1,0.6433684
1,0,1,0.6621514
1,1,0,0.49083468
1,0,0,0.25611475
1,1,1,0.6082496
1,0,0,0.39563724
1,0,0,0.19966085
1,0,1,0.6539838
1,1,1,0.6826076
1,0,1,0.60242623
1,0,1,0.67906886
1,0,0,0.19943854
1,1,1,0.6050788
1,1,1,0.6115604
1,1,1,0.8959327
1,0,0,0.43732566
1,0,0,0.4711704
1,0,0,0.06223965
1,0,1,0.6284302
1,0,0,0.2877998
1,1,1,0.6209258
1,1,1,0.7928231
1,1,1,0.6920261
1,0,1,0.67240614
1,1,1,0.80409116
1,1,1,0.5334047
1,0,1,0.6725439
1,1,1,0.7907974
1,0,1,0.68676555
1,0,0,0.48216492
1,0,1,0.7938988
1,1,1,0.66374326
1,1,1,0.70554703
1,1,1,0.7447223
1,0,1,0.62534857
1,0,0,0.4446471
1,1,1,0.87187386
1,0,0,0.38601214
1,1,1,0.7328361
1,0,0,0.24706784
1,1,1,0.63315433
1,1,1,0.8919802
1,1,0,0.4807394
1,1,1,0.5026106
1,1,1,0.8640471
1,1,1,0.61786836
1,1,1,0.513106
1,1,1,0.55602914
1,1,1,0.8624893
1,0,1,0.7651013
1,0,1,0.706045
1,0,1,0.56322485
1,0,1,0.7029702
1,1,0,0.4611417
1,0,0,0.03037252
1,0,1,0.53261524
1,1,1,0.5117398
1,1,1,0.7623055
1,0,0,0.45065042
1,0,1,0.692842
1,0,1,0.83719844
1,0,0,0.4542764
1,1,1,0.82881474
1,0,0,0.4214936
1,1,1,0.7300818
1,1,1,0.578717
1,0,1,0.6845494
1,0,1,0.821159
1,0,0,0.32280388
1,1,1,0.712568
1,1,1,0.7274463
1,0,1,0.56301445
1,0,0,0.40591472
1,0,0,0.32405037
1,1,1,0.839043
1,1,0,0.41564766
1,1,1,0.69224185
1,1,1,0.717867
1,0,1,0.7079949
1,1,1,0.6816152
1,0,1,0.6664642
1,0,1,0.7270401
1,0,0,0.41612926
1,0,1,0.54351455
1,0,1,0.73375523
1,1,1,0.92505544
1,0,1,0.51395184
1,1,0,0.39345855
1,1,1,0.59773386
1,0,0,0.49316484
1,0,1,0.7285127
1,0,0,0.22921842
1,0,0,0.49805138
1,1,1,0.536261
1,0,1,0.5010183
1,0,1,0.66207826
1,1,1,0.7651546
1,1,0,0.20620234
1,0,0,0.34796715
1,0,1,0.92670596
1,1,1,0.86455435
1,1,1,0.8586258
1,1,0,0.3131056
1,0,1,0.67917705
1,0,1,0.6898365
1,1,1,0.81458986
1,0,1,0.5742557
1,0,0,0.30513853
1,1,1,0.78986657
1,1,1,0.76010734
1,0,1,0.7347331
1,1,1,0.85532784
1,1,1,0.80064785
1,0,1,0.67183614
1,1,0,0.3260905
1,0,1,0.7254463
1,1,1,0.8581226
1,1,1,0.6106607
1,0,0,0.32516658
1,1,1,0.88408643
1,1,1,0.5050777
1,1,1,0.78480625
1,1,1,0.5282732
1,0,0,0.4170865
1,1,1,0.637593
1,1,1,0.6478549
1,0,1,0.6356494
1,0,1,0.68130547
1,0,0,0.4409224
1,0,0,0.13991384
1,0,0,0.4074585
1,0,1,0.7188182
1,0,0,0.43504682
1,0,0,0.41573024
1,1,1,0.8024938
1,1,1,0.6754995
1,0,1,0.7041535
1,1,1,0.7076731
1,1,1,0.759118
1,0,0,0.23836549
1,0,1,0.5068665
1,0,1,0.56639916
1,1,1,0.84655094
1,1,1,0.65149105
1,1,1,0.9638996
1,1,1,0.8615379
1,1,1,0.60045624
1,1,1,0.67391044
1,1,1,0.846811
1,1,1,0.51618457
1,0,0,0.42825386
1,1,1,0.502
1,1,1,0.5080837
1,0,1,0.73369676
1,0,1,0.5532291
1,0,1,0.5629548
1,1,1,0.758778
1,1,1,0.80010766
1,1,1,0.7777956
1,1,1,0.85815436
1,1,1,0.7295359
1,1,1,0.8880328
1,0,1,0.55866826
1,0,1,0.759436
1,0,1,0.7683395
1,1,1,0.9229454
1,0,1,0.727804
1,0,0,0.36103126
1,1,1,0.9004558
1,1,1,0.7626967
1,1,1,0.74777216
1,1,1,0.8655795
1,1,1,0.8486121
1,1,1,0.53363097
1,1,1,0.66614234
1,1,1,0.5195948
1,1,1,0.5064617
1,1,0,0.40323502
1,0,1,0.5221129
1,0,1,0.6194447
1,0,0,0.38340738
1,0,1,0.5415278
1,0,0,0.09606469
1,1,1,0.5533761
1,0,1,0.82513726
1,0,1,0.52944523
1,1,1,0.8913302
1,1,1,0.8112296
1,1,1,0.8177405
1,1,1,0.7570201
1,1,1,0.7787074
1,0,0,0.42907655
1,0,1,0.5666455
1,0,1,0.68825907
1,1,1,0.57777625
1,0,0,0.45229828
1,0,0,0.23064154
1,0,0,0.25218153
1,0,1,0.7163515
1,0,1,0.6909686
1,0,1,0.62233776
1,1,1,0.69211763
1,0,0,0.3878325
1,1,1,0.8018995
1,1,1,0.59690744
1,0,0,0.38582507
1,0,0,0.40224037
1,1,1,0.82444155
1,0,0,0.3658596
1,1,1,0.63330525
1,1,1,0.74348503
1,1,1,0.5486127
1,0,0,0.48936686
1,1,1,0.68339956
1,0,1,0.8003475
1,0,0,0.079169534
1,1,1,0.8921272
1,0,1,0.6161004
1,0,0,0.48631367
1,0,1,0.6803386
1,0,1,0.5905348
1,1,1,0.7629707
1,1,1,0.6922729
1,1,1,0.5896092
1,1,1,0.597946
1,1,1,0.6555144
1,0,0,0.4090058
1,0,1,0.554937
1,1,1,0.54588807
1,1,1,0.5767585
1,0,1,0.566999
1,1,1,0.6702284
1,0,1,0.6634338
1,0,0,0.4453182
1,0,1,0.70981264
1,1,1,0.7256342
1,0,1,0.59157443
1,0,1,0.59772766
1,0,0,0.2339854
1,0,1,0.56806064
1,0,1,0.77111864
1,1,1,0.78719556
1,0,1,0.65067744
1,1,1,0.7693478
1,1,1,0.56473553
1,0,0,0.4541812
1,1,1,0.72827274
1,0,0,0.46645063
1,0,0,0.40121004
1,0,0,0.4316117
1,1,1,0.7579591
1,1,1,0.67907304
1,1,1,0.80134684
1,0,0,0.29942787
1,0,0,0.33302185
1,1,1,0.78311104
1,0,0,0.40541255
1,0,0,0.39390856
1,1,1,0.8845475
1,0,0,0.46313554
1,1,1,0.76231
1,0,0,0.49271187
1,1,1,0.82359254
1,1,0,0.49808496
1,0,1,0.5155135
1,0,1,0.6061105
1,0,0,0.45909652
1,1,1,0.6366355
1,0,0,0.48903275
1,1,1,0.6003657
1,0,0,0.23070298
1,1,1,0.77588326
1,0,1,0.6796129
1,1,1,0.75969577
1,0,0,0.2728476
1,0,0,0.23016436
1,1,1,0.6092121
1,1,1,0.5790486
1,0,1,0.5208813
1,1,0,0.37831667
1,0,0,0.14644979
1,1,0,0.35918123
1,1,1,0.8025664
1,0,0,0.31379685
1,0,0,0.43774688
1,1,1,0.82289726
1,1,1,0.8268796
1,0,0,0.460738
1,0,0,0.079814956
1,0,0,0.1561924
1,0,1,0.5142978
1,1,1,0.59833854
1,1,1,0.78291136
1,1,1,0.7528337
1,1,1,0.7990397
1,1,1,0.87820566
1,0,0,0.33331245
1,0,1,0.69118446
1,0,1,0.68169093
1,0,0,0.3879596
1,1,1,0.58910286
1,1,1,0.8205319
1,1,0,0.42069608
1,1,0,0.2536494
1,0,0,0.4911718
1,0,0,0.46134868
1,1,0,0.43150726
1,1,1,0.7637013
1,0,1,0.53873736
1,1,1,0.9292792
1,0,1,0.5674943
1,0,1,0.5156625
1,0,0,0.30021492
1,0,1,0.90188605
1,0,1,0.6715927
1,0,1,0.59883606
1,0,1,0.7876933
1,1,1,0.57641494
1,1,1,0.5656479
1,1,1,0.6610411
1,0,0,0.41973647
1,1,1,0.90786344
1,1,1,0.79195136
1,0,1,0.5382329
1,0,1,0.5946466
1,1,1,0.6181467
1,0,1,0.55905217
1,0,1,0.5799718
1,1,1,0.683409
1,1,1,0.7743196
1,0,1,0.6530075
1,0,1,0.5609654
1,0,1,0.79379636
1,1,1,0.82444483
1,1,1,0.52266264
1,1,1,0.8045836
1,0,1,0.6181713
1,1,0,0.4419869
1,0,0,0.17946935
1,1,1,0.68140286
1,1,1,0.7800712
1,0,1,0.5510535
1,0,0,0.33806923
1,0,1,0.6743474
1,1,0,0.37684786
1,0,0,0.15886809
1,1,0,0.4918019
1,1,1,0.7393413
1,0,0,0.25258657
1,0,0,0.2803463
1,1,1,0.93582773
1,1,1,0.7693942
1,1,1,0.6666754
1,0,1,0.5304336
1,1,1,0.72325474
1,1,1,0.7133409
1,0,1,0.6842846
1,0,0,0.32427034
1,1,1,0.85858405
1,0,1,0.6255989
1,1,1,0.79413986
1,1,1,0.5639751
1,1,1,0.6591081
1,1,1,0.7400579
1,0,1,0.5954496
1,0,1,0.56667763
1,0,1,0.51531464
1,1,1,0.53176594
1,1,0,0.45073503
1,0,0,0.4168154
1,0,0,0.31215793
1,1,0,0.40244287
1,1,1,0.612082
1,0,1,0.67948043
1,1,0,0.31942734
1,0,1,0.7404217
1,0,1,0.5873374
1,1,1,0.78284425
1,1,1,0.620507
1,0,1,0.6736145
1,0,1,0.55935496
1,0,1,0.58570516
1,1,1,0.5375572
1,1,0,0.4273033
1,1,1,0.8773285
1,1,1,0.84325653
1,0,0,0.41284344
1,0,0,0.42312557
1,0,0,0.15772273
1,0,1,0.6213131
1,0,1,0.9138817
1,1,0,0.4709163
1,0,1,0.6668929
1,1,1,0.89153016
1,0,1,0.7685051
1,1,1,0.70212567
1,0,1,0.5926572
1,0,1,0.60669327
1,0,1,0.76034015
1,1,1,0.59123486
1,1,1,0.71907496
1,1,1,0.55485666
1,1,0,0.34107384
1,1,1,0.56339556
1,0,0,0.33959976
1,1,1,0.7068119
1,1,1,0.582548
1,0,0,0.3393169
1,0,0,0.1675408
1,1,1,0.5636492
1,0,1,0.525565
1,0,0,0.43411803
1,0,0,0.094672516
1,1,0,0.4976131
1,0,1,0.6427297
1,0,0,0.24863978
1,1,1,0.835822
1,0,1,0.56371605
1,0,0,0.30328193
1,1,1,0.95374143
1,1,1,0.69532996
1,0,0,0.3779491
1,1,1,0.63587534
1,0,1,0.5196623
1,1,1,0.70734006
1,0,1,0.58447206
1,1,1,0.6370088
1,0,1,0.5117063
1,0,1,0.63820493
1,0,1,0.6862916
1,1,1,0.70531654
1,1,1,0.67014086
1,1,1,0.56665844
1,1,1,0.7090974
1,0,1,0.8278802
1,0,1,0.7427175
1,0,1,0.63009953
1,1,1,0.67973363
1,1,1,0.7211088
1,0,1,0.6977013
1,1,1,0.8063093
1,1,1,0.72219014
1,1,0,0.32300442
1,0,1,0.5049704
1,1,1,0.50999683
1,1,0,0.43262666
1,0,1,0.5393448
1,0,0,0.22811262
1,0,1,0.6286588
1,1,0,0.44572163
1,0,1,0.6117581
1,0,0,0.27127627
1,0,0,0.39961988
1,0,0,0.4193792
1,0,0,0.40886533
1,0,0,0.472413
1,0,1,0.52976257
1,1,1,0.826281
1,0,0,0.49131352
1,1,1,0.61991894
1,1,1,0.8027255
1,1,1,0.6110621
1,0,1,0.57416034
1,1,1,0.8267081
1,1,0,0.4476498
1,0,0,0.42674544
1,0,0,0.2654334
1,1,1,0.6430185
1,0,0,0.1839401
1,0,1,0.63898253
1,1,1,0.62752455
1,0,0,0.46194834
1,0,0,0.39789417
1,0,1,0.5351079
1,0,1,0.81614316
1,1,1,0.6854033
1,1,1,0.7905551
1,1,1,0.7305363
1,1,1,0.76856863
1,0,0,0.335859
1,1,1,0.6848929
1,0,0,0.46252894
1,1,1,0.6112392
1,1,0,0.45802686
1,0,1,0.5653838
1,0,1,0.5184542
1,0,0,0.21297279
1,1,1,0.7941509
1,1,0,0.42086473
1,0,0,0.39501327
1,1,1,0.85972655
1,0,0,0.2793285
1,1,1,0.5852175
1,0,1,0.5660549
1,0,1,0.6532051
1,0,0,0.48999146
1,1,1,0.86628354
1,1,0,0.41705793
1,1,1,0.64019257
1,0,1,0.5950887
1,0,1,0.6949253
1,1,1,0.75573057
1,1,1,0.65034455
1,1,1,0.66043913
1,0,1,0.70692027
1,0,1,0.65850145
1,0,0,0.4196836
1,1,1,0.6811706
1,0,1,0.6642249
1,1,1,0.60783476
1,0,1,0.51239854
1,0,1,0.57536954
1,0,1,0.7460064
1,1,1,0.56192976
1,1,1,0.6947861
1,1,1,0.6294753
1,0,0,0.4254706
1,1,0,0.48108542
1,1,1,0.56597525
1,0,0,0.4500252
1,0,1,0.6215349
1,1,1,0.6549299
1,1,1,0.5187725
1,0,0,0.49746585
1,0,0,0.48615202
1,0,1,0.57303363
1,0,0,0.49337375
1,0,1,0.5206088
1,0,0,0.33135897
1,0,0,0.47483447
1,0,0,0.35840115
1,1,0,0.49638262
1,0,1,0.6472734
1,0,0,0.49234778
1,0,1,0.6467841
1,0,1,0.6688591
1,1,0,0.48972356
1,0,1,0.65658534
1,1,1,0.8011676
1,1,1,0.79089844
1,1,1,0.69602084
1,0,0,0.4010948
1,0,0,0.054598108
1,1,0,0.30957323
1,0,0,0.31478712
1,0,0,0.400593
1,1,1,0.70747036
1,1,0,0.43906382
1,0,0,0.29946265
1,0,0,0.33337006
1,1,1,0.8895003
1,1,1,0.5808355
1,1,0,0.20875232
1,0,0,0.22965455
1,0,1,0.51103914
1,0,1,0.8666553
1,1,1,0.7599857
1,0,0,0.45566747
1,0,1,0.598563
1,0,1,0.81923103
1,1,1,0.50714207
1,0,0,0.24309364
1,0,1,0.6017117
1,1,1,0.8245727
1,0,0,0.34635985
1,1,1,0.6911893
1,1,0,0.47695318
1,1,1,0.51447165
1,0,0,0.22177503
1,0,0,0.37088177
1,1,1,0.67097676
1,0,0,0.22056408
1,0,0,0.33594358
1,0,0,0.46298796
1,1,0,0.30172348
1,0,0,0.25412402
1,0,1,0.61269456
1,1,1,0.8211196
1,1,1,0.8160913
1,1,1,0.74355936
1,1,1,0.6005383
1,1,1,0.68179345
1,1,1,0.81433266
1,1,1,0.51734924
1,0,0,0.14356324
1,1,1,0.67315894
1,1,1,0.7470134
1,1,1,0.899366
1,0,1,0.5217332
1,1,1,0.5708752
1,0,1,0.58311045
1,0,1,0.8599463
1,0,1,0.5653826
1,1,1,0.6801481
1,0,1,0.6716303
1,0,0,0.056426834
1,0,1,0.73275906
1,0,0,0.34091637
1,1,1,0.62842804
1,0,1,0.797803
1,0,1,0.80858415
1,0,0,0.3582144
1,1,1,0.6465974
1,1,1,0.6326797
1,1,1,0.5405024
1,0,1,0.6810131
1,0,1,0.65826374
1,0,0,0.4400679
1,0,1,0.76586944
1,0,1,0.5029273
1,1,1,0.5782116
1,1,1,0.83976537
1,1,1,0.6746963
1,0,0,0.25852728
1,1,0,0.38396326
1,1,1,0.69686353
1,1,0,0.45785418
1,1,1,0.62768114
1,1,1,0.62110454
1,0,0,0.29074314
1,0,1,0.5597954
1,0,0,0.3203579
1,1,1,0.74316114
1,1,0,0.48361
1,0,0,0.401273
1,0,0,0.46779388
1,0,0,0.3720339
1,0,0,0.30510482
1,0,0,0.49727497
1,1,1,0.56808686
1,0,1,0.53069186
1,1,1,0.5726852
1,0,0,0.2748381
1,0,0,0.39423126
1,1,1,0.52539235
1,1,1,0.83516794
1,0,0,0.22985822
1,0,0,0.18603289
1,0,1,0.51102054
1,0,1,0.6185308
1,0,0,0.43561992
1,0,1,0.7457198
1,1,1,0.5045072
1,1,1,0.67045563
1,1,1,0.5253805
1,0,0,0.3365681
1,0,1,0.5517352
1,1,1,0.82455355
1,1,1,0.7253124
1,0,0,0.41725677
1,0,1,0.5200046
1,1,1,0.54186666
1,0,1,0.7732733
1,1,0,0.44928306
1,1,1,0.55186003
1,1,1,0.60165477
1,0,0,0.4648247
1,0,0,0.11193125
1,0,0,0.18484244
1,0,0,0.17718023
1,0,0,0.20595911
1,0,1,0.61269456
1,1,1,0.603227
1,0,0,0.43087614
1,1,0,0.4220091
1,0,0,0.29258364
1,1,0,0.43190557
1,0,1,0.6718728
1,0,1,0.6104425
1,0,0,0.42238197
1,1,1,0.5198932
1,1,0,0.46301657
1,0,1,0.5653907
1,0,1,0.69623274
1,0,1,0.56180817
1,1,1,0.6591003
1,1,0,0.38577524
1,0,1,0.602637
1,1,1,0.6882687
1,0,0,0.3248981
1,1,1,0.8230662
1,1,1,0.6448194
1,1,1,0.66253275
1,1,1,0.58415085
1,0,1,0.7607464
1,1,1,0.6530038
1,1,1,0.5722488
1,0,0,0.36830312
1,0,1,0.6304298
1,0,1,0.6633267
1,1,1,0.88815206
1,0,1,0.55003077
1,0,1,0.9001826
1,0,1,0.78555316
1,0,1,0.6647063
1,1,1,0.58338773
1,0,0,0.45052764
1,0,0,0.377989
1,0,0,0.33700806
1,1,1,0.5194205
1,0,0,0.34038782
1,0,1,0.6327811
1,1,0,0.2995626
1,0,0,0.13110091
1,0,0,0.2611226
1,1,0,0.33965972
1,1,0,0.37573853
1,0,1,0.67451215
1,0,0,0.46230468
1,1,0,0.30049798
1,1,1,0.6374401
1,1,0,0.24057353
1,0,0,0.2934114
1,1,1,0.7675967
1,0,0,0.24673957
1,0,0,0.19225958
1,0,0,0.22876327
1,0,1,0.58623016
1,1,1,0.675847
1,0,0,0.28581062
1,1,0,0.446834
1,0,1,0.6981558
1,0,1,0.67142963
1,1,1,0.73889345
1,1,1,0.8232188
1,1,1,0.7206318
1,0,0,0.3207368
1,0,0,0.33178228
1,0,1,0.5925525
1,0,1,0.5575097
1,0,0,0.28255397
1,1,1,0.8394943
1,0,0,0.4168858
1,0,0,0.39773646
1,1,1,0.75738484
1,1,1,0.8300908
1,0,1,0.6365534
1,1,1,0.7649246
1,0,0,0.35375023
1,1,1,0.7039828
1,0,0,0.22599986
1,1,1,0.7951957
1,0,0,0.46022934
1,1,0,0.40672138
1,1,1,0.81898135
1,0,0,0.397939
1,0,1,0.76466626
1,1,1,0.6516928
1,1,1,0.7453926
1,1,1,0.7201377
1,0,0,0.48625204
1,0,1,0.6014425
1,0,1,0.68052065
1,1,1,0.8410575
1,1,1,0.8452728
1,0,0,0.38566428
1,1,1,0.85656655
1,0,1,0.6066034
1,1,1,0.5850878
1,1,1,0.5684571
1,0,1,0.6189042
1,1,1,0.7082728
1,0,1,0.90403426
1,0,1,0.52848864
1,1,1,0.55977964
1,1,0,0.35243744
1,0,0,0.12569194
1,0,0,0.38195148
1,1,1,0.7184982
1,0,1,0.56334364
1,0,0,0.43707338
1,0,0,0.26567796
1,1,1,0.7228782
1,0,1,0.5364084
1,1,1,0.7373769
1,1,1,0.6554428
1,1,1,0.6630234
1,0,1,0.5915564
1,0,1,0.74880433
1,1,1,0.93634385
1,1,1,0.6766122
1,1,0,0.2091089
1,1,1,0.8087271
1,1,1,0.7808058
1,0,0,0.33209252
1,1,1,0.6707
1,0,1,0.54425097
1,1,1,0.8471218
1,0,1,0.68845344
1,0,1,0.5289569
1,1,1,0.7911005
1,1,1,0.7019642
1,0,0,0.37586188
1,0,0,0.3937964
1,1,1,0.683336
1,0,1,0.5014993
1,0,0,0.3472037
1,1,1,0.732077
1,0,0,0.25323313
1,1,1,0.78602785
1,1,1,0.71732795
1,0,0,0.3348249
1,0,0,0.41798255
1,0,0,0.4763768
1,0,0,0.27008048
1,1,1,0.82261515
1,0,0,0.2909802
1,0,1,0.8296204
1,1,1,0.90945774
1,1,1,0.61395967
1,0,1,0.66326845
1,1,1,0.7588033
1,1,1,0.7023043
1,0,1,0.6340337
1,1,1,0.66970307
1,0,1,0.75227624
1,0,0,0.38387045
1,1,1,0.7085998
1,0,1,0.555414
1,1,1,0.69160324
1,1,1,0.85792035
1,1,1,0.6887416
1,1,0,0.4165631
1,1,1,0.9004107
1,1,1,0.5254513
1,1,1,0.81938326
1,0,1,0.518265
1,0,1,0.5547369
1,0,0,0.46476963
1,0,1,0.5228009
1,0,1,0.66709125
1,0,1,0.68860096
1,0,0,0.27709246
1,0,0,0.28288922
1,1,0,0.49897674
1,0,0,0.18493798
1,0,0,0.18814757
1,1,0,0.41611445
1,1,1,0.52443564
1,1,1,0.67922527
1,0,1,0.55374014
1,1,1,0.74003
1,1,1,0.7449044
1,0,1,0.6993901
1,1,1,0.645149
1,1,1,0.5735357
1,1,1,0.608391
1,0,0,0.40477335
1,0,0,0.4447127
1,0,1,0.5384637
1,0,1,0.6763483
1,0,1,0.5047033
1,0,1,0.7105783
1,0,0,0.18433899
1,1,1,0.7803557
1,1,1,0.7553652
1,1,1,0.50916094
1,0,0,0.4453046
1,0,1,0.5305458
1,0,0,0.23640804
1,1,0,0.43100682
1,0,1,0.58676845
1,0,0,0.41234863
1,1,0,0.4737953
1,0,0,0.40587088
1,0,0,0.17006493
1,0,0,0.053157326
1,0,0,0.18981767
1,0,0,0.1580826
1,0,1,0.6114346
1,0,0,0.44028777
1,0,0,0.1321699
1,0,1,0.684783
1,1,1,0.57277733
1,0,0,0.42477745
1,1,1,0.67082554
1,1,1,0.8537089
1,1,0,0.46664178
1,1,1,0.6597877
1,0,0,0.4472747
1,1,0,0.114741646
1,1,1,0.76207286
1,1,0,0.47949573
1,1,1,0.863047
1,1,1,0.8225185
1,0,1,0.6006266
1,1,0,0.47483912
1,1,1,0.67855954
1,1,0,0.12196304
1,1,1,0.8373285
1,0,0,0.3087135
1,1,1,0.7067683
1,0,0,0.35245863
1,0,0,0.4604192
1,0,1,0.51813215
1,1,1,0.5883552
1,0,0,0.27701893
1,0,0,0.45916927
1,0,1,0.6796944
1,0,1,0.59986407
1,0,0,0.46904463
1,0,1,0.7645701
1,0,0,0.26024038
1,1,1,0.78290766
1,1,1,0.6239829
1,1,1,0.8533539
1,1,1,0.940178
1,1,1,0.7074213
1,1,0,0.42488363
1,0,1,0.695138
1,0,1,0.74700993
1,1,1,0.6340253
1,1,1,0.908516
1,0,0,0.16681167
1,0,1,0.7606464
1,1,1,0.75295603
1,1,0,0.3574871
1,0,0,0.46788907
1,1,0,0.40501812
1,1,0,0.38811907
1,0,1,0.5330426
1,1,1,0.57974607
1,0,0,0.34366447
1,0,0,0.12428366
1,0,1,0.65432966
1,0,1,0.548393
1,0,1,0.7993085
1,1,1,0.71767503
1,0,0,0.47789118
1,0,1,0.56784666
1,1,1,0.8680588
1,0,1,0.82968575
1,0,1,0.66717154
1,0,1,0.5381182
1,1,1,0.89438677
1,1,1,0.71096474
1,1,1,0.845028
1,1,1,0.62481624
1,0,0,0.3543688
1,0,0,0.26249933
1,1,1,0.8035781
1,0,1,0.66783994
1,0,1,0.5241322
1,1,1,0.8604714
1,0,1,0.5813687
1,1,1,0.6065589
1,0,1,0.723929
1,1,1,0.8828592
1,1,1,0.8553479
1,1,1,0.69798285
1,1,0,0.4110559
1,1,1,0.71716446
1,0,1,0.5611244
1,1,1,0.6061121
1,1,1,0.57454705
1,0,0,0.20037273
1,1,1,0.8960086
1,1,1,0.8465882
1,0,1,0.8056545
1,0,0,0.36621612
1,0,1,0.66703767
1,1,1,0.74242854
1,0,1,0.5639239
1,1,1,0.71581936
1,1,1,0.70284486
1,0,1,0.5181849
1,0,0,0.4058741
1,1,0,0.45503724
1,1,1,0.79517955
1,1,1,0.5483268
1,0,1,0.5287944
1,0,0,0.31541884
1,0,1,0.50194937
1,1,1,0.7745086
1,0,1,0.5891612
1,1,0,0.44656226
1,0,1,0.73078954
1,0,0,0.46209505
1,0,0,0.2579593
1,1,1,0.6126516
1,0,0,0.47952437
1,0,0,0.4350153
1,1,1,0.76546156
1,0,0,0.26886943
1,1,0,0.28301066
1,0,1,0.8743496
1,1,1,0.8053961
1,1,1,0.709632
1,1,1,0.6861839
1,0,1,0.6777648
1,0,1,0.539659
1,0,0,0.44192952
1,0,1,0.59008706
1,1,0,0.49343765
1,1,1,0.5615752
1,0,1,0.5374465
1,1,1,0.82592547
1,0,1,0.62616134
1,0,1,0.67389333
1,0,1,0.8711721
1,0,1,0.5317733
1,1,0,0.4972804
1,0,1,0.50639826
1,0,1,0.83805746
1,1,0,0.29359904
1,0,0,0.34300724
1,0,0,0.41364118
1,1,0,0.44998354
1,1,0,0.3340754
1,0,0,0.46777168
1,1,0,0.46830422
1,1,1,0.73929167
1,0,0,0.23774517
1,0,0,0.2034814
1,1,1,0.5001224
1,1,0,0.41916937
1,1,1,0.6517401
1,1,1,0.5899175
1,1,0,0.08117435
1,0,0,0.48056442
1,1,1,0.5543164
1,0,1,0.5517536
1,0,0,0.3938158
1,0,1,0.5738634
1,0,0,0.30217353
1,0,0,0.46752235
1,0,0,0.35157782
1,0,0,0.08848326
1,0,0,0.38975695
1,0,0,0.4921384
1,1,0,0.47421008
1,1,1,0.5846571
1,0,1,0.6917067
1,0,0,0.0947875
1,1,0,0.30029517
1,0,0,0.15511213
1,0,0,0.33091822
1,1,0,0.3875135
1,1,0,0.48790148
1,0,1,0.6237406
1,0,1,0.54552287
1,0,0,0.36697105
1,0,0,0.39131373
1,1,1,0.85193485
1,1,1,0.6596806
1,1,1,0.7874259
1,0,0,0.3073341
1,0,1,0.63018584
1,1,1,0.8008738
1,0,0,0.40666535
1,1,1,0.62131244
1,0,0,0.18779461
1,1,1,0.58474565
1,0,1,0.6902568
1,0,1,0.55750585
1,1,1,0.6022555
1,0,1,0.51995164
1,0,0,0.37420037
1,1,1,0.67911446
1,1,1,0.70246917
1,0,1,0.7557762
1,1,1,0.7217256
1,1,1,0.6655905
1,1,0,0.28736722
1,0,1,0.5063275
1,1,1,0.7388668
1,0,0,0.28626406
1,1,1,0.6215695
1,0,0,0.24301855
1,1,0,0.4655801
1,1,1,0.5321143
1,0,0,0.44444
1,1,1,0.73638433
1,1,1,0.60433054
1,1,1,0.51962996
1,0,0,0.20787078
1,0,0,0.23125519
1,1,1,0.81523246
1,0,0,0.43249878
1,0,0,0.30728972
1,0,1,0.59206116
1,1,1,0.5564003
1,0,1,0.6215999
1,1,1,0.6660973
1,1,1,0.77615523
1,0,0,0.2239429
1,1,1,0.641407
1,0,1,0.5487356
1,1,1,0.7311081
1,0,1,0.61438054
1,1,1,0.775145
1,0,0,0.4332837
1,0,1,0.5609086
1,1,1,0.6458643
1,1,1,0.75615263
1,1,0,0.4415671
1,1,1,0.6706038
1,1,1,0.76432085
1,0,1,0.77544004
1,0,1,0.6255585
1,0,1,0.6662232
1,0,1,0.6208308
1,1,1,0.63589996
1,1,1,0.5387936
1,1,1,0.60707635
1,1,1,0.7546015
1,0,0,0.32277933
1,0,1,0.5666558
1,1,1,0.85322857
1,1,1,0.78416777
1,1,1,0.6673069
1,0,1,0.54094434
1,0,1,0.68741
1,0,1,0.6723258
1,1,1,0.60997826
1,0,0,0.43308735
1,1,1,0.5215879
1,1,1,0.77734303
1,1,1,0.72210425
1,1,1,0.57613367
1,0,1,0.6075096
1,0,1,0.7689414
1,0,1,0.5659337
1,0,1,0.59282
1,0,1,0.7236307
1,1,1,0.8418031
1,0,0,0.26676786
1,1,1,0.6811906
1,1,0,0.4980917
1,1,1,0.63688105
1,0,0,0.30999047
1,0,1,0.5314757
1,1,1,0.6893827
1,1,0,0.35292175
1,0,0,0.2884565
1,0,0,0.1857333
1,1,1,0.6022628
1,0,0,0.2031573
1,0,0,0.47240475
1,0,0,0.46020833
1,0,0,0.4835961
1,0,0,0.3782502
1,1,1,0.75836253
1,0,0,0.35606194
1,0,1,0.5265777
1,0,0,0.47274423
1,1,1,0.6229502
1,0,1,0.6448793
1,0,0,0.3597036
1,1,1,0.74624753
1,1,0,0.37243524
1,0,1,0.7682328
1,0,0,0.18254814
1,1,1,0.6270518
1,1,0,0.43455297
1,0,0,0.44142327
1,0,0,0.2868098
1,0,0,0.38997918
1,0,0,0.45260122
1,1,1,0.604417
1,1,1,0.65458107
1,1,1,0.5356817
1,1,1,0.5127118
1,0,1,0.5987601
1,0,0,0.4164462
1,1,1,0.73367524
1,0,1,0.57068515
1,0,0,0.46723306
1,1,1,0.65897095
1,0,1,0.52145094
1,1,1,0.5335731
1,1,1,0.71058744
1,0,0,0.21038209
1,0,1,0.71963245
1,0,1,0.55704343
1,0,1,0.7895041
1,0,0,0.39537176
1,1,1,0.50267607
1,0,1,0.68561554
1,0,1,0.6519851
1,1,1,0.6274571
1,1,0,0.45869574
1,0,1,0.7137984
1,0,0,0.45170486
1,0,1,0.52689546
1,0,1,0.6336689
1,0,0,0.2165324
1,0,1,0.60976034
1,0,0,0.26096287
1,1,0,0.49436617
1,0,1,0.77358943
1,1,1,0.6932062
1,1,1,0.7443398
1,1,0,0.4066372
1,0,0,0.36486453
1,1,0,0.36205795
1,1,0,0.47287259
1,0,0,0.20366518
1,1,1,0.6624949
1,0,0,0.47990572
1,1,1,0.7247472
1,1,1,0.5920381
1,0,1,0.647593
1,0,0,0.48880887
1,0,1,0.6900632
1,0,0,0.36661723
1,1,1,0.6080825
1,0,0,0.48395532
1,1,1,0.59466124
1,0,0,0.3879548
1,1,0,0.36825213
1,0,0,0.3881414
1,1,0,0.33359405
1,1,1,0.7483279
1,1,1,0.7905268
1,1,1,0.6455003
1,1,0,0.48830733
1,0,1,0.7122685
1,1,1,0.7828935
1,1,1,0.58853024
1,1,1,0.6927052
1,1,1,0.65292114
1,0,1,0.64143944
1,0,0,0.26229203
1,0,1,0.5517989
1,1,1,0.85889655
1,0,0,0.31844133
1,0,1,0.7915108
1,0,0,0.49529883
1,0,1,0.7131051
1,1,1,0.69611585
1,1,1,0.66519094
1,1,1,0.64449024
1,1,0,0.44899154
1,0,1,0.5904443
1,1,1,0.516609
1,0,1,0.5225942
1,0,0,0.45468828
1,0,1,0.7527502
1,0,1,0.6569674
1,1,1,0.71589506
1,1,1,0.8662219
1,0,0,0.34033802
1,0,0,0.4464646
1,0,1,0.75281847
1,1,1,0.638636
1,1,1,0.899676
1,1,1,0.87620884
1,1,1,0.5270999
1,0,1,0.7733791
1,1,1,0.7331801
1,1,1,0.79653955
1,0,1,0.7452997
1,1,1,0.62351346
1,0,1,0.79926777
1,1,0,0.46224037
1,1,1,0.8574728
1,1,1,0.72702867
1,1,1,0.8359626
1,1,1,0.7340793
1,0,0,0.33457744
1,1,1,0.8738296
1,1,1,0.69993865
1,1,0,0.4922979
1,1,1,0.7467493
1,0,1,0.566509
1,0,1,0.65690804
1,0,1,0.5396159
1,0,1,0.5895711
1,1,1,0.51366776
1,0,1,0.6875697
1,0,1,0.54417855
1,0,0,0.34373522
1,1,1,0.72456425
1,0,1,0.6186246
1,0,1,0.5170537
1,0,0,0.15040693
1,0,1,0.6892424
1,0,1,0.7015703
1,1,1,0.78697836
1,0,0,0.40047458
1,1,1,0.5518536
1,0,0,0.40302896
1,1,1,0.74526703
1,0,0,0.20298582
1,1,1,0.5256991
1,1,1,0.6317507
1,1,1,0.5761225
1,1,1,0.5797881
1,1,1,0.63049185
1,1,1,0.58164525
1,1,1,0.75600314
1,0,1,0.5523606
1,1,1,0.6984465
1,0,1,0.5608785
1,0,0,0.15728943
1,0,0,0.2969882
1,0,0,0.47914335
1,1,1,0.82421315
1,1,0,0.44830903
1,1,1,0.6280976
1,0,1,0.5565303
1,1,0,0.4301812
1,1,1,0.58839625
1,0,0,0.124595486
1,1,1,0.57346797
1,0,1,0.5011886
1,1,1,0.59559643
1,0,0,0.34310097
1,0,1,0.6884881
1,1,0,0.26271182
1,1,1,0.8824113
1,1,1,0.5297642
1,0,1,0.73669505
1,0,0,0.069506764
1,0,0,0.49595246
1,1,1,0.71394694
1,0,0,0.33142346
1,0,1,0.5341672
1,0,0,0.4775586
1,0,0,0.36810347
1,0,0,0.06834347
1,0,0,0.12154629
1,0,0,0.1660813
1,1,0,0.4289358
1,0,0,0.410596
1,0,0,0.30660978
1,0,0,0.118524514
1,0,0,0.1342395
1,0,0,0.46762022
1,0,1,0.70059675
1,1,0,0.39944735
1,0,0,0.16313893
1,0,0,0.10776279
1,0,1,0.59710175
1,1,0,0.43374932
1,0,0,0.40453437
1,0,0,0.4813881
1,0,0,0.41419262
1,0,0,0.42255926
1,0,0,0.3689555
1,0,1,0.5397813
1,1,0,0.17607614
1,1,1,0.5291257
1,1,1,0.7080081
1,0,0,0.25010043
1,0,0,0.32425988
1,1,0,0.35965672
1,1,0,0.43493816
1,1,1,0.6096562
1,1,0,0.43679655
1,0,0,0.34498456
1,0,1,0.5919305
1,1,0,0.25499985
1,1,0,0.35390443
1,1,0,0.49795192
1,0,0,0.35588786
1,0,1,0.76057553
1,1,0,0.45992598
1,1,1,0.64861536
1,0,0,0.47062477
1,1,1,0.5425058
1,0,0,0.38820145
1,0,1,0.6161605
1,0,0,0.24810466
1,0,0,0.2269546
1,0,1,0.5326661
1,1,1,0.5670368
1,1,1,0.63733757
1,0,1,0.6629182
1,1,1,0.66024834
1,0,1,0.60515505
1,1,0,0.14367135
1,1,1,0.917935
1,0,1,0.65588444
1,1,1,0.60212445
1,1,1,0.87569124
1,0,0,0.46281883
1,0,1,0.7079622
1,0,1,0.62292594
1,0,1,0.78512406
1,0,1,0.6061462
1,0,0,0.37811834
1,1,1,0.66053
1,1,1,0.5910172
1,1,1,0.55986327
1,1,1,0.7753477
1,1,1,0.5186131
1,1,1,0.5506535
1,0,0,0.4495198
1,0,1,0.67877346
1,1,1,0.81253666
1,0,0,0.32081294
1,1,1,0.85409695
1,1,1,0.5212467
1,0,1,0.64865994
1,1,0,0.45824903
1,0,1,0.6307534
1,0,1,0.76916575
1,1,1,0.5606734
1,0,0,0.44120172
1,1,1,0.71929383
1,1,1,0.8701192
1,0,1,0.57505757
1,1,1,0.58073527
1,1,0,0.49315473
1,1,0,0.46752122
1,0,0,0.40030366
1,1,1,0.791648
1,1,1,0.84618455
1,0,1,0.7855547
1,1,1,0.7024604
1,1,1,0.7011603
1,1,1,0.67192733
1,0,1,0.800216
1,1,0,0.3422747
1,0,0,0.11451014
1,1,1,0.578441
1,1,0,0.4820593
1,1,1,0.7439535
1,1,1,0.7129684
1,1,1,0.58365726
1,0,0,0.46103927
1,1,1,0.620566
1,1,1,0.75905234
1,1,0,0.49133354
1,1,1,0.7977015
1,0,0,0.076574095
1,1,1,0.51689446
1,0,0,0.22503674
1,1,1,0.6451103
1,0,0,0.050184887
1,0,0,0.3082317
1,0,0,0.110860325
1,0,1,0.63860965
1,0,1,0.5594121
1,0,0,0.4857932
1,1,1,0.6023271
1,1,1,0.78840566
1,0,0,0.07568222
1,0,0,0.31871247
1,0,1,0.7489773
1,0,0,0.44404984
1,0,1,0.50724125
1,1,0,0.38796002
1,1,1,0.6145053
1,0,1,0.6212949
1,0,1,0.5769602
1,1,1,0.82634497
1,1,1,0.8308224
1,0,1,0.710118
1,1,1,0.6061137
1,0,0,0.31882492
1,0,0,0.16759841
1,0,0,0.25421038
1,0,0,0.16885692
1,0,0,0.15298097
1,0,0,0.10231035
1,0,0,0.17085762
1,0,1,0.6666549
1,1,1,0.7752962
1,1,1,0.61640775
1,1,1,0.5786823
1,0,1,0.5737569
1,0,1,0.7046325
1,0,1,0.62416935
1,0,1,0.50769097
1,0,1,0.71243775
1,0,0,0.35138524
1,1,0,0.2863056
1,0,0,0.31867075
1,1,1,0.6318893
1,0,0,0.23853299
1,0,1,0.5543849
1,1,1,0.6927112
1,1,1,0.8810271
1,1,1,0.5513209
1,1,1,0.5621984
1,0,0,0.45228523
1,1,0,0.3572113
1,0,0,0.4231539
1,0,0,0.35617656
1,1,1,0.6508908
1,0,1,0.7404673
1,1,0,0.43581927
1,1,1,0.65269166
1,0,1,0.59555626
1,1,0,0.46985754
1,0,0,0.47235107
1,1,1,0.5655808
1,0,1,0.68079376
1,1,1,0.5062575
1,0,0,0.41806927
1,1,0,0.30977577
1,0,0,0.35260528
1,0,1,0.6167458
1,1,1,0.9125521
1,0,0,0.49492165
1,1,1,0.705392
1,1,1,0.5860186
1,0,1,0.6245059
1,1,1,0.74186325
1,1,1,0.65380174
1,0,0,0.3570288
1,1,1,0.68606734
1,0,0,0.21149617
1,0,1,0.6707869
1,0,0,0.46372378
1,1,1,0.6226449
1,0,1,0.60010535
1,0,1,0.5254735
1,1,1,0.56652623
1,0,0,0.38151217
1,1,0,0.47825864
1,1,1,0.6285514
1,0,0,0.4575664
1,0,0,0.29566696
1,1,1,0.8208472
1,1,0,0.3880438
1,0,0,0.12683547
1,1,0,0.2426566
1,0,1,0.5257658
1,1,1,0.676395
1,0,0,0.3894681
1,1,1,0.6599485
1,1,1,0.5073013
1,0,0,0.2947311
1,0,1,0.5038433
1,1,0,0.31869903
1,0,0,0.30482432
1,0,0,0.4550171
1,0,0,0.47619268
1,0,0,0.33004218
1,0,1,0.5411972
1,1,1,0.51066536
1,0,0,0.45830616
1,1,1,0.62378705
1,0,1,0.67235196
1,1,0,0.40395096
1,1,0,0.3271614
1,1,1,0.5477822
1,0,0,0.2805634
1,0,0,0.4485878
1,0,0,0.30084127
1,0,1,0.6298857
1,1,1,0.6744256
1,0,1,0.6684527
1,1,1,0.66017365
1,1,0,0.27725682
1,0,0,0.34325802
1,1,1,0.73393494
1,0,0,0.091018975
1,0,0,0.41200745
1,1,1,0.77254915
1,1,1,0.65428305
1,0,0,0.24661802
1,1,1,0.5438179
1,0,0,0.4944225
1,1,1,0.71137077
1,1,1,0.7331157
1,1,1,0.9097622
1,0,0,0.368081
1,1,0,0.46403724
1,1,1,0.721908
1,0,1,0.66239196
1,1,1,0.916222
1,1,1,0.8740577
1,1,1,0.71598506
1,0,0,0.4710705
1,1,1,0.77499914
1,1,1,0.75934345
1,1,1,0.65694284
1,0,1,0.83903223
1,1,1,0.8107934
1,0,1,0.7012716
1,0,1,0.71749455
1,0,1,0.65026486
1,1,1,0.7548741
1,1,1,0.62774885
1,0,1,0.65434957
1,1,0,0.4851165
1,1,1,0.8851823
1,1,1,0.879326
1,0,1,0.694964
1,0,0,0.33982283
1,1,1,0.6247083
1,0,1,0.56418735
1,0,0,0.2805816
1,0,0,0.26726985
1,0,0,0.3449115
1,1,0,0.4149023
1,1,1,0.68902725
1,0,0,0.42921206
1,0,0,0.166228
1,1,1,0.71456
1,0,1,0.5132483
1,1,1,0.5637142
1,0,1,0.53061014
1,0,1,0.58813554
1,0,1,0.62306195
1,1,0,0.44808722
1,1,1,0.7813635
1,1,1,0.54016495
1,0,0,0.44106907
1,0,0,0.40217245
1,0,0,0.38055283
1,1,0,0.43075863
1,0,0,0.49008334
1,1,1,0.554628
1,1,0,0.2531432
1,0,0,0.17372727
1,0,0,0.11895752
1,0,0,0.18005468
1,1,0,0.32182306
1,0,0,0.4202445
1,0,0,0.4011224
1,0,0,0.14536335
1,1,1,0.60634
1,1,1,0.57012117
1,1,1,0.5355712
1,0,0,0.45471987
1,1,0,0.35141048
1,0,0,0.42988485
1,0,0,0.34996554
1,0,0,0.46291068
1,1,0,0.426636
1,1,0,0.4709552
1,0,1,0.66125435
1,0,1,0.72659415
1,0,0,0.48819795
1,0,0,0.12339224
1,0,0,0.38168758
1,0,1,0.59204906
1,0,1,0.6499296
1,1,1,0.5950383
1,0,0,0.3406994
1,1,1,0.6779301
1,0,0,0.13473926
1,1,1,0.7517834
1,0,1,0.5722464
1,0,0,0.34563217
1,0,0,0.3528184
1,1,1,0.70027786
1,1,1,0.66708964
1,1,1,0.61650115
1,0,0,0.38331798
1,1,1,0.72777057
1,1,1,0.70155853
1,1,1,0.78190666
1,1,1,0.66214114
1,1,0,0.4436169
1,1,1,0.60993314
1,0,1,0.5612381
1,0,1,0.58061796
1,0,0,0.13292338
1,0,1,0.7878096
1,1,1,0.6265635
1,0,1,0.56058824
1,1,1,0.6734449
1,0,0,0.48023936
1,0,1,0.7343331
1,1,1,0.6625786
1,0,0,0.44866243
1,1,1,0.78540534
1,1,1,0.72083765
1,1,1,0.67894435
1,1,1,0.63346165
1,1,0,0.4024268
1,0,1,0.6707491
1,0,1,0.7048672
1,0,0,0.25351197
1,0,1,0.52514
1,0,0,0.09876274
1,0,0,0.43901792
1,0,1,0.74787694
1,0,0,0.2762926
1,0,1,0.681381
1,0,0,0.2539825
1,1,1,0.60753435
1,1,0,0.477663
1,0,1,0.5016064
1,1,1,0.83962375
1,1,1,0.9295285
1,1,1,0.7174866
1,0,1,0.54861045
1,0,0,0.2901014
1,0,0,0.27262664
1,1,1,0.76168233
1,0,1,0.8455515
1,0,1,0.6292407
1,1,1,0.86406446
1,1,0,0.48422045
1,1,1,0.8123164
1,0,1,0.60871845
1,1,1,0.8710865
1,1,1,0.9085886
1,1,1,0.7992116
1,0,1,0.77987236
1,0,1,0.87215805
1,0,0,0.41577893
1,0,1,0.64710677
1,1,1,0.6843763
1,0,0,0.38018772
1,0,0,0.35658506
1,1,1,0.80660516
1,1,1,0.5819368
1,1,0,0.35611263
1,1,0,0.33841464
1,1,1,0.5583048
1,0,1,0.52763855
1,1,1,0.8032083
1,1,1,0.7752062
1,1,1,0.763908
1,0,0,0.31262636
1,0,0,0.4783072
1,1,1,0.7053417
1,0,1,0.5724388
1,0,0,0.20838606
1,1,1,0.82530946
1,1,1,0.83069575
1,0,0,0.38732812
1,0,1,0.5204528
1,0,1,0.7495903
1,0,0,0.25883782
1,0,0,0.12787339
1,1,1,0.905553
1,0,0,0.41052553
1,0,0,0.36274225
1,1,0,0.4456558
1,1,1,0.84836864
1,1,0,0.47966287
1,1,1,0.6715741
1,0,1,0.50838846
1,0,0,0.46778327
1,1,1,0.5281585
1,1,0,0.22455871
1,1,0,0.44937342
1,1,1,0.6537616
1,0,1,0.61716866
1,0,1,0.6401705
1,1,1,0.77843374
1,0,1,0.5199162
1,1,1,0.61907804
1,0,1,0.5232563
1,0,1,0.8177461
1,0,1,0.5560665
1,0,1,0.5940414
1,1,0,0.4197038
1,0,1,0.7210751
1,0,1,0.5723719
1,1,1,0.5284914
1,0,0,0.49475783
1,0,1,0.67042875
1,0,0,0.30996278
1,1,0,0.47971368
1,1,1,0.6805961
1,1,1,0.8154999
1,0,1,0.75751096
1,1,1,0.824517
1,1,0,0.4341513
1,1,1,0.53740114
1,0,0,0.37313795
1,1,0,0.47053105
1,0,0,0.35803068
1,0,0,0.2975106
1,0,0,0.2511093
1,0,0,0.31060204
1,0,0,0.48303372
1,0,0,0.2824107
1,0,0,0.19245976
1,1,1,0.5292062
1,0,0,0.45550892
1,1,0,0.34758607
1,1,0,0.3909606
1,1,1,0.5468923
1,0,1,0.6995553
1,1,1,0.5193775
1,1,1,0.6883472
1,0,0,0.062117174
1,0,1,0.56548613
1,1,0,0.22126526
1,0,0,0.080491796
1,1,1,0.6413221
1,0,0,0.2737783
1,1,0,0.22840631
1,1,1,0.62338674
1,0,0,0.2727842
1,0,0,0.25014696
1,0,0,0.14249843
1,1,0,0.24520126
1,1,1,0.5464167
1,0,0,0.032833908
1,0,0,0.2850608
1,0,0,0.41158527
1,0,0,0.20827764
1,1,1,0.8880936
1,0,1,0.7334545
1,1,1,0.54873717
1,1,1,0.71732056
1,0,1,0.738332
1,1,1,0.7165007
1,1,1,0.52701145
1,1,1,0.73649806
1,0,1,0.5878801
1,0,1,0.6069925
1,0,1,0.83332485
1,1,1,0.8688108
1,0,0,0.36709023
1,0,1,0.6825882
1,0,1,0.7693223
1,1,1,0.69130105
1,0,1,0.6767994
1,1,1,0.7263287
1,1,1,0.8418749
1,1,1,0.7594768
1,1,1,0.9134146
1,0,1,0.85479933
1,1,1,0.5517366
1,0,1,0.577887
1,0,1,0.85333717
1,1,1,0.72523516
1,0,1,0.6538818
1,1,1,0.7865401
1,0,1,0.8803269
1,1,1,0.8154792
1,1,1,0.8179217
1,1,1,0.58283716
1,0,1,0.76345253
1,0,1,0.6338691
1,0,0,0.30223972
1,0,1,0.5532343
1,1,1,0.64806575
1,1,1,0.61304027
1,1,0,0.4115478
1,1,0,0.4505793
1,0,0,0.3371014
1,0,0,0.32878083
1,0,0,0.4521684
1,1,0,0.40133366
1,0,0,0.20502791
1,0,0,0.123866506
1,0,0,0.255375
1,0,0,0.29912233
1,0,0,0.4155527
1,1,0,0.3994043
1,1,0,0.36885908
1,0,1,0.5719545
1,0,0,0.34850737
1,1,0,0.3609319
1,1,0,0.49184012
1,0,0,0.31520328
1,0,1,0.6314985
1,1,1,0.6180281
1,1,1,0.6395108
1,1,1,0.59249526
1,0,0,0.22181842
1,0,1,0.61672735
1,1,1,0.53971756
1,0,0,0.28286305
1,0,0,0.15764813
1,1,1,0.6685828
1,1,1,0.5412427
1,1,0,0.33709377
1,0,0,0.2370764
1,1,1,0.64177
1,0,0,0.17260778
1,0,0,0.15342219
1,1,1,0.5134227
1,0,1,0.52970666
1,0,0,0.45422328
1,0,1,0.71028763
1,1,1,0.9211462
1,0,1,0.6830965
1,1,1,0.6660421
1,0,0,0.3772718
1,1,1,0.63669443
1,0,1,0.6081065
1,1,1,0.7808677
1,1,1,0.7335261
1,1,1,0.77370936
1,1,1,0.7178423
1,1,1,0.8260216
1,1,1,0.79975724
1,1,0,0.461438
1,1,1,0.53767776
1,1,0,0.48404208
1,0,1,0.72093403
1,0,1,0.6652557
1,0,0,0.434749
1,1,0,0.4135193
1,0,0,0.35520947
1,1,1,0.6384138
1,0,1,0.6427399
1,0,0,0.47734922
1,0,1,0.58590984
1,0,0,0.45946774
1,1,1,0.81372446
1,1,1,0.7342637
1,1,1,0.73181635
1,1,1,0.647072
1,1,1,0.5425174
1,0,1,0.5180519
1,0,1,0.63954866
1,0,0,0.3124047
1,0,0,0.057266843
1,1,1,0.762158
1,1,1,0.65246755
1,1,1,0.55800813
1,1,0,0.42015043
1,0,1,0.8201933
1,0,0,0.3650523
1,0,0,0.49670336
1,0,0,0.48886597
1,0,1,0.70871675
1,1,0,0.48071185
1,0,0,0.23193981
1,1,1,0.6947091
1,1,1,0.76848733
1,0,1,0.6863619
1,1,1,0.9456844
1,0,1,0.6418703
1,0,1,0.6599582
1,0,0,0.46544474
1,1,1,0.6847566
1,0,0,0.425455
1,1,1,0.7276224
1,0,1,0.513099
1,1,1,0.50095415
1,0,1,0.6657148
1,1,1,0.88067895
1,1,1,0.84733814
1,1,1,0.8387241
1,1,1,0.6524453
1,0,0,0.30119112
1,0,0,0.3944643
1,1,1,0.7596902
1,1,1,0.86047333
1,0,0,0.36874557
1,0,0,0.4979763
1,0,1,0.73427576
1,0,1,0.762013
1,1,1,0.7505827
1,0,1,0.5318888
1,0,0,0.2948305
1,0,1,0.6279983
1,1,1,0.7234602
1,1,1,0.57313704
1,1,0,0.4636886
1,1,1,0.7665018
1,1,1,0.50701404
1,0,0,0.49200973
1,1,1,0.7678995
1,0,1,0.56692845
1,0,1,0.63547873
1,0,0,0.49635243
1,1,0,0.4964159
1,1,1,0.7810302
1,0,0,0.48021594
1,0,1,0.5678975
1,0,1,0.5707117
1,0,1,0.82916856
1,1,1,0.60717034
1,1,1,0.90661013
1,0,0,0.12823054
1,0,1,0.60869324
1,0,0,0.45453668
1,0,0,0.1836704
1,0,1,0.7687421
1,1,1,0.88289225
1,0,0,0.47385377
1,1,1,0.56625277
1,1,0,0.2738117
1,1,1,0.5690764
1,1,1,0.6379879
1,1,1,0.6406763
1,1,1,0.73246664
1,1,1,0.66691506
1,0,0,0.26445574
1,1,0,0.31555036
1,1,1,0.7907166
1,1,1,0.673844
1,1,1,0.635976
1,0,0,0.38436878
1,0,0,0.28831884
1,1,1,0.8888001
1,0,0,0.40434977
1,0,0,0.19555803
1,0,1,0.7127798
1,0,0,0.3032432
1,0,0,0.20488532
1,1,1,0.69762564
1,0,1,0.6924654
1,0,0,0.3965319
1,0,0,0.3939161
1,1,1,0.70910144
1,0,1,0.74950844
1,0,1,0.6761734
1,0,1,0.5580033
1,0,1,0.5259495
1,1,1,0.8791306
1,0,1,0.53904366
1,1,0,0.48803395
1,0,0,0.41665417
1,1,1,0.6807328
1,0,1,0.51812416
1,0,1,0.55748993
1,0,1,0.6864832
1,1,1,0.70593303
1,0,0,0.35470474
1,1,1,0.61872655
1,1,1,0.6915917
1,1,1,0.56206644
1,1,1,0.5295028
1,1,1,0.5330243
1,0,0,0.21613912
1,0,1,0.8124173
1,1,0,0.45590505
1,0,0,0.3003823
1,1,1,0.54914165
1,1,1,0.59890884
1,1,1,0.826585
1,1,1,0.7732572
1,1,1,0.61405396
1,1,1,0.62547666
1,0,1,0.77075696
1,0,1,0.66478425
1,1,1,0.6213516
1,1,1,0.5726462
1,1,0,0.43809128
1,0,1,0.70763654
1,0,0,0.28690222
1,0,0,0.49522555
1,0,1,0.7165682
1,1,1,0.5948947
1,0,1,0.6707353
1,1,1,0.87435764
1,0,0,0.25765982
1,1,1,0.84713596
1,0,1,0.6328648
1,0,1,0.5879966
1,0,0,0.3953131
1,0,1,0.55192554
1,1,1,0.6063832
1,0,0,0.25565282
1,1,1,0.9151136
1,0,0,0.18214463
1,0,0,0.37890536
1,1,1,0.89991367
1,1,1,0.785484
1,1,1,0.90181303
1,1,1,0.6400956
1,1,1,0.7702008
1,0,0,0.48684707
1,0,1,0.5646386
1,0,1,0.74489003
1,1,1,0.73035115
1,0,0,0.23489171
1,0,0,0.42915624
1,1,1,0.68203294
1,1,1,0.83515453
1,0,1,0.575176
1,0,0,0.2778158
1,0,1,0.7131729
1,1,0,0.39809635
1,0,0,0.42205864
1,0,1,0.8005398
1,1,1,0.8061649
1,0,0,0.2917843
1,1,1,0.7143236
1,1,1,0.7510617
1,0,0,0.11266221
1,0,0,0.47799757
1,1,1,0.9173312
1,0,1,0.8161585
1,0,1,0.6866884
1,0,1,0.77164453
1,1,1,0.65991277
1,0,1,0.5642797
1,1,1,0.72250867
1,0,1,0.68548757
1,1,1,0.6089222
1,0,0,0.13261203
1,1,1,0.6310216
1,0,1,0.72285527
1,1,1,0.8067387
1,0,1,0.74412674
1,1,1,0.8015383
1,1,1,0.5834906
1,0,1,0.52444154
1,0,1,0.63363385
1,1,1,0.82325536
1,1,1,0.59739995
1,0,0,0.4202534
1,1,0,0.41703314
1,1,1,0.8016567
1,0,0,0.40592554
1,1,0,0.33342072
1,1,0,0.36258066
1,1,1,0.536264
1,0,0,0.38117656
1,1,1,0.696041
1,0,1,0.56057286
1,1,0,0.25704208
1,0,1,0.7751055
1,0,0,0.15554006
1,0,1,0.5463554
1,0,0,0.22922662
1,1,0,0.18677092
1,0,0,0.40193644
1,0,0,0.39126608
1,1,1,0.5717376
1,0,1,0.6042071
1,0,0,0.27556172
1,0,0,0.492748
1,0,1,0.76540715
1,0,0,0.31190962
1,1,1,0.5174327
1,1,1,0.7050517
1,0,1,0.9209302
1,1,1,0.8373427
1,0,1,0.73146045
1,1,1,0.8305938
1,0,1,0.7098242
1,1,1,0.76029885
1,0,0,0.37810823
1,0,0,0.471998
1,1,1,0.82973266
1,0,0,0.49133015
1,1,0,0.448692
1,1,1,0.8477324
1,0,1,0.5748814
1,0,0,0.34049806
1,1,1,0.8547875
1,0,0,0.42100185
1,0,1,0.6351158
1,0,0,0.32505697
1,1,1,0.77694786
1,0,1,0.5460494
1,1,1,0.886571
1,1,1,0.6423152
1,0,1,0.6440662
1,1,1,0.7266644
1,1,0,0.4509662
1,0,0,0.36443308
1,0,0,0.24033982
1,0,1,0.62089294
1,0,1,0.5644596
1,1,1,0.7043805
1,0,1,0.7993085
1,1,1,0.71767503
1,0,0,0.47789118
1,0,1,0.56784666
1,1,1,0.8680588
1,0,1,0.82968575
1,0,1,0.66717154
1,0,1,0.5381182
1,1,1,0.89438677
1,1,1,0.71096474
1,1,1,0.845028
1,1,1,0.62481624
1,0,0,0.3543688
1,0,0,0.26249933
1,1,1,0.8035781
1,0,1,0.66783994
1,0,1,0.5241322
1,1,1,0.8604714
1,0,1,0.5813687
1,1,1,0.6065589
1,0,1,0.723929
1,1,1,0.88285905
1,1,1,0.8553479
1,1,1,0.69798285
1,1,0,0.4110559
1,1,1,0.71716446
1,0,1,0.5611244
1,1,1,0.6061121
1,1,1,0.57454705
1,0,0,0.20037273
1,1,1,0.8960086
1,1,1,0.8465882
1,0,1,0.8056545
1,0,0,0.36621612
1,0,1,0.66703767
1,1,1,0.8475698
1,0,0,0.4627715
1,1,1,0.5321129
1,1,1,0.5475452
1,1,1,0.5497915
1,1,0,0.2899361
1,0,0,0.35646734
1,1,1,0.5441362
1,0,1,0.5444707
1,1,1,0.5336126
1,0,1,0.62259203
1,0,1,0.5121361
1,1,1,0.620554
1,1,0,0.38499036
1,0,0,0.47525597
1,0,0,0.08983413
1,1,0,0.32384068
1,0,0,0.22794148
1,1,0,0.32914147
1,0,0,0.4424998
1,1,1,0.56979525
1,0,1,0.67272913
1,0,0,0.42943853
1,0,1,0.53034085
1,1,1,0.69857764
1,0,0,0.491969
1,0,1,0.7163532
1,0,1,0.73697263
1,0,0,0.22338088
1,1,1,0.8867276
1,1,1,0.78551763
1,1,1,0.58569306
1,0,0,0.39472505
1,1,1,0.6105976
1,0,0,0.42039025
1,0,1,0.71086305
1,0,1,0.5509971
1,1,0,0.30644175
1,0,1,0.6381536
1,1,1,0.57795584
1,0,1,0.6252378
1,0,0,0.46344417
1,1,1,0.6722351
1,0,1,0.5551117
1,1,1,0.6774989
1,0,0,0.43246332
1,1,1,0.95374143
1,1,1,0.69532996
1,0,0,0.3779491
1,1,1,0.63587534
1,0,1,0.5196623
1,1,1,0.70734006
1,0,1,0.58447206
1,1,1,0.6370088
1,0,1,0.5117063
1,0,1,0.63820493
1,0,1,0.6862916
1,1,1,0.70531654
1,1,1,0.67014086
1,1,1,0.56665844
1,1,1,0.7090974
1,0,1,0.8278802
1,0,1,0.7427175
1,0,1,0.63009953
1,1,1,0.67973363
1,1,1,0.7211088
1,0,1,0.6977013
1,1,1,0.8022361
1,0,0,0.45091292
1,0,0,0.49056512
1,1,1,0.7350058
1,1,1,0.54984075
1,0,0,0.32060134
1,0,0,0.46425062
1,0,0,0.12814067
1,1,1,0.7264542
1,1,1,0.7157001
1,0,0,0.23701912
1,0,0,0.41929516
1,1,1,0.67145973
1,1,1,0.6685077
1,1,1,0.75225663
1,0,0,0.18179506
1,1,0,0.45706177
1,1,1,0.63719654
1,1,1,0.6100199
1,1,1,0.63514346
1,0,0,0.2973688
1,0,0,0.22490096
1,0,0,0.20207411
1,0,0,0.44869384
1,1,1,0.76963437
1,0,1,0.64146566
1,0,0,0.3548346
1,0,0,0.387041
1,1,0,0.47072676
1,0,0,0.45439395
1,1,1,0.7304278
1,1,1,0.5345062
1,1,1,0.5826345
1,1,1,0.6162062
1,0,0,0.39335653
1,0,0,0.49379924
1,1,1,0.8128404
1,0,0,0.3264525
1,0,0,0.46495092
1,0,0,0.2063907
1,1,1,0.6779367
1,0,0,0.49225333
1,1,1,0.59320855
1,0,1,0.7507474
1,0,0,0.46739525
1,1,1,0.8779007
1,1,1,0.6580217
1,1,1,0.55602914
1,1,1,0.7508408
1,1,1,0.66225857
1,0,0,0.45247933
1,1,1,0.5794788
1,0,1,0.6768989
1,1,1,0.71898705
1,0,1,0.54451597
1,0,0,0.42833084
1,0,0,0.4128691
1,0,1,0.64621127
1,0,1,0.73752564
1,0,0,0.44828156
1,0,1,0.5144313
1,0,0,0.09041765
1,1,1,0.7633633
1,0,1,0.5449076
1,0,1,0.74924475
1,1,1,0.8744462
1,1,1,0.730491
1,1,1,0.8095967
1,1,1,0.56473553
1,0,0,0.4541812
1,1,1,0.72827274
1,0,0,0.46645063
1,0,0,0.40121004
1,0,0,0.43161172
1,1,1,0.7579591
1,1,1,0.67907304
1,1,1,0.80134684
1,0,0,0.29942787
1,0,0,0.33302185
1,1,1,0.78311104
1,0,0,0.40541255
1,0,0,0.39390856
1,1,1,0.8845475
1,0,0,0.46313554
1,1,1,0.76231
1,0,0,0.49271187
1,1,1,0.9051572
1,0,1,0.7807698
1,1,1,0.7996861
1,0,0,0.41577497
1,0,1,0.65346795
1,1,1,0.65983766
1,1,1,0.5923324
1,0,0,0.343252
1,0,0,0.4436259
1,1,1,0.751309
1,0,1,0.744944
1,0,1,0.6854383
1,1,1,0.58413446
1,0,1,0.51948714
1,1,1,0.80010766
1,1,1,0.7777956
1,1,1,0.85815436
1,1,1,0.7295359
1,1,1,0.8880328
1,0,1,0.82206196
1,0,1,0.55866826
1,0,1,0.759436
1,0,1,0.7683395
1,1,1,0.9004558
1,1,1,0.7626967
1,1,1,0.74777216
1,1,1,0.8655795
1,1,1,0.8838721
1,1,1,0.6540206
1,0,0,0.4315835
1,0,1,0.6358965
1,0,1,0.576381
1,0,1,0.6508744
1,1,1,0.7967771
1,0,1,0.5557026
1,0,1,0.6406067
1,1,1,0.7430451
1,1,1,0.57784325
1,1,0,0.40958062
1,1,1,0.84251624
1,1,0,0.48934126
1,1,1,0.704874
1,0,0,0.424636
1,0,1,0.5765382
1,1,0,0.4555849
1,1,1,0.7398014
1,0,0,0.27958095
1,1,1,0.8313099
1,1,0,0.4893281
1,1,1,0.68431747
1,1,1,0.72392374
1,1,1,0.80781955
1,1,1,0.5569098
1,0,1,0.6817756
1,0,1,0.65606904
1,1,1,0.7497747
1,0,1,0.6353142
1,1,1,0.7336958
1,0,0,0.40498802
1,1,1,0.83461297
1,0,1,0.54183084
1,1,1,0.5967833
1,0,1,0.5338541
1,1,1,0.71831447
1,0,1,0.61462396
1,0,1,0.75805116
1,0,0,0.18576801
1,1,1,0.5612868
1,1,1,0.71784735
1,0,1,0.60593903
1,1,1,0.85031927
1,0,0,0.20452446
1,1,1,0.6887487
1,1,1,0.8321992
1,0,0,0.39031634
1,0,1,0.52093256
1,0,0,0.36547455
1,0,1,0.7064025
1,1,1,0.6725619
1,0,1,0.7605619
1,0,1,0.51363176
1,1,1,0.7496285
1,0,1,0.67939335
1,0,0,0.40842134
1,0,1,0.52652985
1,0,0,0.4685216
1,1,1,0.61198723
1,0,0,0.40913185
1,1,0,0.4445635
1,1,1,0.6038375
1,0,1,0.5101245
1,0,1,0.7330805
1,1,1,0.7783309
1,0,1,0.5852112
1,1,1,0.6365823
1,1,1,0.6730455
1,1,1,0.5390243
1,0,1,0.52518564
1,1,1,0.6832054
1,1,1,0.65268004
1,0,1,0.5916759
1,0,0,0.45767325
1,1,1,0.6759387
1,1,1,0.62857676
1,0,0,0.3429837
1,1,1,0.79167897
1,0,1,0.5834825
1,0,1,0.69131106
1,0,1,0.7421159
1,1,1,0.7480547
1,1,1,0.66006166
1,0,1,0.5754083
1,1,1,0.79321235
1,1,1,0.5499796
1,1,1,0.52275616
1,0,1,0.6906684
1,1,1,0.63678616
1,1,1,0.77490866
1,1,0,0.48615116
1,1,1,0.6124335
1,1,0,0.490985
1,1,0,0.42377958
1,1,1,0.6071713
1,0,1,0.63547635
1,0,0,0.4944266
1,0,0,0.29759157
1,0,1,0.58529896
1,0,0,0.33766434
1,0,1,0.53519744
1,0,1,0.7814695
1,1,1,0.78074384
1,0,1,0.76707745
1,0,1,0.84017116
1,0,0,0.24751838
1,1,1,0.8840577
1,0,0,0.3083697
1,0,0,0.48860404
1,1,1,0.7411388
1,0,1,0.59225947
1,1,1,0.72426414
1,1,1,0.5231312
1,1,0,0.4209583
1,1,1,0.5694112
1,0,1,0.57777786
1,1,1,0.58609366
1,0,1,0.63200897
1,0,1,0.70324075
1,0,0,0.28603306
1,0,1,0.58267313
1,1,1,0.74585354
1,0,0,0.41125396
1,1,1,0.8141563
1,1,1,0.62483346
1,1,1,0.7251539
1,0,1,0.63829803
1,1,1,0.7355113
1,1,1,0.6984096
1,1,1,0.8378003
1,0,1,0.558176
1,1,1,0.9440995
1,0,1,0.8316082
1,0,1,0.50028545
1,0,0,0.34699082
1,0,1,0.70516294
1,0,1,0.5068984
1,1,1,0.8880734
1,0,1,0.6904948
1,1,1,0.6642734
1,1,1,0.5953943
1,0,1,0.6698206
1,1,1,0.7116653
1,0,1,0.63963467
1,0,1,0.68431723
1,1,1,0.92818546
1,0,1,0.6313814
1,1,1,0.5547543
1,0,1,0.60354316
1,0,0,0.3773303
1,1,1,0.83379406
1,1,1,0.7647429
1,0,1,0.81290686
1,0,0,0.29899046
1,1,1,0.87561864
1,0,1,0.88483214
1,0,0,0.39575318
1,0,1,0.7186232
1,1,1,0.7160072
1,0,1,0.52786845
1,0,1,0.64100283
1,0,1,0.5621266
1,0,1,0.6889706
1,1,1,0.5502405
1,0,0,0.42667535
1,0,1,0.62661654
1,1,1,0.7366157
1,0,1,0.80987686
1,1,0,0.42070934
1,1,1,0.68721557
1,1,1,0.6914658
1,0,1,0.510242
1,1,1,0.8305272
1,0,1,0.6828701
1,0,1,0.80678296
1,0,1,0.5211518
1,1,1,0.84781945
1,1,1,0.85732055
1,1,1,0.53882706
1,1,1,0.8640044
1,0,1,0.5618449
1,1,1,0.92165977
1,0,0,0.41190696
1,0,0,0.17650679
1,1,1,0.78656894
1,0,1,0.63786364
1,1,1,0.62201554
1,0,1,0.7487208
1,1,1,0.6633291
1,0,1,0.5394926
1,0,0,0.38154244
1,0,1,0.72139764
1,1,1,0.80174845
1,1,1,0.91798484
1,1,1,0.7789334
1,1,1,0.84031355
1,1,1,0.58892787
1,0,1,0.6097717
1,1,1,0.52594334
1,0,1,0.7379264
1,0,1,0.7917782
1,1,1,0.6060708
1,0,1,0.66558105
1,1,1,0.7742386
1,1,1,0.83724105
1,1,1,0.8456553
1,1,1,0.7012769
1,0,0,0.4108079
1,0,0,0.0786202
1,1,1,0.7652047
1,0,1,0.65579927
1,0,0,0.40822548
1,1,1,0.5442674
1,0,0,0.17493178
1,0,0,0.18268608
1,1,1,0.9311968
1,0,1,0.7259912
1,1,1,0.7503399
1,0,1,0.7123586
1,1,1,0.9062794
1,0,1,0.58713806
1,0,1,0.75091046
1,1,1,0.81052065
1,0,0,0.3555513
1,1,1,0.8528442
1,1,1,0.63261825
1,0,1,0.63617814
1,0,1,0.6956134
1,0,0,0.21275906
1,1,1,0.85562134
1,1,1,0.74224764
1,1,1,0.54693305
1,1,1,0.9549526
1,1,1,0.8882121
1,1,1,0.7468235
1,0,0,0.33697957
1,1,0,0.4552051
1,1,1,0.70714724
1,1,1,0.72231424
1,1,0,0.28015742
1,1,0,0.44160843
1,0,0,0.3279239
1,0,0,0.27727616
1,0,0,0.31147522
1,0,1,0.5904258
1,0,1,0.50208163
1,1,1,0.68475795
1,0,0,0.4211611
1,0,0,0.28891963
1,1,1,0.7258803
1,0,1,0.6266518
1,1,1,0.6904377
1,0,0,0.38269338
1,1,1,0.73940027
1,0,0,0.30743936
1,0,0,0.30130526
1,1,0,0.45359173
1,0,1,0.7052931
1,0,1,0.798474
1,0,1,0.7111912
1,1,1,0.5935385
1,0,1,0.6542091
1,0,1,0.6861969
1,1,1,0.6144783
1,1,1,0.643188
1,1,0,0.47965792
1,1,0,0.42067662
1,1,0,0.44385776
1,0,0,0.23972672
1,0,1,0.5428876
1,1,0,0.2961131
1,0,1,0.5604116
1,0,0,0.13569853
1,1,1,0.53340125
1,0,1,0.6810089
1,0,1,0.659872
1,1,1,0.54953027
1,0,0,0.44386056
1,0,0,0.33890417
1,1,1,0.7146498
1,1,1,0.59908384
1,1,1,0.6823952
1,0,0,0.44958818
1,1,1,0.759059
1,0,1,0.5478044
1,0,1,0.8115552
1,0,1,0.58037204
1,0,1,0.5186839
1,1,1,0.8504058
1,1,1,0.6175792
1,0,1,0.6634876
1,1,0,0.3986896
1,1,1,0.77029854
1,0,1,0.52421284
1,0,0,0.45675912
1,0,0,0.44443446
1,0,0,0.48012033
1,1,1,0.7240938
1,0,1,0.61756337
1,0,1,0.5506306
1,1,1,0.67483115
1,0,0,0.47914335
1,1,1,0.6708291
1,1,1,0.7214181
1,1,1,0.70420325
1,1,1,0.50813484
1,1,1,0.66493475
1,1,0,0.467322
1,1,0,0.45852962
1,1,1,0.7654197
1,0,1,0.62406725
1,0,1,0.6683625
1,0,0,0.1349289
1,0,1,0.7690398
1,0,0,0.44508004
1,0,0,0.08643005
1,1,1,0.65976256
1,0,0,0.23397565
1,0,1,0.57781833
1,0,1,0.50251335
1,0,1,0.5213979
1,1,1,0.7268205
1,1,1,0.7449353
1,0,1,0.56705874
1,1,1,0.64371175
1,0,1,0.56173116
1,0,0,0.30379024
1,0,1,0.5229011
1,1,0,0.36620283
1,0,0,0.3607555
1,0,0,0.12107276
1,0,0,0.3493129
1,0,1,0.5784968
1,0,0,0.07966425
1,1,1,0.721072
1,1,1,0.7067349
1,0,0,0.45945612
1,1,1,0.7017816
1,1,1,0.56354696
1,0,0,0.285034
1,1,1,0.6126032
1,1,1,0.9187225
1,0,1,0.70634127
1,1,1,0.6415549
1,1,1,0.7604627
1,1,1,0.7162057
1,0,1,0.68912476
1,1,1,0.76721126
1,1,0,0.4608017
1,0,1,0.69031847
1,1,1,0.5457062
1,1,1,0.73891854
1,1,1,0.74663794
1,0,1,0.8103633
1,0,0,0.38242412
1,1,1,0.7146199
1,0,1,0.68459845
1,0,1,0.73705155
1,0,1,0.6154625
1,0,1,0.63453805
1,1,1,0.8075087
1,1,1,0.8257267
1,0,1,0.70953566
1,0,0,0.37208372
1,0,0,0.32500696
1,0,1,0.6388162
1,1,1,0.7490448
1,0,1,0.7810049
1,0,1,0.64077395
1,1,0,0.3083633
1,0,1,0.56904393
1,0,1,0.85737944
1,0,0,0.48743528
1,0,0,0.36795214
1,0,0,0.43361613
1,1,1,0.522292
1,0,0,0.41488388
1,1,1,0.57134634
1,0,0,0.31487957
1,1,1,0.7604508
1,1,1,0.5733246
1,0,0,0.41914958
1,0,0,0.459562
1,1,1,0.8427264
1,1,1,0.72799355
1,1,1,0.66999424
1,1,1,0.7329583
1,1,1,0.76081765
1,1,1,0.85339046
1,0,1,0.6727335
1,0,0,0.42091143
1,0,1,0.67996144
1,1,1,0.8992369
1,1,1,0.85697275
1,0,1,0.6252302
1,0,1,0.53577435
1,0,1,0.62431467
1,0,0,0.31248742
1,1,1,0.8029912
1,1,1,0.8286914
1,0,1,0.6672272
1,1,1,0.64967954
1,1,1,0.65793914
1,0,1,0.7594825
1,0,1,0.6904771
1,0,1,0.59356374
1,0,0,0.13229339
1,0,1,0.64117074
1,0,0,0.28430855
1,1,1,0.7851225
1,1,1,0.63768077
1,1,1,0.643609
1,1,1,0.8509306
1,1,0,0.48150602
1,0,1,0.6498531
1,0,1,0.5453386
1,0,0,0.47098485
1,0,1,0.60897267
1,0,1,0.5885978
1,0,0,0.2256347
1,0,1,0.7592854
1,1,1,0.7976936
1,1,1,0.5955086
1,1,1,0.59402907
1,1,1,0.56038463
1,0,0,0.35516268
1,0,0,0.09293262
1,1,1,0.5257023
1,0,1,0.71112835
1,0,0,0.1642533
1,1,1,0.50048834
1,1,1,0.79112333
1,0,0,0.47724417
1,1,1,0.88405687
1,0,1,0.70415246
1,1,1,0.78983617
1,0,1,0.66293174
1,1,1,0.84473526
1,0,1,0.5752967
1,1,1,0.802456
1,1,1,0.5013401
1,1,1,0.6235311
1,0,1,0.8664703
1,0,1,0.51100856
1,1,1,0.63283664
1,1,0,0.4926685
1,0,1,0.6214606
1,1,1,0.79636383
1,0,1,0.5802882
1,1,1,0.93298614
1,1,1,0.7539357
1,1,1,0.6708845
1,0,0,0.2919729
1,0,1,0.9352623
1,1,1,0.71415883
1,0,0,0.13009232
1,0,1,0.72188026
1,0,1,0.5593302
1,1,1,0.67807615
1,0,0,0.25818264
1,1,1,0.82359254
1,1,0,0.49808496
1,0,1,0.5155135
1,0,1,0.6061105
1,0,0,0.45909652
1,1,1,0.6366355
1,0,0,0.48903275
1,1,1,0.6003657
1,0,0,0.23070298
1,1,1,0.77588326
1,0,1,0.6796129
1,1,1,0.75969577
1,0,0,0.2728476
1,0,0,0.23016436
1,1,1,0.6092121
1,1,1,0.5790486
1,0,1,0.5208813
1,1,0,0.37831667
1,0,0,0.14644979
1,1,0,0.35918123
1,1,1,0.8025664
1,0,0,0.31379685
1,0,0,0.43774688
1,1,1,0.82289726
1,1,1,0.8268796
1,0,0,0.460738
1,0,0,0.079814956
1,0,0,0.1561924
1,0,1,0.5142978
1,1,1,0.59833854
1,1,1,0.78291136
1,1,1,0.79704887
1,1,1,0.65831614
1,0,1,0.63650936
1,0,1,0.6831615
1,1,1,0.658477
1,1,1,0.7398204
1,1,1,0.83718264
1,1,1,0.78718805
1,0,0,0.11599347
1,1,1,0.6338751
1,1,1,0.750469
1,0,1,0.6688318
1,0,0,0.44095647
1,1,1,0.8490177
1,1,1,0.51613826
1,0,1,0.60439193
1,0,1,0.7703308
1,0,0,0.39311767
1,0,1,0.5466098
1,0,0,0.29311627
1,0,0,0.21554737
1,0,0,0.46514797
1,0,0,0.29946485
1,0,1,0.58476186
1,0,1,0.75413615
1,1,0,0.35725144
1,1,0,0.43784285
1,1,1,0.9206678
1,1,1,0.53648776
1,1,1,0.5460861
1,0,0,0.24084853
1,0,1,0.6365851
1,0,0,0.21710643
1,0,0,0.072643325
1,0,0,0.086942255
1,1,0,0.4180622
1,1,1,0.73704123
1,0,1,0.89426863
1,0,0,0.077055305
1,1,1,0.77564037
1,1,0,0.37331995
1,1,1,0.77124727
1,0,0,0.26203015
1,1,1,0.79658896
1,1,1,0.537898
1,1,1,0.6320494
1,0,0,0.36634406
1,1,1,0.76339215
1,0,1,0.5370481
1,0,0,0.48380265
1,0,1,0.79079366
1,1,1,0.7935664
1,0,0,0.27592087
1,0,1,0.57315344
1,1,1,0.79313946
1,1,1,0.59452957
1,1,1,0.6323689
1,1,1,0.5965195
1,0,1,0.6635473
1,0,1,0.552417
1,0,0,0.36595696
1,1,1,0.62172496
1,1,1,0.5789514
1,0,0,0.4594202
1,0,1,0.580668
1,0,0,0.07451542
1,0,1,0.6349516
1,1,1,0.5555843
1,0,0,0.4315695
1,0,0,0.35082853
1,1,1,0.51474154
1,0,0,0.36079174
1,0,1,0.79951954
1,0,1,0.7299911
1,0,1,0.6875571
1,0,1,0.5425633
1,1,1,0.82801676
1,0,1,0.66631263
1,1,1,0.75782883
1,1,1,0.85855854
1,0,0,0.3555645
1,1,1,0.59882355
1,0,0,0.4639084
1,0,0,0.39251074
1,1,1,0.8188432
1,0,0,0.3232011
1,1,1,0.51902175
1,0,0,0.1088958
1,0,0,0.46375963
1,1,1,0.8500317
1,1,1,0.5132423
1,0,1,0.545252
1,1,0,0.48512357
1,0,0,0.4174252
1,1,0,0.4957972
1,0,1,0.8462833
1,0,1,0.755041
1,0,1,0.5317856
1,1,1,0.69993013
1,0,1,0.6620282
1,0,1,0.50559014
1,1,0,0.42474225
1,0,1,0.8290056
1,1,1,0.722279
1,1,1,0.781625
1,1,1,0.58956254
1,0,1,0.8949164
1,1,1,0.8108193
1,0,1,0.63564545
1,1,1,0.74120164
1,1,1,0.74731344
1,1,1,0.50055593
1,1,1,0.8820093
1,1,0,0.4892733
1,0,0,0.037076507
1,1,1,0.7688512
1,1,1,0.724684
1,1,1,0.5511627
1,0,0,0.4852924
1,1,1,0.5477898
1,0,1,0.6618257
1,1,1,0.61948335
1,0,0,0.19815932
1,1,1,0.6750249
1,1,1,0.7901684
1,0,0,0.38966388
1,1,1,0.7543411
1,0,1,0.80305225
1,0,0,0.10728462
1,0,0,0.24749897
1,0,1,0.6221141
1,0,1,0.81710553
1,0,1,0.7922983
1,0,0,0.47722352
1,0,0,0.27455112
1,0,1,0.5291978
1,1,1,0.65577227
1,0,0,0.4993283
1,1,0,0.4881908
1,0,1,0.5573657
1,0,0,0.2286241
1,0,1,0.706948
1,1,1,0.7759004
1,0,1,0.76302606
1,1,1,0.62812704
1,1,1,0.6070074
1,0,0,0.46850947
1,1,1,0.7094991
1,0,0,0.44581136
1,1,1,0.53728276
1,1,0,0.4331026
1,1,1,0.5872669
1,1,0,0.37697235
1,1,1,0.69877267
1,0,0,0.40734735
1,0,0,0.25714928
1,1,1,0.87094843
1,1,1,0.8574721
1,0,1,0.76410866
1,1,1,0.7649533
1,1,1,0.8089298
1,0,1,0.6120537
1,0,0,0.24234693
1,1,1,0.84324974
1,0,1,0.5622396
1,0,1,0.77212083
1,0,1,0.54144543
1,1,1,0.7513831
1,0,1,0.7896681
1,1,1,0.71364695
1,0,0,0.39591148
1,0,1,0.7678517
1,1,1,0.7542345
1,1,0,0.41620407
1,1,0,0.18594678
1,1,1,0.8322087
1,0,0,0.34549582
1,0,0,0.47414848
1,1,1,0.7377079
1,0,0,0.3816872
1,1,1,0.585629
1,0,1,0.55947024
1,1,1,0.7142825
1,1,1,0.78436404
1,1,1,0.67779636
1,1,1,0.73859507
1,0,1,0.6423862
2,1,1,0.7598647
2,0,1,0.5271601
2,1,1,0.7990429
2,1,0,0.45885786
2,0,1,0.9143682
2,0,0,0.3681969
2,1,0,0.35323158
2,1,1,0.7241622
2,0,1,0.7433727
2,0,1,0.54191625
2,1,1,0.5895511
2,0,1,0.5215429
2,1,1,0.5317014
2,0,0,0.22854546
2,1,0,0.36527285
2,0,1,0.5792457
2,0,0,0.26562575
2,0,1,0.57863563
2,0,1,0.5015916
2,0,1,0.55816823
2,1,1,0.9068995
2,1,1,0.75322527
2,1,1,0.8244052
2,0,0,0.46643692
2,1,1,0.73468846
2,1,1,0.65595835
2,0,0,0.42690745
2,0,0,0.44063416
2,1,1,0.68889236
2,0,1,0.50116783
2,1,1,0.62343943
2,0,0,0.36906862
2,1,1,0.86091495
2,0,0,0.49008045
2,1,1,0.52526814
2,1,0,0.26882893
2,1,1,0.5774749
2,0,0,0.48276556
2,1,1,0.7642925
2,0,0,0.48430988
2,1,0,0.349077
2,1,0,0.33033994
2,1,0,0.46716675
2,1,0,0.29482976
2,0,0,0.3723424
2,0,0,0.3538628
2,1,0,0.26650026
2,0,0,0.47697878
2,0,0,0.45257518
2,0,0,0.35470057
2,0,0,0.3877533
2,1,1,0.8200706
2,1,0,0.48911843
2,0,0,0.18072376
2,0,0,0.13623355
2,1,1,0.66753733
2,0,0,0.30134493
2,1,1,0.8366074
2,1,1,0.6999596
2,0,0,0.31467408
2,1,1,0.6734288
2,1,1,0.7547254
2,0,0,0.33669102
2,0,1,0.727723
2,0,1,0.7745615
2,0,1,0.5166123
2,1,1,0.92187864
2,0,0,0.25037393
2,1,1,0.50655276
2,1,1,0.54949576
2,1,1,0.7093993
2,0,0,0.043987986
2,0,0,0.4978588
2,0,0,0.19081818
2,1,1,0.5711927
2,0,0,0.14354168
2,0,1,0.59352404
2,1,1,0.9529424
2,0,0,0.25188148
2,1,1,0.84621084
2,1,0,0.31590128
2,0,1,0.53133184
2,1,1,0.69589853
2,0,1,0.64368474
2,1,1,0.62820363
2,0,1,0.7446338
2,0,0,0.16884992
2,0,0,0.14789459
2,0,1,0.6637039
2,0,0,0.3481536
2,1,1,0.5885505
2,1,1,0.82201856
2,1,1,0.6827323
2,0,0,0.19273525
2,0,0,0.15741754
2,0,1,0.544952
2,0,1,0.7199052
2,1,1,0.68370897
2,0,0,0.23067757
2,1,1,0.76599604
2,0,1,0.7920071
2,1,0,0.24689344
2,0,0,0.22453889
2,1,1,0.6264371
2,0,0,0.32334346
2,0,1,0.5809441
2,0,0,0.22205853
2,1,1,0.53341454
2,1,1,0.5082926
2,0,0,0.064604394
2,1,0,0.2840511
2,0,0,0.2710465
2,0,0,0.439313
2,1,1,0.80523837
2,1,1,0.5280384
2,1,0,0.24275894
2,0,0,0.4735297
2,0,1,0.6329333
2,0,0,0.41171303
2,1,1,0.60011226
2,1,1,0.7008377
2,0,0,0.16877201
2,1,0,0.36218324
2,1,0,0.29450658
2,1,0,0.23668821
2,0,0,0.30762362
2,1,1,0.68732435
2,1,0,0.46993634
2,0,0,0.4346212
2,0,1,0.7178758
2,1,1,0.8819646
2,0,1,0.6476035
2,0,1,0.50784826
2,1,0,0.48720503
2,1,1,0.8407407
2,1,1,0.88181543
2,0,0,0.17258978
2,0,0,0.46338254
2,0,0,0.15585056
2,0,0,0.19092579
2,1,1,0.58664006
2,1,1,0.9635571
2,1,1,0.7336556
2,0,1,0.6076043
2,1,1,0.73582375
2,0,0,0.4085665
2,1,1,0.7884982
2,0,1,0.5982327
2,0,0,0.1802314
2,0,1,0.5481243
2,0,0,0.42602825
2,1,1,0.82937604
2,0,1,0.72621673
2,1,1,0.60082835
2,0,1,0.7064293
2,0,0,0.21998896
2,1,1,0.68439037
2,1,1,0.6294681
2,0,1,0.5570828
2,1,1,0.6152027
2,0,0,0.3133303
2,0,0,0.14418982
2,1,0,0.32176557
2,1,0,0.14873779
2,1,1,0.8966062
2,1,0,0.48869315
2,0,0,0.14515868
2,1,1,0.82699656
2,0,0,0.44846648
2,1,1,0.6869389
2,0,0,0.25975376
2,0,1,0.8038682
2,0,0,0.235641
2,1,1,0.7467976
2,0,0,0.43863523
2,1,1,0.7098803
2,0,1,0.5059961
2,0,1,0.8175498
2,1,1,0.87208694
2,1,1,0.89342415
2,1,1,0.77599066
2,0,1,0.5742493
2,0,1,0.89408237
2,0,1,0.64950323
2,1,1,0.8718088
2,0,1,0.74498886
2,0,1,0.6672063
2,1,1,0.6871429
2,1,1,0.5312049
2,0,1,0.5276635
2,1,0,0.21926604
2,0,0,0.4072395
2,1,1,0.68402326
2,0,1,0.70735765
2,1,1,0.6615174
2,0,1,0.62644714
2,1,0,0.42289278
2,0,1,0.7293969
2,0,0,0.18506132
2,1,1,0.5619249
2,1,1,0.6919998
2,0,0,0.26169923
2,0,0,0.16295195
2,1,1,0.8667107
2,1,1,0.681632
2,0,0,0.32493508
2,0,1,0.68311113
2,1,0,0.47013214
2,1,1,0.5515935
2,1,0,0.43684614
2,0,1,0.6004135
2,0,1,0.60910714
2,0,0,0.14527538
2,1,1,0.710882
2,0,0,0.023009853
2,0,0,0.4234464
2,0,0,0.13583273
2,0,0,0.3145052
2,1,1,0.94960487
2,1,1,0.6466091
2,0,0,0.47635052
2,1,1,0.8113441
2,1,1,0.57635003
2,0,1,0.5218231
2,0,0,0.48832265
2,0,1,0.78288895
2,0,0,0.38542226
2,1,0,0.491601
2,1,1,0.8973741
2,0,0,0.30372155
2,1,0,0.36240548
2,0,0,0.40649024
2,1,1,0.5548905
2,1,1,0.5570042
2,0,0,0.29552987
2,0,1,0.59742403
2,0,0,0.28257775
2,0,0,0.4125611
2,0,0,0.31999707
2,1,1,0.714986
2,1,1,0.63109815
2,0,0,0.40834457
2,1,1,0.8832234
2,0,1,0.5017459
2,1,1,0.8713785
2,0,1,0.6502219
2,1,1,0.6565924
2,0,1,0.71915865
2,1,0,0.4746099
2,1,0,0.41867444
2,0,1,0.8487959
2,0,0,0.48603722
2,0,1,0.63596547
2,1,1,0.7802895
2,1,0,0.46591657
2,1,0,0.35865796
2,1,1,0.50253046
2,1,1,0.5532358
2,0,0,0.24452007
2,1,1,0.60496813
2,1,1,0.5698876
2,0,0,0.11138871
2,1,0,0.4925089
2,0,1,0.7831979
2,0,0,0.474422
2,0,0,0.35463876
2,0,0,0.4411436
2,1,1,0.6259018
2,0,0,0.33346385
2,0,1,0.53586227
2,1,0,0.4399994
2,0,1,0.8042203
2,1,1,0.53857154
2,0,0,0.27740955
2,1,1,0.65751797
2,1,1,0.6925119
2,0,1,0.5656332
2,0,0,0.2661074
2,1,1,0.5367985
2,0,1,0.5672596
2,0,0,0.29921046
2,1,1,0.566585
2,0,1,0.51622856
2,1,1,0.60552114
2,0,1,0.6547115
2,0,1,0.5092213
2,1,1,0.63617414
2,0,0,0.2662628
2,1,1,0.6241347
2,1,0,0.21733905
2,0,0,0.28745073
2,0,1,0.5254631
2,0,0,0.11814678
2,0,1,0.5063166
2,1,1,0.51109093
2,1,1,0.6973634
2,1,0,0.45789304
2,1,1,0.7814015
2,0,0,0.16192347
2,0,1,0.5540427
2,0,0,0.16891931
2,0,0,0.43168563
2,0,0,0.39993432
2,0,0,0.41681615
2,1,0,0.39446574
2,1,0,0.4297786
2,1,0,0.47860494
2,1,1,0.89731985
2,1,1,0.67154956
2,1,1,0.80338347
2,1,1,0.60693896
2,0,1,0.6694507
2,0,0,0.31915504
2,1,1,0.79551184
2,0,1,0.64052093
2,0,1,0.58851814
2,1,1,0.52098745
2,1,1,0.567388
2,1,1,0.53948694
2,0,1,0.75841784
2,0,0,0.2136539
2,0,1,0.54340017
2,1,1,0.9479024
2,1,1,0.83268064
2,0,0,0.29103616
2,0,1,0.52394325
2,0,0,0.39138308
2,0,0,0.098026484
2,1,1,0.9397771
2,1,1,0.6439867
2,0,0,0.3173707
2,1,1,0.6977079
2,0,0,0.27670822
2,0,0,0.33342138
2,1,1,0.9164971
2,1,1,0.8178941
2,1,1,0.92335486
2,0,0,0.4136401
2,1,1,0.6294527
2,0,1,0.70068645
2,0,1,0.6361054
2,0,0,0.20786864
2,1,1,0.5211746
2,1,0,0.4273108
2,0,0,0.35376567
2,1,1,0.7863585
2,0,1,0.7249565
2,1,0,0.18736306
2,0,0,0.22691695
2,0,1,0.54567915
2,0,1,0.8659686
2,1,0,0.2364785
2,1,1,0.93283546
2,1,1,0.8511819
2,0,0,0.33325174
2,1,1,0.6904387
2,1,1,0.8463724
2,0,0,0.21427478
2,1,1,0.5019583
2,0,0,0.31494755
2,0,1,0.80593103
2,0,1,0.6365425
2,0,1,0.5998656
2,0,1,0.8989268
2,1,0,0.3758579
2,1,1,0.5197358
2,0,0,0.4246178
2,0,0,0.06149814
2,0,1,0.76514363
2,0,0,0.36227593
2,1,0,0.48356783
2,0,0,0.44781655
2,0,0,0.48656815
2,0,0,0.0765065
2,0,1,0.60782456
2,1,1,0.54691225
2,1,0,0.34444353
2,1,1,0.6574453
2,1,1,0.71287763
2,1,0,0.447046
2,0,1,0.600553
2,1,0,0.41081744
2,1,1,0.64283514
2,0,0,0.29244068
2,0,0,0.485069
2,0,1,0.6456859
2,0,0,0.45110536
2,0,1,0.64452434
2,1,1,0.6594257
2,1,1,0.95588
2,1,1,0.75448877
2,0,0,0.28969896
2,0,1,0.64166903
2,1,1,0.72068864
2,0,1,0.6307194
2,0,1,0.5408167
2,1,1,0.82767606
2,1,1,0.8534532
2,0,1,0.65255046
2,0,0,0.4623685
2,0,0,0.2633336
2,1,1,0.75908154
2,0,0,0.3829054
2,1,0,0.19326077
2,1,0,0.3361202
2,1,0,0.47079048
2,1,1,0.81727016
2,1,1,0.7386907
2,1,1,0.52323115
2,1,1,0.69639075
2,0,0,0.14335704
2,1,1,0.7618816
2,0,0,0.17997725
2,0,0,0.48309135
2,1,1,0.8026481
2,1,0,0.3019162
2,1,0,0.35201848
2,0,1,0.56486714
2,0,1,0.59808
2,0,0,0.107120045
2,1,1,0.53673977
2,0,0,0.18989238
2,0,0,0.33324525
2,1,1,0.9454214
2,0,0,0.4066066
2,1,1,0.8100438
2,1,0,0.49406272
2,0,1,0.68866843
2,1,1,0.76299125
2,1,1,0.55773586
2,0,1,0.7365032
2,1,1,0.57237
2,0,0,0.42468727
2,0,0,0.22415362
2,1,1,0.6429482
2,1,1,0.6979979
2,0,0,0.18635875
2,0,0,0.26585305
2,0,1,0.7647232
2,1,1,0.6853933
2,0,0,0.26233867
2,0,0,0.484711
2,0,1,0.73154515
2,0,0,0.2824442
2,1,1,0.5893353
2,0,0,0.36344206
2,0,1,0.52200705
2,1,1,0.93369424
2,0,0,0.47637188
2,0,1,0.6073673
2,1,0,0.30439588
2,0,1,0.7311013
2,0,1,0.5211876
2,0,1,0.5197329
2,1,0,0.26338935
2,1,0,0.4879914
2,1,0,0.07230371
2,0,0,0.48435155
2,1,1,0.9031724
2,1,1,0.77637404
2,0,1,0.50860715
2,1,1,0.65651613
2,0,1,0.71055496
2,0,0,0.45931724
2,1,1,0.5567143
2,0,0,0.3604534
2,0,0,0.04172697
2,1,0,0.4198996
2,1,1,0.8979824
2,1,1,0.5050605
2,0,1,0.50518847
2,0,0,0.14700438
2,0,0,0.19676365
2,0,0,0.41241714
2,1,1,0.9725797
2,1,1,0.8209879
2,0,1,0.62099785
2,1,1,0.64236724
2,1,1,0.5237317
2,1,1,0.62457937
2,0,0,0.30731243
2,1,1,0.5535352
2,1,1,0.77161515
2,0,0,0.23376718
2,1,1,0.82329977
2,0,1,0.5968224
2,1,1,0.7262844
2,0,0,0.25608987
2,0,1,0.7725099
2,1,1,0.78101677
2,0,1,0.5022361
2,0,0,0.35611612
2,1,1,0.81410503
2,0,1,0.62284833
2,1,0,0.26876253
2,0,1,0.7111812
2,0,1,0.60903066
2,1,0,0.45722082
2,0,1,0.5451622
2,1,0,0.42285192
2,1,1,0.53772104
2,1,1,0.59222674
2,1,1,0.7167676
2,1,1,0.6082705
2,1,1,0.5955686
2,0,0,0.1939372
2,0,1,0.50122684
2,0,1,0.5429134
2,0,1,0.6582368
2,1,1,0.6475421
2,1,1,0.85406744
2,0,0,0.19780605
2,0,0,0.43159088
2,1,0,0.40864474
2,0,1,0.9382252
2,1,0,0.38235983
2,1,1,0.60564184
2,0,0,0.18545552
2,1,0,0.48068923
2,1,1,0.6087866
2,1,0,0.26436958
2,0,0,0.17187318
2,0,0,0.40199524
2,1,1,0.5934717
2,0,1,0.526753
2,0,1,0.6058147
2,1,1,0.59115875
2,0,0,0.32014596
2,0,0,0.33827794
2,0,0,0.3894432
2,0,0,0.35721675
2,0,0,0.4958845
2,1,1,0.60500425
2,0,1,0.76944417
2,1,1,0.9631551
2,0,0,0.27695546
2,1,0,0.46609592
2,1,1,0.5128382
2,0,0,0.31174532
2,1,1,0.6242322
2,0,1,0.669893
2,0,0,0.3611715
2,1,1,0.7694418
2,0,0,0.28133628
2,0,0,0.49562868
2,0,0,0.3843225
2,1,1,0.5218421
2,0,0,0.24640886
2,0,1,0.6561284
2,1,0,0.2397558
2,1,1,0.85234123
2,1,1,0.62169504
2,1,0,0.2600571
2,0,0,0.4370036
2,0,0,0.11541331
2,1,0,0.42914876
2,1,1,0.58945304
2,0,0,0.35453433
2,0,0,0.41119993
2,0,1,0.8612403
2,0,0,0.42017063
2,0,1,0.5134903
2,1,0,0.27857706
2,0,1,0.5128674
2,1,1,0.88380045
2,0,0,0.26154855
2,1,0,0.3141671
2,1,0,0.46098325
2,0,0,0.4410282
2,0,1,0.8497777
2,1,0,0.41098347
2,0,0,0.34510943
2,1,1,0.734856
2,1,1,0.55846125
2,0,1,0.5260515
2,0,1,0.5321607
2,0,0,0.17162843
2,0,1,0.79115796
2,0,0,0.3366591
2,1,1,0.735682
2,1,1,0.5300511
2,1,1,0.88547105
2,0,0,0.38492522
2,0,0,0.4548374
2,1,0,0.48347145
2,0,1,0.70239234
2,1,1,0.6286528
2,1,0,0.46234092
2,0,0,0.3131944
2,1,1,0.6863848
2,0,0,0.3757014
2,1,1,0.7065962
2,0,0,0.17987609
2,1,0,0.2695319
2,1,1,0.544982
2,0,0,0.26094034
2,1,1,0.59007066
2,0,0,0.23494504
2,0,0,0.15414082
2,0,0,0.4796576
2,0,0,0.26421034
2,0,0,0.17462015
2,1,1,0.7940115
2,1,1,0.82137954
2,0,0,0.49533334
2,0,1,0.51340103
2,0,0,0.33019665
2,1,1,0.7554522
2,1,0,0.3228522
2,0,0,0.47372177
2,0,1,0.70270425
2,1,1,0.77489716
2,0,1,0.57441676
2,0,1,0.748223
2,1,0,0.3874942
2,0,1,0.5161625
2,0,0,0.45739654
2,0,1,0.75699997
2,0,1,0.7085219
2,1,1,0.75475156
2,0,0,0.27517125
2,1,1,0.7201579
2,1,0,0.4973636
2,1,1,0.52003306
2,0,0,0.32241645
2,1,1,0.8177871
2,1,1,0.72438306
2,1,0,0.41106996
2,0,0,0.29049587
2,0,0,0.36432064
2,0,0,0.38819423
2,0,0,0.4303403
2,1,1,0.69301504
2,1,1,0.78047997
2,0,0,0.3285526
2,1,1,0.7313027
2,1,1,0.6189184
2,0,1,0.5522765
2,1,1,0.6467413
2,0,0,0.47155547
2,0,0,0.39672574
2,0,1,0.66486365
2,1,1,0.8323144
2,0,1,0.70193636
2,0,1,0.80303556
2,0,1,0.6173875
2,1,1,0.92753553
2,1,1,0.7151121
2,0,1,0.61879444
2,0,0,0.31781983
2,0,0,0.12301283
2,1,0,0.3642653
2,0,1,0.9534525
2,0,0,0.12438845
2,1,0,0.47876906
2,0,0,0.14789978
2,1,1,0.7936636
2,0,0,0.12635578
2,1,1,0.77681905
2,0,0,0.17865434
2,1,1,0.8513513
2,1,0,0.49840012
2,0,1,0.71193147
2,0,0,0.35229293
2,0,0,0.40418777
2,1,1,0.6179311
2,1,1,0.8638676
2,1,1,0.58989376
2,0,0,0.45383018
2,0,1,0.519348
2,1,1,0.78685576
2,1,1,0.54395986
2,0,1,0.6928617
2,0,1,0.7324203
2,1,1,0.88349545
2,0,0,0.4304509
2,1,1,0.8331934
2,0,1,0.50064164
2,0,1,0.5151082
2,1,1,0.9066278
2,1,1,0.5007389
2,0,0,0.3625411
2,0,0,0.39488572
2,0,1,0.508212
2,0,1,0.5918138
2,1,1,0.87630856
2,0,0,0.27104446
2,1,1,0.83000475
2,1,0,0.35146904
2,0,0,0.053127907
2,1,1,0.8413253
2,1,0,0.42016405
2,1,0,0.35724565
2,0,1,0.85344464
2,1,1,0.67556554
2,1,1,0.5798392
2,0,0,0.35624373
2,0,0,0.4321058
2,0,0,0.19210558
2,0,0,0.4625101
2,0,0,0.24513252
2,1,0,0.44863924
2,1,1,0.7368981
2,0,1,0.8154449
2,0,0,0.16225635
2,1,1,0.956037
2,1,1,0.8625714
2,1,1,0.87155974
2,0,1,0.50392467
2,0,1,0.8506243
2,1,1,0.71251667
2,1,1,0.8088533
2,1,1,0.50066525
2,1,1,0.8322181
2,0,1,0.66975653
2,0,1,0.51416534
2,1,1,0.86310774
2,1,0,0.2860484
2,0,1,0.59152806
2,1,1,0.6004614
2,1,1,0.58253247
2,0,0,0.35624373
2,0,0,0.4321058
2,0,0,0.19210558
2,1,0,0.4625101
2,0,0,0.35028967
2,0,0,0.15892538
2,1,1,0.7554244
2,1,1,0.8154448
2,1,0,0.16225635
2,0,1,0.50469357
2,0,1,0.58640426
2,0,0,0.14682786
2,1,1,0.94934803
2,1,1,0.72782385
2,0,0,0.14994748
2,0,0,0.15118566
2,0,0,0.39032322
2,1,1,0.81816787
2,0,0,0.12832856
2,1,0,0.41013706
2,1,1,0.61210895
2,1,1,0.6369104
2,0,0,0.22712737
2,0,0,0.39336067
2,1,1,0.6042926
2,1,1,0.85848165
2,1,1,0.7926077
2,1,0,0.2898184
2,1,1,0.7772002
2,0,0,0.40370977
2,0,0,0.18513006
2,1,1,0.8550639
2,1,0,0.28696847
2,1,1,0.7903495
2,0,0,0.13503519
2,0,1,0.78864473
2,0,0,0.23330241
2,1,1,0.93201476
2,0,0,0.41149092
2,1,1,0.57686734
2,0,1,0.5308917
2,0,0,0.118229814
2,0,0,0.39090595
2,0,0,0.49259025
2,0,1,0.5992545
2,1,0,0.48884973
2,0,0,0.47635362
2,1,1,0.8182335
2,1,1,0.67623127
2,1,1,0.66838306
2,0,0,0.16101629
2,0,1,0.75881964
2,1,1,0.9402193
2,0,1,0.74366367
2,0,0,0.4944922
2,0,1,0.65687233
2,1,1,0.86098546
2,0,0,0.48993933
2,0,0,0.47770825
2,0,1,0.6062326
2,0,1,0.7524808
2,1,1,0.6821554
2,0,1,0.5368556
2,1,1,0.80694485
2,1,0,0.43322158
2,1,0,0.49521476
2,1,1,0.54308766
2,0,1,0.547103
2,0,1,0.69830394
2,1,1,0.86342096
2,1,0,0.49186626
2,1,1,0.5014449
2,0,0,0.35252008
2,0,0,0.3533294
2,1,0,0.2822509
2,0,1,0.51820904
2,1,0,0.3611718
2,1,1,0.76234263
2,1,1,0.7903899
2,1,1,0.8851919
2,0,0,0.45369798
2,1,1,0.5570872
2,0,0,0.48465058
2,1,1,0.76979804
2,0,0,0.47289005
2,0,0,0.36626744
2,1,1,0.8073849
2,1,1,0.6865612
2,1,1,0.7377469
2,0,1,0.5960484
2,1,0,0.49251488
2,0,0,0.4211543
2,0,1,0.71501774
2,1,1,0.58181334
2,0,1,0.8271429
2,0,1,0.50873363
2,1,1,0.9249271
2,1,1,0.8785647
2,0,0,0.38322538
2,1,1,0.91579187
2,1,1,0.7205658
2,1,1,0.8085582
2,1,0,0.27506936
2,0,1,0.6634193
2,0,1,0.6476277
2,0,0,0.49759507
2,0,1,0.7414285
2,1,1,0.74031866
2,1,1,0.7462759
2,0,0,0.25391605
2,1,1,0.77267855
2,1,1,0.67426676
2,0,1,0.6502291
2,1,1,0.8113746
2,1,1,0.51020366
2,0,0,0.3602072
2,0,0,0.31321737
2,0,0,0.43344542
2,1,1,0.7728424
2,0,0,0.2089661
2,0,1,0.5008868
2,0,0,0.12773053
2,0,0,0.49582148
2,1,1,0.88335234
2,0,1,0.6538519
2,1,1,0.85111094
2,1,1,0.69033974
2,1,1,0.80602884
2,1,1,0.8371826
2,0,0,0.33879092
2,1,1,0.90810865
2,1,1,0.91530734
2,0,1,0.90188915
2,1,1,0.9540537
2,1,0,0.30954328
2,0,1,0.6177031
2,0,0,0.46903196
2,1,0,0.47162455
2,1,1,0.7901285
2,1,0,0.42459443
2,1,1,0.6501057
2,1,1,0.5862085
2,1,1,0.6431418
2,0,0,0.2654675
2,1,0,0.49848023
2,0,0,0.15228723
2,1,1,0.81065947
2,0,1,0.86468405
2,0,1,0.8265724
2,0,0,0.303028
2,0,0,0.016095676
2,0,0,0.24971767
2,0,1,0.62585086
2,0,0,0.48782602
2,0,0,0.14092234
2,0,1,0.8408247
2,0,1,0.60423756
2,1,1,0.5892216
2,1,0,0.49245748
2,0,1,0.5744314
2,1,1,0.57806987
2,1,1,0.61777234
2,0,0,0.15546635
2,0,1,0.7527902
2,0,0,0.30826893
2,1,1,0.6054531
2,0,0,0.46059316
2,1,1,0.7941272
2,1,1,0.8135396
2,1,1,0.58130026
2,1,0,0.44836444
2,1,0,0.3215595
2,0,0,0.40985182
2,0,1,0.78480655
2,0,1,0.72549677
2,1,1,0.7907847
2,1,0,0.46924266
2,0,0,0.098247334
2,0,1,0.7099374
2,0,0,0.3330382
2,0,0,0.49468565
2,1,1,0.5765409
2,1,1,0.5734774
2,0,1,0.7779512
2,0,1,0.7178582
2,0,1,0.78461957
2,1,0,0.46347204
2,1,1,0.8801436
2,0,1,0.8778751
2,0,0,0.3313044
2,1,1,0.5123004
2,0,0,0.35246232
2,1,1,0.5414456
2,0,0,0.043228526
2,1,0,0.25174958
2,0,1,0.5634118
2,0,1,0.51149714
2,1,0,0.2069164
2,0,0,0.20407736
2,0,0,0.33362073
2,1,0,0.46232063
2,0,0,0.47730282
2,1,0,0.44450313
2,1,0,0.34301922
2,0,0,0.1489384
2,0,0,0.30761027
2,1,1,0.8926085
2,0,0,0.23455009
2,1,1,0.546404
2,0,0,0.19999869
2,1,1,0.5169593
2,0,1,0.7881394
2,0,0,0.23437144
2,1,1,0.5035552
2,1,0,0.4970732
2,0,0,0.40164402
2,0,0,0.31537867
2,0,0,0.41747302
2,1,1,0.82789147
2,0,0,0.48038614
2,1,1,0.9733383
2,1,0,0.34253302
2,0,1,0.61559755
2,1,0,0.40999204
2,1,1,0.65140045
2,0,0,0.20747696
2,1,0,0.36494458
2,1,0,0.42592448
2,0,1,0.578793
2,0,1,0.5320507
2,1,1,0.54673004
2,0,0,0.18404211
2,1,1,0.80014634
2,0,1,0.72121286
2,0,1,0.57105726
2,0,0,0.30512583
2,1,1,0.60740554
2,0,1,0.69074976
2,1,1,0.5705028
2,0,0,0.32495075
2,0,1,0.500101
2,1,1,0.8800387
2,0,1,0.6949528
2,1,1,0.812811
2,0,0,0.12055762
2,1,1,0.83088565
2,1,1,0.8284464
2,1,1,0.536134
2,1,1,0.8436615
2,1,1,0.80338585
2,1,1,0.930947
2,0,1,0.6664462
2,0,0,0.45059595
2,0,0,0.16802284
2,0,1,0.52267176
2,0,1,0.6531902
2,1,1,0.9699166
2,1,0,0.4306018
2,0,0,0.2981136
2,1,1,0.6428888
2,1,1,0.74352366
2,1,1,0.6221699
2,0,0,0.28407222
2,0,0,0.30581152
2,0,0,0.35426444
2,0,1,0.5374129
2,1,0,0.22903232
2,0,1,0.7112434
2,0,0,0.28673992
2,1,1,0.8455166
2,1,1,0.66189
2,1,1,0.5167198
2,0,0,0.28638583
2,0,0,0.37614453
2,0,0,0.335885
2,0,1,0.5289281
2,1,1,0.6665275
2,1,1,0.59234774
2,1,1,0.5552501
2,0,1,0.5529065
2,0,0,0.075922415
2,1,1,0.60626197
2,0,0,0.19021384
2,1,0,0.4387403
2,1,0,0.24971512
2,0,0,0.21521942
2,1,1,0.5976597
2,0,1,0.733953
2,1,0,0.39489862
2,0,0,0.34324053
2,0,0,0.26140937
2,0,0,0.4746989
2,0,0,0.49550444
2,0,0,0.22593595
2,1,0,0.4368987
2,1,1,0.75261366
2,0,1,0.5265828
2,1,1,0.86067176
2,0,0,0.037747487
2,1,1,0.86605483
2,0,1,0.72189796
2,1,1,0.5262329
2,1,1,0.632453
2,0,0,0.27794498
2,0,0,0.4093233
2,1,0,0.46735847
2,0,1,0.97702414
2,0,0,0.28019863
2,1,1,0.5746612
2,0,0,0.3006386
2,0,1,0.53935087
2,0,1,0.57592446
2,0,0,0.29525778
2,1,1,0.7439494
2,1,1,0.55625385
2,0,0,0.37693405
2,0,0,0.2815029
2,0,0,0.16243647
2,1,1,0.7144014
2,1,0,0.4128616
2,0,0,0.4128347
2,1,1,0.66079783
2,1,1,0.8490231
2,1,1,0.56483656
2,1,1,0.5625508
2,0,0,0.39122757
2,0,0,0.37873203
2,1,0,0.43152115
2,1,0,0.2606534
2,1,0,0.2510107
2,0,1,0.53607816
2,1,1,0.501327
2,1,0,0.44781637
2,0,1,0.77931595
2,0,1,0.52500165
2,0,0,0.24219275
2,1,0,0.31555298
2,0,0,0.31709975
2,1,1,0.90453416
2,1,1,0.51397383
2,1,1,0.8295186
2,0,1,0.55571926
2,1,1,0.8858994
2,0,0,0.31219125
2,0,0,0.15346013
2,0,1,0.57963747
2,0,1,0.52242565
2,0,0,0.28703362
2,1,0,0.38484707
2,0,0,0.28842986
2,1,0,0.19968465
2,0,1,0.9150915
2,0,1,0.7732507
2,1,1,0.6787744
2,1,1,0.9181827
2,0,0,0.48029068
2,0,0,0.32984084
2,1,1,0.5074883
2,0,1,0.7340372
2,0,0,0.2326698
2,1,1,0.790239
2,0,0,0.18093
2,1,1,0.80843246
2,0,1,0.5341846
2,1,1,0.9126373
2,0,1,0.7467195
2,0,0,0.17631458
2,0,0,0.120227285
2,0,1,0.7401248
2,1,1,0.82246953
2,0,0,0.17557725
2,0,0,0.38692516
2,0,0,0.33997494
2,1,1,0.72214407
2,1,1,0.7824414
2,1,1,0.82729554
2,1,1,0.8743964
2,1,1,0.9062506
2,1,1,0.96966964
2,1,1,0.61903286
2,0,0,0.30259553
2,0,0,0.23944461
2,1,1,0.78957653
2,0,0,0.15442157
2,0,0,0.38551548
2,1,0,0.47213873
2,1,0,0.47853515
2,1,1,0.57307607
2,0,0,0.4031489
2,1,1,0.69211507
2,0,1,0.5868346
2,0,1,0.88328946
2,1,1,0.6995409
2,1,1,0.9136722
2,0,1,0.65208906
2,0,0,0.28497365
2,0,1,0.69463956
2,0,0,0.2117441
2,0,0,0.13828714
2,1,1,0.5710258
2,1,0,0.4745977
2,1,1,0.699287
2,0,1,0.5446783
2,1,1,0.60394835
2,1,1,0.6111931
2,0,0,0.4524943
2,0,0,0.4816513
2,0,1,0.5009293
2,1,1,0.9613967
2,1,1,0.85266787
2,1,1,0.72948116
2,0,0,0.1005519
2,1,1,0.67991126
2,0,1,0.8101122
2,1,1,0.868614
2,1,0,0.33164832
2,0,1,0.67861795
2,1,0,0.48862252
2,1,1,0.8570822
2,0,0,0.2501155
2,0,1,0.55584604
2,1,1,0.9270844
2,1,1,0.5326267
2,0,1,0.8341507
2,1,1,0.5732249
2,0,0,0.18650399
2,1,0,0.45677805
2,0,0,0.4901419
2,0,0,0.43718076
2,1,1,0.61437327
2,1,0,0.34669602
2,1,1,0.80988586
2,0,0,0.17289396
2,0,0,0.26287675
2,0,1,0.8112237
2,1,1,0.7206751
2,1,0,0.23881003
2,0,1,0.814519
2,1,1,0.9655577
2,1,1,0.8692737
2,1,1,0.81773734
2,1,1,0.85372216
2,1,1,0.95337844
2,0,0,0.49758962
2,1,0,0.45761216
2,0,1,0.698067
2,1,1,0.7741221
2,0,0,0.41462865
2,1,1,0.79385567
2,1,1,0.8530964
2,0,1,0.6166164
2,1,1,0.87395096
2,0,0,0.35989085
2,1,0,0.3768879
2,0,1,0.7674241
2,0,1,0.66630363
2,0,1,0.75222874
2,0,1,0.9167065
2,0,0,0.1600962
2,0,1,0.96269846
2,1,1,0.7402427
2,0,0,0.14154017
2,0,1,0.6999993
2,1,1,0.93591607
2,1,1,0.69602233
2,0,1,0.54230785
2,1,0,0.44054338
2,1,0,0.4832469
2,0,0,0.38134202
2,1,1,0.5884893
2,0,0,0.40850997
2,0,0,0.14082174
2,0,0,0.029875126
2,1,1,0.7867016
2,1,0,0.29445106
2,0,0,0.31683442
2,0,1,0.570433
2,1,1,0.8923291
2,1,1,0.8030264
2,1,1,0.8936064
2,1,0,0.43826228
2,0,0,0.19133192
2,1,1,0.5583374
2,1,1,0.6679133
2,0,1,0.5424915
2,1,1,0.6604561
2,0,0,0.25986537
2,0,1,0.5944949
2,0,0,0.27537888
2,1,0,0.47798616
2,1,1,0.97617143
2,1,1,0.6010559
2,1,0,0.49140894
2,0,1,0.74346906
2,0,0,0.4525776
2,0,0,0.30040383
2,0,1,0.71048856
2,1,1,0.83680725
2,1,1,0.5445234
2,0,0,0.30505812
2,0,0,0.23520057
2,1,0,0.36110538
2,1,0,0.31394184
2,1,1,0.7347397
2,1,0,0.3284124
2,0,0,0.31498954
2,0,0,0.4686545
2,0,0,0.24807853
2,1,1,0.8894971
2,1,1,0.58247733
2,0,0,0.17080468
2,0,0,0.3807245
2,0,1,0.7484297
2,1,1,0.51916945
2,1,1,0.7126252
2,0,1,0.6985075
2,0,1,0.5683719
2,1,1,0.8688656
2,1,1,0.57287174
2,0,1,0.56474525
2,0,0,0.10534308
2,1,1,0.7631196
2,0,0,0.14167781
2,1,1,0.69313824
2,0,1,0.6446902
2,0,1,0.64964
2,0,0,0.29586005
2,1,1,0.6241185
2,0,0,0.30396712
2,0,0,0.28816548
2,1,0,0.22979343
2,1,0,0.2984513
2,0,0,0.3141133
2,0,1,0.61454004
2,0,0,0.0758133
2,1,0,0.29831573
2,1,0,0.11684348
2,0,0,0.07336062
2,0,0,0.113860816
2,1,0,0.44140592
2,0,0,0.118761376
2,1,0,0.34530208
2,0,0,0.12903376
2,0,0,0.26895112
2,0,0,0.103484206
2,0,0,0.15524665
2,1,0,0.05083573
2,1,0,0.026867362
2,1,0,0.113269255
2,0,0,0.06476071
2,0,0,0.32651532
2,1,0,0.15933517
2,0,0,0.19534546
2,1,0,0.1502051
2,0,0,0.2941003
2,1,1,0.5202235
2,1,0,0.2178627
2,0,0,0.17547168
2,1,0,0.25292492
2,1,0,0.21146643
2,0,0,0.17714423
2,0,1,0.52105373
2,0,1,0.6659178
2,1,0,0.40088052
2,0,0,0.15234886
2,1,0,0.19520111
2,0,0,0.27743006
2,0,0,0.42685375
2,0,0,0.41560024
2,0,1,0.57119423
2,0,0,0.28379077
2,0,0,0.38686046
2,0,0,0.2538044
2,1,1,0.5733871
2,0,0,0.29946253
2,0,1,0.5631569
2,0,1,0.59134203
2,0,0,0.27315736
2,1,0,0.4672546
2,0,0,0.2769723
2,0,0,0.11620369
2,1,1,0.7179156
2,1,1,0.51627946
2,1,1,0.6519571
2,1,0,0.3512785
2,0,1,0.5845747
2,0,0,0.32658058
2,0,0,0.35888454
2,0,0,0.26821768
2,1,1,0.6511417
2,0,1,0.50287545
2,1,0,0.35019246
2,0,1,0.6749662
2,1,0,0.17250228
2,1,1,0.62105757
2,1,1,0.9120205
2,1,1,0.68138885
2,0,1,0.55524725
2,1,1,0.58734876
2,1,0,0.48719236
2,0,0,0.42286935
2,1,1,0.7058463
2,0,1,0.5677636
2,0,1,0.8311243
2,0,1,0.50934255
2,1,1,0.8073951
2,0,1,0.52843875
2,0,0,0.12137348
2,0,1,0.59894276
2,0,0,0.3280314
2,0,1,0.8561687
2,0,0,0.45723972
2,1,1,0.71689767
2,0,0,0.30410287
2,1,1,0.6533382
2,1,1,0.7108466
2,1,1,0.75115293
2,1,1,0.7551416
2,0,1,0.618703
2,0,0,0.39633122
2,0,0,0.25925604
2,0,0,0.43514535
2,1,1,0.87115014
2,1,0,0.43334836
2,0,0,0.16680457
2,0,0,0.1608892
2,0,0,0.13894467
2,0,1,0.6139485
2,1,0,0.20867215
2,1,1,0.6048955
2,1,0,0.4155289
2,1,0,0.46661657
2,0,1,0.7659949
2,0,0,0.4073966
2,0,0,0.28513688
2,1,1,0.54551053
2,1,1,0.85178924
2,1,0,0.4207018
2,1,1,0.9364905
2,0,0,0.44046628
2,1,1,0.6502898
2,1,0,0.47728783
2,1,1,0.62298954
2,1,0,0.40019843
2,0,0,0.27514282
2,0,1,0.5022478
2,0,1,0.6755195
2,0,1,0.674366
2,1,1,0.52933204
2,0,1,0.5584997
2,0,0,0.08339884
2,0,0,0.15692964
2,0,1,0.5165157
2,0,0,0.21156853
2,0,0,0.4636402
2,1,1,0.653799
2,1,1,0.56123203
2,1,0,0.19369625
2,1,0,0.45968685
2,0,0,0.16620733
2,1,0,0.26711914
2,1,1,0.5076641
2,0,0,0.379966
2,1,0,0.39938447
2,1,1,0.5396831
2,0,0,0.400801
2,0,0,0.44311786
2,1,0,0.38478455
2,0,0,0.07650494
2,0,0,0.07557578
2,1,0,0.48447555
2,0,0,0.30697018
2,0,1,0.62875503
2,0,0,0.10551185
2,0,1,0.51626575
2,0,0,0.18085092
2,0,0,0.28010076
2,1,0,0.15126756
2,1,0,0.37514552
2,0,0,0.46008816
2,0,0,0.1516393
2,0,1,0.5473396
2,1,1,0.81883186
2,1,0,0.4361155
2,0,0,0.05174423
2,0,0,0.28115016
2,0,0,0.17733304
2,0,0,0.25903237
2,1,1,0.7852058
2,1,0,0.39444062
2,0,0,0.30102086
2,0,0,0.43421552
2,0,1,0.7110411
2,0,0,0.12536375
2,1,0,0.44307062
2,1,1,0.6536873
2,0,0,0.211871
2,0,0,0.1457729
2,0,0,0.44818535
2,1,1,0.55611235
2,1,1,0.8199398
2,1,0,0.31425273
2,0,1,0.6309949
2,1,0,0.40525457
2,1,1,0.5968902
2,1,0,0.34394118
2,0,0,0.25119352
2,0,0,0.3133813
2,1,0,0.42728904
2,1,0,0.39084896
2,1,0,0.3854489
2,1,0,0.13910095
2,1,0,0.25107753
2,1,0,0.2746275
2,1,1,0.722368
2,0,0,0.12412191
2,0,0,0.07620843
2,1,0,0.30468687
2,0,0,0.28240559
2,0,0,0.31607544
2,0,0,0.17587845
2,0,1,0.53008765
2,0,1,0.69093746
2,0,1,0.5507302
2,0,0,0.26014662
2,0,0,0.49725345
2,0,1,0.5488548
2,0,0,0.31971326
2,0,0,0.073831216
2,1,0,0.39635637
2,0,0,0.24957949
2,1,1,0.9590294
2,1,1,0.7271684
2,0,1,0.65635693
2,1,0,0.42964402
2,0,0,0.19266003
2,0,1,0.63596165
2,0,0,0.1120408
2,1,1,0.7188211
2,0,0,0.44704732
2,1,1,0.5178804
2,0,1,0.6445813
2,0,1,0.71380454
2,0,1,0.6031603
2,1,1,0.7038569
2,1,1,0.8670123
2,1,1,0.6668356
2,1,0,0.25533023
2,0,0,0.25540602
2,0,1,0.75359344
2,1,1,0.7762527
2,0,1,0.71027714
2,0,1,0.85561275
2,1,0,0.48100471
2,1,1,0.7945864
2,0,0,0.15287222
2,1,1,0.6010449
2,0,0,0.44352254
2,1,0,0.17630461
2,0,1,0.55990696
2,0,1,0.62581396
2,1,0,0.44178894
2,1,0,0.44756618
2,1,0,0.36160862
2,1,1,0.70907044
2,0,1,0.55629396
2,0,1,0.8878631
2,1,1,0.6639475
2,1,1,0.6576718
2,0,0,0.28002837
2,1,0,0.27409288
2,0,1,0.5060685
2,0,0,0.1282965
2,0,0,0.11660667
2,0,1,0.78456116
2,0,0,0.054855946
2,1,1,0.59945905
2,0,1,0.56074196
2,1,1,0.78033984
2,1,1,0.6785965
2,0,0,0.32146174
2,0,0,0.45699376
2,0,1,0.6590011
2,1,1,0.508788
2,0,1,0.56594676
2,0,0,0.41671985
2,0,0,0.4755584
2,0,0,0.363462
2,0,0,0.25760242
2,0,1,0.72192687
2,1,0,0.38755143
2,1,1,0.5149592
2,0,1,0.52310646
2,0,1,0.60170025
2,1,1,0.6788538
2,1,1,0.7335414
2,0,0,0.15442033
2,1,1,0.81657326
2,1,0,0.31067088
2,1,1,0.9585245
2,1,1,0.6857352
2,0,0,0.1709681
2,1,0,0.44571042
2,0,0,0.24478029
2,0,0,0.35148376
2,0,1,0.5529043
2,1,1,0.6165526
2,1,1,0.5972845
2,0,0,0.068507396
2,0,0,0.32798862
2,0,0,0.24558425
2,1,1,0.8554854
2,1,1,0.599966
2,0,0,0.31716925
2,1,1,0.6867522
2,0,0,0.4292752
2,1,1,0.59039974
2,0,0,0.42856964
2,1,1,0.594599
2,0,1,0.77439606
2,0,1,0.50412154
2,0,0,0.3032036
2,1,0,0.4618775
2,0,1,0.85614175
2,1,1,0.8445485
2,1,0,0.37563425
2,0,0,0.29758772
2,0,0,0.13054219
2,0,0,0.4069485
2,1,1,0.83773077
2,1,1,0.6838202
2,1,0,0.4218054
2,0,0,0.023132488
2,0,0,0.474581
2,0,0,0.3971858
2,1,0,0.29179844
2,0,0,0.13419667
2,1,1,0.9909025
2,1,1,0.7754853
2,0,1,0.6587107
2,0,1,0.7105059
2,1,1,0.6281766
2,0,1,0.627113
2,1,1,0.53422016
2,0,0,0.3036255
2,1,1,0.5027426
2,0,1,0.54955375
2,0,0,0.31752145
2,0,0,0.4688014
2,0,1,0.72659504
2,1,1,0.5395961
2,0,0,0.49892738
2,0,0,0.18557645
2,0,0,0.32396135
2,0,1,0.7497253
2,1,1,0.6537337
2,1,1,0.68657875
2,0,0,0.45541227
2,0,0,0.29381987
2,0,1,0.7629993
2,0,0,0.43913832
2,0,0,0.27572688
2,0,0,0.14518572
2,0,1,0.7882631
2,1,0,0.44124565
2,0,1,0.52872825
2,1,0,0.33615822
2,1,1,0.95830566
2,0,0,0.21531416
2,0,1,0.57231146
2,1,1,0.5490746
2,1,1,0.5604197
2,1,1,0.63064176
2,0,0,0.422063
2,0,1,0.7972128
2,1,1,0.516915
2,1,1,0.6523081
2,0,0,0.34135884
2,1,1,0.548561
2,0,0,0.017679838
2,1,1,0.6818263
2,1,1,0.78292793
2,0,0,0.077321924
2,1,0,0.4140689
2,0,0,0.2774832
2,1,1,0.88722515
2,1,0,0.3974712
2,0,0,0.35189065
2,0,0,0.43667692
2,1,1,0.5864354
2,0,1,0.6533485
2,0,0,0.40441224
2,0,0,0.21946973
2,0,0,0.37524343
2,0,0,0.44929567
2,0,0,0.14552332
2,1,1,0.67315745
2,1,0,0.29689395
2,1,0,0.110746816
2,0,1,0.5263726
2,0,1,0.7318229
2,1,1,0.617219
2,1,1,0.61000687
2,1,1,0.6874704
2,0,0,0.116594076
2,0,1,0.56210303
2,0,0,0.33025157
2,1,1,0.9315282
2,0,1,0.5074556
2,0,1,0.6843137
2,1,1,0.6976935
2,1,1,0.668174
2,0,1,0.57193625
2,1,1,0.69988513
2,1,1,0.9011163
2,1,1,0.7964524
2,0,1,0.60520244
2,0,0,0.23820437
2,0,1,0.6538364
2,0,0,0.25071305
2,1,1,0.65783185
2,0,1,0.64555126
2,0,0,0.17730138
2,0,0,0.34371766
2,0,0,0.40825152
2,0,1,0.7103542
2,1,0,0.32087967
2,1,1,0.8307442
2,0,0,0.18819563
2,1,1,0.6709308
2,0,0,0.40027425
2,1,1,0.6177822
2,1,1,0.5422514
2,1,1,0.76348954
2,0,1,0.5977013
2,0,1,0.54166204
2,0,1,0.6496962
2,0,0,0.4986655
2,0,1,0.5408028
2,0,1,0.6122555
2,1,0,0.47595885
2,0,0,0.4683487
2,1,1,0.70769477
2,1,1,0.8831382
2,1,1,0.6864615
2,0,1,0.65576833
2,1,1,0.7983794
2,1,1,0.7249029
2,1,0,0.38865542
2,0,1,0.86197454
2,0,0,0.18102118
2,0,1,0.5789605
2,0,0,0.4932391
2,1,1,0.609734
2,1,1,0.88248634
2,0,1,0.7178911
2,0,0,0.4129954
2,0,0,0.4709315
2,0,0,0.20620629
2,0,1,0.7311774
2,1,1,0.9241408
2,1,1,0.8586067
2,0,0,0.46454182
2,0,0,0.3988671
2,0,1,0.60200185
2,1,1,0.6596903
2,1,1,0.8905005
2,1,1,0.5511923
2,0,0,0.14785135
2,0,0,0.43373495
2,0,0,0.47071332
2,1,1,0.8894911
2,0,0,0.32905442
2,1,0,0.14693122
2,1,0,0.22187907
2,0,0,0.3582018
2,1,0,0.18680452
2,0,0,0.2551248
2,0,0,0.27468643
2,0,0,0.1177982
2,0,0,0.4610706
2,1,1,0.73469305
2,0,1,0.7521626
2,1,1,0.7743442
2,1,1,0.82440853
2,0,1,0.5449906
2,1,1,0.64426285
2,0,0,0.25476712
2,1,0,0.49308214
2,0,0,0.38609514
2,0,0,0.21290061
2,0,1,0.6035048
2,0,0,0.37419257
2,1,1,0.9290169
2,0,1,0.53335994
2,1,0,0.24189976
2,1,1,0.6083909
2,1,1,0.6564942
2,0,1,0.6159872
2,0,1,0.50425667
2,1,1,0.8056111
2,0,0,0.3888384
2,1,0,0.17158987
2,0,0,0.09746288
2,0,1,0.7075828
2,0,0,0.23781362
2,0,0,0.4292221
2,1,1,0.91730124
2,0,0,0.12057004
2,1,1,0.692398
2,1,0,0.39756906
2,0,0,0.4484048
2,1,1,0.5324405
2,0,0,0.38696867
2,1,1,0.77721965
2,1,1,0.77418315
2,1,1,0.6862594
2,0,1,0.66654176
2,1,1,0.7569107
2,1,1,0.6711602
2,0,0,0.31450105
2,1,1,0.93035984
2,0,1,0.7232918
2,1,0,0.35974908
2,1,1,0.8288143
2,1,1,0.8141156
2,0,1,0.621727
2,0,0,0.1343567
2,0,0,0.39213648
2,1,1,0.944428
2,0,1,0.6373195
2,0,0,0.24854189
2,0,0,0.15317151
2,1,1,0.6404802
2,0,1,0.6579369
2,1,0,0.45393604
2,0,0,0.14821537
2,0,0,0.29069257
2,1,1,0.77167326
2,1,0,0.42239222
2,1,0,0.49006456
2,0,0,0.24449353
2,1,1,0.8438831
2,0,0,0.26630455
2,1,0,0.46588343
2,0,0,0.32882854
2,1,0,0.25056046
2,0,0,0.41207165
2,1,1,0.7672912
2,1,1,0.5850871
2,0,1,0.9531101
2,1,0,0.37603644
2,0,1,0.7787263
2,1,1,0.6882267
2,0,0,0.24330549
2,1,1,0.65441746
2,0,0,0.098778084
2,0,0,0.38832048
2,1,1,0.61772466
2,1,0,0.379637
2,0,1,0.6318828
2,1,1,0.976987
2,0,0,0.2259754
2,1,1,0.7549591
2,1,1,0.5959202
2,0,0,0.46591565
2,0,0,0.2710432
2,1,1,0.73041433
2,1,1,0.66647625
2,1,0,0.4843133
2,1,1,0.67150295
2,1,1,0.9075909
2,0,1,0.7586922
2,0,0,0.3430309
2,0,0,0.35436633
2,0,1,0.6481812
2,1,1,0.93305004
2,0,1,0.5904719
2,1,1,0.68853945
2,0,0,0.124738395
2,1,1,0.90116566
2,0,0,0.16497418
2,1,1,0.90236783
2,0,1,0.5709558
2,1,1,0.9094886
2,0,1,0.6876021
2,0,1,0.6508955
2,0,0,0.31406716
2,0,1,0.9370946
2,0,0,0.47011858
2,0,0,0.29066172
2,0,0,0.23252277
2,0,0,0.096007414
2,0,1,0.627809
2,1,1,0.87854826
2,1,1,0.69309545
2,0,0,0.4382171
2,1,1,0.8499831
2,1,1,0.7738023
2,1,1,0.64549536
2,0,0,0.45662633
2,1,0,0.42867288
2,0,0,0.2390161
2,1,1,0.8450301
2,1,1,0.7600601
2,1,1,0.93904907
2,1,1,0.9673867
2,1,1,0.69330186
2,0,0,0.26990265
2,0,0,0.2064383
2,0,0,0.44944888
2,1,1,0.6087004
2,0,0,0.38951668
2,1,1,0.705203
2,0,1,0.6231531
2,1,1,0.58375967
2,0,1,0.55567884
2,1,1,0.54261774
2,1,1,0.93555355
2,0,1,0.8707948
2,0,1,0.6781934
2,0,0,0.3757729
2,0,0,0.25414503
2,1,0,0.24046126
2,0,0,0.18396156
2,1,1,0.8309199
2,0,1,0.64477575
2,1,0,0.29144508
2,1,0,0.44361222
2,0,1,0.6371982
2,0,0,0.16443674
2,1,1,0.8498571
2,1,1,0.90393364
2,0,0,0.49698097
2,0,1,0.7859616
2,0,1,0.5291899
2,1,1,0.63385785
2,1,0,0.44754606
2,1,1,0.80153
2,0,1,0.63612807
2,1,1,0.6973112
2,1,0,0.13882379
2,0,0,0.062706284
2,0,1,0.56693465
2,0,1,0.6820425
2,0,0,0.3899282
2,0,0,0.18105395
2,0,0,0.40888125
2,0,0,0.053687077
2,0,0,0.19069178
2,0,0,0.4100496
2,1,1,0.583697
2,1,0,0.45488638
2,1,1,0.7550172
2,1,1,0.66594094
2,1,0,0.43210277
2,1,1,0.77116585
2,1,0,0.13526334
2,1,1,0.52254826
2,1,1,0.6458669
2,1,1,0.7411558
2,0,0,0.4105613
2,0,0,0.3613838
2,0,0,0.10913612
2,0,1,0.51632255
2,0,0,0.16469055
2,0,1,0.8605925
2,0,1,0.710315
2,1,1,0.67503166
2,1,0,0.49794266
2,1,1,0.5857122
2,0,0,0.32857198
2,0,0,0.1979626
2,0,0,0.12932587
2,0,0,0.33313605
2,0,0,0.061687183
2,1,1,0.75293493
2,1,1,0.519682
2,0,1,0.52526176
2,1,1,0.7401985
2,0,1,0.6539271
2,1,0,0.19181217
2,0,0,0.16659446
2,1,1,0.5242838
2,0,0,0.32325435
2,0,1,0.5969247
2,0,0,0.11715117
2,1,0,0.42143035
2,0,0,0.4728277
2,1,0,0.4933297
2,0,1,0.705627
2,1,1,0.56008095
2,0,1,0.6633401
2,1,1,0.8287714
2,0,0,0.23924874
2,0,1,0.5207038
2,0,1,0.63383704
2,1,1,0.82579285
2,1,0,0.43535975
2,1,0,0.19527535
2,0,0,0.34526235
2,0,0,0.24502838
2,0,0,0.20758417
2,0,0,0.08641779
2,1,1,0.6838912
2,0,0,0.31530753
2,1,0,0.30672544
2,1,1,0.89772123
2,1,1,0.8647099
2,0,0,0.34141526
2,0,0,0.3210563
2,0,0,0.4336409
2,0,1,0.94623417
2,1,1,0.6286628
2,0,1,0.6662741
2,1,0,0.36704648
2,1,1,0.8750874
2,0,1,0.69416153
2,0,0,0.052327387
2,0,1,0.7867044
2,1,1,0.5751176
2,1,0,0.12048894
2,1,1,0.919394
2,1,1,0.77393687
2,0,1,0.5821219
2,1,0,0.30943394
2,0,1,0.8666387
2,1,1,0.80191916
2,0,0,0.17721133
2,0,1,0.73685515
2,1,1,0.5483654
2,0,0,0.36058965
2,0,1,0.5937817
2,1,1,0.72987103
2,0,1,0.66649014
2,0,0,0.24237512
2,1,1,0.75092554
2,1,1,0.69664955
2,1,1,0.5383689
2,1,1,0.80638945
2,1,0,0.38180462
2,0,0,0.434983
2,0,0,0.40261146
2,1,1,0.98829097
2,1,0,0.36455327
2,1,1,0.75787467
2,1,1,0.58469033
2,0,0,0.3151025
2,1,1,0.5354635
2,0,0,0.46898383
2,0,0,0.3698623
2,1,1,0.747246
2,1,1,0.8317647
2,1,0,0.35317752
2,1,1,0.72533524
2,1,1,0.8511896
2,0,1,0.61022544
2,0,1,0.6485272
2,1,1,0.65017074
2,1,1,0.78206
2,0,1,0.50116396
2,0,0,0.07401058
2,0,0,0.056925423
2,1,1,0.81055117
2,1,1,0.8404452
2,1,1,0.9216566
2,1,1,0.7347964
2,1,1,0.874224
2,1,1,0.83841115
2,1,1,0.73142177
2,0,0,0.44967812
2,1,1,0.72878677
2,0,1,0.5392281
2,0,0,0.1104221
2,0,1,0.54204065
2,0,0,0.45399344
2,0,0,0.39402553
2,0,1,0.65829146
2,0,0,0.13179575
2,0,1,0.9369408
2,1,0,0.44505736
2,0,0,0.2174924
2,0,0,0.378135
2,1,0,0.27489483
2,1,1,0.58624524
2,0,0,0.21154922
2,1,1,0.7055358
2,0,0,0.38252196
2,1,1,0.8421609
2,1,0,0.48086852
2,1,1,0.9339768
2,1,0,0.43679324
2,1,0,0.45225838
2,0,0,0.33194745
2,0,1,0.5706625
2,0,1,0.6720549
2,1,1,0.69653016
2,1,1,0.6617486
2,1,1,0.64202523
2,0,1,0.5965922
2,1,0,0.3355396
2,0,0,0.2478721
2,0,1,0.59046423
2,1,0,0.38225675
2,0,0,0.15250896
2,0,0,0.31193525
2,0,1,0.73243725
2,1,0,0.3779273
2,1,0,0.3359035
2,1,1,0.86059743
2,0,1,0.79531056
2,0,1,0.5916902
2,1,1,0.8168885
2,1,0,0.4031318
2,1,0,0.16882518
2,1,1,0.5951066
2,1,0,0.33468547
2,0,0,0.27620697
2,0,0,0.23648137
2,1,1,0.75955826
2,0,0,0.2931586
2,0,0,0.45411432
2,0,1,0.6373546
2,1,1,0.51947814
2,0,1,0.6813619
2,1,1,0.7074248
2,1,0,0.45569462
2,1,0,0.45749918
2,0,0,0.45115843
2,0,0,0.4783566
2,0,1,0.50899756
2,1,0,0.2830874
2,1,0,0.28866494
2,1,0,0.23953162
2,0,0,0.03196521
2,0,1,0.5786843
2,0,0,0.20854309
2,0,0,0.39171502
2,0,1,0.61817145
2,1,0,0.32425943
2,1,1,0.86059743
2,0,1,0.79531056
2,1,1,0.9443537
2,0,1,0.54220533
2,1,1,0.8067362
2,0,0,0.2181496
2,1,1,0.55439645
2,1,1,0.8414302
2,0,0,0.18291996
2,0,0,0.27690616
2,1,1,0.6010434
2,0,0,0.47041303
2,1,1,0.86380154
2,0,1,0.7494341
2,1,0,0.42117697
2,1,0,0.44260538
2,1,1,0.5609274
2,0,0,0.4482625
2,1,1,0.588635
2,0,0,0.46093962
2,1,1,0.8252959
2,0,0,0.46460757
2,0,1,0.7027199
2,0,1,0.59692186
2,0,1,0.80937463
2,1,1,0.91499877
2,1,1,0.93640375
2,0,0,0.26715407
2,1,1,0.6172091
2,1,1,0.74005115
2,0,0,0.2534888
2,1,1,0.6295116
2,0,0,0.45929515
2,0,0,0.36870176
2,0,1,0.77430105
2,0,0,0.4090649
2,1,1,0.6731795
2,0,0,0.18426773
2,0,1,0.6284382
2,1,1,0.5410298
2,0,0,0.16751862
2,1,0,0.41554108
2,1,1,0.9514584
2,1,0,0.2802894
2,0,0,0.15063
2,0,0,0.3513137
2,1,0,0.44529626
2,0,0,0.4351792
2,0,0,0.18094759
2,1,1,0.8545462
2,1,1,0.8600005
2,0,0,0.3964767
2,0,0,0.4123589
2,0,0,0.2672143
2,0,1,0.52274245
2,1,1,0.68405473
2,1,0,0.43537965
2,1,1,0.6820406
2,0,0,0.15244848
2,1,1,0.6572409
2,0,0,0.45953593
2,1,1,0.879939
2,1,1,0.8075912
2,0,1,0.77591544
2,0,0,0.2676735
2,1,1,0.6082467
2,0,0,0.4816491
2,0,1,0.65524495
2,0,1,0.5658862
2,1,1,0.6433484
2,0,1,0.750627
2,1,0,0.43137917
2,0,1,0.51481104
2,1,0,0.4783415
2,0,0,0.3195023
2,0,1,0.8550115
2,1,1,0.68811405
2,1,1,0.9306317
2,0,1,0.69327056
2,1,1,0.5355703
2,1,0,0.43840852
2,0,0,0.20475584
2,0,0,0.29663596
2,0,1,0.5433064
2,1,1,0.5569367
2,0,0,0.29559085
2,0,0,0.24772105
2,1,0,0.467441
2,1,1,0.5562063
2,1,1,0.6940474
2,0,0,0.047732428
2,1,1,0.5388175
2,1,1,0.6199759
2,1,1,0.7575271
2,1,1,0.82466364
2,0,0,0.2644929
2,0,0,0.45179945
2,0,0,0.49086565
2,0,1,0.77564967
2,0,1,0.9111272
2,1,1,0.6892659
2,1,1,0.5640244
2,0,1,0.50948364
2,1,0,0.41377604
2,0,1,0.7119317
2,0,1,0.5672266
2,1,1,0.65633374
2,1,1,0.84699947
2,0,1,0.9130875
2,0,0,0.47327226
2,1,1,0.62913823
2,0,0,0.17489776
2,0,0,0.40060756
2,1,0,0.1849036
2,0,1,0.6929057
2,0,1,0.5491883
2,1,1,0.6676498
2,1,1,0.74514073
2,0,1,0.5425317
2,0,1,0.6155052
2,1,1,0.59176815
2,1,1,0.79322964
2,1,0,0.18577284
2,1,1,0.8648322
2,1,1,0.9225457
2,0,1,0.5179106
2,0,0,0.3622766
2,1,1,0.7115029
2,1,0,0.29394725
2,1,0,0.4760581
2,0,0,0.4059208
2,0,1,0.5176154
2,1,0,0.40438616
2,0,1,0.6822821
2,1,1,0.846067
2,1,1,0.73627037
2,0,0,0.22602175
2,0,1,0.53023463
2,0,1,0.5617957
2,0,1,0.7964282
2,0,1,0.5597159
2,1,1,0.94664353
2,1,1,0.6339071
2,1,1,0.66980386
2,0,0,0.31861222
2,0,0,0.29795316
2,1,1,0.6748185
2,0,1,0.5382074
2,0,0,0.13289058
2,1,1,0.7235875
2,0,1,0.5882654
2,0,1,0.50128347
2,1,1,0.8495198
2,0,1,0.5077596
2,0,1,0.5048808
2,1,0,0.39579913
2,1,1,0.91928047
2,1,1,0.8830953
2,1,0,0.44394335
2,0,0,0.3673074
2,1,1,0.7174763
2,1,0,0.44830444
2,0,0,0.46982065
2,0,1,0.5441926
2,0,1,0.5701059
2,0,0,0.2302358
2,1,0,0.48979798
2,1,0,0.23321404
2,0,0,0.019198334
2,0,1,0.70623446
2,1,0,0.13262053
2,0,1,0.9179337
2,1,1,0.76657015
2,1,0,0.10649776
2,0,0,0.39283657
2,1,1,0.5910499
2,0,1,0.55790937
2,0,0,0.4083662
2,0,0,0.05775669
2,0,0,0.06870243
2,1,1,0.57518774
2,1,0,0.4034365
2,0,0,0.24890938
2,0,0,0.4709657
2,0,0,0.14744757
2,1,0,0.30674005
2,0,0,0.21459244
2,0,0,0.4160831
2,1,1,0.6298773
2,1,0,0.3986513
2,1,1,0.6790927
2,0,0,0.31006828
2,0,0,0.45115417
2,1,1,0.8010492
2,0,0,0.25147387
2,0,0,0.27263466
2,1,1,0.6449256
2,1,1,0.630115
2,1,1,0.68323904
2,1,0,0.46896374
2,1,1,0.5940062
2,0,1,0.7857004
2,0,0,0.37272358
2,0,1,0.5420964
2,0,1,0.51617277
2,1,1,0.74052745
2,1,1,0.76926804
2,0,0,0.3618643
2,1,0,0.3348944
2,0,0,0.47562686
2,1,0,0.43597338
2,0,0,0.3470648
2,0,0,0.23457742
2,0,0,0.1960916
2,0,1,0.5770509
2,0,0,0.4077124
2,1,1,0.7306623
2,1,1,0.54920906
2,1,1,0.61966634
2,0,0,0.18952098
2,0,0,0.031163253
2,1,1,0.55183196
2,1,1,0.58281815
2,1,0,0.4317521
2,0,1,0.7245171
2,1,1,0.610671
2,1,1,0.66102934
2,1,0,0.14845982
2,0,0,0.48449844
2,0,0,0.4992882
2,1,1,0.6828255
2,0,0,0.19556163
2,0,0,0.27589938
2,0,0,0.32859743
2,0,0,0.049789418
2,1,1,0.9678717
2,1,0,0.3696688
2,1,0,0.32702464
2,1,0,0.34774956
2,0,0,0.25430706
2,0,0,0.36760193
2,0,0,0.069122136
2,0,0,0.10191282
2,0,0,0.35290948
2,0,1,0.5014112
2,1,1,0.62606823
2,0,0,0.3832506
2,1,1,0.5343704
2,0,1,0.61722416
2,0,0,0.44536504
2,1,1,0.9869751
2,1,1,0.65018064
2,0,0,0.2034871
2,1,1,0.6219978
2,0,0,0.115878716
2,1,1,0.79440343
2,0,0,0.046648577
2,1,0,0.47699684
2,0,0,0.322388
2,0,1,0.91023505
2,0,1,0.7214106
2,1,1,0.5962907
2,0,0,0.20546348
2,0,0,0.3942002
2,0,0,0.47608545
2,1,0,0.45811045
2,0,1,0.5559189
2,1,0,0.15029928
2,0,0,0.42146847
2,0,1,0.5707211
2,0,1,0.61174107
2,1,1,0.55998105
2,1,0,0.4439338
2,1,1,0.7219804
2,1,1,0.8734807
2,1,1,0.661878
2,0,0,0.30444637
2,1,1,0.5143678
2,0,0,0.41272208
2,1,0,0.42973784
2,1,0,0.2777619
2,0,0,0.45357814
2,0,0,0.32865232
2,0,0,0.4003741
2,0,0,0.17924875
2,0,1,0.51541585
2,0,0,0.46154937
2,0,0,0.47147852
2,1,0,0.22729117
2,0,1,0.50973076
2,1,1,0.57497406
2,1,1,0.92089415
2,1,0,0.34945723
2,1,1,0.89783835
2,0,0,0.3088599
2,1,1,0.54295367
2,0,0,0.36648053
2,1,1,0.83192164
2,1,1,0.7908566
2,1,1,0.73419124
2,0,0,0.08083942
2,0,0,0.28780717
2,0,0,0.32620367
2,1,1,0.80538344
2,0,0,0.0590731
2,1,0,0.38712162
2,0,1,0.560129
2,1,1,0.7670083
2,1,1,0.62846917
2,1,1,0.5994287
2,0,0,0.21519129
2,1,1,0.8651335
2,1,1,0.6672028
2,0,1,0.56691515
2,1,1,0.8528973
2,0,0,0.1420589
2,1,1,0.684882
2,0,0,0.4719533
2,0,1,0.56425744
2,1,1,0.5843634
2,1,1,0.600946
2,0,0,0.3442217
2,0,0,0.03175071
2,0,1,0.96801144
2,0,1,0.51625645
2,1,1,0.6282522
2,0,0,0.13536188
2,1,1,0.6602343
2,1,1,0.8942808
2,1,1,0.7613618
2,0,1,0.70243675
2,1,1,0.758426
2,0,1,0.7831718
2,1,1,0.83248425
2,1,1,0.798993
2,0,0,0.24617559
2,0,1,0.809285
2,1,1,0.6707679
2,1,1,0.8904319
2,1,1,0.8016696
2,0,0,0.3274145
2,0,1,0.66444975
2,0,0,0.24315296
2,0,1,0.5870951
2,1,1,0.6653269
2,0,0,0.46031174
2,0,0,0.3864039
2,1,1,0.8086147
2,0,0,0.09611073
2,0,1,0.5939015
2,1,1,0.6972958
2,0,0,0.47041607
2,1,1,0.6575787
2,0,1,0.619158
2,1,1,0.65502053
2,0,0,0.35016355
2,1,0,0.42187455
2,0,0,0.20998299
2,1,1,0.6911893
2,1,1,0.80622023
2,1,0,0.20635846
2,0,0,0.3402895
2,0,0,0.45510647
2,0,1,0.7600327
2,1,0,0.14329119
2,0,1,0.62588894
2,0,1,0.5045244
2,0,1,0.5791893
2,1,1,0.9066422
2,0,1,0.7014225
2,1,1,0.5626401
2,1,1,0.6647624
2,1,0,0.38661295
2,0,0,0.4487031
2,0,1,0.5344969
2,0,0,0.47632423
2,1,1,0.8740763
2,1,1,0.5509531
2,1,0,0.4698432
2,0,0,0.40297812
2,0,1,0.55743164
2,1,1,0.61028457
2,0,1,0.55139214
2,0,1,0.7692684
2,0,1,0.51853687
2,0,0,0.2665715
2,1,1,0.5596409
2,1,0,0.41271693
2,0,1,0.5651905
2,0,1,0.5795635
2,0,1,0.5192791
2,1,1,0.9071432
2,0,0,0.47795665
2,0,1,0.6294228
2,0,1,0.5069131
2,1,0,0.36073095
2,1,1,0.7063483
2,0,0,0.1862367
2,1,1,0.8473031
2,1,1,0.88671094
2,1,0,0.49210888
2,1,1,0.5423983
2,0,0,0.1614521
2,1,1,0.54162455
2,0,0,0.25306445
2,1,1,0.68350434
2,0,0,0.448367
2,0,1,0.58434
2,0,1,0.57089204
2,1,1,0.877516
2,1,0,0.33055025
2,0,0,0.31931755
2,1,1,0.71414983
2,0,1,0.53202283
2,1,1,0.6211704
2,1,0,0.3361599
2,0,0,0.454917
2,1,1,0.67582774
2,1,1,0.9407447
2,1,1,0.8097906
2,1,1,0.8294136
2,0,0,0.3653015
2,0,0,0.25221786
2,1,1,0.88555896
2,1,1,0.5939765
2,1,1,0.7153534
2,1,0,0.23991272
2,0,0,0.34255192
2,1,1,0.5198817
2,0,1,0.6999028
2,0,0,0.20579807
2,1,0,0.28538716
2,0,0,0.43090296
2,0,1,0.6797715
2,1,1,0.69930476
2,0,1,0.9087871
2,0,0,0.4807673
2,1,1,0.5079073
2,1,1,0.65971506
2,1,1,0.703649
2,0,0,0.27379578
2,1,1,0.7267357
2,0,0,0.20428051
2,1,1,0.5373679
2,0,1,0.8540515
2,0,1,0.8006123
2,0,0,0.28385368
2,0,0,0.35951033
2,1,0,0.49702042
2,0,0,0.4042602
2,0,0,0.05611288
2,1,1,0.7171328
2,0,0,0.49010718
2,1,1,0.53527933
2,1,1,0.71668786
2,0,1,0.5532642
2,1,1,0.8699122
2,1,1,0.6633937
2,1,1,0.85809076
2,0,1,0.7339011
2,0,1,0.6533275
2,0,1,0.5769413
2,0,0,0.30072534
2,1,1,0.7965465
2,1,0,0.42494598
2,1,1,0.9664033
2,1,1,0.62544656
2,1,1,0.64793134
2,1,0,0.3117694
2,0,1,0.53289616
2,1,0,0.24944791
2,1,1,0.78965163
2,0,1,0.6465084
2,0,0,0.17538242
2,0,1,0.5189191
2,0,0,0.16821758
2,0,1,0.75403523
2,0,0,0.43036523
2,0,0,0.36033362
2,1,1,0.9686346
2,1,1,0.7266633
2,1,1,0.8849774
2,0,0,0.36355218
2,0,0,0.4480511
2,0,1,0.8139779
2,1,1,0.8660403
2,1,0,0.30193415
2,0,1,0.5622549
2,1,1,0.5269542
2,1,0,0.48051974
2,0,1,0.7499331
2,0,1,0.7665308
2,0,1,0.7142774
2,0,1,0.6522256
2,1,1,0.7836343
2,0,0,0.31017023
2,0,1,0.642254
2,1,0,0.24400552
2,1,1,0.52275103
2,0,0,0.46347487
2,1,1,0.52579266
2,0,0,0.18310829
2,1,0,0.46714124
2,1,1,0.5275036
2,0,0,0.3635605
2,1,0,0.46367696
2,0,0,0.42801872
2,0,0,0.29524264
2,0,1,0.544361
2,1,0,0.14099304
2,0,0,0.34320927
2,0,0,0.066973254
2,1,1,0.87770814
2,1,0,0.38435516
2,1,0,0.31351453
2,1,1,0.7361913
2,1,1,0.7548121
2,1,0,0.241101
2,1,1,0.77922386
2,0,0,0.14839879
2,1,0,0.4564405
2,0,1,0.7053089
2,1,0,0.23560898
2,1,0,0.066023774
2,0,0,0.4675497
2,1,0,0.49173474
2,0,1,0.71620405
2,0,0,0.26777968
2,0,0,0.13927549
2,0,1,0.5737539
2,1,1,0.58298635
2,1,1,0.57432324
2,0,0,0.15292175
2,0,0,0.06496094
2,0,0,0.34829736
2,0,1,0.6243908
2,0,1,0.6711405
2,0,1,0.5522563
2,0,1,0.64749706
2,1,1,0.56855315
2,1,1,0.64036614
2,1,1,0.6659883
2,1,0,0.05860716
2,1,1,0.61388487
2,0,1,0.6770447
2,1,1,0.77881217
2,1,1,0.8933632
2,1,1,0.6755654
2,0,1,0.6548937
2,1,1,0.76560557
2,0,0,0.19702417
2,1,1,0.73716193
2,1,0,0.1482606
2,1,1,0.7070314
2,0,0,0.40016723
2,1,1,0.58453995
2,1,0,0.2643125
2,0,0,0.07762479
2,0,0,0.13860358
2,0,1,0.7883157
2,1,1,0.6096679
2,0,1,0.5947663
2,0,0,0.12130446
2,0,0,0.16625296
2,1,0,0.27921098
2,1,1,0.90875703
2,1,0,0.3863432
2,1,0,0.44306716
2,0,0,0.12752785
2,0,1,0.5323403
2,0,0,0.41019455
2,0,0,0.013463727
2,0,0,0.23960099
2,0,0,0.26558998
2,0,0,0.31318676
2,0,1,0.7779228
2,1,0,0.44747874
2,0,0,0.39175147
2,0,0,0.47445968
2,1,1,0.81252545
2,0,0,0.45221192
2,1,1,0.5061136
2,0,0,0.113919236
2,0,0,0.25855026
2,1,0,0.49887013
2,1,0,0.13646258
2,0,0,0.11192865
2,1,1,0.8023714
2,1,1,0.78647745
2,1,1,0.556206
2,0,0,0.22486006
2,1,1,0.610769
2,1,0,0.37436107
2,1,0,0.19742946
2,0,1,0.7097529
2,0,0,0.47912997
2,0,1,0.67219764
2,1,0,0.49161637
2,1,1,0.7437705
2,1,0,0.32133907
2,1,1,0.83280003
2,0,0,0.4728667
2,0,1,0.7502895
2,0,0,0.36566284
2,1,0,0.30345234
2,0,0,0.27531546
2,0,1,0.6491678
2,1,1,0.8623421
2,0,1,0.50181985
2,1,1,0.61220133
2,0,0,0.36988482
2,0,1,0.50720227
2,1,0,0.2773806
2,0,0,0.36225447
2,1,1,0.6190356
2,1,1,0.6148146
2,1,0,0.48528245
2,0,0,0.29844794
2,0,1,0.5429918
2,0,1,0.6245397
2,0,1,0.90914726
2,1,1,0.69101864
2,0,0,0.4006456
2,1,1,0.8751735
2,1,1,0.90980357
2,1,1,0.6814466
2,0,1,0.939808
2,0,0,0.09739823
2,0,1,0.71033484
2,0,0,0.1529953
2,1,1,0.9729846
2,0,0,0.48079064
2,1,1,0.8703479
2,1,1,0.62878585
2,0,1,0.72105646
2,0,1,0.6925109
2,0,1,0.711172
2,1,1,0.9161992
2,1,1,0.5129236
2,0,0,0.2521199
2,0,1,0.52030057
2,0,0,0.39572462
2,0,1,0.6964029
2,1,1,0.63674134
2,0,1,0.68222904
2,1,1,0.7493408
2,1,1,0.9573448
2,1,1,0.7694494
2,0,0,0.4227394
2,1,1,0.7266847
2,1,1,0.7221791
2,0,0,0.29342866
2,0,0,0.41368365
2,0,1,0.7429197
2,0,1,0.66061723
2,1,1,0.67999315
2,0,0,0.13159314
2,1,1,0.93960285
2,1,1,0.701465
2,0,1,0.6465501
2,0,1,0.6651081
2,1,1,0.96160674
2,1,1,0.5032111
2,1,1,0.8585125
2,1,1,0.53027266
2,0,0,0.30194527
2,1,1,0.6198742
2,0,1,0.5086338
2,0,0,0.3249986
2,0,0,0.2376071
2,0,0,0.10915894
2,0,0,0.27529633
2,0,1,0.7590422
2,1,1,0.72713596
2,1,1,0.8640416
2,0,0,0.45909825
2,0,0,0.1454355
2,1,1,0.76338077
2,0,0,0.2688368
2,0,1,0.6810678
2,0,0,0.2740484
2,0,1,0.7885788
2,0,0,0.04542946
2,0,0,0.38451484
2,1,1,0.6451072
2,1,0,0.41718924
2,1,1,0.87859064
2,1,1,0.68727607
2,0,1,0.5944973
2,0,1,0.7781989
2,0,0,0.28351238
2,1,1,0.6817112
2,0,0,0.49122974
2,1,0,0.44499537
2,0,1,0.77869344
2,0,1,0.54078895
2,1,1,0.55395234
2,0,0,0.2799171
2,1,1,0.92268825
2,0,1,0.56845194
2,0,0,0.44231442
2,0,1,0.5604833
2,1,0,0.38390777
2,0,1,0.60574466
2,1,1,0.82380164
2,0,0,0.1883369
2,1,0,0.39382035
2,1,0,0.47869295
2,0,0,0.22504637
2,1,1,0.5394025
2,1,0,0.28421357
2,0,0,0.15676698
2,1,0,0.1424778
2,0,0,0.28821725
2,1,0,0.40528104
2,0,0,0.07639176
2,0,0,0.31180835
2,0,0,0.17879236
2,1,0,0.46274632
2,1,1,0.5877916
2,1,0,0.16289473
2,0,0,0.3056392
2,0,0,0.065544225
2,1,1,0.67004585
2,0,0,0.03471012
2,1,1,0.6899763
2,0,0,0.44369975
2,1,0,0.34552777
2,0,1,0.6286636
2,0,0,0.2266917
2,1,0,0.43308514
2,0,0,0.1471847
2,1,0,0.2508376
2,0,0,0.094952695
2,0,0,0.055499353
2,0,0,0.16530639
2,0,0,0.1316536
2,0,0,0.26263577
2,1,0,0.30211234
2,1,1,0.71436805
2,0,1,0.62589586
2,0,0,0.31291947
2,0,0,0.10519222
2,0,0,0.40508208
2,0,0,0.25713244
2,1,0,0.4537074
2,1,1,0.67565596
2,1,0,0.3617923
2,1,0,0.20423791
2,0,0,0.16122688
2,0,0,0.17926465
2,0,0,0.24971746
2,0,0,0.17854036
2,0,0,0.48607066
2,1,0,0.34144187
2,1,0,0.41200277
2,1,0,0.43293312
2,0,1,0.6667234
2,0,0,0.4891614
2,1,1,0.96333605
2,0,1,0.80561656
2,0,0,0.44903493
2,1,0,0.28680766
2,1,0,0.26755178
2,0,0,0.4195288
2,0,0,0.073531754
2,0,0,0.026680918
2,0,0,0.22547859
2,1,1,0.57738125
2,0,1,0.53367937
2,1,0,0.18075635
2,1,1,0.57697916
2,0,1,0.6227496
2,1,1,0.8484618
2,0,1,0.74034333
2,0,1,0.7052814
2,1,1,0.53111136
2,1,1,0.8294747
2,1,1,0.51382464
2,0,0,0.4126188
2,0,0,0.39796847
2,1,1,0.5323526
2,1,1,0.61336815
2,0,0,0.39886302
2,0,0,0.22433501
2,1,0,0.41331863
2,0,1,0.60257584
2,0,0,0.2178949
2,1,1,0.9042218
2,0,0,0.43871352
2,1,1,0.8671002
2,1,1,0.69685054
2,0,0,0.33506835
2,0,0,0.19438511
2,1,1,0.7932409
2,0,1,0.6342018
2,1,1,0.5842116
2,0,1,0.72916585
2,0,0,0.4232446
2,0,0,0.49926046
2,0,1,0.64388824
2,0,1,0.6707889
2,0,0,0.25115198
2,0,0,0.3705111
2,0,0,0.4840446
2,1,1,0.7563699
2,1,0,0.45133764
2,1,1,0.6468312
2,1,1,0.76911867
2,0,1,0.51808125
2,1,0,0.44972777
2,0,0,0.3923844
2,1,1,0.78765327
2,1,1,0.96813804
2,0,1,0.7354492
2,1,0,0.47741663
2,1,1,0.5565047
2,1,1,0.7859046
2,1,1,0.58574283
2,1,1,0.9574042
2,0,1,0.7408753
2,1,1,0.80712366
2,1,1,0.8021017
2,1,0,0.44282177
2,0,1,0.7363587
2,1,0,0.31353623
2,0,0,0.31362125
2,0,1,0.78899944
2,1,1,0.8267968
2,0,0,0.2993348
2,0,0,0.25214773
2,1,1,0.58546096
2,0,0,0.23017837
2,1,1,0.69269836
2,1,1,0.90916467
2,1,1,0.73799616
2,0,1,0.6451868
2,1,1,0.8487151
2,1,1,0.78192693
2,1,1,0.52119964
2,1,0,0.43883914
2,1,1,0.76753443
2,0,1,0.7224705
2,0,0,0.09043851
2,0,0,0.13389167
2,0,1,0.6806381
2,0,0,0.26935267
2,1,0,0.16548076
2,1,0,0.32826462
2,0,1,0.82684976
2,1,1,0.67224187
2,0,0,0.17980151
2,0,0,0.478917
2,1,1,0.9477063
2,1,1,0.61296386
2,1,0,0.39077848
2,0,0,0.465007
2,0,1,0.65735525
2,0,0,0.44874614
2,0,0,0.28269243
2,0,0,0.19729577
2,1,0,0.27806282
2,0,0,0.12526141
2,1,0,0.454779
2,0,0,0.14219092
2,1,1,0.60592175
2,1,1,0.82296306
2,0,0,0.4632162
2,1,1,0.7440602
2,1,1,0.5793663
2,1,1,0.7791493
2,0,0,0.1827144
2,0,1,0.7051095
2,1,1,0.7282435
2,0,1,0.7048076
2,1,1,0.69409174
2,1,0,0.3845209
2,1,1,0.6680508
2,1,1,0.7099305
2,0,0,0.053972553
2,0,0,0.12755208
2,1,0,0.4496359
2,0,1,0.65496904
2,0,0,0.43079627
2,0,0,0.15047008
2,1,1,0.9382736
2,0,0,0.26934865
2,0,0,0.46445057
2,0,0,0.205961
2,1,1,0.7027721
2,0,0,0.45228598
2,1,1,0.72471565
2,1,0,0.27332637
2,0,0,0.36075002
2,0,0,0.04243479
2,1,1,0.5641513
2,1,1,0.9421424
2,0,0,0.38077623
2,0,1,0.5240622
2,1,0,0.40111947
2,0,0,0.24242786
2,0,0,0.31792137
2,1,1,0.5661091
2,0,1,0.6115343
2,1,1,0.73133904
2,0,1,0.7835285
2,1,1,0.69779146
2,1,1,0.70769393
2,1,1,0.9784532
2,1,1,0.8553779
2,1,1,0.7954997
2,1,0,0.41394472
2,0,1,0.8148121
2,1,1,0.85213363
2,0,0,0.25407577
2,0,1,0.8365416
2,1,1,0.5966256
2,1,1,0.74684155
2,1,1,0.6466815
2,0,0,0.32305202
2,0,1,0.5006143
2,0,0,0.14550245
2,1,1,0.90598583
2,0,1,0.5603317
2,1,1,0.648923
2,0,0,0.15237087
2,1,0,0.49278185
2,1,0,0.4350922
2,0,1,0.8672288
2,0,0,0.39761153
2,1,1,0.715357
2,0,0,0.17337438
2,1,1,0.85226226
2,0,0,0.4237936
2,0,0,0.30947262
2,1,1,0.86893713
2,1,1,0.6620034
2,0,1,0.6796278
2,1,1,0.7142615
2,0,1,0.6860692
2,1,1,0.6282294
2,0,0,0.34284768
2,0,0,0.13947861
2,0,0,0.41824976
2,0,0,0.06681127
2,1,1,0.5905748
2,1,1,0.8710694
2,0,1,0.7028994
2,0,1,0.6682153
2,1,1,0.95383424
2,1,1,0.87801975
2,1,1,0.7040379
2,0,0,0.4188067
2,1,1,0.8382626
2,0,1,0.82349586
2,1,0,0.15195888
2,0,0,0.42509216
2,1,1,0.7043859
2,1,1,0.52508473
2,1,1,0.94253135
2,1,0,0.348648
2,1,0,0.3017768
2,0,0,0.16316806
2,0,1,0.6194398
2,0,1,0.7432964
2,0,1,0.75478804
2,0,0,0.36332327
2,1,0,0.49338531
2,0,1,0.7430105
2,1,0,0.4192869
2,1,1,0.53042656
2,0,0,0.45419967
2,0,0,0.2950058
2,1,0,0.49018225
2,0,0,0.27287647
2,0,1,0.6610835
2,1,1,0.84727013
2,1,1,0.6867927
2,1,1,0.6074014
2,1,1,0.69674593
2,1,1,0.70614624
2,0,1,0.60892767
2,1,1,0.7229489
2,1,0,0.18339993
2,0,1,0.59986925
2,1,1,0.57788664
2,0,0,0.3359894
2,0,0,0.29633653
2,0,1,0.5738574
2,0,1,0.7061314
2,0,0,0.036816314
2,1,1,0.55583423
2,0,0,0.19266497
2,1,1,0.7345662
2,0,0,0.3203858
2,1,1,0.9633461
2,0,0,0.14138086
2,1,0,0.49358088
2,0,0,0.42916772
2,1,1,0.5269096
2,1,0,0.40623593
2,0,0,0.38949186
2,0,0,0.37900025
2,0,1,0.5123644
2,0,0,0.35024056
2,1,1,0.8098378
2,1,1,0.69361436
2,1,1,0.6599093
2,0,0,0.21291026
2,1,1,0.5761463
2,0,0,0.3899189
2,1,1,0.5873502
2,0,0,0.42631346
2,0,0,0.34597823
2,0,0,0.45443723
2,0,0,0.32335165
2,1,0,0.19219191
2,0,1,0.5265777
2,1,0,0.48780528
2,1,1,0.9196347
2,1,1,0.6665363
2,1,1,0.60687727
2,1,1,0.67112625
2,0,1,0.7008334
2,1,0,0.44914007
2,1,1,0.61792105
2,0,0,0.32437596
2,1,1,0.769761
2,0,1,0.8651974
2,0,0,0.4991043
2,0,1,0.5021361
2,1,1,0.55248076
2,0,0,0.4114255
2,1,1,0.80333906
2,1,1,0.88733107
2,1,1,0.7634549
2,0,1,0.82704455
2,1,1,0.77565193
2,0,0,0.14045481
2,1,0,0.47731218
2,0,0,0.4651738
2,1,0,0.2868545
2,0,0,0.28818235
2,0,0,0.3826228
2,1,1,0.8937722
2,0,0,0.24138546
2,0,1,0.57360095
2,1,0,0.30868682
2,1,1,0.5223862
2,0,1,0.8735611
2,0,1,0.5733261
2,1,0,0.28491718
2,1,1,0.9462032
2,1,1,0.8362414
2,0,1,0.6794497
2,1,1,0.7457672
2,0,1,0.8978385
2,1,1,0.8914323
2,0,1,0.72798896
2,0,0,0.48062614
2,0,1,0.695396
2,1,1,0.7795907
2,0,0,0.37192053
2,1,1,0.8265987
2,1,1,0.6789468
2,0,1,0.6049945
2,0,0,0.065521136
2,1,1,0.85470945
2,1,0,0.4362183
2,1,1,0.7695334
2,0,0,0.35205457
2,1,1,0.7341604
2,0,1,0.668243
2,1,1,0.7649751
2,0,0,0.3704561
2,1,1,0.7179942
2,1,1,0.6179346
2,1,1,0.68343955
2,0,0,0.41200346
2,0,0,0.4564081
2,0,1,0.5176172
2,1,1,0.88718224
2,0,0,0.27304003
2,0,0,0.445055
2,0,1,0.57039297
2,0,1,0.6279955
2,1,1,0.8204042
2,0,0,0.23810723
2,1,1,0.50537914
2,1,1,0.83279926
2,0,0,0.27470693
2,1,1,0.84412724
2,1,1,0.91764134
2,0,0,0.4256003
2,1,0,0.3592582
2,0,0,0.39793977
2,0,0,0.37162924
2,0,1,0.59657675
2,0,0,0.35325426
2,1,0,0.10186997
2,0,0,0.28221354
2,1,1,0.78536916
2,0,0,0.30271307
2,1,1,0.848294
2,0,1,0.81680876
2,1,1,0.7092654
2,1,0,0.46100855
2,1,1,0.8455233
2,1,0,0.39776042
2,1,1,0.7025871
2,0,1,0.61704445
2,0,1,0.6724851
2,1,1,0.832755
2,1,0,0.43234605
2,1,1,0.85302037
2,1,1,0.8472988
2,1,1,0.71039927
2,0,1,0.9565377
2,0,0,0.13283458
2,0,1,0.8339994
2,1,1,0.64858484
2,0,0,0.42078254
2,1,1,0.6237181
2,1,1,0.95817274
2,1,1,0.74428475
2,1,1,0.8848219
2,1,0,0.4547947
2,0,0,0.28435776
2,0,1,0.7164736
2,1,1,0.87177193
2,1,1,0.62498665
2,0,1,0.7110595
2,1,1,0.70214474
2,0,0,0.4905134
2,0,1,0.7376559
2,0,1,0.503704
2,0,0,0.1443795
2,1,1,0.8985802
2,0,0,0.366228
2,0,0,0.3099462
2,1,1,0.7690801
2,1,0,0.25666368
2,0,0,0.19467829
2,0,0,0.2821748
2,1,0,0.21932863
2,0,1,0.5484605
2,0,0,0.4196982
2,1,1,0.98179644
2,1,1,0.8915417
2,1,1,0.8338727
2,0,0,0.45462307
2,0,1,0.79266846
2,1,1,0.91416293
2,1,1,0.9252282
2,0,1,0.56299514
2,1,1,0.819049
2,0,0,0.13240556
2,0,1,0.6829417
2,0,1,0.8379565
2,0,1,0.8490267
2,1,1,0.93744713
2,0,0,0.45997283
2,1,1,0.87121785
2,1,1,0.9010398
2,0,0,0.21372628
2,1,1,0.7943036
2,0,1,0.63908714
2,0,0,0.4097553
2,1,1,0.70759106
2,0,1,0.6270664
2,0,0,0.0658062
2,1,1,0.90867966
2,1,1,0.8570079
2,1,1,0.8509275
2,1,1,0.89308643
2,1,1,0.6916655
2,1,1,0.81598806
2,1,1,0.57705396
2,1,1,0.8241468
2,0,1,0.67451614
2,0,1,0.7637252
2,1,1,0.8985004
2,1,1,0.746822
2,0,1,0.9043076
2,0,1,0.8264758
2,1,1,0.8615113
2,1,0,0.46263385
2,1,1,0.9222276
2,0,0,0.43959156
2,1,1,0.9846831
2,0,1,0.8164339
2,1,0,0.40409133
2,0,1,0.75466204
2,1,1,0.82855916
2,0,0,0.48516607
2,1,1,0.54733396
2,0,0,0.38410363
2,0,1,0.52567726
2,0,1,0.5588422
2,1,1,0.9768709
2,0,0,0.20025027
2,0,0,0.3579353
2,1,0,0.31339803
2,1,1,0.8847036
2,1,1,0.9568051
2,0,1,0.5773813
2,1,0,0.20252372
2,1,1,0.8434642
2,1,1,0.9172883
2,1,0,0.28247026
2,1,0,0.23517069
2,1,1,0.5517772
2,0,0,0.050339784
2,0,0,0.10566623
2,0,1,0.55877274
2,1,0,0.42328846
2,0,1,0.8804497
2,0,0,0.43750197
2,1,0,0.38330552
2,0,0,0.11901298
2,1,0,0.26887575
2,0,0,0.32954526
2,1,1,0.557403
2,1,0,0.47086838
2,1,1,0.70383084
2,0,0,0.06273413
2,0,0,0.07383868
2,0,0,0.20333096
2,1,0,0.48565066
2,1,0,0.42301464
2,1,1,0.635767
2,1,0,0.07561362
2,0,0,0.20013115
2,1,0,0.08447251
2,0,1,0.68024945
2,0,0,0.30406052
2,1,1,0.73610914
2,1,1,0.74217564
2,1,1,0.93295884
2,0,0,0.22204156
2,0,1,0.6080158
2,0,0,0.3247306
2,1,0,0.2400442
2,0,0,0.23631987
2,0,0,0.429946
2,1,1,0.65863466
2,0,0,0.2273858
2,0,0,0.052212518
2,0,0,0.47885856
2,1,1,0.60165477
2,0,0,0.107111916
2,0,0,0.48253307
2,0,1,0.62882245
2,1,0,0.22565696
2,1,0,0.13249579
2,0,0,0.104519404
2,0,0,0.37291232
2,0,0,0.2720402
2,1,1,0.9339972
2,1,0,0.4655526
2,1,1,0.7763594
2,1,1,0.6899067
2,0,0,0.3158935
2,0,0,0.36643666
2,1,1,0.9048675
2,0,0,0.48766974
2,1,0,0.2254356
2,1,0,0.4927209
2,1,0,0.38644266
2,0,1,0.7985319
2,0,1,0.79312867
2,0,0,0.21817155
2,0,0,0.428966
2,1,1,0.5010065
2,0,1,0.83281946
2,0,1,0.75868523
2,0,1,0.63297796
2,0,1,0.5574901
2,0,0,0.48229492
2,0,0,0.2800022
2,1,1,0.9564714
2,0,0,0.4207249
2,0,1,0.6881694
2,1,1,0.6343699
2,1,0,0.36498398
2,1,0,0.30297115
2,1,1,0.53056943
2,1,1,0.6309881
2,1,1,0.71173644
2,0,0,0.4550499
2,0,1,0.639784
2,1,1,0.56957304
2,0,1,0.66660523
2,0,1,0.7718898
2,1,1,0.50227284
2,0,0,0.32548693
2,1,1,0.90573025
2,1,1,0.5836329
2,0,0,0.23033057
2,1,1,0.9280887
2,0,1,0.59285957
2,1,1,0.7962825
2,0,0,0.30482236
2,0,1,0.7038555
2,0,0,0.3342749
2,1,1,0.85377717
2,0,0,0.4393961
2,1,1,0.7787444
2,0,1,0.71891046
2,1,1,0.5438988
2,1,1,0.9721514
2,1,1,0.8000615
2,1,1,0.8339273
2,0,1,0.5063966
2,0,1,0.6402074
2,1,1,0.9044095
2,0,1,0.57527524
2,1,1,0.57604545
2,0,0,0.26469874
2,0,1,0.9538359
2,1,1,0.5839439
2,0,0,0.26552033
2,0,1,0.6396339
2,0,0,0.18444255
2,1,1,0.8654961
2,0,1,0.6319109
2,1,1,0.6776784
2,0,1,0.529304
2,0,0,0.2016398
2,1,0,0.35820147
2,0,0,0.27428785
2,0,1,0.51164067
2,0,0,0.35420373
2,1,0,0.10208442
2,1,1,0.76999295
2,0,0,0.48704097
2,1,1,0.86286545
2,0,1,0.5370077
2,1,1,0.5668988
2,0,0,0.16261429
2,1,1,0.6711474
2,1,1,0.640459
2,1,1,0.565867
2,0,1,0.6309881
2,0,0,0.47057405
2,0,1,0.639784
2,1,1,0.56957304
2,0,1,0.66660523
2,0,1,0.7718898
2,0,1,0.50227284
2,0,0,0.32548693
2,1,1,0.80556744
2,0,0,0.35663685
2,1,1,0.71209824
2,1,1,0.84252864
2,1,1,0.63705146
2,0,0,0.34580287
2,1,0,0.2803155
2,1,1,0.7727702
2,0,0,0.33059725
2,0,0,0.40294263
2,1,1,0.65440047
2,0,0,0.19455424
2,1,1,0.88953435
2,1,1,0.70622915
2,0,1,0.5100975
2,1,0,0.075852156
2,1,0,0.3340787
2,0,0,0.037298575
2,0,0,0.14766394
2,0,0,0.2955604
2,1,1,0.5310954
2,0,0,0.26328328
2,1,1,0.67977715
2,0,0,0.27491468
2,0,0,0.46585375
2,0,0,0.36369604
2,0,1,0.5480537
2,0,0,0.31833568
2,1,1,0.62596864
2,0,1,0.9346198
2,1,1,0.90628475
2,0,0,0.27992788
2,1,1,0.775288
2,0,1,0.64441925
2,1,1,0.889634
2,1,1,0.64700973
2,1,1,0.55591124
2,0,1,0.55056727
2,0,1,0.81394726
2,0,1,0.63661736
2,0,1,0.8570323
2,1,0,0.34759355
2,0,0,0.04505952
2,0,1,0.819378
2,1,1,0.8084363
2,1,1,0.8939325
2,1,1,0.8899054
2,0,0,0.4808943
2,1,1,0.9276636
2,0,1,0.61184883
2,0,0,0.38593176
2,0,0,0.29701468
2,0,0,0.41213375
2,1,1,0.95164007
2,1,1,0.87996465
2,0,0,0.3238489
2,1,1,0.8062285
2,0,0,0.22146194
2,0,1,0.50473136
2,1,0,0.43548518
2,1,1,0.6388826
2,0,1,0.6211235
2,1,1,0.6149228
2,0,0,0.4909608
2,1,1,0.684133
2,0,0,0.47232643
2,0,1,0.5210664
2,1,1,0.7889941
2,0,1,0.6108947
2,0,0,0.19602914
2,1,1,0.7133814
2,0,0,0.3438312
2,0,0,0.19430289
2,1,0,0.3371151
2,1,1,0.6750883
2,0,0,0.31833258
2,0,0,0.44185498
2,1,1,0.91672325
2,0,1,0.5532651
2,1,1,0.592331
2,0,1,0.6153878
2,0,1,0.50412536
2,1,1,0.64377844
2,0,1,0.63914853
2,1,0,0.3661394
2,1,1,0.72824097
2,1,0,0.311817
2,0,0,0.21376634
2,1,1,0.6990144
2,0,0,0.3379047
2,0,0,0.122975424
2,0,0,0.14584257
2,0,0,0.3125108
2,0,0,0.15247932
2,1,0,0.18384348
2,0,0,0.28210118
2,0,0,0.34390974
2,0,0,0.277758
2,1,1,0.7184857
2,1,1,0.6144146
2,0,0,0.095306404
2,0,0,0.24333435
2,0,0,0.11013323
2,0,0,0.11605387
2,1,0,0.47658405
2,0,0,0.21170837
2,0,0,0.4310578
2,0,0,0.15094481
2,1,0,0.22793809
2,0,0,0.48014525
2,1,0,0.10247517
2,0,0,0.12665331
2,0,0,0.41429657
2,1,1,0.72872525
2,0,0,0.33662513
2,1,1,0.79471284
2,1,1,0.9413081
2,1,1,0.63839275
2,1,1,0.5168112
2,1,1,0.70243204
2,0,1,0.85813844
2,0,0,0.26891395
2,1,0,0.16917266
2,0,0,0.31984416
2,0,0,0.21511528
2,0,0,0.11604405
2,1,0,0.32984415
2,1,0,0.3645304
2,0,1,0.6782914
2,1,0,0.37830344
2,1,1,0.6129485
2,1,1,0.90604633
2,1,0,0.49349114
2,0,1,0.8938438
2,0,0,0.4727805
2,1,1,0.65560144
2,0,0,0.48489678
2,1,0,0.48405898
2,0,0,0.48238224
2,0,1,0.6853976
2,1,1,0.73829114
2,0,1,0.5652367
2,0,1,0.57304823
2,0,0,0.1426584
2,1,0,0.41604364
2,1,1,0.79426533
2,1,1,0.5103913
2,1,1,0.8363159
2,1,0,0.24249361
2,1,0,0.4581974
2,0,0,0.13322976
2,0,0,0.43617305
2,0,0,0.16601157
2,0,1,0.95568293
2,0,1,0.5708048
2,0,1,0.6654463
2,0,1,0.5099348
2,1,1,0.7626741
2,0,0,0.38814816
2,1,1,0.5537198
2,1,0,0.22569564
2,1,0,0.48473105
2,0,1,0.6816222
2,1,1,0.8719971
2,1,1,0.61864555
2,0,0,0.24695791
2,0,1,0.7950671
2,1,1,0.75265706
2,0,1,0.78459215
2,1,0,0.23406868
2,0,0,0.11316101
2,0,0,0.4879456
2,0,0,0.4681873
2,0,0,0.06823394
2,1,1,0.7075896
2,0,0,0.45935655
2,1,1,0.6881562
2,1,1,0.7435622
2,0,1,0.72609407
2,1,1,0.66534954
2,1,1,0.57449913
2,0,1,0.53515947
2,0,0,0.46683687
2,0,1,0.7852501
2,1,1,0.9205064
2,1,1,0.7634431
2,1,1,0.6655454
2,1,0,0.4870656
2,0,0,0.411715
2,0,1,0.6690497
2,1,0,0.20175265
2,0,1,0.7603828
2,1,1,0.61056966
2,0,1,0.7799508
2,0,0,0.37373692
2,1,1,0.90348756
2,0,0,0.30450833
2,1,1,0.5567697
2,0,0,0.42494425
2,0,0,0.107026815
2,0,0,0.3703145
2,1,1,0.8424749
2,0,0,0.06668493
2,1,0,0.4654516
2,1,1,0.7652227
2,1,1,0.78501827
2,1,1,0.7271154
2,0,0,0.100353226
2,0,0,0.040199067
2,0,0,0.059197236
2,1,0,0.36959863
2,0,0,0.056977026
2,1,1,0.9781386
2,1,1,0.7615194
2,0,0,0.30827832
2,0,0,0.45448154
2,0,0,0.31499508
2,1,0,0.35199502
2,1,1,0.6241182
2,0,0,0.3486546
2,0,0,0.3801706
2,1,1,0.70395756
2,0,0,0.40986848
2,1,1,0.607047
2,0,1,0.7281426
2,1,1,0.98011637
2,0,1,0.75673276
2,0,1,0.70225346
2,1,1,0.73887676
2,0,0,0.43702215
2,0,0,0.4479789
2,1,1,0.7607663
2,1,0,0.40479282
2,1,1,0.950428
2,0,0,0.3167605
2,1,1,0.65496075
2,0,1,0.6588805
2,0,1,0.54750276
2,1,0,0.4914876
2,0,1,0.7481918
2,1,1,0.7483037
2,0,0,0.2830188
2,0,0,0.37188396
2,0,1,0.9613235
2,1,0,0.41453406
2,0,0,0.34932876
2,1,0,0.4745702
2,0,0,0.3579118
2,0,0,0.25042757
2,0,0,0.21455199
2,1,1,0.6047807
2,0,1,0.64729464
2,1,1,0.59977895
2,1,0,0.2988751
2,1,1,0.9233991
2,0,1,0.62299967
2,1,1,0.7717054
2,0,0,0.3046367
2,1,0,0.37997013
2,1,1,0.53745514
2,1,0,0.295734
2,0,0,0.4538019
2,0,1,0.8402142
2,1,1,0.73529834
2,0,1,0.77827346
2,0,1,0.7367581
2,0,0,0.38996163
2,0,0,0.3678366
2,1,1,0.9339972
2,1,0,0.4655526
2,1,1,0.7763594
2,1,1,0.6899067
2,0,0,0.3158935
2,0,0,0.36643666
2,1,1,0.9048675
2,0,0,0.48766974
2,1,0,0.2254356
2,1,0,0.4927209
2,1,0,0.38644266
2,0,1,0.5633486
2,0,1,0.5555737
2,0,0,0.109073214
2,0,0,0.21817155
2,0,0,0.428966
2,1,1,0.5010065
2,0,1,0.83281946
2,0,1,0.75868523
2,0,1,0.63297796
2,0,1,0.5574901
2,1,0,0.48229492
2,0,0,0.2800022
2,1,1,0.889301
2,0,0,0.4891557
2,1,1,0.87085795
2,0,1,0.5976913
2,0,1,0.6273476
2,0,1,0.72030175
2,0,0,0.26963526
2,1,1,0.82569575
2,0,1,0.5354123
2,1,1,0.60957086
2,1,1,0.6392306
2,1,1,0.58419466
2,1,1,0.68859506
2,0,0,0.118929386
2,1,1,0.8989341
2,1,1,0.6652181
2,1,1,0.935275
2,0,0,0.38181806
2,1,1,0.9488358
2,0,0,0.17867455
2,1,1,0.5077941
2,0,0,0.3169418
2,0,1,0.9285158
2,0,1,0.60354006
2,1,1,0.5855013
2,1,1,0.7200839
2,0,0,0.32069594
2,1,1,0.8860953
2,0,1,0.6006777
2,1,1,0.8238966
2,1,1,0.7322039
2,0,0,0.12835072
2,0,1,0.68578494
2,1,1,0.6440134
2,1,1,0.6957954
2,1,1,0.69243836
2,0,1,0.7921891
2,0,0,0.3771046
2,0,0,0.38012424
2,1,1,0.8126604
2,0,1,0.6935096
2,1,1,0.84412724
2,1,1,0.91764134
2,0,0,0.4256003
2,1,0,0.3592582
2,0,0,0.39793977
2,0,0,0.37162924
2,0,1,0.59657675
2,0,0,0.35325426
2,1,0,0.10186997
2,0,0,0.28221354
2,1,1,0.78536916
2,0,0,0.30271307
2,1,1,0.7108833
2,1,0,0.4488893
2,0,0,0.37022865
2,1,0,0.17283575
2,0,1,0.5426802
2,1,1,0.5132555
2,0,0,0.3516262
2,0,0,0.038533
2,0,1,0.65241677
2,1,1,0.55554533
2,1,1,0.80645794
2,1,1,0.50532603
2,1,1,0.76870614
2,1,1,0.7986514
2,0,0,0.3772737
2,0,0,0.048910096
2,1,1,0.9549931
2,0,0,0.0765754
2,0,0,0.1271999
2,0,0,0.48064715
2,0,0,0.4055013
2,0,0,0.37362924
2,0,1,0.60241044
2,1,1,0.6518229
2,0,1,0.69597447
2,0,0,0.42444125
2,1,1,0.95849615
2,1,0,0.07436185
2,0,1,0.75670403
2,1,1,0.910387
2,0,0,0.45593557
2,1,1,0.77835906
2,1,0,0.47178736
2,0,0,0.49939588
2,0,0,0.20285042
2,1,0,0.25628507
2,0,0,0.3245455
2,0,0,0.38931474
2,0,0,0.4056152
2,1,0,0.237721
2,0,0,0.4383095
2,0,0,0.14930995
2,0,0,0.39013034
2,0,0,0.35478804
2,1,1,0.8414761
2,0,0,0.04986026
2,1,0,0.29383892
2,0,1,0.5352728
2,1,1,0.95088977
2,0,1,0.7504633
2,0,0,0.24421497
2,1,1,0.69425225
2,1,0,0.37712196
2,1,0,0.35309657
2,0,1,0.6582064
2,0,1,0.5988658
2,0,1,0.59548247
2,1,1,0.6464158
2,1,1,0.84669197
2,0,1,0.66708446
2,1,1,0.94265157
2,1,1,0.545406
2,0,0,0.38636357
2,1,0,0.48995024
2,0,0,0.04707458
2,0,0,0.37254974
2,0,0,0.24474923
2,1,1,0.9031769
2,0,0,0.2004582
2,0,0,0.25679442
2,1,1,0.87551117
2,1,1,0.7581775
2,1,1,0.65881485
2,0,1,0.50596094
2,0,1,0.5458325
2,0,0,0.20861328
2,0,0,0.08573117
2,1,1,0.94032526
2,1,1,0.88756055
2,0,1,0.6076734
2,0,0,0.3956731
2,1,0,0.42903802
2,0,1,0.59173656
2,0,0,0.32000777
2,0,0,0.16306777
2,0,1,0.6691562
2,1,1,0.8056913
2,1,1,0.66320235
2,0,1,0.9268413
2,0,1,0.5207332
2,0,1,0.67671996
2,0,1,0.61086214
2,1,0,0.26898423
2,1,0,0.3022071
2,1,0,0.48170885
2,1,1,0.73281556
2,1,1,0.87438554
2,1,1,0.7385752
2,1,0,0.16110098
2,1,1,0.8088105
2,1,0,0.11128246
2,1,0,0.20617306
2,1,0,0.050550777
2,0,0,0.16295724
2,1,1,0.87874895
2,0,1,0.73105097
2,0,1,0.67671996
2,0,0,0.26898423
2,0,0,0.3022071
2,0,1,0.77316
2,0,1,0.8181543
2,0,0,0.18019724
2,0,0,0.37493277
2,0,0,0.30650592
2,0,0,0.35967943
2,0,1,0.8805362
2,1,0,0.34918517
2,1,1,0.785872
2,1,1,0.59106034
2,0,1,0.8015356
2,0,0,0.4224546
2,0,0,0.1958095
2,0,1,0.59740484
2,1,1,0.713744
2,1,1,0.7939312
2,1,1,0.81304073
2,1,1,0.88922375
2,1,1,0.6553642
2,1,1,0.81741285
2,0,1,0.6628687
2,1,1,0.81015724
2,0,0,0.10623765
2,0,1,0.53968513
2,1,1,0.8088105
2,0,0,0.11128246
2,0,0,0.20617306
2,0,0,0.050550777
2,0,0,0.16295724
2,1,1,0.87874895
2,1,1,0.8623152
2,1,1,0.859545
2,0,1,0.7393531
2,0,0,0.11803664
2,0,1,0.6366235
2,0,0,0.49791375
2,1,1,0.90465236
2,0,0,0.31696743
2,0,1,0.5031988
2,0,1,0.5609162
2,0,1,0.8390055
2,0,1,0.78794646
2,0,1,0.66215086
2,0,0,0.13403703
2,0,0,0.14267702
2,1,0,0.48158488
2,0,0,0.05984342
2,1,1,0.59941673
2,0,1,0.57314867
2,0,0,0.17191269
2,1,0,0.3621353
2,0,0,0.18372181
2,0,0,0.39856872
2,0,0,0.11253834
2,0,0,0.2373565
2,0,0,0.035995767
2,0,0,0.30092552
2,1,0,0.31170675
2,0,0,0.062106412
2,0,0,0.37805766
2,1,1,0.58066005
2,0,1,0.52251756
2,0,1,0.56582516
2,0,0,0.18694104
2,0,0,0.25493926
2,0,1,0.62030065
2,1,0,0.2207862
2,0,0,0.04358573
2,0,0,0.30861008
2,1,0,0.14762273
2,1,1,0.5024809
2,1,1,0.5059281
2,0,0,0.0710584
2,0,0,0.24847086
2,1,1,0.74159527
2,0,0,0.32854384
2,1,1,0.74512
2,1,0,0.21359007
2,0,0,0.057498377
2,1,1,0.51988906
2,1,1,0.80379987
2,1,1,0.6741611
2,1,1,0.68185216
2,0,0,0.23528285
2,1,0,0.48512578
2,0,0,0.09623374
2,1,1,0.63636005
2,0,1,0.85434324
2,1,0,0.32331073
2,1,0,0.058889568
2,0,0,0.30027533
2,0,1,0.6992685
2,0,0,0.2571664
2,0,0,0.13513602
2,0,0,0.44845343
2,0,0,0.47891262
2,0,1,0.5602607
2,0,0,0.3251785
2,0,0,0.15430792
2,0,0,0.04484644
2,0,1,0.5723892
2,0,0,0.2761509
2,1,0,0.1708406
2,1,1,0.7751614
2,0,0,0.24450007
2,1,0,0.3807239
2,0,0,0.25626373
2,0,0,0.32399982
2,0,0,0.21148726
2,1,0,0.4273562
2,0,0,0.42146623
2,1,1,0.5362707
2,0,0,0.12970586
2,0,0,0.34933588
2,0,0,0.07777328
2,1,1,0.595694
2,0,0,0.26522398
2,0,0,0.25825772
2,0,0,0.07785912
2,0,0,0.34879625
2,1,0,0.43162534
2,0,0,0.056022074
2,1,0,0.14776339
2,0,1,0.59380835
2,0,1,0.5264425
2,0,0,0.4665614
2,0,0,0.21458152
2,0,0,0.0432297
2,0,0,0.10840515
2,0,0,0.0657459
2,1,0,0.3270162
2,1,1,0.55751115
2,0,0,0.088542946
2,1,1,0.58150095
2,1,1,0.7675911
2,1,0,0.28144574
2,0,0,0.12544152
2,1,0,0.4641882
2,0,1,0.6940962
2,0,0,0.07142717
2,1,0,0.3114655
2,0,0,0.05854332
2,1,1,0.62412095
2,0,0,0.31435323
2,0,0,0.1395222
2,0,0,0.043431804
2,0,0,0.1460962
2,0,0,0.36847365
2,0,0,0.021493902
2,0,0,0.055346914
2,1,1,0.6333201
2,1,0,0.26368153
2,0,0,0.4115965
2,0,0,0.029179506
2,1,1,0.6712461
2,0,0,0.4108884
2,1,1,0.7540975
2,1,0,0.38741016
2,1,1,0.6095349
2,0,1,0.50719076
2,1,1,0.63019425
2,0,0,0.04308427
2,1,0,0.37165847
2,1,0,0.46987522
2,1,1,0.5540008
2,1,1,0.7618813
2,0,0,0.050980367
2,1,0,0.3203324
2,0,1,0.55046535
2,0,0,0.36140046
2,0,0,0.3650532
2,1,0,0.29454938
2,1,0,0.47528052
2,0,0,0.073463194
2,0,0,0.08364549
2,0,0,0.044068802
2,0,0,0.2241653
2,1,1,0.66585875
2,0,1,0.57184356
2,1,0,0.37993464
2,0,0,0.442511
2,0,1,0.7470407
2,0,0,0.07103645
2,0,0,0.24969696
2,0,0,0.4801207
2,1,1,0.73301774
2,1,0,0.25665057
2,1,1,0.5749773
2,1,1,0.52013993
2,0,0,0.12119229
2,0,0,0.13349205
2,1,1,0.537645
2,0,0,0.08315433
2,0,0,0.09663222
2,1,1,0.50148314
2,0,0,0.21322118
2,0,0,0.2420637
2,0,0,0.03595912
2,0,0,0.04047065
2,0,0,0.4909718
2,1,0,0.32835597
2,1,1,0.50431
2,1,1,0.70184773
2,1,0,0.48158488
2,0,0,0.069457926
2,0,0,0.0690711
2,0,0,0.19388807
2,1,1,0.73964953
2,0,0,0.07347034
2,1,0,0.1260502
2,0,1,0.66808903
2,0,0,0.117731355
2,0,0,0.12639043
2,1,0,0.2211034
2,1,0,0.46526596
2,0,0,0.3621602
2,0,0,0.49363044
2,1,0,0.30432898
2,1,1,0.630189
2,0,1,0.63639927
2,0,1,0.77418935
2,0,0,0.13883889
2,0,0,0.079102784
2,0,0,0.11765596
2,1,1,0.58082587
2,0,0,0.051768743
2,1,0,0.17403069
2,0,0,0.2178748
2,0,0,0.08900895
2,1,0,0.12036805
2,0,0,0.4253809
2,0,0,0.27760544
2,0,0,0.08619806
2,0,0,0.29909378
2,0,0,0.18471353
2,0,0,0.1413538
2,1,1,0.5412884
2,0,1,0.51496685
2,0,0,0.20964524
2,1,1,0.72188765
2,1,1,0.6261803
2,0,0,0.17342542
2,1,1,0.83579946
2,0,0,0.10463786
2,0,0,0.31385598
2,0,0,0.13408004
2,0,0,0.07841192
2,1,1,0.5663883
2,0,0,0.12910242
2,1,1,0.88563734
2,0,0,0.22422233
2,1,1,0.8771104
2,0,0,0.084243596
2,0,0,0.37222883
2,0,0,0.09773326
2,1,1,0.56948
2,1,1,0.75480855
2,0,0,0.43023294
2,0,1,0.57645035
2,0,1,0.50229317
2,0,1,0.7465131
2,1,1,0.61829895
2,1,0,0.33965993
2,0,0,0.14642553
2,0,0,0.15048978
2,1,0,0.15128613
2,1,1,0.912432
2,1,0,0.29367694
2,1,0,0.18458013
2,1,1,0.7770552
2,1,1,0.7552858
2,1,1,0.5771981
2,0,0,0.08946898
2,1,0,0.41902465
2,1,0,0.17247409
2,1,1,0.8925724
2,0,0,0.07272211
2,0,0,0.49785483
2,0,0,0.13394237
2,1,0,0.22047852
2,0,0,0.37110946
2,1,1,0.64999753
2,0,0,0.46483928
2,0,0,0.25252223
2,0,1,0.8394075
2,0,1,0.64883035
2,0,1,0.9239123
2,0,0,0.26594347
2,1,0,0.30015934
2,0,0,0.41258463
2,1,1,0.7025908
2,1,1,0.9082165
2,0,1,0.5163514
2,0,0,0.09987291
2,0,0,0.16492853
2,1,1,0.77101004
2,0,1,0.79774684
2,1,1,0.8090512
2,0,0,0.40447456
2,0,0,0.370592
2,1,0,0.31594086
2,0,0,0.32539013
2,0,0,0.41748306
2,0,0,0.36612716
2,1,1,0.75636524
2,1,1,0.6093644
2,0,0,0.22688662
2,1,0,0.24713512
2,0,0,0.22589087
2,0,1,0.63862866
2,0,0,0.08759523
2,0,0,0.080495
2,0,0,0.25143397
2,1,0,0.19732088
2,0,1,0.8887372
2,1,1,0.595721
2,0,1,0.8492681
2,1,1,0.87652236
2,1,1,0.7430489
2,0,0,0.09267719
2,0,0,0.15903774
2,0,0,0.092112385
2,0,0,0.13897
2,0,0,0.0356421
2,0,0,0.07072048
2,0,1,0.6409805
2,0,0,0.17990795
2,0,1,0.7745327
2,0,1,0.5500926
2,1,0,0.32430163
2,1,0,0.37185055
2,0,1,0.6564845
2,0,0,0.042059034
2,1,1,0.7668709
2,1,0,0.26599538
2,0,0,0.1077267
2,0,0,0.13744946
2,1,1,0.6135129
2,0,0,0.3239727
2,1,1,0.5575808
2,1,0,0.406288
2,0,0,0.07027717
2,1,0,0.30393052
2,1,1,0.84826356
2,1,1,0.6487577
2,1,1,0.74384314
2,0,1,0.5539049
2,1,1,0.8406163
2,1,1,0.5368563
2,1,1,0.66409916
2,1,0,0.4595392
2,1,0,0.4074129
2,0,0,0.23195975
2,0,1,0.75813156
2,1,1,0.8748545
2,0,0,0.09480129
2,1,1,0.70716596
2,0,0,0.35777536
2,0,0,0.15447955
2,1,0,0.49972403
2,1,0,0.49149376
2,1,0,0.14487062
2,0,0,0.44235396
2,1,1,0.79379094
2,0,0,0.20103191
2,1,1,0.71165466
2,0,0,0.2853138
2,0,0,0.42393073
2,1,1,0.6956637
2,1,1,0.62513876
2,1,0,0.2385598
2,0,0,0.15079282
2,0,1,0.6249755
2,0,0,0.4112017
2,1,1,0.9026937
2,0,1,0.6054124
2,0,0,0.46248114
2,0,0,0.23397762
2,0,0,0.050799653
2,1,1,0.6063667
2,0,0,0.06584693
2,1,0,0.28861713
2,0,0,0.42842346
2,0,1,0.784991
2,1,1,0.7909829
2,1,1,0.737676
2,0,0,0.09525363
2,1,1,0.50353426
2,0,0,0.3747095
2,0,0,0.405387
2,0,0,0.061797116
2,1,1,0.64105415
2,1,0,0.25584328
2,0,0,0.046856813
2,0,0,0.14755388
2,1,0,0.23130414
2,0,0,0.34552494
2,1,1,0.8818588
2,0,0,0.16487037
2,1,1,0.810296
2,0,0,0.458007
2,1,0,0.20466597
2,0,0,0.04143357
2,0,0,0.070716836
2,0,0,0.30897358
2,1,0,0.3254253
2,1,1,0.94182336
2,1,1,0.566937
2,0,0,0.07418875
2,0,0,0.47933593
2,1,1,0.7553976
2,0,0,0.05584838
2,0,1,0.75230336
2,1,1,0.69841725
2,0,0,0.24785532
2,1,1,0.9380989
2,0,1,0.59825355
2,0,1,0.7643288
2,1,0,0.37683582
2,0,1,0.83803356
2,0,1,0.74084324
2,0,0,0.33913776
2,1,1,0.878181
2,1,1,0.76480687
2,0,1,0.6461845
2,0,1,0.66467303
2,1,1,0.9232879
2,1,1,0.7910651
2,1,1,0.89437884
2,1,1,0.85447764
2,1,1,0.6121596
2,1,1,0.8951581
2,0,1,0.62068504
2,1,1,0.6923004
2,1,1,0.97037065
2,1,1,0.83351773
2,0,1,0.7674131
2,0,1,0.7628224
2,0,0,0.41642532
2,0,0,0.4063617
2,0,1,0.65295994
2,1,1,0.7346174
2,0,0,0.37603268
2,0,1,0.5696718
2,0,1,0.5834953
2,1,1,0.75933325
2,1,1,0.7200343
2,0,0,0.49357918
2,0,1,0.5838936
2,0,1,0.9365348
2,1,1,0.6916655
2,0,1,0.669818
2,1,1,0.79230094
2,0,1,0.60215974
2,1,1,0.87160164
2,1,1,0.80306274
2,0,0,0.18046324
2,1,1,0.7484412
2,0,0,0.16359076
2,0,0,0.06729888
2,0,1,0.8553846
2,1,1,0.689547
2,0,1,0.8068051
2,1,1,0.8363647
2,0,0,0.42559382
2,1,1,0.67565596
2,1,0,0.3617923
2,1,0,0.20423791
2,0,0,0.16122688
2,0,0,0.17926465
2,0,0,0.24971746
2,0,0,0.17854036
2,0,0,0.48607066
2,1,0,0.34144187
2,1,0,0.41200277
2,1,0,0.43293312
2,0,1,0.6667234
2,0,0,0.4891614
2,1,1,0.8147453
2,1,1,0.6342297
2,1,0,0.42417303
2,0,0,0.28940222
2,0,0,0.31916678
2,1,1,0.70624995
2,1,1,0.7125644
2,1,1,0.50051385
2,1,1,0.61825335
2,0,1,0.6526222
2,0,1,0.66107553
2,0,0,0.48364887
2,0,1,0.5769521
2,0,1,0.55863154
2,1,1,0.6608931
2,0,0,0.2837012
2,0,1,0.6519866
2,0,0,0.08027411
2,1,1,0.8458285
2,0,0,0.49202958
2,0,1,0.5162837
2,0,0,0.31624356
2,0,0,0.08713335
2,0,0,0.39202836
2,1,0,0.47461993
2,0,0,0.427411
2,1,0,0.35585195
2,1,1,0.58734643
2,0,0,0.12131315
2,1,0,0.08599182
2,1,1,0.6891697
2,1,0,0.4018956
2,1,1,0.5392428
2,0,0,0.11144271
2,1,0,0.4426646
2,1,1,0.66978776
2,1,0,0.22551118
2,0,0,0.20423532
2,0,0,0.21505754
2,1,1,0.7991192
2,0,1,0.6763885
2,0,0,0.33921853
2,1,0,0.40349746
2,0,0,0.31258258
2,1,0,0.09037832
2,0,1,0.541933
2,0,0,0.15445405
2,0,0,0.26471713
2,0,0,0.2530556
2,1,0,0.1083441
2,0,0,0.34676948
2,0,0,0.38678685
2,1,1,0.5673381
2,1,1,0.5404815
2,0,0,0.29021406
2,0,0,0.29892936
2,0,0,0.16588974
2,1,1,0.589613
2,1,0,0.44251803
2,1,1,0.6363794
2,0,0,0.049505174
2,0,0,0.17749855
2,0,0,0.12162926
2,0,1,0.97835106
2,0,1,0.81023806
2,1,1,0.63594353
2,1,0,0.40514842
2,1,1,0.9639996
2,0,0,0.4988447
2,1,1,0.7383744
2,0,0,0.09192894
2,1,0,0.45895115
2,0,1,0.6811289
2,0,1,0.7879299
2,0,0,0.47237387
2,1,1,0.96631217
2,0,1,0.50256824
2,1,1,0.84003484
2,1,1,0.6375662
2,1,1,0.7159481
2,0,0,0.24414074
2,0,1,0.669293
2,1,1,0.9072508
2,1,1,0.89202815
2,0,1,0.5991756
2,1,1,0.945053
2,0,0,0.4234547
2,0,1,0.536649
2,1,0,0.46271685
2,1,1,0.625587
2,1,1,0.7842791
2,1,1,0.7779455
2,0,1,0.6666494
2,0,0,0.4691129
2,0,1,0.8106769
2,1,1,0.82727325
2,0,0,0.4693445
2,0,0,0.3989428
2,0,0,0.31499997
2,1,1,0.9629099
2,1,1,0.5951348
2,1,1,0.8784821
2,0,0,0.29464078
2,0,1,0.7243552
2,0,0,0.11140061
2,1,1,0.7822948
2,1,1,0.52802795
2,0,0,0.08970493
2,1,1,0.7505386
2,0,1,0.612667
2,1,1,0.82103854
2,0,0,0.21542418
2,0,0,0.25362828
2,1,1,0.5645308
2,0,1,0.7669729
2,0,1,0.52477735
2,1,1,0.8634093
2,1,1,0.7429226
2,1,1,0.68479985
2,0,1,0.5847416
2,0,1,0.6222006
2,1,1,0.53381956
2,0,0,0.446536
2,0,1,0.80782527
2,1,1,0.9554515
2,0,1,0.6826087
2,1,1,0.74818134
2,1,1,0.54093164
2,0,1,0.8469967
2,0,0,0.019870268
2,0,1,0.68588644
2,1,0,0.4279383
2,0,1,0.6800685
2,0,1,0.84611785
2,1,1,0.74778926
2,0,1,0.6804096
2,0,0,0.26287696
2,1,0,0.3701555
2,1,1,0.5485744
2,0,0,0.3169597
2,1,1,0.5733668
2,1,0,0.49568546
2,0,0,0.36792153
2,1,1,0.5520109
2,1,1,0.6301921
2,1,0,0.3661672
2,1,1,0.88796735
2,1,0,0.47427833
2,0,0,0.3971511
2,1,0,0.2533773
2,0,0,0.10306044
2,0,0,0.09485502
2,0,0,0.12145297
2,1,0,0.4668939
2,1,0,0.25546923
2,1,1,0.6576601
2,0,0,0.29621124
2,0,1,0.82675123
2,1,1,0.87047327
2,0,0,0.4488271
2,1,0,0.45464414
2,0,0,0.036369964
2,0,0,0.07619198
2,1,0,0.45206466
2,0,1,0.68001735
2,0,1,0.69441086
2,1,1,0.809037
2,0,0,0.09606901
2,0,0,0.42030588
2,1,0,0.21743932
2,1,0,0.21565427
2,1,1,0.63565093
2,0,0,0.28081894
2,1,1,0.5322506
2,0,0,0.26097307
2,0,0,0.26675707
2,1,1,0.70787334
2,0,0,0.17227946
2,0,0,0.4005253
2,1,1,0.62668645
2,1,1,0.6341829
2,0,0,0.4266623
2,0,0,0.35157353
2,0,0,0.29666728
2,0,0,0.20827338
2,0,1,0.5114854
2,0,1,0.5809446
2,0,1,0.7937753
2,1,0,0.44164255
2,1,1,0.80149126
2,1,0,0.48647422
2,0,0,0.15603748
2,1,1,0.9059759
2,1,0,0.36849657
2,0,0,0.28491253
2,1,0,0.40115556
2,1,0,0.44826463
2,1,0,0.11208906
2,0,0,0.4741406
2,1,1,0.7735219
2,0,1,0.6354835
2,1,1,0.55574816
2,0,0,0.26543075
2,0,0,0.4177028
2,0,0,0.2669946
2,0,0,0.09903735
2,1,1,0.95941013
2,1,0,0.45606565
2,0,1,0.533316
2,0,0,0.22940984
2,1,1,0.57153374
2,1,0,0.17625508
2,1,1,0.59520495
2,0,0,0.3065683
2,0,0,0.4067244
2,0,1,0.53887546
2,0,0,0.44934127
2,1,1,0.81097525
2,1,1,0.72299594
2,0,0,0.12949103
2,1,1,0.8282936
2,0,0,0.07104972
2,1,0,0.49069166
2,1,1,0.6642468
2,0,1,0.6073997
2,0,0,0.34917948
2,1,1,0.5019195
2,1,0,0.25451925
2,0,0,0.095258854
2,1,1,0.9120451
2,1,0,0.23931159
2,0,0,0.21214883
2,0,0,0.22538877
2,0,0,0.16672736
2,1,0,0.4661345
2,0,0,0.3173515
2,1,0,0.35037237
2,0,1,0.5348562
2,0,0,0.19386247
2,0,0,0.26112023
2,0,0,0.05188316
2,1,1,0.8749542
2,0,0,0.35014912
2,1,1,0.5259558
2,0,0,0.2709643
2,1,1,0.71182346
2,0,0,0.28782812
2,0,1,0.6507438
2,1,1,0.7825816
2,1,1,0.9818143
2,1,1,0.9250383
2,0,0,0.30425563
2,1,1,0.70955974
2,1,0,0.4560482
2,0,0,0.115727246
2,0,1,0.72065604
2,0,1,0.7396606
2,0,0,0.18790774
2,0,0,0.17364873
2,1,1,0.9108584
2,0,0,0.26389018
2,0,0,0.16731666
2,1,1,0.6308357
2,0,0,0.23740564
2,0,0,0.48954326
2,0,0,0.30901432
2,0,0,0.4175483
2,0,1,0.7379533
2,0,0,0.36335832
2,1,0,0.41015726
2,1,1,0.74920523
2,1,1,0.8084314
2,0,0,0.14288974
2,0,0,0.21442147
2,0,0,0.39953876
2,1,1,0.7636982
2,1,1,0.6304489
2,1,0,0.48745778
2,1,1,0.86283094
2,1,1,0.5989147
2,0,1,0.52083814
2,0,1,0.57784
2,0,1,0.61455363
2,1,1,0.7254578
2,0,1,0.67824996
2,0,0,0.4844323
2,0,0,0.48648858
2,1,0,0.43656325
2,1,1,0.88998085
2,0,0,0.25430888
2,1,1,0.7223139
2,1,1,0.563353
2,0,0,0.44926915
2,1,1,0.51472133
2,0,0,0.3267696
2,1,1,0.78846717
2,1,0,0.41992494
2,1,1,0.84728533
2,0,1,0.6506105
2,1,0,0.23538923
2,1,1,0.67111665
2,0,0,0.47177434
2,0,0,0.46519467
2,0,1,0.6565958
2,0,1,0.5536092
2,0,1,0.7904621
2,0,0,0.34385762
2,1,1,0.8924952
2,0,0,0.4307186
2,1,1,0.6367016
2,0,0,0.45963672
2,1,1,0.6769128
2,1,0,0.30710128
2,1,1,0.788079
2,0,1,0.5763392
2,0,1,0.7179345
2,0,0,0.13690491
2,1,1,0.7201087
2,0,1,0.64330494
2,0,0,0.20435683
2,1,1,0.9196347
2,1,1,0.6665363
2,1,1,0.60687727
2,1,1,0.67112625
2,0,1,0.7008334
2,1,0,0.44914007
2,1,1,0.61792105
2,0,0,0.324376
2,1,1,0.769761
2,0,1,0.8651974
2,0,0,0.4991043
2,0,1,0.5021361
2,1,1,0.55248076
2,0,0,0.4114255
2,1,1,0.80333906
2,1,1,0.9633461
2,0,0,0.14138086
2,1,0,0.49358088
2,0,0,0.42916772
2,1,1,0.5269096
2,1,0,0.40623593
2,0,0,0.38949186
2,0,0,0.37900025
2,0,1,0.5123644
2,0,0,0.14916822
2,1,1,0.8098378
2,1,1,0.91801417
2,1,1,0.51960504
2,1,1,0.64836663
2,1,1,0.5531895
2,0,1,0.5462404
2,0,0,0.4238145
2,0,1,0.64258456
2,1,1,0.62839866
2,1,1,0.77482593
2,1,1,0.72969353
2,0,0,0.29777756
2,1,1,0.6562268
2,0,0,0.38722807
2,1,1,0.92358136
2,1,0,0.47468632
2,0,0,0.25716302
2,1,0,0.31250376
2,1,0,0.32797962
2,0,0,0.3627088
2,0,0,0.25010622
2,1,1,0.7939813
2,1,1,0.80788714
2,0,1,0.6703283
2,0,0,0.33142653
2,1,1,0.9238124
2,0,0,0.48325863
2,0,1,0.57010067
2,1,1,0.7557774
2,0,0,0.2780227
2,0,0,0.23214868
2,1,0,0.26083058
2,0,1,0.5041213
2,1,0,0.47477528
2,1,1,0.8640744
2,1,0,0.42007002
2,1,1,0.6992827
2,0,1,0.74618995
2,1,1,0.8329531
2,0,1,0.5280672
2,1,0,0.38477585
2,1,0,0.38490576
2,0,1,0.8455226
2,0,0,0.23207796
2,1,1,0.55111086
2,0,1,0.55735403
2,0,0,0.07329725
2,1,1,0.64111793
2,1,1,0.81032753
2,0,0,0.4177471
2,0,1,0.5805287
2,0,1,0.64860225
2,1,1,0.96676487
2,0,0,0.4553272
2,1,0,0.43345556
2,1,1,0.6632864
2,0,1,0.5252152
2,0,0,0.10220705
2,0,0,0.14532796
2,0,0,0.116843805
2,0,0,0.21685866
2,0,0,0.16507706
2,0,0,0.17745627
2,1,1,0.89537185
2,1,0,0.33339828
2,1,0,0.28410238
2,0,0,0.4282106
2,1,1,0.55856335
2,1,1,0.95383424
2,1,1,0.87801975
2,1,1,0.7040379
2,0,0,0.4188067
2,1,1,0.8382626
2,0,1,0.82349586
2,1,0,0.15195888
2,0,0,0.42509216
2,1,1,0.7043859
2,1,1,0.52508473
2,1,1,0.82697886
2,1,0,0.3701015
2,1,1,0.63536566
2,0,1,0.7665518
2,1,0,0.45133764
2,1,1,0.56579703
2,0,0,0.19178991
2,0,0,0.37411007
2,0,0,0.33203885
2,1,1,0.6346734
2,0,0,0.14820325
2,1,1,0.76911867
2,0,1,0.51808125
2,0,0,0.14081979
2,0,0,0.035844028
2,0,0,0.2675109
2,0,1,0.7172624
2,1,1,0.8623723
2,0,0,0.4309034
2,1,1,0.6196791
2,0,0,0.21425176
2,0,1,0.72317916
2,0,0,0.22215311
2,0,0,0.3923844
2,1,1,0.78765327
2,1,1,0.858848
2,0,1,0.9402964
2,1,1,0.61817324
2,1,0,0.46749562
2,1,1,0.58997494
2,0,0,0.32312927
2,0,0,0.38355967
2,1,1,0.6943226
2,0,0,0.15122056
2,1,1,0.8501692
2,1,1,0.63521844
2,0,1,0.66024166
2,1,1,0.6951191
2,0,0,0.14585334
2,1,1,0.6581648
2,0,1,0.8489916
2,1,1,0.695857
2,0,0,0.3749959
2,0,1,0.67738545
2,0,1,0.5689326
2,1,1,0.5991017
2,1,1,0.5550047
2,1,1,0.764937
2,1,1,0.83402556
2,1,1,0.86578393
2,0,1,0.6604557
2,0,1,0.60239285
2,1,1,0.59963393
2,1,1,0.6922058
2,1,1,0.86786
2,1,1,0.78783613
2,0,0,0.3231992
2,1,1,0.64727634
2,0,0,0.21585557
2,1,1,0.62360966
2,0,1,0.5703604
2,0,0,0.46711302
2,0,0,0.17026089
2,0,1,0.6869099
2,1,1,0.92479914
2,0,1,0.5211941
2,1,1,0.53546757
2,1,0,0.47986114
2,0,0,0.25716928
2,0,1,0.6887927
2,0,0,0.11513191
2,0,0,0.49030483
2,0,1,0.7672126
2,1,1,0.7754657
2,1,1,0.64765716
2,0,1,0.68964475
2,1,1,0.9361172
2,0,1,0.63924724
2,0,1,0.58942664
2,1,1,0.7715531
2,0,0,0.07301376
2,1,1,0.9437892
2,1,1,0.7622114
2,1,1,0.9425994
2,1,1,0.9373093
2,1,1,0.8969517
2,0,1,0.5080379
2,1,1,0.83951974
2,1,1,0.527822
2,0,1,0.86338544
2,1,1,0.8071413
2,1,1,0.97354907
2,1,1,0.93523186
2,0,0,0.44029215
2,0,1,0.52256167
2,0,1,0.89943194
2,1,1,0.91229427
2,0,1,0.81146455
2,1,1,0.9392833
2,0,1,0.85996276
2,1,0,0.22677958
2,1,0,0.42397094
2,1,1,0.65294087
2,1,0,0.20753649
2,1,1,0.696146
2,0,0,0.045748953
2,1,1,0.5265278
2,1,1,0.5406267
2,0,1,0.5786561
2,0,0,0.4495742
2,1,1,0.80469084
2,1,1,0.52165836
2,0,1,0.646099
2,0,0,0.42930925
2,0,0,0.3662724
2,0,0,0.1615335
2,0,1,0.6055709
2,1,1,0.9408798
2,0,0,0.42309296
2,1,0,0.44985974
2,1,1,0.6488012
2,1,0,0.36722872
2,1,1,0.71443397
2,1,1,0.6090323
2,1,1,0.6025959
2,1,1,0.7616897
2,0,0,0.036171276
2,0,0,0.26826063
2,1,0,0.33583593
2,0,1,0.78291434
2,0,1,0.798356
2,1,0,0.46695545
2,1,1,0.8758638
2,1,1,0.8455061
2,1,1,0.9307648
2,0,0,0.32653323
2,1,0,0.45903566
2,0,0,0.45226908
2,0,0,0.40264866
2,1,1,0.7781389
2,0,0,0.10437967
2,1,1,0.9037773
2,1,0,0.4946753
2,1,1,0.7038928
2,0,0,0.2659559
2,0,1,0.54505473
2,0,0,0.3241125
2,0,1,0.6355242
2,1,0,0.22724861
2,0,0,0.41458663
2,0,0,0.07160509
2,1,1,0.9581757
2,1,1,0.9392156
2,0,0,0.36626795
2,1,1,0.93080664
2,1,1,0.8743749
2,0,1,0.6890762
2,1,1,0.6376121
2,1,0,0.31856444
2,0,0,0.12836432
2,1,1,0.9043317
2,0,0,0.03589259
2,0,0,0.21967995
2,1,1,0.91368335
2,1,1,0.9274504
2,0,1,0.54246724
2,1,1,0.8413257
2,1,1,0.9232232
2,0,1,0.7222639
2,1,0,0.405233
2,0,1,0.7566417
2,1,0,0.27408466
2,0,0,0.2541369
2,0,0,0.23764527
2,1,1,0.654724
2,1,1,0.7941831
2,1,0,0.37326065
2,1,1,0.8551124
2,0,0,0.36391225
2,1,1,0.5394888
2,0,0,0.14131339
2,1,1,0.85692626
2,0,1,0.5813125
2,1,0,0.36301294
2,0,0,0.47280362
2,0,1,0.53553635
2,0,1,0.50036
2,1,0,0.19175348
2,0,1,0.6732228
2,0,0,0.19003703
2,1,1,0.6331699
2,0,0,0.058669414
2,0,0,0.21753106
2,1,1,0.552224
2,1,1,0.8237868
2,1,1,0.53049564
2,0,0,0.24326634
2,0,0,0.18707453
2,1,1,0.8182424
2,1,1,0.71789175
2,1,1,0.5664595
2,1,1,0.92179155
2,1,1,0.79489386
2,1,1,0.7601015
2,0,0,0.2490818
2,1,1,0.77272207
2,0,0,0.3810833
2,0,1,0.8866587
2,1,0,0.47818586
2,0,0,0.06939193
2,1,0,0.43561468
2,1,1,0.7725361
2,1,0,0.30344304
2,0,1,0.6581582
2,0,0,0.41818365
2,0,0,0.27594778
2,0,0,0.15529649
2,0,0,0.22196189
2,0,0,0.3044021
2,0,0,0.09386849
2,0,0,0.19017261
2,0,0,0.45226887
2,0,0,0.04011713
2,1,1,0.87985003
2,0,0,0.4715328
2,1,1,0.9356584
2,0,1,0.9185628
2,0,0,0.09013154
2,1,1,0.85774314
2,1,1,0.870239
2,0,1,0.7016896
2,1,1,0.88672274
2,0,0,0.2444703
2,0,0,0.24506706
2,1,1,0.8333855
2,0,1,0.6955133
2,1,1,0.5482277
2,0,1,0.78624135
2,1,1,0.8818298
2,1,1,0.767898
2,1,1,0.903211
2,0,0,0.20116778
2,0,1,0.773716
2,1,1,0.9558333
2,0,0,0.42563048
2,1,1,0.69183654
2,1,0,0.3831099
2,0,0,0.11704358
2,0,0,0.36988285
2,0,0,0.08220662
2,0,0,0.25424913
2,0,1,0.86696506
2,0,0,0.36215925
2,0,0,0.1946017
2,1,1,0.87460524
2,0,0,0.33588302
2,0,0,0.49918783
2,0,1,0.94825166
2,1,1,0.91618556
2,1,1,0.79906297
2,1,1,0.944307
2,0,1,0.9630965
2,0,0,0.1521591
2,1,1,0.8401803
2,0,0,0.43154484
2,1,0,0.45854402
2,1,1,0.83475226
2,1,1,0.7586064
2,0,1,0.5216384
2,0,0,0.35859022
2,0,0,0.29721373
2,1,1,0.69013405
2,1,1,0.9129573
2,1,1,0.51095796
2,0,1,0.68046856
2,1,0,0.39129913
2,1,0,0.38658887
2,1,0,0.10559184
2,1,0,0.34739196
2,0,1,0.52319026
2,1,0,0.25243998
2,1,0,0.22466776
2,1,0,0.35799807
2,1,1,0.9256397
2,0,1,0.6119731
2,1,0,0.3302387
2,0,1,0.684865
2,1,1,0.7298362
2,0,0,0.12381507
2,0,0,0.31274065
2,0,0,0.41749644
2,1,0,0.20549265
2,0,0,0.28220686
2,1,0,0.34771207
2,0,1,0.6535395
2,1,1,0.9693904
2,1,1,0.7207098
2,0,0,0.36866176
2,1,1,0.91926044
2,0,0,0.30682942
2,1,1,0.65827966
2,0,1,0.7300337
2,0,0,0.38536286
2,0,1,0.55829906
2,0,1,0.58815867
2,0,0,0.35755515
2,1,1,0.88206536
2,1,1,0.710712
2,0,0,0.19244526
2,1,1,0.69328123
2,1,1,0.94539213
2,0,0,0.1514931
2,1,1,0.79907244
2,1,1,0.93163484
2,1,1,0.965985
2,0,1,0.55486387
2,0,0,0.3505343
2,0,0,0.054678567
2,1,1,0.84642136
2,0,0,0.4817468
2,1,1,0.8670158
2,1,0,0.3702481
2,0,0,0.08180046
2,1,1,0.9662841
2,1,1,0.720444
2,0,1,0.6095944
2,0,0,0.10754414
2,1,1,0.80504537
2,1,0,0.46055117
2,0,0,0.34593153
2,0,0,0.2891393
2,0,0,0.11438992
2,0,1,0.54750174
2,0,0,0.08488193
2,1,1,0.7193683
2,0,1,0.83618003
2,1,1,0.95524454
2,1,1,0.6949465
2,0,1,0.8238636
2,0,1,0.9094175
2,0,0,0.23901553
2,1,0,0.32649228
2,0,0,0.2364947
2,0,0,0.27208716
2,1,1,0.65688545
2,0,0,0.059231438
2,0,0,0.32839146
2,0,0,0.20049311
2,0,0,0.37363788
2,1,1,0.862336
2,0,0,0.14620909
2,1,1,0.6977582
2,0,0,0.39414272
2,0,0,0.38195637
2,1,0,0.2553632
2,1,0,0.13870208
2,0,0,0.11519376
2,1,1,0.6323143
2,1,0,0.41702464
2,1,1,0.92800164
2,1,1,0.7401509
2,0,0,0.48898855
2,1,0,0.4805929
2,0,0,0.2409664
2,1,0,0.4414232
2,1,1,0.5982167
2,0,0,0.45045486
2,1,1,0.9869507
2,0,0,0.46891272
2,0,1,0.91482204
2,0,1,0.67089015
2,0,0,0.46258962
2,0,1,0.6510669
2,1,1,0.827066
2,1,1,0.61244196
2,0,1,0.52634215
2,1,0,0.40651634
2,1,1,0.70620424
2,0,0,0.43471393
2,1,1,0.9021766
2,0,0,0.110225484
2,0,0,0.28494185
2,1,0,0.39156595
2,0,1,0.5997767
2,1,0,0.40156662
2,0,1,0.7321673
2,0,1,0.751006
2,1,0,0.15628797
2,1,1,0.8856581
2,1,1,0.76474077
2,0,1,0.58594185
2,0,1,0.79129726
2,1,1,0.7961477
2,1,1,0.6929178
2,1,1,0.7688134
2,1,1,0.8550969
2,0,1,0.88892645
2,0,0,0.25696725
2,0,0,0.15188548
2,1,0,0.3981062
2,1,1,0.60559785
2,0,0,0.12068877
2,0,0,0.45773265
2,0,0,0.32421902
2,1,1,0.76128525
2,0,0,0.2741576
2,1,1,0.51403743
2,0,0,0.28258967
2,1,0,0.25255206
2,0,0,0.0443227
2,0,0,0.18317929
2,0,1,0.8369154
2,1,0,0.25132364
2,0,1,0.5542679
2,0,0,0.23367573
2,0,0,0.47996512
2,1,1,0.94266075
2,1,1,0.86193734
2,1,1,0.5693365
2,0,0,0.43159294
2,0,1,0.7896833
2,0,0,0.06740946
2,1,1,0.82161736
2,1,0,0.21698801
2,1,1,0.647778
2,1,1,0.5535791
2,0,1,0.7338141
2,0,0,0.39660525
2,1,1,0.9593782
2,0,1,0.70902145
2,0,1,0.69088703
2,0,1,0.56059915
2,1,1,0.72750854
2,1,1,0.9179049
2,0,0,0.23153558
2,1,1,0.9744246
2,0,1,0.6552297
2,0,0,0.4263229
2,0,1,0.80763644
2,1,1,0.8576376
2,0,1,0.6413553
2,0,1,0.64793086
2,0,1,0.85299605
2,0,1,0.7876072
2,1,1,0.8503097
2,1,1,0.90085465
2,1,1,0.8826721
2,1,1,0.92530614
2,0,1,0.6860136
2,1,1,0.96411496
2,1,0,0.4400623
2,1,1,0.9286255
2,0,0,0.23251338
2,1,1,0.94649154
2,1,1,0.5785021
2,0,0,0.3883265
2,0,0,0.21994811
2,0,1,0.64421636
2,0,1,0.6581288
2,0,0,0.398955
2,0,1,0.8254414
2,0,0,0.3350084
2,0,0,0.061338753
2,1,0,0.3979185
2,1,1,0.8707904
2,1,1,0.8769484
2,0,1,0.5244
2,0,1,0.57302725
2,0,0,0.21442954
2,1,0,0.48319134
2,1,1,0.84457314
2,1,1,0.5394694
2,0,0,0.26896507
2,0,0,0.118004955
2,1,0,0.40660638
2,1,1,0.66210407
2,1,0,0.49909088
2,1,1,0.55782324
2,1,0,0.22285219
2,0,0,0.18462206
2,0,0,0.49119943
2,0,0,0.19893248
2,0,0,0.055710718
2,0,0,0.171553
2,0,0,0.16702597
2,1,1,0.8810512
2,1,1,0.7679421
2,1,0,0.3310144
2,0,0,0.14481299
2,0,1,0.5486613
2,1,0,0.37648982
2,1,0,0.48782462
2,1,0,0.25672105
2,0,0,0.2959296
2,1,1,0.67210263
2,0,0,0.2857346
2,1,0,0.31687725
2,1,1,0.89915633
2,0,0,0.04338384
2,0,0,0.13580926
2,1,1,0.8131848
2,0,0,0.1023424
2,0,0,0.18221541
2,0,0,0.29329884
2,0,1,0.7909985
2,1,1,0.87741804
2,0,0,0.33131045
2,0,1,0.6344083
2,0,0,0.14799492
2,0,0,0.12815979
2,1,1,0.94446313
2,0,0,0.2678747
2,0,0,0.22747941
2,1,1,0.8950919
2,1,1,0.5919952
2,1,1,0.71359015
2,0,0,0.45169857
2,0,1,0.8781741
2,0,1,0.9114051
2,0,1,0.6470747
2,0,0,0.028824633
2,1,0,0.31347913
2,1,0,0.15979944
2,1,0,0.28236336
2,0,0,0.22421058
2,1,1,0.84630054
2,0,0,0.24683617
2,0,0,0.20592168
2,0,1,0.5128765
2,1,1,0.80470866
2,0,1,0.7136357
2,1,1,0.6436204
2,0,0,0.3467474
2,1,1,0.9024819
2,0,0,0.27979627
2,1,1,0.7415029
2,1,0,0.42491424
2,1,1,0.524322
2,1,1,0.57119447
2,1,1,0.84408927
2,0,1,0.525516
2,1,1,0.6639092
2,1,1,0.7208612
2,0,1,0.53803027
2,0,0,0.36470127
2,0,1,0.7154584
2,0,1,0.5226164
2,0,1,0.6149109
2,1,1,0.527546
2,1,1,0.52893674
2,0,1,0.52856576
2,1,0,0.1564182
2,0,0,0.12101265
2,1,1,0.52068967
2,0,1,0.8995318
2,0,0,0.3203482
2,0,0,0.22536774
2,1,1,0.65416807
2,0,0,0.16373041
2,1,0,0.13683991
2,1,0,0.48416358
2,1,0,0.18419601
2,0,0,0.11137936
2,1,0,0.17245199
2,0,0,0.116351195
2,1,1,0.68489134
2,0,0,0.08057284
2,0,0,0.47751108
2,1,0,0.43637604
2,0,1,0.5034206
2,1,1,0.8530962
2,0,1,0.63616484
2,1,1,0.57924795
2,1,0,0.36322168
2,1,1,0.7433415
2,1,0,0.25740224
2,1,1,0.8889392
2,0,1,0.64742285
2,0,0,0.3712263
2,0,0,0.28846824
2,0,0,0.23524842
2,0,0,0.30500674
2,1,1,0.6753483
2,0,1,0.6356263
2,1,1,0.5163429
2,1,1,0.63370144
2,1,0,0.4134987
2,1,1,0.5509004
2,0,1,0.60661614
2,1,1,0.7621865
2,0,1,0.5431612
2,1,1,0.8078713
2,1,0,0.4656671
2,1,1,0.8447287
2,1,1,0.54125047
2,1,1,0.70738405
2,0,1,0.93005586
2,0,0,0.44014323
2,1,0,0.34589663
2,0,1,0.7473726
2,0,0,0.21723579
2,1,1,0.7287004
2,0,0,0.15987019
2,1,0,0.39187855
2,1,1,0.572885
2,1,1,0.9282329
2,0,1,0.85877985
2,1,1,0.93529767
2,1,1,0.76072574
2,0,1,0.8446397
2,0,0,0.47564372
2,1,1,0.94849515
2,1,0,0.38076285
2,0,0,0.2098803
2,0,1,0.6900743
2,1,1,0.73458797
2,0,0,0.22225541
2,0,1,0.5917384
2,0,0,0.27005675
2,1,1,0.80597705
2,1,1,0.920006
2,0,0,0.27672046
2,0,0,0.18351209
2,1,0,0.3586814
2,1,1,0.68494314
2,0,0,0.27371424
2,1,1,0.59289277
2,1,1,0.94105357
2,0,0,0.23826276
2,0,0,0.15632714
2,0,1,0.69474465
2,0,1,0.5801597
2,0,0,0.17154726
2,1,0,0.4844482
2,0,0,0.14923485
2,1,1,0.5364985
2,1,0,0.37672302
2,0,0,0.034401495
2,0,1,0.95747226
2,0,0,0.46737403
2,1,0,0.43882424
2,1,0,0.23909771
2,0,0,0.2735576
2,0,1,0.5569609
2,0,0,0.3426276
2,1,1,0.6121064
2,1,0,0.4704029
2,1,1,0.6309787
2,0,0,0.31157604
2,1,1,0.67108613
2,1,0,0.45036176
2,1,1,0.55985475
2,0,0,0.025451997
2,1,0,0.48193392
2,0,0,0.20153433
2,0,0,0.40299997
2,0,1,0.5052079
2,1,1,0.914972
2,0,1,0.65698785
2,0,0,0.25756678
2,0,0,0.47396508
2,0,1,0.560556
2,0,1,0.65401405
2,0,1,0.9684077
2,1,1,0.60123
2,0,0,0.13524109
2,0,0,0.123318404
2,0,1,0.78536415
2,1,1,0.76944584
2,1,1,0.6673886
2,0,1,0.6184986
2,0,0,0.26108438
2,1,1,0.81175745
2,0,1,0.5984178
2,0,0,0.3226072
2,0,1,0.5934347
2,1,0,0.3521401
2,1,0,0.37620217
2,0,1,0.67920965
2,1,1,0.8684881
2,0,1,0.8886529
2,1,1,0.9653791
2,1,1,0.74088997
2,0,0,0.36346802
2,1,0,0.39126053
2,0,1,0.6745319
2,0,0,0.14170493
2,0,0,0.43563032
2,0,0,0.25323012
2,1,1,0.7858892
2,1,1,0.75648874
2,1,0,0.3219423
2,1,1,0.5219593
2,1,1,0.5536336
2,0,0,0.3910906
2,0,0,0.10123812
2,1,0,0.4608446
2,0,0,0.29141316
2,0,1,0.7821816
2,0,0,0.3350084
2,0,0,0.061338753
2,1,0,0.3979185
2,1,1,0.94960445
2,0,0,0.38325545
2,0,0,0.49767405
2,1,0,0.15854411
2,1,1,0.58945996
2,1,1,0.6357078
2,0,1,0.5333953
2,1,1,0.94017196
2,0,0,0.10461503
2,0,0,0.31679943
2,0,1,0.5045238
2,1,0,0.23793985
2,0,0,0.09166242
2,0,0,0.038885478
2,1,0,0.08119103
2,1,1,0.83091444
2,1,0,0.18658121
2,0,0,0.09835008
2,0,0,0.13160962
2,0,0,0.072970174
2,0,0,0.3984775
2,0,1,0.87247217
2,1,1,0.9295359
2,1,1,0.6455266
2,1,0,0.26611087
2,1,1,0.943371
2,0,0,0.46729365
2,0,1,0.79589653
2,0,1,0.95863014
2,1,1,0.73823285
2,1,0,0.18464352
2,1,0,0.33170247
2,1,1,0.93502903
2,1,0,0.49330762
2,0,0,0.36947426
2,0,0,0.22423577
2,0,0,0.17487316
2,0,1,0.63073367
2,1,1,0.6675562
2,0,0,0.11389312
2,0,1,0.6625848
2,1,1,0.5520337
2,1,0,0.29553127
2,1,1,0.91611403
2,1,1,0.597182
2,0,1,0.7651467
2,0,0,0.3341885
2,0,1,0.8229034
2,1,1,0.6457734
2,0,0,0.4550802
2,1,1,0.84651387
2,0,0,0.4813516
2,0,0,0.054299314
2,1,1,0.8543507
2,0,1,0.51903355
2,0,1,0.74840015
2,0,0,0.31711975
2,0,0,0.31160122
2,1,1,0.79405534
2,1,0,0.40238056
2,1,0,0.29029796
2,0,1,0.7699187
2,1,0,0.4889822
2,1,1,0.6831974
2,1,1,0.5747872
2,0,1,0.5493374
2,0,1,0.7557434
2,1,1,0.63392293
2,0,1,0.8101899
2,0,0,0.14427179
2,0,1,0.8498042
2,0,0,0.12441052
2,1,0,0.23796014
2,0,0,0.034085255
2,1,1,0.68474376
2,1,1,0.78594774
2,1,1,0.5628009
2,1,0,0.22120136
2,1,1,0.93831956
2,1,1,0.7318074
2,0,0,0.29493287
2,1,0,0.40050194
2,0,0,0.49893406
2,1,1,0.5682559
2,1,1,0.7106143
2,0,1,0.73821187
2,0,1,0.56693614
2,0,0,0.2081108
2,0,0,0.45523533
2,1,1,0.79462653
2,1,0,0.42623448
2,1,1,0.5447856
2,0,0,0.38192984
2,1,1,0.8463542
2,1,0,0.13173166
2,0,0,0.37115327
2,1,0,0.49951565
2,0,0,0.325044
2,1,0,0.21036886
2,1,1,0.6208502
2,1,1,0.8947404
2,0,0,0.12314232
2,1,1,0.8744337
2,0,0,0.25581706
2,1,1,0.9137931
2,0,0,0.111582436
2,0,1,0.6545068
2,0,0,0.1909839
2,1,1,0.5361184
2,1,1,0.7680412
2,1,0,0.3307107
2,1,1,0.55938154
2,0,1,0.59434813
2,0,0,0.38958195
2,0,0,0.32797894
2,1,1,0.53921115
2,0,0,0.39572927
2,0,0,0.36593905
2,0,1,0.74764097
2,0,0,0.40216258
2,1,0,0.34766668
2,1,1,0.9674028
2,1,1,0.5555039
2,1,0,0.41460687
2,1,1,0.56072414
2,0,0,0.13708757
2,0,1,0.8032431
2,1,1,0.7163515
2,0,1,0.6298811
2,1,1,0.8928864
2,1,1,0.7219965
2,1,1,0.94224846
2,1,1,0.8621661
2,1,1,0.7921669
2,1,1,0.69801646
2,1,1,0.8895073
2,0,0,0.25393045
2,1,1,0.79942364
2,1,1,0.7674098
2,0,0,0.43886003
2,0,1,0.7732564
2,0,0,0.45409387
2,1,1,0.8986034
2,1,1,0.54475296
2,1,1,0.8976744
2,1,1,0.5839753
2,0,1,0.6308065
2,1,1,0.74762917
2,0,0,0.14333527
2,0,0,0.20257702
2,0,0,0.2516035
2,1,0,0.29290244
2,0,0,0.1236677
2,0,0,0.3556962
2,0,0,0.12610596
2,0,0,0.48955125
2,0,0,0.16595863
2,1,1,0.88283366
2,0,0,0.23830615
2,1,0,0.12797834
2,0,0,0.3375446
2,0,0,0.28706753
2,0,0,0.04120881
2,1,0,0.43782735
2,1,1,0.8144878
2,1,1,0.758212
2,1,0,0.41193944
2,1,0,0.28549537
2,0,1,0.5244109
2,1,1,0.6098752
2,1,1,0.5970376
2,1,1,0.80396
2,0,0,0.40035626
2,1,1,0.63388515
2,0,1,0.6835681
2,1,1,0.8311876
2,1,0,0.4531313
2,0,0,0.39607468
2,0,1,0.64635175
2,0,0,0.16938764
2,1,0,0.12600866
2,1,0,0.28750825
2,1,0,0.32089034
2,0,1,0.8028787
2,0,1,0.7694638
2,0,0,0.1256285
2,0,1,0.64129865
2,0,1,0.8811746
2,1,1,0.9723345
2,1,1,0.82675636
2,0,1,0.59504735
2,1,0,0.42601514
2,1,1,0.82576615
2,0,0,0.35012275
2,0,1,0.53909284
2,1,1,0.6327865
2,1,1,0.7914243
2,0,0,0.24543265
2,1,0,0.49614525
2,0,0,0.35154247
2,1,1,0.9559442
2,1,1,0.7386153
2,0,0,0.12725383
2,0,0,0.36503774
2,0,1,0.7629753
2,0,1,0.6931486
2,0,1,0.7993819
2,1,0,0.23043509
2,1,0,0.4900997
2,0,1,0.75369316
2,0,0,0.17223617
2,0,0,0.15356088
2,1,1,0.8779914
2,1,1,0.9430077
2,1,1,0.8939463
2,1,1,0.7270999
2,1,1,0.67908293
2,1,0,0.4488267
2,1,1,0.7655996
2,0,1,0.6227147
2,0,0,0.285333
2,0,0,0.14504486
2,0,0,0.20877744
2,0,0,0.118676595
2,1,0,0.48380527
2,1,1,0.93269867
2,0,0,0.11879483
2,1,1,0.7792637
2,1,1,0.66579825
2,1,1,0.890133
2,1,1,0.91821146
2,1,1,0.78464234
2,1,0,0.4596833
2,1,0,0.34276503
2,0,1,0.60673517
2,0,0,0.21773976
2,0,0,0.3409633
2,1,0,0.29684564
2,1,0,0.47351894
2,0,0,0.34626856
2,0,0,0.20709617
2,0,1,0.77457464
2,0,1,0.63725114
2,0,0,0.20469952
2,0,0,0.40772045
2,0,0,0.19714119
2,1,0,0.36840916
2,0,1,0.67961913
2,0,0,0.16175534
2,0,0,0.30616376
2,1,0,0.14823323
2,1,1,0.65543485
2,0,0,0.39229527
2,1,1,0.7608946
2,0,0,0.28043082
2,1,0,0.40684822
2,0,1,0.73812115
2,1,0,0.4173544
2,1,1,0.8734846
2,0,0,0.23127724
2,0,0,0.44564
2,1,1,0.7731133
2,1,0,0.47004184
2,1,1,0.9026944
2,0,0,0.361365
2,1,0,0.48909375
2,1,0,0.41852134
2,0,0,0.4090225
2,0,0,0.115624905
2,0,1,0.50005233
2,0,1,0.7499797
2,1,1,0.6969302
2,1,0,0.38507095
2,1,0,0.4625632
2,0,0,0.0785589
2,1,1,0.72165483
2,1,1,0.9656435
2,0,0,0.2608608
2,0,1,0.5429113
2,0,0,0.32007146
2,0,0,0.46530166
2,1,1,0.9624518
2,0,0,0.30736235
2,1,1,0.8095882
2,0,1,0.84694797
2,0,0,0.32859316
2,0,0,0.21302238
2,0,0,0.4282854
2,1,0,0.31521928
2,0,0,0.42411655
2,1,1,0.5398372
2,1,0,0.46428272
2,0,0,0.30158645
2,1,0,0.3233828
2,1,0,0.45896715
2,0,0,0.24173503
2,0,0,0.10459477
2,1,0,0.17115496
2,0,0,0.26357093
2,1,0,0.40934685
2,1,1,0.903244
2,1,1,0.87753004
2,1,1,0.5993726
2,0,1,0.56216764
2,0,1,0.7808435
2,1,1,0.8770647
2,1,1,0.74323434
2,1,0,0.3143575
2,0,0,0.16837123
2,1,1,0.9451415
2,0,0,0.2582184
2,0,1,0.77557707
2,0,0,0.49796155
2,1,0,0.26725417
2,1,0,0.2704176
2,1,0,0.4025687
2,1,0,0.41245654
2,0,1,0.9479845
2,0,1,0.5432349
2,1,1,0.9172887
2,1,0,0.3238057
2,0,0,0.23965737
2,0,1,0.7615128
2,0,0,0.37033015
2,1,1,0.50696796
2,0,0,0.11191614
2,0,1,0.54700315
2,1,1,0.79673576
2,0,1,0.6775474
2,0,1,0.71504116
2,0,0,0.34978366
2,0,0,0.07502401
2,1,1,0.7321813
2,1,1,0.89444894
2,1,1,0.74269867
2,0,0,0.3843109
2,1,1,0.76876307
2,1,1,0.64084256
2,0,1,0.74434716
2,1,0,0.258035
2,1,1,0.63249403
2,0,1,0.7922851
2,1,0,0.39016572
2,0,0,0.42142883
2,0,1,0.9044925
2,1,1,0.60879993
2,0,1,0.5705525
2,0,0,0.28928435
2,1,0,0.4048639
2,0,0,0.06380243
2,1,1,0.66939265
2,0,1,0.60981286
2,1,1,0.5172053
2,1,1,0.588678
2,1,1,0.95918214
2,1,0,0.47930014
2,0,1,0.88076043
2,0,1,0.5224492
2,0,1,0.76966494
2,1,1,0.89187443
2,0,0,0.0508159
2,1,1,0.71148145
2,0,0,0.13502155
2,0,0,0.15479867
2,1,0,0.27963874
2,1,1,0.94055057
2,0,0,0.11731482
2,0,0,0.47404775
2,0,0,0.14454769
2,0,0,0.4591808
2,1,1,0.95754176
2,0,1,0.6161771
2,0,1,0.57945496
2,1,0,0.49226987
2,1,0,0.48636544
2,0,1,0.65231067
2,0,0,0.32429373
2,1,0,0.44496024
2,1,1,0.50314236
2,0,0,0.4542878
2,0,0,0.27130625
2,1,0,0.18910639
2,0,1,0.62150794
2,1,1,0.8921
2,1,1,0.6249542
2,0,0,0.20362678
2,0,1,0.5842627
2,0,0,0.32404
2,1,1,0.6589652
2,0,0,0.493259
2,0,0,0.35602692
2,0,0,0.055740274
2,0,0,0.42438915
2,1,1,0.7723668
2,1,0,0.27038375
2,0,0,0.19531909
2,1,0,0.4277185
2,1,1,0.6424976
2,0,1,0.66939306
2,1,1,0.56173694
2,1,0,0.37241986
2,0,1,0.7211824
2,1,1,0.68803954
2,1,0,0.4983614
2,0,0,0.048901893
2,0,0,0.15878455
2,1,1,0.7524176
2,0,1,0.89600646
2,0,1,0.8637414
2,0,0,0.35345006
2,1,1,0.9595238
2,1,1,0.8549059
2,0,1,0.74590695
2,0,0,0.41364637
2,1,0,0.3967324
2,1,1,0.6509164
2,0,1,0.5483423
2,1,1,0.902711
2,1,0,0.45045194
2,0,1,0.8119594
2,1,1,0.57316315
2,0,1,0.5248101
2,1,1,0.5781844
2,1,1,0.81560963
2,0,0,0.4573339
2,1,0,0.47625846
2,1,1,0.8403138
2,1,1,0.7872309
2,1,1,0.7070826
2,1,1,0.77972966
2,1,1,0.76930803
2,0,0,0.1953791
2,0,0,0.25796822
2,0,0,0.08465959
2,1,1,0.94351673
2,0,0,0.36268422
2,1,1,0.6340628
2,0,0,0.32383338
2,0,0,0.39201453
2,1,1,0.6904022
2,0,0,0.39420557
2,0,0,0.36650264
2,1,1,0.9277009
2,0,0,0.4075119
2,0,0,0.08905853
2,1,1,0.9099872
2,0,0,0.25830323
2,1,1,0.60416484
2,0,1,0.51301783
2,0,1,0.9190936
2,0,0,0.44988826
2,1,1,0.89239675
2,1,0,0.38959682
2,1,1,0.84331197
2,1,1,0.8361856
2,1,0,0.47098643
2,1,1,0.5800387
2,1,1,0.83011305
2,1,1,0.8176674
2,0,1,0.61226517
2,0,0,0.18004453
2,0,0,0.08758129
2,0,0,0.37187794
2,1,1,0.8473843
2,0,0,0.21405262
2,1,1,0.83247507
2,0,1,0.6045907
2,0,1,0.6828522
2,0,0,0.417373
2,0,1,0.5590037
2,0,0,0.098080225
2,0,0,0.39460263
2,1,0,0.41752732
2,1,1,0.8839342
2,1,1,0.9242994
2,1,0,0.37224442
2,0,1,0.7997451
2,1,0,0.4638846
2,1,1,0.58932114
2,0,0,0.40691537
2,0,0,0.49398005
2,0,1,0.8363002
2,0,1,0.6392665
2,0,1,0.71418184
2,0,0,0.38143384
2,1,1,0.9570966
2,1,1,0.9219636
2,0,1,0.58456826
2,1,1,0.908252
2,1,1,0.6705992
2,0,1,0.6173605
2,0,1,0.6573937
2,0,0,0.09703856
2,1,1,0.8898769
2,0,0,0.18720093
2,0,1,0.8410512
2,0,0,0.32690507
2,0,0,0.18635543
2,1,1,0.57155216
2,1,1,0.7477977
2,1,1,0.9240836
2,0,1,0.78587985
2,0,0,0.46560478
2,1,1,0.6831731
2,1,1,0.53105086
2,1,1,0.9401459
2,1,0,0.34399018
2,1,1,0.95444584
2,0,0,0.1858192
2,0,1,0.78788304
2,1,1,0.85087377
2,0,1,0.6415815
2,1,1,0.7671447
2,1,1,0.72592276
2,1,1,0.6348675
2,0,0,0.25108874
2,1,1,0.8653104
2,0,0,0.32729343
2,1,1,0.88103324
2,0,0,0.13770317
2,0,0,0.11560001
2,0,0,0.1541223
2,1,1,0.7601921
2,1,1,0.9738859
2,0,1,0.8868707
2,1,1,0.83897996
2,1,1,0.9152074
2,0,0,0.38274547
2,0,0,0.21105699
2,0,1,0.7709877
2,1,1,0.85861796
2,1,0,0.45263284
2,1,0,0.37900117
2,1,0,0.32583386
2,1,1,0.70440805
2,0,1,0.65253675
2,0,0,0.32978436
2,1,1,0.6192292
2,0,1,0.76623434
2,0,0,0.21631174
2,0,1,0.6452757
2,1,1,0.7671954
2,0,1,0.66318613
2,0,1,0.7161186
2,0,1,0.7694245
2,0,1,0.52658224
2,1,1,0.7498902
2,1,1,0.8646429
2,0,0,0.44348407
2,0,0,0.14569055
2,1,1,0.6167323
2,0,1,0.6048706
2,0,0,0.17098652
2,1,0,0.2930111
2,0,0,0.31773183
2,1,1,0.7500997
2,1,1,0.6150702
2,1,0,0.31160617
2,0,1,0.60729563
2,0,1,0.54573184
2,1,0,0.33789742
2,0,1,0.52269584
2,0,1,0.6507059
2,1,0,0.27849758
2,0,1,0.9234052
2,1,1,0.52351147
2,0,0,0.37487528
2,1,1,0.6923492
2,0,0,0.2787644
2,1,1,0.8256276
2,1,0,0.45170984
2,0,1,0.59806025
2,0,0,0.33113366
2,1,1,0.96723205
2,1,1,0.8616555
2,0,0,0.492366
2,1,1,0.76393133
2,0,1,0.7543114
2,1,1,0.7672532
2,1,1,0.80069375
2,1,1,0.9680871
2,0,1,0.5081814
2,1,1,0.89544857
2,0,0,0.49084744
2,0,0,0.21292308
2,1,1,0.5403117
2,1,1,0.66438186
2,1,1,0.81633806
2,0,0,0.21217212
2,0,0,0.106209
2,1,1,0.61942893
2,0,0,0.43400943
2,0,1,0.53282374
2,1,0,0.4745173
2,1,1,0.661964
2,1,1,0.9145136
2,1,1,0.7347539
2,0,1,0.72733146
2,0,0,0.31560147
2,1,1,0.709738
2,1,0,0.42360482
2,1,1,0.6572166
2,0,1,0.8097187
2,0,1,0.6499121
2,0,1,0.6963975
2,1,1,0.9210533
2,0,0,0.26769277
2,1,1,0.89111036
2,0,0,0.43197384
2,0,1,0.6266121
2,0,0,0.4890984
2,1,0,0.23816298
2,1,0,0.35384664
2,0,1,0.71897244
2,0,0,0.26895323
2,1,1,0.97644466
2,0,0,0.19305548
2,0,0,0.3027315
2,0,0,0.2048956
2,1,0,0.48344982
2,0,1,0.6434301
2,1,1,0.53980106
2,0,0,0.3702431
2,1,0,0.22933592
2,0,0,0.40889758
2,0,1,0.83439493
2,1,1,0.93012506
2,0,1,0.66768104
2,1,1,0.8749295
2,0,1,0.5540754
2,1,1,0.902279
2,0,1,0.5067021
2,0,0,0.17839466
2,1,0,0.49601293
2,0,0,0.18303138
2,0,1,0.711065
2,1,1,0.6830199
2,0,0,0.0942481
2,1,1,0.63179314
2,1,0,0.40225175
2,0,0,0.27695382
2,1,1,0.77517945
2,0,0,0.16729803
2,0,0,0.10466784
2,0,1,0.88731015
2,1,0,0.39863825
2,0,0,0.17745262
2,1,1,0.9454242
2,1,1,0.5087499
2,1,1,0.7120486
2,0,0,0.17767072
2,1,1,0.87430716
2,1,0,0.4370988
2,1,0,0.41467938
2,0,0,0.13700955
2,1,1,0.64350486
2,0,0,0.2118335
2,0,0,0.27160075
2,0,1,0.54030704
2,0,1,0.62912035
2,0,1,0.6353521
2,0,1,0.5976331
2,1,1,0.62454474
2,1,0,0.1252662
2,1,0,0.44279745
2,1,1,0.88309157
2,1,0,0.3023773
2,0,0,0.1744951
2,1,0,0.35089463
2,0,0,0.16243926
2,0,1,0.7069017
2,1,1,0.92023337
2,1,1,0.6391807
2,1,1,0.6944693
2,1,1,0.86696494
2,1,1,0.8661066
2,1,1,0.501062
2,0,0,0.08720357
2,1,1,0.85372734
2,0,0,0.34494057
2,0,0,0.33288065
2,1,1,0.832208
2,0,0,0.10759185
2,0,1,0.7906624
2,1,1,0.5493044
2,1,1,0.7439507
2,0,0,0.0895617
2,0,1,0.6798228
2,1,1,0.751596
2,0,0,0.16105074
2,0,1,0.5720848
2,0,0,0.34890196
2,1,1,0.66557014
2,0,1,0.857377
2,1,1,0.6479549
2,0,1,0.8377886
2,1,1,0.86959696
2,1,0,0.40107694
2,1,1,0.8404401
2,1,1,0.75090516
2,0,1,0.59342915
2,1,1,0.7766167
2,0,1,0.5580277
2,0,0,0.11171557
2,0,0,0.36640832
2,0,0,0.2497927
2,0,0,0.039438635
2,1,1,0.9407772
2,1,1,0.91855985
2,1,1,0.91206396
2,1,1,0.7151584
2,0,1,0.53003657
2,0,0,0.26590762
2,0,1,0.5289192
2,1,1,0.874071
2,0,0,0.3464686
2,0,0,0.26899293
2,0,1,0.5173892
2,0,0,0.4786783
2,1,1,0.947661
2,1,1,0.90327245
2,0,0,0.4955207
2,0,1,0.77527314
2,0,0,0.28618214
2,1,1,0.87526196
2,1,1,0.88251746
2,1,1,0.92995894
2,1,1,0.74031025
2,0,1,0.75913477
2,1,1,0.52082044
2,1,1,0.78194314
2,0,1,0.8124935
2,0,1,0.6474452
2,0,1,0.77975166
2,0,1,0.9048573
2,0,1,0.64911824
2,1,1,0.89306027
2,1,1,0.9044341
2,1,1,0.82153
2,1,0,0.44187337
2,1,1,0.56144714
2,1,1,0.8156869
2,0,1,0.6135093
2,0,1,0.6798202
2,1,1,0.9154805
2,1,1,0.8571887
2,0,0,0.24909288
2,0,0,0.2188075
2,0,1,0.70106786
2,1,1,0.5598963
2,0,0,0.4743255
2,0,0,0.11636903
2,1,1,0.72126657
2,0,0,0.22428556
2,0,1,0.5103192
2,0,0,0.20436428
2,1,0,0.2131833
2,0,0,0.17529388
2,1,0,0.38616264
2,1,1,0.8835895
2,1,1,0.8825503
2,1,1,0.5223747
2,1,1,0.9147742
2,1,0,0.315573
2,0,0,0.15200783
2,0,1,0.5034478
2,0,0,0.20273834
2,0,1,0.8285543
2,0,0,0.17454024
2,1,1,0.7622124
2,0,0,0.30933663
2,1,1,0.81836855
2,0,1,0.8289311
2,0,1,0.52455676
2,0,0,0.24242035
2,0,1,0.8068157
2,1,1,0.90277183
2,0,1,0.51501656
2,1,1,0.6054881
2,1,0,0.41740087
2,0,0,0.41767022
2,0,0,0.42138806
2,1,1,0.6296193
2,0,1,0.50567085
2,0,1,0.70717067
2,1,0,0.42885527
2,0,1,0.5621709
2,0,1,0.6814053
2,1,1,0.8806035
2,1,0,0.40039346
2,1,0,0.37390897
2,0,0,0.28857842
2,0,0,0.1669081
2,0,1,0.67191786
2,0,1,0.9008264
2,0,1,0.84744465
2,1,1,0.96889025
2,0,1,0.9074644
2,1,1,0.9516885
2,1,1,0.9212511
2,0,1,0.74823093
2,1,1,0.93963593
2,1,1,0.97930443
2,0,0,0.18329811
2,1,0,0.48510274
2,1,1,0.7574698
2,0,1,0.6504192
2,1,1,0.79214495
2,0,0,0.1447728
2,0,1,0.7776037
2,1,1,0.6617531
2,1,1,0.5072707
2,0,0,0.38111135
2,0,1,0.54571164
2,0,1,0.9269836
2,1,1,0.9504513
2,1,1,0.79046786
2,0,1,0.60291994
2,1,1,0.85785896
2,1,1,0.85013175
2,1,1,0.91321343
2,0,0,0.42131203
2,1,1,0.8205319
2,0,0,0.07956003
2,0,0,0.44728303
2,0,0,0.323135
2,0,0,0.2020725
2,0,0,0.16547655
2,1,1,0.8302372
2,0,0,0.119490206
2,0,0,0.08301919
2,1,1,0.6056163
2,1,1,0.80801445
2,1,1,0.7070601
2,1,1,0.698073
2,1,1,0.66922104
2,0,0,0.17798801
2,0,0,0.3580936
2,1,1,0.6098223
2,1,0,0.40188044
2,0,0,0.15802726
2,1,1,0.6910998
2,1,0,0.32891408
2,1,1,0.62593013
2,0,0,0.33033648
2,0,1,0.50629216
2,1,1,0.7066745
2,1,0,0.13970195
2,0,0,0.101876564
2,0,0,0.21229993
2,1,0,0.34543785
2,0,0,0.33490267
2,1,0,0.19132727
2,0,0,0.15544944
2,0,1,0.61064965
2,0,0,0.39178827
2,0,0,0.17042832
2,0,0,0.4303753
2,1,1,0.9422894
2,1,1,0.9445814
2,0,0,0.4537982
2,0,1,0.7601571
2,1,1,0.899426
2,0,0,0.19115509
2,1,0,0.45403233
2,0,0,0.17439406
2,1,1,0.77375346
2,1,1,0.8876402
2,0,0,0.44985795
2,1,1,0.9104436
2,1,0,0.48125517
2,1,0,0.26036257
2,1,1,0.78081036
2,0,0,0.49727333
2,1,1,0.5598753
2,0,1,0.7651646
2,1,1,0.5784055
2,1,1,0.9168386
2,0,0,0.17746605
2,1,0,0.3911768
2,1,1,0.6355039
2,0,0,0.35852382
2,0,1,0.8214196
2,1,0,0.43240967
2,0,0,0.09665349
2,0,0,0.068014756
2,0,0,0.18216683
2,1,1,0.8862252
2,1,0,0.3920378
2,1,1,0.67316574
2,1,0,0.4127664
2,1,1,0.57057685
2,0,0,0.06288111
2,0,1,0.67816365
2,1,0,0.1274419
2,1,0,0.39573216
2,0,0,0.4633182
2,1,0,0.46251044
2,1,1,0.7025947
2,0,1,0.67930937
2,1,0,0.16951054
2,1,1,0.5475957
2,0,0,0.18282238
2,0,0,0.36015397
2,0,0,0.39652345
2,0,1,0.88011116
2,0,0,0.14113219
2,0,1,0.62744516
2,0,0,0.0787122
2,1,1,0.7827915
2,0,0,0.28779796
2,0,0,0.1606953
2,0,1,0.77968484
2,1,1,0.65622723
2,1,1,0.526092
2,1,1,0.74354595
2,0,1,0.73801905
2,1,1,0.5800877
2,1,1,0.92651063
2,0,0,0.104016386
2,1,0,0.13116367
2,0,0,0.11145629
2,1,1,0.895613
2,1,1,0.8507932
2,1,1,0.6355112
2,0,1,0.5592732
2,1,1,0.65924114
2,0,0,0.23488279
2,0,1,0.7681805
2,0,0,0.26248807
2,0,0,0.10969152
2,1,1,0.7314153
2,1,1,0.87425894
2,0,0,0.3959436
2,0,0,0.37104136
2,1,0,0.41977414
2,1,0,0.26233837
2,0,0,0.2937007
2,1,1,0.9650899
2,0,0,0.4608664
2,1,1,0.7107539
2,0,0,0.4897062
2,1,1,0.79589254
2,1,0,0.41804698
2,0,1,0.8300405
2,1,1,0.64815503
2,0,0,0.20030402
2,1,1,0.67737705
2,0,1,0.638571
2,1,1,0.67572665
2,0,1,0.7136379
2,1,1,0.6837068
2,1,1,0.6608048
2,1,1,0.75364983
2,1,0,0.37285382
2,1,0,0.2679874
2,0,1,0.5401379
2,0,0,0.19554247
2,0,0,0.4912342
2,0,1,0.8305676
2,0,0,0.34100944
2,0,0,0.22196461
2,0,1,0.6440094
2,1,1,0.7134216
2,1,1,0.6128744
2,1,1,0.5146028
2,1,1,0.66286576
2,0,0,0.3508815
2,1,1,0.83204
2,1,0,0.1371692
2,0,0,0.33600107
2,0,0,0.12825051
2,0,1,0.808904
2,0,1,0.60249823
2,0,0,0.32649145
2,1,1,0.7322017
2,1,1,0.8444623
2,1,1,0.50846356
2,1,1,0.9551021
2,1,1,0.59458625
2,1,1,0.6766125
2,0,0,0.15560208
2,0,0,0.14196962
2,1,1,0.86934924
2,0,0,0.3497362
2,0,0,0.090337686
2,1,0,0.1871977
2,1,0,0.094503365
2,1,0,0.11911708
2,0,0,0.26960033
2,0,1,0.6018507
2,1,1,0.65818673
2,0,0,0.33386415
2,0,0,0.067384414
2,1,0,0.2570988
2,0,0,0.23838827
2,0,0,0.15878192
2,1,1,0.95995206
2,0,0,0.36526325
2,0,1,0.8295121
2,0,0,0.34045354
2,1,0,0.44048503
2,1,0,0.44483587
2,0,0,0.44398654
2,1,1,0.78532565
2,1,0,0.37266797
2,1,0,0.48663306
2,0,0,0.20859176
2,0,0,0.054594047
2,1,1,0.90371305
2,1,1,0.75795007
2,0,0,0.37725553
2,0,0,0.2689011
2,0,0,0.062585786
2,1,1,0.59046847
2,0,0,0.16924876
2,0,0,0.1592818
2,1,0,0.25243902
2,1,0,0.3227244
2,0,0,0.28655037
2,0,0,0.38380238
2,1,0,0.22461934
2,0,0,0.20967089
2,0,0,0.44303924
2,1,1,0.8774177
2,0,0,0.33754036
2,1,1,0.6606705
2,0,0,0.34449872
2,1,0,0.3825133
2,0,1,0.53029084
2,1,1,0.9734352
2,1,1,0.52416015
2,1,1,0.8811117
2,1,1,0.9469835
2,1,1,0.52112156
2,0,0,0.38763613
2,0,0,0.046467766
2,0,0,0.30790755
2,0,1,0.78173125
2,1,1,0.7811227
2,1,1,0.8642151
2,0,0,0.33255163
2,0,1,0.5815398
2,0,0,0.09445527
2,0,0,0.39923313
2,1,1,0.82101214
2,0,0,0.04973363
2,0,0,0.16074032
2,0,0,0.28141883
2,1,1,0.7661957
2,0,0,0.10991735
2,1,1,0.61445725
2,1,1,0.942338
2,1,1,0.52304184
2,0,0,0.23543908
2,1,1,0.95366144
2,0,0,0.14969833
2,1,1,0.9737186
2,1,1,0.9745558
2,0,0,0.32452697
2,0,0,0.46239266
2,1,1,0.91060656
2,1,1,0.89119714
2,1,1,0.7439894
2,0,0,0.38763613
2,0,0,0.046467766
2,1,1,0.90596724
2,0,0,0.13652219
2,0,0,0.08543026
2,0,1,0.56461585
2,0,0,0.15168607
2,1,1,0.93815565
2,1,1,0.95659375
2,0,0,0.29507396
2,0,0,0.1841893
2,1,0,0.49890384
2,0,0,0.1015104
2,0,0,0.066363
2,1,1,0.6893352
2,0,0,0.35221684
2,0,0,0.2791845
2,0,1,0.6444555
2,1,1,0.54025656
2,1,1,0.7661957
2,0,0,0.10991735
2,0,1,0.61445725
2,1,1,0.52304184
2,1,1,0.9508655
2,1,1,0.83599657
2,1,1,0.78965527
2,1,1,0.84535104
2,0,1,0.87319046
2,1,1,0.8749564
2,0,0,0.36999106
2,1,1,0.8903503
2,0,0,0.39480504
2,0,1,0.5245929
2,0,0,0.48256725
2,0,1,0.7209764
2,0,0,0.32190737
2,1,1,0.8912054
2,1,0,0.48329613
2,1,1,0.8629852
2,1,1,0.98614824
2,0,1,0.6278096
2,0,1,0.9430156
2,0,0,0.21650845
2,1,1,0.94260037
2,0,0,0.20577927
2,0,1,0.659462
2,1,1,0.9123711
2,1,1,0.7621046
2,1,1,0.65469563
2,0,1,0.6956522
2,1,0,0.28560257
2,1,0,0.3202761
2,0,0,0.35471675
2,1,1,0.6872738
2,0,0,0.33468804
2,0,0,0.18795036
2,0,0,0.3109819
2,1,1,0.6706767
2,0,0,0.1283278
2,0,0,0.49852297
2,1,1,0.81611866
2,0,0,0.216384
2,0,0,0.20278475
2,1,1,0.7003571
2,0,0,0.30583212
2,1,0,0.48516423
2,1,0,0.4312339
2,0,0,0.31790173
2,0,0,0.2895173
2,0,0,0.06938447
2,0,1,0.76173663
2,0,0,0.119853
2,0,0,0.3313057
2,1,0,0.23049282
2,1,1,0.50511724
2,1,1,0.89942473
2,0,1,0.51412034
2,0,0,0.28058502
2,0,0,0.35709965
2,0,0,0.48272443
2,0,0,0.14603363
2,1,0,0.28816038
2,0,0,0.29751018
2,0,0,0.29840562
2,0,0,0.32727244
2,1,0,0.23899399
2,1,1,0.7831059
2,0,0,0.09321528
2,1,0,0.24896216
2,0,1,0.60632014
2,0,0,0.051968854
2,0,0,0.20705299
2,0,0,0.05355919
2,1,1,0.7782145
2,1,1,0.85951847
2,1,1,0.88900506
2,0,0,0.10486136
2,0,1,0.6440664
2,1,1,0.76102674
2,0,0,0.47532445
2,1,0,0.26260734
2,1,1,0.79240805
2,0,0,0.28479317
2,1,1,0.6705526
2,0,0,0.32096362
2,0,1,0.66277367
2,1,1,0.9224892
2,0,0,0.41659218
2,1,0,0.34101886
2,0,0,0.28579125
2,0,0,0.29195172
2,1,0,0.31307682
2,1,1,0.50758296
2,1,1,0.5332507
2,0,1,0.6522083
2,0,0,0.21084006
2,0,0,0.13276541
2,0,0,0.19532701
2,0,0,0.1127233
2,1,0,0.39497307
2,0,0,0.23315464
2,1,0,0.25753528
2,0,0,0.2558064
2,1,1,0.5082835
2,0,1,0.729034
2,0,0,0.18546933
2,1,1,0.587224
2,0,0,0.45729995
2,1,1,0.5376457
2,0,0,0.14608124
2,0,1,0.69011366
2,0,1,0.5647682
2,0,1,0.72525716
2,0,0,0.41227928
2,1,0,0.44509465
2,1,0,0.28834662
2,0,1,0.53832424
2,0,0,0.23932314
2,0,0,0.2603866
2,1,1,0.74944437
2,1,0,0.24042143
2,1,0,0.4687302
2,0,1,0.6298958
2,1,0,0.3518282
2,1,0,0.07080729
2,0,0,0.33692098
2,0,0,0.18353252
2,0,0,0.2652109
2,0,0,0.3190402
2,1,1,0.65671295
2,1,0,0.24213764
2,0,0,0.3453208
2,0,1,0.6599385
2,0,0,0.40381065
2,0,0,0.20281151
2,0,0,0.49881524
2,0,1,0.57247996
2,0,0,0.030444348
2,1,1,0.92414486
2,0,0,0.19675894
2,1,1,0.90178823
2,1,1,0.61557907
2,0,1,0.8231153
2,1,0,0.4222699
2,0,0,0.06404561
2,0,0,0.32765523
2,1,1,0.57362175
2,1,1,0.65710104
2,0,0,0.37168282
2,0,1,0.71287686
2,1,1,0.54378796
2,0,0,0.21194725
2,1,0,0.1977193
2,0,0,0.032779686
2,1,0,0.35706845
2,0,1,0.60672766
2,0,0,0.03952158
2,1,1,0.5021275
2,1,1,0.8560199
2,0,0,0.07527143
2,1,1,0.56165886
2,1,1,0.73212373
2,1,1,0.7698582
2,0,0,0.44907278
2,0,0,0.33597842
2,1,1,0.9519249
2,0,0,0.36432737
2,1,0,0.32260415
2,1,1,0.80472124
2,0,1,0.5241296
2,1,1,0.6133108
2,1,1,0.610607
2,0,0,0.056875095
2,0,0,0.24634288
2,1,1,0.60397184
2,0,0,0.056856167
2,1,0,0.43576375
2,0,0,0.3708681
2,0,0,0.39862016
2,1,1,0.6230632
2,1,1,0.8927608
2,0,0,0.47727492
2,0,0,0.13704777
2,1,1,0.8878321
2,1,0,0.48181084
2,0,0,0.40506613
2,1,0,0.3866041
2,1,0,0.43945965
2,0,0,0.23814957
2,1,0,0.4108275
2,0,0,0.036231145
2,1,0,0.3697448
2,0,1,0.5498204
2,0,0,0.08802283
2,0,1,0.7872733
2,1,0,0.12083645
2,0,0,0.22850777
2,0,0,0.13067672
2,0,0,0.33628234
2,1,1,0.7146493
2,1,0,0.3439677
2,1,1,0.7983348
2,0,0,0.28734845
2,1,0,0.45028713
2,0,1,0.7306548
2,1,1,0.6232798
2,0,0,0.14043598
2,1,0,0.4611875
2,1,1,0.7427137
2,1,0,0.23421504
2,0,0,0.05008249
2,1,1,0.9342325
2,0,0,0.3031077
2,0,0,0.04970228
2,0,0,0.30045074
2,0,0,0.39585984
2,0,0,0.2845514
2,1,1,0.568139
2,0,0,0.36352578
2,1,0,0.44466552
2,1,1,0.88475007
2,1,1,0.6977699
2,1,1,0.5034878
2,0,0,0.17939894
2,0,1,0.6711263
2,1,0,0.37180287
2,1,0,0.2518749
2,0,1,0.70016193
2,1,0,0.39609134
2,0,0,0.30938125
2,1,1,0.65891725
2,1,0,0.4954257
2,1,1,0.892422
2,0,0,0.3103599
2,0,0,0.24386962
2,1,1,0.52713823
2,0,1,0.6639802
2,0,0,0.3646681
2,0,0,0.4881476
2,1,1,0.791833
2,0,0,0.4228702
2,1,1,0.55735826
2,1,1,0.6890168
2,0,0,0.4454555
2,0,0,0.09867649
2,0,0,0.19796942
2,0,0,0.2657182
2,0,0,0.23139985
2,0,0,0.1037645
2,1,1,0.54869455
2,1,1,0.6649268
2,1,1,0.59441996
2,0,0,0.31785408
2,0,0,0.31919193
2,0,0,0.35878456
2,0,0,0.22520646
2,0,0,0.24926978
2,1,1,0.7786773
2,0,0,0.32372782
2,0,0,0.24233729
2,1,0,0.27766714
2,1,1,0.6085911
2,1,0,0.49656716
2,1,1,0.5579079
2,0,0,0.15952091
2,0,0,0.05230096
2,1,0,0.4551817
2,1,1,0.60160226
2,0,0,0.40769565
2,1,1,0.96373904
2,1,1,0.9033944
2,0,0,0.3861362
2,0,0,0.4192553
2,0,0,0.1627109
2,1,1,0.6741213
2,1,1,0.73674303
2,0,0,0.2874737
2,0,0,0.0709298
2,1,1,0.72720367
2,0,0,0.27942234
2,1,1,0.9478028
2,1,1,0.7007626
2,1,1,0.6069855
2,0,0,0.27576032
2,1,1,0.9674028
2,1,1,0.5555039
2,1,0,0.41460687
2,1,1,0.56072414
2,0,0,0.13708757
2,0,1,0.8032431
2,1,1,0.7163515
2,0,1,0.6298811
2,1,1,0.695558
2,0,0,0.34140304
2,0,1,0.6861114
2,1,1,0.6077194
2,0,1,0.606884
2,1,1,0.73106676
2,0,1,0.5906477
2,0,1,0.5896757
2,1,1,0.85905355
2,0,0,0.10761553
2,1,1,0.62491727
2,1,1,0.95209086
2,0,1,0.5912332
2,0,0,0.25961715
2,1,1,0.5751259
2,1,1,0.96259487
2,1,1,0.91855985
2,1,1,0.91206396
2,1,1,0.7151584
2,0,1,0.53003657
2,0,0,0.26590762
2,0,1,0.5289192
2,1,1,0.874071
2,0,0,0.3464686
2,0,0,0.26899293
2,0,1,0.5173892
2,0,0,0.4786783
2,1,1,0.947661
2,1,1,0.90327245
2,0,0,0.4955207
2,0,1,0.77527314
2,0,0,0.28618214
2,1,1,0.9024819
2,0,0,0.27979627
2,1,1,0.7415029
2,1,0,0.42491424
2,1,1,0.524322
2,1,1,0.57119447
2,1,1,0.84408927
2,0,1,0.525516
2,1,1,0.6639092
2,1,1,0.7208612
2,0,1,0.53803027
2,0,0,0.3647013
2,0,1,0.7154584
2,0,1,0.5226164
2,0,1,0.6149109
2,1,1,0.527546
2,1,1,0.52893674
2,0,1,0.52856576
2,1,0,0.1564182
2,0,0,0.12101265
2,1,1,0.9326625
2,1,1,0.9246016
2,0,0,0.23259793
2,1,1,0.84335566
2,0,1,0.91895086
2,0,1,0.6249368
2,1,1,0.906291
2,0,1,0.5874615
2,0,1,0.65920573
2,0,0,0.10026785
2,0,0,0.08562592
2,1,1,0.91204554
2,1,1,0.63366985
2,0,0,0.41106316
2,0,0,0.4724484
2,1,1,0.9186914
2,0,0,0.451722
2,1,1,0.58945227
2,1,1,0.64419055
2,1,1,0.65903455
2,1,1,0.72678655
2,1,1,0.749085
2,0,1,0.58332974
2,1,1,0.5128464
2,0,0,0.40410808
2,1,1,0.94665927
2,0,0,0.3922731
2,1,1,0.87463397
2,0,1,0.72298974
2,1,1,0.8683238
2,1,1,0.8998601
2,0,0,0.37608182
2,0,0,0.4683785
2,1,1,0.61679846
2,1,0,0.35974228
2,0,1,0.51064026
2,0,0,0.039397262
2,1,0,0.49971858
2,0,0,0.44190913
2,0,1,0.63498557
2,1,0,0.22532372
2,1,1,0.83011967
2,0,0,0.14101827
2,1,1,0.8919744
2,0,0,0.2701413
2,1,1,0.67987865
2,1,0,0.41824532
2,0,1,0.5215981
2,0,0,0.42753986
2,0,0,0.0368088
2,0,1,0.64735806
2,1,1,0.80816466
2,0,0,0.16123404
2,0,1,0.9910356
2,1,1,0.88448644
2,0,0,0.43110007
2,1,1,0.6470948
2,1,1,0.9441869
2,0,0,0.14536713
2,0,0,0.40763184
2,0,0,0.29557404
2,1,0,0.3562425
2,0,1,0.8964637
2,1,1,0.71137977
2,0,0,0.29411137
2,0,1,0.72247416
2,1,1,0.8172204
2,0,0,0.20814267
2,0,0,0.2423181
2,1,1,0.85879135
2,0,1,0.78951573
2,1,1,0.95431423
2,0,0,0.35589677
2,0,1,0.58644664
2,1,1,0.8980338
2,1,1,0.64466196
2,1,1,0.87430686
2,0,1,0.52156836
2,0,1,0.6498074
2,0,0,0.20281906
2,0,0,0.45828047
2,1,1,0.8639663
2,0,0,0.42983595
2,0,0,0.1567776
2,1,1,0.966161
2,0,1,0.706369
2,1,1,0.89236873
2,1,1,0.7175139
2,0,0,0.119633526
2,1,1,0.96918887
2,1,1,0.92406535
2,0,0,0.22739126
2,0,1,0.8938724
2,0,1,0.59461665
2,1,1,0.7547736
2,1,1,0.89609313
2,0,1,0.64594656
2,1,1,0.853552
2,1,1,0.7815657
2,1,0,0.32598853
2,1,0,0.46788627
2,0,0,0.3296838
2,1,1,0.56816345
2,0,0,0.24885386
2,1,1,0.5167395
2,1,1,0.92009974
2,1,0,0.3199766
2,0,0,0.27277175
2,1,1,0.6292947
2,1,1,0.615515
2,0,0,0.3328192
2,0,0,0.22835985
2,0,1,0.6527543
2,1,0,0.32508335
2,0,0,0.2741313
2,1,1,0.5324603
2,1,0,0.46221688
2,1,0,0.36671892
2,0,0,0.050769173
2,0,1,0.9250649
2,0,0,0.29723683
2,0,0,0.16255528
2,0,0,0.28511596
2,0,0,0.12722337
2,0,1,0.86052537
2,1,1,0.9120361
2,1,1,0.53785235
2,0,0,0.05868219
2,1,1,0.71063
2,0,0,0.43421525
2,0,0,0.098897815
2,0,0,0.49317962
2,1,0,0.48565316
2,1,1,0.50404793
2,1,1,0.6661699
2,1,1,0.9272255
2,1,0,0.17277682
2,0,0,0.3251965
2,0,1,0.61071646
2,1,1,0.7447094
2,1,0,0.21840139
2,1,1,0.7094744
2,1,1,0.62121016
2,0,0,0.3689067
2,1,1,0.52194846
2,1,0,0.1859042
2,1,1,0.5688826
2,0,0,0.30037305
2,0,1,0.9406568
2,1,0,0.0706282
2,0,1,0.6189029
2,0,1,0.5254336
2,1,0,0.22079007
2,0,1,0.7084159
2,0,0,0.338624
2,0,0,0.14673668
2,1,1,0.967223
2,1,1,0.88961387
2,1,0,0.3519083
2,0,0,0.42306682
2,1,1,0.5694066
2,1,1,0.7708237
2,0,0,0.15783556
2,0,1,0.8672361
2,1,0,0.40356174
2,1,0,0.17093149
2,1,1,0.92065716
2,1,0,0.38972953
2,0,0,0.08486165
2,1,1,0.7149625
2,1,0,0.47002324
2,0,1,0.8578371
2,0,0,0.13753603
2,0,1,0.7911039
2,0,1,0.6961408
2,0,0,0.46617186
2,0,1,0.755845
2,0,1,0.6560895
2,1,1,0.9061872
2,1,1,0.7580544
2,1,1,0.79710287
2,0,1,0.5406419
2,0,1,0.51447606
2,1,1,0.8260988
2,1,0,0.45890278
2,1,0,0.41864258
2,0,0,0.019370906
2,0,1,0.9051324
2,0,1,0.74187803
2,1,1,0.768375
2,1,1,0.85235214
2,0,0,0.31693387
2,1,1,0.888771
2,1,1,0.8058807
2,0,0,0.32908222
2,1,1,0.9110251
2,1,1,0.6661591
2,1,0,0.104908824
2,1,0,0.35364488
2,1,1,0.62840575
2,0,1,0.52895814
2,1,0,0.34246644
2,1,1,0.5482825
2,1,1,0.9785544
2,0,0,0.28576684
2,1,1,0.8820749
2,1,1,0.594045
2,0,0,0.2509627
2,0,0,0.13655812
2,1,1,0.8352075
2,0,1,0.5365506
2,1,1,0.54418695
2,1,1,0.78097653
2,1,1,0.67653686
2,0,1,0.5288936
2,1,1,0.62579787
2,0,1,0.5785851
2,1,1,0.7316578
2,1,1,0.7966742
2,1,0,0.39155892
2,1,1,0.8043175
2,0,0,0.07479965
2,0,0,0.37855768
2,0,0,0.15456288
2,0,0,0.08388467
2,0,0,0.22621691
2,0,0,0.18206683
2,0,0,0.18146911
2,0,0,0.4485024
2,0,0,0.23397131
2,1,1,0.8411542
2,0,1,0.73357
2,1,1,0.80309904
2,1,1,0.7990961
2,0,0,0.19398886
2,1,1,0.77279574
2,0,0,0.19156948
2,1,0,0.21279329
2,1,1,0.8532429
2,0,1,0.6305192
2,1,1,0.89779145
2,0,0,0.3487505
2,0,0,0.43179658
2,1,0,0.479094
2,0,1,0.7141123
2,0,1,0.5967008
2,0,0,0.3426158
2,0,1,0.7542915
2,1,1,0.82403284
2,1,0,0.37259397
2,0,0,0.19177231
2,1,0,0.31688178
2,0,0,0.05429951
2,1,1,0.57391924
2,1,1,0.6952364
2,0,0,0.33348563
2,1,1,0.66034657
2,1,0,0.44408995
2,0,0,0.310005
2,0,1,0.6922146
2,1,1,0.654148
2,0,0,0.33202738
2,1,0,0.49859568
2,1,1,0.9262183
2,0,0,0.44245452
2,1,0,0.46853575
2,1,1,0.8680183
2,0,1,0.6095626
2,1,1,0.9192326
2,0,0,0.41667634
2,1,1,0.75530136
2,0,0,0.35071698
2,1,1,0.6273633
2,1,1,0.85437113
2,0,1,0.67984295
2,0,0,0.48577496
2,0,0,0.45636705
2,1,1,0.5170356
2,1,0,0.3827126
2,0,0,0.46770045
2,0,1,0.7063431
2,1,1,0.60117704
2,0,0,0.42752534
2,0,1,0.5910496
2,1,1,0.5724806
2,0,0,0.34882417
2,1,1,0.79018503
2,0,0,0.28894392
2,1,0,0.44548512
2,1,1,0.8751677
2,0,0,0.18000795
2,1,1,0.68975884
2,0,0,0.34373105
2,1,0,0.27390176
2,1,0,0.3654684
2,0,1,0.5836833
2,0,1,0.5624816
2,1,1,0.77463233
2,1,1,0.6647884
2,1,1,0.7121804
2,1,1,0.5581638
2,1,0,0.11205311
2,0,0,0.069193825
2,0,0,0.24421476
2,0,0,0.11282963
2,0,0,0.16607018
2,1,1,0.6366508
2,1,1,0.81123006
2,0,0,0.24429041
2,1,0,0.27472028
2,0,1,0.6746175
2,1,0,0.44385737
2,0,0,0.2666918
2,1,1,0.73070836
2,0,1,0.6385422
2,0,0,0.05080588
2,0,0,0.06984791
2,1,0,0.41904446
2,1,0,0.36628926
2,1,1,0.7501542
2,0,1,0.6237216
2,0,1,0.65563005
2,0,1,0.6832684
2,0,0,0.19764872
2,1,1,0.9447758
2,1,0,0.4423911
2,0,0,0.2579058
2,1,1,0.9457617
2,0,0,0.17634492
2,1,1,0.9398232
2,0,0,0.45483324
2,1,1,0.57992834
2,1,1,0.97142863
2,0,1,0.72169816
2,1,0,0.40132615
2,0,1,0.61796856
2,0,0,0.23832856
2,1,1,0.93080664
2,1,1,0.8743749
2,0,1,0.6890762
2,1,1,0.6376121
2,1,0,0.31856444
2,0,0,0.12836432
2,1,1,0.9043317
2,0,0,0.03589259
2,0,0,0.21967995
2,1,1,0.91368335
2,1,1,0.9274504
2,0,1,0.54246724
2,1,1,0.8413257
2,1,1,0.9232232
2,0,1,0.7222639
2,1,0,0.405233
2,0,1,0.7566417
2,1,0,0.27408466
2,0,0,0.2541369
2,0,0,0.23764527
2,1,1,0.654724
2,1,1,0.8633626
2,0,1,0.655605
2,1,0,0.42073
2,1,1,0.74416137
2,0,1,0.7525081
2,1,1,0.92592937
2,0,0,0.18748917
2,0,0,0.3422053
2,0,0,0.19039062
2,0,0,0.28033027
2,1,1,0.7659997
2,0,0,0.35323593
2,0,0,0.05952424
2,1,1,0.89314365
2,0,1,0.85078853
2,0,1,0.7894457
2,0,1,0.52449477
2,0,0,0.26756844
2,1,1,0.93721044
2,0,0,0.33737102
2,1,0,0.3928587
2,1,1,0.7412742
2,0,1,0.53412354
2,0,0,0.117838785
2,0,0,0.2804317
2,1,1,0.9536135
2,1,1,0.750038
2,1,1,0.6516672
2,0,1,0.6439428
2,1,1,0.9159445
2,1,1,0.55210435
2,1,1,0.7162836
2,1,1,0.9700917
2,0,0,0.2288979
2,0,0,0.22200081
2,1,1,0.5244093
2,1,0,0.43476745
2,1,1,0.8718263
2,0,0,0.100640215
2,1,1,0.8644748
2,0,0,0.425074
2,0,0,0.17347132
2,0,0,0.4312682
2,0,0,0.12341665
2,1,1,0.93256885
2,0,0,0.4799111
2,1,1,0.69117963
2,1,1,0.8355848
2,0,1,0.71907306
2,0,1,0.6710517
2,0,0,0.35259897
2,0,0,0.1563012
2,0,1,0.83338493
2,1,1,0.9282852
2,0,0,0.24572244
2,1,1,0.8128595
2,0,0,0.34280083
2,0,1,0.73471344
2,0,1,0.5806977
2,0,0,0.20541847
2,1,1,0.7741468
2,0,1,0.5078984
2,0,1,0.5942666
2,1,1,0.7609565
2,0,1,0.5806298
2,1,1,0.8201401
2,1,1,0.7578049
2,0,1,0.78551346
2,1,1,0.82445127
2,0,0,0.35405794
2,1,0,0.28304192
2,1,0,0.42491463
2,0,0,0.2423028
2,1,0,0.25883973
2,0,0,0.40298
2,0,1,0.70948035
2,0,0,0.10304997
2,1,1,0.61432004
2,0,0,0.32433808
2,0,1,0.8946457
2,1,1,0.77976304
2,1,0,0.28360116
2,1,0,0.4993781
2,1,0,0.40744045
2,1,0,0.4760467
2,1,1,0.5092699
2,0,1,0.63392097
2,0,1,0.8528865
2,1,1,0.5849805
2,0,1,0.89422905
2,0,0,0.13772404
2,1,1,0.8207372
2,0,0,0.33457905
2,0,1,0.74480635
2,0,1,0.8078991
2,1,1,0.60868514
2,1,1,0.5398258
2,0,0,0.19412279
2,1,1,0.892868
2,1,0,0.39559597
2,0,1,0.5955721
2,1,1,0.5795859
2,1,0,0.37786385
2,0,1,0.77066916
2,1,1,0.84652543
2,1,0,0.41102204
2,0,0,0.49345574
2,0,1,0.74783295
2,0,1,0.645867
2,0,1,0.7316362
2,0,0,0.4587393
2,1,0,0.39093357
2,1,1,0.6748555
2,0,0,0.4155456
2,1,0,0.38124394
2,0,0,0.4611022
2,0,1,0.73911893
2,0,0,0.39806533
2,0,1,0.61224705
2,0,0,0.47048646
2,1,0,0.47523132
2,0,0,0.3122767
2,1,1,0.81461185
2,0,0,0.27845863
2,0,0,0.45617768
2,1,1,0.64130116
2,1,1,0.8728196
2,1,1,0.6123127
2,1,1,0.7907409
2,0,0,0.11184504
2,1,1,0.90957963
2,1,1,0.5578667
2,1,1,0.6142045
2,1,1,0.78171396
2,0,1,0.66680825
2,0,0,0.030025007
2,0,0,0.08639862
2,1,1,0.7055436
2,0,0,0.317212
2,0,0,0.0918415
2,0,1,0.56178665
2,1,1,0.77452534
2,0,0,0.451498
2,1,1,0.97040457
2,1,1,0.8393461
2,1,1,0.9284759
2,1,1,0.91655356
2,1,0,0.4290442
2,1,1,0.5510988
2,0,1,0.5100422
2,0,0,0.027890785
2,1,1,0.7791482
2,0,0,0.42551783
2,0,0,0.336472
2,0,1,0.57949173
2,0,1,0.73624593
2,0,0,0.40463528
2,0,0,0.32808957
2,0,0,0.3065994
2,0,1,0.75765276
2,1,0,0.44369975
2,0,0,0.1795264
2,0,1,0.5503362
2,1,0,0.2689663
2,1,1,0.8231014
2,1,1,0.8669061
2,0,1,0.7284243
2,1,1,0.55186033
2,1,1,0.8558103
2,0,0,0.160335
2,1,0,0.41864258
2,0,0,0.42237675
2,0,1,0.62043405
2,1,1,0.9680081
2,1,1,0.77722967
2,0,0,0.32693622
2,0,0,0.45095187
2,0,0,0.4078458
2,0,0,0.28539312
2,0,0,0.23515852
2,0,1,0.90302825
2,0,1,0.95539534
2,0,0,0.29265273
2,0,1,0.54166675
2,1,1,0.8604073
2,1,0,0.39384314
2,1,1,0.5735416
2,0,0,0.44215268
2,1,1,0.774039
2,0,0,0.47250652
2,0,1,0.5374284
2,1,1,0.70478374
2,1,1,0.5599469
2,0,1,0.89151216
2,0,0,0.06770198
2,0,1,0.8857033
2,1,1,0.65423757
2,0,0,0.039829835
2,0,1,0.5848548
2,0,1,0.9400048
2,1,1,0.8107337
2,1,1,0.92108184
2,1,0,0.27472657
2,1,1,0.9111365
2,1,1,0.7288369
2,0,0,0.25464982
2,0,0,0.16610833
2,0,1,0.502842
2,1,0,0.49597946
2,1,1,0.640714
2,1,1,0.7615502
2,1,1,0.6223216
2,0,0,0.32500947
2,0,1,0.7119876
2,1,1,0.672489
2,1,0,0.3909828
2,0,1,0.6457874
2,0,0,0.038823154
2,1,1,0.6724487
2,0,0,0.10514411
2,1,1,0.6520483
2,0,0,0.31524414
2,1,1,0.66322845
2,1,1,0.7385339
2,1,0,0.4633351
2,1,1,0.6730253
2,0,0,0.15143286
2,1,1,0.6461568
2,1,0,0.37754956
2,0,1,0.60438776
2,1,0,0.20786937
2,0,1,0.73658496
2,1,1,0.88452566
2,0,0,0.20136903
2,0,1,0.51390445
2,0,0,0.40041706
2,0,0,0.4864796
2,0,0,0.21176015
2,0,1,0.69546944
2,1,1,0.72047186
2,1,0,0.3198177
2,0,0,0.38558692
2,0,1,0.8911495
2,1,1,0.78264886
2,0,0,0.17888841
2,1,1,0.7246561
2,1,1,0.8800203
2,1,1,0.8305212
2,0,0,0.32110015
2,1,1,0.6685344
2,1,1,0.7824983
2,0,0,0.2061523
2,0,1,0.7693349
2,0,0,0.4150429
2,1,1,0.7061226
2,0,1,0.620004
2,0,0,0.07030852
2,0,1,0.6318048
2,1,1,0.55588233
2,0,0,0.311719
2,0,1,0.9203709
2,0,0,0.37410325
2,1,1,0.9089411
2,0,0,0.08083809
2,1,1,0.8554054
2,0,0,0.39770478
2,0,1,0.87095314
2,1,1,0.8854183
2,1,1,0.8748009
2,0,0,0.16072784
2,0,1,0.8183226
2,0,0,0.48119086
2,0,0,0.3530651
2,1,1,0.8555749
2,1,1,0.6267348
2,0,0,0.36460045
2,1,0,0.44636717
2,1,1,0.8870131
2,1,1,0.83424777
2,0,1,0.5236853
2,1,0,0.31134206
2,1,1,0.8902513
2,1,1,0.73561627
2,1,1,0.83856034
2,0,0,0.4773687
2,0,1,0.7750165
2,1,0,0.48319373
2,1,0,0.37216958
2,0,0,0.3879288
2,1,1,0.5814959
2,1,1,0.8398102
2,0,1,0.7733376
2,1,1,0.86110276
2,0,1,0.82260734
2,1,1,0.9353889
2,0,1,0.5912638
2,0,1,0.7708437
2,0,1,0.74769825
2,1,1,0.88202626
2,0,1,0.67754966
2,1,0,0.4068639
2,1,1,0.63899297
2,0,0,0.14729105
2,0,0,0.49099433
2,1,1,0.75896585
2,0,1,0.54579496
2,0,1,0.87999547
2,1,0,0.22024797
2,0,1,0.67348504
2,0,0,0.26728576
2,1,1,0.5939875
2,0,1,0.51129615
2,1,1,0.55778885
2,1,1,0.71794736
2,0,0,0.37766507
2,1,1,0.62082416
2,1,1,0.79699594
2,1,0,0.36310607
2,1,0,0.4722719
2,0,1,0.70100456
2,0,0,0.34962538
2,0,1,0.6375555
2,0,0,0.19718741
2,0,0,0.11976071
2,0,0,0.32765356
2,1,1,0.92424077
2,1,1,0.7560577
2,1,1,0.72227645
2,1,0,0.34506822
2,1,1,0.6644099
2,1,1,0.7068666
2,0,0,0.38028544
2,0,1,0.5629538
2,0,1,0.7589023
2,1,1,0.5448067
2,1,0,0.2622003
2,1,0,0.34159246
2,1,0,0.47394127
2,1,0,0.26891807
2,1,1,0.6149656
2,1,1,0.70130855
2,0,0,0.21771254
2,1,1,0.69307655
2,1,1,0.72587025
2,1,1,0.8867938
2,0,0,0.43508264
2,0,0,0.058568466
2,0,0,0.40617776
2,0,0,0.32035008
2,1,0,0.4474831
2,0,0,0.23011549
2,0,0,0.34556946
2,0,0,0.33276454
2,1,1,0.71507233
2,1,1,0.71701044
2,0,0,0.12942167
2,1,1,0.5561122
2,0,0,0.3068228
2,1,1,0.8264827
2,0,0,0.17449334
2,1,1,0.58380777
2,0,1,0.7737549
2,1,1,0.87476045
2,1,1,0.9582486
2,0,1,0.70725876
2,0,1,0.78486484
2,0,0,0.45118168
2,1,0,0.38227543
2,1,1,0.5287824
2,0,0,0.4308714
2,1,1,0.8384503
2,1,1,0.5304167
2,1,0,0.34060416
2,1,1,0.731174
2,0,1,0.8407217
2,0,1,0.62912035
2,0,0,0.28188667
2,1,1,0.7399011
2,0,0,0.49402472
2,1,0,0.35435948
2,0,0,0.40168226
2,1,1,0.82376075
2,1,1,0.8809433
2,0,1,0.7819038
2,1,1,0.5619863
2,0,0,0.19072984
2,0,0,0.11176363
2,1,1,0.91923785
2,1,1,0.8582481
2,1,0,0.47602051
2,0,1,0.6179681
2,1,1,0.88953364
2,1,1,0.7490349
2,1,1,0.8429268
2,0,1,0.85873467
2,0,1,0.7029803
2,0,0,0.34523585
2,1,1,0.88032645
2,0,0,0.17822587
2,0,0,0.3150344
2,1,1,0.87433887
2,1,1,0.9119087
2,0,1,0.6417786
2,1,1,0.946125
2,0,0,0.3136519
2,0,0,0.18093325
2,1,1,0.8940533
2,0,1,0.5322198
2,0,1,0.70532805
2,1,1,0.92877024
2,0,1,0.9710153
2,1,0,0.48490572
2,1,0,0.3771393
2,1,1,0.8559312
2,1,0,0.3579459
2,1,0,0.33711913
2,1,0,0.176108
2,0,0,0.10605392
2,1,1,0.6259782
2,1,0,0.36020204
2,0,1,0.7725255
2,0,0,0.36311966
2,1,1,0.8057665
2,0,0,0.14585073
2,0,1,0.62505394
2,0,0,0.09250171
2,1,1,0.96604186
2,0,0,0.4579348
2,0,0,0.044241704
2,0,1,0.5669854
2,0,1,0.5148408
2,0,1,0.6104076
2,1,1,0.940695
2,1,1,0.5912504
2,0,0,0.42310876
2,1,1,0.8784032
2,1,1,0.7180295
2,0,0,0.24909231
2,0,1,0.89413553
2,1,1,0.79037684
2,0,1,0.8022968
2,0,1,0.91348225
2,1,1,0.949627
2,0,0,0.42270425
2,0,1,0.84821784
2,1,1,0.78412944
2,0,1,0.61559397
2,1,1,0.60406405
2,1,1,0.572938
2,0,1,0.64961076
2,0,0,0.27310744
2,1,1,0.9710725
2,1,1,0.83301884
2,1,1,0.6448778
2,0,0,0.04109723
2,0,1,0.5112941
2,1,1,0.74569887
2,0,1,0.67008394
2,0,0,0.41819292
2,0,0,0.11655291
2,0,0,0.24935421
2,1,0,0.41144276
2,0,1,0.78373873
2,0,1,0.8154321
2,0,1,0.52508855
2,1,0,0.48823044
2,1,1,0.6980683
2,1,1,0.6049606
2,0,1,0.65835947
2,0,1,0.6608796
2,0,1,0.66529876
2,0,1,0.6922819
2,1,1,0.83106464
2,1,1,0.5246776
2,1,1,0.9710725
2,1,1,0.83301884
2,1,1,0.6448778
2,0,0,0.04109723
2,0,1,0.5112941
2,1,1,0.74569887
2,0,1,0.67008394
2,0,0,0.41819292
2,0,0,0.11655291
2,0,0,0.24935421
2,1,0,0.41144276
2,0,1,0.78373873
2,1,1,0.92134523
2,1,0,0.30552712
2,0,0,0.45654607
2,0,0,0.057368316
2,0,0,0.24990772
2,1,1,0.6587018
2,1,1,0.78266215
2,0,0,0.14457446
2,0,1,0.7461342
2,0,0,0.4847337
2,0,0,0.15311109
2,1,1,0.81779855
2,1,1,0.70615804
2,0,0,0.18543403
2,1,1,0.6590544
2,0,0,0.052102193
2,0,0,0.46723318
2,1,1,0.6149408
2,0,0,0.10894982
2,0,0,0.4226835
2,1,0,0.09769169
2,1,1,0.9532756
2,0,1,0.6633749
2,0,0,0.46181142
2,0,0,0.39143255
2,1,1,0.7530993
2,0,1,0.7210481
2,1,1,0.57235944
2,1,1,0.85494435
2,1,1,0.5491588
2,0,0,0.34785706
2,0,0,0.04676701
2,1,1,0.6108712
2,1,0,0.47645932
2,0,0,0.4356138
2,1,1,0.5970385
2,1,1,0.79833144
2,0,1,0.52231777
2,0,1,0.5051438
2,0,0,0.05608075
2,1,1,0.80528826
2,1,1,0.77766144
2,1,1,0.89444166
2,1,1,0.65167683
2,0,1,0.64016205
2,0,0,0.36597413
2,1,1,0.84841067
2,0,1,0.873439
2,1,1,0.5331308
2,0,1,0.53811723
2,1,1,0.9159355
2,1,1,0.79073775
2,0,0,0.4008009
2,1,1,0.7777686
2,1,0,0.24762443
2,0,0,0.25716352
2,0,0,0.10895541
2,0,0,0.07703276
2,1,1,0.6121331
2,0,0,0.2658049
2,0,0,0.45105627
2,1,1,0.6876732
2,1,1,0.68513095
2,0,0,0.24436784
2,0,0,0.15755448
2,0,1,0.5316456
2,1,1,0.6587971
2,1,1,0.6425558
2,0,1,0.5189692
2,1,0,0.3354554
2,0,1,0.66794735
2,1,0,0.49358428
2,0,1,0.554759
2,0,1,0.73170805
2,0,1,0.50209475
2,1,1,0.5311199
2,0,1,0.5859081
2,1,1,0.6256921
2,0,0,0.08526975
2,1,0,0.4540931
2,0,0,0.060140558
2,0,0,0.2619604
2,0,0,0.23836246
2,1,1,0.5219891
2,0,1,0.6909139
2,0,0,0.3975876
2,1,1,0.64750427
2,1,0,0.30059642
2,0,1,0.612853
2,0,0,0.30951583
2,1,1,0.60775936
2,0,0,0.0890957
2,1,1,0.6255409
2,1,1,0.8073893
2,1,1,0.5807309
2,0,1,0.67818433
2,0,0,0.31252486
2,1,0,0.3701674
2,0,0,0.23860417
2,0,0,0.15932225
2,0,1,0.5752743
2,1,1,0.5038311
2,0,0,0.23234834
2,0,1,0.73761314
2,0,1,0.6745933
2,1,1,0.92700756
2,0,1,0.8570196
2,1,1,0.744963
2,0,0,0.22660553
2,1,1,0.8417061
2,0,0,0.36740795
2,1,1,0.81895256
2,0,0,0.3440181
2,1,1,0.72850955
2,0,1,0.5504665
2,0,0,0.12070758
2,0,0,0.33209065
2,1,1,0.7970036
2,0,1,0.8287105
2,1,1,0.57474715
2,0,0,0.4401477
2,0,0,0.039723124
2,1,1,0.8996243
2,0,1,0.76215875
2,0,0,0.46322152
2,0,1,0.69610715
2,1,1,0.7166994
2,0,0,0.38423368
2,1,1,0.6861593
2,1,0,0.47131732
2,0,1,0.546417
2,1,1,0.97625935
2,1,1,0.89253175
2,1,1,0.73272526
2,0,0,0.31652853
2,1,1,0.89733166
2,0,1,0.8615961
2,0,0,0.3104478
2,0,1,0.66940045
2,1,1,0.6597222
2,0,0,0.20696709
2,1,1,0.7983185
2,0,1,0.70787436
2,1,1,0.86185855
2,0,0,0.105715
2,0,0,0.060711633
2,1,1,0.93796265
2,0,1,0.72900945
2,0,1,0.75646514
2,0,0,0.088965006
2,1,0,0.45383754
2,0,0,0.29677132
2,0,0,0.31642812
2,1,0,0.2735791
2,1,0,0.16874592
2,0,0,0.06467639
2,1,1,0.6208367
2,0,1,0.5319479
2,0,1,0.67611223
2,1,0,0.28847614
2,0,1,0.5861294
2,0,0,0.4226835
2,0,0,0.09769169
2,0,1,0.5946954
2,1,1,0.61001116
2,1,1,0.83250165
2,0,0,0.29580596
2,1,0,0.2856703
2,0,0,0.46723318
2,0,0,0.3519195
2,0,0,0.3063051
2,0,0,0.09609292
2,0,0,0.3218758
2,1,1,0.72057086
2,1,1,0.64661217
2,1,0,0.12531821
2,1,1,0.9501733
2,0,1,0.57547355
2,1,1,0.67647284
2,0,0,0.2822511
2,0,1,0.56407756
2,0,0,0.4621484
2,1,1,0.74625677
2,0,0,0.4283702
2,1,1,0.6759737
2,1,0,0.4573769
2,0,0,0.34242567
2,1,1,0.6867432
2,1,0,0.23501162
2,1,0,0.3712458
2,1,1,0.85868955
2,1,1,0.60046273
2,1,1,0.83655006
2,0,1,0.50459766
2,0,0,0.48931387
2,0,0,0.25167388
2,1,1,0.9595102
2,0,1,0.81145245
2,0,0,0.41264242
2,1,1,0.91704494
2,1,0,0.41357368
2,0,0,0.28691748
2,0,0,0.18793763
2,0,0,0.13343704
2,1,1,0.719557
2,0,0,0.31565136
2,1,1,0.7352867
2,0,1,0.7168968
2,0,1,0.5277575
2,0,0,0.38581106
2,1,1,0.74112296
2,1,0,0.37121996
2,1,1,0.923716
2,0,0,0.43005738
2,1,1,0.52404475
2,0,0,0.4951307
2,1,1,0.54489064
2,0,1,0.58155173
2,0,1,0.52376413
2,0,1,0.791908
2,1,1,0.74392956
2,0,0,0.36829793
2,0,1,0.72819823
2,1,1,0.74112296
2,0,0,0.35815048
2,1,1,0.7346586
2,1,1,0.8049094
2,1,0,0.459323
2,0,1,0.9042162
2,0,0,0.27007443
2,1,1,0.5217191
2,1,1,0.8749161
2,1,0,0.25989804
2,1,1,0.720923
2,1,0,0.15701729
2,1,1,0.76991487
2,1,0,0.47305554
2,1,0,0.44687325
2,1,1,0.8645457
2,0,0,0.43896508
2,0,1,0.573683
2,0,0,0.038900573
2,1,0,0.36565185
2,0,0,0.4441305
2,0,0,0.14248648
2,1,1,0.7266125
2,0,0,0.049700327
2,1,1,0.5558855
2,0,1,0.55118257
2,1,0,0.36927417
2,0,0,0.29354838
2,1,0,0.4826388
2,0,0,0.3431107
2,0,0,0.43126744
2,1,1,0.6640388
2,0,1,0.75586987
2,0,1,0.71822053
2,0,0,0.10428987
2,1,0,0.4332354
2,0,0,0.28583676
2,1,0,0.20374632
2,0,1,0.5053891
2,1,0,0.49034467
2,0,0,0.3590666
2,1,0,0.29518384
2,0,0,0.43251738
2,0,0,0.09880987
2,0,0,0.17853126
2,0,0,0.14953062
2,1,1,0.526564
2,0,0,0.28075343
2,0,1,0.9125713
2,0,0,0.49141994
2,0,1,0.7045512
2,0,1,0.6103743
2,1,1,0.6731027
2,0,1,0.6111056
2,1,1,0.8049207
2,0,1,0.74739444
2,1,1,0.5747714
2,0,0,0.4493382
2,1,1,0.8775876
2,1,1,0.79014075
2,1,1,0.5770348
2,1,1,0.8260204
2,1,1,0.77561665
2,0,1,0.592882
2,0,0,0.42840353
2,0,1,0.7410081
2,1,1,0.94736284
2,1,1,0.685148
2,1,1,0.72932404
2,1,1,0.79094744
2,0,1,0.60120064
2,0,0,0.48198363
2,1,1,0.63482904
2,0,1,0.78567487
2,0,1,0.7111779
2,0,1,0.80125856
2,0,1,0.678376
2,1,1,0.8664436
2,1,1,0.552638
2,1,1,0.56493837
2,0,0,0.26618963
2,0,1,0.58241975
2,1,1,0.68376744
2,0,1,0.673872
2,1,0,0.3618256
2,0,1,0.7246318
2,1,1,0.63764626
2,1,1,0.72863305
2,0,0,0.08441295
2,0,0,0.13078602
2,0,0,0.2701138
2,0,0,0.12398683
2,0,0,0.46305245
2,1,1,0.58818114
2,1,1,0.76949847
2,1,1,0.6367399
2,1,1,0.77473986
2,1,1,0.5652975
2,1,0,0.4408829
2,1,1,0.74362594
2,1,1,0.8099082
2,1,1,0.6006208
2,0,0,0.3975539
2,1,1,0.60265017
2,1,1,0.5517302
2,1,1,0.7026945
2,0,1,0.50374514
2,1,1,0.6034564
2,1,1,0.8257536
2,1,1,0.80052197
2,0,0,0.36297798
2,0,1,0.67804873
2,0,1,0.7359729
2,0,1,0.5326011
2,0,0,0.27509695
2,0,0,0.44900277
2,0,1,0.54856306
2,0,1,0.5274447
2,0,1,0.7592087
2,0,1,0.75791967
2,0,1,0.6688661
2,0,1,0.73281395
2,0,1,0.629679
2,1,1,0.6134405
2,1,1,0.88350713
2,0,1,0.73582107
2,0,1,0.5681523
2,0,0,0.21113108
2,0,1,0.50567144
2,1,1,0.6957021
2,0,0,0.2301019
2,0,0,0.3874492
2,0,1,0.94603896
2,0,1,0.63585955
2,0,1,0.84493804
2,0,0,0.38017341
2,0,0,0.14972347
2,0,0,0.108507864
2,0,0,0.1320029
2,1,1,0.74184847
2,0,0,0.40027243
2,0,1,0.84664136
2,0,0,0.114437334
2,0,0,0.12622768
2,1,1,0.8477822
2,0,0,0.3929712
2,0,0,0.40997732
2,0,1,0.59051085
2,0,0,0.34892437
2,1,1,0.71356875
2,0,1,0.8085615
2,0,1,0.5273204
2,0,1,0.5920771
2,0,1,0.7883494
2,0,1,0.63771003
2,0,0,0.48663506
2,1,1,0.52248764
2,1,1,0.671071
2,1,0,0.14422812
2,1,0,0.46204436
2,0,1,0.57718885
2,1,0,0.37660733
2,1,1,0.53588367
2,1,0,0.36683038
2,0,0,0.27419817
2,1,1,0.5446765
2,1,1,0.67267627
2,1,1,0.6300998
2,1,1,0.5590069
2,0,0,0.18946159
2,1,0,0.23278922
2,1,1,0.5407812
2,1,0,0.39959562
2,1,1,0.5473245
2,1,1,0.5971607
2,1,0,0.2468925
2,1,0,0.33270237
2,1,0,0.38760737
2,1,1,0.78962576
2,1,1,0.7055139
2,0,0,0.38562006
2,1,1,0.7243413
2,1,1,0.54775226
2,0,0,0.33377674
2,1,1,0.62461853
2,0,0,0.21504629
2,0,1,0.62300897
2,1,1,0.72130877
2,1,1,0.6270161
2,0,1,0.6275344
2,0,0,0.22964756
2,0,0,0.26999357
2,0,1,0.6033028
2,1,0,0.2399168
2,0,0,0.14149775
2,0,0,0.21299616
2,0,0,0.40480062
2,0,0,0.4286262
2,1,1,0.79850835
2,0,1,0.76526755
2,0,1,0.6503436
2,0,0,0.43617755
2,1,1,0.59385854
2,1,1,0.57022786
2,1,0,0.14232445
2,0,0,0.41160113
2,1,0,0.19391614
2,1,0,0.3576998
2,0,1,0.5096979
2,0,0,0.45456004
2,0,1,0.6338653
2,1,1,0.51518756
2,0,0,0.17332989
2,0,1,0.61184084
2,1,1,0.8098724
2,0,1,0.5857765
2,0,0,0.36875203
2,1,1,0.7956847
2,1,0,0.42725018
2,1,0,0.35209963
2,0,0,0.31356606
2,0,1,0.60962456
2,0,1,0.71072096
2,0,0,0.16541882
2,1,0,0.34755883
2,0,0,0.2989485
2,1,1,0.5453685
2,0,0,0.49002388
2,0,1,0.55420387
2,0,0,0.2939351
2,0,0,0.1428945
2,1,0,0.3158648
2,1,0,0.22603387
2,1,0,0.3662149
2,0,1,0.8491672
2,0,1,0.7574583
2,1,1,0.67386866
2,0,0,0.27396667
2,0,1,0.5411807
2,0,1,0.5652232
2,1,1,0.7540303
2,1,1,0.7125571
2,1,1,0.7526573
2,1,1,0.9045805
2,0,1,0.55515414
2,0,1,0.5972873
2,0,0,0.29074857
2,0,1,0.5785224
2,0,0,0.39392707
2,1,1,0.78082347
2,1,0,0.48002848
2,1,1,0.65198
2,0,1,0.6660496
2,1,1,0.87738794
2,1,1,0.5803099
2,1,1,0.7032824
2,0,1,0.5150148
2,0,1,0.55338895
2,0,1,0.7024705
2,1,1,0.62592506
2,0,1,0.72760195
2,1,1,0.79895353
2,1,1,0.7151257
2,0,0,0.36638588
2,0,0,0.14901489
2,0,0,0.396456
2,1,1,0.7180292
2,1,1,0.9778054
2,1,1,0.6583799
2,1,1,0.78640646
2,1,1,0.5600461
2,0,0,0.05498826
2,0,1,0.9221238
2,1,1,0.64079964
2,0,0,0.046476483
2,0,0,0.32547036
2,0,0,0.17328006
2,0,0,0.04006565
2,0,1,0.8309045
2,1,1,0.65744513
2,0,0,0.38587874
2,1,1,0.6439613
2,0,0,0.16485922
2,1,0,0.23632617
2,0,0,0.41708034
2,1,0,0.17928563
2,1,0,0.11647084
2,1,1,0.58827853
2,0,0,0.21160935
2,0,0,0.18497293
2,1,0,0.32371226
2,1,0,0.47547925
2,0,0,0.35690418
2,1,0,0.09937494
2,0,0,0.24946234
2,1,1,0.6283739
2,0,0,0.2958216
2,1,0,0.43807706
2,1,0,0.14208038
2,0,0,0.19135481
2,0,0,0.19871384
2,0,0,0.20951243
2,0,0,0.054144517
2,0,0,0.12136915
2,0,1,0.5523279
2,0,0,0.16336073
2,0,0,0.11483633
2,0,1,0.5760004
2,1,1,0.53089386
2,0,0,0.069318
2,0,0,0.1327965
2,0,0,0.1484796
2,1,0,0.23493204
2,0,0,0.23284103
2,0,0,0.06211754
2,0,0,0.10759532
2,1,0,0.052424435
2,0,0,0.09870772
2,0,0,0.07841229
2,1,0,0.06476708
2,1,1,0.82170475
2,0,1,0.5266592
2,0,1,0.56768584
2,0,1,0.7496561
2,1,1,0.7503514
2,1,0,0.18630657
2,1,1,0.69787395
2,0,1,0.58945745
2,0,1,0.5427465
2,1,1,0.78236353
2,1,1,0.6315597
2,0,0,0.4780494
2,1,1,0.9699728
2,1,1,0.77830124
2,0,0,0.34502757
2,0,0,0.27401182
2,0,1,0.7895087
2,1,1,0.7989608
2,1,1,0.6955734
2,1,1,0.8782857
2,0,0,0.17019996
2,0,1,0.51370305
2,0,1,0.60026586
2,1,1,0.8525319
2,0,0,0.48657835
2,0,0,0.2965344
2,0,0,0.3308819
2,1,0,0.14913265
2,1,1,0.78733957
2,0,0,0.0949995
2,1,0,0.46164843
2,1,0,0.48878673
2,0,0,0.13179997
2,1,1,0.89041305
2,1,1,0.7730947
2,0,1,0.6201317
2,0,1,0.78822815
2,0,1,0.5793201
2,0,1,0.55822456
2,0,1,0.56893605
2,0,1,0.60478985
2,0,1,0.5470792
2,0,1,0.53767246
2,1,1,0.70718277
2,0,1,0.52158594
2,0,1,0.6705118
2,1,1,0.72691923
2,1,1,0.64836013
2,1,1,0.74664605
2,1,1,0.7696991
2,0,1,0.52631617
2,1,1,0.78543586
2,0,1,0.7731354
2,0,1,0.6529638
2,1,1,0.7085058
2,1,1,0.7172883
2,0,0,0.049636323
2,1,0,0.28906366
2,0,0,0.34934375
2,1,1,0.8322532
2,0,0,0.055469003
2,1,0,0.24199338
2,1,0,0.39927334
2,0,0,0.24827169
2,1,1,0.71276253
2,1,1,0.5807017
2,0,1,0.55869174
2,1,1,0.64011997
2,0,0,0.2935814
2,1,1,0.6217584
2,0,0,0.44933063
2,0,0,0.30206788
2,0,0,0.40238142
2,1,0,0.3624194
2,0,0,0.34540224
2,0,1,0.58508635
2,0,1,0.63372207
2,1,0,0.44354707
2,1,0,0.4916905
2,0,0,0.44120678
2,1,0,0.46264273
2,0,0,0.110904485
2,1,1,0.70465326
2,0,1,0.70901483
2,1,0,0.27973923
2,0,0,0.28826433
2,0,0,0.062388055
2,0,1,0.6722895
2,0,0,0.42456555
2,0,0,0.3154779
2,0,0,0.33701468
2,1,0,0.2913713
2,0,0,0.37674657
2,1,1,0.75838125
2,0,0,0.09021967
2,1,1,0.9181888
2,1,1,0.69821465
2,0,0,0.040136497
2,0,0,0.19634856
2,1,1,0.70600444
2,0,0,0.045709938
2,0,1,0.69735384
2,1,1,0.73462653
2,1,1,0.75875616
2,0,1,0.5307643
2,1,1,0.6655899
2,1,1,0.62964773
2,0,0,0.32465965
2,0,1,0.6259877
2,0,1,0.6710747
2,1,1,0.78221375
2,1,1,0.5059148
2,1,0,0.49736458
2,1,1,0.6390663
2,0,1,0.6728495
2,1,1,0.6874974
2,1,1,0.70549166
2,0,0,0.49509722
2,0,1,0.50338596
2,0,0,0.16653788
2,1,1,0.6959135
2,0,0,0.16182226
2,0,0,0.07888667
2,1,1,0.81823975
2,1,1,0.89296603
2,0,0,0.16035661
2,0,0,0.104700424
2,0,0,0.48493946
2,0,0,0.17525314
2,0,1,0.7042289
2,1,1,0.6096744
2,0,1,0.7482692
2,1,0,0.49162218
2,1,0,0.3658776
2,1,1,0.76882666
2,1,1,0.6117517
2,1,1,0.592776
2,0,1,0.60214365
2,1,1,0.69498163
2,0,1,0.7273489
2,0,1,0.68833053
2,0,0,0.39869136
2,0,1,0.7791649
2,0,1,0.6800753
2,1,1,0.76485205
2,1,1,0.71922505
2,0,1,0.73654765
2,0,1,0.9243861
2,0,0,0.19528195
2,0,0,0.1551397
2,1,1,0.9160652
2,0,0,0.08427855
2,1,0,0.19765186
2,1,1,0.61343634
2,0,0,0.17166544
2,1,1,0.87670016
2,1,1,0.70207185
2,0,0,0.4326873
2,1,0,0.25567558
2,0,0,0.124529615
2,0,1,0.7683931
2,0,0,0.37571788
2,0,1,0.5049025
2,1,1,0.652647
2,1,1,0.81054497
2,1,1,0.77465177
2,1,1,0.7425763
2,1,1,0.8614135
2,0,1,0.7899689
2,0,1,0.6260942
2,0,1,0.5109272
2,1,1,0.561231
2,0,1,0.5518889
2,1,1,0.6969608
2,0,1,0.65085495
2,0,0,0.14135751
2,1,1,0.6563165
2,1,1,0.548737
2,1,1,0.50676656
2,1,1,0.6355035
2,1,0,0.47065017
2,0,1,0.56353384
2,1,1,0.5613124
2,1,0,0.39995345
2,0,1,0.5127497
2,0,0,0.07801751
2,1,0,0.46787918
2,1,1,0.7928173
2,1,0,0.3661625
2,0,0,0.4860573
2,0,0,0.28417298
2,1,1,0.83526117
2,0,1,0.5064779
2,0,0,0.073940285
2,0,0,0.4561059
2,0,1,0.5568755
2,0,1,0.55854297
2,0,1,0.6893496
2,0,0,0.49645033
2,0,0,0.31691107
2,1,1,0.89037913
2,1,1,0.8790188
2,1,1,0.51542926
2,1,1,0.6146661
2,0,0,0.30821735
2,1,0,0.14838277
2,1,1,0.9025344
2,1,1,0.62196636
2,0,1,0.73648715
2,1,1,0.5432292
2,1,1,0.9210007
2,1,1,0.8475766
2,1,1,0.94357485
2,1,0,0.27931067
2,0,0,0.22294152
2,0,0,0.22393292
2,0,0,0.04126062
2,0,0,0.11934338
2,1,1,0.72057176
2,0,0,0.19090973
2,0,0,0.06959256
2,0,0,0.2654222
2,1,1,0.88685274
2,0,0,0.25005808
2,0,0,0.13910557
2,1,0,0.45814055
2,1,1,0.58314675
2,0,0,0.07329002
2,0,0,0.07855384
2,0,0,0.048468746
2,1,0,0.379118
2,1,0,0.3720278
2,1,1,0.5470131
2,0,0,0.08770242
2,0,1,0.74048936
2,0,1,0.64834756
2,0,1,0.81943655
2,1,0,0.11942925
2,0,0,0.37252104
2,0,0,0.13701597
2,1,1,0.8722061
2,0,0,0.103225484
2,0,0,0.044876453
2,0,0,0.30690995
2,0,0,0.18850799
2,0,0,0.11745078
2,1,1,0.83871293
2,0,0,0.24951845
2,0,1,0.88625115
2,0,0,0.054357756
2,0,0,0.18909943
2,1,0,0.14183904
2,0,0,0.29096115
2,0,0,0.038662277
2,0,0,0.2618771
2,0,0,0.21336097
2,0,0,0.096763566
2,0,1,0.52876705
2,0,0,0.41901258
2,0,0,0.107162625
2,1,1,0.50990134
2,0,0,0.37735748
2,1,0,0.4777099
2,0,0,0.4315515
2,0,0,0.42054462
2,1,1,0.6999144
2,1,1,0.60511816
2,1,0,0.32766092
2,0,0,0.39913765
2,1,1,0.81118244
2,0,1,0.66650003
2,0,1,0.7603595
2,0,0,0.41568163
2,1,1,0.6702544
2,0,0,0.16399018
2,0,1,0.6716045
2,0,0,0.141604
2,1,1,0.57455957
2,1,1,0.9278639
2,1,1,0.8178455
2,0,0,0.39031768
2,0,0,0.03313767
2,1,0,0.3648919
2,1,1,0.6262437
2,1,0,0.16908516
2,0,0,0.37005284
2,0,1,0.55722225
2,0,0,0.23649544
2,1,1,0.87234724
2,0,1,0.70499796
2,0,0,0.05945042
2,0,0,0.30669487
2,1,0,0.38015404
2,0,0,0.15256885
2,1,1,0.6872954
2,1,0,0.2934252
2,1,1,0.50223494
2,0,0,0.054021265
2,1,1,0.6480986
2,0,1,0.6405069
2,0,0,0.099331565
2,1,1,0.79797125
2,1,1,0.7299861
2,1,1,0.82287246
2,1,1,0.70902437
2,1,1,0.69851524
2,1,1,0.53851146
2,0,1,0.86501676
2,0,0,0.3326397
2,0,1,0.8089454
2,0,0,0.25992557
2,0,0,0.42442518
2,0,0,0.42633787
2,1,1,0.82805663
2,0,1,0.76971966
2,0,1,0.5369194
2,0,1,0.61294854
2,0,0,0.33047235
2,0,1,0.58790314
2,1,0,0.43155617
2,0,1,0.687518
2,0,0,0.48831773
2,1,1,0.53932923
2,1,1,0.52597904
2,1,1,0.5113552
2,1,1,0.56084675
2,1,0,0.38238537
2,1,0,0.30377457
2,1,0,0.31989706
2,1,0,0.4920954
2,1,1,0.50690895
2,1,1,0.56377107
2,1,0,0.4184442
2,1,1,0.56008357
2,1,1,0.5379406
2,1,0,0.38497537
2,1,1,0.9616622
2,0,1,0.7484156
2,1,1,0.7417146
2,1,1,0.8674615
2,1,0,0.42729795
2,0,0,0.41033226
2,0,1,0.6200882
2,0,1,0.9594066
2,1,1,0.8085252
2,0,1,0.73923826
2,1,1,0.8478046
2,1,1,0.5511758
2,0,0,0.09040613
2,1,1,0.88793707
2,0,1,0.8828558
2,1,1,0.9620427
2,1,1,0.8124897
2,1,1,0.7917812
2,0,0,0.31435385
2,0,0,0.41295326
2,0,1,0.90318304
2,1,1,0.77887845
2,1,1,0.5837321
2,0,1,0.50105697
2,0,1,0.8773971
2,0,1,0.7314606
2,1,1,0.8304437
2,1,1,0.6370578
2,0,1,0.709834
2,1,1,0.75278264
2,0,1,0.63047105
2,0,1,0.5535004
2,0,0,0.19843973
2,0,1,0.60334694
2,0,0,0.2771028
2,1,1,0.73799485
2,1,1,0.59437466
2,1,1,0.79536796
2,0,1,0.72355366
2,0,0,0.39659256
2,1,1,0.6152268
2,0,1,0.7216874
2,1,0,0.4830836
2,1,1,0.63224214
2,0,1,0.50297666
2,1,1,0.6064523
2,1,1,0.7417755
2,0,0,0.038175594
2,0,0,0.19149788
2,1,1,0.76263434
2,0,0,0.03650225
2,1,0,0.2759431
2,0,0,0.29263195
2,1,1,0.89931613
2,1,1,0.7155623
2,1,1,0.8835464
2,0,0,0.07731968
2,0,0,0.3090785
2,0,0,0.090019494
2,0,0,0.31452885
2,0,0,0.38348475
2,0,0,0.22009291
2,1,1,0.7808513
2,1,1,0.8779481
2,0,0,0.41872823
2,1,1,0.7295917
2,0,0,0.027186105
2,0,0,0.16994202
2,0,0,0.37869576
2,1,0,0.4452916
2,0,0,0.42408967
2,1,0,0.46846974
2,1,1,0.69933265
2,1,1,0.5605279
2,0,0,0.20480812
2,0,1,0.6668499
2,0,0,0.18384548
2,0,0,0.39119563
2,1,0,0.49934512
2,0,0,0.4762665
2,0,1,0.9747892
2,0,1,0.67032194
2,1,0,0.37017757
2,1,1,0.5203287
2,0,0,0.46888945
2,1,1,0.836082
2,0,0,0.35185927
2,0,0,0.23383477
2,1,0,0.41407925
2,0,1,0.69033176
2,1,1,0.87836677
2,0,0,0.23360588
2,1,0,0.10118683
2,0,0,0.3245272
2,0,1,0.50093096
2,1,1,0.7919984
2,0,1,0.8764194
2,1,0,0.24437383
2,1,1,0.9277794
2,0,1,0.76092005
2,1,1,0.6668988
2,0,0,0.09898276
2,1,1,0.78456134
2,1,0,0.41850546
2,1,1,0.76982
2,0,1,0.8753925
2,0,1,0.6592737
2,1,0,0.3627081
2,0,0,0.081384644
2,0,1,0.68371403
2,0,0,0.44083962
2,0,1,0.5652501
2,1,0,0.47514388
2,0,0,0.40808544
2,0,0,0.21333499
2,0,0,0.40859643
2,1,1,0.5715521
2,1,1,0.81326777
2,1,1,0.8806653
2,0,0,0.23413427
2,1,0,0.31690645
2,0,0,0.116605654
2,1,1,0.93362546
2,1,1,0.7138744
2,0,1,0.7292918
2,0,0,0.2883217
2,1,1,0.81666714
2,0,1,0.7583438
2,0,1,0.76245517
2,1,1,0.61482835
2,0,0,0.42712843
2,1,1,0.8350862
2,1,1,0.8854085
2,0,1,0.55898535
2,0,0,0.43520266
2,0,0,0.42635116
2,1,1,0.8840865
2,0,1,0.80351406
2,1,1,0.67817396
2,1,1,0.88952255
2,0,0,0.43382704
2,0,0,0.1252641
2,1,1,0.6258783
2,0,0,0.17581941
2,1,1,0.62134385
2,1,1,0.69576037
2,0,0,0.45416036
2,0,1,0.5342908
2,1,0,0.3665354
2,0,0,0.042051543
2,1,0,0.27121943
2,1,0,0.24321364
2,0,0,0.27781308
2,0,0,0.20212997
2,0,1,0.5495813
2,0,0,0.37861222
2,1,1,0.73112875
2,1,1,0.7114737
2,1,1,0.51539034
2,1,1,0.9078912
2,1,1,0.53557825
2,0,1,0.5124778
2,0,0,0.34633818
2,1,1,0.6914491
2,0,0,0.48943606
2,0,0,0.3520945
2,1,1,0.68429834
2,0,0,0.4052647
2,1,1,0.9152894
2,0,1,0.5220902
2,0,1,0.64477086
2,1,1,0.62655205
2,1,1,0.82250947
2,1,1,0.5047945
2,0,0,0.030296361
2,1,1,0.96149474
2,0,1,0.7421746
2,1,1,0.8490362
2,1,0,0.45075232
2,0,0,0.055806153
2,1,1,0.58666974
2,0,1,0.8089952
2,0,1,0.7864761
2,1,1,0.8523555
2,0,0,0.09181737
2,0,0,0.12577307
2,1,0,0.41552314
2,0,1,0.545595
2,0,1,0.55467117
2,1,1,0.80256265
2,0,0,0.17847762
2,1,1,0.971934
2,1,1,0.78687733
2,0,0,0.33781686
2,1,1,0.5545853
2,0,1,0.58412564
2,0,1,0.6900862
2,1,1,0.873971
2,0,1,0.74650466
2,0,1,0.6301054
2,1,0,0.4549218
2,0,1,0.89359045
2,1,1,0.8644991
2,0,0,0.2599286
2,0,0,0.38303784
2,0,0,0.14031325
2,0,0,0.16836843
2,1,1,0.8603732
2,1,1,0.772285
2,1,0,0.3806836
2,1,1,0.82622963
2,1,1,0.62842816
2,0,0,0.27507406
2,1,0,0.3744298
2,0,1,0.7233262
2,0,0,0.17804892
2,0,0,0.107519515
2,1,1,0.65826786
2,0,0,0.39636058
2,1,1,0.8005389
2,0,0,0.11510237
2,0,1,0.5639459
2,1,1,0.97411186
2,0,1,0.8494584
2,1,1,0.75792974
2,0,0,0.03998267
2,1,0,0.40251812
2,0,0,0.040324487
2,0,0,0.2115408
2,1,0,0.3118124
2,0,1,0.64678985
2,0,0,0.3958282
2,0,0,0.10294601
2,0,1,0.62004864
2,1,0,0.2883461
2,1,0,0.13030267
2,1,1,0.8938545
2,1,1,0.5828905
2,0,0,0.30223984
2,0,0,0.35030434
2,0,0,0.4313797
2,1,1,0.61655414
2,0,1,0.6084984
2,0,0,0.3934583
2,1,1,0.8715281
2,0,0,0.4689881
2,0,0,0.438512
2,0,0,0.05021511
2,0,0,0.1394064
2,1,1,0.59172237
2,0,0,0.36593843
2,0,1,0.5002026
2,0,1,0.6744324
2,1,1,0.80585825
2,0,0,0.10724257
2,1,1,0.58086693
2,1,1,0.7077961
2,1,0,0.45486012
2,0,0,0.3710582
2,0,0,0.46651503
2,1,0,0.4612573
2,0,0,0.44155735
2,1,0,0.4458384
2,1,1,0.9126061
2,1,1,0.69710827
2,1,1,0.6070914
2,1,0,0.41157103
2,0,0,0.2881913
2,0,1,0.7860721
2,0,1,0.7115448
2,1,0,0.40860367
2,1,1,0.7756372
2,0,0,0.4837595
2,0,0,0.4131291
2,0,0,0.261595
2,1,0,0.46988702
2,0,1,0.77618587
2,0,0,0.18136017
2,1,1,0.92378813
2,0,1,0.6553915
2,1,1,0.64321226
2,0,1,0.6886059
2,1,1,0.9064084
2,1,1,0.75281656
2,1,0,0.29127198
2,1,0,0.3943786
2,0,0,0.32163784
2,0,1,0.581587
2,1,1,0.93981457
2,0,0,0.18296328
2,1,1,0.7546617
2,0,0,0.04894747
2,1,0,0.12198959
2,0,1,0.6093264
2,0,1,0.62728477
2,0,0,0.13537729
2,0,0,0.11098284
2,1,1,0.6438548
2,1,1,0.7810403
2,0,0,0.03613655
2,0,0,0.49556473
2,0,0,0.28252316
2,0,0,0.4335236
2,0,1,0.53351706
2,1,0,0.22353226
2,1,1,0.6100103
2,1,1,0.6376688
2,0,1,0.54277825
2,0,0,0.46789742
2,1,0,0.3371799
2,1,0,0.33077955
2,1,1,0.8822885
2,1,1,0.5049711
2,0,0,0.17920709
2,0,0,0.09859934
2,1,1,0.5089506
2,1,1,0.509297
2,1,1,0.746753
2,1,1,0.8117661
2,1,1,0.82673657
2,1,1,0.8019472
2,0,1,0.7624226
2,1,1,0.6477028
2,1,1,0.87308705
2,0,0,0.23149662
2,1,1,0.65314037
2,0,0,0.3859945
2,0,1,0.57722443
2,0,0,0.09011833
2,1,1,0.59983546
2,1,0,0.20287056
2,0,1,0.6827706
2,0,0,0.10535172
2,0,0,0.20801966
2,0,1,0.73451847
2,0,1,0.9123813
2,1,1,0.9284466
2,0,1,0.7181547
2,0,1,0.74689263
2,1,0,0.43715632
2,1,0,0.11209006
2,0,1,0.68998325
2,1,1,0.6611019
2,1,1,0.5994984
2,0,0,0.2388888
2,0,1,0.8782601
2,1,1,0.7222085
2,0,0,0.38963208
2,0,1,0.595451
2,1,1,0.6881866
2,0,0,0.44134834
2,1,0,0.17674151
2,1,1,0.6190141
2,0,1,0.5086787
2,1,1,0.5049633
2,0,1,0.67858034
2,0,1,0.7493477
2,1,1,0.97216
2,0,0,0.3780182
2,0,1,0.8643487
2,1,1,0.79121464
2,0,1,0.69962555
2,1,1,0.6433776
2,0,0,0.15936649
2,1,1,0.7633009
2,1,1,0.5519896
2,0,0,0.4153628
2,0,1,0.6723706
2,1,1,0.73873806
2,0,1,0.8665253
2,0,1,0.56403404
2,0,1,0.98035026
2,0,1,0.5689259
2,1,0,0.30090785
2,1,0,0.46081698
2,1,1,0.9375844
2,0,0,0.43619144
2,1,1,0.84792775
2,1,1,0.9497666
2,1,1,0.7659521
2,0,0,0.25518247
2,0,1,0.68131804
2,1,1,0.69587576
2,0,0,0.1115573
2,0,1,0.93406653
2,1,1,0.98010045
2,1,1,0.819736
2,1,1,0.777925
2,0,0,0.27684832
2,1,0,0.46673715
2,0,0,0.111980446
2,0,0,0.36006355
2,0,1,0.74516475
2,0,0,0.2335995
2,0,0,0.16257846
2,1,0,0.49884045
2,1,1,0.69695044
2,0,0,0.34271955
2,0,0,0.04377719
2,0,0,0.13277978
2,0,1,0.85546356
2,0,1,0.5896244
2,0,0,0.05852317
2,1,1,0.57218915
2,0,0,0.45348677
2,0,1,0.6839804
2,1,1,0.51530606
2,1,1,0.56259125
2,1,1,0.7697536
2,1,1,0.8114375
2,0,1,0.8627903
2,0,0,0.22680876
2,0,0,0.079109736
2,1,1,0.65068626
2,1,1,0.6319923
2,0,0,0.15875514
2,1,1,0.764267
2,1,1,0.51601577
2,1,1,0.5154734
2,0,0,0.266027
2,0,0,0.1744225
2,1,1,0.6607214
2,0,1,0.6099461
2,0,1,0.56085575
2,0,0,0.37274542
2,0,0,0.4882258
2,1,0,0.43072945
2,1,1,0.6655585
2,0,1,0.7223247
2,0,1,0.6357339
2,1,0,0.44983268
2,1,1,0.5037403
2,1,0,0.35207236
2,0,0,0.4237415
2,0,0,0.4243498
2,1,1,0.52191705
2,0,0,0.45158213
2,1,1,0.6103561
2,1,1,0.65421975
2,0,1,0.610705
2,1,0,0.26498964
2,0,0,0.25444227
2,1,1,0.6504028
2,0,0,0.14254832
2,1,0,0.42301926
2,0,0,0.3082271
2,1,1,0.8027445
2,0,1,0.83764637
2,0,0,0.35720184
2,0,1,0.7353194
2,0,1,0.6969901
2,0,0,0.46234718
2,0,1,0.5929689
2,1,0,0.45029512
2,0,1,0.51632893
2,0,1,0.5695086
2,0,1,0.711022
2,0,0,0.221809
2,1,1,0.7018091
2,1,1,0.6825831
2,1,1,0.6629124
2,1,1,0.56587565
2,0,1,0.81682134
2,1,1,0.5631109
2,0,1,0.71343505
2,1,1,0.7008938
2,0,0,0.4304099
2,0,1,0.7736687
2,0,1,0.6481507
2,0,1,0.655403
2,1,1,0.8652461
2,0,1,0.7312147
2,1,1,0.56222105
2,1,0,0.47333485
2,0,0,0.15311362
2,0,0,0.14398855
2,1,1,0.8008495
2,1,0,0.30671844
2,1,1,0.86000866
2,1,0,0.34165698
2,1,1,0.6574948
2,1,1,0.62507826
2,1,1,0.75560313
2,0,1,0.66560715
2,0,0,0.39006236
2,0,0,0.21133183
2,1,1,0.7458027
2,0,0,0.44470668
2,0,0,0.18961714
2,0,0,0.15793753
2,0,0,0.4584873
2,0,0,0.08888719
2,1,1,0.9128569
2,0,1,0.704563
2,1,1,0.7299258
2,1,0,0.06915764
2,0,0,0.18037932
2,1,0,0.14820722
2,1,1,0.7133674
2,0,0,0.33421484
2,0,0,0.26444232
2,0,0,0.2533362
2,0,0,0.08100441
2,1,0,0.14499906
2,0,1,0.73822814
2,1,0,0.13129707
2,0,0,0.3644758
2,0,0,0.15427944
2,0,0,0.35097644
2,1,0,0.31998813
2,1,1,0.70158494
2,0,1,0.60919785
2,0,0,0.04140885
2,1,0,0.38458374
2,0,1,0.64378154
2,1,0,0.49223784
2,0,0,0.051501103
2,0,1,0.65756416
2,1,1,0.60054076
2,1,1,0.7451106
2,0,0,0.117525876
2,1,0,0.32001823
2,0,0,0.24220078
2,0,1,0.66455895
2,0,1,0.7472973
2,1,1,0.70772016
2,0,0,0.099744
2,1,0,0.3016254
2,1,1,0.962068
2,1,1,0.6232505
2,1,1,0.71874124
2,0,0,0.13336177
2,1,1,0.76553684
2,1,1,0.82926923
2,1,1,0.5485026
2,0,0,0.34758934
2,1,1,0.6456531
2,0,0,0.33149076
2,1,1,0.75361264
2,0,0,0.14628509
2,0,0,0.24893752
2,0,0,0.15013821
2,1,1,0.8464335
2,0,0,0.19408247
2,0,0,0.117010765
2,0,1,0.68139166
2,0,0,0.29608193
2,1,1,0.7654032
2,0,0,0.45154378
2,0,0,0.45715743
2,0,1,0.5569483
2,0,1,0.59812784
2,1,1,0.96382636
2,1,1,0.71720546
2,0,1,0.5855031
2,0,0,0.39100564
2,0,1,0.7564885
2,0,1,0.6056187
2,1,1,0.7482971
2,1,1,0.8168504
2,1,0,0.23436399
2,1,1,0.7806704
2,0,0,0.20972776
2,1,1,0.78902936
2,1,1,0.85945386
2,0,0,0.37480938
2,1,1,0.5144323
2,1,0,0.42539844
2,1,1,0.8151111
2,0,1,0.6969744
2,0,1,0.8008054
2,1,0,0.20823306
2,0,0,0.33343595
2,0,0,0.08768274
2,1,1,0.8723185
2,1,1,0.52065194
2,0,0,0.13722667
2,0,1,0.53667194
2,1,0,0.23192054
2,1,1,0.7583106
2,1,1,0.83779
2,0,1,0.71190774
2,1,1,0.83338374
2,0,0,0.20379005
2,1,1,0.66214484
2,0,1,0.51542383
2,0,0,0.3024237
2,1,1,0.95287937
2,1,1,0.80814314
2,0,1,0.8203082
2,1,1,0.5535267
2,0,0,0.050615825
2,0,0,0.05612021
2,1,1,0.75034505
2,0,0,0.20328583
2,0,1,0.5911387
2,0,0,0.07681546
2,0,0,0.2934213
2,0,0,0.4726072
2,0,1,0.8775114
2,1,1,0.808132
2,1,0,0.4562772
2,0,0,0.3706264
2,0,0,0.22164212
2,0,1,0.5838812
2,0,0,0.16646054
2,1,1,0.883681
2,1,0,0.20755696
2,1,1,0.72038686
2,1,0,0.37102902
2,0,0,0.027465392
2,1,0,0.15964025
2,1,1,0.8890001
2,0,1,0.6093838
2,1,1,0.7119864
2,0,0,0.072684094
2,0,1,0.78592366
2,1,1,0.78054065
2,1,1,0.73147
2,0,1,0.51102304
2,1,1,0.7288027
2,1,1,0.90154177
2,0,1,0.77432823
2,1,0,0.17038722
2,1,0,0.056696016
2,0,0,0.13949345
2,0,0,0.46714133
2,0,0,0.06793291
2,1,0,0.12508233
2,1,1,0.9138593
2,1,0,0.37542248
2,1,1,0.8004792
2,0,0,0.48157337
2,1,1,0.724908
2,0,0,0.2449534
2,0,0,0.20784102
2,0,0,0.31240082
2,1,1,0.6174714
2,1,1,0.6328574
2,0,1,0.5672579
2,0,0,0.2163417
2,0,0,0.09681331
2,1,1,0.92737013
2,0,1,0.76917213
2,1,1,0.79441565
2,1,0,0.09737326
2,0,0,0.21137044
2,1,1,0.78655344
2,1,1,0.5874306
2,0,0,0.3549713
2,1,0,0.077676564
2,0,0,0.24457951
2,0,0,0.37042317
2,1,1,0.8822658
2,0,1,0.68738717
2,0,1,0.7589787
2,1,0,0.4639116
2,0,0,0.18730667
2,0,1,0.90553176
2,1,1,0.67817795
2,0,1,0.6347054
2,0,0,0.3471621
2,0,0,0.19647618
2,0,0,0.07242012
2,1,0,0.24711742
2,1,1,0.84736276
2,1,0,0.37518635
2,0,1,0.7106837
2,0,0,0.37257004
2,1,1,0.86250997
2,0,0,0.35964045
2,0,0,0.42171147
2,1,0,0.2902869
2,0,0,0.06585025
2,0,0,0.4023028
2,1,1,0.8459884
2,1,1,0.5983137
2,1,0,0.32109484
2,1,0,0.2058502
2,1,0,0.14251061
2,0,1,0.5687343
2,0,0,0.08642052
2,0,1,0.86715305
2,0,1,0.54285765
2,0,1,0.6934277
2,1,1,0.83995795
2,1,0,0.47333652
2,1,0,0.38031057
2,1,1,0.9304551
2,1,1,0.7460545
2,0,0,0.12796752
2,1,0,0.02711646
2,1,1,0.7545668
2,0,0,0.38619182
2,0,0,0.2644094
2,0,1,0.50773627
2,0,0,0.19424067
2,0,0,0.16927168
2,1,1,0.9439702
2,0,1,0.6498955
2,1,1,0.85372865
2,1,1,0.63631344
2,0,1,0.6817239
2,0,0,0.4605447
2,0,0,0.29104045
2,1,1,0.5733055
2,0,1,0.5618987
2,0,0,0.48389074
2,1,1,0.7827667
2,0,0,0.19892538
2,1,1,0.87093043
2,0,1,0.56368744
2,1,1,0.71653944
2,1,1,0.5246883
2,0,1,0.5243903
2,0,1,0.7626024
2,1,1,0.8391176
2,1,0,0.44462043
2,0,0,0.21571282
2,0,0,0.06397163
2,0,0,0.19838402
2,1,1,0.5609049
2,0,0,0.4774269
2,1,1,0.7464074
2,0,1,0.75899535
2,1,1,0.9433727
2,0,1,0.8072725
2,0,1,0.6753077
2,0,0,0.48019564
2,0,0,0.08993897
2,1,0,0.20536569
2,0,0,0.15284544
2,1,1,0.901701
2,1,1,0.7395783
2,0,1,0.8158733
2,0,1,0.74414694
2,1,0,0.4690935
2,0,0,0.06237094
2,1,1,0.72061294
2,1,1,0.77329725
2,0,1,0.82527894
2,1,1,0.5807084
2,0,0,0.37107536
2,1,1,0.58221346
2,1,1,0.90113866
2,1,1,0.6235742
2,0,0,0.45339227
2,0,0,0.10822089
2,0,0,0.3529379
2,1,1,0.69139713
2,1,1,0.5977228
2,0,0,0.33464435
2,0,0,0.3257181
2,0,1,0.9192057
2,0,1,0.646637
2,1,1,0.57295495
2,0,0,0.07542343
2,0,0,0.091468826
2,1,1,0.6563984
2,1,1,0.59624124
2,0,0,0.21772401
2,0,0,0.34374437
2,1,0,0.45407647
2,0,1,0.6523352
2,0,0,0.49819592
2,0,1,0.52758473
2,0,0,0.067190886
2,1,0,0.4784446
2,1,1,0.51845384
2,1,0,0.25841394
2,0,1,0.79713327
2,1,1,0.7711201
2,0,0,0.24081674
2,0,1,0.6153303
2,1,1,0.64107037
2,1,1,0.6522201
2,1,0,0.449447
2,0,0,0.044153165
2,1,1,0.8070072
2,1,1,0.7968799
2,1,0,0.2235484
2,0,0,0.14664443
2,0,0,0.14948623
2,1,1,0.75810516
2,0,0,0.25753248
2,0,0,0.16624007
2,0,0,0.06414675
2,1,1,0.7285935
2,1,1,0.70283145
2,1,1,0.60257757
2,1,0,0.41864258
2,1,0,0.32893503
2,0,0,0.032541428
2,1,0,0.44511458
2,0,1,0.5235981
2,0,0,0.20156609
2,0,0,0.2171946
2,1,1,0.8403191
2,1,1,0.61892205
2,1,1,0.69087106
2,1,0,0.26342958
2,0,0,0.06781209
2,0,0,0.047174357
2,0,0,0.24285138
2,0,1,0.92385995
2,1,1,0.774014
2,0,1,0.6751704
2,0,0,0.14095236
2,1,0,0.33347407
2,1,0,0.40332532
2,0,1,0.808847
2,0,1,0.58680356
2,1,1,0.6313566
2,1,1,0.71695167
2,1,0,0.23682682
2,0,0,0.08176187
2,0,0,0.12473691
2,0,0,0.31181568
2,1,1,0.7578275
2,0,1,0.5941752
2,0,1,0.7240233
2,0,0,0.2381333
2,0,0,0.2640695
2,0,1,0.8034593
2,1,1,0.864849
2,0,0,0.07940673
2,0,0,0.32791653
2,1,1,0.8368409
2,0,0,0.27415544
2,1,1,0.8332511
2,1,1,0.8761806
2,1,1,0.7126079
2,0,0,0.3597117
2,1,0,0.45814168
2,0,1,0.81332105
2,0,0,0.4783529
2,0,1,0.8487271
2,0,1,0.546704
2,0,0,0.057780083
2,1,0,0.26333338
2,1,1,0.7206889
2,1,1,0.7554751
2,0,1,0.7565617
2,0,0,0.34195232
2,1,1,0.61887366
2,0,1,0.50429505
2,0,1,0.6041385
2,0,1,0.66723734
2,1,1,0.65721774
2,0,0,0.4825136
2,0,1,0.69963706
2,1,1,0.8275
2,1,1,0.644664
2,1,1,0.6971006
2,1,1,0.8033076
2,0,0,0.2938855
2,0,1,0.8078168
2,0,0,0.27651292
2,1,1,0.7242669
2,0,1,0.519862
2,1,1,0.77029335
2,1,0,0.4786322
2,1,1,0.75274
2,1,1,0.6620597
2,0,0,0.2883696
2,1,0,0.46585608
2,0,1,0.81118464
2,0,1,0.6698755
2,0,0,0.46167582
2,0,0,0.14724202
2,1,1,0.659739
2,0,1,0.5519132
2,1,1,0.873882
2,0,1,0.5644732
2,0,1,0.5612385
2,1,1,0.8145365
2,1,1,0.6865268
2,0,1,0.56601036
2,0,0,0.20608017
2,1,1,0.86108667
2,1,1,0.6812582
2,1,1,0.6855385
2,1,1,0.71545947
2,0,0,0.06440676
2,0,0,0.2275003
2,1,1,0.8604895
2,0,0,0.37945366
2,1,0,0.38396594
2,0,0,0.48414442
2,0,0,0.04324765
2,1,1,0.8497823
2,1,1,0.5836135
2,0,0,0.0795443
2,0,0,0.40870652
2,0,0,0.09628388
2,1,1,0.6798905
2,0,0,0.2618463
2,0,0,0.19012246
2,0,0,0.43139645
2,1,1,0.6466435
2,1,0,0.45040137
2,1,1,0.51481754
2,1,1,0.81193995
2,1,1,0.7164806
2,0,0,0.4190967
2,0,1,0.8332513
2,0,0,0.43159133
2,0,0,0.4581491
2,0,1,0.6232018
2,0,1,0.5628387
2,0,0,0.4402364
2,0,1,0.5080705
2,1,1,0.8113816
2,1,1,0.71677244
2,0,1,0.73111326
2,0,1,0.6259305
2,1,0,0.3719804
2,1,1,0.68713427
2,0,1,0.63914347
2,0,1,0.576342
2,1,1,0.55294615
2,0,1,0.50627464
2,1,1,0.5990135
2,1,1,0.93187433
2,1,1,0.54174846
2,1,0,0.40802848
2,1,1,0.7392459
2,1,1,0.55094516
2,0,1,0.5007274
2,1,1,0.77729154
2,0,0,0.31557554
2,0,1,0.5004499
2,0,0,0.49419263
2,0,0,0.27734733
2,0,1,0.7106762
2,0,1,0.9121686
2,0,0,0.21824595
2,1,1,0.7570964
2,1,0,0.39596742
2,1,1,0.69864756
2,0,1,0.6804682
2,1,1,0.53212863
2,1,1,0.8115103
2,0,1,0.6132972
2,0,1,0.7255228
2,0,0,0.33604032
2,1,1,0.77078736
2,0,1,0.7532805
2,1,1,0.7663315
2,0,1,0.5828098
2,1,1,0.81713927
2,1,1,0.76564926
2,1,1,0.72666126
2,0,1,0.55448395
2,0,1,0.6899736
2,1,1,0.7630726
2,0,1,0.62689644
2,0,0,0.33699778
2,1,0,0.4506836
2,0,0,0.40282062
2,0,0,0.49605587
2,1,0,0.33751464
2,0,0,0.34473374
2,1,1,0.6082161
2,0,0,0.4738992
2,0,0,0.3277927
2,1,1,0.7968187
2,1,0,0.46718583
2,0,0,0.22230232
2,0,1,0.5911084
2,0,0,0.06594188
2,0,1,0.5816949
2,0,0,0.2304124
2,1,1,0.6037256
2,1,0,0.44743842
2,1,1,0.50002646
2,0,1,0.6168995
2,0,1,0.54782766
2,0,0,0.25923848
2,1,1,0.5263297
2,1,1,0.66140056
2,0,0,0.10270432
2,1,1,0.76011705
2,0,1,0.55051327
2,0,1,0.6429787
2,1,1,0.52975315
2,1,0,0.44571647
2,1,0,0.10708457
2,0,0,0.24612957
2,1,1,0.8048409
2,0,0,0.40666255
2,0,0,0.09677593
2,0,1,0.60765296
2,0,0,0.34958583
2,0,0,0.26188007
2,0,0,0.2647641
2,1,1,0.55167687
2,1,1,0.9557848
2,0,1,0.7581936
2,0,1,0.5582924
2,1,1,0.8244379
2,1,1,0.5761251
2,0,1,0.62501866
2,0,1,0.57517433
2,0,1,0.7818284
2,1,1,0.8837005
2,0,0,0.26102036
2,0,0,0.060611792
2,1,0,0.48617056
2,1,1,0.7347195
2,0,1,0.6277395
2,0,1,0.509543
2,1,1,0.5642137
2,0,1,0.81584895
2,0,0,0.44503987
2,1,1,0.84918875
2,1,0,0.315092
2,1,1,0.868413
2,1,1,0.5163795
2,1,0,0.26726916
2,0,0,0.37186453
2,0,0,0.14433955
2,1,0,0.20678186
2,0,1,0.5497735
2,1,1,0.817147
2,0,0,0.4482215
2,1,0,0.44756672
2,0,0,0.16354418
2,0,0,0.477011
2,0,0,0.0407143
2,0,0,0.094442956
2,1,1,0.6030606
2,1,1,0.7268823
2,0,0,0.055039477
2,0,1,0.5571647
2,0,1,0.5415404
2,1,1,0.95488477
2,1,1,0.66706264
2,0,1,0.73308206
2,1,1,0.5027369
2,1,0,0.43522817
2,1,1,0.5474243
2,0,1,0.6435698
2,1,1,0.85052717
2,0,0,0.29843563
2,1,1,0.6881092
2,1,1,0.7572199
2,0,0,0.43080935
2,0,0,0.13597763
2,0,0,0.35177496
2,0,0,0.10473564
2,0,0,0.47027466
2,0,0,0.4135469
2,1,1,0.7859626
2,0,0,0.17191982
2,0,0,0.29093826
2,1,1,0.8227553
2,0,1,0.5087053
2,1,1,0.6179138
2,0,0,0.26864865
2,0,0,0.09023593
2,1,1,0.8911217
2,1,1,0.8322468
2,0,0,0.49905384
2,0,0,0.054329406
2,0,0,0.10337315
2,1,1,0.66536236
2,1,1,0.70834345
2,0,1,0.52111197
2,1,1,0.51585
2,0,0,0.17924704
2,0,0,0.31567058
2,0,0,0.15946402
2,1,1,0.8244115
2,1,1,0.7636745
2,1,1,0.593176
2,1,1,0.6853665
2,1,0,0.4885226
2,0,0,0.27791855
2,0,1,0.7291236
2,0,0,0.44001815
2,0,1,0.6158232
2,1,1,0.7147133
2,1,0,0.38732404
2,0,0,0.2975292
2,0,0,0.09582978
2,0,0,0.40837476
2,1,1,0.923871
2,1,1,0.5380151
2,0,1,0.57568604
2,1,1,0.50163954
2,1,1,0.72818226
2,0,1,0.5448955
2,0,0,0.3521264
2,1,1,0.67965984
2,0,1,0.8450809
2,0,0,0.4558926
2,0,0,0.1954141
2,1,1,0.8290864
2,0,1,0.5822817
2,1,0,0.31104982
2,1,1,0.5464128
2,0,0,0.33185923
2,0,0,0.28582618
2,0,1,0.6862835
2,0,1,0.591209
2,0,0,0.19163302
2,0,1,0.5899523
2,1,1,0.55367476
2,0,1,0.61084014
2,1,1,0.8998477
2,1,1,0.75563544
2,1,0,0.2414635
2,1,0,0.47030407
2,0,0,0.32317087
2,0,0,0.06188698
2,1,0,0.12817088
2,0,0,0.4921103
2,1,1,0.83469033
2,1,1,0.568624
2,1,1,0.73356533
2,0,1,0.6260227
2,0,1,0.52630484
2,0,1,0.7704477
2,1,1,0.78843874
2,1,1,0.6182246
2,0,1,0.63240993
2,0,0,0.45253262
2,0,0,0.33560598
2,0,0,0.08672275
2,0,0,0.2615289
2,1,1,0.87445897
2,1,1,0.8689168
2,1,1,0.9080295
2,1,1,0.70046854
2,1,1,0.5312416
2,0,0,0.16452596
2,0,0,0.29261342
2,1,1,0.8717113
2,0,1,0.70109653
2,1,1,0.5126896
2,1,1,0.5908662
2,0,0,0.29273567
2,1,0,0.2893365
2,1,1,0.5736221
2,0,0,0.073792234
2,0,0,0.23990783
2,1,1,0.93713725
2,0,1,0.5343329
2,0,0,0.3983182
2,1,1,0.583587
2,0,0,0.30293128
2,0,1,0.526051
2,1,1,0.8628727
2,0,0,0.2957412
2,1,0,0.16060638
2,1,0,0.12532541
2,0,1,0.5725138
2,1,1,0.7802021
2,1,1,0.67342263
2,0,0,0.12003281
2,0,1,0.60264945
2,0,0,0.41125372
2,1,1,0.8765668
2,1,1,0.7909345
2,1,0,0.42434803
2,1,1,0.5026988
2,0,1,0.59179133
2,0,1,0.64581376
2,0,0,0.44000494
2,0,1,0.9203106
2,1,1,0.58977044
2,1,1,0.620216
2,0,1,0.6762852
2,1,0,0.47953773
2,0,0,0.465569
2,0,0,0.4126818
2,1,0,0.2576493
2,0,0,0.061486308
2,0,1,0.6373673
2,0,0,0.38026458
2,1,1,0.80869097
2,0,1,0.58379763
2,0,0,0.18889154
2,0,1,0.6732843
2,0,0,0.3775829
2,1,1,0.7251243
2,1,1,0.63035
2,1,0,0.46586445
2,1,1,0.84845847
2,1,0,0.36457646
2,1,0,0.38049817
2,0,0,0.3018533
2,0,1,0.5950487
2,1,1,0.79954606
2,0,0,0.11858675
2,1,0,0.491794
2,0,0,0.42049026
2,0,1,0.6539691
2,0,0,0.39983693
2,0,1,0.7114364
2,1,1,0.92812306
2,0,1,0.599322
2,1,1,0.6370179
2,0,0,0.059548333
2,0,1,0.6923877
2,1,1,0.57559687
2,0,1,0.64647466
2,1,1,0.8770171
2,1,1,0.5725056
2,1,1,0.6820224
2,0,0,0.030618418
2,0,0,0.08622941
2,0,1,0.65809107
2,1,1,0.97394365
2,1,1,0.61074483
2,0,0,0.45737094
2,1,1,0.72885156
2,1,0,0.39656916
2,0,0,0.04016047
2,0,1,0.7264063
2,0,1,0.54158425
2,1,1,0.77838326
2,0,1,0.5980621
2,1,1,0.9171501
2,1,1,0.68267137
2,1,0,0.17498013
2,0,0,0.08223375
2,1,1,0.6018011
2,0,1,0.8482687
2,0,1,0.7531238
2,0,1,0.54632634
2,0,0,0.42765862
2,0,1,0.52335095
2,0,0,0.033377506
2,1,0,0.43759668
2,0,0,0.1425138
2,1,1,0.6434296
2,0,0,0.089708455
2,1,1,0.72334445
2,0,1,0.5690413
2,0,1,0.5367715
2,1,1,0.9068228
2,1,1,0.5890941
2,0,0,0.043663237
2,0,0,0.3021832
2,1,1,0.788944
2,1,1,0.9833181
2,1,1,0.6214143
2,1,0,0.29913402
2,1,1,0.8348324
2,0,0,0.13728563
2,1,1,0.7791949
2,1,1,0.7106959
2,0,0,0.24584378
2,1,0,0.18275127
2,0,0,0.099012926
2,0,0,0.2527844
2,0,0,0.049251236
2,1,1,0.90252995
2,1,1,0.6685093
2,0,0,0.31165227
2,0,1,0.642959
2,0,0,0.095594555
2,0,0,0.3825633
2,0,0,0.10811224
2,1,1,0.8781229
2,0,1,0.5480373
2,1,1,0.6605091
2,0,0,0.3725705
2,1,1,0.8734938
2,1,1,0.7717486
2,0,1,0.5110052
2,1,1,0.5457562
2,0,0,0.43985727
2,1,1,0.6110428
2,0,0,0.44648433
2,0,0,0.42443693
2,0,0,0.25679335
2,1,1,0.56939936
2,1,0,0.17681669
2,0,1,0.6191003
2,0,1,0.66958123
2,1,1,0.6668394
2,0,0,0.4070013
2,1,0,0.4120877
2,1,0,0.4751786
2,1,1,0.722169
2,1,1,0.7515556
2,0,1,0.55894965
2,0,1,0.53090674
2,1,1,0.65184826
2,0,0,0.06306655
2,1,1,0.78416055
2,0,0,0.45362344
2,0,0,0.35589784
2,0,1,0.58205575
2,0,1,0.52927077
2,1,1,0.6482775
2,1,1,0.6656683
2,0,0,0.34124672
2,1,0,0.47670653
2,0,1,0.60498536
2,1,1,0.92319006
2,1,1,0.6673158
2,1,1,0.6478233
2,1,1,0.7652577
2,0,1,0.580728
2,1,1,0.69466144
2,0,1,0.6955029
2,1,1,0.7527567
2,0,0,0.37310594
2,1,1,0.68384635
2,0,0,0.47222117
2,1,1,0.6831964
2,0,0,0.065834306
2,1,1,0.7375112
2,0,1,0.6386303
2,0,0,0.3369802
2,0,0,0.10847659
2,1,1,0.8263351
2,0,0,0.27516165
2,1,1,0.54596597
2,0,0,0.27287403
2,1,1,0.5545332
2,1,1,0.6583149
2,0,1,0.5807668
2,0,1,0.6233392
2,1,1,0.6540033
2,0,0,0.49823573
2,0,0,0.27379677
2,1,1,0.55563563
2,0,0,0.39823654
2,0,0,0.39475414
2,1,1,0.7684499
2,0,0,0.3976342
2,1,1,0.56527895
2,0,0,0.4051833
2,1,1,0.74972254
2,0,1,0.61234164
2,0,0,0.114017926
2,0,0,0.15027569
2,1,1,0.81894153
2,1,1,0.90724736
2,1,1,0.72655714
2,0,1,0.8722381
2,0,0,0.40625998
2,0,1,0.66799426
2,0,1,0.62413466
2,0,1,0.8336776
2,1,1,0.87476856
2,0,1,0.69448775
2,0,0,0.1727936
2,0,1,0.5541125
2,0,0,0.21827857
2,1,1,0.5190055
2,1,1,0.71393937
2,0,1,0.5641197
2,1,1,0.84769344
2,0,0,0.3860733
2,1,1,0.70955503
2,0,0,0.25093737
2,1,1,0.70876884
2,0,0,0.27843982
2,0,1,0.6335775
2,1,0,0.4467516
2,0,1,0.6451238
2,1,1,0.6926569
2,1,1,0.6456457
2,1,1,0.8890791
2,1,1,0.6301054
2,0,0,0.25693753
2,1,1,0.6643201
2,1,1,0.63147897
2,0,1,0.5477562
2,0,1,0.6142822
2,0,1,0.6245152
2,0,1,0.7388813
2,0,1,0.5660425
2,0,1,0.6613575
2,1,0,0.47888148
2,0,0,0.3481995
2,0,1,0.5036219
2,0,1,0.5577755
2,1,1,0.6019524
2,1,1,0.5081051
2,0,0,0.24419029
2,1,1,0.68623245
2,0,0,0.34840915
2,0,1,0.5193036
2,0,1,0.5882161
2,1,0,0.44150415
2,1,0,0.3316052
2,0,1,0.5999688
2,0,1,0.6611355
2,0,1,0.7135965
2,1,1,0.6308318
2,1,0,0.30413577
2,0,1,0.5943387
2,1,1,0.9596965
2,0,1,0.51392263
2,0,1,0.6602586
2,1,0,0.43389156
2,1,1,0.6787604
2,1,1,0.76762426
2,0,0,0.15877178
2,1,1,0.5872335
2,0,0,0.029459557
2,1,1,0.5063176
2,0,1,0.65909874
2,0,0,0.2627504
2,0,0,0.09556999
2,1,1,0.92292374
2,0,1,0.68702203
2,0,0,0.06444957
2,0,1,0.59497947
2,1,1,0.7779682
2,0,1,0.52443105
2,0,0,0.41055897
2,0,0,0.45609525
2,0,1,0.60104275
2,1,1,0.6663443
2,1,1,0.5243444
2,1,1,0.94369066
2,0,1,0.81968725
2,1,1,0.7859584
2,0,0,0.22816657
2,1,1,0.74922746
2,0,0,0.38114586
2,0,0,0.21456711
2,1,1,0.5809623
2,0,0,0.1883553
2,1,0,0.27090815
2,0,0,0.12978062
2,1,1,0.9629854
2,0,1,0.7378757
2,1,1,0.5533216
2,0,0,0.1548882
2,1,1,0.5862856
2,1,1,0.775387
2,0,1,0.6117388
2,0,1,0.5267019
2,0,0,0.43117467
2,0,1,0.8125033
2,1,1,0.6895381
2,1,1,0.6341488
2,1,0,0.48451436
2,0,1,0.622447
2,1,1,0.65516233
2,0,0,0.49543405
2,0,1,0.6575624
2,0,0,0.29021293
2,0,0,0.36552396
2,0,1,0.65529054
2,0,1,0.6137959
2,1,0,0.48350325
2,0,0,0.41927442
2,1,1,0.50077844
2,1,1,0.69225806
2,1,1,0.587274
2,0,0,0.4300858
2,0,1,0.6112972
2,0,1,0.59674555
2,0,1,0.84891975
2,1,0,0.45852923
2,1,1,0.74658155
2,0,1,0.67175674
2,1,1,0.58707285
2,0,1,0.5376587
2,0,1,0.57882047
2,1,1,0.98331624
2,1,1,0.7510416
2,0,1,0.7041249
2,0,0,0.08927203
2,0,0,0.098808244
2,1,1,0.76186883
2,1,1,0.5752589
2,0,0,0.33945072
2,0,0,0.2852857
2,1,1,0.97212875
2,1,1,0.8188998
2,1,1,0.56054837
2,0,0,0.07541425
2,0,0,0.09872722
2,1,1,0.8002795
2,0,1,0.87234807
2,1,1,0.5384921
2,0,0,0.33051527
2,0,0,0.25102994
2,0,0,0.09654705
2,1,1,0.78788114
2,1,1,0.6310205
2,1,0,0.4688505
2,0,0,0.098091416
2,0,0,0.3277968
2,1,1,0.9875531
2,1,1,0.78516746
2,1,1,0.7951699
2,0,0,0.2007119
2,0,1,0.58771515
2,1,1,0.50837535
2,1,0,0.15705603
2,0,0,0.08020377
2,1,1,0.81916815
2,0,0,0.39743865
2,1,0,0.11178562
2,0,0,0.3916338
2,1,1,0.93734795
2,0,0,0.3537084
2,0,0,0.16130051
2,0,0,0.22164682
2,0,0,0.3151511
2,0,0,0.14323471
2,0,1,0.8949063
2,0,0,0.20687015
2,0,1,0.5493388
2,1,1,0.7341018
2,1,1,0.5470902
2,0,0,0.03537067
2,1,1,0.7293218
2,1,1,0.5110998
2,0,0,0.3470183
2,0,0,0.05165757
2,1,1,0.5804428
2,0,1,0.62349755
2,0,1,0.6185227
2,0,0,0.4503463
2,0,0,0.10237534
2,1,1,0.64267534
2,1,0,0.4470098
2,1,0,0.49686188
2,0,0,0.4330512
2,1,1,0.7229639
2,0,0,0.23606819
2,0,0,0.11442309
2,1,1,0.63221645
2,1,1,0.5313198
2,0,1,0.5608403
2,1,1,0.6579441
2,1,0,0.3288413
2,0,1,0.5140949
2,1,0,0.35620853
2,1,0,0.49590844
2,0,0,0.32888246
2,0,1,0.57015306
2,0,0,0.45009327
2,0,1,0.7445524
2,0,0,0.35490158
2,1,1,0.84252924
2,1,1,0.7147519
2,1,1,0.69295627
2,0,1,0.60352844
2,0,0,0.4516511
2,0,1,0.69178647
2,0,1,0.6019788
2,1,1,0.61213064
2,1,1,0.736821
2,0,1,0.5025952
2,1,1,0.70267147
2,1,1,0.7399268
2,1,1,0.5923874
2,1,1,0.6785691
2,1,1,0.626692
2,0,0,0.40979674
2,0,1,0.7048767
2,1,1,0.7576306
2,0,1,0.7634081
2,0,1,0.66217124
2,0,0,0.17881528
2,0,1,0.6316643
2,1,1,0.7613096
2,0,1,0.5677779
2,0,1,0.56612724
2,0,1,0.6428685
2,1,1,0.5955546
2,0,0,0.48267308
2,0,1,0.66877323
2,0,0,0.45402455
2,0,0,0.34752232
2,0,1,0.5285944
2,1,1,0.9546971
2,0,1,0.5854945
2,1,1,0.7162808
2,0,1,0.80099857
2,0,1,0.5121673
2,1,1,0.7416943
2,1,1,0.5368273
2,0,1,0.8140542
2,0,1,0.6570584
2,1,1,0.7224596
2,0,1,0.79208547
2,1,1,0.9419277
2,0,1,0.5668094
2,1,1,0.7131028
2,1,1,0.54577565
2,1,1,0.65608317
2,1,1,0.5351006
2,1,1,0.8127573
2,0,1,0.6010569
2,0,0,0.43968472
2,0,1,0.6567709
2,0,0,0.39088747
2,0,0,0.4876513
2,0,1,0.502802
2,1,1,0.9326487
2,1,1,0.7610431
2,0,1,0.8478631
2,0,1,0.808429
2,1,1,0.54056764
2,0,0,0.21422102
2,0,1,0.54830915
2,1,1,0.6783733
2,0,1,0.5913639
2,0,1,0.76772755
2,1,1,0.56044465
2,0,0,0.2530849
2,1,1,0.6413101
2,0,1,0.50773466
2,1,1,0.6073903
2,0,1,0.5289294
2,1,1,0.9113714
2,0,1,0.5579511
2,0,1,0.5352637
2,0,1,0.5567457
2,1,1,0.7159021
2,0,1,0.9640549
2,1,1,0.59051925
2,0,0,0.15207002
2,1,1,0.5451438
2,1,1,0.5217703
2,0,1,0.56836635
2,0,1,0.5590966
2,0,1,0.73297787
2,1,1,0.56605446
2,0,0,0.46911526
2,1,1,0.7847901
2,1,1,0.53558856
2,1,1,0.8298941
2,0,1,0.5575611
2,1,1,0.7801373
2,0,0,0.42608425
2,1,1,0.7060061
2,1,1,0.73471934
2,1,0,0.4987402
2,0,1,0.74209875
2,0,1,0.74418163
2,1,0,0.35336167
2,0,0,0.22476254
2,0,0,0.19662687
2,1,1,0.81846195
2,0,1,0.57592857
2,0,1,0.6738229
2,1,1,0.70568705
2,1,1,0.647169
2,0,1,0.71585923
2,0,1,0.53157383
2,0,0,0.2904828
2,1,1,0.6023258
2,0,0,0.35053998
2,0,1,0.5500818
2,1,0,0.36172834
2,1,0,0.1977758
2,1,0,0.42777145
2,0,0,0.36095196
2,0,1,0.6284312
2,0,0,0.16987966
2,0,1,0.7204101
2,1,1,0.5809472
2,1,0,0.27189213
2,1,0,0.2377348
2,0,0,0.38236868
2,0,0,0.40644115
2,1,1,0.50062793
2,0,1,0.60266167
2,1,0,0.3662439
2,1,0,0.2993993
2,1,1,0.92342097
2,1,1,0.83712476
2,1,1,0.8431931
2,0,0,0.112852715
2,0,1,0.86790794
2,0,1,0.68909764
2,1,1,0.86710334
2,0,1,0.6963865
2,0,0,0.11878724
2,0,0,0.30482292
2,0,0,0.06501146
2,1,1,0.5651848
2,1,1,0.5555463
2,1,1,0.5732943
2,0,0,0.16257109
2,1,1,0.7162671
2,1,1,0.58844376
2,0,0,0.38781095
2,1,1,0.58230555
2,0,0,0.41461432
2,0,0,0.28302395
2,0,0,0.35915175
2,0,1,0.79254407
2,0,0,0.49400538
2,1,0,0.37806597
2,1,0,0.3533283
2,1,0,0.26289368
2,0,0,0.20662668
2,1,1,0.55845094
2,1,1,0.6828632
2,0,0,0.109247215
2,0,0,0.11980816
2,1,1,0.7929577
2,0,1,0.7026295
2,1,1,0.62518036
2,0,1,0.7203644
2,0,1,0.5906969
2,1,1,0.64786863
2,0,1,0.55179274
2,1,1,0.69020593
2,1,1,0.6254322
2,0,0,0.11457008
2,1,0,0.30673552
2,0,0,0.49592632
2,0,0,0.42880592
2,0,1,0.70304185
2,1,1,0.8268436
2,1,1,0.83607876
2,1,1,0.5644552
2,1,1,0.7408844
2,1,1,0.6930255
2,1,1,0.5161482
2,0,1,0.79142237
2,0,1,0.5394933
2,1,1,0.78364456
2,0,0,0.08892745
2,1,1,0.79885906
2,1,0,0.28816435
2,0,0,0.17102675
2,0,1,0.854394
2,0,1,0.6332669
2,0,0,0.42229483
2,0,1,0.86684793
2,1,1,0.7863136
2,0,0,0.33205694
2,1,1,0.677695
2,1,0,0.4420771
2,1,0,0.20655426
2,0,0,0.054855946
2,0,0,0.054855946
2,0,1,0.5525464
2,0,0,0.22808218
2,0,0,0.31926587
2,1,1,0.72342426
2,0,1,0.7643221
2,0,0,0.25082615
2,1,1,0.7730442
2,1,0,0.4166387
2,1,1,0.7178642
2,1,0,0.3861933
2,1,0,0.20126498
2,0,0,0.37985995
2,0,0,0.45133707
2,0,0,0.23425591
2,0,1,0.5134241
2,0,1,0.7141711
2,0,0,0.38874948
2,1,1,0.56257105
2,0,0,0.3779906
2,1,1,0.6082101
2,1,1,0.5223513
2,0,1,0.79185474
2,1,0,0.32742187
2,1,0,0.3743081
2,1,0,0.23876405
2,0,0,0.3796508
2,1,1,0.7415303
2,0,0,0.34171128
2,1,0,0.22492112
2,0,1,0.8504268
2,0,1,0.76762474
2,1,0,0.45079657
2,0,0,0.2001216
2,1,1,0.67307323
2,0,0,0.48152038
2,1,1,0.75651944
2,0,1,0.61438006
2,0,1,0.78378284
2,0,1,0.57204396
2,1,0,0.30972686
2,0,1,0.64434063
2,1,0,0.3546887
2,1,1,0.8398256
2,1,1,0.6145083
2,1,1,0.8193703
2,0,0,0.06014347
2,1,1,0.83792114
2,0,0,0.37004316
2,0,1,0.55177504
2,0,0,0.31690207
2,1,1,0.91304606
2,1,1,0.78304243
2,0,1,0.50874543
2,0,0,0.062284913
2,0,0,0.07071732
2,1,1,0.74753267
2,1,1,0.8562822
2,1,0,0.18718256
2,0,0,0.04070258
2,0,0,0.13329071
2,0,1,0.7994199
2,0,0,0.11314082
2,1,1,0.65832555
2,0,0,0.14950548
2,1,1,0.63776785
2,0,1,0.6585263
2,1,1,0.67502177
2,0,1,0.82810503
2,1,0,0.30809715
2,0,0,0.255917
2,1,1,0.63598156
2,1,1,0.70287067
2,1,1,0.63711965
2,0,0,0.11315034
2,0,0,0.21751456
2,0,0,0.14970428
2,0,0,0.0761677
2,1,1,0.77325255
2,1,0,0.49216646
2,0,0,0.47625712
2,0,1,0.620481
2,1,1,0.7003118
2,0,0,0.28407082
2,0,1,0.7913338
2,1,1,0.6023909
2,0,1,0.5388434
2,1,1,0.5244941
2,0,0,0.2001333
2,0,1,0.59863704
2,1,1,0.72317284
2,0,1,0.6500341
2,1,1,0.6257471
2,0,0,0.119084366
2,1,1,0.6574592
2,0,1,0.859965
2,0,1,0.7008377
2,1,1,0.7769693
2,1,1,0.60624397
2,0,0,0.37135586
2,0,0,0.3441381
2,1,1,0.87924844
2,1,1,0.6164335
2,0,1,0.53620714
2,0,0,0.20046888
2,0,1,0.5451671
2,0,0,0.39521348
2,0,1,0.61714876
2,0,1,0.6365862
2,0,0,0.13649492
2,0,0,0.3575396
2,1,0,0.40383983
2,0,1,0.51587296
2,1,0,0.4193893
2,1,0,0.4862873
2,0,1,0.6665037
2,1,1,0.6326328
2,1,1,0.55724895
2,1,1,0.54736733
2,1,1,0.6973777
2,0,0,0.48270112
2,1,1,0.56983453
2,0,0,0.4554365
2,0,1,0.66576344
2,1,1,0.9296482
2,0,0,0.44436836
2,0,0,0.15098563
2,0,0,0.29629907
2,0,0,0.11485624
2,0,1,0.55197763
2,0,1,0.63436353
2,0,1,0.5453545
2,1,1,0.60161227
2,1,1,0.72545505
2,1,0,0.46868345
2,1,1,0.50789595
2,0,1,0.73706
2,0,0,0.45126757
2,0,1,0.53411955
2,0,1,0.6718357
2,0,0,0.28859758
2,1,1,0.5171988
2,0,0,0.24831638
2,0,1,0.84960765
2,1,1,0.7472452
2,1,1,0.57436705
2,1,1,0.57541966
2,0,0,0.12966363
2,1,0,0.38042474
2,1,1,0.5042907
2,1,0,0.3500445
2,1,0,0.30960074
2,0,1,0.6418114
2,0,1,0.5254624
2,1,1,0.7022868
2,0,0,0.31666782
2,0,0,0.18597151
2,0,0,0.1177558
2,1,1,0.73294926
2,1,0,0.47516474
2,0,1,0.5518717
2,0,1,0.5853379
2,1,1,0.95713043
2,0,1,0.9227132
2,1,1,0.85256183
2,0,0,0.17186806
2,1,1,0.91378444
2,0,0,0.4976722
2,0,1,0.722757
2,1,1,0.8669357
2,1,1,0.87405735
2,0,1,0.54555607
2,0,0,0.28811976
2,1,1,0.5554661
2,0,1,0.527699
2,0,0,0.21667464
2,1,1,0.76263636
2,0,1,0.5528318
2,0,1,0.6093986
2,1,0,0.37431347
2,1,0,0.4949626
2,1,1,0.65664405
2,1,1,0.86547786
2,0,0,0.14444883
2,0,1,0.95208395
2,0,1,0.66162455
2,1,1,0.6751565
2,0,0,0.45011556
2,1,1,0.62345654
2,1,1,0.77254236
2,1,1,0.85282296
2,0,0,0.32996997
2,1,1,0.6061303
2,0,0,0.31542546
2,1,1,0.71665895
2,0,1,0.8010848
2,0,1,0.7302102
2,0,1,0.66233677
2,1,1,0.8361983
2,1,1,0.78845614
2,1,1,0.8076518
2,1,1,0.6427369
2,0,0,0.21644597
2,0,0,0.09784562
2,1,1,0.66594744
2,0,0,0.061610445
2,1,1,0.7962949
2,0,1,0.61644465
2,0,0,0.08004149
2,0,0,0.20508727
2,0,0,0.31511432
2,0,0,0.15475512
2,0,1,0.6239871
2,1,1,0.66128385
2,0,1,0.87992877
2,1,1,0.86767703
2,1,0,0.32625166
2,0,0,0.13202763
2,1,1,0.82655865
2,0,0,0.29420432
2,1,1,0.71178603
2,0,1,0.648709
2,0,0,0.4445783
2,1,1,0.7330834
2,1,1,0.8835186
2,1,1,0.9253699
2,0,0,0.083497785
2,0,0,0.24818346
2,1,0,0.23401965
2,1,0,0.27940735
2,0,0,0.17474656
2,1,1,0.85374415
2,0,0,0.056842078
2,1,0,0.26320794
2,0,0,0.29968634
2,0,0,0.11931063
2,0,0,0.06725952
2,0,1,0.52453965
2,1,1,0.5819566
2,1,1,0.7508789
2,1,1,0.8737047
2,1,1,0.7916194
2,1,1,0.62001836
2,0,0,0.07559538
2,0,0,0.1503313
2,1,1,0.83717424
2,0,0,0.15216824
2,0,0,0.27208176
2,1,0,0.29363796
2,0,1,0.73725843
2,0,0,0.3611602
2,0,0,0.07839852
2,0,0,0.11104244
2,0,0,0.3918319
2,1,1,0.85052705
2,0,0,0.48875856
2,1,1,0.7128391
2,0,0,0.21985726
2,0,0,0.4012024
2,0,0,0.45685485
2,1,0,0.32566586
2,0,1,0.6056357
2,0,1,0.7098718
2,1,1,0.6251128
2,0,0,0.28817317
2,0,1,0.66566575
2,1,1,0.79207355
2,1,1,0.58320814
2,1,0,0.376668
2,0,1,0.7185715
2,0,0,0.45336503
2,0,1,0.7809764
2,1,0,0.25863212
2,0,0,0.14677615
2,1,0,0.4310221
2,0,0,0.48489377
2,1,0,0.4027523
2,1,0,0.20192301
2,1,1,0.8141423
2,0,0,0.44127294
2,1,1,0.5505767
2,1,0,0.41567466
2,0,0,0.4023668
2,0,0,0.22599348
2,0,1,0.73409665
2,0,0,0.34821346
2,1,0,0.2565447
2,1,1,0.73810816
2,0,1,0.5378543
2,0,0,0.14766486
2,1,0,0.32014117
2,1,1,0.9099885
2,0,0,0.18816806
2,0,1,0.63837224
2,0,0,0.40105367
2,0,0,0.17707749
2,0,0,0.40654084
2,0,1,0.75500643
2,0,1,0.66539127
2,1,1,0.60712767
2,1,1,0.7214957
2,1,1,0.7507094
2,1,1,0.6657705
2,0,1,0.7544618
2,1,1,0.6712429
2,1,1,0.96601737
2,0,0,0.30708048
2,1,1,0.8097401
2,1,1,0.65711284
2,0,1,0.5268644
2,0,0,0.27230746
2,0,0,0.2477197
2,0,1,0.7194954
2,0,1,0.6874178
2,1,1,0.5944042
2,0,0,0.45795175
2,1,1,0.85884947
2,0,0,0.39900744
2,1,1,0.96005267
2,1,1,0.70124984
2,0,0,0.19822234
2,0,0,0.3839201
2,1,1,0.58986783
2,1,1,0.7694722
2,0,0,0.059993748
2,1,1,0.65968233
2,0,0,0.01863747
2,1,1,0.850982
2,1,1,0.62005264
2,1,1,0.60218436
2,1,0,0.25416678
2,0,0,0.43794444
2,1,0,0.38130715
2,0,1,0.6298833
2,0,0,0.13795835
2,0,1,0.5297768
2,0,0,0.3764785
2,0,0,0.19032617
2,1,0,0.38578394
2,0,1,0.80108804
2,0,0,0.49336347
2,1,1,0.77051276
2,0,1,0.58526605
2,0,0,0.42434022
2,1,1,0.69115245
2,0,1,0.69194955
2,0,1,0.751222
2,1,1,0.770823
2,0,0,0.29460934
2,1,1,0.856541
2,1,1,0.5053006
2,0,0,0.13938038
2,1,1,0.77009106
2,0,0,0.38509303
2,0,0,0.3441569
2,0,1,0.8038821
2,0,0,0.09752087
2,1,0,0.46175647
2,0,0,0.11991291
2,0,1,0.56225115
2,1,1,0.8742062
2,0,0,0.4490711
2,1,1,0.617762
2,0,0,0.41863087
2,0,0,0.41680434
2,1,0,0.16636306
2,1,0,0.4908251
2,1,1,0.6005689
2,0,0,0.40389502
2,1,1,0.5737913
2,1,1,0.5096316
2,0,0,0.2900928
2,1,0,0.30374575
2,0,0,0.073989764
2,1,1,0.7986653
2,1,1,0.5187811
2,1,1,0.62564987
2,1,1,0.5662759
2,0,0,0.10041607
2,0,0,0.11276583
2,0,0,0.36966258
2,0,1,0.5652636
2,0,1,0.54096097
2,0,1,0.5279637
2,0,0,0.3413927
2,0,1,0.5187441
2,0,0,0.1760962
2,1,0,0.38754648
2,1,1,0.9106547
2,1,1,0.56072617
2,1,0,0.09403664
2,0,0,0.35984117
2,1,0,0.15681435
2,1,0,0.032158278
2,1,0,0.39332312
2,0,0,0.4880128
2,1,1,0.7769836
2,1,1,0.7864562
2,1,0,0.21461822
2,0,1,0.70655525
2,0,1,0.6018882
2,1,0,0.035497814
2,1,1,0.7540652
2,1,1,0.7453774
2,1,1,0.8173399
2,0,1,0.63320607
2,1,1,0.95518047
2,0,1,0.7805188
2,0,1,0.63515294
2,0,0,0.3703602
2,1,1,0.7350621
2,0,0,0.42614067
2,1,1,0.80772275
2,0,0,0.30132422
2,1,1,0.55831254
2,0,1,0.60701877
2,1,1,0.9515046
2,1,1,0.6756417
2,0,1,0.5013328
2,1,1,0.6769748
2,0,1,0.7510098
2,0,1,0.6341003
2,1,1,0.79322463
2,0,1,0.7081388
2,0,0,0.3199652
2,0,1,0.72577894
2,1,1,0.91901934
2,1,1,0.52712387
2,1,0,0.26789945
2,0,1,0.7378995
2,0,0,0.4288428
2,0,1,0.79298913
2,1,1,0.93770355
2,1,1,0.82498705
2,0,1,0.89768225
2,0,0,0.49049124
2,1,1,0.5419749
2,0,0,0.46887198
2,1,1,0.9523304
2,1,1,0.8625128
2,1,0,0.4260597
2,1,1,0.722253
2,1,1,0.76894355
2,1,1,0.8371505
2,1,1,0.5084626
2,0,1,0.7884939
2,0,1,0.71050656
2,1,1,0.6605732
2,0,1,0.64995736
2,1,1,0.7411022
2,0,0,0.48882726
2,1,1,0.8921628
2,1,1,0.7197124
2,1,0,0.40556028
2,1,0,0.3401588
2,1,1,0.6573454
2,0,0,0.09991249
2,1,0,0.34975928
2,0,0,0.47237897
2,1,1,0.6215387
2,1,0,0.43926656
2,0,0,0.18495528
2,1,1,0.8032795
2,0,0,0.34864286
2,0,0,0.25684997
2,0,0,0.17136486
2,1,1,0.7749922
2,0,0,0.32828885
2,0,0,0.34351334
2,0,0,0.4156992
2,0,0,0.10594846
2,0,0,0.14069217
2,0,1,0.5865627
2,0,1,0.7654657
2,1,1,0.92245
2,1,1,0.75569123
2,1,1,0.9050539
2,0,1,0.69493437
2,0,1,0.51014584
2,0,0,0.35629296
2,1,1,0.9305175
2,1,1,0.8386119
2,1,1,0.509526
2,1,1,0.9122666
2,0,1,0.8727298
2,0,1,0.79250586
2,0,0,0.33269554
2,1,1,0.8647634
2,0,1,0.5246196
2,1,1,0.7987375
2,1,1,0.90681165
2,1,1,0.96094537
2,1,1,0.88687414
2,0,1,0.84261686
2,0,1,0.57983536
2,1,1,0.8931221
2,1,0,0.47470984
2,0,0,0.22669652
2,0,0,0.36064047
2,1,1,0.69942737
2,1,1,0.85365874
2,1,1,0.7698139
2,0,0,0.46490166
2,1,1,0.9538088
2,1,0,0.46287403
2,1,1,0.743227
2,1,1,0.94878334
2,1,1,0.6306091
2,1,0,0.29737103
2,1,0,0.48212296
2,0,0,0.30256733
2,0,0,0.44989955
2,0,1,0.56929815
2,0,0,0.3767022
2,0,1,0.85600716
2,0,1,0.8680479
2,0,1,0.58438647
2,1,1,0.84789467
2,1,1,0.94532436
2,0,1,0.7452345
2,0,1,0.8006458
2,0,0,0.32371905
2,1,1,0.6563884
2,0,0,0.101211056
2,1,1,0.546277
2,0,0,0.23382206
2,0,1,0.58833176
2,1,0,0.44416153
2,0,1,0.68390596
2,0,1,0.72397083
2,1,1,0.5097749
2,1,1,0.74053353
2,0,1,0.83232653
2,1,1,0.53254324
2,1,1,0.91187006
2,1,1,0.7926312
2,0,0,0.24891672
2,1,1,0.9295037
2,0,0,0.42888615
2,0,1,0.5495584
2,0,0,0.4436407
2,1,0,0.29018024
2,1,1,0.51357615
2,0,0,0.3022772
2,0,0,0.27112138
2,0,1,0.5398094
2,1,1,0.6709493
2,1,0,0.3684563
2,0,1,0.71678317
2,0,0,0.4167363
2,0,0,0.19265245
2,0,0,0.23496708
2,1,1,0.8493962
2,1,0,0.47049898
2,1,1,0.83826035
2,0,1,0.5821743
2,0,0,0.45195884
2,0,0,0.40013707
2,0,0,0.19857071
2,0,0,0.42894003
2,0,0,0.32467645
2,0,0,0.3664183
2,0,0,0.17973912
2,1,0,0.49571434
2,0,0,0.08772444
2,1,0,0.20537983
2,1,0,0.21071379
2,0,0,0.15185107
2,0,0,0.30332136
2,1,0,0.3353082
2,0,0,0.27991515
2,1,1,0.6556624
2,1,1,0.85417825
2,1,1,0.7288045
2,0,1,0.6651551
2,0,0,0.37976867
2,0,1,0.5522846
2,1,1,0.55299544
2,1,1,0.7691804
2,0,1,0.5826691
2,1,1,0.64860773
2,1,1,0.7411109
2,1,1,0.81200135
2,1,1,0.68601656
2,0,0,0.33611238
2,1,1,0.7510423
2,0,0,0.11173595
2,1,1,0.6096404
2,0,0,0.2690426
2,0,1,0.7534454
2,0,0,0.36036918
2,1,1,0.7899811
2,1,1,0.5367796
2,1,1,0.6896363
2,0,1,0.55306
2,0,1,0.6662301
2,1,1,0.58632886
2,1,1,0.5604671
2,1,1,0.58811665
2,1,1,0.70818794
2,1,1,0.7107835
2,0,0,0.30208373
2,1,1,0.71373653
2,0,1,0.60379875
2,0,1,0.5730955
2,0,0,0.42317703
2,0,0,0.32013488
2,0,1,0.77912664
2,0,0,0.45006475
2,1,1,0.8248371
2,0,1,0.69860196
2,1,0,0.4263421
2,1,1,0.66209763
2,1,1,0.52040046
2,1,1,0.7948941
2,0,1,0.7741393
2,0,1,0.5623819
2,1,1,0.65702426
2,0,0,0.41904083
2,1,1,0.540593
2,0,0,0.05977773
2,1,0,0.49094337
2,1,1,0.59196365
2,0,1,0.7566552
2,0,1,0.5943203
2,0,1,0.68157667
2,1,1,0.9512273
2,0,1,0.87463087
2,1,1,0.8827245
2,1,1,0.92680585
2,1,1,0.7062851
2,0,0,0.18109223
2,1,1,0.9510183
2,1,1,0.8690472
2,1,1,0.8147477
2,0,1,0.8900071
2,1,1,0.91369706
2,1,0,0.3700265
2,0,1,0.7687062
2,0,1,0.5014052
2,0,0,0.36926314
2,0,1,0.6839722
2,0,1,0.6434945
2,0,0,0.119263716
2,0,1,0.79321146
2,1,1,0.9044157
2,1,1,0.73823076
2,1,1,0.6696019
2,1,1,0.6852143
2,0,0,0.38264936
2,0,0,0.033179455
2,1,0,0.48865944
2,0,1,0.54304296
2,0,0,0.100630336
2,1,1,0.5177173
2,1,1,0.8382757
2,0,1,0.5264533
2,1,1,0.95929974
2,0,1,0.8707572
2,1,1,0.7673115
2,0,0,0.26048544
2,0,1,0.5211052
2,1,1,0.5920047
2,1,1,0.67237043
2,0,0,0.18647736
2,0,1,0.5016322
2,1,1,0.6911971
2,0,1,0.8107797
2,0,1,0.7213243
2,1,1,0.53911716
2,0,1,0.51663065
2,1,1,0.9224577
2,1,1,0.80394804
2,1,1,0.80314565
2,1,1,0.8144561
2,1,1,0.64219624
2,0,1,0.78765905
2,0,0,0.2815853
2,0,1,0.6655295
2,1,1,0.6318776
2,0,1,0.55537325
2,1,1,0.51377946
2,0,1,0.884352
2,0,1,0.787837
2,0,1,0.91401136
2,0,1,0.59200454
2,1,1,0.5775161
2,0,0,0.41996902
2,1,1,0.6628142
2,0,1,0.89081293
2,1,1,0.66450226
2,1,1,0.65665513
2,1,1,0.83332336
2,0,0,0.41613883
2,1,1,0.705371
2,1,1,0.75341034
2,0,1,0.7479551
2,0,0,0.36185566
2,0,1,0.51934505
2,0,0,0.21103626
2,1,1,0.5423787
2,1,0,0.36231202
2,0,0,0.45694533
2,0,0,0.18867736
2,1,0,0.47225752
2,1,1,0.7848622
2,0,0,0.4467755
2,0,0,0.13503791
2,0,1,0.76265347
2,1,0,0.33785895
2,0,1,0.53651136
2,0,1,0.6995313
2,1,1,0.62582767
2,0,0,0.19937134
2,1,0,0.3448677
2,0,1,0.760849
2,1,1,0.5187937
2,1,1,0.65420306
2,0,1,0.57416505
2,0,0,0.21278028
2,0,0,0.48836902
2,0,1,0.5929276
2,1,1,0.93773776
2,0,1,0.5517172
2,1,1,0.5877697
2,1,1,0.844196
2,0,1,0.8361843
2,0,0,0.14064883
2,1,1,0.9090183
2,0,1,0.78722614
2,0,1,0.83828104
2,1,1,0.89385563
2,1,1,0.82140625
2,1,1,0.846484
2,1,1,0.95680445
2,0,1,0.5299438
2,1,1,0.67980504
2,0,0,0.34298328
2,1,1,0.88302547
2,0,0,0.19916184
2,1,1,0.61538965
2,1,1,0.8969795
2,1,1,0.76552457
2,0,1,0.6370338
2,0,0,0.25301328
2,1,0,0.33541083
2,0,1,0.7512642
2,0,1,0.6641739
2,1,1,0.5422167
2,0,1,0.86725837
2,1,1,0.54579246
2,0,1,0.5936124
2,0,1,0.7755967
2,1,1,0.9110732
2,1,1,0.56072617
2,1,0,0.09403664
2,0,0,0.35984117
2,1,0,0.15681435
2,1,0,0.032158278
2,1,0,0.39332312
2,0,0,0.4880128
2,1,1,0.7769836
2,1,1,0.7864562
2,1,0,0.21461822
2,0,1,0.70655525
2,0,1,0.6018882
2,1,0,0.035497814
2,1,1,0.7540652
2,1,1,0.96601737
2,0,0,0.30708048
2,1,1,0.8097401
2,1,1,0.65711284
2,0,1,0.5268644
2,0,0,0.27230746
2,0,0,0.2477197
2,0,1,0.7194954
2,0,1,0.6874178
2,1,1,0.5944042
2,0,0,0.45795175
2,1,1,0.85884947
2,0,0,0.39900744
2,1,1,0.96005267
2,1,1,0.70124984
2,0,0,0.19822234
2,0,0,0.3839201
2,1,1,0.58986783
2,1,1,0.7796917
2,1,1,0.6726603
2,0,1,0.5098114
2,0,0,0.18035358
2,1,1,0.6585871
2,0,0,0.37461832
2,0,0,0.3331055
2,1,0,0.42316008
2,0,0,0.15542798
2,0,0,0.21188122
2,0,0,0.38586146
2,1,0,0.30249923
2,1,0,0.42710036
2,0,0,0.2667148
2,1,1,0.70744616
2,0,0,0.4720658
2,0,0,0.31160766
2,1,1,0.64781165
2,1,1,0.7476481
2,0,0,0.35370559
2,1,1,0.659043
2,1,1,0.62205344
2,1,1,0.86603177
2,1,1,0.6230876
2,1,1,0.5356742
2,0,1,0.9064428
2,1,1,0.814982
2,0,0,0.36281928
2,0,0,0.3826643
2,0,0,0.30378208
2,1,1,0.65178376
2,0,0,0.4916921
2,1,1,0.71856695
2,0,0,0.121106714
2,0,0,0.4575598
2,1,1,0.7544017
2,0,1,0.5102284
2,0,1,0.81086975
2,0,0,0.20479581
2,0,1,0.78469163
2,1,1,0.9694564
2,1,1,0.6271119
2,1,1,0.66191995
2,1,1,0.8414994
2,1,1,0.55399525
2,0,0,0.46210384
2,0,0,0.23149927
2,0,1,0.7916011
2,0,1,0.7099632
2,1,1,0.83361584
2,0,0,0.1295995
2,1,1,0.54491067
2,1,1,0.8838627
2,1,0,0.31730902
2,1,1,0.5977145
2,1,1,0.8169801
2,0,0,0.26719794
2,1,1,0.83277017
2,1,1,0.80274737
2,0,0,0.42445272
2,0,0,0.062461283
2,0,0,0.1604022
2,1,1,0.7736233
2,0,0,0.4941329
2,1,1,0.83847576
2,1,1,0.79674083
2,1,1,0.74020255
2,0,0,0.29527318
2,1,1,0.9267985
2,1,1,0.8618003
2,0,1,0.6174279
2,0,1,0.6079045
2,0,1,0.57439214
2,0,1,0.6672104
2,1,1,0.7945675
2,1,1,0.93784124
2,1,1,0.7503706
2,1,1,0.8057691
2,1,1,0.6790698
2,1,1,0.73064184
2,1,1,0.58115196
2,1,1,0.7552373
2,1,1,0.6983836
2,1,1,0.8452186
2,0,1,0.91701645
2,1,1,0.9402826
2,1,1,0.7677774
2,0,1,0.63758016
2,0,1,0.7803582
2,1,1,0.8132925
2,1,1,0.764142
2,0,0,0.37134528
2,1,1,0.7627489
2,1,1,0.83455
2,1,0,0.4490092
2,0,1,0.8208137
2,0,1,0.5688484
2,0,0,0.11375364
2,0,0,0.33472195
2,1,1,0.6102798
2,0,0,0.43949243
2,0,0,0.3845645
2,0,0,0.09272663
2,0,1,0.9015506
2,1,1,0.56294525
2,1,1,0.8702874
2,0,1,0.84409183
2,1,1,0.73081064
2,0,1,0.8948192
2,1,1,0.8518485
2,0,1,0.827584
2,0,1,0.604395
2,1,1,0.823699
2,0,1,0.9579175
2,1,1,0.6776298
2,1,0,0.473395
2,0,1,0.7606108
2,0,0,0.43453532
2,1,1,0.6006279
2,1,0,0.45586511
2,0,0,0.26887318
2,0,0,0.42843395
2,0,1,0.71436024
2,1,1,0.65572965
2,0,1,0.67736584
2,0,0,0.44439876
2,1,1,0.63058436
2,1,0,0.3863793
2,1,0,0.35726404
2,0,0,0.39836422
2,0,1,0.6790259
2,0,0,0.48399258
2,1,1,0.95931923
2,1,1,0.8367007
2,1,0,0.4226104
2,0,0,0.4513594
2,1,1,0.639735
2,0,0,0.46437326
2,0,0,0.18986678
2,0,1,0.8503789
2,0,1,0.5595638
2,0,1,0.6258794
2,1,1,0.95164144
2,0,0,0.13473529
2,1,1,0.83606315
2,0,0,0.059574075
2,1,1,0.5752751
2,1,0,0.21934456
2,0,0,0.38875154
2,1,1,0.9089722
2,1,1,0.7431821
2,0,1,0.5971014
2,1,1,0.7998594
2,1,1,0.9211343
2,0,1,0.8030677
2,0,1,0.56659347
2,1,1,0.7604075
2,0,0,0.32699776
2,1,0,0.49197754
2,1,1,0.79333293
2,1,1,0.7946004
2,1,1,0.81640995
2,0,1,0.5603584
2,0,0,0.43599397
2,0,0,0.40890908
2,0,1,0.80333805
2,1,0,0.38924003
2,1,0,0.4355405
2,0,0,0.16372883
2,1,0,0.4669067
2,0,0,0.4217275
2,1,0,0.3754509
2,0,1,0.69059455
2,0,0,0.28915423
2,0,0,0.37350845
2,1,1,0.7693511
2,0,0,0.44640884
2,1,1,0.5947112
2,1,1,0.775055
2,1,1,0.86422503
2,0,1,0.82244784
2,0,1,0.7676477
2,0,0,0.1058586
2,1,1,0.7328649
2,0,0,0.33550015
2,1,1,0.70884943
2,0,0,0.37208834
2,1,0,0.20110115
2,1,1,0.5255865
2,0,0,0.21076928
2,0,1,0.5134337
2,0,1,0.57108235
2,0,1,0.7398728
2,0,0,0.43377277
2,1,0,0.13197598
2,0,0,0.28307962
2,1,1,0.8544962
2,0,0,0.3037236
2,0,0,0.20512253
2,0,0,0.4396272
2,1,0,0.36577588
2,0,0,0.12239418
2,1,1,0.63484144
2,1,0,0.37582424
2,0,0,0.08127795
2,1,1,0.5919174
2,0,0,0.13588819
2,0,0,0.33214247
2,0,0,0.44890726
2,1,0,0.41262332
2,1,1,0.825929
2,1,1,0.8464089
2,1,1,0.80546594
2,0,0,0.34367442
2,0,1,0.62932813
2,0,0,0.06839248
2,1,1,0.8583948
2,1,1,0.5030254
2,1,0,0.41881025
2,0,0,0.10974129
2,0,0,0.24741589
2,0,1,0.6032944
2,1,1,0.6365088
2,0,0,0.25006267
2,1,1,0.5354946
2,1,0,0.2785396
2,0,0,0.45779607
2,0,1,0.58791035
2,0,1,0.51459277
2,0,0,0.38572183
2,0,1,0.6696978
2,1,1,0.62032527
2,1,1,0.7666028
2,1,1,0.7868483
2,1,1,0.89255077
2,1,1,0.7705528
2,1,0,0.434514
2,1,1,0.8382338
2,1,0,0.48515588
2,1,1,0.79962677
2,1,1,0.63040185
2,1,1,0.72093064
2,1,1,0.9103222
2,0,1,0.8182703
2,1,1,0.6252982
2,1,1,0.87960315
2,0,1,0.8380738
2,1,1,0.87011933
2,0,1,0.62741476
2,1,1,0.9119418
2,0,1,0.5731116
2,1,1,0.69935954
2,1,1,0.7904398
2,0,1,0.7974647
2,1,1,0.6720571
2,0,1,0.5863674
2,0,1,0.6576783
2,0,0,0.34876642
2,1,1,0.7706315
2,0,0,0.34865934
2,1,1,0.7295219
2,1,1,0.84396034
2,0,1,0.7044602
2,0,1,0.89358205
2,0,0,0.37984645
2,1,1,0.7931797
2,1,1,0.51462775
2,1,1,0.6102557
2,1,0,0.34670803
2,0,1,0.51435316
2,0,0,0.4327281
2,1,1,0.57485396
2,0,0,0.39449337
2,1,1,0.7605217
2,0,1,0.79614407
2,0,0,0.48442298
2,1,1,0.5756161
2,0,1,0.8776979
2,1,1,0.6887315
2,1,1,0.6824909
2,1,1,0.77347285
2,0,1,0.527625
2,0,0,0.30252737
2,0,1,0.5062159
2,0,0,0.041408937
2,0,0,0.38299897
2,1,1,0.94215745
2,1,1,0.8369197
2,0,1,0.5244866
2,1,0,0.40023512
2,1,1,0.5144613
2,0,1,0.7841235
2,0,0,0.13825418
2,0,1,0.7310846
2,1,1,0.5229406
2,1,0,0.3025915
2,0,1,0.84450555
2,0,1,0.5726054
2,0,0,0.43305668
2,0,0,0.28150892
2,1,1,0.673658
2,0,0,0.22796759
2,1,1,0.8557156
2,1,1,0.5163727
2,1,1,0.5662952
2,0,1,0.7635305
2,1,1,0.7279817
2,1,1,0.5713463
2,1,1,0.8167536
2,0,1,0.72319525
2,0,1,0.7499122
2,1,0,0.44886592
2,0,1,0.56820947
2,1,0,0.4969209
2,0,1,0.72803956
2,1,1,0.7975398
2,1,1,0.56332195
2,1,1,0.5719709
2,0,1,0.8001534
2,1,0,0.28936842
2,0,0,0.33011332
2,0,0,0.4117403
2,0,0,0.31524515
2,1,1,0.73013717
2,0,1,0.8225627
2,1,1,0.57801753
2,0,1,0.7953812
2,1,0,0.35992748
2,0,0,0.3658248
2,0,1,0.7294032
2,0,1,0.83460605
2,0,1,0.6263931
2,0,1,0.76094294
2,1,1,0.6848599
2,1,1,0.8870241
2,1,1,0.7718357
2,1,1,0.6852356
2,0,1,0.5223139
2,0,1,0.7677118
2,0,1,0.6906602
2,1,1,0.6423523
2,0,0,0.3225618
2,1,1,0.51660997
2,1,1,0.77626044
2,1,1,0.8125472
2,1,1,0.67378235
2,0,1,0.5642563
2,0,1,0.8035683
2,0,0,0.4989315
2,0,0,0.46351478
2,0,1,0.7077143
2,1,1,0.88378036
2,0,1,0.69342625
2,0,0,0.18954116
2,1,0,0.44595742
2,1,1,0.6593444
2,1,1,0.73830235
2,0,0,0.20500346
2,1,1,0.63855124
2,0,0,0.141348
2,1,1,0.64909685
2,1,1,0.58310425
2,1,1,0.75834215
2,0,0,0.45437717
2,0,1,0.63186634
2,0,0,0.36171818
2,0,1,0.733429
2,1,1,0.5639674
2,1,1,0.7520678
2,1,0,0.48513365
2,1,1,0.72467345
2,1,1,0.699688
2,1,1,0.9143716
2,0,1,0.54032505
2,0,0,0.20255145
2,0,1,0.8273935
2,1,1,0.883968
2,0,1,0.79509073
2,1,1,0.5566452
2,0,0,0.490749
2,1,1,0.69138324
2,1,0,0.44434142
2,0,0,0.29777598
2,1,1,0.93573743
2,0,0,0.29404694
2,0,0,0.14042364
2,1,1,0.72349966
2,0,0,0.48541048
2,0,1,0.7317268
2,1,1,0.7801884
2,0,0,0.27117234
2,1,1,0.64010185
2,0,0,0.480387
2,1,1,0.5883355
2,1,0,0.23694856
2,1,0,0.26073146
2,1,0,0.39204267
2,0,1,0.556014
2,0,0,0.46133497
2,1,1,0.579496
2,1,1,0.65642965
2,0,0,0.37937117
2,1,0,0.36290082
2,0,0,0.2444921
2,1,1,0.7101464
2,0,0,0.48445946
2,1,0,0.49137795
2,0,0,0.4632536
2,0,0,0.23605977
2,1,1,0.871184
2,1,0,0.29319137
2,0,1,0.5211122
2,0,0,0.48314726
2,0,0,0.16227823
2,0,0,0.30535007
2,0,0,0.18592705
2,0,0,0.098581575
2,1,1,0.7720214
2,0,0,0.22127259
2,1,1,0.6357712
2,1,0,0.115735985
2,1,1,0.7589337
2,1,1,0.5750024
2,0,0,0.416018
2,0,0,0.44016883
2,1,1,0.7842855
2,1,0,0.3619194
2,1,1,0.73020655
2,1,0,0.3297232
2,0,0,0.2768345
2,0,1,0.7238313
2,1,0,0.2586933
2,1,0,0.2939951
2,0,0,0.41153023
2,0,0,0.4683429
2,0,1,0.6314395
2,1,1,0.5554392
2,0,0,0.0832894
2,0,0,0.037214424
2,1,1,0.5925359
2,1,1,0.6012733
2,0,0,0.059433904
2,1,0,0.34165424
2,0,1,0.83788633
2,0,0,0.10555427
2,0,0,0.06936265
2,0,1,0.74478626
2,0,0,0.33009604
2,0,1,0.5972922
2,1,1,0.87204283
2,1,1,0.5947241
2,1,1,0.58953804
2,0,0,0.4497038
2,1,1,0.81091386
2,0,0,0.32418582
2,1,1,0.8534712
2,0,0,0.05466629
2,1,1,0.7671154
2,1,0,0.26060072
2,1,1,0.7325702
2,1,1,0.62784934
2,0,0,0.3476617
2,1,0,0.2864082
2,1,1,0.6795262
2,0,1,0.6048258
2,0,1,0.68630403
2,0,1,0.57415646
2,0,0,0.4756771
2,0,0,0.1260752
2,0,0,0.053552542
2,0,0,0.16704206
2,0,0,0.41811165
2,0,0,0.29708996
2,0,0,0.256347
2,0,1,0.59246105
2,0,0,0.31298158
2,1,1,0.5100077
2,0,0,0.32943487
2,1,0,0.39040595
2,0,1,0.5041868
2,0,0,0.37399825
2,0,1,0.58681124
2,0,0,0.06966903
2,1,1,0.6497191
2,1,1,0.7807752
2,0,0,0.20234978
2,1,1,0.7709273
2,1,1,0.9368413
2,1,1,0.8552032
2,0,1,0.7600379
2,1,1,0.8119887
2,1,1,0.8375823
2,0,1,0.66918534
2,0,0,0.1283566
2,1,1,0.9022867
2,0,1,0.54758024
2,0,1,0.85494334
2,0,1,0.6273102
2,1,1,0.7579904
2,0,1,0.811991
2,1,1,0.77600557
2,0,0,0.37447014
2,1,1,0.8516094
2,1,1,0.71774447
2,1,0,0.43754387
2,1,0,0.2276687
2,1,0,0.47666204
2,0,0,0.43472683
2,1,1,0.8607975
2,1,0,0.13050017
2,0,0,0.13065955
2,1,0,0.46821335
2,1,0,0.36537194
2,0,0,0.3258315
2,0,0,0.12928262
2,0,0,0.365857
2,0,0,0.33155382
2,0,1,0.522083
2,0,0,0.26243538
2,0,1,0.58298135
2,0,1,0.61383086
2,0,1,0.5679322
2,1,0,0.41374037
2,0,1,0.5952872
2,1,1,0.8431206
2,0,1,0.7325937
2,1,1,0.78388035
2,1,1,0.6948878
2,0,0,0.019669011
2,1,1,0.668088
2,0,1,0.502615
2,0,0,0.1772667
2,1,1,0.7943932
2,1,0,0.30883077
2,0,1,0.57915616
2,0,0,0.31633553
2,1,0,0.36974338
2,0,1,0.5338394
2,1,0,0.42042854
2,0,0,0.46585163
2,0,1,0.72512573
2,1,1,0.77732027
2,0,1,0.6982384
2,0,1,0.56551176
2,1,0,0.30098748
2,1,1,0.77922964
2,0,1,0.6837772
2,1,1,0.60135996
2,0,0,0.35794228
2,0,0,0.49427578
2,1,1,0.8238228
2,1,1,0.83828455
2,0,0,0.46582338
2,0,0,0.44882733
2,0,0,0.31906608
2,1,0,0.22877362
2,1,1,0.7722855
2,1,1,0.6509634
2,1,1,0.7173776
2,0,0,0.036251523
2,0,1,0.64919907
2,0,1,0.77023804
2,1,1,0.6770014
2,0,1,0.7732317
2,0,0,0.33486947
2,1,1,0.8011609
2,0,0,0.25440258
2,0,1,0.6487478
2,0,0,0.17417657
2,0,0,0.43579128
2,0,0,0.4588047
2,0,0,0.30057728
2,1,1,0.8129783
2,1,1,0.68087775
2,0,0,0.040294837
2,1,1,0.63805574
2,1,1,0.7481878
2,0,0,0.3621338
2,1,1,0.5876553
2,1,1,0.5839083
2,0,0,0.017350275
2,0,0,0.34756622
2,1,0,0.27721632
2,0,0,0.27923092
2,1,0,0.46649885
2,0,0,0.42670766
2,1,0,0.31716666
2,0,0,0.12131092
2,1,0,0.35256407
2,0,0,0.10358414
2,0,0,0.05908681
2,0,0,0.20783915
2,0,0,0.051368486
2,0,0,0.46439064
2,0,0,0.47655866
2,0,0,0.22087164
2,0,0,0.29733616
2,1,1,0.69723535
2,1,0,0.3888153
2,0,0,0.3228938
2,1,1,0.59430796
2,0,0,0.2043219
2,0,0,0.09214255
2,1,0,0.14684442
2,0,0,0.25138476
2,0,0,0.23594682
2,0,1,0.5634752
2,0,0,0.28787076
2,0,0,0.11168529
2,1,1,0.52280885
2,0,0,0.31113383
2,0,0,0.24925697
2,0,0,0.22847044
2,0,1,0.53628784
2,0,0,0.25891912
2,0,0,0.15977031
2,1,0,0.37282073
2,0,0,0.25028035
2,0,1,0.50772345
2,1,0,0.30643618
2,1,0,0.24487594
2,0,0,0.14407083
2,1,1,0.78033155
2,1,0,0.42223993
2,1,0,0.14363684
2,1,0,0.35257345
2,0,0,0.15836972
2,1,0,0.49768835
2,1,1,0.5201516
2,1,1,0.7502694
2,1,1,0.7658216
2,1,1,0.87556785
2,1,1,0.6147917
2,0,1,0.52005446
2,1,1,0.7303606
2,1,1,0.6710298
2,1,1,0.5427725
2,1,1,0.6392353
2,1,1,0.80114263
2,1,1,0.71674544
2,0,1,0.6913112
2,0,1,0.62206274
2,0,1,0.73784727
2,0,1,0.5934194
2,1,0,0.47705147
2,1,1,0.70672035
2,1,1,0.75598085
2,1,1,0.8105349
2,0,0,0.27946407
2,0,0,0.34935156
2,0,1,0.58164614
2,1,1,0.51861185
2,1,0,0.49065083
2,0,1,0.5615558
2,0,0,0.3472755
2,1,0,0.43453035
2,1,1,0.611673
2,0,1,0.6082298
2,1,1,0.85619867
2,0,1,0.86847305
2,0,1,0.5038099
2,1,1,0.60123605
2,0,1,0.5533089
2,1,1,0.91618186
2,1,1,0.74780625
2,1,1,0.65999496
2,1,1,0.7505835
2,1,1,0.9557796
2,0,0,0.439661
2,1,1,0.62101245
2,0,0,0.29744676
2,1,1,0.67463166
2,0,0,0.37737903
2,1,1,0.8394926
2,0,1,0.6738352
2,1,1,0.8872286
2,1,1,0.87023646
2,1,1,0.89644706
2,0,1,0.77661943
2,0,1,0.5635844
2,0,1,0.90255004
2,1,1,0.6499496
2,1,1,0.8089611
2,1,1,0.505209
2,0,1,0.74013776
2,0,0,0.39159325
2,0,0,0.44320187
2,0,0,0.38850158
2,0,1,0.6896948
2,1,1,0.6685584
2,1,0,0.31041348
2,0,1,0.66724354
2,1,0,0.27795318
2,1,1,0.7562439
2,1,0,0.35407224
2,0,0,0.31441048
2,0,1,0.7159976
2,1,1,0.74732864
2,0,0,0.15703022
2,1,0,0.36804476
2,1,0,0.41392055
2,1,1,0.6731303
2,0,0,0.42501634
2,1,1,0.61444724
2,0,1,0.571003
2,1,0,0.4845042
2,1,0,0.40762523
2,1,1,0.5565835
2,0,1,0.6438127
2,0,1,0.7243776
2,1,1,0.5967229
2,0,1,0.64908415
2,1,1,0.5287698
2,0,1,0.58626
2,0,1,0.5559782
2,1,1,0.69697446
2,0,0,0.47326225
2,0,1,0.69857866
2,1,1,0.6250861
2,0,0,0.34940878
2,0,0,0.34743506
2,0,0,0.17653142
2,1,1,0.92752534
2,0,1,0.7675886
2,0,0,0.21772209
2,1,1,0.5588059
2,0,1,0.50292826
2,0,0,0.22549193
2,0,0,0.18316226
2,0,0,0.2341934
2,1,0,0.39376792
2,1,1,0.7184613
2,0,0,0.22628969
2,0,0,0.05238986
2,1,1,0.6113348
2,0,0,0.39618063
2,1,0,0.4854447
2,0,0,0.42945513
2,0,1,0.51346064
2,0,1,0.7524588
2,1,0,0.36678103
2,1,1,0.8288447
2,1,1,0.7077609
2,1,0,0.46031064
2,0,0,0.19930656
2,0,0,0.33915067
2,1,1,0.52414197
2,0,0,0.30386376
2,0,0,0.36749107
2,0,0,0.20735495
2,1,1,0.62495303
2,0,0,0.34942117
2,0,0,0.37251234
2,1,1,0.51668996
2,0,0,0.15961082
2,1,1,0.76589733
2,0,1,0.80355865
2,1,1,0.8439627
2,1,1,0.854556
2,1,1,0.80400026
2,0,0,0.24615368
2,0,0,0.30482468
2,0,1,0.70342857
2,0,1,0.6474887
2,0,0,0.15562165
2,1,1,0.84341383
2,0,0,0.34843943
2,0,1,0.51657456
2,1,1,0.7451059
2,1,1,0.8403279
2,0,1,0.72641665
2,1,1,0.8273544
2,0,0,0.2742308
2,1,1,0.7302064
2,0,0,0.17889866
2,1,1,0.81594974
2,1,1,0.7051149
2,0,1,0.62133723
2,1,1,0.6715807
2,1,1,0.78788716
2,1,1,0.8162144
2,0,1,0.5791502
2,0,1,0.6499333
2,0,0,0.12821022
2,1,1,0.79314846
2,0,0,0.2434566
2,0,1,0.6299455
2,1,0,0.21966606
2,1,1,0.7161792
2,0,0,0.121422134
2,0,0,0.36552683
2,1,1,0.6608541
2,0,0,0.46214178
2,0,0,0.43623465
2,0,1,0.55053914
2,1,0,0.31207135
2,0,0,0.44901395
2,0,0,0.47486392
2,0,0,0.21874028
2,1,1,0.7509727
2,1,0,0.25819236
2,0,0,0.3299417
2,0,0,0.16196638
2,1,0,0.41992015
2,1,0,0.32879955
2,0,0,0.2698343
2,1,0,0.2974535
2,0,0,0.30211443
2,1,1,0.5205504
2,1,0,0.4609247
2,0,1,0.5265213
2,0,1,0.6010375
2,1,0,0.26021367
2,0,0,0.18611778
2,1,0,0.2633663
2,0,0,0.045927983
2,0,0,0.45372707
2,1,1,0.95754373
2,0,1,0.7702682
2,0,1,0.83857375
2,1,1,0.61037314
2,0,0,0.33299017
2,0,0,0.23542611
2,1,1,0.7701346
2,1,1,0.98211104
2,1,1,0.6525647
2,0,0,0.41186616
2,0,1,0.6805568
2,1,1,0.8794972
2,0,0,0.3309173
2,1,0,0.4435185
2,0,1,0.5399706
2,0,1,0.6545367
2,1,1,0.72522813
2,1,1,0.84168077
2,0,0,0.40231356
2,0,0,0.34563473
2,1,0,0.49620068
2,1,0,0.4770692
2,0,1,0.5818639
2,1,1,0.81012315
2,1,0,0.4789824
2,1,1,0.9713837
2,1,1,0.68257064
2,0,1,0.92621243
2,0,0,0.20173077
2,0,0,0.4162786
2,1,1,0.7738452
2,1,1,0.63601685
2,0,1,0.63555473
2,1,1,0.62235916
2,0,0,0.4997071
2,1,1,0.6581985
2,1,1,0.9525022
2,1,1,0.6361978
2,1,1,0.7318754
2,0,0,0.33612144
2,0,0,0.20066828
2,1,1,0.6592559
2,0,0,0.3773986
2,1,1,0.84300697
2,0,1,0.50777924
2,1,1,0.5340929
2,1,1,0.6621562
2,1,1,0.57223296
2,1,0,0.25003472
2,0,0,0.29601172
2,1,1,0.7067419
2,0,1,0.5196227
2,1,1,0.5673915
2,0,1,0.746571
2,0,1,0.72196436
2,1,1,0.65020037
2,1,0,0.3115432
2,0,0,0.49133602
2,0,0,0.040555757
2,1,0,0.3677812
2,0,0,0.22282936
2,1,0,0.37876445
2,0,0,0.4804263
2,1,1,0.60010785
2,0,1,0.82215303
2,0,0,0.2902413
2,0,1,0.50064206
2,1,1,0.7347318
2,0,1,0.5965431
2,0,1,0.6879135
2,0,1,0.7660075
2,0,0,0.22121243
2,1,1,0.89594656
2,0,1,0.7166976
2,1,1,0.88930494
2,1,1,0.65058017
2,1,1,0.79079723
2,1,1,0.7261055
2,1,1,0.93849456
2,0,1,0.6349846
2,0,1,0.7676398
2,0,0,0.1194045
2,1,1,0.7125661
2,0,0,0.1534578
2,0,1,0.562516
2,0,1,0.7579229
2,1,1,0.7849933
2,1,1,0.86933154
2,1,1,0.8592428
2,1,1,0.62063336
2,1,1,0.83274215
2,1,1,0.7950644
2,1,1,0.6374857
2,0,1,0.902712
2,0,1,0.69431657
2,1,1,0.9049424
2,1,1,0.8193396
2,0,1,0.5133479
2,1,1,0.8783183
2,0,1,0.914103
2,1,1,0.7669332
2,1,1,0.9161989
2,0,0,0.398168
2,0,1,0.76230407
2,0,1,0.7427237
2,1,1,0.7064406
2,1,1,0.6214236
2,1,1,0.84265894
2,0,0,0.49479428
2,0,1,0.5116724
2,1,0,0.4281163
2,1,1,0.9195148
2,1,1,0.9436255
2,1,1,0.7983782
2,1,1,0.85913897
2,0,1,0.8626217
2,1,1,0.6943529
2,1,1,0.8223472
2,1,1,0.7807513
2,1,1,0.7280053
2,0,0,0.27876905
2,0,1,0.90159845
2,1,1,0.7945164
2,1,1,0.6964863
2,0,1,0.61905634
2,0,1,0.65190256
2,0,1,0.6077493
2,0,1,0.52080745
2,1,1,0.6572053
2,1,1,0.7033949
2,0,1,0.50194633
2,0,1,0.59622544
2,1,1,0.729065
2,0,1,0.73220897
2,0,1,0.5402537
2,1,1,0.6817605
2,1,1,0.7357331
2,1,1,0.76635736
2,1,1,0.60618573
2,0,1,0.6814019
2,1,1,0.67785525
2,0,0,0.46742612
2,1,1,0.52524537
2,0,1,0.7820084
2,0,1,0.5601596
2,0,1,0.5790204
2,0,1,0.66556245
2,0,0,0.2626173
2,0,1,0.5889658
2,1,1,0.8634783
2,1,1,0.8187252
2,0,1,0.716055
2,0,1,0.5686347
2,0,1,0.6104022
2,1,1,0.7708406
2,0,1,0.82814133
2,1,1,0.61309004
2,1,1,0.55614233
2,1,1,0.6184897
2,1,1,0.76242054
2,0,1,0.6630239
2,0,1,0.66722804
2,1,0,0.37371567
2,1,1,0.50261176
2,0,0,0.18047151
2,1,1,0.67889255
2,0,1,0.5672782
2,1,1,0.8220266
2,1,1,0.86410743
2,1,1,0.576172
2,0,1,0.6116392
2,0,1,0.8331992
2,0,1,0.87878525
2,0,0,0.26953718
2,0,0,0.37767756
2,0,1,0.88409626
2,1,0,0.4232258
2,0,0,0.195793
2,0,1,0.56620586
2,1,0,0.47770432
2,1,1,0.54393625
2,0,0,0.14063412
2,1,1,0.74486417
2,1,0,0.27636632
2,0,0,0.18141973
2,0,0,0.45494813
2,0,0,0.3805097
2,0,1,0.9166612
2,0,0,0.4735156
2,0,1,0.6800505
2,1,1,0.6757363
2,0,0,0.32486448
2,0,0,0.3379309
2,1,1,0.8565523
2,1,0,0.4827999
2,1,0,0.36566624
2,1,0,0.27215806
2,1,1,0.53590137
2,0,1,0.51333624
2,1,1,0.83915263
2,1,1,0.7975282
2,1,1,0.7726441
2,0,0,0.2629503
2,0,1,0.53774107
2,1,1,0.76064134
2,0,1,0.6828886
2,0,0,0.17855097
2,1,1,0.819067
2,1,1,0.90591717
2,0,0,0.25324526
2,0,1,0.5880904
2,0,1,0.76627547
2,0,0,0.17930181
2,0,0,0.11012051
2,1,1,0.9177636
2,0,0,0.44397902
2,0,0,0.35744205
2,1,0,0.47886994
2,1,1,0.9003927
2,1,1,0.9154783
2,1,1,0.58780974
2,0,1,0.5264454
2,0,0,0.13082547
2,0,0,0.1205138
2,1,1,0.76052725
2,0,1,0.7244344
2,0,1,0.637394
2,1,1,0.8025397
2,1,0,0.3310027
2,1,1,0.7370512
2,0,1,0.6185048
2,1,1,0.91655093
2,1,1,0.9199052
2,1,1,0.7960607
2,0,1,0.78489953
2,0,1,0.8806737
2,1,0,0.38385928
2,0,0,0.04110826
2,1,0,0.4085701
2,1,1,0.7091619
2,0,1,0.5433654
2,0,0,0.32671216
2,0,0,0.36149415
2,0,1,0.5912051
2,0,0,0.058227878
2,1,1,0.6751944
2,1,0,0.3071072
2,0,0,0.3645279
2,0,1,0.56047684
2,0,0,0.21490164
2,1,0,0.1845639
2,1,1,0.66253936
2,0,0,0.1164839
2,0,0,0.48111993
2,1,0,0.4519352
2,1,1,0.5682891
2,0,1,0.67749506
2,0,1,0.72260773
2,1,1,0.5282687
2,1,0,0.24689795
2,1,0,0.33823195
2,0,0,0.34221056
2,0,0,0.27478275
2,1,1,0.6842803
2,0,0,0.31407487
2,1,1,0.5517977
2,1,1,0.7157159
2,0,0,0.06851343
2,0,1,0.8332739
2,1,1,0.7773043
2,1,1,0.56980973
2,0,0,0.36712584
2,1,0,0.39193788
2,0,0,0.03591991
2,1,1,0.5253306
2,1,1,0.8658285
2,0,0,0.21825497
2,1,1,0.6323706
2,1,0,0.49748856
2,0,0,0.2411009
2,1,1,0.7082247
2,0,0,0.36992836
2,0,0,0.23345812
2,0,0,0.4295018
2,0,0,0.33421585
2,0,0,0.34850883
2,0,0,0.20639268
2,0,0,0.24888258
2,1,0,0.47193232
2,1,1,0.7468823
2,1,1,0.60178506
2,1,1,0.83052
2,1,0,0.25494596
2,1,0,0.2426053
2,1,1,0.93336743
2,0,1,0.6776584
2,1,0,0.40884018
2,0,1,0.69945425
2,0,0,0.15241557
2,0,0,0.35908684
2,1,1,0.8645782
2,1,1,0.9058182
2,1,0,0.4235103
2,0,0,0.27081668
2,1,1,0.6954787
2,1,1,0.6086407
2,1,0,0.43950063
2,0,0,0.13577011
2,0,1,0.6050583
2,0,0,0.35230157
2,0,0,0.078955114
2,0,1,0.84655446
2,1,0,0.36871514
2,1,1,0.88339317
2,1,1,0.685189
2,0,1,0.71268666
2,0,0,0.42864954
2,1,1,0.51266706
2,1,1,0.640448
2,0,1,0.502694
2,1,1,0.6512314
2,1,1,0.83146185
2,0,1,0.73459864
2,1,0,0.45228776
2,1,1,0.7123921
2,0,0,0.061784513
2,1,0,0.030172642
2,1,0,0.4319421
2,1,1,0.79732794
2,0,1,0.75593793
2,0,0,0.15772845
2,1,0,0.2338294
2,0,0,0.4402984
2,0,1,0.68141234
2,0,0,0.12965147
2,1,0,0.2986425
2,1,1,0.90609026
2,0,0,0.4647213
2,0,1,0.6492692
2,1,0,0.19277164
2,0,1,0.7186766
2,0,1,0.5885229
2,0,0,0.3017073
2,1,0,0.43710303
2,0,1,0.80937755
2,0,0,0.32145134
2,0,0,0.12759992
2,1,0,0.49539894
2,0,1,0.7973936
2,0,0,0.35897008
2,1,1,0.5399381
2,0,1,0.7032126
2,1,1,0.53336406
2,1,1,0.96988714
2,0,1,0.6290169
2,0,1,0.70657694
2,1,1,0.8907468
2,1,1,0.9108597
2,0,1,0.57045376
2,0,1,0.7056987
2,0,1,0.75685954
2,0,1,0.63227284
2,1,1,0.7699073
2,0,1,0.6671105
2,0,1,0.61686677
2,1,1,0.9226714
2,1,1,0.61610514
2,0,1,0.6600497
2,1,0,0.25814155
2,1,1,0.57202107
2,0,1,0.724217
2,1,1,0.6834364
2,1,1,0.7404434
2,0,0,0.11429776
2,0,1,0.70876443
2,1,1,0.65076923
2,1,1,0.705124
2,0,1,0.7960653
2,1,1,0.7894755
2,0,0,0.22893879
2,1,1,0.8121254
2,0,1,0.9119323
2,0,1,0.93490165
2,1,1,0.8656764
2,0,0,0.4101063
2,0,0,0.092252046
2,0,1,0.5050339
2,1,1,0.7827367
2,1,1,0.804238
2,1,1,0.77135384
2,0,0,0.40029588
2,1,1,0.590165
2,1,1,0.87081015
2,1,1,0.8991712
2,0,0,0.2038834
2,0,0,0.10635487
2,1,1,0.9380237
2,0,0,0.3067862
2,1,0,0.20200838
2,0,0,0.329916
2,1,1,0.6612346
2,0,0,0.088563375
2,1,0,0.46783826
2,1,1,0.54459107
2,0,1,0.57313794
2,0,0,0.24837123
2,0,0,0.1622055
2,1,1,0.8006871
2,0,0,0.39339873
2,1,1,0.6005296
2,0,1,0.5847556
2,0,1,0.67749506
2,1,1,0.9464185
2,1,1,0.69650036
2,1,0,0.39599478
2,1,1,0.7813701
2,1,1,0.7520439
2,1,1,0.78547215
2,1,1,0.6876428
2,0,1,0.8308297
2,0,1,0.6923526
2,0,1,0.76908433
2,0,0,0.46779725
2,1,1,0.77407455
2,1,1,0.92181766
2,1,1,0.94852746
2,1,1,0.9591482
2,0,1,0.59723717
2,1,1,0.8654529
2,1,1,0.88033295
2,0,0,0.3853225
2,0,1,0.62235856
2,0,1,0.6341172
2,1,1,0.87497413
2,1,0,0.28538287
2,0,0,0.27503142
2,1,1,0.6048599
2,1,1,0.8661594
2,1,1,0.7983531
2,0,1,0.5424771
2,0,1,0.6493882
2,0,1,0.551608
2,1,1,0.500565
2,0,1,0.89309937
2,0,0,0.3801859
2,1,1,0.77983713
2,1,1,0.87517715
2,1,1,0.7117439
2,0,0,0.27611288
2,1,1,0.60862464
2,1,1,0.7535659
2,0,1,0.85640645
2,0,1,0.85404104
2,0,1,0.66623455
2,0,0,0.46198368
2,1,0,0.2157204
2,1,1,0.6374669
2,0,0,0.3298479
2,1,1,0.7218632
2,0,1,0.77392614
2,0,1,0.9077352
2,1,0,0.33601826
2,0,0,0.44080204
2,1,1,0.5397001
2,1,1,0.6087491
2,0,0,0.06554459
2,1,1,0.8301543
2,1,1,0.78402895
2,1,1,0.77751476
2,1,1,0.8612384
2,0,1,0.64869416
2,1,1,0.85010326
2,0,1,0.7351126
2,1,1,0.7338827
2,0,0,0.37737885
2,0,1,0.6955069
2,0,1,0.82444894
2,0,0,0.36227268
2,1,1,0.7837576
2,0,1,0.92905897
2,0,0,0.26116973
2,1,1,0.7596415
2,1,1,0.5706631
2,0,0,0.49907506
2,1,1,0.74345446
2,1,0,0.46578076
2,0,0,0.44396427
2,1,1,0.85532916
2,0,1,0.5957619
2,1,1,0.5374602
2,1,1,0.63145244
2,0,1,0.50091684
2,0,1,0.7543475
2,0,1,0.6097384
2,1,0,0.19850692
2,0,0,0.14468172
2,0,0,0.23820089
2,1,1,0.5338033
2,0,0,0.12677729
2,0,0,0.083219536
2,1,0,0.17090286
2,0,0,0.15164195
2,1,1,0.8832727
2,0,1,0.65590215
2,0,0,0.3582654
2,0,0,0.33674362
2,1,1,0.82748806
2,1,1,0.8298604
2,0,1,0.5302885
2,1,1,0.69821364
2,0,1,0.50721395
2,1,0,0.31994262
2,0,1,0.5140098
2,1,0,0.107357346
2,1,1,0.5004515
2,0,0,0.49242753
2,0,0,0.13118275
2,0,0,0.095806964
2,0,0,0.056459114
2,0,0,0.058272526
2,0,0,0.31828606
2,0,0,0.3303329
2,0,0,0.17803
2,0,0,0.3999093
2,0,1,0.6937798
2,0,0,0.49280095
2,1,1,0.9224107
2,1,1,0.9045776
2,0,0,0.167805
2,1,1,0.7226742
2,1,0,0.40751815
2,0,0,0.28998628
2,1,1,0.8283341
2,0,0,0.114079624
2,1,1,0.80465513
2,0,0,0.3900716
2,1,0,0.36506823
2,1,1,0.72890633
2,1,1,0.5364846
2,0,0,0.46527582
2,0,1,0.74760205
2,0,0,0.30255726
2,0,1,0.5319288
2,0,0,0.2536576
2,1,1,0.56384355
2,0,0,0.109171994
2,1,1,0.6670455
2,1,1,0.75276613
2,1,1,0.7727971
2,1,1,0.76333296
2,0,0,0.29141328
2,0,1,0.81798726
2,0,0,0.44451565
2,0,0,0.15362595
2,1,1,0.74590504
2,1,1,0.9183812
2,0,1,0.55795336
2,1,1,0.9539553
2,0,1,0.7290923
2,1,0,0.25080493
2,0,1,0.84272933
2,1,1,0.8540843
2,1,1,0.9487002
2,1,1,0.9545061
2,1,1,0.8987103
2,0,1,0.8074919
2,0,0,0.24652258
2,1,1,0.76960796
2,1,1,0.9492812
2,0,1,0.8138671
2,0,1,0.51337034
2,0,0,0.3369129
2,0,1,0.7670894
2,0,1,0.7608273
2,1,1,0.5895298
2,1,1,0.64712435
2,0,1,0.63483757
2,0,1,0.8586406
2,0,0,0.18936405
2,0,1,0.70088255
2,0,1,0.62066597
2,1,1,0.9207109
2,0,0,0.06387629
2,1,1,0.8670943
2,0,0,0.21594653
2,1,1,0.6880013
2,1,1,0.8237828
2,1,1,0.6623836
2,0,1,0.8409407
2,1,1,0.80955994
2,1,1,0.95978487
2,1,0,0.46094352
2,1,1,0.8487135
2,0,0,0.32133734
2,0,0,0.4281361
2,1,1,0.7734378
2,1,1,0.65324634
2,1,0,0.4204773
2,1,1,0.780756
2,0,0,0.21195222
2,0,1,0.9062107
2,0,1,0.53470963
2,1,1,0.8103991
2,1,1,0.8103774
2,0,0,0.32699955
2,0,0,0.058655802
2,0,0,0.0755808
2,1,0,0.45937654
2,0,1,0.66587925
2,0,1,0.5165776
2,0,0,0.20581593
2,1,1,0.7527842
2,0,0,0.36348522
2,1,0,0.33623764
2,0,0,0.11541419
2,0,1,0.7605115
2,0,1,0.70351094
2,1,0,0.31151178
2,1,0,0.46026516
2,0,0,0.08447561
2,0,0,0.35844722
2,0,0,0.2975135
2,1,1,0.64308935
2,1,1,0.82934093
2,0,1,0.6917386
2,1,1,0.6365695
2,0,1,0.6409086
2,1,1,0.5742892
2,1,0,0.39730245
2,0,0,0.27313045
2,1,0,0.40982702
2,1,0,0.47927526
2,1,0,0.26631045
2,0,0,0.4027679
2,0,1,0.766699
2,1,1,0.87919205
2,1,1,0.6109817
2,0,0,0.30956566
2,0,0,0.4249373
2,0,0,0.43053594
2,1,1,0.55519646
2,1,1,0.5029567
2,0,0,0.11642729
2,0,1,0.54408675
2,0,0,0.3020004
2,1,1,0.8747082
2,0,0,0.120564654
2,1,1,0.90725327
2,0,1,0.71037906
2,1,1,0.7545278
2,1,1,0.82275873
2,1,1,0.53742677
2,1,1,0.64090055
2,0,1,0.68793565
2,0,1,0.8390582
2,1,1,0.7881759
2,1,1,0.7422887
2,1,0,0.30616614
2,1,0,0.44330218
2,0,0,0.3422946
2,1,0,0.3730155
2,1,1,0.66777164
2,0,1,0.6359577
2,0,1,0.58975387
2,0,0,0.25931707
2,0,1,0.7447004
2,1,1,0.67880434
2,1,1,0.6462977
2,0,1,0.5700881
2,0,1,0.6631706
2,1,0,0.24117535
2,1,0,0.3895706
2,1,1,0.7502694
2,1,1,0.7658216
2,1,1,0.87556785
2,1,1,0.6147917
2,0,1,0.52005446
2,1,1,0.7303606
2,1,1,0.6710298
2,1,1,0.5427725
2,1,1,0.6392353
2,1,1,0.80114263
2,1,1,0.71674544
2,0,1,0.6913112
2,0,1,0.62206274
2,0,1,0.73784727
2,0,1,0.5934194
2,1,0,0.47705147
2,1,1,0.70672035
2,1,1,0.75598085
2,1,1,0.8105349
2,0,0,0.27946407
2,0,0,0.38705063
2,0,1,0.58164614
2,1,1,0.51861185
2,1,0,0.49065083
2,0,1,0.5615558
2,0,0,0.3472755
2,1,0,0.43453035
2,1,1,0.611673
2,0,1,0.6082298
2,1,1,0.85619867
2,0,1,0.86847305
2,0,1,0.5038099
2,1,1,0.60123605
2,0,1,0.5533089
2,1,1,0.9251673
2,1,1,0.53422165
2,1,1,0.56995684
2,0,1,0.5324499
2,0,0,0.4560442
2,1,1,0.5588033
2,1,0,0.19253764
2,1,0,0.49857664
2,1,1,0.6842828
2,0,1,0.578475
2,0,1,0.535613
2,1,1,0.70059323
2,0,1,0.6414461
2,1,1,0.6849618
2,0,0,0.4716996
2,0,1,0.86514217
2,0,1,0.71597075
2,0,1,0.7218417
2,1,0,0.3758734
2,0,1,0.6437262
2,0,0,0.40606287
2,1,1,0.55388004
2,0,0,0.4650944
2,0,1,0.60554326
2,0,0,0.19405273
2,1,1,0.506004
2,1,1,0.7702961
2,1,1,0.8820432
2,0,1,0.8432437
2,1,1,0.9591482
2,0,1,0.59723717
2,1,1,0.8654529
2,1,1,0.88033295
2,0,0,0.3853225
2,0,1,0.62235856
2,0,1,0.6341172
2,1,1,0.87497413
2,1,0,0.28538287
2,0,0,0.27503142
2,1,1,0.6048599
2,1,1,0.8661594
2,1,1,0.7983531
2,0,1,0.5424771
2,0,1,0.6493882
2,0,1,0.551608
2,1,1,0.500565
2,0,1,0.89309937
2,0,0,0.3801859
2,1,1,0.77983713
2,1,1,0.87517715
2,1,1,0.9051953
2,1,1,0.77918005
2,1,1,0.87270343
2,1,1,0.7389678
2,0,0,0.44411737
2,0,1,0.8047893
2,0,1,0.66654396
2,1,0,0.20250137
2,0,0,0.0906482
2,0,1,0.5160395
2,0,1,0.6876478
2,0,1,0.8712954
2,0,1,0.5966405
2,0,1,0.6718703
2,1,1,0.85226655
2,0,0,0.21853572
2,1,1,0.7813437
2,0,1,0.6658973
2,1,1,0.82413894
2,1,1,0.762585
2,1,1,0.6014199
2,1,0,0.47846252
2,1,0,0.48766997
2,1,1,0.827085
2,0,0,0.23465058
2,0,0,0.10723137
2,0,1,0.7344045
2,1,1,0.91241705
2,0,0,0.24971454
2,1,1,0.6333469
2,1,1,0.5389055
2,0,0,0.3728412
2,1,1,0.69557947
2,1,1,0.92688096
2,1,0,0.46443203
2,0,0,0.17226464
2,1,1,0.854477
2,0,0,0.26253763
2,0,0,0.2078489
2,1,1,0.748693
2,0,1,0.51508796
2,0,0,0.47224844
2,0,0,0.41833836
2,0,1,0.5443267
2,1,1,0.64939195
2,0,0,0.28685504
2,1,1,0.7393908
2,1,1,0.6419583
2,0,0,0.33567965
2,0,1,0.52809143
2,1,1,0.8107331
2,1,1,0.6133779
2,0,0,0.06631211
2,0,0,0.31684119
2,0,1,0.50802475
2,1,0,0.19084539
2,1,1,0.76524425
2,1,0,0.29202402
2,0,1,0.69525844
2,1,0,0.4327297
2,1,0,0.4140893
2,0,0,0.19114268
2,1,0,0.45637575
2,1,1,0.7344298
2,0,0,0.30281395
2,1,0,0.1881184
2,1,0,0.3835658
2,0,0,0.24201357
2,1,0,0.27782172
2,0,0,0.33154753
2,1,0,0.4571577
2,0,0,0.3303774
2,1,0,0.2305975
2,1,0,0.19084539
2,0,0,0.09978336
2,0,0,0.12040923
2,0,1,0.58580434
2,0,0,0.32457498
2,0,0,0.25757262
2,1,1,0.66827667
2,1,0,0.32475168
2,1,1,0.8389913
2,1,1,0.59419674
2,1,1,0.5039666
2,0,0,0.24555054
2,1,0,0.2761197
2,0,0,0.08671372
2,0,0,0.024782758
2,0,0,0.14034109
2,0,0,0.3050725
2,0,0,0.093693286
2,1,1,0.819402
2,0,1,0.76517963
2,0,0,0.19017033
2,0,0,0.38185704
2,1,1,0.62075275
2,0,0,0.06597546
2,0,0,0.49119028
2,0,0,0.2475064
2,0,0,0.1261785
2,0,1,0.6015932
2,0,0,0.18073523
2,0,0,0.15575194
2,0,0,0.40903112
2,0,0,0.15559396
2,1,1,0.6883619
2,0,0,0.4025423
2,0,0,0.219523
2,1,1,0.6524236
2,1,1,0.7323198
2,0,0,0.37341228
2,1,0,0.34720734
2,0,0,0.0650111
2,1,0,0.45744187
2,1,1,0.75561047
2,0,1,0.54093003
2,0,0,0.38507208
2,0,1,0.66951674
2,1,0,0.29213408
2,0,0,0.10349258
2,1,0,0.3227756
2,1,0,0.42589763
2,0,0,0.12551904
2,0,0,0.22790565
2,0,1,0.8855889
2,1,1,0.5153668
2,1,0,0.39843673
2,0,0,0.3852835
2,0,0,0.33823586
2,1,1,0.5402929
2,1,1,0.6090011
2,1,1,0.7385275
2,1,1,0.63474077
2,0,1,0.60917693
2,0,0,0.46896848
2,1,1,0.5918821
2,1,1,0.52567154
2,1,1,0.71304095
2,0,0,0.21612231
2,0,1,0.9241263
2,0,0,0.369543
2,0,1,0.5598079
2,1,1,0.8964465
2,0,1,0.64067006
2,0,1,0.7459377
2,0,1,0.7470403
2,0,0,0.381654
2,1,1,0.96582794
2,0,0,0.29114455
2,0,1,0.67291814
2,1,0,0.33089852
2,1,1,0.6700413
2,1,1,0.86115426
2,0,0,0.4332876
2,0,1,0.73917335
2,0,1,0.5572413
2,1,1,0.53887635
2,1,0,0.33852866
2,1,1,0.7985173
2,0,0,0.30982214
2,0,1,0.60867774
2,0,0,0.22266413
2,0,0,0.20021202
2,0,0,0.2126886
2,1,1,0.68889904
2,0,0,0.18835337
2,0,0,0.1854177
2,0,0,0.28197885
2,1,1,0.67060256
2,0,0,0.32168818
2,1,0,0.4923881
2,1,1,0.81967676
2,0,1,0.7478029
2,1,0,0.088932
2,1,1,0.52724916
2,1,0,0.4627318
2,0,0,0.4895432
2,0,1,0.76090527
2,0,0,0.11576301
2,0,0,0.34946585
2,1,0,0.41596955
2,0,0,0.45372707
2,0,0,0.34553212
2,1,1,0.7303438
2,0,0,0.22361845
2,1,1,0.5526237
2,1,1,0.63436604
2,1,1,0.6954306
2,0,0,0.11008559
2,1,1,0.8983997
2,1,1,0.7302608
2,0,1,0.7381617
2,0,1,0.5400243
2,0,0,0.36687437
2,1,0,0.45768768
2,0,0,0.41394138
2,0,1,0.8391978
2,0,0,0.37439814
2,0,1,0.8760281
2,1,1,0.5049087
2,1,1,0.7022603
2,1,0,0.121580504
2,0,0,0.3177989
2,1,1,0.78187037
2,1,1,0.54959667
2,1,1,0.6369842
2,0,0,0.48095235
2,0,1,0.5347114
2,0,0,0.42638692
2,0,1,0.5591477
2,0,0,0.3495918
2,0,0,0.23875609
2,0,0,0.24827783
2,0,0,0.08335544
2,0,0,0.29930648
2,1,1,0.74387383
2,0,1,0.5210546
2,1,1,0.718467
2,1,1,0.6693998
2,0,0,0.45659155
2,1,1,0.7378718
2,0,0,0.09352084
2,0,1,0.77757245
2,0,0,0.09854016
2,0,0,0.36610803
2,0,0,0.2601864
2,0,1,0.8461719
2,1,0,0.3339253
2,0,1,0.9579175
2,1,1,0.6776298
2,1,0,0.473395
2,0,1,0.7606108
2,0,0,0.43453532
2,1,1,0.6006279
2,1,0,0.45586511
2,0,0,0.26887318
2,0,0,0.42843395
2,0,1,0.71436024
2,1,1,0.65572965
2,0,1,0.67736584
2,0,0,0.44439876
2,1,1,0.63058436
2,1,0,0.3863793
2,1,0,0.35726404
2,0,0,0.39836422
2,0,1,0.6790259
2,0,0,0.48399258
2,1,1,0.88806087
2,1,0,0.33668965
2,1,0,0.48378623
2,1,1,0.6549883
2,1,1,0.56676346
2,0,0,0.12294468
2,1,1,0.53871906
2,1,1,0.6904142
2,1,1,0.539023
2,0,0,0.0833863
2,1,1,0.8748953
2,0,1,0.63741463
2,0,1,0.5768184
2,1,1,0.69994324
2,0,0,0.31123134
2,0,1,0.51233286
2,0,0,0.17939973
2,0,0,0.36682704
2,0,1,0.55382276
2,1,1,0.6695301
2,0,0,0.21322319
2,0,0,0.25848237
2,1,1,0.8544388
2,1,1,0.79080784
2,0,0,0.19759668
2,0,1,0.694694
2,0,1,0.6924618
2,0,1,0.5606616
2,1,0,0.29026338
2,0,0,0.3504401
2,0,1,0.69619334
2,1,1,0.80433905
2,1,1,0.8784006
2,0,0,0.3189738
2,0,0,0.40562943
2,1,1,0.6414558
2,0,1,0.5307836
2,1,1,0.65144306
2,0,0,0.06793809
2,0,0,0.13612656
2,0,1,0.51719594
2,1,1,0.74913096
2,0,1,0.5972922
2,0,1,0.84261686
2,0,1,0.57983536
2,1,1,0.8931221
2,1,0,0.47470984
2,0,0,0.22669652
2,0,0,0.36064047
2,1,1,0.69942737
2,1,1,0.85365874
2,1,1,0.7698139
2,0,0,0.46490166
2,1,1,0.9538088
2,1,0,0.46287403
2,1,1,0.743227
2,1,1,0.94878334
2,1,1,0.6306091
2,1,0,0.29737103
2,1,0,0.48212296
2,0,0,0.30256733
2,0,0,0.44989955
2,0,1,0.56929815
2,0,0,0.3767022
2,0,1,0.8560072
2,0,1,0.8680479
2,0,1,0.58438647
2,1,1,0.9528953
2,0,1,0.8001877
2,1,1,0.9643439
2,1,1,0.89920884
2,0,1,0.7756006
2,0,1,0.5787314
2,0,0,0.27795032
2,0,1,0.76517385
2,0,1,0.87410533
2,1,1,0.8713083
2,1,1,0.9115033
2,0,0,0.22348271
2,1,1,0.9362825
2,0,1,0.60457885
2,1,1,0.6384924
2,1,1,0.82808954
2,0,0,0.13904172
2,1,1,0.94400036
2,1,1,0.7862492
2,1,1,0.704373
2,1,1,0.63189393
2,0,0,0.34944764
2,0,1,0.6329465
2,1,1,0.8118047
2,1,0,0.32367823
2,1,0,0.4548351
2,1,0,0.44002923
2,0,0,0.08915429
2,0,0,0.45653525
2,1,1,0.6515722
2,0,1,0.74431044
2,1,0,0.42563498
2,0,1,0.61809325
2,0,1,0.79885423
2,0,1,0.73553
2,0,1,0.8364124
2,0,1,0.63224524
2,0,1,0.76265955
2,1,1,0.6294
2,0,1,0.52243644
2,0,1,0.5795641
2,1,0,0.30179676
2,0,1,0.71474516
2,1,0,0.45031208
2,0,1,0.717561
2,1,1,0.5760995
2,0,0,0.40796804
2,1,1,0.7105257
2,0,1,0.8155386
2,1,1,0.82738113
2,1,1,0.7696583
2,0,1,0.6199641
2,0,1,0.91120243
2,1,1,0.93711203
2,1,1,0.81966984
2,0,0,0.15749395
2,0,0,0.35308385
2,0,1,0.7208973
2,0,1,0.6960407
2,1,1,0.81147045
2,0,1,0.6311495
2,0,0,0.424057
2,0,1,0.824804
2,1,1,0.6068256
2,1,1,0.6861037
2,1,1,0.8520358
2,1,1,0.70920295
2,1,1,0.9158386
2,1,1,0.5661754
2,0,1,0.5897673
2,1,1,0.8020533
2,1,1,0.71055466
2,1,1,0.84766877
2,0,1,0.55135137
2,0,0,0.18892123
2,0,0,0.3221552
2,1,1,0.7901534
2,1,1,0.5645358
2,1,1,0.78427655
2,1,1,0.66043043
2,0,1,0.52231205
2,0,1,0.6373522
2,0,1,0.772251
2,1,1,0.8394504
2,0,0,0.4644103
2,1,1,0.8319437
2,0,0,0.15968496
2,1,1,0.542115
2,0,1,0.66451997
2,1,0,0.36084917
2,1,1,0.5277123
2,0,0,0.13655381
2,0,0,0.36941552
2,0,1,0.8517315
2,0,0,0.29252103
2,1,1,0.9410673
2,0,0,0.12578212
2,1,1,0.79803073
2,0,0,0.24377596
2,1,1,0.9293276
2,0,0,0.042851366
2,0,0,0.33312112
2,1,0,0.42199922
2,1,1,0.88669825
2,0,0,0.1940429
2,1,0,0.2719722
2,1,1,0.9015096
2,0,0,0.15913281
2,0,0,0.11511885
2,0,0,0.4975443
2,0,0,0.35702223
2,1,1,0.57686466
2,0,1,0.50784284
2,0,1,0.6459104
2,1,0,0.34728137
2,0,0,0.13651463
2,1,1,0.8248528
2,0,1,0.5788784
2,0,0,0.4631195
2,1,1,0.72739357
2,0,0,0.48177454
2,1,1,0.5294673
2,1,1,0.6418324
2,1,0,0.34975687
2,1,1,0.7518246
2,0,0,0.44409838
2,0,1,0.8566799
2,0,0,0.2750193
2,1,1,0.7522231
2,0,1,0.7656798
2,0,0,0.4914249
2,1,1,0.73165786
2,0,1,0.65186274
2,0,1,0.6060914
2,0,0,0.4086093
2,1,0,0.4856146
2,1,1,0.61088127
2,1,1,0.7060031
2,1,1,0.883845
2,0,1,0.5749164
2,1,1,0.6630299
2,0,1,0.6333083
2,1,0,0.4353322
2,0,1,0.78688174
2,0,1,0.5022886
2,1,0,0.44779524
2,0,0,0.49750143
2,0,0,0.21904634
2,1,0,0.43259346
2,0,1,0.70403326
2,1,1,0.89236903
2,1,1,0.9705573
2,1,1,0.95504844
2,1,1,0.7889729
2,1,1,0.71864474
2,1,0,0.43994963
2,1,1,0.9568642
2,1,1,0.6518189
2,1,1,0.8432539
2,0,0,0.29983914
2,1,1,0.80434936
2,1,1,0.58862025
2,0,0,0.38459295
2,1,0,0.43472782
2,0,1,0.6258955
2,1,1,0.6882128
2,1,1,0.63950384
2,0,0,0.08939882
2,1,1,0.9672277
2,1,1,0.90285605
2,0,1,0.577385
2,0,0,0.26375642
2,0,0,0.038940355
2,0,0,0.41593373
2,0,1,0.72097397
2,0,1,0.64409184
2,0,1,0.5634128
2,0,1,0.7569809
2,1,1,0.9726777
2,1,0,0.45472178
2,0,1,0.7055006
2,1,1,0.83938026
2,1,1,0.9506202
2,1,1,0.857362
2,0,0,0.22957899
2,1,1,0.6113832
2,1,1,0.87155294
2,0,0,0.4456757
2,1,1,0.9615398
2,0,1,0.6562845
2,1,1,0.9093702
2,1,1,0.77785367
2,0,1,0.66732687
2,1,1,0.70754737
2,0,1,0.87117004
2,0,1,0.59170103
2,1,1,0.8112645
2,0,0,0.47818846
2,1,1,0.6923461
2,1,0,0.24423955
2,0,0,0.4050972
2,1,1,0.5380172
2,0,1,0.53975177
2,1,1,0.90264827
2,1,1,0.735788
2,1,1,0.7403246
2,1,0,0.44512743
2,0,1,0.6270762
2,0,1,0.5918808
2,1,1,0.7610328
2,0,1,0.50691736
2,1,1,0.7810086
2,0,0,0.059529882
2,0,1,0.6975616
2,0,1,0.50392205
2,1,1,0.51910263
2,0,0,0.21994811
2,1,1,0.95465076
2,0,0,0.4137454
2,1,0,0.4717819
2,1,1,0.8302648
2,1,1,0.7997227
2,1,0,0.24926624
2,1,0,0.08235904
2,0,0,0.16237724
2,0,1,0.81899655
2,0,0,0.25123712
2,1,0,0.4172603
2,1,0,0.4292705
2,0,0,0.25056183
2,0,1,0.8160184
2,0,1,0.76593184
2,1,0,0.44492352
2,0,0,0.36622015
2,0,1,0.6522828
2,1,1,0.67951345
2,0,1,0.7446818
2,0,0,0.4537858
2,0,1,0.88007414
2,1,1,0.77341217
2,0,1,0.8201863
2,0,0,0.2679089
2,1,1,0.60886234
2,0,0,0.3928414
2,1,0,0.1160177
2,0,0,0.48690173
2,0,0,0.07666307
2,0,0,0.071634665
2,1,1,0.585726
2,0,1,0.6895484
2,0,0,0.23468097
2,0,0,0.3993936
2,0,0,0.25692135
2,0,1,0.53003913
2,0,0,0.31089598
2,1,1,0.59525985
2,0,0,0.09455186
2,0,0,0.10818578
2,0,1,0.5204723
2,1,1,0.88597405
2,0,0,0.06465866
2,0,0,0.21147904
2,1,1,0.9169046
2,1,1,0.5151867
2,0,1,0.81988484
2,0,1,0.53351104
2,0,0,0.17912862
2,1,1,0.7911242
2,1,1,0.841673
2,1,0,0.374067
2,0,0,0.293154
2,0,0,0.19066072
2,1,1,0.876756
2,1,0,0.27309567
2,1,1,0.62460077
2,0,1,0.5477485
2,0,0,0.20564796
2,0,0,0.18865494
2,0,0,0.45348662
2,1,1,0.8569814
2,0,0,0.24931882
2,1,0,0.21401417
2,1,1,0.59512526
2,0,0,0.16917637
2,1,1,0.72518706
2,1,1,0.88757735
2,0,0,0.05345286
2,0,0,0.40918273
2,1,1,0.706257
2,0,0,0.4897874
2,1,1,0.50957626
2,0,0,0.49880502
2,1,1,0.836913
2,1,0,0.4056498
2,0,1,0.7680179
2,1,0,0.21560557
2,1,1,0.60014975
2,0,0,0.08652636
2,0,1,0.76900417
2,0,1,0.6321505
2,0,0,0.3730554
2,1,1,0.5117613
2,0,0,0.12476127
2,0,0,0.10496417
2,1,1,0.6797399
2,0,0,0.22935231
2,1,1,0.6818751
2,0,1,0.65219814
2,1,1,0.6862063
2,0,0,0.37059554
2,0,1,0.59331024
2,0,1,0.52407146
2,0,0,0.100230806
2,0,1,0.64461756
2,1,0,0.39151216
2,1,0,0.3131766
2,0,0,0.3765434
2,1,0,0.41306466
2,1,1,0.640307
2,1,0,0.46848068
2,0,1,0.5611969
2,1,1,0.76621854
2,0,1,0.64585274
2,1,1,0.61088824
2,0,1,0.5188193
2,0,0,0.2904078
2,0,0,0.44990247
2,1,0,0.09794254
2,0,0,0.16453554
2,1,0,0.3470149
2,1,1,0.6967116
2,0,0,0.14024045
2,1,1,0.60103226
2,1,1,0.50790066
2,0,0,0.26746562
2,0,0,0.1961147
2,0,0,0.29896146
2,0,0,0.27662644
2,0,0,0.18400984
2,0,1,0.6103165
2,0,1,0.5937448
2,0,0,0.2285404
2,0,0,0.0890153
2,1,0,0.49965864
2,1,0,0.45041427
2,1,1,0.53522605
2,0,0,0.098719835
2,0,0,0.083119944
2,1,1,0.7157343
2,1,1,0.8482782
2,1,0,0.35202345
2,0,0,0.18009977
2,0,1,0.53770167
2,1,0,0.2788646
2,0,0,0.47279382
2,0,0,0.100761674
2,0,0,0.18024229
2,0,0,0.40926298
2,0,1,0.7342066
2,0,0,0.4094048
2,0,0,0.15201966
2,0,0,0.047241967
2,0,1,0.7398161
2,0,0,0.14091766
2,0,0,0.23107047
2,0,1,0.5527268
2,1,1,0.52293885
2,1,1,0.60249007
2,0,0,0.07720732
2,1,1,0.6053353
2,0,0,0.20859472
2,1,0,0.397449
2,1,1,0.820422
2,0,1,0.5513621
2,1,1,0.75018334
2,1,1,0.5519794
2,0,0,0.35029885
2,1,1,0.79579514
2,1,0,0.45183542
2,1,1,0.65566254
2,0,0,0.25444725
2,1,1,0.6223714
2,1,1,0.97446114
2,1,1,0.7882297
2,0,1,0.60944766
2,0,0,0.41171187
2,0,1,0.5425644
2,0,0,0.23802707
2,0,0,0.25238746
2,0,0,0.35796878
2,0,0,0.13931432
2,0,0,0.46792826
2,1,1,0.94560987
2,0,1,0.5858121
2,1,1,0.72003955
2,1,1,0.8703762
2,1,1,0.6513125
2,1,1,0.7241028
2,1,1,0.8470667
2,0,1,0.74938965
2,0,1,0.81872237
2,1,1,0.81102145
2,0,0,0.31202486
2,0,0,0.44377542
2,0,0,0.35569113
2,1,1,0.761553
2,0,1,0.6007401
2,0,0,0.27828643
2,0,0,0.24330609
2,1,0,0.3292764
2,1,1,0.79627115
2,0,0,0.4479973
2,0,1,0.6780273
2,0,1,0.61444694
2,0,1,0.7469429
2,1,0,0.29953623
2,1,1,0.6209693
2,0,1,0.5820021
2,0,0,0.42720994
2,0,1,0.74352336
2,1,1,0.6116407
2,0,1,0.67460436
2,0,0,0.40634805
2,1,1,0.7351095
2,1,1,0.8441633
2,0,0,0.31246805
2,1,1,0.5318588
2,0,0,0.41226116
2,1,0,0.45069697
2,1,0,0.33552945
2,0,0,0.2978313
2,0,1,0.6875411
2,1,1,0.77184176
2,1,1,0.5647903
2,1,1,0.63756096
2,0,0,0.30379334
2,0,0,0.43292394
2,0,0,0.2173795
2,0,1,0.5049034
2,0,0,0.32973993
2,0,0,0.30238992
2,1,1,0.55570567
2,0,1,0.5186857
2,0,0,0.09809718
2,1,1,0.76729685
2,1,0,0.12789594
2,0,0,0.4139656
2,0,0,0.18258202
2,0,1,0.71783966
2,0,0,0.39788586
2,0,1,0.6497492
2,1,1,0.7898335
2,1,1,0.6103341
2,1,1,0.745398
2,0,0,0.4474858
2,1,1,0.53129035
2,1,0,0.30060062
2,0,1,0.5556906
2,1,1,0.5804557
2,1,1,0.7650156
2,0,1,0.50635
2,0,0,0.44082844
2,1,0,0.39962885
2,0,0,0.25792935
2,1,1,0.8631768
2,1,1,0.69562376
2,0,1,0.6097617
2,1,1,0.8428346
2,1,0,0.36967686
2,0,0,0.30877194
2,0,0,0.18411738
2,1,1,0.7340818
2,0,0,0.15199837
2,0,1,0.7696452
2,1,1,0.6740208
2,0,0,0.39359832
2,0,0,0.27549484
2,0,0,0.44507083
2,0,1,0.8161628
2,1,1,0.74968314
2,1,1,0.97748625
2,1,1,0.8025502
2,1,1,0.59051514
2,0,0,0.20020086
2,1,1,0.5237112
2,1,0,0.34771973
2,1,0,0.4846533
2,1,1,0.5968973
2,1,1,0.57289344
2,1,1,0.83973014
2,1,1,0.75646704
2,0,1,0.5628592
2,0,0,0.32269245
2,0,0,0.23176701
2,1,0,0.48168257
2,1,1,0.6328672
2,0,0,0.32598823
2,1,1,0.561087
2,0,0,0.15446544
2,0,0,0.095289886
2,0,0,0.19173466
2,0,0,0.14371103
2,1,0,0.19667771
2,1,1,0.7986371
2,0,0,0.097689494
2,1,0,0.3646087
2,1,1,0.63391
2,0,0,0.12557296
2,1,0,0.16256149
2,0,0,0.30987564
2,1,0,0.4805885
2,0,0,0.1483582
2,1,0,0.3197243
2,1,1,0.7088595
2,1,0,0.3452297
2,1,0,0.28266647
2,0,0,0.185633
2,0,0,0.37785414
2,0,0,0.31119752
2,0,0,0.15151702
2,0,1,0.5311127
2,0,0,0.356803
2,0,0,0.21596803
2,1,0,0.35188785
2,0,0,0.055912606
2,1,1,0.66448987
2,0,0,0.081308804
2,0,0,0.33683118
2,0,0,0.12840523
2,1,0,0.17261523
2,0,0,0.48332122
2,0,0,0.18163268
2,1,1,0.58332175
2,1,0,0.42117694
2,1,1,0.64180076
2,0,0,0.295364
2,1,0,0.07814766
2,0,1,0.5897724
2,0,0,0.1572353
2,0,0,0.30910075
2,1,1,0.6049934
2,1,0,0.15904292
2,0,0,0.23483323
2,1,0,0.29544726
2,1,1,0.59213513
2,1,1,0.6015076
2,1,0,0.42303482
2,1,1,0.6796788
2,1,0,0.29019144
2,1,0,0.49476022
2,0,0,0.32479754
2,0,0,0.3244663
2,0,1,0.6145074
2,0,0,0.16690196
2,0,0,0.31541896
2,0,0,0.04441936
2,1,1,0.610089
2,0,1,0.5286141
2,0,0,0.23004405
2,0,0,0.22792995
2,0,0,0.046191696
2,0,1,0.70133644
2,0,0,0.48542854
2,1,0,0.46326965
2,0,0,0.30333835
2,0,0,0.24942118
2,1,0,0.20570031
2,0,0,0.14698708
2,0,0,0.047369357
2,0,0,0.04869764
2,0,0,0.48429957
2,0,0,0.37417653
2,0,0,0.2951268
2,0,0,0.2811625
2,1,1,0.88018876
2,0,0,0.23167896
2,1,0,0.29724434
2,0,0,0.4066993
2,0,0,0.050590046
2,1,0,0.45625103
2,0,1,0.61983556
2,0,0,0.26301464
2,0,0,0.2856888
2,1,1,0.50577354
2,0,0,0.21544555
2,0,0,0.3310368
2,0,0,0.31416723
2,0,1,0.516223
2,0,1,0.65840805
2,0,0,0.32663056
2,0,0,0.021670079
2,0,0,0.16880652
2,1,1,0.8202731
2,1,1,0.73159754
2,1,1,0.83703566
2,1,1,0.6272903
2,0,1,0.708127
2,1,0,0.16656406
2,1,1,0.59030354
2,0,1,0.75418764
2,1,1,0.7132077
2,0,1,0.7866356
2,0,0,0.2110169
2,0,1,0.6399453
2,1,1,0.72722757
2,0,0,0.37390026
2,1,1,0.8145282
2,1,1,0.6739494
2,1,1,0.52605665
2,1,1,0.59269226
2,0,0,0.29965538
2,1,1,0.6032195
2,0,1,0.5246779
2,0,1,0.6969246
2,0,0,0.15202461
2,0,1,0.5625922
2,1,1,0.5992968
2,1,0,0.49146572
2,1,1,0.68712884
2,1,1,0.8902184
2,1,0,0.43802932
2,0,0,0.18642105
2,0,0,0.06711006
2,0,0,0.3125438
2,0,1,0.51889855
2,0,0,0.10278069
2,1,0,0.12848759
2,0,0,0.06651519
2,1,0,0.47905564
2,0,1,0.53878117
2,0,0,0.3955196
2,0,0,0.13611417
2,0,0,0.111387014
2,0,0,0.1460695
2,1,0,0.47656435
2,0,0,0.15929769
2,1,0,0.28627458
2,0,0,0.18730494
2,1,1,0.7215936
2,0,0,0.4245605
2,1,0,0.35396558
2,1,0,0.47847474
2,0,1,0.68477595
2,0,1,0.8390083
2,0,1,0.62318116
2,0,1,0.70602167
2,1,1,0.5796494
2,1,1,0.8840484
2,0,0,0.17265296
2,1,1,0.80256534
2,0,1,0.5619623
2,1,1,0.72539884
2,1,1,0.73704284
2,0,1,0.60716206
2,1,1,0.7988575
2,1,1,0.57397956
2,0,0,0.097839475
2,0,1,0.6208233
2,1,1,0.6016964
2,0,1,0.72541946
2,0,0,0.30990323
2,1,1,0.7534501
2,1,1,0.7462173
2,1,1,0.7682815
2,1,1,0.67279786
2,1,1,0.5901438
2,0,1,0.5038044
2,0,0,0.33545065
2,1,0,0.46373588
2,0,0,0.39916137
2,0,0,0.4201502
2,0,0,0.06436998
2,0,1,0.6759214
2,0,0,0.14568545
2,0,1,0.68690264
2,1,0,0.46618325
2,0,1,0.71911025
2,1,1,0.8295352
2,1,1,0.861775
2,0,0,0.31541744
2,0,1,0.69133323
2,1,1,0.59831077
2,1,1,0.8670178
2,1,1,0.7826901
2,0,0,0.40380493
2,0,0,0.21561447
2,0,0,0.1409441
2,1,0,0.47650602
2,0,0,0.27078658
2,0,1,0.5086216
2,1,1,0.6456069
2,0,1,0.5064393
2,0,0,0.46967757
2,1,1,0.79606485
2,1,1,0.7620304
2,0,0,0.35309872
2,0,1,0.6179572
2,0,0,0.4894858
2,0,1,0.51842785
2,0,0,0.19137181
2,0,1,0.59367573
2,1,0,0.26902512
2,0,1,0.5954373
2,1,1,0.8893085
2,1,1,0.8716278
2,0,1,0.5809456
2,0,1,0.7154646
2,1,1,0.6735426
2,0,1,0.6043645
2,1,1,0.88545185
2,1,1,0.7479327
2,0,0,0.4924862
2,1,1,0.9347838
2,0,0,0.15600891
2,0,0,0.3467879
2,0,0,0.29860848
2,1,1,0.73019445
2,1,1,0.8599275
2,0,1,0.6163985
2,0,0,0.24055526
2,1,1,0.84297293
2,0,1,0.6876114
2,0,0,0.49745533
2,1,1,0.52165896
2,1,1,0.82550704
2,1,1,0.773243
2,1,1,0.59711134
2,0,1,0.50883347
2,0,0,0.35299143
2,1,1,0.6362784
2,1,1,0.776741
2,0,0,0.2316873
2,1,1,0.96418154
2,0,1,0.6776808
2,1,1,0.6546222
2,0,1,0.717699
2,0,1,0.5219947
2,0,0,0.3953441
2,0,1,0.5494843
2,0,0,0.31429368
2,1,1,0.9491972
2,0,1,0.8967727
2,1,1,0.8439711
2,0,1,0.6792516
2,1,1,0.7622778
2,0,0,0.06533005
2,1,1,0.5745793
2,0,1,0.894769
2,0,0,0.41242436
2,0,1,0.5143744
2,0,0,0.44843504
2,0,0,0.4349895
2,0,1,0.60240924
2,1,1,0.6680865
2,0,0,0.17506436
2,0,0,0.44774377
2,1,0,0.48981562
2,1,1,0.5840961
2,1,1,0.6340267
2,0,0,0.48394358
2,1,1,0.7364119
2,0,0,0.38709942
2,0,1,0.59194887
2,0,1,0.67078924
2,1,1,0.87651354
2,1,1,0.6520691
2,0,1,0.71054435
2,0,1,0.7193364
2,1,1,0.6102831
2,1,1,0.7136316
2,1,1,0.8575093
2,0,1,0.5360085
3,1,1,0.8698048
3,0,1,0.59103376
3,0,0,0.48759815
3,1,0,0.4602414
3,0,1,0.7899438
3,1,1,0.5802466
3,1,0,0.30341646
3,0,0,0.3908444
3,1,1,0.58254063
3,0,0,0.37050194
3,0,1,0.5288687
3,0,1,0.62528807
3,0,0,0.4106965
3,1,0,0.48841405
3,0,1,0.51376975
3,1,1,0.73301387
3,0,1,0.69011676
3,1,1,0.64479864
3,1,1,0.5973539
3,0,1,0.58481103
3,0,0,0.39245057
3,1,1,0.5668566
3,0,1,0.7985367
3,0,0,0.41788006
3,0,0,0.41048098
3,0,0,0.43328318
3,1,1,0.71872306
3,1,1,0.75868297
3,1,1,0.6696779
3,0,1,0.5492713
3,0,0,0.39812812
3,1,1,0.6407596
3,1,0,0.45552227
3,0,0,0.4768585
3,0,0,0.49840468
3,1,1,0.71605885
3,1,0,0.481523
3,0,1,0.5714095
3,0,0,0.22868815
3,1,1,0.5449796
3,0,0,0.11096934
3,1,1,0.9415535
3,0,1,0.5334224
3,0,1,0.595316
3,1,1,0.7834494
3,1,1,0.7265321
3,0,1,0.6553066
3,0,1,0.70698786
3,1,1,0.6012347
3,0,0,0.31197417
3,1,1,0.7630151
3,0,1,0.74628425
3,0,0,0.43929303
3,0,0,0.32848874
3,0,0,0.30340233
3,1,0,0.36210552
3,0,0,0.18743826
3,0,0,0.15109436
3,1,1,0.54838735
3,1,1,0.71486235
3,1,0,0.23111178
3,1,0,0.1957829
3,1,1,0.7701712
3,0,1,0.5221195
3,1,0,0.22561586
3,1,1,0.7884317
3,0,0,0.39143354
3,0,1,0.598346
3,0,0,0.453802
3,1,1,0.66163456
3,0,0,0.48240376
3,0,1,0.67267996
3,0,1,0.6565278
3,1,0,0.45284963
3,1,0,0.36386442
3,0,1,0.60236144
3,1,0,0.37114593
3,0,1,0.5604943
3,0,0,0.47004098
3,1,0,0.49496263
3,0,0,0.45566562
3,0,0,0.25286952
3,0,1,0.5437747
3,0,1,0.65496534
3,1,1,0.5762676
3,1,0,0.40937603
3,1,1,0.85459167
3,1,1,0.7370663
3,0,1,0.6725269
3,1,1,0.593622
3,1,1,0.6254659
3,0,0,0.46023554
3,1,0,0.4457721
3,0,1,0.55523443
3,0,1,0.5442852
3,0,0,0.38808435
3,1,1,0.6029669
3,0,1,0.6539017
3,0,1,0.507918
3,0,1,0.6014482
3,1,1,0.7443185
3,0,1,0.6009407
3,1,1,0.7697987
3,0,1,0.5508975
3,1,1,0.6286718
3,1,1,0.6647521
3,1,1,0.57798815
3,1,1,0.5784715
3,0,0,0.4540909
3,1,1,0.7900583
3,0,0,0.22960848
3,1,1,0.59761745
3,1,0,0.23775783
3,0,1,0.68551946
3,0,0,0.33889443
3,0,0,0.35562664
3,0,1,0.6426979
3,1,1,0.86332804
3,0,1,0.8296728
3,1,1,0.68689716
3,0,1,0.7299522
3,0,1,0.53318125
3,0,1,0.65596706
3,0,1,0.7979722
3,0,1,0.694675
3,0,0,0.39573786
3,1,1,0.83055574
3,0,1,0.58253044
3,1,1,0.6395057
3,1,1,0.6263434
3,1,1,0.6221259
3,1,1,0.84650534
3,0,1,0.6753915
3,1,1,0.5778748
3,1,1,0.76338047
3,0,1,0.55468667
3,0,1,0.75620145
3,1,1,0.6677755
3,0,1,0.7980048
3,1,0,0.43261182
3,1,1,0.72431475
3,0,1,0.65064645
3,1,1,0.610893
3,0,1,0.6065244
3,0,1,0.5274677
3,1,0,0.38730964
3,0,1,0.5155661
3,0,1,0.5404151
3,1,1,0.74397624
3,1,0,0.49403685
3,1,0,0.35743374
3,0,1,0.59711814
3,1,1,0.62620556
3,0,1,0.509876
3,0,0,0.28369656
3,1,1,0.7734016
3,0,0,0.47050256
3,1,0,0.3371983
3,0,0,0.44194773
3,1,1,0.54556197
3,1,0,0.46757913
3,1,1,0.51893675
3,0,1,0.50655216
3,1,1,0.57115597
3,0,0,0.44335833
3,0,0,0.32011238
3,1,1,0.5046457
3,0,0,0.48298877
3,0,0,0.42733136
3,0,0,0.4095636
3,1,1,0.80618304
3,0,0,0.36817077
3,0,0,0.1623922
3,1,1,0.5801689
3,1,1,0.5326161
3,0,0,0.32095993
3,1,1,0.6418399
3,0,0,0.2903458
3,1,1,0.5779845
3,0,0,0.3713374
3,0,1,0.7052661
3,0,1,0.7802775
3,1,1,0.8002749
3,0,0,0.38524643
3,0,1,0.53101045
3,0,0,0.40150094
3,1,1,0.6172371
3,0,0,0.40726274
3,1,1,0.682522
3,0,0,0.25173953
3,1,1,0.6527305
3,1,1,0.6829007
3,0,0,0.18821277
3,0,1,0.5882224
3,0,0,0.4702236
3,1,0,0.4477641
3,1,1,0.57635504
3,1,1,0.52634394
3,0,0,0.33079076
3,1,1,0.7797057
3,0,1,0.6821341
3,1,0,0.39952654
3,0,0,0.34469664
3,1,1,0.7948738
3,1,1,0.7204399
3,1,0,0.42963582
3,1,0,0.4375522
3,1,1,0.63974607
3,1,1,0.73870116
3,1,1,0.76945186
3,0,1,0.81248885
3,0,1,0.5887531
3,1,1,0.5548627
3,0,1,0.56518406
3,0,0,0.4541604
3,1,1,0.64816284
3,1,1,0.52076256
3,1,1,0.6485655
3,0,0,0.45253137
3,1,1,0.8479563
3,1,1,0.7004344
3,0,0,0.43033642
3,0,0,0.22832759
3,0,0,0.31516016
3,1,1,0.7782585
3,0,0,0.4865628
3,1,1,0.5386716
3,1,1,0.59314704
3,0,1,0.5607989
3,0,0,0.11653716
3,1,1,0.78245676
3,0,1,0.5862362
3,0,0,0.27998367
3,1,1,0.8046952
3,1,1,0.7358981
3,0,1,0.7867366
3,0,1,0.73593384
3,1,1,0.72080344
3,1,1,0.892836
3,1,1,0.7864298
3,1,1,0.9156322
3,0,1,0.7777214
3,0,1,0.5660625
3,0,1,0.6611127
3,1,1,0.8816248
3,1,1,0.5039203
3,0,0,0.49697775
3,0,0,0.3448607
3,1,0,0.44250008
3,0,0,0.4269833
3,0,1,0.6724411
3,1,0,0.4374343
3,0,1,0.5516576
3,0,1,0.55075586
3,1,1,0.8807291
3,0,0,0.41400337
3,1,0,0.38510433
3,1,0,0.4127489
3,0,0,0.27673534
3,1,0,0.45029914
3,0,1,0.5009986
3,0,1,0.5731241
3,1,1,0.5488318
3,0,0,0.06788845
3,0,1,0.59995455
3,1,0,0.13620362
3,0,1,0.7094968
3,0,0,0.2148428
3,0,1,0.53801787
3,1,1,0.76548535
3,0,1,0.8015097
3,0,1,0.7057281
3,1,0,0.497185
3,0,0,0.39181206
3,0,0,0.1769271
3,1,1,0.70714307
3,0,0,0.13415472
3,1,1,0.6668243
3,0,0,0.19500855
3,1,1,0.60610306
3,1,1,0.6981491
3,1,1,0.83469874
3,1,0,0.4307791
3,0,0,0.27056172
3,0,1,0.6689464
3,0,1,0.81954765
3,1,1,0.68454444
3,0,0,0.38059258
3,0,0,0.29643226
3,1,1,0.7300686
3,1,1,0.5394768
3,1,0,0.22667508
3,1,0,0.4026178
3,1,1,0.5152637
3,0,0,0.29441223
3,0,1,0.6533399
3,1,1,0.6544391
3,0,0,0.19133297
3,1,1,0.5125271
3,0,0,0.19252487
3,0,1,0.82090265
3,1,0,0.40829542
3,0,1,0.540092
3,1,1,0.7408716
3,1,0,0.49438146
3,0,0,0.21774952
3,1,1,0.6579162
3,0,1,0.80752474
3,1,1,0.93063116
3,1,1,0.7506877
3,1,1,0.73527384
3,1,0,0.37991893
3,1,1,0.5926189
3,1,1,0.71680754
3,1,1,0.6692442
3,0,0,0.34056756
3,1,1,0.63233805
3,0,0,0.076917864
3,0,0,0.33098927
3,1,1,0.5349395
3,0,1,0.5164459
3,1,1,0.53889936
3,0,0,0.25823736
3,0,0,0.38152772
3,1,1,0.59175575
3,0,0,0.46171752
3,0,1,0.52210903
3,0,0,0.2531401
3,0,1,0.6058649
3,0,0,0.17288527
3,1,1,0.6835586
3,1,1,0.64470416
3,1,1,0.64265174
3,0,0,0.47268215
3,0,0,0.43590245
3,1,1,0.6471887
3,1,1,0.61066747
3,1,1,0.6456973
3,1,1,0.67431223
3,1,1,0.57413095
3,0,1,0.65446573
3,0,1,0.52088
3,1,1,0.885426
3,1,1,0.7106015
3,0,1,0.52073765
3,0,1,0.59766334
3,1,1,0.55864054
3,1,1,0.5659022
3,0,1,0.69027054
3,0,0,0.33551922
3,0,1,0.78508794
3,1,1,0.52315414
3,1,1,0.6553267
3,0,1,0.83392274
3,0,0,0.44133925
3,1,1,0.6111851
3,0,0,0.48408133
3,0,0,0.46088356
3,1,1,0.6107734
3,0,1,0.5276557
3,1,1,0.6057212
3,0,1,0.65139794
3,1,1,0.8108195
3,1,1,0.7373662
3,1,1,0.6024496
3,1,1,0.6037362
3,0,0,0.46941438
3,1,1,0.5535726
3,0,0,0.2779373
3,1,0,0.18593358
3,1,1,0.52835315
3,0,0,0.3169829
3,1,1,0.6478383
3,0,0,0.3453382
3,1,1,0.62202376
3,0,0,0.41826937
3,0,0,0.46764135
3,0,0,0.48512286
3,0,0,0.43908596
3,0,0,0.38742474
3,0,1,0.53666615
3,0,0,0.4852121
3,0,1,0.66635877
3,1,1,0.87029094
3,0,0,0.41562945
3,1,1,0.5538749
3,1,0,0.4169575
3,0,1,0.5419802
3,0,0,0.33442646
3,1,1,0.5459942
3,1,1,0.6376303
3,0,1,0.6905907
3,0,0,0.40084183
3,0,1,0.82368654
3,1,0,0.38578013
3,0,1,0.5637234
3,0,1,0.68581045
3,1,1,0.5725076
3,0,0,0.16273534
3,1,1,0.52107507
3,0,1,0.53835946
3,1,1,0.803275
3,1,1,0.54904044
3,0,1,0.5472452
3,1,0,0.45188367
3,1,1,0.5446973
3,0,0,0.4786589
3,1,0,0.45425943
3,0,1,0.5456265
3,1,1,0.7444914
3,0,1,0.75923055
3,0,0,0.33442453
3,1,0,0.42512026
3,1,1,0.6628233
3,0,0,0.21967906
3,0,0,0.25290537
3,1,1,0.639269
3,1,1,0.51822215
3,0,1,0.6350495
3,0,0,0.47221556
3,1,0,0.20599318
3,0,0,0.4990877
3,0,0,0.23355316
3,1,1,0.61882526
3,1,1,0.73594767
3,1,1,0.7233584
3,0,0,0.45947662
3,1,1,0.5528336
3,0,0,0.41043615
3,1,1,0.62041146
3,0,0,0.45423332
3,0,0,0.44311765
3,0,1,0.55619997
3,0,0,0.4898619
3,0,1,0.65555334
3,1,1,0.58368576
3,0,1,0.60559464
3,1,1,0.55255955
3,1,1,0.64092875
3,0,0,0.31567284
3,1,1,0.946829
3,1,1,0.5602543
3,1,1,0.64843667
3,0,1,0.6690185
3,1,1,0.5872168
3,0,0,0.33110368
3,1,1,0.77678376
3,0,0,0.4258156
3,1,1,0.71535283
3,0,1,0.70878226
3,0,0,0.31491128
3,0,1,0.65011287
3,0,1,0.72604823
3,0,1,0.5801698
3,1,1,0.70789796
3,1,1,0.62897587
3,1,1,0.7731214
3,0,1,0.63491285
3,0,1,0.64041364
3,1,1,0.60978746
3,1,1,0.7399971
3,0,1,0.54843324
3,0,1,0.80180264
3,1,1,0.79955786
3,0,0,0.4941944
3,1,1,0.6943182
3,0,1,0.7830471
3,1,1,0.8735882
3,0,1,0.72783536
3,1,1,0.81186736
3,1,1,0.68313676
3,0,0,0.4632522
3,0,0,0.409407
3,1,1,0.8055528
3,0,1,0.5057375
3,0,1,0.6985457
3,1,1,0.5950763
3,1,0,0.4936916
3,1,1,0.51019806
3,0,0,0.37714666
3,0,0,0.3730274
3,1,1,0.52646387
3,0,0,0.15652137
3,0,1,0.6078475
3,1,0,0.4317073
3,0,0,0.35614637
3,0,0,0.2698245
3,1,0,0.28506568
3,1,0,0.1847291
3,0,0,0.35003754
3,1,0,0.3313242
3,1,1,0.53878695
3,0,0,0.38576666
3,1,1,0.5173784
3,0,0,0.44527978
3,0,0,0.34968334
3,0,0,0.09660438
3,0,0,0.4999242
3,0,1,0.7487689
3,0,0,0.37595278
3,1,0,0.21938348
3,1,1,0.774948
3,0,0,0.4931837
3,0,0,0.26055852
3,0,0,0.49769032
3,0,1,0.64855725
3,0,0,0.35739586
3,0,0,0.26566982
3,0,0,0.45617986
3,0,1,0.5035967
3,1,0,0.4412239
3,1,0,0.465642
3,0,0,0.45149362
3,1,1,0.5865296
3,0,0,0.13061263
3,0,0,0.25190222
3,1,1,0.7678238
3,1,1,0.78739506
3,0,0,0.27921903
3,1,1,0.7212262
3,1,1,0.55389124
3,1,1,0.7878339
3,1,1,0.5805842
3,1,1,0.84622866
3,1,1,0.64467967
3,0,1,0.5476405
3,0,1,0.77640045
3,1,1,0.5820831
3,0,1,0.6777265
3,0,0,0.10267801
3,1,1,0.8639918
3,0,1,0.5174202
3,1,1,0.82601464
3,1,1,0.78507876
3,1,1,0.7325532
3,1,1,0.76291436
3,1,1,0.7307777
3,0,0,0.47309893
3,0,1,0.77243054
3,0,0,0.2944254
3,0,1,0.8972788
3,1,1,0.7583328
3,1,1,0.7551091
3,0,0,0.26002458
3,0,0,0.4716298
3,1,1,0.7895187
3,1,1,0.69246006
3,1,1,0.7779984
3,0,0,0.07551019
3,1,1,0.6152088
3,1,1,0.86870706
3,1,1,0.8926025
3,1,0,0.4655272
3,1,1,0.8716621
3,1,1,0.8572081
3,1,1,0.7675729
3,0,0,0.4759836
3,0,0,0.26024652
3,0,1,0.5660625
3,1,1,0.83255506
3,1,1,0.6266335
3,1,1,0.56449157
3,0,1,0.58108103
3,1,1,0.6276659
3,1,0,0.3509381
3,1,1,0.54865146
3,1,1,0.7021809
3,1,1,0.7511684
3,0,1,0.716341
3,0,1,0.54854673
3,0,1,0.5608166
3,0,1,0.5816662
3,1,1,0.57209146
3,0,1,0.6955562
3,1,1,0.6427055
3,0,1,0.5916811
3,0,1,0.7031683
3,0,1,0.75618035
3,0,0,0.32781172
3,0,1,0.56310093
3,1,1,0.750956
3,1,1,0.72330534
3,0,1,0.5741874
3,1,1,0.5265305
3,1,0,0.3915873
3,1,0,0.4323179
3,0,1,0.7602499
3,0,1,0.6643444
3,0,1,0.5789529
3,0,0,0.15612447
3,1,1,0.7177279
3,0,0,0.20784937
3,0,1,0.6377949
3,0,1,0.50797355
3,1,1,0.5315506
3,1,1,0.66483533
3,1,1,0.63156354
3,0,1,0.5455556
3,0,0,0.49384266
3,1,1,0.546354
3,1,1,0.82439005
3,0,0,0.4901432
3,1,1,0.863977
3,1,1,0.5404128
3,0,0,0.3338739
3,0,0,0.45030665
3,0,0,0.38832211
3,1,1,0.8282406
3,0,1,0.7706692
3,1,0,0.29295078
3,1,0,0.42053238
3,1,0,0.4462692
3,1,1,0.7719581
3,0,0,0.48002592
3,0,1,0.542096
3,1,1,0.7606725
3,1,1,0.5515407
3,0,0,0.32122743
3,1,1,0.81170005
3,1,1,0.589217
3,0,1,0.7266936
3,1,0,0.41984418
3,1,1,0.68429786
3,1,1,0.6650412
3,1,1,0.5801169
3,0,1,0.67629087
3,1,1,0.6222722
3,0,1,0.63887775
3,0,1,0.5336545
3,0,0,0.041661717
3,0,1,0.58166337
3,0,1,0.5536449
3,0,0,0.22716188
3,0,0,0.2699351
3,1,1,0.5593408
3,1,0,0.44385853
3,0,1,0.5002823
3,0,0,0.24396646
3,0,1,0.7209738
3,1,1,0.55917245
3,1,1,0.7147079
3,0,1,0.5017391
3,0,0,0.3414296
3,1,1,0.7591937
3,0,0,0.17429917
3,1,0,0.48121992
3,1,0,0.24074598
3,1,1,0.6006493
3,1,1,0.69424164
3,0,0,0.35392836
3,0,0,0.41543835
3,0,0,0.08249472
3,0,1,0.6067303
3,0,1,0.55070734
3,0,0,0.22704116
3,0,1,0.5310571
3,1,1,0.62304336
3,0,0,0.35434917
3,1,1,0.7165688
3,0,1,0.6567699
3,0,0,0.49631333
3,1,1,0.6274479
3,0,0,0.44627956
3,1,1,0.68348604
3,1,1,0.79551697
3,1,1,0.5236849
3,1,1,0.5908121
3,0,1,0.54719263
3,0,0,0.42782363
3,0,1,0.6097871
3,1,1,0.6734526
3,0,1,0.5769875
3,0,1,0.712782
3,0,0,0.16452533
3,1,1,0.71635455
3,1,1,0.6899017
3,0,1,0.500587
3,0,1,0.5799101
3,0,0,0.3055566
3,1,1,0.9161668
3,1,1,0.82864356
3,1,1,0.7545119
3,0,0,0.47465953
3,1,1,0.54236907
3,0,1,0.6782605
3,0,1,0.56831294
3,1,1,0.6849905
3,0,1,0.6133712
3,1,1,0.5280745
3,0,0,0.49885538
3,1,1,0.79525566
3,1,1,0.6668294
3,0,0,0.32580385
3,1,0,0.46814662
3,0,1,0.64295375
3,1,0,0.46362057
3,0,1,0.551936
3,0,0,0.20838445
3,0,1,0.62208706
3,1,1,0.55311656
3,0,0,0.3461283
3,1,1,0.63671196
3,0,0,0.09810363
3,0,1,0.5834459
3,1,1,0.8390566
3,0,1,0.74663293
3,1,1,0.8333966
3,1,1,0.55195993
3,0,0,0.16556609
3,1,0,0.44795236
3,1,1,0.6551065
3,1,1,0.54706275
3,0,0,0.37411168
3,1,1,0.62049794
3,0,0,0.31641424
3,0,1,0.7547801
3,1,0,0.31241226
3,0,0,0.14229795
3,1,1,0.55395216
3,1,1,0.8422188
3,0,1,0.64683
3,1,0,0.40579185
3,1,1,0.6623871
3,1,1,0.74980617
3,0,0,0.44605407
3,1,1,0.5731792
3,0,1,0.6374346
3,0,1,0.6255208
3,0,1,0.50994945
3,1,1,0.88178116
3,1,1,0.8498278
3,0,0,0.3599638
3,0,0,0.17746913
3,1,1,0.65048605
3,0,0,0.27332643
3,1,1,0.6108519
3,1,1,0.71670103
3,0,0,0.13392706
3,1,1,0.64221543
3,1,1,0.6266673
3,0,1,0.8939343
3,0,1,0.5289329
3,0,1,0.7292917
3,1,0,0.39002267
3,1,1,0.7355738
3,1,1,0.57504505
3,1,1,0.7090897
3,0,1,0.8731148
3,1,1,0.74575865
3,0,1,0.64859325
3,1,0,0.49118596
3,0,1,0.69590074
3,1,1,0.81506324
3,1,1,0.87825274
3,0,0,0.35769516
3,0,0,0.26637912
3,0,0,0.33034375
3,1,1,0.66013277
3,1,1,0.85227084
3,1,1,0.70643663
3,1,1,0.85680664
3,1,1,0.7123313
3,0,0,0.18358405
3,0,1,0.5525799
3,1,1,0.8237502
3,1,1,0.70215034
3,1,1,0.69138795
3,0,0,0.16645285
3,0,0,0.35297263
3,0,1,0.7541158
3,1,1,0.887736
3,1,1,0.71732354
3,0,0,0.43972245
3,0,1,0.5774065
3,0,1,0.6208408
3,0,1,0.5027895
3,1,1,0.5924181
3,1,0,0.48836154
3,0,0,0.30554762
3,0,1,0.5355825
3,1,1,0.5597966
3,1,1,0.7318137
3,0,1,0.6350586
3,1,1,0.79430914
3,1,0,0.35375458
3,0,1,0.6341642
3,0,0,0.49176154
3,0,1,0.9040062
3,0,1,0.70691544
3,1,1,0.7285739
3,1,1,0.6611918
3,0,0,0.31733075
3,1,1,0.7398857
3,1,1,0.83399874
3,1,1,0.80081254
3,0,0,0.1188875
3,1,1,0.7746772
3,1,1,0.8495929
3,1,1,0.9245129
3,0,0,0.44723263
3,1,1,0.5984709
3,0,1,0.53517324
3,1,1,0.675698
3,0,1,0.6394904
3,1,1,0.6956695
3,1,1,0.8321864
3,1,1,0.63896364
3,0,1,0.74451274
3,0,1,0.6941405
3,0,0,0.32047135
3,1,1,0.7743699
3,1,1,0.84051967
3,0,0,0.39627832
3,0,1,0.5968943
3,0,1,0.56897616
3,0,1,0.5374061
3,1,1,0.8060979
3,1,1,0.6690622
3,1,0,0.31532028
3,0,0,0.4907281
3,0,1,0.644848
3,1,1,0.5184028
3,0,1,0.75973237
3,0,0,0.37462118
3,0,0,0.1669814
3,1,1,0.5223346
3,1,1,0.91791093
3,1,0,0.47190228
3,0,0,0.37360352
3,1,1,0.6386072
3,0,0,0.37915808
3,1,1,0.6888124
3,0,0,0.4590608
3,1,1,0.73587126
3,0,0,0.48222798
3,1,1,0.7628516
3,1,1,0.64210993
3,1,1,0.80411154
3,0,1,0.59513015
3,0,1,0.5158469
3,0,0,0.42036948
3,0,0,0.27344456
3,1,1,0.62267756
3,0,1,0.56981677
3,0,1,0.71654034
3,1,1,0.7831949
3,1,1,0.79004264
3,1,1,0.85937285
3,0,1,0.643102
3,1,1,0.5481689
3,1,1,0.5110238
3,0,0,0.3067428
3,0,1,0.50041443
3,0,1,0.52574635
3,0,0,0.4728258
3,1,1,0.57795143
3,0,1,0.57992995
3,1,1,0.866303
3,0,0,0.27104747
3,1,0,0.49824327
3,1,1,0.70578974
3,1,0,0.38699844
3,1,1,0.7579471
3,0,0,0.31328037
3,1,1,0.5845537
3,0,1,0.6881406
3,0,1,0.500587
3,0,1,0.5799101
3,0,0,0.30798274
3,0,1,0.5290335
3,1,0,0.47975805
3,0,1,0.7901481
3,1,1,0.5144731
3,1,1,0.69211435
3,1,1,0.69521475
3,0,0,0.4848008
3,0,0,0.44200984
3,0,0,0.38304573
3,0,1,0.50286937
3,0,0,0.20131518
3,1,0,0.19489077
3,1,0,0.45162496
3,0,1,0.61534315
3,0,1,0.64578456
3,0,0,0.13565697
3,0,0,0.21010543
3,1,0,0.1502208
3,1,1,0.5512209
3,0,0,0.392298
3,1,1,0.5122802
3,1,0,0.49004486
3,1,1,0.6477171
3,0,0,0.40480354
3,0,0,0.43047002
3,1,1,0.5285788
3,1,1,0.67647064
3,0,1,0.6419619
3,0,0,0.31049567
3,1,0,0.43061662
3,0,0,0.2722284
3,1,1,0.50101995
3,1,0,0.40680274
3,1,1,0.51648945
3,0,0,0.3646936
3,0,1,0.5300702
3,0,0,0.4296462
3,0,1,0.58836895
3,1,1,0.57815456
3,0,1,0.7001748
3,1,0,0.35143334
3,0,1,0.5215297
3,0,1,0.6621134
3,0,0,0.124659814
3,1,1,0.9229955
3,0,0,0.4934914
3,1,0,0.49829426
3,1,1,0.53721845
3,1,1,0.66269803
3,1,1,0.5901486
3,0,1,0.66363215
3,1,1,0.63796896
3,1,1,0.6820379
3,0,1,0.65090114
3,0,1,0.68061936
3,0,1,0.5324771
3,1,1,0.8848625
3,1,1,0.7159512
3,1,0,0.48808408
3,0,0,0.4390992
3,1,1,0.7896586
3,0,0,0.2540779
3,0,0,0.4961254
3,0,1,0.57687974
3,0,0,0.3232052
3,1,0,0.33192587
3,0,1,0.50084674
3,0,1,0.57016724
3,0,0,0.28760925
3,1,0,0.39976498
3,1,0,0.36905482
3,1,1,0.8855816
3,1,1,0.65261286
3,1,1,0.81435394
3,1,1,0.7246161
3,0,0,0.4740367
3,0,1,0.59031284
3,1,1,0.6384144
3,1,1,0.7175342
3,1,1,0.7010795
3,1,1,0.67986465
3,0,0,0.25239822
3,1,1,0.7150078
3,0,1,0.6226564
3,0,1,0.68399775
3,0,0,0.28754243
3,0,1,0.7245316
3,0,1,0.57253313
3,0,1,0.5287061
3,0,1,0.6040748
3,1,1,0.85314274
3,1,1,0.6348423
3,0,0,0.40538946
3,0,1,0.52163845
3,1,1,0.74394566
3,1,0,0.3962638
3,1,1,0.6651078
3,1,1,0.67087513
3,0,0,0.22396651
3,1,1,0.8392551
3,0,0,0.17993972
3,0,0,0.10320247
3,0,1,0.62852156
3,0,0,0.44740683
3,1,1,0.7219187
3,1,0,0.2751573
3,0,0,0.37139344
3,0,1,0.56332856
3,1,1,0.88457024
3,1,1,0.6042829
3,0,1,0.6807292
3,0,0,0.26728642
3,1,1,0.77762306
3,1,1,0.6384144
3,1,1,0.61093324
3,0,1,0.84250295
3,0,1,0.77227986
3,0,0,0.49701124
3,0,0,0.39459422
3,1,0,0.21242784
3,0,1,0.55452234
3,0,0,0.38837156
3,1,1,0.6944698
3,0,1,0.666778
3,1,1,0.8669932
3,1,1,0.8493159
3,1,1,0.69417006
3,0,0,0.47714156
3,0,0,0.29555684
3,1,1,0.8281706
3,1,1,0.5976502
3,0,0,0.1385955
3,0,1,0.6974178
3,0,0,0.19072962
3,1,1,0.87741953
3,0,1,0.543204
3,0,1,0.7152576
3,1,1,0.6381351
3,1,1,0.6690188
3,1,1,0.5505338
3,0,1,0.6090164
3,1,1,0.7309138
3,1,1,0.6144347
3,1,1,0.5327424
3,1,0,0.40487817
3,0,0,0.45525128
3,0,1,0.5664528
3,1,1,0.8118355
3,0,1,0.50638586
3,0,1,0.6556926
3,0,0,0.25077322
3,1,1,0.8027569
3,1,1,0.6076155
3,0,1,0.5652408
3,0,0,0.254273
3,1,1,0.6806693
3,0,0,0.26099443
3,1,1,0.6921957
3,0,1,0.601747
3,0,1,0.6567636
3,0,0,0.4117764
3,1,1,0.7231237
3,0,0,0.34805593
3,1,1,0.81648135
3,1,1,0.6066366
3,1,1,0.8172797
3,1,1,0.5678453
3,1,1,0.6446159
3,0,0,0.4920925
3,0,0,0.49813688
3,1,1,0.547249
3,0,1,0.6955088
3,0,1,0.5936882
3,0,0,0.49330008
3,0,1,0.7148027
3,1,1,0.7745075
3,1,1,0.8204422
3,1,1,0.646409
3,0,0,0.4703401
3,0,1,0.5986822
3,0,1,0.84443116
3,0,1,0.5304594
3,1,1,0.5347838
3,1,1,0.83651906
3,0,0,0.40964052
3,0,0,0.4247147
3,1,1,0.74363
3,0,1,0.5302342
3,1,0,0.43298316
3,1,1,0.7673442
3,0,0,0.35110268
3,0,1,0.6602561
3,0,0,0.34874973
3,1,1,0.68225855
3,1,1,0.72680044
3,0,1,0.6699547
3,0,0,0.055738054
3,0,0,0.048403222
3,1,1,0.85164565
3,0,0,0.15332103
3,0,1,0.5264353
3,1,1,0.7440605
3,1,1,0.6751495
3,1,1,0.9474066
3,1,1,0.7417208
3,1,1,0.8291128
3,0,1,0.5524277
3,1,1,0.80940956
3,1,1,0.8265021
3,0,0,0.4477816
3,0,1,0.599708
3,0,1,0.66478354
3,0,0,0.3781671
3,1,1,0.77976936
3,1,1,0.77821505
3,0,1,0.77987087
3,0,0,0.48937896
3,0,1,0.7693893
3,0,1,0.73037386
3,0,0,0.48067594
3,0,0,0.35019875
3,0,0,0.4978894
3,0,0,0.1489105
3,0,0,0.42176127
3,0,0,0.08946831
3,0,0,0.44817558
3,0,0,0.19808489
3,0,0,0.15703796
3,0,0,0.32529408
3,1,0,0.37085778
3,1,1,0.8174076
3,1,1,0.55006784
3,1,1,0.6815599
3,1,1,0.7280992
3,1,1,0.67609835
3,1,0,0.16918552
3,1,1,0.511835
3,1,1,0.8872755
3,1,1,0.74209976
3,1,1,0.65798104
3,0,1,0.71417004
3,0,1,0.65294796
3,1,1,0.73899585
3,0,0,0.4977096
3,0,0,0.22693117
3,0,0,0.27590075
3,1,1,0.5677245
3,0,1,0.59481937
3,1,1,0.63828623
3,0,1,0.65975845
3,1,1,0.81521446
3,1,1,0.71515054
3,0,0,0.47515243
3,0,0,0.29824153
3,0,1,0.77158785
3,0,0,0.0883388
3,1,1,0.772355
3,1,1,0.690687
3,0,0,0.4065186
3,0,0,0.48924294
3,0,1,0.50684863
3,0,1,0.58868694
3,1,0,0.41026786
3,1,1,0.58715713
3,1,1,0.81943977
3,1,1,0.8528586
3,1,1,0.5189205
3,0,1,0.52226514
3,1,1,0.7248276
3,0,0,0.3716777
3,0,0,0.23432483
3,0,1,0.59160084
3,1,0,0.47934306
3,1,1,0.7557218
3,0,1,0.5492898
3,1,1,0.7806389
3,1,1,0.65862995
3,1,0,0.4451702
3,0,1,0.7423186
3,1,1,0.662356
3,0,0,0.33757907
3,0,1,0.76966023
3,0,0,0.21166539
3,0,1,0.7109914
3,1,1,0.8142684
3,1,0,0.45578778
3,1,1,0.6495706
3,1,1,0.55148864
3,0,1,0.6957405
3,0,1,0.74223906
3,1,1,0.5889155
3,0,1,0.5197837
3,1,1,0.8160218
3,1,1,0.80894756
3,1,1,0.5536538
3,1,1,0.5981812
3,1,1,0.6364754
3,1,1,0.8173701
3,0,1,0.5126328
3,0,0,0.4934311
3,0,0,0.42061615
3,1,1,0.67653716
3,1,1,0.6674165
3,1,1,0.5348697
3,0,0,0.36549702
3,1,1,0.72227097
3,1,1,0.6116939
3,0,1,0.73690265
3,0,1,0.57181925
3,0,1,0.59265244
3,0,1,0.63172376
3,1,1,0.8363298
3,1,1,0.7926304
3,0,1,0.57564694
3,1,1,0.8669227
3,1,0,0.41926304
3,1,1,0.8245346
3,1,0,0.37820733
3,0,0,0.28674594
3,0,0,0.3445913
3,1,1,0.62676257
3,0,1,0.70654476
3,0,0,0.24714468
3,0,0,0.18174678
3,0,0,0.26205125
3,0,0,0.2708269
3,0,1,0.66932935
3,1,1,0.8546774
3,1,1,0.6740113
3,0,1,0.80608404
3,0,0,0.29840094
3,1,1,0.8283146
3,1,1,0.8110147
3,1,1,0.50790626
3,0,0,0.20347297
3,0,0,0.11256775
3,0,1,0.6117207
3,0,1,0.64048934
3,1,1,0.5259766
3,0,1,0.6891732
3,0,1,0.5228404
3,0,1,0.8401883
3,0,0,0.36263606
3,1,1,0.6396218
3,0,0,0.24063
3,0,0,0.41741207
3,1,1,0.7520074
3,1,1,0.67003417
3,0,1,0.56423575
3,0,1,0.6298399
3,1,1,0.8341085
3,0,0,0.42711696
3,1,1,0.6869319
3,1,1,0.6089348
3,1,1,0.6169019
3,1,1,0.5746095
3,1,1,0.8887446
3,1,0,0.48479065
3,0,1,0.71752393
3,0,0,0.487676
3,0,1,0.7261479
3,0,0,0.10847561
3,0,1,0.52531624
3,0,0,0.43073472
3,1,1,0.579295
3,1,1,0.8239952
3,1,1,0.55939275
3,0,0,0.30860633
3,1,0,0.47084793
3,0,0,0.050001465
3,1,1,0.6942958
3,1,1,0.5405125
3,1,1,0.66498667
3,1,1,0.85372776
3,0,0,0.2991045
3,1,1,0.75179464
3,0,1,0.5994641
3,0,0,0.47198343
3,1,1,0.82792705
3,1,1,0.72142226
3,1,1,0.82913375
3,1,1,0.78782207
3,0,0,0.48439938
3,0,0,0.16586462
3,1,1,0.8590924
3,1,1,0.8366543
3,1,1,0.76895595
3,1,1,0.77962565
3,1,1,0.87523973
3,1,1,0.76135427
3,1,1,0.7711017
3,0,0,0.25352553
3,0,0,0.1287636
3,1,1,0.82450557
3,0,0,0.37685868
3,0,1,0.62105364
3,0,0,0.1090324
3,0,0,0.15867996
3,1,1,0.80105805
3,1,1,0.7675729
3,0,1,0.738703
3,1,1,0.65458524
3,1,1,0.5216939
3,0,0,0.4741246
3,0,0,0.44507697
3,0,1,0.51924735
3,1,0,0.4282137
3,0,1,0.5597811
3,1,1,0.58728844
3,1,1,0.5624642
3,0,0,0.48711962
3,0,1,0.62008244
3,0,0,0.34675705
3,1,1,0.67820954
3,0,1,0.53673357
3,1,1,0.5438223
3,1,0,0.43918726
3,1,1,0.58526695
3,0,0,0.48690566
3,1,0,0.31263375
3,1,1,0.61546284
3,0,1,0.60303867
3,0,0,0.48519996
3,1,0,0.49537453
3,1,0,0.38237587
3,0,0,0.27939948
3,0,0,0.4579822
3,0,0,0.49886578
3,1,1,0.7789425
3,1,1,0.68397284
3,0,1,0.5586452
3,1,1,0.78293586
3,0,0,0.19369985
3,1,1,0.58026505
3,0,0,0.41758263
3,0,0,0.44347686
3,1,0,0.45436648
3,0,1,0.6290727
3,1,0,0.47386333
3,0,0,0.05120468
3,0,1,0.71231765
3,0,0,0.4142078
3,1,1,0.6101209
3,0,0,0.3127102
3,1,1,0.8082825
3,0,0,0.36978418
3,0,0,0.4468319
3,0,0,0.3573466
3,1,1,0.70466036
3,1,1,0.5600741
3,0,0,0.40848485
3,1,1,0.6652982
3,0,0,0.11585784
3,0,1,0.70298153
3,0,1,0.54252696
3,0,0,0.4863447
3,1,1,0.7016095
3,0,0,0.39816818
3,0,1,0.5631537
3,1,1,0.63215214
3,1,1,0.74934345
3,0,0,0.48744482
3,0,0,0.36850724
3,1,1,0.64458436
3,1,1,0.710475
3,1,1,0.60954756
3,0,1,0.6330226
3,0,1,0.56323195
3,0,0,0.43767983
3,1,1,0.6160808
3,0,0,0.31072783
3,1,1,0.7459724
3,1,0,0.358442
3,1,1,0.609473
3,0,1,0.57093626
3,0,0,0.47776332
3,1,1,0.6446259
3,0,0,0.4638908
3,0,1,0.5398051
3,0,0,0.22840649
3,0,1,0.52241343
3,1,1,0.51056874
3,0,1,0.6385603
3,1,1,0.5899975
3,0,1,0.66502416
3,1,1,0.7361057
3,0,0,0.37604296
3,0,1,0.5091854
3,0,1,0.61971074
3,1,1,0.7188637
3,1,1,0.5558714
3,1,0,0.24031666
3,0,0,0.4991188
3,1,0,0.26603168
3,0,0,0.25386032
3,0,0,0.087882645
3,1,1,0.6728021
3,0,0,0.2992054
3,1,0,0.3084457
3,0,0,0.27473795
3,1,1,0.52081865
3,0,0,0.32681102
3,1,1,0.5685626
3,0,0,0.2839241
3,1,0,0.3581141
3,1,0,0.3573194
3,0,0,0.38601124
3,0,0,0.40725735
3,0,0,0.3082152
3,1,0,0.42775324
3,1,0,0.36703226
3,1,1,0.56699854
3,0,1,0.520296
3,0,0,0.27868047
3,0,0,0.4464866
3,1,1,0.6492141
3,1,0,0.3671722
3,0,0,0.42147267
3,0,0,0.08119059
3,1,0,0.4861624
3,0,1,0.7028265
3,0,0,0.14975101
3,0,1,0.6721658
3,0,0,0.31650233
3,0,1,0.6394078
3,0,1,0.61819947
3,0,1,0.74568784
3,0,0,0.49663493
3,1,0,0.47091836
3,1,0,0.42495683
3,1,0,0.38091558
3,0,0,0.33815554
3,0,1,0.67665106
3,1,1,0.67973566
3,1,1,0.66282487
3,1,1,0.84876007
3,1,1,0.71646994
3,1,1,0.58196706
3,1,1,0.7378684
3,1,1,0.61997867
3,1,1,0.5781464
3,1,1,0.69952834
3,0,0,0.1809283
3,0,1,0.62503356
3,1,1,0.803625
3,0,0,0.44414997
3,0,0,0.40588126
3,0,0,0.33707577
3,0,0,0.07251148
3,1,1,0.67844164
3,0,0,0.25875777
3,0,0,0.41229612
3,0,0,0.1735814
3,1,1,0.7297498
3,1,1,0.8080022
3,1,1,0.6014676
3,0,0,0.3976837
3,0,0,0.42958108
3,1,0,0.1877707
3,0,1,0.50804937
3,0,0,0.38622907
3,1,0,0.20436466
3,1,1,0.6683074
3,0,0,0.37228876
3,0,1,0.57549936
3,0,0,0.19991052
3,1,0,0.46538553
3,1,1,0.50814
3,0,1,0.5070709
3,0,0,0.1673852
3,0,0,0.24355875
3,0,0,0.39644852
3,0,0,0.32009482
3,0,0,0.44761673
3,1,0,0.41177782
3,0,0,0.4643858
3,0,0,0.4979018
3,0,0,0.36530343
3,0,0,0.367285
3,1,1,0.61426437
3,0,1,0.6468589
3,1,0,0.39964846
3,1,1,0.6805192
3,1,1,0.6344504
3,0,1,0.6197788
3,0,1,0.5272171
3,0,1,0.65768826
3,0,1,0.5059887
3,1,1,0.73670113
3,0,0,0.0410935
3,1,0,0.4366321
3,0,0,0.46920937
3,1,0,0.48705018
3,0,0,0.2830439
3,0,0,0.24970452
3,0,0,0.18622507
3,0,0,0.064223595
3,1,0,0.44645607
3,1,1,0.5120553
3,1,1,0.77202106
3,1,1,0.5085918
3,1,0,0.48263744
3,0,1,0.58468693
3,0,0,0.0958573
3,1,1,0.6892789
3,0,0,0.34565726
3,1,0,0.49020123
3,1,1,0.8415977
3,1,1,0.57988805
3,1,1,0.56922925
3,1,0,0.41705176
3,0,0,0.0995655
3,0,1,0.74657035
3,0,1,0.51469004
3,1,0,0.38535902
3,1,0,0.37379742
3,1,1,0.6009965
3,1,0,0.42319128
3,1,1,0.8279567
3,1,1,0.51107615
3,1,1,0.6897937
3,1,0,0.20792998
3,1,1,0.60273844
3,0,0,0.4111008
3,0,0,0.47310132
3,1,1,0.64767784
3,0,0,0.41430327
3,1,1,0.6380649
3,0,0,0.37820652
3,0,0,0.23664452
3,1,1,0.835717
3,0,1,0.53170055
3,1,0,0.30852145
3,1,1,0.6753889
3,0,0,0.43827116
3,0,1,0.6052667
3,0,0,0.36021754
3,1,1,0.51331717
3,0,0,0.1278156
3,1,1,0.5523811
3,1,1,0.5147431
3,1,1,0.5481799
3,0,1,0.66945827
3,0,0,0.23196371
3,0,0,0.44490945
3,0,0,0.4266534
3,1,1,0.8348413
3,0,1,0.50368154
3,0,0,0.38274503
3,1,1,0.6724086
3,1,0,0.3056249
3,1,1,0.53467417
3,0,1,0.5059163
3,0,0,0.47663543
3,1,0,0.43607062
3,0,1,0.6409552
3,1,1,0.7732329
3,1,1,0.6889984
3,0,0,0.25795904
3,0,1,0.612046
3,0,1,0.52753544
3,0,1,0.7140726
3,0,1,0.57005477
3,1,1,0.8956924
3,1,1,0.6493288
3,1,1,0.76809275
3,0,0,0.20008416
3,1,1,0.80806994
3,0,1,0.6918324
3,0,0,0.27428514
3,1,1,0.73060435
3,0,1,0.53258675
3,1,1,0.63428825
3,0,0,0.0623434
3,0,1,0.6408417
3,0,1,0.6064784
3,0,0,0.35932228
3,1,1,0.51302034
3,0,0,0.12019084
3,0,1,0.836152
3,1,0,0.41680175
3,1,1,0.7482289
3,0,1,0.5706821
3,1,1,0.51308936
3,1,1,0.66889775
3,1,1,0.52579886
3,0,0,0.3474479
3,0,1,0.70570034
3,1,1,0.58338845
3,0,0,0.30640966
3,0,1,0.7292884
3,1,1,0.8388826
3,0,1,0.5350304
3,1,1,0.57744586
3,0,1,0.5493096
3,1,0,0.4255466
3,0,1,0.5091176
3,1,0,0.45460165
3,0,0,0.41748148
3,0,1,0.56946516
3,1,1,0.8588215
3,0,1,0.5741983
3,1,1,0.61884266
3,0,0,0.47146842
3,1,1,0.7658138
3,0,0,0.25464877
3,1,1,0.59015113
3,0,0,0.49468517
3,1,1,0.8617055
3,1,1,0.73641723
3,1,1,0.81756926
3,1,0,0.46824384
3,1,0,0.4421815
3,0,1,0.6733625
3,0,0,0.25943896
3,1,1,0.5356996
3,1,1,0.84319496
3,1,1,0.5699516
3,1,1,0.6492768
3,1,1,0.7433122
3,0,1,0.6276296
3,0,0,0.19292654
3,0,0,0.1923523
3,0,0,0.46541703
3,0,0,0.498469
3,0,0,0.38920543
3,0,0,0.47499806
3,0,0,0.32932222
3,0,0,0.4652067
3,1,1,0.6525518
3,0,0,0.41970325
3,1,1,0.6955372
3,1,1,0.90581524
3,1,1,0.8555214
3,0,0,0.36587593
3,1,1,0.5936476
3,1,1,0.6839363
3,0,1,0.6349943
3,1,1,0.6723614
3,1,1,0.68652934
3,0,1,0.6960226
3,1,1,0.7050849
3,0,1,0.67950076
3,1,1,0.66218287
3,0,1,0.5091943
3,0,1,0.61235845
3,1,1,0.90998423
3,1,1,0.62979734
3,0,0,0.47988957
3,1,0,0.321859
3,1,1,0.5664178
3,1,1,0.7520695
3,0,1,0.5772725
3,0,1,0.6345376
3,0,0,0.4652253
3,1,0,0.47143185
3,0,1,0.7617525
3,0,0,0.4470551
3,0,1,0.69851017
3,1,1,0.5665379
3,1,1,0.58439523
3,1,0,0.45897782
3,0,0,0.44210574
3,0,0,0.41378835
3,0,1,0.5012645
3,1,1,0.51355445
3,1,1,0.73144525
3,0,0,0.4507714
3,1,1,0.90967697
3,1,1,0.6545396
3,0,0,0.2884599
3,0,1,0.52163154
3,0,0,0.30592054
3,1,1,0.5979369
3,0,0,0.3032767
3,1,1,0.79147345
3,0,1,0.5491384
3,0,0,0.4994871
3,1,1,0.7574163
3,1,1,0.6751536
3,0,1,0.54172987
3,0,1,0.76851
3,1,1,0.8425886
3,1,1,0.62618834
3,0,1,0.54545146
3,0,1,0.6990881
3,0,1,0.52059686
3,1,1,0.66776174
3,1,1,0.50928974
3,1,1,0.5837787
3,0,0,0.190835
3,1,1,0.50272864
3,0,0,0.29520273
3,0,1,0.74888295
3,1,1,0.61219144
3,0,0,0.107393816
3,1,1,0.77312165
3,1,1,0.82900965
3,0,1,0.65392333
3,1,0,0.3209204
3,0,0,0.48694345
3,1,1,0.57056975
3,1,1,0.5514734
3,1,0,0.40833032
3,0,1,0.6380508
3,1,1,0.7071818
3,0,0,0.44504523
3,1,1,0.672381
3,0,0,0.39947173
3,0,0,0.2817195
3,1,1,0.6435751
3,1,0,0.39225143
3,1,1,0.51604164
3,0,0,0.1298618
3,1,1,0.6032919
3,0,1,0.626608
3,0,1,0.54229754
3,0,1,0.62711596
3,0,0,0.3767577
3,1,1,0.50785697
3,1,1,0.8263646
3,1,1,0.71326464
3,0,0,0.43733233
3,0,0,0.09715078
3,0,1,0.584871
3,1,1,0.5714089
3,0,1,0.5667563
3,0,1,0.71217805
3,1,0,0.29772505
3,0,0,0.45638332
3,1,0,0.47269532
3,0,1,0.84588253
3,1,1,0.5902007
3,1,1,0.6946129
3,1,1,0.82046074
3,1,1,0.74003047
3,0,1,0.66455233
3,1,1,0.69131774
3,1,1,0.6568837
3,1,1,0.75180334
3,0,1,0.6178812
3,0,1,0.69236714
3,0,1,0.636407
3,1,1,0.78776264
3,0,0,0.2255086
3,0,1,0.6002153
3,0,0,0.23795366
3,0,1,0.575785
3,1,0,0.47782537
3,1,1,0.575667
3,0,1,0.64577526
3,0,0,0.24864367
3,1,1,0.82821393
3,1,1,0.54364145
3,0,1,0.70885605
3,0,1,0.6356047
3,0,0,0.48430315
3,1,1,0.72104764
3,0,1,0.62513787
3,1,1,0.5420945
3,0,1,0.5169864
3,0,0,0.40109396
3,0,0,0.23097223
3,1,0,0.46945694
3,1,1,0.5413962
3,1,0,0.36804318
3,0,1,0.60869914
3,0,0,0.38246867
3,1,1,0.76849395
3,1,1,0.6225053
3,0,1,0.5182906
3,0,0,0.27337384
3,0,0,0.2721108
3,0,0,0.20389052
3,1,1,0.6791645
3,1,0,0.3553603
3,1,1,0.5045083
3,0,1,0.69853723
3,0,1,0.5769391
3,1,1,0.6042876
3,1,1,0.5570858
3,1,1,0.90878576
3,0,0,0.36305353
3,0,0,0.18851413
3,1,0,0.37241518
3,0,0,0.48583022
3,1,1,0.5572589
3,1,1,0.7240172
3,1,0,0.4317772
3,0,0,0.4703246
3,1,1,0.75535697
3,0,0,0.17157817
3,0,0,0.0697519
3,1,1,0.8783183
3,1,1,0.67758256
3,0,1,0.83131593
3,1,1,0.6858345
3,0,1,0.82307947
3,0,0,0.4859119
3,1,1,0.8688621
3,1,1,0.74821055
3,0,0,0.26662013
3,1,1,0.59397787
3,1,0,0.39461762
3,0,1,0.65877867
3,0,1,0.5880149
3,1,1,0.79993814
3,1,0,0.39363813
3,1,0,0.301409
3,0,1,0.6221406
3,1,1,0.6308149
3,0,0,0.20474553
3,0,1,0.6180191
3,0,0,0.07545739
3,0,1,0.6521795
3,0,0,0.42439488
3,1,0,0.1929561
3,1,1,0.57215154
3,1,1,0.5956333
3,0,0,0.18527982
3,0,0,0.40398782
3,0,1,0.6428799
3,1,1,0.86261535
3,1,1,0.7470659
3,1,0,0.3160307
3,1,1,0.6468056
3,0,0,0.37974223
3,0,0,0.34381464
3,1,1,0.6408408
3,0,1,0.72121286
3,0,1,0.65698355
3,0,1,0.666287
3,0,1,0.7008514
3,0,0,0.28499085
3,1,1,0.6236236
3,0,1,0.6069186
3,0,1,0.5246523
3,1,1,0.5980255
3,1,0,0.4349655
3,0,0,0.19780041
3,0,0,0.15819387
3,1,0,0.43377456
3,1,1,0.51935023
3,0,0,0.4527611
3,0,0,0.42297015
3,0,1,0.5006398
3,1,0,0.3658592
3,0,0,0.03935154
3,0,0,0.42443332
3,1,0,0.1813325
3,0,0,0.3897564
3,0,0,0.4109546
3,1,0,0.44162878
3,0,0,0.4989322
3,1,1,0.68484086
3,0,0,0.3213738
3,1,1,0.6832788
3,1,0,0.4913872
3,0,1,0.5858982
3,1,1,0.793241
3,1,1,0.55327463
3,1,1,0.71849185
3,0,0,0.45798504
3,0,0,0.48338768
3,0,1,0.51742625
3,0,0,0.3672354
3,0,1,0.87443846
3,1,0,0.3131189
3,1,0,0.46654353
3,0,0,0.30255166
3,0,1,0.7546628
3,1,1,0.5985427
3,1,0,0.49274278
3,0,1,0.6077553
3,0,0,0.27611795
3,0,1,0.60529625
3,1,0,0.49319994
3,1,1,0.73793787
3,0,1,0.61673725
3,1,1,0.7016179
3,0,1,0.7344548
3,1,1,0.86549634
3,1,1,0.7041331
3,0,0,0.22873962
3,1,1,0.5994813
3,0,1,0.6797176
3,1,1,0.7614073
3,1,1,0.823269
3,1,1,0.8018057
3,1,1,0.7146771
3,0,1,0.7805786
3,0,0,0.10519528
3,1,1,0.84435254
3,1,1,0.618707
3,0,0,0.36765325
3,0,1,0.6215137
3,1,1,0.65393424
3,1,1,0.7272106
3,1,1,0.66903013
3,1,1,0.63509667
3,1,1,0.7000341
3,0,0,0.3556749
3,1,1,0.5448729
3,1,0,0.4926712
3,1,0,0.4682651
3,0,0,0.4146792
3,0,0,0.3911285
3,0,1,0.618135
3,0,1,0.584838
3,1,1,0.56541324
3,0,0,0.29797867
3,1,1,0.5459861
3,1,0,0.46270758
3,0,1,0.60247517
3,1,1,0.5402811
3,0,0,0.40749446
3,0,0,0.20611489
3,0,0,0.18335886
3,1,1,0.515621
3,0,1,0.51756227
3,1,0,0.4662336
3,0,0,0.38424847
3,1,0,0.35540378
3,0,0,0.20228161
3,0,1,0.50918746
3,0,0,0.09426432
3,0,0,0.4510894
3,0,1,0.5690318
3,0,1,0.5898738
3,1,0,0.40352532
3,0,0,0.42220983
3,0,0,0.073262416
3,1,0,0.46967536
3,0,0,0.44463843
3,0,1,0.5629586
3,0,1,0.6563208
3,1,1,0.64747727
3,1,1,0.71214706
3,1,0,0.41153818
3,0,0,0.3911417
3,0,0,0.31743115
3,1,0,0.4272223
3,1,1,0.5070188
3,0,0,0.38391626
3,1,1,0.6146619
3,1,0,0.2201593
3,0,1,0.5341005
3,0,1,0.52757645
3,1,0,0.24925028
3,0,0,0.43139306
3,0,0,0.34703425
3,1,1,0.8604558
3,0,1,0.62956166
3,1,0,0.35932362
3,0,0,0.15755878
3,1,0,0.40678498
3,0,1,0.59573376
3,1,1,0.77710944
3,0,0,0.326821
3,1,0,0.33203223
3,1,1,0.5025982
3,0,0,0.35348827
3,0,0,0.24297613
3,0,0,0.38074687
3,0,0,0.22701074
3,0,0,0.10383949
3,1,1,0.8662551
3,1,1,0.7374074
3,1,1,0.78537774
3,0,1,0.7089825
3,1,1,0.71359336
3,1,1,0.62837255
3,0,1,0.5415353
3,0,1,0.60930836
3,0,0,0.33115608
3,1,1,0.7165009
3,1,1,0.5376369
3,0,1,0.76727223
3,1,1,0.6502707
3,1,1,0.6439087
3,1,1,0.7383305
3,1,1,0.7507279
3,0,1,0.63606465
3,0,0,0.26076686
3,0,0,0.3743816
3,0,1,0.58913267
3,1,1,0.82073367
3,1,1,0.5692812
3,0,1,0.5895883
3,0,1,0.6316459
3,0,0,0.29574332
3,0,0,0.22221027
3,0,1,0.63963234
3,1,1,0.6564002
3,1,0,0.28619334
3,0,1,0.7577216
3,1,1,0.66193765
3,1,1,0.8097835
3,1,1,0.5068006
3,0,0,0.2960683
3,1,0,0.4849707
3,1,1,0.5370266
3,0,0,0.15638427
3,0,0,0.44433025
3,1,0,0.47710684
3,0,1,0.5049986
3,0,0,0.47157803
3,0,0,0.18680643
3,0,1,0.658929
3,1,1,0.79109395
3,1,1,0.6681745
3,1,1,0.63156587
3,1,0,0.33161736
3,0,1,0.50568575
3,0,0,0.0754879
3,0,1,0.8419566
3,0,0,0.1111405
3,1,1,0.6973504
3,1,1,0.5029823
3,0,0,0.3832737
3,1,1,0.81838727
3,1,1,0.5351358
3,0,1,0.60348874
3,1,0,0.49792188
3,0,1,0.56981206
3,0,0,0.13944677
3,0,0,0.4041162
3,1,0,0.43104047
3,0,1,0.9255102
3,0,1,0.6764083
3,1,0,0.3974375
3,1,1,0.8412782
3,0,1,0.52970535
3,0,0,0.4872267
3,1,1,0.6159435
3,1,1,0.93462044
3,1,1,0.6628722
3,1,1,0.6388984
3,1,1,0.65784246
3,0,1,0.68471503
3,0,0,0.31433836
3,0,1,0.59609246
3,1,1,0.59009814
3,0,1,0.84486353
3,0,1,0.6819387
3,1,1,0.5556194
3,1,1,0.6938489
3,1,0,0.33540097
3,1,0,0.24553286
3,0,1,0.5688677
3,1,0,0.4727727
3,0,0,0.38670245
3,0,0,0.08439518
3,0,0,0.07107622
3,1,1,0.525493
3,0,1,0.53541356
3,0,1,0.53968835
3,1,1,0.7362029
3,1,1,0.500627
3,1,1,0.73878694
3,0,0,0.29790848
3,1,0,0.31934077
3,1,0,0.44438684
3,1,0,0.41504234
3,1,1,0.70944536
3,0,0,0.33487952
3,1,1,0.6996842
3,1,1,0.5922587
3,0,1,0.514557
3,0,0,0.4168455
3,0,0,0.29228565
3,0,0,0.18163188
3,1,1,0.7370724
3,1,1,0.7007636
3,0,1,0.53170955
3,0,0,0.2307714
3,0,1,0.57039124
3,1,0,0.39709345
3,1,0,0.32235244
3,0,1,0.75357336
3,0,0,0.4087228
3,0,1,0.6503887
3,0,0,0.4380642
3,0,1,0.5565362
3,0,0,0.44268048
3,1,1,0.5919597
3,1,1,0.65268844
3,1,0,0.4335426
3,0,0,0.39168906
3,1,1,0.84706444
3,1,1,0.6685782
3,0,0,0.44352752
3,1,1,0.6604075
3,0,0,0.36396137
3,0,1,0.51286477
3,1,1,0.70692664
3,1,1,0.5678263
3,0,0,0.40511915
3,0,0,0.22360978
3,0,1,0.53354347
3,0,1,0.7713797
3,1,1,0.87914443
3,1,1,0.635212
3,0,1,0.5472006
3,1,1,0.8157554
3,1,1,0.8811202
3,0,1,0.8895003
3,1,1,0.725086
3,1,1,0.73889965
3,1,1,0.91524994
3,1,1,0.6467673
3,1,1,0.7068763
3,0,0,0.37882257
3,0,0,0.4245022
3,1,1,0.69690734
3,0,1,0.57043546
3,0,1,0.6298818
3,1,1,0.5313064
3,1,1,0.6445701
3,1,1,0.5685735
3,1,1,0.6972117
3,0,1,0.50837874
3,1,1,0.67536986
3,1,1,0.6043401
3,1,1,0.8234306
3,0,1,0.6375607
3,0,0,0.1745457
3,0,1,0.7740213
3,0,0,0.38171536
3,1,0,0.463608
3,0,1,0.7232375
3,1,0,0.41955352
3,0,0,0.2510629
3,1,0,0.49734554
3,0,0,0.29800987
3,0,1,0.828365
3,1,0,0.3659859
3,1,1,0.8224278
3,0,1,0.71408904
3,0,0,0.3869384
3,1,1,0.88481826
3,1,0,0.34324858
3,0,0,0.49108946
3,1,1,0.8204807
3,0,0,0.22514802
3,1,1,0.73808414
3,1,1,0.6919072
3,0,1,0.772913
3,0,0,0.33180332
3,0,1,0.6168746
3,1,1,0.70835936
3,0,1,0.58095366
3,0,0,0.2460798
3,1,1,0.65209115
3,1,1,0.7084854
3,1,1,0.50361454
3,0,0,0.34825003
3,0,0,0.2826613
3,0,0,0.32939082
3,0,0,0.4100048
3,1,0,0.19426847
3,1,1,0.5878216
3,1,0,0.4706916
3,0,1,0.50414693
3,0,1,0.61465704
3,0,1,0.66367966
3,1,1,0.9043841
3,0,0,0.24489926
3,1,1,0.7934873
3,0,1,0.61220515
3,1,1,0.75815284
3,0,0,0.4371889
3,1,0,0.4348852
3,0,1,0.8234019
3,0,0,0.40567273
3,1,1,0.7494412
3,0,0,0.48609933
3,1,1,0.7914731
3,0,1,0.6468056
3,0,1,0.6408408
3,1,1,0.6900163
3,1,1,0.76738775
3,0,0,0.29106447
3,1,1,0.55848414
3,1,1,0.8210951
3,1,0,0.40554523
3,0,1,0.50810784
3,0,0,0.45797187
3,1,1,0.9041339
3,1,1,0.7887549
3,0,1,0.61661047
3,1,1,0.58975625
3,1,1,0.5829145
3,1,1,0.6558474
3,1,1,0.5978019
3,1,1,0.6188495
3,0,1,0.5048787
3,1,0,0.49155253
3,0,0,0.45933643
3,1,1,0.6448289
3,0,1,0.61035395
3,0,0,0.49613065
3,1,1,0.6432724
3,1,0,0.41048965
3,0,0,0.37853238
3,0,0,0.4892365
3,0,1,0.5231826
3,1,1,0.8357017
3,1,1,0.7886912
3,0,1,0.5455564
3,0,1,0.5382554
3,1,1,0.6263516
3,0,0,0.41969296
3,0,0,0.27834824
3,0,0,0.45692268
3,0,0,0.4850395
3,0,0,0.4690465
3,1,1,0.55681413
3,1,0,0.47158736
3,1,1,0.8356251
3,1,1,0.7242661
3,0,1,0.6148164
3,0,1,0.5937181
3,0,0,0.216545
3,0,0,0.4363957
3,1,1,0.7717586
3,0,0,0.21230096
3,1,1,0.80820227
3,0,1,0.66803426
3,1,1,0.780579
3,1,1,0.83561766
3,1,1,0.5933758
3,0,0,0.47326574
3,1,1,0.6004142
3,1,0,0.48914838
3,1,0,0.43587297
3,0,1,0.60502195
3,0,1,0.67069274
3,1,1,0.74663025
3,1,1,0.5743621
3,1,1,0.78649116
3,1,1,0.5638406
3,0,1,0.65503204
3,0,0,0.47687328
3,0,0,0.39318746
3,1,1,0.509922
3,0,0,0.36106628
3,0,1,0.69782794
3,0,1,0.6304757
3,1,1,0.7663524
3,1,0,0.40333647
3,0,0,0.077848844
3,0,1,0.5000512
3,0,0,0.34067538
3,0,0,0.16992044
3,1,1,0.6094422
3,0,0,0.2962308
3,1,0,0.37713677
3,1,0,0.36303827
3,1,0,0.2592484
3,1,0,0.36963236
3,0,0,0.18999165
3,0,0,0.4467973
3,0,1,0.5842643
3,0,0,0.49069652
3,0,0,0.306047
3,0,1,0.6927558
3,0,1,0.75663376
3,1,1,0.5782182
3,1,1,0.56586987
3,1,1,0.5118275
3,0,0,0.29731995
3,1,1,0.63899064
3,0,1,0.5279664
3,1,1,0.74819094
3,0,0,0.29557678
3,1,1,0.6599537
3,0,0,0.42962515
3,0,0,0.48459023
3,0,1,0.5726413
3,0,1,0.506943
3,1,1,0.9083549
3,0,1,0.58977705
3,0,0,0.35771516
3,0,1,0.6055021
3,1,1,0.6707062
3,1,1,0.79715616
3,0,1,0.62527275
3,0,0,0.45022705
3,0,1,0.60347825
3,1,1,0.63732666
3,1,1,0.9014414
3,1,1,0.7711313
3,0,0,0.35969755
3,1,1,0.7218971
3,0,1,0.8124758
3,0,1,0.5306132
3,1,1,0.6882529
3,1,1,0.6129446
3,0,0,0.40305325
3,1,1,0.65539676
3,0,0,0.3571323
3,1,1,0.85864115
3,0,1,0.60715204
3,1,0,0.44468808
3,1,1,0.64192796
3,1,1,0.7399172
3,1,1,0.76895636
3,0,0,0.12871425
3,0,1,0.5865566
3,1,1,0.82005376
3,1,0,0.45905182
3,0,0,0.47067457
3,0,0,0.48637074
3,1,1,0.5814904
3,0,1,0.68431014
3,0,1,0.54796755
3,0,0,0.26187587
3,0,0,0.4170299
3,0,1,0.5343487
3,0,0,0.18620518
3,1,1,0.64534754
3,1,0,0.38975215
3,1,0,0.14549504
3,0,1,0.5457909
3,0,1,0.65037954
3,1,1,0.6463048
3,1,1,0.6471846
3,1,1,0.6648158
3,0,0,0.18063924
3,0,1,0.5598062
3,0,0,0.42539564
3,0,1,0.78366745
3,1,1,0.6697241
3,1,1,0.6405064
3,1,1,0.5955409
3,1,1,0.5546936
3,1,0,0.45682094
3,1,1,0.5511555
3,1,1,0.6398186
3,0,1,0.58860785
3,0,0,0.4348199
3,1,1,0.7633555
3,1,1,0.75314856
3,0,1,0.5142556
3,0,1,0.67710525
3,0,0,0.31012374
3,0,0,0.291883
3,0,1,0.53650576
3,0,0,0.11096558
3,1,1,0.8040105
3,1,1,0.7084836
3,1,1,0.5744216
3,1,1,0.70239085
3,0,1,0.5517915
3,1,1,0.707791
3,0,0,0.098946966
3,0,0,0.16295
3,1,1,0.7176061
3,0,0,0.4764127
3,0,0,0.3066382
3,0,1,0.56793314
3,0,0,0.20494753
3,1,1,0.5394008
3,0,1,0.77618575
3,1,0,0.47667092
3,0,0,0.42253068
3,1,1,0.52503395
3,1,1,0.56129193
3,0,0,0.38439557
3,0,1,0.9291791
3,0,0,0.43402705
3,1,1,0.63207763
3,0,0,0.47819775
3,0,0,0.42191482
3,0,1,0.6411225
3,1,1,0.63900185
3,0,1,0.7605204
3,1,0,0.4929548
3,0,1,0.5390079
3,0,1,0.5041955
3,1,1,0.5315521
3,1,1,0.6245405
3,0,1,0.571055
3,1,1,0.7156968
3,1,1,0.55524254
3,1,0,0.4416386
3,0,1,0.57793736
3,1,0,0.41813532
3,1,1,0.5337881
3,1,1,0.6496729
3,0,0,0.4276679
3,1,1,0.5692569
3,0,1,0.6130722
3,0,0,0.23333816
3,0,1,0.6651867
3,1,1,0.6364455
3,0,0,0.45736393
3,1,0,0.32018813
3,0,0,0.45604438
3,0,0,0.4324203
3,0,1,0.63197374
3,0,0,0.15197614
3,1,1,0.88665175
3,1,1,0.6745594
3,1,1,0.66852915
3,0,0,0.35333604
3,1,1,0.8228393
3,0,1,0.712419
3,1,1,0.67038953
3,0,1,0.59940374
3,1,1,0.72513664
3,1,1,0.73047334
3,0,0,0.21167322
3,0,1,0.74021834
3,0,0,0.098958366
3,1,1,0.636158
3,0,1,0.7246929
3,0,0,0.44661015
3,0,1,0.8572555
3,1,1,0.8530401
3,0,1,0.6371353
3,0,0,0.4656822
3,1,1,0.6464232
3,0,1,0.58569777
3,1,1,0.6578357
3,1,1,0.7593807
3,0,1,0.53548634
3,0,0,0.28653273
3,1,1,0.8498956
3,0,1,0.67157453
3,0,1,0.57085335
3,1,0,0.1639847
3,0,1,0.7912351
3,0,1,0.5377957
3,1,0,0.43788564
3,0,1,0.7346534
3,0,0,0.3407533
3,1,1,0.77022094
3,1,1,0.51963204
3,1,0,0.47063926
3,0,0,0.3096242
3,0,1,0.67246544
3,0,0,0.3128264
3,1,1,0.65815234
3,1,0,0.4868744
3,1,1,0.6299458
3,0,0,0.42120957
3,1,1,0.6673679
3,0,0,0.24162434
3,1,0,0.48128828
3,1,0,0.39126602
3,1,0,0.49810696
3,0,1,0.7033613
3,1,0,0.4202386
3,0,1,0.55760807
3,0,0,0.39312345
3,0,1,0.6988666
3,0,1,0.7276098
3,0,0,0.38049105
3,0,1,0.63194036
3,0,1,0.6699054
3,1,1,0.59381735
3,1,0,0.4319674
3,0,0,0.4987524
3,1,1,0.61123896
3,0,1,0.5816414
3,0,0,0.31791303
3,1,1,0.6699208
3,1,1,0.6571561
3,1,1,0.6194021
3,1,1,0.73282707
3,1,1,0.5075997
3,1,1,0.5839902
3,1,1,0.7253515
3,1,1,0.7232605
3,0,0,0.49001864
3,0,1,0.7084273
3,1,1,0.5159877
3,1,1,0.6691414
3,0,1,0.6834889
3,0,0,0.3840679
3,0,1,0.5052008
3,1,0,0.45979443
3,1,1,0.68035233
3,1,0,0.49160734
3,1,1,0.601718
3,1,1,0.6503354
3,0,1,0.5067349
3,1,1,0.60862494
3,0,1,0.5157735
3,1,1,0.5793033
3,1,1,0.75705284
3,0,1,0.58452517
3,0,0,0.2994644
3,1,1,0.8934911
3,0,1,0.5695663
3,1,1,0.53690386
3,0,0,0.11263334
3,0,0,0.42938918
3,0,1,0.70850885
3,1,0,0.25347486
3,0,0,0.07985608
3,1,1,0.5108827
3,1,1,0.53405976
3,0,1,0.55340683
3,0,1,0.6435332
3,1,0,0.3748556
3,0,1,0.7102717
3,1,1,0.751378
3,0,1,0.63110703
3,1,1,0.73949593
3,1,1,0.67312104
3,1,1,0.6979401
3,0,0,0.46005818
3,1,1,0.73130715
3,0,0,0.3054934
3,0,1,0.56017816
3,0,0,0.19153161
3,0,1,0.64616
3,0,1,0.66506505
3,0,0,0.231933
3,0,0,0.13797405
3,0,1,0.7188552
3,1,0,0.24525517
3,1,1,0.6577157
3,0,1,0.5162106
3,1,0,0.4984546
3,0,0,0.47412506
3,1,1,0.66590154
3,1,0,0.44791743
3,1,0,0.43834582
3,0,0,0.41682878
3,0,1,0.56809396
3,1,1,0.71012485
3,1,1,0.6819812
3,1,1,0.8510611
3,1,1,0.5864396
3,0,1,0.58610654
3,1,1,0.62263423
3,1,0,0.16741449
3,1,1,0.5187969
3,0,0,0.1402116
3,1,0,0.41206247
3,1,1,0.6724295
3,0,1,0.7635345
3,0,0,0.35667756
3,1,1,0.5805738
3,0,1,0.5765321
3,1,1,0.83038056
3,0,1,0.5210527
3,1,1,0.72488534
3,1,0,0.21264383
3,1,0,0.46177253
3,1,1,0.71763366
3,0,1,0.60126597
3,0,1,0.65056556
3,0,0,0.32199576
3,0,0,0.49711972
3,0,0,0.3705792
3,1,0,0.45373556
3,0,0,0.19032799
3,1,1,0.79670304
3,1,1,0.6265098
3,1,1,0.6391998
3,1,1,0.62281084
3,1,1,0.5929715
3,1,1,0.71631026
3,1,1,0.58931136
3,1,0,0.45763588
3,0,1,0.59944856
3,1,1,0.70113736
3,0,0,0.44009987
3,0,0,0.12898028
3,0,0,0.48852494
3,1,0,0.3093147
3,0,1,0.58243215
3,0,0,0.39323995
3,0,0,0.49419487
3,1,0,0.40349057
3,1,1,0.54277635
3,1,0,0.46736357
3,0,0,0.4058772
3,0,0,0.44522384
3,0,1,0.50043905
3,1,1,0.65367657
3,1,1,0.6871711
3,1,1,0.7181856
3,1,1,0.70201474
3,1,0,0.33555526
3,1,1,0.6511493
3,0,1,0.50873166
3,0,0,0.22066112
3,1,1,0.7614697
3,0,0,0.47562733
3,1,0,0.3617911
3,0,1,0.7186816
3,1,1,0.7627966
3,0,1,0.6139075
3,1,1,0.6146048
3,1,1,0.5649286
3,1,1,0.68984526
3,1,0,0.08509599
3,1,0,0.484603
3,1,1,0.52502567
3,0,0,0.17311943
3,0,0,0.29479343
3,0,1,0.51179576
3,1,1,0.90499455
3,0,0,0.48813102
3,1,1,0.6233521
3,1,0,0.37879783
3,1,0,0.38409242
3,0,1,0.5633703
3,0,1,0.6986822
3,1,1,0.9053425
3,0,0,0.4845394
3,1,1,0.51847357
3,1,1,0.8516547
3,0,0,0.21369332
3,1,0,0.39544013
3,0,0,0.34504274
3,1,1,0.89445055
3,0,0,0.40259856
3,1,0,0.44217524
3,1,1,0.68304294
3,0,0,0.30823302
3,1,1,0.8934946
3,0,0,0.4814092
3,1,1,0.60973907
3,0,0,0.47136974
3,1,1,0.5710876
3,0,1,0.6333355
3,0,0,0.39712247
3,1,0,0.43298846
3,0,1,0.7669005
3,0,0,0.46629232
3,0,1,0.6022667
3,1,1,0.60516226
3,1,0,0.33717352
3,0,0,0.4789214
3,0,0,0.3571508
3,0,0,0.3979572
3,0,0,0.1524157
3,0,1,0.5093413
3,0,0,0.35317138
3,1,0,0.43817782
3,1,0,0.39490736
3,1,1,0.7383827
3,1,1,0.6146723
3,1,1,0.5052634
3,1,1,0.6636279
3,0,1,0.60970753
3,0,0,0.42989463
3,0,0,0.37407893
3,0,1,0.6449054
3,0,1,0.5329079
3,0,1,0.7419126
3,1,1,0.6353351
3,1,1,0.6126574
3,1,1,0.7075541
3,0,1,0.5496694
3,1,0,0.31219426
3,0,0,0.30505982
3,0,0,0.37126377
3,1,1,0.8287
3,0,1,0.5566988
3,1,1,0.78362083
3,0,0,0.49876988
3,1,1,0.7926575
3,1,1,0.6053968
3,0,0,0.40699652
3,0,0,0.45545444
3,0,0,0.43654087
3,1,1,0.7452056
3,0,1,0.56529635
3,1,0,0.45599747
3,0,1,0.5419199
3,1,1,0.64044476
3,0,0,0.13276021
3,1,1,0.8706017
3,1,1,0.5451595
3,1,1,0.5512345
3,0,0,0.40092766
3,1,1,0.50784266
3,1,0,0.48610833
3,0,1,0.5201805
3,0,0,0.16020325
3,0,0,0.3136418
3,0,1,0.7094849
3,1,1,0.54354584
3,0,0,0.3746723
3,1,0,0.4442632
3,1,0,0.47223088
3,1,1,0.5754334
3,0,1,0.56149143
3,0,1,0.64152783
3,0,1,0.56066376
3,1,1,0.7776452
3,0,1,0.6606572
3,0,0,0.21282654
3,0,1,0.59900266
3,0,0,0.3066223
3,1,1,0.63636917
3,0,1,0.64218116
3,0,0,0.4221864
3,1,1,0.5869934
3,0,0,0.4474427
3,0,0,0.46992216
3,0,0,0.29770234
3,1,1,0.59147465
3,1,0,0.44882858
3,1,0,0.43467686
3,1,1,0.6486964
3,0,0,0.29588133
3,0,1,0.5004005
3,0,0,0.33947664
3,0,0,0.26919076
3,1,1,0.8258604
3,1,1,0.50993556
3,0,0,0.07376023
3,0,0,0.37583992
3,1,1,0.50436693
3,0,0,0.20189324
3,1,0,0.49509388
3,1,0,0.17651583
3,1,1,0.8022515
3,1,0,0.37907344
3,1,1,0.6294941
3,0,1,0.5790955
3,1,0,0.46176678
3,1,1,0.5169964
3,0,1,0.50248796
3,0,0,0.29163265
3,0,0,0.48086804
3,0,0,0.4963109
3,1,1,0.68875015
3,1,1,0.7273148
3,1,1,0.8178819
3,1,0,0.35534164
3,1,0,0.32439077
3,0,1,0.5875273
3,0,1,0.554228
3,0,1,0.5050939
3,0,1,0.61901045
3,0,0,0.33746973
3,1,0,0.42687827
3,0,1,0.682489
3,1,1,0.7149685
3,1,0,0.4468058
3,0,0,0.2801777
3,1,0,0.21679014
3,0,0,0.26645598
3,1,0,0.18457823
3,0,0,0.3602685
3,1,0,0.38907233
3,0,0,0.18384466
3,1,0,0.3353183
3,1,0,0.12861477
3,0,0,0.45737
3,0,1,0.65651137
3,1,0,0.47400242
3,0,0,0.43546924
3,0,0,0.14250273
3,1,0,0.20239897
3,1,1,0.58165836
3,1,1,0.5038612
3,0,1,0.56857246
3,0,0,0.10975047
3,1,0,0.4794274
3,0,0,0.24978246
3,0,0,0.15599582
3,0,0,0.27226254
3,1,0,0.43379644
3,0,1,0.55866724
3,0,1,0.61447054
3,0,1,0.6297523
3,0,1,0.5055174
3,1,1,0.5997472
3,1,1,0.5660884
3,1,1,0.6366251
3,0,1,0.5539139
3,0,0,0.343905
3,0,0,0.08441068
3,1,1,0.8180003
3,0,1,0.53427553
3,1,0,0.33835137
3,0,1,0.7037344
3,1,1,0.5047396
3,0,1,0.55211294
3,1,1,0.5759944
3,0,0,0.4713264
3,1,1,0.8061506
3,1,1,0.5494815
3,0,0,0.47320262
3,1,1,0.7340815
3,0,0,0.43096837
3,0,1,0.5252717
3,0,0,0.46320423
3,1,1,0.7100836
3,0,0,0.26586628
3,0,1,0.66934
3,0,1,0.59429723
3,1,1,0.68911046
3,1,1,0.6592582
3,0,1,0.65218794
3,1,1,0.5965118
3,0,1,0.67508334
3,1,1,0.72723997
3,1,1,0.66013575
3,1,1,0.5937967
3,1,1,0.58704567
3,1,1,0.7633833
3,1,1,0.64431494
3,1,1,0.7120114
3,0,0,0.44720632
3,1,1,0.7075919
3,1,1,0.5736978
3,0,0,0.2457599
3,1,1,0.52296793
3,0,1,0.65490943
3,0,1,0.58473545
3,0,1,0.5517388
3,0,0,0.4064148
3,0,0,0.32125267
3,1,0,0.49850798
3,1,0,0.2987542
3,1,0,0.2884111
3,1,0,0.2614474
3,0,0,0.40204445
3,0,0,0.17677753
3,0,0,0.2808419
3,1,1,0.7573635
3,1,1,0.73641664
3,1,1,0.5033348
3,1,1,0.77331054
3,1,1,0.56133235
3,1,1,0.6316742
3,0,0,0.26818717
3,0,1,0.65770143
3,0,0,0.4565108
3,0,1,0.6658026
3,0,1,0.5199257
3,0,1,0.68656546
3,0,0,0.3601735
3,0,0,0.48867393
3,1,1,0.6681422
3,1,1,0.6936211
3,1,1,0.87043697
3,0,0,0.4359081
3,0,0,0.38025415
3,0,1,0.69739157
3,0,0,0.092719615
3,0,1,0.50110745
3,0,0,0.38638565
3,0,0,0.36834466
3,1,1,0.8263843
3,0,1,0.600069
3,1,1,0.6432
3,1,1,0.7002075
3,0,0,0.2923729
3,1,1,0.7907995
3,0,0,0.3808718
3,0,1,0.611138
3,1,1,0.6586064
3,0,0,0.44512784
3,1,1,0.5945761
3,0,0,0.49492744
3,1,0,0.49984318
3,0,1,0.6574505
3,0,1,0.67380947
3,1,0,0.42276224
3,0,1,0.53802204
3,0,1,0.81456953
3,1,1,0.7727116
3,1,1,0.6233246
3,0,1,0.5149523
3,1,1,0.64338976
3,0,0,0.31564704
3,1,1,0.51138294
3,0,0,0.3590675
3,0,1,0.6599458
3,1,1,0.72382826
3,0,1,0.5134548
3,1,1,0.55850124
3,1,1,0.5657912
3,0,1,0.6785549
3,0,0,0.42493603
3,1,1,0.6431737
3,0,1,0.7447236
3,1,1,0.68966275
3,0,1,0.5170532
3,1,1,0.5649694
3,1,1,0.8173366
3,1,0,0.4898974
3,1,1,0.59478945
3,1,1,0.55738145
3,0,0,0.47256806
3,0,0,0.36273137
3,0,1,0.5730874
3,1,1,0.5814168
3,1,1,0.70163816
3,1,1,0.6004125
3,0,0,0.39196262
3,1,1,0.5854184
3,0,0,0.43033364
3,1,1,0.8142866
3,1,1,0.5995266
3,1,1,0.5935633
3,0,1,0.5564936
3,0,0,0.42197126
3,0,1,0.6006871
3,0,1,0.64759314
3,1,1,0.6318095
3,0,0,0.20712592
3,1,1,0.7272276
3,1,1,0.63101184
3,1,0,0.3094974
3,0,0,0.31519228
3,0,1,0.7231161
3,0,0,0.36237118
3,0,0,0.3141306
3,1,0,0.47737008
3,1,1,0.73127913
3,1,0,0.47713175
3,1,1,0.672149
3,1,1,0.6967386
3,1,1,0.60990876
3,1,1,0.6100624
3,0,0,0.44395253
3,1,0,0.34373114
3,0,0,0.39515263
3,0,0,0.30698356
3,0,0,0.31076473
3,1,0,0.47033927
3,1,1,0.7230196
3,0,0,0.2935261
3,0,0,0.34035006
3,1,1,0.58768016
3,0,0,0.37057108
3,0,0,0.24298105
3,0,1,0.52976453
3,1,0,0.32443628
3,0,0,0.44405034
3,0,0,0.27914375
3,1,1,0.6379517
3,0,0,0.35283163
3,0,0,0.23756322
3,1,0,0.39905626
3,0,1,0.6067877
3,1,0,0.4661917
3,0,1,0.7474316
3,0,0,0.45245564
3,1,1,0.65561116
3,0,0,0.39650527
3,1,0,0.36825797
3,0,1,0.66023296
3,0,0,0.3815358
3,1,1,0.6387702
3,1,1,0.7217317
3,0,1,0.5076595
3,0,0,0.34222195
3,1,1,0.71549773
3,0,0,0.49708948
3,0,0,0.46754274
3,0,0,0.35387415
3,0,0,0.23624563
3,1,1,0.7855807
3,1,0,0.4917092
3,1,1,0.58331233
3,0,1,0.5576344
3,1,1,0.8720682
3,1,1,0.50375605
3,0,0,0.46402594
3,0,0,0.23822184
3,1,1,0.52573395
3,1,0,0.20862353
3,1,1,0.58523554
3,0,0,0.4722149
3,0,0,0.4577397
3,0,1,0.54749596
3,0,1,0.51625615
3,1,1,0.72913575
3,1,1,0.58730274
3,1,1,0.69392526
3,0,1,0.6067283
3,1,1,0.6533483
3,0,0,0.2336304
3,0,1,0.6884464
3,1,1,0.55731523
3,1,1,0.580952
3,0,0,0.4611607
3,1,1,0.5767541
3,0,0,0.42429063
3,0,0,0.45890498
3,1,1,0.8000663
3,0,1,0.7289694
3,0,0,0.43350458
3,0,0,0.25993225
3,0,0,0.3616658
3,1,1,0.6474179
3,1,1,0.5082115
3,0,0,0.2811462
3,1,0,0.44601238
3,0,0,0.20785378
3,0,0,0.38161004
3,0,1,0.544192
3,1,0,0.4801203
3,0,1,0.6414476
3,1,0,0.49244758
3,0,0,0.09425602
3,1,1,0.60118943
3,1,0,0.16800986
3,0,0,0.28078353
3,1,1,0.903014
3,0,1,0.61628795
3,1,1,0.5385787
3,1,1,0.5994688
3,1,1,0.6982741
3,1,1,0.6379438
3,1,1,0.8431003
3,0,1,0.67430663
3,1,1,0.72256935
3,1,1,0.71470976
3,1,1,0.5294414
3,0,1,0.61712843
3,1,0,0.37195814
3,0,0,0.47192684
3,0,1,0.6387994
3,1,1,0.8248459
3,1,1,0.5217707
3,0,1,0.5034267
3,0,1,0.584778
3,1,0,0.44229046
3,0,0,0.23936348
3,1,1,0.67687076
3,0,1,0.50096923
3,1,1,0.5548584
3,0,0,0.36012903
3,0,0,0.20139755
3,1,0,0.45229304
3,0,1,0.68987304
3,1,1,0.6411437
3,0,1,0.7458585
3,0,0,0.37874603
3,0,1,0.6219737
3,1,1,0.5909908
3,1,1,0.7098048
3,0,1,0.565508
3,1,1,0.7869343
3,0,0,0.46127132
3,1,1,0.67173666
3,0,0,0.3797133
3,1,1,0.73369765
3,1,1,0.7380627
3,0,1,0.64218646
3,1,1,0.86839277
3,1,1,0.5843731
3,0,0,0.10423207
3,0,0,0.42259663
3,1,1,0.50408137
3,0,0,0.21783982
3,0,0,0.26274458
3,0,1,0.53433746
3,1,1,0.8253121
3,0,1,0.5049965
3,1,0,0.41957998
3,0,0,0.477898
3,1,1,0.76537377
3,0,0,0.38848993
3,0,0,0.27177864
3,0,0,0.26451558
3,0,1,0.5672574
3,0,1,0.56242096
3,1,1,0.6650974
3,1,1,0.5383721
3,1,1,0.5610323
3,1,1,0.6750734
3,0,0,0.3330873
3,0,1,0.59815526
3,0,0,0.2796358
3,1,0,0.41421902
3,1,1,0.77589476
3,1,1,0.6110805
3,1,1,0.656591
3,0,0,0.22549361
3,1,1,0.64573336
3,0,0,0.17407948
3,1,1,0.5779744
3,0,0,0.3428697
3,0,1,0.6883465
3,0,0,0.16599025
3,1,0,0.40486392
3,0,0,0.32823864
3,0,0,0.24592185
3,1,1,0.6515884
3,0,1,0.63416356
3,1,1,0.7457495
3,1,1,0.72844917
3,1,1,0.7056748
3,1,1,0.7310094
3,0,1,0.6654379
3,1,1,0.6351702
3,0,1,0.6082725
3,1,1,0.7533921
3,1,1,0.6252412
3,0,0,0.21046586
3,1,1,0.73649067
3,1,1,0.6635913
3,1,1,0.83699054
3,0,1,0.50742954
3,0,1,0.63618886
3,0,1,0.6093143
3,1,1,0.7139562
3,1,1,0.616311
3,0,1,0.617669
3,1,1,0.6964656
3,1,1,0.67991734
3,0,1,0.5126714
3,0,1,0.6177057
3,0,0,0.37494785
3,1,1,0.68900025
3,0,0,0.38670975
3,1,1,0.5697832
3,1,0,0.45979968
3,0,0,0.31594604
3,0,1,0.57507986
3,1,1,0.59147465
3,0,0,0.2538564
3,1,0,0.33644462
3,0,1,0.5031976
3,0,0,0.25137365
3,1,1,0.8417845
3,0,1,0.58194834
3,1,0,0.42137393
3,0,0,0.43427053
3,0,1,0.506147
3,1,1,0.7535523
3,0,0,0.27205345
3,1,1,0.62873554
3,0,1,0.6122835
3,0,1,0.6796826
3,1,1,0.66202104
3,1,1,0.6437935
3,1,1,0.70472497
3,1,1,0.5196481
3,1,1,0.62437266
3,1,0,0.46702033
3,1,1,0.6229965
3,0,1,0.6006518
3,0,1,0.6427135
3,1,1,0.69153243
3,1,1,0.5838849
3,0,1,0.7528662
3,0,1,0.7101282
3,1,1,0.7061313
3,1,1,0.528558
3,1,1,0.74915475
3,0,0,0.49855977
3,0,1,0.794565
3,1,1,0.75159794
3,0,0,0.38155138
3,1,1,0.5074465
3,1,0,0.39750105
3,0,0,0.24278781
3,0,0,0.48067242
3,0,1,0.5377008
3,1,1,0.6776927
3,1,1,0.611489
3,0,0,0.43513554
3,0,0,0.42396495
3,1,1,0.79906076
3,1,1,0.62863284
3,0,0,0.4901767
3,1,0,0.25965184
3,0,0,0.31263268
3,0,1,0.616092
3,0,0,0.49350345
3,0,1,0.6072148
3,1,1,0.5105661
3,1,1,0.7576093
3,1,1,0.5477673
3,0,1,0.62710404
3,1,1,0.85085446
3,1,0,0.39739963
3,1,1,0.8075846
3,0,0,0.4591856
3,1,1,0.5763109
3,0,1,0.83082604
3,0,0,0.28788
3,0,1,0.50101334
3,1,1,0.60568947
3,0,1,0.7650892
3,0,0,0.44774976
3,0,0,0.37034464
3,0,0,0.15052544
3,0,0,0.08587306
3,1,1,0.81330633
3,0,0,0.440217
3,1,1,0.7774475
3,0,1,0.62909794
3,0,1,0.69744456
3,0,0,0.44604227
3,0,1,0.58254725
3,0,1,0.5939317
3,1,1,0.6348602
3,1,0,0.43453372
3,1,1,0.7831272
3,0,1,0.5518684
3,1,1,0.8576076
3,1,0,0.43739247
3,0,0,0.28572255
3,0,1,0.84584373
3,1,1,0.8814748
3,0,0,0.257923
3,0,0,0.485631
3,1,0,0.11335368
3,0,0,0.44461986
3,1,1,0.7486051
3,1,1,0.59211874
3,0,0,0.46830353
3,0,1,0.60187197
3,0,0,0.3946425
3,1,1,0.88324034
3,1,1,0.8114403
3,1,0,0.36129898
3,1,1,0.7656204
3,0,1,0.74220973
3,1,1,0.72118455
3,0,0,0.36648363
3,0,0,0.4291013
3,1,1,0.700821
3,1,1,0.7087273
3,0,1,0.68848425
3,0,0,0.3519429
3,1,1,0.7883661
3,1,1,0.91316485
3,1,1,0.710581
3,1,1,0.7632329
3,0,0,0.47563666
3,0,0,0.4524005
3,1,0,0.30246964
3,1,1,0.7463857
3,1,1,0.8083554
3,1,1,0.77572435
3,1,1,0.6740965
3,0,1,0.7558598
3,0,0,0.47224814
3,0,1,0.7026679
3,0,0,0.2846623
3,1,1,0.8248034
3,1,1,0.6053767
3,0,1,0.56834376
3,0,1,0.58821166
3,0,1,0.54254603
3,0,1,0.513978
3,0,1,0.516864
3,1,1,0.52557546
3,1,1,0.5342703
3,0,0,0.27111346
3,1,1,0.8074994
3,1,1,0.58568376
3,1,0,0.46298346
3,0,1,0.7323174
3,1,1,0.63835305
3,0,1,0.6926952
3,1,1,0.72652787
3,1,1,0.64240414
3,0,1,0.72354746
3,1,0,0.41459313
3,1,1,0.6127303
3,1,1,0.8084345
3,0,0,0.3797805
3,0,1,0.7466852
3,0,0,0.48521045
3,1,1,0.67983025
3,0,0,0.34204915
3,1,0,0.22960442
3,0,0,0.27206343
3,0,0,0.17322928
3,0,1,0.7592606
3,0,0,0.33231732
3,0,0,0.45331326
3,0,0,0.15694238
3,0,1,0.61919075
3,1,1,0.6542684
3,0,0,0.23079073
3,0,1,0.5211901
3,0,0,0.3813731
3,0,1,0.6523441
3,0,0,0.47673434
3,0,0,0.16550608
3,0,1,0.5684098
3,0,1,0.5108182
3,1,0,0.09432764
3,0,0,0.29883927
3,0,0,0.46375388
3,0,0,0.21219325
3,1,1,0.6401599
3,1,1,0.6241557
3,1,1,0.6854819
3,0,0,0.3303081
3,1,1,0.63762534
3,1,1,0.72315395
3,0,1,0.5932074
3,0,1,0.73752826
3,1,1,0.51987
3,0,0,0.082284585
3,0,0,0.35136446
3,0,0,0.41876918
3,1,1,0.54866046
3,0,0,0.27427506
3,1,0,0.2711054
3,1,0,0.4610585
3,1,1,0.5717082
3,0,0,0.09047684
3,0,1,0.5989509
3,1,1,0.6213595
3,1,1,0.7166785
3,0,1,0.5048075
3,0,0,0.1327118
3,0,0,0.17133914
3,1,1,0.6635635
3,0,0,0.25616565
3,1,0,0.4836333
3,0,0,0.079910465
3,1,0,0.4964095
3,1,1,0.72085273
3,1,1,0.662781
3,1,1,0.6064935
3,1,1,0.54111373
3,0,0,0.49738514
3,0,0,0.36262748
3,1,0,0.38203007
3,1,1,0.80985314
3,0,1,0.89044875
3,1,1,0.67136884
3,0,1,0.80284995
3,1,1,0.7617763
3,0,1,0.7074389
3,0,1,0.5019508
3,0,1,0.6899603
3,1,1,0.73063576
3,1,0,0.4934794
3,1,1,0.88302827
3,1,1,0.68289185
3,1,1,0.60810107
3,1,1,0.6695913
3,0,1,0.7327777
3,0,1,0.6438109
3,0,0,0.48421204
3,0,1,0.5857836
3,0,1,0.71267825
3,0,1,0.5787235
3,1,1,0.62375146
3,0,1,0.5302715
3,1,1,0.7345923
3,1,1,0.601037
3,0,1,0.5393789
3,0,0,0.4267917
3,1,1,0.5407417
3,1,1,0.56590074
3,0,1,0.59467876
3,0,1,0.54063797
3,1,0,0.21547729
3,0,1,0.5577732
3,1,0,0.4518638
3,0,0,0.44798487
3,0,0,0.4979507
3,1,1,0.5872396
3,0,0,0.16026714
3,0,1,0.5387757
3,0,0,0.48246607
3,1,1,0.7875926
3,0,0,0.3970679
3,1,1,0.64220583
3,1,1,0.79017526
3,0,0,0.45373163
3,1,1,0.6401315
3,1,1,0.80507225
3,0,0,0.2371226
3,1,1,0.6302381
3,1,1,0.5562195
3,1,1,0.8525241
3,0,1,0.53823334
3,1,1,0.72796524
3,0,0,0.15204991
3,1,1,0.7620184
3,0,0,0.3560824
3,0,0,0.45810083
3,1,1,0.54552674
3,1,1,0.8693276
3,1,1,0.80376345
3,1,1,0.7000618
3,0,1,0.6150794
3,0,0,0.45365614
3,1,1,0.8330937
3,0,1,0.7165469
3,1,1,0.7010908
3,1,1,0.84373665
3,0,0,0.34171376
3,0,1,0.87706983
3,0,0,0.17347318
3,0,1,0.6461498
3,0,1,0.82149214
3,0,1,0.83443487
3,0,1,0.6561795
3,1,1,0.6219344
3,0,1,0.5191759
3,1,1,0.65608305
3,1,1,0.66662014
3,0,0,0.22383004
3,1,0,0.3931785
3,0,0,0.18147285
3,1,1,0.71113765
3,0,1,0.7515219
3,1,1,0.5538287
3,0,0,0.35270977
3,0,1,0.6388016
3,1,0,0.35260287
3,1,1,0.8122216
3,0,1,0.56422096
3,0,1,0.57245094
3,1,1,0.67565024
3,1,0,0.4958864
3,0,0,0.47356856
3,0,1,0.54034364
3,0,0,0.44166332
3,0,0,0.3827944
3,1,1,0.544532
3,1,1,0.85695463
3,0,1,0.60064906
3,0,1,0.6419432
3,0,1,0.7272978
3,1,1,0.7718398
3,1,1,0.67377234
3,1,1,0.77341545
3,1,1,0.8712133
3,1,1,0.6877397
3,1,1,0.6941376
3,0,1,0.60671705
3,1,1,0.6245665
3,0,1,0.8643557
3,0,1,0.52767414
3,1,0,0.38155717
3,0,0,0.36183727
3,1,0,0.37559798
3,1,1,0.5236805
3,0,0,0.4401382
3,1,1,0.90893376
3,1,1,0.7474825
3,1,1,0.709366
3,1,1,0.56462955
3,1,1,0.5823426
3,0,1,0.6310337
3,0,1,0.6928714
3,0,1,0.54295653
3,0,0,0.47530827
3,1,1,0.8556426
3,1,1,0.8379113
3,1,1,0.6376769
3,0,1,0.5131677
3,1,1,0.63876116
3,0,0,0.43680725
3,0,0,0.35740182
3,1,1,0.61974186
3,1,1,0.83531034
3,0,1,0.7196155
3,1,1,0.6593669
3,0,0,0.45992115
3,1,1,0.55654204
3,0,0,0.058094285
3,1,1,0.6306606
3,0,0,0.28663066
3,0,1,0.5511665
3,1,0,0.36146784
3,0,1,0.60751337
3,0,0,0.12044864
3,1,0,0.06808559
3,0,0,0.32277423
3,0,1,0.72949535
3,1,0,0.34046346
3,0,0,0.385932
3,1,0,0.22383004
3,0,0,0.3827229
3,1,1,0.63972735
3,0,0,0.12133956
3,1,1,0.6952501
3,1,1,0.5824111
3,0,0,0.35270977
3,0,1,0.6069626
3,1,1,0.84625846
3,1,1,0.5621431
3,0,0,0.28766176
3,1,1,0.7232341
3,1,1,0.5457765
3,0,1,0.66873556
3,0,0,0.3152085
3,1,1,0.5156784
3,0,1,0.73796374
3,1,0,0.4601283
3,0,1,0.5253783
3,1,1,0.7257354
3,1,1,0.57946575
3,0,0,0.33833155
3,0,1,0.5487524
3,0,0,0.46039164
3,0,1,0.75435436
3,1,1,0.6420513
3,1,0,0.4774645
3,1,1,0.8322052
3,1,1,0.5126999
3,0,1,0.6352912
3,0,0,0.32384187
3,1,1,0.78167546
3,0,0,0.25716677
3,0,0,0.4014536
3,1,1,0.64975697
3,0,1,0.5253129
3,1,1,0.67925644
3,0,0,0.41754666
3,0,0,0.42219287
3,1,0,0.37880468
3,1,1,0.5660216
3,0,0,0.4455688
3,1,1,0.6068962
3,0,0,0.45267707
3,0,0,0.28843576
3,1,0,0.3299345
3,0,0,0.15953866
3,1,1,0.56747234
3,0,1,0.83235013
3,1,0,0.4303295
3,1,0,0.36974567
3,1,1,0.6067243
3,1,0,0.47582284
3,1,1,0.61179817
3,0,0,0.37780213
3,0,0,0.15417312
3,0,0,0.076012775
3,0,1,0.8247417
3,1,1,0.5286299
3,1,1,0.6526272
3,1,1,0.6505479
3,1,0,0.45128062
3,1,0,0.46043193
3,0,0,0.391608
3,0,0,0.20247632
3,0,1,0.62311566
3,0,1,0.53462917
3,1,1,0.65827143
3,1,1,0.6278371
3,1,1,0.50884706
3,1,1,0.5879431
3,0,0,0.06904089
3,0,0,0.3921667
3,0,0,0.47185096
3,0,0,0.38208714
3,1,1,0.7149469
3,1,1,0.6956306
3,0,0,0.37758315
3,0,1,0.5018994
3,0,1,0.6060773
3,0,0,0.47453067
3,1,0,0.2568449
3,0,1,0.5790698
3,0,0,0.49857584
3,1,0,0.4466792
3,1,0,0.42851087
3,0,0,0.3460448
3,1,1,0.7814561
3,1,0,0.45025742
3,0,0,0.3097372
3,0,1,0.60573614
3,0,0,0.37002558
3,0,0,0.38211322
3,1,1,0.5536099
3,1,1,0.5772452
3,0,0,0.23340547
3,1,0,0.19801332
3,1,0,0.1832918
3,0,1,0.5845932
3,0,0,0.40321293
3,0,0,0.3500266
3,0,0,0.2852482
3,1,1,0.57084376
3,0,0,0.27673823
3,1,0,0.39957964
3,1,1,0.6492146
3,0,0,0.20326121
3,1,0,0.11681942
3,0,1,0.66982734
3,1,0,0.21581788
3,1,1,0.6275327
3,0,0,0.46623182
3,1,0,0.35450947
3,1,1,0.72088814
3,1,1,0.5799726
3,1,0,0.34121716
3,0,0,0.32728365
3,1,1,0.6115487
3,0,1,0.64138824
3,0,0,0.41908246
3,1,1,0.74312097
3,1,1,0.6793963
3,1,1,0.606792
3,0,0,0.36521658
3,1,1,0.60826117
3,0,0,0.25798857
3,0,0,0.42998168
3,1,1,0.542059
3,0,1,0.76659596
3,1,1,0.65130645
3,1,1,0.6935296
3,1,1,0.5583429
3,1,1,0.63998634
3,0,0,0.3220823
3,0,1,0.61560583
3,0,0,0.3393822
3,1,1,0.7883688
3,1,0,0.4798755
3,1,1,0.7484189
3,0,0,0.08207326
3,0,1,0.62347656
3,0,1,0.60634243
3,0,0,0.08350726
3,1,1,0.6340217
3,1,1,0.7219261
3,1,1,0.6707986
3,1,1,0.75206965
3,0,1,0.67209464
3,0,1,0.54675424
3,0,1,0.7077158
3,1,1,0.8059148
3,1,1,0.71687305
3,1,1,0.56777346
3,1,0,0.45884562
3,1,1,0.6801823
3,0,0,0.30330038
3,0,1,0.7874839
3,1,1,0.6524618
3,1,1,0.7622242
3,0,0,0.14545709
3,0,0,0.28923818
3,1,1,0.6664491
3,0,1,0.6461639
3,0,0,0.38432592
3,1,1,0.88786143
3,0,1,0.7122191
3,1,0,0.48051104
3,0,0,0.1618955
3,0,1,0.6449414
3,1,1,0.79555506
3,0,0,0.4388501
3,0,1,0.6311829
3,1,1,0.5785941
3,1,0,0.46122837
3,0,1,0.5744355
3,0,0,0.4253596
3,0,1,0.5579171
3,1,1,0.6009563
3,0,1,0.60695356
3,1,0,0.4874819
3,1,1,0.55884475
3,0,0,0.49150044
3,1,1,0.5142766
3,1,0,0.41060588
3,0,0,0.45789766
3,1,0,0.4875368
3,0,1,0.65668136
3,0,1,0.51815957
3,1,0,0.44875762
3,0,0,0.4340479
3,0,0,0.1538794
3,0,0,0.21861777
3,0,0,0.1287223
3,1,0,0.4768086
3,0,0,0.42338365
3,1,1,0.9245884
3,0,1,0.74594164
3,1,0,0.3122341
3,0,1,0.71775544
3,1,1,0.5153656
3,0,1,0.8166979
3,1,1,0.60572577
3,0,0,0.23445886
3,0,0,0.347573
3,1,1,0.65869915
3,1,0,0.44437242
3,0,0,0.18676655
3,1,0,0.37952918
3,0,0,0.20365429
3,0,0,0.31995034
3,1,0,0.15110445
3,1,0,0.3899427
3,1,0,0.32617667
3,1,1,0.52824837
3,0,1,0.5766323
3,1,1,0.6990032
3,0,0,0.24724285
3,0,0,0.20847571
3,0,0,0.17589279
3,0,0,0.2689242
3,0,0,0.09485507
3,1,1,0.51042837
3,1,0,0.33254957
3,0,0,0.4640769
3,0,0,0.15485747
3,0,0,0.45473135
3,0,0,0.26579085
3,1,1,0.50111306
3,0,0,0.10067383
3,0,1,0.56943464
3,1,0,0.24389565
3,1,1,0.62567914
3,0,0,0.38256803
3,0,0,0.08447253
3,1,1,0.53643686
3,1,0,0.45444617
3,0,0,0.4622442
3,0,1,0.56448424
3,0,0,0.47801486
3,0,0,0.40921274
3,1,0,0.46776277
3,0,0,0.2914927
3,1,1,0.6504786
3,1,0,0.40329796
3,1,1,0.6749489
3,0,0,0.4960199
3,1,1,0.6894569
3,0,1,0.5401099
3,0,1,0.62665665
3,1,0,0.1634646
3,1,1,0.5486085
3,0,0,0.39685577
3,0,1,0.50010645
3,0,1,0.805215
3,1,1,0.5453657
3,1,1,0.7361596
3,1,1,0.7445644
3,0,0,0.2838598
3,0,1,0.62526447
3,1,1,0.6991708
3,0,1,0.71092045
3,0,1,0.6694198
3,0,1,0.74262637
3,1,1,0.63868815
3,0,1,0.54105455
3,0,0,0.4186463
3,1,0,0.37040874
3,1,1,0.66337
3,0,1,0.5614486
3,0,0,0.45404753
3,1,0,0.4491901
3,0,1,0.7280284
3,1,1,0.7743111
3,1,1,0.7298663
3,1,0,0.47148427
3,0,1,0.72961646
3,1,1,0.5436095
3,0,0,0.47081387
3,0,1,0.72054857
3,0,0,0.43448934
3,1,1,0.6565739
3,0,0,0.26283187
3,1,1,0.9239609
3,0,1,0.5251042
3,1,0,0.45560282
3,0,1,0.5630103
3,1,1,0.8176178
3,0,1,0.66230595
3,1,1,0.68462044
3,1,1,0.8505337
3,0,0,0.41765928
3,0,1,0.70697033
3,1,0,0.47102144
3,0,1,0.6722298
3,1,1,0.51840454
3,0,0,0.3215295
3,1,1,0.9211855
3,1,1,0.76506466
3,1,1,0.6002912
3,1,1,0.7811233
3,0,1,0.7291867
3,1,1,0.7696089
3,1,0,0.36843514
3,0,1,0.5033533
3,0,0,0.46394083
3,1,1,0.70706844
3,0,0,0.39348686
3,1,1,0.7337694
3,0,1,0.66307545
3,0,0,0.44501814
3,0,0,0.40560833
3,0,1,0.6193762
3,1,1,0.6490935
3,1,1,0.67865616
3,0,1,0.532812
3,1,1,0.66458875
3,0,1,0.6553084
3,1,1,0.80428237
3,1,1,0.690961
3,0,0,0.3736594
3,0,0,0.43340397
3,0,1,0.66557103
3,1,1,0.7055553
3,0,1,0.6224657
3,1,1,0.73661923
3,1,1,0.76023287
3,1,1,0.87540036
3,0,1,0.65987146
3,0,0,0.29636222
3,1,1,0.7264922
3,0,1,0.69235224
3,0,1,0.6003906
3,1,1,0.83001727
3,1,0,0.26455617
3,0,1,0.638151
3,0,0,0.16849631
3,1,1,0.77653617
3,1,1,0.6453942
3,1,1,0.6584324
3,0,1,0.56907856
3,0,1,0.6636788
3,1,1,0.59079
3,0,0,0.48237535
3,0,0,0.32204357
3,0,0,0.2774502
3,1,1,0.6540614
3,0,0,0.20121646
3,1,1,0.81147724
3,0,1,0.55259454
3,1,1,0.6565134
3,1,1,0.8553268
3,1,1,0.5631668
3,0,1,0.5294551
3,1,1,0.83067787
3,1,0,0.34923673
3,0,0,0.47811925
3,0,0,0.095368385
3,0,0,0.22087164
3,0,0,0.12094595
3,1,1,0.7386505
3,1,1,0.7876432
3,0,0,0.38781163
3,0,0,0.075672224
3,1,1,0.64209
3,0,0,0.35174233
3,1,1,0.8053076
3,0,0,0.3635348
3,0,1,0.6786994
3,1,0,0.4959282
3,1,1,0.86104
3,1,1,0.71749496
3,0,1,0.7650848
3,1,1,0.7463863
3,1,1,0.8745661
3,0,0,0.369822
3,1,1,0.75650364
3,0,0,0.45793048
3,0,1,0.66912675
3,0,0,0.37531096
3,0,1,0.5685075
3,1,1,0.56327575
3,0,0,0.4461063
3,0,0,0.2707727
3,0,0,0.15866272
3,0,0,0.15175237
3,1,0,0.102045104
3,1,0,0.3452108
3,0,1,0.7752133
3,0,0,0.23068365
3,1,1,0.6795557
3,0,0,0.22053023
3,1,1,0.6915571
3,1,1,0.7065421
3,0,1,0.51325685
3,1,0,0.1683197
3,1,1,0.518529
3,0,0,0.05181815
3,1,1,0.52017856
3,0,0,0.067139775
3,1,0,0.23046228
3,0,1,0.6313558
3,0,0,0.048587106
3,0,1,0.6367122
3,0,1,0.56536067
3,0,0,0.36678076
3,0,0,0.45725083
3,0,0,0.19403307
3,0,0,0.041722607
3,0,0,0.16248451
3,0,0,0.44912085
3,1,1,0.51185983
3,1,1,0.6605919
3,0,0,0.24658324
3,1,1,0.62865424
3,0,0,0.30146763
3,1,0,0.4750097
3,1,0,0.21565464
3,0,1,0.5783914
3,0,0,0.3590844
3,1,0,0.47411218
3,1,0,0.109832115
3,1,1,0.63425654
3,1,0,0.42681396
3,0,1,0.5202713
3,0,0,0.2781921
3,1,1,0.6676676
3,0,1,0.5928429
3,1,1,0.6171864
3,0,1,0.57466626
3,0,0,0.49383456
3,0,1,0.51011574
3,1,1,0.64059305
3,0,0,0.3425781
3,0,1,0.5432626
3,0,1,0.59877187
3,0,0,0.36638138
3,0,0,0.46297824
3,1,1,0.59057
3,1,1,0.6953112
3,0,1,0.6798588
3,1,1,0.75516605
3,0,0,0.35951257
3,1,1,0.51971006
3,1,1,0.86860585
3,0,0,0.23468158
3,1,1,0.67032284
3,0,1,0.54896593
3,1,1,0.6673634
3,0,0,0.39883986
3,1,0,0.4303153
3,0,1,0.75739914
3,1,1,0.6965742
3,1,1,0.6367612
3,0,0,0.34592345
3,0,0,0.4069241
3,0,0,0.217599
3,0,0,0.19527048
3,1,1,0.7324013
3,1,1,0.54680806
3,1,1,0.5923394
3,0,0,0.46711603
3,1,1,0.67571455
3,1,1,0.6238253
3,1,1,0.6283461
3,0,1,0.546732
3,0,0,0.24781081
3,0,0,0.40165564
3,1,1,0.5671907
3,1,1,0.8680282
3,0,1,0.5938503
3,1,1,0.6588215
3,1,0,0.41472533
3,0,0,0.4771093
3,1,1,0.6535283
3,0,0,0.4958452
3,1,1,0.66846365
3,0,0,0.4360621
3,0,0,0.22330312
3,0,0,0.39186883
3,0,0,0.46133026
3,1,1,0.55516124
3,1,1,0.8392367
3,1,1,0.7280921
3,0,0,0.42988342
3,1,1,0.53303975
3,1,0,0.31357682
3,1,1,0.5696418
3,0,0,0.31796077
3,0,1,0.51667756
3,0,1,0.6142698
3,0,1,0.68407315
3,0,0,0.15772627
3,1,1,0.64313847
3,0,0,0.36748585
3,1,0,0.37331864
3,1,1,0.5333359
3,0,0,0.43326497
3,0,0,0.375744
3,0,0,0.43391702
3,1,0,0.39605823
3,0,0,0.3113868
3,1,1,0.84849477
3,0,1,0.6766325
3,1,1,0.8456219
3,0,0,0.23278657
3,0,0,0.16359699
3,1,1,0.74520653
3,0,1,0.5336439
3,0,1,0.6071133
3,0,0,0.49905008
3,1,1,0.5472786
3,1,1,0.50361675
3,1,1,0.63730544
3,0,1,0.503957
3,1,1,0.54201263
3,0,0,0.39230186
3,0,0,0.33397594
3,0,0,0.435003
3,1,1,0.9355077
3,1,1,0.82066315
3,1,0,0.31394854
3,0,1,0.52192944
3,1,0,0.2988146
3,1,1,0.5506883
3,1,1,0.88835514
3,0,1,0.7131692
3,1,1,0.8585487
3,0,0,0.47309205
3,0,0,0.17245795
3,1,1,0.6322911
3,0,0,0.25002813
3,0,0,0.48160025
3,0,1,0.623079
3,1,0,0.4101948
3,0,0,0.36380872
3,1,1,0.6101174
3,0,0,0.41955262
3,1,1,0.6707076
3,0,0,0.4142268
3,0,0,0.14857347
3,0,0,0.10887882
3,1,0,0.45564574
3,0,0,0.39113808
3,0,0,0.4338484
3,1,1,0.56883603
3,1,1,0.57846445
3,0,0,0.39277393
3,0,0,0.1744613
3,0,1,0.5144294
3,0,1,0.6749871
3,0,0,0.33104852
3,0,0,0.17772433
3,1,1,0.71503615
3,1,1,0.5145571
3,0,0,0.41826433
3,1,1,0.66139156
3,0,1,0.6167047
3,1,1,0.637347
3,0,0,0.34501085
3,0,0,0.3696626
3,1,0,0.47598082
3,0,1,0.63064766
3,1,0,0.34611058
3,0,0,0.099377915
3,1,1,0.90606266
3,1,1,0.5464097
3,0,1,0.63685083
3,1,1,0.5034206
3,1,1,0.62479633
3,1,1,0.79982054
3,1,1,0.7807857
3,1,1,0.57452637
3,0,1,0.6800047
3,0,0,0.34639177
3,0,0,0.41625947
3,1,1,0.7702231
3,1,0,0.4266859
3,1,1,0.65518606
3,0,1,0.60157305
3,1,1,0.6513389
3,0,1,0.59413546
3,0,1,0.6575944
3,1,1,0.6375163
3,0,1,0.63126713
3,0,1,0.546151
3,0,1,0.65867054
3,0,1,0.6905766
3,0,0,0.40856355
3,0,1,0.71486694
3,1,1,0.6955016
3,1,1,0.7134913
3,0,0,0.48190284
3,1,1,0.5564576
3,1,0,0.48926485
3,0,0,0.4208602
3,0,0,0.44768003
3,0,0,0.15101138
3,0,0,0.45888886
3,1,0,0.43557665
3,1,1,0.56038517
3,0,1,0.5579718
3,1,0,0.26502836
3,0,0,0.4872038
3,1,1,0.5758362
3,1,1,0.5798251
3,0,0,0.4142937
3,1,1,0.6949649
3,0,0,0.4521666
3,1,1,0.8537575
3,1,1,0.6320441
3,1,1,0.6808186
3,0,0,0.440277
3,0,0,0.30843225
3,1,1,0.7408501
3,0,0,0.38626745
3,0,0,0.31729776
3,0,0,0.36335388
3,0,0,0.40904143
3,1,1,0.546149
3,0,0,0.43473426
3,1,1,0.6134139
3,1,1,0.8006866
3,0,1,0.5469096
3,0,1,0.5709054
3,0,1,0.666803
3,1,1,0.5497597
3,0,1,0.59153104
3,0,0,0.3964381
3,1,1,0.6920728
3,1,1,0.62168294
3,1,1,0.87879723
3,1,1,0.789675
3,0,1,0.6526642
3,1,1,0.755965
3,1,1,0.7685064
3,1,1,0.6952621
3,0,0,0.49160194
3,1,1,0.6667424
3,0,0,0.41356045
3,0,1,0.5561634
3,0,1,0.639149
3,1,1,0.89688617
3,1,1,0.78455025
3,1,1,0.6262842
3,0,0,0.48312214
3,0,0,0.371223
3,1,1,0.72460884
3,1,1,0.71870744
3,0,0,0.48729858
3,0,1,0.6213118
3,0,1,0.6090189
3,0,1,0.62123996
3,1,1,0.6625874
3,1,0,0.42915335
3,0,0,0.2515207
3,1,1,0.53609127
3,0,0,0.356551
3,0,1,0.54847956
3,0,0,0.43866283
3,0,0,0.26920015
3,0,1,0.5783195
3,0,0,0.4585803
3,1,0,0.110932514
3,0,1,0.5645414
3,0,1,0.53658277
3,0,0,0.39629555
3,1,1,0.67800653
3,0,0,0.45736486
3,1,1,0.5360391
3,1,1,0.62863016
3,0,0,0.21003422
3,1,1,0.6057166
3,1,0,0.38600913
3,0,0,0.44274986
3,1,0,0.2949707
3,0,0,0.15661308
3,0,0,0.3308974
3,1,0,0.31291676
3,1,1,0.64916706
3,0,1,0.6075974
3,1,1,0.6802714
3,0,0,0.31809697
3,1,0,0.22045663
3,1,1,0.508545
3,0,0,0.14136787
3,1,0,0.33986512
3,0,0,0.10298169
3,0,0,0.08082611
3,1,1,0.60953766
3,1,0,0.3571776
3,0,0,0.17975163
3,0,0,0.37024483
3,0,0,0.17393295
3,0,0,0.25381103
3,0,0,0.33036643
3,1,1,0.595006
3,0,0,0.33297598
3,0,0,0.2938411
3,1,0,0.41864866
3,1,1,0.76618683
3,1,1,0.60610306
3,0,0,0.1748851
3,0,0,0.3697929
3,0,0,0.20140666
3,0,0,0.3957052
3,0,0,0.28538477
3,0,0,0.13022155
3,1,1,0.5793644
3,0,0,0.48637018
3,0,0,0.33197033
3,1,0,0.27414063
3,1,1,0.5452775
3,0,0,0.24346127
3,1,0,0.25729188
3,1,1,0.71611094
3,0,0,0.23378712
3,1,1,0.50971496
3,0,0,0.1533918
3,1,1,0.66399074
3,1,0,0.48368856
3,1,0,0.24702793
3,0,0,0.30099133
3,0,0,0.26695558
3,0,0,0.276867
3,0,0,0.3050627
3,0,0,0.30841753
3,1,0,0.24993357
3,0,0,0.3451451
3,0,0,0.42940438
3,1,1,0.6127352
3,0,0,0.24206978
3,1,0,0.44789162
3,0,0,0.18674333
3,1,0,0.43886593
3,0,0,0.3382685
3,1,0,0.41231996
3,1,0,0.3310102
3,0,0,0.3748333
3,1,0,0.16128822
3,0,0,0.13928042
3,1,1,0.5171345
3,1,0,0.40718678
3,0,1,0.5434098
3,1,0,0.4770036
3,0,0,0.48302236
3,0,0,0.48438653
3,0,0,0.45976135
3,0,1,0.6459893
3,0,0,0.28765243
3,0,0,0.44148865
3,0,0,0.2873604
3,0,1,0.61503804
3,1,0,0.17637649
3,0,0,0.21532008
3,0,0,0.4274338
3,1,1,0.5392658
3,1,1,0.64270467
3,1,1,0.74715877
3,0,1,0.74780935
3,0,0,0.36235452
3,1,0,0.30503535
3,0,0,0.28697562
3,0,0,0.28348908
3,0,0,0.46863583
3,0,1,0.629724
3,1,1,0.7386744
3,1,1,0.6183879
3,1,0,0.41912958
3,1,0,0.31105453
3,0,1,0.70267445
3,0,0,0.33002642
3,1,0,0.3881074
3,1,0,0.27301323
3,1,1,0.5411247
3,0,0,0.44625437
3,0,0,0.48048234
3,0,0,0.29682356
3,1,1,0.5238508
3,1,0,0.31401545
3,0,0,0.43999615
3,0,0,0.32732895
3,0,0,0.3257051
3,0,0,0.35419032
3,1,0,0.45290932
3,0,1,0.5828087
3,0,0,0.39351493
3,1,1,0.59920186
3,0,1,0.5612714
3,0,0,0.40424395
3,1,1,0.83749866
3,0,0,0.4888778
3,0,1,0.5086086
3,0,1,0.5748663
3,0,1,0.65646034
3,1,0,0.2834563
3,1,1,0.57652056
3,1,0,0.38475743
3,1,1,0.7662343
3,1,1,0.5402792
3,1,1,0.6466138
3,1,1,0.61111945
3,1,1,0.6587302
3,0,1,0.57886124
3,1,0,0.49457154
3,1,1,0.5442952
3,1,1,0.73741066
3,0,1,0.68495554
3,1,1,0.59438974
3,0,1,0.5674439
3,0,1,0.5362389
3,0,0,0.38129854
3,0,0,0.27415895
3,0,1,0.57912475
3,0,0,0.2634621
3,0,0,0.3553082
3,0,1,0.80716836
3,1,1,0.6935141
3,0,1,0.5526154
3,1,1,0.5667603
3,0,0,0.4521973
3,0,0,0.40756676
3,0,1,0.5966439
3,0,1,0.7088143
3,1,1,0.6686474
3,0,0,0.085551515
3,1,1,0.6619229
3,1,1,0.61993295
3,1,1,0.53785795
3,0,0,0.26983234
3,0,1,0.8513211
3,1,1,0.6600828
3,1,1,0.69252604
3,0,1,0.601796
3,1,1,0.67885596
3,0,1,0.63270795
3,1,1,0.7040062
3,1,1,0.55117476
3,0,0,0.43681434
3,0,0,0.12754013
3,0,1,0.6238511
3,1,1,0.65342486
3,0,0,0.12789862
3,0,0,0.25631422
3,1,1,0.6212691
3,0,0,0.1447509
3,1,1,0.58162695
3,1,1,0.71585804
3,1,1,0.6395459
3,0,1,0.7038391
3,1,1,0.5463569
3,0,1,0.59003836
3,0,0,0.45528072
3,1,1,0.71405864
3,0,1,0.53376305
3,0,0,0.46493357
3,1,1,0.77299994
3,1,1,0.51639444
3,0,0,0.36058632
3,0,0,0.4106408
3,0,0,0.33303636
3,0,1,0.5077865
3,1,1,0.6446948
3,1,1,0.56234634
3,0,1,0.5322875
3,1,1,0.7315051
3,0,0,0.48544642
3,1,0,0.38811937
3,1,0,0.49721405
3,0,1,0.58488446
3,0,1,0.6103177
3,0,1,0.55244416
3,1,1,0.77141094
3,1,0,0.3585546
3,0,1,0.64560056
3,1,1,0.5287995
3,1,1,0.8426334
3,0,1,0.5476394
3,0,1,0.5030572
3,0,1,0.5651123
3,0,0,0.3733053
3,1,1,0.7992849
3,0,1,0.57260823
3,1,0,0.32322043
3,0,0,0.30716053
3,1,0,0.48662448
3,1,1,0.6103572
3,0,0,0.496063
3,1,1,0.56843317
3,1,1,0.8113119
3,1,0,0.42483073
3,1,0,0.40639424
3,0,0,0.05230745
3,1,1,0.5633787
3,0,0,0.44546628
3,1,0,0.4626506
3,0,0,0.18469656
3,0,0,0.3372106
3,1,1,0.53079087
3,0,0,0.28137958
3,0,0,0.28428242
3,0,0,0.2289802
3,0,1,0.5615963
3,0,0,0.4381726
3,1,0,0.39064208
3,0,0,0.13468893
3,1,1,0.7691786
3,1,1,0.57933474
3,1,1,0.6909566
3,0,0,0.42433658
3,0,0,0.4772487
3,1,1,0.65660816
3,0,0,0.32922757
3,1,1,0.6175303
3,0,0,0.39970073
3,1,0,0.47173056
3,0,1,0.6947624
3,0,1,0.5494812
3,1,1,0.59533143
3,1,0,0.4679809
3,0,0,0.22330296
3,1,1,0.63592154
3,0,1,0.56720656
3,0,0,0.41967407
3,0,1,0.65555286
3,1,1,0.55699545
3,1,1,0.58086413
3,0,0,0.077491134
3,0,0,0.06736486
3,0,0,0.13206302
3,1,0,0.30302548
3,0,0,0.30619198
3,0,0,0.06690977
3,0,1,0.54149544
3,1,1,0.55231345
3,1,1,0.6893578
3,1,1,0.70075715
3,0,1,0.62777454
3,1,1,0.6780387
3,0,0,0.36719528
3,1,1,0.7155234
3,0,0,0.27717036
3,0,0,0.45919365
3,1,1,0.62881595
3,1,1,0.63125503
3,1,0,0.101494566
3,0,0,0.49885952
3,0,0,0.20415168
3,0,0,0.4768332
3,1,1,0.73240656
3,0,0,0.40490738
3,0,0,0.42833155
3,0,1,0.5248818
3,0,1,0.5809786
3,1,1,0.6943596
3,0,0,0.3350499
3,1,1,0.54203033
3,1,1,0.7119781
3,0,0,0.35123134
3,1,1,0.80219245
3,0,1,0.5342942
3,1,1,0.5815928
3,0,0,0.2587482
3,1,0,0.4301272
3,1,0,0.33692214
3,0,1,0.78671026
3,0,0,0.41509688
3,1,1,0.56136423
3,0,0,0.25895804
3,1,1,0.7405478
3,0,0,0.4785081
3,0,0,0.36484334
3,1,1,0.7397199
3,0,1,0.5909339
3,1,1,0.654946
3,1,0,0.44633594
3,0,1,0.69377714
3,1,1,0.5908554
3,0,1,0.59000516
3,1,1,0.63392246
3,1,1,0.7791114
3,0,1,0.7014568
3,0,0,0.38626233
3,1,1,0.67711014
3,1,1,0.76949203
3,0,1,0.8688007
3,1,1,0.5772805
3,1,1,0.65591854
3,0,0,0.45667407
3,0,0,0.13387899
3,0,0,0.30383056
3,1,1,0.88976693
3,0,0,0.36756638
3,1,1,0.855179
3,1,1,0.6377572
3,1,1,0.64805746
3,0,1,0.6139694
3,0,1,0.5792851
3,0,0,0.4973362
3,1,1,0.68713135
3,1,1,0.9198959
3,1,1,0.64978516
3,0,0,0.29423416
3,1,0,0.46009323
3,0,0,0.11021553
3,1,0,0.39754918
3,0,0,0.27776533
3,0,0,0.37992293
3,1,1,0.59665
3,0,0,0.077291824
3,1,0,0.4602908
3,0,0,0.12017341
3,1,0,0.39016077
3,0,0,0.3165662
3,0,0,0.46948594
3,1,1,0.5339512
3,0,0,0.4085764
3,0,1,0.61917686
3,0,1,0.779995
3,1,0,0.45325577
3,1,1,0.55525917
3,0,1,0.6325988
3,0,1,0.62119764
3,1,1,0.52144367
3,0,0,0.307623
3,1,1,0.8099057
3,1,1,0.82863855
3,0,1,0.83283955
3,0,0,0.21204138
3,1,1,0.7328365
3,1,1,0.64636296
3,1,0,0.4765157
3,0,0,0.369118
3,0,1,0.5710519
3,1,0,0.39198402
3,0,1,0.5365114
3,0,0,0.47022417
3,1,0,0.4895729
3,1,0,0.43254268
3,0,1,0.64375037
3,0,0,0.15231349
3,1,0,0.47924715
3,0,0,0.3997639
3,1,1,0.6321099
3,0,0,0.44590527
3,1,1,0.64133644
3,0,1,0.553026
3,0,1,0.5653648
3,1,0,0.39260745
3,0,1,0.7685907
3,1,0,0.29883814
3,0,0,0.13146847
3,1,0,0.48004976
3,1,1,0.75382847
3,0,1,0.7291122
3,0,1,0.556747
3,0,1,0.5623124
3,1,1,0.6153182
3,1,1,0.68455976
3,0,1,0.6433239
3,1,0,0.49258706
3,1,1,0.7488716
3,0,0,0.42628524
3,0,0,0.2094514
3,0,0,0.35062867
3,1,1,0.6755832
3,0,1,0.5523152
3,0,0,0.31410944
3,0,0,0.17465463
3,0,1,0.60322064
3,1,1,0.64500386
3,0,0,0.3427694
3,0,0,0.45209217
3,0,1,0.54557085
3,1,1,0.67056865
3,1,1,0.5216022
3,0,0,0.33552563
3,1,1,0.6198852
3,0,0,0.4056113
3,0,1,0.50843424
3,1,1,0.71145916
3,1,1,0.7238864
3,0,0,0.23086129
3,1,1,0.772695
3,1,1,0.6101077
3,0,0,0.26481795
3,1,1,0.7823761
3,1,1,0.7129559
3,1,0,0.4939542
3,0,0,0.19482812
3,0,1,0.72880113
3,1,1,0.62338465
3,1,1,0.680726
3,0,0,0.4485211
3,1,1,0.77067715
3,1,1,0.611995
3,0,0,0.31765687
3,1,1,0.5903732
3,1,1,0.5789565
3,0,0,0.1788106
3,0,0,0.24776632
3,0,0,0.12041805
3,1,1,0.6932671
3,0,0,0.20406015
3,0,0,0.17507845
3,1,1,0.61983734
3,0,1,0.63648725
3,0,0,0.32347366
3,0,0,0.2919329
3,0,0,0.47260454
3,1,1,0.700295
3,0,0,0.4536216
3,0,1,0.583948
3,0,0,0.49281672
3,1,1,0.6211182
3,0,0,0.31557193
3,1,0,0.41880056
3,0,0,0.10834137
3,0,0,0.12744574
3,0,0,0.31652513
3,1,1,0.64280623
3,0,1,0.7330348
3,1,1,0.7687144
3,1,1,0.7993741
3,0,1,0.7066936
3,0,0,0.33605638
3,0,1,0.8150034
3,0,1,0.64312977
3,1,1,0.5360449
3,1,0,0.46767944
3,0,0,0.4359394
3,1,0,0.32224864
3,0,0,0.2569959
3,0,0,0.19833091
3,1,0,0.16327082
3,0,0,0.15144323
3,1,1,0.65859276
3,0,0,0.1310446
3,1,0,0.35070005
3,0,1,0.610752
3,0,1,0.51760304
3,0,0,0.37669513
3,1,0,0.46188608
3,1,0,0.45313063
3,0,0,0.2777328
3,1,1,0.6680009
3,1,1,0.64900833
3,1,1,0.53054
3,0,0,0.088664606
3,1,0,0.17625734
3,0,0,0.20169511
3,0,0,0.08668932
3,1,1,0.54173565
3,1,1,0.5770086
3,0,0,0.48340917
3,1,1,0.5518362
3,0,0,0.3662806
3,0,0,0.36589342
3,1,1,0.8623945
3,0,1,0.5934365
3,0,0,0.43275055
3,1,1,0.794945
3,0,0,0.41322574
3,1,1,0.64410526
3,1,1,0.66051686
3,0,1,0.54868484
3,0,1,0.61221594
3,0,1,0.62158316
3,1,0,0.2805351
3,0,0,0.07669991
3,1,1,0.7122313
3,1,1,0.5073897
3,1,1,0.64850783
3,0,1,0.63301337
3,0,0,0.46999842
3,0,0,0.39790136
3,1,1,0.56413335
3,0,1,0.5746556
3,0,0,0.11790387
3,0,1,0.5602038
3,1,1,0.86765486
3,1,1,0.63485104
3,0,1,0.6254914
3,0,1,0.56225246
3,1,1,0.7956015
3,0,0,0.49344295
3,0,1,0.55467814
3,0,0,0.34988678
3,1,1,0.7495037
3,0,0,0.4563941
3,1,1,0.7360909
3,1,1,0.89569336
3,0,1,0.61076987
3,0,1,0.66362005
3,0,0,0.351932
3,0,1,0.63753897
3,0,0,0.31299743
3,1,1,0.8499463
3,1,0,0.38200763
3,1,1,0.63328075
3,1,1,0.67968434
3,1,0,0.23817842
3,0,0,0.27216357
3,1,0,0.47513443
3,0,0,0.08499611
3,1,0,0.48273253
3,0,0,0.07058462
3,1,0,0.36266652
3,0,0,0.20344363
3,0,0,0.2833155
3,1,0,0.27176616
3,1,0,0.22914156
3,0,1,0.5013148
3,0,0,0.39216414
3,0,1,0.7044852
3,0,1,0.6092111
3,0,0,0.2819287
3,1,1,0.8162076
3,1,1,0.6590587
3,0,1,0.56894386
3,0,0,0.18937235
3,0,0,0.3821772
3,1,1,0.61209065
3,1,1,0.5253205
3,1,0,0.38889143
3,0,1,0.80307543
3,1,0,0.4486239
3,0,0,0.3150546
3,0,0,0.054119088
3,0,1,0.57954544
3,0,0,0.14140797
3,1,1,0.6288023
3,1,1,0.84753275
3,1,1,0.53412193
3,1,1,0.78742045
3,1,1,0.77741325
3,1,1,0.828521
3,1,1,0.8356514
3,1,1,0.87279546
3,1,1,0.76173097
3,0,1,0.7254065
3,1,1,0.8279632
3,0,0,0.08060763
3,0,0,0.06872745
3,1,1,0.73378164
3,0,0,0.49420252
3,0,1,0.63742214
3,0,0,0.36820307
3,0,1,0.75434816
3,0,1,0.6841232
3,1,1,0.72578734
3,1,1,0.50906706
3,1,1,0.6978564
3,1,1,0.5028897
3,1,0,0.49049878
3,1,1,0.77536356
3,0,0,0.2150289
3,0,0,0.39020658
3,0,0,0.10338105
3,0,0,0.45766988
3,1,1,0.7637611
3,1,0,0.27654085
3,1,0,0.44308737
3,1,1,0.74288166
3,0,0,0.2088845
3,1,0,0.4451802
3,1,1,0.6625207
3,1,0,0.4732964
3,0,0,0.41023627
3,0,0,0.23374268
3,0,1,0.7051354
3,0,1,0.656399
3,0,1,0.81270206
3,1,1,0.89480126
3,1,1,0.8690324
3,1,1,0.87794167
3,0,1,0.55498594
3,0,1,0.612342
3,1,1,0.8949042
3,0,0,0.3028247
3,1,1,0.93270636
3,1,1,0.5354177
3,0,1,0.83696496
3,0,1,0.50860757
3,1,0,0.38521302
3,0,1,0.7401318
3,1,1,0.8603347
3,0,0,0.33540204
3,1,1,0.542593
3,0,0,0.32125434
3,1,1,0.8726874
3,1,1,0.71715
3,1,1,0.90814155
3,1,1,0.7576937
3,1,1,0.60382026
3,1,1,0.87831485
3,1,1,0.7169615
3,0,0,0.21046612
3,0,1,0.5376501
3,0,0,0.30806834
3,0,1,0.7937328
3,1,0,0.45168078
3,1,0,0.45451203
3,0,0,0.10189785
3,1,1,0.9030649
3,0,1,0.62663937
3,0,0,0.42239156
3,1,1,0.70210993
3,0,1,0.80750835
3,0,0,0.1330361
3,1,1,0.73197657
3,0,0,0.36683613
3,1,1,0.6015191
3,1,0,0.36785823
3,0,0,0.29106948
3,1,1,0.8567844
3,0,0,0.48071548
3,1,0,0.24372785
3,1,1,0.80352193
3,0,0,0.4773359
3,0,0,0.4993862
3,0,0,0.20729788
3,1,0,0.19770338
3,0,0,0.28487134
3,1,1,0.76623505
3,0,0,0.22910854
3,0,1,0.5838429
3,1,0,0.38802242
3,0,0,0.23438524
3,1,0,0.4153452
3,0,0,0.42658094
3,0,1,0.64992124
3,1,1,0.7840116
3,1,1,0.62669486
3,1,1,0.89985836
3,1,1,0.8147268
3,1,1,0.6561185
3,1,1,0.56468743
3,1,1,0.64172536
3,0,1,0.73808557
3,0,0,0.49989596
3,0,1,0.7796784
3,0,0,0.3629485
3,0,1,0.5902663
3,0,1,0.60528827
3,1,1,0.72153336
3,0,1,0.7654887
3,1,1,0.8191712
3,0,1,0.70178354
3,1,1,0.5063812
3,1,1,0.7128683
3,0,1,0.51014775
3,0,1,0.71507007
3,1,1,0.7845129
3,1,0,0.32097998
3,0,1,0.745658
3,1,1,0.8610797
3,1,1,0.78726244
3,1,1,0.5250474
3,0,1,0.6160755
3,0,1,0.7357827
3,1,1,0.58460206
3,1,1,0.686037
3,1,0,0.35863784
3,0,0,0.2475286
3,0,1,0.6094439
3,1,1,0.5202326
3,0,1,0.77021813
3,0,0,0.46705082
3,0,1,0.6292357
3,1,0,0.3238339
3,1,1,0.5841857
3,0,0,0.17366593
3,0,0,0.11613916
3,0,0,0.38954437
3,0,0,0.32088146
3,1,1,0.8311071
3,1,1,0.80949414
3,1,0,0.43283403
3,1,1,0.74119186
3,0,1,0.60275215
3,0,1,0.80102986
3,1,1,0.8289356
3,1,1,0.5412026
3,0,1,0.61940026
3,1,1,0.7899537
3,1,1,0.7212296
3,0,1,0.6490201
3,0,1,0.7996816
3,0,0,0.40488535
3,1,1,0.59619975
3,1,1,0.6050504
3,0,1,0.5313708
3,0,0,0.4739479
3,1,1,0.86509544
3,1,1,0.7575843
3,0,1,0.7427188
3,1,0,0.38156608
3,0,1,0.7399139
3,1,1,0.7669406
3,0,0,0.47177225
3,1,1,0.7313928
3,0,0,0.35507157
3,1,1,0.7707677
3,0,1,0.5576537
3,1,1,0.73430324
3,0,1,0.67715806
3,1,1,0.8215061
3,0,0,0.49204206
3,0,0,0.48062998
3,0,1,0.5139197
3,1,1,0.5820082
3,1,1,0.8267843
3,0,0,0.24290498
3,1,1,0.78698874
3,0,0,0.4482768
3,0,0,0.3751645
3,1,1,0.7306403
3,0,0,0.2142265
3,1,1,0.76055634
3,0,0,0.39277318
3,1,1,0.85488325
3,0,0,0.31836873
3,0,0,0.33172643
3,0,0,0.09081254
3,0,0,0.45359623
3,1,1,0.5730632
3,1,1,0.69217724
3,1,1,0.76713043
3,1,0,0.39961886
3,1,1,0.59431416
3,0,1,0.5307291
3,0,0,0.2326493
3,0,0,0.3446549
3,1,1,0.7443264
3,0,0,0.19192891
3,1,0,0.43263733
3,0,0,0.38487157
3,1,1,0.63335055
3,0,1,0.72367954
3,0,0,0.40548798
3,0,0,0.38554075
3,1,1,0.5576578
3,1,1,0.8408551
3,0,1,0.68351525
3,0,0,0.40837556
3,0,0,0.12529784
3,0,0,0.1237597
3,1,1,0.9260683
3,1,1,0.7191279
3,0,1,0.9009082
3,1,1,0.7914476
3,1,1,0.7916446
3,1,1,0.5931987
3,0,1,0.73534405
3,0,1,0.632115
3,1,0,0.47873428
3,1,1,0.54929656
3,0,0,0.4215651
3,0,0,0.39361697
3,0,1,0.5139321
3,0,1,0.55363137
3,0,0,0.3560186
3,1,0,0.45881894
3,0,1,0.9177429
3,0,1,0.53370875
3,1,1,0.86194843
3,1,0,0.43937838
3,0,1,0.9055245
3,0,1,0.66728354
3,0,1,0.6381072
3,1,1,0.79162693
3,1,1,0.7974905
3,1,1,0.8036575
3,1,1,0.7375499
3,1,1,0.73825896
3,0,0,0.1801841
3,0,0,0.08421109
3,1,1,0.86236703
3,1,1,0.9026102
3,1,1,0.76795447
3,0,0,0.35004604
3,0,1,0.5805663
3,1,1,0.54746854
3,0,1,0.5548052
3,1,1,0.66832757
3,0,1,0.6872882
3,0,1,0.5622173
3,0,1,0.628328
3,0,0,0.4692539
3,0,1,0.57042533
3,1,1,0.68855435
3,0,0,0.4919563
3,1,1,0.5978977
3,1,1,0.6345312
3,0,0,0.20814
3,1,0,0.39531332
3,0,1,0.88288563
3,0,0,0.4580412
3,1,1,0.8366663
3,1,1,0.67115927
3,1,1,0.88962466
3,1,1,0.66470206
3,1,1,0.7379749
3,1,1,0.84817624
3,1,1,0.51964426
3,0,1,0.65944016
3,0,0,0.440693
3,0,0,0.28226078
3,0,0,0.2351772
3,1,1,0.76359004
3,0,0,0.485202
3,0,1,0.8361474
3,1,1,0.9655196
3,0,1,0.83573705
3,0,1,0.81950796
3,0,0,0.26010898
3,1,1,0.6154662
3,1,1,0.51223266
3,0,1,0.62823063
3,0,0,0.1367141
3,1,1,0.67684007
3,0,1,0.65448797
3,0,1,0.85897994
3,1,1,0.85600746
3,0,1,0.658491
3,0,1,0.86291116
3,1,1,0.7150849
3,0,1,0.5429314
3,1,1,0.7685961
3,0,0,0.39862156
3,1,0,0.35576254
3,1,0,0.19778326
3,1,1,0.88718075
3,0,1,0.6431557
3,0,0,0.19266081
3,0,1,0.67766684
3,1,1,0.7907388
3,0,1,0.5473467
3,1,0,0.4213193
3,0,0,0.40388477
3,0,0,0.39850277
3,1,1,0.5724435
3,0,0,0.38058397
3,1,1,0.5159669
3,1,0,0.40765795
3,1,0,0.30831948
3,1,0,0.3807698
3,1,1,0.62954897
3,0,1,0.77910775
3,1,0,0.34235126
3,0,0,0.41406918
3,0,0,0.29637858
3,0,1,0.76251405
3,0,1,0.78216547
3,0,1,0.51275456
3,1,1,0.686789
3,1,1,0.54463995
3,0,0,0.4983993
3,0,1,0.55454427
3,0,1,0.6635792
3,1,0,0.27174547
3,1,0,0.378161
3,1,1,0.8488316
3,0,0,0.20727059
3,1,1,0.87345815
3,0,0,0.4066269
3,1,1,0.6093072
3,0,1,0.586136
3,0,1,0.5720363
3,0,0,0.4427811
3,0,0,0.05406704
3,0,1,0.6743939
3,1,1,0.65264934
3,0,0,0.25951517
3,0,1,0.8801283
3,1,1,0.76957303
3,1,0,0.40481067
3,0,1,0.7403199
3,0,1,0.57610977
3,0,1,0.5830965
3,1,1,0.69443154
3,0,1,0.67965245
3,1,1,0.8438311
3,0,1,0.7615523
3,0,0,0.4717851
3,1,1,0.82692766
3,1,1,0.59394556
3,1,0,0.1012361
3,1,1,0.75076896
3,0,0,0.18506776
3,1,1,0.83048093
3,1,1,0.78889483
3,0,0,0.41683623
3,0,1,0.7135206
3,0,1,0.6317787
3,0,0,0.09275
3,1,1,0.65997535
3,0,0,0.2016696
3,1,1,0.6093994
3,1,1,0.70211244
3,1,0,0.47130966
3,0,1,0.61477804
3,1,1,0.5170433
3,1,0,0.4574407
3,0,0,0.21819466
3,0,1,0.70681506
3,0,0,0.46072525
3,0,1,0.58620673
3,1,1,0.59600335
3,1,1,0.6083463
3,1,1,0.81934905
3,0,0,0.19186378
3,1,1,0.7302704
3,1,0,0.42856094
3,0,0,0.28125632
3,1,1,0.9297984
3,0,0,0.44756156
3,1,1,0.77207106
3,0,0,0.45547953
3,0,1,0.63796663
3,1,0,0.46715757
3,1,1,0.7909415
3,1,1,0.7900035
3,0,1,0.65986276
3,0,1,0.5544288
3,0,1,0.70350397
3,1,1,0.7184908
3,0,0,0.41998905
3,0,1,0.5352799
3,1,1,0.9022761
3,0,0,0.44428542
3,1,1,0.5685651
3,0,1,0.5708184
3,0,1,0.8915488
3,0,1,0.62811494
3,1,1,0.60702825
3,1,1,0.8787302
3,1,1,0.91308004
3,1,1,0.72193146
3,1,1,0.7459193
3,0,1,0.75753105
3,0,1,0.8516467
3,0,0,0.31578645
3,1,1,0.6893135
3,0,0,0.05460501
3,0,0,0.19916302
3,1,1,0.8229313
3,1,1,0.71435213
3,0,0,0.37292367
3,0,0,0.2091901
3,1,1,0.8135213
3,0,0,0.38308322
3,1,1,0.7829123
3,1,1,0.5996204
3,0,1,0.8240019
3,1,1,0.5229465
3,0,1,0.7759173
3,1,0,0.41564274
3,1,0,0.31457725
3,1,0,0.06449128
3,0,1,0.6289259
3,0,1,0.54589427
3,0,1,0.77944773
3,0,0,0.499248
3,0,0,0.38172728
3,1,1,0.9147124
3,1,1,0.8495541
3,0,1,0.5965659
3,0,0,0.42165452
3,0,1,0.850789
3,0,1,0.76726633
3,1,1,0.8158728
3,1,0,0.38984287
3,0,1,0.5821026
3,1,1,0.82126456
3,0,1,0.7211787
3,1,1,0.5898031
3,0,0,0.46755004
3,0,1,0.7278548
3,1,1,0.8167379
3,1,1,0.5473521
3,1,1,0.65781444
3,1,1,0.7334831
3,0,0,0.18911359
3,0,1,0.6012935
3,1,1,0.778531
3,0,0,0.46522644
3,0,0,0.2537483
3,0,1,0.8331498
3,0,1,0.7915578
3,0,0,0.44091877
3,0,1,0.6897936
3,1,1,0.7597675
3,0,1,0.8298222
3,0,0,0.44605184
3,1,1,0.7138238
3,0,1,0.8438289
3,0,0,0.4111016
3,1,1,0.84605986
3,1,1,0.6075294
3,1,1,0.6906611
3,0,0,0.43937838
3,1,1,0.7757543
3,0,0,0.11412254
3,0,0,0.4469701
3,0,0,0.2855069
3,1,1,0.9182822
3,0,1,0.5733505
3,0,1,0.75139415
3,0,1,0.6728239
3,0,1,0.8533386
3,1,1,0.8961094
3,0,0,0.14027545
3,1,1,0.86177814
3,1,1,0.77727795
3,0,1,0.6165359
3,1,1,0.8345218
3,0,0,0.4336229
3,0,1,0.6484728
3,1,1,0.77019924
3,1,1,0.7655018
3,0,0,0.39258084
3,1,1,0.6689745
3,1,1,0.7769516
3,0,1,0.6993031
3,1,1,0.7843283
3,1,1,0.5597455
3,0,0,0.41186422
3,1,1,0.5080126
3,0,1,0.52766955
3,1,1,0.56960034
3,1,1,0.6352204
3,0,0,0.4355248
3,1,0,0.31836295
3,0,0,0.37195027
3,0,1,0.6850993
3,0,0,0.29871178
3,1,0,0.3790668
3,0,0,0.35751885
3,0,1,0.8494478
3,1,0,0.45923027
3,0,1,0.6311452
3,0,1,0.5406662
3,1,1,0.7908355
3,0,1,0.7175668
3,1,1,0.8887464
3,1,1,0.81731266
3,0,1,0.6530829
3,0,0,0.3672907
3,1,0,0.44741112
3,0,0,0.22785515
3,1,1,0.76375633
3,0,1,0.7730561
3,1,1,0.7930645
3,1,0,0.29981866
3,1,1,0.89198834
3,1,1,0.8924224
3,1,1,0.83448786
3,1,1,0.8519851
3,0,1,0.6264332
3,1,1,0.73164254
3,0,1,0.58196837
3,1,1,0.83197254
3,1,1,0.50030327
3,0,0,0.129214
3,1,1,0.8231379
3,1,1,0.8291727
3,1,1,0.88790023
3,1,1,0.61011726
3,0,0,0.4150943
3,0,0,0.1524548
3,1,1,0.9133237
3,0,1,0.76902825
3,0,1,0.90355563
3,0,1,0.65691984
3,1,1,0.769724
3,0,1,0.81168526
3,1,1,0.8682441
3,1,1,0.6395555
3,1,1,0.92997956
3,1,1,0.80035406
3,1,1,0.9000378
3,1,1,0.82702124
3,0,1,0.63163185
3,1,1,0.81775725
3,0,1,0.734915
3,0,1,0.55466616
3,0,1,0.8354057
3,0,0,0.41274315
3,0,0,0.24952872
3,1,0,0.4507976
3,1,1,0.8440209
3,0,0,0.31260476
3,0,0,0.10944326
3,0,0,0.43674576
3,1,1,0.7489822
3,0,0,0.2122721
3,1,1,0.8314047
3,1,0,0.20742874
3,0,0,0.42860025
3,0,0,0.41352233
3,1,1,0.79865414
3,1,1,0.8408724
3,1,1,0.6876273
3,1,1,0.77543
3,1,1,0.8462002
3,1,1,0.8790535
3,1,1,0.7438206
3,1,1,0.76034874
3,0,0,0.3199944
3,0,1,0.77558845
3,0,1,0.6065453
3,0,0,0.103395514
3,0,1,0.6278272
3,1,1,0.80493677
3,0,1,0.5563618
3,0,0,0.43067002
3,1,1,0.7442855
3,0,0,0.11785065
3,0,1,0.52685
3,1,1,0.6947622
3,1,1,0.54825044
3,0,0,0.07923525
3,1,1,0.8361259
3,1,1,0.6955889
3,1,1,0.6374703
3,1,1,0.5686802
3,1,1,0.6245334
3,0,1,0.61231714
3,1,1,0.8170979
3,0,0,0.3085262
3,0,1,0.7933298
3,1,1,0.61735636
3,1,1,0.77284557
3,0,0,0.27782944
3,1,1,0.56174594
3,0,0,0.14414394
3,0,0,0.49555814
3,0,1,0.5613721
3,0,0,0.27571216
3,1,1,0.5729934
3,0,1,0.7813691
3,0,1,0.7310665
3,1,1,0.62906456
3,0,1,0.59154
3,0,1,0.55169797
3,1,1,0.63688844
3,0,0,0.42567
3,0,1,0.8898412
3,1,1,0.8661252
3,1,1,0.5779593
3,0,1,0.60922253
3,1,1,0.90350235
3,0,1,0.7662442
3,1,1,0.7254878
3,0,1,0.5662925
3,1,1,0.9116664
3,1,1,0.78073263
3,1,1,0.8266833
3,1,1,0.7653905
3,1,1,0.6858983
3,0,1,0.68640405
3,0,1,0.554151
3,0,1,0.6335663
3,1,1,0.9175045
3,1,1,0.8818061
3,1,1,0.9089978
3,1,1,0.8484846
3,0,0,0.3694067
3,0,1,0.6284039
3,0,0,0.16590449
3,1,1,0.7209426
3,1,1,0.6577814
3,0,0,0.32806802
3,0,0,0.13180141
3,1,1,0.6877599
3,0,0,0.4180836
3,1,1,0.86744565
3,1,1,0.53957975
3,1,1,0.57718754
3,0,0,0.41200897
3,1,1,0.785943
3,1,1,0.916327
3,0,1,0.5271639
3,0,0,0.22676964
3,0,1,0.5397655
3,1,1,0.71847373
3,0,0,0.2533397
3,1,0,0.31623766
3,0,0,0.34931648
3,0,0,0.0790496
3,1,1,0.8218409
3,0,1,0.5143046
3,0,0,0.39332482
3,0,0,0.2398229
3,1,1,0.8067979
3,0,1,0.54520464
3,0,1,0.60916513
3,1,1,0.86988646
3,1,1,0.8416082
3,0,0,0.27252117
3,1,1,0.7764228
3,0,0,0.29788643
3,0,1,0.5033942
3,1,1,0.71652657
3,0,0,0.34937766
3,0,0,0.3399854
3,0,0,0.18806888
3,1,1,0.6648185
3,1,1,0.63805485
3,1,0,0.36242414
3,0,0,0.09348452
3,1,1,0.81980443
3,1,1,0.73772603
3,0,0,0.30252174
3,0,1,0.52824765
3,0,0,0.41075617
3,1,1,0.663975
3,1,1,0.6302579
3,0,0,0.17224991
3,0,0,0.36291897
3,0,0,0.30343398
3,1,1,0.8516309
3,0,1,0.6505049
3,0,0,0.3324371
3,1,1,0.8691726
3,0,1,0.50018907
3,0,1,0.54809076
3,0,0,0.36616787
3,1,0,0.46875712
3,0,1,0.6032207
3,0,1,0.7621983
3,1,1,0.85698605
3,0,0,0.4728445
3,1,0,0.37996632
3,0,0,0.18806078
3,1,1,0.63529724
3,0,1,0.71942014
3,1,1,0.8915652
3,1,1,0.83102435
3,0,1,0.53179383
3,1,1,0.74005824
3,0,0,0.16891032
3,1,1,0.87542
3,1,1,0.7467501
3,1,1,0.6674611
3,0,1,0.79834145
3,0,0,0.36286104
3,0,0,0.3837731
3,1,1,0.83758366
3,0,0,0.40173948
3,1,1,0.7915301
3,1,1,0.6631945
3,1,1,0.9018409
3,0,1,0.7787371
3,0,0,0.37978327
3,1,1,0.79368174
3,0,1,0.5907559
3,0,0,0.39239907
3,0,0,0.058171187
3,1,1,0.9000095
3,0,0,0.2994842
3,1,1,0.55660236
3,0,1,0.7442211
3,0,1,0.6799655
3,0,1,0.506375
3,0,0,0.48721758
3,0,0,0.47189322
3,1,1,0.75957114
3,0,1,0.68060935
3,1,1,0.9025039
3,0,0,0.24559739
3,1,1,0.87107354
3,1,1,0.58731717
3,1,1,0.69248813
3,1,1,0.7431573
3,0,0,0.38764876
3,0,0,0.40679917
3,0,0,0.1906145
3,0,1,0.8031032
3,1,1,0.86413556
3,0,0,0.39363995
3,1,0,0.44837627
3,0,0,0.2958433
3,0,0,0.30401355
3,0,1,0.680753
3,0,0,0.22423315
3,1,1,0.63185745
3,0,0,0.3209907
3,1,0,0.40378863
3,1,1,0.8044869
3,1,1,0.6694496
3,1,1,0.63433814
3,0,0,0.2043948
3,0,0,0.3980905
3,1,0,0.43943256
3,1,1,0.77316713
3,1,1,0.69851005
3,0,1,0.66265696
3,0,1,0.6623887
3,1,0,0.43292823
3,1,0,0.48791927
3,1,1,0.83822197
3,0,0,0.18648878
3,1,1,0.61455214
3,0,0,0.42423403
3,1,1,0.83199865
3,0,1,0.78266054
3,1,1,0.6802887
3,0,0,0.3533033
3,0,1,0.74074197
3,0,0,0.16655543
3,0,1,0.5579309
3,0,0,0.052055668
3,1,1,0.92417747
3,0,0,0.46123528
3,1,1,0.6805913
3,1,0,0.43040314
3,1,1,0.58374727
3,1,1,0.76998794
3,1,1,0.7893631
3,1,1,0.8745843
3,1,1,0.723364
3,0,0,0.46418688
3,1,1,0.81823003
3,1,1,0.6478726
3,0,1,0.5065238
3,1,1,0.9262915
3,1,0,0.2712561
3,0,0,0.49772948
3,1,0,0.40223628
3,1,0,0.20652032
3,0,0,0.39911833
3,0,0,0.25087994
3,1,0,0.25323406
3,1,0,0.30693555
3,0,0,0.09527203
3,0,0,0.38863173
3,0,1,0.7055001
3,1,1,0.87457
3,0,0,0.44463068
3,1,1,0.59449375
3,0,1,0.57666355
3,1,1,0.5411644
3,0,1,0.82748234
3,0,0,0.31479764
3,1,1,0.76928866
3,1,1,0.59114295
3,0,1,0.5173902
3,0,0,0.34821507
3,1,1,0.7627597
3,1,1,0.77722627
3,0,0,0.07673805
3,1,1,0.69087243
3,0,0,0.24123444
3,0,0,0.4280348
3,0,1,0.6676804
3,0,0,0.44180492
3,1,1,0.79284954
3,0,0,0.12069271
3,1,1,0.6214811
3,0,1,0.8423834
3,0,1,0.6384141
3,1,1,0.930844
3,1,1,0.6552055
3,1,0,0.28762794
3,0,0,0.37554815
3,1,0,0.33073175
3,1,0,0.37175566
3,0,1,0.76662606
3,1,0,0.43454173
3,0,0,0.13975246
3,0,0,0.2592335
3,0,0,0.4682865
3,0,0,0.4537852
3,0,0,0.18368277
3,0,1,0.8910723
3,1,1,0.76847476
3,0,1,0.7109763
3,1,1,0.83091015
3,1,1,0.87078166
3,1,0,0.26067004
3,0,1,0.59610885
3,1,1,0.7144031
3,1,1,0.87509185
3,0,1,0.74308014
3,1,1,0.7151866
3,0,1,0.5512286
3,1,1,0.65660745
3,0,1,0.59523785
3,0,1,0.7514915
3,0,0,0.43734115
3,0,1,0.66707987
3,1,1,0.84500945
3,0,0,0.23698834
3,1,1,0.7972048
3,1,1,0.8843993
3,0,1,0.83806705
3,1,1,0.85589427
3,1,1,0.8402785
3,0,0,0.31285256
3,0,0,0.42345142
3,1,1,0.705627
3,1,1,0.8108596
3,1,1,0.732216
3,0,0,0.47240803
3,1,1,0.77729434
3,0,1,0.6382009
3,0,0,0.19218719
3,0,1,0.75507164
3,0,1,0.8530812
3,0,1,0.632159
3,1,1,0.8029766
3,0,1,0.5112633
3,1,1,0.9041259
3,1,1,0.6112704
3,1,1,0.8742684
3,0,0,0.3257788
3,1,1,0.846931
3,1,1,0.8352843
3,1,1,0.8873489
3,0,0,0.43397304
3,0,0,0.13799636
3,1,1,0.6541695
3,1,1,0.6941475
3,0,1,0.7676577
3,0,1,0.72576255
3,0,1,0.7687386
3,0,0,0.046264417
3,0,0,0.2933186
3,0,0,0.17416503
3,0,0,0.15848225
3,0,0,0.14961706
3,1,1,0.7098213
3,0,1,0.5604562
3,1,1,0.6823874
3,1,1,0.61781657
3,1,1,0.5361481
3,1,1,0.7739586
3,0,1,0.8479395
3,0,0,0.085877955
3,1,1,0.8282908
3,1,1,0.81300354
3,0,0,0.43473187
3,1,1,0.8218092
3,1,1,0.7286592
3,0,1,0.7069154
3,1,1,0.6295399
3,1,1,0.68603796
3,0,1,0.5901503
3,0,0,0.34508055
3,1,1,0.85372394
3,0,0,0.24812102
3,0,1,0.6853827
3,0,1,0.6458817
3,1,1,0.5095599
3,0,0,0.19284664
3,1,1,0.74489486
3,1,0,0.18350361
3,0,1,0.51436913
3,0,1,0.5117605
3,1,1,0.7076843
3,0,1,0.86296684
3,1,1,0.8655036
3,1,1,0.77069306
3,0,0,0.2554261
3,1,1,0.549948
3,0,1,0.67471504
3,0,0,0.44955948
3,0,1,0.579925
3,1,1,0.6962538
3,0,0,0.12305396
3,0,1,0.62682134
3,0,0,0.19518733
3,1,0,0.42822915
3,1,1,0.86211836
3,0,0,0.26839775
3,1,1,0.56550103
3,0,0,0.34037465
3,1,1,0.88057995
3,0,1,0.7736386
3,1,1,0.5426676
3,0,1,0.7511196
3,1,1,0.84024787
3,0,0,0.14012344
3,1,1,0.65590525
3,0,1,0.645702
3,0,1,0.7867569
3,0,1,0.64933074
3,1,1,0.9529059
3,1,1,0.80947775
3,1,0,0.3499836
3,0,1,0.58483046
3,1,1,0.8546326
3,0,1,0.5723881
3,0,0,0.4209236
3,1,1,0.596199
3,1,1,0.85005254
3,0,0,0.33938172
3,0,0,0.109905265
3,0,0,0.09831106
3,0,1,0.7566013
3,0,1,0.70065933
3,1,0,0.39235657
3,1,1,0.861951
3,0,1,0.738719
3,0,0,0.395762
3,0,0,0.17381938
3,1,1,0.7060736
3,1,1,0.6995598
3,0,0,0.46881202
3,1,1,0.8722106
3,0,1,0.85179615
3,0,0,0.36396182
3,1,1,0.7380218
3,1,1,0.81613886
3,1,1,0.67754245
3,0,1,0.7904274
3,0,0,0.4595835
3,1,1,0.68734527
3,1,1,0.80637616
3,1,1,0.6363314
3,0,0,0.38219494
3,0,1,0.6281404
3,0,1,0.5911087
3,0,0,0.35597193
3,0,1,0.74671626
3,1,1,0.766387
3,0,1,0.9085317
3,1,1,0.7581688
3,1,1,0.81167567
3,0,1,0.75881714
3,0,0,0.118551224
3,1,1,0.621309
3,0,0,0.44833347
3,1,1,0.7582805
3,1,0,0.37999395
3,0,1,0.7260132
3,0,0,0.4150119
3,0,1,0.6540594
3,1,0,0.48943296
3,1,0,0.41815224
3,1,1,0.7514321
3,1,1,0.6066841
3,1,1,0.8268781
3,0,0,0.38153407
3,1,1,0.6619691
3,0,0,0.33843488
3,0,0,0.34398592
3,0,0,0.26826972
3,0,0,0.47883484
3,1,0,0.31566438
3,0,0,0.4317659
3,1,1,0.7632256
3,0,0,0.45439306
3,0,0,0.32305822
3,1,1,0.6609723
3,1,1,0.59208024
3,0,0,0.35283118
3,0,0,0.31321856
3,1,1,0.8896439
3,0,0,0.46003935
3,1,1,0.65428084
3,1,1,0.60711026
3,0,1,0.71870685
3,0,1,0.5203681
3,0,0,0.40352237
3,0,0,0.06687547
3,1,0,0.2324667
3,0,0,0.38485438
3,0,1,0.8305883
3,0,0,0.34244022
3,1,1,0.75863177
3,1,0,0.48575947
3,0,0,0.38997376
3,0,1,0.72708386
3,0,0,0.41030094
3,0,0,0.15098375
3,1,1,0.51371455
3,1,0,0.33522934
3,1,1,0.7082608
3,1,1,0.64536667
3,0,0,0.34172833
3,1,1,0.89141935
3,0,1,0.5484893
3,1,1,0.745841
3,1,0,0.46336797
3,0,1,0.74105936
3,0,0,0.46881005
3,0,0,0.16805065
3,1,1,0.77584726
3,0,1,0.7933486
3,1,1,0.5052135
3,1,1,0.6319147
3,1,1,0.5930631
3,0,1,0.58765984
3,0,0,0.1514507
3,0,1,0.6554192
3,1,1,0.9196297
3,1,1,0.7429962
3,0,0,0.065426014
3,0,0,0.17082642
3,1,1,0.68071294
3,0,0,0.14701352
3,0,0,0.27348337
3,0,1,0.70911914
3,0,1,0.58006877
3,0,1,0.67585355
3,1,1,0.88139015
3,1,1,0.7751307
3,1,1,0.8095997
3,0,1,0.78612876
3,0,0,0.3887071
3,0,1,0.6792601
3,1,1,0.5063916
3,0,0,0.14649689
3,1,0,0.06457787
3,0,1,0.6221558
3,0,0,0.3720403
3,0,1,0.7366247
3,0,1,0.5631437
3,0,0,0.40986094
3,1,1,0.50862265
3,1,1,0.7742419
3,1,1,0.8465184
3,1,0,0.43793073
3,0,1,0.86206955
3,1,1,0.8037923
3,1,0,0.38330692
3,0,1,0.78989416
3,1,1,0.64911836
3,1,1,0.57462984
3,1,0,0.4323707
3,1,1,0.6155784
3,0,1,0.6390251
3,0,1,0.6705948
3,0,0,0.41876486
3,0,1,0.5604562
3,1,1,0.8144399
3,1,1,0.84299314
3,0,0,0.39479926
3,1,1,0.91345817
3,0,0,0.30929434
3,1,1,0.6774187
3,0,0,0.4724349
3,0,0,0.29235086
3,0,0,0.06703138
3,0,1,0.81204623
3,1,1,0.6606543
3,0,1,0.7202232
3,0,1,0.6229186
3,1,1,0.7627872
3,1,1,0.722977
3,1,1,0.8496836
3,0,0,0.4245669
3,0,0,0.2012475
3,1,1,0.7976912
3,0,1,0.6188383
3,1,1,0.83001024
3,0,0,0.37905458
3,1,1,0.71917903
3,0,0,0.39911094
3,1,1,0.90258044
3,1,1,0.81007034
3,0,1,0.6203352
3,0,1,0.7363675
3,1,1,0.7741821
3,0,0,0.40554208
3,1,1,0.55994946
3,0,0,0.17038745
3,0,0,0.1063839
3,0,0,0.17990343
3,0,1,0.6862963
3,1,1,0.7663927
3,0,0,0.15129508
3,0,0,0.11855887
3,1,1,0.78508085
3,1,1,0.59564435
3,0,0,0.2751805
3,1,1,0.8628776
3,0,1,0.65930647
3,1,1,0.7637627
3,1,1,0.5671114
3,1,1,0.61275524
3,0,1,0.5381294
3,0,0,0.38157558
3,0,0,0.15785353
3,0,0,0.099399954
3,1,1,0.73409766
3,1,1,0.72170424
3,0,1,0.5142982
3,1,1,0.88042617
3,0,0,0.491128
3,0,0,0.3340454
3,1,1,0.7060865
3,1,1,0.6600966
3,1,1,0.8130679
3,0,1,0.7051911
3,0,1,0.5724838
3,1,1,0.56215966
3,0,1,0.79444265
3,0,0,0.15669471
3,0,1,0.7529922
3,0,0,0.28864375
3,1,1,0.83063406
3,1,1,0.7215957
3,0,0,0.14196189
3,0,0,0.07500379
3,1,1,0.7402823
3,1,1,0.882218
3,0,0,0.08257613
3,0,0,0.49356073
3,0,0,0.46388867
3,0,0,0.43321043
3,1,1,0.8277768
3,0,1,0.7246175
3,0,1,0.68968374
3,1,1,0.67007005
3,1,1,0.7140493
3,1,1,0.88426673
3,1,1,0.87532955
3,0,0,0.3817063
3,0,1,0.6451339
3,1,1,0.6941652
3,0,1,0.6811504
3,0,0,0.06826094
3,0,0,0.13972087
3,0,1,0.58249706
3,0,0,0.35501954
3,0,0,0.21074755
3,1,0,0.40738428
3,1,1,0.9022765
3,1,1,0.5270699
3,0,0,0.30715916
3,1,1,0.8554837
3,0,1,0.7061658
3,1,1,0.72340274
3,1,1,0.789153
3,0,0,0.4970326
3,1,1,0.61359453
3,0,0,0.34767884
3,1,1,0.70887786
3,1,1,0.8299179
3,0,1,0.73821
3,0,1,0.73652184
3,0,1,0.6838995
3,1,1,0.8094888
3,1,1,0.7466059
3,1,1,0.82102036
3,1,0,0.41701964
3,0,0,0.39143345
3,0,0,0.2265308
3,1,1,0.8091206
3,0,0,0.47730428
3,1,1,0.65029943
3,1,1,0.5062923
3,1,1,0.5807423
3,0,0,0.30297226
3,0,1,0.6025228
3,0,1,0.66370654
3,0,0,0.4804905
3,1,0,0.39661324
3,1,0,0.45761597
3,0,0,0.33274245
3,0,0,0.05048393
3,0,1,0.80973387
3,1,1,0.5433677
3,0,1,0.628074
3,0,0,0.15205093
3,1,0,0.43988663
3,1,1,0.7540033
3,0,0,0.44548646
3,0,1,0.5654045
3,0,0,0.31702784
3,0,1,0.86058015
3,0,1,0.83123565
3,1,1,0.67509675
3,1,1,0.76069033
3,0,0,0.42386463
3,1,1,0.7589746
3,1,1,0.8384204
3,0,1,0.523251
3,1,1,0.8558256
3,1,1,0.7827759
3,1,1,0.5328963
3,0,0,0.30687124
3,1,1,0.7060362
3,0,1,0.76667416
3,0,1,0.6469159
3,1,1,0.7623324
3,1,0,0.4137938
3,1,0,0.4373265
3,0,0,0.16226707
3,0,1,0.91022104
3,1,1,0.7273937
3,0,1,0.7869251
3,1,0,0.47620034
3,1,0,0.4403858
3,0,1,0.7285113
3,0,1,0.8292046
3,1,1,0.70283085
3,1,1,0.54154885
3,1,1,0.66895735
3,1,1,0.59163845
3,0,0,0.42186245
3,0,1,0.83312696
3,1,1,0.697732
3,1,1,0.6164621
3,1,1,0.6726332
3,0,1,0.6016494
3,0,1,0.6334626
3,0,1,0.77447057
3,1,1,0.81822157
3,0,1,0.62668616
3,0,1,0.76325005
3,0,1,0.69680935
3,0,0,0.42475033
3,1,1,0.6471369
3,1,1,0.53524077
3,0,0,0.13652672
3,1,1,0.7666412
3,1,0,0.2479913
3,1,0,0.4994971
3,1,1,0.6815844
3,0,1,0.5110762
3,0,1,0.64947253
3,0,1,0.5896215
3,0,0,0.15520811
3,1,1,0.69481564
3,1,1,0.714095
3,0,0,0.087898344
3,0,1,0.66942346
3,1,1,0.8909219
3,0,0,0.42370152
3,0,1,0.72890633
3,1,1,0.8460327
3,1,1,0.62687427
3,0,0,0.4640801
3,1,1,0.81310314
3,0,1,0.54249316
3,0,1,0.6015629
3,1,0,0.231002
3,0,0,0.43140644
3,0,0,0.42265898
3,1,1,0.72271705
3,1,0,0.30719453
3,0,0,0.35574397
3,1,1,0.901947
3,1,1,0.729754
3,1,1,0.8227158
3,1,1,0.769068
3,0,1,0.54781306
3,0,0,0.1694883
3,0,1,0.7439119
3,0,1,0.6330887
3,0,1,0.5835129
3,0,0,0.20483942
3,0,0,0.11297828
3,0,1,0.850979
3,0,0,0.04387142
3,1,1,0.71961266
3,1,1,0.78380084
3,0,0,0.40488535
3,1,0,0.4750535
3,1,1,0.88930166
3,1,1,0.7845481
3,0,1,0.59619975
3,0,1,0.6050504
3,1,1,0.81625617
3,1,1,0.63869935
3,0,0,0.40374383
3,1,1,0.6505044
3,0,0,0.2586451
3,0,1,0.6601568
3,0,1,0.86406827
3,0,1,0.66185325
3,1,1,0.59619975
3,1,1,0.6050504
3,0,1,0.5313708
3,0,1,0.5341292
3,1,1,0.8020203
3,1,1,0.7575843
3,0,0,0.2869222
3,1,1,0.7900271
3,1,1,0.7003673
3,1,1,0.86900765
3,0,1,0.7427188
3,1,0,0.38156608
3,0,1,0.7468054
3,0,1,0.63941497
3,0,0,0.45009622
3,0,1,0.81525564
3,1,0,0.39318213
3,0,1,0.83945477
3,0,1,0.50681657
3,1,1,0.68598527
3,0,1,0.5421503
3,0,0,0.40668395
3,0,1,0.6034755
3,1,1,0.83759505
3,0,1,0.5657788
3,1,1,0.74851876
3,1,1,0.552104
3,0,1,0.8501533
3,0,1,0.61245567
3,1,1,0.7166959
3,1,1,0.885389
3,1,1,0.81937146
3,1,1,0.8584739
3,1,1,0.65452766
3,1,1,0.60490966
3,0,0,0.43206665
3,1,1,0.6778045
3,0,0,0.30642688
3,1,0,0.33626014
3,1,1,0.64772797
3,0,1,0.7048773
3,0,0,0.3577957
3,0,1,0.58008313
3,1,1,0.51139027
3,0,0,0.13700317
3,0,0,0.26196632
3,0,0,0.12687032
3,1,0,0.10145131
3,1,1,0.52931833
3,1,1,0.7747449
3,1,1,0.908733
3,1,1,0.7717998
3,0,0,0.2958042
3,1,0,0.43411693
3,0,0,0.2553483
3,0,0,0.4683408
3,0,1,0.77145696
3,1,0,0.39141575
3,1,1,0.6403121
3,1,1,0.8567164
3,0,1,0.887275
3,1,1,0.8477568
3,1,1,0.65177006
3,1,0,0.47346014
3,0,1,0.602627
3,0,0,0.15244247
3,0,0,0.09591253
3,0,1,0.6013793
3,0,0,0.16394414
3,0,1,0.5712819
3,0,1,0.5322298
3,0,0,0.10719498
3,0,0,0.23752289
3,1,1,0.6785173
3,1,1,0.6678293
3,0,0,0.42352483
3,1,1,0.8100737
3,0,1,0.5934434
3,0,1,0.63430095
3,0,1,0.5529983
3,1,1,0.78978515
3,1,1,0.6185279
3,1,1,0.74718696
3,0,1,0.61324596
3,1,1,0.73712915
3,1,1,0.71430343
3,0,1,0.6650889
3,0,0,0.25313136
3,1,1,0.8659897
3,1,0,0.48253462
3,0,0,0.42240986
3,1,1,0.7742293
3,0,0,0.3072495
3,0,1,0.6580695
3,1,1,0.7791878
3,0,1,0.5756116
3,1,1,0.7407234
3,0,0,0.077514365
3,1,1,0.78984636
3,1,1,0.58666635
3,0,1,0.70101863
3,1,1,0.90953195
3,0,1,0.59623754
3,0,1,0.53983766
3,0,0,0.16842167
3,0,1,0.89573216
3,0,1,0.6015292
3,0,1,0.6110939
3,1,1,0.6220914
3,1,1,0.83365446
3,1,1,0.83966434
3,0,1,0.6665637
3,1,1,0.81888765
3,1,1,0.8723788
3,0,1,0.5591525
3,1,1,0.6266327
3,1,1,0.6769102
3,1,1,0.86024
3,1,0,0.26237398
3,1,1,0.51303566
3,0,0,0.29771066
3,0,1,0.5681971
3,1,0,0.4682704
3,0,1,0.77303314
3,1,1,0.5188451
3,1,0,0.49255073
3,0,1,0.65229917
3,1,1,0.8846151
3,0,1,0.5028588
3,1,1,0.82242167
3,0,1,0.6023304
3,0,1,0.5222774
3,0,1,0.57499826
3,0,0,0.37292406
3,0,1,0.76844347
3,1,1,0.7215535
3,1,1,0.69001806
3,1,1,0.8195677
3,0,0,0.46805754
3,1,1,0.70172334
3,1,1,0.8132296
3,1,1,0.61653376
3,0,1,0.7868233
3,0,0,0.4191699
3,0,0,0.18510221
3,1,1,0.7340482
3,1,1,0.5451749
3,1,0,0.28879717
3,0,1,0.6613559
3,1,1,0.6997224
3,0,0,0.069448896
3,0,1,0.71149206
3,1,1,0.74834996
3,0,1,0.8750832
3,0,0,0.4410323
3,0,0,0.42804995
3,0,1,0.58416677
3,1,1,0.83214206
3,0,1,0.5081236
3,1,1,0.7513819
3,1,1,0.53721416
3,1,1,0.5302441
3,0,0,0.11457681
3,0,1,0.5239189
3,0,0,0.12231992
3,0,1,0.6979078
3,0,1,0.73580104
3,1,0,0.33585113
3,1,0,0.34058085
3,0,0,0.41143483
3,0,1,0.7532355
3,1,1,0.75768864
3,1,0,0.39266393
3,0,1,0.59046644
3,0,0,0.22820623
3,1,1,0.8015683
3,1,0,0.48657984
3,0,1,0.6243817
3,1,1,0.8190622
3,0,1,0.5807836
3,0,1,0.6689504
3,1,1,0.74209833
3,0,0,0.41145262
3,1,1,0.7172622
3,0,0,0.39747414
3,1,1,0.53580093
3,1,1,0.8979832
3,1,1,0.53279793
3,0,1,0.8565473
3,0,0,0.4899168
3,0,0,0.43613642
3,1,1,0.9188351
3,1,1,0.5113684
3,1,0,0.4605471
3,1,1,0.81415963
3,1,1,0.81158394
3,1,1,0.7354942
3,1,1,0.8049525
3,0,0,0.4856845
3,1,0,0.4192976
3,1,1,0.5998861
3,0,0,0.1822481
3,0,0,0.49669582
3,0,0,0.2938066
3,1,1,0.6931638
3,0,0,0.14037508
3,0,1,0.56025064
3,0,0,0.14217025
3,0,1,0.745076
3,1,1,0.89483553
3,0,1,0.5826143
3,0,0,0.26165974
3,0,1,0.53954434
3,0,0,0.3020135
3,0,1,0.7119281
3,1,1,0.7244156
3,0,0,0.32485276
3,0,0,0.34747654
3,1,1,0.7490741
3,1,1,0.65006196
3,1,1,0.90145457
3,0,0,0.42005238
3,1,1,0.69288045
3,1,1,0.87588406
3,0,1,0.7208071
3,0,0,0.23346058
3,0,1,0.83746284
3,0,1,0.69322354
3,0,1,0.552104
3,0,1,0.8501533
3,0,1,0.61245567
3,1,1,0.7166959
3,1,1,0.885389
3,1,1,0.81937146
3,1,1,0.6351776
3,0,0,0.29090407
3,0,1,0.533681
3,1,1,0.60315347
3,1,0,0.4458439
3,0,0,0.40581113
3,0,0,0.19964111
3,1,0,0.3729361
3,0,0,0.4381149
3,0,0,0.4954561
3,0,0,0.45271596
3,0,1,0.537875
3,0,0,0.19680934
3,0,0,0.358832
3,0,0,0.18519181
3,0,0,0.31286523
3,1,1,0.5947301
3,0,1,0.58512276
3,1,1,0.7464026
3,0,1,0.6050039
3,1,1,0.7372307
3,1,1,0.7081921
3,1,0,0.20693691
3,1,1,0.7505718
3,0,0,0.42462328
3,1,1,0.5296594
3,1,1,0.7294846
3,1,1,0.64832485
3,0,0,0.40599254
3,1,1,0.81066865
3,0,1,0.76836205
3,0,1,0.507019
3,1,1,0.85124874
3,0,0,0.46983713
3,0,0,0.4849749
3,1,1,0.68598527
3,0,0,0.47413608
3,1,1,0.87408036
3,0,1,0.6916468
3,1,1,0.89456713
3,1,1,0.8333525
3,0,1,0.61669064
3,0,1,0.52009636
3,0,1,0.51421136
3,0,0,0.14641982
3,0,0,0.4104042
3,1,1,0.93088335
3,1,1,0.7536238
3,1,1,0.79686725
3,0,1,0.6350371
3,0,0,0.09691764
3,1,1,0.7212147
3,1,1,0.73536766
3,1,1,0.88971466
3,1,1,0.55586445
3,0,1,0.61490744
3,1,1,0.924354
3,0,1,0.6606983
3,0,1,0.61095893
3,0,0,0.098517895
3,1,1,0.7788622
3,1,1,0.63085043
3,0,0,0.17555161
3,1,1,0.7667803
3,0,0,0.39270204
3,1,1,0.51270336
3,0,0,0.18022566
3,1,1,0.75572884
3,0,0,0.4237585
3,1,1,0.6976044
3,0,1,0.53628737
3,0,1,0.70007795
3,1,1,0.9089852
3,1,1,0.7892194
3,1,1,0.7148634
3,0,0,0.17564437
3,0,1,0.55967087
3,0,1,0.5786357
3,0,1,0.58990955
3,1,1,0.87826824
3,1,1,0.534072
3,1,1,0.7640701
3,0,0,0.4345863
3,1,1,0.8967618
3,0,1,0.60384333
3,1,1,0.7802668
3,1,1,0.7221215
3,0,0,0.49648252
3,1,1,0.91382277
3,0,0,0.45514044
3,0,0,0.28070408
3,0,1,0.72948235
3,0,1,0.84977305
3,0,0,0.26025075
3,1,1,0.73653895
3,1,1,0.6607916
3,0,1,0.80058223
3,1,1,0.61367536
3,1,0,0.28119314
3,1,1,0.5610458
3,0,0,0.18474479
3,0,0,0.4423107
3,0,0,0.21527724
3,1,1,0.6014519
3,1,0,0.46235695
3,1,0,0.39458394
3,0,1,0.5935315
3,0,1,0.6791405
3,0,1,0.8452166
3,0,0,0.27833697
3,0,0,0.21489419
3,1,1,0.91249347
3,1,0,0.46767837
3,0,1,0.59871936
3,0,1,0.7146124
3,0,1,0.5144158
3,1,1,0.8398702
3,1,1,0.9174921
3,1,1,0.8363796
3,1,1,0.81826013
3,0,0,0.44116566
3,0,1,0.54057974
3,1,1,0.8120485
3,0,0,0.47387946
3,1,1,0.78527105
3,1,1,0.8624447
3,0,0,0.442471
3,1,1,0.81241167
3,0,1,0.670936
3,0,1,0.52111816
3,0,1,0.51644975
3,1,1,0.86219275
3,1,1,0.80298364
3,1,1,0.80622506
3,0,0,0.33443797
3,1,0,0.39833975
3,0,0,0.408651
3,0,0,0.47318476
3,0,1,0.605117
3,0,0,0.42591724
3,0,0,0.2249827
3,1,1,0.768442
3,0,0,0.39929935
3,1,0,0.4324638
3,0,0,0.44762748
3,1,1,0.8238392
3,1,1,0.711524
3,1,1,0.8006989
3,1,0,0.35632297
3,1,1,0.8876071
3,0,1,0.6553353
3,0,0,0.43636495
3,1,1,0.91308004
3,1,1,0.72193146
3,1,1,0.7459193
3,0,1,0.75753105
3,0,1,0.8516467
3,0,0,0.31578645
3,1,1,0.6893135
3,0,0,0.05460501
3,0,0,0.19916302
3,1,1,0.8229313
3,1,1,0.71435213
3,0,0,0.37292367
3,0,0,0.2091901
3,1,1,0.8135213
3,0,0,0.38308322
3,1,1,0.88350874
3,0,1,0.6016067
3,0,1,0.55785435
3,1,1,0.7211132
3,1,0,0.43812004
3,0,0,0.37030402
3,0,1,0.72160196
3,0,0,0.3022883
3,0,0,0.11215872
3,0,0,0.46818155
3,1,1,0.5363788
3,0,1,0.89985216
3,0,0,0.17651641
3,0,0,0.07015018
3,0,1,0.7179533
3,1,1,0.68666685
3,0,1,0.51669466
3,1,1,0.8471824
3,1,0,0.2714974
3,1,1,0.6106005
3,1,1,0.91767603
3,0,1,0.69238925
3,0,0,0.09489149
3,1,1,0.8461224
3,1,1,0.723199
3,1,1,0.94543594
3,1,1,0.76187086
3,0,0,0.25689557
3,1,1,0.8384807
3,1,1,0.7872297
3,0,0,0.10936572
3,0,0,0.372643
3,1,1,0.6494584
3,1,1,0.8906358
3,1,1,0.8833658
3,0,0,0.33939284
3,1,1,0.829569
3,1,1,0.8742145
3,0,1,0.62320364
3,0,1,0.7775534
3,1,1,0.8174976
3,1,1,0.63108605
3,1,1,0.73059815
3,1,1,0.8339726
3,1,1,0.6567025
3,1,1,0.56228745
3,0,0,0.2504477
3,0,0,0.21843968
3,0,0,0.09098551
3,1,1,0.9098563
3,1,1,0.8303808
3,1,1,0.79392534
3,1,1,0.5973373
3,1,1,0.7363684
3,1,1,0.88542074
3,0,0,0.14471488
3,0,0,0.17676108
3,1,1,0.733878
3,0,0,0.47114724
3,0,0,0.27328214
3,0,0,0.43832392
3,1,1,0.513549
3,1,0,0.33702004
3,1,1,0.6209204
3,0,1,0.61795723
3,0,0,0.14392185
3,0,0,0.15825275
3,0,1,0.5324581
3,1,1,0.5257044
3,0,0,0.39755863
3,1,1,0.5867785
3,0,1,0.50894135
3,0,0,0.34094015
3,0,0,0.19970238
3,1,1,0.5441486
3,0,0,0.35907164
3,0,0,0.21735755
3,1,0,0.25409812
3,0,0,0.29565403
3,0,0,0.35451323
3,0,0,0.29974505
3,0,0,0.4660891
3,0,0,0.20371088
3,1,1,0.68726134
3,0,1,0.52381504
3,0,0,0.10857611
3,0,0,0.21942805
3,0,0,0.29412472
3,1,1,0.5328091
3,1,1,0.5095711
3,0,0,0.3065893
3,0,0,0.09467879
3,0,0,0.3013977
3,0,0,0.42917642
3,1,1,0.76861024
3,0,0,0.44343188
3,0,1,0.8407186
3,1,1,0.5227814
3,0,0,0.09603292
3,1,1,0.58144754
3,0,1,0.63932085
3,0,0,0.15577905
3,0,0,0.3038351
3,1,1,0.57186306
3,0,0,0.08455552
3,1,1,0.815964
3,1,1,0.5547948
3,0,0,0.3181784
3,1,1,0.6787559
3,0,1,0.52520293
3,1,1,0.7982792
3,0,0,0.2802085
3,0,0,0.22063889
3,1,0,0.34671688
3,0,0,0.37961328
3,0,0,0.045261014
3,0,0,0.06233131
3,0,0,0.31558117
3,0,0,0.36382055
3,0,0,0.07560543
3,0,0,0.46684593
3,0,0,0.13224855
3,0,0,0.20682038
3,0,0,0.097973354
3,1,1,0.69469136
3,1,1,0.8200642
3,0,0,0.37081164
3,1,1,0.51264095
3,0,0,0.4551323
3,1,1,0.7891843
3,0,0,0.3816801
3,0,0,0.19685692
3,1,0,0.3518909
3,0,0,0.22496723
3,0,0,0.12032279
3,0,1,0.5285451
3,0,0,0.16921571
3,0,0,0.32298934
3,1,1,0.73999286
3,1,0,0.37033397
3,1,1,0.64003086
3,0,1,0.59895253
3,1,1,0.54232407
3,0,0,0.09108011
3,0,0,0.3815052
3,1,1,0.58801013
3,0,0,0.10551813
3,1,1,0.6470222
3,1,0,0.28729028
3,0,0,0.44622058
3,1,0,0.4166704
3,1,1,0.58119696
3,1,0,0.412175
3,0,0,0.27147335
3,0,0,0.47030824
3,1,1,0.5072122
3,0,0,0.24510781
3,0,0,0.36060345
3,0,0,0.1267728
3,1,0,0.3586718
3,0,0,0.18751934
3,0,0,0.4745378
3,1,0,0.4918481
3,0,0,0.14471488
3,0,0,0.059672154
3,0,0,0.43168062
3,0,0,0.461894
3,1,1,0.88587236
3,1,1,0.59782284
3,1,1,0.6315243
3,1,1,0.7657179
3,1,1,0.5901905
3,0,1,0.5720363
3,0,0,0.4427811
3,0,0,0.05406704
3,1,1,0.6150373
3,0,0,0.4028701
3,0,1,0.69449455
3,1,1,0.6743939
3,0,0,0.48200446
3,0,0,0.43304923
3,0,0,0.3867864
3,1,1,0.51017094
3,0,1,0.8074909
3,0,0,0.37252504
3,0,1,0.59028274
3,0,0,0.32425022
3,1,1,0.80252314
3,1,1,0.7269385
3,1,1,0.6248742
3,1,1,0.66390145
3,1,1,0.6019793
3,0,1,0.5324993
3,0,0,0.16243201
3,1,1,0.6474381
3,0,0,0.33458808
3,0,1,0.82602465
3,0,0,0.32505596
3,0,0,0.071012825
3,1,0,0.44193283
3,0,1,0.65319306
3,0,0,0.26220846
3,1,1,0.6824646
3,0,1,0.6982989
3,0,0,0.36749873
3,0,1,0.5321955
3,0,1,0.7899832
3,0,1,0.82837373
3,1,1,0.77847475
3,1,1,0.64543647
3,1,1,0.54647785
3,0,0,0.22143754
3,1,1,0.7193202
3,1,1,0.5051175
3,1,1,0.79268587
3,1,0,0.31072965
3,0,1,0.57422787
3,1,1,0.56574655
3,1,1,0.566026
3,0,0,0.06667819
3,1,1,0.6682781
3,0,0,0.3037897
3,1,1,0.7225284
3,1,1,0.5825599
3,1,1,0.6238183
3,1,1,0.83732414
3,1,1,0.8630621
3,1,1,0.8625116
3,0,0,0.42359444
3,0,1,0.58166504
3,1,1,0.7860699
3,0,1,0.5918561
3,1,1,0.8198097
3,0,0,0.4209492
3,0,0,0.34274104
3,1,1,0.8898132
3,1,1,0.87141347
3,1,1,0.69623053
3,0,0,0.35374373
3,1,1,0.88815564
3,0,0,0.39316863
3,1,1,0.88181895
3,0,1,0.6412226
3,1,0,0.45185056
3,0,0,0.42431852
3,1,1,0.87735564
3,1,1,0.8340063
3,0,1,0.7369115
3,1,1,0.9052217
3,0,1,0.8379405
3,0,1,0.6402177
3,0,0,0.47239834
3,1,1,0.8005606
3,1,0,0.32481745
3,0,0,0.43345523
3,0,1,0.5969789
3,0,1,0.5758937
3,1,1,0.50351715
3,1,0,0.28260824
3,0,1,0.55353844
3,0,1,0.5634149
3,0,0,0.23050644
3,0,1,0.6745507
3,0,1,0.6972115
3,1,0,0.47187203
3,1,0,0.47103292
3,0,1,0.64309037
3,1,1,0.5438614
3,0,1,0.7054611
3,1,1,0.67025965
3,1,1,0.79855555
3,1,1,0.86213464
3,1,1,0.5687571
3,0,0,0.3242659
3,0,1,0.9005586
3,1,0,0.32814965
3,0,0,0.3206233
3,1,1,0.5373814
3,0,0,0.4074902
3,0,1,0.51275456
3,1,1,0.686789
3,1,1,0.54463995
3,0,0,0.4983993
3,0,1,0.55454427
3,0,1,0.6635792
3,1,0,0.27174547
3,1,0,0.378161
3,1,1,0.8488316
3,0,0,0.20727059
3,1,1,0.87345815
3,0,0,0.4066269
3,1,1,0.6093072
3,0,1,0.586136
3,0,1,0.5720363
3,0,0,0.4427811
3,0,0,0.05406704
3,0,1,0.6743939
3,1,1,0.65264934
3,0,0,0.25951517
3,1,1,0.90605366
3,1,1,0.86484313
3,1,1,0.71299696
3,0,0,0.4482805
3,1,1,0.84091026
3,0,0,0.23211457
3,1,1,0.81834114
3,1,0,0.23313583
3,1,1,0.64669687
3,1,1,0.6292715
3,0,1,0.80113727
3,0,1,0.58940434
3,0,1,0.61217684
3,0,1,0.6736037
3,0,0,0.4456683
3,0,0,0.48923218
3,0,1,0.7342596
3,0,0,0.3770856
3,1,1,0.8435797
3,1,1,0.79707444
3,1,1,0.68990135
3,1,1,0.85542
3,1,1,0.79227984
3,1,1,0.64019984
3,0,0,0.41501513
3,0,0,0.45822307
3,0,1,0.5255758
3,1,1,0.8188863
3,0,1,0.84535736
3,0,0,0.06236429
3,1,0,0.27767718
3,0,0,0.082569234
3,1,1,0.85378337
3,0,1,0.5153845
3,1,1,0.7355584
3,1,1,0.647236
3,0,1,0.6879505
3,1,1,0.85116965
3,0,0,0.12490492
3,0,0,0.093554184
3,1,1,0.797183
3,1,1,0.7757337
3,1,1,0.8460327
3,1,1,0.62687427
3,0,0,0.4640801
3,1,1,0.81310314
3,0,1,0.54249316
3,0,1,0.6015629
3,1,0,0.231002
3,0,0,0.43140644
3,0,0,0.42265898
3,1,1,0.72271705
3,1,0,0.30719453
3,0,0,0.35574397
3,1,1,0.7889325
3,1,1,0.53274864
3,1,1,0.6458981
3,0,0,0.40439445
3,0,0,0.15671083
3,0,1,0.7394827
3,0,0,0.19061743
3,0,0,0.46578965
3,1,1,0.50028646
3,0,0,0.4627499
3,1,1,0.5387452
3,0,1,0.5928314
3,1,1,0.6273132
3,1,1,0.696275
3,0,1,0.600216
3,1,1,0.7192718
3,0,1,0.6203276
3,0,0,0.49092627
3,0,1,0.6441325
3,0,0,0.3464407
3,1,1,0.6944863
3,0,1,0.6244363
3,1,1,0.90015644
3,0,1,0.5399391
3,1,0,0.45324886
3,1,1,0.6436262
3,1,0,0.36816067
3,1,1,0.632954
3,1,1,0.62419605
3,1,1,0.5104514
3,1,1,0.717585
3,0,0,0.061478894
3,0,0,0.26797113
3,1,0,0.38731673
3,0,1,0.72231424
3,1,1,0.60800576
3,0,0,0.04033776
3,0,1,0.5144198
3,0,0,0.16222389
3,1,0,0.48008868
3,0,0,0.17286873
3,0,0,0.15622579
3,0,1,0.6424092
3,1,1,0.6033133
3,0,1,0.7590822
3,1,0,0.4986331
3,0,0,0.48228323
3,1,0,0.18106493
3,1,1,0.65318775
3,0,1,0.57055825
3,0,0,0.27844465
3,1,0,0.4147724
3,1,1,0.7241587
3,0,1,0.7818887
3,0,0,0.27131274
3,0,1,0.7542714
3,1,1,0.74872077
3,1,1,0.8018049
3,0,0,0.18667778
3,1,1,0.70942545
3,1,1,0.7880712
3,1,1,0.71199644
3,0,0,0.14394385
3,1,1,0.90778863
3,1,1,0.6304569
3,0,1,0.78094614
3,0,1,0.53797054
3,0,0,0.22033027
3,1,1,0.8212865
3,0,1,0.7383232
3,0,1,0.6099383
3,0,1,0.5455652
3,0,1,0.7610628
3,0,0,0.3422998
3,1,1,0.9345155
3,0,0,0.42483562
3,0,1,0.8491754
3,0,1,0.66080993
3,1,1,0.77086467
3,1,1,0.7542714
3,1,1,0.74872077
3,1,1,0.70942545
3,1,1,0.7880712
3,1,1,0.77982503
3,0,1,0.53797054
3,0,0,0.22033027
3,1,1,0.6307817
3,1,1,0.7030995
3,1,0,0.48552093
3,0,1,0.6113239
3,0,1,0.5953284
3,1,1,0.7919968
3,1,1,0.6261498
3,1,0,0.38364694
3,1,0,0.2861875
3,1,0,0.43106323
3,1,1,0.6739269
3,1,1,0.9078365
3,1,0,0.25349495
3,0,1,0.5653303
3,0,1,0.69106925
3,1,0,0.2695331
3,0,1,0.75629187
3,0,0,0.37063047
3,0,1,0.75730675
3,0,1,0.62767434
3,0,0,0.24407007
3,1,1,0.7739449
3,1,1,0.74299085
3,0,1,0.7333513
3,0,0,0.33057275
3,1,1,0.92965543
3,1,1,0.8996653
3,1,1,0.6831773
3,0,0,0.44519356
3,0,0,0.41044754
3,1,1,0.84336776
3,1,1,0.56466454
3,0,1,0.50057065
3,0,0,0.10796096
3,1,1,0.74517816
3,1,1,0.69191104
3,0,0,0.27112284
3,0,1,0.8619468
3,0,1,0.6565762
3,1,1,0.594672
3,1,1,0.7669892
3,1,1,0.7908727
3,0,0,0.44305205
3,0,1,0.5901338
3,1,1,0.82413167
3,1,1,0.75881714
3,0,0,0.118551224
3,0,1,0.621309
3,0,0,0.47664768
3,0,0,0.31744385
3,0,0,0.25168788
3,0,0,0.42326504
3,0,1,0.5014702
3,0,0,0.3579232
3,0,0,0.40254584
3,1,1,0.7288398
3,0,0,0.099557936
3,0,0,0.20606314
3,0,0,0.22985178
3,1,0,0.49111727
3,1,1,0.6935529
3,1,1,0.6633555
3,0,0,0.4472741
3,1,0,0.39712653
3,0,1,0.6949751
3,1,1,0.839038
3,1,1,0.6001608
3,1,1,0.8185804
3,1,1,0.5526163
3,0,1,0.7238906
3,0,0,0.43327793
3,0,1,0.51739234
3,1,1,0.7851198
3,0,1,0.6177707
3,1,1,0.55292434
3,1,1,0.87410796
3,0,0,0.45198566
3,0,0,0.4710242
3,0,0,0.46790555
3,0,1,0.6911436
3,0,1,0.5879603
3,1,1,0.52121156
3,1,1,0.8797882
3,0,1,0.6072046
3,1,1,0.67572457
3,0,0,0.4838773
3,0,0,0.4153838
3,1,1,0.6115945
3,1,1,0.8706986
3,0,1,0.70696133
3,1,1,0.8039377
3,0,0,0.4079247
3,0,0,0.3334977
3,1,1,0.65741855
3,1,1,0.7575186
3,1,1,0.8065641
3,0,0,0.21351214
3,1,0,0.3745709
3,1,1,0.8544428
3,0,1,0.72682285
3,0,0,0.34244394
3,0,1,0.73258126
3,1,1,0.7239868
3,0,0,0.3785286
3,1,1,0.8231243
3,0,0,0.24315943
3,0,0,0.060052216
3,0,1,0.67523533
3,0,1,0.8213874
3,1,1,0.63582003
3,1,1,0.8252436
3,1,1,0.78146094
3,1,1,0.8710384
3,0,0,0.4941944
3,1,1,0.6950867
3,0,0,0.45192653
3,0,0,0.409407
3,1,1,0.74223936
3,0,0,0.11630348
3,1,1,0.84145206
3,1,0,0.4865505
3,1,1,0.67516434
3,0,0,0.35872808
3,0,0,0.47978768
3,0,0,0.26110318
3,0,1,0.58952695
3,1,0,0.23777704
3,0,0,0.40216884
3,0,0,0.08370105
3,1,1,0.88164574
3,1,1,0.88252467
3,0,1,0.5049184
3,1,1,0.93310404
3,0,1,0.7347471
3,1,1,0.80830413
3,0,0,0.32808238
3,1,1,0.7208046
3,0,0,0.42030194
3,1,1,0.53284305
3,0,0,0.19320826
3,1,1,0.59171766
3,1,0,0.29891524
3,1,1,0.824722
3,1,1,0.8148134
3,0,0,0.3336344
3,0,1,0.71038276
3,1,1,0.5784068
3,1,1,0.9026557
3,1,1,0.6944668
3,0,0,0.46443722
3,1,1,0.5104913
3,1,0,0.064343385
3,0,1,0.71544117
3,0,0,0.3874976
3,0,1,0.6460354
3,1,1,0.851942
3,1,0,0.35677513
3,1,0,0.49501157
3,1,1,0.5261091
3,0,1,0.5043922
3,1,1,0.62837976
3,1,1,0.70732236
3,0,0,0.4294271
3,0,1,0.7741019
3,0,1,0.84826964
3,0,1,0.64778835
3,1,1,0.7489021
3,1,1,0.7862072
3,1,1,0.6502625
3,0,0,0.3884241
3,0,0,0.09734363
3,0,0,0.46887454
3,1,1,0.89229697
3,1,0,0.40986818
3,1,1,0.67167467
3,0,1,0.8007934
3,0,1,0.7011276
3,0,1,0.5787791
3,0,1,0.5259545
3,1,1,0.9057817
3,1,1,0.6094794
3,1,1,0.75328845
3,1,1,0.916497
3,1,1,0.7340975
3,0,1,0.6542096
3,0,1,0.7122911
3,0,1,0.62581646
3,0,1,0.64871615
3,1,1,0.6931371
3,1,1,0.597061
3,1,1,0.688939
3,1,1,0.8237768
3,0,0,0.41609284
3,0,1,0.7708795
3,1,1,0.63572073
3,1,1,0.81459343
3,1,0,0.3115081
3,0,1,0.6561806
3,0,0,0.3409237
3,0,0,0.22936335
3,0,0,0.1984956
3,1,1,0.52846706
3,0,1,0.52145565
3,1,1,0.816838
3,1,1,0.8227753
3,1,1,0.94403744
3,1,1,0.7877331
3,0,0,0.42585376
3,1,1,0.66699445
3,0,1,0.8767705
3,0,1,0.5839701
3,0,0,0.12484639
3,0,0,0.49756885
3,0,0,0.3668773
3,0,0,0.29973915
3,1,1,0.8566949
3,1,1,0.6373978
3,1,0,0.34315208
3,0,0,0.2150651
3,0,0,0.13683814
3,1,0,0.42975026
3,1,1,0.814698
3,0,0,0.47101358
3,1,1,0.58877176
3,0,1,0.7103912
3,0,0,0.4607386
3,1,1,0.5729454
3,0,1,0.5510237
3,1,0,0.4774334
3,1,1,0.77587366
3,0,0,0.26401776
3,0,0,0.13067049
3,0,0,0.48817477
3,0,1,0.76955
3,0,1,0.8938301
3,1,1,0.68539095
3,1,0,0.48536345
3,1,1,0.52608746
3,1,1,0.6787637
3,1,1,0.6814165
3,0,1,0.5391315
3,0,0,0.26657453
3,1,1,0.72008145
3,0,1,0.5739773
3,1,1,0.6916217
3,0,1,0.8442042
3,0,0,0.41280457
3,0,1,0.68690675
3,0,1,0.6903769
3,1,1,0.5497473
3,0,0,0.29495066
3,0,0,0.47043854
3,0,0,0.064794086
3,0,0,0.3478367
3,1,0,0.4533072
3,1,0,0.49183604
3,1,0,0.29922295
3,0,0,0.45865482
3,0,0,0.09438697
3,1,1,0.51922363
3,0,0,0.13356249
3,1,0,0.16135167
3,1,1,0.5328383
3,0,0,0.22522329
3,0,0,0.10824668
3,1,1,0.5077527
3,0,0,0.26350912
3,0,0,0.26519346
3,0,0,0.14177892
3,1,0,0.17846057
3,0,0,0.24778432
3,0,1,0.5420386
3,1,1,0.7176915
3,1,0,0.17665379
3,0,0,0.102464534
3,1,0,0.49632537
3,0,0,0.2748372
3,1,1,0.5668051
3,1,0,0.42861477
3,0,0,0.44383472
3,0,0,0.27823126
3,1,0,0.098691344
3,0,0,0.29204974
3,1,1,0.5074442
3,0,0,0.46110705
3,1,1,0.668478
3,1,0,0.4489443
3,1,0,0.37325114
3,0,0,0.14962111
3,0,0,0.16990079
3,0,0,0.36394235
3,0,0,0.084454544
3,0,0,0.42528385
3,0,0,0.16521524
3,0,0,0.12274794
3,1,0,0.21843565
3,0,0,0.41745946
3,0,0,0.20920503
3,1,1,0.5689419
3,0,1,0.5630852
3,0,0,0.15694833
3,0,0,0.22256395
3,0,0,0.47937694
3,0,1,0.8166192
3,0,0,0.09450386
3,0,0,0.22129068
3,1,1,0.7197299
3,0,0,0.10626524
3,0,0,0.38762382
3,0,0,0.08788875
3,0,1,0.62205607
3,0,0,0.2844816
3,1,1,0.5974794
3,1,0,0.2815536
3,0,0,0.33190244
3,0,0,0.46921203
3,0,0,0.4251059
3,0,0,0.46514085
3,0,0,0.36228046
3,0,0,0.12751248
3,1,0,0.19333223
3,0,0,0.17217095
3,0,0,0.27224642
3,0,0,0.06204318
3,0,0,0.48589143
3,0,0,0.1909816
3,0,1,0.73182714
3,0,0,0.27497962
3,1,0,0.3544777
3,1,1,0.56823283
3,0,0,0.15777108
3,1,1,0.5323615
3,1,0,0.27553955
3,1,0,0.24685934
3,0,1,0.53807247
3,1,0,0.2393017
3,0,0,0.47813135
3,0,0,0.2761429
3,1,1,0.64199626
3,0,1,0.5159851
3,0,0,0.16154855
3,1,1,0.85501343
3,1,0,0.12843388
3,1,1,0.5738174
3,0,0,0.17254046
3,0,1,0.50422275
3,0,0,0.45294538
3,0,0,0.1195768
3,0,0,0.10484457
3,1,0,0.23376285
3,0,1,0.6364814
3,0,0,0.4934622
3,1,1,0.5479552
3,0,0,0.3569869
3,1,0,0.26477602
3,0,0,0.33910614
3,1,1,0.5663441
3,0,0,0.1822183
3,0,0,0.19465284
3,1,1,0.5556197
3,0,0,0.07265184
3,0,0,0.20610096
3,0,0,0.10964715
3,1,1,0.8603377
3,1,1,0.64813894
3,0,1,0.6727922
3,0,0,0.447712
3,1,0,0.4703699
3,0,1,0.6131994
3,0,1,0.56922096
3,1,0,0.4300668
3,1,1,0.5214904
3,0,1,0.8338995
3,1,1,0.71055347
3,1,1,0.82864463
3,0,1,0.54316247
3,1,1,0.77169794
3,1,1,0.7765057
3,0,0,0.28864694
3,1,1,0.6636495
3,1,0,0.1082068
3,1,1,0.8687883
3,1,1,0.7832942
3,0,1,0.7068405
3,1,1,0.91065925
3,1,0,0.43956712
3,0,1,0.8928602
3,0,0,0.37555152
3,0,1,0.5234111
3,0,1,0.63720447
3,0,0,0.48288023
3,0,1,0.7969825
3,1,1,0.89148545
3,0,0,0.31957945
3,1,1,0.84611756
3,1,1,0.8814483
3,1,1,0.6524475
3,0,1,0.72957873
3,1,1,0.85016185
3,0,1,0.7971708
3,1,1,0.79073536
3,1,1,0.9290131
3,1,1,0.89098
3,0,1,0.9065838
3,0,1,0.7303954
3,0,1,0.5155743
3,1,1,0.7418044
3,0,1,0.6849318
3,1,0,0.30147102
3,0,0,0.46938428
3,0,0,0.48476446
3,1,1,0.7695522
3,1,1,0.67993313
3,1,1,0.8306811
3,1,1,0.89640117
3,0,0,0.4082936
3,0,0,0.38363478
3,1,0,0.45800477
3,1,1,0.74703276
3,0,0,0.39416394
3,1,1,0.6642852
3,1,1,0.8867257
3,0,0,0.44809374
3,0,0,0.36490223
3,0,1,0.7388286
3,0,1,0.635206
3,0,0,0.27184257
3,1,1,0.5648965
3,0,0,0.16227645
3,1,1,0.6024366
3,1,0,0.35985327
3,0,0,0.05237199
3,0,1,0.90437365
3,0,1,0.60528153
3,1,1,0.65374935
3,1,0,0.4842887
3,0,0,0.2492755
3,0,1,0.7016002
3,0,0,0.46523914
3,0,0,0.40891916
3,0,0,0.42786446
3,1,0,0.45095202
3,1,0,0.44697767
3,1,1,0.64558077
3,1,0,0.4420105
3,0,0,0.27780563
3,0,0,0.08030577
3,1,0,0.49485633
3,1,0,0.29359138
3,0,0,0.4996406
3,0,1,0.6169072
3,0,1,0.63547343
3,1,1,0.52955896
3,1,0,0.3664012
3,0,0,0.4746512
3,1,1,0.5179269
3,0,1,0.50408053
3,0,1,0.6204995
3,1,0,0.43385494
3,0,0,0.16946322
3,0,1,0.5432871
3,0,0,0.49009413
3,1,0,0.43013504
3,0,0,0.40511864
3,1,1,0.5455759
3,0,1,0.54936916
3,0,0,0.49211276
3,0,1,0.55339587
3,1,1,0.5898823
3,0,0,0.49145263
3,1,1,0.83307457
3,0,0,0.48500907
3,0,1,0.5448977
3,0,1,0.6167444
3,0,1,0.5690944
3,0,0,0.4551013
3,1,0,0.29779333
3,1,1,0.6197073
3,1,0,0.46338916
3,1,1,0.8158606
3,0,0,0.05226389
3,1,1,0.645601
3,0,1,0.73484015
3,0,1,0.6555729
3,0,1,0.7254482
3,0,0,0.3792788
3,1,1,0.7599309
3,0,1,0.769536
3,1,1,0.8288997
3,1,1,0.8123286
3,1,1,0.88122684
3,0,0,0.46374744
3,0,1,0.7020072
3,0,1,0.7008779
3,1,1,0.7917365
3,1,1,0.84304756
3,1,0,0.15023015
3,0,1,0.6150249
3,1,1,0.888337
3,1,1,0.8153749
3,0,1,0.7130632
3,1,1,0.8183599
3,1,1,0.77958715
3,0,1,0.6418156
3,0,1,0.850111
3,1,1,0.6702958
3,0,1,0.8018183
3,1,1,0.89464355
3,0,1,0.5830896
3,0,0,0.48061043
3,0,1,0.73491156
3,1,1,0.8703466
3,1,1,0.8549153
3,0,1,0.6111779
3,0,0,0.4259423
3,1,1,0.77688193
3,1,1,0.87093127
3,1,1,0.9204764
3,1,1,0.8565954
3,1,1,0.821124
3,1,1,0.74749273
3,0,1,0.5444137
3,0,1,0.6221527
3,0,1,0.71097016
3,1,1,0.83627445
3,1,1,0.8210981
3,1,1,0.7395982
3,1,0,0.070313856
3,1,1,0.84212613
3,0,1,0.52119243
3,0,1,0.73732704
3,0,0,0.4328752
3,1,1,0.7516065
3,0,1,0.53835666
3,1,0,0.42792335
3,0,1,0.71422416
3,0,1,0.5979659
3,0,0,0.2754229
3,0,0,0.39869076
3,0,0,0.47339466
3,0,0,0.4709921
3,0,0,0.46504745
3,1,1,0.7415662
3,0,0,0.41696483
3,0,1,0.55502206
3,1,1,0.7572582
3,0,1,0.57554
3,1,1,0.6058004
3,0,0,0.3286389
3,1,1,0.6714069
3,1,1,0.6877464
3,0,0,0.4285175
3,0,0,0.44240534
3,0,0,0.473953
3,1,0,0.45999607
3,1,1,0.848853
3,0,0,0.21627645
3,0,0,0.48250103
3,1,1,0.7582
3,0,1,0.53234875
3,0,0,0.40775812
3,0,0,0.36810845
3,1,1,0.7146331
3,1,1,0.82721543
3,1,1,0.7437127
3,1,1,0.7535043
3,1,1,0.80336463
3,0,1,0.5544654
3,0,0,0.09138804
3,1,1,0.7141729
3,1,0,0.26295403
3,0,0,0.42058277
3,0,0,0.11040708
3,0,0,0.18857972
3,0,0,0.24933578
3,0,1,0.61270946
3,1,0,0.49496517
3,1,1,0.6330939
3,1,0,0.24735261
3,1,1,0.7639494
3,1,1,0.85020036
3,1,1,0.56234175
3,0,1,0.53462327
3,0,0,0.3379067
3,0,0,0.45082295
3,0,0,0.41811445
3,0,0,0.4030212
3,1,1,0.5963804
3,1,1,0.6035761
3,0,0,0.15456343
3,0,0,0.28446472
3,0,0,0.43156815
3,0,0,0.47444853
3,0,0,0.2529791
3,0,0,0.100886755
3,1,0,0.4779797
3,0,0,0.44068018
3,0,1,0.71988976
3,0,0,0.124889806
3,0,0,0.12726703
3,0,0,0.17216715
3,0,0,0.19291279
3,1,1,0.5625245
3,0,1,0.68796957
3,1,1,0.53490555
3,1,1,0.5323694
3,1,1,0.80037266
3,1,1,0.55580914
3,1,1,0.7840423
3,1,1,0.6377958
3,1,1,0.8415069
3,1,1,0.78590375
3,1,0,0.34227207
3,1,1,0.6657115
3,1,1,0.8787521
3,1,1,0.67328465
3,1,1,0.53947926
3,0,0,0.09948242
3,0,0,0.07791255
3,1,1,0.58345324
3,0,1,0.6001678
3,0,0,0.4773768
3,1,0,0.46855175
3,0,1,0.5208778
3,1,1,0.5898099
3,0,1,0.89685506
3,0,1,0.6397472
3,0,0,0.43400386
3,1,1,0.63843846
3,1,1,0.5571115
3,0,1,0.50908774
3,1,1,0.5112959
3,1,1,0.7479642
3,0,0,0.33802876
3,0,0,0.16100217
3,0,0,0.1080537
3,1,1,0.6858309
3,0,0,0.12752533
3,0,0,0.06597905
3,0,1,0.507618
3,1,1,0.6471689
3,1,0,0.3320656
3,1,1,0.51577973
3,1,1,0.51506823
3,0,0,0.23105851
3,1,0,0.1607541
3,1,1,0.68567693
3,0,1,0.55092984
3,0,1,0.6218054
3,0,0,0.49022368
3,0,1,0.5878746
3,0,0,0.22029415
3,0,0,0.09748626
3,1,1,0.69527197
3,0,0,0.10567528
3,0,1,0.81089634
3,1,0,0.47358888
3,0,0,0.48031476
3,1,1,0.57352585
3,0,1,0.60925704
3,1,0,0.44300926
3,1,1,0.65203637
3,0,1,0.6768089
3,0,0,0.2665869
3,0,1,0.52550244
3,1,1,0.6266353
3,1,0,0.47353595
3,0,0,0.3379421
3,1,1,0.66672605
3,0,0,0.14890955
3,1,1,0.69180864
3,1,1,0.5421865
3,1,1,0.66024375
3,0,0,0.21262391
3,0,0,0.4092862
3,0,0,0.07778319
3,0,1,0.6466818
3,0,0,0.36654067
3,0,0,0.065633595
3,0,0,0.34671262
3,0,0,0.4874321
3,1,0,0.45490855
3,0,0,0.4265128
3,1,1,0.7308772
3,0,0,0.42520657
3,1,1,0.5948366
3,0,1,0.55893654
3,1,0,0.4779981
3,1,0,0.3595836
3,0,0,0.4378816
3,1,1,0.60885113
3,0,0,0.49445513
3,1,1,0.8466862
3,1,0,0.4814438
3,1,1,0.5718235
3,1,1,0.6396681
3,0,0,0.19128567
3,0,1,0.6124113
3,0,0,0.47156328
3,1,0,0.49829814
3,0,0,0.48826903
3,1,1,0.65180635
3,0,1,0.6456745
3,0,0,0.34065336
3,1,1,0.8228995
3,0,0,0.476446
3,1,1,0.66023296
3,1,1,0.53747696
3,0,1,0.52417535
3,1,1,0.67761225
3,1,1,0.63953334
3,0,1,0.7030772
3,1,1,0.5541871
3,0,0,0.32803497
3,0,0,0.11310805
3,0,1,0.66186017
3,0,0,0.4821727
3,0,1,0.6517819
3,0,0,0.3977807
3,0,0,0.16212961
3,0,1,0.53564304
3,1,1,0.5723755
3,0,0,0.28067586
3,1,0,0.20049845
3,1,0,0.06709334
3,1,1,0.8779627
3,1,0,0.21994078
3,0,0,0.123326935
3,0,0,0.33908814
3,0,1,0.669271
3,1,0,0.4325407
3,1,1,0.6659555
3,0,0,0.43519005
3,0,0,0.3365539
3,1,0,0.4723745
3,0,0,0.18054546
3,0,0,0.18129756
3,1,1,0.805163
3,0,1,0.62352836
3,0,0,0.4754798
3,0,0,0.1291457
3,0,1,0.5178192
3,1,1,0.6159836
3,1,1,0.55614984
3,1,1,0.7999409
3,1,1,0.7313302
3,1,0,0.33340067
3,0,0,0.16100968
3,0,1,0.5480943
3,1,1,0.65462375
3,1,1,0.7921547
3,0,1,0.7579609
3,0,0,0.4043611
3,0,0,0.11767952
3,1,1,0.6880613
3,0,0,0.45065954
3,0,0,0.24744551
3,1,1,0.77149785
3,1,0,0.4553807
3,1,0,0.15434915
3,1,0,0.34805176
3,0,0,0.15287884
3,0,1,0.61868227
3,1,0,0.17515399
3,0,0,0.12081404
3,0,0,0.25193694
3,0,0,0.109631404
3,0,0,0.31838086
3,0,0,0.46167034
3,1,1,0.5490131
3,0,1,0.5660848
3,0,1,0.7931446
3,1,1,0.72251195
3,0,0,0.45071763
3,1,0,0.11337732
3,0,0,0.121027045
3,0,0,0.33184
3,1,1,0.62632567
3,0,1,0.5449154
3,1,1,0.59919024
3,1,1,0.54558307
3,1,0,0.43286222
3,1,1,0.685407
3,0,0,0.32010168
3,0,0,0.294571
3,0,0,0.10707058
3,1,1,0.6400336
3,0,0,0.42082998
3,1,1,0.79911214
3,0,0,0.21930276
3,1,0,0.49475247
3,0,0,0.29866147
3,0,0,0.22710876
3,0,0,0.40128246
3,1,0,0.4654121
3,1,1,0.74917936
3,1,1,0.7228917
3,0,0,0.38625833
3,1,1,0.56570846
3,1,1,0.62336046
3,0,0,0.16113369
3,0,1,0.6892529
3,1,1,0.5564773
3,0,1,0.5949986
3,0,0,0.44431707
3,0,1,0.62615865
3,1,1,0.6535775
3,0,0,0.43985572
3,1,1,0.54270995
3,0,1,0.5033101
3,1,0,0.38588518
3,1,0,0.3655499
3,1,1,0.56668425
3,0,0,0.43815303
3,1,1,0.57992
3,1,1,0.7080182
3,1,1,0.635026
3,0,0,0.46731284
3,0,1,0.6303082
3,0,0,0.37554947
3,0,0,0.46544296
3,0,1,0.7042555
3,0,0,0.42033556
3,0,0,0.4917384
3,1,1,0.79822594
3,0,0,0.44458944
3,0,1,0.55794597
3,1,0,0.29318872
3,0,0,0.42808494
3,1,0,0.42435953
3,1,1,0.5940137
3,1,1,0.65169746
3,0,0,0.2808761
3,0,1,0.6648761
3,0,1,0.7342003
3,0,1,0.52905124
3,1,1,0.9132694
3,0,1,0.66682404
3,1,1,0.7892305
3,0,0,0.45544547
3,0,1,0.5537752
3,1,1,0.6917604
3,0,0,0.39197668
3,0,1,0.70963037
3,1,0,0.43138254
3,0,1,0.56139916
3,1,1,0.69076115
3,1,1,0.7336839
3,0,0,0.23044619
3,0,0,0.46728206
3,0,1,0.539134
3,0,1,0.7361656
3,1,0,0.46758837
3,1,1,0.5208519
3,0,0,0.28680658
3,1,0,0.40324467
3,1,1,0.75521934
3,0,0,0.19411452
3,0,0,0.21184586
3,0,0,0.23212087
3,0,0,0.047056902
3,1,1,0.90711987
3,1,1,0.6232616
3,1,0,0.455384
3,0,0,0.16977416
3,1,1,0.7550886
3,0,0,0.46638367
3,0,0,0.28146723
3,0,1,0.71320283
3,0,0,0.42850718
3,0,0,0.48017457
3,1,1,0.59023184
3,1,1,0.63713217
3,0,1,0.5736622
3,0,1,0.60940987
3,1,1,0.8336205
3,0,1,0.54877234
3,0,1,0.5157339
3,1,1,0.5622911
3,1,0,0.41230848
3,1,1,0.6253246
3,0,0,0.23949428
3,1,1,0.8389137
3,0,1,0.6237662
3,0,0,0.11323928
3,1,1,0.5705716
3,0,0,0.18054546
3,1,1,0.78320354
3,1,1,0.55413395
3,0,0,0.36386013
3,1,1,0.6709727
3,0,0,0.39000547
3,0,0,0.19703192
3,1,1,0.6454853
3,1,1,0.68244255
3,0,0,0.104737334
3,0,0,0.19069505
3,1,1,0.60529685
3,1,0,0.40253642
3,0,0,0.12790547
3,1,1,0.7953493
3,0,0,0.49314433
3,0,0,0.15973158
3,0,0,0.36963308
3,0,1,0.5890047
3,1,1,0.6711004
3,1,1,0.692242
3,0,0,0.29917803
3,1,0,0.4704077
3,1,1,0.5194939
3,0,1,0.84586036
3,1,1,0.7305201
3,1,1,0.62589055
3,0,0,0.36579385
3,0,0,0.16904841
3,0,0,0.120651916
3,1,1,0.7198702
3,0,1,0.59240246
3,1,1,0.5396424
3,1,0,0.41168153
3,0,0,0.49678499
3,0,0,0.42444217
3,1,0,0.4673936
3,0,1,0.5397935
3,0,0,0.08608417
3,1,1,0.544438
3,0,1,0.53077567
3,0,1,0.629968
3,1,0,0.49125585
3,0,1,0.6450334
3,1,0,0.4886452
3,0,1,0.5656069
3,0,0,0.4318817
3,0,1,0.5364256
3,0,0,0.09750903
3,0,1,0.5190674
3,0,1,0.50110507
3,1,1,0.5670426
3,0,0,0.4905889
3,0,1,0.5358677
3,0,0,0.27744234
3,0,0,0.18140176
3,0,1,0.5310297
3,0,0,0.34496632
3,0,1,0.7375072
3,0,1,0.60183287
3,1,1,0.5840535
3,0,1,0.6125709
3,1,0,0.46278247
3,1,0,0.4945349
3,0,1,0.6091048
3,0,0,0.45170215
3,1,1,0.5665823
3,1,1,0.5541242
3,1,1,0.5932625
3,1,1,0.65017664
3,1,1,0.60744494
3,1,0,0.41516647
3,0,1,0.5787832
3,1,0,0.2787658
3,1,0,0.44353735
3,1,1,0.57386
3,0,0,0.39583954
3,1,0,0.39882046
3,1,1,0.7117033
3,0,0,0.3117168
3,1,1,0.54031146
3,0,1,0.6287958
3,0,1,0.60506606
3,1,0,0.48244897
3,1,1,0.5109601
3,1,1,0.6202029
3,0,0,0.32357103
3,0,1,0.57034826
3,1,0,0.48469365
3,0,1,0.7134979
3,0,0,0.40479106
3,0,0,0.43326798
3,0,1,0.5283822
3,0,1,0.50282604
3,0,0,0.32116377
3,0,1,0.51738954
3,1,1,0.5897122
3,0,0,0.46056712
3,0,0,0.41568574
3,0,1,0.55164415
3,0,0,0.38061368
3,1,0,0.39604387
3,0,0,0.35727385
3,1,1,0.8786231
3,0,1,0.7502318
3,0,1,0.57123566
3,0,0,0.13128586
3,1,1,0.71109015
3,0,1,0.7324848
3,1,1,0.699107
3,0,0,0.13019057
3,0,0,0.13444903
3,0,0,0.06343843
3,1,1,0.7565963
3,1,1,0.65482545
3,1,0,0.48043174
3,1,0,0.10123705
3,0,0,0.11008578
3,0,0,0.107045464
3,0,1,0.5619814
3,0,1,0.7387819
3,0,1,0.734489
3,1,1,0.8284104
3,0,1,0.5490698
3,1,0,0.48711625
3,1,0,0.40212694
3,0,0,0.44145927
3,1,1,0.5330041
3,0,1,0.5737358
3,0,0,0.37770286
3,1,1,0.8736323
3,0,1,0.5538491
3,1,1,0.5920265
3,0,0,0.1079915
3,0,1,0.6018924
3,0,0,0.3087167
3,1,0,0.46857643
3,1,0,0.118254505
3,0,0,0.09811871
3,0,0,0.061978754
3,1,0,0.4800521
3,0,1,0.8002988
3,0,0,0.4906955
3,0,0,0.38760433
3,0,1,0.5163395
3,0,1,0.5372133
3,0,0,0.2305641
3,1,0,0.45454654
3,1,0,0.22304669
3,0,0,0.09063795
3,0,1,0.6292325
3,1,1,0.64102983
3,1,1,0.67104816
3,0,1,0.6182146
3,0,0,0.47900012
3,1,1,0.59545535
3,0,1,0.55092776
3,1,1,0.5702479
3,0,1,0.5755079
3,1,1,0.5580165
3,1,1,0.7143435
3,0,1,0.58449465
3,1,1,0.71128625
3,1,1,0.600678
3,1,1,0.6512982
3,1,1,0.5397698
3,0,1,0.7481461
3,0,0,0.41537964
3,1,1,0.54201
3,0,1,0.6418575
3,1,0,0.4591229
3,1,1,0.6228852
3,1,1,0.88223994
3,0,0,0.4731829
3,1,1,0.6875543
3,0,0,0.4556686
3,1,1,0.6346654
3,0,0,0.332476
3,0,0,0.22476295
3,1,1,0.569079
3,1,1,0.7037632
3,0,0,0.2528207
3,1,1,0.61457044
3,0,0,0.10536425
3,1,1,0.7360329
3,1,0,0.35537878
3,1,1,0.61629635
3,0,0,0.18148495
3,0,0,0.49554124
3,0,0,0.08716779
3,1,0,0.38798535
3,0,1,0.5274877
3,0,0,0.32065657
3,1,1,0.68300474
3,0,1,0.5348888
3,1,1,0.5564211
3,1,0,0.390428
3,0,0,0.37708983
3,1,0,0.4734654
3,1,1,0.5385443
3,0,0,0.31942704
3,0,0,0.16416138
3,0,0,0.19456205
3,1,1,0.5550332
3,1,1,0.77620196
3,0,1,0.59235626
3,1,1,0.63970464
3,0,0,0.45411855
3,1,1,0.5956516
3,0,0,0.10150888
3,1,0,0.43388277
3,1,1,0.67310464
3,0,0,0.39664114
3,1,1,0.85235417
3,0,1,0.6506081
3,0,1,0.56985366
3,1,1,0.64960814
3,1,0,0.45033786
3,0,0,0.44798887
3,1,1,0.64629346
3,0,1,0.5871842
3,0,1,0.5622268
3,0,0,0.27364177
3,1,0,0.11136305
3,0,0,0.31113577
3,1,0,0.3508545
3,1,1,0.7882556
3,0,1,0.6459271
3,1,1,0.5579523
3,0,0,0.23894697
3,0,1,0.6784888
3,1,1,0.5854007
3,0,0,0.4543767
3,0,1,0.67244595
3,0,1,0.5681112
3,0,1,0.7354008
3,1,1,0.6619053
3,0,0,0.44050267
3,1,1,0.5274515
3,1,1,0.6523238
3,0,1,0.80176467
3,0,1,0.7530507
3,0,0,0.12220766
3,1,1,0.68746305
3,0,1,0.67664975
3,1,1,0.72835296
3,0,0,0.35536665
3,1,1,0.7698977
3,1,0,0.19506091
3,1,1,0.6190057
3,1,1,0.56152916
3,1,1,0.7343499
3,0,1,0.55410093
3,1,1,0.74486727
3,1,1,0.7411205
3,1,1,0.67518747
3,0,1,0.6998048
3,0,0,0.34513038
3,1,1,0.61827314
3,1,1,0.7709621
3,1,1,0.69022167
3,1,1,0.5740689
3,1,1,0.6660335
3,0,1,0.6190781
3,1,1,0.75043494
3,0,1,0.7244672
3,0,1,0.6065024
3,1,1,0.5464691
3,0,0,0.33506182
3,0,0,0.47745422
3,1,1,0.68021643
3,0,0,0.402053
3,0,0,0.3849476
3,0,0,0.26113647
3,0,0,0.07370656
3,0,0,0.12100629
3,0,1,0.67494357
3,0,0,0.1290967
3,1,1,0.5503624
3,1,1,0.60052896
3,0,0,0.13677715
3,0,0,0.2933095
3,0,0,0.3861416
3,0,0,0.38833576
3,0,1,0.73198426
3,1,1,0.6087504
3,1,1,0.6226418
3,1,1,0.61340666
3,1,1,0.5522193
3,1,1,0.75308436
3,0,0,0.37518445
3,1,1,0.53097045
3,1,0,0.42061025
3,1,1,0.6663477
3,1,1,0.5143014
3,0,1,0.60538965
3,0,0,0.111871235
3,0,1,0.60713613
3,0,1,0.65905297
3,1,1,0.5616546
3,1,1,0.7708117
3,0,0,0.4491919
3,0,1,0.6924674
3,1,1,0.73243123
3,0,0,0.22339205
3,0,0,0.16952817
3,1,1,0.54535884
3,1,1,0.6908107
3,0,0,0.103649266
3,0,0,0.25534827
3,1,0,0.23557848
3,0,0,0.29828846
3,0,1,0.92133677
3,0,0,0.3749677
3,0,0,0.1990928
3,0,0,0.1561585
3,1,0,0.3718613
3,1,1,0.70995057
3,1,1,0.62724465
3,1,0,0.43438867
3,0,0,0.082742944
3,1,0,0.3511958
3,1,0,0.11761773
3,0,1,0.63383156
3,1,1,0.7904117
3,0,1,0.70089537
3,1,1,0.66995484
3,1,1,0.5929756
3,1,1,0.6214782
3,0,1,0.69368184
3,1,1,0.72093487
3,1,1,0.6310255
3,0,1,0.6696655
3,0,1,0.62617666
3,0,1,0.6691672
3,1,1,0.6891513
3,1,1,0.76957107
3,0,0,0.46247715
3,0,0,0.28964964
3,1,1,0.7323736
3,0,0,0.07881102
3,1,0,0.30383056
3,0,0,0.11613207
3,0,0,0.15120709
3,0,0,0.103533864
3,0,0,0.29618698
3,1,1,0.6746061
3,1,1,0.63696826
3,1,1,0.7889117
3,1,1,0.6000173
3,1,1,0.5892055
3,0,0,0.36195353
3,1,0,0.1260982
3,1,1,0.8025748
3,1,1,0.63371253
3,0,1,0.646561
3,1,0,0.46147805
3,1,1,0.8168412
3,1,1,0.77772593
3,1,1,0.8518538
3,1,0,0.24637766
3,0,0,0.26821372
3,0,0,0.2937394
3,0,0,0.11043016
3,0,0,0.17321022
3,1,1,0.61035943
3,0,0,0.19210969
3,0,0,0.12352403
3,0,0,0.2123228
3,1,1,0.77080405
3,0,0,0.26758277
3,0,0,0.18825895
3,1,0,0.33754766
3,1,1,0.63579
3,0,0,0.1118882
3,0,0,0.11125939
3,0,0,0.09487755
3,1,0,0.38172868
3,1,0,0.35585833
3,1,1,0.5258876
3,0,0,0.064045765
3,0,1,0.67693746
3,0,1,0.64425355
3,0,1,0.7394504
3,1,0,0.1784029
3,0,0,0.31422326
3,0,0,0.1813757
3,1,1,0.76133084
3,0,0,0.15455666
3,0,0,0.06522074
3,0,0,0.40682203
3,0,0,0.18827894
3,0,0,0.21068361
3,1,1,0.7552449
3,0,0,0.30186534
3,0,1,0.7939225
3,0,0,0.10585979
3,0,0,0.22534356
3,1,0,0.22980368
3,0,0,0.3286749
3,0,0,0.08814734
3,0,0,0.22713517
3,0,0,0.27088097
3,0,0,0.13819304
3,0,0,0.43226233
3,0,0,0.38485056
3,0,0,0.109797925
3,1,0,0.48623458
3,0,0,0.4520035
3,1,1,0.5234261
3,1,0,0.36539277
3,0,0,0.36752346
3,1,1,0.59889007
3,1,1,0.53589493
3,1,0,0.3404067
3,0,0,0.43167087
3,1,1,0.7415452
3,0,1,0.5885135
3,0,1,0.7025695
3,0,0,0.35103315
3,1,0,0.4960154
3,0,0,0.16695423
3,0,1,0.61937106
3,0,0,0.17306757
3,1,1,0.55078596
3,1,1,0.7618304
3,1,1,0.6912707
3,0,1,0.5671705
3,0,0,0.19334005
3,0,0,0.41243756
3,1,0,0.39313933
3,0,0,0.24856244
3,0,0,0.060975604
3,1,1,0.664707
3,0,1,0.61601967
3,0,0,0.21880831
3,1,0,0.44958317
3,0,1,0.6004006
3,1,1,0.7749831
3,0,0,0.4582544
3,1,0,0.30895516
3,1,1,0.79473555
3,1,1,0.62573403
3,1,1,0.678226
3,0,1,0.5702024
3,0,1,0.5148337
3,0,1,0.5621013
3,1,1,0.5481931
3,0,1,0.50466985
3,0,0,0.37106588
3,0,0,0.27875325
3,0,1,0.66208357
3,1,1,0.55707145
3,0,0,0.35075614
3,0,0,0.40151635
3,0,0,0.13149664
3,1,1,0.72320557
3,1,1,0.7252823
3,0,0,0.44137526
3,0,1,0.5349847
3,0,1,0.5859062
3,1,1,0.76095265
3,0,1,0.7245442
3,1,0,0.4847053
3,0,0,0.18166193
3,0,0,0.2712652
3,1,1,0.6699505
3,1,1,0.7300057
3,1,1,0.64820826
3,1,1,0.66033745
3,1,1,0.67929965
3,1,1,0.71776104
3,0,0,0.48623458
3,0,0,0.4520035
3,1,1,0.5234261
3,0,0,0.36539277
3,0,0,0.36752346
3,1,1,0.59889007
3,1,1,0.53589493
3,0,0,0.3404067
3,0,0,0.43167087
3,0,1,0.7415452
3,0,1,0.5885135
3,1,1,0.7025695
3,0,0,0.35103315
3,1,0,0.4960154
3,0,0,0.16695423
3,0,1,0.61937106
3,0,0,0.17306757
3,0,1,0.55078596
3,0,1,0.61707866
3,1,1,0.5968958
3,0,1,0.6949293
3,0,1,0.51076955
3,0,1,0.68134266
3,0,1,0.65224946
3,1,1,0.50282377
3,1,1,0.71354926
3,1,1,0.6738091
3,0,1,0.508688
3,1,1,0.86033016
3,0,1,0.6053296
3,1,1,0.59471047
3,1,1,0.8021057
3,0,0,0.22110847
3,1,1,0.5751771
3,0,0,0.30150625
3,0,0,0.097486936
3,0,0,0.13803464
3,1,0,0.22764875
3,0,0,0.3376412
3,0,0,0.42395964
3,1,0,0.25520787
3,0,0,0.28333783
3,1,1,0.60648376
3,0,0,0.45491892
3,1,0,0.37065712
3,1,1,0.7950455
3,1,1,0.8561164
3,1,1,0.71656215
3,1,1,0.59902275
3,0,0,0.050730977
3,0,1,0.6992456
3,1,1,0.6488207
3,1,1,0.5362527
3,0,0,0.46652314
3,0,1,0.57157737
3,1,1,0.61214423
3,1,1,0.69091356
3,0,1,0.6263607
3,0,0,0.2877651
3,0,0,0.29810423
3,0,0,0.16537158
3,0,0,0.14886774
3,1,0,0.10147517
3,0,1,0.7340017
3,1,1,0.72571117
3,0,1,0.5061965
3,0,0,0.07272199
3,1,1,0.70996976
3,1,1,0.6478523
3,0,1,0.65997434
3,1,1,0.84402287
3,0,1,0.5927995
3,0,1,0.7091196
3,1,1,0.7112277
3,1,1,0.59044516
3,0,0,0.34287247
3,1,0,0.2779001
3,1,0,0.4116746
3,1,1,0.8123435
3,1,1,0.68854505
3,1,1,0.5456252
3,1,1,0.64251906
3,0,1,0.511398
3,0,1,0.70149904
3,0,0,0.45610535
3,1,1,0.5807192
3,0,0,0.44067994
3,1,0,0.3424193
3,0,1,0.5729667
3,0,1,0.9417662
3,0,1,0.54711455
3,0,1,0.5830265
3,0,1,0.75653183
3,1,1,0.6451975
3,1,1,0.67714614
3,1,0,0.40704253
3,1,0,0.49379286
3,0,0,0.18853618
3,0,0,0.117204934
3,0,0,0.17337638
3,1,1,0.696695
3,0,1,0.54698014
3,1,1,0.70479685
3,1,1,0.56025404
3,1,1,0.7457003
3,0,1,0.63785124
3,1,1,0.6254195
3,0,0,0.15723659
3,1,1,0.5830537
3,1,1,0.61429137
3,1,1,0.6799298
3,1,0,0.40515783
3,0,0,0.41029724
3,0,0,0.45497847
3,1,1,0.6635102
3,1,1,0.68549657
3,1,1,0.7679866
3,0,0,0.46155253
3,1,1,0.5718667
3,0,0,0.15759856
3,0,0,0.09050569
3,0,0,0.0978331
3,0,1,0.73969376
3,0,0,0.16446143
3,1,0,0.38868108
3,0,1,0.74087
3,0,0,0.21813026
3,0,0,0.095163755
3,1,1,0.75322074
3,1,1,0.72414786
3,0,0,0.3734789
3,0,1,0.7211225
3,1,1,0.67337364
3,0,0,0.4459975
3,0,1,0.7294684
3,1,1,0.7789052
3,0,0,0.46590176
3,0,1,0.74956197
3,1,1,0.8052831
3,1,1,0.83538294
3,1,1,0.7413895
3,0,1,0.6901584
3,0,0,0.11033823
3,0,1,0.692842
3,1,1,0.5735409
3,1,1,0.60626435
3,1,1,0.7322747
3,0,0,0.447194
3,1,1,0.765369
3,1,1,0.65306926
3,0,0,0.22052054
3,0,0,0.20826939
3,0,0,0.07029933
3,1,1,0.73894507
3,1,0,0.41255602
3,1,0,0.45321134
3,0,0,0.06926271
3,1,0,0.41818962
3,0,0,0.46420473
3,0,1,0.56175727
3,0,1,0.6533025
3,1,1,0.60959625
3,0,0,0.41058597
3,0,0,0.49188375
3,1,0,0.29914457
3,0,1,0.7567203
3,1,1,0.69977206
3,0,0,0.21954507
3,0,0,0.20880906
3,0,0,0.18076162
3,1,1,0.74421895
3,0,1,0.5575767
3,0,0,0.3395155
3,0,0,0.10538985
3,0,0,0.1861781
3,0,0,0.46569693
3,0,0,0.32146394
3,1,1,0.506849
3,1,0,0.4668382
3,1,1,0.6958575
3,0,0,0.19058701
3,1,0,0.1684483
3,1,0,0.19462632
3,1,0,0.30981976
3,0,0,0.049862426
3,1,1,0.8297169
3,0,1,0.5693651
3,1,1,0.75327885
3,1,1,0.54990566
3,0,0,0.36003307
3,0,0,0.099456266
3,1,1,0.6072694
3,1,1,0.7401703
3,1,1,0.75769097
3,0,0,0.15228875
3,1,1,0.69695944
3,0,0,0.14108603
3,0,0,0.25893012
3,0,0,0.26794443
3,0,0,0.14922458
3,0,0,0.056330286
3,1,1,0.57530063
3,1,1,0.71575135
3,0,1,0.70646125
3,1,0,0.1507893
3,0,0,0.15466335
3,0,0,0.21157037
3,0,0,0.3095262
3,1,1,0.7488085
3,0,1,0.57750165
3,1,1,0.6693803
3,0,0,0.16523728
3,0,0,0.31788993
3,0,1,0.6673325
3,1,1,0.53628236
3,1,1,0.8440468
3,0,1,0.6106503
3,0,0,0.3637451
3,0,0,0.42482126
3,1,1,0.6820234
3,1,1,0.7739972
3,1,1,0.64309555
3,1,0,0.29691553
3,0,0,0.1642395
3,1,1,0.71371347
3,0,0,0.21485569
3,0,0,0.17621426
3,0,0,0.24629475
3,1,1,0.6403395
3,0,0,0.28427523
3,1,0,0.18469088
3,0,0,0.46773627
3,0,0,0.120092265
3,0,0,0.3408578
3,0,0,0.25946426
3,0,0,0.34009016
3,1,1,0.79950106
3,0,0,0.44432348
3,1,1,0.62728834
3,0,0,0.13882928
3,1,1,0.7221628
3,1,1,0.6006256
3,0,1,0.52225375
3,0,0,0.24931721
3,0,0,0.20930372
3,0,0,0.439071
3,0,0,0.12170878
3,0,0,0.091509074
3,1,1,0.76228744
3,0,0,0.36901146
3,1,0,0.26008785
3,1,0,0.18410568
3,0,0,0.10808036
3,1,0,0.14396144
3,1,1,0.8142242
3,1,1,0.58290327
3,0,0,0.4375076
3,1,1,0.7309671
3,0,0,0.16698147
3,0,0,0.11789819
3,0,1,0.5823754
3,1,1,0.62605983
3,0,1,0.5317385
3,0,1,0.55878025
3,1,1,0.760034
3,0,1,0.6822517
3,1,0,0.4341842
3,0,1,0.70211
3,0,1,0.5931252
3,0,0,0.37890765
3,1,1,0.81764036
3,1,1,0.7448858
3,1,1,0.5861617
3,1,1,0.6379631
3,1,0,0.07590887
3,1,0,0.47885716
3,0,1,0.76007175
3,0,1,0.7089998
3,0,0,0.48776132
3,0,0,0.4916395
3,1,1,0.7059748
3,0,1,0.5454436
3,0,0,0.3923958
3,0,1,0.52526295
3,0,0,0.35127106
3,1,1,0.92153716
3,0,1,0.7237027
3,1,1,0.74778426
3,0,0,0.22912148
3,1,1,0.7430009
3,0,1,0.6464037
3,0,1,0.54366904
3,0,0,0.34619275
3,1,0,0.2849003
3,0,1,0.7688067
3,1,1,0.6251937
3,0,0,0.19021459
3,1,1,0.6649532
3,0,1,0.7880422
3,0,0,0.39648882
3,1,1,0.6283178
3,0,0,0.27826002
3,1,0,0.42824668
3,0,1,0.63427764
3,1,1,0.5998942
3,0,0,0.14116326
3,0,0,0.11932328
3,0,0,0.1286501
3,0,1,0.6965432
3,0,0,0.3075186
3,0,0,0.22546333
3,1,1,0.5607283
3,0,1,0.6296847
3,1,1,0.64552116
3,1,1,0.65961516
3,1,1,0.50996226
3,1,1,0.68234384
3,0,1,0.67012465
3,0,1,0.52749157
3,1,1,0.62417203
3,0,1,0.61745375
3,0,0,0.39101377
3,1,1,0.6600911
3,1,0,0.42528445
3,0,1,0.5809249
3,1,1,0.7004197
3,0,0,0.4874117
3,1,1,0.8222497
3,1,1,0.58395493
3,0,0,0.38740656
3,0,0,0.30269587
3,0,0,0.34827596
3,1,1,0.6390553
3,0,1,0.6774002
3,0,1,0.51017433
3,1,1,0.8066546
3,0,0,0.48154527
3,0,0,0.45263198
3,0,0,0.07479583
3,0,0,0.12404259
3,1,1,0.55988944
3,0,0,0.44003996
3,0,0,0.4368295
3,0,1,0.59477633
3,1,1,0.7056493
3,0,0,0.15502326
3,1,1,0.52856725
3,1,1,0.62046295
3,1,1,0.51050097
3,0,0,0.4562134
3,0,1,0.5037928
3,1,0,0.3465704
3,0,1,0.5082351
3,1,0,0.2865285
3,0,1,0.68659204
3,1,1,0.73270345
3,0,1,0.6950539
3,0,1,0.6887264
3,0,1,0.69664234
3,1,1,0.80187297
3,1,1,0.73274845
3,1,1,0.7578057
3,1,1,0.69400555
3,1,1,0.87921464
3,1,1,0.81603014
3,0,1,0.5990507
3,0,1,0.6419989
3,1,1,0.7643998
3,1,1,0.85129046
3,1,1,0.8289356
3,0,0,0.2889757
3,1,1,0.8490299
3,1,1,0.5941465
3,0,0,0.14260878
3,0,0,0.2296973
3,0,1,0.7569847
3,0,1,0.7622548
3,0,1,0.7315845
3,1,1,0.78045547
3,1,1,0.77477443
3,1,1,0.64735514
3,1,1,0.74738
3,1,1,0.6402027
3,1,1,0.7178688
3,1,1,0.87044454
3,1,1,0.8455237
3,1,1,0.7244336
3,0,0,0.20011915
3,1,1,0.5199317
3,0,1,0.6148869
3,0,1,0.58366436
3,0,1,0.6681258
3,0,1,0.50801486
3,1,1,0.68326855
3,1,1,0.5252407
3,1,1,0.6547428
3,0,0,0.424943
3,0,0,0.291645
3,0,0,0.10033966
3,0,0,0.15074378
3,1,1,0.9247188
3,0,1,0.8277821
3,1,1,0.7213866
3,1,0,0.30216977
3,0,0,0.18869647
3,0,0,0.1244531
3,0,1,0.52585
3,0,1,0.66049504
3,1,1,0.7755316
3,1,0,0.09845588
3,1,0,0.3225021
3,0,0,0.32205987
3,0,0,0.15101506
3,1,0,0.14474787
3,1,1,0.75731343
3,0,1,0.63759154
3,1,1,0.5798238
3,0,1,0.7660519
3,1,1,0.70478904
3,0,1,0.5374035
3,1,0,0.3005869
3,1,1,0.7364736
3,0,1,0.6027731
3,0,1,0.5939313
3,0,1,0.76589847
3,1,1,0.86858106
3,1,1,0.9038605
3,0,1,0.57538146
3,1,1,0.52779615
3,0,0,0.24926506
3,1,0,0.1547975
3,1,1,0.6613069
3,0,0,0.26544377
3,0,0,0.13600613
3,0,0,0.09185896
3,0,0,0.16018656
3,0,1,0.6083537
3,1,0,0.27867672
3,0,1,0.6128307
3,0,0,0.07610535
3,1,1,0.8429275
3,1,1,0.75237465
3,0,0,0.07792117
3,1,1,0.6152735
3,0,1,0.6611769
3,1,1,0.69312286
3,0,0,0.11545844
3,1,1,0.6580756
3,0,0,0.21663725
3,0,0,0.07004455
3,1,1,0.85810554
3,0,0,0.32096663
3,0,0,0.16438518
3,0,0,0.31236112
3,0,1,0.57177645
3,0,0,0.43727887
3,1,1,0.7913463
3,1,1,0.7014487
3,1,1,0.61148727
3,1,1,0.6531134
3,0,0,0.15732515
3,0,0,0.49224707
3,0,0,0.4397339
3,1,0,0.3301679
3,1,1,0.6586433
3,0,1,0.54369783
3,1,0,0.428603
3,1,0,0.474379
3,0,0,0.35675767
3,0,0,0.4353558
3,0,0,0.3876384
3,0,0,0.20489258
3,1,0,0.49542227
3,1,1,0.61375564
3,0,1,0.72610354
3,0,0,0.4942916
3,0,1,0.52605754
3,1,0,0.49375412
3,0,0,0.43672764
3,1,0,0.34336254
3,0,0,0.12392809
3,0,0,0.49441442
3,0,0,0.3203384
3,0,0,0.4786794
3,1,1,0.65934503
3,0,0,0.11517366
3,1,1,0.8088644
3,1,1,0.5579797
3,1,1,0.6559554
3,0,0,0.27874255
3,0,1,0.7900882
3,0,0,0.44873434
3,0,0,0.3764887
3,0,0,0.15416141
3,1,0,0.3034648
3,0,0,0.07880526
3,1,1,0.7169824
3,0,1,0.73701596
3,1,1,0.5922399
3,1,0,0.14935787
3,1,1,0.8696052
3,0,1,0.51445585
3,0,0,0.16843818
3,1,1,0.87695724
3,1,1,0.6691632
3,0,0,0.09764664
3,1,1,0.6109538
3,0,0,0.39744925
3,0,1,0.73086905
3,0,0,0.27535015
3,1,0,0.44765222
3,1,0,0.40007454
3,1,1,0.66506845
3,1,1,0.6366916
3,0,0,0.31282234
3,1,0,0.24754135
3,1,1,0.6022999
3,0,0,0.26267856
3,0,0,0.20819302
3,0,1,0.6052345
3,0,1,0.57375914
3,0,1,0.53034806
3,1,0,0.26093277
3,0,0,0.2561709
3,0,0,0.094480924
3,1,1,0.8403355
3,1,1,0.7628509
3,1,0,0.46347058
3,0,0,0.3206118
3,0,0,0.29341435
3,1,0,0.19225354
3,0,0,0.35581672
3,0,0,0.35731307
3,0,1,0.565333
3,0,1,0.7738268
3,0,1,0.6230246
3,1,1,0.57978916
3,0,1,0.75258446
3,1,1,0.727116
3,1,0,0.114422
3,0,0,0.10856926
3,1,0,0.46980017
3,0,1,0.7474604
3,0,0,0.23267648
3,1,0,0.27957794
3,0,0,0.3896447
3,1,1,0.861512
3,0,1,0.65328175
3,1,1,0.63933134
3,1,1,0.5778295
3,0,1,0.6315665
3,0,0,0.38869032
3,1,1,0.68450993
3,0,0,0.47059238
3,0,0,0.4383124
3,1,1,0.52201194
3,0,1,0.58855516
3,0,1,0.80260104
3,1,1,0.73721135
3,0,0,0.16254815
3,0,0,0.25063628
3,1,1,0.65924907
3,1,1,0.68138176
3,0,1,0.52974755
3,1,1,0.8718127
3,1,1,0.7176719
3,0,1,0.5423015
3,1,1,0.76081145
3,1,1,0.6870105
3,1,1,0.6820068
3,0,0,0.41700202
3,1,1,0.82405937
3,0,0,0.24734358
3,0,0,0.4487682
3,1,0,0.20311971
3,1,1,0.70449096
3,0,0,0.419314
3,0,0,0.15534656
3,0,0,0.48606807
3,0,0,0.13321453
3,0,0,0.07735285
3,0,0,0.25671056
3,0,0,0.18965498
3,0,0,0.48626608
3,0,0,0.4572272
3,0,0,0.25853026
3,1,0,0.31396976
3,1,0,0.3844892
3,1,0,0.48933858
3,0,0,0.10328041
3,1,0,0.16428655
3,0,0,0.16417815
3,1,0,0.34137937
3,1,1,0.53089255
3,0,0,0.37520272
3,1,0,0.2387031
3,1,0,0.14022166
3,0,1,0.76151717
3,1,1,0.72269416
3,0,1,0.6609352
3,0,0,0.24265625
3,0,1,0.623079
3,0,0,0.36395857
3,1,1,0.57953614
3,1,1,0.7815383
3,0,1,0.8014375
3,1,1,0.56685483
3,0,0,0.21700463
3,1,1,0.64550024
3,0,0,0.49894175
3,0,0,0.18374383
3,0,0,0.20583354
3,0,1,0.68318254
3,1,1,0.6063248
3,1,1,0.6800873
3,1,1,0.50813574
3,1,1,0.70225614
3,0,1,0.50560397
3,1,1,0.8006401
3,1,1,0.7144118
3,0,1,0.66095823
3,0,1,0.55374664
3,1,1,0.6407248
3,0,1,0.57498443
3,0,1,0.7984343
3,1,1,0.70244706
3,0,1,0.7058302
3,0,1,0.62448144
3,0,1,0.67919797
3,1,1,0.753551
3,0,0,0.11332625
3,0,0,0.21035057
3,1,1,0.79921556
3,0,0,0.19053079
3,1,1,0.6310433
3,0,0,0.14629051
3,0,0,0.38388893
3,1,1,0.84960264
3,1,1,0.63608223
3,1,1,0.7088169
3,0,1,0.5221095
3,0,0,0.47127357
3,0,0,0.3986713
3,0,0,0.04948853
3,0,0,0.41495612
3,1,1,0.6795869
3,0,1,0.5217641
3,1,1,0.86705726
3,1,1,0.7674148
3,1,1,0.74930024
3,0,0,0.17442687
3,1,1,0.6190362
3,0,0,0.38215816
3,0,1,0.71039706
3,1,1,0.86059034
3,1,0,0.39267665
3,0,1,0.50132394
3,0,0,0.11299302
3,1,1,0.77896976
3,1,1,0.5667032
3,1,1,0.66434735
3,1,1,0.7488499
3,0,0,0.4170253
3,0,1,0.6709387
3,0,0,0.46408483
3,1,1,0.7821545
3,0,1,0.59396034
3,0,1,0.57578695
3,1,1,0.6715039
3,0,1,0.6636822
3,0,0,0.4922922
3,0,1,0.52902645
3,1,1,0.69212615
3,0,1,0.6278926
3,1,1,0.7127789
3,0,1,0.6884973
3,0,0,0.2746959
3,1,1,0.50145864
3,1,1,0.63984615
3,0,1,0.60760677
3,0,1,0.76462066
3,1,1,0.5073106
3,0,0,0.14039637
3,0,0,0.10081237
3,1,0,0.3504164
3,1,1,0.73071283
3,0,0,0.09737657
3,1,0,0.2739622
3,0,1,0.5056263
3,0,1,0.56068975
3,1,1,0.7781418
3,1,0,0.4668237
3,1,0,0.37973034
3,0,1,0.65665126
3,1,1,0.68585604
3,1,0,0.32200477
3,0,0,0.32452756
3,1,1,0.8230189
3,0,1,0.577042
3,0,0,0.49224678
3,0,1,0.67273164
3,1,1,0.6288678
3,0,1,0.57765853
3,0,0,0.35930517
3,1,1,0.86329764
3,0,1,0.55275214
3,1,1,0.62814754
3,0,0,0.16325535
3,0,0,0.15416893
3,0,0,0.11482446
3,1,1,0.75994885
3,1,0,0.47273645
3,1,1,0.8148053
3,1,0,0.34459215
3,0,1,0.55713814
3,1,0,0.37359896
3,1,1,0.666228
3,0,1,0.522363
3,0,0,0.48058704
3,1,0,0.16666959
3,0,1,0.5257916
3,0,1,0.61847854
3,1,1,0.6926362
3,1,0,0.45250124
3,0,0,0.46112496
3,0,1,0.6866957
3,0,1,0.60669607
3,1,1,0.86791223
3,1,1,0.62488776
3,0,0,0.43586046
3,1,1,0.6003389
3,0,0,0.31079805
3,0,1,0.6216229
3,0,1,0.7450478
3,0,0,0.36265093
3,0,0,0.21070345
3,1,0,0.17110763
3,1,1,0.77427226
3,1,1,0.71117
3,1,1,0.683146
3,0,0,0.49478376
3,0,0,0.2335256
3,1,1,0.64038324
3,0,1,0.59744585
3,0,1,0.51173055
3,1,1,0.74931324
3,0,0,0.4311036
3,0,1,0.53952676
3,0,0,0.43147254
3,0,0,0.17287621
3,0,0,0.29433617
3,0,0,0.34514233
3,0,0,0.11680597
3,1,1,0.73756653
3,0,1,0.6033773
3,1,1,0.7352621
3,1,0,0.4430347
3,1,1,0.5714748
3,1,1,0.8129727
3,1,1,0.82473606
3,0,1,0.67292064
3,1,0,0.15706322
3,1,0,0.2889319
3,1,1,0.75516033
3,1,1,0.5381056
3,0,1,0.68888456
3,1,0,0.45323133
3,1,1,0.5679111
3,0,1,0.6100943
3,0,0,0.34386736
3,0,0,0.22931951
3,1,1,0.8230658
3,0,1,0.68626136
3,0,0,0.13687894
3,0,0,0.15143682
3,1,0,0.43755144
3,0,1,0.58788824
3,0,1,0.7384356
3,0,1,0.607828
3,0,0,0.2592925
3,0,0,0.13945986
3,0,0,0.49781492
3,1,1,0.86231405
3,1,1,0.5735855
3,1,1,0.7136429
3,0,1,0.59306145
3,1,1,0.64477485
3,0,0,0.2915305
3,0,0,0.19184634
3,0,0,0.28428677
3,1,1,0.6781973
3,1,1,0.60680383
3,0,1,0.63365513
3,0,0,0.34843314
3,0,0,0.15245083
3,0,1,0.80655724
3,1,1,0.69963735
3,0,1,0.6199926
3,1,0,0.44927117
3,0,0,0.124558054
3,1,0,0.12796135
3,1,1,0.63597494
3,0,1,0.5556786
3,1,1,0.77455235
3,1,0,0.097301215
3,1,1,0.64521044
3,0,0,0.24122182
3,0,0,0.20376848
3,0,1,0.76439637
3,0,1,0.6227094
3,1,1,0.50928587
3,0,1,0.64647996
3,0,0,0.18860543
3,0,1,0.71842134
3,0,0,0.31949896
3,0,0,0.07208688
3,1,1,0.7553005
3,1,0,0.4457903
3,0,0,0.14744529
3,1,0,0.41549033
3,1,1,0.8106364
3,1,1,0.65807086
3,1,1,0.5746766
3,0,0,0.24538004
3,0,0,0.3721113
3,0,1,0.5250422
3,1,1,0.7331029
3,1,1,0.6198957
3,0,1,0.6610091
3,1,1,0.83041006
3,0,1,0.57684636
3,0,0,0.46708182
3,0,0,0.20370728
3,1,0,0.38410687
3,1,1,0.5815094
3,0,1,0.6260544
3,1,1,0.76187223
3,1,1,0.7880196
3,1,1,0.6516788
3,0,0,0.21341306
3,1,1,0.61438817
3,0,1,0.6000439
3,1,1,0.65145105
3,0,0,0.4159696
3,0,1,0.5275938
3,0,1,0.5405722
3,0,1,0.6272282
3,0,0,0.13731971
3,0,1,0.70628685
3,0,1,0.683703
3,1,1,0.61159635
3,0,0,0.27697808
3,0,0,0.17435418
3,1,1,0.65788937
3,0,1,0.7690735
3,1,0,0.31892952
3,1,1,0.58215785
3,1,0,0.35926932
3,0,1,0.50896287
3,1,1,0.77945256
3,1,1,0.6730061
3,1,1,0.6681969
3,0,0,0.4259667
3,0,1,0.59217834
3,1,1,0.6523893
3,1,1,0.5962933
3,0,0,0.4635046
3,0,1,0.6639984
3,0,1,0.5461034
3,1,1,0.72714347
3,0,1,0.64460754
3,0,1,0.5169303
3,1,1,0.6119412
3,1,0,0.45494643
3,1,1,0.6807783
3,0,0,0.15332142
3,0,0,0.083848216
3,1,1,0.67218184
3,0,0,0.16370083
3,1,0,0.3781325
3,1,0,0.45181364
3,0,0,0.38609928
3,1,1,0.80786544
3,1,1,0.61069226
3,1,0,0.30701166
3,0,0,0.2612541
3,0,1,0.7747638
3,1,1,0.6979648
3,1,0,0.35770682
3,0,0,0.15498835
3,1,1,0.76737756
3,1,1,0.60007375
3,1,0,0.48576924
3,0,0,0.12046445
3,0,0,0.17207155
3,0,0,0.25626293
3,0,0,0.14696653
3,0,1,0.6752373
3,0,1,0.6654259
3,1,0,0.3377584
3,1,1,0.5239437
3,0,0,0.45863298
3,0,0,0.13470092
3,1,0,0.2668634
3,0,0,0.23597628
3,0,0,0.4981195
3,1,1,0.7341975
3,1,0,0.4920287
3,1,1,0.7993085
3,1,1,0.6364671
3,1,1,0.7482703
3,0,0,0.41030174
3,1,0,0.46622822
3,0,0,0.09564593
3,0,1,0.73378646
3,0,0,0.13214043
3,1,0,0.48859033
3,0,1,0.6592534
3,1,1,0.6812222
3,1,0,0.37340346
3,0,0,0.32713547
3,0,1,0.74232024
3,1,0,0.40806538
3,0,0,0.17877956
3,1,1,0.7188319
3,0,1,0.6251749
3,0,0,0.118447065
3,0,0,0.122683845
3,1,1,0.66605574
3,1,0,0.1363202
3,0,0,0.08270202
3,1,1,0.75776255
3,1,1,0.77640384
3,1,1,0.7839922
3,0,0,0.13072163
3,0,0,0.18112475
3,0,0,0.20711921
3,0,0,0.22184731
3,0,0,0.12475538
3,0,0,0.4233332
3,1,0,0.20077881
3,0,0,0.449935
3,0,0,0.09543963
3,0,1,0.5949489
3,0,0,0.48468307
3,0,0,0.2824255
3,1,1,0.5515754
3,1,0,0.20545204
3,1,1,0.70472956
3,1,1,0.87854064
3,0,0,0.42049977
3,1,1,0.75766295
3,0,1,0.65449864
3,0,1,0.7493172
3,0,0,0.30043146
3,0,0,0.15956087
3,0,1,0.6778181
3,1,1,0.7643238
3,1,0,0.36971053
3,0,0,0.24832287
3,1,1,0.6405266
3,1,1,0.71016186
3,1,1,0.6835987
3,0,0,0.1732728
3,0,0,0.49298412
3,1,0,0.38577893
3,0,0,0.105363846
3,0,1,0.55399144
3,0,0,0.29119807
3,1,0,0.29617625
3,0,1,0.7354007
3,1,1,0.6653552
3,0,0,0.41653222
3,0,0,0.25370014
3,0,0,0.28656814
3,0,1,0.606262
3,0,0,0.12036603
3,1,1,0.50762546
3,0,0,0.40096146
3,0,0,0.48227414
3,1,0,0.083993986
3,1,1,0.859225
3,1,0,0.10307703
3,1,0,0.1333124
3,0,0,0.29044592
3,1,1,0.5320295
3,0,0,0.096003205
3,1,1,0.8165142
3,1,1,0.68890107
3,0,1,0.6614277
3,0,1,0.65789
3,1,1,0.675899
3,0,1,0.7922494
3,1,1,0.6281473
3,1,1,0.7084597
3,0,1,0.62671185
3,0,1,0.6483195
3,0,1,0.7215741
3,0,1,0.56880057
3,1,1,0.6654554
3,1,1,0.51662713
3,1,0,0.27457264
3,0,0,0.35480317
3,0,0,0.3737303
3,1,0,0.3365291
3,0,1,0.50890607
3,1,0,0.40672153
3,1,0,0.42151514
3,1,0,0.11252855
3,1,1,0.76798064
3,0,0,0.42199993
3,0,0,0.17975038
3,0,0,0.3227481
3,1,0,0.44484296
3,1,1,0.89486665
3,1,1,0.8340738
3,1,1,0.61785674
3,0,0,0.1266127
3,1,1,0.71140945
3,1,0,0.47326082
3,1,1,0.6341537
3,0,0,0.4255148
3,0,0,0.13074766
3,0,0,0.2618458
3,1,0,0.19323476
3,1,1,0.71020937
3,1,1,0.65360224
3,1,1,0.5810797
3,0,0,0.1916471
3,0,1,0.6507263
3,0,0,0.40538728
3,0,1,0.7484927
3,0,0,0.073348634
3,0,0,0.15171038
3,0,0,0.14853974
3,0,0,0.09979019
3,0,0,0.4625251
3,0,0,0.17127499
3,1,0,0.32753432
3,0,0,0.12906191
3,1,0,0.41922152
3,1,0,0.22288153
3,1,1,0.740529
3,1,1,0.7780885
3,1,1,0.6727877
3,0,0,0.3516328
3,0,1,0.5288416
3,1,1,0.86289775
3,1,1,0.6776867
3,1,0,0.36459795
3,0,0,0.4412304
3,1,1,0.612275
3,1,1,0.53874093
3,0,1,0.57126075
3,0,1,0.5098112
3,1,1,0.9326932
3,1,1,0.64477104
3,1,1,0.7059749
3,1,1,0.5757507
3,0,1,0.6526176
3,1,1,0.8329945
3,1,1,0.8000251
3,1,1,0.7061602
3,1,1,0.734608
3,0,1,0.55525875
3,0,1,0.55525875
3,0,1,0.6142614
3,0,0,0.18470865
3,0,0,0.422623
3,1,1,0.51446795
3,0,1,0.72466004
3,0,1,0.5052884
3,0,0,0.31249264
3,0,1,0.65776217
3,1,1,0.622398
3,0,0,0.45787406
3,1,0,0.34554115
3,1,0,0.30814192
3,0,0,0.4706019
3,0,0,0.39213026
3,1,0,0.33298114
3,0,0,0.19788496
3,1,0,0.3227351
3,0,0,0.21810463
3,0,0,0.33847448
3,1,0,0.3103495
3,0,0,0.47701588
3,0,0,0.17062886
3,1,1,0.56010145
3,1,1,0.5384508
3,0,0,0.3189292
3,1,0,0.29582605
3,0,1,0.5664568
3,1,0,0.4041891
3,1,0,0.38096538
3,0,0,0.1477864
3,0,0,0.1850256
3,0,0,0.09412904
3,1,1,0.6544901
3,0,0,0.13956667
3,0,0,0.15620257
3,0,0,0.1568112
3,1,1,0.76437294
3,1,0,0.4243621
3,1,1,0.72003365
3,0,1,0.5334041
3,1,1,0.5917051
3,1,1,0.6258061
3,0,1,0.5046316
3,1,0,0.48079652
3,1,1,0.6660047
3,0,1,0.51156205
3,1,1,0.66422284
3,1,1,0.6932132
3,0,1,0.55920887
3,1,1,0.5559721
3,0,1,0.53810257
3,1,1,0.7726135
3,0,1,0.53960955
3,0,1,0.58975756
3,0,1,0.5015234
3,0,0,0.33586538
3,1,1,0.62635404
3,0,1,0.60126066
3,0,0,0.44279632
3,1,1,0.7357734
3,1,1,0.6096545
3,0,0,0.29817656
3,0,1,0.6371363
3,0,0,0.28893957
3,0,1,0.64052546
3,1,1,0.70249546
3,1,1,0.95471
3,0,1,0.6320111
3,0,0,0.39950573
3,0,0,0.3641019
3,1,1,0.710805
3,0,1,0.6717034
3,1,1,0.51636857
3,0,0,0.18340862
3,0,0,0.07870878
3,0,0,0.084917456
3,1,1,0.77303046
3,0,0,0.19125208
3,1,0,0.2479273
3,1,0,0.15947622
3,1,0,0.28047654
3,0,0,0.485883
3,1,1,0.8738244
3,1,1,0.79032654
3,1,1,0.6983029
3,0,0,0.17923245
3,0,1,0.6754912
3,0,1,0.7941465
3,0,1,0.74122477
3,0,1,0.6788328
3,1,0,0.30995983
3,1,1,0.6933678
3,0,1,0.59422183
3,0,1,0.6329038
3,1,1,0.7208212
3,1,1,0.7995224
3,0,0,0.22124821
3,1,0,0.36536887
3,0,1,0.61052346
3,0,1,0.5500262
3,0,0,0.32474208
3,1,0,0.4773612
3,0,1,0.5289889
3,0,0,0.3734652
3,1,1,0.66404563
3,1,1,0.63594353
3,1,1,0.8137493
3,1,1,0.65941554
3,1,1,0.676508
3,0,0,0.17010945
3,1,0,0.36734465
3,0,1,0.52632713
3,0,0,0.48749167
3,0,1,0.51781327
3,1,0,0.44586068
3,0,0,0.3570869
3,0,0,0.22856688
3,0,1,0.76299417
3,1,1,0.60028136
3,1,1,0.5875254
3,1,1,0.7000419
3,1,1,0.6600451
3,1,0,0.13763143
3,0,0,0.30711132
3,0,0,0.18154755
3,0,1,0.64043087
3,0,1,0.6813388
3,0,1,0.5725919
3,0,1,0.6403722
3,1,1,0.61828077
3,1,1,0.5234447
3,1,0,0.44894624
3,0,1,0.63320947
3,0,1,0.5410558
3,0,1,0.51256734
3,0,0,0.47103214
3,1,1,0.7755492
3,0,1,0.7678693
3,1,1,0.60020363
3,0,1,0.67396694
3,0,1,0.7486947
3,1,1,0.5033642
3,1,1,0.64749265
3,0,0,0.45883438
3,1,1,0.8619408
3,1,1,0.8302307
3,0,1,0.5396876
3,0,0,0.07735629
3,0,0,0.10773107
3,1,1,0.6307634
3,1,1,0.6720437
3,0,1,0.506029
3,1,1,0.6317116
3,0,0,0.20632735
3,0,0,0.45808876
3,0,0,0.14594775
3,1,1,0.7810539
3,1,1,0.6973094
3,1,1,0.5750906
3,1,1,0.6639361
3,1,0,0.4879999
3,0,0,0.24162894
3,0,1,0.70832914
3,0,0,0.458529
3,0,1,0.5715564
3,1,1,0.684968
3,1,0,0.34351438
3,0,0,0.34133655
3,0,0,0.1025794
3,0,0,0.42845756
3,0,1,0.8557299
3,1,0,0.29626638
3,1,1,0.69172287
3,0,0,0.30151892
3,1,1,0.63846946
3,0,0,0.31736702
3,0,1,0.5965083
3,0,1,0.7965139
3,1,1,0.78721285
3,0,1,0.6659465
3,1,1,0.86186564
3,1,1,0.78726333
3,0,0,0.45139146
3,0,0,0.47023687
3,1,1,0.7807383
3,0,0,0.15245982
3,0,1,0.5978841
3,0,1,0.62330127
3,1,1,0.58948874
3,1,0,0.32082894
3,0,0,0.40281764
3,0,1,0.687107
3,1,1,0.7355726
3,0,0,0.49226597
3,0,1,0.5946935
3,0,0,0.38940027
3,0,0,0.3995703
3,1,0,0.301136
3,1,1,0.6416136
3,1,1,0.86774355
3,1,1,0.63537574
3,0,1,0.5380567
3,0,0,0.3922458
3,1,1,0.79580903
3,1,1,0.7475104
3,0,1,0.6957874
3,1,1,0.74111116
3,0,1,0.69552064
3,1,0,0.38408944
3,1,1,0.6071065
3,1,1,0.7424568
3,1,1,0.5780786
3,0,1,0.644895
3,0,1,0.8389009
3,0,1,0.5216059
3,0,1,0.5557014
3,1,1,0.5423809
3,1,1,0.74744403
3,1,1,0.7288578
3,0,1,0.78926617
3,1,1,0.8404818
3,1,1,0.6962572
3,1,1,0.896922
3,1,0,0.48548722
3,1,0,0.48197365
3,0,0,0.38330546
3,0,0,0.21211922
3,0,1,0.58597755
3,0,1,0.6985805
3,1,1,0.649237
3,0,0,0.08685524
3,1,1,0.59518313
3,1,1,0.7628781
3,1,1,0.7287992
3,1,1,0.5919218
3,0,1,0.6161117
3,1,1,0.68963075
3,0,1,0.51292014
3,1,0,0.25105265
3,0,0,0.3538549
3,0,1,0.7242127
3,1,0,0.45551082
3,0,0,0.48511678
3,0,1,0.51125735
3,0,1,0.51393205
3,0,0,0.14442068
3,1,0,0.49212655
3,0,0,0.34179422
3,1,0,0.38282365
3,0,0,0.48077768
3,0,0,0.40010682
3,0,0,0.45430034
3,1,0,0.21977916
3,1,0,0.26600778
3,0,1,0.5247539
3,0,0,0.16872394
3,0,0,0.03796367
3,0,1,0.50296324
3,0,0,0.20221674
3,0,0,0.13992381
3,1,0,0.42784494
3,1,0,0.30009073
3,1,1,0.56244254
3,1,0,0.45510525
3,1,0,0.28591248
3,1,1,0.91020507
3,1,1,0.5119927
3,0,1,0.68333304
3,1,0,0.17178623
3,0,1,0.7460804
3,1,0,0.4713953
3,1,1,0.6950397
3,1,1,0.5816128
3,0,0,0.13930024
3,1,1,0.6762843
3,1,1,0.5612025
3,1,1,0.86806864
3,1,0,0.33488637
3,1,1,0.7578211
3,1,0,0.31020212
3,1,1,0.67852104
3,1,1,0.7380711
3,0,0,0.16799073
3,0,0,0.20099302
3,0,0,0.17518944
3,0,0,0.11465186
3,0,0,0.072190635
3,0,1,0.7255009
3,0,0,0.34098467
3,1,0,0.36522433
3,0,0,0.450347
3,0,0,0.08968178
3,0,0,0.2248424
3,1,1,0.7587185
3,1,1,0.7875698
3,0,1,0.6706826
3,0,0,0.45354623
3,1,1,0.759505
3,1,1,0.692249
3,0,1,0.7018266
3,1,1,0.7559322
3,1,1,0.7540761
3,0,1,0.66240865
3,0,1,0.806194
3,1,1,0.51438403
3,0,0,0.38609967
3,0,1,0.5626629
3,0,1,0.542703
3,1,1,0.5001398
3,0,1,0.69169396
3,0,1,0.8332458
3,1,1,0.8173095
3,1,1,0.77895576
3,0,1,0.69748527
3,0,1,0.6700754
3,1,1,0.76888865
3,1,1,0.80658317
3,0,1,0.71227556
3,0,1,0.7185279
3,1,1,0.6660042
3,0,1,0.79857486
3,0,1,0.50145775
3,1,1,0.5187629
3,0,1,0.6327008
3,0,1,0.7760291
3,1,1,0.6284402
3,1,1,0.6408507
3,1,1,0.6566815
3,1,1,0.81611097
3,1,1,0.7035082
3,0,1,0.6646372
3,0,1,0.5425578
3,1,1,0.5547487
3,1,1,0.6004291
3,1,1,0.7527028
3,1,1,0.5632508
3,1,1,0.6743996
3,0,1,0.79437184
3,1,1,0.6711618
3,0,1,0.5581867
3,1,1,0.57642746
3,0,1,0.66856503
3,0,1,0.64763224
3,1,1,0.6358648
3,0,1,0.54536855
3,0,1,0.64045084
3,0,0,0.12926772
3,0,1,0.86422974
3,1,1,0.5800736
3,0,0,0.46709615
3,0,1,0.7588118
3,1,1,0.5341576
3,1,0,0.31406516
3,0,1,0.56833375
3,1,1,0.54225194
3,0,0,0.46531937
3,0,0,0.079450876
3,1,1,0.69151384
3,1,1,0.64189357
3,1,1,0.53853744
3,1,1,0.5160629
3,0,0,0.40251902
3,0,1,0.597648
3,0,1,0.6511986
3,0,1,0.6208237
3,1,1,0.72739697
3,0,1,0.8096157
3,0,1,0.7358527
3,1,1,0.7404058
3,1,1,0.77562547
3,1,1,0.67192686
3,1,1,0.5275015
3,1,1,0.6046989
3,1,1,0.67752266
3,1,1,0.7955752
3,0,1,0.6357297
3,1,1,0.5416778
3,1,1,0.6435847
3,1,1,0.53100777
3,0,1,0.65626246
3,0,1,0.59558797
3,0,1,0.69925004
3,0,0,0.4001867
3,0,0,0.4042887
3,0,1,0.80936086
3,1,1,0.56201136
3,0,0,0.25448608
3,0,0,0.13220505
3,1,1,0.5908004
3,1,1,0.5622264
3,1,1,0.78085446
3,1,1,0.7241882
3,1,1,0.51315093
3,0,0,0.09241958
3,0,1,0.72697806
3,0,1,0.5370841
3,0,1,0.65208817
3,0,1,0.7527667
3,1,1,0.63162965
3,1,1,0.56799424
3,0,1,0.64704555
3,0,0,0.47730374
3,0,0,0.37116095
3,1,1,0.83509064
3,1,0,0.46409526
3,0,1,0.6617153
3,0,0,0.18981537
3,0,1,0.6386727
3,0,0,0.45104337
3,0,1,0.5368728
3,0,0,0.12676282
3,0,0,0.21505043
3,0,1,0.60850865
3,0,1,0.5692429
3,1,1,0.63675046
3,1,0,0.2812599
3,1,1,0.66446537
3,0,1,0.6144938
3,0,1,0.62809366
3,0,0,0.058262616
3,1,1,0.7867286
3,1,1,0.7961997
3,1,1,0.69489354
3,1,1,0.90811807
3,0,1,0.6554706
3,0,1,0.65271544
3,0,0,0.06291844
3,1,1,0.5618979
3,0,1,0.53504765
3,0,0,0.37651956
3,1,1,0.7645248
3,0,1,0.70016944
3,0,0,0.4778371
3,0,1,0.6323908
3,1,1,0.68026316
3,0,0,0.48811722
3,1,1,0.62707865
3,0,1,0.5905887
3,1,1,0.56779546
3,0,1,0.6954879
3,0,1,0.661065
3,1,1,0.668346
3,0,0,0.416919
3,1,1,0.7167417
3,1,1,0.7685566
3,1,1,0.7837209
3,1,1,0.69185436
3,0,0,0.41879356
3,0,1,0.65238047
3,1,1,0.62322813
3,1,1,0.7625504
3,0,1,0.6042103
3,1,1,0.62590975
3,0,0,0.49159348
3,0,1,0.5756826
3,1,0,0.49907202
3,0,0,0.44240284
3,1,1,0.6288737
3,0,0,0.30333653
3,1,1,0.68544585
3,0,0,0.4938007
3,0,0,0.15404798
3,1,1,0.67851484
3,1,1,0.54767203
3,0,1,0.5865175
3,0,1,0.6732581
3,0,0,0.4851197
3,1,1,0.50922674
3,0,0,0.42641652
3,0,0,0.41913503
3,1,1,0.8491747
3,1,1,0.7214913
3,1,0,0.4181536
3,0,0,0.25652918
3,1,1,0.7858344
3,0,0,0.38668212
3,1,1,0.56936836
3,0,0,0.36945277
3,0,0,0.122139126
3,1,1,0.51014715
3,0,0,0.48826325
3,1,1,0.6597572
3,0,1,0.7042315
3,1,1,0.7907918
3,1,1,0.6496818
3,1,1,0.66046906
3,0,0,0.40831494
3,1,1,0.6349821
3,0,0,0.45613706
3,0,0,0.33075693
3,0,0,0.30695304
3,0,0,0.33230937
3,0,0,0.2002234
3,0,0,0.41019097
3,1,1,0.6456264
3,1,1,0.71972454
3,1,1,0.61434895
3,1,1,0.7895826
3,0,0,0.27899665
3,1,1,0.58151454
3,0,0,0.25170177
3,0,1,0.6252751
3,1,1,0.765712
3,0,0,0.4155838
3,0,1,0.52305514
3,0,0,0.20284876
3,0,0,0.06735674
3,1,1,0.78559995
3,1,1,0.87859344
3,1,1,0.84664845
3,0,0,0.37556663
3,0,0,0.079325
3,1,1,0.6834435
3,0,0,0.4809883
3,1,1,0.6188183
3,1,0,0.34549975
3,1,1,0.91324615
3,1,1,0.6327239
3,0,0,0.3090075
3,1,0,0.47228697
3,1,1,0.52909756
3,0,1,0.63475096
3,0,1,0.60274595
3,0,1,0.6485089
3,0,1,0.5785202
3,0,0,0.12704654
3,1,1,0.59413135
3,1,1,0.72922844
3,1,1,0.50547206
3,0,0,0.19739127
3,0,0,0.37468925
3,0,0,0.13763452
3,0,0,0.07360163
3,1,0,0.07391773
3,1,1,0.8770918
3,1,0,0.4460326
3,1,1,0.6974037
3,0,1,0.6638148
3,1,1,0.7220086
3,0,0,0.45308408
3,1,1,0.80983824
3,1,1,0.6428205
3,0,0,0.36295608
3,0,0,0.27384633
3,1,1,0.68836373
3,1,1,0.503909
3,0,0,0.40071058
3,1,1,0.506507
3,0,0,0.49889737
3,0,1,0.50801486
3,1,1,0.8326279
3,1,1,0.5045407
3,1,1,0.75644237
3,0,0,0.24091429
3,1,1,0.77150685
3,1,1,0.6848657
3,0,1,0.81772155
3,0,1,0.67059135
3,1,1,0.71222806
3,0,1,0.5922269
3,1,1,0.79209024
3,0,1,0.6839635
3,1,1,0.7206978
3,0,0,0.09564329
3,1,1,0.7169544
3,0,0,0.4053688
3,0,0,0.18200408
3,1,1,0.5480387
3,0,1,0.54150575
3,0,0,0.1734935
3,1,1,0.7549372
3,0,0,0.43615955
3,1,1,0.66411984
3,0,1,0.5892511
3,0,0,0.44187233
3,0,0,0.44362837
3,0,1,0.5159542
3,1,1,0.55899835
3,1,1,0.5064488
3,1,1,0.597628
3,1,1,0.5538182
3,0,1,0.58012915
3,1,0,0.11531081
3,0,0,0.0697007
3,0,0,0.46263427
3,1,0,0.4840543
3,0,1,0.5677797
3,1,1,0.5828246
3,1,1,0.79977036
3,0,1,0.5325756
3,1,1,0.78867614
3,0,1,0.63962805
3,1,1,0.657248
3,0,0,0.32220605
3,0,0,0.43610424
3,1,1,0.7104846
3,1,1,0.68551785
3,1,1,0.73851216
3,0,1,0.51991904
3,0,1,0.5482695
3,1,1,0.67939126
3,0,0,0.49823937
3,1,1,0.78377634
3,1,1,0.5377459
3,0,1,0.7089272
3,0,1,0.63320947
3,0,1,0.5410558
3,0,1,0.51256734
3,0,0,0.47103214
3,1,1,0.8706022
3,1,1,0.54858065
3,0,0,0.48351878
3,1,0,0.47422424
3,1,1,0.64628905
3,0,1,0.5710642
3,0,0,0.4308223
3,1,1,0.7188776
3,0,1,0.7659268
3,0,0,0.49670053
3,0,0,0.21881013
3,1,1,0.784508
3,0,1,0.5602602
3,1,1,0.7195809
3,1,1,0.7136553
3,0,1,0.5319152
3,0,0,0.44835576
3,0,0,0.4320325
3,1,1,0.6247189
3,1,1,0.5850879
3,1,1,0.615447
3,0,1,0.5367975
3,0,1,0.60864437
3,0,1,0.55642706
3,1,1,0.55512285
3,1,1,0.58287543
3,1,1,0.7673746
3,0,1,0.66666234
3,0,0,0.35287693
3,1,1,0.5744383
3,1,1,0.543734
3,0,1,0.62186575
3,0,0,0.37274018
3,1,1,0.7014355
3,1,1,0.50880677
3,1,1,0.59860414
3,0,0,0.47605422
3,1,1,0.58523685
3,0,1,0.68583477
3,0,1,0.54451096
3,0,0,0.37829772
3,0,0,0.49629292
3,0,1,0.8645114
3,1,1,0.85351825
3,1,1,0.64959633
3,0,0,0.07413155
3,0,0,0.4131096
3,1,1,0.61970514
3,0,0,0.47771224
3,0,0,0.477217
3,0,0,0.22734739
3,1,1,0.8303617
3,0,0,0.33938518
3,1,1,0.54166895
3,0,0,0.41492623
3,1,1,0.72373253
3,0,1,0.7496668
3,1,1,0.7183615
3,0,1,0.6064319
3,1,0,0.3528831
3,1,1,0.64686775
3,0,1,0.69142765
3,1,1,0.52980644
3,0,0,0.42968717
3,1,1,0.64496666
3,0,1,0.66993463
3,0,1,0.53185165
3,0,0,0.35718623
3,0,0,0.121196024
3,0,1,0.61346
3,0,0,0.46941763
3,0,0,0.3679962
3,0,1,0.57159173
3,1,0,0.41022506
3,0,0,0.1497477
3,1,1,0.51634127
3,1,1,0.6024295
3,0,1,0.67877746
3,1,0,0.1883714
3,0,0,0.26569
3,1,0,0.39515454
3,1,0,0.115211315
3,1,1,0.74198526
3,1,1,0.6353859
3,0,1,0.6237638
3,1,0,0.33323666
3,1,0,0.41758147
3,1,1,0.8081705
3,0,1,0.53100157
3,0,1,0.51347166
3,1,1,0.5600225
3,1,1,0.5708668
3,0,0,0.1339674
3,1,0,0.18056524
3,0,1,0.68802273
3,0,1,0.5847246
3,0,0,0.44168842
3,0,0,0.09304256
3,1,0,0.38094717
3,1,0,0.23069306
3,0,0,0.17903851
3,0,0,0.16112003
3,0,0,0.08277189
3,1,0,0.09214802
3,1,1,0.71538204
3,1,1,0.6368319
3,0,1,0.58675987
3,0,1,0.5992171
3,1,1,0.62015367
3,0,0,0.37134528
3,0,0,0.24254356
3,1,0,0.18760374
3,0,0,0.14733389
3,1,1,0.73028076
3,0,1,0.5253815
3,0,0,0.16546592
3,0,0,0.10373816
3,1,0,0.42861077
3,0,0,0.13703673
3,1,1,0.64208204
3,1,1,0.57193613
3,1,1,0.6165215
3,1,0,0.4943134
3,0,1,0.5276332
3,0,1,0.6689188
3,0,1,0.5806561
3,0,0,0.32361045
3,0,0,0.1820045
3,0,0,0.18085656
3,1,1,0.88530177
3,1,1,0.5957437
3,1,1,0.5407975
3,0,1,0.6666048
3,1,1,0.6170228
3,1,1,0.7116929
3,1,1,0.6160552
3,0,1,0.61904967
3,0,1,0.5339896
3,0,1,0.7589426
3,0,1,0.5021309
3,0,0,0.14427872
3,1,0,0.14575809
3,1,1,0.68411946
3,0,1,0.6527201
3,0,1,0.6121453
3,1,1,0.6938829
3,1,1,0.620015
3,0,1,0.6258518
3,0,0,0.43499514
3,0,0,0.20161907
3,1,1,0.5709237
3,0,0,0.3257889
3,0,1,0.5850589
3,1,0,0.25294128
3,1,0,0.2635512
3,1,0,0.3337847
3,0,0,0.41396305
3,0,0,0.48508155
3,0,0,0.15708944
3,1,1,0.68237704
3,0,0,0.4425876
3,1,1,0.6608603
3,1,1,0.6522024
3,0,1,0.53356427
3,1,1,0.52993745
3,1,0,0.3233243
3,0,0,0.22233279
3,0,0,0.32248917
3,0,0,0.30501792
3,0,0,0.24804877
3,0,0,0.068404496
3,1,1,0.72153825
3,0,1,0.661129
3,0,1,0.5965447
3,1,0,0.4940126
3,1,1,0.5656662
3,0,1,0.51882756
3,0,1,0.5187927
3,1,1,0.79788464
3,0,1,0.52628374
3,1,0,0.48698306
3,0,0,0.11099627
3,0,0,0.13314158
3,0,0,0.4580826
3,0,0,0.07727808
3,1,1,0.75583047
3,1,0,0.39626136
3,0,0,0.186112
3,0,0,0.19410834
3,0,1,0.606881
3,1,1,0.70744455
3,1,0,0.3587985
3,1,0,0.27011898
3,0,0,0.06875016
3,0,0,0.097039685
3,0,0,0.1743556
3,0,0,0.20543377
3,1,1,0.85079306
3,1,1,0.7771529
3,1,1,0.60752964
3,1,1,0.5239881
3,0,0,0.37639734
3,0,0,0.16385467
3,0,0,0.10520448
3,1,1,0.6377899
3,1,1,0.5956464
3,1,1,0.6653975
3,0,0,0.12744953
3,0,0,0.17303446
3,1,1,0.82254374
3,0,1,0.65884185
3,0,0,0.24540496
3,0,0,0.40598106
3,0,0,0.3166837
3,1,1,0.5706954
3,1,1,0.7811988
3,0,0,0.17614612
3,1,1,0.64101756
3,0,0,0.061196003
3,0,1,0.5788814
3,0,0,0.28575942
3,0,0,0.42178234
3,0,0,0.0688915
3,1,1,0.5434122
3,1,1,0.8007814
3,0,1,0.61095333
3,1,1,0.7216001
3,0,0,0.24734713
3,0,1,0.6833371
3,0,0,0.45888776
3,1,1,0.5329004
3,1,1,0.6732338
3,0,1,0.714164
3,1,0,0.32640076
3,0,1,0.5114071
3,0,1,0.5411327
3,1,1,0.7508084
3,0,0,0.26307106
3,0,0,0.10793806
3,0,0,0.25971922
3,0,1,0.62121564
3,1,1,0.66596717
3,0,0,0.07006371
3,1,1,0.7776391
3,1,1,0.7670898
3,1,1,0.60073465
3,1,1,0.5090078
3,0,0,0.18272531
3,0,0,0.2119131
3,0,0,0.21339677
3,1,1,0.7419567
3,1,1,0.62443936
3,0,1,0.50696844
3,0,1,0.643411
3,1,1,0.6075058
3,0,0,0.30813476
3,0,0,0.15590866
3,0,0,0.37337187
3,1,1,0.59092206
3,1,1,0.8370274
3,1,1,0.5803213
3,0,0,0.236406
3,0,0,0.104691826
3,1,0,0.19817492
3,0,0,0.094521895
3,1,1,0.5971776
3,0,1,0.59440625
3,0,1,0.81224734
3,0,1,0.5132569
3,1,1,0.5767678
3,1,1,0.6200551
3,0,1,0.5559284
3,0,0,0.4421318
3,0,0,0.23520412
3,0,1,0.54771096
3,0,0,0.22827102
3,1,1,0.51177216
3,1,1,0.6077304
3,1,0,0.4732533
3,1,1,0.5846767
3,0,0,0.22241735
3,0,1,0.6334955
3,0,1,0.6897891
3,0,1,0.64819324
3,1,1,0.69919413
3,0,0,0.41910064
3,1,1,0.61848307
3,0,0,0.21339057
3,1,0,0.13648589
3,1,0,0.43282267
3,0,0,0.44884762
3,0,0,0.49743527
3,1,1,0.7829256
3,0,1,0.58731276
3,1,0,0.2351079
3,1,0,0.19952598
3,0,1,0.68504715
3,0,1,0.69436765
3,0,1,0.67219925
3,0,0,0.2057733
3,0,1,0.5163188
3,0,0,0.3256483
3,1,1,0.5739355
3,0,1,0.67211276
3,1,1,0.56545717
3,1,0,0.33716062
3,0,1,0.766005
3,1,1,0.5324181
3,0,1,0.6325135
3,0,0,0.17636713
3,0,0,0.23906802
3,0,0,0.09893761
3,1,1,0.66285306
3,0,1,0.50195074
3,0,1,0.5402463
3,1,1,0.50770575
3,1,0,0.4981687
3,0,0,0.3697326
3,1,1,0.84783864
3,1,0,0.3762029
3,0,1,0.59584737
3,0,0,0.13270202
3,0,0,0.091752015
3,0,0,0.27834705
3,1,1,0.6970199
3,1,0,0.29227516
3,0,0,0.35411263
3,1,1,0.7659943
3,1,0,0.39546865
3,1,0,0.40746716
3,1,0,0.14257637
3,0,0,0.17266774
3,1,1,0.68208903
3,0,0,0.49145755
3,0,0,0.28125829
3,0,0,0.33795464
3,0,0,0.2665084
3,0,0,0.086787395
3,0,1,0.6798092
3,0,0,0.17427073
3,1,1,0.80403197
3,0,1,0.7370101
3,0,1,0.59984404
3,1,0,0.49239838
3,0,0,0.46467638
3,1,1,0.67000955
3,0,1,0.65572524
3,1,1,0.56345373
3,0,1,0.5173402
3,0,0,0.16489021
3,1,1,0.56782335
3,0,1,0.6813043
3,0,0,0.29403913
3,1,0,0.3006267
3,1,0,0.0739602
3,0,1,0.6396985
3,1,1,0.7657741
3,0,1,0.6077975
3,0,0,0.2341073
3,1,0,0.12477341
3,0,0,0.20960535
3,1,0,0.09946432
3,1,1,0.70393944
3,1,0,0.09658257
3,1,0,0.34364584
3,0,0,0.14920852
3,0,0,0.32867756
3,0,0,0.18278743
3,0,1,0.5847304
3,1,1,0.59669054
3,0,0,0.09516664
3,0,0,0.21040377
3,0,0,0.11228949
3,1,1,0.84133404
3,0,1,0.52412796
3,0,0,0.18061072
3,0,0,0.33148712
3,0,0,0.08114832
3,0,1,0.5807363
3,0,1,0.63177073
3,0,0,0.44969788
3,1,1,0.6030106
3,1,1,0.70044
3,1,0,0.44011855
3,1,1,0.6230531
3,1,1,0.8939077
3,1,1,0.65823585
3,0,1,0.65495676
3,0,0,0.30686277
3,1,1,0.6179835
3,0,0,0.24078639
3,1,1,0.6348316
3,0,1,0.66686845
3,1,1,0.78964365
3,0,1,0.57604325
3,0,1,0.5690279
3,1,1,0.67488045
3,1,1,0.5826618
3,0,1,0.5305915
3,1,1,0.684799
3,0,0,0.34539428
3,1,1,0.5760853
3,1,1,0.6703849
3,0,0,0.32845956
3,0,0,0.17915682
3,0,0,0.21191306
3,0,1,0.5812192
3,1,1,0.66895247
3,0,1,0.64038026
3,0,0,0.3445363
3,1,0,0.22668411
3,1,1,0.81542045
3,1,1,0.85410166
3,0,0,0.10757767
3,0,0,0.3442283
3,1,0,0.24845678
3,1,0,0.347391
3,0,0,0.14755523
3,1,1,0.7819205
3,0,0,0.098044805
3,1,0,0.29912704
3,0,0,0.36331913
3,0,0,0.120924905
3,0,0,0.110796854
3,0,1,0.5252936
3,1,1,0.5797782
3,1,1,0.70545197
3,1,1,0.7539278
3,1,1,0.7141971
3,1,1,0.5058932
3,0,0,0.091953605
3,0,0,0.12839387
3,1,1,0.7819197
3,0,0,0.13609558
3,0,0,0.25423062
3,1,0,0.34987035
3,0,1,0.62909776
3,0,0,0.20593484
3,0,0,0.13359302
3,0,0,0.1141979
3,0,0,0.31653258
3,1,1,0.8347169
3,0,1,0.6762669
3,1,1,0.6470695
3,1,1,0.73732466
3,1,1,0.67107004
3,1,1,0.5059429
3,0,1,0.7380201
3,1,0,0.47957432
3,1,1,0.55791175
3,0,1,0.5525047
3,1,1,0.71372575
3,1,1,0.57340264
3,1,0,0.4235941
3,0,1,0.6709076
3,1,1,0.65234506
3,1,1,0.6034015
3,1,1,0.76642364
3,1,1,0.65529895
3,0,0,0.33165812
3,1,1,0.6422574
3,0,1,0.55234224
3,1,1,0.6038682
3,1,1,0.6636483
3,1,1,0.6486802
3,0,0,0.29637787
3,0,1,0.54775816
3,1,1,0.50070256
3,0,0,0.27089688
3,1,1,0.7386283
3,0,0,0.48797667
3,0,1,0.65271795
3,1,1,0.6792088
3,1,1,0.6986436
3,1,1,0.6158381
3,1,1,0.6859257
3,0,0,0.20021494
3,1,1,0.5852601
3,0,0,0.36081782
3,0,0,0.46347246
3,1,1,0.5035563
3,0,1,0.60197777
3,1,0,0.43990615
3,0,1,0.73070115
3,1,0,0.3273899
3,0,1,0.6413232
3,1,0,0.28731564
3,1,1,0.69288635
3,1,0,0.43398893
3,0,0,0.38728684
3,1,1,0.73331237
3,1,1,0.6602761
3,1,1,0.6830571
3,1,0,0.49043107
3,1,0,0.43933105
3,1,1,0.7144852
3,0,0,0.41182718
3,0,1,0.59131205
3,1,1,0.5289543
3,1,1,0.555234
3,1,1,0.5846149
3,0,1,0.5607578
3,1,1,0.6975734
3,0,0,0.41803074
3,1,0,0.27601197
3,1,1,0.6597135
3,0,0,0.36333105
3,1,1,0.5751915
3,1,0,0.4150995
3,1,1,0.56942225
3,0,1,0.5955602
3,1,0,0.2972274
3,0,0,0.401545
3,0,0,0.32890958
3,0,1,0.5941726
3,1,1,0.72923785
3,1,1,0.5757606
3,0,1,0.6498008
3,1,0,0.46845537
3,1,1,0.6325456
3,0,1,0.5841076
3,1,1,0.59880185
3,1,1,0.6296581
3,0,0,0.11747954
3,0,0,0.05462797
3,1,1,0.59909165
3,0,1,0.65195495
3,0,1,0.60865414
3,1,1,0.6900087
3,1,0,0.16433993
3,0,0,0.15596312
3,0,1,0.63466144
3,0,0,0.48882148
3,1,1,0.7687441
3,0,0,0.09809257
3,0,0,0.40369493
3,1,0,0.38446558
3,0,0,0.115442105
3,0,1,0.5518814
3,1,1,0.6246955
3,0,0,0.16065438
3,0,1,0.6413915
3,1,0,0.30977246
3,0,0,0.08914262
3,0,0,0.16521186
3,1,1,0.6845656
3,1,1,0.7016769
3,0,0,0.12993298
3,0,0,0.34707266
3,1,0,0.42988896
3,0,0,0.09135083
3,1,0,0.471922
3,0,0,0.21108676
3,0,0,0.18715648
3,1,1,0.5246963
3,1,0,0.23563439
3,1,0,0.4800795
3,0,0,0.41532817
3,0,0,0.06363997
3,1,1,0.8820289
3,0,1,0.6732953
3,1,1,0.66608936
3,1,1,0.70732254
3,0,1,0.848781
3,0,0,0.40690175
3,1,1,0.6663488
3,0,1,0.74429274
3,0,1,0.7276992
3,0,1,0.64540803
3,0,0,0.34079412
3,1,1,0.65341866
3,1,1,0.67101085
3,0,0,0.23350637
3,1,1,0.5061457
3,1,1,0.7627462
3,1,1,0.64687026
3,0,1,0.60087836
3,0,0,0.3267807
3,0,1,0.6764927
3,1,1,0.70717865
3,1,1,0.5813219
3,1,1,0.53729564
3,1,1,0.5821109
3,0,1,0.5983759
3,0,1,0.5525757
3,0,1,0.6882124
3,0,0,0.081160985
3,1,0,0.3939828
3,0,0,0.08341193
3,0,0,0.1252778
3,0,0,0.47216305
3,0,1,0.53501654
3,1,0,0.48310614
3,1,1,0.549158
3,1,1,0.8382107
3,1,1,0.53100157
3,1,1,0.5708668
3,0,0,0.09192939
3,1,1,0.5425038
3,1,1,0.68802273
3,0,1,0.5847246
3,0,0,0.44168842
3,0,0,0.09304256
3,1,0,0.38094717
3,0,0,0.23069306
3,0,0,0.17903851
3,0,0,0.16112003
3,0,0,0.08277189
3,0,0,0.09214802
3,1,1,0.5698827
3,0,0,0.3358744
3,1,0,0.42015293
3,0,0,0.37018263
3,0,0,0.4165689
3,1,1,0.62628436
3,1,0,0.2648903
3,1,0,0.2704965
3,0,0,0.14840436
3,0,0,0.26963627
3,1,0,0.4609232
3,1,1,0.63131064
3,0,0,0.42813733
3,1,0,0.4315451
3,1,0,0.23396206
3,0,0,0.1763481
3,1,0,0.38004276
3,0,0,0.1450769
3,0,0,0.3122797
3,0,0,0.21665926
3,1,0,0.3929593
3,1,1,0.542395
3,1,0,0.34856793
3,0,0,0.12726535
3,0,0,0.42699048
3,0,0,0.27640602
3,0,0,0.20404251
3,0,0,0.14241053
3,1,0,0.43481037
3,0,0,0.2891781
3,0,0,0.27007598
3,0,1,0.60334504
3,1,1,0.8899492
3,1,1,0.5927314
3,1,1,0.66416156
3,1,0,0.4959569
3,1,1,0.5426802
3,0,1,0.5233857
3,1,1,0.56613445
3,1,1,0.67409486
3,1,0,0.39974153
3,0,1,0.638958
3,1,1,0.63802946
3,1,1,0.66572183
3,1,1,0.64769495
3,0,0,0.32851765
3,1,1,0.70517176
3,1,1,0.6049594
3,1,1,0.70233405
3,0,0,0.4256112
3,0,1,0.71931815
3,1,1,0.85418314
3,1,1,0.69360316
3,1,1,0.727415
3,0,0,0.41538846
3,1,1,0.6128383
3,1,1,0.5350475
3,0,1,0.56843245
3,0,1,0.56200606
3,0,1,0.59512913
3,0,1,0.66120666
3,0,0,0.19446203
3,0,0,0.30924842
3,1,1,0.60918677
3,1,1,0.7171828
3,1,1,0.7103218
3,0,0,0.3823988
3,1,0,0.27515346
3,1,1,0.5211851
3,1,1,0.7137638
3,0,1,0.5958699
3,0,0,0.4495442
3,0,1,0.65877664
3,1,1,0.53321874
3,1,0,0.39370292
3,0,1,0.83283323
3,1,1,0.5842271
3,0,0,0.40851572
3,0,1,0.64087874
3,0,1,0.5794428
3,0,1,0.558183
3,1,1,0.714879
3,0,1,0.5299776
3,1,1,0.64388806
3,1,1,0.6343411
3,1,1,0.62481105
3,1,0,0.44405425
3,1,1,0.8019796
3,1,0,0.4881997
3,1,1,0.5944701
3,0,0,0.4405787
3,0,1,0.52468175
3,1,0,0.48163256
3,1,1,0.67629373
3,0,0,0.28456622
3,1,1,0.85695684
3,0,0,0.07364412
3,0,0,0.45667347
3,1,0,0.4398833
3,1,1,0.77462953
3,0,0,0.1915481
3,1,0,0.27588058
3,1,1,0.8469198
3,0,0,0.36965722
3,0,0,0.12095714
3,0,1,0.54866093
3,0,0,0.44258124
3,1,1,0.5378563
3,0,1,0.53310007
3,0,1,0.6386255
3,1,0,0.34053013
3,0,0,0.24284738
3,1,1,0.78037137
3,1,1,0.649653
3,1,1,0.6708743
3,1,1,0.64450514
3,0,1,0.6660206
3,0,0,0.17849009
3,1,1,0.5464952
3,0,1,0.7432407
3,1,1,0.71029735
3,0,1,0.6871792
3,0,0,0.2091438
3,1,1,0.5328564
3,1,1,0.6436267
3,0,0,0.4350801
3,1,1,0.76527256
3,1,1,0.87641025
3,0,1,0.68239725
3,1,1,0.66602147
3,0,1,0.54542685
3,0,1,0.6669831
3,1,1,0.7121111
3,1,1,0.76425576
3,1,1,0.7793582
3,0,0,0.3705392
3,0,1,0.6686902
3,1,1,0.80086917
3,0,0,0.15819216
3,0,1,0.5122053
3,0,1,0.72619057
3,0,1,0.70760244
3,0,0,0.38638234
3,1,0,0.4718079
3,0,1,0.6659349
3,1,0,0.38536328
3,1,0,0.43510726
3,1,1,0.68148446
3,1,1,0.6355296
3,0,0,0.34521297
3,0,1,0.58343625
3,1,0,0.45871323
3,1,1,0.5519093
3,0,0,0.34665185
3,0,0,0.48002076
3,0,0,0.44507027
3,0,1,0.84566236
3,1,1,0.71772873
3,0,1,0.7999907
3,1,1,0.81785566
3,1,0,0.37317225
3,1,0,0.40311974
3,1,1,0.60979795
3,0,0,0.42472392
3,0,0,0.21413355
3,0,0,0.3786385
3,1,1,0.71602184
3,0,1,0.6302334
3,0,1,0.695481
3,0,0,0.32293522
3,0,0,0.48579887
3,1,1,0.70902175
3,1,1,0.9225846
3,1,0,0.49189296
3,1,0,0.41434026
3,0,0,0.4764906
3,0,0,0.42218488
3,0,0,0.48588678
3,1,1,0.734749
3,0,0,0.46815735
3,1,0,0.2822121
3,1,1,0.5353489
3,1,1,0.6619476
3,1,1,0.6607914
3,1,0,0.4233105
3,0,0,0.44036427
3,0,0,0.25528148
3,0,0,0.36751598
3,1,0,0.3500738
3,1,1,0.6848024
3,0,1,0.73678136
3,0,1,0.5072125
3,0,1,0.5908937
3,0,1,0.5310491
3,0,0,0.26971942
3,0,0,0.39463612
3,1,1,0.6234184
3,1,1,0.8005115
3,0,1,0.6087361
3,1,1,0.5289111
3,0,0,0.489941
3,1,1,0.69879687
3,0,1,0.6264705
3,0,1,0.7306643
3,0,0,0.18166968
3,1,0,0.48515633
3,1,1,0.6506671
3,0,1,0.6295238
3,0,1,0.68378246
3,1,1,0.8642413
3,1,1,0.6690672
3,1,1,0.53254527
3,0,1,0.8563029
3,0,0,0.45978603
3,1,1,0.5951206
3,0,0,0.38720164
3,1,1,0.52317095
3,0,0,0.41463256
3,1,1,0.752881
3,0,1,0.55109036
3,1,0,0.48629308
3,1,1,0.58465135
3,0,1,0.53069574
3,0,1,0.606154
3,0,0,0.24531966
3,0,0,0.41616783
3,1,1,0.7188269
3,0,1,0.53257775
3,0,0,0.4249211
3,1,1,0.62237215
3,0,1,0.5073454
3,1,1,0.5326648
3,1,1,0.53381217
3,1,0,0.38344842
3,1,1,0.730008
3,0,0,0.4137419
3,0,1,0.72412235
3,0,0,0.32119876
3,1,1,0.8393826
3,0,0,0.21809132
3,1,1,0.8347484
3,0,1,0.60979795
3,1,1,0.7500255
3,1,1,0.5072516
3,1,0,0.41668466
3,1,1,0.5214769
3,0,1,0.57620573
3,0,1,0.5735678
3,0,1,0.6302334
3,0,1,0.695481
3,0,0,0.32293522
3,0,0,0.48579887
3,1,1,0.70902175
3,1,1,0.84753525
3,1,1,0.59275013
3,1,1,0.72815007
3,0,0,0.3106896
3,1,1,0.7323386
3,1,1,0.5693435
3,0,0,0.34294122
3,1,1,0.52877676
3,0,1,0.59476686
3,1,1,0.60284954
3,1,0,0.47814193
3,0,0,0.10876955
3,1,1,0.90612245
3,1,1,0.8505237
3,0,1,0.6026315
3,0,0,0.37258068
3,0,0,0.0868048
3,0,1,0.5119237
3,0,1,0.66809005
3,0,1,0.60132897
3,0,1,0.5378736
3,0,1,0.6895104
3,1,1,0.7814726
3,0,1,0.55072254
3,1,1,0.74009836
3,0,0,0.20200995
3,1,1,0.5434873
3,0,1,0.65952873
3,1,0,0.41842473
3,1,0,0.46817398
3,0,0,0.29343247
3,0,0,0.40592536
3,0,1,0.74662644
3,0,0,0.3209596
3,1,1,0.8335082
3,0,0,0.23241839
3,1,1,0.70836806
3,0,0,0.4003011
3,1,1,0.8030484
3,1,0,0.3908902
3,0,1,0.50488055
3,1,1,0.62019384
3,1,1,0.61902624
3,0,1,0.6892788
3,0,0,0.47929734
3,1,1,0.7663552
3,0,1,0.6368634
3,1,1,0.7244541
3,0,1,0.62282455
3,0,1,0.73759735
3,1,1,0.56205124
3,0,1,0.52612436
3,0,1,0.649536
3,0,1,0.5358694
3,1,1,0.52622527
3,0,1,0.52937746
3,1,1,0.9019425
3,1,1,0.7077294
3,1,0,0.4949803
3,0,1,0.606423
3,0,1,0.6861896
3,1,1,0.52111816
3,0,0,0.36613634
3,0,0,0.33690777
3,0,0,0.39421713
3,0,0,0.23031302
3,0,1,0.6742082
3,0,1,0.6361252
3,1,1,0.63773656
3,1,1,0.7532385
3,0,1,0.7937078
3,1,1,0.8479661
3,1,1,0.73315716
3,0,0,0.22975221
3,0,0,0.49645245
3,0,1,0.66374046
3,0,1,0.6650316
3,1,1,0.7385656
3,0,1,0.58810043
3,0,0,0.474674
3,0,1,0.75166714
3,1,0,0.4567374
3,1,1,0.64782035
3,1,1,0.7208619
3,1,1,0.59152734
3,1,1,0.7726186
3,1,1,0.54829484
3,0,1,0.5765095
3,1,1,0.6543605
3,1,1,0.6145874
3,1,1,0.7194956
3,0,1,0.5245376
3,0,0,0.26960185
3,0,0,0.4727562
3,1,1,0.61456543
3,1,1,0.5303196
3,1,1,0.6436294
3,1,1,0.5772818
3,0,0,0.49689206
3,0,1,0.6154882
3,0,1,0.764405
3,1,1,0.8781262
3,0,1,0.6670099
3,1,1,0.9098369
3,1,1,0.8117095
3,0,1,0.63619995
3,0,1,0.5030576
3,0,0,0.3393781
3,0,1,0.6916264
3,0,1,0.7273865
3,1,1,0.8336185
3,1,1,0.8464807
3,0,0,0.37508643
3,1,1,0.8942408
3,0,1,0.6170557
3,1,1,0.5902576
3,1,1,0.71903276
3,0,0,0.24603216
3,1,1,0.87814873
3,1,1,0.74136794
3,1,1,0.6424231
3,1,1,0.6979286
3,0,1,0.71458757
3,0,1,0.56003624
3,1,1,0.663762
3,0,1,0.66291475
3,0,1,0.670412
3,0,0,0.39586556
3,1,0,0.41213304
3,1,1,0.5920604
3,1,1,0.70308363
3,1,1,0.8120816
3,0,0,0.47620276
3,1,1,0.6053476
3,0,1,0.5942161
3,1,0,0.48186517
3,0,1,0.7210007
3,0,0,0.48605308
3,1,0,0.48878875
3,0,0,0.46492827
3,0,0,0.21196786
3,1,0,0.30947685
3,0,1,0.6855745
3,1,1,0.83706707
3,1,1,0.91565686
3,1,1,0.88311213
3,1,1,0.6366255
3,1,1,0.70034724
3,1,1,0.50751644
3,1,1,0.68697625
3,0,0,0.3206145
3,1,1,0.5528665
3,1,1,0.7127467
3,1,0,0.33675984
3,0,0,0.26133454
3,0,0,0.1398285
3,1,1,0.5039752
3,0,0,0.42951372
3,0,0,0.2833835
3,0,0,0.3787254
3,1,1,0.565379
3,1,0,0.31743842
3,0,0,0.40218645
3,0,0,0.16918811
3,0,0,0.24686058
3,1,1,0.64891714
3,1,1,0.690639
3,0,0,0.39426187
3,0,0,0.33069062
3,1,1,0.72335607
3,1,1,0.73657566
3,1,1,0.5523116
3,0,1,0.6464786
3,0,0,0.29743174
3,0,0,0.24794224
3,1,1,0.8459768
3,1,1,0.78026396
3,0,0,0.3856202
3,1,1,0.71466
3,1,1,0.64966697
3,1,0,0.4210399
3,0,0,0.48710886
3,0,0,0.34522292
3,0,0,0.367354
3,0,1,0.54726154
3,1,1,0.5212571
3,0,1,0.5402911
3,1,1,0.80701876
3,0,0,0.34898633
3,1,1,0.62336624
3,1,1,0.6642714
3,1,1,0.86275285
3,0,0,0.47077078
3,1,1,0.69047195
3,1,1,0.5553276
3,0,0,0.4421844
3,0,1,0.6657769
3,0,1,0.6715713
3,1,1,0.92643434
3,0,1,0.74355763
3,1,1,0.66541475
3,0,1,0.60964817
3,1,0,0.47216943
3,0,0,0.4866492
3,0,1,0.570465
3,1,1,0.7682701
3,0,0,0.45989862
3,0,0,0.3729977
3,0,0,0.3692266
3,0,1,0.8097575
3,0,1,0.5283431
3,1,1,0.7306379
3,0,1,0.7256116
3,1,0,0.3845946
3,1,1,0.6724807
3,0,1,0.6602892
3,0,1,0.5466123
3,1,0,0.48379996
3,1,1,0.5690849
3,1,1,0.60529554
3,0,0,0.26755086
3,1,1,0.74781
3,0,1,0.5047018
3,1,0,0.3885697
3,1,1,0.66166615
3,1,1,0.55345416
3,0,1,0.81593126
3,1,1,0.5819256
3,1,1,0.7177222
3,0,0,0.4014398
3,1,1,0.6800847
3,1,1,0.6653911
3,0,1,0.5493105
3,0,1,0.7621229
3,0,0,0.38185352
3,0,0,0.34418264
3,0,1,0.50262636
3,0,0,0.26855716
3,0,1,0.65905315
3,0,1,0.63917977
3,0,1,0.66250396
3,0,1,0.65001476
3,0,0,0.45393345
3,1,1,0.86945564
3,0,1,0.57604325
3,0,1,0.7620404
3,1,1,0.6191188
3,0,0,0.18923381
3,0,1,0.59228283
3,0,0,0.44781247
3,1,0,0.36432227
3,1,1,0.6879809
3,0,0,0.1807077
3,1,1,0.59218967
3,1,0,0.4754921
3,0,0,0.39432797
3,1,0,0.47908166
3,0,1,0.60040677
3,1,1,0.7616414
3,0,0,0.34480652
3,0,0,0.29323375
3,0,0,0.088127874
3,1,0,0.22968999
3,1,1,0.6999239
3,1,1,0.58920443
3,1,1,0.7967778
3,1,1,0.7204071
3,1,1,0.72826004
3,1,0,0.40198457
3,1,1,0.6116252
3,0,1,0.53720564
3,0,1,0.5444758
3,1,1,0.55026484
3,0,0,0.4807927
3,0,0,0.38080058
3,1,1,0.6190979
3,0,1,0.6976124
3,0,1,0.51620716
3,1,0,0.4833406
3,0,1,0.55191475
3,0,1,0.51186293
3,1,1,0.7007006
3,1,0,0.4933446
3,1,1,0.6694664
3,0,0,0.32719702
3,1,0,0.46541983
3,0,0,0.38577446
3,1,0,0.48813355
3,1,0,0.30976018
3,0,0,0.27514118
3,0,1,0.6488676
3,1,1,0.65590554
3,1,1,0.50475496
3,1,1,0.56989807
3,0,1,0.5295178
3,0,0,0.46834522
3,0,0,0.37878728
3,0,1,0.6066688
3,0,0,0.45378327
3,0,1,0.5125115
3,1,1,0.65129983
3,0,1,0.8293505
3,1,1,0.5087681
3,1,0,0.46554348
3,1,1,0.51802385
3,0,0,0.1583131
3,0,1,0.5137815
3,0,0,0.25550023
3,1,1,0.75218946
3,0,1,0.54118574
3,0,1,0.6393839
3,1,1,0.63993907
3,0,1,0.6302334
3,0,1,0.70513916
3,1,1,0.5300546
3,1,1,0.53564614
3,1,1,0.84267133
3,0,1,0.6249918
3,1,1,0.6769732
3,1,1,0.5685498
3,1,1,0.7673657
3,0,1,0.68627626
3,1,1,0.6132616
3,1,1,0.66216177
3,0,1,0.6590542
3,0,1,0.51725733
3,0,1,0.61726
3,1,1,0.7446699
3,0,1,0.5132398
3,0,0,0.09972838
3,0,1,0.55929184
3,0,0,0.22130169
3,0,0,0.46404743
3,1,1,0.8046247
3,1,1,0.7629973
3,0,1,0.545092
3,0,0,0.46444598
3,1,1,0.732509
3,0,1,0.6781536
3,1,1,0.76910615
3,1,1,0.6622598
3,1,1,0.5847993
3,0,1,0.55993456
3,0,1,0.5519637
3,1,0,0.494606
3,0,0,0.44397125
3,1,0,0.40620786
3,1,0,0.18888727
3,0,0,0.33061773
3,0,1,0.56792885
3,0,1,0.7576842
3,1,1,0.62740594
3,0,1,0.6312418
3,1,1,0.5804162
3,1,1,0.56993383
3,0,1,0.55493873
3,1,0,0.4136292
3,0,0,0.41793144
3,1,1,0.5542038
3,0,1,0.7388758
3,1,1,0.76857287
3,0,0,0.29976702
3,1,0,0.44268602
3,1,1,0.61338025
3,1,1,0.64736634
3,0,1,0.5395752
3,0,1,0.5876375
3,0,0,0.47921625
3,1,0,0.4595435
3,0,0,0.11074553
3,0,1,0.6834893
3,1,1,0.60074633
3,1,0,0.2673234
3,0,1,0.5323341
3,1,1,0.6233866
3,1,1,0.8423206
3,1,0,0.2838521
3,0,0,0.38863632
3,0,1,0.5438266
3,0,1,0.5472608
3,0,1,0.5598625
3,0,0,0.4063391
3,1,0,0.44717398
3,1,1,0.67520195
3,0,0,0.34963912
3,0,0,0.23511705
3,1,1,0.74093497
3,1,0,0.39485863
3,1,1,0.50126207
3,1,1,0.6198575
3,1,1,0.588276
3,0,0,0.19181001
3,1,1,0.5752555
3,1,1,0.65829647
3,1,0,0.49768278
3,0,0,0.16273004
3,1,1,0.77864075
3,0,0,0.48178938
3,0,1,0.6278948
3,1,1,0.5868386
3,0,0,0.3819794
3,0,0,0.46028593
3,0,0,0.15793361
3,0,0,0.35952196
3,0,1,0.58436614
3,1,1,0.6172543
3,0,0,0.25541988
3,0,0,0.36853042
3,1,1,0.7353621
3,1,1,0.72895396
3,0,0,0.24343652
3,0,1,0.7205221
3,0,1,0.7263365
3,0,1,0.540689
3,1,0,0.30677432
3,0,0,0.384006
3,0,1,0.5661291
3,1,1,0.67548317
3,1,1,0.76144975
3,0,0,0.3463695
3,0,1,0.5350838
3,1,1,0.72413206
3,0,1,0.61395526
3,1,1,0.60132295
3,0,0,0.10101057
3,0,0,0.31193525
3,0,1,0.56441134
3,1,1,0.6922382
3,0,1,0.5337197
3,1,0,0.47205496
3,0,1,0.5139539
3,1,1,0.5570062
3,0,1,0.68274
3,0,0,0.39973304
3,1,1,0.6967505
3,1,0,0.4495556
3,0,1,0.5595932
3,1,1,0.61100763
3,1,1,0.6119129
3,0,0,0.30041772
3,1,0,0.34765643
3,0,1,0.52120215
3,1,1,0.6085008
3,0,1,0.8255988
3,0,1,0.79796594
3,0,0,0.27051264
3,0,0,0.24487455
3,1,1,0.52804685
3,0,1,0.6329511
3,1,1,0.5827785
3,1,1,0.58619857
3,1,1,0.6652502
3,0,1,0.854122
3,1,1,0.7043955
3,0,1,0.62481576
3,0,1,0.7244052
3,1,1,0.87646765
3,0,0,0.49683678
3,0,0,0.42731753
3,0,0,0.3598802
3,0,0,0.36539933
3,0,0,0.30896485
3,0,0,0.33191198
3,1,1,0.7286974
3,0,0,0.41873267
3,0,0,0.46828297
3,1,1,0.60775113
3,1,0,0.49329346
3,0,0,0.38981467
3,0,1,0.5389783
3,0,0,0.14886786
3,1,1,0.69785863
3,1,1,0.58910143
3,0,0,0.30585358
3,0,0,0.31656674
3,1,1,0.54460424
3,1,1,0.58136797
3,1,1,0.671393
3,0,0,0.11434433
3,1,0,0.30641446
3,1,1,0.5382363
3,1,1,0.518134
3,1,1,0.6176784
3,0,0,0.25781873
3,0,0,0.19178532
3,0,0,0.10774702
3,0,0,0.49322957
3,1,1,0.68748784
3,0,1,0.6126867
3,0,0,0.33422872
3,0,0,0.38696137
3,1,0,0.39270636
3,0,0,0.39753363
3,1,1,0.70807326
3,1,0,0.48329374
3,1,1,0.6081284
3,1,0,0.48294118
3,0,0,0.31994516
3,0,0,0.464397
3,1,1,0.74487877
3,0,0,0.39169157
3,0,0,0.47535425
3,0,0,0.13853869
3,1,1,0.55897343
3,0,0,0.3949639
3,1,0,0.47631115
3,0,1,0.77642596
3,0,0,0.37592283
3,1,1,0.77216214
3,0,0,0.3202748
3,1,1,0.5886999
3,1,1,0.56695944
3,1,1,0.7003511
3,0,1,0.59140563
3,1,0,0.41252095
3,0,1,0.54835105
3,0,1,0.62747943
3,0,1,0.5079113
3,0,0,0.49623793
3,1,0,0.33685818
3,1,1,0.61409175
3,0,0,0.4051949
3,1,0,0.4934619
3,1,1,0.5863093
3,1,1,0.5069218
3,0,0,0.3804989
3,1,1,0.54571515
3,1,1,0.5840302
3,1,1,0.61988145
3,0,0,0.29424518
3,1,1,0.63122493
3,1,1,0.5401121
3,1,0,0.31925634
3,0,0,0.32766324
3,1,0,0.42902252
3,0,0,0.16940702
3,1,0,0.44383642
3,0,1,0.6644063
3,0,0,0.4845701
3,1,0,0.47183484
3,0,0,0.24383615
3,0,0,0.3271045
3,0,0,0.48603278
3,0,0,0.46133408
3,0,1,0.6663387
3,0,0,0.34938338
3,0,0,0.23637941
3,0,0,0.20002525
3,0,0,0.3316236
3,0,0,0.4865829
3,1,0,0.41512904
3,0,0,0.43054438
3,1,1,0.7138936
3,1,1,0.6439268
3,1,1,0.63278884
3,0,1,0.5660645
3,1,1,0.6060483
3,1,1,0.6241517
3,0,0,0.48526114
3,1,1,0.70304346
3,1,1,0.5628791
3,1,1,0.74288034
3,0,0,0.2141031
3,0,0,0.088759266
3,1,0,0.4483607
3,0,1,0.6344841
3,0,0,0.35526678
3,0,0,0.35498142
3,1,1,0.7069397
3,1,1,0.7809636
3,0,0,0.39460334
3,0,0,0.44890946
3,0,1,0.5701183
3,0,1,0.71683925
3,0,1,0.92244595
3,1,1,0.71605337
3,0,1,0.5326428
3,1,0,0.30196908
3,1,1,0.64877313
3,0,0,0.47294313
3,1,1,0.5604746
3,0,0,0.20553163
3,0,0,0.16980734
3,0,0,0.33228227
3,1,1,0.65447044
3,0,1,0.73231524
3,0,0,0.48974845
3,1,1,0.6628834
3,0,0,0.38033387
3,1,1,0.60384434
3,1,1,0.54113585
3,0,0,0.268227
3,0,0,0.118215546
3,0,0,0.2031361
3,1,1,0.6143138
3,0,0,0.46325663
3,1,1,0.6081299
3,0,0,0.2742217
3,1,0,0.4150046
3,0,0,0.15870453
3,1,1,0.5922171
3,0,1,0.6024723
3,0,1,0.79987985
3,0,0,0.41821036
3,1,0,0.41027713
3,0,0,0.47510365
3,0,1,0.8166348
3,0,0,0.21478924
3,1,1,0.66373134
3,0,0,0.42763627
3,1,1,0.7401907
3,1,0,0.41460207
3,1,0,0.45926976
3,0,0,0.4064349
3,0,0,0.09093234
3,1,1,0.83514076
3,0,0,0.28269193
3,1,1,0.69805175
3,0,1,0.53414303
3,1,1,0.6563998
3,1,1,0.7303971
3,0,1,0.5931805
3,1,1,0.73820883
3,1,1,0.5372586
3,0,0,0.08143601
3,0,1,0.5894113
3,1,1,0.5730986
3,0,1,0.66386366
3,0,0,0.39071354
3,1,1,0.5765201
3,1,1,0.67485774
3,1,1,0.6605046
3,1,1,0.5522062
3,1,0,0.4614508
3,0,0,0.4888716
3,0,0,0.40777853
3,1,0,0.38913372
3,0,0,0.39740065
3,0,0,0.4307888
3,0,0,0.1344983
3,0,1,0.65456194
3,0,0,0.3741595
3,0,1,0.7015817
3,1,0,0.42088413
3,0,1,0.7215739
3,1,1,0.7210481
3,1,1,0.8204143
3,0,1,0.6641457
3,1,1,0.59651047
3,1,1,0.6797068
3,1,1,0.6684278
3,1,1,0.6193027
3,1,1,0.6449592
3,0,0,0.43332243
3,0,1,0.5600163
3,1,1,0.70614326
3,0,1,0.7026554
3,1,1,0.60856336
3,0,1,0.5535664
3,0,1,0.5165401
3,0,0,0.349798
3,1,1,0.70020586
3,0,1,0.5447927
3,0,0,0.40139914
3,0,0,0.14584966
3,0,0,0.31834692
3,1,1,0.78779423
3,0,0,0.2785098
3,1,1,0.6517153
3,0,1,0.5165512
3,1,1,0.7664312
3,0,1,0.63807887
3,1,1,0.60841775
3,1,1,0.873476
3,0,1,0.52518964
3,1,1,0.70214593
3,1,1,0.6893608
3,0,1,0.7292827
3,1,1,0.52545506
3,0,0,0.2553242
3,1,1,0.80364156
3,0,1,0.73354125
3,0,1,0.5593399
3,1,1,0.5909241
3,1,1,0.6662476
3,1,0,0.37398
3,1,0,0.34953478
3,0,0,0.46282426
3,0,0,0.29665264
3,1,0,0.4628037
3,1,0,0.37089875
3,0,0,0.41970605
3,0,0,0.40197128
3,0,0,0.33476698
3,0,0,0.23964742
3,0,1,0.5593637
3,0,0,0.29806262
3,1,1,0.5646832
3,1,0,0.48077968
3,0,0,0.20088315
3,0,1,0.50049406
3,0,0,0.47860155
3,0,0,0.40069178
3,1,0,0.4440912
3,1,1,0.600861
3,0,0,0.32349744
3,0,0,0.18481909
3,0,1,0.7266386
3,1,0,0.4727746
3,1,0,0.21820617
3,1,1,0.8484444
3,1,1,0.57123774
3,1,1,0.7444674
3,1,1,0.7552776
3,1,1,0.77406037
3,0,0,0.20003939
3,1,1,0.6767342
3,0,0,0.4396929
3,0,0,0.45066208
3,1,1,0.57944924
3,0,0,0.18431345
3,1,1,0.6145848
3,1,1,0.6083249
3,1,1,0.9031909
3,0,0,0.14258654
3,0,1,0.50096565
3,0,1,0.5608809
3,0,1,0.5064479
3,1,0,0.43799114
3,0,1,0.54496664
3,0,1,0.60756975
3,1,1,0.6497641
3,1,1,0.50156665
3,1,1,0.631878
3,0,0,0.4655264
3,1,1,0.5268689
3,0,0,0.27425563
3,1,0,0.43409526
3,0,0,0.48543367
3,1,1,0.6344004
3,1,1,0.57835156
3,0,1,0.61363715
3,0,1,0.5153268
3,1,1,0.69858927
3,0,1,0.75045395
3,0,1,0.52628034
3,1,1,0.68517596
3,1,1,0.53227586
3,1,0,0.4571129
3,1,1,0.5109776
3,0,1,0.6318125
3,0,1,0.58199364
3,0,0,0.32441917
3,1,1,0.51002705
3,1,1,0.50219357
3,0,0,0.4383986
3,0,1,0.56369907
3,0,0,0.07691652
3,0,1,0.527661
3,1,0,0.42762855
3,0,0,0.42756534
3,0,0,0.39172468
3,1,0,0.41641346
3,0,0,0.32496127
3,1,1,0.73781407
3,1,1,0.5785541
3,1,0,0.47712082
3,0,0,0.3975383
3,1,1,0.6192071
3,0,0,0.3375968
3,1,1,0.5358088
3,1,1,0.51551867
3,0,0,0.4396929
3,0,0,0.41585547
3,1,0,0.45951903
3,1,1,0.56585395
3,1,1,0.5308527
3,0,0,0.47887436
3,0,0,0.14152314
3,1,1,0.89158124
3,0,0,0.36217973
3,0,0,0.2615032
3,0,0,0.41987517
3,1,1,0.6881298
3,1,1,0.64064825
3,1,0,0.49189094
3,0,1,0.5050887
3,1,1,0.56092095
3,0,0,0.17806503
3,1,0,0.38251093
3,1,1,0.68853956
3,1,0,0.48487416
3,0,0,0.4658967
3,1,1,0.61689657
3,0,1,0.584704
3,0,0,0.23036125
3,1,1,0.56373286
3,1,1,0.6674083
3,0,0,0.16182144
3,0,0,0.33368507
3,1,1,0.6436417
3,0,1,0.58637464
3,1,1,0.6201864
3,0,0,0.42789915
3,0,0,0.4529686
3,0,1,0.6775577
3,1,1,0.6776982
3,0,1,0.8010274
3,0,1,0.7623315
3,1,1,0.70020485
3,1,1,0.85334706
3,1,1,0.6824261
3,1,1,0.5753684
3,1,1,0.5352261
3,1,1,0.78298706
3,1,0,0.40095755
3,1,0,0.44271162
3,0,1,0.82816654
3,1,1,0.78585976
3,1,1,0.6754738
3,1,0,0.4046104
3,0,0,0.22863479
3,0,1,0.54262197
3,0,0,0.4821221
3,1,1,0.5602849
3,0,0,0.4808038
3,0,1,0.7241472
3,0,1,0.5365827
3,0,1,0.6172422
3,1,1,0.7188881
3,1,1,0.7838863
3,1,1,0.7381214
3,1,1,0.52805215
3,0,1,0.7186463
3,1,1,0.7899574
3,1,1,0.6381458
3,1,1,0.7421033
3,1,1,0.7483184
3,0,1,0.64811724
3,0,0,0.31251547
3,0,1,0.6459349
3,1,1,0.84449
3,0,0,0.22842309
3,0,1,0.77828515
3,0,1,0.5609983
3,0,1,0.7043876
3,1,1,0.6687664
3,1,1,0.6638108
3,1,1,0.6290639
3,1,0,0.42370638
3,0,1,0.55393076
3,1,1,0.50320363
3,0,1,0.5498664
3,0,0,0.44911462
3,0,1,0.7637334
3,0,1,0.66560775
3,1,1,0.6896887
3,1,1,0.82064766
3,0,0,0.3811093
3,0,0,0.4742338
3,0,1,0.708116
3,1,1,0.5857482
3,1,1,0.9170501
3,1,1,0.78891885
3,0,0,0.30177388
3,1,0,0.42403376
3,1,1,0.8272827
3,0,0,0.264694
3,0,0,0.32848224
3,0,0,0.12075814
3,1,0,0.41812828
3,0,0,0.4416227
3,0,0,0.22907926
3,1,1,0.8934708
3,1,0,0.38999942
3,0,1,0.60575736
3,1,1,0.5716257
3,0,0,0.48727977
3,1,1,0.58737826
3,0,0,0.30236247
3,1,1,0.6499136
3,0,1,0.6252748
3,0,1,0.5573973
3,0,0,0.46574354
3,0,1,0.59960294
3,0,1,0.50615704
3,1,0,0.4434542
3,0,1,0.6162906
3,1,1,0.6658044
3,1,0,0.36984769
3,0,0,0.43674272
3,0,0,0.22635415
3,1,0,0.3222294
3,1,0,0.48114622
3,0,0,0.13077752
3,0,0,0.30858234
3,1,0,0.40376946
3,1,0,0.24017324
3,1,0,0.43648544
3,0,0,0.16813052
3,0,0,0.32899442
3,0,0,0.3305375
3,0,0,0.37123704
3,0,0,0.2531031
3,0,0,0.29856983
3,0,0,0.36611807
3,0,0,0.37215707
3,0,0,0.36872327
3,0,0,0.36786166
3,0,0,0.20727198
3,0,0,0.31239998
3,1,0,0.47391078
3,1,0,0.37108102
3,0,0,0.3719853
3,0,0,0.1667821
3,1,0,0.3067172
3,0,0,0.4174641
3,0,0,0.16723399
3,1,1,0.58719444
3,1,0,0.4039736
3,0,0,0.25874308
3,1,0,0.24191257
3,0,0,0.2596111
3,0,0,0.16038491
3,1,0,0.37548164
3,1,0,0.30211207
3,0,0,0.06594059
3,1,1,0.61819226
3,0,1,0.5592009
3,1,0,0.4970781
3,1,1,0.55020636
3,0,0,0.20877804
3,0,1,0.53244954
3,1,1,0.7357753
3,0,0,0.45371985
3,0,0,0.21192126
3,0,0,0.33451864
3,1,1,0.70353633
3,1,1,0.6304474
3,1,0,0.48154745
3,0,0,0.30025417
3,0,0,0.24233
3,0,0,0.2834799
3,1,0,0.46338332
3,0,0,0.080296874
3,0,1,0.541525
3,1,1,0.5679346
3,0,1,0.5664921
3,0,0,0.498659
3,0,0,0.13941431
3,1,1,0.7067106
3,1,0,0.4223944
3,0,0,0.36543563
3,1,1,0.6688371
3,0,0,0.2099166
3,1,0,0.4658075
3,1,1,0.63064426
3,0,1,0.58667105
3,0,1,0.50748694
3,1,1,0.5327339
3,1,0,0.3897782
3,0,0,0.10987056
3,1,1,0.5360007
3,0,0,0.26651627
3,0,0,0.07342658
3,0,0,0.48530582
3,0,1,0.6387182
3,1,1,0.64896536
3,1,0,0.24874496
3,1,1,0.7238521
3,1,0,0.41605982
3,0,0,0.071721
3,0,0,0.09852517
3,0,0,0.16760662
3,1,1,0.77093774
3,0,0,0.42978773
3,1,0,0.4794895
3,1,0,0.4799961
3,1,1,0.7030276
3,1,1,0.7562401
3,1,1,0.54107076
3,0,1,0.5489317
3,1,0,0.47708783
3,0,1,0.6826916
3,1,1,0.72585493
3,1,1,0.686156
3,0,0,0.13642094
3,0,1,0.51069707
3,1,1,0.7807792
3,1,1,0.6928248
3,0,1,0.598543
3,0,0,0.42703992
3,0,1,0.52674335
3,0,1,0.738475
3,0,0,0.4847996
3,1,1,0.60265756
3,1,1,0.5371781
3,0,0,0.21765004
3,1,0,0.3758094
3,0,0,0.21695687
3,0,0,0.46847934
3,1,1,0.6957701
3,0,0,0.37386417
3,1,1,0.81490725
3,1,1,0.6388522
3,1,1,0.5922282
3,1,1,0.5494596
3,1,1,0.8520015
3,0,0,0.47862726
3,1,1,0.612977
3,0,0,0.32344747
3,1,1,0.6349921
3,0,0,0.41874614
3,1,1,0.75217074
3,0,1,0.5625507
3,1,1,0.7738623
3,1,1,0.7784878
3,1,1,0.7700276
3,0,1,0.70568895
3,0,1,0.58931535
3,1,1,0.9553766
3,0,1,0.7860441
3,1,1,0.7372029
3,0,1,0.5318201
3,1,1,0.70959467
3,1,1,0.76902825
3,0,1,0.60237116
3,1,1,0.82713836
3,1,1,0.56769955
3,1,1,0.7483081
3,1,1,0.88668525
3,0,1,0.5202135
3,1,1,0.7534936
3,0,1,0.6625685
3,0,1,0.5235072
3,0,1,0.7222632
3,1,1,0.5493069
3,1,1,0.7016998
3,1,0,0.43744326
3,0,1,0.6628783
3,0,0,0.43884087
3,0,0,0.39986983
3,0,0,0.38720992
3,0,1,0.56874746
3,1,1,0.58801895
3,1,0,0.34221905
3,0,1,0.5242357
3,1,0,0.28565398
3,1,1,0.88913745
3,1,1,0.5987374
3,1,0,0.35379
3,0,1,0.5853779
3,0,1,0.72709155
3,1,1,0.586833
3,1,1,0.82425475
3,0,0,0.09000947
3,0,1,0.62154883
3,1,1,0.60770917
3,1,0,0.34604594
3,0,1,0.52041423
3,1,0,0.42453516
3,1,0,0.34675464
3,0,0,0.4423974
3,1,1,0.50463957
3,0,0,0.20440957
3,0,0,0.15695047
3,0,1,0.60828835
3,0,0,0.43968385
3,0,0,0.08779113
3,1,0,0.41902155
3,0,0,0.17653419
3,1,1,0.6962866
3,1,0,0.41104117
3,1,0,0.47404757
3,0,0,0.3022035
3,0,0,0.43641216
3,1,0,0.47391647
3,0,0,0.45117176
3,0,0,0.29957846
3,0,1,0.54141986
3,0,0,0.2723621
3,0,1,0.54933846
3,0,1,0.5861271
3,1,0,0.49142355
3,1,0,0.45579937
3,0,1,0.6409141
3,0,0,0.325887
3,0,0,0.45784414
3,0,1,0.6425535
3,1,1,0.57051694
3,0,0,0.47269878
3,0,0,0.45220244
3,1,1,0.64059114
3,1,0,0.47769085
3,1,1,0.6651374
3,0,0,0.38078764
3,0,0,0.18037856
3,0,0,0.25684208
3,1,0,0.43344232
3,1,0,0.411753
3,1,1,0.57573843
3,0,0,0.44648135
3,0,1,0.5164466
3,1,1,0.80866903
3,1,1,0.5553319
3,1,1,0.6470679
3,0,0,0.20860028
3,0,1,0.55019873
3,1,1,0.73371464
3,0,0,0.34956497
3,1,1,0.5552599
3,0,0,0.24388814
3,1,1,0.590919
3,0,1,0.5707413
3,0,0,0.46607965
3,1,1,0.5954891
3,0,0,0.4383271
3,0,0,0.31127846
3,1,1,0.6053741
3,0,1,0.81809515
3,0,0,0.4722268
3,1,1,0.597562
3,1,0,0.2898414
3,0,0,0.14199176
3,0,0,0.3322696
3,1,1,0.6870241
3,0,1,0.5362985
3,0,0,0.48209998
3,0,0,0.24935953
3,1,1,0.6243648
3,0,1,0.5601586
3,1,1,0.7123446
3,1,1,0.6381254
3,1,1,0.67826664
3,0,1,0.6007359
3,0,1,0.55763036
3,1,1,0.8406438
3,1,1,0.6388864
3,1,1,0.6385933
3,1,1,0.71333426
3,1,1,0.6182815
3,1,1,0.6727528
3,0,0,0.34081435
3,0,0,0.44064686
3,1,0,0.44683158
3,0,0,0.26192814
3,0,0,0.4152446
3,0,0,0.4925338
3,1,1,0.7156262
3,1,1,0.66135883
3,1,1,0.69404894
3,0,0,0.46652403
3,0,1,0.5586581
3,1,1,0.5632101
3,1,0,0.4597529
3,1,1,0.7451671
3,1,1,0.7150113
3,0,0,0.46538326
3,1,0,0.47814524
3,1,1,0.6292332
3,0,0,0.30931842
3,0,1,0.71001494
3,1,1,0.588037
3,1,1,0.62304956
3,1,1,0.6733375
3,0,0,0.4662672
3,0,1,0.5622668
3,0,1,0.60652316
3,1,1,0.75195444
3,1,1,0.7330379
3,0,0,0.34692326
3,1,1,0.8037475
3,0,1,0.56145775
3,1,1,0.5731582
3,1,1,0.59272164
3,0,1,0.6503864
3,1,1,0.6380082
3,1,1,0.89571583
3,1,1,0.5630519
3,1,0,0.13167599
3,1,1,0.7084804
3,1,1,0.74010205
3,0,0,0.37217432
3,1,1,0.6218788
3,0,1,0.56712097
3,1,1,0.67074996
3,0,1,0.67973375
3,0,0,0.41132727
3,1,1,0.6385459
3,1,1,0.52358216
3,0,0,0.23734348
3,0,0,0.2844777
3,1,1,0.5341826
3,0,0,0.34471685
3,0,0,0.14446908
3,1,1,0.5889267
3,0,0,0.16026193
3,1,1,0.6143138
3,1,1,0.66235626
3,0,0,0.39978626
3,0,0,0.46411437
3,0,1,0.5176912
3,0,0,0.26785016
3,1,1,0.7988671
3,0,0,0.28029186
3,0,1,0.7923886
3,1,1,0.86950064
3,0,1,0.6331444
3,0,1,0.5895747
3,1,1,0.7241027
3,0,1,0.6034685
3,1,1,0.71440387
3,0,0,0.4909362
3,1,1,0.8335765
3,1,1,0.7596265
3,0,1,0.5391565
3,0,1,0.5129299
3,0,0,0.4333231
3,1,1,0.77274776
3,1,1,0.7782833
3,0,0,0.42541942
3,0,0,0.45730475
3,0,0,0.39989257
3,1,0,0.26228276
3,1,1,0.6719586
3,1,1,0.6251391
3,1,1,0.5549469
3,0,0,0.076086156
3,0,1,0.65039635
3,0,1,0.6763607
3,1,1,0.55100906
3,0,1,0.6468158
3,0,1,0.51491195
3,1,1,0.6868789
3,0,0,0.20185092
3,0,1,0.53793776
3,0,0,0.202326
3,0,0,0.39122775
3,0,0,0.41085616
3,0,0,0.44614047
3,1,1,0.6620164
3,1,1,0.56881416
3,0,0,0.08487479
3,1,1,0.5091155
3,1,1,0.6833545
3,0,0,0.3419315
3,1,1,0.9012151
3,0,0,0.49056813
3,1,1,0.6680317
3,1,1,0.56063
3,0,1,0.6325751
3,0,1,0.60022426
3,0,0,0.406667
3,0,1,0.7247551
3,1,1,0.79973084
3,0,1,0.780232
3,0,0,0.4240872
3,1,1,0.75815517
3,1,1,0.55915624
3,0,0,0.29369318
3,0,1,0.5016892
3,1,1,0.6052458
3,1,0,0.39834222
3,1,1,0.81564915
3,1,1,0.81292695
3,1,1,0.6947459
3,0,1,0.51455927
3,0,1,0.66733587
3,1,0,0.46734416
3,1,1,0.6242668
3,1,1,0.6387931
3,1,1,0.5165249
3,0,1,0.5676998
3,0,1,0.75529975
3,0,0,0.45794314
3,0,1,0.69701654
3,1,1,0.5665163
3,0,1,0.7731356
3,0,0,0.3833462
3,0,1,0.7052156
3,1,1,0.651147
3,1,1,0.5512877
3,0,0,0.4565548
3,0,0,0.4304164
3,0,0,0.48950112
3,1,1,0.5457877
3,0,0,0.47949725
3,0,0,0.45739707
3,1,0,0.48328036
3,1,0,0.4662973
3,0,0,0.43574357
3,0,0,0.42212537
3,1,1,0.7064124
3,1,1,0.6597615
3,0,0,0.40241477
3,1,1,0.59595
3,0,1,0.50822395
3,0,0,0.49597666
3,1,1,0.57254696
3,0,0,0.31189907
3,0,0,0.35605904
3,1,0,0.41002014
3,1,1,0.64536977
3,1,1,0.54666996
3,0,1,0.6934694
3,0,1,0.56298304
3,0,1,0.60686606
3,1,0,0.30214396
3,1,1,0.5104305
3,0,1,0.59261703
3,0,1,0.51647943
3,1,1,0.630596
3,0,0,0.077533655
3,0,0,0.40212286
3,0,1,0.5164466
3,1,1,0.5026766
3,1,1,0.7045169
3,1,1,0.5055875
3,1,1,0.57198286
3,1,1,0.76335347
3,0,1,0.5324074
3,0,1,0.657123
3,0,0,0.32983494
3,1,1,0.61632466
3,1,0,0.47014758
3,0,0,0.47480544
3,0,0,0.38238373
3,1,1,0.54393256
3,0,1,0.532253
3,0,0,0.43780914
3,1,1,0.93511105
3,1,1,0.82597744
3,0,1,0.731044
3,0,0,0.4117804
3,1,1,0.8176865
3,0,1,0.55562156
3,1,1,0.8100529
3,1,1,0.6786765
3,1,0,0.4795333
3,1,1,0.5297623
3,0,0,0.31494662
3,1,0,0.47689712
3,1,1,0.5613443
3,1,0,0.49946254
3,0,1,0.54452103
3,1,1,0.6516631
3,0,1,0.62164676
3,0,1,0.5501602
3,0,1,0.73028094
3,0,0,0.46848997
3,0,0,0.43446326
3,1,0,0.26428118
3,0,1,0.5422852
3,1,0,0.30548233
3,0,0,0.1912721
3,0,1,0.6162527
3,1,0,0.39068007
3,1,1,0.5964101
3,1,1,0.62859064
3,0,0,0.41549185
3,1,1,0.6277062
3,1,1,0.612095
3,0,0,0.29735804
3,0,0,0.38769835
3,0,0,0.10580891
3,1,1,0.6240328
3,1,1,0.58473724
3,1,0,0.44738802
3,1,1,0.5814879
3,1,1,0.67545944
3,0,0,0.30096835
3,1,1,0.5224939
3,1,0,0.47695756
3,0,1,0.5471306
3,1,0,0.4011042
3,0,0,0.26692426
3,0,0,0.30709815
3,1,1,0.5073311
3,1,1,0.7883464
3,0,0,0.49061134
3,0,0,0.33540636
3,1,1,0.8308221
3,1,1,0.7970042
3,1,1,0.67963606
3,0,1,0.8637814
3,0,1,0.72033346
3,0,1,0.8212336
3,1,1,0.61426485
3,0,1,0.5304559
3,1,1,0.8375878
3,1,1,0.75998026
3,0,0,0.47293317
3,1,0,0.403561
3,0,1,0.5716277
3,1,1,0.7679231
3,1,1,0.50045
3,0,1,0.5369824
3,0,1,0.6281511
3,1,1,0.550755
3,1,1,0.7348086
3,0,0,0.4677957
3,0,0,0.1346004
3,0,1,0.6737465
3,0,0,0.4414033
3,1,1,0.67946535
3,1,1,0.8076319
3,1,1,0.75310826
3,0,1,0.79901886
3,1,1,0.5729881
3,0,0,0.33589578
3,0,1,0.56211436
3,1,1,0.85398436
3,1,0,0.45619985
3,0,1,0.7592534
3,0,0,0.41613805
3,1,1,0.6687149
3,0,1,0.6101159
3,1,1,0.667278
3,1,0,0.48263678
3,1,1,0.5822077
3,0,1,0.68556404
3,0,1,0.5552931
3,1,1,0.5478344
3,1,1,0.5922874
3,1,1,0.6483473
3,0,1,0.66517043
3,1,1,0.59665024
3,1,1,0.71075267
3,0,0,0.24465299
3,1,1,0.6635993
3,0,0,0.46639302
3,1,1,0.5245394
3,1,1,0.5865816
3,1,1,0.6193075
3,1,0,0.48114485
3,1,0,0.4977144
3,0,1,0.5137083
3,1,0,0.44535613
3,0,1,0.60124
3,0,1,0.5408147
3,0,0,0.4682498
3,0,1,0.54964244
3,0,1,0.62196255
3,0,0,0.459495
3,0,0,0.45331895
3,1,1,0.779878
3,1,1,0.77425617
3,0,1,0.67332023
3,0,0,0.20359527
3,0,0,0.34122932
3,1,1,0.6603382
3,0,1,0.78253734
3,0,0,0.122502066
3,0,1,0.53523976
3,1,1,0.55650264
3,1,1,0.61274326
3,1,1,0.5472572
3,0,0,0.44521752
3,0,1,0.63943213
3,1,0,0.4560778
3,1,1,0.5752483
3,1,1,0.6552363
3,1,0,0.47429243
3,1,1,0.7643412
3,1,1,0.74329317
3,0,1,0.71851206
3,1,0,0.4715273
3,0,0,0.4952655
3,1,0,0.4256383
3,0,0,0.22174558
3,1,0,0.4948283
3,1,1,0.59327054
3,1,1,0.9132377
3,0,0,0.29417184
3,1,0,0.46609488
3,0,0,0.47274262
3,0,0,0.41815037
3,0,0,0.4307498
3,1,1,0.60787886
3,1,0,0.34903175
3,1,1,0.77228314
3,0,1,0.69645137
3,1,1,0.58516616
3,1,0,0.42930147
3,1,1,0.7282922
3,0,0,0.45925578
3,1,1,0.62076557
3,1,0,0.47730264
3,0,0,0.4283655
3,1,1,0.5981827
3,0,1,0.5971104
3,0,0,0.46170634
3,0,0,0.33187324
3,1,1,0.6745152
3,0,1,0.56262785
3,0,0,0.44906026
3,1,1,0.8375878
3,1,1,0.75998026
3,0,0,0.47293317
3,1,0,0.403561
3,0,1,0.5716277
3,1,1,0.7679231
3,1,1,0.50045
3,0,1,0.5369824
3,0,1,0.6281511
3,1,1,0.550755
3,1,1,0.7348086
3,0,0,0.4677957
3,0,0,0.1346004
3,0,1,0.6737465
3,0,0,0.4414033
3,1,1,0.67946535
3,1,1,0.8076319
3,1,1,0.75310826
3,0,1,0.79901886
3,1,1,0.5729881
3,0,0,0.33589578
3,0,1,0.56211436
3,1,1,0.74405164
3,1,0,0.4393957
3,0,1,0.5652381
3,0,1,0.6115433
3,0,1,0.6273261
3,0,0,0.38550296
3,0,0,0.3581945
3,1,1,0.72966915
3,1,1,0.6954007
3,1,0,0.4974573
3,0,1,0.64664704
3,1,1,0.6946107
3,1,1,0.7115626
3,0,1,0.6448333
3,0,0,0.38035887
3,1,1,0.696752
3,1,0,0.46932647
3,0,0,0.4514024
3,0,1,0.5994142
3,1,1,0.5356477
3,1,1,0.6742932
3,1,1,0.6400301
3,0,1,0.70748186
3,1,1,0.6896496
3,1,0,0.38890252
3,1,0,0.38832793
3,0,1,0.68263257
3,1,0,0.33411488
3,0,1,0.5121956
3,0,0,0.387728
3,1,1,0.6388053
3,0,0,0.35448968
3,0,1,0.5343125
3,0,1,0.651905
3,0,1,0.52918255
3,0,1,0.5889492
3,1,1,0.56324893
3,1,0,0.49830404
3,0,0,0.3060428
3,0,0,0.3301413
3,1,0,0.44208533
3,0,0,0.26240787
3,0,0,0.2994472
3,0,0,0.22888045
3,1,0,0.49520966
3,0,0,0.40744814
3,0,0,0.3942191
3,1,1,0.526389
3,0,0,0.18295053
3,1,1,0.6217117
3,0,1,0.6759909
3,0,1,0.74196637
3,0,1,0.59670466
3,0,0,0.46948335
3,1,1,0.7751122
3,0,1,0.6551783
3,1,1,0.7084519
3,1,1,0.78382903
3,0,0,0.41982815
3,1,1,0.50436616
3,0,0,0.4971704
3,0,0,0.36523953
3,1,1,0.7993187
3,0,0,0.35136628
3,1,0,0.30383056
3,0,0,0.1016133
3,0,0,0.42872363
3,1,1,0.83527976
3,1,0,0.47040486
3,0,1,0.51584315
3,1,1,0.57886297
3,0,0,0.48396546
3,1,0,0.4475078
3,0,1,0.7921198
3,0,1,0.72863805
3,0,1,0.523265
3,1,1,0.63359666
3,0,1,0.6694664
3,0,1,0.5963035
3,1,0,0.31873086
3,1,1,0.62506366
3,1,1,0.6620354
3,1,1,0.57576394
3,0,0,0.48436347
3,1,1,0.6950205
3,1,1,0.69259685
3,1,1,0.68778694
3,1,1,0.69835186
3,0,1,0.7068263
3,1,1,0.9239006
3,1,1,0.57497734
3,1,1,0.5736122
3,1,1,0.51523316
3,0,0,0.45152938
3,0,1,0.5660179
3,1,1,0.82591915
3,0,1,0.5052893
3,0,1,0.51330787
3,1,1,0.71604365
3,1,0,0.47786087
3,0,0,0.054847762
3,0,0,0.2550545
3,0,0,0.111291945
3,0,0,0.40172058
3,0,1,0.71860707
3,0,1,0.6502301
3,0,1,0.61372906
3,0,0,0.48206773
3,0,0,0.48710856
3,0,1,0.60644066
3,0,1,0.5085176
3,1,1,0.60485023
3,0,1,0.75706744
3,1,1,0.7043809
3,1,1,0.5209689
3,1,0,0.20539024
3,0,1,0.54857713
3,1,1,0.73672605
3,1,1,0.55551255
3,0,0,0.32609037
3,0,1,0.57025576
3,0,0,0.49766886
3,0,0,0.42734593
3,0,0,0.4476346
3,0,0,0.4277606
3,0,0,0.22374904
3,0,0,0.4009299
3,1,0,0.4813164
3,0,0,0.46655315
3,0,1,0.664586
3,1,0,0.41110447
3,1,1,0.6094031
3,1,1,0.6366254
3,0,0,0.41278753
3,1,1,0.51203084
3,0,0,0.46922302
3,1,1,0.5860453
3,1,0,0.37879676
3,1,0,0.45720056
3,0,0,0.24091402
3,0,0,0.17114437
3,1,1,0.7218379
3,1,1,0.5866336
3,0,0,0.2673002
3,1,1,0.5338448
3,1,1,0.65326077
3,1,1,0.7146579
3,0,0,0.42013237
3,0,1,0.67004913
3,0,1,0.7489186
3,1,1,0.5321797
3,1,1,0.7119899
3,0,0,0.2227305
3,0,0,0.4122421
3,0,1,0.61296445
3,0,0,0.33213642
3,1,1,0.6782315
3,0,1,0.6841301
3,1,1,0.7600474
3,1,1,0.69376755
3,0,1,0.5740664
3,0,0,0.46242112
3,1,1,0.8289196
3,0,0,0.42016733
3,1,1,0.7483447
3,1,1,0.6631946
3,1,1,0.81773174
3,1,1,0.7997124
3,1,1,0.6660663
3,0,1,0.64211875
3,0,1,0.5421508
3,1,1,0.51097023
3,0,1,0.66356957
3,0,1,0.5051594
3,0,0,0.17828746
3,0,1,0.6655622
3,0,0,0.41568816
3,1,1,0.7707706
3,1,1,0.7483561
3,1,1,0.6482326
3,1,1,0.55011916
3,1,1,0.7531324
3,1,0,0.48456004
3,1,1,0.6237337
3,0,1,0.62722665
3,0,1,0.5295312
3,0,0,0.3002865
3,0,0,0.3124726
3,0,1,0.6893174
3,1,1,0.5567724
3,0,1,0.5465325
3,0,0,0.38583353
3,1,1,0.5220232
3,0,1,0.7578702
3,0,0,0.15817942
3,1,1,0.6627159
3,1,1,0.50228095
3,1,1,0.5938469
3,1,0,0.3765359
3,0,1,0.5711017
3,0,1,0.51741624
3,1,0,0.36589178
3,1,0,0.32185778
3,1,0,0.43590736
3,1,1,0.5903115
3,1,1,0.56220716
3,0,0,0.47700375
3,0,1,0.712849
3,1,1,0.8718437
3,1,1,0.7497475
3,1,0,0.46672907
3,0,0,0.3805891
3,0,1,0.7225601
3,0,0,0.20552273
3,1,0,0.27248082
3,1,1,0.74648654
3,1,1,0.72831243
3,0,1,0.64811724
3,0,0,0.31251547
3,1,1,0.85337466
3,0,0,0.42887193
3,1,1,0.7220536
3,1,1,0.8655762
3,1,1,0.6095951
3,1,0,0.34205937
3,0,0,0.33358046
3,0,1,0.7587971
3,1,1,0.7206961
3,0,1,0.66948295
3,1,1,0.5785892
3,0,1,0.8065581
3,0,0,0.27710915
3,1,0,0.48932564
3,0,0,0.25753546
3,0,1,0.7593791
3,1,1,0.7689176
3,1,1,0.6041858
3,0,1,0.66504747
3,0,1,0.6467244
3,1,1,0.6698247
3,1,1,0.64059097
3,0,1,0.696357
3,0,1,0.56649053
3,1,1,0.7031331
3,0,1,0.6848633
3,0,0,0.13787548
3,0,0,0.3418158
3,1,1,0.5751892
3,0,1,0.5058105
3,0,0,0.40724555
3,0,0,0.24984322
3,1,1,0.6806162
3,0,0,0.21727504
3,1,1,0.6996568
3,0,1,0.64197254
3,0,1,0.55035204
3,1,1,0.84014827
3,1,0,0.49212793
3,1,0,0.4714758
3,1,1,0.79080886
3,0,0,0.44098482
3,0,1,0.7250933
3,1,1,0.6829467
3,0,1,0.52527833
3,0,1,0.55611384
3,0,0,0.45588544
3,1,1,0.7643887
3,1,1,0.72950923
3,0,0,0.19773005
3,1,1,0.70113313
3,1,1,0.5824307
3,1,1,0.54819584
3,0,1,0.5915066
3,0,0,0.23991391
3,0,0,0.4154766
3,1,1,0.791076
3,0,0,0.43452466
3,0,0,0.3581606
3,0,0,0.2801497
3,1,0,0.42474574
3,0,0,0.43232766
3,1,0,0.31990886
3,1,0,0.3597051
3,1,1,0.5344325
3,1,0,0.34355807
3,1,0,0.38154668
3,0,0,0.26724055
3,0,1,0.5425829
3,0,0,0.20174171
3,0,0,0.47519392
3,1,1,0.6507208
3,1,1,0.72712886
3,1,0,0.49692243
3,0,0,0.37343937
3,1,0,0.23996258
3,1,1,0.5390786
3,0,0,0.47311226
3,1,0,0.24627522
3,1,0,0.4913083
3,0,0,0.36321318
3,1,0,0.4240321
3,1,0,0.40474254
3,0,0,0.22964565
3,0,0,0.48713803
3,1,0,0.32238933
3,1,1,0.702448
3,0,1,0.7004204
3,0,1,0.5855797
3,1,1,0.5394537
3,0,1,0.6142181
3,0,0,0.2672707
3,0,0,0.45100576
3,0,1,0.78769135
3,1,1,0.7569649
3,0,1,0.6995014
3,1,0,0.4956881
3,0,1,0.66317374
3,1,0,0.44986907
3,1,1,0.64809316
3,0,0,0.32185057
3,0,1,0.50813895
3,1,0,0.42367992
3,1,1,0.6936939
3,0,0,0.20949595
3,0,1,0.62960047
3,0,1,0.54799896
3,0,0,0.4225581
3,1,1,0.5928772
3,0,1,0.7368248
3,0,0,0.49981114
3,0,0,0.17965128
3,0,1,0.70598
3,1,1,0.68001264
3,0,0,0.4733797
3,1,1,0.5916167
3,1,1,0.53302014
3,0,0,0.21864131
3,1,1,0.8477108
3,1,1,0.760113
3,1,1,0.55212605
3,0,0,0.4795176
3,1,1,0.65042955
3,0,1,0.5410957
3,0,1,0.69259566
3,0,1,0.54739445
3,1,0,0.49056992
3,0,1,0.67394274
3,1,1,0.632772
3,0,0,0.491879
3,0,1,0.5821704
3,1,1,0.69075435
3,0,1,0.58662915
3,1,1,0.6478255
3,0,0,0.33522224
3,1,1,0.6603764
3,0,1,0.529614
3,1,1,0.6861078
3,0,0,0.3675875
3,1,1,0.641971
3,1,0,0.4153739
3,0,1,0.65027183
3,1,1,0.73679405
3,0,0,0.4285506
3,0,0,0.47602424
3,0,0,0.4002256
3,1,0,0.46889505
3,1,1,0.5607268
3,1,1,0.55885917
3,0,1,0.64387363
3,1,1,0.78569824
3,1,1,0.62436986
3,0,1,0.7751238
3,1,1,0.6073111
3,1,1,0.8228002
3,1,0,0.4977499
3,0,0,0.40683126
3,1,1,0.6491952
3,1,1,0.7361941
3,0,1,0.61671865
3,0,1,0.567717
3,0,0,0.48525965
3,1,1,0.60447806
3,0,1,0.77568495
3,1,0,0.47453904
3,1,0,0.39154935
3,0,0,0.35194916
3,0,0,0.446256
3,1,1,0.5934118
3,1,1,0.66402143
3,1,1,0.728261
3,1,1,0.59217274
3,0,1,0.6198362
3,0,1,0.55999327
3,1,1,0.57652354
3,1,1,0.5716401
3,1,1,0.7072616
3,0,0,0.2742369
3,0,1,0.8626145
3,0,0,0.42502293
3,0,1,0.56421363
3,1,1,0.779637
3,0,1,0.6051966
3,0,1,0.6876818
3,0,1,0.6826244
3,0,0,0.48367235
3,1,1,0.8842191
3,0,0,0.4189857
3,0,1,0.7265053
3,1,0,0.3826992
3,1,1,0.6744644
3,1,1,0.78244424
3,0,1,0.5394316
3,1,1,0.6304863
3,1,1,0.5106993
3,0,1,0.5945011
3,1,0,0.4381572
3,0,1,0.5905646
3,1,0,0.49474043
3,0,0,0.18299262
3,1,1,0.6194614
3,1,1,0.7067026
3,0,0,0.34213594
3,1,1,0.7146913
3,0,1,0.7405475
3,0,0,0.09058077
3,0,0,0.12856925
3,0,0,0.4893502
3,0,1,0.7225282
3,0,1,0.7256256
3,0,0,0.43442127
3,0,0,0.26865202
3,0,0,0.43459928
3,1,1,0.6302217
3,0,1,0.5051409
3,1,0,0.4832966
3,0,1,0.5214066
3,0,0,0.14629711
3,0,1,0.6281358
3,1,1,0.66489345
3,0,1,0.66262734
3,1,1,0.54311055
3,1,1,0.55938715
3,0,0,0.46186528
3,1,1,0.6591734
3,0,1,0.5568534
3,1,1,0.50892395
3,1,0,0.48049635
3,1,1,0.58789897
3,1,0,0.35318008
3,1,1,0.66341114
3,0,0,0.3883315
3,0,0,0.17076573
3,1,1,0.61147726
3,1,1,0.5583177
3,1,1,0.6030901
3,1,0,0.31464797
3,1,0,0.35084745
3,1,0,0.47135273
3,0,0,0.26362076
3,0,0,0.21381755
3,1,0,0.24507163
3,0,0,0.33873922
3,0,0,0.06850479
3,0,0,0.28530127
3,0,0,0.2828894
3,1,0,0.43444872
3,1,0,0.35611707
3,0,0,0.43320006
3,0,0,0.35536805
3,0,0,0.19587956
3,0,0,0.38730854
3,0,0,0.3026734
3,0,1,0.5087664
3,1,1,0.57840264
3,1,1,0.5146562
3,0,0,0.3951891
3,0,0,0.3098297
3,0,0,0.24133494
3,1,0,0.3835579
3,0,1,0.5256499
3,0,0,0.24530528
3,0,0,0.121917345
3,0,0,0.4086991
3,1,0,0.44414577
3,0,0,0.3623743
3,1,1,0.5440813
3,1,0,0.36744964
3,0,0,0.12354826
3,1,1,0.7138936
3,1,1,0.6439268
3,1,1,0.63278884
3,0,1,0.5660645
3,1,1,0.6060483
3,1,1,0.6241517
3,0,0,0.48526114
3,1,1,0.70304346
3,1,1,0.5628791
3,1,1,0.74288034
3,0,0,0.2141031
3,0,0,0.088759266
3,1,0,0.4483607
3,0,1,0.6344841
3,0,0,0.35526678
3,0,0,0.35498142
3,1,1,0.7069397
3,1,1,0.7809636
3,0,0,0.39460334
3,0,0,0.44890946
3,0,1,0.5701183
3,0,1,0.71683925
3,0,1,0.92244595
3,1,1,0.70115095
3,1,1,0.61395323
3,1,1,0.5702499
3,1,1,0.5150215
3,0,1,0.581814
3,1,1,0.53694123
3,1,1,0.66485095
3,0,0,0.3465856
3,0,1,0.5419978
3,0,1,0.6352374
3,1,1,0.8459252
3,0,0,0.44013327
3,0,1,0.78563535
3,0,1,0.6284849
3,0,1,0.66619056
3,1,1,0.6334807
3,1,0,0.34550533
3,0,0,0.25516433
3,0,1,0.6560923
3,1,1,0.562984
3,0,0,0.24624835
3,1,0,0.3713679
3,1,0,0.34151587
3,1,1,0.65730155
3,0,0,0.43245137
3,1,1,0.587336
3,0,1,0.50615704
3,1,0,0.47059894
3,1,0,0.4699833
3,1,1,0.5091336
3,0,1,0.55837625
3,0,1,0.6769159
3,1,1,0.614342
3,0,1,0.59668237
3,1,1,0.5117682
3,0,0,0.49756122
3,0,0,0.4877728
3,1,1,0.6293093
3,0,0,0.48422447
3,0,1,0.67161065
3,1,1,0.6281654
3,0,0,0.33312646
3,0,0,0.48567533
3,0,0,0.21268384
3,1,1,0.8406438
3,1,1,0.6388864
3,1,1,0.6385933
3,1,1,0.71333426
3,1,1,0.6182815
3,1,1,0.6727528
3,0,0,0.34081435
3,0,0,0.44064686
3,1,0,0.44683158
3,0,0,0.26192814
3,0,0,0.4152446
3,0,0,0.4925338
3,1,1,0.7156262
3,1,1,0.66135883
3,1,1,0.69404894
3,0,0,0.46652403
3,0,1,0.5586581
3,1,1,0.5632101
3,1,0,0.4597529
3,1,1,0.7451671
3,1,1,0.6692937
3,0,0,0.39606878
3,1,1,0.5770075
3,1,1,0.72275704
3,0,1,0.76375645
3,0,1,0.76316124
3,0,1,0.6080363
3,0,0,0.41816482
3,1,0,0.29581884
3,1,1,0.5738952
3,0,1,0.5008124
3,1,1,0.58718044
3,0,1,0.752252
3,0,1,0.84839624
3,1,0,0.42981806
3,0,1,0.59605014
3,1,1,0.5114202
3,1,1,0.6477711
3,0,0,0.21914874
3,0,0,0.3664347
3,0,0,0.33519807
3,0,0,0.2513779
3,0,0,0.3616154
3,0,1,0.6638756
3,0,0,0.40835038
3,1,1,0.83963865
3,1,1,0.843781
3,0,0,0.25192755
3,1,1,0.61617285
3,1,0,0.43127123
3,0,0,0.37513545
3,1,1,0.7050988
3,0,0,0.1524505
3,1,1,0.6747751
3,0,0,0.30633524
3,1,0,0.36995223
3,1,1,0.6606664
3,1,0,0.48878375
3,0,0,0.42414922
3,0,1,0.6186305
3,0,0,0.27726606
3,0,0,0.46824917
3,0,0,0.3462003
3,1,1,0.52213526
3,0,0,0.19883722
3,1,1,0.5291411
3,1,1,0.64369684
3,1,1,0.6997964
3,1,1,0.6727396
3,0,0,0.3070937
3,0,1,0.7661616
3,0,0,0.41067377
3,0,0,0.28824675
3,1,1,0.68161017
3,0,1,0.6222015
3,0,1,0.60193396
3,1,1,0.80649334
3,0,1,0.5811011
3,1,1,0.7477872
3,0,1,0.6699814
3,1,1,0.51032937
3,1,0,0.49622276
3,1,1,0.5189439
3,0,0,0.4037828
3,0,0,0.48171264
3,0,0,0.45973107
3,1,1,0.55952847
3,0,0,0.25518543
3,0,1,0.56842715
3,0,0,0.15346621
3,0,1,0.63029975
3,0,1,0.73521644
3,1,0,0.47128132
3,1,1,0.6947795
3,1,1,0.5866616
3,0,1,0.52402
3,1,1,0.65831476
3,0,0,0.4980273
3,1,1,0.5952385
3,0,1,0.5981472
3,0,1,0.52810216
3,1,0,0.43391892
3,0,0,0.35299513
3,0,1,0.5586215
3,0,1,0.533609
3,0,0,0.4633972
3,0,0,0.44962227
3,1,1,0.6750929
3,1,0,0.49631163
3,0,0,0.38524655
3,1,0,0.18971702
3,0,1,0.7556482
3,0,0,0.4806864
3,0,0,0.44395378
3,0,1,0.7294826
3,0,0,0.39670333
3,0,0,0.4524266
3,1,1,0.56818
3,1,1,0.6135585
3,0,0,0.4430789
3,1,1,0.771191
3,0,1,0.59582406
3,0,0,0.27848762
3,0,0,0.4077028
3,0,0,0.4284322
3,1,1,0.5541457
3,1,0,0.49931934
3,1,1,0.6291321
3,1,1,0.63147104
3,1,1,0.60133743
3,0,0,0.20776972
3,1,1,0.5763199
3,0,0,0.3844911
3,1,0,0.424065
3,1,1,0.6490785
3,1,1,0.77216214
3,0,0,0.3202748
3,0,0,0.15986805
3,0,1,0.6065138
3,1,1,0.56695944
3,1,1,0.7003511
3,0,1,0.59140563
3,1,0,0.41252095
3,0,1,0.54835105
3,0,1,0.62747943
3,0,1,0.5079113
3,0,0,0.49623793
3,1,0,0.33685818
3,1,1,0.61409175
3,0,0,0.4051949
3,1,0,0.4934619
3,1,1,0.5863093
3,1,1,0.5069218
3,0,0,0.3804989
3,1,1,0.54571515
3,1,1,0.5840302
3,1,1,0.61988145
3,0,0,0.29424518
3,1,1,0.63122493
3,1,1,0.5401121
3,1,0,0.31925634
3,0,0,0.32766324
3,1,0,0.42902252
3,0,0,0.16940702
3,1,0,0.44383642
3,0,1,0.6644063
3,0,0,0.4845701
3,1,0,0.47183484
3,0,0,0.24383615
3,0,0,0.3271045
3,0,0,0.48603278
3,0,0,0.46133408
3,0,1,0.6663387
3,0,0,0.34938338
3,0,0,0.23637941
3,0,0,0.20002525
3,0,0,0.3316236
3,0,0,0.4865829
3,1,0,0.41512904
3,0,0,0.43054438
3,0,1,0.7141682
3,1,1,0.5206748
3,1,1,0.5465738
3,1,1,0.69461757
3,0,0,0.40925217
3,1,1,0.6573473
3,1,1,0.57226473
3,0,1,0.6550854
3,0,0,0.3790308
3,0,1,0.54480666
3,0,0,0.32526448
3,1,1,0.65118283
3,1,1,0.6480652
3,1,1,0.67059606
3,1,1,0.6640108
3,0,0,0.3502312
3,1,1,0.5587464
3,0,0,0.4351406
3,1,1,0.77784914
3,0,0,0.37032774
3,0,1,0.61459225
3,0,1,0.57499665
3,1,0,0.1681255
3,1,1,0.69307244
3,0,1,0.71436864
3,0,0,0.484967
3,1,0,0.37823683
3,0,1,0.62723404
3,0,0,0.39488065
3,1,1,0.73970014
3,1,0,0.47659686
3,0,0,0.3800823
3,1,1,0.79917777
3,0,0,0.32810667
3,0,0,0.2885691
3,0,0,0.40184778
3,0,0,0.46507296
3,1,1,0.8115572
3,1,1,0.80536485
3,1,1,0.87641025
3,0,1,0.68239725
3,1,1,0.66602147
3,0,1,0.54542685
3,0,1,0.6669831
3,1,1,0.7121111
3,1,1,0.76425576
3,1,1,0.7793582
3,0,0,0.3705392
3,0,1,0.6686902
3,1,1,0.6180232
3,1,0,0.21072498
3,0,0,0.24449366
3,1,1,0.5613099
3,1,1,0.7720655
3,1,1,0.65115595
3,1,1,0.77794987
3,1,0,0.33648837
3,0,0,0.43458593
3,1,1,0.7683584
3,0,1,0.7606367
3,1,1,0.8017695
3,0,0,0.45504978
3,0,0,0.21634546
3,1,0,0.30748636
3,1,1,0.6040319
3,0,1,0.58211505
3,1,1,0.7721928
3,1,0,0.2157859
3,0,0,0.060382493
3,1,1,0.7051283
3,0,0,0.25279877
3,0,0,0.39929673
3,1,1,0.562769
3,0,0,0.38799372
3,0,0,0.47565627
3,0,1,0.7275836
3,0,1,0.68976814
3,0,1,0.51305026
3,1,1,0.51136935
3,1,0,0.386578
3,0,0,0.19315873
3,1,1,0.83687425
3,1,1,0.78204036
3,1,1,0.7587695
3,1,1,0.73927397
3,1,1,0.74046034
3,0,1,0.5724933
3,0,1,0.5623184
3,0,1,0.6636991
3,1,0,0.48931897
3,0,0,0.44743973
3,0,0,0.39925992
3,0,0,0.295301
3,0,1,0.66658837
3,0,1,0.63302696
3,0,1,0.61402357
3,1,1,0.73328537
3,0,1,0.5072382
3,1,1,0.8604159
3,1,1,0.5814015
3,1,1,0.5279286
3,0,1,0.55824995
3,0,1,0.7210749
3,1,1,0.6355706
3,1,1,0.70294327
3,0,1,0.64866436
3,1,0,0.34832203
3,0,0,0.33007923
3,0,1,0.56536084
3,1,1,0.62101513
3,0,1,0.6897145
3,1,1,0.87343484
3,1,1,0.59327894
3,1,1,0.77440464
3,1,1,0.60235655
3,0,0,0.45612845
3,1,1,0.61202186
3,1,1,0.6099473
3,0,1,0.58538955
3,0,1,0.6813925
3,0,0,0.4574715
3,0,0,0.14614362
3,0,1,0.5264636
3,0,1,0.73421204
3,0,1,0.54261297
3,0,0,0.4508332
3,1,1,0.7458839
3,1,1,0.66535056
3,0,1,0.637016
3,1,1,0.64032525
3,1,1,0.6633885
3,0,0,0.27672458
3,0,1,0.5074196
3,0,1,0.55076975
3,1,1,0.8138021
3,1,1,0.5946014
3,1,1,0.94518656
3,1,1,0.6482946
3,0,1,0.53560674
3,1,1,0.6254432
3,1,1,0.6925097
3,1,1,0.7364859
3,1,1,0.6468247
3,0,0,0.47235212
3,1,1,0.6870904
3,0,0,0.14318575
3,1,1,0.7355822
3,0,0,0.38452
3,0,1,0.6966521
3,0,0,0.40202788
3,1,1,0.7247689
3,1,1,0.5523434
3,1,1,0.7007171
3,0,1,0.6047262
3,0,1,0.6669133
3,0,1,0.6597312
3,1,1,0.576638
3,0,1,0.7093936
3,1,1,0.6846517
3,1,1,0.64058197
3,0,0,0.46168226
3,1,1,0.645787
3,1,1,0.5461429
3,0,1,0.5053359
3,0,0,0.3574527
3,0,0,0.36587304
3,0,1,0.71537054
3,0,1,0.5669675
3,1,1,0.814726
3,1,1,0.6596807
3,1,1,0.6522743
3,1,1,0.7903002
3,1,1,0.5058395
3,0,0,0.34035233
3,1,1,0.5179048
3,1,1,0.59461474
3,0,1,0.76198363
3,0,1,0.65638655
3,0,1,0.68990415
3,1,1,0.7644491
3,1,1,0.8514481
3,1,1,0.57103825
3,1,1,0.6515644
3,1,1,0.59150773
3,1,1,0.5396491
3,1,0,0.3485571
3,0,1,0.51148033
3,0,1,0.68167984
3,0,0,0.26129174
3,0,0,0.4306905
3,0,0,0.16976736
3,1,0,0.47760925
3,0,1,0.80538464
3,0,0,0.4780676
3,1,1,0.8072163
3,1,1,0.74189305
3,1,1,0.6502711
3,0,1,0.5453791
3,1,1,0.84058625
3,1,1,0.7997721
3,0,0,0.4956881
3,0,1,0.66317374
3,0,0,0.44986907
3,1,1,0.7520116
3,0,0,0.46328616
3,1,1,0.56298554
3,1,0,0.39191198
3,0,1,0.64809316
3,0,0,0.32185057
3,1,1,0.81146204
3,1,1,0.77612317
3,0,0,0.25961873
3,1,0,0.43165174
3,0,1,0.527178
3,0,1,0.6467861
3,0,1,0.65080804
3,1,1,0.51954424
3,0,1,0.5041782
3,1,0,0.4615969
3,1,0,0.38407782
3,1,1,0.7655174
3,1,1,0.78554153
3,0,1,0.76810193
3,0,1,0.78121144
3,1,1,0.6638203
3,0,0,0.49016374
3,1,0,0.49158445
3,1,0,0.49625644
3,0,1,0.8138968
3,1,1,0.7164055
3,0,1,0.7318494
3,0,1,0.57680494
3,1,1,0.6673083
3,0,1,0.56192935
3,0,1,0.75740176
3,0,1,0.62695825
3,0,1,0.6821951
3,1,1,0.5479003
3,1,0,0.47958225
3,1,1,0.6497084
3,1,1,0.8118213
3,0,0,0.45846763
3,0,1,0.53362167
3,1,1,0.5634611
3,0,1,0.67953336
3,1,1,0.69915015
3,1,0,0.4412155
3,1,0,0.46068323
3,1,1,0.53679854
3,1,1,0.5874976
3,0,0,0.41351706
3,0,1,0.77625984
3,1,1,0.5330309
3,0,1,0.59809196
3,1,1,0.78094566
3,0,1,0.7114141
3,0,1,0.77324563
3,0,1,0.6352655
3,0,0,0.344928
3,1,1,0.75969607
3,1,0,0.4970707
3,0,1,0.5636173
3,1,1,0.63939595
3,0,1,0.55500853
3,1,0,0.38935465
3,0,0,0.46891546
3,0,1,0.6311362
3,1,0,0.44832572
3,0,1,0.58011466
3,0,1,0.6143816
3,1,1,0.5289577
3,1,0,0.38820797
3,1,1,0.78663987
3,0,1,0.5178379
3,0,1,0.6542519
3,0,1,0.724169
3,1,1,0.69876224
3,1,1,0.5967483
3,0,1,0.674503
3,1,0,0.3622928
3,1,1,0.85609424
3,1,1,0.66923857
3,1,1,0.5305972
3,1,1,0.5895196
3,1,1,0.6030703
3,0,0,0.36387348
3,1,1,0.593329
3,0,0,0.49345738
3,0,1,0.58761096
3,0,0,0.32916385
3,0,1,0.54872274
3,1,1,0.7293205
3,0,0,0.48751482
3,0,1,0.64670426
3,0,1,0.6989265
3,1,1,0.8699443
3,1,1,0.561093
3,0,0,0.14213891
3,0,0,0.1979267
3,1,1,0.5976591
3,1,1,0.83160704
3,0,1,0.67414486
3,0,1,0.52416086
3,1,1,0.661827
3,0,1,0.5548089
3,1,1,0.6870049
3,0,1,0.5757671
3,0,0,0.4097223
3,1,1,0.6552373
3,0,1,0.79021406
3,1,0,0.46529123
3,1,1,0.6935859
3,0,1,0.6674022
3,0,1,0.58496547
3,1,1,0.5866387
3,0,1,0.6300737
3,1,1,0.57680154
3,0,1,0.6687867
3,1,0,0.31733575
3,1,1,0.6103619
3,0,1,0.6289829
3,0,1,0.66410005
3,0,1,0.8214808
3,0,0,0.43957418
3,0,0,0.4895698
3,1,1,0.50058997
3,0,0,0.47581145
3,0,1,0.7266292
3,0,1,0.6141019
3,1,1,0.6588439
3,1,1,0.55465484
3,0,0,0.38270396
3,0,1,0.6035366
3,0,0,0.17483026
3,0,0,0.40860882
3,1,1,0.625363
3,1,1,0.8373829
3,1,1,0.7838168
3,1,1,0.652545
3,1,1,0.72165406
3,1,1,0.66718024
3,1,1,0.55872095
3,0,0,0.49150592
3,1,1,0.5683472
3,1,1,0.77324957
3,0,0,0.21757187
3,0,0,0.19680819
3,0,1,0.5535763
3,1,1,0.554364
3,1,1,0.5699803
3,1,0,0.49463186
3,1,0,0.32144567
3,0,0,0.46651182
3,1,1,0.5545546
3,0,1,0.5924714
3,0,0,0.11110687
3,0,0,0.48051503
3,1,0,0.241926
3,0,0,0.20368604
3,0,0,0.08378409
3,1,1,0.5474914
3,0,1,0.5963908
3,1,0,0.46923777
3,1,0,0.30316257
3,0,0,0.09995558
3,1,1,0.6420449
3,0,0,0.4045412
3,0,0,0.46442333
3,1,0,0.49814138
3,1,0,0.49039418
3,1,1,0.56903493
3,0,0,0.4522293
3,0,0,0.32913843
3,0,0,0.116064824
3,0,0,0.21288912
3,1,0,0.42402068
3,0,0,0.43545565
3,0,1,0.50115
3,0,1,0.60540783
3,0,0,0.15272154
3,0,0,0.29510686
3,1,0,0.30367628
3,0,0,0.05917501
3,0,0,0.18641907
3,0,0,0.0667498
3,0,0,0.06776863
3,1,1,0.7446465
3,1,1,0.5936931
3,1,1,0.52966094
3,1,1,0.5784315
3,0,0,0.20087104
3,1,1,0.6560817
3,1,1,0.64680034
3,0,1,0.52190685
3,0,0,0.27696207
3,1,1,0.756605
3,0,1,0.5011586
3,1,1,0.54961944
3,0,1,0.7342039
3,0,1,0.521145
3,1,1,0.5523324
3,0,0,0.47799882
3,0,0,0.39372846
3,1,1,0.65481824
3,1,1,0.770743
3,1,1,0.6704288
3,1,1,0.645117
3,0,1,0.7217029
3,0,0,0.4500917
3,0,1,0.8621554
3,0,0,0.41878098
3,1,0,0.37477636
3,1,1,0.62120074
3,1,1,0.7902649
3,1,1,0.6347022
3,1,0,0.4133202
3,1,0,0.4296891
3,0,0,0.36319244
3,1,0,0.45608902
3,1,1,0.66216135
3,0,1,0.55073196
3,0,1,0.50424457
3,0,0,0.32385582
3,0,1,0.69136864
3,1,1,0.6751461
3,1,1,0.6395435
3,0,1,0.6425203
3,0,1,0.6521753
3,1,0,0.32369116
3,1,0,0.4719708
3,1,1,0.77381384
3,0,1,0.70581615
3,0,0,0.36500713
3,1,0,0.4441837
3,1,1,0.5697838
3,1,1,0.62649494
3,0,0,0.2294637
3,1,1,0.5324467
3,0,0,0.15038098
3,1,1,0.5785342
3,1,1,0.5154474
3,1,1,0.6706929
3,0,0,0.45503807
3,0,1,0.5760654
3,0,0,0.3870354
3,1,1,0.68697625
3,0,0,0.3206145
3,1,1,0.5528665
3,1,1,0.7127467
3,1,0,0.33675984
3,0,0,0.26133454
3,0,0,0.1398285
3,1,1,0.5039752
3,0,0,0.42951372
3,0,0,0.2833835
3,0,0,0.3787254
3,1,1,0.565379
3,1,0,0.31743842
3,0,0,0.40218645
3,0,0,0.16918811
3,0,0,0.24686058
3,1,1,0.64891714
3,1,1,0.690639
3,0,0,0.39426187
3,0,0,0.33069062
3,1,1,0.72335607
3,1,1,0.73657566
3,1,1,0.5523116
3,0,1,0.6464786
3,0,0,0.29743174
3,0,0,0.24794224
3,1,1,0.66504633
3,1,0,0.49116588
3,0,0,0.4932909
3,0,0,0.24531311
3,1,1,0.54808295
3,1,1,0.5253446
3,0,1,0.5902204
3,0,1,0.53838176
3,0,0,0.4859153
3,0,0,0.4058421
3,0,1,0.6221397
3,0,0,0.49404484
3,1,1,0.5111745
3,1,1,0.5144112
3,1,0,0.38323992
3,0,0,0.45573995
3,1,0,0.38065004
3,1,0,0.3735667
3,0,0,0.39222232
3,1,0,0.4662657
3,0,1,0.6777247
3,0,1,0.54269814
3,0,1,0.5422884
3,0,1,0.5500892
3,0,0,0.40174183
3,1,1,0.59965205
3,0,1,0.5169376
3,1,1,0.5301016
3,1,1,0.6973989
3,1,1,0.62016684
3,1,1,0.67916745
3,0,0,0.29395294
3,1,1,0.8313427
3,1,1,0.71253073
3,0,1,0.5943211
3,0,1,0.5261886
3,0,1,0.54926056
3,0,1,0.60161805
3,1,1,0.6987997
3,1,1,0.8564344
3,1,1,0.6919667
3,1,1,0.66170275
3,1,1,0.5833944
3,1,1,0.62128
3,1,0,0.4846369
3,1,1,0.6015426
3,1,1,0.58082265
3,1,1,0.72043604
3,0,1,0.8498511
3,0,1,0.60848796
3,0,1,0.6036821
3,0,0,0.49269336
3,0,0,0.2766709
3,0,1,0.51210177
3,0,0,0.2931324
3,0,0,0.18425119
3,0,0,0.3829387
3,1,0,0.34484044
3,1,1,0.663078
3,1,1,0.707656
3,1,1,0.6159435
3,1,1,0.50313324
3,1,1,0.51717484
3,0,0,0.4657216
3,1,1,0.7011729
3,0,0,0.14240092
3,0,1,0.5336178
3,1,1,0.7232693
3,1,0,0.47624767
3,0,1,0.8171208
3,1,1,0.7420119
3,0,1,0.72634697
3,0,0,0.45637175
3,0,1,0.7477063
3,1,1,0.5521129
3,0,1,0.564941
3,0,1,0.57950896
3,1,0,0.23733856
3,1,1,0.7653605
3,0,1,0.6951352
3,1,1,0.61140925
3,0,0,0.43590006
3,0,0,0.17481634
3,0,0,0.37937918
3,0,0,0.37613326
3,0,0,0.33293352
3,1,1,0.7309729
3,0,0,0.3496055
3,0,0,0.31532848
3,0,0,0.34685227
3,0,0,0.40509215
3,1,1,0.9035831
3,1,1,0.691074
3,1,0,0.49322608
3,1,1,0.5432637
3,0,0,0.35530066
3,0,1,0.75413805
3,1,1,0.8108305
3,0,0,0.43812582
3,0,0,0.1719316
3,1,1,0.8654601
3,0,1,0.5169541
3,0,1,0.550824
3,0,1,0.6195917
3,1,1,0.7563869
3,1,1,0.7831203
3,1,0,0.39022493
3,0,1,0.6850769
3,0,1,0.5065664
3,1,1,0.74405164
3,1,0,0.4393957
3,0,1,0.5652381
3,0,1,0.6115433
3,0,1,0.6273261
3,0,0,0.38550296
3,0,0,0.3581945
3,1,1,0.72966915
3,1,1,0.6954007
3,1,0,0.4974573
3,0,1,0.64664704
3,1,1,0.6946107
3,1,1,0.7115626
3,0,1,0.6448333
3,0,0,0.38035887
3,1,1,0.54649997
3,1,1,0.72948736
3,0,0,0.3941312
3,0,0,0.43757197
3,1,1,0.5382312
3,0,1,0.6204254
3,1,0,0.40838143
3,1,0,0.45955306
3,0,1,0.767102
3,1,1,0.53029144
3,0,0,0.1748829
3,1,0,0.356405
3,0,0,0.17034025
3,0,0,0.16932355
3,0,0,0.4258014
3,0,0,0.3888045
3,0,1,0.6536364
3,0,0,0.44992483
3,0,0,0.10856711
3,0,0,0.090051726
3,0,0,0.21766648
3,1,0,0.45045966
3,0,0,0.32763174
3,1,0,0.48980856
3,0,1,0.5204027
3,0,0,0.46259287
3,1,1,0.71256965
3,0,0,0.4459776
3,1,1,0.65472305
3,1,0,0.2991607
3,0,1,0.50166833
3,0,0,0.19405729
3,1,1,0.5325648
3,1,0,0.34543648
3,0,1,0.70721763
3,0,0,0.103585616
3,1,1,0.5182957
3,1,1,0.5485032
3,0,0,0.29425487
3,1,1,0.53614265
3,0,0,0.38123095
3,1,1,0.5050038
3,0,0,0.32260758
3,0,0,0.25112364
3,0,1,0.5164466
3,1,0,0.41891754
3,0,0,0.1771141
3,1,1,0.57422036
3,1,1,0.56256807
3,1,1,0.6116957
3,1,1,0.5758475
3,0,1,0.61760104
3,1,1,0.5239632
3,1,0,0.3726617
3,0,0,0.32411253
3,1,0,0.3011054
3,0,0,0.22466928
3,1,1,0.5761679
3,1,0,0.42172736
3,0,0,0.4096371
3,0,0,0.41007215
3,1,1,0.6814395
3,1,0,0.19535618
3,1,1,0.6848864
3,1,1,0.5576876
3,1,1,0.69402003
3,0,0,0.08561257
3,1,1,0.559345
3,0,0,0.48115385
3,0,0,0.13050358
3,0,1,0.549488
3,0,0,0.40543345
3,1,0,0.4721991
3,0,0,0.4367377
3,0,0,0.24181755
3,0,0,0.18465675
3,0,1,0.5254213
3,0,0,0.16148527
3,1,0,0.3553645
3,0,0,0.3725345
3,1,0,0.39939213
3,0,0,0.20107321
3,0,0,0.37004006
3,0,0,0.38957712
3,1,0,0.2379703
3,1,0,0.47263294
3,1,0,0.29408395
3,0,0,0.47063076
3,0,0,0.32930723
3,0,0,0.1874425
3,0,0,0.3439962
3,1,0,0.2811781
3,1,0,0.39924192
3,1,0,0.24699515
3,1,1,0.5620574
3,1,0,0.24664517
3,1,0,0.35624626
3,0,0,0.4516622
3,0,0,0.19281043
3,1,1,0.52018964
3,1,0,0.49085552
3,0,0,0.18781139
3,0,0,0.08629313
3,0,0,0.48578697
3,0,0,0.19603027
3,0,0,0.27421036
3,0,0,0.23400792
3,0,1,0.53872913
3,1,1,0.5462907
3,0,0,0.15264323
3,0,0,0.4745029
3,0,0,0.4858371
3,1,0,0.40286446
3,0,0,0.13572231
3,0,1,0.5793273
3,0,1,0.64526355
3,1,0,0.3813822
3,0,1,0.5301806
3,1,0,0.3712984
3,0,0,0.30932748
3,1,0,0.49134758
3,0,0,0.19099164
3,0,0,0.33697832
3,1,0,0.3327526
3,0,0,0.18790548
3,0,0,0.23827292
3,0,0,0.31833577
3,1,1,0.58831507
3,0,0,0.46300188
3,0,0,0.42367664
3,1,1,0.544682
3,0,0,0.0637146
3,0,0,0.18725252
3,0,0,0.20059147
3,0,0,0.19087179
3,0,0,0.11776792
3,1,0,0.4794211
3,1,1,0.5378509
3,0,0,0.17142889
3,0,1,0.60520136
3,0,1,0.52907753
3,1,0,0.32319888
3,0,0,0.25651792
3,0,0,0.46477836
3,1,0,0.29864994
3,1,0,0.45865247
3,0,0,0.4908705
3,1,1,0.6625848
3,0,0,0.0952007
3,1,1,0.5514964
3,0,1,0.56987596
3,1,0,0.45942813
3,0,0,0.16321304
3,0,0,0.10848814
3,0,0,0.05011008
3,0,0,0.1427625
3,0,0,0.08118649
3,1,1,0.5678789
3,0,0,0.3576026
3,0,0,0.2774491
3,0,1,0.59314257
3,0,1,0.52893096
3,0,0,0.26756197
3,0,0,0.337175
3,0,0,0.13103494
3,0,0,0.10256976
3,0,0,0.1914648
3,1,1,0.61455476
3,1,0,0.37142086
3,0,0,0.33095375
3,1,1,0.5457827
3,1,0,0.49586636
3,0,1,0.549154
3,0,0,0.46123168
3,1,1,0.62298435
3,0,0,0.3375349
3,0,0,0.12218671
3,0,0,0.3560797
3,0,0,0.21815047
3,1,0,0.32445028
3,1,0,0.28561366
3,0,1,0.60811037
3,0,1,0.5001013
3,0,1,0.52987754
3,0,0,0.118183635
3,1,0,0.15567708
3,1,1,0.5706509
3,0,0,0.38623807
3,1,1,0.6586512
3,0,1,0.60256886
3,0,0,0.055788018
3,0,0,0.4152471
3,1,1,0.56422687
3,0,0,0.05660209
