fold,label,prediction,probability
1,1,1,0.6121009
1,1,0,0.46179274
1,1,0,0.20080937
1,1,0,0.48094574
1,0,0,0.34398222
1,0,0,0.45639122
1,0,0,0.268186
1,0,0,0.3798268
1,0,1,0.55584544
1,0,1,0.87561774
1,1,1,0.76668304
1,0,0,0.3238424
1,1,0,0.33187723
1,1,1,0.6180495
1,1,1,0.5305269
1,0,0,0.29958028
1,1,1,0.63687724
1,1,1,0.5032262
1,0,1,0.646318
1,0,0,0.29029956
1,0,0,0.26872084
1,1,1,0.85778326
1,0,0,0.20008981
1,0,0,0.33935574
1,0,0,0.3884006
1,1,1,0.5099074
1,1,1,0.6493651
1,0,0,0.29801372
1,1,1,0.51084495
1,0,1,0.6752969
1,0,1,0.75331175
1,0,1,0.51131976
1,1,1,0.7000305
1,1,1,0.5199754
1,0,0,0.4763828
1,0,1,0.77670026
1,1,0,0.25298268
1,0,0,0.19880594
1,1,1,0.57398874
1,1,0,0.41095325
1,1,1,0.6063101
1,1,0,0.39833337
1,0,1,0.64425796
1,0,0,0.45149598
1,0,0,0.3492059
1,0,0,0.36908403
1,1,1,0.7815189
1,0,0,0.29538202
1,1,0,0.48246494
1,1,1,0.622754
1,1,1,0.591143
1,0,0,0.4896989
1,0,1,0.69373685
1,1,0,0.37298438
1,0,1,0.7916729
1,0,0,0.3885549
1,1,1,0.59782463
1,0,0,0.44020244
1,1,0,0.18871675
1,1,0,0.30284166
1,0,1,0.5264401
1,0,0,0.41244695
1,1,1,0.7222637
1,1,1,0.51837105
1,0,0,0.4311958
1,0,0,0.29378927
1,0,1,0.6049505
1,0,0,0.21810772
1,0,0,0.17933083
1,0,0,0.4713251
1,0,0,0.32345837
1,1,0,0.4542714
1,1,0,0.2540487
1,0,0,0.22354639
1,1,0,0.4221618
1,1,1,0.88460124
1,0,0,0.47766382
1,0,1,0.6693333
1,1,0,0.11546777
1,1,0,0.41263604
1,1,1,0.52730656
1,1,0,0.43374717
1,0,0,0.30182892
1,0,0,0.14238833
1,0,1,0.63419306
1,0,1,0.569307
1,1,0,0.3974671
1,0,0,0.45207673
1,0,0,0.1490673
1,0,0,0.35582373
1,1,1,0.868996
1,1,0,0.48885548
1,1,0,0.4784411
1,0,0,0.45461905
1,0,1,0.7688808
1,0,0,0.3771203
1,0,0,0.35301152
1,0,0,0.34872112
1,1,1,0.6995844
1,1,1,0.54232657
1,0,0,0.10282573
1,1,1,0.6880285
1,1,0,0.47176033
1,1,1,0.605774
1,0,0,0.49023947
1,0,0,0.15921874
1,1,1,0.7900289
1,0,1,0.6000371
1,1,1,0.5137586
1,0,0,0.27890304
1,0,0,0.28075048
1,0,0,0.13313337
1,0,0,0.10637324
1,1,1,0.7878531
1,0,0,0.31878683
1,1,1,0.59038424
1,0,0,0.42568377
1,1,1,0.7260877
1,0,0,0.15270987
1,1,1,0.56330025
1,1,1,0.7264723
1,0,0,0.42119473
1,1,1,0.65412253
1,0,1,0.5730576
1,1,0,0.2521993
1,0,0,0.10306662
1,0,0,0.08260456
1,1,1,0.8746718
1,1,1,0.7194505
1,0,0,0.27815673
1,1,1,0.6340469
1,1,1,0.65921706
1,0,0,0.3462255
1,0,0,0.34229863
1,0,1,0.54605144
1,0,0,0.22050264
1,0,1,0.59898573
1,0,0,0.09287406
1,0,0,0.44555944
1,0,1,0.5472487
1,1,1,0.66322184
1,0,1,0.6640251
1,0,1,0.5462535
1,1,1,0.58238614
1,1,0,0.46703583
1,1,1,0.5564911
1,0,1,0.5956287
1,1,1,0.59231156
1,1,0,0.48648974
1,0,1,0.5744528
1,1,1,0.586713
1,0,1,0.7035934
1,0,0,0.4112304
1,1,0,0.42299035
1,0,0,0.13829023
1,0,0,0.37934455
1,0,1,0.5363682
1,1,1,0.5753481
1,1,1,0.81868833
1,1,1,0.56801045
1,1,0,0.28366995
1,1,0,0.3449655
1,1,1,0.5901164
1,0,0,0.16714977
1,0,0,0.3742683
1,1,0,0.47099742
1,0,1,0.7572172
1,0,1,0.83893085
1,0,1,0.6824948
1,1,1,0.56208515
1,0,0,0.07190761
1,0,0,0.30874532
1,1,1,0.5768012
1,0,0,0.41108933
1,0,0,0.25598642
1,0,0,0.48770526
1,0,1,0.68408173
1,0,1,0.82266974
1,0,1,0.58423513
1,1,0,0.32845303
1,1,0,0.43370003
1,1,0,0.45001557
1,1,0,0.49491465
1,0,1,0.7029973
1,0,0,0.14798737
1,0,1,0.61918527
1,0,0,0.45811206
1,1,1,0.7153976
1,1,0,0.33882725
1,1,1,0.53054225
1,0,1,0.50213695
1,0,0,0.25742102
1,0,0,0.22264916
1,0,1,0.67011756
1,0,0,0.42420736
1,0,0,0.35686335
1,1,0,0.36818445
1,1,0,0.30260143
1,0,1,0.5165983
1,1,0,0.35323298
1,0,0,0.44738674
1,0,1,0.6844846
1,0,1,0.82302713
1,0,0,0.3984714
1,1,1,0.5664122
1,0,1,0.5903222
1,1,1,0.8299631
1,0,0,0.2991646
1,1,0,0.36054328
1,0,0,0.16918363
1,1,1,0.6882198
1,1,1,0.75418127
1,0,0,0.07923206
1,0,1,0.5146605
1,1,1,0.54297805
1,1,1,0.9079388
1,0,0,0.2500618
1,0,0,0.47634178
1,0,0,0.16203004
1,1,1,0.6975598
1,1,1,0.5189814
1,0,0,0.48611704
1,1,1,0.745825
1,1,0,0.22059204
1,1,1,0.9018627
1,1,1,0.56408787
1,1,1,0.7659387
1,0,0,0.45830122
1,0,1,0.5805025
1,1,1,0.85160196
1,1,1,0.5970842
1,1,1,0.5820493
1,1,1,0.56825566
1,1,0,0.3872802
1,0,0,0.4515138
1,1,1,0.87195534
1,1,1,0.80916715
1,1,1,0.67405224
1,1,1,0.610817
1,0,1,0.6670961
1,1,1,0.66139656
1,0,1,0.6553464
1,1,1,0.7266762
1,0,0,0.42255816
1,1,1,0.72302455
1,0,0,0.40629616
1,1,1,0.6944749
1,0,1,0.5049337
1,0,1,0.60514945
1,0,1,0.63598734
1,1,1,0.50081426
1,1,1,0.7526485
1,1,1,0.5763329
1,1,0,0.3868869
1,1,0,0.4923833
1,1,0,0.3345569
1,0,0,0.2656362
1,1,1,0.7295253
1,1,1,0.6566977
1,0,0,0.41318986
1,1,1,0.5006113
1,0,0,0.44700307
1,0,0,0.49060932
1,1,1,0.76631856
1,1,1,0.61474824
1,1,1,0.5222858
1,0,0,0.4296333
1,0,0,0.44348502
1,0,0,0.2868948
1,1,1,0.8741438
1,1,1,0.6100834
1,0,1,0.7397911
1,1,1,0.7560624
1,1,1,0.6540249
1,0,0,0.44532022
1,0,0,0.4896947
1,1,1,0.6782248
1,0,0,0.43677562
1,1,1,0.814557
1,1,1,0.51589483
1,0,0,0.48484156
1,0,0,0.24066475
1,1,1,0.7413455
1,1,1,0.728518
1,0,0,0.48422372
1,1,1,0.6104563
1,1,1,0.5578126
1,0,1,0.62108254
1,1,1,0.6361678
1,0,1,0.61093545
1,0,0,0.41079792
1,0,1,0.5740709
1,1,1,0.84569025
1,1,1,0.76972795
1,0,1,0.6777045
1,0,0,0.34488538
1,1,0,0.16004905
1,1,1,0.5133867
1,1,1,0.7766865
1,0,0,0.42271358
1,1,1,0.61880034
1,1,1,0.7662926
1,0,0,0.44482246
1,0,0,0.24242562
1,1,1,0.67681706
1,1,1,0.56849134
1,1,0,0.44169465
1,0,0,0.3791886
1,1,1,0.5912322
1,0,0,0.21529123
1,0,0,0.39666474
1,0,0,0.35172725
1,0,0,0.16938767
1,1,1,0.7199132
1,0,0,0.31514043
1,0,0,0.42618975
1,1,0,0.45173258
1,0,0,0.26902837
1,1,1,0.83834034
1,1,1,0.79657155
1,0,1,0.754725
1,1,1,0.80139494
1,1,1,0.6046159
1,0,0,0.4709636
1,0,0,0.20711909
1,1,1,0.5450401
1,0,0,0.1394964
1,1,1,0.560319
1,0,0,0.32371452
1,0,1,0.6216269
1,0,0,0.4229692
1,1,1,0.59730566
1,0,1,0.57632685
1,0,0,0.45282564
1,1,1,0.6581219
1,0,1,0.5495935
1,1,1,0.67223054
1,0,0,0.34495488
1,1,1,0.6229061
1,0,1,0.5758907
1,1,0,0.45819056
1,1,1,0.54639375
1,1,0,0.36549658
1,1,1,0.7072994
1,0,0,0.41738567
1,0,1,0.50716615
1,1,1,0.6630067
1,0,1,0.81040037
1,0,1,0.65779793
1,1,1,0.6870299
1,0,1,0.5740294
1,0,0,0.14221326
1,0,1,0.51579744
1,1,0,0.30589116
1,1,1,0.77195925
1,1,0,0.48811343
1,1,1,0.70954084
1,0,0,0.3936668
1,0,0,0.16970661
1,0,1,0.7582112
1,0,1,0.577994
1,1,1,0.7497667
1,0,1,0.616925
1,0,0,0.409506
1,1,1,0.78038603
1,1,1,0.52271146
1,0,0,0.26015797
1,0,0,0.3188625
1,0,1,0.640107
1,1,1,0.7064275
1,1,1,0.7113364
1,0,1,0.77053165
1,1,1,0.7787254
1,0,0,0.4670984
1,1,1,0.56909883
1,1,1,0.5466362
1,0,0,0.46985826
1,1,0,0.49915606
1,0,1,0.65743357
1,0,0,0.3895886
1,0,1,0.5130586
1,0,0,0.48054123
1,1,1,0.62958115
1,1,1,0.8822556
1,1,0,0.46644402
1,1,1,0.77052265
1,0,1,0.54568255
1,1,1,0.7106959
1,0,1,0.5076175
1,1,1,0.64250004
1,1,0,0.4717849
1,1,1,0.69509274
1,1,1,0.8220003
1,0,1,0.656026
1,1,1,0.78221583
1,1,0,0.4644559
1,1,1,0.77353835
1,1,0,0.48187146
1,0,0,0.34266433
1,0,1,0.5482379
1,0,1,0.5152041
1,1,0,0.3255388
1,0,1,0.8099498
1,1,1,0.6165407
1,1,1,0.5114704
1,0,0,0.4333813
1,1,1,0.5939729
1,1,1,0.7366951
1,1,1,0.7418471
1,0,0,0.3921823
1,1,1,0.5965288
1,0,1,0.5342824
1,0,1,0.6062547
1,1,1,0.64040536
1,0,1,0.6402845
1,0,0,0.25761315
1,1,1,0.8651246
1,1,1,0.80564797
1,0,0,0.49916685
1,1,1,0.7954704
1,0,1,0.74611527
1,1,1,0.8427466
1,1,1,0.520109
1,1,1,0.5214118
1,0,0,0.3972589
1,0,0,0.28063703
1,1,1,0.8395355
1,1,1,0.8160491
1,0,0,0.4881259
1,0,1,0.59946084
1,0,0,0.39603597
1,0,0,0.32665423
1,0,1,0.7327766
1,0,0,0.115716524
1,1,1,0.8621723
1,1,1,0.50360596
1,1,1,0.66629004
1,0,1,0.6243236
1,0,1,0.5572429
1,1,0,0.2412767
1,1,0,0.48109332
1,0,0,0.36844587
1,1,0,0.34704345
1,1,0,0.37774113
1,0,0,0.32626188
1,0,1,0.69249856
1,0,1,0.6744791
1,0,0,0.374857
1,1,1,0.8283842
1,0,0,0.3953913
1,1,1,0.6493849
1,1,1,0.56069994
1,1,1,0.64802456
1,1,1,0.57587266
1,0,1,0.5202617
1,1,1,0.89718354
1,1,1,0.71344125
1,0,0,0.2825939
1,0,0,0.160451
1,1,1,0.81017715
1,1,1,0.79509205
1,1,1,0.7099939
1,0,0,0.43645978
1,0,1,0.640411
1,0,0,0.036736533
1,1,1,0.7671345
1,1,1,0.6526987
1,0,1,0.6021328
1,0,0,0.092625946
1,0,0,0.4430574
1,0,1,0.56197566
1,1,1,0.71146774
1,1,1,0.5002868
1,0,0,0.20133442
1,1,1,0.63947135
1,1,1,0.6067664
1,0,0,0.30261678
1,1,1,0.58049595
1,1,0,0.19492486
1,0,1,0.5355423
1,0,1,0.67309505
1,0,1,0.72984934
1,1,1,0.8596587
1,1,1,0.8220333
1,1,1,0.88634044
1,1,1,0.79664534
1,1,1,0.9304795
1,0,1,0.71108437
1,1,1,0.80237234
1,1,1,0.71233016
1,1,1,0.8719186
1,1,1,0.8028296
1,1,0,0.3325068
1,0,0,0.15575236
1,0,0,0.10229677
1,0,1,0.696963
1,0,0,0.48645326
1,0,0,0.24089451
1,1,1,0.7780888
1,1,0,0.43492696
1,1,1,0.7405904
1,0,0,0.4924892
1,0,1,0.6208594
1,0,1,0.74625343
1,0,0,0.3789597
1,0,0,0.21485308
1,1,0,0.387572
1,0,1,0.6293864
1,1,1,0.59237885
1,0,0,0.38330308
1,1,1,0.9167958
1,0,1,0.51650363
1,1,1,0.7609244
1,1,1,0.78211075
1,1,1,0.682424
1,0,1,0.5600098
1,1,1,0.71364194
1,0,0,0.41936836
1,1,1,0.5298819
1,0,0,0.29369587
1,0,0,0.45051482
1,0,0,0.2866874
1,1,1,0.7349726
1,0,0,0.47739062
1,0,1,0.80429226
1,1,1,0.8436671
1,0,1,0.7009159
1,0,1,0.5880094
1,1,1,0.622191
1,1,1,0.52573794
1,1,1,0.72024107
1,0,0,0.3440071
1,1,1,0.5689506
1,0,1,0.64336824
1,0,1,0.557227
1,0,0,0.2053019
1,0,1,0.8531214
1,0,0,0.46208155
1,1,1,0.8203659
1,1,1,0.68136936
1,1,0,0.4094053
1,1,0,0.48887953
1,0,0,0.27426594
1,1,1,0.66824526
1,1,1,0.55928904
1,1,1,0.5326355
1,0,0,0.2410535
1,0,0,0.2661862
1,1,1,0.69552475
1,0,1,0.54747015
1,0,1,0.66122955
1,0,1,0.58177614
1,0,0,0.27510685
1,0,0,0.43433043
1,0,1,0.6704012
1,0,0,0.4829679
1,0,1,0.58134055
1,1,0,0.43854582
1,1,0,0.24250823
1,1,0,0.42181495
1,1,1,0.65082073
1,0,0,0.4027912
1,0,0,0.073534034
1,0,1,0.5462112
1,1,1,0.8736553
1,1,1,0.57094413
1,1,1,0.69394195
1,0,1,0.5970858
1,1,1,0.5840968
1,0,0,0.46058515
1,0,1,0.52789205
1,1,1,0.65537894
1,1,1,0.6348149
1,0,0,0.04725432
1,1,1,0.73878103
1,0,0,0.430274
1,0,1,0.7300153
1,1,0,0.46552217
1,0,1,0.687976
1,0,0,0.3493017
1,0,0,0.4900164
1,0,0,0.42968506
1,0,0,0.2222965
1,1,1,0.63394815
1,0,0,0.112023205
1,1,1,0.8426112
1,0,0,0.45195767
1,0,0,0.24297005
1,1,1,0.68202037
1,1,1,0.61831576
1,0,0,0.4880692
1,0,0,0.33676267
1,0,0,0.3223924
1,0,0,0.33125737
1,0,1,0.50445956
1,1,1,0.82000285
1,0,0,0.33979538
1,0,0,0.25978932
1,1,1,0.79908425
1,1,1,0.59159935
1,1,1,0.8029645
1,1,1,0.81649303
1,1,0,0.30781326
1,0,0,0.41434735
1,0,0,0.28866345
1,1,1,0.72324234
1,1,0,0.2721287
1,0,0,0.2629334
1,0,0,0.17861122
1,1,0,0.47127077
1,1,1,0.7734725
1,0,1,0.5559997
1,1,0,0.17549813
1,0,1,0.7578934
1,1,0,0.2628358
1,0,1,0.6427716
1,0,0,0.0952788
1,0,1,0.8149022
1,0,1,0.59928024
1,1,1,0.60112494
1,0,1,0.57001287
1,1,0,0.451124
1,1,0,0.4513214
1,0,1,0.6024714
1,1,1,0.9080139
1,0,1,0.56983906
1,1,1,0.51245207
1,0,0,0.26550618
1,1,1,0.55934244
1,0,0,0.4413906
1,1,1,0.89800704
1,1,1,0.630092
1,1,1,0.6498272
1,1,1,0.59939224
1,1,1,0.5397298
1,1,1,0.7971104
1,0,0,0.24562122
1,1,1,0.7286134
1,0,0,0.37503353
1,1,1,0.66049224
1,0,1,0.53091514
1,0,0,0.15631896
1,1,0,0.3085502
1,0,1,0.7228008
1,1,0,0.4990926
1,1,0,0.26828325
1,1,1,0.7184117
1,0,1,0.6937321
1,0,1,0.5862566
1,1,1,0.50824946
1,0,0,0.33131954
1,0,0,0.4840358
1,0,0,0.30730733
1,1,1,0.8795985
1,1,1,0.549354
1,0,0,0.4039919
1,0,1,0.6769051
1,0,0,0.4629238
1,0,0,0.27533776
1,0,0,0.41982982
1,0,0,0.24718577
1,0,1,0.7878521
1,0,0,0.084694974
1,1,1,0.5369699
1,1,0,0.4865402
1,1,1,0.59827393
1,1,1,0.5075068
1,0,0,0.48703027
1,1,1,0.6374943
1,1,1,0.8468996
1,0,0,0.16017224
1,0,1,0.5731151
1,0,0,0.31678408
1,1,1,0.6915247
1,0,0,0.28530547
1,1,0,0.27902228
1,0,0,0.26894224
1,1,1,0.57940876
1,1,0,0.31643185
1,1,1,0.63903177
1,0,0,0.29249075
1,1,0,0.13635504
1,1,1,0.5442859
1,0,1,0.63367015
1,0,1,0.5903774
1,1,1,0.6944485
1,1,1,0.57183003
1,0,0,0.4697542
1,0,0,0.38056195
1,1,1,0.58435094
1,1,1,0.7039168
1,1,1,0.52577347
1,0,0,0.44195002
1,0,0,0.37340394
1,1,1,0.5998861
1,0,1,0.64948106
1,1,0,0.4093686
1,0,0,0.47798967
1,1,1,0.6550724
1,0,1,0.6730056
1,1,1,0.552006
1,1,0,0.23400375
1,0,0,0.06401486
1,0,1,0.72970814
1,0,1,0.5632637
1,0,0,0.35908887
1,1,1,0.5444467
1,0,0,0.2918077
1,1,1,0.5795229
1,1,1,0.711985
1,1,0,0.37474087
1,0,1,0.805115
1,0,1,0.729761
1,0,0,0.30944395
1,1,0,0.29086906
1,1,1,0.8288299
1,1,1,0.6334079
1,1,1,0.6447523
1,0,1,0.5017836
1,0,0,0.2157509
1,1,1,0.5011133
1,0,1,0.6956368
1,1,0,0.33591184
1,1,1,0.77299
1,1,1,0.71666497
1,1,0,0.49119353
1,0,0,0.23913729
1,0,1,0.65232855
1,1,0,0.37080958
1,0,0,0.35628614
1,1,1,0.6747688
1,0,0,0.25827393
1,1,1,0.7407494
1,0,0,0.36754757
1,1,1,0.67038685
1,1,0,0.22773018
1,1,0,0.41559422
1,0,0,0.23797853
1,0,0,0.42645586
1,1,1,0.5167602
1,0,0,0.079017244
1,1,0,0.3422471
1,0,0,0.052726083
1,0,1,0.6796659
1,0,0,0.25795642
1,1,1,0.6334294
1,0,1,0.6020831
1,1,0,0.3427691
1,1,0,0.2621336
1,1,1,0.53205943
1,1,0,0.1960338
1,1,1,0.5555329
1,0,1,0.5822187
1,1,1,0.551429
1,0,0,0.16928987
1,0,0,0.23763207
1,0,0,0.24518195
1,0,0,0.11511657
1,1,0,0.17923053
1,1,0,0.35889396
1,0,0,0.31850708
1,0,0,0.10317178
1,1,0,0.4666967
1,0,0,0.04882818
1,1,0,0.48366967
1,0,0,0.3182805
1,0,1,0.5385992
1,0,0,0.055660404
1,1,1,0.8277397
1,1,1,0.5794574
1,0,0,0.1948976
1,1,0,0.38026032
1,0,0,0.46812513
1,0,0,0.15824078
1,0,0,0.06638497
1,1,0,0.35507268
1,0,0,0.3032512
1,0,0,0.25313106
1,0,0,0.47791988
1,0,1,0.70680267
1,0,0,0.17959477
1,1,1,0.861309
1,1,0,0.31655574
1,1,1,0.5640969
1,1,1,0.64111906
1,0,0,0.49253613
1,0,0,0.47401223
1,0,0,0.32692
1,0,0,0.27454343
1,1,1,0.57222056
1,0,1,0.5107981
1,0,0,0.14680967
1,1,1,0.6176388
1,0,0,0.38735124
1,0,0,0.35160244
1,1,0,0.4435116
1,0,0,0.29698485
1,1,1,0.6060099
1,0,1,0.6458458
1,0,1,0.62111306
1,1,1,0.5825154
1,1,1,0.50124854
1,0,0,0.11853054
1,1,1,0.6965429
1,0,0,0.3999353
1,0,1,0.62433594
1,0,0,0.2836881
1,1,0,0.2973084
1,0,1,0.72028196
1,1,1,0.83185774
1,0,1,0.66440606
1,0,0,0.18319374
1,0,1,0.5888148
1,0,1,0.5177584
1,1,1,0.683411
1,0,0,0.44221267
1,1,0,0.45401853
1,0,1,0.58988416
1,0,0,0.04365884
1,1,1,0.8048366
1,1,1,0.50782496
1,1,1,0.92033046
1,1,1,0.53011775
1,1,1,0.6672531
1,0,1,0.62580293
1,0,0,0.13867094
1,0,1,0.64606494
1,1,0,0.49628922
1,1,0,0.43636966
1,0,0,0.4540235
1,0,1,0.65357965
1,1,1,0.6000439
1,0,0,0.18856795
1,0,0,0.20787808
1,0,1,0.60883176
1,1,0,0.43665442
1,0,0,0.2841844
1,1,1,0.6348115
1,1,0,0.3753137
1,1,1,0.8492194
1,1,1,0.5515943
1,0,1,0.6223935
1,1,0,0.3541336
1,1,1,0.5409542
1,0,0,0.20090237
1,1,0,0.4561819
1,1,1,0.6069326
1,1,1,0.6414927
1,0,0,0.22883546
1,0,0,0.3221759
1,1,0,0.45222813
1,0,1,0.5299485
1,1,0,0.42824206
1,0,1,0.5589534
1,0,1,0.5929944
1,0,1,0.6471133
1,0,0,0.37010697
1,0,1,0.5411632
1,1,1,0.8132243
1,1,0,0.4782633
1,1,1,0.5387577
1,1,1,0.5047915
1,0,0,0.39718348
1,0,1,0.58268857
1,0,1,0.6355517
1,0,0,0.42160937
1,0,1,0.60729927
1,1,1,0.7032763
1,1,1,0.63937193
1,1,1,0.753715
1,1,0,0.40018803
1,0,0,0.2507424
1,0,0,0.11035507
1,0,1,0.61167824
1,0,1,0.69262815
1,1,1,0.89376384
1,0,1,0.597989
1,1,1,0.69150335
1,0,1,0.734263
1,1,1,0.6158443
1,1,0,0.29273716
1,0,1,0.5010112
1,0,0,0.20066962
1,0,0,0.24549049
1,1,0,0.46972853
1,0,0,0.38000074
1,0,0,0.4897247
1,0,1,0.7324684
1,1,1,0.6709935
1,1,1,0.60857797
1,0,0,0.15509
1,1,1,0.7872711
1,0,0,0.47534287
1,0,0,0.24626873
1,1,1,0.65609145
1,0,0,0.43778652
1,0,0,0.3644124
1,1,1,0.5533765
1,1,1,0.6440217
1,1,1,0.5043959
1,1,0,0.46499556
1,0,0,0.22899441
1,0,1,0.6509379
1,0,0,0.1354169
1,0,0,0.42447087
1,1,1,0.6805546
1,1,1,0.5639256
1,0,1,0.76544625
1,0,0,0.19936264
1,1,1,0.7206662
1,1,1,0.6305162
1,0,0,0.326404
1,1,1,0.60181785
1,1,1,0.70263755
1,0,0,0.24725275
1,0,1,0.64670515
1,1,1,0.81908244
1,1,0,0.3256569
1,0,0,0.47961104
1,0,1,0.62962073
1,1,0,0.3589675
1,0,0,0.3057647
1,0,0,0.16485615
1,1,1,0.5742206
1,0,0,0.36504427
1,0,0,0.2716174
1,1,0,0.48297366
1,0,0,0.14712708
1,1,0,0.4745646
1,1,0,0.44979924
1,0,1,0.8114532
1,0,1,0.63640386
1,1,0,0.49781758
1,1,0,0.39910844
1,0,0,0.19586901
1,1,1,0.6660779
1,0,0,0.23692234
1,1,1,0.50891876
1,0,0,0.44663513
1,0,1,0.73717964
1,0,1,0.6786965
1,0,1,0.58741266
1,0,0,0.22487107
1,1,1,0.72002935
1,1,1,0.6673073
1,1,1,0.9267289
1,1,0,0.44515553
1,1,1,0.7876487
1,0,0,0.3924454
1,1,1,0.60960495
1,0,0,0.17813353
1,0,1,0.7488575
1,1,0,0.4673144
1,0,1,0.5077353
1,0,0,0.31744185
1,0,1,0.65389025
1,0,0,0.20850393
1,1,1,0.8647208
1,0,0,0.36236787
1,1,0,0.27515915
1,1,1,0.60310996
1,0,0,0.40490156
1,1,1,0.7012758
1,0,1,0.5790671
1,0,0,0.45980102
1,1,1,0.5339611
1,0,0,0.46370757
1,0,1,0.57300377
1,0,0,0.34564382
1,0,1,0.6413499
1,0,0,0.17270914
1,1,1,0.6572463
1,0,1,0.608461
1,0,1,0.64711034
1,1,1,0.6570613
1,1,0,0.4895283
1,1,1,0.6760854
1,1,1,0.8987228
1,0,1,0.5483672
1,1,1,0.588785
1,1,1,0.7653353
1,1,1,0.68718666
1,0,0,0.39683616
1,0,0,0.35885757
1,1,1,0.710708
1,1,1,0.82460463
1,1,1,0.68431395
1,0,1,0.635128
1,0,1,0.6616358
1,1,0,0.41023284
1,0,1,0.5200417
1,0,0,0.42873797
1,1,0,0.45623645
1,1,1,0.8274638
1,1,1,0.74872243
1,1,1,0.799502
1,1,1,0.7335471
1,1,1,0.71143603
1,1,1,0.7591955
1,0,0,0.47355595
1,1,0,0.2426347
1,1,1,0.8347316
1,0,1,0.59943694
1,1,1,0.9113817
1,1,1,0.536489
1,1,1,0.5546816
1,1,1,0.65936357
1,0,1,0.59927577
1,0,1,0.7341817
1,1,1,0.72401994
1,0,1,0.5039983
1,0,1,0.5723825
1,0,0,0.428236
1,0,0,0.49185842
1,1,1,0.5496307
1,0,0,0.37390992
1,1,1,0.77454877
1,1,1,0.79189444
1,0,1,0.59053415
1,1,1,0.5506768
1,1,1,0.5761952
1,1,1,0.5740747
1,0,0,0.41087833
1,1,1,0.7258549
1,0,1,0.58330584
1,0,0,0.36832473
1,0,0,0.4827302
1,0,0,0.4466773
1,0,0,0.16026808
1,0,0,0.48278102
1,0,0,0.10160773
1,1,1,0.84855855
1,1,1,0.6443154
1,1,0,0.46007445
1,1,1,0.51697415
1,0,0,0.10969806
1,0,1,0.55390614
1,1,0,0.49242336
1,1,1,0.50870466
1,1,1,0.5549681
1,1,1,0.6394346
1,0,1,0.68420714
1,1,1,0.62339246
1,0,0,0.07292326
1,0,0,0.34569862
1,1,1,0.74404824
1,1,0,0.30222958
1,1,1,0.53565764
1,1,1,0.77913517
1,1,1,0.7464637
1,1,1,0.82255054
1,0,0,0.27328616
1,1,0,0.47405365
1,0,0,0.13563284
1,0,0,0.38130212
1,0,0,0.10324534
1,1,1,0.84134054
1,0,0,0.44455558
1,0,1,0.5067457
1,0,1,0.50639987
1,1,1,0.65258634
1,0,1,0.73854667
1,0,0,0.10720737
1,0,0,0.21483044
1,1,1,0.857917
1,0,0,0.40432358
1,1,0,0.48177353
1,1,1,0.7728459
1,0,0,0.17292689
1,1,0,0.37028822
1,0,0,0.3161024
1,1,1,0.85574186
1,0,0,0.3227237
1,1,0,0.37135586
1,1,1,0.637482
1,0,0,0.25606728
1,1,1,0.85037124
1,0,0,0.38746235
1,1,0,0.4664467
1,0,0,0.43125725
1,1,1,0.52427995
1,0,1,0.59201795
1,0,0,0.3759923
1,1,0,0.40129495
1,0,1,0.72452945
1,0,0,0.45546922
1,0,1,0.5278694
1,1,1,0.73173034
1,1,0,0.40542936
1,0,0,0.40020946
1,1,0,0.4753237
1,0,1,0.54459053
1,0,0,0.36288252
1,1,1,0.534559
1,0,0,0.42878824
1,1,0,0.22154386
1,1,1,0.5831562
1,1,1,0.5537389
1,1,1,0.5538806
1,1,0,0.36386707
1,0,1,0.51726896
1,1,1,0.86776376
1,1,1,0.832077
1,1,1,0.5463012
1,0,0,0.32445216
1,0,1,0.634903
1,1,1,0.75608027
1,1,1,0.8682542
1,0,0,0.42522663
1,0,0,0.47752756
1,1,1,0.6262035
1,0,0,0.4382828
1,1,0,0.38515812
1,1,1,0.56432456
1,0,1,0.7701359
1,1,1,0.7462665
1,0,0,0.4074596
1,0,1,0.6050679
1,1,1,0.6898514
1,1,1,0.5519895
1,1,1,0.67626405
1,0,0,0.48143226
1,0,0,0.18206005
1,1,1,0.6946859
1,0,0,0.4911947
1,1,1,0.6854825
1,1,1,0.6170353
1,0,0,0.10973011
1,0,0,0.35199374
1,1,0,0.39411262
1,0,0,0.4826481
1,0,0,0.3085559
1,0,0,0.21047974
1,1,0,0.26167262
1,0,1,0.89522296
1,0,1,0.5947385
1,1,1,0.8090664
1,1,1,0.6664974
1,0,0,0.441431
1,0,0,0.49602664
1,1,1,0.80512357
1,0,0,0.17060827
1,1,1,0.7662255
1,0,1,0.59902877
1,1,1,0.84658045
1,0,1,0.6859176
1,0,0,0.17110284
1,0,0,0.107282385
1,0,1,0.6057182
1,1,1,0.7734852
1,0,0,0.25917995
1,0,0,0.42863834
1,0,0,0.39647597
1,1,1,0.7515861
1,1,1,0.7915185
1,1,1,0.8428651
1,1,1,0.82795405
1,1,1,0.8648325
1,1,1,0.8634646
1,0,1,0.5044382
1,1,1,0.73919773
1,0,0,0.48524362
1,1,1,0.6508999
1,1,0,0.44231865
1,0,1,0.5624259
1,1,0,0.4890203
1,0,0,0.2222965
1,0,0,0.21834132
1,1,1,0.68187946
1,0,0,0.4065613
1,0,1,0.6598026
1,1,1,0.78498536
1,1,1,0.81639344
1,0,0,0.22544412
1,1,1,0.589279
1,1,0,0.30468905
1,0,0,0.13752656
1,0,1,0.60559994
1,1,1,0.64563096
1,0,0,0.33241704
1,0,0,0.27391037
1,0,0,0.46219832
1,1,0,0.36012736
1,1,1,0.6300777
1,1,1,0.6334405
1,0,0,0.386289
1,1,0,0.4698695
1,0,0,0.39344463
1,1,0,0.2667778
1,1,0,0.4364096
1,1,1,0.65409166
1,1,0,0.3290337
1,1,1,0.56250226
1,0,0,0.47544116
1,1,0,0.37817708
1,1,1,0.5241709
1,1,0,0.27575287
1,1,0,0.38347626
1,0,0,0.11674366
1,0,0,0.4907123
1,0,0,0.15248398
1,0,0,0.30114785
1,0,0,0.052855063
1,0,0,0.29739624
1,0,0,0.19542193
1,1,0,0.29633272
1,0,0,0.11560613
1,0,0,0.069538504
1,0,0,0.052319493
1,1,0,0.45460272
1,1,0,0.48435828
1,0,0,0.2344329
1,0,0,0.37464535
1,1,1,0.5285617
1,1,0,0.40397242
1,0,0,0.40912348
1,0,0,0.12879243
1,1,0,0.3157782
1,0,0,0.060253777
1,1,0,0.26173484
1,0,0,0.1905919
1,1,1,0.63337266
1,1,0,0.2944612
1,0,1,0.5564725
1,0,0,0.20395717
1,0,0,0.1149853
1,0,0,0.08112241
1,0,0,0.44110554
1,0,1,0.56329226
1,0,0,0.121977195
1,0,0,0.45007098
1,0,0,0.2616159
1,0,0,0.30735356
1,1,0,0.45421243
1,1,1,0.7613743
1,1,1,0.6920542
1,1,0,0.31009373
1,1,1,0.53002346
1,1,1,0.68132097
1,1,0,0.091600545
1,1,1,0.5394816
1,1,1,0.74556583
1,1,1,0.7715206
1,1,1,0.672801
1,0,0,0.2174145
1,1,0,0.3989826
1,0,1,0.6517503
1,1,1,0.7575279
1,1,1,0.66103345
1,1,1,0.5796909
1,1,1,0.69300866
1,0,0,0.31567818
1,1,1,0.7582196
1,0,0,0.4916479
1,0,1,0.7062347
1,0,1,0.68364894
1,1,0,0.33905783
1,1,1,0.6679278
1,0,0,0.26797763
1,0,0,0.3625711
1,0,0,0.27352688
1,0,0,0.24126872
1,0,0,0.4114894
1,0,0,0.4750745
1,1,1,0.82110065
1,1,1,0.7169515
1,0,1,0.5821324
1,0,1,0.6390656
1,0,1,0.60217774
1,0,0,0.16412534
1,1,1,0.7735758
1,1,1,0.6820432
1,1,0,0.2677498
1,0,0,0.49279916
1,0,1,0.60048616
1,1,1,0.58855844
1,0,0,0.41169858
1,1,0,0.40199205
1,0,1,0.5870003
1,1,1,0.6789587
1,0,1,0.64200747
1,1,0,0.49807766
1,1,1,0.59957594
1,0,1,0.74528253
1,1,0,0.41449812
1,0,1,0.66818243
1,1,1,0.72631925
1,0,1,0.6529044
1,0,0,0.4132903
1,0,0,0.2545159
1,1,1,0.7759071
1,1,1,0.7013965
1,0,1,0.57443345
1,0,0,0.34950778
1,1,1,0.6594744
1,1,0,0.40453196
1,0,0,0.47254753
1,0,1,0.52180195
1,1,1,0.7050702
1,1,0,0.46219614
1,0,1,0.5908094
1,0,0,0.2247556
1,1,1,0.6014033
1,0,0,0.1189211
1,1,1,0.7729951
1,0,1,0.7508408
1,0,1,0.6304524
1,0,0,0.40650898
1,0,1,0.6054692
1,1,1,0.62913644
1,1,1,0.68427193
1,0,1,0.56247413
1,1,1,0.71352553
1,1,1,0.8330112
1,1,1,0.5035778
1,1,1,0.5362164
1,0,0,0.49426073
1,0,1,0.6047533
1,0,1,0.6257794
1,1,0,0.47999847
1,1,0,0.11865341
1,0,0,0.4818591
1,0,0,0.4656251
1,1,1,0.61188036
1,1,1,0.7550781
1,1,0,0.41726008
1,0,0,0.23610309
1,0,0,0.1772955
1,1,0,0.4126074
1,1,1,0.63733363
1,0,0,0.49683136
1,0,0,0.3218652
1,1,1,0.63052773
1,1,0,0.2630948
1,1,0,0.45901212
1,0,1,0.6268964
1,0,0,0.16858165
1,0,1,0.5075605
1,0,0,0.34409156
1,0,1,0.5916911
1,0,0,0.20477211
1,1,1,0.71013826
1,0,0,0.123950824
1,0,0,0.1985715
1,1,1,0.7591817
1,0,0,0.06380351
1,0,1,0.58766365
1,1,0,0.31618297
1,1,1,0.66021305
1,1,0,0.10415268
1,1,1,0.7005889
1,0,0,0.3459625
1,1,0,0.24569245
1,1,0,0.49736243
1,0,1,0.54844373
1,0,0,0.40200585
1,1,0,0.29878742
1,1,0,0.3508305
1,0,1,0.638458
1,0,0,0.25276694
1,0,1,0.70292073
1,0,0,0.11320118
1,1,0,0.35757065
1,0,1,0.59808874
1,0,0,0.3844271
1,0,1,0.50033563
1,0,0,0.41212672
1,1,1,0.681979
1,0,0,0.43184376
1,1,0,0.2835036
1,0,0,0.20342277
1,0,0,0.059619036
1,1,0,0.36961165
1,0,0,0.39810482
1,1,1,0.57362175
1,1,1,0.5576756
1,0,0,0.33876926
1,0,0,0.10642245
1,0,0,0.07946675
1,1,1,0.7070287
1,1,1,0.6833646
1,0,1,0.5352166
1,0,0,0.47874427
1,0,0,0.34763288
1,1,1,0.6194321
1,0,0,0.14764254
1,1,1,0.50504637
1,1,0,0.4957087
1,1,1,0.6473012
1,0,1,0.7671105
1,0,0,0.26710343
1,1,1,0.50415987
1,0,0,0.23971549
1,1,1,0.50029427
1,0,1,0.63230425
1,1,1,0.656736
1,1,1,0.5948672
1,1,1,0.74574536
1,0,1,0.7035677
1,0,1,0.56986207
1,0,1,0.5840539
1,1,1,0.56489325
1,1,0,0.19574875
1,1,0,0.36683178
1,0,1,0.5715844
1,0,1,0.6809269
1,1,0,0.2934196
1,0,1,0.52558523
1,0,0,0.3690957
1,1,0,0.2969913
1,1,1,0.58517975
1,0,0,0.117743365
1,1,0,0.4271583
1,0,1,0.8432919
1,0,0,0.18499807
1,1,0,0.27700427
1,1,1,0.77236277
1,0,0,0.39682037
1,1,1,0.6105485
1,1,0,0.40720215
1,1,1,0.67996156
1,0,1,0.7464495
1,0,0,0.34826207
1,0,1,0.71466506
1,0,0,0.4307206
1,1,1,0.8413172
1,0,1,0.5379167
1,0,1,0.631102
1,0,0,0.47676897
1,0,0,0.3588835
1,0,1,0.63057107
1,1,0,0.4945613
1,1,1,0.6697101
1,1,1,0.6384688
1,1,1,0.53953606
1,1,1,0.74139994
1,1,1,0.6977146
1,0,1,0.59795916
1,1,0,0.25953823
1,1,1,0.6110638
1,0,0,0.33416888
1,0,0,0.43147987
1,0,1,0.5172052
1,1,1,0.77377915
1,0,0,0.28919277
1,0,0,0.48626462
1,1,0,0.24110141
1,1,1,0.57900506
1,0,1,0.50603896
1,1,1,0.59700423
1,0,0,0.2501002
1,1,1,0.5217489
1,1,1,0.5637619
1,0,0,0.47022182
1,1,0,0.38533804
1,0,0,0.4235166
1,0,0,0.2672261
1,0,1,0.5261167
1,1,0,0.1320551
1,0,1,0.52377546
1,0,0,0.15776594
1,0,0,0.20545608
1,0,1,0.63294464
1,1,1,0.6056675
1,1,1,0.5065552
1,1,0,0.30713734
1,1,0,0.483912
1,1,0,0.36220452
1,0,0,0.4750121
1,0,1,0.50045496
1,0,0,0.36343166
1,0,0,0.07477698
1,0,0,0.2892185
1,1,1,0.59124994
1,1,1,0.60898614
1,1,0,0.37941507
1,0,0,0.49173906
1,0,1,0.63679516
1,0,0,0.35539874
1,0,1,0.50693375
1,1,1,0.70611143
1,1,0,0.16521002
1,1,1,0.69851154
1,1,0,0.13064887
1,1,0,0.116151035
1,0,0,0.19895108
1,0,0,0.114530444
1,0,0,0.26274315
1,0,1,0.53897125
1,1,0,0.2571873
1,1,1,0.595396
1,1,0,0.26214707
1,0,1,0.5550007
1,0,0,0.30598187
1,0,1,0.51508796
1,0,0,0.43247688
1,1,0,0.48568994
1,0,1,0.70231014
1,0,0,0.34409076
1,0,0,0.22523052
1,1,1,0.7651893
1,1,0,0.4659115
1,0,0,0.30337393
1,1,1,0.52930766
1,0,0,0.14322856
1,0,0,0.30012062
1,0,0,0.2031246
1,0,1,0.74637175
1,1,0,0.40301773
1,0,0,0.49880084
1,1,0,0.4968302
1,1,0,0.32007596
1,0,1,0.6463336
1,0,0,0.19014433
1,1,1,0.5824744
1,1,1,0.6315463
1,1,1,0.6496176
1,0,0,0.40615153
1,0,1,0.52524084
1,1,1,0.6411637
1,0,0,0.41007522
1,1,1,0.7243616
1,0,1,0.7049036
1,0,1,0.60617906
1,1,0,0.37106326
1,0,0,0.38015962
1,0,1,0.6995521
1,0,1,0.660214
1,0,1,0.5671149
1,1,0,0.47109327
1,0,1,0.6843613
1,1,0,0.38878152
1,0,1,0.5956711
1,1,1,0.6509871
1,1,0,0.3149219
1,0,0,0.44246492
1,0,0,0.14386663
1,1,0,0.35847184
1,1,1,0.60951626
1,1,1,0.57253
1,0,0,0.30503163
1,0,1,0.6361897
1,1,1,0.6359291
1,0,0,0.28393006
1,1,1,0.70247877
1,1,1,0.5450394
1,1,1,0.67710966
1,0,0,0.33564648
1,0,0,0.47002968
1,1,1,0.6473428
1,0,0,0.34169245
1,1,0,0.39283237
1,0,0,0.2439552
1,0,1,0.6791265
1,1,0,0.4375835
1,1,0,0.45764792
1,1,0,0.41675133
1,1,0,0.43025193
1,1,1,0.6431992
1,0,0,0.12411872
1,0,0,0.15759672
1,1,1,0.52793443
1,0,0,0.43590143
1,1,1,0.6971704
1,0,1,0.63400376
1,1,1,0.82667774
1,0,1,0.5173862
1,0,1,0.5305402
1,1,1,0.8046032
1,1,0,0.46901986
1,1,0,0.35939586
1,0,0,0.29637054
1,0,0,0.22893295
1,1,1,0.74565625
1,1,0,0.30607012
1,0,1,0.6131753
1,0,0,0.34305733
1,1,1,0.85283816
1,1,1,0.857383
1,1,1,0.7921712
1,1,0,0.41440853
1,0,1,0.5335504
1,0,1,0.6901139
1,0,0,0.05535295
1,1,1,0.72688115
1,0,0,0.1564097
1,1,0,0.41036642
1,0,1,0.89835757
1,0,0,0.42401764
1,0,0,0.47681117
1,0,1,0.67831486
1,0,1,0.5054443
1,1,1,0.6366383
1,1,1,0.5442765
1,0,0,0.2316588
1,0,1,0.6316012
1,1,0,0.4763823
1,0,1,0.5201896
1,0,0,0.28714108
1,1,0,0.42076614
1,0,1,0.5708955
1,1,1,0.8336204
1,0,0,0.36097893
1,1,1,0.59056944
1,1,1,0.6551515
1,1,1,0.7301427
1,0,1,0.76753753
1,1,1,0.74539596
1,1,1,0.574559
1,0,0,0.4563079
1,0,1,0.68860525
1,0,0,0.23489213
1,0,1,0.5519562
1,0,0,0.21713826
1,0,0,0.24186248
1,1,0,0.28374264
1,1,0,0.42964676
1,1,1,0.9489218
1,1,1,0.8349562
1,0,0,0.48918843
1,0,1,0.7874626
1,0,1,0.5185424
1,1,1,0.68652004
1,1,0,0.43879807
1,1,1,0.7966121
1,0,1,0.5821889
1,0,0,0.49969527
1,1,1,0.686579
1,1,1,0.8235362
1,0,0,0.41200227
1,0,1,0.57910967
1,1,1,0.8018968
1,0,1,0.8067463
1,1,1,0.7814228
1,1,1,0.68724024
1,1,1,0.50008255
1,0,1,0.5482122
1,1,1,0.5884475
1,1,1,0.6977082
1,0,0,0.3470535
1,1,1,0.6450682
1,0,0,0.42149562
1,1,1,0.52182317
1,1,1,0.64355314
1,0,1,0.63847154
1,0,1,0.72331625
1,0,0,0.1273256
1,1,0,0.40486374
1,0,1,0.5816046
1,0,0,0.46296057
1,0,0,0.17727664
1,1,1,0.6205766
1,0,0,0.44644508
1,0,0,0.41490078
1,0,0,0.059375737
1,0,0,0.38628912
1,0,1,0.52588505
1,0,1,0.6720838
1,0,1,0.5385866
1,1,1,0.58473116
1,1,0,0.41688928
1,0,1,0.6649522
1,0,0,0.44020617
1,1,1,0.6715565
1,1,1,0.5955172
1,1,0,0.48140138
1,1,1,0.52041215
1,1,1,0.65977293
1,0,0,0.26062822
1,1,1,0.5012459
1,0,0,0.1509276
1,0,0,0.26753896
1,1,0,0.41316548
1,1,0,0.34135133
1,1,0,0.27369407
1,0,0,0.3104795
1,1,1,0.55255294
1,1,0,0.41253868
1,0,0,0.44210067
1,0,0,0.1988599
1,1,1,0.76273
1,1,1,0.5754778
1,1,0,0.26066256
1,0,0,0.48048094
1,1,1,0.7600824
1,1,1,0.61942226
1,0,1,0.6924172
1,1,1,0.57713526
1,0,0,0.17244354
1,0,1,0.5822389
1,1,0,0.30047798
1,0,1,0.5542116
1,1,1,0.7886203
1,1,1,0.6972007
1,1,1,0.6480576
1,0,0,0.31629264
1,1,1,0.58343923
1,1,1,0.5975777
1,1,1,0.54896146
1,1,1,0.6427597
1,0,0,0.3741595
1,0,1,0.6008541
1,0,0,0.2549206
1,0,0,0.38073242
1,0,1,0.75788546
1,0,1,0.59021163
1,1,1,0.5450587
1,0,0,0.21880539
1,1,1,0.7562533
1,1,0,0.46362934
1,1,1,0.8464153
1,0,0,0.34169224
1,0,1,0.6273483
1,1,1,0.637701
1,0,0,0.16890374
1,1,1,0.5768469
1,0,0,0.4910917
1,1,1,0.78159344
1,1,1,0.674238
1,0,0,0.102985136
1,1,1,0.6877487
1,1,1,0.5847976
1,0,0,0.3459856
1,0,0,0.488514
1,1,1,0.6774427
1,0,1,0.537157
1,0,1,0.5027845
1,0,1,0.7318892
1,1,1,0.8138289
1,1,0,0.414905
1,1,0,0.4267863
1,0,0,0.267738
1,0,1,0.53588015
1,0,0,0.27110112
1,1,1,0.61243016
1,0,1,0.5061936
1,0,0,0.37289408
1,0,0,0.07323964
1,0,0,0.2496806
1,1,1,0.6252889
1,1,1,0.64354813
1,1,0,0.2191779
1,0,0,0.33344927
1,0,0,0.341185
1,0,0,0.38352805
1,1,0,0.37217742
1,1,0,0.4163564
1,0,0,0.2540478
1,0,0,0.24571446
1,1,0,0.4859782
1,0,0,0.10604868
1,0,1,0.50537306
1,1,0,0.42390987
1,1,1,0.7984179
1,0,0,0.17015426
1,0,1,0.5068957
1,0,0,0.058136556
1,1,0,0.48696488
1,0,0,0.18920307
1,1,1,0.5451186
1,0,1,0.5757702
1,0,0,0.31393927
1,0,1,0.70003307
1,0,0,0.08311151
1,0,0,0.2165374
1,0,0,0.4757834
1,1,0,0.2749037
1,0,0,0.07911794
1,0,0,0.28358483
1,0,0,0.40774935
1,1,1,0.7220484
1,1,1,0.8028442
1,0,0,0.32714552
1,0,0,0.24976389
1,1,1,0.52576166
1,0,0,0.2715979
1,0,0,0.3130924
1,1,1,0.8174858
1,1,1,0.5989935
1,1,1,0.84554815
1,0,1,0.52272224
1,1,1,0.59696126
1,1,0,0.49540645
1,1,1,0.54416555
1,1,1,0.52773714
1,0,0,0.3500523
1,0,0,0.49028918
1,0,1,0.5579903
1,0,1,0.6002462
1,1,1,0.51505333
1,0,1,0.5209177
1,0,0,0.15622737
1,1,1,0.6697934
1,1,1,0.69371223
1,0,1,0.5205657
1,1,0,0.44441032
1,0,1,0.6291464
1,0,1,0.5333764
1,1,0,0.20151229
1,0,1,0.5495199
1,0,1,0.6048976
1,0,1,0.53758454
1,1,0,0.3121808
1,0,0,0.4843923
1,1,1,0.80819786
1,1,1,0.6993478
1,1,1,0.7531307
1,0,1,0.66391563
1,0,1,0.7103848
1,1,1,0.5178217
1,0,1,0.59203595
1,0,1,0.6739346
1,1,1,0.6555467
1,0,0,0.37663257
1,1,1,0.8643356
1,1,1,0.79279035
1,0,0,0.30634335
1,0,1,0.86134374
1,0,0,0.17726745
1,1,1,0.857389
1,0,0,0.34804842
1,1,1,0.59858495
1,0,0,0.19557746
1,1,1,0.5733516
1,0,0,0.2756171
1,1,1,0.7638537
1,0,1,0.5628961
1,1,1,0.54994094
1,1,1,0.6124934
1,0,1,0.6698299
1,1,1,0.6706291
1,0,1,0.67525613
1,1,1,0.7261572
1,0,1,0.80270064
1,0,0,0.4212045
1,1,1,0.5524721
1,1,1,0.5701647
1,0,1,0.6138847
1,0,1,0.510275
1,0,0,0.22894005
1,1,0,0.40353265
1,0,1,0.67034185
1,1,1,0.7074538
1,1,1,0.7566755
1,1,0,0.49868524
1,0,0,0.35319594
1,0,0,0.1700772
1,0,0,0.42523545
1,1,1,0.656763
1,1,1,0.71997976
1,1,0,0.46586588
1,0,0,0.3839615
1,0,1,0.59586495
1,1,1,0.76610523
1,1,1,0.66132945
1,0,1,0.6638331
1,0,1,0.5727364
1,1,1,0.53384465
1,0,1,0.65683097
1,0,0,0.4772752
1,0,1,0.77923536
1,1,0,0.48373026
1,1,0,0.4264183
1,1,0,0.25322032
1,0,0,0.45495835
1,0,0,0.47033712
1,0,0,0.19999897
1,0,0,0.49759012
1,1,0,0.42137516
1,0,0,0.39744273
1,1,0,0.34831956
1,1,1,0.7286148
1,0,0,0.35259143
1,0,0,0.3766185
1,0,0,0.25019
1,1,1,0.58984876
1,1,1,0.54282427
1,0,0,0.38858896
1,1,1,0.6760966
1,0,0,0.065033525
1,0,1,0.66328704
1,0,1,0.5200133
1,0,0,0.48516354
1,1,1,0.6635131
1,0,0,0.33255672
1,0,1,0.5028148
1,1,1,0.6305956
1,1,1,0.65063685
1,0,0,0.41841796
1,0,0,0.32238713
1,1,1,0.60370684
1,1,1,0.7486797
1,1,1,0.72291976
1,0,1,0.5337036
1,0,1,0.6341405
1,1,1,0.63645
1,0,0,0.42328167
1,0,0,0.26983386
1,1,0,0.19040161
1,0,0,0.3790022
1,1,1,0.6668808
1,0,0,0.28640753
1,1,1,0.76195157
1,1,1,0.54489666
1,0,0,0.09322153
1,0,0,0.31416857
1,0,0,0.23408495
1,0,0,0.36785537
1,1,1,0.78504556
1,1,0,0.48519176
1,0,0,0.34265226
1,0,0,0.4191353
1,0,1,0.5807611
1,1,1,0.6802186
1,1,1,0.6400463
1,1,1,0.75258654
1,0,0,0.14455482
1,0,0,0.41755193
1,0,1,0.6263123
1,1,1,0.6528231
1,0,0,0.36418125
1,0,0,0.31657445
1,0,1,0.5684031
1,1,1,0.51275533
1,1,1,0.8330112
1,1,1,0.5035778
1,1,1,0.5362164
1,0,0,0.49426073
1,0,1,0.6047533
1,0,1,0.6257794
1,1,0,0.47999847
1,1,0,0.11865341
1,0,0,0.4818591
1,0,0,0.4656251
1,1,1,0.61188036
1,1,1,0.7514487
1,0,0,0.41795474
1,1,1,0.5728215
1,1,1,0.55027753
1,1,1,0.82934064
1,0,0,0.24473211
1,0,1,0.7612431
1,0,0,0.48495123
1,0,0,0.3336973
1,0,0,0.3628188
1,1,1,0.71577406
1,1,1,0.6351707
1,0,1,0.5400956
1,1,0,0.44748956
1,1,0,0.42253324
1,1,1,0.7557049
1,0,1,0.51024866
1,1,1,0.62701815
1,0,0,0.39764473
1,0,0,0.26240963
1,0,0,0.22870775
1,0,0,0.4689403
1,1,1,0.5225867
1,1,1,0.6401538
1,0,0,0.14376065
1,1,1,0.62617373
1,1,1,0.829985
1,1,1,0.6450394
1,1,0,0.49661374
1,0,1,0.52863836
1,0,1,0.62122613
1,0,0,0.45002642
1,0,0,0.4561341
1,1,0,0.20976092
1,1,1,0.6884894
1,0,1,0.54344946
1,1,0,0.44053918
1,0,1,0.5129419
1,0,1,0.5865625
1,0,0,0.062395725
1,1,1,0.6676754
1,1,0,0.43459794
1,0,1,0.518947
1,0,1,0.5011888
1,1,1,0.50014776
1,0,1,0.72677875
1,0,1,0.8526007
1,1,1,0.6687008
1,0,1,0.6068131
1,1,1,0.7112692
1,1,1,0.5969378
1,1,0,0.4754813
1,0,1,0.551615
1,0,0,0.30123097
1,0,0,0.37179685
1,0,0,0.44574395
1,0,1,0.65175426
1,1,1,0.75471205
1,1,1,0.65835714
1,1,1,0.7666555
1,0,1,0.5393089
1,1,0,0.45289803
1,0,1,0.6532283
1,0,0,0.2830356
1,0,1,0.6050632
1,1,1,0.81790733
1,0,0,0.31760138
1,1,1,0.63029903
1,1,1,0.52776295
1,1,0,0.4803227
1,0,0,0.3129135
1,0,0,0.47375026
1,0,1,0.66573155
1,1,1,0.8012329
1,1,1,0.75512576
1,0,1,0.5725307
1,1,0,0.33625898
1,1,0,0.49753618
1,0,0,0.25698194
1,1,0,0.33069843
1,0,0,0.07900969
1,0,1,0.5669802
1,0,1,0.58968526
1,0,1,0.673414
1,1,1,0.6994981
1,1,1,0.5766488
1,1,1,0.6026676
1,1,1,0.517976
1,0,0,0.45993528
1,0,1,0.61031
1,1,1,0.57701623
1,0,0,0.4451423
1,1,1,0.5594329
1,0,1,0.66673833
1,0,1,0.5009047
1,0,1,0.60113615
1,0,1,0.77058995
1,0,1,0.66398627
1,0,1,0.5319739
1,1,1,0.6129015
1,1,1,0.6892585
1,0,0,0.34635904
1,1,0,0.48963994
1,1,1,0.5537703
1,1,1,0.7680897
1,0,1,0.6180443
1,0,1,0.5866596
1,0,1,0.57623214
1,1,1,0.8245476
1,1,1,0.67050016
1,0,1,0.77742386
1,1,0,0.42246327
1,0,1,0.7639345
1,0,0,0.085257865
1,1,1,0.75826716
1,0,1,0.5882487
1,1,0,0.14119071
1,1,0,0.3594404
1,1,1,0.6851085
1,0,0,0.15258525
1,0,0,0.14347392
1,1,1,0.57407147
1,0,0,0.23261987
1,1,0,0.49524185
1,0,1,0.5302197
1,1,1,0.89728403
1,1,1,0.6242763
1,0,1,0.5249251
1,1,1,0.6953572
1,1,1,0.78629005
1,0,0,0.20205696
1,1,1,0.5734889
1,0,0,0.37100035
1,0,0,0.107674964
1,1,1,0.67007405
1,1,1,0.69847107
1,1,1,0.56423545
1,0,1,0.58764184
1,0,1,0.7436289
1,0,0,0.42736945
1,0,0,0.38840434
1,0,0,0.48449138
1,0,0,0.4558395
1,0,0,0.0780299
1,0,1,0.7145753
1,1,1,0.747141
1,1,1,0.5947244
1,1,1,0.53166556
1,0,1,0.61073345
1,1,0,0.48957953
1,0,0,0.19296683
1,1,0,0.26864147
1,1,0,0.31164604
1,1,1,0.6937542
1,1,1,0.67191386
1,1,0,0.42902526
1,0,1,0.53211516
1,0,1,0.633299
1,1,1,0.56306773
1,0,0,0.2730984
1,0,0,0.19728859
1,0,1,0.54940933
1,0,0,0.35112023
1,1,0,0.43193942
1,1,1,0.91661006
1,1,1,0.7329454
1,1,1,0.76432455
1,0,1,0.651214
1,1,1,0.6347271
1,0,1,0.7522812
1,0,1,0.7189877
1,0,1,0.5702869
1,1,1,0.58232987
1,1,1,0.757702
1,0,1,0.6076755
1,0,1,0.64532274
1,1,1,0.7789745
1,0,1,0.8127421
1,1,1,0.5187138
1,1,1,0.66895634
1,1,1,0.6023115
1,0,0,0.3647444
1,1,1,0.59566224
1,1,1,0.67517674
1,0,1,0.6909142
1,1,0,0.49750653
1,1,1,0.9162486
1,1,0,0.37483197
1,0,1,0.63783705
1,1,0,0.4337977
1,1,1,0.6138098
1,0,1,0.72187924
1,0,0,0.25910404
1,0,1,0.7700327
1,1,1,0.6810926
1,0,1,0.7329454
1,0,0,0.35397744
1,1,1,0.62521756
1,1,1,0.64070237
1,1,1,0.666891
1,1,1,0.67886686
1,0,1,0.51438147
1,1,0,0.3698944
1,1,1,0.623368
1,1,1,0.8564031
1,1,1,0.6445324
1,1,1,0.70849407
1,0,0,0.31614414
1,0,1,0.77041024
1,1,1,0.6243203
1,0,0,0.33874366
1,1,1,0.6950646
1,0,1,0.72099274
1,0,1,0.51847184
1,0,0,0.19230258
1,0,1,0.5003675
1,1,1,0.8918635
1,1,1,0.5492363
1,0,0,0.4016858
1,0,1,0.7880323
1,0,1,0.5403057
1,1,1,0.6701743
1,0,1,0.61066425
1,1,1,0.8666182
1,0,1,0.5493461
1,1,1,0.6758231
1,0,0,0.4673637
1,1,1,0.894114
1,1,1,0.6404454
1,0,1,0.57544434
1,1,1,0.8599902
1,1,1,0.66744757
1,0,0,0.19154103
1,0,1,0.68821436
1,1,1,0.78839517
1,0,0,0.3490107
1,0,1,0.7237446
1,0,0,0.3808866
1,1,1,0.6751113
1,0,1,0.59701234
1,1,1,0.7024868
1,0,1,0.5139478
1,0,1,0.66671443
1,1,1,0.7818204
1,0,0,0.40282276
1,1,0,0.49255428
1,0,1,0.5925456
1,0,1,0.54388
1,0,1,0.5252331
1,0,0,0.37298152
1,0,0,0.46960032
1,1,0,0.46430248
1,1,1,0.72676855
1,1,1,0.6343892
1,1,1,0.72659445
1,0,0,0.39718074
1,0,0,0.01914281
1,1,1,0.69725376
1,0,1,0.5368792
1,1,0,0.124994524
1,0,1,0.61046934
1,1,0,0.42664644
1,0,1,0.6324711
1,1,1,0.86275685
1,1,1,0.55234915
1,1,1,0.62936735
1,1,1,0.5092525
1,0,0,0.30726847
1,0,1,0.5480295
1,0,0,0.24081868
1,0,0,0.31919736
1,1,1,0.7861928
1,1,1,0.51229745
1,0,0,0.26173913
1,1,1,0.543135
1,0,0,0.494313
1,0,0,0.38739696
1,1,1,0.6652813
1,0,1,0.5676939
1,0,1,0.6515486
1,0,1,0.55143416
1,1,0,0.44577897
1,1,1,0.5367665
1,0,1,0.6131443
1,1,1,0.6006693
1,1,0,0.36890572
1,0,0,0.40024656
1,1,0,0.3592881
1,0,1,0.64343107
1,0,1,0.5285092
1,0,0,0.13922271
1,1,1,0.6345916
1,0,0,0.24758498
1,0,1,0.52830106
1,1,1,0.68589365
1,0,1,0.58450675
1,0,1,0.5102773
1,0,0,0.21962567
1,1,1,0.88280106
1,1,1,0.85054225
1,0,0,0.47630593
1,1,0,0.46549526
1,0,1,0.67923206
1,0,1,0.5186104
1,0,1,0.70610094
1,1,1,0.73109293
1,0,1,0.79020697
1,0,1,0.62825257
1,1,0,0.40911648
1,0,0,0.4630479
1,0,0,0.065197885
1,1,1,0.6594699
1,1,1,0.5904786
1,0,0,0.19693309
1,0,1,0.54389775
1,0,0,0.29535133
1,1,1,0.53502685
1,1,0,0.42353585
1,0,0,0.28617573
1,1,0,0.49822947
1,0,0,0.46257496
1,0,1,0.5788159
1,1,1,0.8509081
1,1,1,0.7571716
1,1,1,0.55540514
1,0,0,0.4244075
1,1,1,0.7542401
1,1,0,0.4929387
1,1,1,0.665371
1,0,0,0.32710296
1,0,0,0.2318539
1,1,1,0.57962126
1,1,1,0.6433894
1,0,0,0.42776278
1,0,0,0.105036855
1,0,0,0.25657275
1,1,1,0.61498356
1,1,0,0.42963856
1,0,0,0.22825883
1,1,1,0.73684984
1,0,0,0.19031936
1,1,0,0.32908088
1,0,0,0.30320412
1,0,0,0.45578083
1,0,1,0.5501277
1,0,0,0.31433302
1,0,0,0.38729352
1,1,1,0.7282698
1,1,1,0.7025295
1,1,0,0.20411023
1,0,1,0.6161885
1,1,0,0.25481066
1,0,1,0.6557285
1,0,1,0.62596256
1,0,0,0.31019986
1,1,1,0.5884233
1,1,0,0.3448306
1,0,0,0.3182979
1,0,0,0.34880418
1,0,0,0.18311223
1,1,1,0.86851335
1,0,1,0.6219086
1,0,1,0.50885403
1,0,0,0.40177986
1,1,1,0.81330216
1,0,1,0.60705346
1,0,0,0.18899983
1,0,1,0.62123644
1,0,1,0.599557
1,1,0,0.4294742
1,1,1,0.683901
1,1,1,0.5662092
1,1,1,0.60913426
1,1,0,0.28159797
1,1,1,0.8177547
1,1,1,0.5416498
1,0,1,0.54378027
1,0,0,0.40561587
1,0,0,0.32944542
1,1,1,0.56044227
1,1,1,0.699841
1,0,1,0.61473274
1,0,1,0.5523782
1,1,1,0.85710245
1,1,1,0.75825787
1,0,0,0.34489667
1,0,0,0.43551406
1,0,0,0.46015662
1,1,1,0.59282583
1,0,1,0.73441166
1,1,1,0.7330905
1,0,0,0.2983582
1,1,1,0.7031488
1,1,1,0.80060333
1,1,1,0.70132166
1,0,0,0.11932848
1,0,1,0.614849
1,0,0,0.28029022
1,1,1,0.8573702
1,0,0,0.28663173
1,1,1,0.53816193
1,0,0,0.36280337
1,0,1,0.6115167
1,1,1,0.5383222
1,0,0,0.46758634
1,1,0,0.3094494
1,0,1,0.5892819
1,0,0,0.17608811
1,0,0,0.22262971
1,0,1,0.51281184
1,0,0,0.46898213
1,1,1,0.58932555
1,1,0,0.3443697
1,0,0,0.42085853
1,1,0,0.25131962
1,1,1,0.5141688
1,0,0,0.12445473
1,1,1,0.8701929
1,1,1,0.6974353
1,0,0,0.14168368
1,1,1,0.57178533
1,0,0,0.2938096
1,1,1,0.5991915
1,0,1,0.5672175
1,0,0,0.15848319
1,0,0,0.3535347
1,0,0,0.43030128
1,0,0,0.2663272
1,0,0,0.102137156
1,1,1,0.64142007
1,1,1,0.76074797
1,0,0,0.3420056
1,1,1,0.7776465
1,1,1,0.6383386
1,1,1,0.75853664
1,1,1,0.76950866
1,0,1,0.5517219
1,1,0,0.39996275
1,1,0,0.46143115
1,0,0,0.20221573
1,0,1,0.54123724
1,1,1,0.55886614
1,0,0,0.499325
1,1,0,0.49751478
1,0,1,0.5528862
1,0,0,0.36606315
1,0,1,0.6360039
1,0,1,0.71944666
1,1,1,0.74574584
1,1,1,0.7656157
1,0,0,0.23419808
1,1,1,0.6242403
1,0,1,0.63146573
1,1,1,0.6472167
1,0,0,0.44845557
1,1,0,0.44709367
1,0,1,0.5615798
1,1,1,0.6652526
1,1,1,0.67365134
1,1,1,0.546253
1,1,1,0.80512816
1,0,1,0.53645766
1,0,0,0.25674412
1,1,1,0.7029141
1,0,0,0.41811565
1,1,1,0.6170673
1,0,1,0.5551251
1,1,1,0.7619806
1,1,1,0.7372087
1,0,1,0.6983492
1,1,1,0.74260587
1,1,1,0.5898861
1,0,0,0.39221203
1,0,1,0.54918724
1,0,0,0.49321443
1,1,1,0.58967406
1,1,1,0.6197225
1,0,0,0.35484865
1,1,1,0.67582065
1,0,1,0.5264806
1,1,0,0.4217269
1,1,1,0.5280958
1,0,1,0.5634508
1,0,1,0.6788707
1,1,0,0.26131448
1,0,0,0.1899348
1,0,1,0.6609449
1,0,0,0.34199414
1,1,1,0.78692824
1,0,0,0.38214773
1,1,1,0.68905824
1,1,1,0.51297635
1,0,1,0.7333129
1,1,1,0.55134
1,0,0,0.4344205
1,1,1,0.6209351
1,0,0,0.34721473
1,0,0,0.3828705
1,0,0,0.2577771
1,1,1,0.50444645
1,1,1,0.68871135
1,1,1,0.60289776
1,1,1,0.6698964
1,1,1,0.7503918
1,0,0,0.18924023
1,1,1,0.6429606
1,0,0,0.115716524
1,1,1,0.5958734
1,0,0,0.30845195
1,0,0,0.47577986
1,1,1,0.56510746
1,0,0,0.26105514
1,0,0,0.29087365
1,1,1,0.79062986
1,0,0,0.48657995
1,0,0,0.45146197
1,1,1,0.6415986
1,1,1,0.5253787
1,1,1,0.5614543
1,0,0,0.4971117
1,1,0,0.13668647
1,0,0,0.14978962
1,0,0,0.45896292
1,0,0,0.3118134
1,0,0,0.2625041
1,1,0,0.46945977
1,0,1,0.5633126
1,1,1,0.5568611
1,0,0,0.210947
1,1,1,0.6620653
1,1,0,0.46677476
1,0,0,0.13591306
1,1,0,0.47910002
1,0,0,0.49031523
1,0,1,0.5834567
1,0,1,0.65237844
1,1,1,0.82392114
1,0,0,0.44584712
1,0,0,0.47537783
1,1,1,0.71203667
1,1,0,0.36662084
1,1,1,0.70215756
1,0,1,0.7805575
1,1,1,0.74920005
1,0,0,0.38030672
1,0,0,0.44092536
1,1,0,0.35599655
1,0,0,0.277408
1,1,1,0.6971442
1,0,0,0.19957851
1,1,1,0.6258507
1,0,1,0.6184131
1,0,0,0.34953138
1,1,1,0.67654026
1,0,1,0.52667236
1,1,1,0.64290017
1,1,1,0.68257666
1,0,1,0.56715715
1,1,0,0.3411745
1,1,1,0.58811414
1,1,1,0.5588772
1,1,0,0.4014302
1,0,0,0.393824
1,0,0,0.37786722
1,0,1,0.57821774
1,0,0,0.23866351
1,0,1,0.6269509
1,1,1,0.7169793
1,1,1,0.5218381
1,0,1,0.79255146
1,1,1,0.7367687
1,0,0,0.17670159
1,1,1,0.8265643
1,0,0,0.39873055
1,1,0,0.35158813
1,0,0,0.10208076
1,0,0,0.36892793
1,1,0,0.37747982
1,0,0,0.3627256
1,1,1,0.64675117
1,0,0,0.48447338
1,0,0,0.2256173
1,1,1,0.88080955
1,1,1,0.82558143
1,0,1,0.56279474
1,1,0,0.41816607
1,1,0,0.4690034
1,0,1,0.65766585
1,0,0,0.23027249
1,0,0,0.2054723
1,1,0,0.4404697
1,1,1,0.55731654
1,0,1,0.7625522
1,0,0,0.05689072
1,0,0,0.116877615
1,0,1,0.62792754
1,1,0,0.46076426
1,0,0,0.18104662
1,1,0,0.25597417
1,0,0,0.22894497
1,0,0,0.26078203
1,1,0,0.4924351
1,0,1,0.52575004
1,1,0,0.37018552
1,0,0,0.2705724
1,0,0,0.47723314
1,1,0,0.29350182
1,0,0,0.1726358
1,0,0,0.24618366
1,1,0,0.40384156
1,0,0,0.3524761
1,0,0,0.24125849
1,0,0,0.24305129
1,1,0,0.38322166
1,0,0,0.4723382
1,0,0,0.21037482
1,0,1,0.5833215
1,0,0,0.4214565
1,1,1,0.5706785
1,0,1,0.53195095
1,1,0,0.44307765
1,1,1,0.5718235
1,0,0,0.47189587
1,1,1,0.68700236
1,1,1,0.6970756
1,0,1,0.7659479
1,1,0,0.33966804
1,1,1,0.79452366
1,1,1,0.50055015
1,1,1,0.69401836
1,0,0,0.41137794
1,1,1,0.6798134
1,0,1,0.547467
1,0,1,0.552266
1,1,0,0.39489725
1,1,1,0.5650654
1,0,0,0.49203882
1,0,0,0.26328796
1,0,0,0.2384661
1,0,1,0.5779485
1,0,1,0.53104603
1,0,0,0.48749322
1,1,1,0.8138467
1,1,1,0.5753638
1,0,0,0.38117522
1,1,0,0.44026706
1,1,0,0.49224627
1,0,1,0.6294401
1,0,0,0.49378905
1,0,0,0.37337205
1,0,1,0.5053776
1,1,1,0.84943867
1,0,0,0.385875
1,0,0,0.19448023
1,0,1,0.726564
1,1,1,0.83261794
1,0,0,0.3775287
1,1,0,0.35764483
1,0,1,0.5152287
1,1,1,0.5596309
1,1,1,0.6365928
1,0,1,0.59341484
1,0,0,0.3248956
1,1,1,0.90103203
1,1,1,0.55596894
1,1,1,0.6646771
1,0,1,0.5635243
1,0,1,0.884122
1,0,0,0.4644428
1,1,1,0.51333934
1,1,1,0.6196944
1,1,1,0.7505645
1,0,0,0.27268472
1,1,1,0.77300406
1,1,1,0.66705835
1,1,0,0.4633726
1,1,1,0.747798
1,0,1,0.8105018
1,0,0,0.17305116
1,1,1,0.7702416
1,0,0,0.4449421
1,0,1,0.5481769
1,0,0,0.24723496
1,1,0,0.2777321
1,1,1,0.6895662
1,0,0,0.43822837
1,0,0,0.11669627
1,0,1,0.52469575
1,0,1,0.6950014
1,1,1,0.66628945
1,1,0,0.3046441
1,0,1,0.5661123
1,0,0,0.43403855
1,1,1,0.72190183
1,0,1,0.6094155
1,0,0,0.4710641
1,0,0,0.24256513
1,1,0,0.4543249
1,0,0,0.31300178
1,1,0,0.407877
1,0,0,0.22894497
1,0,0,0.26078203
1,1,0,0.40236267
1,1,0,0.38034895
1,1,1,0.62892354
1,0,0,0.2561633
1,0,0,0.17619371
1,1,1,0.55012804
1,1,1,0.7915247
1,0,1,0.70015436
1,0,0,0.28162214
1,0,0,0.44456336
1,1,1,0.62086886
1,0,1,0.5269151
1,0,1,0.5793087
1,0,0,0.46275368
1,1,1,0.7192241
1,1,1,0.750001
1,0,1,0.56362504
1,1,1,0.74328226
1,0,0,0.092308015
1,0,0,0.3916855
1,1,1,0.5116804
1,0,0,0.40033236
1,0,0,0.46670896
1,0,0,0.40870014
1,0,0,0.19988282
1,0,1,0.5664052
1,1,0,0.42738
1,1,1,0.62376726
1,1,1,0.53384477
1,0,1,0.6373401
1,0,1,0.8244424
1,1,1,0.58496237
1,1,1,0.7911768
1,1,0,0.4396954
1,1,0,0.3972649
1,1,1,0.57609385
1,0,0,0.40046936
1,0,0,0.40199992
1,0,0,0.15228687
1,0,0,0.44218382
1,0,0,0.39354387
1,1,0,0.097602576
1,0,0,0.26771832
1,1,1,0.7428819
1,0,0,0.43940535
1,0,0,0.18431133
1,1,1,0.6425621
1,0,0,0.09811976
1,0,0,0.27769852
1,0,0,0.2854622
1,0,0,0.4190817
1,1,0,0.471182
1,1,0,0.49308786
1,1,0,0.35695478
1,1,0,0.46004725
1,0,0,0.11245818
1,1,1,0.882822
1,0,1,0.56644475
1,1,1,0.6933843
1,1,1,0.6649888
1,1,1,0.65010273
1,0,1,0.6627822
1,1,1,0.7200964
1,0,0,0.49088526
1,1,1,0.7557295
1,1,1,0.85367763
1,0,1,0.7221183
1,1,1,0.55907965
1,0,1,0.59796524
1,0,0,0.27549013
1,1,1,0.70711446
1,0,1,0.5928883
1,1,1,0.5235958
1,1,1,0.5602503
1,0,1,0.6001424
1,1,1,0.6292954
1,1,1,0.6796062
1,0,0,0.3068068
1,0,0,0.4608204
1,0,0,0.42895377
1,1,1,0.800416
1,1,1,0.7295181
1,1,1,0.6165778
1,1,1,0.84226584
1,0,1,0.6566828
1,0,0,0.11485778
1,0,1,0.66067743
1,0,0,0.3437802
1,0,0,0.36904463
1,1,0,0.49819177
1,0,0,0.32750553
1,0,0,0.36997253
1,0,1,0.6857631
1,1,1,0.71348464
1,1,1,0.59965914
1,0,1,0.7018379
1,1,0,0.19368964
1,0,0,0.30373406
1,0,0,0.15980023
1,0,0,0.1418937
1,0,0,0.21718788
1,1,1,0.7368873
1,1,0,0.49732813
1,0,0,0.3041561
1,1,0,0.37993333
1,1,0,0.38158205
1,0,0,0.30634707
1,0,0,0.33341074
1,0,1,0.5964182
1,0,0,0.33643872
1,0,1,0.7456698
1,1,1,0.64345545
1,0,0,0.35577914
1,0,1,0.5620008
1,0,1,0.64187175
1,1,1,0.6880841
1,1,0,0.16096273
1,0,0,0.3033254
1,0,1,0.58869904
1,1,0,0.31540912
1,0,0,0.34005225
1,1,0,0.4119161
1,1,1,0.5309521
1,1,0,0.4855212
1,0,0,0.25495902
1,1,0,0.48216552
1,1,1,0.5913817
1,0,1,0.70593154
1,0,0,0.25012484
1,0,0,0.44153786
1,0,0,0.3234395
1,0,0,0.1473232
1,0,1,0.5941843
1,1,1,0.6544498
1,0,0,0.23052834
1,0,0,0.27049226
1,1,1,0.81364393
1,0,0,0.10739903
1,0,0,0.36162862
1,0,0,0.101948224
1,1,1,0.575073
1,1,0,0.46552035
1,0,0,0.39122018
1,1,1,0.57141906
1,1,0,0.41883683
1,1,1,0.54845166
1,1,1,0.541245
1,0,0,0.2855797
1,0,0,0.12170413
1,1,0,0.28407502
1,1,1,0.78918284
1,1,0,0.48330483
1,0,1,0.6414112
1,0,0,0.24280973
1,1,1,0.725153
1,1,0,0.40639356
1,1,1,0.7335945
1,1,1,0.61292946
1,1,1,0.81656975
1,0,0,0.43274724
1,0,1,0.73667926
1,0,1,0.5737778
1,1,0,0.4607642
1,0,1,0.76087505
1,1,0,0.47501576
1,1,0,0.34086248
1,1,1,0.65650666
1,1,0,0.46679667
1,0,0,0.3846009
1,0,0,0.40782157
1,0,0,0.25715992
1,1,0,0.2530712
1,0,0,0.13595578
1,1,1,0.5676383
1,1,1,0.5824162
1,0,0,0.25450358
1,0,1,0.5765333
1,0,0,0.41000128
1,0,0,0.43576577
1,1,1,0.82653606
1,1,1,0.5977
1,1,1,0.63470316
1,1,0,0.41898686
1,0,0,0.37346852
1,0,0,0.49226347
1,1,1,0.6887717
1,0,1,0.6979245
1,1,0,0.28396913
1,0,0,0.49992535
1,1,1,0.6610091
1,0,0,0.44357198
1,0,0,0.4828577
1,0,0,0.35326484
1,0,0,0.32514074
1,0,0,0.09682193
1,1,1,0.7265937
1,1,1,0.6235231
1,1,0,0.18027027
1,0,0,0.35934958
1,1,0,0.17615229
1,1,0,0.3100176
1,1,0,0.49389493
1,1,1,0.64895886
1,0,0,0.45584074
1,1,1,0.6222365
1,0,0,0.25681627
1,0,0,0.07715719
1,1,0,0.30373618
1,0,0,0.13932182
1,0,0,0.08754932
1,0,0,0.05019872
1,0,0,0.37766567
1,0,0,0.2789403
1,1,0,0.35177132
1,0,0,0.17129605
1,1,1,0.72760403
1,0,0,0.23116675
1,0,1,0.6331937
1,1,0,0.22676525
1,1,1,0.8369241
1,0,0,0.49828112
1,0,0,0.34304014
1,1,1,0.69311404
1,1,0,0.4408819
1,0,0,0.08798298
1,0,1,0.5260776
1,1,0,0.28871217
1,1,1,0.776188
1,0,0,0.13743162
1,0,0,0.10966238
1,0,0,0.4422177
1,0,0,0.3226571
1,1,1,0.6391632
1,0,0,0.41368994
1,1,1,0.5390415
1,1,1,0.53751683
1,0,0,0.33950326
1,1,0,0.24278313
1,0,1,0.78863543
1,0,0,0.06646368
1,0,1,0.57500845
1,0,0,0.4041534
1,0,1,0.5376588
1,1,0,0.48532313
1,1,0,0.4896028
1,0,0,0.06266453
1,1,1,0.57960945
1,1,0,0.23271161
1,0,1,0.5578933
1,0,1,0.52232635
1,1,1,0.5180845
1,0,0,0.08972575
1,1,1,0.67973155
1,1,1,0.65146667
1,0,1,0.5087186
1,1,1,0.61661583
1,1,1,0.6940306
1,0,0,0.3286646
1,1,1,0.6598967
1,0,0,0.08412266
1,0,0,0.4838757
1,0,0,0.31938946
1,1,1,0.5650104
1,1,1,0.5505303
1,1,1,0.78966624
1,1,1,0.685837
1,0,1,0.52927697
1,0,1,0.84521353
1,1,1,0.7936505
1,0,1,0.6071566
1,0,1,0.73080724
1,1,1,0.7826357
1,0,1,0.76106954
1,0,1,0.6606249
1,1,1,0.7158229
1,0,1,0.7865629
1,1,1,0.60459447
1,0,0,0.3882724
1,1,1,0.577877
1,1,1,0.744833
1,0,0,0.46990454
1,1,0,0.3035307
1,0,0,0.26565075
1,1,0,0.15586662
1,1,0,0.4249019
1,0,1,0.6278688
1,0,1,0.64131135
1,0,1,0.7059676
1,1,1,0.77264833
1,1,1,0.5836353
1,0,0,0.42552397
1,0,0,0.40804002
1,1,0,0.27347893
1,0,0,0.31717533
1,0,0,0.45329654
1,0,0,0.31739098
1,1,1,0.67183715
1,0,0,0.46733734
1,1,0,0.34404248
1,0,0,0.49150977
1,1,0,0.4976105
1,0,0,0.486307
1,0,0,0.15246917
1,1,1,0.7091721
1,0,1,0.78291756
1,0,1,0.51109123
1,1,0,0.46988788
1,0,1,0.57172257
1,1,1,0.72277266
1,0,0,0.4851242
1,0,1,0.525748
1,1,1,0.6715205
1,0,1,0.55727196
1,1,0,0.4405902
1,1,1,0.62689775
1,1,1,0.6484779
1,1,1,0.7227636
1,1,1,0.5147166
1,0,0,0.4686635
1,0,0,0.22054663
1,1,1,0.5006132
1,1,0,0.3753222
1,1,1,0.6260506
1,1,1,0.51578945
1,1,1,0.5528344
1,1,1,0.6300556
1,0,1,0.62237877
1,0,1,0.90829307
1,1,0,0.26330507
1,1,1,0.6527533
1,1,0,0.3887989
1,1,0,0.47152147
1,1,1,0.51062447
1,0,0,0.36591354
1,0,0,0.41921523
1,0,0,0.22703253
1,1,1,0.8401348
1,1,1,0.6020797
1,1,1,0.7511584
1,1,1,0.7173964
1,1,1,0.57813364
1,0,0,0.31457913
1,0,1,0.71825093
1,0,1,0.5095356
1,0,0,0.45753118
1,0,0,0.27512056
1,0,1,0.5839717
1,1,1,0.5097541
1,1,1,0.8829242
1,1,1,0.6667854
1,0,0,0.2613717
1,1,1,0.5339692
1,0,0,0.15143616
1,1,1,0.67623806
1,1,0,0.49407518
1,0,0,0.20721285
1,0,0,0.08118845
1,1,1,0.5301918
1,0,0,0.11351221
1,0,0,0.3085228
1,0,1,0.5141962
1,1,1,0.77665764
1,1,0,0.35106993
1,0,0,0.3284106
1,1,1,0.50166506
1,0,0,0.078263514
1,0,1,0.62691194
1,0,1,0.5070976
1,0,0,0.21566825
1,0,1,0.7863805
1,1,1,0.6700165
1,0,0,0.4289603
1,0,1,0.6614885
1,0,1,0.55852675
1,1,1,0.6159973
1,1,1,0.5619402
1,1,1,0.7294354
1,1,1,0.7584484
1,1,1,0.8200448
1,0,1,0.6952292
1,0,1,0.5806108
1,1,1,0.6543883
1,1,1,0.88554186
1,0,1,0.63042873
1,1,1,0.5795585
1,1,0,0.4942136
1,1,1,0.68221074
1,0,1,0.7830172
1,1,1,0.60773
1,0,1,0.743989
1,1,1,0.63044965
1,0,0,0.46912017
1,0,0,0.49616086
1,0,1,0.77590674
1,0,0,0.19745257
1,0,1,0.68195665
1,1,1,0.8112085
1,0,1,0.7768096
1,0,1,0.52709746
1,1,1,0.71130717
1,0,0,0.3460123
1,1,1,0.5765056
1,0,1,0.53736466
1,1,1,0.537325
1,1,1,0.75056094
1,0,0,0.48276633
1,1,1,0.69933826
1,1,1,0.6427614
1,1,1,0.60163313
1,0,0,0.22768803
1,0,1,0.6848596
1,1,1,0.70797807
1,0,1,0.63110924
1,1,1,0.71058685
1,1,0,0.29057208
1,1,1,0.54849255
1,1,1,0.6644849
1,0,0,0.08026392
1,0,0,0.14821905
1,1,0,0.45675346
1,0,1,0.55771893
1,0,0,0.4671965
1,0,0,0.18491958
1,1,1,0.934015
1,0,0,0.3654209
1,1,1,0.8263881
1,1,1,0.75648195
1,1,1,0.67497903
1,0,1,0.5138308
1,0,0,0.4807882
1,0,0,0.20731707
1,0,0,0.13080896
1,0,1,0.6549969
1,1,1,0.78348285
1,0,1,0.756904
1,1,1,0.78651816
1,0,0,0.33806095
1,0,0,0.2118495
1,0,0,0.27420458
1,0,1,0.6317182
1,0,1,0.60178584
1,1,1,0.6435171
1,1,1,0.5195346
1,1,1,0.63461876
1,1,1,0.6826994
1,0,0,0.3217339
1,0,1,0.68590796
1,0,0,0.2541154
1,1,0,0.3631108
1,1,1,0.7954395
1,0,0,0.3467176
1,1,1,0.67561483
1,0,1,0.5700345
1,1,1,0.5385885
1,0,1,0.6364054
1,1,1,0.61306405
1,0,1,0.6232036
1,0,1,0.58824354
1,1,1,0.6274463
1,1,1,0.9030388
1,1,1,0.64223623
1,1,1,0.6188397
1,1,0,0.30364075
1,1,1,0.53190553
1,0,1,0.66377026
1,0,0,0.24470176
1,1,1,0.8028931
1,0,0,0.22801548
1,0,1,0.6218381
1,0,1,0.7073474
1,1,1,0.7903815
1,0,1,0.7733962
1,0,0,0.44713655
1,1,0,0.17080365
1,1,1,0.5323376
1,0,0,0.22805065
1,1,1,0.56357527
1,1,1,0.8730206
1,0,1,0.6305532
1,0,1,0.5216814
1,0,1,0.5732327
1,0,0,0.11868657
1,0,1,0.56254065
1,1,0,0.46659702
1,1,1,0.59818643
1,0,0,0.29617402
1,1,0,0.38540915
1,1,1,0.5957792
1,1,1,0.7657545
1,0,1,0.67419714
1,0,0,0.27235854
1,0,1,0.7656323
1,1,1,0.88631254
1,0,1,0.6860812
1,0,1,0.75583404
1,0,0,0.27403083
1,0,1,0.52107966
1,1,1,0.61481065
1,1,1,0.8005442
1,1,1,0.6099613
1,0,1,0.6086741
1,0,0,0.43262655
1,1,1,0.8731232
1,1,1,0.61155355
1,1,0,0.20116352
1,1,1,0.62357825
1,0,1,0.5099914
1,1,1,0.75531226
1,0,1,0.59190255
1,0,0,0.42441142
1,0,0,0.17819615
1,1,0,0.19977388
1,1,1,0.80689454
1,0,0,0.44895825
1,0,0,0.041935224
1,1,1,0.5917655
1,0,0,0.26800442
1,1,1,0.57988864
1,0,1,0.67369616
1,1,1,0.65973073
1,0,0,0.28295526
1,1,1,0.8306248
1,1,0,0.3618003
1,1,0,0.3223326
1,0,0,0.047424674
1,1,0,0.42266303
1,0,0,0.37211397
1,1,1,0.5142323
1,0,0,0.11663209
1,0,0,0.2655217
1,1,0,0.47188652
1,0,0,0.28185982
1,0,0,0.2768009
1,0,0,0.14787391
1,0,0,0.4777103
1,0,0,0.40294763
1,1,0,0.3488278
1,0,0,0.09210735
1,1,1,0.75389415
1,1,1,0.6483663
1,1,1,0.5159982
1,0,0,0.41020355
1,0,0,0.47126478
1,1,1,0.60573184
1,1,1,0.50013804
1,1,1,0.607081
1,0,1,0.6602235
1,1,0,0.48357117
1,0,0,0.49488285
1,0,1,0.62841827
1,0,1,0.6820307
1,0,1,0.61541
1,1,1,0.77736056
1,0,1,0.540037
1,0,1,0.5155847
1,0,0,0.22079249
1,0,0,0.42233095
1,1,1,0.586413
1,1,1,0.7508153
1,0,0,0.31958857
1,1,0,0.23305313
1,0,0,0.21388127
1,1,1,0.7690991
1,0,0,0.26532045
1,1,0,0.2199949
1,0,1,0.62140316
1,1,0,0.46855325
1,0,0,0.34629622
1,1,0,0.37661856
1,0,0,0.23271404
1,0,0,0.18982562
1,0,0,0.4590484
1,1,0,0.23822989
1,1,1,0.6441427
1,0,0,0.29696834
1,1,1,0.7006542
1,1,0,0.4718005
1,1,1,0.7184942
1,1,0,0.3005291
1,0,0,0.4024542
1,0,1,0.5658634
1,1,1,0.6630162
1,0,0,0.3166371
1,0,0,0.275149
1,1,1,0.60329896
1,0,1,0.58431566
1,1,0,0.37571797
1,0,0,0.44051188
1,0,0,0.19086118
1,1,1,0.66457886
1,0,0,0.28861818
1,1,0,0.48685578
1,1,1,0.53778994
1,0,0,0.18497367
1,1,0,0.34606543
1,0,1,0.5134319
1,1,0,0.482028
1,1,1,0.56814337
1,1,1,0.7752991
1,0,1,0.67803216
1,0,1,0.67132175
1,0,1,0.8407595
1,1,0,0.22061662
1,0,0,0.47426888
1,1,0,0.2062333
1,0,0,0.44575688
1,1,1,0.5875828
1,0,0,0.09366825
1,1,1,0.5965919
1,1,0,0.18347302
1,0,0,0.08181676
1,1,1,0.5005907
1,0,0,0.10577878
1,0,1,0.5669184
1,0,0,0.15963115
1,0,1,0.5494827
1,1,0,0.3711597
1,0,0,0.11665604
1,0,0,0.43688187
1,1,0,0.29743934
1,0,1,0.66392183
1,1,0,0.4029551
1,0,1,0.5337365
1,1,0,0.10847172
1,0,0,0.13971792
1,0,1,0.5667323
1,1,0,0.39082962
1,0,0,0.47049212
1,0,0,0.43907404
1,0,0,0.42066875
1,1,0,0.32531446
1,0,1,0.60537
1,0,1,0.6777589
1,0,0,0.24190712
1,1,1,0.6452077
1,0,0,0.22421278
1,0,0,0.31350368
1,1,0,0.27148178
1,1,0,0.14407931
1,1,1,0.5387997
1,0,0,0.3033588
1,0,0,0.40004614
1,1,1,0.59944415
1,1,1,0.8104206
1,0,0,0.3789896
1,0,1,0.5081423
1,0,0,0.48872885
1,1,1,0.5188858
1,0,0,0.25888386
1,0,0,0.30417076
1,1,1,0.52538615
1,1,1,0.69973195
1,0,1,0.64031214
1,0,0,0.24690035
1,1,1,0.65612996
1,1,1,0.9288458
1,1,0,0.45354474
1,1,1,0.83450055
1,1,0,0.3769459
1,1,1,0.768803
1,1,1,0.5630258
1,0,0,0.20820901
1,1,0,0.47668338
1,0,1,0.71676344
1,0,0,0.35285953
1,1,1,0.6820742
1,1,1,0.5476485
1,0,0,0.26264727
1,0,0,0.31484082
1,0,0,0.23820591
1,0,0,0.31231654
1,0,0,0.46105033
1,0,1,0.50994945
1,0,0,0.30640247
1,1,0,0.3747747
1,1,0,0.39988807
1,0,0,0.1083002
1,1,1,0.74967384
1,1,0,0.3877155
1,0,0,0.18933044
1,0,0,0.34587234
1,1,1,0.7361873
1,0,0,0.11137936
1,1,0,0.27204627
1,0,1,0.7721168
1,0,0,0.42167068
1,0,0,0.34822026
1,1,1,0.87298155
1,0,0,0.4598432
1,0,0,0.47713533
1,0,0,0.45260146
1,0,0,0.25246993
1,0,1,0.515315
1,1,0,0.46837887
1,0,0,0.44889408
1,1,0,0.49707538
1,1,1,0.71645135
1,1,1,0.7475993
1,0,0,0.15711541
1,0,0,0.45868877
1,0,1,0.7543552
1,1,1,0.68024075
1,0,1,0.6423273
1,1,1,0.58491874
1,1,1,0.68612754
1,1,1,0.50782806
1,1,1,0.7290044
1,1,0,0.42755958
1,0,0,0.43306583
1,0,1,0.67323744
1,0,0,0.291518
1,1,1,0.62154114
1,1,1,0.8696583
1,0,0,0.4970235
1,1,1,0.67559886
1,1,1,0.65657496
1,0,0,0.3678759
1,1,1,0.8206692
1,0,0,0.34937912
1,1,1,0.689099
1,0,1,0.61856806
1,1,1,0.6691461
1,1,1,0.6080713
1,1,1,0.57202154
1,1,1,0.61466223
1,0,0,0.4875157
1,1,0,0.40882918
1,0,1,0.6413651
1,0,0,0.371654
1,0,1,0.74902296
1,1,1,0.63531846
1,0,0,0.3153198
1,0,0,0.25611302
1,0,0,0.46368963
1,1,1,0.5473352
1,1,1,0.63610363
1,1,0,0.19415228
1,1,1,0.68266463
1,0,0,0.06769015
1,0,0,0.25919083
1,0,0,0.25277644
1,1,1,0.7042382
1,1,1,0.5884929
1,0,1,0.5151876
1,0,0,0.38477224
1,1,0,0.4770393
1,1,1,0.5413355
1,0,1,0.5297485
1,0,0,0.43749037
1,1,0,0.18333691
1,0,0,0.48872486
1,1,0,0.29920724
1,0,0,0.40477964
1,0,0,0.46573132
1,1,1,0.605538
1,0,0,0.095309086
1,0,1,0.50667596
1,0,0,0.36403665
1,1,1,0.88066435
1,1,0,0.348388
1,0,1,0.7306291
1,1,1,0.62808
1,0,0,0.32996872
1,0,1,0.6004702
1,0,0,0.17077762
1,0,1,0.64141524
1,1,0,0.4825882
1,1,1,0.7280151
1,0,0,0.4525832
1,0,0,0.4735391
1,1,0,0.117313795
1,0,0,0.30759552
1,0,0,0.22145647
1,0,0,0.23625585
1,1,1,0.8693063
1,0,0,0.22755453
1,0,0,0.3539683
1,1,0,0.33833396
1,1,1,0.5674583
1,1,1,0.9031706
1,0,1,0.51134586
1,0,0,0.47404987
1,0,1,0.55236155
1,1,1,0.5755555
1,0,0,0.3333702
1,1,1,0.5892315
1,1,1,0.5666425
1,0,0,0.46225765
1,1,1,0.56170905
1,1,1,0.702471
1,1,1,0.5673696
1,0,0,0.28999427
1,0,0,0.29013017
1,0,0,0.48225284
1,1,1,0.5525414
1,0,1,0.6808018
1,1,1,0.6778761
1,1,1,0.55756575
1,0,0,0.43583003
1,0,1,0.6351572
1,1,0,0.47006404
1,0,1,0.524712
1,0,1,0.52678555
1,1,1,0.8694468
1,0,1,0.62533504
1,0,0,0.34250772
1,0,1,0.58165884
1,0,0,0.43665192
1,1,1,0.7750718
1,1,1,0.7603239
1,1,0,0.4282066
1,1,1,0.82260966
1,1,1,0.57038325
1,0,0,0.24815089
1,1,1,0.77783966
1,1,1,0.6582506
1,0,0,0.2195133
1,0,1,0.687822
1,0,1,0.5721321
1,0,1,0.52656204
1,0,0,0.26014224
1,0,0,0.044240303
1,1,1,0.5530634
1,1,1,0.71417606
1,1,1,0.78728676
1,1,1,0.6648794
1,0,0,0.34320056
1,1,1,0.6756254
1,0,1,0.58402395
1,0,0,0.47401318
1,0,1,0.59971565
1,1,1,0.56284034
1,1,1,0.63884455
1,0,0,0.42642245
1,1,1,0.79202086
1,1,1,0.59413826
1,0,1,0.7289251
1,0,1,0.51063544
1,0,0,0.33744565
1,0,1,0.552745
1,0,1,0.64266473
1,1,1,0.866569
1,1,1,0.5477651
1,1,1,0.58895767
1,1,1,0.61325455
1,0,1,0.656788
1,0,1,0.5995073
1,0,0,0.38470656
1,0,1,0.5253383
1,0,1,0.57849413
1,0,1,0.51185
1,1,1,0.52294326
1,0,0,0.45589098
1,0,1,0.7756365
1,1,1,0.5653181
1,1,1,0.5439626
1,1,1,0.56439304
1,0,0,0.43087325
1,1,1,0.64308846
1,1,1,0.6461178
1,0,1,0.61294204
1,0,0,0.23742843
1,0,0,0.37214822
1,0,1,0.6260778
1,1,1,0.71564853
1,1,1,0.6650663
1,0,0,0.1626306
1,1,1,0.62992626
1,1,1,0.59755516
1,0,0,0.15937181
1,1,0,0.3898811
1,1,0,0.44953716
1,1,0,0.49533954
1,0,0,0.31463343
1,0,1,0.5452128
1,0,0,0.104128964
1,1,1,0.7001408
1,1,0,0.4060436
1,0,1,0.62774324
1,0,1,0.6894398
1,0,1,0.7717344
1,0,0,0.20898043
1,1,1,0.80667555
1,0,0,0.39489013
1,1,1,0.7231303
1,1,1,0.5713264
1,0,0,0.2930601
1,1,1,0.6188886
1,0,0,0.35224554
1,0,0,0.28914544
1,0,0,0.17230321
1,0,1,0.81192434
1,0,1,0.60442275
1,1,1,0.68929493
1,1,1,0.5044381
1,1,1,0.54143107
1,0,1,0.59141666
1,1,1,0.6569183
1,0,0,0.3726332
1,0,0,0.34094462
1,0,0,0.18289256
1,1,1,0.9070538
1,0,0,0.34803846
1,1,0,0.23239574
1,0,1,0.54338187
1,0,0,0.39676344
1,1,1,0.6084806
1,0,0,0.2681175
1,1,0,0.49936685
1,0,0,0.32922092
1,0,1,0.6494121
1,1,1,0.55336785
1,1,1,0.8159267
1,0,0,0.39579657
1,1,0,0.49243432
1,1,1,0.61710346
1,0,0,0.31019697
1,1,0,0.32113895
1,0,1,0.56533855
1,0,0,0.3342482
1,0,1,0.6697566
1,1,1,0.5536647
1,0,1,0.61954993
1,1,1,0.8055683
1,0,0,0.14576827
1,1,1,0.78327096
1,0,1,0.50914633
1,1,0,0.35898283
1,0,0,0.3314126
1,1,0,0.49878564
1,1,1,0.553544
1,0,0,0.22694996
1,0,0,0.41001976
1,0,1,0.5305073
1,0,0,0.41467318
1,0,1,0.5210187
1,0,0,0.2769599
1,1,1,0.52992594
1,0,0,0.41183725
1,1,1,0.6402152
1,1,1,0.888824
1,0,0,0.4278237
1,1,1,0.52712816
1,1,0,0.47189564
1,0,0,0.49453014
1,1,1,0.5886164
1,0,0,0.43019044
1,0,0,0.22563283
1,0,0,0.28045183
1,0,0,0.17488459
1,1,1,0.71024185
1,0,0,0.46177286
1,1,1,0.7683943
1,1,1,0.541376
1,1,1,0.5836512
1,0,1,0.5437781
1,1,1,0.5180525
1,1,0,0.4697576
1,0,0,0.49826443
1,1,1,0.8622293
1,0,0,0.46111348
1,1,0,0.32039616
1,0,0,0.4818549
1,0,0,0.37959173
1,0,0,0.27003217
1,1,1,0.63703245
1,1,0,0.49863878
1,1,1,0.6881395
1,1,1,0.52525693
1,1,0,0.4684834
1,0,1,0.51731974
1,0,1,0.6134619
1,1,1,0.71840954
1,0,0,0.4324054
1,0,0,0.35204658
1,0,1,0.60437346
1,1,1,0.57922226
1,0,0,0.2296449
1,1,1,0.63281554
1,0,0,0.26017085
1,0,0,0.48377493
1,0,0,0.4526129
1,0,1,0.52551895
1,1,1,0.5766223
1,1,1,0.69751877
1,1,1,0.59516245
1,1,1,0.56227297
1,1,1,0.6451679
1,0,1,0.64647603
1,1,0,0.41898745
1,0,1,0.7906986
1,0,0,0.49392655
1,0,0,0.40055743
1,0,1,0.697016
1,1,1,0.72852963
1,1,0,0.38691828
1,1,0,0.39450565
1,0,0,0.28656965
1,0,0,0.3655345
1,1,0,0.23917104
1,1,1,0.6748921
1,0,0,0.4638725
1,0,1,0.727929
1,0,1,0.5093079
1,1,1,0.67951053
1,0,0,0.33341834
1,0,0,0.1977733
1,0,0,0.07275238
1,1,1,0.72754794
1,1,0,0.35689476
1,0,0,0.35270652
1,0,0,0.32580897
1,1,1,0.5308483
1,0,0,0.36158422
1,0,0,0.45139813
1,1,1,0.7548926
1,1,1,0.8095104
1,0,0,0.48937854
1,0,0,0.3613679
1,0,0,0.15585303
1,0,1,0.7513329
1,1,1,0.6455748
1,0,1,0.7898242
1,0,0,0.34099254
1,1,0,0.488491
1,0,0,0.26310217
1,0,0,0.35586065
1,1,1,0.7369317
1,1,1,0.6395718
1,1,1,0.66413844
1,1,1,0.6900802
1,1,0,0.48475894
1,1,1,0.5661259
1,0,0,0.35373232
1,1,1,0.8317716
1,0,1,0.5173783
1,1,0,0.44692436
1,1,1,0.66881824
1,0,1,0.5488133
1,0,0,0.46179026
1,0,0,0.18210803
1,1,1,0.5164443
1,0,1,0.76214087
1,1,1,0.73378533
1,1,1,0.61602813
1,0,0,0.073777296
1,1,1,0.62975967
1,0,0,0.45071888
1,0,0,0.2638598
1,0,1,0.59409887
1,0,1,0.6631474
1,1,0,0.37498102
1,0,1,0.7701793
1,1,1,0.87121594
1,1,1,0.7281111
1,1,0,0.25364086
1,0,0,0.3881207
1,0,0,0.27727744
1,0,0,0.19584797
1,0,0,0.39038613
1,1,0,0.27520615
1,0,1,0.5646656
1,1,1,0.72857475
1,0,0,0.17098139
1,0,1,0.5520911
1,1,1,0.6697827
1,0,1,0.5687402
1,0,0,0.35529044
1,0,1,0.5455707
1,0,0,0.20836873
1,1,0,0.49871683
1,0,1,0.6420843
1,1,0,0.35072166
1,1,1,0.6730602
1,1,1,0.6749584
1,1,1,0.7396459
1,1,1,0.78608334
1,0,1,0.7460047
1,1,0,0.38095158
1,1,1,0.6695161
1,0,1,0.5105887
1,0,1,0.5387541
1,1,1,0.561216
1,0,0,0.096729785
1,1,1,0.8019831
1,1,1,0.7449787
1,0,0,0.41618165
1,0,1,0.5023664
1,0,0,0.42523652
1,1,1,0.631978
1,0,0,0.4620348
1,0,1,0.5806407
1,1,1,0.8189468
1,0,0,0.4420001
1,0,0,0.34217536
1,0,0,0.41117048
1,1,1,0.77608293
1,0,1,0.5195325
1,1,0,0.34166488
1,1,0,0.38281658
1,0,0,0.44726107
1,0,0,0.49712375
1,1,1,0.7900393
1,0,0,0.46188858
1,1,1,0.6219515
1,0,0,0.49814382
1,0,0,0.44366074
1,1,1,0.5621323
1,0,1,0.5604363
1,1,0,0.35558236
1,1,1,0.8769055
1,1,1,0.7286746
1,0,1,0.5223101
1,1,0,0.44934654
1,1,0,0.4843235
1,1,1,0.6250221
1,1,1,0.5778826
1,0,0,0.13873892
1,0,1,0.5545222
1,0,1,0.64873
1,1,1,0.669208
1,0,0,0.41003656
1,1,1,0.70208675
1,0,0,0.3520766
1,1,1,0.51113784
1,0,0,0.33421332
1,1,1,0.5892372
1,1,1,0.7097928
1,1,0,0.35409513
1,0,0,0.21957658
1,1,0,0.48908043
1,0,0,0.21751052
1,0,0,0.3808523
1,1,1,0.77328014
1,0,0,0.49051178
1,1,0,0.40142897
1,0,0,0.2962364
1,0,0,0.24813853
1,1,1,0.61754346
1,0,0,0.48797053
1,1,0,0.48502305
1,0,1,0.80668503
1,1,1,0.73601687
1,1,1,0.54578656
1,0,1,0.6041144
1,1,1,0.72490376
1,1,1,0.7679531
1,1,1,0.5413331
1,0,0,0.40838027
1,1,1,0.51595736
1,1,1,0.6138635
1,1,0,0.4540523
1,0,0,0.4054161
1,0,1,0.769732
1,0,1,0.65505487
1,0,0,0.13526487
1,1,1,0.80624825
1,1,0,0.10193218
1,1,1,0.5434016
1,0,0,0.071869925
1,0,1,0.50107825
1,0,0,0.4901356
1,1,1,0.7063593
1,0,1,0.5112833
1,0,0,0.11051416
1,0,1,0.8218763
1,0,0,0.48341778
1,0,1,0.8144132
1,0,0,0.4082679
1,0,0,0.43620268
1,1,0,0.45547774
1,1,1,0.54331815
1,0,0,0.076728344
1,0,0,0.41934758
1,1,1,0.78176564
1,0,0,0.3584704
1,1,0,0.45480233
1,1,0,0.48548102
1,1,1,0.50296044
1,1,1,0.57561725
1,0,0,0.36094505
1,1,1,0.71628594
1,0,0,0.3860021
1,0,0,0.47844732
1,1,0,0.49151233
1,1,0,0.29965615
1,0,0,0.43312156
1,0,0,0.42967427
1,0,0,0.2376154
1,0,0,0.21554889
1,1,0,0.4709171
1,1,0,0.42146158
1,1,1,0.864619
1,1,1,0.74670917
1,0,0,0.44205195
1,1,1,0.77897775
1,1,0,0.49876758
1,0,1,0.7292532
1,1,1,0.54557467
1,0,1,0.507129
1,1,1,0.6558374
1,0,0,0.4070678
1,0,1,0.6227453
1,0,0,0.47414407
1,0,0,0.266913
1,1,1,0.67838407
1,0,0,0.47110215
1,1,1,0.7221721
1,1,1,0.5880474
1,1,1,0.5670784
1,0,1,0.51754326
1,1,1,0.7797581
1,1,1,0.57310045
1,0,0,0.06311163
1,0,1,0.61939895
1,1,1,0.61221266
1,1,1,0.52397597
1,1,1,0.7938721
1,0,0,0.12053237
1,0,0,0.35827172
1,0,1,0.6711241
1,0,0,0.16456412
1,1,0,0.35650858
1,0,0,0.36088574
1,1,0,0.24528342
1,1,1,0.8387103
1,1,1,0.70331764
1,1,1,0.8104322
1,0,0,0.35988724
1,0,0,0.3997484
1,0,1,0.7737338
1,0,0,0.33047485
1,1,1,0.80691177
1,1,1,0.68008316
1,1,1,0.709442
1,1,1,0.7899108
1,0,0,0.28642887
1,0,0,0.45993394
1,1,1,0.5393886
1,1,1,0.5897704
1,0,0,0.3732946
1,1,0,0.49704382
1,1,0,0.40808195
1,0,0,0.34538972
1,1,1,0.6341901
1,0,0,0.28113702
1,0,1,0.67137814
1,0,0,0.35913438
1,0,1,0.5946343
1,0,0,0.07843553
1,0,0,0.25710613
1,1,1,0.51173025
1,1,1,0.6998643
1,0,1,0.54186493
1,0,0,0.2506077
1,0,1,0.7611243
1,1,1,0.51410854
1,0,0,0.24944586
1,1,1,0.622581
1,0,0,0.061997943
1,1,1,0.57476526
1,0,1,0.64021266
1,0,0,0.4608935
1,1,1,0.6410538
1,0,0,0.02664135
1,0,1,0.66417676
1,1,1,0.78149277
1,0,1,0.7646608
1,1,0,0.45793453
1,1,1,0.7483155
1,0,0,0.49878022
1,1,1,0.85050374
1,1,0,0.36974147
1,0,0,0.30864763
1,1,1,0.552471
1,0,0,0.3408943
1,1,1,0.6413776
1,1,0,0.4724996
1,0,0,0.3291722
1,0,0,0.31865937
1,0,0,0.2738438
1,1,1,0.7404682
1,1,1,0.678297
1,0,0,0.08585864
1,1,1,0.6871088
1,0,1,0.5962208
1,1,1,0.76942015
1,0,0,0.4274595
1,0,1,0.6453593
1,0,0,0.057668366
1,1,1,0.76973337
1,0,0,0.46102634
1,0,0,0.23787063
1,0,0,0.4630834
1,0,1,0.7756365
1,1,1,0.5653181
1,1,1,0.5439626
1,1,1,0.56439304
1,0,0,0.43087327
1,1,1,0.64308846
1,1,1,0.6461178
1,0,1,0.61294204
1,0,0,0.23742843
1,0,0,0.37214822
1,0,1,0.6260778
1,1,1,0.7425611
1,1,1,0.51022714
1,1,0,0.47531295
1,0,0,0.48693168
1,0,1,0.5983467
1,1,1,0.5661261
1,1,1,0.5804264
1,0,1,0.6203318
1,1,1,0.51409185
1,1,1,0.5212133
1,0,0,0.39649373
1,0,1,0.5377489
1,1,0,0.46543032
1,0,0,0.23410872
1,0,0,0.4789899
1,0,0,0.1546018
1,0,0,0.13020295
1,0,1,0.5388273
1,1,1,0.5408585
1,0,0,0.12252357
1,1,0,0.3031509
1,1,0,0.4332113
1,0,1,0.52006245
1,1,0,0.39355862
1,0,1,0.6781511
1,0,0,0.39661697
1,0,0,0.24623603
1,0,0,0.07554003
1,1,0,0.44030115
1,1,0,0.2739357
1,0,0,0.4716551
1,0,0,0.3646385
1,1,0,0.4938226
1,0,0,0.29167327
1,0,0,0.36192223
1,0,0,0.30287504
1,1,1,0.6406875
1,0,0,0.4967194
1,0,0,0.40133658
1,0,0,0.41703686
1,1,1,0.71161187
1,1,1,0.6317201
1,1,1,0.81251156
1,1,1,0.55668914
1,1,0,0.37655377
1,0,1,0.7256237
1,1,1,0.61164284
1,0,1,0.63131213
1,1,1,0.67209417
1,1,1,0.6068409
1,0,1,0.7387347
1,1,0,0.38456962
1,1,1,0.6667232
1,1,1,0.8858776
1,1,1,0.63185966
1,0,0,0.28856754
1,0,0,0.44516
1,0,1,0.5916689
1,0,0,0.2843786
1,0,0,0.43076286
1,0,0,0.21711183
1,0,0,0.33861488
1,0,0,0.19730066
1,1,1,0.63640267
1,0,0,0.16559368
1,1,1,0.50164706
1,1,0,0.29546908
1,1,1,0.75637305
1,1,1,0.63959914
1,0,1,0.6495973
1,0,0,0.3432012
1,0,0,0.23769939
1,1,1,0.51141065
1,1,1,0.61757416
1,0,0,0.1898079
1,1,1,0.64950264
1,0,0,0.26931772
1,0,1,0.6918102
1,1,1,0.7402873
1,0,1,0.5395209
1,1,0,0.2787721
1,0,0,0.22798915
1,0,0,0.2195793
1,1,1,0.88119274
1,0,1,0.6286102
1,1,1,0.82522154
1,0,1,0.5035855
1,1,1,0.87651426
1,0,1,0.5764378
1,0,0,0.3947328
1,0,0,0.48110574
1,1,1,0.6204483
1,0,0,0.12224431
1,1,1,0.63640565
1,1,1,0.7406745
1,1,1,0.543691
1,1,1,0.6260308
1,0,1,0.6905363
1,1,1,0.5033561
1,1,0,0.41332856
1,0,0,0.32893124
1,1,0,0.47757363
1,1,1,0.6394921
1,0,0,0.40044606
1,0,0,0.22914293
1,1,1,0.76183695
1,0,1,0.6938825
1,1,1,0.810175
1,1,1,0.7652535
1,0,1,0.53477216
1,1,1,0.7413873
1,1,1,0.8255058
1,1,1,0.53735507
1,1,0,0.3591314
1,0,1,0.5858458
1,1,1,0.7002608
1,0,0,0.2654596
1,0,0,0.12982413
1,0,0,0.25983968
1,1,0,0.4816069
1,0,0,0.29100382
1,1,1,0.5266093
1,1,1,0.62209177
1,1,1,0.85750115
1,1,1,0.64086604
1,1,1,0.5310281
1,0,0,0.24519886
1,1,1,0.60172784
1,1,1,0.535886
1,0,0,0.44296777
1,0,0,0.22899161
1,1,1,0.74064845
1,1,1,0.59150386
1,0,0,0.29848346
1,1,1,0.75444084
1,0,1,0.55868626
1,1,1,0.55511373
1,0,1,0.50906986
1,1,1,0.6889966
1,0,1,0.55733687
1,0,0,0.19911097
1,1,1,0.76632476
1,1,1,0.61994517
1,0,0,0.06297338
1,0,0,0.29163426
1,0,0,0.14045231
1,0,0,0.14655428
1,0,0,0.061999988
1,1,1,0.58631825
1,1,1,0.571811
1,1,0,0.26046404
1,0,0,0.4172968
1,0,0,0.42423964
1,0,0,0.35114333
1,0,0,0.3526279
1,1,1,0.53740394
1,1,1,0.54437214
1,1,1,0.6148935
1,1,0,0.43460578
1,1,0,0.43645495
1,1,1,0.65223145
1,1,1,0.5299746
1,1,0,0.4599421
1,0,0,0.41247955
1,1,1,0.6858927
1,0,0,0.41833535
1,0,1,0.71137536
1,1,1,0.7338272
1,1,0,0.31232932
1,1,1,0.51563996
1,0,1,0.5825035
1,0,0,0.18113855
1,0,0,0.16808712
1,0,0,0.32548285
1,0,0,0.40832943
1,1,1,0.6481418
1,0,0,0.13509738
1,1,1,0.8904585
1,1,1,0.6305239
1,1,1,0.8024589
1,1,1,0.6323538
1,1,1,0.82475823
1,1,1,0.83041763
1,0,0,0.33456105
1,1,1,0.8934196
1,1,1,0.6845587
1,1,1,0.6203104
1,0,1,0.6374393
1,0,0,0.27002293
1,0,0,0.26198593
1,1,1,0.80243516
1,1,1,0.5194987
1,1,0,0.3962457
1,0,0,0.43170062
1,0,0,0.068124406
1,1,1,0.58968556
1,1,0,0.36309212
1,0,0,0.41892937
1,1,1,0.6872849
1,0,0,0.09516634
1,0,0,0.24174984
1,1,1,0.5792347
1,0,0,0.3205476
1,0,1,0.50958836
1,0,0,0.40935734
1,1,0,0.3851995
1,0,0,0.14205153
1,0,0,0.10275142
1,0,1,0.7333198
1,1,1,0.717583
1,1,1,0.6599284
1,0,0,0.45679656
1,0,1,0.5362184
1,0,1,0.60057116
1,1,1,0.7586357
1,1,1,0.5618113
1,0,1,0.5479321
1,0,1,0.7501389
1,0,0,0.46838585
1,1,1,0.62158734
1,0,1,0.52301943
1,0,1,0.56569606
1,1,0,0.2480234
1,0,0,0.46052957
1,0,0,0.48723146
1,1,0,0.48027357
1,0,1,0.561281
1,1,0,0.103899255
1,1,1,0.72214437
1,0,0,0.088728875
1,0,0,0.26079634
1,1,1,0.53072953
1,0,0,0.40088052
1,1,1,0.8692858
1,1,1,0.6887453
1,0,0,0.33256978
1,1,0,0.44591305
1,1,1,0.72702473
1,0,0,0.39283082
1,0,0,0.39436203
1,0,1,0.54908
1,0,0,0.039026745
1,0,1,0.5276052
1,1,1,0.7179689
1,0,0,0.27613613
1,1,1,0.83551234
1,1,0,0.48681247
1,1,1,0.61544144
1,1,1,0.6911957
1,0,1,0.5934696
1,1,0,0.42618218
1,1,1,0.8407262
1,1,1,0.6416548
1,1,1,0.574347
1,0,0,0.3003258
1,0,1,0.7491043
1,0,1,0.6632163
1,0,1,0.7235992
1,1,1,0.6790754
1,1,1,0.8352659
1,0,1,0.65962464
1,1,1,0.6359077
1,1,0,0.46866763
1,0,0,0.36697832
1,1,0,0.43168914
1,0,0,0.2791713
1,0,0,0.4564971
1,1,0,0.3570363
1,1,1,0.8607192
1,1,0,0.43555182
1,1,1,0.54665315
1,1,0,0.4823523
1,1,1,0.55675805
1,0,1,0.5935858
1,0,1,0.5294191
1,0,1,0.64722437
1,0,1,0.58970475
1,1,0,0.33195418
1,0,0,0.15397112
1,1,1,0.7485535
1,1,0,0.38684162
1,1,1,0.85989845
1,0,0,0.18382475
1,0,0,0.2921528
1,0,1,0.5888473
1,0,0,0.16981761
1,1,0,0.30274308
1,1,1,0.51193804
1,1,1,0.5682166
1,0,0,0.31263158
1,1,1,0.74176186
1,0,0,0.29063705
1,1,1,0.7488237
1,1,1,0.76078176
1,1,1,0.6140975
1,1,1,0.6049728
1,0,1,0.5982323
1,0,0,0.23285414
1,0,0,0.3588567
1,1,1,0.50050366
1,0,0,0.10283871
1,0,0,0.44182524
1,0,0,0.3286754
1,0,0,0.11517812
1,1,1,0.65681106
1,1,0,0.3420519
1,0,0,0.17899254
1,0,0,0.3658456
1,0,0,0.36781675
1,0,0,0.09204701
1,1,1,0.5329991
1,1,0,0.40475252
1,1,1,0.8646438
1,0,1,0.61985934
1,1,1,0.7953032
1,0,0,0.28446198
1,1,1,0.65039384
1,0,0,0.37539753
1,1,1,0.7087971
1,0,0,0.4888699
1,0,0,0.32365844
1,0,0,0.050280094
1,1,1,0.77607226
1,0,0,0.3793454
1,1,0,0.37114182
1,0,1,0.5774625
1,0,0,0.41753855
1,1,1,0.8250178
1,0,1,0.61154085
1,1,1,0.8850932
1,1,0,0.47567093
1,0,0,0.314183
1,0,0,0.25486678
1,1,0,0.32929438
1,0,0,0.3973659
1,0,1,0.6541302
1,1,1,0.64557254
1,1,1,0.695204
1,1,1,0.5665766
1,0,0,0.45041212
1,0,1,0.50075775
1,0,1,0.6219466
1,1,1,0.88880754
1,0,1,0.7487385
1,1,1,0.69621927
1,0,1,0.674746
1,1,1,0.6352898
1,0,1,0.61704475
1,1,1,0.8343372
1,0,1,0.65087837
1,1,1,0.53875154
1,0,1,0.5188723
1,1,1,0.78966624
1,1,1,0.685837
1,0,1,0.52927697
1,0,1,0.84521353
1,1,1,0.7936505
1,0,1,0.6071566
1,0,1,0.73080724
1,1,1,0.7826357
1,0,1,0.76106954
1,0,1,0.6606249
1,1,1,0.7158229
1,1,1,0.80470103
1,0,0,0.36368132
1,1,0,0.26165077
1,1,0,0.35178798
1,0,0,0.4097174
1,0,1,0.5998501
1,1,0,0.4079794
1,0,0,0.13214265
1,0,0,0.23990892
1,1,0,0.41707835
1,0,0,0.34852695
1,1,1,0.6748947
1,1,0,0.34111708
1,1,1,0.8760987
1,0,0,0.37956822
1,0,0,0.45549953
1,0,0,0.25473046
1,1,1,0.89839494
1,1,0,0.26272798
1,0,1,0.5020105
1,1,1,0.65567356
1,1,1,0.6685589
1,1,1,0.5618631
1,0,0,0.32824484
1,0,0,0.2746658
1,0,0,0.2985065
1,1,1,0.59327084
1,0,0,0.3229532
1,0,0,0.49774873
1,1,1,0.6777809
1,0,0,0.3017811
1,1,1,0.6908304
1,1,1,0.898201
1,1,0,0.47736418
1,0,1,0.6377668
1,1,1,0.71452713
1,0,0,0.2798144
1,1,1,0.8099358
1,0,1,0.8468143
1,0,0,0.43695647
1,0,1,0.5081316
1,0,1,0.511673
1,1,1,0.71395165
1,0,0,0.23705469
1,0,0,0.4550329
1,1,1,0.60785013
1,0,1,0.81970036
1,1,1,0.7162091
1,1,0,0.10084446
1,0,1,0.55036557
1,0,0,0.15184122
1,1,1,0.8328545
1,1,0,0.4633717
1,1,0,0.20119032
1,1,0,0.48104236
1,1,0,0.46321794
1,1,1,0.66413003
1,1,0,0.49922204
1,1,0,0.41063157
1,0,0,0.46762416
1,1,1,0.78033084
1,0,0,0.25173375
1,0,0,0.07487815
1,0,0,0.12911998
1,0,0,0.3244244
1,0,0,0.3546021
1,1,1,0.77827936
1,0,0,0.23312378
1,0,0,0.43224555
1,1,0,0.47887835
1,0,0,0.32374614
1,1,0,0.47713882
1,0,0,0.35028344
1,0,0,0.45766562
1,0,0,0.14230925
1,0,0,0.34262592
1,0,0,0.07679262
1,0,1,0.7225173
1,1,1,0.57982534
1,1,1,0.7067612
1,0,0,0.21187201
1,0,0,0.10930696
1,0,0,0.23167197
1,1,1,0.5057584
1,0,0,0.46869063
1,0,1,0.7293324
1,0,1,0.6401151
1,0,1,0.52573603
1,0,0,0.19003627
1,0,1,0.5512812
1,0,1,0.5899445
1,0,0,0.24621777
1,1,0,0.48991546
1,0,0,0.27575308
1,0,0,0.4585385
1,0,0,0.19561271
1,0,0,0.16630384
1,1,0,0.15681475
1,0,0,0.081197314
1,0,0,0.06924373
1,0,0,0.065238096
1,1,1,0.63358086
1,0,1,0.5162692
1,0,1,0.523298
1,0,0,0.41675994
1,0,0,0.36888513
1,1,1,0.70647925
1,0,0,0.084277466
1,0,0,0.25467932
1,0,0,0.293342
1,0,0,0.19451678
1,0,0,0.44676736
1,0,0,0.48290345
1,1,1,0.5629426
1,0,0,0.2859938
1,0,0,0.1886704
1,1,1,0.804813
1,0,0,0.40584323
1,0,0,0.19076613
1,1,1,0.53919107
1,0,0,0.096740335
1,1,0,0.48075277
1,0,1,0.58471614
1,1,1,0.50150937
1,1,1,0.516103
1,0,1,0.5115349
1,0,0,0.3874944
1,1,1,0.652403
1,1,1,0.5603577
1,1,1,0.5263525
1,0,1,0.62323684
1,0,1,0.7108585
1,0,1,0.5568495
1,1,1,0.52886295
1,0,1,0.64231825
1,1,1,0.5114412
1,0,0,0.26163644
1,0,0,0.49791935
1,0,0,0.4881835
1,0,0,0.2193414
1,1,1,0.73076653
1,0,1,0.69552594
1,0,0,0.2169123
1,0,0,0.43706453
1,0,1,0.7340421
1,0,0,0.20162883
1,1,0,0.48677817
1,0,0,0.41501176
1,1,0,0.10537002
1,0,0,0.14265718
1,0,0,0.25218853
1,0,0,0.47936398
1,0,1,0.63993573
1,0,0,0.24362375
1,1,0,0.43336025
1,0,1,0.5127811
1,0,0,0.32710275
1,1,1,0.7100033
1,0,1,0.50133264
1,0,1,0.64704883
1,1,0,0.36722556
1,0,1,0.6245797
1,1,1,0.6113661
1,0,0,0.12380363
1,1,1,0.7766826
1,1,0,0.4424363
1,1,1,0.5320004
1,0,1,0.5013395
1,0,0,0.09411096
1,0,0,0.06077103
1,0,0,0.28934765
1,1,1,0.8008802
1,0,1,0.69657207
1,1,0,0.4404139
1,1,0,0.39771843
1,0,0,0.2835559
1,0,0,0.1706341
1,0,1,0.5963013
1,1,0,0.4259461
1,0,0,0.07937178
1,0,0,0.26597595
1,1,1,0.63890547
1,0,0,0.20152058
1,0,0,0.052664075
1,0,0,0.048478812
1,1,1,0.7631825
1,1,1,0.56676763
1,0,0,0.4704276
1,1,1,0.72940993
1,1,0,0.31187364
1,0,0,0.3954656
1,1,1,0.6001651
1,1,1,0.53324753
1,1,1,0.5048724
1,0,1,0.5208438
1,0,0,0.24501753
1,0,0,0.20505944
1,0,0,0.37135595
1,0,0,0.4691995
1,1,1,0.6909494
1,0,0,0.4241479
1,1,1,0.6437765
1,1,1,0.67851394
1,0,1,0.6511767
1,0,0,0.29605192
1,0,0,0.31674096
1,0,0,0.08839594
1,1,0,0.2520604
1,1,0,0.2703295
1,0,0,0.067993276
1,0,1,0.6372642
1,0,0,0.3818081
1,1,0,0.40340075
1,0,0,0.49401197
1,1,1,0.6991137
1,0,0,0.2724965
1,1,0,0.25290862
1,0,0,0.40559804
1,1,0,0.38668302
1,1,1,0.62712556
1,0,0,0.30485037
1,1,1,0.5907109
1,0,0,0.48343214
1,1,1,0.66009057
1,1,1,0.5854589
1,0,1,0.54389524
1,0,0,0.106664196
1,1,1,0.57150716
1,0,0,0.4038291
1,0,1,0.53055507
1,1,1,0.5390415
1,1,1,0.53751683
1,0,0,0.33950326
1,1,0,0.24278313
1,0,1,0.78863543
1,0,0,0.06646368
1,0,1,0.57500845
1,0,0,0.4041534
1,0,1,0.5376588
1,1,0,0.48532313
1,1,0,0.4896028
1,0,0,0.06266453
1,1,1,0.57960945
1,1,0,0.23271161
1,0,1,0.5578933
1,0,1,0.52232635
1,1,1,0.5180845
1,0,0,0.08972575
1,1,1,0.8403238
1,1,1,0.70359534
1,1,1,0.72457016
1,1,1,0.7876485
1,0,0,0.27485353
1,1,1,0.634184
1,0,1,0.7010454
1,0,0,0.058226455
1,0,1,0.82353497
1,0,1,0.511954
1,0,0,0.2538285
1,1,1,0.61291015
1,0,1,0.5074892
1,0,0,0.075742975
1,1,1,0.65870607
1,1,1,0.74015296
1,0,0,0.19048502
1,0,1,0.6233623
1,1,1,0.5790309
1,0,0,0.27581823
1,0,0,0.2946002
1,0,0,0.3762234
1,1,1,0.74937844
1,0,0,0.38199013
1,0,1,0.50799793
1,1,1,0.63285726
1,1,1,0.7877665
1,0,1,0.8624356
1,0,1,0.66831255
1,1,1,0.8031394
1,0,1,0.58520216
1,1,0,0.40313727
1,0,0,0.31432146
1,1,1,0.6241605
1,0,0,0.31030583
1,0,0,0.24077798
1,1,1,0.74440813
1,0,0,0.28412125
1,0,0,0.084991075
1,0,0,0.4339583
1,0,0,0.22185601
1,0,0,0.17818652
1,0,0,0.3018256
1,1,1,0.696115
1,1,1,0.8116982
1,0,1,0.6133885
1,1,1,0.5077641
1,0,0,0.3556743
1,1,1,0.7131212
1,0,0,0.427141
1,1,0,0.42366886
1,1,1,0.88546497
1,1,1,0.5178839
1,1,1,0.63157684
1,0,1,0.6628543
1,0,0,0.30807
1,1,1,0.8552929
1,1,1,0.60362536
1,1,1,0.57773817
1,0,0,0.21307272
1,0,0,0.38738623
1,0,0,0.16771609
1,0,0,0.38555223
1,1,1,0.913399
1,1,1,0.6984134
1,1,1,0.71444803
1,0,0,0.4187851
1,1,0,0.45192462
1,1,1,0.6507707
1,0,1,0.5609383
1,0,0,0.34895173
1,0,1,0.6275672
1,0,1,0.56296176
1,1,1,0.7176023
1,1,0,0.29020464
1,0,1,0.6086235
1,0,1,0.66649556
1,0,1,0.6551706
1,0,0,0.05783224
1,1,1,0.86365676
1,1,1,0.7334747
1,1,1,0.5328902
1,0,0,0.4808831
1,0,0,0.3374702
1,1,1,0.6565283
1,0,1,0.6535625
1,0,0,0.46832284
1,1,1,0.6812068
1,0,1,0.569839
1,1,1,0.6716872
1,0,0,0.44566956
1,0,1,0.7670683
1,0,0,0.17070688
1,1,1,0.64332956
1,0,0,0.48054487
1,0,1,0.7845281
1,0,0,0.23657507
1,0,0,0.106437005
1,1,1,0.77512133
1,1,0,0.17510982
1,0,1,0.6408889
1,0,1,0.7182389
1,0,1,0.6696404
1,1,1,0.81786567
1,1,1,0.7107848
1,0,0,0.39805412
1,0,0,0.45056093
1,0,0,0.38175642
1,0,0,0.38056841
1,0,0,0.06950945
1,0,0,0.4873618
1,0,0,0.43962032
1,0,0,0.3060998
1,0,1,0.64246887
1,1,1,0.6370928
1,1,1,0.654003
1,1,1,0.61088276
1,1,1,0.6429649
1,1,1,0.60653776
1,1,1,0.67908686
1,1,1,0.62072647
1,1,1,0.6598162
1,1,1,0.6153333
1,1,1,0.6317231
1,1,1,0.60229534
1,1,1,0.58646053
1,1,1,0.6223965
1,1,1,0.67931205
1,1,1,0.6538438
1,1,1,0.6988949
1,1,1,0.9337985
1,0,0,0.2910672
1,0,0,0.45434228
1,0,1,0.59097165
1,1,1,0.5671462
1,1,1,0.7360615
1,0,0,0.3840329
1,1,0,0.38048413
1,1,1,0.5878225
1,0,0,0.20071526
1,0,1,0.5194883
1,0,0,0.08310831
1,0,0,0.10375269
1,1,0,0.252402
1,1,0,0.37033024
1,1,1,0.5687831
1,0,1,0.51609814
1,1,0,0.074652314
1,0,0,0.05185962
1,0,0,0.14854445
1,0,0,0.04126069
1,0,0,0.32769078
1,0,0,0.14399254
1,0,1,0.67287445
1,0,0,0.052654188
1,1,1,0.5030916
1,1,1,0.72770405
1,1,1,0.7537718
1,0,1,0.72540385
1,0,1,0.7050966
1,1,1,0.704581
1,0,0,0.44115326
1,0,0,0.31871802
1,0,0,0.12852097
1,1,1,0.68051404
1,0,1,0.68885535
1,0,0,0.084899984
1,0,1,0.7286498
1,0,1,0.742164
1,0,1,0.7576276
1,1,1,0.6564738
1,0,1,0.6325963
1,1,1,0.7828708
1,0,1,0.6519104
1,0,1,0.61394066
1,1,1,0.6442393
1,1,1,0.5753651
1,0,0,0.4224811
1,1,1,0.74479604
1,1,1,0.5489951
1,1,1,0.64854175
1,0,0,0.4253423
1,1,0,0.4670146
1,1,0,0.41631874
1,1,0,0.45085928
1,1,0,0.4860945
1,1,0,0.38329196
1,0,0,0.21440428
1,0,1,0.67730814
1,0,0,0.1800934
1,1,0,0.37855905
1,0,1,0.5061421
1,0,0,0.46717343
1,1,1,0.7485493
1,0,1,0.5909836
1,0,0,0.3707969
1,1,1,0.73955566
1,0,1,0.6804117
1,0,1,0.82921666
1,1,1,0.7028008
1,0,1,0.62131023
1,1,1,0.77402693
1,1,1,0.75860906
1,0,1,0.6855212
1,1,1,0.85937345
1,0,1,0.58322
1,1,1,0.50730383
1,0,0,0.28992605
1,1,1,0.5754313
1,0,1,0.78299123
1,1,1,0.6311464
1,0,0,0.33131978
1,0,0,0.06730601
1,0,1,0.59600556
1,1,1,0.83550006
1,0,0,0.47020566
1,1,1,0.63653225
1,0,1,0.6224813
1,1,1,0.5007104
1,0,0,0.39633197
1,0,1,0.5911248
1,0,1,0.5621269
1,1,0,0.39023805
1,1,1,0.8056067
1,0,0,0.43675
1,0,1,0.5792408
1,0,1,0.701536
1,1,1,0.6302758
1,0,1,0.6609548
1,0,1,0.60840666
1,0,0,0.4363639
1,0,0,0.11165544
1,1,1,0.6899451
1,1,0,0.36843246
1,1,1,0.54820806
1,1,1,0.90768445
1,1,1,0.6335278
1,0,0,0.22614375
1,0,0,0.111210376
1,1,0,0.48192975
1,1,1,0.6303392
1,0,0,0.4629677
1,1,1,0.76389843
1,1,1,0.603681
1,1,1,0.67065334
1,0,0,0.45412678
1,0,0,0.4690944
1,0,0,0.15141429
1,0,0,0.24484175
1,0,1,0.9139429
1,1,1,0.7049857
1,1,1,0.9001865
1,0,0,0.2721099
1,0,1,0.69399714
1,0,1,0.71503335
1,1,1,0.7796566
1,1,1,0.5160528
1,1,1,0.8292409
1,1,1,0.8650655
1,1,1,0.7835155
1,1,1,0.8828055
1,0,0,0.19638991
1,0,0,0.18701527
1,0,0,0.05177529
1,0,1,0.6006398
1,0,0,0.18621007
1,0,0,0.25749815
1,0,0,0.17001396
1,0,1,0.87119865
1,1,0,0.450631
1,1,1,0.9170769
1,0,0,0.40584135
1,0,0,0.254043
1,1,0,0.41470116
1,1,1,0.7602247
1,0,0,0.21329385
1,1,0,0.4690444
1,0,0,0.4026961
1,1,0,0.31516677
1,0,1,0.61028975
1,1,1,0.50064397
1,1,0,0.2856059
1,1,1,0.815842
1,1,1,0.9327415
1,0,0,0.3709072
1,1,1,0.7726748
1,1,1,0.6227933
1,0,1,0.57014334
1,1,0,0.2522528
1,0,1,0.55811226
1,0,0,0.25418732
1,1,1,0.74196154
1,1,1,0.55305904
1,0,0,0.36954716
1,1,1,0.6046406
1,0,0,0.47841838
1,1,1,0.82977
1,0,1,0.6249412
1,0,1,0.6438815
1,0,1,0.8441025
1,1,1,0.82206607
1,1,1,0.7780592
1,0,0,0.4907505
1,1,1,0.7601571
1,1,0,0.42431536
1,1,1,0.8321256
1,1,1,0.80242944
1,0,0,0.095301725
1,1,0,0.45861074
1,1,1,0.87277085
1,0,0,0.10127828
1,0,0,0.06256339
1,1,1,0.9213049
1,1,1,0.57679147
1,1,1,0.7237307
1,0,0,0.21125835
1,0,0,0.27715182
1,1,1,0.5129274
1,1,1,0.90786606
1,1,1,0.64518994
1,0,0,0.182375
1,1,1,0.7841037
1,0,0,0.40720704
1,0,1,0.69191986
1,0,0,0.053779718
1,0,0,0.48277655
1,1,1,0.6151437
1,1,0,0.44797647
1,0,0,0.34063637
1,1,0,0.37605062
1,1,0,0.35610273
1,1,0,0.38613352
1,1,1,0.5962
1,1,0,0.28708756
1,0,0,0.24295966
1,0,0,0.16422798
1,1,0,0.49505693
1,0,0,0.4988673
1,0,0,0.4177272
1,0,0,0.28903347
1,1,0,0.4406103
1,0,0,0.16308908
1,1,1,0.70319396
1,0,0,0.2351784
1,0,0,0.15685202
1,0,0,0.4961044
1,0,0,0.24461988
1,0,1,0.58723134
1,1,0,0.47664878
1,1,1,0.5250535
1,0,0,0.49368903
1,1,1,0.83443207
1,1,1,0.56714684
1,0,0,0.47118938
1,1,1,0.84226036
1,0,1,0.57417893
1,0,0,0.123641014
1,1,1,0.80372155
1,1,1,0.7997029
1,1,1,0.530616
1,0,0,0.22375984
1,1,1,0.5359156
1,1,1,0.7695967
1,0,0,0.46343055
1,0,1,0.553029
1,0,1,0.74507827
1,0,0,0.10449566
1,1,1,0.7424972
1,0,0,0.173732
1,0,1,0.82147604
1,0,1,0.8764734
1,1,1,0.70348597
1,1,1,0.84018946
1,0,1,0.71707743
1,0,0,0.34589508
1,1,1,0.52353865
1,1,1,0.7489541
1,1,0,0.42873898
1,0,0,0.17565097
1,1,1,0.7915165
1,0,0,0.48692423
1,0,0,0.38055107
1,0,0,0.46135306
1,0,1,0.7805812
1,0,1,0.80950594
1,1,1,0.8514068
1,1,1,0.58725595
1,0,1,0.5161396
1,0,0,0.105205484
1,1,1,0.8994667
1,1,1,0.55948234
1,0,0,0.060818274
1,0,0,0.06615844
1,1,1,0.7065042
1,1,1,0.8432487
1,0,1,0.6785921
1,1,1,0.5899889
1,1,1,0.55503196
1,0,0,0.46456355
1,1,0,0.47053054
1,0,1,0.5690434
1,1,1,0.64513105
1,0,0,0.4660593
1,1,0,0.32670406
1,0,1,0.6646021
1,0,1,0.5837599
1,0,1,0.7988624
1,0,0,0.2628337
1,0,0,0.12421902
1,0,0,0.19957846
1,1,1,0.5129219
1,0,0,0.33683583
1,1,1,0.6520664
1,0,1,0.56099695
1,0,0,0.4825318
1,1,1,0.73384124
1,1,0,0.4907032
1,0,1,0.59270763
1,0,0,0.43620253
1,1,1,0.7372329
1,1,1,0.7499053
1,1,1,0.8388208
1,0,1,0.5614688
1,0,0,0.19730453
1,0,0,0.48404118
1,1,1,0.87509125
1,0,0,0.327952
1,0,1,0.5635013
1,1,1,0.90130794
1,0,0,0.42990002
1,1,1,0.9333804
1,1,1,0.9088544
1,1,1,0.56141746
1,0,1,0.55886763
1,0,1,0.7335519
1,0,1,0.6255928
1,0,1,0.6774522
1,0,1,0.606112
1,1,1,0.5078962
1,1,1,0.7469134
1,1,0,0.42381594
1,0,1,0.50536716
1,1,0,0.17999703
1,1,1,0.5780503
1,1,1,0.73219055
1,0,0,0.15174277
1,0,0,0.45676875
1,0,0,0.1349303
1,1,1,0.66522527
1,1,0,0.28238314
1,1,1,0.68861324
1,1,0,0.3726252
1,1,0,0.44072333
1,1,0,0.30948964
1,1,1,0.84562624
1,1,0,0.42278346
1,1,1,0.6715815
1,1,1,0.58057547
1,1,1,0.776791
1,1,1,0.6810381
1,1,1,0.62425214
1,1,1,0.74356925
1,1,1,0.7169339
1,0,0,0.41820475
1,1,0,0.44222626
1,1,1,0.8059044
1,1,1,0.6951762
1,0,0,0.36303246
1,1,1,0.88193375
1,1,1,0.66444916
1,1,1,0.6517594
1,1,1,0.5737002
1,1,0,0.13902703
1,1,1,0.60314244
1,0,0,0.36871433
1,0,1,0.56507015
1,1,1,0.77741027
1,0,0,0.4694018
1,1,1,0.5211123
1,0,0,0.2974515
1,1,1,0.7769277
1,0,1,0.5449533
1,1,0,0.287163
1,0,0,0.27980882
1,0,1,0.5542501
1,1,1,0.50816655
1,0,0,0.27994835
1,0,0,0.39248738
1,0,1,0.5387562
1,1,1,0.5057878
1,0,0,0.25157437
1,1,1,0.53767484
1,0,1,0.6777673
1,0,1,0.6378044
1,1,0,0.41751397
1,1,1,0.8862177
1,1,1,0.6670121
1,1,0,0.37761238
1,0,0,0.35800222
1,0,0,0.12800701
1,0,1,0.7086018
1,0,0,0.06334452
1,1,1,0.60213375
1,1,1,0.7342671
1,1,0,0.45655814
1,1,1,0.7398775
1,0,1,0.6942928
1,0,0,0.21176268
1,0,0,0.29581615
1,0,0,0.10743533
1,0,0,0.18102273
1,1,0,0.3793737
1,0,0,0.3091412
1,1,0,0.37934375
1,0,1,0.6545771
1,1,0,0.16872464
1,0,1,0.5713444
1,1,0,0.36634502
1,1,1,0.5566679
1,1,1,0.63476384
1,1,1,0.61741006
1,1,0,0.42296883
1,0,1,0.763255
1,1,0,0.41077128
1,0,1,0.68188757
1,1,0,0.3506868
1,1,0,0.4056398
1,1,1,0.60214627
1,0,1,0.71847177
1,0,0,0.11455331
1,0,1,0.554902
1,1,1,0.9048675
1,0,0,0.34479105
1,0,1,0.8384014
1,1,1,0.567503
1,1,1,0.5533958
1,0,0,0.49567977
1,0,0,0.31760308
1,1,1,0.686776
1,0,0,0.39963117
1,1,1,0.67279464
1,1,1,0.7250732
1,1,0,0.25556493
1,1,1,0.7907751
1,1,1,0.52828157
1,0,0,0.1997675
1,0,1,0.551564
1,1,1,0.60316354
1,0,1,0.6863233
1,1,1,0.89842117
1,1,1,0.90837187
1,0,1,0.6431373
1,1,1,0.7278182
1,0,1,0.68475384
1,0,0,0.48571116
1,0,0,0.34182894
1,0,1,0.8090784
1,0,1,0.7290605
1,1,1,0.62268066
1,1,1,0.6530549
1,0,0,0.12048404
1,0,0,0.32918757
1,0,0,0.36179098
1,1,1,0.6591411
1,0,1,0.6874909
1,1,1,0.55400157
1,1,1,0.88082516
1,1,1,0.78824276
1,0,1,0.7912156
1,1,1,0.84106547
1,1,0,0.27014202
1,0,0,0.443733
1,1,1,0.6312684
1,0,1,0.6541051
1,1,1,0.81443405
1,1,1,0.6561789
1,1,1,0.52707
1,0,0,0.080409765
1,1,0,0.2750016
1,0,0,0.070114724
1,0,1,0.57687736
1,0,1,0.7561753
1,0,0,0.096184015
1,1,1,0.6998506
1,0,1,0.5101161
1,0,1,0.551697
1,0,0,0.24376439
1,0,0,0.34884417
1,0,0,0.33306774
1,1,1,0.7354111
1,0,1,0.63568157
1,0,0,0.34128824
1,1,1,0.69803905
1,0,0,0.33446032
1,1,1,0.536284
1,1,1,0.81045216
1,0,0,0.37587056
1,0,0,0.31765968
1,1,1,0.6887852
1,0,1,0.6124699
1,0,0,0.045954164
1,1,1,0.69076264
1,1,0,0.23626387
1,1,1,0.8290632
1,0,0,0.45053563
1,0,0,0.22652851
1,1,0,0.3181603
1,1,1,0.8377813
1,1,1,0.79180735
1,0,0,0.30875537
1,0,1,0.54401726
1,1,1,0.6368484
1,1,1,0.71519923
1,0,1,0.5225123
1,0,1,0.7100543
1,1,1,0.90138906
1,0,1,0.5573686
1,0,1,0.79048294
1,0,1,0.5380427
1,0,0,0.23041247
1,1,1,0.8050517
1,1,1,0.74187726
1,1,0,0.47837323
1,1,1,0.9110668
1,0,0,0.09253868
1,0,0,0.14782093
1,1,1,0.7998164
1,1,1,0.76055443
1,0,0,0.20807505
1,0,1,0.5579735
1,0,0,0.15565053
1,0,0,0.20486264
1,1,1,0.7625461
1,0,1,0.5654999
1,1,1,0.74689895
1,1,1,0.7213873
1,1,1,0.56409925
1,0,1,0.7160955
1,0,0,0.39151344
1,1,1,0.79191226
1,1,1,0.5502918
1,0,1,0.547517
1,1,1,0.5472967
1,1,0,0.42912063
1,1,1,0.82061756
1,1,1,0.7709945
1,1,1,0.78306025
1,0,1,0.7372113
1,1,1,0.69460773
1,1,1,0.7980769
1,0,1,0.60789585
1,1,1,0.87555516
1,0,0,0.4608061
1,0,0,0.3681401
1,1,1,0.91149056
1,1,1,0.71147394
1,1,1,0.86131823
1,0,0,0.3933179
1,0,1,0.5787642
1,1,1,0.8264899
1,0,0,0.31683844
1,1,1,0.8605962
1,1,0,0.38925433
1,0,0,0.35159415
1,0,0,0.2785389
1,0,1,0.6684287
1,1,0,0.4903899
1,0,1,0.5377017
1,1,1,0.73491293
1,0,1,0.73046434
1,0,1,0.7456323
1,1,1,0.810778
1,0,0,0.3586305
1,0,0,0.4929104
1,1,1,0.5511942
1,1,1,0.5145918
1,0,0,0.38415405
1,0,0,0.2803347
1,0,0,0.3928147
1,0,0,0.34472123
1,0,0,0.3312987
1,0,0,0.34455022
1,1,1,0.5923077
1,0,1,0.6874675
1,0,0,0.41084936
1,0,0,0.35949036
1,1,0,0.27547377
1,1,1,0.6555491
1,1,1,0.74302524
1,1,1,0.5524205
1,1,0,0.46185392
1,1,1,0.53945005
1,0,0,0.4767537
1,1,0,0.4565929
1,1,1,0.67771816
1,1,1,0.7759801
1,1,0,0.41941464
1,1,0,0.36756188
1,0,1,0.6223282
1,1,1,0.8093952
1,1,1,0.50534564
1,1,0,0.3101288
1,1,0,0.38239357
1,1,0,0.41592076
1,0,0,0.2660213
1,1,0,0.08598794
1,0,0,0.39785764
1,0,1,0.57573503
1,0,0,0.09104139
1,0,0,0.4300866
1,0,0,0.3618355
1,0,0,0.33486322
1,0,0,0.27868295
1,0,0,0.36470222
1,1,0,0.3932021
1,0,1,0.5678501
1,0,0,0.4470958
1,0,1,0.5169336
1,1,0,0.3476959
1,0,0,0.18752933
1,0,0,0.36569285
1,1,0,0.42618874
1,1,1,0.57875925
1,1,1,0.72832614
1,0,0,0.37057608
1,0,1,0.66624826
1,0,1,0.76261115
1,1,1,0.68715364
1,0,0,0.28606015
1,1,1,0.6544527
1,1,1,0.8074854
1,1,1,0.7222033
1,0,0,0.32748225
1,1,1,0.5894937
1,1,1,0.74627227
1,0,0,0.20441416
1,0,1,0.7453013
1,0,0,0.4111888
1,1,1,0.64087856
1,0,1,0.5918306
1,0,0,0.06422953
1,0,1,0.5485238
1,1,1,0.5848966
1,0,0,0.42279866
1,0,1,0.83804506
1,0,1,0.51136386
1,1,1,0.8361845
1,0,0,0.1109643
1,1,1,0.80525285
1,0,0,0.37106568
1,0,1,0.81285244
1,1,1,0.80299073
1,1,1,0.7514009
1,1,1,0.72044367
1,1,0,0.37312236
1,0,0,0.3152746
1,1,0,0.49432662
1,1,0,0.39704096
1,1,1,0.5567974
1,0,0,0.14056778
1,0,0,0.37748295
1,0,0,0.36665294
1,0,1,0.5492335
1,1,1,0.86363363
1,0,0,0.43814585
1,0,0,0.2260905
1,1,1,0.7290244
1,1,1,0.84664315
1,0,1,0.7806104
1,0,1,0.64483714
1,0,1,0.78068286
1,1,1,0.6224087
1,0,0,0.43116388
1,0,1,0.50499266
1,0,1,0.7439046
1,1,0,0.41517404
1,0,0,0.36928657
1,0,1,0.6123713
1,0,0,0.37352553
1,1,1,0.5270802
1,0,0,0.35985684
1,1,0,0.32708606
1,0,1,0.583446
1,1,1,0.65277946
1,0,0,0.42847857
1,1,0,0.48279783
1,0,0,0.19684257
1,1,1,0.64451545
1,1,1,0.56786376
1,1,0,0.34221283
1,0,0,0.14742304
1,1,1,0.7204537
1,1,1,0.6086908
1,1,0,0.38471437
1,1,1,0.6939463
1,0,0,0.4169051
1,0,0,0.15755042
1,0,0,0.24415307
1,0,0,0.1247605
1,0,1,0.7014042
1,1,0,0.47819805
1,0,0,0.16745076
1,1,1,0.8860141
1,1,1,0.78475934
1,1,0,0.33370224
1,1,0,0.4149792
1,0,0,0.39784133
1,1,0,0.4725816
1,0,0,0.47316325
1,1,1,0.5857915
1,0,0,0.40714544
1,1,1,0.6701824
1,0,0,0.29998252
1,0,0,0.28202698
1,1,0,0.34538376
1,0,0,0.35124183
1,0,0,0.4006087
1,1,1,0.7691906
1,0,0,0.3184792
1,1,1,0.87643385
1,1,1,0.6559599
1,1,1,0.8343598
1,0,1,0.612513
1,0,1,0.6948788
1,1,1,0.90110517
1,0,0,0.20724729
1,1,0,0.30547172
1,0,1,0.674528
1,1,1,0.86241883
1,1,1,0.84530675
1,0,0,0.4243689
1,0,1,0.6947283
1,1,1,0.81872034
1,0,0,0.096791975
1,0,0,0.30169246
1,1,1,0.81218475
1,0,1,0.58828294
1,0,0,0.2216966
1,0,0,0.30644095
1,1,1,0.77684104
1,1,1,0.50066614
1,1,1,0.8060884
1,0,0,0.47054476
1,1,1,0.78599405
1,0,0,0.27184013
1,0,0,0.23104702
1,1,1,0.57422805
1,0,0,0.39282095
1,0,0,0.45683903
1,0,0,0.3016194
1,0,1,0.5038939
1,1,1,0.8018363
1,0,1,0.74309134
1,1,1,0.924902
1,1,1,0.90261
1,1,1,0.85870916
1,1,1,0.7927509
1,0,1,0.608896
1,0,0,0.22007728
1,0,1,0.730993
1,1,0,0.27900073
1,0,0,0.27591047
1,0,0,0.19521606
1,1,0,0.47432232
1,0,0,0.42360467
1,0,1,0.68178946
1,1,0,0.18114485
1,0,0,0.14641674
1,0,0,0.12291416
1,0,1,0.58620965
1,1,1,0.76133454
1,0,0,0.20897447
1,1,0,0.35932708
1,1,1,0.76088613
1,1,1,0.61636347
1,1,1,0.68355703
1,0,0,0.3261149
1,0,1,0.63684934
1,1,1,0.63406146
1,1,1,0.7910301
1,1,1,0.73484856
1,0,1,0.6592365
1,0,0,0.28380874
1,1,1,0.85388064
1,0,1,0.57100135
1,0,0,0.0748341
1,0,0,0.14335352
1,1,0,0.49126977
1,0,0,0.050919864
1,1,0,0.22750269
1,1,1,0.84499574
1,0,0,0.27894166
1,0,0,0.2843609
1,1,0,0.49636975
1,0,0,0.3205665
1,0,1,0.5023406
1,0,0,0.21686159
1,0,0,0.1292735
1,0,0,0.3426388
1,1,1,0.7527897
1,1,1,0.7061934
1,1,1,0.73163
1,1,0,0.3133168
1,0,0,0.38013452
1,1,1,0.78628755
1,1,1,0.84011394
1,0,1,0.64462054
1,1,1,0.70451206
1,1,1,0.76216793
1,1,1,0.7648151
1,0,0,0.37843814
1,1,1,0.8685599
1,0,0,0.39663374
1,1,1,0.7532511
1,1,1,0.9350067
1,1,1,0.9229535
1,0,1,0.5887958
1,0,1,0.5537357
1,0,1,0.54536664
1,1,1,0.865691
1,1,1,0.8602946
1,1,1,0.86079645
1,0,0,0.25953415
1,1,1,0.8414582
1,1,1,0.8496218
1,0,1,0.5485767
1,1,0,0.32280576
1,0,1,0.52396554
1,0,1,0.59580135
1,1,1,0.6725061
1,1,1,0.89491737
1,0,0,0.15127878
1,0,1,0.54204
1,1,0,0.4913974
1,0,0,0.22585295
1,0,0,0.17416532
1,0,0,0.07653457
1,1,1,0.907297
1,1,1,0.787446
1,1,1,0.7196711
1,1,1,0.58868295
1,1,1,0.7096834
1,1,1,0.8577083
1,0,0,0.262696
1,1,1,0.6591698
1,0,0,0.32472435
1,1,1,0.6501082
1,0,1,0.51581514
1,1,1,0.6584664
1,1,0,0.062123884
1,0,0,0.34361976
1,1,1,0.56629336
1,0,0,0.095492736
1,0,1,0.50151855
1,1,0,0.26403072
1,0,0,0.38650125
1,1,0,0.36490723
1,0,0,0.4593314
1,0,0,0.3857057
1,1,0,0.2276358
1,0,0,0.37504852
1,0,0,0.46955058
1,0,0,0.16849296
1,0,0,0.23494962
1,0,0,0.06992905
1,1,0,0.3398548
1,0,0,0.13103464
1,0,0,0.48960814
1,1,0,0.46761197
1,0,0,0.16608529
1,0,0,0.040144317
1,0,0,0.34177956
1,0,0,0.4724452
1,1,1,0.8933344
1,1,1,0.68101484
1,0,1,0.65720546
1,1,1,0.56095403
1,1,0,0.49793562
1,0,0,0.33274963
1,1,1,0.7838391
1,1,1,0.5302832
1,0,0,0.10895486
1,0,0,0.19837223
1,1,0,0.47571567
1,0,0,0.3225954
1,0,1,0.54565454
1,1,1,0.8436854
1,1,1,0.5077264
1,1,1,0.6369246
1,0,1,0.502557
1,0,0,0.21787871
1,0,0,0.4663902
1,1,1,0.5657488
1,0,1,0.77350795
1,1,0,0.17823382
1,1,1,0.5415505
1,0,1,0.53185785
1,0,0,0.44788674
1,1,0,0.47352678
1,0,0,0.30712253
1,0,1,0.8398307
1,0,0,0.36552757
1,0,0,0.32743782
1,1,1,0.7269166
1,0,0,0.4317655
1,1,1,0.6663751
1,0,0,0.28663012
1,1,1,0.71985817
1,1,1,0.65420264
1,1,1,0.5846571
1,1,1,0.5705902
1,0,0,0.39123642
1,1,1,0.6216429
1,1,1,0.7122282
1,0,0,0.3157203
1,0,1,0.74909335
1,1,1,0.7222588
1,0,0,0.08255754
1,1,1,0.8916771
1,1,1,0.56492215
1,1,1,0.63776195
1,0,0,0.4094595
1,1,0,0.35501498
1,1,0,0.42356762
1,0,0,0.08893703
1,0,1,0.65135306
1,0,1,0.65636986
1,0,1,0.57005733
1,0,1,0.696838
1,0,0,0.23333743
1,0,1,0.63146126
1,0,0,0.37301627
1,0,1,0.78058916
1,1,0,0.44492683
1,1,1,0.81405956
1,1,0,0.49852014
1,0,0,0.29999548
1,0,1,0.85463375
1,1,0,0.2633424
1,0,0,0.16270068
1,1,0,0.4608343
1,0,0,0.33460104
1,1,1,0.7982251
1,0,1,0.66357875
1,1,1,0.83451706
1,1,1,0.77459264
1,1,1,0.74238366
1,1,1,0.7017858
1,0,1,0.66536725
1,0,0,0.41323325
1,1,1,0.70701
1,0,1,0.6176465
1,0,0,0.23510423
1,1,1,0.5691783
1,1,1,0.80258393
1,1,1,0.55752504
1,0,0,0.43547684
1,0,1,0.66282713
1,1,1,0.8678836
1,0,1,0.62542224
1,1,1,0.94515663
1,0,1,0.71190226
1,0,1,0.7855914
1,1,1,0.8675707
1,1,1,0.8196376
1,0,1,0.7882828
1,0,0,0.3226307
1,1,1,0.8188809
1,0,0,0.47821787
1,1,1,0.8696469
1,0,0,0.46147838
1,0,0,0.24778713
1,1,1,0.93079877
1,1,1,0.83898145
1,0,1,0.53839266
1,0,0,0.13858709
1,0,0,0.10999706
1,0,0,0.099329986
1,1,1,0.82892996
1,1,1,0.8988747
1,0,0,0.13800867
1,1,1,0.82832295
1,0,0,0.2603345
1,1,1,0.7549632
1,0,0,0.28411454
1,0,0,0.21848942
1,1,1,0.8148906
1,0,1,0.601239
1,1,0,0.4517066
1,1,1,0.8221053
1,1,0,0.37418783
1,0,0,0.19332324
1,0,0,0.08125062
1,1,1,0.78319573
1,0,0,0.30594176
1,0,1,0.5599472
1,0,1,0.5305231
1,0,0,0.4092747
1,1,1,0.9479285
1,0,1,0.6231147
1,1,1,0.5005598
1,0,0,0.4808707
1,0,1,0.55197483
1,0,1,0.50014096
1,1,1,0.76686174
1,1,1,0.83636767
1,1,1,0.9244877
1,0,0,0.40847692
1,1,1,0.69415045
1,0,0,0.06674821
1,0,0,0.35344207
1,0,0,0.4193279
1,1,1,0.7733766
1,0,1,0.55220217
1,1,1,0.5082944
1,1,0,0.47472855
1,0,0,0.41490257
1,0,1,0.52013135
1,1,0,0.45436487
1,0,1,0.74399537
1,0,0,0.24660702
1,0,0,0.05224582
1,1,0,0.333666
1,1,1,0.7327099
1,0,0,0.3793206
1,1,1,0.94525087
1,1,1,0.7682308
1,1,1,0.54095954
1,0,1,0.635921
1,1,1,0.5156264
1,0,1,0.92894125
1,1,0,0.44480106
1,0,0,0.48551276
1,1,1,0.63332206
1,1,1,0.7795426
1,0,0,0.23891823
1,1,1,0.82892495
1,0,1,0.5224314
1,1,1,0.7458889
1,1,1,0.5495795
1,1,1,0.72422945
1,1,0,0.41864195
1,1,1,0.7694117
1,1,1,0.6026464
1,1,1,0.5277392
1,0,1,0.54629534
1,1,1,0.7350598
1,1,0,0.49711123
1,1,1,0.5684733
1,0,0,0.41148102
1,1,1,0.573979
1,1,1,0.5567197
1,1,1,0.7563066
1,0,0,0.3758736
1,0,1,0.76869845
1,0,0,0.044643324
1,0,0,0.39869726
1,0,0,0.45039058
1,0,1,0.6619423
1,1,0,0.47103846
1,1,1,0.9233685
1,1,0,0.482073
1,0,0,0.40952694
1,0,1,0.5297422
1,0,1,0.5357863
1,1,1,0.70918983
1,1,1,0.5910237
1,0,1,0.5124244
1,0,0,0.17577311
1,0,1,0.568023
1,1,1,0.597201
1,0,0,0.30095354
1,1,1,0.6837873
1,0,0,0.14254953
1,0,0,0.4295996
1,1,1,0.69880664
1,0,0,0.36504263
1,0,0,0.12631907
1,1,1,0.72932
1,1,0,0.45529217
1,1,1,0.69400537
1,1,1,0.72108823
1,1,1,0.82416105
1,0,0,0.057911377
1,1,1,0.77794427
1,1,1,0.8240582
1,1,1,0.8374558
1,0,1,0.57381785
1,0,0,0.34167838
1,0,0,0.14059289
1,0,0,0.065769665
1,1,1,0.8458057
1,0,1,0.5481306
1,0,1,0.61311716
1,0,1,0.5484479
1,1,0,0.33378008
1,1,1,0.9267775
1,1,1,0.67070067
1,0,0,0.48819032
1,1,1,0.53713244
1,0,1,0.6306301
1,1,1,0.6715218
1,0,0,0.35549018
1,1,1,0.78954977
1,1,0,0.10223611
1,0,0,0.3825614
1,0,0,0.10474218
1,0,0,0.0920948
1,1,1,0.86043626
1,0,0,0.43109483
1,1,1,0.61285925
1,1,1,0.5837092
1,1,1,0.74507165
1,0,0,0.37889552
1,0,1,0.74233246
1,1,0,0.4580075
1,1,1,0.7266129
1,1,1,0.62112576
1,1,1,0.8245118
1,1,1,0.8304656
1,1,1,0.72788733
1,1,0,0.33354262
1,0,0,0.14402573
1,1,0,0.46307188
1,0,1,0.56672233
1,1,0,0.43046156
1,1,1,0.5189962
1,1,0,0.43222094
1,0,0,0.3633178
1,0,0,0.17374378
1,0,0,0.08498532
1,0,0,0.42836976
1,1,1,0.8494431
1,0,0,0.19498706
1,0,0,0.14903276
1,0,1,0.60456735
1,0,1,0.75784063
1,0,0,0.06837401
1,1,1,0.6188157
1,1,1,0.8725092
1,1,1,0.69106835
1,1,1,0.50937
1,1,1,0.8834177
1,1,1,0.84905285
1,1,1,0.7764811
1,0,0,0.18854529
1,1,1,0.7237772
1,0,0,0.4111614
1,0,0,0.17037486
1,0,0,0.44922125
1,1,1,0.81974894
1,0,0,0.39280838
1,0,0,0.43210462
1,1,1,0.85866505
1,1,0,0.20725316
1,0,0,0.4683734
1,1,1,0.64530617
1,0,0,0.19036014
1,1,1,0.8441361
1,0,0,0.28417644
1,0,1,0.83630854
1,0,0,0.20171942
1,0,0,0.2890594
1,1,1,0.90171736
1,0,0,0.06643311
1,0,1,0.61878383
1,0,0,0.24658336
1,0,1,0.71117276
1,1,1,0.83684343
1,0,0,0.36394235
1,0,0,0.29769734
1,1,1,0.7964166
1,0,1,0.6093461
1,1,1,0.7663639
1,1,1,0.5672211
1,0,1,0.5681323
1,0,1,0.5221598
1,1,1,0.61337984
1,1,1,0.6805659
1,1,1,0.7594181
1,0,0,0.47310826
1,0,0,0.42451352
1,0,0,0.18485662
1,1,1,0.674542
1,1,1,0.8481012
1,0,1,0.68299127
1,0,0,0.102291524
1,1,0,0.4058131
1,0,1,0.7548893
1,1,1,0.8170006
1,0,0,0.35983688
1,0,0,0.1732638
1,0,0,0.49284807
1,1,0,0.46853018
1,1,1,0.9240912
1,0,0,0.2199286
1,1,1,0.84461814
1,0,0,0.3943963
1,0,0,0.1260908
1,0,0,0.03749028
1,1,1,0.64504284
1,0,1,0.8161025
1,1,0,0.33322448
1,1,1,0.6982999
1,0,0,0.42690268
1,0,0,0.3756454
1,0,1,0.5127492
1,1,1,0.5846371
1,1,1,0.8262955
1,1,1,0.6009605
1,1,0,0.29240865
1,1,1,0.6517332
1,0,1,0.7852365
1,1,1,0.6596257
1,1,1,0.7187467
1,0,1,0.8773833
1,1,1,0.9347416
1,1,1,0.85186034
1,1,0,0.3820585
1,0,0,0.11347349
1,1,0,0.28535354
1,0,1,0.75322676
1,0,0,0.1133793
1,0,0,0.08335002
1,0,1,0.5731754
1,1,1,0.5525237
1,1,0,0.22122213
1,1,1,0.76050675
1,1,1,0.7282006
1,1,1,0.89458305
1,0,0,0.2378504
1,1,1,0.7648257
1,0,1,0.712791
1,1,0,0.28348124
1,1,1,0.8422699
1,1,1,0.6576374
1,1,1,0.81463987
1,0,0,0.27734846
1,1,1,0.8476427
1,0,0,0.11224828
1,1,0,0.29762045
1,1,1,0.83964235
1,0,1,0.8450319
1,1,1,0.7135827
1,1,0,0.2626349
1,1,0,0.18929243
1,0,0,0.27618882
1,1,0,0.3487272
1,1,1,0.61542803
1,0,0,0.089188986
1,1,1,0.6122709
1,0,0,0.20892195
1,1,0,0.3814481
1,0,0,0.33303782
1,0,0,0.10957595
1,0,1,0.6923899
1,0,0,0.4803393
1,0,1,0.64101243
1,1,1,0.77553374
1,0,1,0.56183434
1,0,0,0.26832798
1,0,0,0.25875175
1,1,1,0.73979735
1,0,1,0.6107325
1,0,1,0.6419792
1,1,1,0.53073305
1,1,1,0.614774
1,0,1,0.63393337
1,1,1,0.769507
1,0,1,0.7866736
1,0,0,0.44273275
1,0,1,0.5277356
1,0,1,0.85653436
1,1,1,0.8139363
1,1,1,0.5432109
1,0,0,0.3564557
1,0,0,0.25950515
1,0,0,0.102375716
1,1,1,0.6667172
1,0,1,0.60955065
1,1,1,0.79912734
1,1,1,0.71667475
1,0,0,0.26433358
1,1,1,0.6491087
1,1,0,0.4925528
1,1,0,0.37966096
1,1,0,0.2840567
1,0,1,0.80710596
1,0,0,0.14501613
1,0,1,0.5537585
1,0,0,0.16182594
1,0,1,0.8139971
1,0,1,0.81666887
1,1,1,0.5837981
1,0,0,0.36039364
1,1,1,0.59738374
1,0,1,0.54366904
1,0,0,0.29502758
1,1,1,0.6570621
1,0,0,0.09967419
1,1,0,0.38848093
1,0,0,0.1873506
1,1,1,0.5830673
1,0,0,0.47008505
1,1,1,0.5565955
1,0,0,0.2107404
1,0,0,0.4685164
1,1,1,0.65328777
1,1,1,0.5106371
1,1,0,0.10132998
1,1,0,0.38782507
1,0,1,0.625854
1,0,0,0.19458838
1,1,0,0.37951994
1,0,1,0.50881207
1,1,1,0.5864682
1,0,1,0.62453526
1,0,0,0.42775807
1,1,1,0.7307365
1,1,0,0.33778524
1,1,1,0.69109935
1,1,1,0.64960724
1,0,0,0.44429556
1,0,1,0.5977001
1,1,0,0.36751327
1,0,1,0.678952
1,1,1,0.7087827
1,0,1,0.5938297
1,1,1,0.63805956
1,1,1,0.8466104
1,1,0,0.47031695
1,0,1,0.7973933
1,0,0,0.3247059
1,1,1,0.74689955
1,0,0,0.3394605
1,0,1,0.85971206
1,0,1,0.6154443
1,0,0,0.38263988
1,1,1,0.73728806
1,0,0,0.39421728
1,1,1,0.77188736
1,1,1,0.8323244
1,1,1,0.6576121
1,1,1,0.82505095
1,1,1,0.77280205
1,0,1,0.52577853
1,0,1,0.5150777
1,0,1,0.60011566
1,1,1,0.784715
1,1,0,0.4283283
1,1,1,0.8871108
1,1,1,0.51241106
1,1,1,0.50499576
1,1,1,0.53264093
1,1,1,0.77807975
1,1,0,0.095641725
1,0,0,0.34316686
1,1,1,0.65201294
1,0,1,0.6712968
1,1,1,0.5180325
1,0,0,0.25054112
1,0,0,0.33522424
1,0,0,0.49918178
1,0,1,0.7004198
1,0,1,0.6537626
1,0,0,0.1693556
1,0,0,0.21334112
1,1,1,0.7095232
1,1,1,0.74129957
1,0,0,0.4498013
1,1,1,0.90452623
1,1,0,0.3077345
1,1,1,0.664199
1,0,1,0.7794731
1,1,1,0.7087494
1,1,0,0.146698
1,0,1,0.6494683
1,0,0,0.4849512
1,1,1,0.8936861
1,1,0,0.16317552
1,1,1,0.6955332
1,0,1,0.84786034
1,0,0,0.47351897
1,1,0,0.31464374
1,0,1,0.6444665
1,0,0,0.31420925
1,0,0,0.46953076
1,0,0,0.45696697
1,0,1,0.5833225
1,0,1,0.6179872
1,1,0,0.4139181
1,1,1,0.9070087
1,1,0,0.39239126
1,0,0,0.2333318
1,0,0,0.3812515
1,1,1,0.68663526
1,0,0,0.21879448
1,0,0,0.21816249
1,1,1,0.7661041
1,1,1,0.81654763
1,1,1,0.54725486
1,0,0,0.30091628
1,1,0,0.41329217
1,0,0,0.13731316
1,0,0,0.32217714
1,0,0,0.4605418
1,0,1,0.70723605
1,0,0,0.32863617
1,1,0,0.3703422
1,0,0,0.296405
1,1,1,0.62096703
1,1,1,0.842174
1,0,0,0.40919626
1,0,1,0.5381205
1,0,0,0.15535197
1,0,0,0.07171473
1,1,1,0.7973458
1,0,1,0.62797636
1,1,1,0.81767446
1,1,1,0.78656095
1,0,1,0.67355597
1,1,1,0.90781116
1,0,0,0.17758788
1,0,0,0.18322277
1,0,0,0.1272142
1,1,1,0.6757005
1,1,1,0.5997205
1,1,1,0.82875323
1,0,0,0.17973612
1,1,1,0.6486592
1,0,0,0.3576214
1,1,0,0.08620703
1,0,0,0.24945742
1,0,0,0.38922027
1,1,1,0.81325006
1,1,1,0.5891795
1,1,0,0.40740967
1,0,0,0.33329916
1,0,0,0.16818096
1,1,1,0.7750748
1,1,1,0.68729156
1,1,1,0.7575841
1,0,1,0.5977109
1,1,1,0.6059131
1,1,1,0.73394847
1,0,0,0.4308905
1,0,0,0.28578728
1,1,1,0.54340893
1,1,1,0.70330614
1,1,1,0.7260714
1,0,0,0.41059095
1,0,0,0.4545501
1,0,0,0.3252075
1,0,0,0.43891886
1,0,0,0.11577558
1,0,0,0.44821015
1,0,1,0.7449312
1,1,1,0.72291476
1,0,1,0.54554516
1,0,1,0.5967742
1,1,1,0.5348733
1,0,1,0.6816453
1,0,1,0.7275428
1,0,0,0.25338957
1,1,1,0.6729533
1,0,1,0.6697264
1,1,1,0.840504
1,1,0,0.1522063
1,1,0,0.16092853
1,1,1,0.7906659
1,1,1,0.77275527
1,1,1,0.6940808
1,0,0,0.24767892
1,1,1,0.80642873
1,0,1,0.71351486
1,0,1,0.611945
1,1,1,0.6711111
1,1,1,0.80171233
1,0,0,0.19533631
1,1,0,0.44858363
1,0,0,0.18516299
1,1,1,0.64772236
1,0,0,0.16145866
1,1,1,0.61651826
1,0,0,0.33221188
1,1,1,0.7083198
1,1,0,0.45734698
1,1,1,0.506756
1,1,0,0.4118312
1,1,0,0.4847892
1,1,0,0.23195803
1,0,1,0.7254955
1,0,0,0.34051687
1,0,0,0.23936689
1,0,0,0.4408727
1,0,0,0.4229255
1,1,0,0.22915874
1,1,1,0.789043
1,1,0,0.21083757
1,0,0,0.35631162
1,0,1,0.61162984
1,0,1,0.7168564
1,0,0,0.39647153
1,1,0,0.3348718
1,0,0,0.37630755
1,0,0,0.48286512
1,0,0,0.10667533
1,0,0,0.14333595
1,0,0,0.087467395
1,1,1,0.60756487
1,1,0,0.32894525
1,1,1,0.72476465
1,1,1,0.69684297
1,1,1,0.5431279
1,1,1,0.74811244
1,1,1,0.80831236
1,0,0,0.09322947
1,1,1,0.77453184
1,0,1,0.62987715
1,1,0,0.31788158
1,0,0,0.15888362
1,0,1,0.5469345
1,1,0,0.40171006
1,1,1,0.82993025
1,0,1,0.760516
1,0,0,0.33040708
1,0,0,0.33297896
1,0,1,0.80425406
1,0,0,0.31106722
1,1,1,0.9236008
1,1,1,0.6131401
1,1,1,0.8240806
1,1,1,0.8623803
1,1,1,0.541739
1,0,0,0.34873572
1,0,0,0.05633411
1,0,1,0.5286121
1,0,1,0.7078547
1,1,1,0.75371957
1,1,1,0.8029796
1,0,0,0.369995
1,0,1,0.6129193
1,0,0,0.1418217
1,0,0,0.370312
1,1,1,0.7567828
1,0,0,0.057154465
1,0,0,0.23899232
1,0,0,0.24480715
1,1,1,0.6687722
1,0,0,0.12761734
1,1,1,0.63726133
1,1,1,0.9124105
1,1,1,0.6580555
1,0,0,0.3596337
1,1,1,0.89624655
1,0,0,0.15564264
1,1,1,0.8944075
1,1,1,0.9069462
1,0,1,0.519896
1,1,1,0.8313931
1,0,1,0.66676426
1,0,1,0.7340996
1,1,1,0.72933495
1,1,0,0.36986277
1,1,0,0.34464425
1,1,1,0.70751286
1,1,0,0.3466556
1,1,1,0.8191592
1,0,1,0.7719333
1,0,0,0.32483622
1,0,1,0.78001827
1,0,1,0.5447233
1,0,0,0.30690733
1,1,1,0.77462
1,1,1,0.77135646
1,1,1,0.57549113
1,0,1,0.7794139
1,0,0,0.3587905
1,1,0,0.47580186
1,1,0,0.44396356
1,1,0,0.40094793
1,0,1,0.5080597
1,1,0,0.40094826
1,0,0,0.39599583
1,0,0,0.4792817
1,1,0,0.4797524
1,1,1,0.60679114
1,1,1,0.52097875
1,1,0,0.4512375
1,1,1,0.8795836
1,1,1,0.6120129
1,0,0,0.37764546
1,0,0,0.33777413
1,1,1,0.85767853
1,1,1,0.56048596
1,0,0,0.3663008
1,0,0,0.07368483
1,1,1,0.77910227
1,1,1,0.66543096
1,0,0,0.21718882
1,0,1,0.8144447
1,0,1,0.5742447
1,1,1,0.6128042
1,1,1,0.9053824
1,0,1,0.58163124
1,1,1,0.7977449
1,1,1,0.5183058
1,0,0,0.2862937
1,1,1,0.67282724
1,0,0,0.2764035
1,1,1,0.74115217
1,0,1,0.51451164
1,0,1,0.852268
1,1,1,0.5005598
1,0,0,0.49099
1,0,0,0.25853682
1,1,0,0.3767114
1,0,0,0.28132284
1,0,0,0.37119207
1,0,1,0.64826334
1,1,1,0.6961666
1,1,0,0.49171814
1,0,0,0.49555677
1,1,1,0.8300163
1,1,1,0.5017329
1,1,1,0.70618284
1,1,0,0.28176138
1,0,0,0.24896191
1,0,0,0.35120347
1,0,0,0.31970292
1,1,0,0.25749815
1,0,1,0.6406401
1,0,0,0.4174407
1,1,1,0.5298029
1,1,1,0.6018872
1,1,0,0.41061786
1,1,0,0.39932624
1,1,0,0.24883465
1,1,1,0.86747277
1,0,0,0.34940237
1,1,1,0.593496
1,1,0,0.37003708
1,0,0,0.4173544
1,0,0,0.18560676
1,1,1,0.87618953
1,1,1,0.57070976
1,0,1,0.59618276
1,1,0,0.4621189
1,0,0,0.46307474
1,1,1,0.7708012
1,1,1,0.71286875
1,0,0,0.14065652
1,0,1,0.79965836
1,1,1,0.9123023
1,0,1,0.662052
1,0,1,0.68579507
1,1,0,0.38122997
1,0,0,0.48521197
1,0,0,0.32999024
1,0,1,0.7208198
1,1,0,0.43691042
1,0,0,0.25433394
1,1,1,0.82155764
1,1,1,0.6295326
1,1,1,0.7943456
1,0,0,0.2820482
1,1,1,0.84540075
1,0,1,0.7696476
1,0,0,0.42642272
1,0,1,0.5051376
1,1,1,0.8316185
1,1,1,0.5881067
1,0,0,0.43687817
1,0,0,0.36211073
1,0,0,0.36654186
1,0,1,0.603692
1,0,0,0.26497707
1,1,1,0.6725479
1,1,1,0.7952733
1,0,0,0.33310995
1,0,0,0.1706711
1,0,1,0.7414502
1,0,0,0.08517585
1,1,1,0.64409536
1,1,1,0.74648654
1,1,0,0.4288682
1,1,0,0.3863297
1,0,1,0.6283996
1,0,0,0.16788132
1,1,1,0.6510669
1,1,1,0.52444696
1,0,0,0.30927163
1,0,0,0.3518201
1,1,1,0.5999351
1,0,0,0.33420202
1,0,0,0.37280053
1,1,0,0.33870798
1,1,0,0.43331984
1,0,1,0.77255136
1,1,1,0.7585044
1,1,1,0.72155076
1,0,1,0.5004586
1,0,0,0.31196272
1,1,1,0.716227
1,0,0,0.4376233
1,0,1,0.6441555
1,0,1,0.5014017
1,0,0,0.25152165
1,0,0,0.3438379
1,1,0,0.4221628
1,1,0,0.4935638
1,0,0,0.18075211
1,0,1,0.5934279
1,1,1,0.67812204
1,0,0,0.46200466
1,1,1,0.6394065
1,1,0,0.49783075
1,0,1,0.5949135
1,1,1,0.72205716
1,0,0,0.23774265
1,1,1,0.86908966
1,0,0,0.4636869
1,0,0,0.4644248
1,1,0,0.15510279
1,1,0,0.48716602
1,0,0,0.2672826
1,1,1,0.7485077
1,0,0,0.08006379
1,0,0,0.3921905
1,1,1,0.516413
1,0,0,0.34141174
1,0,0,0.29533568
1,1,0,0.33406764
1,0,0,0.18795832
1,0,0,0.087927975
1,1,1,0.5295139
1,0,1,0.5325119
1,0,0,0.3104099
1,1,0,0.49136078
1,0,0,0.08214799
1,1,1,0.579187
1,0,1,0.6315143
1,0,1,0.5068061
1,1,0,0.23025762
1,0,0,0.19118519
1,0,0,0.12458125
1,0,0,0.0730571
1,1,0,0.4679851
1,0,0,0.27051833
1,0,0,0.2942457
1,0,0,0.12802432
1,1,0,0.3160612
1,0,0,0.4513419
1,0,0,0.16786806
1,0,0,0.12805288
1,0,0,0.13031107
1,0,1,0.6522514
1,0,0,0.16401409
1,0,0,0.28977177
1,0,0,0.48040095
1,0,0,0.1817101
1,1,0,0.23304212
1,1,0,0.22908916
1,1,0,0.25679767
1,0,0,0.37128565
1,0,0,0.24198812
1,0,0,0.25339004
1,1,0,0.4298588
1,1,0,0.3932422
1,1,1,0.62706625
1,1,0,0.45700362
1,1,0,0.1306214
1,0,0,0.21723428
1,0,0,0.08944334
1,1,0,0.2717776
1,1,0,0.42879093
1,1,0,0.2764484
1,0,0,0.27333838
1,1,0,0.3240215
1,1,0,0.4369475
1,1,1,0.59667194
1,1,0,0.398405
1,0,0,0.13413593
1,0,0,0.15251112
1,0,0,0.09128301
1,0,0,0.26741713
1,0,0,0.13695323
1,0,0,0.24865678
1,0,0,0.06722999
1,0,0,0.21102852
1,1,0,0.16828135
1,0,1,0.54486805
1,0,1,0.73178744
1,1,1,0.66905314
1,0,0,0.32541484
1,0,0,0.14086685
1,0,0,0.1560836
1,0,0,0.25407812
1,0,0,0.28257677
1,0,0,0.23945417
1,1,0,0.17919976
1,1,0,0.47796923
1,0,0,0.14981867
1,1,0,0.37905276
1,0,0,0.2571318
1,0,0,0.13157766
1,1,0,0.2958703
1,0,0,0.10735255
1,1,1,0.5919369
1,0,0,0.43941993
1,0,0,0.113349766
1,1,1,0.8821006
1,0,0,0.2313092
1,1,0,0.13629545
1,0,0,0.16368948
1,1,0,0.27225205
1,1,0,0.25398582
1,0,0,0.13928291
1,1,1,0.8580677
1,1,1,0.83431053
1,0,1,0.55073565
1,1,1,0.8545047
1,0,0,0.035832617
1,0,0,0.111742094
1,0,0,0.09469851
1,1,0,0.11100063
1,0,1,0.66834116
1,0,0,0.12658992
1,0,0,0.15680179
1,0,1,0.7068699
1,1,0,0.07061465
1,1,0,0.3715285
1,0,0,0.39348152
1,0,0,0.12607715
1,0,0,0.45331436
1,1,0,0.12769002
1,0,0,0.13643162
1,1,1,0.6578403
1,0,0,0.46205002
1,0,1,0.7048363
1,1,1,0.6532652
1,0,0,0.45534378
1,1,1,0.7746914
1,1,1,0.85886496
1,0,0,0.36106595
1,1,1,0.830643
1,1,1,0.7862805
1,1,1,0.74074745
1,1,1,0.91652805
1,1,1,0.8563724
1,0,0,0.33902737
1,1,1,0.78597754
1,1,1,0.76252574
1,1,1,0.90331864
1,0,1,0.70052135
1,1,1,0.6794108
1,0,0,0.310925
1,1,1,0.9143135
1,0,1,0.57911074
1,0,1,0.640048
1,0,0,0.0608428
1,0,0,0.14095388
1,1,0,0.27362755
1,0,0,0.17120634
1,1,0,0.15093458
1,1,0,0.065322965
1,0,0,0.4017871
1,0,0,0.11132228
1,0,0,0.28770277
1,0,0,0.4893981
1,1,0,0.3519071
1,0,0,0.21629983
1,1,0,0.17418957
1,0,0,0.17446384
1,0,0,0.32791382
1,1,0,0.29027018
1,1,0,0.28454858
1,1,0,0.084314585
1,1,0,0.08435009
1,1,0,0.20705895
1,1,0,0.34096512
1,1,0,0.17556606
1,0,1,0.5379299
1,0,0,0.2130286
1,0,0,0.28054655
1,0,1,0.5765384
1,0,0,0.2759299
1,0,0,0.33053496
1,1,0,0.20549525
1,0,0,0.07615908
1,0,1,0.53339
1,0,0,0.16342351
1,0,0,0.36459002
1,1,0,0.22384715
1,1,0,0.27669045
1,0,0,0.15999907
1,1,1,0.59469175
1,1,1,0.5759571
1,0,0,0.31079492
1,1,1,0.6024054
1,0,0,0.22773682
1,0,0,0.2635487
1,1,1,0.53179973
1,0,1,0.69907254
1,0,0,0.37210223
1,0,1,0.50534165
1,1,0,0.4645321
1,0,0,0.11471577
1,0,0,0.2174857
1,0,0,0.09795479
1,1,0,0.06618491
1,1,0,0.38465416
1,0,0,0.49980396
1,1,1,0.57342696
1,0,0,0.33935884
1,1,1,0.6556177
1,0,1,0.52956116
1,0,1,0.85366315
1,1,0,0.4778708
1,1,0,0.42093024
1,0,0,0.41800871
1,0,1,0.5757604
1,0,0,0.084287606
1,1,1,0.58311284
1,0,0,0.32400206
1,0,0,0.22324497
1,1,0,0.47278285
1,1,1,0.5193751
1,0,1,0.55897856
1,1,0,0.49537656
1,1,1,0.83622336
1,1,0,0.372808
1,1,1,0.7668739
1,1,1,0.7568871
1,1,1,0.5399132
1,1,1,0.8936751
1,1,0,0.34020442
1,0,1,0.62736064
1,0,1,0.54125255
1,0,1,0.57914966
1,0,0,0.13189305
1,0,1,0.7943822
1,1,1,0.8223893
1,1,1,0.8727482
1,0,0,0.2654032
1,1,1,0.76565707
1,1,1,0.5351542
1,0,0,0.15679404
1,0,0,0.06703955
1,0,0,0.08827438
1,0,0,0.19351308
1,0,1,0.77393556
1,0,1,0.52893317
1,1,1,0.6412355
1,0,1,0.77343935
1,0,1,0.54406303
1,0,1,0.6364361
1,1,0,0.49592546
1,0,1,0.6267557
1,1,1,0.7500825
1,0,1,0.5596333
1,0,1,0.6014914
1,1,0,0.2585044
1,0,1,0.6018063
1,1,0,0.31802458
1,0,1,0.6148902
1,1,1,0.5633706
1,0,1,0.5653817
1,0,0,0.3724745
1,1,0,0.30686882
1,0,0,0.23986468
1,0,1,0.70983684
1,0,1,0.6024891
1,1,1,0.6707284
1,1,1,0.59343594
1,0,1,0.5190336
1,1,0,0.3787415
1,1,0,0.24437514
1,0,0,0.38770244
1,0,0,0.48092732
1,0,0,0.37972522
1,0,0,0.3030146
1,1,0,0.25691283
1,1,1,0.6694042
1,0,0,0.3011415
1,1,1,0.7663142
1,1,1,0.85256
1,1,1,0.5004882
1,1,1,0.6600932
1,1,1,0.8254484
1,0,0,0.21574275
1,0,1,0.58492064
1,1,1,0.64019907
1,0,1,0.57988304
1,1,1,0.7977924
1,0,1,0.5057093
1,0,1,0.5352245
1,0,0,0.38868183
1,0,0,0.31327933
1,0,0,0.14224754
1,0,1,0.59208965
1,0,1,0.7300436
1,0,0,0.46214297
1,1,1,0.86056566
1,1,1,0.6943514
1,1,1,0.7831949
1,1,1,0.7416446
1,0,1,0.5176027
1,1,1,0.8656689
1,1,1,0.5553878
1,1,1,0.88820815
1,0,0,0.23332766
1,1,1,0.8753817
1,0,1,0.8624586
1,0,1,0.50075406
1,0,0,0.24589063
1,1,1,0.6700778
1,1,1,0.89389646
1,0,0,0.44589105
1,1,1,0.70020336
1,1,1,0.74453455
1,1,1,0.9051382
1,1,1,0.7919674
1,0,1,0.6486662
1,0,1,0.60326815
1,1,1,0.76672184
1,0,0,0.43605113
1,1,1,0.6874333
1,0,1,0.6198975
1,0,1,0.7723565
1,1,1,0.85424256
1,1,1,0.7775558
1,1,1,0.84055686
1,1,1,0.7255088
1,1,1,0.6588752
1,1,1,0.80374354
1,1,1,0.6094081
1,1,1,0.6493369
1,1,1,0.73501366
1,1,1,0.81351274
1,1,1,0.7810239
1,0,0,0.40912816
1,0,0,0.23177406
1,1,1,0.70890886
1,0,1,0.6841681
1,0,1,0.7263408
1,0,0,0.3041003
1,0,0,0.09791222
1,1,1,0.55851895
1,0,0,0.43487132
1,1,1,0.8985329
1,0,0,0.47107473
1,0,0,0.31682724
1,1,1,0.7547186
1,0,1,0.7532343
1,0,0,0.082419276
1,0,1,0.8769959
1,1,1,0.6337361
1,0,1,0.74680805
1,1,1,0.5612284
1,1,1,0.869746
1,0,1,0.7882828
1,0,0,0.3226307
1,1,1,0.8188809
1,0,0,0.47821787
1,1,1,0.8696469
1,0,0,0.46147838
1,0,0,0.24778713
1,1,1,0.93079877
1,1,1,0.83898145
1,0,1,0.53839266
1,0,0,0.13858709
1,0,0,0.10999706
1,0,0,0.099329986
1,1,1,0.82892996
1,1,1,0.8988747
1,0,0,0.13800867
1,1,1,0.82832295
1,0,0,0.2603345
1,1,1,0.81334865
1,1,1,0.8176134
1,1,1,0.8585224
1,1,1,0.8495182
1,1,1,0.52520347
1,0,1,0.5003952
1,0,1,0.7882828
1,1,1,0.787446
1,1,1,0.8212748
1,1,1,0.8615094
1,1,1,0.7817144
1,0,1,0.8696469
1,0,0,0.46147838
1,0,0,0.24778713
1,1,1,0.8913385
1,1,1,0.8461809
1,1,1,0.5822024
1,1,1,0.7134327
1,1,0,0.45634258
1,1,1,0.6254857
1,0,0,0.16936573
1,1,1,0.7223387
1,1,0,0.45285678
1,0,0,0.26866746
1,0,0,0.4451172
1,0,0,0.4805946
1,0,0,0.2704593
1,0,0,0.4640286
1,0,0,0.15130351
1,0,0,0.39819232
1,0,0,0.27723846
1,0,0,0.2396957
1,1,1,0.503481
1,1,1,0.725605
1,1,1,0.65509224
1,0,0,0.43608636
1,0,0,0.17304793
1,0,1,0.6069525
1,0,0,0.08320311
1,0,0,0.09330268
1,0,0,0.10512376
1,0,0,0.168673
1,0,0,0.38885486
1,0,0,0.34543443
1,1,0,0.25414002
1,1,0,0.46877682
1,0,0,0.28068042
1,1,0,0.37660658
1,0,0,0.2107542
1,0,0,0.17628889
1,0,0,0.25018087
1,0,0,0.13429067
1,0,1,0.56062514
1,0,0,0.09705731
1,0,0,0.33717278
1,0,0,0.11138899
1,0,0,0.4110342
1,0,0,0.23690711
1,0,0,0.2041486
1,0,0,0.07863726
1,0,0,0.09353062
1,0,0,0.10783603
1,0,0,0.36539906
1,0,0,0.12061403
1,0,1,0.5559201
1,0,1,0.60808074
1,0,0,0.18411934
1,0,0,0.29603633
1,0,0,0.3423776
1,0,0,0.26658195
1,0,1,0.56190157
1,1,0,0.2464117
1,0,0,0.36481124
1,0,0,0.30466372
1,0,0,0.2524616
1,0,0,0.36078706
1,0,0,0.461667
1,0,0,0.09868871
1,0,0,0.07862528
1,0,1,0.5009988
1,1,0,0.19308533
1,1,0,0.18085636
1,0,0,0.11776219
1,0,0,0.11896734
1,0,0,0.19639312
1,0,0,0.24649596
1,0,0,0.3936977
1,0,0,0.16597189
1,1,0,0.19263305
1,0,0,0.3510821
1,0,0,0.17260855
1,1,0,0.20662345
1,0,0,0.22525303
1,0,0,0.28723538
1,0,0,0.2911652
1,1,0,0.35878125
1,1,0,0.47116342
1,1,0,0.35366896
1,0,1,0.6095034
1,1,0,0.043321624
1,0,0,0.07235376
1,1,1,0.71542746
1,1,0,0.33073497
1,0,1,0.5364025
1,0,0,0.32803625
1,1,0,0.2851768
1,0,0,0.3639216
1,0,0,0.19574198
1,0,1,0.5099615
1,0,0,0.22572312
1,0,0,0.06615751
1,0,0,0.13685206
1,0,1,0.516202
1,1,1,0.6054009
1,0,0,0.43539742
1,0,1,0.5119476
1,1,0,0.08649234
1,1,0,0.38288105
1,0,0,0.11572956
1,1,0,0.09122692
1,1,0,0.22851306
1,0,0,0.27852333
1,1,0,0.13574226
1,0,0,0.38366547
1,0,1,0.5192174
1,1,0,0.4116908
1,1,0,0.48868683
1,0,0,0.39484817
1,1,0,0.22515799
1,1,0,0.40028745
1,0,0,0.36268538
1,0,1,0.5982556
1,1,0,0.2829503
1,1,0,0.2994797
1,1,1,0.5123721
1,0,0,0.08575839
1,0,0,0.11165845
1,1,0,0.4211906
1,1,0,0.07240041
1,1,1,0.64755094
1,0,0,0.13270143
1,1,0,0.38132095
1,0,0,0.0750407
1,0,0,0.12425121
1,0,1,0.60355484
1,0,0,0.3402822
1,0,0,0.35271913
1,1,0,0.26045355
1,1,0,0.4047395
1,0,1,0.66812986
1,0,0,0.31489655
1,0,1,0.54733145
1,0,0,0.03864415
1,1,1,0.6079373
1,1,1,0.67006946
1,0,0,0.067758776
1,1,1,0.779019
1,0,0,0.21212864
1,0,0,0.15554905
1,0,0,0.08252291
1,1,0,0.1895783
1,1,0,0.16687757
1,1,0,0.100399345
1,0,0,0.3102744
1,0,0,0.07017071
1,0,0,0.116093546
1,0,0,0.30546904
1,0,0,0.3418206
1,0,0,0.053958055
1,0,1,0.67762345
1,1,1,0.76778567
1,1,1,0.6779345
1,1,0,0.22515799
1,1,0,0.29045942
1,1,0,0.37821332
1,0,0,0.14488824
1,0,0,0.21557477
1,0,0,0.052474976
1,0,0,0.06088982
1,1,1,0.56581
1,1,0,0.31233472
1,0,0,0.42111677
1,0,0,0.07062661
1,0,0,0.2351383
1,0,0,0.25601226
1,1,1,0.62283653
1,0,0,0.26018548
1,0,0,0.28650495
1,1,0,0.12926623
1,0,0,0.05492502
1,0,0,0.375529
1,1,0,0.35847968
1,0,0,0.2633776
1,0,0,0.107215956
1,0,0,0.1506396
1,0,1,0.52257895
1,0,0,0.055545412
1,0,0,0.20764679
1,0,0,0.05515829
1,1,0,0.19231133
1,1,0,0.32059297
1,0,0,0.061848328
1,0,0,0.19290231
1,1,0,0.2998706
1,0,0,0.0664615
1,0,0,0.19796117
1,0,0,0.45616177
1,0,0,0.47501612
1,1,0,0.16606022
1,1,0,0.1651209
1,0,0,0.15944989
1,1,0,0.46575114
1,1,1,0.5893214
1,0,1,0.59612817
1,1,0,0.16067648
1,0,0,0.12100546
1,0,0,0.18480062
1,0,0,0.14566374
1,0,0,0.09552145
1,1,1,0.81096154
1,1,1,0.6916487
1,1,1,0.5364566
1,0,1,0.6724734
1,1,0,0.31992978
1,1,0,0.29156512
1,0,1,0.5444502
1,0,0,0.22318482
1,0,1,0.5505721
1,0,0,0.21084903
1,1,0,0.2782289
1,0,0,0.3149376
1,0,0,0.062294617
1,1,1,0.76051277
1,0,0,0.33280116
1,0,0,0.23832045
1,0,0,0.15781575
1,0,0,0.26404816
1,0,0,0.12309299
1,0,0,0.058744885
1,0,0,0.28265783
1,0,0,0.09014784
1,0,0,0.08068118
1,0,0,0.1211166
1,0,0,0.1305196
1,0,0,0.32979846
1,0,0,0.13004522
1,1,0,0.41414386
1,1,0,0.35085666
1,0,0,0.21281502
1,0,0,0.22735332
1,0,0,0.06939254
1,0,0,0.12570669
1,1,0,0.1640417
1,1,0,0.27368778
1,0,0,0.18295945
1,0,0,0.23560418
1,1,0,0.35645708
1,0,0,0.21940565
1,1,1,0.54948866
1,1,0,0.42288566
1,0,0,0.087839775
1,0,0,0.39828452
1,0,0,0.07615118
1,1,1,0.68880934
1,1,1,0.7747896
1,0,0,0.17004457
1,0,1,0.5732138
1,0,0,0.28840014
1,0,0,0.25974283
1,1,1,0.6410766
1,0,0,0.040989015
1,0,0,0.09775336
1,1,1,0.6959069
1,1,0,0.43126458
1,0,1,0.66741484
1,0,0,0.44701532
1,0,1,0.55733335
1,0,1,0.65399176
1,0,0,0.31165263
1,0,0,0.18271522
1,0,0,0.2936875
1,1,1,0.8432478
1,0,1,0.7300245
1,1,1,0.6880699
1,0,0,0.45944238
1,1,1,0.8043733
1,0,0,0.31804308
1,1,1,0.85254276
1,0,0,0.26913396
1,0,0,0.40989587
1,1,1,0.88087076
1,0,0,0.23216887
1,1,1,0.5940934
1,0,0,0.4542349
1,0,0,0.06364711
1,1,1,0.63709533
1,0,0,0.43176973
1,1,1,0.9479285
1,0,1,0.6231147
1,1,1,0.5005598
1,0,0,0.4808707
1,0,1,0.55197483
1,0,1,0.50014096
1,1,1,0.76686174
1,1,1,0.83636767
1,1,1,0.9244877
1,0,0,0.40847692
1,1,1,0.69415045
1,0,0,0.06674821
1,0,0,0.35344207
1,0,0,0.4193279
1,1,1,0.7733766
1,0,1,0.55220217
1,1,1,0.5082944
1,1,0,0.47472855
1,0,0,0.41490257
1,0,1,0.52013135
1,1,0,0.45436487
1,0,1,0.74399537
1,0,0,0.24660702
1,0,0,0.05224582
1,1,0,0.333666
1,1,1,0.7327099
1,0,0,0.3793206
1,1,1,0.85220766
1,0,1,0.7803655
1,1,1,0.6192715
1,0,0,0.21582666
1,0,1,0.75722855
1,0,1,0.6531438
1,1,1,0.84400135
1,1,0,0.30547172
1,0,0,0.058462977
1,0,0,0.14314671
1,0,0,0.45796803
1,0,1,0.5280535
1,1,0,0.4803518
1,1,1,0.6317453
1,1,1,0.5764249
1,1,1,0.567987
1,1,1,0.7745101
1,1,0,0.44913512
1,0,0,0.41138467
1,1,1,0.8370823
1,0,0,0.44870856
1,1,1,0.6724686
1,0,0,0.29077476
1,1,1,0.8436136
1,1,1,0.8251944
1,1,1,0.7982426
1,1,1,0.821851
1,0,1,0.6454643
1,0,1,0.5296156
1,0,0,0.1205114
1,1,1,0.714279
1,1,1,0.73707527
1,0,0,0.47572154
1,1,0,0.40880242
1,1,1,0.6106449
1,0,0,0.10244405
1,0,1,0.64750147
1,0,1,0.5296993
1,1,1,0.7674993
1,0,0,0.48941746
1,1,1,0.8054373
1,0,1,0.59498376
1,1,1,0.856498
1,0,1,0.80824417
1,1,1,0.64575064
1,1,1,0.54696536
1,0,1,0.6602135
1,1,1,0.50974715
1,0,0,0.098170824
1,1,1,0.7790613
1,0,0,0.26219743
1,1,1,0.5163366
1,0,0,0.30718318
1,0,0,0.36652273
1,0,1,0.727167
1,1,1,0.75911283
1,1,1,0.66970897
1,0,1,0.6005868
1,1,0,0.41848984
1,1,1,0.6064549
1,0,0,0.25997943
1,1,0,0.42838696
1,0,1,0.71124035
1,1,0,0.4489834
1,1,1,0.6890791
1,0,1,0.6040711
1,1,1,0.5619724
1,1,1,0.55154395
1,1,1,0.60563445
1,1,1,0.6073398
1,0,0,0.3755198
1,0,0,0.47790202
1,1,1,0.78716487
1,0,0,0.47473404
1,0,0,0.19445725
1,1,1,0.6088845
1,0,1,0.58125716
1,1,1,0.86420447
1,1,0,0.13858034
1,0,0,0.12084776
1,0,0,0.11179751
1,0,0,0.051862687
1,1,0,0.31150836
1,0,0,0.11920569
1,1,0,0.30485332
1,0,0,0.23620723
1,1,1,0.8525367
1,1,1,0.77766275
1,1,1,0.6322886
1,1,1,0.61962956
1,1,1,0.6103504
1,1,1,0.6576121
1,0,1,0.7445936
1,1,1,0.7532572
1,1,1,0.8730148
1,0,1,0.8795181
1,0,0,0.4433322
1,1,1,0.7965637
1,1,1,0.8727903
1,1,0,0.49230254
1,0,0,0.062291626
1,0,0,0.16552499
1,1,1,0.740531
1,0,0,0.2153519
1,1,1,0.75200146
1,0,0,0.22879371
1,0,0,0.48049605
1,0,1,0.65485466
1,1,1,0.7576661
1,1,1,0.86370015
1,1,1,0.8904663
1,1,1,0.65539294
1,1,1,0.7556625
1,1,1,0.9145052
1,0,1,0.67912984
1,1,1,0.5791729
1,1,0,0.25924855
1,1,1,0.8929222
1,1,1,0.64829445
1,1,1,0.86196375
1,0,0,0.27119082
1,0,1,0.7578961
1,1,1,0.7953219
1,1,0,0.32340568
1,1,1,0.6993691
1,1,1,0.80229
1,1,1,0.6584163
1,1,0,0.48770002
1,0,0,0.21912766
1,0,1,0.5274053
1,0,0,0.111027
1,1,1,0.6026476
1,0,0,0.21048321
1,1,1,0.6910588
1,0,0,0.15671247
1,0,1,0.690262
1,0,1,0.6647603
1,1,0,0.1579333
1,0,0,0.21835431
1,0,1,0.5858727
1,0,0,0.12064162
1,0,1,0.9273572
1,0,1,0.57914513
1,1,1,0.75155306
1,0,0,0.4229251
1,0,0,0.43232208
1,0,0,0.3805222
1,1,1,0.7054
1,1,1,0.6521949
1,1,1,0.64859253
1,1,1,0.7261102
1,0,0,0.15797213
1,1,0,0.37278998
1,1,0,0.18226351
1,1,1,0.8416455
1,1,0,0.43332303
1,0,0,0.1020815
1,1,1,0.7303764
1,1,1,0.63592184
1,0,1,0.7973933
1,0,0,0.16198148
1,0,1,0.7219441
1,0,1,0.6154443
1,0,0,0.38263988
1,0,1,0.7602911
1,1,1,0.8757698
1,1,1,0.70286924
1,1,1,0.86037236
1,0,1,0.80359364
1,1,1,0.5655881
1,1,0,0.40995616
1,1,0,0.40419546
1,0,1,0.51708746
1,1,0,0.46374062
1,1,1,0.5480398
1,0,1,0.5581131
1,1,0,0.46162838
1,1,1,0.671076
1,0,0,0.22341688
1,0,1,0.8467651
1,0,1,0.5890681
1,0,0,0.37650484
1,1,1,0.78582716
1,1,1,0.6362586
1,1,1,0.8769208
1,0,0,0.40181273
1,0,0,0.40051904
1,1,1,0.69639
1,0,1,0.7330327
1,0,0,0.4350671
1,1,1,0.7180139
1,0,0,0.39537552
1,0,1,0.71318585
1,1,1,0.76456213
1,0,0,0.42237464
1,0,0,0.35643607
1,0,1,0.5484328
1,1,1,0.85160816
1,0,1,0.7327187
1,1,1,0.8126049
1,0,1,0.6725061
1,1,1,0.8542818
1,0,1,0.54204
1,1,1,0.7475034
1,1,1,0.7096834
1,1,1,0.8577083
1,0,1,0.7439046
1,1,0,0.41517404
1,0,0,0.36928657
1,0,1,0.72219795
1,0,0,0.37352553
1,1,1,0.5270802
1,0,0,0.35985684
1,0,0,0.32708606
1,1,1,0.583446
1,1,1,0.65277946
1,0,0,0.42847857
1,1,0,0.48279783
1,0,0,0.19684257
1,1,1,0.64451545
1,1,1,0.56786376
1,1,0,0.34221283
1,0,0,0.14742304
1,1,1,0.77036214
1,0,0,0.47400776
1,1,1,0.8435236
1,1,0,0.47479296
1,1,0,0.44818228
1,1,1,0.84429777
1,0,1,0.6073702
1,0,0,0.47819805
1,0,0,0.16745076
1,1,1,0.8860141
1,1,1,0.84011394
1,0,1,0.64462054
1,1,1,0.70451206
1,1,1,0.76216793
1,1,1,0.7648151
1,0,0,0.37843817
1,1,1,0.8685599
1,0,0,0.39663374
1,1,1,0.7532511
1,1,1,0.9350067
1,1,1,0.9229535
1,0,1,0.5887958
1,0,1,0.5537357
1,0,1,0.54536664
1,1,1,0.865691
1,1,1,0.745166
1,1,1,0.6295326
1,1,1,0.7943456
1,0,0,0.2820482
1,1,1,0.84540075
1,0,1,0.7696476
1,0,0,0.42642272
1,0,1,0.5051376
1,1,0,0.2712103
1,1,1,0.50480896
1,1,1,0.5712679
1,0,0,0.24335097
1,0,0,0.21711978
1,0,1,0.51949483
1,1,0,0.484008
1,0,1,0.58410907
1,1,1,0.6073348
1,0,1,0.7010317
1,1,1,0.5754082
1,0,1,0.6287483
1,1,1,0.80461717
1,1,0,0.43900746
1,1,1,0.60771024
1,0,1,0.601245
1,0,1,0.6429029
1,0,1,0.63803107
1,0,1,0.5475963
1,1,1,0.5044547
1,0,0,0.30622092
1,0,1,0.67447025
1,0,0,0.44712096
1,1,1,0.5935623
1,1,1,0.71603847
1,1,1,0.7447811
1,1,0,0.24336742
1,0,1,0.64217836
1,0,0,0.41279396
1,1,1,0.85163534
1,1,1,0.6840002
1,1,1,0.5526661
1,1,1,0.7127777
1,0,0,0.40585983
1,1,1,0.7024726
1,0,1,0.50170845
1,1,1,0.64365286
1,0,0,0.33945432
1,1,0,0.18299589
1,0,0,0.06145756
1,0,0,0.29634768
1,1,1,0.63599277
1,1,0,0.3466191
1,0,0,0.07656218
1,1,0,0.46883112
1,1,0,0.2764378
1,0,1,0.62299687
1,0,0,0.08623853
1,1,1,0.7836293
1,0,0,0.31295893
1,1,1,0.6288531
1,1,0,0.47404298
1,0,0,0.4570558
1,1,1,0.5699813
1,0,0,0.31578252
1,0,1,0.6371108
1,0,1,0.5342199
1,0,1,0.62420434
1,1,1,0.6664841
1,0,0,0.17883734
1,1,0,0.48652962
1,0,0,0.4451657
1,0,0,0.33383834
1,0,1,0.58755016
1,0,0,0.39289948
1,0,0,0.44046333
1,1,0,0.14988096
1,0,0,0.33010265
1,1,1,0.7100215
1,0,1,0.60866016
1,1,0,0.3983392
1,1,0,0.21094191
1,1,0,0.39647278
1,0,1,0.6148249
1,0,0,0.24619152
1,0,0,0.31174314
1,1,0,0.23251635
1,1,1,0.7886775
1,1,1,0.8586019
1,0,0,0.19170935
1,1,1,0.7969147
1,0,0,0.41579244
1,0,1,0.8605962
1,1,0,0.4145364
1,0,0,0.35159415
1,1,1,0.53397214
1,1,0,0.10364469
1,0,1,0.670463
1,1,0,0.4903899
1,0,1,0.5377017
1,1,1,0.73491293
1,1,1,0.7719069
1,0,1,0.73046434
1,0,1,0.7456323
1,1,1,0.83443207
1,1,1,0.56714684
1,0,0,0.47118938
1,1,1,0.84226036
1,0,1,0.57417893
1,0,0,0.123641014
1,1,1,0.80372155
1,1,1,0.7997029
1,1,1,0.530616
1,0,0,0.22375984
1,1,1,0.5359156
1,1,1,0.7695967
1,0,0,0.46343055
1,0,1,0.553029
1,0,1,0.74507827
1,0,0,0.10449566
1,1,1,0.7424972
1,0,0,0.173732
1,0,1,0.82147604
1,0,1,0.8764734
1,1,1,0.70348597
1,1,1,0.82829934
1,1,0,0.26544014
1,0,0,0.3480457
1,1,1,0.7743121
1,0,0,0.15529788
1,0,0,0.23044412
1,0,0,0.22344205
1,1,0,0.47941744
1,0,1,0.6838608
1,0,1,0.5251777
1,0,0,0.16828358
1,1,0,0.21389915
1,1,0,0.38902256
1,0,1,0.672202
1,1,1,0.73780316
1,0,1,0.67472434
1,0,1,0.816073
1,0,0,0.25241464
1,0,0,0.29664728
1,1,1,0.5533035
1,1,1,0.8751277
1,0,1,0.6761404
1,1,1,0.7929228
1,0,0,0.31887376
1,1,1,0.8424302
1,0,1,0.5095789
1,0,1,0.627801
1,0,1,0.74345094
1,1,1,0.7863787
1,1,1,0.9089665
1,0,0,0.3255636
1,1,1,0.78794086
1,1,1,0.65488064
1,0,1,0.5781854
1,1,1,0.612675
1,0,0,0.1967534
1,1,1,0.7753824
1,1,1,0.926425
1,1,0,0.4856539
1,1,1,0.8112339
1,1,1,0.89091134
1,0,1,0.6577451
1,0,0,0.37412074
1,1,0,0.15129322
1,0,0,0.34824273
1,1,0,0.11912789
1,1,1,0.79493606
1,0,1,0.5092898
1,0,0,0.35128713
1,0,0,0.37181035
1,1,1,0.9504237
1,0,1,0.6090816
1,1,1,0.69254494
1,0,0,0.11804308
1,0,0,0.41543886
1,1,1,0.86569977
1,1,1,0.5833512
1,1,1,0.83931965
1,1,1,0.64161026
1,0,1,0.62484586
1,1,1,0.70653737
1,0,0,0.10700125
1,0,0,0.24013393
1,0,0,0.18022525
1,1,0,0.25502503
1,0,0,0.21738778
1,0,0,0.41660047
1,0,0,0.121304706
1,0,0,0.34697166
1,0,0,0.12025566
1,1,1,0.762878
1,0,0,0.182877
1,1,0,0.16338927
1,0,0,0.47274852
1,0,0,0.22775763
1,0,0,0.044466726
1,1,0,0.2835411
1,1,1,0.7367683
1,1,1,0.73526144
1,1,0,0.48097184
1,1,0,0.24373068
1,0,1,0.55441666
1,1,1,0.9020299
1,0,1,0.51573604
1,1,0,0.25430948
1,0,1,0.6128344
1,0,1,0.82705915
1,0,0,0.3405378
1,1,1,0.61291915
1,1,1,0.73887515
1,1,1,0.7352812
1,1,1,0.55029106
1,0,1,0.6250407
1,0,0,0.25417128
1,0,1,0.5312
1,0,0,0.47848585
1,0,0,0.40232858
1,1,1,0.56441367
1,0,0,0.3149575
1,1,1,0.8554202
1,0,0,0.38000804
1,0,0,0.38867673
1,0,1,0.53490466
1,0,0,0.111348145
1,1,1,0.7672455
1,1,0,0.48808503
1,0,0,0.45428437
1,1,1,0.79723555
1,0,0,0.3123017
1,0,1,0.6695142
1,1,1,0.561814
1,1,1,0.76145667
1,0,1,0.6043941
1,1,1,0.7944867
1,1,1,0.56140393
1,0,1,0.8705877
1,0,0,0.4534658
1,0,0,0.44453597
1,0,1,0.6371247
1,0,1,0.7733146
1,1,0,0.11912789
1,0,0,0.37678352
1,0,1,0.81697947
1,0,0,0.46733028
1,0,0,0.18038142
1,1,1,0.9279641
1,1,1,0.8039756
1,1,0,0.33217636
1,0,0,0.27888
1,1,1,0.56899965
1,0,1,0.6052438
1,1,1,0.9048015
1,1,1,0.80238616
1,0,0,0.2641473
1,0,1,0.55923337
1,1,1,0.72579783
1,0,1,0.7314857
1,0,0,0.399251
1,1,1,0.5548525
1,1,1,0.885638
1,0,1,0.51121634
1,0,1,0.7478776
1,0,0,0.37452456
1,1,1,0.9049768
1,0,1,0.58004856
1,0,1,0.75735307
1,1,1,0.7399841
1,1,1,0.8055212
1,1,1,0.6957873
1,1,0,0.30112952
1,1,0,0.3189472
1,1,0,0.32766968
1,0,0,0.41406307
1,1,1,0.85165304
1,1,0,0.3156922
1,0,0,0.34987128
1,1,0,0.36535582
1,0,0,0.029600335
1,1,1,0.82975185
1,0,1,0.6015034
1,1,1,0.6481572
1,1,1,0.59653056
1,1,1,0.62336195
1,0,1,0.58129525
1,0,1,0.5033442
1,0,1,0.69483
1,1,1,0.7083089
1,0,1,0.64656836
1,0,1,0.5502852
1,0,0,0.40847445
1,0,0,0.28743255
1,0,0,0.22328763
1,1,1,0.7665434
1,1,1,0.52771944
1,0,1,0.5041325
1,1,1,0.7150922
1,0,0,0.47486997
1,0,1,0.6721712
1,1,1,0.6175229
1,1,1,0.6516667
1,1,1,0.8392226
1,0,0,0.49904132
1,1,1,0.9013614
1,0,0,0.18590105
1,0,1,0.5940179
1,0,0,0.43343097
1,1,1,0.87592584
1,1,1,0.7134507
1,0,0,0.32503447
1,0,1,0.6976206
1,0,0,0.14422685
1,0,0,0.36160755
1,1,0,0.43644753
1,0,1,0.5532138
1,1,1,0.65738875
1,0,1,0.6083231
1,0,0,0.4826562
1,0,0,0.18524799
1,1,1,0.8379893
1,1,1,0.85749763
1,1,1,0.5735278
1,1,1,0.77071255
1,0,0,0.41793513
1,1,1,0.64654315
1,0,1,0.5087529
1,1,1,0.86928916
1,1,0,0.330291
1,1,0,0.41418353
1,0,1,0.7646661
1,1,1,0.86186874
1,1,1,0.5076781
1,0,1,0.6587468
1,1,1,0.6127178
1,0,1,0.7748783
1,0,1,0.53333807
1,1,1,0.5253008
1,0,0,0.21288669
1,0,0,0.47952178
1,1,1,0.8551129
1,1,1,0.7179366
1,1,0,0.40891486
1,0,0,0.30690742
1,1,0,0.22479151
1,1,1,0.5222187
1,0,1,0.716756
1,0,1,0.61459386
1,0,0,0.28311747
1,1,1,0.6307708
1,0,1,0.6071094
1,1,1,0.5280032
1,0,0,0.22087905
1,0,1,0.7901082
1,1,0,0.4678259
1,0,1,0.6807919
1,1,0,0.4785112
1,1,1,0.5947633
1,0,0,0.44336516
1,1,1,0.5923976
1,0,1,0.66089565
1,0,1,0.5526514
1,1,1,0.7201406
1,0,1,0.594436
1,0,0,0.0664756
1,1,1,0.6872707
1,1,1,0.577059
1,0,0,0.41651353
1,0,1,0.72831035
1,0,1,0.6897098
1,1,1,0.59846354
1,0,0,0.08680598
1,1,1,0.85386664
1,0,0,0.33418876
1,1,1,0.8474576
1,0,0,0.3746515
1,0,0,0.35366303
1,1,0,0.49849486
1,0,0,0.46231556
1,1,1,0.58356035
1,1,1,0.567234
1,1,1,0.51760066
1,0,0,0.28390825
1,0,0,0.2468544
1,1,1,0.76472574
1,0,0,0.33464342
1,0,0,0.39424062
1,0,0,0.45202795
1,1,1,0.7148813
1,0,0,0.07405147
1,1,1,0.7596519
1,0,0,0.12510781
1,0,0,0.43760556
1,0,0,0.4503014
1,0,0,0.19079098
1,1,0,0.11282305
1,0,0,0.46882567
1,0,0,0.1949178
1,0,1,0.5627738
1,0,1,0.6645142
1,0,0,0.38493624
1,1,0,0.075092986
1,1,1,0.71836156
1,1,1,0.5317904
1,1,1,0.5624241
1,1,1,0.7830474
1,0,1,0.7048461
1,1,1,0.72883946
1,1,0,0.26961055
1,1,1,0.7049692
1,1,0,0.35779905
1,0,0,0.40335795
1,0,0,0.4831924
1,1,1,0.8691539
1,1,0,0.11325041
1,0,1,0.5255846
1,1,0,0.37089726
1,0,1,0.6758097
1,1,1,0.50682026
1,0,1,0.5721954
1,1,1,0.71716315
1,0,0,0.31275973
1,0,0,0.24095522
1,1,1,0.6988468
1,0,0,0.18819702
1,0,1,0.74898046
1,1,0,0.07667371
1,1,1,0.82090586
1,1,1,0.79001355
1,0,1,0.64270097
1,0,1,0.7006712
1,0,0,0.26423705
1,1,0,0.47948253
1,1,1,0.6733096
1,0,0,0.46358737
1,0,1,0.778058
1,1,0,0.16535419
1,0,1,0.52268225
1,0,0,0.087844074
1,1,1,0.76783794
1,0,0,0.06606137
1,0,1,0.6048606
1,1,1,0.89480805
1,1,1,0.8790291
1,1,1,0.7232883
1,1,1,0.8342371
1,1,1,0.57721794
1,1,1,0.8873461
1,1,1,0.74580395
1,1,1,0.80782855
1,0,0,0.33388323
1,1,1,0.88830066
1,0,0,0.33099294
1,0,0,0.426757
1,0,0,0.10055835
1,1,1,0.81955886
1,0,1,0.5523846
1,1,1,0.7873766
1,1,0,0.27260515
1,1,1,0.8061516
1,0,1,0.7629943
1,0,0,0.49919647
1,1,1,0.82351345
1,0,0,0.21035045
1,0,0,0.10264661
1,0,1,0.5536675
1,0,0,0.29789364
1,0,0,0.22457916
1,0,0,0.31483114
1,0,0,0.11824846
1,0,0,0.19418862
1,0,0,0.22040166
1,1,1,0.74067867
1,1,1,0.84233105
1,0,0,0.34165868
1,1,0,0.48970953
1,0,1,0.52206814
1,1,1,0.6715425
1,0,1,0.5125814
1,1,0,0.4526506
1,0,1,0.52904516
1,0,1,0.69081926
1,0,1,0.65614367
1,1,0,0.38191357
1,0,0,0.35496736
1,0,0,0.21440682
1,1,1,0.8075051
1,0,1,0.91720164
1,0,1,0.7183625
1,0,1,0.76766616
1,0,1,0.69169337
1,1,1,0.8131447
1,0,1,0.59215707
1,1,1,0.5748165
1,1,1,0.8245968
1,0,1,0.52817965
1,1,1,0.86974305
1,1,1,0.773452
1,0,0,0.34509656
1,1,1,0.82183784
1,0,0,0.20904678
1,1,1,0.6346596
1,1,0,0.42283124
1,1,0,0.3101384
1,0,1,0.562519
1,0,0,0.21842165
1,0,0,0.33238325
1,1,1,0.61199063
1,0,0,0.39563906
1,0,1,0.72721267
1,1,0,0.19295329
1,0,1,0.5664712
1,1,1,0.6395781
1,1,1,0.78998065
1,0,0,0.44113445
1,1,1,0.5547822
1,1,1,0.6422133
1,0,1,0.78211594
1,0,0,0.42681238
1,0,0,0.47285423
1,0,0,0.32106742
1,0,0,0.3913614
1,1,1,0.7320525
1,1,0,0.42364135
1,0,0,0.27082166
1,1,1,0.837294
1,1,0,0.23044752
1,0,1,0.5860669
1,0,0,0.28136492
1,1,1,0.90437907
1,0,1,0.7195428
1,0,0,0.47554657
1,1,0,0.12081753
1,1,0,0.40381965
1,0,1,0.5939145
1,0,1,0.80558676
1,0,1,0.551662
1,0,1,0.5964462
1,1,1,0.7779638
1,0,0,0.22488748
1,0,0,0.18845229
1,0,0,0.34685904
1,1,1,0.83466256
1,1,1,0.56248105
1,1,1,0.77646786
1,1,1,0.8296797
1,0,1,0.5170649
1,1,0,0.37365663
1,1,1,0.7940303
1,0,0,0.34251526
1,0,0,0.31205297
1,1,0,0.45968682
1,0,0,0.1442865
1,0,0,0.38280624
1,1,1,0.5562057
1,0,0,0.15977128
1,1,0,0.1570837
1,1,1,0.7704685
1,1,1,0.6116448
1,0,1,0.5524504
1,1,1,0.5194325
1,0,1,0.75268984
1,0,0,0.063640535
1,1,0,0.4988392
1,0,0,0.13576931
1,0,0,0.46748996
1,0,1,0.6520114
1,1,1,0.75548404
1,0,1,0.52322197
1,1,1,0.7645359
1,0,0,0.10472716
1,0,0,0.444118
1,1,1,0.5248147
1,1,1,0.6143619
1,0,0,0.37900123
1,0,0,0.108256735
1,0,0,0.041481342
1,1,1,0.671752
1,0,0,0.45592332
1,1,1,0.87522966
1,1,1,0.7951127
1,0,0,0.06864009
1,1,1,0.59656584
1,0,0,0.42057848
1,1,1,0.67579615
1,0,0,0.34017882
1,0,0,0.45677882
1,0,0,0.11045462
1,1,0,0.31428656
1,1,0,0.4196885
1,0,0,0.120290786
1,0,1,0.54522055
1,0,1,0.52058595
1,1,0,0.37681222
1,1,1,0.75742745
1,0,0,0.34320262
1,1,1,0.7877399
1,0,0,0.47108647
1,1,1,0.62972987
1,0,0,0.36072412
1,0,0,0.052153297
1,0,1,0.68940336
1,1,1,0.5199808
1,1,1,0.87123203
1,1,1,0.82294077
1,1,1,0.54184866
1,0,0,0.22783343
1,1,1,0.57897216
1,0,0,0.27642664
1,0,1,0.5839907
1,0,1,0.60189503
1,1,1,0.7827782
1,0,1,0.6918588
1,0,0,0.32276306
1,0,1,0.6469455
1,1,1,0.78003854
1,1,0,0.48384678
1,0,1,0.62082916
1,0,1,0.74834317
1,0,1,0.5266434
1,0,1,0.54511833
1,1,0,0.4832579
1,1,0,0.45544752
1,1,1,0.70761067
1,1,0,0.45892823
1,0,1,0.5257264
1,1,0,0.2420203
1,0,1,0.5101375
1,1,1,0.71543974
1,0,0,0.28310367
1,0,0,0.39892337
1,0,0,0.26220813
1,1,1,0.65035015
1,1,1,0.6275595
1,0,1,0.53949916
1,1,0,0.30219656
1,0,0,0.077763215
1,0,1,0.6410287
1,0,0,0.20344767
1,0,1,0.51714104
1,1,0,0.44337383
1,0,0,0.16994701
1,1,0,0.23916031
1,0,0,0.08500242
1,1,0,0.24795201
1,0,0,0.36950716
1,1,1,0.6495186
1,1,0,0.4426002
1,1,0,0.18117593
1,1,1,0.6167103
1,0,0,0.15846469
1,0,0,0.272984
1,0,0,0.22761135
1,0,0,0.13291185
1,0,0,0.45997566
1,0,0,0.14409752
1,0,0,0.23396917
1,1,1,0.6179465
1,1,1,0.8397788
1,0,1,0.55983883
1,1,1,0.5483566
1,1,1,0.6796794
1,0,0,0.2510303
1,1,1,0.69937205
1,0,1,0.5551396
1,0,1,0.58020025
1,1,1,0.64050364
1,1,0,0.37496266
1,1,1,0.5411771
1,0,0,0.42053184
1,0,0,0.1794475
1,0,0,0.3979992
1,0,0,0.48573104
1,1,1,0.6490565
1,1,1,0.55207735
1,0,0,0.17362295
1,0,0,0.091004305
1,0,0,0.08202211
1,1,0,0.45067114
1,0,0,0.2588705
1,0,0,0.06588341
1,0,0,0.42221966
1,0,0,0.4581308
1,0,0,0.044915747
1,1,1,0.5594025
1,1,1,0.6248094
1,0,0,0.0701837
1,1,1,0.5051189
1,1,1,0.50576514
1,1,0,0.40770522
1,0,0,0.36067083
1,0,0,0.14026055
1,0,0,0.4948943
1,0,0,0.35223356
1,1,1,0.644013
1,1,1,0.54443455
1,0,0,0.09488501
1,0,0,0.2541062
1,0,0,0.07880831
1,1,0,0.4308364
1,0,0,0.39826885
1,1,0,0.14269578
1,1,1,0.57378304
1,1,0,0.29413253
1,0,0,0.32249278
1,0,0,0.08747089
1,1,0,0.2916228
1,0,0,0.12003537
1,0,1,0.76312006
1,0,1,0.61051387
1,0,0,0.31409603
1,1,0,0.41149756
1,0,0,0.06584153
1,1,1,0.60069025
1,0,0,0.29197103
1,1,0,0.42613664
1,1,0,0.37502366
1,0,0,0.34260613
1,1,1,0.599839
1,1,1,0.91129696
1,1,1,0.6490775
1,0,0,0.38639113
1,0,0,0.4201518
1,0,0,0.07751895
1,0,0,0.26840666
1,1,0,0.46339566
1,0,0,0.35476062
1,0,1,0.624932
1,1,0,0.49889857
1,1,1,0.61814284
1,0,1,0.645663
1,1,1,0.68603355
1,0,0,0.30069098
1,0,0,0.4783152
1,0,0,0.3190579
1,0,0,0.48094702
1,1,1,0.62066156
1,1,0,0.49427706
1,0,1,0.66461515
1,0,1,0.5022075
1,1,1,0.5181012
1,1,1,0.83019257
1,1,0,0.46949574
1,0,0,0.3744827
1,1,1,0.5470894
1,0,0,0.172408
1,1,1,0.7598076
1,0,0,0.23641281
1,1,1,0.58316505
1,1,1,0.6031832
1,0,1,0.53465617
1,0,0,0.110076435
1,0,0,0.20657258
1,0,0,0.078253
1,1,1,0.6516664
1,0,0,0.47618836
1,0,1,0.68955714
1,1,1,0.52552
1,1,0,0.4227481
1,0,0,0.31649283
1,0,0,0.1594505
1,0,0,0.4284818
1,1,1,0.64108396
1,1,1,0.65950054
1,0,1,0.5479022
1,0,1,0.579505
1,1,0,0.4904194
1,0,1,0.54693353
1,0,1,0.64983314
1,0,0,0.44108084
1,0,0,0.493299
1,0,0,0.44969055
1,0,1,0.55389816
1,1,1,0.54334795
1,0,1,0.5211394
1,1,0,0.3778368
1,1,0,0.48584014
1,0,1,0.50896114
1,1,0,0.46816397
1,0,0,0.48769286
1,0,1,0.5729538
1,0,1,0.51352155
1,1,0,0.43522707
1,0,1,0.66730547
1,1,1,0.6708706
1,1,1,0.5420835
1,1,1,0.6053185
1,1,0,0.4578
1,0,0,0.46492794
1,1,1,0.6667878
1,1,1,0.63622075
1,0,0,0.43197787
1,0,1,0.6145353
1,1,1,0.69040155
1,1,1,0.72762096
1,1,1,0.56612927
1,0,0,0.40219495
1,1,1,0.539948
1,0,0,0.46360293
1,0,0,0.35768837
1,0,0,0.07295534
1,1,0,0.2610666
1,0,1,0.5911336
1,1,1,0.6629207
1,0,0,0.4431507
1,1,1,0.690854
1,1,0,0.39865425
1,0,0,0.29182777
1,0,0,0.20527999
1,0,0,0.11715593
1,0,0,0.13918883
1,0,0,0.15933694
1,0,1,0.6847946
1,0,1,0.5570607
1,1,1,0.66482925
1,0,1,0.67406183
1,0,1,0.5113812
1,0,0,0.10613733
1,0,0,0.4831411
1,1,0,0.49870098
1,1,0,0.37100267
1,0,0,0.45411727
1,1,1,0.58819056
1,1,1,0.5784766
1,0,0,0.31930992
1,0,1,0.5505961
1,1,1,0.5183143
1,1,0,0.46555316
1,0,0,0.41364643
1,1,1,0.60222346
1,1,1,0.6399937
1,0,1,0.5991907
1,0,1,0.6300634
1,1,1,0.59219396
1,0,0,0.20119731
1,1,1,0.6643154
1,0,0,0.39684322
1,0,1,0.5668507
1,1,1,0.5107205
1,0,1,0.5663029
1,1,1,0.61193055
1,1,1,0.52704656
1,0,0,0.10476322
1,0,0,0.114630364
1,1,0,0.47052363
1,1,1,0.66337985
1,1,0,0.32612437
1,0,0,0.4190629
1,0,0,0.24066152
1,0,0,0.44569847
1,1,0,0.48482853
1,0,0,0.45568654
1,0,1,0.5284694
1,1,1,0.58478993
1,1,1,0.7205041
1,1,1,0.54269594
1,1,0,0.42858034
1,0,0,0.10109369
1,0,1,0.7583551
1,0,0,0.39363974
1,1,1,0.7732251
1,0,0,0.45287165
1,0,0,0.3497727
1,1,1,0.5716111
1,0,1,0.51509327
1,0,1,0.63168496
1,1,1,0.6012435
1,1,1,0.5575316
1,0,1,0.68509775
1,0,0,0.25296557
1,1,1,0.8526081
1,1,1,0.7521938
1,1,0,0.10428617
1,1,0,0.4960514
1,0,1,0.6515386
1,1,1,0.7817542
1,0,0,0.49110615
1,0,0,0.16539656
1,1,0,0.094839185
1,0,1,0.5279626
1,0,1,0.8150789
1,1,1,0.74321723
1,0,0,0.42089096
1,1,0,0.33683324
1,1,1,0.5367435
1,0,0,0.40595138
1,0,0,0.06577115
1,1,0,0.41737142
1,0,1,0.6608749
1,1,1,0.7005139
1,0,0,0.42783046
1,0,1,0.7129214
1,0,0,0.44895288
1,0,1,0.5097209
1,0,0,0.056577742
1,1,1,0.62020963
1,0,0,0.21637098
1,1,0,0.35013908
1,1,1,0.59439915
1,1,1,0.7220556
1,0,0,0.2884803
1,1,1,0.58758897
1,1,0,0.43656683
1,0,0,0.42482486
1,0,0,0.35809582
1,0,0,0.123531036
1,1,1,0.85886014
1,0,1,0.5892315
1,1,1,0.567994
1,0,0,0.3023693
1,0,1,0.6207955
1,0,0,0.35868728
1,1,1,0.65116596
1,0,0,0.4521707
1,1,1,0.7570424
1,1,0,0.48225316
1,0,0,0.38308203
1,1,1,0.68713284
1,1,0,0.21837828
1,1,0,0.26493865
1,1,1,0.61900926
1,1,1,0.5417289
1,1,1,0.8035444
1,0,0,0.4508784
1,0,0,0.39527127
1,0,0,0.15701956
1,1,1,0.8475484
1,0,1,0.70532537
1,0,0,0.4536139
1,1,1,0.8783739
1,1,0,0.48143494
1,1,1,0.7465811
1,0,0,0.1444939
1,1,1,0.5236577
1,0,0,0.18701768
1,1,0,0.43234265
1,1,1,0.6106454
1,0,1,0.54082334
1,0,0,0.46728358
1,0,1,0.70623684
1,1,0,0.14861089
1,0,0,0.2320772
1,0,0,0.37060297
1,0,0,0.11364466
1,1,0,0.06820412
1,0,1,0.80212283
1,1,1,0.5264719
1,1,0,0.48546538
1,1,1,0.5352532
1,0,0,0.49726132
1,1,1,0.60490996
1,0,1,0.61386025
1,1,1,0.6670265
1,0,0,0.27008596
1,0,0,0.27944177
1,1,0,0.25386328
1,0,0,0.15545245
1,0,0,0.16668922
1,1,0,0.12197908
1,0,1,0.70004755
1,1,1,0.50851405
1,0,0,0.057481952
1,0,0,0.19411503
1,0,1,0.52397287
1,0,0,0.2899894
1,1,1,0.788844
1,0,0,0.481746
1,1,0,0.030018618
1,1,1,0.51202774
1,0,0,0.48514313
1,1,1,0.6737798
1,0,1,0.50627184
1,0,1,0.662726
1,0,1,0.73688954
1,1,1,0.57612675
1,1,1,0.5354226
1,0,1,0.5208007
1,0,1,0.60792434
1,1,1,0.6699975
1,0,0,0.35678273
1,1,1,0.61298907
1,1,0,0.32377562
1,1,0,0.3707908
1,0,0,0.10630586
1,0,0,0.17296714
1,0,0,0.18892758
1,1,1,0.6132357
1,0,0,0.31364962
1,0,0,0.11451805
1,0,0,0.092694595
1,0,1,0.76635706
1,0,1,0.5347835
1,1,1,0.6622877
1,1,1,0.7174309
1,0,1,0.5259779
1,0,0,0.33165064
1,0,1,0.54284096
1,1,1,0.63678163
1,1,1,0.56693125
1,0,0,0.45187595
1,0,1,0.59534883
1,1,1,0.61479306
1,1,1,0.6706569
1,1,1,0.6532764
1,1,1,0.6339976
1,0,1,0.5299313
1,1,1,0.55448294
1,1,1,0.8257887
1,1,1,0.7165723
1,0,1,0.7231993
1,0,1,0.5323818
1,0,0,0.045386665
1,0,0,0.38918212
1,1,1,0.7408116
1,0,0,0.25688344
1,1,1,0.7803248
1,0,0,0.28269637
1,0,0,0.45904395
1,0,1,0.9145028
1,0,0,0.3322024
1,1,0,0.34678802
1,1,0,0.18010193
1,0,0,0.06753471
1,1,1,0.6802826
1,0,0,0.07353816
1,0,0,0.2657992
1,0,0,0.13191274
1,1,0,0.30745512
1,1,0,0.07595763
1,1,1,0.9223189
1,0,1,0.5639528
1,1,1,0.7882003
1,0,0,0.39354828
1,0,1,0.53364694
1,1,1,0.59391505
1,0,1,0.6926783
1,0,0,0.4643589
1,0,0,0.31181067
1,0,0,0.1346444
1,1,1,0.5912261
1,1,1,0.78784686
1,1,1,0.83350736
1,0,0,0.39507267
1,1,1,0.7673395
1,1,1,0.71129966
1,0,0,0.49328288
1,1,1,0.5869978
1,0,1,0.6229257
1,1,0,0.29979149
1,0,0,0.3375554
1,0,0,0.3063249
1,0,0,0.464957
1,0,0,0.45087856
1,1,1,0.75172836
1,0,1,0.55835986
1,0,0,0.22703902
1,1,1,0.6571093
1,1,0,0.43899894
1,1,1,0.7907337
1,1,1,0.5681791
1,1,1,0.6700837
1,1,1,0.55257493
1,0,1,0.55988044
1,0,1,0.55439353
1,1,1,0.70838207
1,0,0,0.19102843
1,1,1,0.77612865
1,0,1,0.7532301
1,0,0,0.15700597
1,0,0,0.31718093
1,0,1,0.59411734
1,1,1,0.63012135
1,0,0,0.12534568
1,0,0,0.24421783
1,1,1,0.79939574
1,0,0,0.10623848
1,1,1,0.5985245
1,1,1,0.6505873
1,0,0,0.25755835
1,1,1,0.87381077
1,1,1,0.72533655
1,1,1,0.60063857
1,1,0,0.17563319
1,1,0,0.4955039
1,1,1,0.80935544
1,0,0,0.17096865
1,0,0,0.3828652
1,0,0,0.09593895
1,1,1,0.84541607
1,0,0,0.071055315
1,0,0,0.2589635
1,1,0,0.46926957
1,1,0,0.42376366
1,0,1,0.66505396
1,0,0,0.25671765
1,0,0,0.22573751
1,1,1,0.84638083
1,1,1,0.7147195
1,1,1,0.80273205
1,0,1,0.6660576
1,1,1,0.71407163
1,1,1,0.64680296
1,1,1,0.62841713
1,0,0,0.4538398
1,0,0,0.3662559
1,1,1,0.7849951
1,1,1,0.6045737
1,0,0,0.44840112
1,1,1,0.7420105
1,0,1,0.704197
1,1,1,0.76664424
1,1,1,0.8373046
1,0,0,0.22370291
1,0,0,0.32942578
1,0,1,0.6244813
1,0,1,0.5458096
1,0,1,0.5845928
1,0,0,0.08060567
1,1,1,0.7823808
1,0,1,0.73079944
1,0,0,0.35080227
1,0,0,0.21451432
1,0,0,0.49598765
1,1,1,0.59719974
1,0,0,0.49266425
1,0,1,0.64654577
1,1,0,0.43233237
1,1,0,0.22339913
1,0,1,0.7459465
1,1,1,0.5361716
1,0,1,0.8176876
1,1,0,0.35311568
1,0,1,0.5754584
1,0,0,0.41894394
1,1,1,0.5990727
1,1,1,0.9296269
1,1,1,0.5238715
1,0,1,0.69432914
1,0,0,0.07714029
1,0,1,0.6616204
1,0,0,0.1045286
1,0,0,0.12134523
1,0,0,0.17419903
1,1,1,0.7189294
1,1,1,0.7228546
1,0,0,0.04427284
1,1,1,0.7282978
1,1,0,0.39194566
1,0,0,0.48640338
1,0,1,0.5172977
1,1,1,0.8837226
1,1,1,0.56938577
1,1,1,0.6674284
1,0,0,0.33257043
1,1,0,0.13635585
1,0,0,0.47245476
1,0,0,0.058935683
1,1,1,0.5000006
1,0,1,0.68623835
1,0,0,0.18415396
1,0,0,0.2745031
1,0,1,0.59687614
1,0,1,0.6444977
1,1,1,0.59302366
1,1,0,0.22634839
1,0,1,0.5263437
1,1,1,0.58660305
1,0,1,0.6168981
1,0,0,0.37454924
1,1,1,0.78568256
1,1,1,0.908809
1,1,1,0.71247804
1,0,1,0.6111494
1,0,1,0.65858155
1,0,1,0.65933084
1,0,0,0.17262176
1,1,1,0.565614
1,0,0,0.49368593
1,1,1,0.6601849
1,0,0,0.115143135
1,0,1,0.55846083
1,1,1,0.5828132
1,0,0,0.11013423
1,0,1,0.6336031
1,1,1,0.6151386
1,0,0,0.22507316
1,1,1,0.6944693
1,1,1,0.5711938
1,1,1,0.535705
1,1,0,0.359495
1,0,1,0.7897734
1,0,0,0.08081356
1,1,0,0.45773485
1,1,1,0.93365973
1,1,0,0.44372278
1,1,0,0.30869004
1,1,0,0.15657446
1,0,0,0.14311047
1,0,1,0.71687406
1,0,1,0.5856778
1,1,0,0.4715635
1,0,0,0.23132418
1,0,0,0.20348819
1,0,0,0.2300105
1,1,0,0.2166914
1,1,1,0.741486
1,1,0,0.3832462
1,0,0,0.112466566
1,1,1,0.8473426
1,1,0,0.41169238
1,0,0,0.3418203
1,1,0,0.27584025
1,0,0,0.18243726
1,0,1,0.5961848
1,1,1,0.7700056
1,0,1,0.67366344
1,0,0,0.1028704
1,0,1,0.54311305
1,0,0,0.11601276
1,0,0,0.3434723
1,1,1,0.6708449
1,1,1,0.521967
1,1,0,0.17076296
1,0,1,0.7798891
1,0,0,0.47829983
1,0,1,0.5668824
1,1,0,0.42667362
1,0,1,0.6901416
1,1,1,0.6478746
1,1,0,0.46585998
1,1,0,0.30312225
1,0,1,0.5891108
1,1,0,0.37333992
1,0,0,0.28947988
1,1,1,0.70628566
1,1,1,0.54003024
1,1,1,0.66265774
1,1,0,0.4807736
1,0,1,0.57017285
1,0,1,0.5595442
1,0,0,0.48943815
1,1,0,0.38357374
1,0,1,0.58280504
1,1,0,0.43600142
1,1,1,0.68478054
1,0,1,0.63350695
1,1,1,0.7385377
1,1,1,0.6583593
1,0,0,0.48799375
1,1,1,0.64122874
1,1,0,0.47943336
1,0,1,0.536534
1,0,1,0.64548194
1,1,1,0.6151277
1,0,0,0.38177902
1,1,0,0.47819543
1,0,0,0.29274324
1,0,0,0.3016058
1,1,1,0.7438254
1,1,1,0.53955644
1,0,1,0.71700734
1,1,0,0.3791096
1,1,1,0.70188886
1,0,1,0.6567195
1,1,1,0.77209353
1,0,1,0.7442587
1,0,0,0.12332016
1,1,1,0.53121525
1,0,1,0.71511364
1,1,1,0.7344308
1,0,1,0.63128346
1,0,1,0.5486183
1,1,0,0.4063602
1,1,1,0.62041086
1,1,0,0.42143562
1,0,0,0.09655179
1,0,0,0.31814545
1,1,0,0.29946423
1,0,1,0.80474687
1,1,1,0.50589484
1,0,0,0.2640971
1,0,0,0.42673036
1,1,1,0.7277812
1,0,1,0.5745713
1,1,1,0.5280298
1,0,0,0.25240624
1,0,1,0.5496414
1,0,0,0.45037127
1,0,1,0.5989001
1,1,1,0.7068156
1,0,1,0.61997455
1,1,0,0.29325688
1,0,0,0.26931763
1,1,1,0.65534925
1,1,1,0.5542889
1,1,1,0.66848344
1,1,1,0.6188972
1,1,1,0.66658944
1,0,0,0.086922504
1,1,0,0.36571097
1,1,0,0.0770975
1,0,0,0.48523006
1,0,0,0.34403414
1,1,0,0.4536016
1,0,0,0.16368139
1,1,0,0.4123447
1,0,1,0.5336904
1,1,1,0.5918306
1,0,0,0.38963306
1,0,1,0.5691811
1,0,0,0.18736303
1,0,0,0.4337085
1,0,0,0.07265701
1,0,1,0.8283267
1,1,1,0.65888965
1,0,1,0.5289719
1,1,1,0.6203703
1,0,0,0.0875097
1,0,1,0.5074418
1,1,0,0.42726704
1,1,1,0.7513765
1,1,1,0.6774575
1,0,0,0.13608101
1,1,1,0.61562973
1,0,0,0.14335945
1,0,1,0.7384596
1,0,0,0.16662718
1,1,1,0.728945
1,1,1,0.580325
1,1,1,0.61502767
1,0,0,0.4191349
1,1,0,0.42310318
1,0,0,0.16430436
1,1,0,0.46382922
1,0,1,0.60923564
1,0,0,0.4291588
1,1,1,0.6576055
1,0,0,0.48218715
1,0,0,0.41011825
1,1,1,0.52073854
1,1,0,0.46846417
1,1,1,0.5953006
1,0,1,0.579666
1,0,1,0.58875275
1,0,1,0.5258546
1,0,1,0.5854552
1,0,1,0.6915221
1,1,0,0.49738592
1,0,0,0.23220937
1,0,0,0.14109817
1,1,0,0.4199365
1,0,0,0.0954241
1,0,0,0.16836439
1,0,0,0.48656398
1,1,1,0.902181
1,0,1,0.60590523
1,1,1,0.78074557
1,0,0,0.117368944
1,0,1,0.8201779
1,1,1,0.59028053
1,0,1,0.51553017
1,1,1,0.5014582
1,1,1,0.81550413
1,0,1,0.6281433
1,0,1,0.72540027
1,1,1,0.7200141
1,1,1,0.64265895
1,0,0,0.30097905
1,0,0,0.13524646
1,0,1,0.63282144
1,1,1,0.7448811
1,0,0,0.31949443
1,1,1,0.6276413
1,0,1,0.7368079
1,1,0,0.30296364
1,0,0,0.43287757
1,1,1,0.6577246
1,0,0,0.4559235
1,1,1,0.5219486
1,1,1,0.91517293
1,0,1,0.600415
1,1,1,0.6662903
1,0,0,0.1956947
1,1,1,0.68656373
1,0,1,0.58241326
1,1,1,0.7109169
1,1,1,0.80216736
1,0,0,0.47768256
1,0,0,0.36380443
1,1,1,0.7016432
1,0,0,0.37342912
1,0,0,0.20613796
1,1,1,0.5231638
1,0,1,0.639159
1,0,0,0.3510178
1,0,0,0.3254193
1,0,0,0.20062307
1,0,0,0.10069444
1,0,1,0.68230474
1,1,1,0.7357852
1,1,1,0.52510834
1,0,0,0.45702332
1,1,1,0.65561897
1,1,0,0.36156306
1,1,1,0.6758647
1,1,1,0.60635054
1,1,1,0.665886
1,0,0,0.38983607
1,0,1,0.6138703
1,1,1,0.63604724
1,1,1,0.54205596
1,1,1,0.7047912
1,0,0,0.2509114
1,0,0,0.3693128
1,0,0,0.34331325
1,1,1,0.6597508
1,0,0,0.46730447
1,0,0,0.2704676
1,1,1,0.62365717
1,0,0,0.0746902
1,0,0,0.20284106
1,1,0,0.33923584
1,1,0,0.4949258
1,0,0,0.11465302
1,0,1,0.60195816
1,0,0,0.15759921
1,1,1,0.64349353
1,0,0,0.46051857
1,1,1,0.5390569
1,1,0,0.46109062
1,1,1,0.8602595
1,1,1,0.62634915
1,0,1,0.8129574
1,0,1,0.7953382
1,0,1,0.54641485
1,1,1,0.5199435
1,1,1,0.5836612
1,1,1,0.77208006
1,0,0,0.31197444
1,0,0,0.12803026
1,0,1,0.5342442
1,1,1,0.845594
1,0,1,0.72057635
1,0,0,0.12590198
1,1,0,0.43979785
1,1,1,0.53503287
1,0,0,0.18820673
1,1,1,0.60373694
1,1,1,0.7419054
1,0,1,0.6868191
1,0,0,0.092041716
1,0,0,0.10456293
1,0,1,0.7319015
1,1,1,0.718769
1,0,1,0.62446284
1,1,1,0.88186383
1,0,1,0.75151116
1,1,1,0.72851485
1,1,1,0.5959343
1,1,0,0.22537428
1,1,1,0.8628024
1,0,1,0.60424775
1,0,1,0.6680168
1,1,1,0.76706
1,1,0,0.29483008
1,1,0,0.22433612
1,1,1,0.69226825
1,0,0,0.2923264
1,0,0,0.31616262
1,0,0,0.48760012
1,0,0,0.112820216
1,0,1,0.73521054
1,0,0,0.137014
1,0,0,0.31869745
1,0,0,0.04328372
1,1,1,0.5842588
1,0,0,0.08179676
1,0,0,0.35204095
1,1,1,0.78456265
1,1,1,0.61655617
1,1,0,0.4949724
1,0,0,0.19558841
1,0,0,0.25057775
1,0,1,0.6325491
1,0,0,0.1677568
1,1,1,0.6091583
1,1,1,0.6794799
1,1,0,0.23509157
1,1,1,0.6123263
1,0,0,0.3841998
1,0,0,0.20121776
1,1,1,0.603931
1,0,0,0.17983748
1,0,1,0.5202893
1,1,1,0.87239206
1,0,1,0.66350985
1,0,1,0.6709636
1,1,1,0.65253735
1,1,0,0.48351035
1,1,1,0.8519146
1,0,0,0.11168124
1,1,1,0.7518844
1,0,0,0.29245532
1,1,0,0.13054058
1,1,1,0.5437229
1,0,1,0.6352558
1,0,0,0.47120324
1,0,1,0.54040915
1,0,0,0.22857738
1,0,1,0.82648355
1,1,1,0.5897754
1,1,1,0.86054623
1,1,1,0.8174216
1,0,1,0.55769473
1,1,0,0.16095625
1,0,0,0.22324413
1,1,1,0.5665177
1,1,1,0.7827187
1,1,1,0.80482554
1,0,0,0.43381703
1,0,0,0.11770032
1,1,0,0.34807003
1,0,0,0.08132214
1,0,0,0.06663407
1,0,0,0.20368886
1,0,0,0.08990704
1,0,1,0.5531915
1,0,0,0.29326198
1,0,0,0.43371627
1,0,0,0.09928145
1,1,0,0.10332046
1,1,0,0.06535196
1,1,1,0.7943308
1,0,1,0.626705
1,0,0,0.44060472
1,0,0,0.24928704
1,1,1,0.5877589
1,1,0,0.25105667
1,1,1,0.7041027
1,0,0,0.28927445
1,1,0,0.277646
1,1,1,0.93539673
1,0,1,0.76568717
1,0,0,0.18050385
1,0,1,0.6287093
1,1,1,0.74366826
1,0,1,0.5143978
1,0,0,0.092521496
1,0,1,0.7899294
1,1,0,0.4783357
1,1,1,0.7614193
1,1,1,0.763889
1,1,1,0.6750394
1,1,0,0.18457794
1,0,0,0.47523075
1,1,1,0.7305532
1,1,1,0.6135429
1,1,0,0.4930744
1,0,1,0.760327
1,1,1,0.8469488
1,0,1,0.59249556
1,1,0,0.42714113
1,1,1,0.6050697
1,0,0,0.10887664
1,0,0,0.45968848
1,0,0,0.2404945
1,1,1,0.5279582
1,1,0,0.49822554
1,1,1,0.77397376
1,0,1,0.6761545
1,0,0,0.49482146
1,0,0,0.39399782
1,0,1,0.55956656
1,0,1,0.6171941
1,1,1,0.620854
1,0,0,0.32409215
1,1,1,0.7227034
1,0,0,0.34737507
1,1,1,0.6086297
1,1,0,0.42346355
1,0,0,0.12505583
1,0,0,0.4915141
1,1,1,0.6632069
1,1,1,0.5474512
1,1,0,0.2832272
1,1,1,0.6263157
1,0,0,0.31886217
1,0,1,0.57855636
1,0,0,0.40809372
1,1,1,0.73440665
1,0,0,0.11072721
1,0,0,0.29040408
1,0,0,0.4012769
1,1,0,0.42618278
1,1,0,0.24887957
1,1,1,0.6130277
1,0,0,0.4833349
1,0,0,0.09319918
1,1,0,0.106762335
1,1,1,0.73000646
1,1,1,0.57323325
1,1,1,0.53680813
1,0,1,0.595353
1,0,1,0.5589339
1,0,0,0.22598954
1,1,1,0.5590239
1,0,0,0.2745952
1,1,0,0.27666792
1,0,0,0.42761248
1,0,1,0.61668843
1,0,1,0.58446145
1,0,0,0.21604961
1,0,0,0.10325529
1,0,1,0.64968807
1,1,1,0.60842687
1,1,1,0.68269414
1,0,0,0.109934516
1,0,0,0.21650785
1,1,0,0.17021859
1,1,1,0.81022877
1,0,0,0.051917147
1,0,0,0.15551046
1,0,1,0.54949796
1,0,1,0.50992876
1,1,0,0.20031644
1,0,1,0.5616406
1,1,0,0.47791535
1,0,0,0.13004246
1,0,0,0.276294
1,1,1,0.66159743
1,1,1,0.6193038
1,0,0,0.38798004
1,0,1,0.6447567
1,1,1,0.7194354
1,1,0,0.102355465
1,0,1,0.59892267
1,1,1,0.71359164
1,0,0,0.32848132
1,1,0,0.24039795
1,1,1,0.6211766
1,1,1,0.6597367
1,0,0,0.1561763
1,0,0,0.28806865
1,0,0,0.09051162
1,1,1,0.5340197
1,0,0,0.21624286
1,0,0,0.13095732
1,0,0,0.12732607
1,1,1,0.6298851
1,1,1,0.696473
1,1,1,0.7742268
1,1,1,0.7944761
1,1,0,0.25477153
1,0,0,0.27550575
1,0,0,0.16534996
1,1,1,0.81475735
1,0,0,0.07411043
1,1,1,0.77813506
1,0,1,0.5764742
1,1,1,0.6682959
1,0,0,0.41180733
1,0,0,0.0934384
1,1,1,0.7974597
1,1,1,0.5152026
1,0,1,0.51517016
1,1,0,0.32949743
1,0,0,0.19085748
1,0,1,0.5606111
1,1,0,0.39599898
1,1,1,0.66694725
1,1,1,0.5546012
1,0,1,0.6565047
1,0,0,0.349752
1,1,1,0.7351546
1,1,0,0.43871963
1,1,0,0.2803508
1,1,0,0.32495457
1,0,1,0.6272788
1,0,1,0.57245207
1,0,1,0.66543
1,0,0,0.49468267
1,1,1,0.652225
1,0,0,0.4629861
1,1,1,0.6317383
1,1,0,0.09922571
1,0,0,0.12120292
1,1,0,0.26511714
1,1,1,0.515621
1,0,0,0.1344375
1,1,0,0.29501766
1,0,0,0.2671457
1,0,1,0.56432295
1,1,1,0.7769496
1,1,1,0.7767664
1,0,1,0.79542756
1,0,0,0.09200729
1,1,0,0.36466184
1,1,0,0.4661011
1,1,1,0.74455327
1,0,1,0.6513555
1,0,0,0.3245586
1,1,1,0.6500563
1,1,0,0.42923582
1,0,0,0.49763593
1,1,1,0.60931814
1,0,1,0.6226936
1,0,1,0.7545923
1,0,0,0.20430337
1,0,0,0.29593444
1,0,1,0.6729659
1,1,1,0.56738216
1,0,0,0.4705288
1,0,0,0.2817306
1,1,0,0.47782487
1,0,0,0.33467725
1,1,0,0.088172324
1,1,1,0.7985198
1,1,1,0.88133496
1,1,0,0.1835302
1,1,0,0.3520833
1,1,0,0.38280264
1,0,1,0.548296
1,1,1,0.6595782
1,0,1,0.746016
1,1,1,0.9120223
1,1,1,0.78411424
1,1,1,0.787996
1,0,0,0.13538179
1,0,0,0.0891889
1,1,1,0.6632429
1,1,1,0.6853829
1,0,0,0.17693415
1,0,0,0.20591022
1,0,0,0.38895375
1,1,0,0.416562
1,0,0,0.15131305
1,0,0,0.29520854
1,1,0,0.17977147
1,1,1,0.7950933
1,0,1,0.51212394
1,0,0,0.20963857
1,1,1,0.5291919
1,0,0,0.35095894
1,0,0,0.22435445
1,1,1,0.71492815
1,0,1,0.5969384
1,0,0,0.16131736
1,0,1,0.56366736
1,0,0,0.06630193
1,1,1,0.71355486
1,0,0,0.43626687
1,0,1,0.75855565
1,1,1,0.6206676
1,0,1,0.5366739
1,1,1,0.77444404
1,1,1,0.71815145
1,0,0,0.44351396
1,1,1,0.6816668
1,1,1,0.81183213
1,0,0,0.22600862
1,1,1,0.5553864
1,0,1,0.61671793
1,1,1,0.73201627
1,0,0,0.4282638
1,0,1,0.6497704
1,0,1,0.70057315
1,0,0,0.49375498
1,0,0,0.42595118
1,1,0,0.4597001
1,0,1,0.59651375
1,1,0,0.40741163
1,0,1,0.628985
1,1,0,0.41972268
1,1,0,0.485186
1,1,1,0.7018733
1,1,0,0.44658494
1,1,1,0.873376
1,1,1,0.82703096
1,1,0,0.38136068
1,1,0,0.32340056
1,0,0,0.14600258
1,1,1,0.6096302
1,0,0,0.22462878
1,0,0,0.07019515
1,0,0,0.14709048
1,0,0,0.16795631
1,0,0,0.084525265
1,0,0,0.18084484
1,1,0,0.34038895
1,0,1,0.6612727
1,0,0,0.08546664
1,1,1,0.86006516
1,1,1,0.5099238
1,0,0,0.31751832
1,0,1,0.53737956
1,0,1,0.7447544
1,0,1,0.68370116
1,0,1,0.76930135
1,0,0,0.42980698
1,1,0,0.06514534
1,1,0,0.310474
1,0,0,0.3212738
1,1,1,0.70310193
1,1,1,0.6680367
1,0,0,0.19139744
1,0,1,0.5751909
1,0,1,0.559004
1,1,1,0.6813504
1,0,0,0.065473236
1,0,1,0.69224566
1,1,1,0.62663245
1,0,1,0.5207981
1,0,0,0.37749398
1,1,1,0.591371
1,0,1,0.5427764
1,1,1,0.60093886
1,1,0,0.37561882
1,1,1,0.82473946
1,1,1,0.6024921
1,0,0,0.10291093
1,1,1,0.66574085
1,1,0,0.37636414
1,0,0,0.16178785
1,1,1,0.5778354
1,0,0,0.11104015
1,0,0,0.06657568
1,0,0,0.24431507
1,0,0,0.10654522
1,0,1,0.7218864
1,0,1,0.7356221
1,1,1,0.8017523
1,1,0,0.3661944
1,0,0,0.1644655
1,0,1,0.5768834
1,0,0,0.10393002
1,0,1,0.5711785
1,0,0,0.19632894
1,1,1,0.7276114
1,1,0,0.35506186
1,0,0,0.24902011
1,1,0,0.1773858
1,1,1,0.8193314
1,1,1,0.69296616
1,0,0,0.35609174
1,1,1,0.6860892
1,0,0,0.18272987
1,1,0,0.34051523
1,1,0,0.42897925
1,0,1,0.616585
1,0,1,0.60263956
1,0,0,0.060824562
1,0,1,0.73703
1,0,0,0.29328835
1,1,1,0.5805202
1,1,1,0.7440659
1,0,1,0.56219745
1,0,0,0.2736064
1,1,1,0.60687196
1,1,1,0.7177163
1,0,0,0.35475427
1,0,0,0.44571307
1,1,1,0.8420378
1,0,1,0.5543399
1,1,1,0.6598923
1,0,0,0.06539225
1,0,1,0.56984806
1,1,1,0.67057526
1,1,1,0.60311127
1,0,0,0.37593204
1,1,1,0.6295829
1,1,1,0.829172
1,0,1,0.556006
1,1,1,0.76320475
1,1,1,0.5569896
1,0,0,0.14349282
1,1,1,0.5951919
1,0,0,0.2210046
1,1,0,0.33362022
1,1,1,0.8192291
1,1,1,0.7360937
1,0,1,0.71481085
1,0,0,0.087383635
1,1,1,0.63297814
1,1,1,0.78124815
1,0,1,0.52544695
1,1,1,0.5401567
1,1,1,0.6107159
1,1,1,0.81113434
1,0,0,0.19043192
1,0,0,0.09754556
1,0,1,0.5435783
1,0,1,0.7979345
1,0,0,0.24804609
1,1,0,0.48169047
1,0,0,0.09445694
1,1,0,0.11212504
1,1,1,0.9000751
1,1,0,0.48348972
1,0,0,0.22651996
1,0,1,0.72852445
1,1,1,0.7089375
1,1,1,0.6605144
1,0,0,0.49015468
1,0,0,0.28734216
1,1,0,0.32170397
1,0,0,0.10465029
1,0,0,0.114412315
1,1,1,0.7332947
1,1,1,0.6105254
1,1,1,0.52802986
1,0,0,0.1833199
1,0,0,0.44591093
1,0,0,0.4521589
1,0,1,0.68614304
1,0,0,0.49572784
1,1,1,0.5159553
1,1,1,0.67096406
1,1,1,0.518123
1,0,1,0.5098557
1,1,1,0.5781154
1,1,0,0.36127222
1,0,0,0.2349701
1,1,1,0.5387531
1,0,1,0.5973793
1,0,0,0.49150205
1,1,0,0.29072532
1,0,0,0.4958337
1,1,0,0.3652764
1,1,1,0.51010513
1,0,0,0.4456656
1,1,0,0.44159198
1,0,1,0.580778
1,0,0,0.122826636
1,1,1,0.5240314
1,0,0,0.1455263
1,0,0,0.12514257
1,0,0,0.49778897
1,0,0,0.14118066
1,0,0,0.4589736
1,0,1,0.69162905
1,1,1,0.54736924
1,1,1,0.57906
1,0,1,0.6515809
1,1,1,0.590825
1,0,0,0.48375127
1,0,0,0.48726645
1,0,1,0.563552
1,1,1,0.5716227
1,1,1,0.5453164
1,1,1,0.65506035
1,0,0,0.450083
1,1,1,0.5620458
1,0,1,0.61971676
1,1,1,0.5816365
1,0,1,0.5957741
1,0,0,0.09419469
1,0,0,0.3897141
1,1,1,0.54550594
1,0,0,0.11879812
1,1,0,0.4046615
1,1,0,0.14969227
1,0,0,0.26983374
1,0,0,0.19609305
1,0,0,0.36736265
1,1,1,0.7935134
1,0,1,0.5715534
1,1,1,0.6791005
1,0,0,0.43220064
1,0,0,0.32771873
1,0,0,0.113806054
1,1,0,0.41915688
1,0,0,0.31831387
1,1,0,0.41706377
1,1,0,0.43970066
1,1,0,0.36117777
1,0,0,0.42968985
1,0,0,0.08511
1,1,1,0.83044344
1,1,1,0.8003108
1,0,0,0.19764517
1,0,0,0.27835184
1,0,0,0.08520793
1,0,0,0.06834196
1,1,1,0.92746323
1,0,1,0.7437188
1,0,0,0.42460975
1,0,0,0.30975395
1,0,0,0.16944449
1,1,1,0.6815879
1,0,1,0.51307374
1,0,1,0.57526386
1,1,1,0.50041175
1,1,0,0.47403362
1,1,1,0.7376618
1,1,1,0.525312
1,0,0,0.06401814
1,1,1,0.7267514
1,0,1,0.5716284
1,1,1,0.68850166
1,0,0,0.22904208
1,0,0,0.45861754
1,1,0,0.46128908
1,0,0,0.087210335
1,1,1,0.8191206
1,1,1,0.6394396
1,1,0,0.37332985
1,1,1,0.698643
1,1,1,0.507497
1,0,1,0.6319559
1,0,0,0.4880774
1,0,0,0.35367328
1,1,1,0.56656617
1,1,1,0.6543593
1,0,0,0.47975576
1,0,1,0.6775241
1,0,1,0.6239858
1,0,1,0.77533865
1,0,0,0.4171118
1,0,0,0.40690574
1,0,1,0.6960561
1,0,1,0.76386684
1,0,1,0.59262246
1,1,0,0.42023996
1,0,1,0.50624025
1,0,0,0.40895325
1,0,0,0.45443064
1,1,0,0.43300706
1,0,0,0.23691286
1,0,0,0.4820196
1,0,0,0.073755175
1,1,1,0.6366201
1,1,0,0.48713705
1,1,1,0.6258671
1,1,0,0.074334264
1,1,1,0.6278192
1,1,1,0.7650088
1,1,1,0.5167052
1,1,1,0.6346281
1,0,0,0.47185367
1,0,0,0.08498711
1,0,1,0.58261794
1,1,1,0.765648
1,0,1,0.5087045
1,1,1,0.56397873
1,0,0,0.15322259
1,0,0,0.40576765
1,0,0,0.39518663
1,0,0,0.1540861
1,1,1,0.6723017
1,1,0,0.32054618
1,1,1,0.70857584
1,0,1,0.7604449
1,0,1,0.66035676
1,0,0,0.321574
1,0,1,0.55762345
1,1,1,0.52469534
1,1,1,0.69727796
1,1,0,0.44627097
1,1,1,0.7359262
1,1,0,0.4535685
1,0,0,0.3975501
1,1,0,0.28104687
1,1,1,0.64472574
1,1,1,0.5267102
1,1,1,0.53822714
1,0,1,0.6700846
1,0,0,0.34413722
1,0,0,0.22848198
1,0,0,0.32621056
1,0,0,0.36071146
1,0,0,0.19486763
1,1,1,0.6133952
1,0,1,0.5652186
1,0,0,0.4059602
1,0,0,0.28172657
1,1,0,0.3580047
1,0,0,0.4295354
1,1,1,0.661494
1,1,0,0.38904268
1,1,1,0.75061464
1,0,0,0.48124823
1,1,1,0.55192596
1,1,1,0.6538772
1,0,0,0.4837784
1,1,0,0.49271688
1,1,1,0.6413626
1,0,0,0.47295263
1,1,1,0.5912198
1,1,1,0.62881094
1,0,0,0.46627262
1,1,1,0.60393023
1,0,0,0.4257281
1,1,1,0.7463622
1,0,0,0.44664535
1,0,0,0.46603194
1,0,0,0.4238563
1,0,0,0.30583072
1,1,1,0.62517977
1,0,1,0.6015776
1,0,0,0.42806554
1,1,1,0.74412847
1,1,1,0.5236066
1,0,1,0.5695681
1,1,0,0.40277255
1,1,1,0.5222704
1,0,1,0.6140519
1,1,1,0.6426757
1,0,1,0.58474624
1,0,0,0.21710499
1,0,0,0.28633812
1,0,0,0.25732207
1,1,1,0.78544724
1,0,1,0.5181146
1,1,1,0.74088633
1,0,0,0.3526163
1,0,0,0.32028058
1,1,1,0.6632585
1,1,0,0.31190988
1,0,1,0.55508536
1,0,0,0.121442854
1,0,0,0.08743843
1,0,1,0.77557904
1,1,0,0.39893427
1,1,0,0.47662306
1,1,0,0.46627644
1,0,0,0.42457244
1,0,0,0.31808567
1,0,1,0.5474841
1,0,1,0.5495962
1,1,1,0.5740495
1,0,1,0.6591097
1,0,0,0.36829194
1,0,0,0.37467274
1,1,1,0.61225146
1,1,1,0.7567429
1,1,1,0.6825872
1,0,1,0.65220964
1,1,1,0.6684898
1,0,0,0.43840012
1,0,1,0.5266196
1,1,0,0.4975583
1,1,0,0.41880628
1,1,0,0.3231014
1,0,1,0.62027085
1,1,0,0.48532388
1,1,0,0.45059758
1,0,0,0.31235003
1,0,0,0.41787338
1,0,0,0.36210924
1,1,1,0.56394255
1,0,1,0.51420546
1,0,0,0.3178328
1,0,1,0.76832885
1,1,1,0.6709683
1,0,1,0.7162978
1,1,1,0.5203634
1,1,1,0.79148614
1,1,1,0.7116454
1,0,1,0.6519185
1,0,0,0.3576352
1,1,0,0.2082201
1,1,0,0.3519087
1,0,0,0.3865272
1,0,0,0.19921657
1,0,0,0.4184
1,0,0,0.23604935
1,0,1,0.61697817
1,1,0,0.29750392
1,1,1,0.69829625
1,1,1,0.6688955
1,1,0,0.37870562
1,1,1,0.7084961
1,0,1,0.63486105
1,1,0,0.16380139
1,0,0,0.2743606
1,0,0,0.30880126
1,1,0,0.40411133
1,1,0,0.37879944
1,1,1,0.6109366
1,0,0,0.25647023
1,1,0,0.18387382
1,0,0,0.47906768
1,0,1,0.52467805
1,1,1,0.57325417
1,1,1,0.6713663
1,0,0,0.3767489
1,0,0,0.3957543
1,0,0,0.15118428
1,0,0,0.1238288
1,0,0,0.14390528
1,0,1,0.67217875
1,0,1,0.5445236
1,0,0,0.48368475
1,0,1,0.6137062
1,1,1,0.8439032
1,1,1,0.54755694
1,1,1,0.7423589
1,0,0,0.13402253
1,0,0,0.1313782
1,0,1,0.73798156
1,1,1,0.50973827
1,0,0,0.16155055
1,1,1,0.5898156
1,1,1,0.6928418
1,1,1,0.6207058
1,0,0,0.28915772
1,0,0,0.13603446
1,1,1,0.7464513
1,1,0,0.444856
1,1,1,0.5070045
1,0,0,0.0675124
1,0,0,0.09809549
1,0,0,0.21359216
1,1,1,0.69576865
1,0,0,0.4893519
1,0,1,0.6341812
1,1,1,0.6278284
1,0,0,0.17929843
1,1,1,0.66478753
1,0,0,0.48862818
1,0,0,0.17303358
1,0,0,0.49226692
1,1,1,0.75882655
1,0,1,0.5960963
1,0,1,0.6490777
1,0,1,0.51919657
1,0,0,0.40927228
1,1,0,0.32554382
1,1,1,0.5136507
1,0,1,0.6875233
1,0,1,0.58263254
1,1,1,0.5306788
1,0,0,0.39904
1,1,1,0.5580405
1,0,1,0.5414572
1,0,1,0.55905795
1,0,0,0.25209323
1,1,1,0.61512107
1,1,1,0.6928097
1,1,1,0.6367625
1,0,1,0.53883725
1,1,1,0.8472776
1,1,1,0.58786887
1,0,0,0.45890337
1,0,0,0.34114057
1,1,1,0.72869307
1,1,1,0.65499043
1,0,1,0.67098224
1,1,1,0.72596085
1,0,1,0.6721779
1,1,0,0.39444405
1,1,1,0.63311785
1,1,1,0.69805014
1,1,1,0.5514669
1,0,1,0.5567315
1,0,1,0.8468732
1,0,0,0.49817738
1,0,1,0.55906415
1,1,0,0.48335704
1,0,1,0.7307198
1,0,1,0.64227486
1,1,1,0.58222353
1,1,1,0.65975046
1,0,0,0.41650006
1,0,0,0.15830533
1,1,1,0.67256516
1,0,0,0.40252945
1,0,0,0.36742824
1,0,0,0.43171278
1,1,1,0.51478726
1,1,1,0.7471832
1,1,1,0.73647296
1,1,1,0.7006147
1,1,1,0.5476545
1,0,0,0.42846912
1,1,0,0.27640015
1,0,1,0.6107705
1,0,1,0.59662163
1,0,1,0.61060363
1,0,0,0.17087086
1,1,0,0.36910564
1,0,0,0.2082954
1,1,1,0.71779186
1,1,1,0.7560684
1,1,1,0.6936197
1,1,1,0.8852447
1,0,1,0.5209764
1,1,1,0.5048675
1,0,0,0.19008483
1,1,1,0.6378898
1,0,0,0.18928589
1,0,0,0.22431172
1,0,0,0.15592678
1,1,0,0.49687114
1,1,1,0.5780331
1,1,0,0.49302858
1,0,0,0.14118007
1,0,0,0.12490756
1,0,0,0.18535028
1,1,0,0.32244495
1,1,0,0.28443265
1,0,0,0.0969851
1,0,0,0.366647
1,0,0,0.34763396
1,0,0,0.3164639
1,1,0,0.33907434
1,0,0,0.18309666
1,0,0,0.179274
1,0,0,0.20212457
1,1,0,0.41580412
1,1,1,0.7806305
1,1,0,0.36628547
1,0,0,0.27394542
1,1,0,0.4101095
1,1,0,0.37068033
1,1,0,0.4178799
1,0,0,0.033792775
1,0,0,0.31982678
1,0,0,0.42678982
1,0,0,0.3673583
1,0,0,0.12901333
1,1,0,0.48922303
1,1,0,0.24392648
1,1,1,0.60214627
1,0,0,0.34482172
1,0,1,0.5596583
1,1,1,0.5439645
1,0,1,0.6850332
1,0,0,0.25770962
1,0,0,0.38683936
1,0,1,0.5413043
1,1,0,0.26998538
1,1,1,0.5591047
1,0,1,0.5184988
1,0,0,0.0660973
1,0,0,0.11254375
1,0,0,0.06628002
1,1,1,0.7565959
1,1,1,0.52127224
1,1,1,0.7602824
1,0,0,0.34698805
1,0,0,0.35656115
1,0,1,0.74160427
1,0,0,0.47112507
1,1,0,0.4441862
1,0,0,0.498239
1,1,1,0.61067885
1,0,0,0.34355065
1,1,1,0.75037414
1,1,0,0.49052164
1,1,0,0.07132625
1,1,1,0.72765136
1,1,1,0.64007366
1,0,0,0.11869046
1,0,0,0.20702721
1,0,1,0.63881147
1,0,1,0.51646245
1,0,0,0.17470253
1,0,0,0.21774034
1,0,0,0.11198209
1,0,0,0.37832722
1,1,1,0.609838
1,0,0,0.062069356
1,1,1,0.7283286
1,1,0,0.39443642
1,1,1,0.7184861
1,0,1,0.5090274
1,0,1,0.64791226
1,1,1,0.68876916
1,0,0,0.08035063
1,1,0,0.39413312
1,0,0,0.3901495
1,0,0,0.055755474
1,0,1,0.5005503
1,1,1,0.81597537
1,1,1,0.80377644
1,0,1,0.6036829
1,1,1,0.87396795
1,1,1,0.71268743
1,0,1,0.7100133
1,1,1,0.83747745
1,0,1,0.62178767
1,0,1,0.62172806
1,1,1,0.70404
1,0,1,0.72799414
1,0,1,0.67070454
1,1,1,0.84705776
1,1,1,0.7334158
1,0,0,0.25381675
1,1,1,0.7680752
1,1,1,0.67168295
1,0,1,0.65724957
1,1,1,0.835124
1,0,0,0.1182241
1,0,0,0.22297454
1,1,1,0.7852316
1,0,0,0.22080745
1,0,0,0.19466273
1,0,0,0.22422746
1,1,0,0.3114444
1,0,1,0.506347
1,0,0,0.05921506
1,1,1,0.72682613
1,0,1,0.6083591
1,0,1,0.7207789
1,1,1,0.5531699
1,1,1,0.67398
1,0,1,0.6097369
1,1,1,0.58886915
1,1,1,0.87961257
1,1,1,0.50534594
1,0,0,0.3489113
1,1,1,0.6825867
1,0,0,0.2725313
1,0,0,0.43835357
1,1,1,0.596526
1,0,1,0.5312126
1,0,0,0.29884765
1,1,1,0.8129279
1,1,1,0.54576063
1,0,0,0.43587354
1,0,1,0.50749487
1,1,1,0.55024064
1,1,1,0.8498832
1,0,0,0.096309476
1,0,0,0.1303848
1,1,1,0.51114255
1,0,1,0.6175572
1,0,1,0.5488784
1,1,0,0.4297911
1,0,1,0.54857326
1,1,1,0.50938135
1,0,0,0.3717867
1,0,0,0.48038292
1,1,1,0.51882243
1,1,1,0.6761348
1,0,0,0.3699048
1,0,0,0.38999408
1,0,1,0.7206596
1,0,1,0.5403625
1,0,0,0.46459898
1,0,0,0.48243228
1,1,1,0.5882818
1,1,0,0.42701948
1,0,0,0.4724157
1,1,1,0.69375
1,0,1,0.6218446
1,1,1,0.6249342
1,1,1,0.59377325
1,0,1,0.505076
1,1,1,0.7028295
1,0,0,0.45823672
1,0,1,0.58684987
1,0,1,0.5680092
1,1,0,0.4893328
1,1,1,0.7232646
1,0,1,0.6140972
1,1,1,0.73746043
1,0,1,0.5495052
1,0,0,0.16119581
1,1,1,0.87880486
1,0,0,0.48698416
1,1,1,0.87111074
1,0,0,0.17096004
1,0,0,0.082177095
1,0,0,0.1014644
1,1,0,0.35114422
1,0,0,0.20386653
1,0,0,0.06829338
1,1,1,0.70173794
1,0,0,0.16910274
1,0,0,0.1683276
1,1,1,0.5429786
1,1,0,0.3517433
1,0,0,0.051371936
1,0,0,0.3619939
1,0,0,0.3865293
1,1,0,0.45313933
1,0,0,0.15294732
1,1,1,0.6716622
1,1,1,0.8650763
1,0,0,0.383931
1,1,0,0.1681949
1,0,0,0.058810916
1,0,0,0.3756162
1,1,1,0.6637945
1,1,0,0.1183774
1,0,0,0.35750726
1,1,1,0.66871786
1,0,0,0.08128503
1,1,0,0.4031228
1,1,1,0.60829854
1,0,0,0.13293776
1,0,1,0.7277152
1,1,1,0.6721321
1,0,0,0.21215199
1,1,0,0.31473854
1,0,1,0.6961469
1,0,0,0.07328364
1,1,1,0.87674046
1,1,1,0.6251873
1,0,1,0.685632
1,0,0,0.44614822
1,1,1,0.5235958
1,0,1,0.56301856
1,0,0,0.45857742
1,1,1,0.5940138
1,0,1,0.5816027
1,1,1,0.6228051
1,1,0,0.4807858
1,0,0,0.34669647
1,0,0,0.26524746
1,0,1,0.62013936
1,1,1,0.6884688
1,1,1,0.7476639
1,0,0,0.4563596
1,0,0,0.19934312
1,1,1,0.853529
1,0,0,0.32817236
1,0,1,0.61511344
1,1,1,0.6898236
1,1,1,0.6719596
1,1,1,0.87402344
1,1,1,0.7536732
1,0,0,0.2251797
1,0,1,0.7380806
1,0,1,0.6391612
1,1,1,0.79558074
1,0,0,0.42184803
1,0,1,0.63585025
1,0,0,0.37653127
1,1,1,0.8327148
1,1,0,0.4582376
1,0,1,0.63180006
1,1,1,0.73488885
1,0,0,0.46531853
1,1,1,0.7158299
1,1,1,0.81017774
1,0,1,0.6733606
1,0,0,0.1587268
1,0,1,0.5344972
1,1,0,0.42516506
1,0,1,0.68328744
1,0,1,0.578402
1,1,1,0.8693688
1,1,1,0.6290855
1,0,1,0.71338916
1,0,1,0.636768
1,0,0,0.4905842
1,0,0,0.051201347
1,1,0,0.25326988
1,0,1,0.7096234
1,0,1,0.5298982
1,1,1,0.5567286
1,1,1,0.764611
1,0,0,0.45354444
1,1,1,0.65231097
1,1,1,0.60984784
1,1,1,0.5150814
1,1,0,0.43460032
1,0,1,0.5678004
1,1,0,0.3663882
1,1,1,0.50139475
1,0,1,0.59718174
1,0,1,0.50774735
1,1,1,0.6042881
1,0,1,0.7457093
1,1,1,0.5058597
1,0,0,0.14862737
1,0,0,0.17338456
1,0,0,0.18110041
1,0,1,0.59329814
1,0,0,0.36791465
1,1,0,0.4706584
1,0,0,0.49005455
1,0,0,0.4910272
1,1,1,0.5769658
1,0,0,0.44238037
1,1,1,0.9130566
1,0,1,0.55513775
1,0,1,0.55875427
1,1,0,0.44436732
1,1,1,0.5975791
1,1,1,0.75054777
1,0,0,0.15759191
1,1,1,0.60188574
1,0,0,0.052559927
1,1,1,0.52877754
1,0,1,0.6212763
1,0,0,0.3098407
1,0,0,0.1024583
1,1,1,0.8131314
1,0,1,0.6144822
1,0,0,0.06924972
1,0,1,0.50629866
1,1,1,0.69272584
1,0,0,0.44744104
1,0,0,0.38519534
1,0,0,0.4076178
1,0,1,0.546952
1,1,1,0.6444885
1,1,1,0.5048138
1,1,1,0.64402664
1,1,1,0.64840096
1,1,0,0.42764172
1,0,1,0.7771334
1,1,0,0.47730708
1,0,0,0.46117938
1,0,1,0.60400605
1,1,0,0.39894623
1,1,1,0.7152222
1,0,0,0.37268436
1,1,1,0.7059499
1,1,0,0.22397393
1,0,1,0.634441
1,1,0,0.27412647
1,0,1,0.62679946
1,0,1,0.5160843
1,0,0,0.042876218
1,1,1,0.6628085
1,1,0,0.477758
1,0,0,0.32460392
1,0,0,0.49726844
1,0,1,0.7426014
1,0,0,0.24820721
1,0,0,0.36043128
1,1,1,0.7853546
1,1,1,0.7236869
1,0,0,0.13205105
1,1,1,0.89216167
1,0,1,0.61971146
1,1,0,0.4191575
1,0,0,0.09137719
1,0,0,0.46100113
1,1,1,0.79080737
1,1,1,0.53554326
1,1,1,0.71237516
1,0,1,0.5391193
1,0,0,0.11867387
1,0,0,0.14495137
1,1,1,0.6411903
1,0,0,0.361677
1,0,1,0.5087984
1,0,0,0.3293627
1,0,0,0.38513693
1,0,0,0.37580824
1,0,1,0.6279204
1,1,1,0.53351164
1,0,1,0.5546361
1,0,0,0.16296305
1,1,0,0.3054795
1,0,1,0.5572046
1,1,1,0.5441333
1,0,1,0.6395856
1,1,1,0.6556113
1,1,0,0.15721463
1,0,1,0.52902055
1,1,1,0.5665405
1,1,1,0.70671135
1,0,0,0.40461007
1,0,0,0.4366421
1,0,0,0.18518636
1,0,0,0.120385975
1,1,0,0.47936183
1,1,0,0.48672128
1,0,0,0.45032364
1,1,0,0.34112164
1,1,1,0.74553436
1,0,1,0.634453
1,0,0,0.08927049
1,0,0,0.08981088
1,1,1,0.64403296
1,1,0,0.112455145
1,0,0,0.08170238
1,1,1,0.64975125
1,1,1,0.7164668
1,1,1,0.7693963
1,0,0,0.10633047
1,0,0,0.15317117
1,0,0,0.16084717
1,0,0,0.20329817
1,0,0,0.09181406
1,0,0,0.31373823
1,1,0,0.22243549
1,0,0,0.457804
1,0,0,0.0817024
1,0,0,0.40781027
1,0,0,0.4443041
1,0,0,0.2973902
1,1,1,0.55066574
1,1,0,0.18611076
1,1,1,0.71789527
1,1,1,0.7158351
1,1,1,0.719575
1,0,0,0.3296214
1,0,0,0.16268215
1,0,0,0.06709944
1,1,0,0.2764257
1,0,0,0.4367684
1,1,0,0.08977376
1,1,1,0.7808296
1,0,1,0.544384
1,0,1,0.5758587
1,0,0,0.086944416
1,1,0,0.43041578
1,0,0,0.12091652
1,0,0,0.31666705
1,0,0,0.49847284
1,0,0,0.12483923
1,1,1,0.6961213
1,1,0,0.4696634
1,1,0,0.15546884
1,0,0,0.4511492
1,1,1,0.68701667
1,0,0,0.36937332
1,1,1,0.8308278
1,0,0,0.40833965
1,0,0,0.08014815
1,1,0,0.36565977
1,1,0,0.32544956
1,1,0,0.04999622
1,0,1,0.6141743
1,0,1,0.58536106
1,1,0,0.3560418
1,0,0,0.09950447
1,1,1,0.8318496
1,1,0,0.23761997
1,0,0,0.24466144
1,0,0,0.3667749
1,0,0,0.053083263
1,1,1,0.86765647
1,1,1,0.70342565
1,1,1,0.5794833
1,0,0,0.3487913
1,1,1,0.51864564
1,0,1,0.6412897
1,1,1,0.5446289
1,1,1,0.6519033
1,0,0,0.16990924
1,0,0,0.3189116
1,0,0,0.37418815
1,0,1,0.5572376
1,0,0,0.15952708
1,0,1,0.6650484
1,0,0,0.29672754
1,1,0,0.45164114
1,1,1,0.63400245
1,0,0,0.069791056
1,0,0,0.10489888
1,1,0,0.4436764
1,1,1,0.66961765
1,1,0,0.28875887
1,1,1,0.7467696
1,1,0,0.39893427
1,1,0,0.47662306
1,1,0,0.46627644
1,0,0,0.42457244
1,0,0,0.31808567
1,0,1,0.5474841
1,0,1,0.5495962
1,1,1,0.5740495
1,0,1,0.6591097
1,0,0,0.36829194
1,0,0,0.37467274
1,1,1,0.61225146
1,1,1,0.7567429
1,1,1,0.6825872
1,0,1,0.65220964
1,1,1,0.6684898
1,0,0,0.43840012
1,0,1,0.5266196
1,1,0,0.4975583
1,1,0,0.41880628
1,1,0,0.3231014
1,0,1,0.62027085
1,1,0,0.48532388
1,1,0,0.45059758
1,0,0,0.31235003
1,0,0,0.41787338
1,0,0,0.36210924
1,1,1,0.56394255
1,0,1,0.51420546
1,0,0,0.3178328
1,1,1,0.83914936
1,0,0,0.34168255
1,0,0,0.35296777
1,1,0,0.4418458
1,1,0,0.49981898
1,0,1,0.71774477
1,0,0,0.2066599
1,0,0,0.3538837
1,1,1,0.54750353
1,1,1,0.5593826
1,0,1,0.63552564
1,1,1,0.608206
1,0,1,0.56409305
1,1,1,0.7086669
1,0,0,0.2948698
1,1,1,0.7383708
1,0,0,0.364567
1,1,0,0.29480043
1,0,0,0.3454099
1,1,1,0.6670536
1,0,0,0.24437688
1,0,0,0.2778887
1,1,1,0.7066479
1,0,1,0.7093504
1,0,1,0.5437011
1,1,1,0.5424488
1,1,0,0.3389698
1,0,0,0.15001161
1,0,0,0.3804477
1,1,1,0.69656324
1,1,1,0.5757939
1,1,1,0.51054907
1,0,0,0.11653623
1,1,0,0.12693913
1,0,0,0.06034605
1,0,0,0.26268935
1,0,1,0.5657349
1,0,1,0.67458963
1,1,1,0.67249584
1,0,1,0.5581809
1,0,1,0.6571169
1,0,1,0.7132709
1,1,1,0.69241834
1,1,1,0.6544423
1,0,0,0.37669623
1,1,1,0.6224209
1,0,1,0.52731496
1,0,0,0.41419485
1,0,0,0.43716705
1,0,1,0.5845571
1,0,0,0.41868237
1,1,0,0.3982953
1,1,0,0.35469317
1,1,0,0.2973505
1,0,0,0.13981237
1,1,1,0.5422241
1,1,1,0.5805223
1,0,0,0.11047448
1,0,0,0.115041345
1,1,1,0.643377
1,0,0,0.39087164
1,1,0,0.46944124
1,0,0,0.39192447
1,1,0,0.43111935
1,0,0,0.28845057
1,1,1,0.5029574
1,1,0,0.42867297
1,0,0,0.44882655
1,0,0,0.1759627
1,1,1,0.5483942
1,0,1,0.50822717
1,1,1,0.620964
1,0,0,0.16558771
1,0,0,0.13216233
1,0,1,0.5095011
1,0,1,0.64151233
1,0,0,0.34336555
1,1,1,0.8770504
1,1,0,0.31254485
1,0,1,0.5088565
1,1,1,0.6342286
1,0,1,0.6799791
1,0,1,0.85045135
1,0,1,0.819817
1,0,0,0.13656434
1,1,1,0.6792052
1,0,1,0.75514495
1,1,0,0.4058706
1,1,0,0.3131924
1,1,1,0.8401203
1,1,1,0.7911727
1,1,1,0.7669349
1,0,0,0.081318855
1,0,1,0.75321525
1,0,1,0.6056634
1,1,1,0.7061714
1,0,1,0.6147691
1,0,0,0.11111255
1,0,0,0.2103601
1,0,0,0.06927457
1,1,1,0.5529857
1,1,0,0.41681734
1,1,0,0.47128564
1,0,0,0.11296818
1,1,1,0.6253259
1,0,1,0.5914128
1,0,0,0.49799058
1,0,1,0.6412967
1,1,1,0.60205936
1,0,0,0.049982976
1,1,1,0.58015954
1,0,0,0.14226829
1,1,0,0.42030558
1,1,0,0.3807153
1,0,0,0.38856345
1,1,0,0.34321624
1,0,0,0.17259377
1,0,0,0.46302438
1,0,1,0.7643774
1,0,0,0.38827276
1,0,0,0.15043823
1,1,0,0.4366654
1,1,0,0.31005833
1,0,1,0.5554169
1,1,0,0.083189234
1,0,0,0.4334374
1,1,1,0.51986706
1,0,0,0.25147784
1,0,1,0.69189847
1,1,1,0.537739
1,1,1,0.59794456
1,1,1,0.52838784
1,0,1,0.53898317
1,1,1,0.6105107
1,0,0,0.38919395
1,1,0,0.16327147
1,0,1,0.6117438
1,1,1,0.58664596
1,1,1,0.5138569
1,0,1,0.62123716
1,1,1,0.5465199
1,0,0,0.22021228
1,0,0,0.12817456
1,0,0,0.13701893
1,0,0,0.45885935
1,0,0,0.4955526
1,1,1,0.6256309
1,0,0,0.4371674
1,0,0,0.33727223
1,0,0,0.45493057
1,1,0,0.4024755
1,0,1,0.62772274
1,0,0,0.29448688
1,0,0,0.36796978
1,1,0,0.34603262
1,1,1,0.6164205
1,0,0,0.31044525
1,1,0,0.15667899
1,0,0,0.363858
1,0,1,0.5854593
1,0,0,0.48425585
1,1,0,0.47093412
1,0,1,0.6848592
1,1,1,0.57049584
1,1,1,0.5620497
1,1,1,0.55871856
1,0,1,0.8735989
1,1,0,0.43974897
1,0,1,0.5230183
1,0,1,0.6709653
1,1,1,0.6987876
1,1,0,0.3792154
1,0,1,0.61842024
1,1,1,0.6262647
1,0,1,0.69895345
1,1,1,0.7616171
1,0,1,0.52205837
1,1,1,0.6246074
1,0,0,0.37307116
1,1,1,0.76195645
1,0,1,0.8107293
1,1,1,0.50282544
1,0,1,0.78583986
1,0,0,0.49185812
1,0,1,0.6876261
1,0,1,0.651952
1,1,1,0.6846204
1,1,1,0.67546934
1,1,0,0.16681494
1,1,0,0.15672584
1,1,1,0.70314294
1,0,1,0.5573956
1,0,1,0.5952335
1,1,0,0.116570495
1,1,1,0.6588825
1,0,1,0.50113165
1,1,0,0.30072838
1,0,0,0.033732116
1,1,0,0.4296421
1,1,1,0.51155007
1,0,0,0.4245592
1,0,1,0.5860639
1,0,0,0.3463635
1,0,0,0.16993536
1,0,0,0.21277928
1,1,0,0.10727106
1,1,1,0.88389015
1,1,1,0.64746505
1,1,1,0.67033076
1,0,1,0.7256605
1,1,1,0.6073468
1,0,1,0.54817075
1,1,0,0.49858254
1,0,1,0.58945835
1,1,1,0.6711875
1,1,0,0.46200407
1,0,0,0.06413475
1,0,1,0.52699
1,1,1,0.5805952
1,0,0,0.07754098
1,0,0,0.06458689
1,1,1,0.7057552
1,0,1,0.54842764
1,1,1,0.55927926
1,1,1,0.75021523
1,0,0,0.19596541
1,0,0,0.115490794
1,0,0,0.21439447
1,0,0,0.05502063
1,0,0,0.056976344
1,1,1,0.78810745
1,0,1,0.6698306
1,0,1,0.57188684
1,1,1,0.5359455
1,0,0,0.38343132
1,1,1,0.6416256
1,1,1,0.7055795
1,0,1,0.55241287
1,0,1,0.5670271
1,0,1,0.622566
1,1,1,0.576019
1,1,1,0.50927854
1,1,0,0.40144727
1,0,0,0.21580599
1,0,0,0.306079
1,0,0,0.12517959
1,0,0,0.43054295
1,1,1,0.68371814
1,0,0,0.15604107
1,0,0,0.122775346
1,0,1,0.74514216
1,1,0,0.29134935
1,0,0,0.16637185
1,1,0,0.18325202
1,1,0,0.19323137
1,1,1,0.5903109
1,1,1,0.5942511
1,1,1,0.53644294
1,1,1,0.84038335
1,1,1,0.74194103
1,0,1,0.57181334
1,0,0,0.076361015
1,0,0,0.09839478
1,1,1,0.70022184
1,1,1,0.7772373
1,1,0,0.18763328
1,0,0,0.08789366
1,0,0,0.10147369
1,0,1,0.7170657
1,0,0,0.115072906
1,1,1,0.6414265
1,0,0,0.11504576
1,1,1,0.62000513
1,0,1,0.7015511
1,1,1,0.5874261
1,0,1,0.78176624
1,1,0,0.25820404
1,0,0,0.2209988
1,1,1,0.5662252
1,1,1,0.6774032
1,1,1,0.60752594
1,0,0,0.1130315
1,0,0,0.2349531
1,0,0,0.15143219
1,0,0,0.06844013
1,1,1,0.79721874
1,0,1,0.6328443
1,1,0,0.08423855
1,1,0,0.42647395
1,0,0,0.20365155
1,1,1,0.513643
1,0,0,0.084571846
1,0,0,0.07341931
1,0,1,0.55679226
1,0,0,0.204923
1,0,1,0.7526053
1,1,0,0.39418894
1,0,0,0.21933362
1,1,0,0.24503289
1,0,0,0.10090103
1,1,0,0.47879323
1,1,1,0.62195146
1,0,0,0.07876926
1,1,0,0.34958422
1,0,0,0.18780924
1,1,1,0.5482182
1,0,0,0.38781807
1,1,0,0.49857408
1,1,0,0.1941396
1,0,0,0.23867685
1,0,0,0.05556525
1,0,1,0.610618
1,0,0,0.45336178
1,1,1,0.7716931
1,0,1,0.7175497
1,1,0,0.40333298
1,0,1,0.6285679
1,1,1,0.6448873
1,0,0,0.35974216
1,1,0,0.25485477
1,0,0,0.1730308
1,0,0,0.09549303
1,0,1,0.6161314
1,1,0,0.21337946
1,0,0,0.056085702
1,1,1,0.80327064
1,0,1,0.60526043
1,1,1,0.6055829
1,0,0,0.43798977
1,1,1,0.6487485
1,1,1,0.7120043
1,0,0,0.08852371
1,0,0,0.11976854
1,1,1,0.6250107
1,1,0,0.09713406
1,1,1,0.6437928
1,0,0,0.39011312
1,0,1,0.6621074
1,1,1,0.56413245
1,0,0,0.1532185
1,0,0,0.10659983
1,0,1,0.5711691
1,1,1,0.6935512
1,0,1,0.5408635
1,1,1,0.71491987
1,0,0,0.40853542
1,1,1,0.6542582
1,1,1,0.6896147
1,0,1,0.5802662
1,1,1,0.6905065
1,0,1,0.6524799
1,1,1,0.5139437
1,1,1,0.66793734
1,0,0,0.46473852
1,0,0,0.23733898
1,0,0,0.12931564
1,1,1,0.73806137
1,0,0,0.14262143
1,0,0,0.28682077
1,0,0,0.20280664
1,1,0,0.16185887
1,1,1,0.8736882
1,0,1,0.5929136
1,1,1,0.68738055
1,1,1,0.6479694
1,1,1,0.7189185
1,0,1,0.64042354
1,0,1,0.55395377
1,1,1,0.7533274
1,0,0,0.45023784
1,1,0,0.27796882
1,1,1,0.5372032
1,0,1,0.7500273
1,0,1,0.7324728
1,1,1,0.5551154
1,0,0,0.30802187
1,1,1,0.6702731
1,0,1,0.5071354
1,0,1,0.5012519
1,1,1,0.7137489
1,0,1,0.70554066
1,1,1,0.58074385
1,1,1,0.5568483
1,0,1,0.6078516
1,0,1,0.679718
1,0,1,0.66866505
1,1,1,0.69587564
1,1,1,0.6147772
1,0,1,0.5779774
1,0,0,0.2679199
1,0,0,0.4942127
1,0,1,0.51173896
1,0,1,0.53946996
1,1,1,0.5805983
1,1,1,0.52215016
1,0,0,0.46313313
1,1,1,0.58191013
1,0,1,0.6172106
1,1,1,0.5946293
1,1,1,0.56362146
1,0,1,0.5230597
1,0,0,0.43734258
1,1,1,0.73991114
1,0,0,0.44782656
1,1,0,0.44820923
1,1,1,0.6872817
1,0,0,0.1670131
1,1,1,0.5337093
1,1,0,0.36299253
1,0,0,0.119797036
1,0,0,0.32499015
1,0,0,0.08650144
1,0,0,0.24771166
1,1,1,0.75324494
1,0,1,0.51826
1,0,0,0.25065976
1,1,1,0.8380163
1,0,1,0.57582176
1,0,1,0.67602015
1,1,1,0.6335637
1,1,1,0.5453795
1,1,1,0.610034
1,1,1,0.6857607
1,1,1,0.5915957
1,0,0,0.48082846
1,0,0,0.30626148
1,0,0,0.49420154
1,0,0,0.49970785
1,1,1,0.93832254
1,1,1,0.8253576
1,1,1,0.5518344
1,0,0,0.4666318
1,0,0,0.17685787
1,0,1,0.67176706
1,0,0,0.39033988
1,1,1,0.68432134
1,0,1,0.5684976
1,1,1,0.95351064
1,1,1,0.5823438
1,1,0,0.38980958
1,0,0,0.46497527
1,1,1,0.815503
1,0,1,0.6139744
1,0,0,0.25367954
1,1,1,0.79634166
1,1,0,0.37230024
1,1,1,0.8275804
1,0,0,0.24258979
1,1,1,0.6591507
1,0,1,0.74902916
1,0,0,0.18845007
1,1,1,0.7454707
1,0,1,0.64857394
1,0,1,0.5510848
1,1,1,0.70116365
1,0,1,0.72177935
1,0,0,0.27196363
1,1,1,0.67666155
1,0,0,0.35114563
1,1,1,0.67817754
1,0,1,0.6528922
1,1,1,0.5873232
1,0,1,0.67413354
1,1,1,0.83173954
1,0,1,0.8020392
1,1,0,0.31999117
1,0,0,0.18019031
1,0,0,0.47856915
1,1,1,0.61421716
1,0,1,0.7321663
1,1,1,0.7019395
1,1,0,0.277043
1,0,0,0.1564892
1,1,1,0.5658466
1,0,0,0.44880208
1,0,0,0.1354312
1,0,0,0.4129326
1,0,0,0.050276667
1,1,1,0.69507277
1,0,0,0.0953021
1,1,0,0.3803148
1,1,0,0.49419025
1,0,0,0.2968637
1,0,0,0.10360038
1,1,1,0.73910433
1,1,1,0.63972604
1,0,1,0.59925604
1,0,1,0.6305542
1,1,1,0.5925915
1,0,0,0.34867546
1,0,0,0.22974974
1,1,0,0.19198209
1,0,0,0.16427384
1,1,1,0.73447704
1,0,1,0.5248801
1,0,0,0.1773189
1,0,0,0.097297475
1,1,0,0.41649023
1,0,0,0.12847014
1,1,1,0.83428323
1,0,1,0.7132511
1,1,1,0.78038615
1,1,1,0.8162427
1,1,1,0.52633834
1,0,0,0.29907748
1,1,1,0.85481524
1,1,1,0.76581085
1,1,1,0.7201133
1,0,1,0.72498566
1,1,1,0.9424621
1,1,1,0.699083
1,1,1,0.6038902
1,0,0,0.29806104
1,1,1,0.5501118
1,1,0,0.42015192
1,1,1,0.5227881
1,1,1,0.5992321
1,1,1,0.5256748
1,1,1,0.69220316
1,1,1,0.6957654
1,0,1,0.5822714
1,0,0,0.30989957
1,0,0,0.23734795
1,1,1,0.5850254
1,1,1,0.59637237
1,0,0,0.49219453
1,1,0,0.21342307
1,0,0,0.39045265
1,0,0,0.34027568
1,0,0,0.30316776
1,0,0,0.15848832
1,0,0,0.48773783
1,0,0,0.38273638
1,0,0,0.2881648
1,1,0,0.29716352
1,0,0,0.07937281
1,0,1,0.5967898
1,0,0,0.08821376
1,0,0,0.34231308
1,0,0,0.17887692
1,0,0,0.3790694
1,0,0,0.47526422
1,0,0,0.12944008
1,1,0,0.44427347
1,1,0,0.4598672
1,1,1,0.5565205
1,0,0,0.2046101
1,1,0,0.08613836
1,0,1,0.5561507
1,0,0,0.36250862
1,0,0,0.45728952
1,0,1,0.67761356
1,1,0,0.22481969
1,0,0,0.39762884
1,1,0,0.33680502
1,1,0,0.42814654
1,1,1,0.5039977
1,0,1,0.513863
1,1,1,0.69365174
1,1,0,0.31887987
1,1,0,0.49198428
1,0,0,0.48235804
1,0,0,0.46574825
1,0,1,0.6223198
1,0,0,0.19638193
1,0,0,0.25134808
1,0,0,0.0656797
1,1,1,0.599681
1,1,0,0.4448832
1,0,0,0.19326775
1,0,0,0.3129109
1,0,0,0.085487984
1,0,1,0.6877692
1,0,1,0.51336104
1,1,1,0.51737887
1,0,0,0.30317497
1,0,0,0.3524175
1,1,0,0.22504081
1,0,0,0.23012856
1,0,0,0.13933848
1,0,0,0.074697755
1,0,0,0.4400779
1,0,1,0.5500214
1,0,0,0.42466888
1,0,0,0.28454053
1,1,1,0.754744
1,0,0,0.16953933
1,1,0,0.2917613
1,0,0,0.4535503
1,0,0,0.053712714
1,1,1,0.5067885
1,0,0,0.4182371
1,0,0,0.21230005
1,0,0,0.4038293
1,1,0,0.48203695
1,0,0,0.3271997
1,0,0,0.45203483
1,0,0,0.26711503
1,0,1,0.5719432
1,0,1,0.64304507
1,0,0,0.39931238
1,0,0,0.03591708
1,0,0,0.19949166
1,1,1,0.8550697
1,1,1,0.70091504
1,1,1,0.8455925
1,0,1,0.7519493
1,1,1,0.7418067
1,1,1,0.5879687
1,1,1,0.5156505
1,1,1,0.58524114
1,0,1,0.81038326
1,0,0,0.3414627
1,0,0,0.25509572
1,1,0,0.4469024
1,0,0,0.30060425
1,1,1,0.5313368
1,0,0,0.37357056
1,0,0,0.31063688
1,0,0,0.36049646
1,0,0,0.38499323
1,1,0,0.47881538
1,0,0,0.3271796
1,0,0,0.34967843
1,1,1,0.58056724
1,0,1,0.8432136
1,1,1,0.77547514
1,0,1,0.7121663
1,1,1,0.64747345
1,0,0,0.107930735
1,0,1,0.61166984
1,0,1,0.54581994
1,1,1,0.816972
1,1,0,0.44009668
1,1,1,0.5664893
1,0,1,0.55440074
1,0,1,0.7009289
1,1,1,0.56325436
1,1,1,0.6462677
1,0,1,0.61729586
1,1,0,0.30982935
1,0,0,0.3237446
1,0,0,0.49377018
1,1,0,0.49636224
1,0,1,0.6145622
1,1,1,0.83846956
1,1,0,0.41273177
1,0,1,0.5723257
1,1,1,0.6857864
1,1,1,0.5862914
1,0,0,0.35081264
1,1,0,0.38229835
1,1,0,0.33022535
1,1,0,0.39044067
1,0,0,0.48324317
1,0,0,0.22560087
1,0,1,0.6818547
1,1,1,0.595856
1,0,1,0.52465796
1,0,0,0.47748753
1,1,1,0.8480488
1,1,1,0.74090564
1,0,1,0.7016955
1,0,1,0.5089924
1,0,0,0.298321
1,1,0,0.37619406
1,1,1,0.6225041
1,1,0,0.44594234
1,1,1,0.52878267
1,1,1,0.8187481
1,0,0,0.19375321
1,0,0,0.07238433
1,0,0,0.104916066
1,1,1,0.7092583
1,0,0,0.46802345
1,1,1,0.7738771
1,1,0,0.46300927
1,0,1,0.5003717
1,1,0,0.33509913
1,0,0,0.17166549
1,1,1,0.5348397
1,0,0,0.30757168
1,0,0,0.07940905
1,0,1,0.5322093
1,1,0,0.48947915
1,0,0,0.48222217
1,0,1,0.5644931
1,0,0,0.1843832
1,1,1,0.5370958
1,1,0,0.43919072
1,1,1,0.860658
1,0,0,0.35914868
1,0,0,0.4180168
1,0,0,0.057515584
1,0,1,0.58789957
1,0,0,0.16388875
1,1,1,0.58593804
1,1,1,0.7084194
1,1,1,0.6377864
1,0,1,0.60382694
1,1,1,0.717471
1,1,1,0.5255204
1,0,1,0.6587991
1,1,1,0.75373524
1,0,1,0.7050943
1,0,0,0.43134993
1,0,1,0.75571615
1,1,1,0.62891984
1,1,1,0.64723176
1,1,1,0.72561467
1,0,1,0.61029303
1,0,0,0.39289048
1,1,1,0.8062225
1,0,0,0.40495053
1,1,1,0.7197803
1,0,0,0.09374276
1,1,0,0.4614048
1,1,1,0.8979598
1,1,0,0.43085825
1,1,0,0.4296136
1,1,1,0.7816977
1,1,1,0.5901396
1,1,0,0.4602005
1,1,1,0.5258779
1,1,1,0.8016055
1,0,1,0.7245027
1,0,1,0.6956117
1,0,0,0.49504185
1,0,1,0.6335822
1,1,0,0.33791265
1,0,0,0.028581688
1,0,1,0.50428283
1,1,1,0.5144217
1,1,1,0.7169389
1,0,0,0.46897313
1,0,1,0.6152965
1,0,1,0.7949574
1,0,0,0.48023438
1,1,1,0.767243
1,0,0,0.43466106
1,1,1,0.69547224
1,1,1,0.53165776
1,0,1,0.65121204
1,0,1,0.7785918
1,0,0,0.31753516
1,1,1,0.62288064
1,1,1,0.6112514
1,0,1,0.55124146
1,0,0,0.41766825
1,0,0,0.24057941
1,1,1,0.7732266
1,1,0,0.40077105
1,1,1,0.65363324
1,1,1,0.65771294
1,0,1,0.5508079
1,1,1,0.56918764
1,0,1,0.5779278
1,0,1,0.7142713
1,0,0,0.4167737
1,0,0,0.4660391
1,0,1,0.7305796
1,1,1,0.86515296
1,0,0,0.43651837
1,1,0,0.37759462
1,1,1,0.5110342
1,0,0,0.45517966
1,0,1,0.678764
1,0,0,0.15143105
1,0,0,0.38856494
1,1,0,0.45360196
1,0,0,0.46956632
1,0,1,0.5936892
1,1,1,0.63131577
1,1,0,0.12041964
1,0,0,0.29702052
1,0,1,0.89481777
1,1,1,0.7878672
1,1,1,0.8239546
1,1,0,0.22508036
1,0,1,0.5771803
1,0,1,0.67844176
1,1,1,0.7782857
1,0,0,0.40451196
1,0,0,0.17616789
1,1,1,0.7754863
1,1,1,0.65221196
1,0,1,0.62064
1,1,1,0.747947
1,1,1,0.7289151
1,0,1,0.6437944
1,1,0,0.24686305
1,0,1,0.578686
1,1,1,0.8062622
1,1,0,0.49914998
1,0,0,0.2641312
1,1,1,0.832508
1,1,0,0.4764152
1,1,1,0.7620462
1,1,0,0.49173597
1,0,0,0.36688897
1,1,1,0.6037927
1,1,1,0.641723
1,0,1,0.57913935
1,0,1,0.6968274
1,0,0,0.43062285
1,0,0,0.08677593
1,0,0,0.47047254
1,0,1,0.74508643
1,0,0,0.3921811
1,0,0,0.38784432
1,1,1,0.73308307
1,1,1,0.674594
1,0,1,0.6722899
1,1,1,0.6830297
1,1,1,0.69648457
1,0,0,0.22198665
1,0,1,0.5079199
1,0,1,0.546873
1,1,1,0.7866736
1,1,1,0.6095245
1,1,1,0.9535823
1,1,1,0.79274195
1,1,1,0.5740025
1,1,1,0.62321913
1,1,1,0.80434597
1,1,0,0.46332273
1,0,0,0.3521897
1,1,0,0.4637767
1,1,0,0.44365183
1,0,1,0.66556585
1,0,1,0.5524941
1,0,1,0.5195336
1,1,1,0.71468925
1,1,1,0.7405583
1,1,1,0.68606865
1,1,1,0.81108654
1,1,1,0.6703107
1,1,1,0.8481839
1,0,0,0.45972696
1,0,1,0.65040535
1,0,1,0.7287942
1,1,1,0.84941643
1,0,1,0.67502624
1,0,0,0.37779123
1,1,1,0.86186326
1,1,1,0.69178015
1,1,1,0.6929377
1,1,1,0.7982914
1,1,1,0.83879554
1,1,1,0.5890563
1,1,1,0.6583231
1,1,1,0.52940917
1,1,0,0.4468334
1,1,0,0.31036827
1,0,1,0.52085537
1,0,1,0.6540273
1,0,0,0.2705541
1,0,0,0.48602942
1,0,0,0.11575091
1,1,0,0.46951452
1,0,1,0.81248164
1,0,0,0.4547486
1,1,1,0.8643429
1,1,1,0.76189077
1,1,1,0.7532474
1,1,1,0.69538766
1,1,1,0.7391428
1,0,0,0.46272776
1,0,1,0.55634123
1,0,1,0.65388995
1,1,0,0.48555174
1,0,0,0.3545242
1,0,0,0.25386897
1,0,0,0.18585859
1,0,1,0.6731743
1,0,1,0.6777171
1,0,1,0.5810331
1,1,1,0.7123387
1,0,0,0.48121256
1,1,1,0.76625997
1,1,1,0.590748
1,0,0,0.3839138
1,0,0,0.33281282
1,1,1,0.7947703
1,0,0,0.430529
1,1,1,0.6068724
1,1,1,0.66344094
1,1,1,0.533187
1,0,0,0.4920504
1,1,1,0.6322633
1,0,1,0.7891906
1,0,0,0.08165389
1,1,1,0.8198143
1,0,1,0.53292304
1,0,0,0.43421802
1,0,1,0.67802864
1,0,1,0.55784196
1,1,1,0.6988602
1,1,1,0.6549058
1,1,1,0.5142629
1,1,1,0.57481945
1,1,1,0.56878406
1,0,0,0.44860113
1,0,1,0.5683434
1,1,1,0.51675713
1,1,1,0.60141116
1,0,1,0.5053145
1,1,1,0.66883945
1,0,1,0.6585984
1,0,0,0.37620592
1,0,1,0.5664522
1,1,1,0.69244707
1,0,1,0.59288216
1,0,1,0.58606344
1,0,0,0.24917315
1,0,0,0.49422505
1,0,1,0.71749526
1,1,1,0.74352145
1,0,1,0.65414554
1,1,1,0.72994506
1,1,1,0.52593917
1,0,0,0.45462778
1,1,1,0.669655
1,0,0,0.42993394
1,0,0,0.28868467
1,0,0,0.35516396
1,1,1,0.7014338
1,1,1,0.62583953
1,1,1,0.7669141
1,0,0,0.26166782
1,0,0,0.28465685
1,1,1,0.767869
1,0,0,0.3452147
1,0,0,0.3169386
1,1,1,0.8642853
1,0,0,0.31041262
1,1,1,0.7126579
1,0,0,0.39330733
1,1,1,0.7693313
1,1,0,0.4396964
1,0,0,0.3933107
1,0,1,0.5320655
1,0,0,0.40876314
1,1,1,0.6495441
1,0,0,0.40785325
1,1,1,0.5888256
1,0,0,0.3495123
1,1,1,0.781942
1,0,1,0.62267846
1,1,1,0.7080234
1,0,0,0.16600607
1,0,0,0.18122037
1,1,1,0.5655301
1,1,1,0.5291048
1,0,1,0.5094037
1,1,0,0.33076796
1,0,0,0.15972368
1,1,0,0.28338116
1,1,1,0.7757158
1,0,0,0.28917864
1,0,0,0.34415877
1,1,1,0.809432
1,1,1,0.8027123
1,0,0,0.3850266
1,0,0,0.06888562
1,0,0,0.08003326
1,0,0,0.43960556
1,1,1,0.584599
1,1,1,0.73460895
1,1,1,0.6623502
1,1,1,0.72429913
1,1,1,0.82654786
1,0,0,0.2339307
1,0,1,0.6449329
1,0,1,0.662975
1,0,0,0.33517322
1,1,1,0.5549317
1,1,1,0.76532817
1,1,0,0.43546203
1,1,0,0.23151323
1,0,1,0.5141481
1,0,0,0.31223425
1,1,0,0.35826644
1,1,1,0.64973414
1,0,0,0.46455377
1,1,1,0.915504
1,0,1,0.5394962
1,0,1,0.5052009
1,0,0,0.30199793
1,0,1,0.8500209
1,0,1,0.6408125
1,0,1,0.5508382
1,0,1,0.73038185
1,1,1,0.5870969
1,1,0,0.47202563
1,1,1,0.64997244
1,0,0,0.39350152
1,1,1,0.8611577
1,1,1,0.706887
1,0,1,0.5376402
1,0,1,0.5284542
1,1,1,0.58024186
1,0,0,0.48785546
1,0,1,0.5030246
1,1,1,0.61685157
1,1,1,0.7422022
1,0,1,0.6926569
1,0,1,0.53461325
1,0,1,0.7901068
1,1,1,0.7783058
1,1,0,0.44299018
1,1,1,0.67229277
1,0,1,0.6110471
1,1,0,0.36800233
1,0,0,0.14407873
1,1,1,0.55673397
1,1,1,0.6042071
1,0,1,0.5597923
1,0,0,0.4285728
1,0,1,0.5985165
1,1,0,0.32128605
1,0,0,0.11675806
1,1,0,0.3983941
1,1,1,0.64108837
1,0,0,0.19246173
1,0,0,0.2103841
1,1,1,0.8800782
1,1,1,0.6623036
1,1,1,0.5685298
1,0,0,0.44117066
1,1,1,0.6707521
1,1,1,0.650182
1,0,1,0.7136311
1,0,0,0.2809294
1,1,1,0.8023986
1,0,1,0.5683565
1,1,1,0.7258525
1,1,0,0.4441844
1,1,1,0.5819632
1,1,1,0.6807056
1,0,1,0.5707047
1,0,1,0.6430578
1,0,0,0.4646189
1,1,0,0.45905235
1,1,0,0.35379586
1,0,0,0.34286186
1,0,0,0.30784222
1,1,0,0.358844
1,1,0,0.4782047
1,0,1,0.53022224
1,1,0,0.28731847
1,0,1,0.70662475
1,0,1,0.5068368
1,1,1,0.7329635
1,1,1,0.5335199
1,0,1,0.6148603
1,0,1,0.529112
1,0,1,0.5757346
1,1,1,0.51261055
1,1,0,0.3938877
1,1,1,0.8254386
1,1,1,0.7982172
1,0,0,0.43079564
1,0,0,0.40974835
1,0,0,0.17007086
1,0,1,0.6456047
1,0,1,0.913889
1,1,0,0.403196
1,0,1,0.54813683
1,1,1,0.77692384
1,0,1,0.7260209
1,1,1,0.6982178
1,0,1,0.5746412
1,0,1,0.5359297
1,0,1,0.7211693
1,1,1,0.5614251
1,1,1,0.68886
1,1,0,0.47918034
1,1,0,0.25364953
1,1,1,0.63603616
1,0,0,0.31751537
1,1,1,0.67031246
1,1,1,0.59418404
1,0,0,0.2640197
1,0,0,0.100692324
1,1,1,0.52053803
1,0,1,0.530415
1,0,0,0.30312675
1,0,0,0.062362608
1,1,1,0.53980076
1,0,1,0.68985546
1,0,0,0.15798125
1,1,1,0.82096547
1,0,0,0.44330946
1,0,0,0.17420445
1,1,1,0.9014433
1,1,1,0.6734656
1,0,0,0.33192858
1,1,1,0.59239674
1,0,1,0.5109385
1,1,1,0.6714552
1,0,1,0.5289067
1,1,1,0.60007405
1,0,0,0.42989025
1,0,1,0.6056368
1,0,1,0.63614196
1,1,1,0.6543947
1,1,1,0.53380775
1,1,0,0.4425138
1,1,1,0.62566304
1,0,1,0.71811455
1,0,1,0.6536499
1,0,1,0.5930488
1,1,1,0.6889739
1,1,1,0.6513207
1,0,1,0.6619926
1,1,1,0.74592257
1,1,1,0.6761365
1,1,0,0.33226576
1,0,0,0.4196328
1,1,0,0.39944682
1,1,0,0.3187582
1,0,0,0.49215242
1,0,0,0.24257998
1,0,1,0.6127795
1,1,0,0.42932633
1,0,1,0.58303446
1,0,0,0.2659522
1,0,0,0.32785332
1,0,0,0.45325187
1,0,0,0.40454942
1,0,0,0.33888662
1,0,0,0.49642628
1,1,1,0.7721605
1,0,0,0.3551269
1,1,1,0.58463556
1,1,1,0.78418976
1,1,1,0.52138186
1,0,1,0.58668786
1,1,1,0.7362988
1,1,0,0.36694124
1,0,0,0.40013275
1,0,0,0.16601492
1,1,1,0.5453081
1,0,0,0.20564024
1,0,1,0.64310443
1,1,1,0.6468358
1,0,0,0.4319911
1,0,0,0.38053504
1,0,0,0.47433826
1,0,1,0.73627794
1,1,1,0.56338376
1,1,1,0.7530405
1,1,1,0.7052567
1,1,1,0.7433496
1,0,0,0.2729149
1,1,1,0.6447347
1,0,0,0.30519179
1,1,1,0.57953286
1,1,0,0.42769846
1,0,1,0.57004464
1,0,0,0.384133
1,0,0,0.18507364
1,1,1,0.75177604
1,1,0,0.447425
1,0,0,0.41387606
1,1,1,0.8539548
1,0,0,0.22815417
1,1,1,0.5707471
1,0,1,0.57165205
1,0,1,0.66525495
1,0,0,0.44489372
1,1,1,0.8199895
1,1,0,0.3679615
1,1,0,0.48072445
1,0,1,0.5609147
1,0,1,0.63617206
1,1,1,0.5759412
1,1,1,0.51454026
1,1,0,0.45598853
1,0,1,0.5857335
1,0,0,0.49516505
1,0,0,0.39449185
1,1,1,0.66552544
1,0,1,0.6403362
1,1,1,0.5439428
1,0,0,0.43403238
1,0,0,0.48608193
1,0,1,0.70077384
1,1,0,0.47850415
1,1,1,0.60664517
1,1,1,0.50578237
1,0,0,0.31704035
1,1,0,0.41681042
1,1,0,0.42942646
1,0,0,0.32256675
1,0,1,0.52791804
1,1,0,0.4943125
1,1,0,0.41914484
1,0,0,0.43733987
1,0,0,0.3589883
1,0,1,0.5354857
1,0,0,0.45849428
1,0,0,0.4322939
1,0,0,0.2200878
1,0,0,0.36910594
1,0,0,0.2559097
1,1,0,0.45029926
1,0,1,0.5155077
1,0,0,0.35179672
1,0,1,0.61225677
1,0,1,0.530298
1,1,0,0.43928415
1,0,1,0.52966195
1,1,1,0.625436
1,1,1,0.6907822
1,1,1,0.66614205
1,0,0,0.40073666
1,0,0,0.06995241
1,1,0,0.18695098
1,0,0,0.20181172
1,0,0,0.3510754
1,1,1,0.6753895
1,1,0,0.2873723
1,0,0,0.20817393
1,0,0,0.20963107
1,1,1,0.8381911
1,1,1,0.627838
1,1,0,0.15987541
1,0,0,0.117887735
1,0,0,0.39848116
1,0,1,0.7584482
1,1,1,0.6049455
1,0,0,0.32684666
1,0,1,0.5085884
1,0,1,0.72889936
1,1,0,0.4369152
1,0,0,0.24020787
1,0,1,0.5545516
1,1,1,0.7824738
1,0,0,0.2998503
1,1,1,0.6190295
1,1,0,0.38744205
1,1,0,0.3414107
1,0,0,0.11392373
1,0,0,0.3707216
1,1,1,0.62394726
1,0,0,0.09781723
1,0,0,0.35677823
1,0,0,0.4719477
1,1,0,0.25395238
1,0,0,0.2727917
1,0,1,0.60436934
1,1,1,0.77612966
1,1,1,0.7497516
1,1,1,0.69978404
1,1,1,0.55333596
1,1,1,0.7020667
1,1,1,0.78829753
1,1,1,0.5322607
1,0,0,0.08355345
1,1,1,0.61683536
1,1,1,0.68578863
1,1,1,0.8266681
1,0,0,0.42092395
1,1,1,0.5077792
1,0,1,0.5452595
1,0,1,0.80282414
1,0,1,0.5494044
1,1,1,0.6219263
1,0,1,0.60924596
1,0,0,0.062446132
1,0,1,0.6618357
1,0,0,0.22643737
1,1,1,0.57904315
1,0,1,0.7177069
1,0,1,0.79895437
1,0,0,0.24927273
1,1,1,0.59848875
1,1,1,0.54457253
1,1,1,0.51511943
1,0,1,0.6393891
1,0,1,0.6821965
1,0,0,0.27185297
1,0,1,0.75073475
1,0,0,0.4246765
1,1,1,0.50312763
1,1,1,0.7716035
1,1,1,0.6111113
1,0,0,0.22022404
1,1,0,0.31710476
1,1,1,0.6711563
1,1,0,0.49891812
1,1,1,0.6292409
1,1,1,0.6762267
1,0,0,0.2560589
1,0,1,0.55306107
1,0,0,0.2676175
1,1,1,0.72043806
1,1,1,0.52245414
1,0,0,0.41304326
1,0,0,0.37047154
1,0,0,0.2588741
1,0,0,0.14767356
1,0,0,0.41259414
1,1,1,0.5546459
1,0,1,0.6091028
1,1,1,0.52687955
1,0,0,0.2969641
1,0,0,0.33782515
1,1,1,0.53681856
1,1,1,0.7845471
1,0,0,0.19815715
1,0,0,0.19014539
1,0,0,0.4849072
1,0,1,0.64700824
1,0,0,0.3270638
1,0,1,0.7593019
1,1,0,0.49051395
1,1,1,0.63444215
1,1,0,0.41508368
1,0,0,0.2248179
1,0,0,0.48521826
1,1,1,0.8042286
1,1,1,0.72085804
1,0,0,0.4002571
1,0,0,0.49828902
1,1,0,0.46354708
1,0,1,0.7389236
1,1,0,0.38919148
1,1,1,0.5846505
1,1,1,0.5476143
1,0,0,0.31784934
1,0,0,0.09436758
1,0,0,0.0975354
1,0,0,0.09434391
1,0,0,0.10753736
1,0,1,0.60436934
1,1,1,0.5644918
1,0,0,0.32811153
1,1,0,0.35663036
1,0,0,0.21629563
1,1,0,0.4272719
1,0,1,0.5983419
1,0,0,0.45577025
1,0,0,0.31727928
1,1,0,0.4456604
1,1,0,0.42524397
1,0,0,0.47214487
1,0,1,0.6233517
1,0,0,0.48795658
1,1,1,0.60803276
1,1,0,0.3038018
1,0,0,0.4717613
1,1,1,0.63463855
1,0,0,0.34513772
1,1,1,0.74144804
1,1,1,0.5445027
1,1,1,0.56275195
1,1,1,0.5208435
1,0,1,0.6215514
1,1,1,0.5509895
1,1,1,0.582087
1,0,0,0.2385581
1,0,1,0.54370403
1,0,1,0.5601583
1,1,1,0.82709277
1,0,0,0.46246803
1,0,1,0.8049551
1,0,1,0.65087223
1,0,1,0.6076519
1,1,0,0.48142534
1,0,0,0.3724723
1,0,0,0.32104254
1,0,0,0.2480503
1,1,0,0.45571363
1,0,0,0.31405205
1,0,1,0.5489345
1,1,0,0.19886829
1,0,0,0.082183436
1,0,0,0.24823408
1,1,0,0.38132948
1,1,0,0.24678119
1,0,1,0.57695776
1,0,0,0.32361493
1,1,0,0.24173507
1,1,1,0.5606526
1,1,0,0.18158291
1,0,0,0.29236618
1,1,1,0.67304194
1,0,0,0.2215758
1,0,0,0.21360113
1,0,0,0.16822118
1,0,1,0.6075398
1,1,1,0.5625628
1,0,0,0.21594183
1,1,0,0.3456743
1,0,1,0.6329289
1,0,1,0.65781075
1,1,1,0.7672461
1,1,1,0.8041377
1,1,1,0.7475804
1,0,0,0.29258853
1,0,0,0.24558721
1,0,0,0.469115
1,0,1,0.59765404
1,0,0,0.21198729
1,1,1,0.8241301
1,0,0,0.41405585
1,0,0,0.33470133
1,1,1,0.73969436
1,1,1,0.8316265
1,0,1,0.6512082
1,1,1,0.7230198
1,0,0,0.28191495
1,1,1,0.6768381
1,0,0,0.20650695
1,1,1,0.7071574
1,0,0,0.44254196
1,1,0,0.40475672
1,1,1,0.6990356
1,0,0,0.2922535
1,0,1,0.7683749
1,1,1,0.6305107
1,1,1,0.6690319
1,1,1,0.658559
1,0,0,0.3927675
1,0,1,0.60150534
1,0,1,0.64067745
1,1,1,0.7690797
1,1,1,0.7485413
1,0,0,0.31121758
1,1,1,0.8445549
1,0,1,0.5677306
1,1,1,0.6209414
1,1,1,0.534768
1,0,1,0.5982659
1,1,1,0.6928648
1,0,1,0.8284418
1,0,0,0.41706207
1,1,1,0.53585935
1,1,0,0.2588492
1,0,0,0.09608581
1,0,0,0.33149874
1,1,1,0.71605885
1,0,1,0.57093793
1,0,0,0.44760063
1,0,0,0.2597044
1,1,1,0.6528394
1,0,1,0.5299401
1,1,1,0.7194846
1,1,1,0.59767866
1,1,1,0.62280554
1,0,1,0.5106749
1,0,1,0.6137609
1,1,1,0.8908925
1,1,1,0.5449846
1,1,0,0.14061986
1,1,1,0.6527618
1,1,1,0.7124375
1,0,0,0.32711813
1,1,1,0.58766526
1,0,0,0.45462835
1,1,1,0.70627433
1,0,1,0.5658614
1,0,0,0.4153914
1,1,1,0.6428322
1,1,1,0.53759694
1,0,0,0.26239428
1,0,0,0.2636859
1,1,1,0.52745414
1,0,0,0.37774658
1,0,0,0.17944908
1,1,1,0.60014194
1,0,0,0.13289672
1,1,1,0.6266942
1,1,1,0.6356887
1,0,0,0.30397436
1,0,0,0.37456632
1,0,0,0.46198973
1,0,0,0.26636276
1,1,1,0.76483184
1,0,0,0.27997434
1,0,1,0.7369058
1,1,1,0.85535705
1,1,1,0.5435151
1,0,1,0.6331313
1,1,1,0.7027284
1,1,1,0.6353872
1,0,1,0.582049
1,1,1,0.6122991
1,0,1,0.76385444
1,0,0,0.38236544
1,1,1,0.73406345
1,0,1,0.6070882
1,1,1,0.6329754
1,1,1,0.7908881
1,1,1,0.6713931
1,1,0,0.33700252
1,1,1,0.79648197
1,1,0,0.39274994
1,1,1,0.6839644
1,0,0,0.46663868
1,0,1,0.5511777
1,0,0,0.47807556
1,0,1,0.501199
1,0,1,0.59606266
1,0,1,0.65205586
1,0,0,0.15383567
1,0,0,0.14428094
1,1,0,0.36674264
1,0,0,0.1441552
1,0,0,0.10559614
1,1,0,0.4106797
1,1,1,0.515349
1,1,1,0.5780415
1,0,0,0.4737968
1,1,1,0.664305
1,1,1,0.6808436
1,0,1,0.5938555
1,1,1,0.61910075
1,1,1,0.516021
1,1,1,0.5735247
1,0,0,0.37721366
1,0,0,0.34327105
1,0,0,0.48831266
1,0,1,0.62991923
1,0,0,0.3744194
1,0,1,0.6769065
1,0,0,0.1419305
1,1,1,0.65198493
1,1,1,0.68013716
1,1,0,0.48765582
1,0,0,0.39917424
1,0,1,0.53018296
1,0,0,0.18888351
1,1,0,0.3005352
1,0,1,0.53445226
1,0,0,0.33905277
1,1,0,0.29627463
1,0,0,0.39768046
1,0,0,0.15074283
1,0,0,0.05148223
1,0,0,0.16724004
1,0,0,0.074526235
1,0,1,0.58779895
1,0,0,0.31131515
1,0,0,0.104245774
1,0,1,0.5838274
1,1,0,0.46264324
1,0,0,0.3011247
1,1,1,0.61868036
1,1,1,0.79747486
1,1,0,0.38633904
1,1,1,0.552344
1,0,0,0.3156694
1,1,0,0.07251376
1,1,1,0.6823379
1,1,0,0.38879555
1,1,1,0.7752139
1,1,1,0.76967263
1,0,0,0.46676844
1,1,0,0.48953256
1,1,1,0.6611258
1,1,0,0.14758989
1,1,1,0.7944147
1,0,0,0.23459238
1,1,1,0.6812299
1,0,0,0.3396466
1,0,0,0.46857706
1,0,0,0.47936198
1,1,1,0.5597094
1,0,0,0.22664467
1,0,0,0.43219832
1,0,1,0.6156917
1,0,1,0.538208
1,0,0,0.44292408
1,0,1,0.68800247
1,0,0,0.21322276
1,1,1,0.7351377
1,1,1,0.57095236
1,1,1,0.78907937
1,1,1,0.88066906
1,1,1,0.5991588
1,1,0,0.3619752
1,0,1,0.6157529
1,0,1,0.67955285
1,1,1,0.5889664
1,1,1,0.8192927
1,0,0,0.08403291
1,0,1,0.65742904
1,1,1,0.62672824
1,1,0,0.29541925
1,0,0,0.3976984
1,1,0,0.3400826
1,1,0,0.32907346
1,0,0,0.43975693
1,1,0,0.4802484
1,0,0,0.21896097
1,0,0,0.10866038
1,0,1,0.63857335
1,0,0,0.45022058
1,0,1,0.66724485
1,1,1,0.6719999
1,0,0,0.368707
1,0,0,0.4946167
1,1,1,0.80498827
1,0,1,0.7042202
1,0,1,0.601508
1,0,1,0.50154054
1,1,1,0.8022684
1,1,1,0.65235907
1,1,1,0.7980891
1,1,1,0.5853222
1,0,0,0.26579666
1,0,0,0.14875704
1,1,1,0.7169085
1,0,1,0.5401701
1,0,0,0.38578013
1,1,1,0.7663049
1,0,1,0.546712
1,1,1,0.5673949
1,0,1,0.5999513
1,1,1,0.82348233
1,1,1,0.7714484
1,1,1,0.65985274
1,1,0,0.35596558
1,1,1,0.6446278
1,0,0,0.48409796
1,1,1,0.5935931
1,1,1,0.5281889
1,0,0,0.14554727
1,1,1,0.8538823
1,1,1,0.8051937
1,0,1,0.73767954
1,0,0,0.25716552
1,0,1,0.5809857
1,1,1,0.6521391
1,0,1,0.55444324
1,1,1,0.6025821
1,1,1,0.68929315
1,0,1,0.539305
1,0,0,0.44887903
1,1,0,0.3223529
1,1,1,0.7094986
1,1,0,0.49833736
1,0,0,0.46579468
1,0,0,0.21001916
1,0,0,0.47237346
1,1,1,0.77534384
1,0,1,0.579049
1,1,0,0.33629578
1,0,1,0.6075345
1,0,0,0.2914646
1,0,0,0.14093296
1,1,1,0.5074578
1,0,0,0.3616502
1,0,0,0.284487
1,1,1,0.68519646
1,0,0,0.15038073
1,1,0,0.21257378
1,0,1,0.8250023
1,1,1,0.69299245
1,1,1,0.59465563
1,1,1,0.60968167
1,0,1,0.57448435
1,0,1,0.5227583
1,0,0,0.481458
1,0,1,0.54337484
1,1,0,0.4514503
1,1,1,0.5159915
1,0,1,0.5118479
1,1,1,0.77957577
1,0,1,0.64458567
1,0,1,0.5462316
1,0,1,0.810789
1,0,1,0.55705595
1,1,1,0.53708136
1,0,0,0.41224548
1,0,1,0.7832679
1,1,0,0.18960153
1,0,0,0.33485168
1,0,0,0.33498105
1,1,0,0.33245015
1,1,0,0.27596933
1,0,0,0.4156391
1,1,0,0.42954358
1,1,1,0.7650503
1,0,0,0.20508349
1,0,0,0.10980413
1,1,0,0.45984638
1,1,0,0.38908648
1,1,1,0.6056966
1,1,1,0.63398105
1,1,0,0.06265791
1,0,0,0.37886128
1,1,1,0.5277149
1,0,0,0.46830735
1,0,0,0.36067143
1,0,0,0.4715912
1,0,0,0.23684418
1,0,0,0.409847
1,0,0,0.31577152
1,0,0,0.09302079
1,0,0,0.38591614
1,0,0,0.37234703
1,1,0,0.3507081
1,1,0,0.45626342
1,0,1,0.6563251
1,0,0,0.060518276
1,1,0,0.2287465
1,0,0,0.08840023
1,0,0,0.18766487
1,1,0,0.3064056
1,1,0,0.43656784
1,0,0,0.48239577
1,0,0,0.4915094
1,0,0,0.29261157
1,0,0,0.26259726
1,1,1,0.760139
1,1,1,0.575988
1,1,1,0.66846454
1,0,0,0.16118692
1,0,1,0.5683526
1,1,1,0.6835607
1,0,0,0.2944176
1,1,0,0.48636895
1,0,0,0.21349466
1,1,1,0.5230468
1,0,1,0.5599669
1,0,0,0.48150173
1,1,1,0.501479
1,0,0,0.40946692
1,0,0,0.2595405
1,1,1,0.6153626
1,1,1,0.5994554
1,0,1,0.7192606
1,1,1,0.62938124
1,1,1,0.5844091
1,1,0,0.292064
1,0,0,0.4917258
1,1,1,0.6846179
1,0,0,0.306365
1,1,1,0.5919077
1,0,0,0.20119865
1,1,0,0.33262056
1,1,1,0.5651178
1,0,0,0.39900675
1,1,1,0.7067649
1,1,1,0.5029674
1,1,0,0.41113025
1,0,0,0.115157746
1,0,0,0.14497393
1,1,1,0.71886975
1,0,0,0.34809807
1,0,0,0.30978566
1,0,1,0.5831749
1,1,0,0.47559568
1,0,1,0.5978796
1,1,1,0.5962411
1,1,1,0.72328836
1,0,0,0.23269548
1,1,1,0.57640827
1,0,0,0.45787123
1,1,1,0.69124514
1,0,1,0.5641762
1,1,1,0.7116088
1,0,0,0.4108852
1,0,1,0.5010424
1,1,1,0.57355106
1,1,1,0.7307376
1,1,0,0.4308867
1,1,1,0.6233904
1,1,1,0.71216786
1,0,1,0.7112565
1,0,1,0.5724293
1,0,1,0.60659367
1,0,1,0.5912551
1,1,1,0.59324276
1,1,1,0.5139889
1,1,1,0.5912375
1,1,1,0.7034575
1,0,0,0.24153453
1,0,1,0.54849267
1,1,1,0.80084324
1,1,1,0.7284332
1,1,1,0.5890885
1,0,1,0.5989703
1,0,1,0.627972
1,0,1,0.6626137
1,1,1,0.5312379
1,0,0,0.3251522
1,1,0,0.45765004
1,1,1,0.7548601
1,1,1,0.71306187
1,1,1,0.5445756
1,0,1,0.51261055
1,0,1,0.7779233
1,0,0,0.49564436
1,0,0,0.47062206
1,0,1,0.6754153
1,1,1,0.81282693
1,0,0,0.23454924
1,1,1,0.6212751
1,1,0,0.48179245
1,1,1,0.67674065
1,0,0,0.22793885
1,0,0,0.49166533
1,1,1,0.6704373
1,1,0,0.2755972
1,0,0,0.24549273
1,0,0,0.16292852
1,1,1,0.6015771
1,0,0,0.14769447
1,0,0,0.4752417
1,0,0,0.42999548
1,0,0,0.4171136
1,0,0,0.27776393
1,1,1,0.77322054
1,0,0,0.3573145
1,0,0,0.49133822
1,0,0,0.4511163
1,1,1,0.5939133
1,0,1,0.54897314
1,0,0,0.3150911
1,1,1,0.7544629
1,1,0,0.33134645
1,0,1,0.7734702
1,0,0,0.14558499
1,1,1,0.5718364
1,1,0,0.41486543
1,0,0,0.28236493
1,0,0,0.16942464
1,0,0,0.29188162
1,0,0,0.3790633
1,1,1,0.61248726
1,1,1,0.59045476
1,1,0,0.45880425
1,1,0,0.49703655
1,0,0,0.49965897
1,0,0,0.3798415
1,1,1,0.70130795
1,0,0,0.49707115
1,0,0,0.4179422
1,1,1,0.5972846
1,0,1,0.5104858
1,1,0,0.47795647
1,1,1,0.7064096
1,0,0,0.17103052
1,0,1,0.6138064
1,0,0,0.49522862
1,0,1,0.7528306
1,0,0,0.3861319
1,1,1,0.50486106
1,0,1,0.6611062
1,0,1,0.6489011
1,1,1,0.5697361
1,1,0,0.46627483
1,0,1,0.66718346
1,0,0,0.4392272
1,0,0,0.45910046
1,0,1,0.64368796
1,0,0,0.14659262
1,0,1,0.5553949
1,0,0,0.16537896
1,1,1,0.51614696
1,0,1,0.6981264
1,1,1,0.5887472
1,1,1,0.6859529
1,1,0,0.34387627
1,0,0,0.3535028
1,1,0,0.31786585
1,1,0,0.4983041
1,0,0,0.1596773
1,1,1,0.63770986
1,0,0,0.33750853
1,1,1,0.6987017
1,1,0,0.46965992
1,0,0,0.49533314
1,0,0,0.43946707
1,0,1,0.6125765
1,0,0,0.25427634
1,1,1,0.634873
1,0,0,0.45643395
1,1,1,0.57923824
1,0,0,0.3351523
1,1,0,0.36174116
1,0,0,0.4613377
1,1,0,0.25656185
1,1,1,0.6608678
1,1,1,0.75170434
1,1,1,0.62695843
1,1,0,0.46815205
1,0,1,0.63387203
1,1,1,0.74205345
1,1,1,0.59514236
1,1,1,0.64611554
1,1,1,0.6307197
1,0,1,0.61270416
1,0,0,0.2934398
1,0,1,0.60907984
1,1,1,0.8511419
1,0,0,0.19839941
1,0,1,0.7473906
1,0,1,0.51385427
1,0,1,0.69252473
1,1,1,0.6516657
1,1,1,0.6479985
1,1,1,0.58152276
1,1,0,0.381918
1,0,1,0.5086417
1,1,0,0.40819946
1,0,0,0.49428254
1,0,0,0.33750582
1,0,1,0.67788905
1,0,1,0.59502685
1,1,1,0.6444672
1,1,1,0.761547
1,0,0,0.28085682
1,0,0,0.35756332
1,0,1,0.6489815
1,1,1,0.50310165
1,1,1,0.8576196
1,1,1,0.81705874
1,1,0,0.41275153
1,0,1,0.7463902
1,1,1,0.6815454
1,1,1,0.7242599
1,0,1,0.6846463
1,1,1,0.6198906
1,0,1,0.7563302
1,1,0,0.4523361
1,1,1,0.79694283
1,1,1,0.69179183
1,1,1,0.8409877
1,1,1,0.7137869
1,0,0,0.31099066
1,1,1,0.8178664
1,1,1,0.6551062
1,1,0,0.44607025
1,1,1,0.6993606
1,0,0,0.47507054
1,0,1,0.602458
1,0,0,0.48085266
1,0,1,0.52700245
1,1,0,0.35810363
1,0,1,0.61032283
1,0,0,0.47021335
1,0,0,0.20972246
1,1,1,0.65269923
1,0,1,0.5473464
1,0,0,0.40215918
1,0,0,0.089619346
1,0,1,0.63741386
1,0,1,0.5917625
1,1,1,0.6974164
1,0,0,0.3402735
1,1,0,0.44934094
1,0,0,0.23139183
1,1,1,0.69060063
1,0,0,0.113046534
1,1,0,0.49933589
1,1,1,0.6067148
1,1,0,0.48985744
1,1,1,0.55070096
1,1,1,0.5530468
1,1,1,0.50510216
1,1,1,0.7045851
1,0,1,0.5544771
1,1,1,0.68632406
1,0,0,0.49369568
1,0,0,0.111485265
1,0,0,0.20143017
1,0,0,0.47864428
1,1,1,0.75950116
1,1,0,0.3787397
1,1,1,0.62227184
1,0,0,0.4243298
1,1,0,0.4150713
1,1,1,0.5635372
1,0,0,0.09696598
1,1,1,0.6387032
1,0,0,0.43047035
1,1,1,0.58664006
1,0,0,0.2607006
1,0,1,0.6923641
1,1,0,0.20522426
1,1,1,0.84286755
1,1,1,0.5053858
1,0,1,0.7535884
1,0,0,0.0535261
1,0,1,0.5741765
1,1,1,0.6901665
1,0,0,0.2903804
1,0,1,0.53701603
1,0,0,0.3701115
1,0,0,0.28388664
1,0,0,0.0765295
1,0,0,0.105792016
1,0,0,0.21250959
1,1,0,0.41270137
1,0,0,0.37760323
1,0,0,0.18561244
1,0,0,0.11104407
1,0,0,0.098796524
1,0,0,0.4537526
1,0,1,0.6028702
1,1,0,0.25022194
1,0,0,0.10433113
1,0,0,0.12793511
1,0,1,0.6052957
1,1,0,0.2989167
1,0,0,0.3750107
1,0,0,0.30860177
1,0,0,0.33767453
1,0,0,0.3672264
1,0,0,0.37799639
1,0,1,0.5206154
1,1,0,0.1444511
1,1,0,0.40191796
1,1,1,0.64848256
1,0,0,0.14556314
1,0,0,0.20557997
1,1,0,0.18295151
1,1,0,0.47072244
1,1,1,0.5957038
1,1,0,0.38969097
1,0,0,0.2835427
1,0,1,0.52394676
1,1,0,0.26086217
1,1,0,0.3962662
1,1,0,0.39582974
1,0,0,0.24901763
1,0,1,0.6853404
1,1,0,0.34598786
1,1,1,0.6291602
1,0,0,0.38992864
1,1,0,0.4167962
1,0,0,0.3876372
1,0,1,0.68541384
1,0,0,0.13829562
1,0,0,0.13727461
1,0,1,0.50003445
1,1,1,0.5543093
1,1,1,0.5901317
1,0,1,0.67838454
1,1,1,0.56359076
1,0,1,0.53519243
1,1,0,0.08252157
1,1,1,0.854932
1,0,1,0.6644947
1,1,1,0.5107756
1,1,1,0.80185133
1,0,0,0.45042285
1,0,1,0.66011137
1,0,1,0.50144374
1,0,1,0.7214272
1,0,0,0.49312225
1,0,0,0.32237366
1,1,1,0.58993727
1,1,1,0.56458
1,1,1,0.5003227
1,1,1,0.7113777
1,1,0,0.45576638
1,1,1,0.5359496
1,0,0,0.42536235
1,0,1,0.6017149
1,1,1,0.70499825
1,0,0,0.26793024
1,1,1,0.8468787
1,1,0,0.35290837
1,0,1,0.60175866
1,1,1,0.5212818
1,0,1,0.5037885
1,0,1,0.6784062
1,1,1,0.538027
1,0,0,0.46541816
1,1,1,0.5722321
1,1,1,0.7649674
1,0,0,0.3513749
1,1,1,0.5536024
1,1,1,0.5285594
1,1,1,0.56647974
1,0,0,0.2974689
1,1,1,0.6741201
1,1,1,0.7712457
1,0,1,0.6861735
1,1,1,0.59080243
1,1,1,0.534273
1,1,1,0.63741577
1,0,1,0.73738277
1,1,0,0.23165323
1,0,0,0.08360842
1,1,1,0.56756127
1,1,0,0.37966645
1,1,1,0.69283736
1,1,1,0.63917416
1,1,0,0.40640238
1,0,0,0.418432
1,1,0,0.49273518
1,1,1,0.63535595
1,1,0,0.46042168
1,1,1,0.73849154
1,0,0,0.10081705
1,1,1,0.51744646
1,0,0,0.16142906
1,1,1,0.5593496
1,0,0,0.053712714
1,0,0,0.19580884
1,0,0,0.07107846
1,0,1,0.60822374
1,0,1,0.56829673
1,0,0,0.45383486
1,1,1,0.5605839
1,1,1,0.7431479
1,0,0,0.050411925
1,0,0,0.30465215
1,0,1,0.71681064
1,0,0,0.3435821
1,0,1,0.505308
1,1,0,0.32290664
1,1,1,0.54736274
1,0,1,0.65573084
1,0,0,0.48289686
1,1,1,0.82114196
1,1,1,0.7994242
1,0,1,0.6708863
1,1,1,0.5788401
1,0,0,0.35355422
1,0,0,0.1070669
1,0,0,0.14152227
1,0,0,0.103951454
1,0,0,0.08949191
1,0,0,0.08137545
1,0,0,0.07502658
1,0,1,0.6530339
1,1,1,0.7335675
1,1,1,0.5448784
1,1,1,0.60906345
1,0,1,0.54670817
1,0,1,0.58350956
1,0,1,0.58315873
1,0,1,0.5126278
1,0,1,0.5827804
1,0,0,0.17869239
1,1,0,0.16695328
1,0,0,0.18192485
1,1,1,0.59605944
1,0,0,0.20753916
1,0,1,0.56100154
1,1,1,0.62906516
1,1,1,0.7735664
1,1,0,0.44511136
1,1,1,0.50678086
1,0,0,0.361469
1,1,0,0.19135457
1,0,0,0.40836444
1,0,0,0.24306148
1,1,0,0.49002066
1,0,1,0.57993346
1,1,0,0.31903368
1,1,1,0.5466683
1,0,1,0.51042634
1,1,0,0.3881168
1,0,0,0.3429598
1,1,0,0.453604
1,0,1,0.6294023
1,1,0,0.43072715
1,0,0,0.29274467
1,1,0,0.246984
1,0,0,0.34993756
1,0,1,0.5121558
1,1,1,0.84005815
1,0,0,0.3755791
1,1,1,0.6161976
1,1,1,0.5241613
1,0,1,0.5486428
1,1,1,0.66776866
1,1,1,0.5388558
1,0,0,0.30581623
1,1,1,0.6566312
1,0,0,0.1999329
1,0,1,0.61515534
1,0,0,0.36942706
1,1,1,0.52489114
1,0,1,0.5503828
1,0,0,0.44927984
1,1,0,0.45712364
1,0,0,0.30663854
1,1,0,0.3512722
1,1,1,0.5376552
1,0,0,0.37932143
1,0,0,0.21964976
1,1,1,0.83180994
1,1,0,0.4669507
1,0,0,0.14863391
1,1,0,0.2628719
1,0,0,0.4271715
1,1,1,0.66369665
1,0,0,0.2928994
1,1,1,0.57610327
1,1,1,0.53410137
1,0,0,0.2878576
1,0,0,0.40300748
1,1,0,0.32370606
1,0,0,0.21269746
1,0,0,0.4207691
1,0,0,0.49378896
1,0,0,0.23188676
1,0,1,0.511758
1,1,0,0.47709695
1,0,1,0.55662066
1,1,1,0.58970296
1,0,1,0.6781227
1,1,0,0.44132504
1,1,0,0.26037583
1,1,0,0.49970356
1,0,0,0.38118246
1,0,0,0.40687907
1,0,0,0.39495647
1,0,1,0.6111617
1,1,1,0.5334823
1,0,1,0.57112366
1,1,1,0.6309673
1,1,0,0.23883335
1,0,0,0.26897433
1,1,1,0.6683081
1,0,0,0.050273202
1,0,0,0.3616906
1,1,1,0.7584329
1,1,1,0.65025145
1,0,0,0.21516645
1,1,1,0.5322365
1,0,0,0.41661417
1,1,1,0.62387407
1,1,1,0.6975144
1,1,1,0.875334
1,0,0,0.31442744
1,1,0,0.45180187
1,1,1,0.6941371
1,0,1,0.622448
1,1,1,0.89502823
1,1,1,0.8546919
1,1,1,0.6171536
1,0,0,0.4308455
1,1,1,0.70841813
1,1,1,0.7086245
1,1,1,0.6044299
1,0,1,0.77192765
1,1,1,0.7296601
1,0,1,0.58144253
1,0,1,0.6521532
1,0,1,0.608441
1,1,1,0.68115914
1,1,1,0.58641
1,0,1,0.67115283
1,1,0,0.48153862
1,1,1,0.8338596
1,1,1,0.80813324
1,0,1,0.6277775
1,0,0,0.28196874
1,1,1,0.56495523
1,0,1,0.5041534
1,0,0,0.2880901
1,0,0,0.21387343
1,0,0,0.25419325
1,1,0,0.30361214
1,1,1,0.5114775
1,0,0,0.33655205
1,0,0,0.09723182
1,1,1,0.6113242
1,0,1,0.5070464
1,1,0,0.44859052
1,0,1,0.50271666
1,0,1,0.54634947
1,0,1,0.6040903
1,1,0,0.33980733
1,1,1,0.7414371
1,1,0,0.3835005
1,0,0,0.3612072
1,0,0,0.35299388
1,0,0,0.2674604
1,1,0,0.3626624
1,0,0,0.32287773
1,1,0,0.4746899
1,1,0,0.15378684
1,0,0,0.15723915
1,0,0,0.0630288
1,0,0,0.08012495
1,1,0,0.26029184
1,0,0,0.32589597
1,0,0,0.30282032
1,0,0,0.13691795
1,1,1,0.5207617
1,1,0,0.48961407
1,1,0,0.4367037
1,0,0,0.35303488
1,1,0,0.18335028
1,0,0,0.30676293
1,0,0,0.20523188
1,0,0,0.28253764
1,1,0,0.23435305
1,1,0,0.49229613
1,0,1,0.54131305
1,0,1,0.7037734
1,0,0,0.44744685
1,0,0,0.1487943
1,0,0,0.44179463
1,0,1,0.5582495
1,0,1,0.6501314
1,1,1,0.58078694
1,0,0,0.4148237
1,1,1,0.66573167
1,0,0,0.10561246
1,1,1,0.6983174
1,0,1,0.6129697
1,0,0,0.2643283
1,0,0,0.3278619
1,1,1,0.6708074
1,1,1,0.69974893
1,1,1,0.6191156
1,0,0,0.42575964
1,1,1,0.6963037
1,1,1,0.6678175
1,1,1,0.73805445
1,1,1,0.62886864
1,1,0,0.3390988
1,1,1,0.61978805
1,0,1,0.55436325
1,0,1,0.58944964
1,0,0,0.111403994
1,0,1,0.74618524
1,1,1,0.58611715
1,0,1,0.579876
1,1,1,0.63296884
1,0,0,0.46668085
1,0,1,0.67500097
1,1,1,0.6735121
1,0,0,0.45402333
1,1,1,0.72706676
1,1,1,0.6990583
1,1,1,0.6060871
1,1,1,0.6003825
1,1,0,0.35811737
1,0,1,0.5969885
1,0,1,0.6227186
1,0,0,0.26621315
1,0,1,0.5423628
1,0,0,0.084622554
1,0,0,0.4045844
1,0,1,0.67778504
1,0,0,0.18545426
1,0,1,0.6488774
1,0,0,0.16672906
1,1,1,0.57046205
1,1,0,0.3928889
1,0,0,0.4917898
1,1,1,0.79754937
1,1,1,0.8732362
1,1,1,0.5970923
1,0,1,0.5535179
1,0,0,0.21300916
1,0,0,0.24723114
1,1,1,0.73677087
1,0,1,0.7641581
1,0,1,0.57657313
1,1,1,0.7807351
1,1,0,0.40166742
1,1,1,0.692773
1,0,1,0.56502634
1,1,1,0.8185291
1,1,1,0.8391355
1,1,1,0.7387063
1,0,1,0.72512263
1,0,1,0.83788794
1,0,0,0.42886835
1,0,1,0.6419451
1,1,1,0.65613693
1,0,0,0.27874708
1,0,0,0.39653382
1,1,1,0.74472266
1,1,0,0.45195174
1,1,0,0.22962476
1,1,0,0.31400064
1,1,0,0.46873432
1,0,0,0.43420053
1,1,1,0.77040184
1,1,1,0.7342572
1,1,1,0.7083587
1,0,0,0.30789477
1,0,0,0.4342928
1,1,1,0.6801135
1,0,1,0.5797433
1,0,0,0.21444872
1,1,1,0.77298516
1,1,1,0.82986635
1,0,0,0.35203657
1,0,0,0.49171397
1,0,1,0.70871484
1,0,0,0.25014108
1,0,0,0.120059095
1,1,1,0.81468725
1,0,0,0.46986184
1,0,0,0.31409824
1,1,0,0.46526048
1,1,1,0.8243549
1,1,1,0.51524436
1,1,1,0.552299
1,0,0,0.49703014
1,0,0,0.3256512
1,1,0,0.44810718
1,1,0,0.12897432
1,1,0,0.47034186
1,1,1,0.57107925
1,0,1,0.55462885
1,0,1,0.54297626
1,1,1,0.6717411
1,0,1,0.5092986
1,1,0,0.4983139
1,0,0,0.44524014
1,0,1,0.7649482
1,0,1,0.53065175
1,0,1,0.5494057
1,1,0,0.40080124
1,0,1,0.63368005
1,0,1,0.55957335
1,1,1,0.50647587
1,0,1,0.5002467
1,0,1,0.5879708
1,0,0,0.23137967
1,1,0,0.42875716
1,1,1,0.6536043
1,1,1,0.7752147
1,0,1,0.68152446
1,1,1,0.7373469
1,1,0,0.3784654
1,1,0,0.47987735
1,0,0,0.35694578
1,1,0,0.44252852
1,0,0,0.2462368
1,0,0,0.30441448
1,0,0,0.2641121
1,0,0,0.23753272
1,0,0,0.45015815
1,0,0,0.1950537
1,0,0,0.13866743
1,1,1,0.5471382
1,0,0,0.40880072
1,1,0,0.29241034
1,1,0,0.3064354
1,1,1,0.5036397
1,0,1,0.55066425
1,1,0,0.4773646
1,1,1,0.61623317
1,0,0,0.042207237
1,0,1,0.5328144
1,1,0,0.14948595
1,0,0,0.055666234
1,1,1,0.6482592
1,0,0,0.2126563
1,1,0,0.17871363
1,1,1,0.52522016
1,0,0,0.20602334
1,0,0,0.24885954
1,0,0,0.11119802
1,1,0,0.23234329
1,1,0,0.48729157
1,0,0,0.03648069
1,0,0,0.20460208
1,0,0,0.30386156
1,0,0,0.19812056
1,1,1,0.81480145
1,0,1,0.6289783
1,1,1,0.5087596
1,1,1,0.7111813
1,0,1,0.69174916
1,1,1,0.6628495
1,1,0,0.4738134
1,1,1,0.6612898
1,0,1,0.5688443
1,0,1,0.5555804
1,0,1,0.79993194
1,1,1,0.82301074
1,0,0,0.37505466
1,0,1,0.59305215
1,0,1,0.74220216
1,1,1,0.63264936
1,0,1,0.63106024
1,1,1,0.6758157
1,1,1,0.7468599
1,1,1,0.70826006
1,1,1,0.84997106
1,0,1,0.83329
1,1,0,0.48855516
1,0,0,0.4903984
1,0,1,0.74058604
1,1,1,0.70788306
1,0,1,0.6511208
1,1,1,0.7101407
1,0,1,0.79375774
1,1,1,0.73807514
1,1,1,0.7773262
1,1,0,0.43979484
1,0,1,0.64287174
1,0,0,0.46582776
1,0,0,0.22649817
1,0,0,0.4832357
1,1,1,0.50983614
1,1,1,0.5193209
1,1,0,0.43854967
1,1,0,0.38822317
1,0,0,0.27337033
1,0,0,0.27032658
1,0,0,0.32518676
1,1,0,0.27251536
1,0,0,0.09276817
1,0,0,0.08788676
1,0,0,0.24836574
1,0,0,0.25975236
1,0,0,0.3840238
1,1,0,0.31240556
1,1,0,0.35727817
1,0,0,0.48204747
1,0,0,0.22743985
1,1,0,0.27744567
1,1,0,0.37962383
1,0,0,0.2664353
1,0,1,0.5386166
1,1,1,0.5360504
1,1,1,0.66080487
1,1,1,0.59844935
1,0,0,0.21615328
1,0,1,0.6447133
1,1,1,0.5175787
1,0,0,0.3091891
1,0,0,0.11337242
1,1,1,0.61382407
1,1,0,0.46112773
1,1,0,0.43491897
1,0,0,0.25167707
1,1,1,0.61775964
1,0,0,0.11506773
1,0,0,0.1839355
1,1,0,0.46333212
1,0,0,0.49977005
1,0,0,0.4008128
1,0,1,0.6633942
1,1,1,0.8627979
1,0,1,0.6126804
1,1,1,0.52116233
1,0,0,0.255072
1,1,1,0.5948644
1,0,1,0.5621759
1,1,1,0.7467117
1,1,1,0.5908751
1,1,1,0.7505304
1,1,1,0.66833997
1,1,1,0.78358215
1,1,1,0.80260605
1,1,0,0.4938519
1,1,0,0.47412995
1,1,1,0.5060494
1,0,1,0.70638674
1,0,1,0.6149755
1,0,0,0.3430226
1,1,0,0.42227724
1,0,0,0.29065746
1,1,1,0.6025843
1,0,1,0.63830674
1,0,1,0.51656383
1,0,0,0.4610278
1,0,0,0.39908233
1,1,1,0.73398125
1,1,1,0.7034102
1,1,1,0.7429617
1,1,1,0.5508851
1,1,0,0.4322812
1,0,0,0.46773112
1,0,1,0.63794404
1,0,0,0.23877503
1,0,0,0.040694293
1,1,1,0.715752
1,1,1,0.5982061
1,1,0,0.48655447
1,1,0,0.35448933
1,0,1,0.78780365
1,0,0,0.26917624
1,0,0,0.29050902
1,0,0,0.4141136
1,0,1,0.716227
1,1,0,0.36471406
1,0,0,0.16071299
1,1,1,0.6688627
1,1,1,0.68055546
1,0,1,0.5575689
1,1,1,0.86580056
1,0,1,0.5429994
1,0,1,0.56905377
1,0,0,0.3948761
1,1,1,0.5878355
1,0,0,0.4263597
1,1,1,0.6241791
1,0,0,0.38329983
1,1,0,0.46234348
1,0,1,0.5788552
1,1,1,0.81258917
1,1,1,0.7404126
1,1,1,0.7156245
1,1,1,0.6472131
1,0,0,0.2789417
1,0,0,0.33233884
1,1,1,0.6667508
1,1,1,0.80331063
1,0,0,0.33115894
1,0,0,0.43367884
1,0,1,0.67612785
1,0,1,0.73614603
1,1,1,0.7156875
1,0,0,0.48004115
1,0,0,0.2192408
1,0,1,0.6291515
1,1,1,0.66378176
1,1,1,0.5349937
1,1,0,0.41885915
1,1,1,0.63302857
1,1,0,0.42452955
1,0,0,0.3928032
1,1,1,0.7136725
1,0,1,0.50100976
1,0,1,0.5522355
1,0,0,0.34078655
1,1,0,0.4632721
1,1,1,0.70109445
1,0,0,0.32264677
1,0,0,0.42902103
1,0,0,0.42952025
1,0,1,0.7792489
1,1,0,0.46305978
1,1,1,0.866393
1,0,0,0.0732047
1,0,1,0.59649
1,0,0,0.40775913
1,0,0,0.09991917
1,0,1,0.725074
1,1,1,0.8295867
1,0,0,0.3983014
1,1,1,0.5964348
1,1,0,0.20328298
1,1,1,0.5308781
1,1,1,0.6188929
1,1,1,0.6100466
1,1,1,0.69864887
1,1,1,0.64365375
1,0,0,0.18088579
1,1,0,0.326032
1,1,1,0.6744189
1,1,1,0.618797
1,1,1,0.65378165
1,0,0,0.2639325
1,0,0,0.19865273
1,1,1,0.872068
1,0,0,0.2584271
1,0,0,0.083648585
1,0,1,0.68717784
1,0,0,0.22418584
1,0,0,0.09649145
1,1,1,0.69002306
1,0,1,0.5902707
1,0,0,0.37907887
1,0,0,0.4557812
1,1,1,0.71672183
1,0,1,0.6312768
1,0,1,0.5600609
1,0,1,0.5504033
1,0,1,0.5019009
1,1,1,0.82407
1,0,0,0.49131075
1,1,0,0.44637847
1,0,1,0.50144243
1,1,1,0.59799296
1,0,1,0.52556837
1,0,1,0.51117367
1,0,1,0.64453405
1,1,1,0.6724744
1,0,0,0.3607754
1,1,1,0.5703084
1,1,1,0.6478655
1,1,1,0.53544205
1,1,0,0.4997419
1,1,0,0.48431498
1,0,0,0.1457115
1,0,1,0.77795297
1,1,0,0.347546
1,0,0,0.25660214
1,1,1,0.5173129
1,1,1,0.6135592
1,1,1,0.74444216
1,1,1,0.7005219
1,1,0,0.49903956
1,1,1,0.5075249
1,0,1,0.6332228
1,0,1,0.6018288
1,1,1,0.6249762
1,1,1,0.5308715
1,1,0,0.41758642
1,0,1,0.58699924
1,0,0,0.35132867
1,0,0,0.46307424
1,0,1,0.69835323
1,1,0,0.48745513
1,0,1,0.59897816
1,1,1,0.8403691
1,0,0,0.19903761
1,1,1,0.773794
1,0,0,0.47334632
1,0,0,0.43642774
1,0,0,0.35978803
1,0,0,0.43249726
1,1,1,0.55827487
1,0,0,0.28912613
1,1,1,0.85880244
1,0,0,0.1350732
1,0,0,0.34433836
1,1,1,0.88196063
1,1,1,0.6348556
1,1,1,0.8647946
1,1,1,0.6085832
1,1,1,0.6572434
1,0,0,0.4537124
1,0,1,0.5071642
1,0,1,0.68375415
1,1,1,0.6671302
1,0,0,0.26734564
1,0,0,0.38949633
1,1,1,0.62510896
1,1,1,0.7762072
1,0,0,0.49148262
1,0,0,0.29799002
1,0,1,0.6584699
1,1,0,0.28998983
1,0,0,0.4880033
1,0,1,0.7333624
1,1,1,0.7154741
1,0,0,0.26551893
1,1,1,0.61047184
1,1,1,0.6757056
1,0,0,0.06483374
1,0,0,0.43150273
1,1,1,0.8765838
1,0,1,0.7551682
1,0,1,0.5910477
1,0,1,0.72247875
1,1,1,0.6055989
1,0,0,0.4618358
1,1,1,0.63020396
1,0,1,0.5871615
1,1,1,0.5176531
1,0,0,0.07416894
1,1,1,0.5608409
1,0,1,0.6000534
1,1,1,0.688276
1,0,1,0.7241634
1,1,1,0.740258
1,1,0,0.4643114
1,0,0,0.47736606
1,0,1,0.59369
1,1,1,0.76844525
1,1,1,0.5383988
1,0,0,0.33309925
1,1,0,0.28557557
1,1,1,0.7450621
1,0,0,0.41026866
1,1,0,0.26173508
1,1,0,0.28901118
1,1,1,0.5396173
1,0,0,0.45899248
1,1,1,0.6606917
1,0,0,0.4614164
1,1,0,0.14678222
1,0,1,0.76676613
1,0,0,0.11358219
1,0,0,0.4448087
1,0,0,0.15715705
1,1,0,0.10255271
1,0,0,0.2872735
1,0,0,0.3397605
1,1,0,0.46614552
1,0,1,0.5310715
1,0,0,0.18578458
1,0,0,0.39644685
1,0,1,0.64397633
1,0,0,0.23212835
1,1,0,0.41848618
1,1,1,0.6608697
1,0,1,0.85998636
1,1,1,0.74259186
1,0,1,0.66584885
1,1,1,0.81490314
1,0,1,0.5844353
1,1,1,0.6622235
1,0,0,0.25734368
1,0,0,0.4102466
1,1,1,0.75443107
1,0,0,0.35125974
1,1,0,0.44048393
1,1,1,0.8048209
1,0,1,0.5317637
1,0,0,0.19526425
1,1,1,0.81377774
1,0,0,0.32827404
1,0,1,0.6620332
1,0,0,0.31628823
1,1,1,0.70196724
1,0,1,0.5250933
1,1,1,0.86224693
1,1,1,0.59135896
1,0,1,0.62927204
1,1,1,0.6671692
1,1,0,0.4319521
1,0,0,0.39323822
1,0,0,0.1511073
1,0,1,0.59325063
1,0,1,0.5383111
1,1,1,0.63293195
1,0,1,0.66724485
1,1,1,0.6719999
1,0,0,0.368707
1,0,0,0.4946167
1,1,1,0.80498827
1,0,1,0.7042202
1,0,1,0.601508
1,0,1,0.50154054
1,1,1,0.8022684
1,1,1,0.65235907
1,1,1,0.7980891
1,1,1,0.5853222
1,0,0,0.26579666
1,0,0,0.14875704
1,1,1,0.7169085
1,0,1,0.5401701
1,0,0,0.38578013
1,1,1,0.7663049
1,0,1,0.546712
1,1,1,0.5673949
1,0,1,0.59995127
1,1,1,0.82348245
1,1,1,0.7714484
1,1,1,0.65985274
1,1,0,0.35596558
1,1,1,0.6446278
1,0,0,0.48409796
1,1,1,0.5935931
1,1,1,0.5281889
1,0,0,0.14554727
1,1,1,0.8538823
1,1,1,0.8051937
1,0,1,0.73767954
1,0,0,0.25716552
1,0,1,0.5809857
1,1,1,0.7806633
1,0,0,0.462954
1,1,1,0.59113187
1,1,1,0.58343
1,1,1,0.5532865
1,1,0,0.22367601
1,0,0,0.27171937
1,1,1,0.5481645
1,0,1,0.5573502
1,1,0,0.48591816
1,0,1,0.5996688
1,0,0,0.47380936
1,1,1,0.56622905
1,1,0,0.31359503
1,0,1,0.57215065
1,0,0,0.0774093
1,1,0,0.32364717
1,0,0,0.21802703
1,1,0,0.3397556
1,0,0,0.46216992
1,1,1,0.55141085
1,0,1,0.656964
1,0,0,0.36976272
1,0,0,0.4339017
1,1,1,0.6527262
1,0,0,0.42796466
1,0,1,0.6387899
1,0,1,0.6955741
1,0,0,0.21660359
1,1,1,0.8253856
1,1,1,0.71547073
1,1,1,0.53003794
1,0,0,0.49738777
1,1,1,0.6482832
1,0,0,0.4673352
1,0,1,0.6920816
1,0,1,0.5221148
1,1,0,0.3918997
1,0,1,0.65894186
1,1,1,0.5816968
1,0,1,0.5240101
1,0,1,0.5035516
1,1,1,0.6496276
1,0,1,0.58207005
1,1,1,0.65943146
1,0,0,0.3684019
1,1,1,0.9014433
1,1,1,0.6734656
1,0,0,0.33192858
1,1,1,0.59239674
1,0,1,0.5109385
1,1,1,0.6714552
1,0,1,0.5289067
1,1,1,0.60007405
1,0,0,0.42989025
1,0,1,0.6056368
1,0,1,0.63614196
1,1,1,0.6543947
1,1,1,0.53380775
1,1,0,0.4425138
1,1,1,0.62566304
1,0,1,0.71811455
1,0,1,0.6536499
1,0,1,0.5930488
1,1,1,0.6889739
1,1,1,0.6513207
1,0,1,0.6619926
1,1,1,0.74901915
1,0,0,0.39491507
1,0,0,0.47421566
1,1,1,0.6611783
1,1,1,0.53387076
1,0,0,0.3371541
1,0,1,0.53384334
1,0,0,0.09358736
1,1,1,0.75580615
1,1,1,0.6169426
1,0,0,0.19985197
1,0,0,0.34189725
1,1,1,0.6206844
1,1,1,0.59466887
1,1,1,0.75966126
1,0,0,0.10481488
1,1,0,0.362488
1,1,1,0.57662517
1,1,1,0.5586337
1,1,1,0.6636947
1,0,0,0.24993978
1,0,0,0.1938586
1,0,0,0.11882935
1,0,1,0.50466603
1,1,1,0.7551095
1,0,1,0.64213294
1,0,0,0.39330658
1,0,0,0.41782948
1,1,0,0.43629456
1,0,0,0.44338816
1,1,1,0.72403693
1,1,1,0.5403364
1,1,1,0.57548594
1,1,1,0.5450982
1,0,0,0.30556262
1,0,1,0.5100491
1,1,1,0.7627593
1,0,0,0.3692783
1,0,0,0.4479263
1,0,0,0.14054757
1,1,1,0.6353654
1,0,0,0.41648424
1,1,1,0.53041285
1,0,1,0.7724883
1,0,0,0.32662627
1,1,1,0.8222996
1,1,1,0.6358213
1,1,1,0.5258779
1,1,1,0.63327634
1,1,1,0.6488381
1,0,0,0.3661161
1,1,1,0.5663322
1,0,1,0.6006858
1,1,1,0.71152496
1,0,0,0.48207292
1,0,0,0.4453024
1,0,0,0.43661773
1,0,1,0.67525935
1,0,1,0.6712611
1,0,0,0.47923967
1,0,0,0.4158646
1,0,0,0.070720434
1,1,1,0.6896354
1,0,1,0.5124743
1,0,1,0.6828471
1,1,1,0.8078236
1,1,1,0.6918882
1,1,1,0.7676436
1,1,1,0.52593917
1,0,0,0.45462778
1,1,1,0.669655
1,0,0,0.42993394
1,0,0,0.28868467
1,0,0,0.35516396
1,1,1,0.7014338
1,1,1,0.62583953
1,1,1,0.7669141
1,0,0,0.26166782
1,0,0,0.28465685
1,1,1,0.767869
1,0,0,0.3452147
1,0,0,0.3169386
1,1,1,0.8642853
1,0,0,0.31041262
1,1,1,0.7126579
1,0,0,0.39330733
1,1,1,0.8633985
1,0,1,0.7816357
1,1,1,0.7131886
1,0,0,0.31662872
1,0,0,0.4637329
1,1,1,0.5965439
1,1,1,0.66870546
1,0,0,0.21666151
1,0,0,0.4750387
1,1,1,0.68219566
1,0,1,0.74253684
1,0,1,0.61979836
1,1,1,0.5385134
1,0,1,0.5245232
1,1,1,0.7405583
1,1,1,0.68606865
1,1,1,0.81108654
1,1,1,0.6703107
1,1,1,0.8481839
1,0,1,0.7461541
1,0,0,0.45972696
1,0,1,0.65040535
1,0,1,0.7287942
1,1,1,0.86186326
1,1,1,0.69178015
1,1,1,0.6929377
1,1,1,0.7982914
1,1,1,0.8201627
1,1,1,0.55995667
1,0,0,0.42358217
1,0,1,0.6251889
1,0,1,0.5809955
1,0,1,0.55798346
1,1,1,0.739069
1,0,1,0.53342354
1,0,1,0.6163392
1,1,1,0.6340546
1,1,1,0.5338591
1,1,0,0.40009364
1,1,1,0.77886933
1,1,0,0.4367449
1,1,1,0.5720443
1,0,0,0.35984424
1,0,0,0.46697703
1,1,0,0.47057012
1,1,1,0.64933556
1,0,0,0.2366528
1,1,1,0.8073069
1,1,0,0.4793681
1,1,1,0.7178198
1,1,1,0.688321
1,1,1,0.77506196
1,1,1,0.5725561
1,0,1,0.6483314
1,0,1,0.5574012
1,1,1,0.64898443
1,0,1,0.58055687
1,1,1,0.6269229
1,0,0,0.39956984
1,1,1,0.81101835
1,0,1,0.60260344
1,1,0,0.49806952
1,0,1,0.51358676
1,1,1,0.6744574
1,0,1,0.60491174
1,0,1,0.7018094
1,0,0,0.1641266
1,1,1,0.5080342
1,1,1,0.6924867
1,0,1,0.55677235
1,1,1,0.82581294
1,0,0,0.15830217
1,1,1,0.65050894
1,1,1,0.77043396
1,0,1,0.5088332
1,0,1,0.5221485
1,0,0,0.38095346
1,0,1,0.68955636
1,1,1,0.6758172
1,0,1,0.7194866
1,0,1,0.5057962
1,1,1,0.7277195
1,0,1,0.694094
1,0,0,0.40163738
1,0,1,0.50599754
1,0,0,0.46475965
1,1,1,0.6272774
1,0,0,0.41576245
1,1,0,0.46960256
1,1,1,0.5932836
1,0,1,0.52256894
1,0,1,0.634037
1,1,1,0.73893195
1,0,1,0.547387
1,1,1,0.6421436
1,1,1,0.6812975
1,1,1,0.5584968
1,0,0,0.46758184
1,1,1,0.668534
1,1,1,0.64030534
1,0,1,0.5137599
1,0,0,0.45307735
1,1,1,0.68018407
1,1,1,0.639491
1,0,0,0.34013945
1,1,1,0.71301115
1,0,1,0.5300432
1,0,1,0.621507
1,0,1,0.71378356
1,1,1,0.66159326
1,1,1,0.6039871
1,0,1,0.6002255
1,1,1,0.7638825
1,1,1,0.5425287
1,1,0,0.49495146
1,0,1,0.65549994
1,1,1,0.62164783
1,1,1,0.766678
1,1,0,0.39594668
1,1,1,0.63561803
1,1,0,0.47512686
1,1,0,0.2925594
1,1,1,0.6054872
1,0,1,0.59202725
1,0,0,0.41022977
1,0,0,0.37298346
1,0,1,0.5611061
1,0,0,0.28029105
1,0,0,0.45161375
1,0,1,0.7632563
1,1,1,0.75906855
1,0,1,0.7666627
1,0,1,0.8062662
1,0,0,0.17176975
1,1,1,0.7884783
1,0,0,0.17978606
1,0,1,0.51653737
1,1,1,0.57390034
1,0,1,0.5366465
1,1,1,0.65177125
1,1,0,0.37046635
1,1,0,0.3205735
1,1,0,0.4402592
1,0,0,0.49569646
1,1,0,0.39494926
1,0,1,0.6037736
1,0,1,0.6772801
1,0,0,0.21667759
1,0,1,0.5033281
1,1,1,0.6050446
1,0,0,0.41843337
1,1,1,0.73450434
1,1,1,0.64598465
1,1,1,0.685872
1,0,1,0.5529589
1,1,1,0.7025648
1,1,1,0.6487384
1,1,1,0.74438137
1,0,1,0.52375305
1,1,1,0.8892333
1,0,1,0.74365944
1,0,0,0.47742358
1,0,0,0.43907025
1,0,1,0.69036657
1,0,0,0.47546944
1,1,1,0.82911646
1,0,1,0.6507548
1,1,1,0.68399996
1,1,1,0.59586173
1,0,1,0.6815108
1,1,1,0.670309
1,0,1,0.65170056
1,0,1,0.6454265
1,1,1,0.90700126
1,0,1,0.6262839
1,1,1,0.5595314
1,0,1,0.6569884
1,0,0,0.4384714
1,1,1,0.80367464
1,1,1,0.77005285
1,0,1,0.7990848
1,0,0,0.23210691
1,1,1,0.80991954
1,0,1,0.8389191
1,0,0,0.33742303
1,0,1,0.66456187
1,1,1,0.6525972
1,0,1,0.53857106
1,0,1,0.5965263
1,0,1,0.5554008
1,0,1,0.5995897
1,1,1,0.5016813
1,0,0,0.37543455
1,0,1,0.62376976
1,1,1,0.7128575
1,0,1,0.7523277
1,1,0,0.39501044
1,1,1,0.63611627
1,1,1,0.6263834
1,0,0,0.46721378
1,1,1,0.80057895
1,0,1,0.62597543
1,0,1,0.78373486
1,0,1,0.5079686
1,1,1,0.836227
1,1,1,0.81438845
1,1,0,0.45221946
1,1,1,0.770017
1,0,1,0.5705758
1,1,1,0.91379917
1,0,0,0.41699663
1,0,0,0.14210679
1,1,1,0.7665136
1,0,1,0.6420087
1,1,1,0.6428475
1,0,1,0.6826112
1,1,1,0.6018399
1,0,0,0.42101786
1,0,0,0.36471063
1,0,1,0.6702254
1,1,1,0.7817767
1,1,1,0.90857583
1,1,1,0.69670194
1,1,1,0.76951534
1,1,1,0.5803505
1,0,1,0.564825
1,1,1,0.5264705
1,0,1,0.6993679
1,0,1,0.65098596
1,1,1,0.62097627
1,0,1,0.60565346
1,1,1,0.7067514
1,1,1,0.8079037
1,1,1,0.7935235
1,1,1,0.7207337
1,0,0,0.4553031
1,0,0,0.05022372
1,1,1,0.7185752
1,0,1,0.6258911
1,0,0,0.3918989
1,1,1,0.57056385
1,0,0,0.099093266
1,0,0,0.09153604
1,1,1,0.8817446
1,0,1,0.62793887
1,1,1,0.66619354
1,0,1,0.59921426
1,1,1,0.84598833
1,0,1,0.5365528
1,0,1,0.70104676
1,1,1,0.71774
1,0,0,0.2079733
1,1,1,0.8113591
1,1,1,0.5781887
1,0,1,0.6054601
1,0,1,0.6561074
1,0,0,0.2144524
1,1,1,0.7929353
1,1,1,0.70189893
1,1,0,0.4928615
1,1,1,0.912596
1,1,1,0.82950515
1,1,1,0.7215762
1,0,0,0.31239623
1,1,0,0.37469128
1,1,1,0.63269347
1,1,1,0.6937665
1,1,0,0.23384269
1,1,0,0.26750985
1,0,0,0.35234097
1,0,0,0.23692904
1,0,0,0.27944553
1,0,1,0.5695786
1,0,0,0.48209068
1,1,1,0.54854846
1,0,0,0.33999857
1,0,0,0.1857627
1,1,1,0.6442905
1,0,1,0.5537256
1,1,1,0.63917947
1,0,0,0.29071394
1,1,1,0.7032266
1,0,0,0.31191528
1,0,0,0.2473788
1,1,0,0.38339353
1,0,1,0.6747892
1,0,1,0.746218
1,0,1,0.63902926
1,1,1,0.5363295
1,0,1,0.6693853
1,0,1,0.691786
1,1,1,0.6204576
1,1,1,0.6400032
1,1,0,0.37047035
1,1,0,0.29238564
1,1,0,0.4045829
1,0,0,0.12597606
1,0,0,0.4619112
1,1,0,0.2877611
1,0,1,0.54822683
1,0,0,0.098546244
1,1,0,0.45565718
1,0,1,0.63181984
1,0,1,0.55105907
1,1,1,0.50512093
1,0,0,0.44774053
1,0,0,0.36422375
1,1,1,0.6918699
1,1,1,0.6130709
1,1,1,0.64914644
1,0,0,0.3937734
1,1,1,0.72924393
1,0,0,0.41867706
1,0,1,0.77070963
1,0,1,0.62205267
1,0,1,0.5952899
1,1,1,0.8139313
1,1,1,0.535777
1,0,1,0.5923055
1,1,0,0.42427188
1,1,1,0.7196189
1,0,0,0.49850023
1,0,0,0.43351978
1,0,0,0.33176005
1,0,0,0.4966507
1,1,1,0.6248765
1,0,1,0.581526
1,0,1,0.52245784
1,1,1,0.5800113
1,0,0,0.47864428
1,1,1,0.5969076
1,1,1,0.64532113
1,1,1,0.6688106
1,1,0,0.35732582
1,1,1,0.5635045
1,1,0,0.48831344
1,1,1,0.50629306
1,1,1,0.70065904
1,0,1,0.55354184
1,0,1,0.6201434
1,0,0,0.08695529
1,0,1,0.6856817
1,0,0,0.33976382
1,0,0,0.06750598
1,1,1,0.5899399
1,0,0,0.16439717
1,0,1,0.55823386
1,0,0,0.45514062
1,0,0,0.46427703
1,1,1,0.7080733
1,1,1,0.67520773
1,0,0,0.43878737
1,1,1,0.59588873
1,0,0,0.3790064
1,0,0,0.18655777
1,0,1,0.5261967
1,1,0,0.27744508
1,0,0,0.36560845
1,0,0,0.09902194
1,0,0,0.29998487
1,0,1,0.5819963
1,0,0,0.05933229
1,1,1,0.63884133
1,1,1,0.63570386
1,0,0,0.49772546
1,1,1,0.65937227
1,1,0,0.49489093
1,0,0,0.27399138
1,1,1,0.6857836
1,1,1,0.8252543
1,0,1,0.6716207
1,1,1,0.50610596
1,1,1,0.66075146
1,1,1,0.6730484
1,0,1,0.59975046
1,1,1,0.73387265
1,1,0,0.3989597
1,0,0,0.47863007
1,1,1,0.5841127
1,1,1,0.6769968
1,1,1,0.6995619
1,0,1,0.74932307
1,0,0,0.32081908
1,1,1,0.66754377
1,0,1,0.6859165
1,0,1,0.67188984
1,0,1,0.64517426
1,0,1,0.58258927
1,1,1,0.7632956
1,1,1,0.7927204
1,0,1,0.6466402
1,0,0,0.3389888
1,0,0,0.35156885
1,0,1,0.5955245
1,1,1,0.7018443
1,0,1,0.6927782
1,0,1,0.6001839
1,1,0,0.39492217
1,0,1,0.5220353
1,0,1,0.79578215
1,0,1,0.549413
1,0,0,0.36492866
1,0,0,0.46949196
1,1,1,0.53446585
1,0,0,0.3972757
1,1,1,0.57502675
1,0,0,0.30437443
1,1,1,0.7881744
1,1,1,0.60858184
1,0,0,0.44381896
1,0,0,0.3315397
1,1,1,0.7803602
1,1,1,0.6371676
1,1,1,0.6725614
1,1,1,0.7051951
1,1,1,0.7483219
1,1,1,0.8342195
1,0,1,0.5868964
1,0,0,0.4694908
1,0,1,0.65552276
1,1,1,0.85611933
1,1,1,0.81774074
1,0,1,0.58528394
1,0,1,0.52467376
1,0,1,0.6272705
1,0,0,0.23182806
1,1,1,0.73269504
1,1,1,0.7944391
1,0,1,0.63774294
1,1,1,0.6381711
1,1,1,0.61052996
1,0,1,0.7587437
1,0,1,0.5725709
1,0,1,0.5549078
1,0,0,0.09350273
1,0,1,0.57804275
1,0,0,0.2772108
1,1,1,0.6547169
1,1,1,0.56538683
1,1,1,0.6118325
1,1,1,0.783471
1,1,0,0.47637764
1,0,1,0.6119789
1,0,1,0.53178835
1,0,0,0.4389907
1,0,1,0.60434127
1,0,1,0.62139356
1,0,0,0.17264536
1,0,1,0.75420004
1,1,1,0.7743243
1,1,1,0.56274885
1,1,1,0.598311
1,1,1,0.5190621
1,0,0,0.2844972
1,0,0,0.059788745
1,1,0,0.4636719
1,0,1,0.7048762
1,0,0,0.14446431
1,1,1,0.5891727
1,1,1,0.79069155
1,0,0,0.41168454
1,1,1,0.7950617
1,0,1,0.6765329
1,1,1,0.745603
1,0,1,0.65837115
1,1,1,0.79312927
1,0,0,0.43771818
1,1,1,0.76365256
1,1,0,0.45002663
1,1,1,0.551985
1,0,1,0.7743514
1,0,0,0.37753358
1,1,1,0.5851075
1,1,0,0.37648624
1,0,1,0.54737014
1,1,1,0.78089005
1,0,0,0.48116276
1,1,1,0.88402194
1,1,1,0.7121403
1,1,1,0.58482957
1,0,0,0.18135227
1,0,1,0.90290743
1,1,1,0.65637904
1,0,0,0.08912358
1,0,1,0.65484226
1,0,1,0.53812397
1,1,1,0.5920587
1,0,0,0.14929132
1,1,1,0.7693313
1,1,0,0.4396964
1,0,0,0.3933107
1,0,1,0.5320655
1,0,0,0.40876314
1,1,1,0.6495441
1,0,0,0.40785325
1,1,1,0.5888256
1,0,0,0.3495123
1,1,1,0.781942
1,0,1,0.62267846
1,1,1,0.7080234
1,0,0,0.16600607
1,0,0,0.18122037
1,1,1,0.5655301
1,1,1,0.5291048
1,0,1,0.5094037
1,1,0,0.33076796
1,0,0,0.15972368
1,1,0,0.28338116
1,1,1,0.7757158
1,0,0,0.28917864
1,0,0,0.34415877
1,1,1,0.809432
1,1,1,0.8027123
1,0,0,0.3850266
1,0,0,0.06888562
1,0,0,0.08003326
1,0,0,0.43960556
1,1,1,0.584599
1,1,1,0.73460895
1,1,1,0.78893554
1,1,1,0.64465636
1,0,1,0.5429698
1,0,1,0.6499744
1,1,1,0.5473403
1,1,1,0.71715194
1,1,1,0.8004007
1,1,1,0.7610965
1,0,0,0.06060294
1,1,1,0.58115965
1,1,1,0.70143896
1,0,1,0.64471346
1,0,0,0.356825
1,1,1,0.82151616
1,1,0,0.46161982
1,0,1,0.63172483
1,0,1,0.73712516
1,0,0,0.43189812
1,0,1,0.62773514
1,0,0,0.19456162
1,0,0,0.1240916
1,0,0,0.3700176
1,0,0,0.25786227
1,0,1,0.53950757
1,0,1,0.75359946
1,1,0,0.21107236
1,1,1,0.50775045
1,1,1,0.9026491
1,1,0,0.40774038
1,1,1,0.6250523
1,0,0,0.15138452
1,0,1,0.654549
1,0,0,0.17314452
1,0,0,0.07475589
1,0,0,0.0764409
1,1,0,0.27766585
1,1,1,0.64092326
1,0,1,0.8720455
1,0,0,0.057251673
1,1,1,0.73029524
1,1,0,0.20745115
1,1,1,0.6813902
1,0,0,0.2536845
1,1,1,0.6991204
1,1,0,0.41644132
1,1,1,0.52968097
1,0,0,0.46340817
1,1,1,0.6397256
1,0,1,0.551938
1,0,0,0.42886442
1,0,1,0.69074506
1,1,1,0.6420631
1,0,0,0.30019385
1,0,0,0.38483492
1,1,1,0.70752144
1,1,1,0.5297799
1,1,1,0.5090199
1,1,1,0.5214638
1,0,1,0.61956215
1,0,1,0.5610718
1,0,0,0.28612253
1,1,0,0.47755805
1,1,1,0.51551515
1,0,0,0.4131517
1,0,1,0.5313514
1,0,0,0.05553143
1,0,1,0.5268508
1,1,0,0.47411436
1,0,0,0.46940404
1,0,0,0.41259453
1,1,0,0.44789216
1,0,0,0.320513
1,0,1,0.7108368
1,0,1,0.7112687
1,0,1,0.6224693
1,0,0,0.4960336
1,1,1,0.7860475
1,0,1,0.6621004
1,1,1,0.70504063
1,1,1,0.76912147
1,0,0,0.3637133
1,1,0,0.49341166
1,0,0,0.47353703
1,0,0,0.31982687
1,1,1,0.7812314
1,0,0,0.29750338
1,1,0,0.30547172
1,0,0,0.0814947
1,0,0,0.42237246
1,1,1,0.83394927
1,1,0,0.4940879
1,0,1,0.5386616
1,1,1,0.5752064
1,0,0,0.40718675
1,1,0,0.46477905
1,0,1,0.77403706
1,0,1,0.6708129
1,0,1,0.5251655
1,1,1,0.6582161
1,0,1,0.64237505
1,0,1,0.5577269
1,1,0,0.32261533
1,0,1,0.7482055
1,1,1,0.68426377
1,1,1,0.69721425
1,1,1,0.52792734
1,0,1,0.79491
1,1,1,0.707298
1,0,1,0.54454803
1,1,1,0.64980006
1,1,1,0.67897177
1,1,1,0.5017593
1,1,1,0.85221803
1,1,0,0.4459859
1,0,0,0.03834726
1,1,1,0.70735157
1,1,1,0.6564342
1,1,1,0.51253253
1,0,1,0.5314409
1,1,0,0.40389824
1,0,1,0.6430553
1,1,1,0.52768195
1,0,0,0.124887325
1,1,1,0.6108566
1,1,1,0.729873
1,0,0,0.33372504
1,1,1,0.72971743
1,0,1,0.792478
1,0,0,0.062711455
1,0,0,0.14432117
1,0,1,0.52893627
1,0,1,0.75400066
1,0,1,0.72814816
1,0,0,0.4556916
1,0,0,0.28170297
1,0,0,0.46666977
1,1,1,0.68205184
1,0,0,0.4332821
1,1,0,0.39585724
1,0,1,0.5101433
1,0,0,0.1183542
1,0,1,0.6865059
1,1,1,0.68892133
1,0,1,0.72435397
1,1,1,0.5729553
1,1,1,0.5575812
1,0,0,0.48686075
1,1,1,0.6554889
1,0,0,0.49214232
1,1,0,0.48669666
1,1,0,0.39983368
1,1,1,0.59927154
1,1,0,0.29247552
1,1,1,0.65152985
1,0,0,0.31814814
1,0,0,0.17517576
1,1,1,0.80052793
1,1,1,0.7733506
1,0,1,0.6705711
1,1,1,0.701593
1,1,1,0.7333986
1,0,1,0.5713104
1,0,0,0.19791515
1,1,1,0.75880724
1,0,1,0.50679773
1,0,1,0.74917966
1,0,1,0.5448391
1,1,1,0.69696367
1,0,1,0.7400494
1,1,1,0.67249036
1,0,0,0.3789838
1,0,1,0.7702528
1,1,1,0.7149413
1,1,0,0.33711752
1,1,0,0.16674852
1,1,1,0.78662616
1,0,0,0.29759255
1,0,0,0.38026023
1,1,1,0.6862654
1,0,0,0.31995407
1,1,1,0.5344602
1,0,0,0.49481025
1,1,1,0.66009784
1,1,1,0.7408927
1,1,1,0.68654466
1,1,1,0.6512882
1,0,1,0.57217807
2,1,1,0.6746137
2,0,1,0.53706175
2,1,1,0.7432119
2,1,0,0.4868932
2,0,1,0.8779333
2,0,0,0.38577014
2,1,0,0.41136697
2,1,1,0.672534
2,0,1,0.7075394
2,0,1,0.61920726
2,1,1,0.62102133
2,0,1,0.54633915
2,1,1,0.56116176
2,0,0,0.39811096
2,1,0,0.49421972
2,0,1,0.58664817
2,0,0,0.4602479
2,0,1,0.6233138
2,0,1,0.55391675
2,0,1,0.5786142
2,1,1,0.8618204
2,1,1,0.6906384
2,1,1,0.7770954
2,0,1,0.55148584
2,1,1,0.6623567
2,1,1,0.67099506
2,0,1,0.547824
2,0,0,0.4390566
2,1,1,0.71625316
2,0,1,0.5269664
2,1,1,0.6156062
2,0,0,0.46252456
2,1,1,0.7908242
2,0,1,0.50316286
2,1,1,0.59179467
2,1,0,0.3977335
2,1,1,0.6442609
2,0,1,0.5027115
2,1,1,0.7166566
2,0,0,0.46410015
2,1,1,0.5157871
2,1,0,0.37845716
2,1,1,0.54720956
2,1,0,0.4351951
2,0,0,0.32937142
2,0,1,0.50729233
2,1,1,0.5398357
2,0,1,0.50467217
2,0,1,0.61136776
2,0,0,0.4307041
2,0,1,0.61941737
2,1,1,0.82521343
2,1,1,0.65876496
2,0,0,0.29542363
2,0,0,0.19278365
2,1,1,0.69503325
2,0,0,0.422258
2,1,1,0.8574193
2,1,1,0.7624109
2,0,0,0.36914313
2,1,1,0.7595203
2,1,1,0.75901276
2,0,0,0.2808244
2,0,1,0.7055294
2,0,1,0.80654556
2,0,1,0.65239453
2,1,1,0.8212836
2,0,0,0.3454289
2,1,0,0.4764326
2,1,1,0.5641455
2,1,1,0.70290583
2,0,0,0.084684774
2,0,1,0.5408803
2,0,0,0.26293257
2,1,1,0.54099447
2,0,0,0.28707525
2,0,0,0.49923542
2,1,1,0.9192575
2,0,0,0.4215676
2,1,1,0.8634553
2,1,0,0.4593051
2,0,1,0.57130116
2,1,1,0.786198
2,0,1,0.74157774
2,1,1,0.72116446
2,0,1,0.8203166
2,0,0,0.22409452
2,0,0,0.18536834
2,0,1,0.68944603
2,0,0,0.43575463
2,1,1,0.7298822
2,1,1,0.73283416
2,1,1,0.64191073
2,0,0,0.2863051
2,0,0,0.20644474
2,0,1,0.51164204
2,0,1,0.7718145
2,1,1,0.637473
2,0,0,0.32654527
2,1,1,0.740019
2,0,1,0.7710833
2,1,0,0.1988599
2,0,0,0.29360864
2,1,1,0.5591667
2,0,0,0.3587365
2,0,1,0.57419866
2,0,0,0.40531912
2,1,1,0.53069997
2,1,1,0.5219728
2,0,0,0.15353371
2,1,0,0.33648247
2,0,0,0.35730225
2,0,0,0.48217788
2,1,1,0.76276565
2,1,1,0.53303224
2,1,0,0.3722996
2,0,1,0.57160723
2,0,1,0.64682275
2,0,1,0.5003639
2,1,1,0.57710475
2,1,1,0.7143977
2,0,0,0.28155124
2,1,0,0.48049986
2,1,0,0.44007742
2,1,0,0.39095223
2,0,0,0.37815803
2,1,1,0.6884569
2,1,1,0.5487628
2,0,1,0.57409865
2,0,1,0.6572456
2,1,1,0.81872433
2,0,1,0.6684473
2,0,1,0.60960436
2,1,1,0.52388215
2,1,1,0.7979
2,1,1,0.84224725
2,0,0,0.26769596
2,0,1,0.59767497
2,0,0,0.19967063
2,0,0,0.3027663
2,1,1,0.6169097
2,1,1,0.93103844
2,1,1,0.801397
2,0,1,0.6424878
2,1,1,0.73735887
2,0,1,0.52572745
2,1,1,0.80167854
2,0,1,0.669135
2,0,0,0.26677465
2,0,1,0.64538795
2,0,0,0.48262796
2,1,1,0.84538764
2,0,1,0.76487905
2,1,1,0.6612914
2,0,1,0.67134815
2,0,0,0.31249705
2,1,1,0.734416
2,1,1,0.6499716
2,0,1,0.67513996
2,1,1,0.68942314
2,0,0,0.38899553
2,0,0,0.20150335
2,1,0,0.330975
2,1,0,0.22516803
2,1,1,0.81350374
2,1,1,0.58529794
2,0,0,0.17750351
2,1,1,0.75721693
2,0,1,0.51815957
2,1,1,0.6841914
2,0,0,0.29586437
2,0,1,0.7426969
2,0,0,0.27131286
2,1,1,0.74074525
2,0,0,0.46370336
2,1,1,0.68671346
2,0,0,0.48777536
2,0,1,0.8011637
2,1,1,0.78249526
2,1,1,0.8480146
2,1,1,0.776116
2,0,1,0.6081406
2,0,1,0.86109304
2,0,1,0.5867257
2,1,1,0.8128493
2,0,1,0.69635713
2,0,1,0.7137336
2,1,1,0.6937962
2,1,1,0.58028746
2,0,1,0.6084223
2,1,0,0.25854847
2,0,0,0.41355872
2,1,1,0.7050557
2,0,1,0.6970113
2,1,1,0.6764663
2,0,1,0.666543
2,1,0,0.46572056
2,0,1,0.80657667
2,0,0,0.2612964
2,1,1,0.58766675
2,1,1,0.7358102
2,0,0,0.2805555
2,0,0,0.24676746
2,1,1,0.78592795
2,1,1,0.66344625
2,0,0,0.4172862
2,0,1,0.5562106
2,1,1,0.53701293
2,1,1,0.59742165
2,1,1,0.52431613
2,0,1,0.6014146
2,0,1,0.63373363
2,0,0,0.30876052
2,1,1,0.7262071
2,0,0,0.087237515
2,0,1,0.5173336
2,0,0,0.2806331
2,0,0,0.39227608
2,1,1,0.9220587
2,1,1,0.70419633
2,0,1,0.5932996
2,1,1,0.8020588
2,1,1,0.64572465
2,0,1,0.70345193
2,0,1,0.64952534
2,0,1,0.82972944
2,0,0,0.46156952
2,1,1,0.61782426
2,1,1,0.8253103
2,0,0,0.37986758
2,1,0,0.41163275
2,0,0,0.4469573
2,1,1,0.6323427
2,1,1,0.6325871
2,0,0,0.39892086
2,0,1,0.6548319
2,0,0,0.46780673
2,0,0,0.48619518
2,0,0,0.3375339
2,1,1,0.698894
2,1,1,0.63003725
2,0,1,0.6387457
2,1,1,0.8336717
2,0,1,0.52065367
2,1,1,0.795604
2,0,1,0.67525905
2,1,1,0.6834213
2,0,1,0.6957068
2,1,1,0.5292727
2,1,1,0.5252902
2,0,1,0.71473944
2,0,1,0.58214414
2,0,1,0.72633016
2,1,1,0.7940665
2,1,1,0.5788312
2,1,1,0.50148284
2,1,1,0.5739322
2,1,1,0.6894394
2,0,0,0.40398303
2,1,1,0.6648195
2,1,1,0.6668631
2,0,0,0.19190598
2,1,1,0.5943745
2,0,1,0.76576656
2,0,1,0.59795254
2,0,0,0.4670495
2,0,1,0.5297129
2,1,1,0.73201627
2,0,0,0.4140111
2,0,1,0.64030904
2,1,1,0.56333905
2,0,1,0.72467506
2,1,1,0.51721066
2,0,0,0.38835832
2,1,1,0.69303894
2,1,1,0.70594215
2,0,1,0.52217096
2,0,0,0.408652
2,1,1,0.52779853
2,0,1,0.6312138
2,0,0,0.40088522
2,1,1,0.61444694
2,0,1,0.6804039
2,1,1,0.5633629
2,0,1,0.6375643
2,0,1,0.5830019
2,1,1,0.6856372
2,0,0,0.40110555
2,1,1,0.73991287
2,1,0,0.29562113
2,0,0,0.3965348
2,0,1,0.6048733
2,0,0,0.26896098
2,0,0,0.49327117
2,1,1,0.55963886
2,1,1,0.8081923
2,1,1,0.6131986
2,1,1,0.8289451
2,0,0,0.3484855
2,0,1,0.6688841
2,0,0,0.27772674
2,0,1,0.54145193
2,0,1,0.52772695
2,0,1,0.516067
2,1,0,0.4873104
2,1,0,0.409544
2,1,1,0.60741425
2,1,1,0.8192843
2,1,1,0.6429125
2,1,1,0.7603742
2,1,1,0.67689604
2,0,1,0.68553555
2,0,0,0.41304463
2,1,1,0.7024376
2,0,1,0.62279755
2,0,1,0.58429617
2,1,1,0.57094204
2,1,0,0.47769174
2,1,1,0.5921803
2,0,1,0.8107525
2,0,0,0.31946042
2,0,1,0.61794007
2,1,1,0.83912873
2,1,1,0.7854063
2,0,0,0.25805858
2,0,1,0.5741999
2,0,0,0.4807238
2,0,0,0.217709
2,1,1,0.89162785
2,1,1,0.60523725
2,0,0,0.28970227
2,1,1,0.708613
2,0,0,0.33900216
2,0,0,0.37100753
2,1,1,0.892435
2,1,1,0.788487
2,1,1,0.8830812
2,0,1,0.65105134
2,1,1,0.6773229
2,0,1,0.69845504
2,0,1,0.62255865
2,0,0,0.39349926
2,1,1,0.64923847
2,1,0,0.49192327
2,0,1,0.55533177
2,1,1,0.80532855
2,0,1,0.774855
2,1,0,0.31499118
2,0,0,0.32666796
2,0,1,0.5973893
2,0,1,0.8304775
2,1,0,0.3592764
2,1,1,0.9297327
2,1,1,0.7779162
2,0,0,0.34418398
2,1,1,0.7716596
2,1,1,0.8302233
2,0,0,0.28977853
2,1,1,0.65193236
2,0,0,0.4739957
2,0,1,0.7470825
2,0,1,0.6184048
2,0,1,0.5565463
2,0,1,0.87103593
2,1,0,0.4974935
2,1,1,0.6193632
2,0,1,0.5204892
2,0,0,0.0904375
2,0,1,0.75648856
2,0,0,0.4837465
2,1,1,0.5694811
2,0,1,0.5664029
2,0,1,0.5882524
2,0,0,0.11602506
2,0,1,0.6001696
2,1,1,0.58694035
2,1,0,0.40227672
2,1,1,0.6908669
2,1,1,0.7119845
2,1,1,0.56702054
2,0,1,0.67386854
2,1,0,0.4371273
2,1,1,0.68380666
2,0,0,0.47395983
2,0,1,0.6638076
2,0,1,0.59590995
2,0,1,0.56137043
2,0,1,0.6798613
2,1,1,0.7000356
2,1,1,0.9278626
2,1,1,0.83315337
2,0,0,0.41364482
2,0,1,0.61279124
2,1,1,0.65737754
2,0,1,0.7104094
2,0,1,0.6421252
2,1,1,0.83514625
2,1,1,0.8214413
2,0,1,0.7139027
2,0,1,0.5640329
2,0,0,0.41342795
2,1,1,0.7808736
2,0,0,0.49103975
2,1,0,0.33946282
2,1,0,0.3778409
2,1,1,0.5448487
2,1,1,0.8166419
2,1,1,0.7472692
2,1,1,0.6156096
2,1,1,0.69685197
2,0,0,0.3643204
2,1,1,0.76252055
2,0,0,0.31170326
2,0,1,0.6043245
2,1,1,0.7540269
2,1,0,0.3914167
2,1,0,0.46730155
2,0,1,0.60706294
2,0,1,0.61678606
2,0,0,0.20066053
2,1,1,0.61706966
2,0,0,0.29274082
2,0,0,0.47209838
2,1,1,0.8709519
2,0,0,0.45108765
2,1,1,0.76716614
2,1,1,0.5194215
2,0,1,0.6754071
2,1,1,0.68807685
2,1,1,0.5622054
2,0,1,0.7249455
2,1,1,0.56536275
2,0,0,0.48284322
2,0,0,0.33912164
2,1,1,0.6729208
2,1,1,0.6952573
2,0,0,0.32165998
2,0,0,0.39688316
2,0,1,0.73335904
2,1,1,0.6639285
2,0,0,0.45630646
2,0,1,0.55481094
2,0,1,0.7372773
2,0,0,0.3842177
2,1,1,0.5327746
2,0,0,0.44682735
2,0,1,0.54202414
2,1,1,0.8427051
2,0,1,0.5522676
2,0,1,0.6550214
2,1,0,0.41654074
2,0,1,0.75127316
2,0,1,0.5992196
2,0,1,0.5396239
2,1,0,0.40835604
2,1,1,0.53304785
2,1,0,0.23205526
2,0,1,0.5919607
2,1,1,0.86475915
2,1,1,0.7939644
2,0,1,0.57486403
2,1,1,0.71869576
2,0,1,0.705708
2,0,1,0.582084
2,1,1,0.65635026
2,0,0,0.38857022
2,0,0,0.09937173
2,1,0,0.48280558
2,1,1,0.8728868
2,1,1,0.56382
2,0,0,0.42189682
2,0,0,0.23497614
2,0,0,0.2539559
2,0,0,0.41529897
2,1,1,0.9379215
2,1,1,0.8527163
2,0,1,0.6936238
2,1,1,0.6709546
2,1,1,0.67565393
2,1,1,0.5760237
2,0,0,0.41506302
2,1,1,0.6523357
2,1,1,0.7262922
2,0,0,0.3351337
2,1,1,0.83413684
2,0,1,0.6623444
2,1,1,0.7588687
2,0,0,0.28423336
2,0,1,0.77278477
2,1,1,0.7252995
2,0,1,0.5655584
2,0,0,0.468699
2,1,1,0.8108639
2,0,1,0.6773767
2,1,0,0.40906128
2,0,1,0.7202884
2,0,1,0.60996056
2,1,1,0.53625035
2,0,1,0.5267346
2,1,0,0.4863926
2,1,1,0.60988617
2,1,1,0.6619167
2,1,1,0.70497406
2,1,1,0.6557765
2,1,1,0.5332272
2,0,0,0.24056669
2,0,1,0.5648681
2,0,1,0.57097507
2,0,1,0.66562396
2,1,1,0.7189944
2,1,1,0.8415845
2,0,0,0.29216263
2,0,0,0.49357557
2,1,1,0.50920635
2,0,1,0.8620618
2,1,1,0.5020247
2,1,1,0.58598316
2,0,0,0.31664938
2,1,1,0.6218849
2,1,1,0.6063335
2,1,0,0.41684186
2,0,0,0.2849437
2,0,1,0.5006534
2,1,1,0.64122474
2,0,1,0.65979314
2,0,1,0.6078143
2,1,1,0.59905636
2,0,0,0.45418876
2,0,0,0.41127464
2,0,1,0.5159508
2,0,0,0.43248284
2,0,1,0.58190066
2,1,1,0.65429986
2,0,1,0.7571304
2,1,1,0.8961778
2,0,0,0.42250142
2,1,1,0.5529814
2,1,0,0.49377522
2,0,1,0.5212983
2,1,1,0.6699548
2,0,1,0.7150287
2,0,0,0.48320213
2,1,1,0.7537151
2,0,0,0.45342243
2,0,1,0.55109656
2,0,0,0.38435578
2,1,1,0.64957273
2,0,0,0.3828827
2,0,1,0.70763826
2,1,0,0.38169885
2,1,1,0.8213172
2,1,1,0.6284143
2,1,0,0.30294624
2,0,1,0.50192755
2,0,0,0.21758366
2,1,1,0.5011403
2,1,1,0.60796493
2,0,1,0.51409566
2,0,0,0.47831464
2,0,1,0.84268624
2,0,1,0.5095707
2,0,1,0.54776996
2,1,0,0.32589063
2,0,1,0.6621492
2,1,1,0.8242759
2,0,0,0.3577735
2,1,0,0.36023083
2,1,1,0.52334774
2,0,1,0.52190447
2,0,1,0.834337
2,1,1,0.5533385
2,0,0,0.46369204
2,1,1,0.7597049
2,1,1,0.60432047
2,0,1,0.5800611
2,0,1,0.6124968
2,0,0,0.28334898
2,0,1,0.778095
2,0,0,0.4221032
2,1,1,0.7490368
2,1,1,0.5540535
2,1,1,0.82776916
2,0,0,0.45371458
2,0,1,0.50365496
2,1,0,0.49076745
2,0,1,0.7288115
2,1,1,0.6248577
2,1,1,0.5878369
2,0,0,0.41760814
2,1,1,0.65232223
2,0,0,0.46007428
2,1,1,0.7588807
2,0,0,0.24507199
2,1,0,0.30834317
2,1,1,0.6301031
2,0,0,0.36556223
2,1,1,0.6178445
2,0,0,0.31484377
2,0,0,0.22829832
2,0,1,0.5992463
2,0,0,0.36196604
2,0,0,0.23596427
2,1,1,0.74455464
2,1,1,0.7779464
2,0,0,0.4888571
2,0,1,0.5163259
2,0,0,0.37525722
2,1,1,0.72974694
2,1,1,0.50240505
2,0,1,0.5429212
2,0,1,0.7249227
2,1,1,0.7932767
2,0,1,0.6103726
2,0,1,0.8061391
2,1,0,0.43027893
2,0,1,0.5463493
2,0,1,0.5294447
2,0,1,0.7444204
2,0,1,0.7516494
2,1,1,0.73232394
2,0,0,0.37104642
2,1,1,0.6673291
2,1,1,0.5690159
2,1,1,0.5652103
2,0,0,0.42263263
2,1,1,0.7787142
2,1,1,0.68708146
2,1,1,0.5540316
2,0,0,0.43589047
2,0,0,0.49041244
2,0,0,0.35427734
2,0,0,0.4976558
2,1,1,0.6936194
2,1,1,0.72357184
2,0,0,0.3542493
2,1,1,0.70512766
2,1,1,0.62001973
2,0,1,0.5869823
2,1,1,0.62286663
2,0,1,0.5402093
2,0,0,0.48671758
2,0,1,0.66744345
2,1,1,0.76021916
2,0,1,0.7481364
2,0,1,0.8238703
2,0,1,0.6744425
2,1,1,0.8719926
2,1,1,0.65945244
2,0,1,0.68696797
2,0,0,0.40183282
2,0,0,0.13391958
2,1,0,0.4080749
2,0,1,0.90907997
2,0,0,0.21182293
2,1,1,0.65655535
2,0,0,0.17104709
2,1,1,0.74657595
2,0,0,0.23503096
2,1,1,0.8057208
2,0,0,0.31539634
2,1,1,0.85236794
2,1,1,0.6441613
2,0,1,0.7918381
2,0,0,0.30938116
2,0,1,0.5211544
2,1,1,0.6936692
2,1,1,0.7868858
2,1,1,0.5921085
2,0,0,0.4322708
2,0,1,0.53018135
2,1,1,0.7638739
2,1,1,0.59528697
2,0,1,0.72828513
2,0,1,0.7751577
2,1,1,0.80775964
2,0,1,0.5047367
2,1,1,0.76464295
2,0,1,0.53088665
2,0,1,0.5946266
2,1,1,0.8033043
2,1,0,0.49107146
2,0,0,0.49639595
2,0,0,0.49024177
2,0,1,0.5694798
2,0,1,0.6420212
2,1,1,0.87520343
2,0,0,0.38082498
2,1,1,0.8073271
2,1,0,0.4087145
2,0,0,0.10329868
2,1,1,0.752141
2,1,0,0.43467963
2,1,1,0.5168701
2,0,1,0.8221121
2,1,1,0.65659964
2,1,1,0.6245877
2,0,0,0.49589336
2,0,1,0.5707788
2,0,0,0.27051234
2,0,1,0.5328962
2,0,0,0.36880273
2,1,0,0.46694025
2,1,1,0.7240844
2,0,1,0.806695
2,0,0,0.28830144
2,1,1,0.8934322
2,1,1,0.7675715
2,1,1,0.78688353
2,0,0,0.4527015
2,0,1,0.81502604
2,1,1,0.69660527
2,1,1,0.72697836
2,1,1,0.5224552
2,1,1,0.78516006
2,0,1,0.5775553
2,0,1,0.5345785
2,1,1,0.7904552
2,1,0,0.45593202
2,0,1,0.5705907
2,1,1,0.58949447
2,1,1,0.60125417
2,0,0,0.49589336
2,0,1,0.5707788
2,0,0,0.27051234
2,1,1,0.5328962
2,0,0,0.4515774
2,0,0,0.21092129
2,1,1,0.7064695
2,1,1,0.806695
2,1,0,0.28830144
2,0,1,0.55832285
2,0,1,0.6513652
2,0,0,0.28409085
2,1,1,0.8732085
2,1,1,0.6824392
2,0,0,0.3053199
2,0,0,0.26197943
2,0,0,0.4597227
2,1,1,0.762383
2,0,0,0.2795089
2,1,0,0.4652857
2,1,1,0.6513435
2,1,1,0.6241618
2,0,0,0.33112428
2,0,1,0.51361054
2,1,1,0.6378351
2,1,1,0.7507839
2,1,1,0.8153141
2,1,0,0.3124188
2,1,1,0.7519376
2,0,1,0.526915
2,0,0,0.2494129
2,1,1,0.738358
2,1,0,0.44404355
2,1,1,0.79712605
2,0,0,0.22785287
2,0,1,0.70042455
2,0,0,0.35746947
2,1,1,0.8730225
2,0,0,0.43549833
2,1,1,0.651981
2,0,1,0.5765687
2,0,0,0.24677211
2,0,0,0.48242205
2,0,1,0.536971
2,0,1,0.62363285
2,1,1,0.51074773
2,0,1,0.5216824
2,1,1,0.8038567
2,1,1,0.7116223
2,1,1,0.71471876
2,0,0,0.3172421
2,0,1,0.779088
2,1,1,0.8818705
2,0,1,0.781232
2,0,1,0.60355645
2,0,1,0.71472347
2,1,1,0.7865454
2,0,1,0.56477964
2,0,0,0.47612572
2,0,1,0.68413055
2,0,1,0.8031547
2,1,1,0.71216667
2,0,1,0.5708614
2,1,1,0.8056643
2,1,0,0.45081097
2,1,1,0.6335473
2,1,1,0.59525883
2,0,1,0.6127529
2,0,1,0.6843331
2,1,1,0.8354452
2,1,1,0.50631183
2,1,1,0.5665619
2,0,0,0.40986177
2,0,0,0.31731474
2,1,0,0.42842135
2,0,1,0.6172392
2,1,0,0.4955075
2,1,1,0.7568791
2,1,1,0.7670868
2,1,1,0.85618085
2,0,1,0.56159693
2,1,1,0.61193603
2,0,1,0.56093764
2,1,1,0.790757
2,0,1,0.58011234
2,0,0,0.45125523
2,1,1,0.78399116
2,1,1,0.72406346
2,1,1,0.7407697
2,0,1,0.65733325
2,1,1,0.6105573
2,0,1,0.5538813
2,0,1,0.71018124
2,1,1,0.6441873
2,0,1,0.76583296
2,0,1,0.5279406
2,1,1,0.88461727
2,1,1,0.8566294
2,0,0,0.42305556
2,1,1,0.89391166
2,1,1,0.69209564
2,1,1,0.7510985
2,1,0,0.391512
2,0,1,0.7366
2,0,1,0.7050581
2,0,1,0.51498437
2,0,1,0.79677474
2,1,1,0.7006417
2,1,1,0.74070764
2,0,0,0.35952288
2,1,1,0.7416649
2,1,1,0.67669386
2,0,1,0.66758037
2,1,1,0.8171789
2,1,1,0.59189785
2,0,0,0.46771485
2,0,0,0.49345022
2,0,0,0.45595592
2,1,1,0.77461284
2,0,0,0.26555625
2,0,0,0.4963781
2,0,0,0.1642772
2,0,1,0.66588813
2,1,1,0.7845571
2,0,1,0.6411771
2,1,1,0.7699539
2,1,1,0.6779763
2,1,1,0.7440543
2,1,1,0.79610395
2,0,0,0.44470438
2,1,1,0.8146203
2,1,1,0.8581201
2,0,1,0.83586556
2,1,1,0.90432954
2,1,0,0.4982527
2,0,1,0.6786483
2,0,1,0.5908973
2,1,1,0.5219325
2,1,1,0.778642
2,1,1,0.56069547
2,1,1,0.70718926
2,1,1,0.72963136
2,1,1,0.7076167
2,0,0,0.33784017
2,1,0,0.49808934
2,0,0,0.23097773
2,1,1,0.7924536
2,0,1,0.7960181
2,0,1,0.7924526
2,0,0,0.33677033
2,0,0,0.0547986
2,0,0,0.26399532
2,0,1,0.64815235
2,0,1,0.5491334
2,0,0,0.3363516
2,0,1,0.762416
2,0,1,0.6196374
2,1,1,0.6882671
2,1,1,0.5605984
2,0,1,0.6230746
2,1,1,0.5952223
2,1,1,0.6850028
2,0,0,0.15521246
2,0,1,0.7367427
2,0,0,0.4796343
2,1,1,0.66914415
2,0,1,0.53899586
2,1,1,0.6953477
2,1,1,0.7566723
2,1,1,0.5609408
2,1,0,0.44727826
2,1,0,0.35031208
2,0,0,0.4577728
2,0,1,0.74367726
2,0,1,0.7472916
2,1,1,0.73721063
2,1,1,0.5685384
2,0,0,0.2126027
2,0,1,0.6047488
2,0,0,0.42190808
2,0,0,0.4729071
2,1,1,0.60503185
2,1,1,0.5361039
2,0,1,0.72509426
2,0,1,0.63084537
2,0,1,0.7409363
2,1,0,0.4885086
2,1,1,0.8578172
2,0,1,0.8421338
2,0,0,0.40389213
2,1,1,0.5994125
2,0,0,0.410239
2,1,1,0.5930612
2,0,0,0.10612276
2,1,0,0.2187194
2,0,1,0.52473885
2,0,0,0.42229557
2,1,0,0.20723787
2,0,0,0.31179684
2,0,0,0.4070328
2,1,1,0.5598773
2,0,1,0.5179977
2,1,0,0.47203428
2,1,0,0.31728896
2,0,0,0.27837923
2,0,0,0.34094387
2,1,1,0.8221389
2,0,0,0.36040092
2,1,1,0.55405
2,0,0,0.3203849
2,1,1,0.54243165
2,0,1,0.77832127
2,0,0,0.31801268
2,1,0,0.49122107
2,1,1,0.5379188
2,0,1,0.524099
2,0,0,0.37739852
2,0,0,0.4557255
2,1,1,0.7463812
2,0,0,0.48703742
2,1,1,0.9182888
2,1,1,0.54845977
2,0,1,0.70404005
2,1,0,0.48679078
2,1,1,0.69165933
2,0,0,0.35024408
2,1,0,0.4031814
2,1,0,0.4167474
2,0,1,0.66780984
2,0,1,0.54571056
2,1,1,0.6075934
2,0,0,0.2420176
2,1,1,0.76777154
2,0,1,0.75746155
2,0,1,0.6825379
2,0,0,0.44836864
2,1,1,0.6118611
2,0,1,0.6590225
2,1,1,0.61076194
2,0,1,0.50687236
2,0,1,0.5649062
2,1,1,0.8310058
2,0,1,0.67928386
2,1,1,0.738201
2,0,0,0.25008735
2,1,1,0.77980727
2,1,1,0.73818374
2,1,1,0.57510096
2,1,1,0.8073141
2,1,1,0.7202267
2,1,1,0.8640518
2,0,1,0.73251426
2,0,0,0.459714
2,0,0,0.3067566
2,0,1,0.5617473
2,0,1,0.66297656
2,1,1,0.9187836
2,1,0,0.46315742
2,0,1,0.52160144
2,1,1,0.58131313
2,1,1,0.76030487
2,1,1,0.7018763
2,0,0,0.3924972
2,0,0,0.46539342
2,0,1,0.53893733
2,0,1,0.6102059
2,1,0,0.40140474
2,0,1,0.72820467
2,0,0,0.4340788
2,1,1,0.7318538
2,1,1,0.73354167
2,1,1,0.6453548
2,0,0,0.4008596
2,0,1,0.5185001
2,0,1,0.50299037
2,0,1,0.5343255
2,1,1,0.6868906
2,1,1,0.67736375
2,1,1,0.53909075
2,0,1,0.5922466
2,0,0,0.14446178
2,1,1,0.70571095
2,0,0,0.26546043
2,1,1,0.5800598
2,1,0,0.42130542
2,0,0,0.3130138
2,1,1,0.7191438
2,0,1,0.76777214
2,1,0,0.48889738
2,0,1,0.50361466
2,0,0,0.35965985
2,0,1,0.623726
2,0,1,0.58537716
2,0,0,0.31336322
2,1,1,0.526937
2,1,1,0.7454872
2,0,1,0.5843817
2,1,1,0.8369038
2,0,0,0.09315291
2,1,1,0.7906392
2,0,1,0.74875504
2,1,1,0.63953704
2,1,1,0.6842679
2,0,0,0.39129695
2,0,0,0.4899859
2,1,1,0.5158013
2,0,1,0.9296098
2,0,0,0.408938
2,1,1,0.5879744
2,0,0,0.3865331
2,0,1,0.6424219
2,0,1,0.7263741
2,0,0,0.45383194
2,1,1,0.76473963
2,1,1,0.63906837
2,0,1,0.5237027
2,0,0,0.43609583
2,0,0,0.27109033
2,1,1,0.7668521
2,1,0,0.45323023
2,0,1,0.5238774
2,1,1,0.6145529
2,1,1,0.8076789
2,1,1,0.62530816
2,1,1,0.63333094
2,0,0,0.46280426
2,0,0,0.4303419
2,1,0,0.42144424
2,1,0,0.37844792
2,1,0,0.3708541
2,0,1,0.6574481
2,1,1,0.58340013
2,1,1,0.5994533
2,0,1,0.79357475
2,0,1,0.63060236
2,0,0,0.34200117
2,1,0,0.4160785
2,0,0,0.47071397
2,1,1,0.83635825
2,1,1,0.52171695
2,1,1,0.7768596
2,0,1,0.5724638
2,1,1,0.8233854
2,0,0,0.4831436
2,0,0,0.2386693
2,0,1,0.62412983
2,0,1,0.56908625
2,0,0,0.39478344
2,1,0,0.42584977
2,0,0,0.4414179
2,1,0,0.22615522
2,0,1,0.8552314
2,0,1,0.76253206
2,1,1,0.6438939
2,1,1,0.8545357
2,0,0,0.46579206
2,0,0,0.3843747
2,1,1,0.5268105
2,0,1,0.67840606
2,0,0,0.22002663
2,1,1,0.7314513
2,0,0,0.24291503
2,1,1,0.7626325
2,0,1,0.58613896
2,1,1,0.8286133
2,0,1,0.6895615
2,0,0,0.20912884
2,0,0,0.14094602
2,0,1,0.69467205
2,1,1,0.8093412
2,0,0,0.2819981
2,0,0,0.43882588
2,0,0,0.45557722
2,1,1,0.64756936
2,1,1,0.71051425
2,1,1,0.79964095
2,1,1,0.8089129
2,1,1,0.839997
2,1,1,0.9223688
2,1,1,0.62319446
2,0,0,0.3954766
2,0,0,0.32970133
2,1,1,0.81563246
2,0,0,0.26205724
2,0,0,0.47812557
2,1,1,0.5154338
2,1,1,0.5535666
2,1,1,0.59458226
2,0,0,0.36581266
2,1,1,0.76080775
2,0,1,0.69061846
2,0,1,0.82228297
2,1,1,0.6394913
2,1,1,0.87797624
2,0,1,0.64542073
2,0,0,0.38504276
2,0,1,0.70510864
2,0,0,0.26453853
2,0,0,0.3064775
2,1,1,0.5807108
2,1,0,0.44661644
2,1,1,0.6402845
2,0,1,0.58730084
2,1,1,0.66261137
2,1,1,0.6590424
2,0,1,0.51937187
2,0,0,0.49514028
2,0,1,0.5421272
2,1,1,0.8882879
2,1,1,0.76193714
2,1,1,0.6455124
2,0,0,0.2152272
2,1,1,0.6334203
2,0,1,0.7563935
2,1,1,0.7760373
2,1,0,0.47284237
2,0,1,0.5869247
2,1,1,0.5547367
2,1,1,0.7866337
2,0,0,0.36781076
2,0,1,0.5128567
2,1,1,0.85351557
2,1,1,0.5872476
2,0,1,0.8230379
2,1,1,0.64606714
2,0,0,0.29964688
2,1,1,0.5303224
2,0,1,0.609155
2,0,0,0.48134091
2,1,1,0.6813648
2,1,0,0.45094195
2,1,1,0.8171523
2,0,0,0.30311805
2,0,0,0.38626346
2,0,1,0.78477114
2,1,1,0.72759014
2,1,0,0.44713786
2,0,1,0.81119114
2,1,1,0.91314495
2,1,1,0.8130566
2,1,1,0.7523314
2,1,1,0.7706196
2,1,1,0.87300587
2,0,0,0.49025434
2,1,0,0.45819387
2,0,1,0.6824628
2,1,1,0.7226598
2,0,1,0.5287624
2,1,1,0.73258364
2,1,1,0.8290579
2,0,1,0.6355111
2,1,1,0.8034493
2,0,0,0.44635645
2,1,0,0.3928812
2,0,1,0.74089456
2,0,1,0.67453706
2,0,1,0.71466744
2,0,1,0.86854374
2,0,0,0.2527768
2,0,1,0.91775364
2,1,1,0.66770667
2,0,0,0.29830095
2,0,1,0.7121941
2,1,1,0.90259707
2,1,1,0.79906225
2,0,1,0.6211486
2,1,1,0.67295456
2,1,1,0.627668
2,0,0,0.49743804
2,1,1,0.7356895
2,0,1,0.54966706
2,0,0,0.26058793
2,0,0,0.071535036
2,1,1,0.80725586
2,1,0,0.4028594
2,0,0,0.45378214
2,0,1,0.6797633
2,1,1,0.84049827
2,1,1,0.80135965
2,1,1,0.891028
2,1,0,0.4478082
2,0,0,0.25301516
2,1,1,0.51897085
2,1,1,0.70406777
2,0,1,0.5927657
2,1,1,0.7397666
2,0,0,0.32893956
2,0,1,0.660673
2,0,0,0.3563012
2,1,1,0.5091209
2,1,1,0.9270888
2,1,1,0.6124348
2,1,0,0.42478576
2,0,1,0.71495456
2,0,0,0.49983966
2,0,0,0.4127718
2,0,1,0.6725661
2,1,1,0.71992725
2,1,1,0.5409402
2,0,0,0.28699186
2,0,0,0.34979406
2,1,0,0.44684702
2,1,0,0.4065215
2,1,1,0.71269584
2,1,0,0.44122568
2,0,0,0.4544571
2,0,0,0.4400467
2,0,0,0.27066597
2,1,1,0.8504915
2,1,1,0.62566054
2,0,0,0.22667204
2,0,1,0.52155745
2,0,1,0.7560888
2,1,1,0.5693761
2,1,1,0.7306298
2,0,1,0.68751913
2,0,1,0.5979865
2,1,1,0.8420206
2,1,1,0.62596864
2,0,1,0.5718772
2,0,0,0.20858014
2,1,1,0.74081886
2,0,0,0.29872197
2,1,1,0.7040552
2,0,1,0.69764596
2,0,1,0.7148441
2,0,0,0.39624098
2,1,1,0.70261115
2,0,0,0.39163998
2,0,0,0.2624964
2,1,0,0.2134924
2,1,0,0.38526276
2,0,0,0.3158898
2,0,1,0.55307287
2,0,0,0.11521815
2,1,0,0.2761808
2,1,0,0.12927464
2,0,0,0.11823141
2,0,0,0.15553659
2,1,0,0.40551952
2,0,0,0.15881015
2,1,0,0.32942665
2,0,0,0.1829342
2,0,0,0.23082048
2,0,0,0.16959345
2,0,0,0.18087296
2,1,0,0.09969434
2,1,0,0.08597795
2,1,0,0.20150279
2,0,0,0.16600865
2,0,0,0.3398467
2,1,0,0.30524954
2,0,0,0.35290956
2,1,0,0.21281779
2,0,1,0.50310135
2,1,1,0.5633247
2,1,0,0.24837671
2,0,0,0.15504225
2,1,0,0.28570902
2,1,0,0.22624072
2,0,0,0.2070685
2,0,0,0.43302032
2,0,1,0.5131211
2,1,0,0.48237365
2,0,0,0.19326635
2,1,0,0.24130866
2,0,0,0.21901464
2,0,0,0.31781232
2,0,0,0.339231
2,0,1,0.5378474
2,0,0,0.31541413
2,0,0,0.41266966
2,0,0,0.30084324
2,1,1,0.61206967
2,0,0,0.34265527
2,0,1,0.6268741
2,0,1,0.65689754
2,0,0,0.287664
2,1,1,0.50695014
2,0,0,0.25196296
2,0,0,0.16914855
2,1,1,0.7327313
2,1,1,0.5107971
2,1,1,0.6325387
2,1,0,0.39088148
2,0,1,0.52880085
2,0,0,0.45672628
2,0,0,0.44785023
2,0,0,0.26463094
2,1,1,0.60679936
2,0,1,0.56889653
2,1,0,0.41779387
2,0,1,0.71519285
2,1,0,0.16960788
2,1,1,0.5857232
2,1,1,0.8817309
2,1,1,0.73741883
2,0,1,0.68275845
2,1,1,0.71196365
2,1,1,0.61966956
2,0,0,0.45842603
2,1,1,0.6854051
2,0,1,0.66805804
2,0,1,0.8546273
2,0,1,0.51661986
2,1,1,0.80365914
2,0,1,0.6622478
2,0,0,0.2628569
2,0,1,0.6717177
2,0,0,0.39974573
2,0,1,0.83111775
2,0,1,0.5945712
2,1,1,0.73512936
2,0,0,0.4596764
2,1,1,0.6168598
2,1,1,0.7843758
2,1,1,0.7578829
2,1,1,0.72800136
2,0,1,0.6877054
2,0,1,0.50470966
2,0,0,0.2945389
2,0,1,0.5373933
2,1,1,0.7939003
2,1,0,0.48301524
2,0,0,0.2835923
2,0,0,0.22613606
2,0,0,0.21541773
2,0,1,0.6651596
2,1,0,0.35682166
2,1,1,0.646015
2,1,1,0.5459663
2,1,1,0.56122106
2,0,1,0.73294294
2,0,1,0.5109462
2,0,0,0.35074615
2,1,1,0.56059295
2,1,1,0.78801006
2,1,0,0.44145617
2,1,1,0.87251437
2,0,1,0.5321931
2,1,1,0.67116004
2,1,1,0.54347575
2,1,1,0.6147975
2,1,1,0.5596663
2,0,0,0.42175984
2,0,1,0.543739
2,0,1,0.5779877
2,0,1,0.60397816
2,1,1,0.56510276
2,0,1,0.6347601
2,0,0,0.17504767
2,0,0,0.2276217
2,0,1,0.54226446
2,0,0,0.2899377
2,0,1,0.56789774
2,1,1,0.56783915
2,1,1,0.61579853
2,1,0,0.24074215
2,1,1,0.50585824
2,0,0,0.25802386
2,1,0,0.3683151
2,1,1,0.573079
2,0,0,0.44047704
2,1,0,0.3968876
2,1,1,0.5886235
2,0,0,0.46440047
2,0,1,0.5724245
2,1,0,0.42473152
2,0,0,0.15634136
2,0,0,0.12806454
2,1,0,0.4559161
2,0,0,0.34345028
2,0,1,0.66676533
2,0,0,0.19328956
2,0,1,0.5688139
2,0,0,0.18796583
2,0,0,0.38343146
2,1,0,0.22940734
2,1,0,0.42658696
2,0,0,0.4633074
2,0,0,0.23527835
2,0,1,0.5679608
2,1,1,0.7906424
2,1,1,0.536393
2,0,0,0.12593645
2,0,0,0.36603606
2,0,0,0.2645132
2,0,0,0.40397584
2,1,1,0.80215675
2,1,1,0.5128672
2,0,0,0.28979516
2,0,0,0.45254794
2,0,1,0.6391298
2,0,0,0.19265759
2,1,0,0.48381737
2,1,1,0.73331505
2,0,0,0.2829598
2,0,0,0.3102943
2,0,1,0.5041382
2,1,1,0.5674165
2,1,1,0.80513144
2,1,0,0.33707604
2,0,1,0.6429138
2,1,1,0.55168885
2,1,1,0.59215677
2,1,1,0.51736045
2,0,0,0.42489624
2,0,0,0.41616157
2,1,1,0.61656445
2,1,1,0.5335678
2,1,1,0.5050537
2,1,0,0.36071604
2,1,0,0.36743948
2,1,0,0.41221753
2,1,1,0.70906484
2,0,0,0.18621126
2,0,0,0.11757011
2,1,0,0.4046937
2,0,0,0.3183542
2,0,0,0.34080362
2,0,0,0.2612722
2,0,1,0.522866
2,0,1,0.6759834
2,0,0,0.4996112
2,0,0,0.28505182
2,0,1,0.5655012
2,0,1,0.5275289
2,0,0,0.43943423
2,0,0,0.15900454
2,1,0,0.4443855
2,0,0,0.30616003
2,1,1,0.8923585
2,1,1,0.696683
2,0,1,0.634001
2,1,0,0.48630476
2,0,0,0.25945964
2,0,1,0.66510147
2,0,0,0.24384096
2,1,1,0.70732486
2,0,0,0.48132873
2,1,1,0.58486503
2,0,1,0.6637332
2,0,1,0.71875846
2,0,1,0.6274311
2,1,1,0.6933584
2,1,1,0.81685317
2,1,1,0.66340303
2,1,0,0.43441942
2,0,0,0.3159427
2,0,1,0.6910232
2,1,1,0.7119449
2,0,1,0.72490686
2,0,1,0.80347383
2,1,1,0.5753813
2,1,1,0.72923523
2,0,0,0.13943769
2,1,1,0.6514775
2,0,1,0.52774274
2,1,0,0.261207
2,0,1,0.63131714
2,0,1,0.7198144
2,1,0,0.48951998
2,1,0,0.4656587
2,1,1,0.5496023
2,1,1,0.6982878
2,0,1,0.6126158
2,0,1,0.85206014
2,1,1,0.6246325
2,1,1,0.7023786
2,0,0,0.3117554
2,1,0,0.3965621
2,0,1,0.5685109
2,0,0,0.26252064
2,0,0,0.12456198
2,0,1,0.76558065
2,0,0,0.08569148
2,1,1,0.5624353
2,0,1,0.6226596
2,1,1,0.8308539
2,1,1,0.6809772
2,0,0,0.41549703
2,0,1,0.50320005
2,0,1,0.71834606
2,1,1,0.50650865
2,0,1,0.5879068
2,0,0,0.4862622
2,0,1,0.53704363
2,0,0,0.48941198
2,0,0,0.2855241
2,0,1,0.6228633
2,1,0,0.4835544
2,1,1,0.5134156
2,0,1,0.55833393
2,0,1,0.6562073
2,1,1,0.7284098
2,1,1,0.70563877
2,0,0,0.2089314
2,1,1,0.7750197
2,1,0,0.41945422
2,1,1,0.90060335
2,1,1,0.6802183
2,0,0,0.35757107
2,1,1,0.5287618
2,0,0,0.24925388
2,0,0,0.43261364
2,0,1,0.5448527
2,1,1,0.6479637
2,1,1,0.61974204
2,0,0,0.14260651
2,0,0,0.40839142
2,0,0,0.38387457
2,1,1,0.7769329
2,1,1,0.6453344
2,0,0,0.43907544
2,1,1,0.6964907
2,0,0,0.4929424
2,1,1,0.6021891
2,0,1,0.53165334
2,1,1,0.6560313
2,0,1,0.7210073
2,0,1,0.5432708
2,0,0,0.36276904
2,1,1,0.5323595
2,0,1,0.8033577
2,1,1,0.8052184
2,1,0,0.357767
2,0,0,0.43748182
2,0,0,0.28663394
2,0,0,0.48163337
2,1,1,0.80336195
2,1,1,0.6613653
2,1,0,0.49120146
2,0,0,0.07770056
2,0,1,0.58985674
2,0,1,0.5038168
2,1,0,0.41533667
2,0,0,0.22694688
2,1,1,0.94418526
2,1,1,0.76175797
2,0,1,0.61274457
2,0,1,0.66115427
2,1,1,0.6049694
2,0,1,0.59864885
2,1,1,0.585779
2,0,0,0.3820219
2,1,1,0.61653644
2,0,1,0.5490618
2,0,0,0.4688412
2,0,1,0.65579057
2,0,1,0.7155525
2,1,1,0.5222991
2,0,0,0.4714058
2,0,0,0.28134313
2,0,0,0.26009825
2,0,1,0.7437018
2,1,1,0.6770451
2,1,1,0.7229098
2,0,1,0.6348589
2,0,0,0.3766
2,0,1,0.78092754
2,0,1,0.5200622
2,0,1,0.53404415
2,0,0,0.21830297
2,0,1,0.7795333
2,1,1,0.56823534
2,0,1,0.5426536
2,1,0,0.39113107
2,1,1,0.9234256
2,0,0,0.32585555
2,0,1,0.58745265
2,1,1,0.6535352
2,1,1,0.6764578
2,1,1,0.71669257
2,0,1,0.53042156
2,0,1,0.8069982
2,1,1,0.55540526
2,1,1,0.6163362
2,0,0,0.3499914
2,1,1,0.58659726
2,0,0,0.059972268
2,1,1,0.63636637
2,1,1,0.7536231
2,0,0,0.111377425
2,1,0,0.48036003
2,0,0,0.3671663
2,1,1,0.84486526
2,1,0,0.45161712
2,0,1,0.5404517
2,0,0,0.4639703
2,1,1,0.60707515
2,0,1,0.6481054
2,0,1,0.5271818
2,0,0,0.2525252
2,0,0,0.39585862
2,0,0,0.47722292
2,0,0,0.17621732
2,1,1,0.689342
2,1,0,0.38189706
2,1,0,0.15442683
2,0,1,0.5717983
2,0,1,0.7422434
2,1,1,0.65844846
2,1,1,0.66865003
2,1,1,0.74186087
2,0,0,0.19083905
2,0,1,0.60152966
2,0,0,0.38694027
2,1,1,0.85926044
2,0,1,0.5673423
2,0,1,0.64732593
2,1,1,0.7712665
2,1,1,0.7273021
2,0,1,0.6294869
2,1,1,0.72595716
2,1,1,0.8657085
2,1,1,0.7940646
2,0,1,0.675063
2,0,0,0.3156149
2,0,1,0.6618925
2,0,0,0.39033446
2,1,1,0.6518177
2,0,1,0.67982656
2,0,0,0.4080129
2,0,1,0.53490365
2,0,1,0.56799686
2,0,1,0.72660774
2,1,0,0.46716446
2,1,1,0.8277812
2,0,0,0.34386733
2,1,1,0.6864511
2,0,0,0.3937754
2,1,1,0.68802994
2,1,1,0.6742914
2,1,1,0.834862
2,0,1,0.64754456
2,0,1,0.62255585
2,0,1,0.66908556
2,0,1,0.5662376
2,0,1,0.57158935
2,0,1,0.5972442
2,1,1,0.57559705
2,0,1,0.5096601
2,1,1,0.73800063
2,1,1,0.8142924
2,1,1,0.6356711
2,0,1,0.7561333
2,1,1,0.78995275
2,1,1,0.6521136
2,1,1,0.52340573
2,0,1,0.81096786
2,0,0,0.31474265
2,0,1,0.74103945
2,0,1,0.56655645
2,1,1,0.5967991
2,1,1,0.8515271
2,0,1,0.68033683
2,0,1,0.5102973
2,0,1,0.5738364
2,0,0,0.2469581
2,0,1,0.72651213
2,1,1,0.8493441
2,1,1,0.7770926
2,0,1,0.5589201
2,0,0,0.4100177
2,0,1,0.5930915
2,1,1,0.5886571
2,1,1,0.8551563
2,1,1,0.5779706
2,0,0,0.15749346
2,0,0,0.48274106
2,0,1,0.5509257
2,1,1,0.86836904
2,0,0,0.42005056
2,1,0,0.2525182
2,1,0,0.34886247
2,0,0,0.40780494
2,1,0,0.3451538
2,0,0,0.32663447
2,0,0,0.38040468
2,0,0,0.16465579
2,0,1,0.54273516
2,1,1,0.7361705
2,0,1,0.7957541
2,1,1,0.6940728
2,1,1,0.7314779
2,0,1,0.53817326
2,1,1,0.6111899
2,0,0,0.28395817
2,1,0,0.44867805
2,0,0,0.4022727
2,0,0,0.30945447
2,0,1,0.66357297
2,0,0,0.47487184
2,1,1,0.8579999
2,0,1,0.5851318
2,1,0,0.35340276
2,1,1,0.65568495
2,1,1,0.71862024
2,0,1,0.70178014
2,0,1,0.5583971
2,1,1,0.7697192
2,0,0,0.47854683
2,1,0,0.26557374
2,0,0,0.1485496
2,0,1,0.722683
2,0,0,0.30939957
2,0,0,0.49387446
2,1,1,0.8476869
2,0,0,0.25234032
2,1,1,0.69733083
2,1,0,0.4775749
2,0,1,0.5607099
2,1,0,0.49457335
2,0,0,0.47633457
2,1,1,0.71636623
2,1,1,0.73116577
2,1,1,0.65246403
2,0,1,0.6732268
2,1,1,0.7075218
2,1,1,0.66897714
2,0,0,0.33031484
2,1,1,0.8348598
2,0,1,0.6349356
2,1,0,0.45507884
2,1,1,0.7449667
2,1,1,0.77825326
2,0,1,0.60819215
2,0,0,0.24218829
2,0,0,0.44312224
2,1,1,0.85300344
2,0,1,0.5280304
2,0,0,0.36574683
2,0,0,0.2231021
2,1,1,0.64840996
2,0,1,0.60785836
2,1,1,0.50042015
2,0,0,0.2362803
2,0,0,0.3408645
2,1,1,0.6940343
2,1,0,0.4094349
2,1,0,0.4792092
2,0,0,0.31226245
2,1,1,0.76273465
2,0,0,0.3557453
2,1,1,0.57840645
2,0,0,0.35540572
2,1,0,0.31703204
2,0,0,0.49633768
2,1,1,0.7493391
2,1,1,0.610381
2,0,1,0.8903122
2,1,0,0.42848697
2,0,1,0.67424196
2,1,1,0.70165145
2,0,0,0.35435843
2,1,1,0.65237373
2,0,0,0.20419464
2,0,0,0.469032
2,1,1,0.639155
2,1,0,0.3687404
2,0,1,0.65186715
2,1,1,0.9224843
2,0,0,0.26236424
2,1,1,0.7501145
2,1,1,0.61963445
2,0,0,0.47400218
2,0,0,0.34171626
2,1,1,0.69984627
2,1,1,0.6427594
2,1,1,0.5579031
2,1,1,0.7176948
2,1,1,0.8370713
2,0,1,0.6930379
2,0,0,0.28196207
2,0,0,0.3821577
2,0,1,0.70937216
2,1,1,0.855608
2,0,1,0.62260646
2,1,1,0.706993
2,0,0,0.30251744
2,1,1,0.84203553
2,0,0,0.2708362
2,1,1,0.8828609
2,0,1,0.5071866
2,1,1,0.84779906
2,0,1,0.72668713
2,0,1,0.7259314
2,0,0,0.4877171
2,0,1,0.88958585
2,0,1,0.5705177
2,0,0,0.38089842
2,0,0,0.3620648
2,0,0,0.2027823
2,0,1,0.5813579
2,1,1,0.83552873
2,1,1,0.78518605
2,0,1,0.5701366
2,1,1,0.84916526
2,1,1,0.7862501
2,1,1,0.549121
2,0,1,0.575109
2,1,0,0.48243764
2,0,0,0.31509867
2,1,1,0.8123079
2,1,1,0.7639132
2,1,1,0.85945797
2,1,1,0.9055814
2,1,1,0.7180184
2,0,0,0.36576656
2,0,0,0.30547172
2,0,1,0.57930773
2,1,1,0.5550539
2,0,0,0.4701716
2,1,1,0.7201746
2,0,1,0.6385981
2,1,1,0.568974
2,0,1,0.5602336
2,1,1,0.6031239
2,1,1,0.88333803
2,0,1,0.8277085
2,0,1,0.65652645
2,0,0,0.49286386
2,0,0,0.37053016
2,1,0,0.35794747
2,0,0,0.28888822
2,1,1,0.83142716
2,0,1,0.68099505
2,1,0,0.41469276
2,1,0,0.45476627
2,0,1,0.689773
2,0,0,0.22538269
2,1,1,0.83820516
2,1,1,0.87446326
2,0,1,0.526143
2,0,1,0.7762228
2,0,1,0.57209116
2,1,1,0.6421481
2,1,1,0.5696413
2,1,1,0.77032554
2,0,1,0.67199135
2,1,1,0.6970233
2,1,0,0.26907188
2,0,0,0.15162338
2,0,1,0.6136417
2,0,1,0.654917
2,0,0,0.4459556
2,0,0,0.29902253
2,0,0,0.4415995
2,0,0,0.08568326
2,0,0,0.19294603
2,0,1,0.51716685
2,1,1,0.5798326
2,1,0,0.4845121
2,1,1,0.7200448
2,1,1,0.62455493
2,1,1,0.5457922
2,1,1,0.7534913
2,1,0,0.17810635
2,1,1,0.6500993
2,1,1,0.658533
2,1,1,0.66583776
2,0,0,0.4560863
2,0,0,0.3918725
2,0,0,0.17131844
2,0,1,0.5130048
2,0,0,0.27801695
2,0,1,0.8345078
2,0,1,0.72679
2,1,1,0.6955726
2,1,1,0.64536583
2,1,1,0.67210776
2,0,0,0.33555463
2,0,0,0.24705347
2,0,0,0.11464349
2,0,0,0.43535182
2,0,0,0.11033132
2,1,1,0.69534385
2,1,1,0.614774
2,0,1,0.5103279
2,1,1,0.7344605
2,0,1,0.72858006
2,1,0,0.20992546
2,0,0,0.26632544
2,1,1,0.57191944
2,0,0,0.47994757
2,0,1,0.62579125
2,0,0,0.15552576
2,1,1,0.5211857
2,0,1,0.5350281
2,1,1,0.5365401
2,0,1,0.72663975
2,1,1,0.69205886
2,0,1,0.75693107
2,1,1,0.78132266
2,0,0,0.36525628
2,0,1,0.6298464
2,0,1,0.7095139
2,1,1,0.8178716
2,1,1,0.5858684
2,1,0,0.22518979
2,0,1,0.60872334
2,0,0,0.32106254
2,0,0,0.23133563
2,0,0,0.120426826
2,1,1,0.7465286
2,0,0,0.3352646
2,1,0,0.35049537
2,1,1,0.8456971
2,1,1,0.839804
2,0,0,0.4623372
2,0,0,0.35732594
2,0,1,0.55450857
2,0,1,0.88567924
2,1,1,0.6530671
2,0,1,0.64569753
2,1,0,0.48309317
2,1,1,0.8209304
2,0,1,0.65339637
2,0,0,0.10724323
2,0,1,0.7644387
2,1,1,0.6065297
2,1,0,0.19364735
2,1,1,0.8858906
2,1,1,0.73418605
2,0,1,0.5728322
2,1,0,0.31200615
2,0,1,0.75032943
2,1,1,0.76364875
2,0,0,0.30906308
2,0,1,0.74768746
2,1,1,0.55892986
2,0,0,0.43348184
2,0,1,0.6444347
2,1,1,0.72088367
2,0,1,0.67180145
2,0,0,0.36410084
2,1,1,0.7166771
2,1,1,0.712254
2,1,1,0.50801593
2,1,1,0.78370595
2,1,0,0.3996307
2,0,1,0.5106198
2,0,0,0.38446996
2,1,1,0.9435963
2,1,0,0.41953993
2,1,1,0.78878486
2,1,1,0.5939827
2,0,0,0.45158148
2,1,1,0.59988403
2,0,1,0.5422072
2,0,1,0.504048
2,1,1,0.76172847
2,1,1,0.77740926
2,1,1,0.5297215
2,1,1,0.7255192
2,1,1,0.81251854
2,0,1,0.6691063
2,0,1,0.6197364
2,1,1,0.64412814
2,1,1,0.7405623
2,0,1,0.5455631
2,0,0,0.18959434
2,0,0,0.13532993
2,1,1,0.7131523
2,1,1,0.7827364
2,1,1,0.8322413
2,1,1,0.6837162
2,1,1,0.80766374
2,1,1,0.812957
2,1,1,0.6847222
2,0,0,0.4864722
2,1,1,0.7755136
2,0,1,0.61133677
2,0,0,0.23309924
2,0,1,0.51486963
2,0,0,0.49462965
2,0,0,0.43966943
2,0,1,0.6029104
2,0,0,0.16528921
2,0,1,0.8797574
2,1,1,0.58139485
2,0,0,0.30222815
2,0,0,0.43066707
2,1,0,0.30850503
2,1,1,0.61422884
2,0,0,0.27047762
2,1,1,0.70033824
2,0,0,0.3867751
2,1,1,0.8111102
2,1,0,0.44184345
2,1,1,0.8486268
2,1,0,0.49772638
2,1,1,0.5317707
2,0,0,0.44663635
2,0,1,0.67593634
2,0,1,0.6808122
2,1,1,0.6636468
2,1,1,0.64490736
2,1,1,0.5781559
2,0,1,0.60534376
2,1,0,0.4049984
2,0,0,0.27453533
2,0,1,0.56488425
2,1,1,0.5062433
2,0,0,0.3821456
2,0,0,0.33368608
2,0,1,0.77409005
2,1,0,0.46562582
2,1,0,0.48282275
2,1,1,0.84655875
2,0,1,0.810285
2,0,1,0.63802904
2,1,1,0.7503474
2,1,0,0.4819713
2,1,0,0.32635614
2,1,1,0.5977394
2,1,0,0.4205703
2,0,0,0.3793414
2,0,0,0.33376345
2,1,1,0.7532032
2,0,0,0.4145435
2,0,1,0.5642584
2,0,1,0.6781994
2,1,1,0.563007
2,0,1,0.75151277
2,1,1,0.7193097
2,1,1,0.52448493
2,1,1,0.5073665
2,0,0,0.40835303
2,0,1,0.5193742
2,0,1,0.58002853
2,1,0,0.35699898
2,1,0,0.48794356
2,1,0,0.33689445
2,0,0,0.072792836
2,0,1,0.594639
2,0,0,0.24749817
2,0,0,0.36360827
2,0,1,0.6862143
2,1,0,0.46146747
2,1,1,0.84655875
2,0,1,0.810285
2,1,1,0.88244444
2,0,0,0.49699077
2,1,1,0.8032811
2,0,0,0.3159699
2,1,1,0.6792847
2,1,1,0.73525137
2,0,0,0.3917762
2,0,0,0.4019967
2,1,1,0.60413295
2,0,1,0.6084699
2,1,1,0.8337709
2,0,1,0.77869415
2,1,1,0.6326687
2,1,1,0.5373487
2,1,1,0.6788009
2,0,1,0.5728833
2,1,1,0.5643626
2,0,1,0.5675364
2,1,1,0.8585337
2,0,0,0.45061454
2,0,1,0.70616186
2,0,1,0.6563914
2,0,1,0.77167344
2,1,1,0.84689695
2,1,1,0.9061759
2,0,0,0.389773
2,1,1,0.70997983
2,1,1,0.70957595
2,0,0,0.4056216
2,1,1,0.6517451
2,0,0,0.48343095
2,0,0,0.49993178
2,0,1,0.68891865
2,0,0,0.46927392
2,1,1,0.67213464
2,0,0,0.31007838
2,0,1,0.5319464
2,1,1,0.62281007
2,0,0,0.24920486
2,1,0,0.42262515
2,1,1,0.87122
2,1,0,0.40054163
2,0,0,0.2185544
2,0,0,0.46634975
2,1,1,0.50488317
2,0,0,0.46527392
2,0,0,0.30569062
2,1,1,0.8056223
2,1,1,0.83593464
2,0,0,0.46069124
2,0,0,0.42215005
2,0,0,0.3982048
2,0,1,0.5479603
2,1,1,0.68974644
2,1,1,0.5459775
2,1,1,0.6423857
2,0,0,0.31365395
2,1,1,0.6732916
2,0,1,0.6035101
2,1,1,0.8338663
2,1,1,0.78574616
2,0,1,0.76459754
2,0,0,0.34948668
2,1,1,0.64858735
2,0,1,0.51999587
2,0,1,0.70535374
2,0,1,0.6142091
2,1,1,0.65059704
2,0,1,0.7273141
2,1,1,0.5912898
2,0,1,0.57424045
2,1,1,0.64221835
2,0,0,0.4864157
2,0,1,0.8334055
2,1,1,0.5775435
2,1,1,0.8789107
2,0,1,0.5987303
2,1,1,0.5015763
2,1,0,0.481705
2,0,0,0.34718764
2,0,0,0.48807755
2,0,1,0.53942996
2,1,1,0.611673
2,0,0,0.41944027
2,0,0,0.25502753
2,1,0,0.41574034
2,1,1,0.594987
2,1,1,0.68844223
2,0,0,0.08273369
2,1,1,0.53460485
2,1,1,0.62831306
2,1,1,0.68685275
2,1,1,0.78131825
2,0,0,0.22044633
2,0,1,0.5323999
2,0,1,0.50837314
2,0,1,0.7310652
2,0,1,0.8483488
2,1,1,0.5259404
2,1,0,0.4943155
2,0,1,0.51483524
2,1,0,0.29439571
2,0,1,0.64664984
2,0,1,0.54359096
2,1,1,0.65824676
2,1,1,0.789168
2,0,1,0.90341175
2,0,1,0.54473495
2,1,1,0.7846592
2,0,0,0.2734123
2,0,1,0.6119146
2,1,0,0.3118409
2,0,1,0.7667783
2,0,1,0.6798523
2,1,1,0.76631683
2,1,1,0.869748
2,0,1,0.6530041
2,0,1,0.66213804
2,1,1,0.641469
2,1,1,0.83637124
2,1,0,0.23627603
2,1,1,0.8942978
2,1,1,0.86526954
2,0,1,0.5756157
2,0,0,0.3810669
2,1,1,0.70980954
2,1,0,0.36694637
2,1,1,0.6035235
2,0,1,0.50686383
2,0,1,0.5336562
2,1,0,0.45483947
2,0,1,0.7265139
2,1,1,0.8188177
2,1,1,0.7184637
2,0,0,0.2874345
2,0,1,0.6205291
2,0,1,0.5931287
2,0,1,0.805135
2,0,1,0.63302815
2,1,1,0.8640419
2,1,1,0.5977315
2,1,1,0.6342895
2,0,0,0.45754513
2,0,0,0.32192725
2,1,1,0.6374993
2,0,1,0.54761153
2,0,0,0.2417906
2,1,1,0.6873643
2,0,1,0.5992429
2,0,1,0.5545936
2,1,1,0.7751867
2,0,1,0.56193525
2,0,1,0.6178722
2,1,0,0.41857615
2,1,1,0.84486884
2,1,1,0.83132714
2,1,1,0.5385591
2,0,0,0.47039852
2,1,1,0.7571544
2,1,1,0.53356194
2,0,1,0.61659616
2,0,1,0.678918
2,0,1,0.587928
2,0,0,0.34323665
2,1,1,0.55542237
2,1,0,0.42242855
2,0,0,0.04879515
2,0,1,0.69778556
2,1,0,0.32646006
2,0,1,0.8598476
2,1,1,0.7602921
2,1,0,0.22945398
2,0,1,0.5129187
2,1,1,0.6123948
2,0,1,0.59669256
2,0,1,0.5110234
2,0,0,0.106513344
2,0,0,0.09892943
2,1,1,0.56187135
2,1,0,0.46419877
2,0,0,0.2836058
2,0,1,0.5259598
2,0,0,0.19987093
2,1,0,0.3496624
2,0,0,0.3327393
2,0,0,0.46233505
2,1,1,0.643666
2,1,0,0.42208776
2,1,1,0.72812366
2,0,0,0.33588198
2,0,1,0.5420524
2,1,1,0.81463194
2,0,0,0.3387218
2,0,0,0.42025334
2,1,1,0.6997006
2,1,1,0.6812504
2,1,1,0.67876005
2,1,1,0.55469036
2,1,1,0.6951965
2,0,1,0.71635437
2,0,0,0.48360556
2,0,1,0.53932726
2,0,1,0.5618834
2,1,1,0.72823143
2,1,1,0.7701836
2,0,0,0.4150745
2,1,0,0.4386219
2,0,1,0.5368874
2,1,1,0.5531539
2,0,0,0.45495576
2,0,0,0.30873898
2,0,0,0.26216447
2,0,1,0.616555
2,0,0,0.42258447
2,1,1,0.7578046
2,1,1,0.58874863
2,1,1,0.6484416
2,0,0,0.30005464
2,0,0,0.07597326
2,1,1,0.6086123
2,1,1,0.67219657
2,1,1,0.568377
2,0,1,0.6726218
2,1,1,0.7007494
2,1,1,0.7478995
2,1,0,0.19207762
2,0,1,0.61883366
2,0,1,0.6548392
2,1,1,0.66781974
2,0,0,0.30021775
2,0,0,0.382523
2,0,0,0.39410275
2,0,0,0.106290884
2,1,1,0.92371154
2,1,0,0.43817484
2,1,0,0.47963902
2,1,1,0.56942785
2,0,0,0.32824582
2,0,0,0.33058727
2,0,0,0.12142163
2,0,0,0.12185263
2,0,0,0.45773652
2,0,1,0.5474201
2,1,1,0.57052666
2,0,0,0.4380538
2,1,1,0.58939797
2,0,1,0.63889813
2,0,0,0.45787972
2,1,1,0.9458169
2,1,1,0.6838343
2,0,0,0.32837182
2,1,1,0.6418477
2,0,0,0.24199015
2,1,1,0.68650115
2,0,0,0.14903641
2,1,1,0.53965384
2,0,0,0.42592755
2,0,1,0.77813035
2,0,1,0.7059365
2,1,1,0.62069046
2,0,0,0.36657444
2,0,0,0.44589058
2,0,1,0.58591205
2,1,0,0.49027705
2,0,1,0.6159243
2,1,0,0.21426788
2,0,0,0.47901717
2,0,1,0.6186238
2,0,1,0.62479997
2,1,1,0.6428399
2,1,1,0.5507169
2,1,1,0.74604166
2,1,1,0.8042729
2,1,1,0.6638619
2,0,0,0.40152565
2,1,1,0.58690387
2,0,0,0.46111768
2,1,1,0.5178567
2,1,1,0.5162144
2,0,1,0.5119028
2,0,0,0.2875185
2,0,0,0.4569816
2,0,0,0.28286138
2,0,1,0.55424577
2,0,1,0.5413829
2,0,0,0.47219732
2,1,0,0.34277713
2,0,1,0.548941
2,1,1,0.5625228
2,1,1,0.8756587
2,1,0,0.38668618
2,1,1,0.7769948
2,0,0,0.3718092
2,1,1,0.5771658
2,0,0,0.4101436
2,1,1,0.780487
2,1,1,0.725427
2,1,1,0.70850813
2,0,0,0.10596527
2,0,0,0.25387076
2,0,0,0.43385857
2,1,1,0.7979576
2,0,0,0.11387816
2,1,0,0.42388076
2,0,1,0.5975028
2,1,1,0.7755036
2,1,1,0.67715317
2,1,1,0.5875849
2,0,0,0.32916862
2,1,1,0.7888547
2,1,1,0.68593097
2,0,1,0.5941818
2,1,1,0.7935186
2,0,0,0.22519165
2,1,1,0.6061952
2,0,0,0.46807584
2,0,1,0.5041434
2,1,1,0.51551384
2,1,1,0.6011366
2,0,0,0.42162347
2,0,0,0.079266824
2,0,1,0.894114
2,0,1,0.5609836
2,1,1,0.60614085
2,0,0,0.29539654
2,1,1,0.6820665
2,1,1,0.82938904
2,1,1,0.72126335
2,0,1,0.68949914
2,1,1,0.7169368
2,0,1,0.6598999
2,1,1,0.7721962
2,1,1,0.7595993
2,0,0,0.31267154
2,0,1,0.7872948
2,1,1,0.65294325
2,1,1,0.89609003
2,1,1,0.80209476
2,0,0,0.42323643
2,0,1,0.6962353
2,0,0,0.37871766
2,0,1,0.6195602
2,1,1,0.7694867
2,0,1,0.5055261
2,0,0,0.38937053
2,1,1,0.8210746
2,0,0,0.22639918
2,0,1,0.60464805
2,1,1,0.71814656
2,0,1,0.547163
2,1,1,0.67663944
2,0,1,0.6524529
2,1,1,0.6743368
2,0,0,0.41585207
2,1,0,0.42932314
2,0,0,0.2673417
2,1,1,0.6930831
2,1,1,0.76957446
2,1,0,0.33163086
2,0,0,0.40339252
2,0,1,0.5816774
2,0,1,0.75170994
2,1,0,0.23270714
2,0,1,0.6765212
2,0,1,0.5950844
2,0,1,0.6206772
2,1,1,0.84996337
2,0,1,0.6853935
2,1,1,0.6278071
2,1,1,0.68355894
2,1,0,0.46260673
2,0,0,0.4717986
2,0,1,0.56436926
2,0,1,0.53606087
2,1,1,0.83515275
2,1,1,0.59899545
2,1,1,0.6258163
2,0,1,0.5436895
2,0,1,0.6758905
2,1,1,0.7294931
2,0,1,0.6922477
2,0,1,0.80641764
2,0,1,0.67174566
2,0,0,0.31999803
2,1,1,0.6273435
2,1,1,0.61610764
2,0,1,0.6459762
2,0,1,0.65491295
2,0,1,0.5994669
2,1,1,0.82193613
2,0,1,0.54601526
2,0,1,0.60560054
2,0,1,0.5712042
2,1,0,0.48628002
2,1,1,0.6785576
2,0,0,0.3124401
2,1,1,0.8289094
2,1,1,0.8354668
2,1,1,0.5746586
2,1,1,0.6040818
2,0,0,0.27544773
2,1,1,0.57466936
2,0,0,0.35967988
2,1,1,0.66237974
2,0,1,0.5056189
2,0,1,0.6224737
2,0,1,0.61638516
2,1,1,0.8213728
2,1,0,0.47047332
2,0,0,0.42508945
2,1,1,0.71066326
2,0,1,0.55872756
2,1,1,0.6342429
2,1,0,0.42626178
2,0,1,0.501086
2,1,1,0.66448754
2,1,1,0.86833227
2,1,1,0.8115759
2,1,1,0.8320806
2,0,0,0.45133546
2,0,0,0.34919864
2,1,1,0.82991004
2,1,1,0.59148824
2,1,1,0.6265414
2,1,0,0.29909292
2,0,0,0.36858973
2,1,1,0.5960989
2,0,1,0.6853571
2,0,0,0.25063974
2,1,0,0.386145
2,0,0,0.41425183
2,0,1,0.6940357
2,1,1,0.68285507
2,0,1,0.86132526
2,0,0,0.45845243
2,1,1,0.5475628
2,1,1,0.6584211
2,1,1,0.67633414
2,0,0,0.382973
2,1,1,0.7433804
2,0,0,0.28798234
2,1,1,0.5659753
2,0,1,0.8364448
2,0,1,0.76888347
2,0,0,0.337815
2,0,0,0.40755033
2,1,1,0.6064371
2,0,0,0.46552134
2,0,0,0.10725997
2,1,1,0.7078757
2,0,1,0.6145548
2,1,1,0.5480283
2,1,1,0.7176567
2,0,1,0.60220116
2,1,1,0.8262523
2,1,1,0.67119473
2,1,1,0.7908273
2,0,1,0.7255703
2,0,1,0.6575598
2,0,1,0.57503927
2,0,0,0.2984021
2,1,1,0.75645584
2,1,1,0.5491477
2,1,1,0.94675475
2,1,1,0.7450476
2,1,1,0.726375
2,1,0,0.3986153
2,0,1,0.54699206
2,1,0,0.33538812
2,1,1,0.8018223
2,0,1,0.702451
2,0,0,0.23846437
2,0,1,0.71899015
2,0,0,0.26250434
2,0,1,0.77026176
2,0,1,0.5905787
2,0,1,0.54561234
2,1,1,0.93179995
2,1,1,0.7662884
2,1,1,0.8620255
2,0,0,0.3877308
2,0,0,0.48000535
2,0,1,0.82927537
2,1,1,0.86720514
2,1,0,0.3460848
2,0,1,0.61535764
2,1,1,0.52601165
2,1,1,0.59917206
2,0,1,0.7511829
2,0,1,0.7355934
2,0,1,0.80026376
2,0,1,0.7417346
2,1,1,0.79092056
2,0,0,0.36722925
2,0,1,0.6689118
2,1,0,0.30827194
2,1,1,0.64288247
2,0,1,0.58652174
2,1,1,0.59912807
2,0,0,0.26262823
2,1,1,0.57512015
2,1,1,0.5696043
2,0,0,0.45980978
2,1,1,0.5166077
2,0,1,0.500497
2,0,0,0.33173904
2,0,1,0.5906933
2,1,0,0.24921188
2,0,0,0.49945408
2,0,0,0.14662357
2,1,1,0.8171803
2,1,0,0.4641803
2,1,0,0.46482506
2,1,1,0.66747564
2,1,1,0.7257903
2,1,0,0.2417041
2,1,1,0.78549665
2,0,0,0.28399178
2,1,1,0.55282724
2,0,1,0.6505202
2,1,0,0.35370287
2,1,0,0.15860756
2,0,1,0.54581416
2,1,1,0.5231257
2,0,1,0.68958926
2,0,0,0.31456366
2,0,0,0.27143502
2,0,1,0.6065597
2,1,1,0.70107806
2,1,1,0.5516366
2,0,0,0.21233629
2,0,0,0.12892288
2,0,0,0.3736662
2,0,1,0.54929155
2,0,1,0.66820014
2,0,0,0.45777038
2,0,1,0.64241195
2,1,1,0.56052786
2,1,1,0.6757145
2,1,1,0.6589279
2,1,0,0.11493934
2,1,1,0.69770116
2,0,1,0.57709706
2,1,1,0.78348243
2,1,1,0.8177537
2,1,1,0.70975673
2,0,1,0.67220384
2,1,1,0.67006356
2,0,0,0.274333
2,1,1,0.7090627
2,1,0,0.2627906
2,1,1,0.6306585
2,0,0,0.44473538
2,1,1,0.5873344
2,1,0,0.4407176
2,0,0,0.16041888
2,0,0,0.2810699
2,0,1,0.74706405
2,1,1,0.67367727
2,0,1,0.6566281
2,0,0,0.25146273
2,0,0,0.23866905
2,1,0,0.34439185
2,1,1,0.8296195
2,1,1,0.5013193
2,1,1,0.5882537
2,0,0,0.2460419
2,0,1,0.62233555
2,0,1,0.51642543
2,0,0,0.044913094
2,0,0,0.33341104
2,0,0,0.28985256
2,0,0,0.38976502
2,0,1,0.7378678
2,1,1,0.51580465
2,0,1,0.5133572
2,0,1,0.53487074
2,1,1,0.80340177
2,0,0,0.4375609
2,1,1,0.5744678
2,0,0,0.21071908
2,0,0,0.3280364
2,1,1,0.5725654
2,1,0,0.27868986
2,0,0,0.14346465
2,1,1,0.817557
2,1,1,0.7991228
2,1,1,0.64404356
2,0,0,0.28395587
2,1,1,0.7090656
2,1,0,0.45164147
2,1,0,0.4155641
2,0,1,0.68407494
2,0,1,0.5049101
2,0,1,0.7157482
2,1,1,0.5236338
2,1,1,0.7863687
2,1,1,0.55267847
2,1,1,0.8288565
2,0,1,0.5805176
2,0,1,0.75317305
2,0,0,0.37374514
2,1,0,0.43590838
2,0,0,0.2882707
2,0,1,0.7025935
2,1,1,0.85545415
2,0,0,0.4506094
2,1,1,0.6969966
2,0,1,0.52061
2,0,1,0.57747597
2,1,0,0.41776815
2,0,0,0.40718958
2,1,1,0.62145203
2,1,1,0.7103852
2,1,1,0.59916985
2,0,0,0.2904421
2,0,1,0.5696045
2,0,1,0.6299902
2,0,1,0.8531319
2,1,1,0.6805138
2,0,1,0.529069
2,1,1,0.8101056
2,1,1,0.8528948
2,1,1,0.7538441
2,0,1,0.8832088
2,0,0,0.17448233
2,0,1,0.6776152
2,0,0,0.25689673
2,1,1,0.8971568
2,0,0,0.47007167
2,1,1,0.78037024
2,1,1,0.5731506
2,0,1,0.5994778
2,0,1,0.6470817
2,0,1,0.66677403
2,1,1,0.7919713
2,1,0,0.49070057
2,0,0,0.32653233
2,0,1,0.54858106
2,0,0,0.48733836
2,0,1,0.67848396
2,1,1,0.6776868
2,0,1,0.621199
2,1,1,0.69202656
2,1,1,0.8987969
2,1,1,0.73366255
2,0,1,0.5027638
2,1,1,0.6550807
2,1,1,0.7295118
2,0,0,0.2656939
2,0,1,0.51999
2,0,1,0.74849933
2,0,1,0.60563093
2,1,1,0.6735592
2,0,0,0.22035229
2,1,1,0.91035813
2,1,1,0.73981327
2,0,1,0.6719901
2,0,1,0.6369097
2,1,1,0.88245356
2,1,1,0.5195922
2,1,1,0.80550647
2,1,1,0.5152113
2,0,0,0.44684243
2,1,1,0.6137027
2,0,0,0.4916591
2,0,0,0.4716178
2,0,0,0.3548118
2,0,0,0.15524592
2,0,0,0.35631028
2,0,1,0.68598706
2,1,1,0.6246374
2,1,1,0.76289713
2,0,0,0.46992928
2,0,0,0.15017681
2,1,1,0.6889844
2,0,0,0.31556624
2,0,1,0.5693141
2,0,0,0.27850476
2,0,1,0.6956528
2,0,0,0.09277603
2,0,1,0.50081843
2,1,1,0.647226
2,1,0,0.42184404
2,1,1,0.8136548
2,1,1,0.63591254
2,0,1,0.6173375
2,0,1,0.73595953
2,0,0,0.29753715
2,1,1,0.6054715
2,0,0,0.44895956
2,1,0,0.43559662
2,0,1,0.7753869
2,0,1,0.56182814
2,1,1,0.5727554
2,0,0,0.2974972
2,1,1,0.85214853
2,0,1,0.60040206
2,0,0,0.49719742
2,0,0,0.4506169
2,1,0,0.42895553
2,0,1,0.6487908
2,1,1,0.7693917
2,0,0,0.2981684
2,1,0,0.41351223
2,1,0,0.4193313
2,0,0,0.2648094
2,1,1,0.59644186
2,1,0,0.47729173
2,0,0,0.1778581
2,1,0,0.21779971
2,0,0,0.3350981
2,1,1,0.52314174
2,0,0,0.10140398
2,0,0,0.3372967
2,0,0,0.23608005
2,1,1,0.5243933
2,1,1,0.5096391
2,1,0,0.2223413
2,0,0,0.46002463
2,0,0,0.12242166
2,1,1,0.58975685
2,0,0,0.075987846
2,1,1,0.5713144
2,0,0,0.38495103
2,1,0,0.33334863
2,0,1,0.62784874
2,0,0,0.27535293
2,1,0,0.40749922
2,0,0,0.20824368
2,1,0,0.32614824
2,0,0,0.116553515
2,0,0,0.10991004
2,0,0,0.22863542
2,0,0,0.23531409
2,0,0,0.31252444
2,1,0,0.36884382
2,1,1,0.68519545
2,0,1,0.6022511
2,0,0,0.4095814
2,0,0,0.13765074
2,0,0,0.43423632
2,0,0,0.17608297
2,1,0,0.4421771
2,1,1,0.68799144
2,1,0,0.466341
2,1,0,0.22642341
2,0,0,0.24565524
2,0,0,0.26530522
2,0,0,0.476798
2,0,0,0.28585097
2,0,1,0.53166777
2,1,0,0.45315883
2,1,0,0.42241502
2,1,1,0.5537941
2,0,1,0.67031354
2,0,1,0.54885525
2,1,1,0.9125686
2,0,1,0.68932366
2,0,0,0.38186657
2,1,0,0.37432012
2,1,0,0.3744888
2,0,0,0.45288998
2,0,0,0.12690246
2,0,0,0.043026432
2,0,0,0.22391003
2,1,0,0.49322248
2,0,1,0.5301075
2,1,0,0.29751858
2,1,1,0.560094
2,0,1,0.6519567
2,1,1,0.8218609
2,0,1,0.6837708
2,0,1,0.6416628
2,1,0,0.45732915
2,1,1,0.77137154
2,1,1,0.54328436
2,0,0,0.4459706
2,0,0,0.47757807
2,1,1,0.5800098
2,1,1,0.60320675
2,0,0,0.49339628
2,0,0,0.37542525
2,1,0,0.49165738
2,0,1,0.6717224
2,0,0,0.34295115
2,1,1,0.8257858
2,0,0,0.4503274
2,1,1,0.7545075
2,1,1,0.6798785
2,0,0,0.42174837
2,0,0,0.2504116
2,1,1,0.68935186
2,0,1,0.6380884
2,1,1,0.6006523
2,0,1,0.67239606
2,0,0,0.48233384
2,0,0,0.4908136
2,0,1,0.6172878
2,0,1,0.6399689
2,0,0,0.32406187
2,0,0,0.40979174
2,0,1,0.5556681
2,1,1,0.6295709
2,1,1,0.5136335
2,1,1,0.5929857
2,1,1,0.7110031
2,0,1,0.54378575
2,1,0,0.45084706
2,0,0,0.4682376
2,1,1,0.75295746
2,1,1,0.9168109
2,0,1,0.66126937
2,1,1,0.5567235
2,1,1,0.53657687
2,1,1,0.7355453
2,1,1,0.5643825
2,1,1,0.8744688
2,0,1,0.63262707
2,1,1,0.74753386
2,1,1,0.7721882
2,1,0,0.49849516
2,0,1,0.66707814
2,1,0,0.36512077
2,0,0,0.3991958
2,0,1,0.67764795
2,1,1,0.71336687
2,0,0,0.36590913
2,0,0,0.33604464
2,1,1,0.56636065
2,0,0,0.33928898
2,1,1,0.63231343
2,1,1,0.7890722
2,1,1,0.65377957
2,0,1,0.68349874
2,1,1,0.8312627
2,1,1,0.75343406
2,1,1,0.5425548
2,1,1,0.61639696
2,1,1,0.7156895
2,0,1,0.6634868
2,0,0,0.117312975
2,0,0,0.18149494
2,0,1,0.61934555
2,0,0,0.38775733
2,1,0,0.23514728
2,1,0,0.36448753
2,0,1,0.77580273
2,1,1,0.6106671
2,0,0,0.2805123
2,0,1,0.6387169
2,1,1,0.8809455
2,1,1,0.6601505
2,1,0,0.4503436
2,0,1,0.5626598
2,0,1,0.66497934
2,0,0,0.3471519
2,0,0,0.3755458
2,0,0,0.18993339
2,1,0,0.48678726
2,0,0,0.15392587
2,1,1,0.5850402
2,0,0,0.3020726
2,1,1,0.66489923
2,1,1,0.72011983
2,0,1,0.5281193
2,1,1,0.6881707
2,1,1,0.5826181
2,1,1,0.67835873
2,0,0,0.18837684
2,0,1,0.6733052
2,1,1,0.65390015
2,0,1,0.65335053
2,1,1,0.6540459
2,1,0,0.28942367
2,1,1,0.58640903
2,1,1,0.60044867
2,0,0,0.08959023
2,0,0,0.19077273
2,1,0,0.4947187
2,0,1,0.63258433
2,0,0,0.45844343
2,0,0,0.21683207
2,1,1,0.8508539
2,0,0,0.44403532
2,0,1,0.5604893
2,0,0,0.29406253
2,1,1,0.6894755
2,0,0,0.421977
2,1,1,0.6570135
2,1,0,0.3654406
2,0,0,0.3891401
2,0,0,0.105750166
2,1,1,0.6093061
2,1,1,0.80618525
2,0,1,0.5015111
2,0,0,0.44247872
2,1,0,0.4228573
2,0,0,0.30406275
2,0,0,0.3442323
2,1,1,0.5126689
2,0,1,0.55550283
2,1,1,0.62599415
2,0,1,0.65515983
2,1,1,0.6153179
2,1,1,0.6752814
2,1,1,0.94498336
2,1,1,0.8253354
2,1,1,0.77352506
2,1,1,0.5431209
2,0,1,0.7619634
2,1,1,0.7983396
2,0,0,0.2723096
2,0,1,0.80525774
2,1,1,0.6492165
2,1,1,0.7130268
2,1,1,0.7263793
2,0,0,0.38817576
2,0,1,0.53680927
2,0,0,0.24200842
2,1,1,0.80789626
2,0,1,0.5540756
2,1,1,0.59709996
2,0,0,0.24642727
2,1,0,0.46742734
2,1,0,0.3732017
2,0,1,0.831929
2,0,0,0.40390775
2,1,1,0.6029145
2,0,0,0.25318292
2,1,1,0.7902492
2,0,0,0.49313033
2,0,0,0.26505294
2,1,1,0.69923145
2,1,1,0.5243631
2,0,1,0.567532
2,1,1,0.7066245
2,0,1,0.6530484
2,1,1,0.5040588
2,0,0,0.3147599
2,0,0,0.2531581
2,0,0,0.40936437
2,0,0,0.2643927
2,1,1,0.54378736
2,1,1,0.8177346
2,0,1,0.67643607
2,0,1,0.6407264
2,1,1,0.83951974
2,1,1,0.69035983
2,1,1,0.64371294
2,0,0,0.40581566
2,1,1,0.67308146
2,0,1,0.7171875
2,1,0,0.15062173
2,0,0,0.45973328
2,1,1,0.6369495
2,1,1,0.5155353
2,1,1,0.85573155
2,1,0,0.4046818
2,1,0,0.36442652
2,0,0,0.21115477
2,0,1,0.5884623
2,0,1,0.66238475
2,0,1,0.73477936
2,0,0,0.44605854
2,1,1,0.50423485
2,0,1,0.68840814
2,1,1,0.5218151
2,1,1,0.51780766
2,0,1,0.5126681
2,0,0,0.37789246
2,1,1,0.5426866
2,0,0,0.3363603
2,0,1,0.6500386
2,1,1,0.77090466
2,1,1,0.6136783
2,1,1,0.5633769
2,1,1,0.64086014
2,1,1,0.66477317
2,0,1,0.6294407
2,1,1,0.6527554
2,1,0,0.22087608
2,0,1,0.57851315
2,1,1,0.5553571
2,0,0,0.35559997
2,0,0,0.2792842
2,0,1,0.5441341
2,0,1,0.6576484
2,0,0,0.076620035
2,1,1,0.5414015
2,0,0,0.2755403
2,1,1,0.70121443
2,0,0,0.4712265
2,1,1,0.891556
2,0,0,0.1562683
2,1,0,0.44175377
2,0,0,0.40068492
2,1,1,0.54773885
2,1,1,0.5311969
2,0,0,0.44111332
2,0,0,0.4827527
2,0,0,0.47295794
2,0,0,0.43208602
2,1,1,0.73109156
2,1,1,0.71638566
2,1,1,0.64943147
2,0,0,0.25135884
2,1,1,0.6008737
2,0,0,0.4803049
2,1,1,0.66383916
2,0,0,0.4105241
2,0,0,0.48943514
2,0,1,0.5508416
2,0,0,0.43107623
2,1,0,0.22856273
2,0,1,0.5831386
2,1,1,0.52176476
2,1,1,0.8389675
2,1,1,0.62182176
2,1,1,0.59161973
2,1,1,0.69417995
2,0,1,0.6811009
2,1,0,0.44292417
2,1,1,0.56014454
2,0,0,0.33088452
2,1,1,0.8164102
2,0,1,0.78080297
2,0,1,0.54691845
2,0,1,0.5055848
2,1,1,0.56172705
2,0,0,0.48679197
2,1,1,0.7697178
2,1,1,0.80092436
2,1,1,0.67096305
2,0,1,0.774761
2,1,1,0.6581342
2,0,0,0.1899273
2,1,0,0.49206585
2,0,0,0.4554885
2,1,0,0.31784934
2,0,0,0.32963657
2,0,0,0.40055332
2,1,1,0.82123345
2,0,0,0.2815169
2,0,1,0.51495063
2,1,0,0.40740544
2,1,0,0.48278052
2,0,1,0.8185254
2,0,1,0.6038462
2,1,0,0.37531942
2,1,1,0.86110055
2,1,1,0.7436319
2,0,1,0.6800064
2,1,1,0.7767589
2,0,1,0.8472189
2,1,1,0.82010514
2,0,1,0.6797026
2,0,0,0.45690244
2,0,1,0.6867487
2,1,1,0.7327294
2,0,0,0.40215477
2,1,1,0.7461159
2,1,1,0.6767734
2,0,1,0.56952184
2,0,0,0.100823216
2,1,1,0.718265
2,1,0,0.39964643
2,1,1,0.62961435
2,0,0,0.37277848
2,1,1,0.7045947
2,0,1,0.68970394
2,1,1,0.699247
2,0,0,0.41561735
2,1,1,0.7078714
2,1,1,0.63075686
2,1,1,0.61994195
2,0,1,0.5029117
2,0,1,0.5134354
2,0,1,0.52973604
2,1,1,0.7535101
2,0,0,0.35987565
2,0,0,0.41123384
2,0,0,0.4882095
2,0,1,0.5933853
2,1,1,0.76764953
2,0,0,0.3008497
2,1,1,0.51947206
2,1,1,0.76902825
2,0,0,0.3321953
2,1,1,0.6721224
2,1,1,0.8112358
2,0,1,0.5012741
2,1,0,0.3345729
2,0,0,0.4328903
2,0,0,0.38512924
2,0,1,0.5391558
2,0,0,0.37493837
2,1,0,0.16889176
2,0,0,0.35974124
2,1,1,0.6473101
2,0,0,0.3895183
2,1,1,0.7873166
2,0,1,0.68172103
2,1,1,0.6575021
2,1,1,0.50155544
2,1,1,0.7258204
2,1,0,0.30454051
2,1,1,0.61522555
2,0,1,0.6524363
2,0,1,0.5062821
2,1,1,0.7239985
2,1,0,0.47609335
2,1,1,0.71920794
2,1,1,0.7971915
2,1,1,0.75665885
2,0,1,0.88048077
2,0,0,0.1812601
2,0,1,0.7910736
2,1,1,0.65014726
2,0,1,0.6048833
2,1,1,0.6485831
2,1,1,0.8759229
2,1,1,0.69286186
2,1,1,0.7635322
2,1,0,0.46245787
2,0,0,0.31087905
2,0,1,0.6635295
2,1,1,0.80055076
2,1,1,0.6344098
2,0,1,0.6487521
2,1,1,0.6763255
2,0,1,0.5540104
2,0,1,0.6427595
2,0,0,0.49964693
2,0,0,0.26328015
2,1,1,0.78274065
2,0,0,0.4481601
2,0,0,0.3911693
2,1,1,0.6574279
2,1,0,0.32748413
2,0,0,0.28822994
2,0,0,0.4397982
2,1,0,0.33101165
2,0,1,0.5419395
2,0,0,0.47187734
2,1,1,0.8796227
2,1,1,0.76290196
2,1,1,0.7118519
2,0,0,0.4904095
2,0,1,0.67974913
2,1,1,0.84376186
2,1,1,0.84663355
2,0,1,0.5421735
2,1,1,0.71227586
2,0,0,0.20059055
2,0,1,0.5874425
2,0,1,0.71718615
2,0,1,0.6835552
2,1,1,0.8640499
2,0,0,0.4395075
2,1,1,0.74147505
2,1,1,0.82226616
2,0,0,0.34854168
2,1,1,0.6652008
2,0,1,0.60691684
2,0,0,0.46296167
2,1,1,0.61225605
2,0,1,0.63177514
2,0,0,0.115823716
2,1,1,0.83946705
2,1,1,0.5904893
2,1,1,0.6443211
2,1,1,0.6905603
2,1,0,0.44082135
2,1,1,0.5715685
2,1,0,0.4752046
2,1,1,0.62512916
2,0,1,0.5928724
2,0,1,0.6862054
2,1,1,0.6784903
2,1,1,0.5571026
2,0,1,0.7594578
2,0,1,0.690382
2,1,1,0.70042896
2,1,1,0.5095621
2,1,1,0.75414777
2,0,0,0.46928072
2,1,1,0.9155756
2,0,1,0.730215
2,1,0,0.46196425
2,0,1,0.7454295
2,1,1,0.74269694
2,0,1,0.5215851
2,1,1,0.5990162
2,0,0,0.49047473
2,0,0,0.44132844
2,0,1,0.5205473
2,1,1,0.8828965
2,0,0,0.243251
2,0,0,0.46222022
2,1,0,0.39540315
2,1,1,0.75196856
2,1,1,0.86684704
2,0,1,0.5824627
2,1,0,0.3564987
2,1,1,0.68439776
2,1,1,0.8149878
2,1,0,0.3374583
2,1,0,0.29571655
2,1,1,0.53359437
2,0,0,0.10412665
2,0,0,0.14044337
2,0,1,0.5938131
2,1,0,0.37492296
2,0,1,0.81735057
2,0,0,0.48313513
2,1,0,0.38366786
2,0,0,0.23295397
2,1,0,0.33486408
2,0,0,0.45206118
2,1,1,0.7123022
2,1,1,0.50104576
2,1,1,0.5531771
2,0,0,0.11238511
2,0,0,0.12622094
2,0,0,0.28590995
2,1,1,0.60068643
2,1,1,0.5278894
2,1,1,0.5419423
2,1,0,0.13768211
2,0,0,0.2602682
2,1,0,0.121540286
2,0,1,0.7144219
2,0,0,0.3350189
2,1,1,0.72441924
2,1,1,0.7110953
2,1,1,0.82239306
2,0,0,0.32166058
2,0,1,0.6281867
2,0,0,0.4253845
2,1,0,0.3030654
2,0,0,0.35313544
2,0,0,0.47390687
2,1,1,0.6916166
2,0,0,0.35072088
2,0,0,0.107468024
2,0,0,0.40861434
2,1,1,0.50956357
2,0,0,0.24639621
2,0,1,0.5818743
2,0,1,0.64164907
2,1,0,0.40566978
2,1,0,0.1807832
2,0,0,0.12736088
2,0,0,0.47696725
2,0,0,0.4456977
2,1,1,0.85166776
2,1,1,0.50557494
2,1,1,0.7390227
2,1,1,0.6319803
2,0,0,0.40487728
2,0,0,0.39312917
2,1,1,0.80968666
2,0,0,0.49742746
2,1,0,0.40277234
2,1,1,0.52712154
2,1,0,0.41150504
2,0,1,0.69701886
2,0,1,0.65165097
2,0,0,0.3741313
2,0,0,0.49992168
2,1,1,0.5205695
2,0,1,0.7401455
2,0,1,0.72866064
2,0,1,0.5941601
2,0,1,0.5272369
2,0,1,0.54484284
2,0,0,0.30171603
2,1,1,0.8932506
2,0,0,0.4732769
2,0,1,0.59955674
2,1,1,0.6145441
2,1,0,0.4012122
2,1,0,0.35520867
2,1,0,0.46894455
2,1,1,0.6441729
2,1,0,0.469456
2,0,0,0.47987828
2,0,1,0.5924646
2,1,0,0.4934791
2,0,1,0.57828283
2,0,1,0.574407
2,1,0,0.3646877
2,0,0,0.46545926
2,1,1,0.7170887
2,1,1,0.5199833
2,0,0,0.43773457
2,1,1,0.7775232
2,0,1,0.56228036
2,1,1,0.73138404
2,0,0,0.45244956
2,0,1,0.58045596
2,0,0,0.36149198
2,1,1,0.7974729
2,0,1,0.55231977
2,1,1,0.8137642
2,0,1,0.6313546
2,1,1,0.545045
2,1,1,0.8726392
2,1,1,0.6890548
2,1,1,0.7529881
2,0,0,0.49843118
2,0,1,0.53016746
2,1,1,0.73623854
2,0,0,0.45885265
2,1,1,0.56460285
2,0,0,0.27273872
2,0,1,0.820664
2,1,1,0.5270404
2,0,0,0.33383867
2,0,1,0.5952436
2,0,0,0.23272526
2,1,1,0.7665378
2,0,1,0.5771961
2,1,1,0.6570585
2,0,1,0.5231831
2,0,0,0.35222486
2,1,0,0.4345368
2,0,0,0.3140605
2,0,1,0.51749223
2,0,0,0.26431662
2,1,0,0.23110414
2,1,1,0.7250015
2,0,0,0.46619824
2,1,1,0.73650515
2,0,0,0.42398182
2,1,1,0.5407726
2,0,0,0.21259482
2,1,1,0.52441007
2,1,0,0.38986522
2,1,1,0.6304839
2,0,1,0.6441729
2,0,0,0.49373552
2,0,1,0.5924646
2,1,0,0.4934791
2,0,1,0.57828283
2,0,1,0.574407
2,0,0,0.3646877
2,0,0,0.46545926
2,1,1,0.7417427
2,0,0,0.43758848
2,1,1,0.70465577
2,1,1,0.724971
2,1,1,0.59802085
2,0,0,0.3215771
2,1,0,0.31438416
2,1,1,0.6702891
2,0,0,0.4187867
2,0,1,0.50027925
2,1,1,0.5896414
2,0,0,0.21079394
2,1,1,0.82308286
2,1,1,0.63071436
2,0,1,0.5316529
2,1,0,0.15840463
2,1,0,0.39508864
2,0,0,0.0849023
2,0,0,0.24162826
2,0,0,0.30427057
2,1,1,0.51934814
2,0,0,0.3006082
2,1,1,0.5945138
2,0,0,0.3092208
2,0,0,0.4889201
2,0,0,0.38022482
2,0,1,0.5784247
2,0,0,0.32848725
2,1,1,0.6435545
2,0,1,0.7938049
2,1,1,0.8472187
2,0,0,0.31783026
2,1,1,0.6493303
2,0,1,0.5152595
2,1,1,0.82571435
2,1,1,0.6550121
2,1,0,0.4543685
2,0,1,0.50555646
2,0,1,0.7662119
2,0,1,0.59969115
2,0,1,0.7360376
2,1,0,0.4250709
2,0,0,0.11547506
2,0,1,0.7782892
2,1,1,0.82308054
2,1,1,0.8181902
2,1,1,0.8905953
2,0,1,0.59457403
2,1,1,0.8810033
2,0,1,0.62744796
2,0,0,0.44481316
2,0,0,0.4217757
2,0,0,0.3875827
2,1,1,0.8959706
2,1,1,0.82602006
2,0,0,0.41886708
2,1,1,0.74431705
2,0,0,0.39531785
2,0,1,0.50422114
2,1,1,0.5467079
2,1,1,0.6820523
2,0,1,0.6720104
2,1,1,0.64652735
2,0,1,0.65299463
2,1,1,0.6747437
2,0,0,0.4944851
2,0,1,0.6106032
2,1,1,0.7021363
2,0,1,0.51251554
2,0,0,0.36463037
2,1,1,0.63351464
2,0,0,0.3613087
2,0,0,0.2801041
2,1,0,0.46566403
2,1,1,0.6651751
2,0,0,0.38655737
2,0,0,0.4996724
2,1,1,0.81923
2,0,1,0.5183299
2,1,1,0.59963894
2,0,1,0.50223184
2,0,0,0.4367554
2,1,1,0.6429685
2,0,1,0.6313181
2,1,0,0.34150112
2,1,1,0.6674375
2,1,0,0.32433876
2,0,0,0.33539227
2,1,1,0.68840134
2,0,0,0.41345817
2,0,0,0.15496229
2,0,0,0.19701341
2,0,0,0.41000754
2,0,0,0.25919303
2,1,0,0.18708628
2,0,0,0.34324536
2,0,0,0.35742217
2,0,0,0.36401823
2,1,1,0.68991524
2,1,1,0.6333853
2,0,0,0.13234568
2,0,0,0.43840027
2,0,0,0.19756134
2,0,0,0.16622318
2,1,1,0.51335293
2,0,0,0.30387476
2,0,1,0.51300955
2,0,0,0.18091229
2,1,0,0.33604723
2,0,0,0.37676147
2,1,0,0.19466166
2,0,0,0.1533028
2,0,0,0.4406576
2,1,1,0.6809733
2,0,0,0.4380009
2,1,1,0.70257634
2,1,1,0.86237663
2,1,1,0.545234
2,1,1,0.5016503
2,1,1,0.65935177
2,0,1,0.7909887
2,0,0,0.28891858
2,1,0,0.2554428
2,0,0,0.40935633
2,0,0,0.25270057
2,0,0,0.17927761
2,1,0,0.35664728
2,1,0,0.49021032
2,0,1,0.62857115
2,1,0,0.45274568
2,1,1,0.6259772
2,1,1,0.8546041
2,1,1,0.5667566
2,0,1,0.81652987
2,0,0,0.44099244
2,1,1,0.65237665
2,0,0,0.4809894
2,1,1,0.56463253
2,0,1,0.5135611
2,0,1,0.6687254
2,1,1,0.7110694
2,0,1,0.55408335
2,0,1,0.5240446
2,0,0,0.14731014
2,1,0,0.44744626
2,1,1,0.67819536
2,1,0,0.4813
2,1,1,0.76857406
2,1,0,0.24954148
2,1,0,0.39664483
2,0,0,0.16330662
2,0,0,0.44889095
2,0,0,0.17040218
2,0,1,0.85291946
2,0,1,0.5433857
2,0,1,0.7050968
2,0,1,0.5418377
2,1,1,0.66657025
2,0,0,0.4466881
2,1,1,0.51011723
2,1,0,0.33734632
2,1,0,0.40155086
2,0,1,0.67093605
2,1,1,0.7662013
2,1,1,0.6133664
2,0,0,0.36804184
2,0,1,0.6890785
2,1,1,0.7345375
2,0,1,0.7404688
2,1,0,0.2733887
2,0,0,0.15985517
2,0,1,0.5392918
2,0,0,0.49344894
2,0,0,0.1631288
2,1,1,0.63656855
2,0,1,0.5720564
2,1,1,0.5813928
2,1,1,0.69018894
2,0,1,0.66359687
2,1,1,0.63882095
2,1,1,0.55930823
2,0,0,0.49168348
2,0,0,0.45629898
2,0,1,0.66896015
2,1,1,0.843451
2,1,1,0.7132394
2,1,1,0.59417355
2,1,1,0.56931955
2,0,1,0.5057804
2,0,1,0.66660297
2,1,0,0.3216817
2,0,1,0.6744884
2,1,1,0.61042476
2,0,1,0.72476447
2,0,0,0.40043905
2,1,1,0.7751626
2,0,0,0.30886954
2,1,1,0.54896104
2,0,0,0.3771655
2,0,0,0.25040898
2,0,0,0.415403
2,1,1,0.7502309
2,0,0,0.14745478
2,1,0,0.45927376
2,1,1,0.6748867
2,1,1,0.70674926
2,1,1,0.67518467
2,0,0,0.132107
2,0,0,0.06461093
2,0,0,0.1369262
2,1,0,0.42723784
2,0,0,0.09690812
2,1,1,0.892997
2,1,1,0.71297425
2,0,0,0.34311104
2,0,0,0.47915772
2,0,0,0.25588113
2,1,0,0.31391564
2,1,1,0.66300946
2,0,0,0.36823803
2,0,0,0.45356286
2,1,1,0.6292652
2,0,0,0.46936682
2,1,1,0.5836855
2,0,1,0.67631775
2,1,1,0.92986214
2,0,1,0.67086166
2,0,1,0.71239394
2,1,1,0.6590041
2,0,1,0.52301407
2,0,0,0.42726037
2,1,1,0.7170837
2,1,0,0.47880703
2,1,1,0.8726022
2,0,0,0.34489113
2,1,1,0.63074875
2,0,1,0.66466135
2,0,1,0.6205225
2,1,1,0.5438959
2,0,1,0.6793087
2,1,1,0.7030355
2,0,0,0.43911603
2,0,1,0.504924
2,0,1,0.89232326
2,1,0,0.44318557
2,0,0,0.36459982
2,1,0,0.46374577
2,0,0,0.37278214
2,0,0,0.21564226
2,0,0,0.32552552
2,1,1,0.65636253
2,0,1,0.5090424
2,1,1,0.56667256
2,1,0,0.33498675
2,1,1,0.8407826
2,0,1,0.6384893
2,1,1,0.7452686
2,0,0,0.35370567
2,1,0,0.40125468
2,1,1,0.522409
2,1,0,0.39475292
2,0,0,0.42198816
2,0,1,0.7416153
2,1,1,0.65301275
2,0,1,0.644301
2,0,1,0.6120081
2,0,0,0.47785735
2,0,0,0.2440556
2,1,1,0.85166776
2,1,1,0.50557494
2,1,1,0.7390227
2,1,1,0.6319803
2,0,0,0.40487728
2,0,0,0.39312917
2,1,1,0.80968666
2,0,0,0.49742746
2,1,0,0.40277234
2,1,1,0.52712154
2,1,0,0.41150504
2,0,1,0.5982918
2,0,1,0.5060814
2,0,0,0.20823011
2,0,0,0.3741313
2,0,0,0.49992168
2,1,1,0.5205695
2,0,1,0.7401455
2,0,1,0.72866064
2,0,1,0.5941601
2,0,1,0.5272369
2,1,1,0.54484284
2,0,0,0.30171603
2,1,1,0.6761148
2,0,0,0.35899016
2,1,1,0.7742546
2,0,1,0.5661356
2,0,1,0.5303828
2,0,1,0.56496894
2,0,0,0.27077904
2,1,1,0.67484653
2,0,0,0.49060124
2,1,1,0.51464355
2,1,0,0.44487405
2,1,1,0.551841
2,1,1,0.6656836
2,0,0,0.21050856
2,1,1,0.7069616
2,1,1,0.618915
2,1,1,0.8482114
2,0,0,0.29774335
2,1,1,0.8911435
2,0,0,0.3719115
2,1,1,0.5486964
2,0,0,0.38317648
2,0,1,0.8341322
2,0,1,0.6052837
2,1,1,0.561505
2,1,1,0.71600777
2,0,0,0.31042132
2,1,1,0.767748
2,0,1,0.5800835
2,1,1,0.7088611
2,1,1,0.7224737
2,0,0,0.3245058
2,0,1,0.7072905
2,1,1,0.6500955
2,1,1,0.59889114
2,1,1,0.5777513
2,0,1,0.68091697
2,0,0,0.47131172
2,0,0,0.44013277
2,1,1,0.68478394
2,0,1,0.60683167
2,1,1,0.6721224
2,1,1,0.8112358
2,0,1,0.5012741
2,1,0,0.3345729
2,0,0,0.4328903
2,0,0,0.38512924
2,0,1,0.5391558
2,0,0,0.37493837
2,1,0,0.16889176
2,0,0,0.35974124
2,1,1,0.6473101
2,0,0,0.3895183
2,1,1,0.6734715
2,1,0,0.44441408
2,0,0,0.37049934
2,1,0,0.2732415
2,0,0,0.45672664
2,1,0,0.45848355
2,0,0,0.38500494
2,0,0,0.10338939
2,0,0,0.494692
2,1,1,0.5098361
2,1,1,0.7200971
2,1,1,0.53252286
2,1,1,0.71715623
2,1,1,0.7351872
2,0,0,0.3579126
2,0,0,0.09651835
2,1,1,0.88954777
2,0,0,0.12217487
2,0,0,0.2190509
2,0,0,0.47672224
2,0,0,0.36721057
2,0,0,0.47319302
2,0,1,0.5493777
2,1,1,0.5788077
2,0,1,0.60427016
2,0,0,0.42834595
2,1,1,0.8298578
2,1,0,0.13264343
2,0,1,0.689337
2,1,1,0.77793217
2,0,1,0.56929445
2,1,1,0.6875458
2,1,0,0.47269976
2,0,0,0.4580235
2,0,0,0.17887126
2,1,0,0.28284407
2,0,0,0.33255178
2,0,0,0.37709808
2,0,0,0.4292735
2,1,0,0.29143327
2,0,0,0.451968
2,0,0,0.22603202
2,0,0,0.37426582
2,0,0,0.3678341
2,1,1,0.6817779
2,0,0,0.10111273
2,1,0,0.41969043
2,0,1,0.5284471
2,1,1,0.91045564
2,0,1,0.75618094
2,0,0,0.20260093
2,1,1,0.6159783
2,1,0,0.43129143
2,1,0,0.38451517
2,0,1,0.7363136
2,0,1,0.6849182
2,0,1,0.57877207
2,1,1,0.575532
2,1,1,0.7262513
2,0,1,0.6134517
2,1,1,0.8413175
2,1,1,0.57179254
2,0,0,0.3921663
2,1,1,0.5330653
2,0,0,0.10732277
2,0,0,0.45806584
2,0,0,0.33087915
2,1,1,0.8192432
2,0,0,0.33698785
2,0,0,0.2845663
2,1,1,0.7832438
2,1,1,0.70152134
2,1,1,0.59146243
2,0,1,0.56106126
2,0,1,0.521452
2,0,0,0.26836398
2,0,0,0.14198838
2,1,1,0.83939725
2,1,1,0.70708394
2,0,1,0.65375197
2,0,0,0.44425842
2,1,0,0.49821883
2,0,1,0.5122102
2,0,0,0.42347735
2,0,0,0.18052825
2,0,1,0.574837
2,1,1,0.6131547
2,1,1,0.60705036
2,0,1,0.8409133
2,0,1,0.5309231
2,0,1,0.56627065
2,0,1,0.6158007
2,1,0,0.31163523
2,1,0,0.4928618
2,1,1,0.595984
2,1,1,0.63333905
2,1,1,0.78663874
2,1,1,0.6967061
2,1,0,0.20304415
2,1,1,0.7380864
2,1,0,0.17783186
2,1,0,0.2819984
2,1,0,0.09848978
2,0,0,0.20111735
2,1,1,0.6770068
2,0,1,0.70373464
2,0,1,0.56627065
2,0,0,0.31163523
2,0,0,0.4928618
2,0,1,0.6747056
2,0,1,0.73417014
2,0,0,0.17634246
2,0,0,0.47673252
2,0,0,0.29022273
2,0,0,0.39253622
2,0,1,0.7900502
2,1,0,0.38898414
2,1,1,0.7254677
2,1,1,0.6035833
2,0,1,0.76998264
2,0,0,0.39755565
2,0,0,0.17544599
2,0,1,0.5879819
2,1,1,0.6628517
2,1,1,0.73096806
2,1,1,0.728582
2,1,1,0.74570054
2,1,1,0.5600089
2,1,1,0.7275079
2,0,1,0.52163166
2,1,1,0.70896167
2,0,0,0.15737027
2,0,1,0.5284476
2,1,1,0.7380864
2,0,0,0.17783186
2,0,0,0.2819984
2,0,0,0.09848978
2,0,0,0.20111735
2,1,1,0.6770068
2,1,1,0.78675723
2,1,1,0.7781328
2,0,1,0.62859845
2,0,0,0.21441746
2,0,1,0.6095592
2,0,1,0.5767028
2,1,1,0.80014676
2,0,0,0.3963238
2,0,0,0.462642
2,0,1,0.52663934
2,0,1,0.76079375
2,0,1,0.7817638
2,0,1,0.65493256
2,0,0,0.21509573
2,0,0,0.15765078
2,1,0,0.4480754
2,0,0,0.13432594
2,1,1,0.5394955
2,0,1,0.56835353
2,0,0,0.22882035
2,1,0,0.4172342
2,0,0,0.38170853
2,0,0,0.43912694
2,0,0,0.17692196
2,0,0,0.32898313
2,0,0,0.10094489
2,0,0,0.30255008
2,1,0,0.42985243
2,0,0,0.117654175
2,0,0,0.41157803
2,1,1,0.52523416
2,0,1,0.5707369
2,0,1,0.59852195
2,0,0,0.25225168
2,0,0,0.32991245
2,0,1,0.56043506
2,1,0,0.25995886
2,0,0,0.10263576
2,0,0,0.452068
2,1,0,0.21522823
2,1,1,0.57438385
2,1,1,0.52399117
2,0,0,0.13181153
2,0,0,0.27609983
2,1,1,0.6183034
2,0,0,0.40041596
2,1,1,0.7518576
2,1,0,0.25853238
2,0,0,0.10078935
2,1,1,0.5354414
2,1,1,0.70760036
2,1,1,0.67020816
2,1,1,0.6909008
2,0,0,0.30257282
2,1,0,0.4415989
2,0,0,0.12236042
2,1,1,0.61096203
2,0,1,0.7787244
2,1,0,0.35281184
2,1,0,0.1434243
2,0,0,0.42650416
2,0,1,0.5753622
2,0,0,0.31372005
2,0,0,0.1776406
2,0,0,0.4926125
2,0,1,0.51031786
2,0,1,0.60279435
2,0,0,0.39563745
2,0,0,0.19635141
2,0,0,0.099215426
2,0,1,0.55109525
2,0,0,0.30311906
2,1,0,0.19440974
2,1,1,0.71206963
2,0,0,0.30738458
2,1,0,0.33519304
2,0,0,0.28448662
2,0,0,0.4983975
2,0,0,0.3831326
2,1,1,0.50369483
2,0,1,0.5029855
2,1,1,0.64594126
2,0,0,0.18019778
2,0,0,0.37696403
2,0,0,0.20220564
2,1,1,0.6077625
2,0,0,0.3476767
2,0,0,0.31886324
2,0,0,0.12756813
2,0,0,0.4119279
2,1,1,0.55155265
2,0,0,0.11917294
2,1,0,0.24581486
2,0,1,0.58207256
2,0,0,0.46082622
2,0,1,0.5020747
2,0,0,0.26653004
2,0,0,0.13098964
2,0,0,0.20162275
2,0,0,0.08926936
2,1,0,0.40992188
2,1,1,0.6147113
2,0,0,0.13060994
2,1,1,0.5093169
2,1,1,0.6709342
2,1,0,0.34480447
2,0,0,0.18704225
2,1,1,0.58061445
2,0,1,0.5412803
2,0,0,0.11002238
2,1,0,0.37776062
2,0,0,0.11751941
2,1,1,0.5524844
2,0,0,0.24098353
2,0,0,0.19229409
2,0,0,0.120048665
2,0,0,0.29201564
2,0,0,0.4199355
2,0,0,0.07946378
2,0,0,0.17611486
2,1,1,0.5959193
2,1,0,0.35789862
2,0,0,0.3871978
2,0,0,0.076195404
2,1,1,0.61768514
2,0,0,0.33828822
2,1,1,0.67840695
2,1,0,0.46413606
2,1,1,0.67558557
2,0,0,0.43697375
2,1,1,0.6012325
2,0,0,0.10970307
2,1,0,0.45274898
2,1,0,0.4031969
2,1,0,0.49293783
2,1,1,0.7204209
2,0,0,0.1259254
2,1,0,0.37897837
2,0,1,0.55936474
2,0,0,0.34430787
2,0,0,0.37624356
2,1,0,0.3345031
2,1,0,0.44613728
2,0,0,0.13146047
2,0,0,0.13147083
2,0,0,0.102790415
2,0,0,0.24438795
2,1,1,0.626411
2,0,1,0.5554478
2,1,0,0.4424448
2,0,0,0.4239098
2,0,1,0.7615528
2,0,0,0.17995958
2,0,0,0.36730874
2,0,0,0.46661285
2,1,1,0.6515201
2,1,0,0.40235403
2,1,1,0.56480676
2,1,0,0.4760298
2,0,0,0.19680905
2,0,0,0.22001983
2,1,0,0.4985758
2,0,0,0.12127921
2,0,0,0.12530054
2,1,1,0.5227581
2,0,0,0.2760687
2,0,0,0.29363832
2,0,0,0.11468172
2,0,0,0.076705016
2,0,0,0.44299328
2,1,0,0.4543646
2,1,1,0.5046163
2,1,1,0.6772954
2,1,0,0.4480754
2,0,0,0.14841513
2,0,0,0.117292866
2,0,0,0.2986282
2,1,1,0.692157
2,0,0,0.16534074
2,1,0,0.15550026
2,0,1,0.6916158
2,0,0,0.20284118
2,0,0,0.16786437
2,1,0,0.27252892
2,1,0,0.45647794
2,0,0,0.29709637
2,0,1,0.55664676
2,1,0,0.3362067
2,1,1,0.64996433
2,0,1,0.53163445
2,0,1,0.7722758
2,0,0,0.23980367
2,0,0,0.13867566
2,0,0,0.19461887
2,1,1,0.53478754
2,0,0,0.123101525
2,1,0,0.3101516
2,0,0,0.33364746
2,0,0,0.16833143
2,1,0,0.14075564
2,0,0,0.4497796
2,0,0,0.3361535
2,0,0,0.20258558
2,0,0,0.43531233
2,0,0,0.2872501
2,0,0,0.2041555
2,1,1,0.5395007
2,0,0,0.4382424
2,0,0,0.37346944
2,1,1,0.6599771
2,1,1,0.53134024
2,0,0,0.3545643
2,1,1,0.75410956
2,0,0,0.13577065
2,0,0,0.43281096
2,0,0,0.20398664
2,0,0,0.129738
2,1,1,0.6260162
2,0,0,0.31055745
2,1,1,0.80894536
2,0,0,0.2930623
2,1,1,0.75440544
2,0,0,0.12924773
2,0,0,0.39860147
2,0,0,0.22853968
2,1,1,0.57222176
2,1,1,0.62330765
2,0,0,0.4507594
2,0,1,0.50679773
2,0,0,0.4645789
2,0,1,0.58265436
2,1,1,0.5767251
2,1,0,0.3371673
2,0,0,0.15680006
2,0,0,0.29410896
2,1,0,0.16500677
2,1,1,0.80067
2,1,0,0.3149096
2,1,0,0.23330241
2,1,1,0.6688697
2,1,1,0.6266953
2,1,0,0.43969902
2,0,0,0.16768067
2,1,0,0.4872633
2,1,0,0.23271939
2,1,1,0.77288324
2,0,0,0.14335047
2,0,1,0.5303126
2,0,0,0.20064588
2,1,0,0.24821316
2,0,0,0.39278322
2,1,1,0.5747582
2,0,0,0.48664185
2,0,0,0.3367914
2,0,1,0.77808625
2,0,1,0.6355926
2,0,1,0.7637124
2,0,0,0.28374603
2,1,0,0.45808303
2,0,1,0.54823184
2,1,1,0.60723037
2,1,1,0.78900003
2,0,1,0.5831794
2,0,0,0.14452466
2,0,0,0.2866845
2,1,1,0.60646826
2,0,1,0.7279367
2,1,1,0.75879294
2,0,1,0.50424623
2,0,0,0.4050183
2,1,0,0.35770053
2,0,0,0.475686
2,0,0,0.3946935
2,0,0,0.41994247
2,1,1,0.74986255
2,1,1,0.52030975
2,0,0,0.36678994
2,1,0,0.3342288
2,0,0,0.2853908
2,0,1,0.5513816
2,0,0,0.1294598
2,0,0,0.16264717
2,0,0,0.29385093
2,1,0,0.27012393
2,0,1,0.7289657
2,1,1,0.5116452
2,0,1,0.7424761
2,1,1,0.7882084
2,1,1,0.72948515
2,0,0,0.24848826
2,0,0,0.27556172
2,0,0,0.17188722
2,0,0,0.35447937
2,0,0,0.08338786
2,0,0,0.19363952
2,0,1,0.57182354
2,0,0,0.27674714
2,0,1,0.708126
2,0,0,0.43580475
2,1,0,0.3160991
2,1,0,0.35188398
2,0,1,0.5930275
2,0,0,0.11063894
2,1,1,0.6963476
2,1,0,0.26124424
2,0,0,0.22761211
2,0,0,0.25239995
2,1,1,0.60739076
2,0,0,0.39375466
2,1,1,0.5983666
2,1,1,0.5058755
2,0,0,0.104686774
2,1,0,0.4236614
2,1,1,0.74928814
2,1,1,0.6022935
2,1,1,0.7285643
2,0,1,0.5771633
2,1,1,0.66421354
2,1,0,0.43479866
2,1,1,0.58458155
2,1,0,0.462729
2,1,0,0.45072958
2,0,0,0.25702518
2,0,1,0.62389374
2,1,1,0.7293696
2,0,0,0.19405898
2,1,1,0.6033393
2,0,0,0.3863237
2,0,0,0.2687917
2,1,0,0.49762458
2,1,1,0.51841086
2,1,0,0.28938195
2,0,0,0.41275647
2,1,1,0.7027755
2,0,0,0.26805484
2,1,1,0.6603318
2,0,0,0.3472221
2,0,0,0.47165683
2,1,1,0.6978585
2,1,1,0.6155964
2,1,0,0.47068775
2,0,0,0.17067185
2,0,1,0.6147713
2,0,0,0.46621442
2,1,1,0.8321939
2,0,1,0.6192298
2,0,1,0.552752
2,0,0,0.23460063
2,0,0,0.12531579
2,1,1,0.6360983
2,0,0,0.11960684
2,1,0,0.32475036
2,0,0,0.49721855
2,0,1,0.67154014
2,1,1,0.75781804
2,1,1,0.64649594
2,0,0,0.24500589
2,1,0,0.39388224
2,0,1,0.5482349
2,0,0,0.4727258
2,0,0,0.13778087
2,1,1,0.5050117
2,1,0,0.41899747
2,0,0,0.12101916
2,0,0,0.19034413
2,1,0,0.3006643
2,0,0,0.3773004
2,1,1,0.71106195
2,0,0,0.23626857
2,1,1,0.66493106
2,0,1,0.5682282
2,1,0,0.2915414
2,0,0,0.13639805
2,0,0,0.1819079
2,0,0,0.34262776
2,1,0,0.36576578
2,1,1,0.8464102
2,1,1,0.6190671
2,0,0,0.10672175
2,0,0,0.4500058
2,1,1,0.6918471
2,0,0,0.12745878
2,0,1,0.7228509
2,1,1,0.5672004
2,0,0,0.26343852
2,1,1,0.8727462
2,0,0,0.47319478
2,0,1,0.7029357
2,1,1,0.50788915
2,0,1,0.7117268
2,0,1,0.70126384
2,0,0,0.34747586
2,1,1,0.80382836
2,1,1,0.74650776
2,0,1,0.58943564
2,0,1,0.6343256
2,1,1,0.83185625
2,1,1,0.6372634
2,1,1,0.7679469
2,1,1,0.709057
2,1,1,0.6437066
2,1,1,0.81633264
2,0,1,0.5827724
2,1,1,0.5593934
2,1,1,0.86415267
2,1,1,0.7798065
2,0,1,0.63074386
2,0,1,0.68352
2,0,0,0.43588474
2,0,1,0.55772537
2,0,1,0.6875151
2,1,1,0.70647335
2,0,0,0.4597209
2,0,1,0.5546043
2,0,1,0.6358314
2,1,1,0.68011856
2,1,1,0.57073474
2,0,1,0.5829172
2,0,0,0.42735627
2,0,1,0.8458073
2,1,0,0.44082135
2,0,1,0.64311004
2,1,1,0.7233327
2,0,0,0.40845317
2,1,1,0.83633626
2,1,1,0.73833054
2,0,0,0.23229127
2,1,1,0.7041006
2,0,0,0.26242924
2,0,0,0.12959732
2,0,1,0.71360683
2,1,1,0.637335
2,0,1,0.73938054
2,1,1,0.74853665
2,0,1,0.5031277
2,1,1,0.68799144
2,1,0,0.466341
2,1,0,0.22642341
2,0,0,0.24565524
2,0,0,0.26530522
2,0,0,0.476798
2,0,0,0.28585097
2,0,1,0.53166777
2,1,0,0.45315883
2,1,0,0.42241502
2,1,1,0.5537941
2,0,1,0.67031354
2,0,1,0.54885525
2,1,1,0.7234802
2,1,1,0.63821816
2,1,0,0.47774142
2,0,0,0.27703196
2,0,0,0.30172148
2,1,1,0.6704155
2,1,1,0.74354184
2,1,1,0.5379736
2,1,1,0.57434565
2,0,1,0.5806996
2,0,1,0.57465506
2,0,1,0.5250801
2,0,0,0.4891822
2,0,1,0.5176954
2,1,1,0.70141965
2,0,1,0.50534195
2,0,1,0.62982595
2,0,0,0.23611332
2,1,1,0.7731659
2,0,1,0.579526
2,0,1,0.5397048
2,0,0,0.25054547
2,0,0,0.13395457
2,0,0,0.36625186
2,1,1,0.50989467
2,0,0,0.3112627
2,1,0,0.30646357
2,1,1,0.566335
2,0,0,0.16439028
2,1,0,0.117816836
2,1,1,0.6418948
2,1,0,0.3641449
2,1,1,0.51170945
2,0,0,0.1500983
2,1,0,0.40043205
2,1,1,0.50720775
2,1,0,0.18112475
2,0,0,0.30366734
2,0,0,0.2550817
2,1,1,0.7913359
2,0,1,0.61332357
2,0,1,0.53248
2,1,0,0.4675591
2,0,0,0.28256676
2,1,0,0.1949402
2,0,1,0.5185571
2,0,0,0.20262648
2,0,0,0.3058013
2,0,0,0.33548206
2,1,0,0.12255316
2,0,0,0.411463
2,0,0,0.41916692
2,1,1,0.60184896
2,1,1,0.5713551
2,0,0,0.393539
2,0,0,0.2885793
2,0,0,0.23760489
2,1,1,0.5654915
2,1,0,0.46513316
2,1,1,0.5633664
2,0,0,0.08901157
2,0,0,0.22599399
2,0,0,0.12310462
2,0,1,0.89376104
2,0,1,0.7456142
2,1,1,0.61628103
2,1,0,0.40727285
2,1,1,0.8973391
2,0,1,0.5508577
2,1,1,0.58556694
2,0,0,0.12508065
2,1,0,0.49905002
2,0,1,0.64187473
2,0,1,0.66392493
2,0,0,0.47666597
2,1,1,0.8307109
2,0,0,0.49665338
2,1,1,0.703331
2,1,0,0.49302194
2,1,1,0.5700423
2,0,0,0.33046386
2,0,1,0.6622525
2,1,1,0.78442705
2,1,1,0.7588955
2,0,0,0.403842
2,1,1,0.8231625
2,0,0,0.4741345
2,0,1,0.5484155
2,1,0,0.48837054
2,1,1,0.5369544
2,1,1,0.6862333
2,1,1,0.6908177
2,0,1,0.5424036
2,0,1,0.53795576
2,0,1,0.7342737
2,1,1,0.7278803
2,0,0,0.43764237
2,0,0,0.41895497
2,0,0,0.3588025
2,1,1,0.8450906
2,1,1,0.5072692
2,1,1,0.72780263
2,0,0,0.32544744
2,0,1,0.6820376
2,0,0,0.12880763
2,1,1,0.6649103
2,1,1,0.5239482
2,0,0,0.16965115
2,1,1,0.7522438
2,0,1,0.5571181
2,1,1,0.7193382
2,0,0,0.35481936
2,0,0,0.28789547
2,1,0,0.48814476
2,0,1,0.6390222
2,0,1,0.5241985
2,1,1,0.7852135
2,1,1,0.64739496
2,1,1,0.72545433
2,0,0,0.4750139
2,0,1,0.58444303
2,1,1,0.6282164
2,0,0,0.4791821
2,0,1,0.74593955
2,1,1,0.87958956
2,0,1,0.6853297
2,1,1,0.7152834
2,1,1,0.6244097
2,0,1,0.75228965
2,0,0,0.124995194
2,0,1,0.57392246
2,1,0,0.47312835
2,0,1,0.6687233
2,0,1,0.76818347
2,1,1,0.7235026
2,0,1,0.6263743
2,0,0,0.37071204
2,1,0,0.38337672
2,1,1,0.5685047
2,0,0,0.30146322
2,1,1,0.52233243
2,1,1,0.577943
2,0,0,0.42749137
2,1,1,0.52964944
2,1,1,0.6486527
2,1,0,0.47586122
2,1,1,0.7700475
2,1,1,0.545719
2,0,1,0.50517946
2,1,0,0.34893647
2,0,0,0.22373195
2,0,0,0.13932464
2,0,0,0.1719906
2,1,0,0.47927794
2,1,0,0.32028413
2,1,1,0.63678956
2,0,0,0.4596972
2,0,1,0.73391545
2,1,1,0.774075
2,0,0,0.4823282
2,1,1,0.5941298
2,0,0,0.07437218
2,0,0,0.10301474
2,1,0,0.4805832
2,0,1,0.51001334
2,0,1,0.6645566
2,1,1,0.7536826
2,0,0,0.12771384
2,0,0,0.44196483
2,1,0,0.31619877
2,1,0,0.36956018
2,1,1,0.6053865
2,0,0,0.37749472
2,1,1,0.5423482
2,0,0,0.3703118
2,0,0,0.37258416
2,1,1,0.6680177
2,0,0,0.16880155
2,0,0,0.46768668
2,1,1,0.5337495
2,1,1,0.5700844
2,0,0,0.47938445
2,0,0,0.42552775
2,0,0,0.45810243
2,0,0,0.3396646
2,0,1,0.56648475
2,0,1,0.6038001
2,0,1,0.7520945
2,1,0,0.48727894
2,1,1,0.6616368
2,1,1,0.54079455
2,0,0,0.2581901
2,1,1,0.7485055
2,1,1,0.5083764
2,0,0,0.34851
2,1,0,0.43866834
2,1,0,0.41770667
2,1,0,0.28467393
2,0,0,0.47801134
2,1,1,0.64030355
2,0,1,0.5567895
2,1,0,0.4420891
2,0,0,0.20931563
2,0,0,0.41257367
2,0,0,0.31039807
2,0,0,0.17656739
2,1,1,0.8831761
2,1,0,0.45611224
2,0,1,0.54958147
2,0,0,0.28647712
2,1,1,0.5810355
2,1,0,0.26553303
2,1,1,0.59253156
2,0,0,0.4564378
2,0,0,0.4477045
2,0,1,0.5965277
2,0,1,0.52955985
2,1,1,0.68769485
2,1,1,0.6884678
2,0,0,0.17845894
2,1,1,0.78027904
2,0,0,0.15825668
2,1,0,0.43927318
2,1,1,0.5983109
2,0,1,0.68056375
2,0,0,0.47224483
2,1,1,0.53557384
2,1,0,0.29685146
2,0,0,0.14800327
2,1,1,0.74597555
2,1,0,0.27847996
2,0,0,0.1815717
2,0,0,0.22214459
2,0,0,0.17150201
2,1,1,0.5225494
2,0,0,0.30541044
2,1,0,0.4387593
2,0,1,0.534088
2,0,0,0.26286137
2,0,0,0.3225767
2,0,0,0.09235383
2,1,1,0.77338165
2,0,0,0.4172564
2,1,1,0.5057151
2,0,0,0.3636737
2,1,1,0.5479654
2,0,0,0.39759454
2,0,1,0.5612297
2,1,1,0.7259373
2,1,1,0.8983472
2,1,1,0.79890835
2,0,0,0.3375644
2,1,1,0.7020141
2,1,0,0.47980267
2,0,0,0.25726193
2,0,1,0.7282855
2,0,1,0.66182536
2,0,0,0.21832412
2,0,0,0.29943046
2,1,1,0.84149003
2,0,0,0.33756194
2,0,0,0.2666287
2,1,1,0.65213025
2,0,0,0.37239897
2,0,1,0.5488722
2,0,0,0.42829293
2,0,1,0.5155124
2,0,1,0.6223434
2,0,0,0.4390629
2,1,0,0.474859
2,1,1,0.6245417
2,1,1,0.70042396
2,0,0,0.18275163
2,0,0,0.26926473
2,0,0,0.49646512
2,1,1,0.7035206
2,1,1,0.5627067
2,1,0,0.4312797
2,1,1,0.7926327
2,1,1,0.60280997
2,0,1,0.52365386
2,0,1,0.5812185
2,0,1,0.5476536
2,1,1,0.6558966
2,0,1,0.6391958
2,0,0,0.42625293
2,0,1,0.5393158
2,1,1,0.5132798
2,1,1,0.82128656
2,0,0,0.35770506
2,1,1,0.73066646
2,1,1,0.57876194
2,0,0,0.44779155
2,1,0,0.46949947
2,0,0,0.30621293
2,1,1,0.6870391
2,1,0,0.4049588
2,1,1,0.7333734
2,0,1,0.62114346
2,1,0,0.25506
2,1,1,0.589685
2,0,0,0.3339071
2,0,0,0.4001923
2,0,1,0.59846735
2,0,1,0.54376096
2,0,1,0.5403587
2,0,0,0.3937464
2,1,1,0.7998913
2,0,1,0.5277354
2,1,1,0.54348993
2,0,0,0.49841884
2,1,1,0.70273095
2,1,0,0.42090866
2,1,1,0.7395693
2,0,1,0.74000645
2,0,1,0.7461803
2,0,0,0.2308635
2,1,1,0.787936
2,0,1,0.64808655
2,0,0,0.30372053
2,1,1,0.8389675
2,1,1,0.62182176
2,1,1,0.59161973
2,1,1,0.69417995
2,0,1,0.6811009
2,1,0,0.44292417
2,1,1,0.56014454
2,0,0,0.33088452
2,1,1,0.8164102
2,0,1,0.78080297
2,0,1,0.54691845
2,0,1,0.5055848
2,1,1,0.56172705
2,0,0,0.48679197
2,1,1,0.7697178
2,1,1,0.891556
2,0,0,0.1562683
2,1,0,0.44175377
2,0,0,0.40068492
2,1,1,0.54773885
2,1,1,0.5311969
2,0,0,0.44111332
2,0,0,0.4827527
2,0,0,0.47295794
2,0,0,0.2562888
2,1,1,0.73109156
2,1,1,0.759498
2,1,0,0.4455673
2,1,1,0.6269536
2,1,1,0.54531217
2,0,1,0.57586646
2,0,0,0.35166907
2,0,1,0.63097996
2,1,1,0.5897324
2,1,1,0.6867602
2,1,1,0.5839433
2,0,0,0.3532856
2,1,1,0.6181936
2,0,0,0.48432344
2,1,1,0.8141946
2,1,0,0.46887383
2,0,0,0.27580807
2,1,0,0.37770647
2,1,0,0.3673723
2,0,0,0.44371694
2,0,0,0.353404
2,1,1,0.6919543
2,1,1,0.7598603
2,0,1,0.63660425
2,0,0,0.38475773
2,1,1,0.8212498
2,0,1,0.52819794
2,0,1,0.60609335
2,1,1,0.71482337
2,0,0,0.36523578
2,0,0,0.29413903
2,1,0,0.3134506
2,0,0,0.48610303
2,1,0,0.4371582
2,1,1,0.7758078
2,1,0,0.45534688
2,1,1,0.65256816
2,0,1,0.7178308
2,1,1,0.7727496
2,0,1,0.50191855
2,1,0,0.4649947
2,1,0,0.44217914
2,0,1,0.7421762
2,0,0,0.30967078
2,1,1,0.66909784
2,0,1,0.5880112
2,0,0,0.16651332
2,1,1,0.6721017
2,1,1,0.77295864
2,0,0,0.49748415
2,0,1,0.5354549
2,0,1,0.6707008
2,1,1,0.9393467
2,0,0,0.49252564
2,1,1,0.56380963
2,1,1,0.6353228
2,0,1,0.66428363
2,0,0,0.15727384
2,0,0,0.14289889
2,0,0,0.16114394
2,0,0,0.28499344
2,0,0,0.30021298
2,0,0,0.18633528
2,1,1,0.8942146
2,1,0,0.45398542
2,1,0,0.33265215
2,0,1,0.54123074
2,1,1,0.58976746
2,1,1,0.83951974
2,1,1,0.69035983
2,1,1,0.64371294
2,0,0,0.40581566
2,1,1,0.67308146
2,0,1,0.7171875
2,1,0,0.15062173
2,0,0,0.45973328
2,1,1,0.6369495
2,1,1,0.5155353
2,1,1,0.7683913
2,1,0,0.4334265
2,1,1,0.6157309
2,0,1,0.64766675
2,1,1,0.5136335
2,1,1,0.54963
2,0,0,0.21125254
2,0,0,0.24583572
2,0,0,0.31427976
2,1,1,0.6495168
2,0,0,0.17053443
2,1,1,0.7110031
2,0,1,0.54378575
2,0,0,0.18685938
2,0,0,0.08462003
2,0,0,0.31832927
2,0,1,0.708177
2,1,1,0.7605071
2,0,0,0.37764987
2,1,1,0.57170606
2,0,0,0.23447073
2,0,1,0.6263216
2,0,0,0.21355674
2,0,0,0.4682376
2,1,1,0.75295746
2,1,1,0.76430374
2,0,1,0.87595266
2,1,1,0.5379655
2,1,0,0.41974944
2,1,1,0.5550296
2,0,0,0.4453508
2,0,0,0.41048616
2,1,1,0.6838434
2,0,0,0.26625088
2,1,1,0.77055
2,1,1,0.6561582
2,0,1,0.53960496
2,1,1,0.6662668
2,0,0,0.26832774
2,1,1,0.6185281
2,0,1,0.7575576
2,1,1,0.5851789
2,0,0,0.3718929
2,0,1,0.6499131
2,0,1,0.61213654
2,1,1,0.5842541
2,1,0,0.45877948
2,1,1,0.652169
2,1,1,0.7226247
2,1,1,0.7771424
2,0,1,0.65451664
2,0,1,0.5619268
2,1,1,0.52917504
2,1,1,0.66010594
2,1,1,0.7531957
2,1,1,0.78302586
2,0,0,0.36251193
2,1,1,0.5955768
2,0,0,0.24640754
2,1,1,0.5224494
2,0,0,0.43251586
2,0,1,0.51612073
2,0,0,0.22081673
2,0,1,0.58180416
2,1,1,0.82996655
2,0,1,0.58722323
2,1,1,0.54681736
2,1,1,0.5014148
2,0,0,0.42477718
2,0,1,0.6389401
2,0,0,0.15420254
2,0,1,0.5826345
2,0,1,0.72286505
2,1,1,0.70851743
2,1,1,0.6606698
2,0,1,0.6932465
2,1,1,0.8746956
2,0,1,0.63492435
2,0,1,0.5715488
2,1,1,0.80410135
2,0,0,0.16477396
2,1,1,0.86932236
2,1,1,0.76769894
2,1,1,0.8659808
2,1,1,0.8751354
2,1,1,0.83523995
2,0,1,0.573777
2,1,1,0.72724307
2,1,0,0.4968526
2,0,1,0.77695805
2,1,1,0.78184336
2,1,1,0.9313044
2,1,1,0.8487094
2,0,1,0.5387693
2,0,1,0.69578743
2,0,1,0.86132544
2,1,1,0.8734808
2,0,1,0.78635603
2,1,1,0.9007455
2,0,1,0.8140151
2,1,0,0.3999478
2,1,1,0.6389474
2,1,1,0.7501043
2,1,0,0.32757148
2,1,1,0.7181485
2,0,0,0.084787264
2,1,1,0.5171179
2,1,1,0.6775133
2,0,1,0.7327333
2,0,1,0.57704556
2,1,1,0.83718055
2,1,1,0.5924301
2,0,1,0.7227739
2,0,1,0.507081
2,0,1,0.5139141
2,0,0,0.2469384
2,0,1,0.64279133
2,1,1,0.879757
2,0,0,0.49439204
2,1,0,0.37694123
2,1,1,0.64401317
2,1,0,0.31867453
2,1,1,0.6193733
2,1,1,0.5592518
2,1,1,0.5032286
2,1,1,0.69758487
2,0,0,0.08016818
2,0,0,0.2592809
2,1,0,0.33694288
2,0,1,0.7242166
2,0,1,0.7927119
2,1,1,0.603976
2,1,1,0.8055701
2,1,1,0.75651294
2,1,1,0.87545747
2,0,0,0.44902438
2,1,1,0.560561
2,0,0,0.48798063
2,0,0,0.40672657
2,1,1,0.73819417
2,0,0,0.15236534
2,1,1,0.8461556
2,1,1,0.51880103
2,1,1,0.67861307
2,0,0,0.2826881
2,0,0,0.42933363
2,0,0,0.2698373
2,0,1,0.5878223
2,1,0,0.24150465
2,0,0,0.4058156
2,0,0,0.14943372
2,1,1,0.8932438
2,1,1,0.8743125
2,0,0,0.45084
2,1,1,0.81654847
2,1,1,0.84159064
2,0,1,0.62454855
2,1,1,0.644777
2,1,0,0.49395815
2,0,0,0.22898017
2,1,1,0.85077184
2,0,0,0.120143175
2,0,0,0.32061055
2,1,1,0.88671184
2,1,1,0.8303243
2,0,1,0.54461974
2,1,1,0.81216824
2,1,1,0.85533124
2,0,1,0.6411282
2,1,0,0.48578292
2,0,1,0.76329833
2,1,0,0.28444862
2,0,0,0.3095064
2,0,0,0.34197083
2,1,1,0.6760342
2,1,1,0.75735736
2,1,0,0.3958074
2,1,1,0.8411134
2,0,0,0.45541713
2,1,1,0.5146623
2,0,0,0.19171536
2,1,1,0.7777488
2,0,1,0.690641
2,1,0,0.49461192
2,0,0,0.46196425
2,0,1,0.56404495
2,0,1,0.593594
2,1,0,0.36568013
2,0,1,0.6597552
2,0,0,0.23448639
2,1,1,0.68416363
2,0,0,0.116622955
2,0,0,0.18754365
2,1,1,0.5682675
2,1,1,0.8367897
2,1,1,0.5816524
2,0,0,0.2714919
2,0,0,0.23203795
2,1,1,0.7057453
2,1,1,0.6368562
2,1,0,0.47391698
2,1,1,0.8027237
2,1,1,0.73170644
2,1,1,0.70325613
2,0,0,0.41880134
2,1,1,0.7115968
2,0,0,0.361925
2,0,1,0.8358339
2,1,1,0.53990763
2,0,0,0.14151914
2,1,0,0.41652074
2,1,1,0.6660275
2,1,0,0.37075904
2,0,1,0.566047
2,0,0,0.42393166
2,0,0,0.34945536
2,0,0,0.15785937
2,0,0,0.2999039
2,0,0,0.4469688
2,0,0,0.19936973
2,0,0,0.22846727
2,0,0,0.43854845
2,0,0,0.11022677
2,1,1,0.8434534
2,0,1,0.60048103
2,1,1,0.8387211
2,0,1,0.82770663
2,0,0,0.12824015
2,1,1,0.8139879
2,1,1,0.8352227
2,0,1,0.70576394
2,1,1,0.85890734
2,0,0,0.32327837
2,0,0,0.3219072
2,1,1,0.7777912
2,0,1,0.7010789
2,1,1,0.63774955
2,0,1,0.8073057
2,1,1,0.8522601
2,1,1,0.7748182
2,1,1,0.88164
2,0,0,0.28277376
2,0,1,0.6951233
2,1,1,0.8914597
2,0,0,0.37903327
2,1,1,0.67431253
2,1,1,0.5524833
2,0,0,0.22430678
2,0,0,0.3606837
2,0,0,0.14015096
2,0,0,0.24066955
2,0,1,0.7804391
2,0,0,0.36292195
2,0,0,0.19178315
2,1,1,0.79446644
2,0,0,0.34195462
2,0,1,0.51303446
2,0,1,0.86443627
2,1,1,0.8512964
2,1,1,0.727067
2,1,1,0.88458884
2,0,1,0.9052489
2,0,0,0.24768494
2,1,1,0.7045859
2,0,1,0.52137727
2,1,1,0.5319986
2,1,1,0.8196596
2,1,1,0.78667134
2,0,1,0.6325869
2,0,0,0.4430022
2,0,0,0.33020556
2,1,1,0.7434454
2,1,1,0.85366225
2,1,1,0.6061775
2,0,1,0.6627237
2,1,0,0.45333418
2,1,0,0.39284202
2,1,0,0.16668569
2,1,0,0.4160769
2,0,1,0.5811239
2,1,0,0.2840386
2,1,0,0.26139432
2,1,0,0.4515208
2,1,1,0.88912535
2,0,1,0.7495045
2,1,0,0.41127977
2,0,1,0.76479596
2,1,1,0.69214076
2,0,0,0.17674248
2,0,0,0.39086306
2,0,1,0.55360603
2,1,0,0.2749089
2,0,0,0.47705495
2,1,0,0.4664323
2,0,1,0.67828715
2,1,1,0.90173256
2,1,1,0.63836503
2,0,0,0.4328518
2,1,1,0.87995005
2,0,0,0.37409532
2,1,1,0.7126188
2,0,1,0.6979561
2,0,0,0.36394802
2,0,0,0.47848418
2,0,1,0.56033295
2,0,0,0.29898092
2,1,1,0.8295302
2,1,1,0.7008432
2,0,0,0.23861316
2,1,1,0.6760465
2,1,1,0.8534184
2,0,0,0.20041336
2,1,1,0.70681345
2,1,1,0.8337838
2,1,1,0.88064504
2,0,1,0.67028433
2,0,0,0.34826884
2,0,0,0.09612036
2,1,1,0.8379314
2,0,1,0.58577603
2,1,1,0.7440631
2,1,0,0.3122268
2,0,0,0.155565
2,1,1,0.92661595
2,1,1,0.6889554
2,0,1,0.5486945
2,0,0,0.15871592
2,1,1,0.6511156
2,1,0,0.38336065
2,0,0,0.34929928
2,0,0,0.34567267
2,0,0,0.15913478
2,0,1,0.5074398
2,0,0,0.16114616
2,1,1,0.70342445
2,0,1,0.8018919
2,1,1,0.8978848
2,1,1,0.6660889
2,0,1,0.6969698
2,0,1,0.86288714
2,0,0,0.28078166
2,1,0,0.38398242
2,0,0,0.36725992
2,0,0,0.27144724
2,1,1,0.7805556
2,0,0,0.0854135
2,0,0,0.35721406
2,0,0,0.32982346
2,0,0,0.43524966
2,1,1,0.77176344
2,0,0,0.25863165
2,1,1,0.71754456
2,0,0,0.3576105
2,0,0,0.4060606
2,1,0,0.31616983
2,1,0,0.20664132
2,0,0,0.1914453
2,1,1,0.5944706
2,1,0,0.39424637
2,1,1,0.8277084
2,1,1,0.69843113
2,0,0,0.4644645
2,1,1,0.5471396
2,0,0,0.26564154
2,1,1,0.57467157
2,1,1,0.6270469
2,0,1,0.50490314
2,1,1,0.95552135
2,0,0,0.47020856
2,0,1,0.83238226
2,0,1,0.7078247
2,0,1,0.5901577
2,0,1,0.6469924
2,1,1,0.8191618
2,1,1,0.6247506
2,0,1,0.5660886
2,1,1,0.5190751
2,1,1,0.7320871
2,0,1,0.5203068
2,1,1,0.852104
2,0,0,0.24478726
2,0,0,0.4261058
2,1,1,0.52295583
2,0,1,0.57900506
2,1,1,0.5624882
2,0,1,0.6986847
2,0,1,0.734238
2,1,0,0.21785139
2,1,1,0.82368475
2,1,1,0.7771628
2,0,1,0.65099925
2,0,1,0.7176846
2,1,1,0.7664169
2,1,1,0.70022494
2,1,1,0.7106275
2,1,1,0.8577599
2,0,1,0.8335216
2,0,0,0.232256
2,0,0,0.1747768
2,1,0,0.44157824
2,1,1,0.6213827
2,0,0,0.13088699
2,0,0,0.45079306
2,0,0,0.41187084
2,1,1,0.7343649
2,0,0,0.27592224
2,1,0,0.49314842
2,0,0,0.2510536
2,1,0,0.18757619
2,0,0,0.09991908
2,0,0,0.19071084
2,0,1,0.7766836
2,1,0,0.3232173
2,0,1,0.54460424
2,0,0,0.37533882
2,0,0,0.49329117
2,1,1,0.9018537
2,1,1,0.83258617
2,1,1,0.67169017
2,0,0,0.40157998
2,0,1,0.82153326
2,0,0,0.14565639
2,1,1,0.80544466
2,1,0,0.20690815
2,1,1,0.6831463
2,1,1,0.6261778
2,0,1,0.7444755
2,0,1,0.59217286
2,1,1,0.8465097
2,0,1,0.727778
2,0,1,0.76576555
2,0,1,0.6382343
2,1,1,0.62101185
2,1,1,0.8639572
2,0,0,0.2983954
2,1,1,0.8990265
2,0,1,0.68970704
2,0,0,0.37642547
2,0,1,0.8002836
2,1,1,0.81812215
2,0,1,0.61581963
2,0,1,0.6331344
2,0,1,0.80615956
2,0,1,0.7978476
2,1,1,0.7741605
2,1,1,0.84869504
2,1,1,0.7802554
2,1,1,0.8840978
2,0,1,0.74206054
2,1,1,0.8925219
2,1,0,0.42129478
2,1,1,0.8983969
2,0,0,0.27699924
2,1,1,0.91274273
2,1,1,0.594175
2,0,0,0.39802697
2,0,0,0.24331672
2,0,1,0.7794131
2,0,1,0.68393224
2,0,1,0.55441993
2,0,1,0.81309927
2,0,0,0.26678342
2,0,0,0.09935894
2,1,0,0.4023537
2,1,1,0.81252533
2,1,1,0.8570217
2,0,1,0.5692576
2,0,1,0.58483964
2,0,0,0.2634102
2,1,1,0.5973479
2,1,1,0.8415987
2,1,1,0.5816449
2,0,0,0.34769756
2,0,0,0.3364633
2,1,1,0.5283886
2,1,1,0.6913803
2,1,1,0.5815714
2,1,1,0.6037628
2,1,0,0.3219245
2,0,0,0.21402915
2,0,1,0.5444934
2,0,0,0.32156235
2,0,0,0.08046397
2,0,0,0.30933353
2,0,0,0.24505687
2,1,1,0.843767
2,1,1,0.7427271
2,1,0,0.4663791
2,0,0,0.19392982
2,0,1,0.65347373
2,1,0,0.42617032
2,1,1,0.5269748
2,1,0,0.3132377
2,0,0,0.29221895
2,1,1,0.6122597
2,0,0,0.38179868
2,1,0,0.49078196
2,1,1,0.8520136
2,0,0,0.09509082
2,0,0,0.16763009
2,1,1,0.76002675
2,0,0,0.17416629
2,0,0,0.28684175
2,0,0,0.3882212
2,0,1,0.68470484
2,1,1,0.8022075
2,0,1,0.5012425
2,0,1,0.63677704
2,0,0,0.21974637
2,0,0,0.16859214
2,1,1,0.9078538
2,0,0,0.39976737
2,0,0,0.28970855
2,1,1,0.84883624
2,1,1,0.70272285
2,1,1,0.7255193
2,0,0,0.39316902
2,0,1,0.8280038
2,0,1,0.8340864
2,0,1,0.66968113
2,0,0,0.081417784
2,1,0,0.40135375
2,1,0,0.25104716
2,1,0,0.39342064
2,0,0,0.37719092
2,1,1,0.79839414
2,0,0,0.35121068
2,0,0,0.3162173
2,0,1,0.5460055
2,1,1,0.82252705
2,0,1,0.7501855
2,1,1,0.71319294
2,0,0,0.33391854
2,1,1,0.8635223
2,0,0,0.33275652
2,1,1,0.7540169
2,1,1,0.53023183
2,1,1,0.5969199
2,1,1,0.5741774
2,1,1,0.83199614
2,0,1,0.5414665
2,1,1,0.6526221
2,1,1,0.7337249
2,0,1,0.61170405
2,0,0,0.3731998
2,0,1,0.66050154
2,0,0,0.49406472
2,0,1,0.66146797
2,1,1,0.6198644
2,1,1,0.6143287
2,0,0,0.46198505
2,1,0,0.23148985
2,0,0,0.1913424
2,1,1,0.50635594
2,0,1,0.8221242
2,0,0,0.4257774
2,0,0,0.3351111
2,1,1,0.6440554
2,0,0,0.17720449
2,1,0,0.1726769
2,1,1,0.54768527
2,1,0,0.2555532
2,0,0,0.18168484
2,1,0,0.20911336
2,0,0,0.17428969
2,1,1,0.67131937
2,0,0,0.14042506
2,0,1,0.5194808
2,1,0,0.49308515
2,0,0,0.48858467
2,1,1,0.7790776
2,0,1,0.6163351
2,1,1,0.69676006
2,1,0,0.3933871
2,1,1,0.8221622
2,1,0,0.34117556
2,1,1,0.87342656
2,0,1,0.66702324
2,0,1,0.51383525
2,0,0,0.35833785
2,0,0,0.2818252
2,0,0,0.4594997
2,1,1,0.7583293
2,0,1,0.61099243
2,1,1,0.5514526
2,1,1,0.699206
2,1,1,0.61353254
2,1,1,0.6104346
2,0,1,0.72939986
2,1,1,0.7890812
2,0,1,0.6233026
2,1,1,0.7280282
2,1,1,0.5226923
2,1,1,0.87537944
2,1,0,0.49198782
2,1,1,0.68508995
2,0,1,0.8605012
2,0,1,0.50102663
2,1,0,0.34719953
2,0,1,0.7027257
2,0,0,0.20550562
2,1,1,0.650761
2,0,0,0.11438596
2,1,0,0.40002647
2,1,1,0.50480515
2,1,1,0.8714624
2,0,1,0.7702291
2,1,1,0.89914334
2,1,1,0.73353964
2,0,1,0.83976716
2,0,1,0.6888145
2,1,1,0.92159444
2,1,0,0.424236
2,0,0,0.3020001
2,0,1,0.70561653
2,1,1,0.73003685
2,0,0,0.42998955
2,0,1,0.6428887
2,0,0,0.43576467
2,1,1,0.7721017
2,1,1,0.904066
2,0,0,0.3660759
2,0,0,0.31391552
2,1,0,0.4112096
2,1,1,0.69711703
2,0,0,0.33888224
2,1,1,0.6154148
2,1,1,0.8992252
2,0,0,0.34976602
2,0,0,0.23729639
2,0,1,0.7214828
2,0,1,0.656894
2,0,0,0.26109675
2,1,1,0.5211184
2,0,0,0.20010781
2,1,1,0.6126341
2,1,0,0.3587515
2,0,0,0.08128229
2,0,1,0.91436493
2,0,1,0.53446406
2,1,1,0.6667077
2,1,0,0.44639736
2,0,0,0.37826163
2,0,1,0.7036804
2,0,0,0.4461101
2,1,1,0.61660016
2,1,1,0.5603352
2,1,1,0.6469306
2,0,0,0.34037375
2,1,1,0.7434845
2,1,1,0.5563332
2,1,1,0.56541693
2,0,0,0.11614189
2,1,1,0.62464434
2,0,0,0.23787764
2,0,0,0.4617542
2,0,0,0.47357094
2,1,1,0.87481374
2,0,1,0.6671789
2,0,0,0.33541173
2,0,1,0.52498186
2,0,1,0.67688715
2,0,1,0.7534081
2,0,1,0.91037136
2,1,1,0.6616741
2,0,0,0.16183986
2,0,0,0.15337059
2,0,1,0.76507384
2,1,1,0.7579181
2,1,1,0.6833449
2,0,1,0.6804053
2,0,0,0.27111864
2,1,1,0.75278014
2,0,1,0.61836314
2,0,0,0.31878
2,0,1,0.6222425
2,1,0,0.43797103
2,1,0,0.35573056
2,0,1,0.70114416
2,1,1,0.8048026
2,0,1,0.824308
2,1,1,0.92024094
2,1,1,0.7189901
2,0,0,0.46036354
2,1,1,0.5289523
2,0,1,0.7645741
2,0,0,0.33713666
2,0,1,0.5672745
2,0,0,0.312812
2,1,1,0.7578958
2,1,1,0.7580115
2,1,1,0.51628023
2,1,1,0.5273655
2,1,1,0.52438796
2,0,1,0.5181479
2,0,0,0.14871663
2,1,1,0.5558077
2,0,0,0.34761196
2,0,1,0.8100182
2,0,0,0.26678342
2,0,0,0.09935894
2,1,0,0.4023537
2,1,1,0.9020843
2,0,0,0.4740858
2,0,1,0.6412954
2,1,0,0.24634446
2,1,1,0.5821077
2,1,0,0.49664816
2,0,0,0.49791482
2,1,1,0.89976454
2,0,0,0.19386342
2,0,0,0.26555753
2,0,0,0.45998827
2,1,0,0.19120573
2,0,0,0.12547283
2,0,0,0.08187907
2,1,0,0.17835814
2,1,1,0.81221026
2,1,0,0.20667654
2,0,0,0.12397758
2,0,0,0.20843942
2,0,0,0.09840591
2,0,1,0.5087639
2,0,1,0.8171101
2,1,1,0.8845312
2,1,1,0.6728498
2,1,0,0.38530347
2,1,1,0.8817895
2,0,1,0.58219063
2,0,1,0.7184248
2,0,1,0.9177158
2,1,1,0.7415289
2,1,0,0.23113197
2,1,0,0.47514164
2,1,1,0.8986253
2,1,1,0.5271564
2,0,0,0.3032959
2,0,0,0.2742787
2,0,0,0.3475571
2,0,1,0.57935786
2,1,1,0.64069194
2,0,0,0.17446022
2,0,1,0.59731114
2,1,1,0.52096665
2,1,0,0.33349153
2,1,1,0.87718886
2,1,1,0.5740195
2,0,1,0.71172965
2,0,1,0.5188559
2,0,1,0.782921
2,1,1,0.6858656
2,0,0,0.47218922
2,1,1,0.8544337
2,0,1,0.58043563
2,0,0,0.1058192
2,1,1,0.8080504
2,0,1,0.5448187
2,0,1,0.7666427
2,0,0,0.46334893
2,0,0,0.36183482
2,1,1,0.7902626
2,1,0,0.41163924
2,1,0,0.37044087
2,0,1,0.8030084
2,1,1,0.53990537
2,1,1,0.7296584
2,1,1,0.5884858
2,0,1,0.60182565
2,0,1,0.80834067
2,1,1,0.6560207
2,0,1,0.7751306
2,0,0,0.20577513
2,0,1,0.7394413
2,0,0,0.19086732
2,1,0,0.30618805
2,0,0,0.099228
2,1,1,0.7147
2,1,1,0.81554496
2,1,1,0.6228829
2,1,0,0.3120289
2,1,1,0.881716
2,1,1,0.74033237
2,0,0,0.39720735
2,1,1,0.50314707
2,0,0,0.49472356
2,1,1,0.64700544
2,1,1,0.6724131
2,0,1,0.7544791
2,0,1,0.56066227
2,0,0,0.35443598
2,0,1,0.54307795
2,1,1,0.8039888
2,1,0,0.44631603
2,1,1,0.6395965
2,0,0,0.4783562
2,1,1,0.8302506
2,1,0,0.17936869
2,0,0,0.46645314
2,1,0,0.49687284
2,0,0,0.39047682
2,1,0,0.25278455
2,1,1,0.72219205
2,1,1,0.8427917
2,0,0,0.16787949
2,1,1,0.8484651
2,0,0,0.4647697
2,1,1,0.8778353
2,0,0,0.17774446
2,0,1,0.77376586
2,0,0,0.31458357
2,1,1,0.63264525
2,1,1,0.79076505
2,1,0,0.3630243
2,1,1,0.62854534
2,0,1,0.7463086
2,0,0,0.44765717
2,0,0,0.28762588
2,1,1,0.54408944
2,0,0,0.44296783
2,0,0,0.45450583
2,0,1,0.76484257
2,0,0,0.46479264
2,1,0,0.49787766
2,1,1,0.87492186
2,1,1,0.6229707
2,1,0,0.42551595
2,1,0,0.49463803
2,0,0,0.24194215
2,0,1,0.7774806
2,1,1,0.6292004
2,0,1,0.7138014
2,1,1,0.8641255
2,1,1,0.70659035
2,1,1,0.8886419
2,1,1,0.87447244
2,1,1,0.7794348
2,1,1,0.7523229
2,1,1,0.88746506
2,0,0,0.2717296
2,1,1,0.8367152
2,1,1,0.70932066
2,0,1,0.534237
2,0,1,0.7418911
2,0,0,0.49774706
2,1,1,0.8127299
2,1,1,0.63337713
2,1,1,0.83134097
2,1,1,0.6687652
2,0,1,0.69159186
2,1,1,0.7047564
2,0,0,0.1451064
2,0,0,0.21858785
2,0,0,0.24768129
2,1,0,0.25870842
2,0,0,0.21761723
2,0,0,0.47752663
2,0,0,0.15715507
2,0,0,0.48305517
2,0,0,0.16564006
2,1,1,0.7766091
2,0,0,0.26793915
2,1,0,0.18315844
2,0,1,0.56069034
2,0,0,0.27413747
2,0,0,0.072406195
2,1,0,0.33617678
2,1,1,0.75603735
2,1,1,0.71853787
2,1,0,0.4091672
2,1,0,0.23361136
2,0,1,0.53365314
2,1,1,0.59877706
2,1,1,0.63502926
2,1,1,0.72760296
2,0,0,0.41658384
2,1,0,0.4968821
2,0,1,0.6488659
2,1,1,0.78236747
2,1,0,0.47320428
2,0,0,0.31227094
2,0,1,0.5719623
2,0,0,0.1805659
2,1,0,0.1750254
2,1,0,0.32937336
2,1,0,0.24478383
2,0,1,0.65727216
2,0,1,0.6415155
2,0,0,0.16080633
2,0,1,0.681661
2,0,1,0.7930792
2,1,1,0.9161873
2,1,1,0.76258326
2,0,1,0.5879952
2,1,1,0.5607353
2,1,1,0.7787951
2,0,0,0.4625518
2,0,1,0.55945414
2,1,1,0.61487454
2,1,1,0.76727235
2,0,0,0.26286706
2,1,1,0.5477031
2,0,0,0.39107972
2,1,1,0.9205707
2,1,1,0.7411733
2,0,0,0.14606224
2,0,0,0.3364934
2,0,1,0.80892235
2,0,1,0.77715075
2,0,1,0.7602633
2,1,0,0.33604705
2,1,1,0.5259045
2,0,1,0.795228
2,0,0,0.18868087
2,0,0,0.17895328
2,1,1,0.83173436
2,1,1,0.8762657
2,1,1,0.7581307
2,1,1,0.6092452
2,1,1,0.71773475
2,1,0,0.38461486
2,1,1,0.664769
2,0,1,0.64202523
2,0,0,0.3630953
2,0,0,0.20956644
2,0,0,0.2344009
2,0,0,0.15427154
2,1,0,0.43124092
2,1,1,0.83053535
2,0,0,0.24255185
2,1,1,0.72852653
2,1,1,0.67435193
2,1,1,0.8060465
2,1,1,0.8708274
2,1,1,0.8461741
2,1,1,0.53178334
2,1,0,0.34592387
2,0,1,0.64890265
2,0,0,0.31610024
2,0,0,0.3993068
2,1,0,0.41787106
2,1,0,0.4782469
2,0,0,0.37048393
2,0,0,0.34018272
2,0,1,0.81877756
2,0,1,0.66886437
2,0,0,0.18819639
2,0,0,0.47071278
2,0,0,0.26278695
2,1,0,0.37476596
2,0,1,0.6825058
2,0,0,0.17888005
2,0,0,0.44836175
2,1,0,0.1860195
2,1,1,0.7036432
2,0,0,0.47918987
2,1,1,0.79108286
2,0,0,0.3132617
2,1,1,0.5191067
2,0,1,0.6611881
2,1,0,0.36963055
2,1,1,0.77562374
2,0,0,0.19729127
2,0,1,0.58922255
2,1,1,0.81656444
2,1,1,0.5341329
2,1,1,0.79068166
2,0,0,0.44270852
2,1,0,0.49897724
2,1,0,0.3573735
2,0,0,0.4434034
2,0,0,0.21710749
2,0,0,0.48752475
2,0,1,0.67499393
2,1,1,0.6014195
2,1,0,0.35684627
2,1,0,0.49772257
2,0,0,0.14893281
2,1,1,0.81070715
2,1,1,0.93842894
2,0,0,0.38108736
2,0,1,0.5557187
2,0,0,0.41940966
2,0,1,0.53798753
2,1,1,0.9247713
2,0,0,0.4230306
2,1,1,0.82147604
2,0,1,0.83270437
2,0,0,0.34877494
2,0,0,0.2077185
2,0,0,0.42177624
2,1,0,0.27310398
2,0,1,0.5053187
2,1,1,0.5709382
2,1,1,0.6227739
2,0,0,0.403767
2,1,0,0.43219742
2,1,0,0.47290745
2,0,0,0.23081878
2,0,0,0.18455529
2,1,0,0.16544029
2,0,0,0.2922969
2,1,1,0.5764119
2,1,1,0.8958215
2,1,1,0.8275738
2,1,1,0.6446149
2,0,1,0.5980457
2,0,1,0.734858
2,1,1,0.87440854
2,1,1,0.7222049
2,1,0,0.3951426
2,0,0,0.37897602
2,1,1,0.9294744
2,0,1,0.51289576
2,0,1,0.7999533
2,0,1,0.55767184
2,1,0,0.44455343
2,1,0,0.43243968
2,1,0,0.44561186
2,1,1,0.5432264
2,0,1,0.91897774
2,0,1,0.5332054
2,1,1,0.8478702
2,1,0,0.4528554
2,0,0,0.44387573
2,0,1,0.7341764
2,0,0,0.33814257
2,1,1,0.52456176
2,0,0,0.14812453
2,0,1,0.56245804
2,1,1,0.76911956
2,0,1,0.76168257
2,0,1,0.79020965
2,0,0,0.3643652
2,0,0,0.11548409
2,1,1,0.72177005
2,1,1,0.8861739
2,1,1,0.72318965
2,0,0,0.4750441
2,1,1,0.7756329
2,1,1,0.6427993
2,0,1,0.72880584
2,1,0,0.25684556
2,1,1,0.7026174
2,0,1,0.8063679
2,1,1,0.5862709
2,0,0,0.45472002
2,0,1,0.87921983
2,1,1,0.65318704
2,0,1,0.57132554
2,0,0,0.3679292
2,1,0,0.49056125
2,0,0,0.095064685
2,1,1,0.68022424
2,0,1,0.638266
2,1,1,0.64809847
2,1,1,0.60533255
2,1,1,0.89618903
2,1,1,0.64916
2,0,1,0.7893001
2,0,1,0.5672833
2,0,1,0.76248765
2,1,1,0.8119049
2,0,0,0.10105063
2,1,1,0.65386796
2,0,0,0.16857508
2,0,0,0.22846934
2,1,0,0.35609066
2,1,1,0.8792255
2,0,0,0.22759464
2,0,1,0.6319235
2,0,0,0.26399347
2,0,1,0.61744356
2,1,1,0.91861975
2,0,1,0.71052986
2,0,1,0.62761456
2,1,1,0.64709735
2,1,1,0.60174507
2,0,1,0.70173043
2,0,1,0.5069453
2,1,1,0.60119987
2,1,1,0.5173812
2,0,0,0.43823618
2,0,0,0.344891
2,1,0,0.3825574
2,0,1,0.5856058
2,1,1,0.82534444
2,1,1,0.6608171
2,0,0,0.38788757
2,0,1,0.61620003
2,0,0,0.45914552
2,1,1,0.59582937
2,0,1,0.56471044
2,0,0,0.39453876
2,0,0,0.15616754
2,0,0,0.48383203
2,1,1,0.7854353
2,1,0,0.31029958
2,0,0,0.25080925
2,1,1,0.5445058
2,1,1,0.62568146
2,0,1,0.7065617
2,1,1,0.6260171
2,1,1,0.51840556
2,0,1,0.72638726
2,1,1,0.659997
2,1,1,0.5639829
2,0,0,0.11327977
2,0,0,0.16724028
2,1,1,0.81560147
2,0,1,0.8799941
2,0,1,0.87388235
2,0,1,0.5451605
2,1,1,0.8975109
2,1,1,0.7873309
2,0,1,0.75012606
2,0,0,0.42161033
2,1,0,0.45410275
2,1,1,0.63455015
2,0,1,0.6033291
2,1,1,0.8368737
2,1,1,0.54557765
2,0,1,0.82867104
2,1,1,0.5895689
2,0,0,0.4917778
2,1,1,0.58090794
2,1,1,0.714263
2,0,1,0.52918714
2,1,1,0.52434504
2,1,1,0.83241814
2,1,1,0.76205814
2,1,1,0.7230832
2,1,1,0.72115386
2,1,1,0.75664467
2,0,0,0.35670367
2,0,0,0.2699107
2,0,0,0.11741633
2,1,1,0.92782736
2,0,1,0.56334287
2,1,1,0.61894625
2,0,0,0.3013752
2,0,1,0.5535995
2,1,1,0.5957914
2,0,0,0.39462543
2,0,0,0.4095989
2,1,1,0.8905395
2,0,0,0.44721824
2,0,0,0.18968935
2,1,1,0.8110113
2,0,0,0.3157408
2,1,1,0.6579425
2,0,1,0.62464076
2,0,1,0.87405276
2,0,1,0.59759355
2,1,1,0.8170662
2,1,0,0.4714782
2,1,1,0.8103087
2,1,1,0.8451842
2,1,1,0.5312023
2,1,1,0.5925781
2,1,1,0.7861865
2,1,1,0.82488346
2,0,1,0.62688816
2,0,0,0.215568
2,0,0,0.11481403
2,0,0,0.33456278
2,1,1,0.8027381
2,0,0,0.30443117
2,1,1,0.81463504
2,0,1,0.5659224
2,0,1,0.649491
2,0,0,0.42753518
2,0,1,0.71417326
2,0,0,0.11732644
2,0,1,0.5118936
2,1,1,0.53241205
2,1,1,0.9012081
2,1,1,0.92683005
2,1,1,0.5279083
2,0,1,0.7753979
2,1,1,0.587141
2,1,1,0.60558623
2,0,0,0.3948906
2,0,1,0.50602555
2,0,1,0.7558753
2,0,1,0.65618557
2,0,1,0.72963625
2,0,1,0.5063309
2,1,1,0.9078968
2,1,1,0.88197017
2,0,1,0.6133769
2,1,1,0.8717463
2,1,1,0.69023484
2,0,0,0.47650304
2,0,1,0.62967163
2,0,0,0.17164044
2,1,1,0.8625843
2,0,0,0.37195686
2,0,1,0.8322101
2,0,0,0.2642431
2,0,0,0.22541998
2,1,1,0.6588331
2,1,1,0.75520456
2,1,1,0.84375876
2,0,1,0.6658164
2,0,1,0.5070605
2,1,1,0.6110177
2,1,0,0.49124476
2,1,1,0.84302825
2,1,0,0.3891928
2,1,1,0.86265683
2,0,0,0.33283755
2,0,1,0.68009216
2,1,1,0.77640665
2,0,1,0.58941245
2,1,1,0.7153707
2,1,1,0.55858266
2,1,1,0.6608134
2,0,0,0.30638027
2,1,1,0.73663735
2,0,0,0.45872962
2,1,1,0.7572558
2,0,0,0.15955913
2,0,0,0.1443151
2,0,0,0.18871363
2,1,1,0.7197297
2,1,1,0.9409646
2,0,1,0.82852733
2,1,1,0.7634525
2,1,1,0.85034364
2,0,0,0.38996166
2,0,0,0.34506634
2,0,1,0.73597354
2,1,1,0.7930914
2,1,1,0.5081671
2,1,0,0.49417576
2,1,0,0.47727916
2,1,1,0.6492601
2,0,1,0.60282826
2,0,0,0.3854336
2,1,1,0.59162706
2,0,1,0.789525
2,0,0,0.28972003
2,0,1,0.60664904
2,1,1,0.7609121
2,0,1,0.65406674
2,0,1,0.74455214
2,0,1,0.7190972
2,0,1,0.5704101
2,1,1,0.7850681
2,1,1,0.8616026
2,0,1,0.59662586
2,0,0,0.234257
2,1,1,0.6978155
2,0,1,0.6512705
2,0,0,0.36376092
2,1,1,0.5330926
2,0,0,0.3434646
2,1,1,0.7488844
2,1,1,0.73635733
2,1,1,0.5301991
2,0,1,0.5995396
2,0,1,0.6753039
2,1,0,0.49705693
2,0,1,0.6232347
2,0,1,0.73712486
2,1,1,0.5504708
2,0,1,0.9237961
2,1,1,0.7135216
2,0,0,0.42379668
2,1,1,0.7263758
2,0,0,0.46300778
2,1,1,0.82960016
2,1,1,0.51913244
2,0,1,0.6925179
2,0,0,0.47500926
2,1,1,0.9030043
2,1,1,0.8039472
2,0,1,0.5044269
2,1,1,0.7247967
2,0,1,0.71747214
2,1,1,0.7287232
2,1,1,0.7543556
2,1,1,0.92494434
2,0,1,0.52758074
2,1,1,0.846874
2,0,1,0.568174
2,0,0,0.30629432
2,1,1,0.53300047
2,1,1,0.6821318
2,1,1,0.8132265
2,0,0,0.29134968
2,0,0,0.11719937
2,1,1,0.60231304
2,0,0,0.46386957
2,0,1,0.5345857
2,1,0,0.4927476
2,1,1,0.7749585
2,1,1,0.8341335
2,1,1,0.6982806
2,0,1,0.81125015
2,0,0,0.4371248
2,1,1,0.7628041
2,1,0,0.49192494
2,1,1,0.7578564
2,0,1,0.8042627
2,0,1,0.72576976
2,0,1,0.73532087
2,1,1,0.8760271
2,0,0,0.46569106
2,1,1,0.80785626
2,0,0,0.49418613
2,0,1,0.64395535
2,0,1,0.5146512
2,1,0,0.3533511
2,1,0,0.46513516
2,0,1,0.7895982
2,0,0,0.39977804
2,1,1,0.95679957
2,0,0,0.34149185
2,0,0,0.37272578
2,0,0,0.34063286
2,1,1,0.53653264
2,0,1,0.6303642
2,1,1,0.6167638
2,0,0,0.4326794
2,1,0,0.45856482
2,0,0,0.44866186
2,0,1,0.84375125
2,1,1,0.8826583
2,0,1,0.7224013
2,1,1,0.8114415
2,0,1,0.50276744
2,1,1,0.86178464
2,0,1,0.5439603
2,0,0,0.25276026
2,1,0,0.46179733
2,0,0,0.25844172
2,0,1,0.6744518
2,1,1,0.54759294
2,0,0,0.16437443
2,1,1,0.6465056
2,1,0,0.49050826
2,0,0,0.37145808
2,1,1,0.71284133
2,0,0,0.36861473
2,0,0,0.21355195
2,0,1,0.8596479
2,1,1,0.53529125
2,0,0,0.19833772
2,1,1,0.8710809
2,1,1,0.51700366
2,1,1,0.69816667
2,0,0,0.16773485
2,1,1,0.82969016
2,1,0,0.4141318
2,1,0,0.3989804
2,0,0,0.19874457
2,1,1,0.650219
2,0,0,0.29231295
2,0,0,0.32335722
2,0,1,0.6235906
2,0,1,0.6388914
2,0,1,0.69134575
2,0,1,0.63099813
2,1,1,0.6356351
2,1,0,0.18099914
2,1,0,0.43357572
2,1,1,0.84426135
2,1,0,0.32581562
2,0,0,0.22287072
2,1,0,0.34703165
2,0,0,0.16250336
2,0,1,0.71810335
2,1,1,0.85883325
2,1,1,0.6691053
2,1,1,0.6701481
2,1,1,0.8071785
2,1,1,0.81006
2,1,1,0.56179816
2,0,0,0.1823275
2,1,1,0.7834256
2,0,0,0.4062723
2,0,0,0.34082466
2,1,1,0.7372084
2,0,0,0.13937917
2,0,1,0.7124786
2,1,0,0.49290365
2,1,1,0.6877153
2,0,0,0.12499847
2,0,1,0.68458545
2,1,1,0.7279177
2,0,0,0.2530766
2,0,1,0.57881796
2,0,0,0.40658605
2,1,1,0.71819156
2,0,1,0.7685691
2,1,1,0.6806953
2,0,1,0.8384295
2,1,1,0.76622474
2,1,0,0.4538404
2,1,1,0.75504166
2,1,1,0.7462492
2,0,1,0.67669886
2,1,1,0.8254688
2,0,1,0.5895149
2,0,0,0.14247023
2,0,0,0.29098445
2,0,0,0.3772204
2,0,0,0.11216433
2,1,1,0.842741
2,1,1,0.8590456
2,1,1,0.87065023
2,1,1,0.58784145
2,0,1,0.53448725
2,0,0,0.34956172
2,0,1,0.602325
2,1,1,0.8106883
2,0,0,0.33934927
2,0,0,0.25477704
2,0,0,0.48609686
2,0,0,0.44322354
2,1,1,0.881337
2,1,1,0.8442663
2,0,0,0.47120118
2,0,1,0.81914145
2,0,0,0.39147305
2,1,1,0.8364445
2,1,1,0.8308168
2,1,1,0.88879395
2,1,1,0.5758511
2,0,1,0.7538992
2,1,0,0.47944206
2,1,1,0.7931599
2,0,1,0.7634677
2,0,1,0.64326197
2,0,1,0.76285774
2,0,1,0.8849487
2,0,1,0.6752119
2,1,1,0.87265337
2,1,1,0.8549684
2,1,1,0.8195523
2,1,1,0.50280064
2,1,1,0.544435
2,1,1,0.7475041
2,0,1,0.6863642
2,0,1,0.66223365
2,1,1,0.8704649
2,1,1,0.8182385
2,0,0,0.299274
2,0,0,0.24763829
2,0,1,0.70535046
2,1,1,0.6021004
2,0,1,0.5192578
2,0,0,0.14401136
2,1,1,0.6332503
2,0,0,0.2866983
2,0,1,0.6224444
2,0,0,0.19341701
2,1,0,0.2093414
2,0,0,0.22518657
2,1,1,0.5395577
2,1,1,0.8152049
2,1,1,0.8337318
2,1,1,0.66806936
2,1,1,0.8848709
2,1,0,0.49723396
2,0,0,0.32136872
2,0,1,0.5813239
2,0,0,0.31609547
2,0,1,0.81515735
2,0,0,0.3079407
2,1,1,0.7761426
2,0,0,0.3973126
2,1,1,0.7699337
2,0,1,0.80767626
2,0,1,0.6216878
2,0,0,0.29263568
2,0,1,0.7813392
2,1,1,0.8806392
2,0,1,0.6200452
2,1,1,0.67182106
2,1,0,0.43288872
2,0,1,0.6326122
2,0,0,0.46295425
2,1,1,0.7117555
2,0,1,0.64671314
2,0,1,0.7363438
2,1,1,0.5513329
2,0,1,0.53098685
2,0,1,0.72686386
2,1,1,0.86612076
2,1,0,0.39887387
2,1,0,0.42611828
2,0,0,0.3350015
2,0,0,0.27683476
2,0,1,0.64872986
2,0,1,0.84140456
2,0,1,0.8021471
2,1,1,0.89306074
2,0,1,0.7995205
2,1,1,0.90489507
2,1,1,0.883264
2,0,1,0.7912624
2,1,1,0.9002229
2,1,1,0.9382176
2,0,0,0.26653284
2,1,1,0.59974843
2,1,1,0.7386714
2,0,1,0.715134
2,1,1,0.7788555
2,0,0,0.25125077
2,0,1,0.7315812
2,1,1,0.72344935
2,1,1,0.58825433
2,0,0,0.38828236
2,0,1,0.5478817
2,0,1,0.86663115
2,1,1,0.91419303
2,1,1,0.69437003
2,0,1,0.5863965
2,1,1,0.8208871
2,1,1,0.84789187
2,1,1,0.8685047
2,0,1,0.50705993
2,1,1,0.7473058
2,0,0,0.1882239
2,0,1,0.5371136
2,0,0,0.43676427
2,0,0,0.30872527
2,0,0,0.34028253
2,1,1,0.79126406
2,0,0,0.16577199
2,0,0,0.2155278
2,1,1,0.60900164
2,1,1,0.75531155
2,1,1,0.72820085
2,1,1,0.69192684
2,1,1,0.63008595
2,0,0,0.24482319
2,0,0,0.43347582
2,1,1,0.71964085
2,1,1,0.5014348
2,0,0,0.28605595
2,1,1,0.7119567
2,1,0,0.41503873
2,1,1,0.57162684
2,0,0,0.4144842
2,0,1,0.551373
2,1,1,0.68391585
2,1,0,0.23418619
2,0,0,0.10669371
2,0,0,0.24999548
2,1,0,0.32542077
2,0,0,0.3735262
2,1,0,0.28082904
2,0,0,0.28131595
2,0,1,0.6836151
2,0,1,0.51235825
2,0,0,0.2382066
2,0,0,0.3512146
2,1,1,0.91550434
2,1,1,0.8791107
2,0,1,0.5176514
2,0,1,0.7796379
2,1,1,0.8681333
2,0,0,0.23107176
2,1,1,0.5974745
2,0,0,0.30605668
2,1,1,0.74768144
2,1,1,0.89256114
2,0,0,0.45788345
2,1,1,0.8928368
2,1,1,0.5322677
2,1,0,0.36908677
2,1,1,0.8060827
2,0,1,0.56680804
2,1,1,0.5407766
2,0,1,0.70786613
2,1,1,0.58327526
2,1,1,0.8008215
2,0,0,0.35709453
2,1,0,0.3687227
2,1,1,0.56169605
2,0,0,0.37961745
2,0,1,0.7346921
2,1,1,0.5303586
2,0,0,0.17236978
2,0,0,0.12675677
2,0,0,0.2216802
2,1,1,0.81668645
2,1,0,0.44404104
2,1,1,0.62206775
2,1,0,0.41241774
2,1,1,0.600966
2,0,0,0.09000082
2,0,1,0.72855306
2,1,0,0.26579902
2,1,0,0.4099685
2,0,0,0.47713098
2,1,1,0.5618518
2,1,1,0.7726044
2,0,1,0.7148773
2,1,0,0.29366958
2,1,1,0.6490082
2,0,0,0.3052575
2,0,1,0.50397325
2,0,0,0.44160476
2,0,1,0.77688724
2,0,0,0.2426036
2,0,1,0.60396487
2,0,0,0.16736801
2,1,1,0.78149724
2,0,0,0.4582402
2,0,0,0.29170746
2,0,1,0.6362956
2,1,1,0.6879664
2,1,1,0.6253053
2,1,1,0.72777724
2,0,1,0.6721923
2,1,1,0.66005534
2,1,1,0.82284397
2,0,0,0.20787176
2,1,0,0.20765677
2,0,0,0.1649754
2,1,1,0.8053469
2,1,1,0.77439547
2,1,1,0.6857327
2,0,1,0.5160804
2,1,1,0.6665783
2,0,0,0.31792524
2,0,1,0.7985553
2,0,0,0.2473809
2,0,0,0.20062563
2,1,1,0.73434764
2,1,1,0.8698319
2,0,1,0.5010832
2,0,0,0.3700041
2,1,1,0.5025656
2,1,0,0.34292597
2,0,0,0.35421228
2,1,1,0.90877247
2,0,0,0.4982739
2,1,1,0.76404935
2,0,0,0.4981396
2,1,1,0.8071934
2,1,0,0.48495084
2,0,1,0.81309944
2,1,1,0.64906377
2,0,0,0.28991207
2,1,1,0.6753869
2,0,1,0.6316149
2,1,1,0.64889586
2,0,1,0.7792002
2,1,1,0.6850577
2,1,1,0.66303253
2,1,1,0.7791315
2,1,0,0.41253278
2,1,0,0.33675164
2,0,1,0.5994205
2,0,0,0.26161066
2,0,1,0.56002057
2,0,1,0.8257919
2,0,0,0.46621293
2,0,0,0.35328138
2,0,1,0.6273511
2,1,1,0.66997457
2,1,1,0.6839842
2,1,0,0.4933056
2,1,1,0.73013204
2,0,0,0.44748783
2,1,1,0.84283465
2,1,0,0.21467732
2,0,0,0.42641476
2,0,0,0.17479166
2,0,1,0.805386
2,0,1,0.6573464
2,0,1,0.5184895
2,1,1,0.64608425
2,1,1,0.7961367
2,1,1,0.5322839
2,1,1,0.92218775
2,1,1,0.6504297
2,1,1,0.6972036
2,0,0,0.26381332
2,0,0,0.25195926
2,1,1,0.7534331
2,0,0,0.35286754
2,0,0,0.13505234
2,1,0,0.30114773
2,1,0,0.15904061
2,1,0,0.18866259
2,0,0,0.2566567
2,0,1,0.6752242
2,1,1,0.59172684
2,0,0,0.3213127
2,0,0,0.15284131
2,1,0,0.24941655
2,0,0,0.23602788
2,0,0,0.1969847
2,1,1,0.91977286
2,0,0,0.3779182
2,0,1,0.8359077
2,0,0,0.42236522
2,1,1,0.5706603
2,1,0,0.44365147
2,0,0,0.3258139
2,1,1,0.63654935
2,1,0,0.4066914
2,1,0,0.48265862
2,0,0,0.3214239
2,0,0,0.10700763
2,1,1,0.82253253
2,1,1,0.72677475
2,0,0,0.3412026
2,0,0,0.27494732
2,0,0,0.152332
2,1,0,0.48255458
2,0,0,0.30031398
2,0,0,0.19220634
2,1,0,0.23274505
2,1,0,0.2734696
2,0,0,0.29463238
2,0,0,0.4254818
2,1,0,0.2819596
2,0,0,0.23988892
2,0,1,0.6095495
2,1,1,0.7663872
2,0,1,0.5273164
2,1,1,0.6336025
2,0,0,0.4329179
2,1,1,0.5137936
2,0,0,0.4890873
2,1,1,0.91041553
2,1,1,0.5683224
2,1,1,0.7768323
2,1,1,0.8802206
2,1,1,0.5072443
2,0,0,0.47270203
2,0,0,0.1010662
2,0,0,0.34994
2,0,1,0.7337931
2,1,1,0.7104271
2,1,1,0.8234111
2,0,0,0.38200846
2,0,1,0.51873463
2,0,0,0.15472767
2,0,0,0.45703545
2,1,1,0.7366857
2,0,0,0.104119
2,0,0,0.27272046
2,0,0,0.38536084
2,1,1,0.76625806
2,0,0,0.14387546
2,1,1,0.60329527
2,1,1,0.91626596
2,1,1,0.6107874
2,0,0,0.39114732
2,1,1,0.88614583
2,0,0,0.19095406
2,1,1,0.895597
2,1,1,0.90172625
2,0,0,0.41110355
2,0,0,0.49959266
2,1,1,0.818425
2,1,1,0.78555965
2,1,1,0.6885295
2,0,0,0.47270203
2,0,0,0.1010662
2,1,1,0.83029187
2,0,0,0.21276946
2,0,0,0.14779976
2,0,0,0.4877672
2,0,0,0.23389092
2,1,1,0.89406157
2,1,1,0.87306374
2,0,0,0.36944464
2,0,0,0.24829042
2,1,0,0.37385675
2,0,0,0.14980043
2,0,0,0.087119155
2,1,1,0.66161764
2,0,0,0.36048365
2,0,0,0.39160421
2,0,1,0.7426077
2,1,1,0.56124264
2,1,1,0.76625806
2,0,0,0.14387546
2,0,1,0.60329527
2,1,1,0.6107874
2,1,1,0.8847421
2,1,1,0.7862999
2,1,1,0.7306263
2,1,1,0.7849843
2,0,1,0.8204397
2,1,1,0.8593991
2,0,0,0.4436373
2,1,1,0.78708917
2,0,1,0.51581126
2,0,1,0.6791206
2,0,0,0.47726452
2,0,1,0.677748
2,0,0,0.32688043
2,1,1,0.7999303
2,1,0,0.4800744
2,1,1,0.8445879
2,1,1,0.9371241
2,0,1,0.60033005
2,0,1,0.8618861
2,0,0,0.30712068
2,1,1,0.8317223
2,0,0,0.36981332
2,0,1,0.69192135
2,1,1,0.8347965
2,1,1,0.64970535
2,1,1,0.624197
2,0,1,0.6396994
2,1,0,0.45309803
2,1,0,0.4543724
2,0,0,0.38027045
2,1,1,0.59447616
2,0,0,0.368313
2,0,0,0.1902314
2,0,0,0.38287887
2,1,1,0.6070441
2,0,0,0.21408275
2,0,0,0.44567868
2,1,1,0.6353579
2,0,0,0.3344031
2,0,0,0.29145947
2,1,1,0.7891556
2,0,0,0.3637553
2,1,1,0.5784603
2,1,0,0.409307
2,0,0,0.3828433
2,0,0,0.3092147
2,0,0,0.11392571
2,0,1,0.68143636
2,0,0,0.168473
2,0,0,0.43140766
2,1,0,0.2917284
2,1,1,0.57667464
2,1,1,0.7983015
2,0,1,0.55413526
2,0,0,0.43147826
2,0,0,0.45186213
2,0,0,0.42467803
2,0,0,0.2912497
2,1,0,0.3601336
2,0,0,0.26344696
2,0,0,0.23762967
2,0,0,0.3418561
2,1,0,0.42195916
2,1,1,0.59853613
2,0,0,0.16238424
2,1,0,0.35531285
2,0,1,0.61733264
2,0,0,0.104588956
2,0,0,0.24934903
2,0,0,0.096828654
2,1,1,0.68774027
2,1,1,0.809395
2,1,1,0.86468977
2,0,0,0.1205844
2,0,1,0.577123
2,1,1,0.77611905
2,0,1,0.6161767
2,1,0,0.3895842
2,1,1,0.7367208
2,0,0,0.30028304
2,1,1,0.6667376
2,0,0,0.2596496
2,0,1,0.66176516
2,1,1,0.8599889
2,0,0,0.39581445
2,1,0,0.45578086
2,0,0,0.31061342
2,0,0,0.31736037
2,1,0,0.42968965
2,1,1,0.60533535
2,1,1,0.5415402
2,0,1,0.67537385
2,0,0,0.40293053
2,0,0,0.21429713
2,0,0,0.21974725
2,0,0,0.21077666
2,1,0,0.33921388
2,0,0,0.26626077
2,1,0,0.25793964
2,0,0,0.30999824
2,1,1,0.57624066
2,0,1,0.5949361
2,0,0,0.23668942
2,1,1,0.57063246
2,0,0,0.4881829
2,1,1,0.541219
2,0,0,0.18168654
2,0,1,0.62297374
2,0,1,0.5252176
2,0,1,0.64222676
2,0,0,0.3498635
2,1,0,0.4102792
2,1,0,0.3582242
2,0,0,0.482348
2,0,0,0.29075298
2,0,0,0.28795585
2,1,1,0.7396485
2,1,0,0.33569664
2,1,0,0.41758078
2,0,1,0.599584
2,1,0,0.31489214
2,1,0,0.13127105
2,0,0,0.32846993
2,0,0,0.26640704
2,0,0,0.2541259
2,0,0,0.34194905
2,1,1,0.56418884
2,1,0,0.25566953
2,0,0,0.28780457
2,0,1,0.6071767
2,0,1,0.58501303
2,0,0,0.3267048
2,0,1,0.5658692
2,0,1,0.57086825
2,0,0,0.061091207
2,1,1,0.8784579
2,0,0,0.2317512
2,1,1,0.8465105
2,1,1,0.55130935
2,0,1,0.70801854
2,1,0,0.37100506
2,0,0,0.12232283
2,0,0,0.39315647
2,1,1,0.6406148
2,1,1,0.6711334
2,0,0,0.3647659
2,0,1,0.6189355
2,1,0,0.448144
2,0,0,0.25124997
2,1,0,0.17085071
2,0,0,0.078907005
2,1,0,0.45175833
2,0,1,0.6270891
2,0,0,0.10138214
2,1,0,0.45660585
2,1,1,0.8065991
2,0,0,0.14912456
2,1,1,0.5897257
2,1,1,0.69268054
2,1,1,0.724702
2,0,0,0.46803418
2,0,0,0.3791011
2,1,1,0.90304685
2,0,0,0.4720349
2,1,0,0.34818682
2,1,1,0.7831923
2,0,1,0.5545518
2,1,1,0.548432
2,1,1,0.5737808
2,0,0,0.081269495
2,0,0,0.23664862
2,1,1,0.56269544
2,0,0,0.13130991
2,1,0,0.44271
2,0,0,0.38737443
2,0,0,0.37205803
2,1,1,0.5435356
2,1,1,0.7796185
2,0,1,0.5464045
2,0,0,0.17106965
2,1,1,0.80810565
2,1,0,0.45681223
2,0,0,0.40682626
2,1,0,0.441834
2,1,0,0.37037066
2,0,0,0.31720176
2,1,0,0.39753067
2,0,0,0.090157986
2,1,0,0.35394773
2,0,0,0.44881263
2,0,0,0.1458838
2,0,1,0.67458117
2,1,0,0.20290717
2,0,0,0.28982326
2,0,0,0.21511383
2,0,0,0.3049305
2,1,1,0.59230876
2,1,0,0.32354853
2,1,1,0.75872076
2,0,0,0.48046857
2,1,1,0.66196483
2,0,1,0.7726971
2,1,1,0.6341537
2,0,0,0.22085105
2,1,1,0.6027099
2,1,1,0.72513115
2,1,0,0.28120238
2,0,0,0.114959665
2,1,1,0.90051395
2,0,0,0.41390568
2,0,0,0.09853921
2,0,0,0.40140253
2,0,1,0.57194126
2,0,1,0.5055309
2,1,1,0.6250141
2,0,1,0.5650538
2,1,0,0.45638737
2,1,1,0.83133614
2,1,1,0.7444665
2,1,0,0.46048233
2,0,0,0.23605894
2,0,1,0.72810066
2,1,0,0.40177357
2,1,0,0.2777679
2,0,1,0.7294863
2,1,0,0.4262076
2,0,0,0.33143052
2,1,1,0.67356575
2,1,1,0.5149967
2,1,1,0.85058975
2,0,0,0.3221726
2,0,0,0.30704156
2,1,1,0.5808305
2,0,1,0.65658516
2,0,0,0.39943945
2,0,1,0.52557236
2,1,1,0.81502235
2,0,0,0.43200213
2,1,1,0.6445482
2,1,1,0.5928133
2,0,0,0.40832087
2,0,0,0.18000168
2,0,0,0.3231742
2,0,0,0.28978324
2,0,0,0.37515968
2,0,0,0.22888523
2,1,1,0.53332067
2,1,1,0.6039874
2,1,1,0.560678
2,0,0,0.2859648
2,0,0,0.3551271
2,0,0,0.34402144
2,0,0,0.2564341
2,0,0,0.31134456
2,1,1,0.7185501
2,0,0,0.409879
2,0,0,0.34913346
2,1,0,0.4737061
2,1,1,0.595834
2,1,1,0.64540505
2,1,1,0.54839426
2,0,0,0.24756345
2,0,0,0.109781034
2,1,1,0.53872013
2,1,1,0.6683395
2,0,0,0.40646228
2,1,1,0.9172174
2,1,1,0.85031843
2,0,0,0.41201267
2,0,1,0.5657448
2,0,0,0.19680941
2,1,1,0.71193916
2,1,1,0.6927939
2,0,0,0.2815936
2,0,0,0.13073958
2,1,1,0.6518627
2,0,0,0.39858088
2,1,1,0.8807581
2,1,1,0.5864704
2,1,1,0.5375061
2,0,0,0.34994885
2,1,1,0.87492186
2,1,1,0.6229707
2,1,0,0.42551595
2,1,0,0.49463803
2,0,0,0.24194215
2,0,1,0.7774806
2,1,1,0.6292004
2,0,1,0.7138014
2,1,1,0.684696
2,0,0,0.4058853
2,0,1,0.73381776
2,1,1,0.6961011
2,0,1,0.6576846
2,1,1,0.6878533
2,0,1,0.63098085
2,0,1,0.51329446
2,1,1,0.76088154
2,0,0,0.19850652
2,1,1,0.64352626
2,1,1,0.8837587
2,0,1,0.58813465
2,0,0,0.2555033
2,1,0,0.47847837
2,1,1,0.8686672
2,1,1,0.8590456
2,1,1,0.87065023
2,1,1,0.58784145
2,0,1,0.53448725
2,0,0,0.34956172
2,0,1,0.602325
2,1,1,0.8106883
2,0,0,0.33934927
2,0,0,0.25477704
2,0,0,0.48609686
2,0,0,0.44322354
2,1,1,0.881337
2,1,1,0.8442663
2,0,0,0.47120118
2,0,1,0.81914145
2,0,0,0.39147305
2,1,1,0.8635223
2,0,0,0.33275652
2,1,1,0.7540169
2,1,1,0.53023183
2,1,1,0.5969199
2,1,1,0.5741774
2,1,1,0.83199614
2,0,1,0.5414665
2,1,1,0.6526221
2,1,1,0.7337249
2,0,1,0.61170405
2,0,0,0.3731998
2,0,1,0.66050154
2,0,0,0.49406472
2,0,1,0.66146797
2,1,1,0.6198644
2,1,1,0.6143287
2,0,0,0.46198505
2,1,0,0.23148985
2,0,0,0.1913424
2,1,1,0.8668212
2,1,1,0.81569666
2,0,0,0.342821
2,1,1,0.7098346
2,0,1,0.80012023
2,0,1,0.6575673
2,1,1,0.84630454
2,0,1,0.6241106
2,0,1,0.64363456
2,0,0,0.12705515
2,0,0,0.1246956
2,1,1,0.8332267
2,1,1,0.67598027
2,0,0,0.45959437
2,0,0,0.45075187
2,1,1,0.835881
2,0,1,0.54056543
2,1,1,0.5075821
2,1,1,0.72995996
2,1,1,0.6995036
2,1,1,0.6613165
2,1,1,0.73869723
2,0,1,0.55312765
2,1,1,0.53564864
2,0,0,0.4171336
2,1,1,0.85205126
2,0,0,0.47100195
2,1,1,0.80205053
2,0,1,0.7139073
2,1,1,0.7631121
2,1,1,0.8263333
2,0,0,0.45998794
2,0,1,0.5459316
2,1,1,0.6949132
2,1,0,0.4985473
2,0,0,0.4874271
2,0,0,0.093931235
2,1,1,0.58111155
2,0,1,0.5203212
2,0,1,0.64414614
2,1,0,0.29516926
2,1,1,0.7919721
2,0,0,0.21856056
2,1,1,0.8555055
2,0,0,0.43294096
2,1,1,0.63854724
2,1,1,0.5816084
2,0,1,0.55904293
2,0,0,0.42706627
2,0,0,0.085906066
2,0,1,0.6816774
2,1,1,0.6373653
2,0,0,0.22816981
2,0,1,0.9507592
2,1,1,0.85383934
2,0,1,0.51800996
2,1,1,0.6666648
2,1,1,0.90268475
2,0,0,0.23358963
2,0,0,0.4636256
2,0,0,0.33276075
2,1,0,0.3915023
2,0,1,0.8713701
2,1,1,0.6842241
2,0,0,0.38334563
2,0,1,0.74754876
2,1,1,0.78381276
2,0,0,0.47661257
2,0,0,0.40116152
2,1,1,0.7885133
2,0,1,0.8098475
2,1,1,0.858853
2,0,0,0.4909679
2,0,0,0.49376592
2,1,1,0.82415736
2,1,1,0.63272756
2,1,1,0.85243237
2,0,0,0.48765734
2,0,1,0.7170591
2,0,0,0.34578535
2,0,1,0.56713986
2,1,1,0.7979912
2,0,0,0.38334563
2,0,0,0.2121265
2,1,1,0.93391734
2,0,1,0.738355
2,1,1,0.7892861
2,1,1,0.62124467
2,0,0,0.176392
2,1,1,0.87594354
2,1,1,0.83716154
2,0,0,0.38897413
2,0,1,0.8587139
2,0,1,0.66564906
2,1,1,0.70597595
2,1,1,0.8477046
2,0,1,0.6818899
2,1,1,0.8592889
2,1,1,0.7833419
2,1,1,0.5309192
2,1,1,0.5785514
2,0,1,0.5003002
2,1,1,0.60291445
2,0,0,0.34564024
2,1,1,0.66761833
2,1,1,0.83739185
2,1,0,0.42643386
2,0,0,0.40899912
2,1,1,0.60054284
2,1,1,0.72635305
2,0,0,0.37272668
2,0,0,0.2229731
2,0,1,0.6665537
2,1,0,0.4510422
2,0,0,0.39005637
2,1,1,0.551831
2,1,1,0.5048471
2,1,0,0.42817676
2,0,0,0.07661567
2,0,1,0.90779495
2,0,0,0.37937754
2,0,0,0.17622383
2,0,0,0.34276363
2,0,0,0.21567233
2,0,1,0.7927939
2,1,1,0.8483673
2,1,1,0.55035824
2,0,0,0.10956639
2,1,1,0.66741097
2,0,0,0.4900607
2,0,0,0.16744974
2,0,1,0.6038247
2,1,1,0.5716274
2,1,1,0.595027
2,1,1,0.7016543
2,1,1,0.84200144
2,1,0,0.25900406
2,0,0,0.42364788
2,0,1,0.62553835
2,1,1,0.66934013
2,1,0,0.35253823
2,1,1,0.7290622
2,1,1,0.6340243
2,0,0,0.49295938
2,1,1,0.5482815
2,1,0,0.2994394
2,1,1,0.5878194
2,0,0,0.4663699
2,0,1,0.86279917
2,1,0,0.16877978
2,0,1,0.70176184
2,0,1,0.52603316
2,1,0,0.36274254
2,0,1,0.74885964
2,0,0,0.33392
2,0,0,0.2306628
2,1,1,0.9246117
2,1,1,0.7893948
2,1,0,0.4024735
2,0,0,0.43366638
2,1,1,0.58162194
2,1,1,0.7315646
2,0,0,0.18166417
2,0,1,0.77278817
2,1,0,0.47641027
2,1,0,0.24579506
2,1,1,0.8506037
2,1,1,0.5003167
2,0,0,0.19395247
2,1,1,0.72807705
2,1,0,0.43217215
2,0,1,0.7773811
2,0,0,0.22389567
2,0,1,0.7641588
2,0,1,0.64552677
2,0,0,0.47497314
2,0,1,0.76954955
2,0,1,0.64956903
2,1,1,0.8203277
2,1,1,0.70951974
2,1,1,0.8435475
2,0,1,0.6373275
2,0,1,0.6327417
2,1,1,0.81891316
2,1,0,0.46913713
2,1,0,0.3573874
2,0,0,0.06429793
2,0,1,0.8672453
2,0,1,0.82946736
2,1,1,0.72497356
2,1,1,0.7801044
2,0,0,0.35107264
2,1,1,0.7779453
2,1,1,0.82541156
2,0,0,0.43374228
2,1,1,0.77847147
2,1,1,0.6082473
2,1,0,0.25102493
2,1,0,0.4806716
2,1,1,0.65312165
2,0,1,0.5508094
2,1,0,0.4229068
2,1,1,0.536929
2,1,1,0.9281938
2,0,0,0.44010648
2,1,1,0.8139091
2,1,1,0.5731083
2,0,0,0.3887308
2,0,0,0.19847788
2,1,1,0.8531848
2,0,1,0.50934505
2,1,1,0.6564297
2,1,1,0.6915499
2,1,1,0.5373532
2,0,1,0.55290747
2,1,1,0.6455506
2,0,1,0.5139184
2,1,1,0.7142167
2,1,1,0.70642304
2,1,0,0.49935034
2,1,1,0.7875271
2,0,0,0.12760134
2,0,0,0.32545814
2,0,0,0.18617158
2,0,0,0.11086143
2,0,0,0.34449407
2,0,0,0.17160872
2,0,0,0.18494701
2,0,1,0.5519684
2,0,0,0.18701033
2,1,1,0.69195175
2,0,1,0.55299616
2,1,1,0.6274117
2,1,1,0.7153001
2,0,0,0.16788954
2,1,1,0.6523712
2,0,0,0.17660293
2,1,0,0.32935098
2,1,1,0.84842473
2,0,1,0.6251677
2,1,1,0.8239836
2,0,0,0.41170296
2,0,0,0.43768415
2,1,1,0.59580594
2,0,1,0.6160723
2,0,1,0.61954486
2,0,0,0.47402334
2,0,1,0.6399755
2,1,1,0.7198553
2,1,0,0.3570199
2,0,0,0.19507565
2,1,0,0.3526337
2,0,0,0.08024798
2,1,1,0.5627574
2,1,1,0.6969388
2,0,0,0.32410726
2,1,1,0.6536899
2,1,0,0.44484648
2,0,0,0.36859027
2,0,1,0.70543677
2,1,1,0.7587496
2,0,0,0.47349897
2,1,1,0.6528906
2,1,1,0.9090752
2,0,1,0.5571354
2,1,1,0.5892784
2,1,1,0.871262
2,0,1,0.60981864
2,1,1,0.9273968
2,0,0,0.44603297
2,1,1,0.8113727
2,0,0,0.49474874
2,1,1,0.65617263
2,1,1,0.824015
2,0,1,0.653633
2,0,1,0.52085215
2,0,1,0.543183
2,1,1,0.6889631
2,1,1,0.5165979
2,0,1,0.578054
2,0,1,0.8127647
2,1,1,0.7216861
2,0,1,0.5035033
2,0,1,0.6747906
2,1,1,0.7503846
2,0,0,0.39169016
2,1,1,0.8082834
2,0,0,0.3709555
2,1,1,0.6197981
2,1,1,0.8272355
2,0,0,0.18042587
2,1,1,0.6897966
2,0,0,0.3832784
2,1,0,0.31879726
2,1,0,0.40807146
2,0,1,0.585127
2,0,1,0.57939214
2,1,1,0.7981541
2,1,1,0.6483854
2,1,1,0.6718787
2,1,0,0.4487398
2,1,0,0.14307837
2,0,0,0.12140296
2,0,0,0.30308086
2,0,0,0.1492415
2,0,0,0.21105589
2,1,1,0.64411455
2,1,1,0.76860833
2,0,0,0.32097492
2,1,0,0.3905547
2,0,1,0.6977141
2,1,0,0.45523596
2,0,0,0.28308532
2,1,1,0.61019963
2,0,1,0.62455934
2,0,0,0.10024394
2,0,0,0.1500648
2,1,1,0.6180172
2,1,1,0.55910933
2,1,1,0.7653767
2,0,1,0.70629764
2,0,1,0.69514364
2,0,1,0.60212
2,0,0,0.24971634
2,1,1,0.92712885
2,1,1,0.52691674
2,0,0,0.32441923
2,1,1,0.9237078
2,0,0,0.28174
2,1,1,0.9148191
2,0,1,0.5529025
2,1,1,0.6786534
2,1,1,0.9445351
2,0,1,0.7920073
2,1,1,0.5595375
2,0,1,0.6212919
2,0,0,0.36179003
2,1,1,0.81654847
2,1,1,0.84159064
2,0,1,0.62454855
2,1,1,0.644777
2,1,0,0.49395815
2,0,0,0.22898017
2,1,1,0.85077184
2,0,0,0.120143175
2,0,0,0.32061055
2,1,1,0.88671184
2,1,1,0.8303243
2,0,1,0.54461974
2,1,1,0.81216824
2,1,1,0.85533124
2,0,1,0.6411282
2,1,0,0.48578292
2,0,1,0.76329833
2,1,0,0.28444862
2,0,0,0.3095064
2,0,0,0.34197083
2,1,1,0.6760342
2,1,1,0.8497546
2,0,1,0.6722827
2,1,1,0.5647765
2,1,1,0.80936486
2,0,1,0.7996827
2,1,1,0.8614
2,0,0,0.268456
2,0,0,0.30884543
2,0,0,0.24282238
2,0,0,0.26052096
2,1,1,0.72485954
2,0,0,0.44322845
2,0,0,0.0954004
2,1,1,0.8494588
2,0,1,0.83859485
2,0,1,0.76967686
2,0,1,0.58581764
2,0,0,0.37223718
2,1,1,0.925972
2,0,0,0.46391255
2,1,1,0.5587431
2,1,1,0.73126453
2,0,1,0.64104235
2,0,0,0.20442986
2,0,0,0.4425404
2,1,1,0.90343726
2,1,1,0.7505676
2,1,1,0.71171016
2,0,1,0.7343337
2,1,1,0.8209996
2,1,1,0.5551649
2,1,1,0.6911392
2,1,1,0.92060095
2,0,0,0.3103234
2,0,0,0.29725403
2,1,1,0.6181311
2,1,1,0.5518175
2,1,1,0.8452612
2,0,0,0.16400094
2,1,1,0.84146345
2,0,0,0.48786166
2,0,0,0.2788285
2,0,1,0.5559467
2,0,0,0.18884993
2,1,1,0.8968886
2,0,1,0.6337838
2,1,1,0.7434232
2,1,1,0.8279661
2,0,1,0.70006675
2,0,1,0.6673779
2,0,0,0.4678291
2,0,0,0.21089722
2,0,1,0.82536685
2,1,1,0.89508057
2,0,0,0.3652742
2,1,1,0.8248036
2,0,0,0.34058756
2,0,1,0.76421255
2,0,1,0.60780615
2,0,0,0.21530698
2,1,1,0.72546107
2,0,1,0.5249782
2,0,1,0.62892306
2,1,1,0.7129744
2,0,1,0.5298909
2,1,1,0.8221609
2,1,1,0.69554025
2,0,1,0.7411428
2,1,1,0.7854712
2,0,0,0.4902303
2,1,0,0.42569312
2,1,1,0.55050087
2,0,0,0.29171753
2,1,0,0.23637764
2,0,0,0.3705238
2,0,1,0.7237449
2,0,0,0.16563055
2,1,1,0.7040332
2,0,1,0.51479846
2,0,1,0.8380119
2,1,1,0.7649519
2,1,0,0.3859953
2,1,1,0.60225195
2,1,1,0.52905667
2,1,1,0.5440894
2,1,1,0.65887976
2,0,1,0.6848922
2,0,1,0.8542789
2,1,1,0.62606615
2,0,1,0.85079163
2,0,0,0.28196397
2,1,1,0.7949462
2,0,0,0.4096675
2,0,1,0.8133186
2,0,1,0.79675955
2,1,1,0.68602705
2,1,1,0.6657695
2,0,0,0.39962512
2,1,1,0.8276565
2,1,1,0.5282031
2,0,1,0.68941444
2,1,1,0.70231885
2,1,0,0.46541992
2,0,1,0.76027507
2,1,1,0.83201754
2,1,1,0.60288674
2,0,0,0.4987309
2,0,1,0.72061765
2,0,1,0.7251187
2,0,1,0.6703707
2,0,0,0.42484072
2,1,1,0.50619525
2,1,1,0.72378916
2,0,1,0.58607394
2,1,1,0.5837785
2,0,0,0.4980892
2,0,1,0.7813441
2,0,1,0.5178614
2,0,1,0.6176866
2,0,0,0.49400556
2,1,1,0.5964575
2,0,0,0.32869974
2,1,1,0.80401313
2,0,0,0.40817037
2,0,1,0.60840195
2,1,1,0.6353866
2,1,1,0.84257984
2,1,1,0.6201625
2,1,1,0.80645245
2,0,0,0.15957049
2,1,1,0.8686129
2,1,1,0.5934001
2,1,1,0.6966115
2,1,1,0.7624442
2,0,1,0.66721976
2,0,0,0.09546054
2,0,0,0.10514371
2,1,1,0.72858226
2,0,0,0.34734195
2,0,0,0.22296485
2,0,1,0.6744858
2,1,1,0.79906803
2,0,1,0.6044156
2,1,1,0.9426489
2,1,1,0.817802
2,1,1,0.88269645
2,1,1,0.8810285
2,1,0,0.433597
2,1,1,0.66409665
2,0,0,0.45519844
2,0,0,0.07217636
2,1,1,0.76134056
2,0,0,0.41486844
2,0,0,0.41133428
2,0,1,0.6599374
2,0,1,0.7543008
2,0,0,0.38899103
2,0,0,0.49656984
2,0,0,0.4440628
2,0,1,0.586835
2,1,0,0.46591836
2,0,0,0.2449938
2,0,1,0.6098844
2,1,0,0.32606182
2,1,1,0.84222835
2,1,1,0.8131644
2,0,1,0.73299927
2,1,1,0.6332557
2,1,1,0.8473139
2,0,0,0.22608078
2,1,0,0.3573874
2,0,1,0.5359471
2,0,1,0.61326355
2,1,1,0.92160267
2,1,1,0.77787185
2,0,1,0.5225575
2,0,1,0.55164194
2,0,0,0.40164968
2,0,0,0.40690634
2,0,0,0.2525248
2,0,1,0.8563915
2,0,1,0.9211003
2,0,1,0.512829
2,0,1,0.52251315
2,1,1,0.7611375
2,1,1,0.53908277
2,1,1,0.61832494
2,0,1,0.51062775
2,1,1,0.79898417
2,0,1,0.61604637
2,0,1,0.58785266
2,1,1,0.73421234
2,1,1,0.61521626
2,0,1,0.8498986
2,0,0,0.16376615
2,0,1,0.84232044
2,1,1,0.6979156
2,0,0,0.08303413
2,0,1,0.5423461
2,0,1,0.922095
2,1,1,0.7923862
2,1,1,0.8843642
2,1,0,0.40594673
2,1,1,0.85703194
2,1,1,0.72845507
2,0,0,0.39352137
2,0,0,0.2687712
2,0,1,0.54241604
2,1,1,0.51835513
2,1,1,0.61311734
2,1,1,0.7605907
2,1,1,0.64091074
2,0,0,0.43226314
2,0,1,0.7372218
2,1,1,0.58105385
2,1,1,0.51293087
2,0,1,0.6293781
2,0,0,0.1842101
2,1,1,0.6382852
2,0,0,0.20956714
2,1,1,0.67574435
2,0,0,0.32572725
2,1,1,0.6695869
2,1,1,0.7391159
2,1,1,0.57654834
2,1,1,0.68717146
2,0,0,0.22512907
2,1,1,0.6942882
2,1,0,0.46384275
2,0,1,0.5943625
2,1,0,0.23438051
2,0,1,0.6746686
2,1,1,0.8585515
2,0,0,0.33577505
2,0,1,0.5237686
2,0,0,0.47859052
2,0,1,0.532086
2,0,0,0.32888907
2,0,1,0.7351245
2,1,1,0.7063784
2,1,0,0.34970126
2,0,1,0.53873974
2,0,1,0.8336059
2,1,1,0.7756038
2,0,0,0.34168163
2,1,1,0.6868044
2,1,1,0.804834
2,1,1,0.8028049
2,0,0,0.36200982
2,1,1,0.6785778
2,1,1,0.7964529
2,0,0,0.3091334
2,0,1,0.73876095
2,0,0,0.47871646
2,1,1,0.69936085
2,0,1,0.58630556
2,0,0,0.10619337
2,0,1,0.6286475
2,1,1,0.58576065
2,0,1,0.51099145
2,0,1,0.8889863
2,0,0,0.48242128
2,1,1,0.8796016
2,0,0,0.18439503
2,1,1,0.84998655
2,0,0,0.45146042
2,0,1,0.8483091
2,1,1,0.82577163
2,1,1,0.8443593
2,0,0,0.2624407
2,0,1,0.7641645
2,0,1,0.5239935
2,0,1,0.5116579
2,1,1,0.85779124
2,1,1,0.6575298
2,0,0,0.43362427
2,1,1,0.58929205
2,1,1,0.8563315
2,1,1,0.8249592
2,0,1,0.53115845
2,1,0,0.423222
2,1,1,0.8058879
2,1,1,0.80742544
2,1,1,0.84749943
2,0,1,0.5469201
2,0,1,0.778696
2,1,0,0.44083697
2,1,0,0.36096728
2,0,1,0.5357878
2,1,1,0.6017137
2,1,1,0.770478
2,0,1,0.78972477
2,1,1,0.82571656
2,0,1,0.7601595
2,1,1,0.8719607
2,0,1,0.5913033
2,0,1,0.75617045
2,0,1,0.7651267
2,1,1,0.8703162
2,0,1,0.7080219
2,1,0,0.48130092
2,1,1,0.6720394
2,0,0,0.2494834
2,0,1,0.6168896
2,1,1,0.7851412
2,0,1,0.64271635
2,0,1,0.8137418
2,1,0,0.29685083
2,0,1,0.66558695
2,0,0,0.28349313
2,1,1,0.6590271
2,0,1,0.5819822
2,1,1,0.5102827
2,1,1,0.75388294
2,0,1,0.583143
2,1,1,0.6357973
2,1,1,0.77239305
2,1,0,0.44802356
2,1,1,0.54701555
2,0,1,0.70180744
2,0,0,0.37433764
2,0,1,0.6994063
2,0,0,0.29204118
2,0,0,0.16600804
2,0,0,0.35075745
2,1,1,0.88744277
2,1,1,0.79536605
2,1,1,0.7277049
2,1,0,0.42797512
2,1,1,0.6187087
2,1,1,0.6953258
2,0,0,0.422711
2,0,1,0.52574074
2,0,1,0.7438829
2,1,1,0.55962014
2,1,0,0.40225533
2,1,0,0.3886877
2,1,1,0.51012075
2,1,0,0.29777637
2,1,1,0.7000941
2,1,1,0.70906854
2,0,0,0.31534258
2,1,1,0.6985473
2,1,1,0.78279704
2,1,1,0.8341333
2,0,1,0.5013901
2,0,0,0.10527198
2,0,1,0.53959084
2,0,0,0.41726673
2,1,0,0.49565014
2,0,0,0.44810155
2,0,0,0.4669794
2,0,0,0.43916923
2,1,1,0.7628872
2,1,1,0.707821
2,0,0,0.18312965
2,1,1,0.56750596
2,0,0,0.29403389
2,1,1,0.79303133
2,0,0,0.2958886
2,1,1,0.63476837
2,0,1,0.7705621
2,1,1,0.80102354
2,1,1,0.9057134
2,0,1,0.6300785
2,0,1,0.7676337
2,0,0,0.44916308
2,1,0,0.43542686
2,1,1,0.6193658
2,0,1,0.5319958
2,1,1,0.76445156
2,1,1,0.50978124
2,1,0,0.47336102
2,1,1,0.7833779
2,0,1,0.8235723
2,0,1,0.6448585
2,0,0,0.41353714
2,1,1,0.78442645
2,0,0,0.4963244
2,1,0,0.43808746
2,0,0,0.45440924
2,1,1,0.763049
2,1,1,0.822325
2,0,1,0.69841367
2,1,1,0.54794836
2,0,0,0.19809684
2,0,0,0.13668025
2,1,1,0.8905126
2,1,1,0.8484212
2,1,1,0.65214825
2,0,1,0.6958331
2,1,1,0.8468569
2,1,1,0.68937767
2,1,1,0.8452589
2,0,1,0.82805115
2,0,1,0.73584205
2,0,0,0.46919543
2,1,1,0.87950015
2,0,0,0.24426624
2,0,0,0.3966149
2,1,1,0.76026714
2,1,1,0.866298
2,0,1,0.66004807
2,1,1,0.9314548
2,0,0,0.33105475
2,0,0,0.25039747
2,1,1,0.8646993
2,0,1,0.60224074
2,0,1,0.7463327
2,1,1,0.88749707
2,0,1,0.9119604
2,1,1,0.62805396
2,1,0,0.4597564
2,1,1,0.8155326
2,1,0,0.45379385
2,1,0,0.42574164
2,1,0,0.16736515
2,0,0,0.25806084
2,1,1,0.6478026
2,1,0,0.42248595
2,0,1,0.75795335
2,0,0,0.46674836
2,1,1,0.7433378
2,0,0,0.32815325
2,0,1,0.6487348
2,0,0,0.15860432
2,1,1,0.9379854
2,0,0,0.49635932
2,0,0,0.12004094
2,0,1,0.6594266
2,0,1,0.63396686
2,0,1,0.7039896
2,1,1,0.8803404
2,1,1,0.6507035
2,0,1,0.5271229
2,1,1,0.80321467
2,1,1,0.72400784
2,0,0,0.28548875
2,0,1,0.8624802
2,1,1,0.7508585
2,0,1,0.7656498
2,0,1,0.79154426
2,1,1,0.86501914
2,0,0,0.38689947
2,0,1,0.8051481
2,1,1,0.6942446
2,0,1,0.6376398
2,1,1,0.6831004
2,1,1,0.56463975
2,0,1,0.62740195
2,0,0,0.24385796
2,1,1,0.9130928
2,1,1,0.8101097
2,1,1,0.61753535
2,0,0,0.098694384
2,0,1,0.5801154
2,1,1,0.75545514
2,0,1,0.7020994
2,0,0,0.47356528
2,0,0,0.15276657
2,0,0,0.22963433
2,1,0,0.36494374
2,0,1,0.77980316
2,0,1,0.84522367
2,0,0,0.48431018
2,1,1,0.56179124
2,1,1,0.7277392
2,1,1,0.5529828
2,0,1,0.6639281
2,0,1,0.6592588
2,0,1,0.6910488
2,0,1,0.63012385
2,1,1,0.81305206
2,1,1,0.64402825
2,1,1,0.9130928
2,1,1,0.8101097
2,1,1,0.61753535
2,0,0,0.098694384
2,0,1,0.5801154
2,1,1,0.75545514
2,0,1,0.7020994
2,0,0,0.47356528
2,0,0,0.15276657
2,0,0,0.22963433
2,1,0,0.36494374
2,0,1,0.77980316
2,1,1,0.8523307
2,1,0,0.32269815
2,0,1,0.50098866
2,0,0,0.100650236
2,0,0,0.36069527
2,1,1,0.73468417
2,1,1,0.74756384
2,0,0,0.17967276
2,0,1,0.7401646
2,0,1,0.5093854
2,0,0,0.24226496
2,1,1,0.77495843
2,1,1,0.6388239
2,0,0,0.37981692
2,1,1,0.60392165
2,0,0,0.110303774
2,0,0,0.47157156
2,1,1,0.6209327
2,0,0,0.22976056
2,0,1,0.5176941
2,1,0,0.19062395
2,1,1,0.88892937
2,0,1,0.6170993
2,0,1,0.51344955
2,0,0,0.38271442
2,1,1,0.71621364
2,0,1,0.71162134
2,1,1,0.59897935
2,1,1,0.8237629
2,1,1,0.6403775
2,0,0,0.44731227
2,0,0,0.09711305
2,1,1,0.6872641
2,1,1,0.5341991
2,0,1,0.5382789
2,1,1,0.666251
2,1,1,0.8156967
2,0,1,0.51348585
2,0,0,0.46263972
2,0,0,0.11154194
2,1,1,0.79189765
2,1,1,0.77874136
2,1,1,0.8377763
2,1,1,0.63977426
2,0,1,0.5521394
2,0,1,0.5179861
2,1,1,0.7272814
2,0,1,0.8030223
2,1,1,0.5119675
2,0,0,0.45852792
2,1,1,0.86323726
2,1,1,0.8051005
2,0,1,0.5512583
2,1,1,0.6851705
2,1,0,0.30510065
2,0,0,0.26076946
2,0,0,0.18396902
2,0,0,0.1416597
2,1,1,0.6192753
2,0,0,0.28535154
2,0,0,0.49074134
2,1,1,0.6748503
2,1,1,0.6897546
2,0,0,0.318289
2,0,0,0.20796497
2,0,1,0.50164783
2,1,1,0.617129
2,1,1,0.6383138
2,0,1,0.5261878
2,1,0,0.38924247
2,0,1,0.6590949
2,1,1,0.58299196
2,0,1,0.5672516
2,0,1,0.7709098
2,0,0,0.495807
2,1,1,0.5401048
2,0,0,0.47090307
2,1,1,0.67245275
2,0,0,0.16091879
2,1,0,0.4722731
2,0,0,0.14398275
2,0,0,0.23539115
2,0,0,0.30412018
2,1,1,0.5749953
2,0,1,0.60042983
2,0,0,0.443796
2,1,1,0.67933977
2,1,0,0.35491663
2,0,1,0.6322386
2,0,0,0.37761566
2,1,1,0.61825216
2,0,0,0.12640622
2,1,1,0.61657697
2,1,1,0.7326406
2,1,1,0.64472705
2,0,1,0.6436638
2,0,0,0.2887881
2,1,0,0.37092122
2,0,0,0.27076125
2,0,0,0.22880876
2,0,1,0.57023
2,1,0,0.48266885
2,0,0,0.22261254
2,0,1,0.7458596
2,0,1,0.6706941
2,1,1,0.87446046
2,0,1,0.80704343
2,1,1,0.68627393
2,0,0,0.37820366
2,1,1,0.7647659
2,0,0,0.49621677
2,1,1,0.7670539
2,0,0,0.3584051
2,1,1,0.6326721
2,0,1,0.5723201
2,0,0,0.32111585
2,0,0,0.3914806
2,1,1,0.74695975
2,0,1,0.79396206
2,1,1,0.5746917
2,0,0,0.46299806
2,0,0,0.11812676
2,1,1,0.8086624
2,0,1,0.7554411
2,0,1,0.50633043
2,0,1,0.72798187
2,1,1,0.66367847
2,0,0,0.4512913
2,1,1,0.61682755
2,1,0,0.4926453
2,0,1,0.62826604
2,1,1,0.9270729
2,1,1,0.86222935
2,1,1,0.6120068
2,0,0,0.40455267
2,1,1,0.8152626
2,0,1,0.8036889
2,0,0,0.37921557
2,0,1,0.69744605
2,1,1,0.6185227
2,0,0,0.28702813
2,1,1,0.7500013
2,0,1,0.724032
2,1,1,0.7505385
2,0,0,0.13650401
2,0,0,0.11128817
2,1,1,0.87544084
2,0,1,0.7079248
2,0,1,0.7594028
2,0,0,0.19205166
2,1,1,0.5049729
2,0,0,0.40425166
2,0,0,0.3093341
2,1,0,0.28218806
2,1,0,0.19125186
2,0,0,0.12750226
2,1,1,0.5788167
2,0,1,0.5077571
2,0,1,0.6802261
2,1,0,0.31792966
2,0,1,0.6227288
2,0,1,0.5176941
2,0,0,0.19062398
2,0,1,0.68927336
2,1,1,0.59684956
2,1,1,0.7625751
2,0,0,0.3537883
2,1,0,0.42988077
2,0,0,0.47157156
2,0,0,0.46342462
2,0,0,0.4601495
2,0,0,0.1544991
2,0,1,0.504918
2,1,1,0.67346627
2,1,1,0.6306279
2,1,0,0.18789952
2,1,1,0.8751795
2,0,1,0.6187776
2,1,1,0.65351665
2,0,0,0.38079885
2,0,1,0.62658805
2,0,0,0.44286767
2,1,1,0.70467246
2,0,0,0.4989695
2,1,1,0.7552657
2,1,0,0.48182935
2,0,0,0.36304206
2,1,1,0.61421776
2,1,0,0.23208244
2,1,0,0.31148615
2,1,1,0.77149284
2,1,1,0.6524232
2,1,1,0.79842925
2,0,1,0.58129954
2,0,0,0.41919523
2,0,0,0.25298235
2,1,1,0.90608174
2,0,1,0.7910902
2,0,1,0.5097333
2,1,1,0.80341285
2,1,0,0.46084997
2,0,0,0.4031321
2,0,0,0.1929999
2,0,0,0.21784464
2,1,1,0.6701565
2,0,0,0.29038167
2,1,1,0.7174981
2,0,1,0.7939812
2,0,0,0.47187635
2,0,0,0.44773448
2,1,1,0.7269484
2,1,0,0.44773728
2,1,1,0.84430486
2,0,0,0.43947527
2,1,1,0.52974725
2,0,0,0.44447723
2,1,1,0.5509523
2,0,1,0.6251082
2,0,1,0.5499652
2,0,1,0.72077173
2,1,1,0.7061291
2,0,0,0.34941664
2,0,1,0.6130724
2,1,1,0.7269484
2,0,0,0.41972575
2,1,1,0.7639301
2,1,1,0.77619565
2,1,1,0.51674414
2,0,1,0.804734
2,0,0,0.27339745
2,1,1,0.60757524
2,1,1,0.8013137
2,1,0,0.29078522
2,1,1,0.7142558
2,1,0,0.25595224
2,1,1,0.7377401
2,1,0,0.46853286
2,1,0,0.47850817
2,1,1,0.7885603
2,0,1,0.51428986
2,0,1,0.6189771
2,0,0,0.11426876
2,1,0,0.43637276
2,0,0,0.34826443
2,0,0,0.18202344
2,1,1,0.6512624
2,0,0,0.0930198
2,1,1,0.54143405
2,0,1,0.63144225
2,1,0,0.424492
2,0,0,0.3595216
2,1,0,0.48958018
2,0,0,0.37821403
2,0,0,0.43229064
2,1,1,0.6578302
2,0,1,0.7566218
2,0,1,0.6612291
2,0,0,0.2475031
2,1,0,0.45724162
2,0,0,0.31895456
2,1,0,0.20768458
2,0,1,0.5013862
2,1,1,0.5355215
2,0,0,0.421212
2,1,0,0.3696189
2,0,0,0.39336023
2,0,0,0.116329364
2,0,0,0.19407915
2,0,0,0.23258124
2,1,1,0.54625404
2,0,0,0.34331086
2,0,1,0.8963878
2,0,0,0.48517567
2,0,1,0.6581697
2,0,1,0.57092935
2,1,1,0.6332236
2,0,1,0.5674896
2,1,1,0.7475458
2,0,1,0.7697605
2,1,1,0.60741633
2,0,0,0.47874147
2,1,1,0.8039181
2,1,1,0.8063882
2,1,1,0.62430125
2,1,1,0.7440144
2,1,1,0.74990577
2,0,1,0.5964901
2,0,0,0.4272553
2,0,1,0.6773713
2,1,1,0.89620125
2,1,1,0.67413044
2,1,1,0.69433415
2,1,1,0.73619515
2,0,1,0.54283875
2,0,1,0.64030653
2,1,1,0.5807363
2,0,1,0.77818847
2,0,1,0.7092899
2,0,1,0.796978
2,0,1,0.6402096
2,1,1,0.7944897
2,1,1,0.56095546
2,1,1,0.5314416
2,0,0,0.31912622
2,0,1,0.5538854
2,1,1,0.61480904
2,0,1,0.61257005
2,1,0,0.4233107
2,0,1,0.71118414
2,1,1,0.5813252
2,1,1,0.6679513
2,0,0,0.14700086
2,0,0,0.19786291
2,0,0,0.30403724
2,0,0,0.1730018
2,0,1,0.52537334
2,1,1,0.58720267
2,1,1,0.7519814
2,1,1,0.658112
2,1,1,0.74634105
2,1,1,0.54827344
2,1,0,0.4829969
2,1,1,0.72202456
2,1,1,0.71956617
2,1,1,0.6235223
2,0,0,0.3693941
2,1,1,0.59820163
2,1,1,0.57728875
2,1,1,0.7279234
2,0,1,0.5779471
2,1,1,0.56889963
2,1,1,0.80316335
2,1,1,0.72750366
2,0,0,0.33665735
2,0,1,0.64318746
2,0,1,0.6777994
2,0,1,0.5482485
2,0,0,0.28183803
2,0,0,0.48610535
2,0,1,0.54621917
2,0,1,0.61234105
2,0,1,0.66256404
2,0,1,0.73194003
2,0,1,0.6883412
2,0,1,0.72928566
2,0,1,0.6609934
2,1,1,0.6076136
2,1,1,0.76187897
2,0,1,0.7375792
2,0,1,0.58233565
2,0,0,0.2746924
2,0,1,0.5852087
2,1,1,0.67882955
2,0,0,0.25573564
2,0,0,0.4788354
2,0,1,0.88707405
2,0,1,0.6700034
2,0,1,0.7903672
2,0,0,0.41409025
2,0,0,0.18587926
2,0,0,0.22423218
2,0,0,0.17325845
2,1,1,0.70826507
2,0,0,0.46080396
2,0,1,0.6976884
2,0,0,0.16751978
2,0,0,0.16080447
2,1,1,0.7976364
2,0,0,0.41689292
2,0,1,0.5092491
2,0,1,0.60245806
2,0,0,0.45199805
2,1,1,0.69936466
2,0,1,0.76869607
2,0,1,0.5386378
2,0,1,0.5717592
2,0,1,0.75903505
2,0,1,0.5875386
2,0,0,0.49992207
2,1,1,0.5574083
2,1,1,0.657488
2,1,0,0.17929743
2,1,0,0.40802252
2,0,1,0.5438669
2,1,0,0.41844317
2,1,1,0.5911848
2,1,0,0.4061989
2,0,0,0.35516497
2,1,1,0.56836474
2,1,1,0.62442136
2,1,1,0.5958856
2,1,1,0.5528387
2,0,0,0.18829726
2,1,0,0.26608923
2,1,0,0.45915407
2,1,0,0.38164857
2,1,0,0.47283998
2,1,0,0.49101296
2,1,0,0.23669174
2,1,0,0.33452484
2,1,0,0.37493175
2,1,1,0.7158456
2,1,1,0.7389787
2,0,0,0.47974172
2,1,1,0.7165863
2,1,1,0.5806438
2,0,0,0.38788268
2,1,1,0.5325173
2,0,0,0.26540142
2,0,1,0.7089683
2,1,1,0.7053338
2,1,1,0.6362946
2,0,1,0.60178053
2,0,0,0.33700347
2,0,0,0.33722624
2,0,1,0.5647778
2,1,0,0.28552085
2,0,0,0.2223941
2,0,0,0.21931839
2,0,0,0.41123208
2,0,0,0.44859108
2,1,1,0.7508655
2,0,1,0.71467286
2,0,1,0.7359962
2,0,1,0.52024734
2,1,1,0.60361683
2,1,1,0.5971899
2,1,0,0.28926882
2,0,0,0.4650606
2,1,0,0.32674745
2,1,1,0.5415365
2,0,1,0.53467625
2,0,0,0.44052723
2,0,1,0.58679795
2,1,1,0.563811
2,0,0,0.2635434
2,0,1,0.57563597
2,1,1,0.78317773
2,0,1,0.6535724
2,0,0,0.41975844
2,1,1,0.77538204
2,1,0,0.4217914
2,1,0,0.28025246
2,0,0,0.36598045
2,0,1,0.6359341
2,0,1,0.6195323
2,0,0,0.23068324
2,1,0,0.4058942
2,0,0,0.34924883
2,1,1,0.59337884
2,0,1,0.5089503
2,0,0,0.4902737
2,0,0,0.34375104
2,0,0,0.21961099
2,1,0,0.36274147
2,1,0,0.2483906
2,1,0,0.45228928
2,0,1,0.8268571
2,0,1,0.736056
2,1,1,0.6155509
2,0,0,0.3023324
2,0,0,0.46300822
2,0,1,0.6401853
2,1,1,0.6416503
2,1,1,0.6775248
2,1,1,0.71398824
2,1,1,0.8352542
2,0,0,0.4769933
2,0,1,0.6009068
2,0,0,0.3735307
2,0,1,0.57998246
2,0,0,0.49244684
2,1,1,0.72016037
2,1,0,0.4756226
2,1,1,0.6724048
2,0,1,0.67691916
2,1,1,0.8297705
2,1,1,0.69708884
2,1,1,0.60953844
2,0,0,0.4482228
2,0,0,0.4938732
2,0,1,0.6355982
2,1,1,0.6004422
2,0,1,0.74137545
2,1,1,0.7002642
2,1,1,0.6497239
2,0,0,0.3876465
2,0,0,0.21839815
2,0,0,0.46368825
2,1,1,0.75773066
2,1,1,0.93615115
2,1,1,0.63755906
2,1,1,0.7456138
2,1,0,0.49432206
2,0,0,0.10426595
2,0,1,0.8861129
2,1,1,0.5114876
2,0,0,0.091922626
2,0,0,0.2590282
2,0,0,0.251177
2,0,0,0.09582225
2,0,1,0.8469572
2,1,1,0.6464189
2,0,0,0.45691344
2,1,1,0.6571615
2,0,0,0.1849947
2,1,0,0.33945164
2,0,0,0.3743816
2,1,0,0.27794716
2,1,0,0.23819062
2,1,1,0.515718
2,0,0,0.21804765
2,0,0,0.3074518
2,1,0,0.33329022
2,1,1,0.5220535
2,0,0,0.36286828
2,1,0,0.14957117
2,0,0,0.3061202
2,1,1,0.6574137
2,0,0,0.20333642
2,1,1,0.5190844
2,1,0,0.23374988
2,0,0,0.26994443
2,0,0,0.2625123
2,0,0,0.2686271
2,0,0,0.113263294
2,0,0,0.169729
2,0,1,0.6108333
2,0,0,0.1859138
2,0,0,0.16374186
2,0,1,0.6262977
2,1,1,0.5333851
2,0,0,0.14092109
2,0,0,0.2327349
2,0,0,0.15730637
2,1,0,0.24235985
2,0,0,0.24693424
2,0,0,0.121523105
2,0,0,0.121507555
2,1,0,0.1383045
2,0,0,0.17770378
2,0,0,0.112346016
2,1,0,0.11375235
2,1,1,0.7631858
2,0,1,0.56667155
2,0,1,0.58908045
2,0,1,0.7237109
2,1,1,0.7196891
2,1,0,0.20488055
2,1,1,0.6697393
2,0,1,0.687905
2,0,1,0.5441909
2,1,1,0.69398487
2,1,1,0.61197615
2,0,0,0.43264633
2,1,1,0.89858294
2,1,1,0.7362866
2,0,0,0.3633928
2,0,0,0.4700911
2,0,1,0.74771786
2,1,1,0.7606507
2,1,1,0.6185483
2,1,1,0.7863819
2,0,0,0.22315791
2,0,0,0.46023026
2,0,1,0.5030144
2,1,1,0.74099743
2,0,0,0.3581425
2,0,0,0.34117338
2,0,0,0.23493049
2,1,0,0.17330272
2,1,1,0.6682397
2,0,0,0.14224036
2,1,0,0.46547008
2,1,1,0.5176429
2,0,0,0.16614994
2,1,1,0.7878847
2,1,1,0.7520568
2,0,0,0.49475008
2,0,1,0.71958226
2,0,1,0.604415
2,0,1,0.53583854
2,0,1,0.5675725
2,0,1,0.57123435
2,0,1,0.56006163
2,0,1,0.52463114
2,1,1,0.68504363
2,0,1,0.50641257
2,0,1,0.6177635
2,1,1,0.6608041
2,1,1,0.58943063
2,1,1,0.6776014
2,1,1,0.70955384
2,0,1,0.5163167
2,1,1,0.7321033
2,0,1,0.65795594
2,0,1,0.6090303
2,1,1,0.6500906
2,1,1,0.5995738
2,0,0,0.11575708
2,1,0,0.239059
2,0,0,0.23890677
2,1,1,0.6760003
2,0,0,0.12471632
2,1,0,0.23052879
2,1,0,0.2630201
2,0,0,0.3451798
2,1,1,0.6259246
2,1,1,0.5211327
2,0,1,0.52553785
2,1,1,0.57266235
2,0,0,0.3254287
2,1,1,0.57350457
2,0,0,0.41948202
2,0,0,0.37130854
2,0,0,0.43861476
2,1,0,0.39432177
2,0,0,0.2982667
2,0,1,0.584636
2,0,1,0.6380916
2,1,0,0.4441859
2,1,1,0.5523572
2,0,0,0.46493652
2,1,0,0.45571586
2,0,0,0.14905928
2,1,1,0.61692625
2,0,1,0.6314511
2,1,0,0.26356316
2,0,0,0.3047485
2,0,0,0.10242743
2,0,1,0.55448383
2,0,0,0.44694966
2,0,0,0.2232013
2,0,0,0.49876782
2,1,0,0.3100282
2,0,0,0.31920952
2,1,1,0.6255016
2,0,0,0.19887868
2,1,1,0.5839846
2,1,1,0.62742555
2,0,0,0.10241927
2,0,0,0.21234198
2,1,0,0.46648353
2,0,0,0.16206352
2,0,1,0.65593815
2,1,1,0.6166427
2,1,1,0.6516264
2,0,0,0.48083094
2,1,1,0.63160455
2,1,1,0.6223169
2,0,0,0.3028649
2,0,1,0.608278
2,0,1,0.6771274
2,1,1,0.710485
2,1,0,0.46761492
2,1,1,0.5494124
2,1,1,0.5027635
2,0,1,0.59062046
2,1,1,0.5819658
2,1,1,0.65978736
2,0,1,0.52707523
2,0,1,0.50894856
2,0,0,0.29990965
2,1,1,0.5984395
2,0,0,0.16731669
2,0,0,0.09466132
2,1,1,0.5296554
2,1,1,0.7496868
2,0,0,0.14959088
2,0,0,0.13004465
2,0,0,0.32599562
2,0,0,0.23006746
2,0,1,0.719838
2,1,1,0.5406987
2,0,1,0.6197379
2,1,0,0.4286431
2,1,0,0.44310054
2,1,1,0.73754954
2,1,1,0.5666084
2,1,1,0.576253
2,0,1,0.54721516
2,1,1,0.6511233
2,0,1,0.629458
2,0,1,0.64375407
2,0,0,0.44190478
2,0,1,0.7002427
2,0,1,0.62431484
2,1,1,0.7225646
2,1,1,0.6765176
2,0,1,0.6422561
2,0,1,0.79328537
2,0,0,0.17191774
2,0,0,0.15045309
2,1,1,0.7327077
2,0,0,0.10802063
2,1,0,0.15856698
2,1,1,0.56038207
2,0,0,0.2279666
2,1,1,0.79346514
2,1,1,0.72427785
2,0,0,0.33368173
2,1,0,0.3468545
2,0,0,0.1594552
2,0,1,0.7265279
2,0,0,0.3512536
2,0,0,0.42225084
2,1,1,0.5098654
2,1,1,0.73129314
2,1,1,0.738589
2,1,1,0.65433115
2,1,1,0.80710167
2,0,1,0.7166709
2,0,1,0.631915
2,0,1,0.5341969
2,1,1,0.64314765
2,0,1,0.5967816
2,1,1,0.7160976
2,0,1,0.61055005
2,0,0,0.18433018
2,1,1,0.60290223
2,1,0,0.41416472
2,1,0,0.496014
2,1,1,0.63941807
2,1,1,0.53314966
2,0,1,0.53017443
2,1,1,0.6461752
2,1,0,0.32104254
2,0,0,0.49847278
2,0,0,0.12368549
2,1,0,0.43088523
2,1,1,0.8139152
2,1,0,0.3512282
2,0,1,0.5882299
2,0,0,0.35439065
2,1,1,0.7929391
2,0,1,0.51943964
2,0,0,0.111470476
2,0,0,0.40847778
2,0,1,0.5430257
2,0,1,0.6142564
2,0,1,0.65971184
2,0,1,0.5276018
2,0,0,0.28988189
2,1,1,0.7996888
2,1,1,0.8362621
2,1,0,0.48937595
2,1,1,0.56375396
2,0,0,0.34666526
2,1,0,0.17393656
2,1,1,0.8267901
2,1,1,0.6491857
2,0,1,0.66650087
2,1,1,0.5116703
2,1,1,0.85504293
2,1,1,0.8075904
2,1,1,0.866419
2,1,0,0.25409672
2,0,0,0.21609154
2,0,0,0.28520274
2,0,0,0.11905952
2,0,0,0.17061937
2,1,1,0.5257811
2,0,0,0.21862458
2,0,0,0.15351464
2,0,0,0.2504983
2,1,1,0.8165831
2,0,0,0.2185273
2,0,0,0.19772118
2,1,0,0.42547324
2,1,1,0.5537748
2,0,0,0.16456482
2,0,0,0.112808414
2,0,0,0.12643793
2,1,0,0.36833376
2,1,0,0.28037056
2,1,1,0.5010851
2,0,0,0.112330064
2,0,1,0.71638554
2,0,1,0.67237645
2,0,1,0.75308865
2,1,0,0.1975283
2,0,0,0.377472
2,0,0,0.21215414
2,1,1,0.78577423
2,0,0,0.16442312
2,0,0,0.07629248
2,0,0,0.33647949
2,0,0,0.23011622
2,0,0,0.21855266
2,1,1,0.75866026
2,0,0,0.35237932
2,0,1,0.8090558
2,0,0,0.15144965
2,0,0,0.20342481
2,1,0,0.25528416
2,0,0,0.3216554
2,0,0,0.103524335
2,0,0,0.246707
2,0,0,0.25473052
2,0,0,0.1135048
2,0,0,0.4472211
2,0,0,0.32088688
2,0,0,0.13730696
2,1,0,0.46643192
2,0,1,0.52827656
2,1,0,0.49277803
2,0,0,0.41334403
2,0,0,0.43102813
2,1,1,0.63315064
2,1,0,0.48556587
2,1,0,0.3505289
2,0,0,0.41078183
2,1,1,0.7813346
2,0,1,0.6085914
2,0,1,0.7296688
2,0,0,0.3670717
2,1,1,0.51263213
2,0,0,0.20073709
2,0,1,0.64922124
2,0,0,0.22415596
2,1,1,0.5599819
2,1,1,0.86300933
2,1,1,0.76368105
2,0,0,0.32966477
2,0,0,0.06564086
2,1,0,0.38880295
2,1,1,0.6119028
2,1,0,0.21843891
2,0,0,0.40702212
2,0,1,0.54569364
2,0,0,0.28480855
2,1,1,0.8075319
2,0,1,0.62134385
2,0,0,0.09661898
2,0,0,0.37097114
2,1,0,0.34413236
2,0,0,0.20645465
2,1,1,0.67212564
2,1,0,0.34626162
2,1,0,0.43305278
2,0,0,0.0859459
2,1,1,0.5160149
2,0,1,0.6782061
2,0,0,0.16658098
2,1,1,0.7407759
2,1,1,0.7218527
2,1,1,0.79114574
2,1,1,0.75348884
2,1,1,0.68193036
2,1,1,0.5680408
2,0,1,0.8063017
2,0,0,0.33700776
2,0,1,0.69406515
2,0,0,0.25014782
2,0,0,0.37250844
2,0,0,0.3690635
2,1,1,0.7521431
2,0,1,0.7707226
2,0,1,0.5963736
2,0,1,0.6997615
2,0,0,0.3347712
2,0,1,0.6272126
2,1,0,0.46082163
2,0,1,0.6681704
2,0,1,0.58133036
2,1,1,0.57643944
2,1,1,0.5716777
2,1,1,0.5581921
2,1,1,0.57975775
2,1,0,0.4539784
2,1,0,0.39162347
2,1,0,0.38443
2,1,1,0.54823273
2,1,1,0.53563374
2,1,1,0.5322433
2,1,0,0.4650959
2,1,1,0.59470993
2,1,1,0.5681945
2,1,0,0.41366404
2,1,1,0.91938674
2,0,1,0.73756534
2,1,1,0.76936233
2,1,1,0.8238422
2,1,0,0.47536072
2,0,0,0.4275082
2,0,1,0.688711
2,0,1,0.9213017
2,1,1,0.72487044
2,0,1,0.8242435
2,1,1,0.78180945
2,1,1,0.5490545
2,0,0,0.114437856
2,1,1,0.889868
2,0,1,0.86703867
2,1,1,0.8849922
2,1,1,0.71565694
2,1,1,0.77372223
2,0,0,0.2674746
2,0,0,0.3955643
2,0,1,0.81699985
2,1,1,0.70432925
2,1,1,0.5142362
2,0,1,0.5063147
2,0,1,0.77749395
2,0,1,0.6882405
2,1,1,0.78950757
2,1,1,0.5106099
2,0,1,0.63297796
2,1,1,0.70199543
2,0,1,0.64851725
2,0,1,0.5447038
2,0,0,0.21234994
2,0,1,0.6185571
2,0,0,0.31878784
2,1,1,0.66809165
2,1,1,0.5714354
2,1,1,0.72052
2,0,1,0.6809812
2,0,0,0.4657326
2,1,1,0.5674381
2,0,1,0.7009458
2,1,0,0.47889778
2,1,1,0.5472861
2,0,1,0.52905357
2,1,1,0.5359468
2,1,1,0.5984133
2,0,0,0.10718152
2,0,0,0.19803102
2,1,1,0.658356
2,0,0,0.108483985
2,1,0,0.20576365
2,0,0,0.40820783
2,1,1,0.8168187
2,1,1,0.68620706
2,1,1,0.810195
2,0,0,0.11146722
2,0,0,0.32009596
2,0,0,0.10336948
2,0,0,0.36463422
2,0,0,0.34313732
2,0,0,0.27572307
2,1,1,0.77320474
2,1,1,0.8248049
2,0,0,0.48002544
2,1,1,0.63415706
2,0,0,0.06827229
2,0,0,0.1734604
2,0,0,0.34189323
2,1,0,0.40812272
2,0,0,0.35561037
2,1,0,0.43365744
2,1,1,0.72269756
2,1,1,0.5661632
2,0,0,0.266746
2,0,1,0.5783095
2,0,0,0.18261613
2,0,0,0.44892487
2,1,0,0.4002241
2,0,1,0.56503487
2,0,1,0.93825716
2,0,1,0.72269577
2,1,0,0.40663183
2,1,1,0.53874075
2,0,0,0.48095962
2,1,1,0.7843118
2,0,0,0.43528423
2,0,0,0.24960278
2,1,0,0.40537062
2,0,1,0.6985881
2,1,1,0.8233713
2,0,0,0.25998807
2,1,0,0.1361757
2,0,0,0.3301413
2,0,0,0.42448816
2,1,1,0.7502002
2,0,1,0.7421543
2,1,0,0.26521552
2,1,1,0.8668725
2,0,1,0.72902364
2,1,1,0.58965886
2,0,0,0.13407888
2,1,1,0.72052014
2,1,0,0.46486497
2,1,1,0.7360803
2,0,1,0.83551884
2,0,1,0.56340444
2,1,0,0.39323807
2,0,0,0.14500436
2,0,1,0.6541555
2,0,0,0.48369187
2,0,1,0.5774309
2,1,1,0.50996447
2,0,0,0.36138123
2,0,0,0.28199688
2,0,0,0.4117387
2,1,1,0.6238479
2,1,1,0.80896074
2,1,1,0.82511884
2,0,0,0.22611989
2,1,0,0.39123517
2,0,0,0.22161898
2,1,1,0.84993976
2,1,1,0.67440826
2,0,1,0.69187737
2,0,0,0.30883175
2,1,1,0.71467876
2,0,1,0.7425569
2,0,1,0.6649929
2,1,1,0.5177235
2,0,0,0.40231234
2,1,1,0.7832887
2,1,1,0.8506918
2,0,1,0.58756775
2,0,0,0.4741451
2,0,0,0.42183262
2,1,1,0.8211298
2,0,1,0.7968013
2,1,1,0.7099422
2,1,1,0.8488657
2,0,0,0.39654633
2,0,0,0.15856586
2,1,1,0.6452574
2,0,0,0.17660071
2,1,1,0.6322702
2,1,1,0.66919756
2,0,0,0.39641765
2,0,1,0.58556736
2,1,0,0.31625146
2,0,0,0.08969565
2,1,0,0.3073348
2,1,0,0.2742358
2,0,0,0.25118607
2,0,0,0.18475966
2,0,1,0.57704645
2,0,0,0.40654388
2,1,1,0.67599165
2,1,1,0.69676685
2,1,0,0.49889433
2,1,1,0.8774507
2,1,1,0.5289583
2,0,1,0.5453908
2,0,0,0.36115187
2,1,1,0.6703466
2,0,1,0.5061192
2,0,0,0.418763
2,1,1,0.6737361
2,0,0,0.44599223
2,1,1,0.86532176
2,0,1,0.5724832
2,0,1,0.5941612
2,1,1,0.6777477
2,1,1,0.7873293
2,1,0,0.47104633
2,0,0,0.07746925
2,1,1,0.90644133
2,0,1,0.68780977
2,1,1,0.80006915
2,1,0,0.42376345
2,0,0,0.081335604
2,1,1,0.59574974
2,0,1,0.77555126
2,0,1,0.7997338
2,1,1,0.7844133
2,0,0,0.14865772
2,0,0,0.15254048
2,1,0,0.35056475
2,0,1,0.5570132
2,0,1,0.5830954
2,1,1,0.6800017
2,0,0,0.20161504
2,1,1,0.9397735
2,1,1,0.7332191
2,0,0,0.4426894
2,1,1,0.5900512
2,0,1,0.6323919
2,0,1,0.6060661
2,1,1,0.83967984
2,0,1,0.76330864
2,0,1,0.66769385
2,1,0,0.47944558
2,0,1,0.7880386
2,1,1,0.83280313
2,0,0,0.39049792
2,0,0,0.46011728
2,0,0,0.20551327
2,0,0,0.22215164
2,1,1,0.7945499
2,1,1,0.82308584
2,1,0,0.46281403
2,1,1,0.7914308
2,1,1,0.63924456
2,0,0,0.3204855
2,1,0,0.4333647
2,0,1,0.68839455
2,0,0,0.2240505
2,0,0,0.123225234
2,1,1,0.7552401
2,0,1,0.5096095
2,1,1,0.8188902
2,0,0,0.17776522
2,0,1,0.61862504
2,1,1,0.92680156
2,0,1,0.751898
2,1,1,0.6874798
2,0,0,0.08997977
2,1,0,0.43881196
2,0,0,0.07915995
2,0,0,0.27809066
2,1,0,0.46471426
2,0,1,0.6384985
2,0,0,0.31023094
2,0,0,0.11294777
2,0,1,0.6400699
2,1,0,0.4323735
2,1,0,0.15547946
2,1,1,0.80660164
2,1,1,0.6277996
2,0,0,0.35997427
2,0,0,0.28395995
2,0,0,0.3671614
2,1,1,0.6350646
2,0,1,0.61124545
2,0,1,0.51278216
2,1,1,0.83997244
2,0,1,0.5087739
2,0,0,0.4286334
2,0,0,0.08100135
2,0,0,0.17864801
2,1,1,0.6130703
2,0,0,0.45557666
2,0,1,0.5357133
2,0,1,0.6327635
2,1,1,0.745085
2,0,0,0.14180267
2,1,1,0.59654814
2,1,1,0.6329272
2,1,1,0.58499724
2,0,1,0.5349971
2,0,1,0.5529723
2,1,0,0.41286752
2,0,0,0.40900195
2,1,0,0.35139805
2,1,1,0.8551357
2,1,1,0.74578345
2,1,1,0.5130859
2,1,0,0.38235927
2,0,0,0.21843268
2,0,1,0.7440307
2,0,1,0.6662909
2,1,0,0.40188575
2,1,1,0.7594358
2,0,0,0.44940296
2,0,0,0.371945
2,0,0,0.24743098
2,1,1,0.5637158
2,0,1,0.825712
2,0,0,0.22594707
2,1,1,0.79161775
2,0,1,0.66704184
2,1,1,0.6276721
2,0,1,0.60790646
2,1,1,0.7863702
2,1,1,0.7298789
2,1,0,0.31986097
2,1,0,0.3651733
2,0,0,0.2963215
2,0,1,0.6169729
2,1,1,0.8543709
2,0,0,0.18798181
2,1,1,0.6650843
2,0,0,0.08335104
2,1,0,0.19483502
2,0,1,0.60857284
2,0,1,0.6293579
2,0,0,0.18208186
2,0,0,0.13639899
2,1,1,0.61823463
2,1,1,0.7147365
2,0,0,0.07487795
2,0,1,0.54726607
2,0,0,0.3166433
2,0,0,0.4031166
2,0,0,0.4810063
2,1,0,0.19913809
2,1,1,0.61434793
2,1,1,0.7968902
2,0,1,0.6001432
2,0,0,0.46761787
2,1,0,0.33323953
2,1,0,0.39597207
2,1,1,0.8418778
2,1,1,0.5781967
2,0,0,0.26848713
2,0,0,0.2089524
2,1,1,0.61388445
2,1,1,0.64767486
2,1,1,0.7539973
2,1,1,0.7605352
2,1,1,0.75155073
2,1,1,0.74303925
2,0,1,0.6767401
2,1,1,0.6578979
2,1,1,0.7996535
2,0,0,0.37188163
2,1,1,0.67637205
2,0,0,0.3808568
2,0,1,0.6155974
2,0,0,0.15459396
2,1,1,0.5935504
2,1,0,0.21493235
2,0,1,0.6537392
2,0,0,0.16335912
2,0,0,0.23318648
2,0,1,0.68211377
2,0,1,0.78638583
2,1,1,0.854665
2,0,1,0.74317986
2,0,1,0.6913092
2,1,0,0.42556664
2,1,0,0.12800887
2,0,1,0.7293054
2,1,1,0.6743553
2,1,1,0.56129545
2,0,0,0.2674488
2,0,1,0.8133401
2,1,1,0.683131
2,0,0,0.44337395
2,0,1,0.54349774
2,1,1,0.7195899
2,0,0,0.41038594
2,1,0,0.17824101
2,1,1,0.63617927
2,0,0,0.4858462
2,1,0,0.4441899
2,0,1,0.6777529
2,0,1,0.74532914
2,1,1,0.89602053
2,0,0,0.4816994
2,0,1,0.7588196
2,1,1,0.76149654
2,0,1,0.6480577
2,1,1,0.6667966
2,0,0,0.19411215
2,1,1,0.7652679
2,1,1,0.52019507
2,0,0,0.45435652
2,0,1,0.70392007
2,1,1,0.718162
2,0,1,0.8034625
2,0,1,0.5503183
2,0,1,0.9269521
2,0,1,0.57605284
2,1,0,0.34472364
2,1,0,0.41905546
2,1,1,0.862063
2,0,0,0.4335243
2,1,1,0.8602934
2,1,1,0.88805234
2,1,1,0.786421
2,0,0,0.2989132
2,0,1,0.71076864
2,1,1,0.6844993
2,0,0,0.23410098
2,0,1,0.90338695
2,1,1,0.93470466
2,1,1,0.7654338
2,1,1,0.7152892
2,0,0,0.28592324
2,1,0,0.42800766
2,0,0,0.18229277
2,0,0,0.34258842
2,0,1,0.7298498
2,0,0,0.33153093
2,0,0,0.20404986
2,1,0,0.45200655
2,1,1,0.639676
2,0,0,0.36530173
2,0,0,0.09472373
2,0,0,0.14377859
2,0,1,0.7935279
2,0,1,0.58902234
2,0,0,0.11824714
2,1,1,0.5211857
2,0,0,0.46749783
2,0,1,0.5952868
2,1,0,0.44217163
2,1,1,0.511188
2,1,1,0.71649146
2,1,1,0.7981915
2,0,1,0.80752563
2,0,0,0.20269176
2,0,0,0.17427886
2,1,1,0.6094063
2,1,1,0.64639777
2,0,0,0.18463449
2,1,1,0.7973492
2,1,1,0.56597733
2,1,0,0.49778065
2,0,0,0.27656394
2,0,0,0.19701892
2,1,1,0.7194232
2,0,1,0.7341475
2,0,1,0.64653015
2,0,0,0.38102216
2,0,1,0.5669897
2,1,1,0.57027143
2,1,1,0.76031214
2,0,1,0.68764037
2,0,1,0.6105127
2,1,0,0.4574709
2,1,1,0.54440516
2,1,0,0.27331203
2,0,0,0.43070242
2,0,0,0.3573176
2,1,1,0.61370283
2,0,0,0.45066103
2,1,1,0.6348923
2,1,1,0.6954002
2,0,1,0.67600095
2,1,0,0.3423111
2,0,0,0.24255829
2,1,1,0.7255764
2,0,0,0.22171181
2,1,0,0.4997426
2,0,0,0.41449624
2,1,1,0.7454268
2,0,1,0.76891226
2,0,0,0.4131173
2,0,1,0.6516623
2,0,1,0.70593035
2,0,0,0.47453237
2,0,1,0.5478871
2,1,0,0.45865422
2,0,0,0.4857709
2,0,1,0.5901871
2,0,1,0.64096034
2,0,0,0.19034818
2,1,1,0.71046406
2,1,1,0.74263793
2,1,1,0.76459384
2,1,1,0.60159415
2,0,1,0.722265
2,1,1,0.53515065
2,0,1,0.76867557
2,1,1,0.68146545
2,0,1,0.5595348
2,0,1,0.7520239
2,0,1,0.62797135
2,0,1,0.5749869
2,1,1,0.82997626
2,0,1,0.6518037
2,1,0,0.45392913
2,1,0,0.49420112
2,0,0,0.18706799
2,0,0,0.16006899
2,1,1,0.7171982
2,1,0,0.30612618
2,1,1,0.7232351
2,1,0,0.32823455
2,1,1,0.62498146
2,1,1,0.52723473
2,1,1,0.7013125
2,0,1,0.58921456
2,0,0,0.37132752
2,0,0,0.23055655
2,1,1,0.68973154
2,0,0,0.40024996
2,0,0,0.19831116
2,0,0,0.17765127
2,0,1,0.5266518
2,0,0,0.14997289
2,1,1,0.88309366
2,0,1,0.70499164
2,1,1,0.67988473
2,1,0,0.13801849
2,0,0,0.17434056
2,1,0,0.17088564
2,1,1,0.6883787
2,0,0,0.35212773
2,0,0,0.37372205
2,0,0,0.2955728
2,0,0,0.12246707
2,1,0,0.17544223
2,0,1,0.64056826
2,1,0,0.15502977
2,0,0,0.37544245
2,0,0,0.1977201
2,0,0,0.32232118
2,1,0,0.33912313
2,1,1,0.6772125
2,0,0,0.46821737
2,0,0,0.10218302
2,1,0,0.3023129
2,0,1,0.6141908
2,1,1,0.5130104
2,0,0,0.11264221
2,0,1,0.58774287
2,1,1,0.6039233
2,1,1,0.6242989
2,0,0,0.17954147
2,1,0,0.30478513
2,0,0,0.24711496
2,0,1,0.62381583
2,0,1,0.6817375
2,1,1,0.6791625
2,0,0,0.17874523
2,1,0,0.307605
2,1,1,0.87669885
2,1,1,0.6185916
2,1,1,0.622161
2,0,0,0.17595369
2,1,1,0.7147268
2,1,1,0.7803279
2,1,0,0.4602972
2,0,0,0.3149293
2,1,0,0.4862411
2,0,0,0.2445594
2,1,1,0.702584
2,0,0,0.26940066
2,0,0,0.22996192
2,0,0,0.23599441
2,1,1,0.72830147
2,0,0,0.2904709
2,0,0,0.20174445
2,0,1,0.67150056
2,0,0,0.40905464
2,1,1,0.70954174
2,0,0,0.45308807
2,0,0,0.47874543
2,0,1,0.5713261
2,0,1,0.5294321
2,1,1,0.8919003
2,1,1,0.6381446
2,0,1,0.5759283
2,0,0,0.39834294
2,0,1,0.6950827
2,0,1,0.5974898
2,1,1,0.6941492
2,1,1,0.7193789
2,1,0,0.30817536
2,1,1,0.7356934
2,0,0,0.27638537
2,1,1,0.74132395
2,1,1,0.7758915
2,0,0,0.33697864
2,1,0,0.4324189
2,1,0,0.32989874
2,1,1,0.72565246
2,0,1,0.589489
2,0,1,0.69550914
2,1,0,0.28541037
2,0,0,0.32249707
2,0,0,0.16137195
2,1,1,0.7996288
2,1,0,0.40889475
2,0,0,0.19476862
2,0,1,0.50868547
2,1,0,0.17589611
2,1,1,0.70477706
2,1,1,0.80656976
2,0,1,0.7389236
2,1,1,0.7348397
2,0,0,0.27814406
2,1,1,0.70385814
2,0,1,0.6193266
2,0,0,0.33805075
2,1,1,0.8537429
2,1,1,0.7506226
2,0,1,0.7415675
2,1,0,0.4796177
2,0,0,0.09822143
2,0,0,0.095384724
2,1,1,0.65558594
2,0,0,0.26136538
2,0,1,0.5030786
2,0,0,0.09799339
2,0,0,0.32892224
2,0,0,0.34106457
2,0,1,0.8218533
2,1,1,0.7377463
2,1,0,0.35118476
2,0,0,0.34962854
2,0,0,0.21774338
2,0,0,0.49383143
2,0,0,0.27723137
2,1,1,0.79778147
2,1,0,0.21773899
2,1,1,0.716559
2,1,0,0.33974466
2,0,0,0.08532351
2,1,0,0.18273272
2,1,1,0.8315143
2,0,1,0.57418376
2,1,1,0.57652205
2,0,0,0.1226568
2,0,1,0.6417223
2,1,1,0.6870202
2,1,1,0.5975894
2,0,0,0.44140577
2,1,1,0.64636344
2,1,1,0.8451297
2,0,1,0.6728363
2,1,0,0.18543398
2,1,0,0.07891072
2,0,0,0.13846305
2,0,0,0.45491
2,0,0,0.12294149
2,1,0,0.19309759
2,1,1,0.88977194
2,1,0,0.48105818
2,1,1,0.7789927
2,0,1,0.5918766
2,1,1,0.6988883
2,0,0,0.2995441
2,0,0,0.21447748
2,0,0,0.33421287
2,1,1,0.6947841
2,1,1,0.6459261
2,0,1,0.66135204
2,0,0,0.33051115
2,0,0,0.17276347
2,1,1,0.871508
2,0,1,0.6488444
2,1,1,0.6592381
2,1,0,0.13915165
2,0,0,0.29671222
2,1,1,0.74285537
2,1,0,0.4693173
2,0,0,0.33503157
2,1,0,0.11344648
2,0,0,0.21316868
2,0,0,0.33006895
2,1,1,0.8178566
2,0,1,0.69525117
2,0,1,0.659196
2,1,0,0.47042388
2,0,0,0.25010633
2,0,1,0.83465093
2,1,1,0.5737223
2,0,1,0.5862872
2,0,0,0.41422695
2,0,0,0.2690836
2,0,0,0.12603727
2,1,0,0.25855604
2,1,1,0.7966113
2,1,0,0.4394246
2,0,1,0.653902
2,0,0,0.3028488
2,1,1,0.7784123
2,0,0,0.36617643
2,0,0,0.44824353
2,1,0,0.30943918
2,0,0,0.153225
2,0,0,0.44763103
2,1,1,0.77924836
2,1,1,0.563092
2,1,0,0.2549467
2,1,0,0.21443292
2,1,0,0.1448854
2,0,1,0.58562773
2,0,0,0.11103863
2,0,1,0.7889919
2,0,1,0.60599685
2,0,1,0.609623
2,1,1,0.7896371
2,1,0,0.4162141
2,1,0,0.3938519
2,1,1,0.8752343
2,1,1,0.5666581
2,0,0,0.1878359
2,1,0,0.07597085
2,1,1,0.7546074
2,0,0,0.30021554
2,0,0,0.28036347
2,0,0,0.43239623
2,0,0,0.19383875
2,0,0,0.15050124
2,1,1,0.86298007
2,0,1,0.64409643
2,1,1,0.7398244
2,1,1,0.64198846
2,0,1,0.71270275
2,0,0,0.47995886
2,0,0,0.2956708
2,1,1,0.530265
2,0,1,0.50648636
2,0,0,0.49074438
2,1,1,0.7244047
2,0,0,0.24032518
2,1,1,0.7800462
2,0,1,0.5717327
2,1,1,0.7059617
2,1,1,0.5585796
2,0,1,0.59442675
2,0,1,0.66536236
2,1,1,0.746322
2,1,0,0.38800493
2,0,0,0.21182534
2,0,0,0.11504514
2,0,0,0.19752426
2,1,1,0.52164096
2,0,0,0.42405897
2,1,1,0.6601771
2,0,1,0.71218574
2,1,1,0.87663364
2,0,1,0.80089056
2,0,1,0.62127715
2,0,1,0.51159775
2,0,0,0.14189807
2,1,0,0.31094822
2,0,0,0.15796417
2,1,1,0.76559275
2,1,1,0.68627113
2,0,1,0.80637395
2,0,1,0.6845852
2,1,0,0.3813797
2,0,0,0.09255799
2,1,1,0.6896766
2,1,1,0.78444904
2,0,1,0.7785634
2,1,0,0.47722557
2,0,0,0.28576863
2,1,0,0.45032665
2,1,1,0.82104784
2,1,1,0.60746765
2,0,0,0.41955942
2,0,0,0.16224766
2,0,0,0.2865487
2,1,1,0.7226777
2,1,1,0.6185485
2,0,0,0.33196098
2,0,0,0.31099442
2,0,1,0.8662464
2,0,1,0.5685951
2,1,1,0.5099074
2,0,0,0.12506753
2,0,0,0.11461056
2,1,1,0.59779614
2,1,1,0.51611596
2,0,0,0.23265606
2,0,0,0.34240434
2,1,1,0.56784713
2,0,1,0.60316664
2,0,0,0.4302707
2,0,0,0.42694333
2,0,0,0.14653386
2,1,0,0.42566514
2,1,1,0.60608196
2,1,0,0.19937392
2,0,1,0.750132
2,1,1,0.7193634
2,0,0,0.26185086
2,0,1,0.6296383
2,1,1,0.5993017
2,1,1,0.56793153
2,1,0,0.31913874
2,0,0,0.11844135
2,1,1,0.79152805
2,1,1,0.7034093
2,1,0,0.31205803
2,0,0,0.19227111
2,0,0,0.16921768
2,1,1,0.6695952
2,0,0,0.29718792
2,0,0,0.23855658
2,0,0,0.101359725
2,1,1,0.6912699
2,1,1,0.6854204
2,1,1,0.6310084
2,1,0,0.3573874
2,1,0,0.2892877
2,0,0,0.07140565
2,1,0,0.4843274
2,0,0,0.443602
2,0,0,0.17837873
2,0,0,0.23260276
2,1,1,0.71846265
2,1,1,0.5914862
2,1,1,0.5958567
2,1,0,0.26449075
2,0,0,0.09986511
2,0,0,0.09052998
2,0,0,0.22520939
2,0,1,0.85628086
2,1,1,0.73121685
2,0,1,0.6466159
2,0,0,0.15490198
2,1,0,0.28910956
2,1,0,0.31787246
2,0,1,0.7350567
2,0,1,0.5275227
2,1,1,0.6445282
2,1,1,0.6733953
2,1,0,0.21638069
2,0,0,0.1571312
2,0,0,0.21256138
2,0,0,0.34100893
2,1,1,0.71110445
2,0,1,0.5687414
2,0,1,0.63437635
2,0,0,0.20320402
2,0,0,0.26412076
2,0,1,0.76381254
2,1,1,0.7347403
2,0,0,0.109478116
2,0,0,0.23600806
2,1,1,0.76645136
2,0,0,0.34159976
2,1,1,0.7710485
2,1,1,0.7954248
2,1,1,0.57034254
2,0,0,0.34497574
2,1,0,0.45668504
2,0,1,0.7576484
2,0,1,0.5381854
2,0,1,0.789221
2,0,1,0.52032346
2,0,0,0.12792948
2,1,0,0.25938
2,1,1,0.5521265
2,1,1,0.7223951
2,0,1,0.7353434
2,0,0,0.30497995
2,1,1,0.6084421
2,0,1,0.5081937
2,0,1,0.65289605
2,0,1,0.6544311
2,1,1,0.6363917
2,0,0,0.47379938
2,0,1,0.63817215
2,1,1,0.745044
2,1,1,0.59485453
2,1,1,0.6335652
2,1,1,0.5586931
2,0,0,0.45707637
2,0,1,0.5819142
2,0,0,0.42277047
2,1,1,0.7371026
2,0,1,0.56390387
2,1,1,0.72195536
2,1,0,0.34405473
2,1,1,0.63130844
2,1,1,0.6213494
2,0,0,0.34781784
2,1,1,0.53087115
2,0,1,0.7886581
2,0,1,0.59606874
2,0,1,0.53657067
2,0,0,0.14834373
2,1,1,0.62959725
2,0,1,0.57318985
2,1,1,0.77893245
2,0,1,0.5643886
2,0,1,0.55389076
2,1,1,0.5486737
2,1,1,0.7181178
2,0,1,0.6411013
2,0,0,0.2859588
2,1,1,0.82603204
2,1,1,0.6659447
2,1,1,0.5782074
2,1,1,0.7032605
2,0,0,0.14683965
2,0,0,0.22851841
2,1,1,0.7282834
2,0,0,0.42482546
2,1,0,0.3822732
2,0,0,0.4621174
2,0,0,0.09111801
2,1,1,0.8132217
2,1,1,0.5812037
2,0,0,0.13159363
2,0,0,0.42952472
2,0,0,0.15149586
2,1,1,0.73340005
2,0,0,0.335646
2,0,0,0.23004438
2,0,1,0.5611366
2,1,1,0.6553238
2,1,0,0.49648952
2,1,1,0.5144398
2,1,1,0.81117326
2,1,1,0.6847228
2,0,1,0.5010564
2,0,1,0.8546266
2,0,0,0.43122604
2,0,1,0.51398915
2,0,1,0.6312937
2,0,1,0.5186983
2,0,0,0.49076623
2,0,1,0.5232369
2,1,1,0.7372668
2,1,1,0.76000136
2,0,1,0.71875834
2,0,0,0.45027235
2,1,1,0.6294934
2,1,1,0.676604
2,0,1,0.6388727
2,0,1,0.6461713
2,1,1,0.6460844
2,0,1,0.5104352
2,1,1,0.6286561
2,1,1,0.8757519
2,1,0,0.48393834
2,1,0,0.45851725
2,1,1,0.62028486
2,1,1,0.6614117
2,0,1,0.5408936
2,1,1,0.7240848
2,0,0,0.27463758
2,0,0,0.4738587
2,0,0,0.48711786
2,0,0,0.30348906
2,0,1,0.6681929
2,0,1,0.8300624
2,0,0,0.28555414
2,1,1,0.59106946
2,1,0,0.47106466
2,1,1,0.66153765
2,0,1,0.6127764
2,1,0,0.47430035
2,1,1,0.7075261
2,0,1,0.5632086
2,0,1,0.7426735
2,0,0,0.33232722
2,1,1,0.67423946
2,0,1,0.6968614
2,1,1,0.7014181
2,0,1,0.62049663
2,1,1,0.71476895
2,1,1,0.68591946
2,1,1,0.630272
2,0,0,0.47773647
2,0,1,0.6558377
2,1,1,0.67402023
2,0,1,0.56996846
2,0,0,0.34687755
2,1,0,0.47502172
2,0,0,0.33147687
2,0,1,0.50660604
2,1,0,0.39283416
2,0,0,0.4033883
2,1,1,0.62511283
2,0,1,0.51491445
2,0,0,0.33793008
2,1,1,0.78572196
2,1,0,0.49682552
2,0,0,0.25307333
2,0,1,0.6182657
2,0,0,0.10921539
2,0,1,0.5722979
2,0,0,0.2459112
2,1,1,0.6093328
2,1,1,0.53924316
2,1,1,0.5707152
2,0,1,0.6576546
2,0,1,0.60483634
2,0,0,0.3167909
2,1,0,0.45621884
2,1,1,0.63004124
2,0,0,0.15316524
2,1,1,0.7447154
2,0,1,0.5386665
2,0,1,0.7019156
2,1,1,0.51354766
2,1,0,0.40951887
2,1,0,0.13778114
2,0,0,0.28998393
2,1,1,0.8255059
2,0,0,0.38891622
2,0,0,0.10343869
2,0,1,0.56891334
2,0,0,0.3458617
2,0,0,0.24339674
2,0,0,0.31305465
2,1,1,0.5037724
2,1,1,0.9229855
2,0,1,0.688317
2,0,1,0.5649395
2,1,1,0.7720694
2,1,1,0.6587851
2,0,1,0.633593
2,0,1,0.6862996
2,0,1,0.7204684
2,1,1,0.822112
2,0,0,0.26243508
2,0,0,0.13061395
2,1,1,0.61026037
2,1,1,0.7638522
2,0,1,0.5923684
2,0,1,0.5728349
2,1,1,0.6141997
2,0,1,0.56506795
2,0,0,0.48849413
2,1,1,0.65539616
2,1,0,0.445915
2,1,1,0.82032716
2,1,1,0.54618555
2,1,0,0.2810283
2,0,0,0.42972904
2,0,0,0.18343203
2,1,0,0.21099728
2,0,0,0.43703932
2,1,1,0.7675194
2,0,0,0.39073926
2,1,0,0.40788278
2,0,0,0.21846214
2,0,0,0.4007791
2,0,0,0.07889812
2,0,0,0.12278694
2,1,1,0.65263873
2,1,1,0.5580352
2,0,0,0.09241432
2,0,1,0.6765173
2,0,0,0.49724182
2,1,1,0.8930328
2,1,1,0.720685
2,0,1,0.6439836
2,1,0,0.40028816
2,1,0,0.43933252
2,1,1,0.5673277
2,0,1,0.64039594
2,1,1,0.78573346
2,0,0,0.31609035
2,1,1,0.63549304
2,1,1,0.740889
2,0,0,0.37812942
2,0,0,0.164739
2,0,0,0.35268804
2,0,0,0.14713302
2,0,0,0.43197715
2,0,1,0.5140303
2,1,1,0.66189724
2,0,0,0.2431834
2,0,0,0.38756782
2,1,1,0.77293086
2,0,0,0.42579475
2,1,1,0.5613269
2,0,0,0.26944098
2,0,0,0.109541535
2,1,1,0.85701233
2,1,1,0.84684134
2,0,0,0.48791453
2,0,0,0.11528872
2,0,0,0.16743034
2,1,1,0.6400922
2,1,1,0.72030866
2,0,0,0.48869762
2,1,1,0.51939046
2,0,0,0.1919697
2,0,0,0.39126247
2,0,0,0.19803952
2,1,1,0.7874429
2,1,1,0.77302355
2,1,1,0.5815633
2,1,1,0.69359183
2,1,0,0.47524193
2,0,0,0.29041144
2,0,1,0.73457974
2,0,1,0.5570893
2,0,1,0.5589647
2,1,1,0.71522343
2,1,0,0.31469598
2,0,0,0.30610776
2,0,0,0.14847375
2,0,0,0.4036867
2,1,1,0.85091656
2,1,0,0.44793245
2,0,1,0.5157325
2,1,0,0.48013616
2,1,1,0.68464816
2,0,1,0.61151266
2,0,0,0.44935933
2,1,1,0.6925036
2,0,1,0.8068658
2,0,0,0.41793507
2,0,0,0.2573787
2,1,1,0.8158134
2,0,1,0.5231857
2,1,0,0.2919298
2,1,0,0.48730263
2,0,0,0.36842695
2,0,0,0.2626511
2,0,1,0.6501648
2,0,1,0.6135605
2,0,0,0.16408241
2,0,1,0.50818217
2,1,1,0.51105034
2,0,1,0.61915874
2,1,1,0.85320264
2,1,1,0.7439352
2,1,0,0.2718596
2,1,0,0.4470325
2,0,0,0.254507
2,0,0,0.14909539
2,1,0,0.329055
2,0,1,0.64196837
2,1,1,0.8275278
2,1,1,0.6612183
2,1,1,0.71488655
2,0,1,0.56716985
2,0,1,0.53915906
2,0,1,0.75389016
2,1,1,0.749357
2,1,1,0.6339795
2,0,1,0.5453891
2,0,0,0.44248235
2,0,0,0.35604453
2,0,0,0.12650433
2,0,0,0.2440235
2,1,1,0.8357877
2,1,1,0.84548885
2,1,1,0.85576016
2,1,1,0.72231114
2,1,1,0.52223444
2,0,0,0.20025362
2,0,0,0.25663504
2,1,1,0.8275347
2,0,1,0.6780141
2,1,1,0.6154106
2,1,1,0.55121565
2,0,0,0.24618179
2,1,0,0.26822376
2,1,1,0.58025247
2,0,0,0.16490382
2,0,0,0.23833638
2,1,1,0.8758017
2,0,1,0.62070197
2,0,0,0.38560662
2,1,1,0.5716554
2,0,0,0.26663572
2,0,1,0.52131206
2,1,1,0.82651126
2,0,0,0.38263464
2,1,0,0.2782347
2,1,0,0.1968818
2,0,1,0.5686668
2,1,1,0.76336455
2,1,1,0.6962861
2,0,0,0.15305723
2,0,1,0.6406124
2,0,0,0.47742563
2,1,1,0.79122597
2,1,1,0.7497542
2,1,0,0.35354438
2,1,0,0.4031652
2,0,1,0.5703026
2,0,1,0.59877986
2,0,0,0.49742085
2,0,1,0.8274226
2,1,1,0.5459557
2,1,1,0.5931109
2,0,1,0.67504996
2,1,1,0.517421
2,0,0,0.47141019
2,0,0,0.35059762
2,1,0,0.27788776
2,0,0,0.098765455
2,0,1,0.60029566
2,0,0,0.38377753
2,1,1,0.7612164
2,0,1,0.58557105
2,0,0,0.23326685
2,0,1,0.6848474
2,0,0,0.36352953
2,1,1,0.685774
2,1,1,0.6019847
2,1,1,0.5472126
2,1,1,0.8014235
2,1,1,0.52300346
2,1,0,0.3417105
2,0,0,0.45354724
2,0,1,0.6702758
2,1,1,0.72399384
2,0,0,0.16733733
2,1,0,0.48980182
2,0,1,0.53121704
2,0,1,0.6432596
2,0,0,0.467405
2,0,1,0.7168894
2,1,1,0.8717381
2,0,1,0.58447576
2,1,1,0.6661977
2,0,0,0.13025132
2,0,1,0.70180047
2,1,1,0.6182471
2,0,1,0.73105067
2,1,1,0.83105206
2,1,1,0.64526534
2,1,1,0.5944558
2,0,0,0.06946767
2,0,0,0.12120444
2,0,1,0.6627153
2,1,1,0.93774873
2,1,1,0.62446594
2,0,0,0.4276433
2,1,1,0.69239753
2,1,0,0.41472867
2,0,0,0.11328635
2,0,1,0.65388393
2,0,1,0.5433806
2,1,1,0.7289132
2,0,1,0.60062516
2,1,1,0.86725545
2,1,1,0.68961364
2,1,0,0.18768175
2,0,0,0.17019115
2,1,1,0.6423752
2,0,1,0.8111746
2,0,1,0.7089018
2,0,1,0.58158153
2,0,1,0.525408
2,0,1,0.5204702
2,0,0,0.066604204
2,1,0,0.41697535
2,0,0,0.13744095
2,1,1,0.68863595
2,0,0,0.14379826
2,1,1,0.6892802
2,0,1,0.6453894
2,0,1,0.61490285
2,1,1,0.86357015
2,1,1,0.6542143
2,0,0,0.074926555
2,0,0,0.41919068
2,1,1,0.7344115
2,1,1,0.93700147
2,1,1,0.67735714
2,1,0,0.26300895
2,1,1,0.8211911
2,0,0,0.25736356
2,1,1,0.775148
2,1,1,0.6864606
2,0,0,0.27639538
2,1,0,0.25917462
2,0,0,0.174995
2,0,0,0.27331975
2,0,0,0.103325315
2,1,1,0.8385222
2,1,1,0.6583743
2,0,0,0.29348552
2,0,1,0.62641925
2,0,0,0.13921635
2,0,0,0.39136317
2,0,0,0.16102871
2,1,1,0.7879124
2,0,1,0.5487893
2,1,1,0.6393526
2,0,0,0.42651662
2,1,1,0.79872686
2,1,1,0.71538126
2,0,0,0.4344447
2,1,1,0.50126535
2,0,0,0.48203084
2,1,1,0.61150175
2,0,0,0.45135477
2,0,0,0.45784965
2,0,0,0.27696356
2,1,1,0.6008408
2,1,0,0.24195093
2,0,1,0.59674
2,0,1,0.71961707
2,1,1,0.5813523
2,0,0,0.43673185
2,1,1,0.5286549
2,1,1,0.5172856
2,1,1,0.69096553
2,1,1,0.6774738
2,0,1,0.6004957
2,0,1,0.5354844
2,1,1,0.5507941
2,0,0,0.12503582
2,1,1,0.7194454
2,0,0,0.45831382
2,0,0,0.36685407
2,0,1,0.6119391
2,0,1,0.5743479
2,1,1,0.6059438
2,1,1,0.680754
2,0,0,0.3603121
2,1,1,0.50418544
2,0,1,0.54564774
2,1,1,0.88490003
2,1,1,0.6903062
2,1,1,0.65277714
2,1,1,0.70587635
2,0,1,0.5851832
2,1,1,0.62762797
2,0,1,0.64665335
2,1,1,0.7635198
2,0,0,0.37261525
2,1,1,0.719666
2,0,0,0.4404923
2,1,1,0.57945675
2,0,0,0.15211023
2,1,1,0.73898995
2,0,1,0.5697535
2,0,0,0.32820532
2,0,0,0.14759499
2,1,1,0.69516927
2,0,0,0.34891173
2,1,0,0.4213374
2,0,0,0.29551998
2,1,1,0.52339536
2,1,1,0.6395012
2,0,1,0.5307613
2,0,1,0.53976715
2,1,1,0.7151092
2,0,1,0.57418305
2,0,0,0.38830426
2,1,1,0.6620346
2,0,0,0.48049
2,0,0,0.41174734
2,1,1,0.7016183
2,0,0,0.41792315
2,1,1,0.58975005
2,0,0,0.48203817
2,1,1,0.6916758
2,0,1,0.6714904
2,0,0,0.20568919
2,0,0,0.23589933
2,1,1,0.79534787
2,1,1,0.81073105
2,1,1,0.7454273
2,0,1,0.78901947
2,0,0,0.4491315
2,0,1,0.6357983
2,0,1,0.61391187
2,0,1,0.80896133
2,1,1,0.7786805
2,0,1,0.68381214
2,0,0,0.1807821
2,0,1,0.5732152
2,0,0,0.31964132
2,1,1,0.5615723
2,1,1,0.70956624
2,0,1,0.53269106
2,1,1,0.74469316
2,0,0,0.4105675
2,1,1,0.6471763
2,0,0,0.23789276
2,1,1,0.6328905
2,0,0,0.37982902
2,0,1,0.5947082
2,1,0,0.41371125
2,0,1,0.6127082
2,1,1,0.6173112
2,1,1,0.56994027
2,1,1,0.82503283
2,1,1,0.6205278
2,0,0,0.3418713
2,1,1,0.6819074
2,1,1,0.60910904
2,0,1,0.6124627
2,0,1,0.5833546
2,0,1,0.68669283
2,0,1,0.75805694
2,0,1,0.5948964
2,0,1,0.6557381
2,1,1,0.61793435
2,0,0,0.48300296
2,0,1,0.60547626
2,0,1,0.7138508
2,1,1,0.60804516
2,1,0,0.4819619
2,0,0,0.32704458
2,1,1,0.6761008
2,0,0,0.3718768
2,0,1,0.5669965
2,0,1,0.5448891
2,1,1,0.5219321
2,1,0,0.4045796
2,0,1,0.61934215
2,0,1,0.7111481
2,0,1,0.71521837
2,1,1,0.7095707
2,1,0,0.30327162
2,0,1,0.5413467
2,1,1,0.9170661
2,0,1,0.6459204
2,0,1,0.5669505
2,1,1,0.5288655
2,1,1,0.67880094
2,1,1,0.784332
2,0,0,0.20113103
2,1,1,0.5783276
2,0,0,0.09865187
2,1,1,0.5647773
2,0,1,0.6470221
2,0,0,0.28804398
2,0,0,0.13143471
2,1,1,0.87544364
2,0,1,0.67252076
2,0,0,0.12602769
2,0,1,0.6392706
2,1,1,0.76051456
2,0,0,0.48783594
2,0,0,0.42285895
2,0,1,0.5130699
2,0,1,0.52369064
2,1,1,0.61059225
2,1,1,0.55376625
2,1,1,0.9036599
2,0,1,0.79847836
2,1,1,0.66342586
2,0,0,0.26127666
2,1,1,0.79391056
2,0,1,0.5424541
2,0,0,0.32073647
2,1,1,0.57642317
2,0,0,0.19293316
2,1,0,0.26844266
2,0,0,0.17548288
2,1,1,0.9236405
2,0,1,0.7239502
2,1,1,0.6570199
2,0,0,0.2050969
2,1,1,0.6679826
2,1,1,0.7446493
2,0,1,0.5576095
2,0,1,0.5535478
2,0,1,0.5590826
2,0,1,0.7473385
2,1,1,0.6245376
2,1,1,0.64219105
2,1,0,0.44871593
2,0,1,0.55019015
2,1,1,0.63594973
2,0,0,0.49657413
2,0,1,0.63406366
2,0,0,0.39727736
2,0,0,0.38804623
2,0,1,0.6827533
2,0,1,0.60060626
2,1,0,0.4486352
2,0,0,0.47400433
2,1,1,0.603808
2,1,1,0.7028837
2,1,1,0.6630667
2,0,1,0.6067143
2,0,1,0.5845501
2,0,1,0.5560954
2,0,1,0.79772294
2,1,0,0.43316147
2,1,1,0.6952579
2,0,1,0.6464411
2,1,1,0.5786807
2,0,1,0.54917717
2,0,1,0.56339246
2,1,1,0.9447774
2,1,1,0.7629195
2,0,1,0.64997727
2,0,0,0.13860287
2,0,0,0.1354221
2,1,1,0.7519024
2,1,1,0.5226872
2,0,0,0.27291256
2,0,0,0.28285518
2,1,1,0.9392523
2,1,1,0.72502315
2,1,1,0.51321936
2,0,0,0.1201153
2,0,0,0.1460442
2,1,1,0.81513065
2,0,1,0.8113697
2,1,1,0.5500741
2,0,0,0.29498222
2,0,0,0.36644366
2,0,0,0.13750748
2,1,1,0.76092863
2,1,1,0.5732689
2,1,0,0.31823593
2,0,0,0.13600089
2,0,0,0.2996607
2,1,1,0.94281346
2,1,1,0.7183264
2,1,1,0.74530005
2,0,0,0.26774678
2,0,1,0.58813465
2,1,0,0.42518112
2,1,0,0.19569847
2,0,0,0.111423686
2,1,1,0.76244533
2,0,0,0.4434129
2,1,0,0.13210855
2,0,0,0.4282246
2,1,1,0.8849621
2,0,0,0.40054503
2,0,0,0.1897951
2,0,0,0.34472653
2,0,0,0.2945873
2,0,0,0.15777409
2,0,1,0.8276359
2,0,0,0.25627738
2,0,1,0.50977284
2,1,1,0.66157395
2,1,1,0.5332887
2,0,0,0.10960878
2,1,1,0.69969803
2,1,1,0.51179886
2,0,0,0.34832755
2,0,0,0.1175609
2,1,1,0.6748149
2,0,1,0.5844215
2,0,1,0.6987721
2,0,1,0.50796354
2,0,0,0.13284838
2,1,1,0.6132324
2,1,0,0.46342146
2,1,1,0.50483024
2,0,0,0.42621636
2,1,1,0.67483467
2,0,0,0.25315103
2,0,0,0.19598755
2,1,1,0.58336943
2,1,0,0.46241793
2,0,0,0.49942437
2,1,1,0.57357806
2,1,0,0.36555448
2,0,1,0.5628279
2,1,0,0.47159466
2,1,0,0.450805
2,0,0,0.44724324
2,0,1,0.53833395
2,0,0,0.46940097
2,0,1,0.6512201
2,0,0,0.39135912
2,1,1,0.74152565
2,1,1,0.6142661
2,1,1,0.6273414
2,0,1,0.64641654
2,0,0,0.4175357
2,0,1,0.66415125
2,0,1,0.56103516
2,1,1,0.5446839
2,1,1,0.67606777
2,0,1,0.53684425
2,1,1,0.6406948
2,1,1,0.6869871
2,1,1,0.5479444
2,1,1,0.664987
2,1,1,0.60447866
2,0,0,0.3891114
2,0,1,0.68862766
2,1,1,0.6184142
2,0,1,0.699065
2,0,1,0.52030385
2,0,0,0.18843713
2,0,1,0.5974953
2,1,1,0.6507998
2,0,0,0.49747425
2,0,0,0.4904828
2,0,1,0.5866301
2,1,1,0.6122733
2,0,1,0.5849303
2,0,1,0.63562757
2,0,0,0.49427876
2,0,0,0.40340844
2,0,1,0.561816
2,1,1,0.8933697
2,0,1,0.6143488
2,1,1,0.75857246
2,0,1,0.73005867
2,0,1,0.5252222
2,1,1,0.6497707
2,1,1,0.61700004
2,0,1,0.8247114
2,0,1,0.67055476
2,1,1,0.7029609
2,0,1,0.7265435
2,1,1,0.89747506
2,0,1,0.591962
2,1,1,0.66299695
2,1,0,0.49923512
2,1,1,0.66559786
2,1,1,0.513881
2,1,1,0.8007055
2,0,1,0.5660911
2,0,0,0.42861137
2,0,1,0.705941
2,0,1,0.55110794
2,0,1,0.6280539
2,0,1,0.5799396
2,1,1,0.88226044
2,1,1,0.76490545
2,0,1,0.79667664
2,0,1,0.7441576
2,1,1,0.5397513
2,0,0,0.3390886
2,0,1,0.6061315
2,1,1,0.7307716
2,0,1,0.56043273
2,0,1,0.6669916
2,1,1,0.5037193
2,0,0,0.32607552
2,1,1,0.58749866
2,0,1,0.5513747
2,1,1,0.6947964
2,0,1,0.6255666
2,1,1,0.8514519
2,0,1,0.5769843
2,0,0,0.49894822
2,0,1,0.6249131
2,1,1,0.73148584
2,0,1,0.92189425
2,1,1,0.62677854
2,0,0,0.1936796
2,1,1,0.59473133
2,1,1,0.51524067
2,0,1,0.65438956
2,0,1,0.6191319
2,0,1,0.75317484
2,1,1,0.596848
2,0,0,0.4882707
2,1,1,0.7322907
2,1,1,0.5629337
2,1,1,0.73823595
2,0,1,0.5813782
2,1,1,0.69291455
2,0,0,0.47733635
2,1,1,0.62766695
2,1,1,0.680888
2,1,0,0.44750232
2,0,1,0.7314375
2,0,1,0.7277552
2,1,0,0.3431624
2,0,0,0.18268585
2,0,0,0.24941012
2,1,1,0.8005493
2,0,1,0.58084893
2,0,1,0.6034612
2,1,1,0.6813053
2,1,1,0.6576754
2,0,1,0.68795264
2,0,0,0.4356279
2,0,0,0.25417182
2,1,1,0.5646598
2,0,0,0.36935857
2,0,1,0.56583196
2,1,0,0.26791155
2,1,0,0.27574763
2,1,0,0.39946997
2,0,0,0.41125545
2,0,0,0.48879674
2,0,0,0.21470091
2,0,1,0.7581593
2,1,1,0.5782411
2,1,0,0.4017618
2,1,0,0.36011145
2,0,1,0.5272015
2,0,0,0.41836303
2,1,1,0.5720298
2,0,1,0.7042978
2,1,0,0.46546695
2,1,0,0.40612468
2,1,1,0.8825704
2,1,1,0.75412494
2,1,1,0.6825037
2,0,0,0.13843445
2,0,1,0.79271543
2,0,1,0.6106115
2,1,1,0.8197129
2,0,1,0.64398676
2,0,0,0.1611293
2,0,0,0.28020233
2,0,0,0.11542121
2,1,1,0.58280385
2,1,0,0.41175166
2,1,1,0.57529736
2,0,0,0.21175458
2,1,1,0.73565286
2,1,1,0.6131052
2,0,0,0.46907628
2,1,1,0.6066164
2,0,0,0.46848226
2,0,0,0.37447596
2,0,0,0.48283857
2,0,1,0.7401988
2,0,1,0.51335937
2,1,0,0.36732563
2,1,0,0.3890541
2,1,0,0.26802212
2,0,0,0.18659511
2,1,1,0.6039028
2,1,1,0.604389
2,0,0,0.12613855
2,0,0,0.15606052
2,1,1,0.74157476
2,0,1,0.65078264
2,1,1,0.6790307
2,0,1,0.6842938
2,0,1,0.6548283
2,1,1,0.67460495
2,0,1,0.5771619
2,1,1,0.6950372
2,1,1,0.63749075
2,0,0,0.162478
2,1,0,0.22707734
2,0,1,0.60174865
2,0,1,0.5255644
2,0,1,0.636245
2,1,1,0.79820937
2,1,1,0.8192377
2,1,1,0.5696007
2,1,1,0.63782716
2,1,1,0.73322976
2,1,1,0.5194954
2,0,1,0.73167616
2,0,1,0.56085724
2,1,1,0.79942894
2,0,0,0.12048114
2,1,1,0.7182572
2,1,0,0.2020365
2,0,0,0.16452894
2,0,1,0.84689707
2,0,1,0.73164165
2,0,1,0.5300559
2,0,1,0.8241816
2,1,1,0.78368694
2,0,0,0.40092042
2,1,1,0.64983964
2,1,0,0.41978723
2,1,0,0.15030462
2,0,0,0.08569148
2,0,0,0.08569148
2,0,1,0.5203291
2,0,0,0.27351224
2,0,0,0.3373556
2,1,1,0.68191713
2,0,1,0.7360858
2,0,0,0.2774229
2,1,1,0.6719721
2,1,1,0.5266727
2,1,1,0.6912551
2,1,0,0.37420017
2,1,0,0.18302903
2,0,0,0.4217657
2,0,0,0.4388802
2,0,0,0.21609843
2,0,0,0.49624968
2,0,1,0.70486593
2,0,0,0.47564355
2,1,1,0.61312383
2,0,0,0.45665717
2,1,1,0.5937121
2,1,1,0.5643298
2,0,1,0.768941
2,1,0,0.37295124
2,1,1,0.51808685
2,1,0,0.3551733
2,0,0,0.44174048
2,1,1,0.64904755
2,0,0,0.4037275
2,1,0,0.21627414
2,0,1,0.7869861
2,0,1,0.7185062
2,1,0,0.38847497
2,0,0,0.19137304
2,1,1,0.70490277
2,0,1,0.58040065
2,1,1,0.7379362
2,0,1,0.5795243
2,0,1,0.7168396
2,0,1,0.575027
2,1,0,0.39679104
2,0,1,0.6412004
2,1,0,0.48870596
2,1,1,0.84592813
2,1,1,0.6543834
2,1,1,0.7564145
2,0,0,0.1455136
2,1,1,0.83007455
2,0,0,0.46077496
2,0,1,0.6241665
2,0,0,0.45716822
2,1,1,0.86625034
2,1,1,0.76722395
2,0,0,0.48399594
2,0,0,0.098883875
2,0,0,0.1250743
2,1,1,0.7641467
2,1,1,0.76041394
2,1,0,0.20884061
2,0,0,0.109023355
2,0,0,0.18077688
2,0,1,0.67633975
2,0,0,0.16401538
2,1,1,0.5345333
2,0,0,0.14572673
2,1,1,0.6489362
2,0,1,0.7244295
2,1,1,0.5858375
2,0,1,0.82517326
2,1,0,0.35143518
2,0,0,0.26689252
2,1,1,0.6086377
2,1,1,0.68880826
2,1,1,0.607036
2,0,0,0.14789514
2,0,0,0.3045367
2,0,0,0.17427167
2,0,0,0.116352536
2,1,1,0.7822076
2,1,1,0.57173985
2,0,0,0.46313182
2,0,1,0.63868666
2,1,1,0.6393279
2,0,0,0.2925108
2,0,1,0.71563643
2,1,1,0.6605738
2,0,1,0.59830415
2,1,1,0.5961151
2,0,0,0.2206158
2,0,1,0.5738992
2,1,1,0.62682056
2,0,1,0.63214904
2,1,1,0.50614274
2,0,0,0.14275108
2,1,1,0.5807129
2,0,1,0.77483416
2,0,1,0.59811497
2,1,1,0.7797669
2,1,1,0.6787191
2,0,0,0.47067955
2,0,0,0.39145553
2,1,1,0.8385839
2,1,1,0.63873667
2,0,1,0.5722494
2,0,0,0.26197857
2,0,1,0.61532986
2,0,0,0.39556563
2,0,1,0.53063446
2,0,1,0.52238226
2,0,0,0.17338867
2,0,0,0.31119603
2,1,1,0.5296828
2,0,1,0.60322714
2,1,0,0.47717288
2,1,1,0.57050383
2,0,1,0.64748126
2,1,1,0.6983772
2,1,1,0.6123376
2,1,1,0.589353
2,1,1,0.72847146
2,0,1,0.5591035
2,1,1,0.5743208
2,0,0,0.48715913
2,0,1,0.72092354
2,1,1,0.863067
2,0,1,0.53790075
2,0,0,0.2101787
2,0,0,0.29074383
2,0,0,0.12800558
2,0,1,0.54109466
2,0,1,0.668592
2,0,1,0.54026765
2,1,1,0.66131896
2,1,1,0.71687686
2,1,1,0.54976404
2,1,1,0.6262533
2,0,1,0.6675076
2,0,0,0.4878852
2,0,0,0.42425686
2,0,1,0.57809615
2,0,0,0.35523346
2,1,1,0.5671776
2,0,0,0.3324644
2,0,1,0.8128134
2,1,1,0.7325834
2,1,1,0.51122457
2,1,1,0.54394513
2,0,0,0.16315493
2,1,0,0.4260219
2,1,1,0.5268663
2,1,0,0.457451
2,1,0,0.38248155
2,0,1,0.65474826
2,0,1,0.69612956
2,1,1,0.64923656
2,0,0,0.34236497
2,0,0,0.1711026
2,0,0,0.22906919
2,1,1,0.78524154
2,1,0,0.46380922
2,0,1,0.5027751
2,0,1,0.69343096
2,1,1,0.89709914
2,0,1,0.81460744
2,1,1,0.8287412
2,0,0,0.26799586
2,1,1,0.8111346
2,0,1,0.5656438
2,0,1,0.6903255
2,1,1,0.8259843
2,1,1,0.78096396
2,0,1,0.54386395
2,0,0,0.30690196
2,1,0,0.48296645
2,0,0,0.47145176
2,0,0,0.29208535
2,1,1,0.7268536
2,0,1,0.5954632
2,0,1,0.65533805
2,1,0,0.45376217
2,1,1,0.52896297
2,1,1,0.7142584
2,1,1,0.80821794
2,0,0,0.17568043
2,0,1,0.91500926
2,0,1,0.7140641
2,1,1,0.6554462
2,0,0,0.4788626
2,1,1,0.71926653
2,1,1,0.76925564
2,1,1,0.80786884
2,0,0,0.40387744
2,1,1,0.5741928
2,0,0,0.40893176
2,1,1,0.7326794
2,0,1,0.7666975
2,0,1,0.6536803
2,0,1,0.6250575
2,1,1,0.7342595
2,1,1,0.66840583
2,1,1,0.7455255
2,1,1,0.544156
2,0,0,0.20563556
2,0,0,0.14938617
2,1,1,0.51019317
2,0,0,0.10312179
2,1,1,0.69558066
2,0,1,0.6012499
2,0,0,0.10931545
2,0,0,0.22588836
2,0,0,0.3761582
2,0,0,0.17032738
2,0,1,0.5576291
2,1,1,0.57300204
2,0,1,0.8497247
2,1,1,0.8002455
2,1,0,0.4355762
2,0,0,0.16238298
2,1,1,0.8022158
2,0,0,0.32608017
2,1,1,0.7183618
2,0,1,0.6299737
2,0,0,0.46669194
2,1,1,0.74664575
2,1,1,0.82964426
2,1,1,0.8791437
2,0,0,0.121634774
2,0,0,0.3532002
2,1,0,0.25321025
2,1,0,0.3700067
2,0,0,0.22220454
2,1,1,0.80690396
2,0,0,0.09722118
2,1,0,0.32997793
2,0,0,0.37968987
2,0,0,0.14788447
2,0,0,0.1250451
2,0,1,0.5906097
2,1,1,0.5710966
2,1,1,0.6936248
2,1,1,0.7905163
2,1,1,0.74384
2,1,1,0.50101316
2,0,0,0.10271471
2,0,0,0.1772798
2,1,1,0.7927361
2,0,0,0.14431666
2,0,0,0.3069968
2,1,0,0.34704304
2,0,1,0.6464694
2,0,0,0.2851665
2,0,0,0.12761545
2,0,0,0.12181433
2,0,0,0.39614895
2,1,1,0.81107765
2,0,1,0.521748
2,1,1,0.6708882
2,0,0,0.21695437
2,0,0,0.3745934
2,0,0,0.39693397
2,1,0,0.3344743
2,0,1,0.6841581
2,0,1,0.6709051
2,1,1,0.58695555
2,0,0,0.30684638
2,0,1,0.67074186
2,1,1,0.71730596
2,1,0,0.4555733
2,1,0,0.4486111
2,0,1,0.77824503
2,0,0,0.4418341
2,0,1,0.74570733
2,1,0,0.21220438
2,0,0,0.17593558
2,1,0,0.46422207
2,0,0,0.4217947
2,1,0,0.3300831
2,1,0,0.17259221
2,1,1,0.78169835
2,0,1,0.52760124
2,1,1,0.58503217
2,1,0,0.43512782
2,0,0,0.47061768
2,0,0,0.3050644
2,0,1,0.7277198
2,0,0,0.3587766
2,1,0,0.33850938
2,1,1,0.7245267
2,0,1,0.5520804
2,0,0,0.15268409
2,1,0,0.49290305
2,1,1,0.8839279
2,0,0,0.3071375
2,0,1,0.6299026
2,0,0,0.4542267
2,0,0,0.19404712
2,0,0,0.37823358
2,0,1,0.7646478
2,0,1,0.72164005
2,1,1,0.6479743
2,1,1,0.7156011
2,1,1,0.67109317
2,1,1,0.62885725
2,0,1,0.7544176
2,1,1,0.6559497
2,1,1,0.90801555
2,0,0,0.40569958
2,1,1,0.8036387
2,1,1,0.5822677
2,0,1,0.5050977
2,0,0,0.34340546
2,0,0,0.30626294
2,0,1,0.702327
2,0,1,0.5897069
2,1,0,0.4787543
2,0,0,0.43440014
2,1,1,0.79929686
2,0,0,0.4736638
2,1,1,0.9210626
2,1,1,0.6600976
2,0,0,0.42141968
2,0,0,0.373902
2,1,1,0.56874084
2,1,1,0.6259296
2,0,0,0.15054503
2,1,1,0.5015284
2,0,0,0.065496765
2,1,1,0.8232097
2,1,1,0.6188009
2,1,1,0.6648094
2,1,0,0.42462295
2,0,0,0.45994836
2,1,0,0.3872868
2,0,1,0.5334299
2,0,0,0.16435784
2,0,0,0.48032683
2,0,0,0.3933437
2,0,0,0.20666187
2,1,0,0.44705322
2,0,1,0.63497066
2,0,0,0.4483923
2,1,1,0.6536181
2,0,1,0.5347447
2,0,0,0.46717498
2,1,1,0.567161
2,0,1,0.5794189
2,0,1,0.6497491
2,1,1,0.6424332
2,0,0,0.3433668
2,1,1,0.79449546
2,1,1,0.542337
2,0,0,0.28684884
2,1,1,0.7260278
2,0,0,0.42159408
2,0,0,0.28937244
2,0,1,0.7387663
2,0,0,0.17769317
2,1,0,0.4373413
2,0,0,0.15497288
2,0,1,0.6021211
2,1,1,0.8572982
2,0,1,0.5168984
2,1,1,0.6065439
2,0,1,0.53116566
2,0,0,0.39897236
2,1,0,0.22721298
2,1,1,0.58677685
2,1,1,0.6190778
2,0,0,0.42913544
2,1,1,0.6274071
2,1,0,0.4759379
2,0,0,0.26508278
2,1,0,0.35634136
2,0,0,0.13146819
2,1,1,0.7992622
2,1,1,0.5536437
2,1,1,0.6335203
2,1,1,0.61342967
2,0,0,0.15787745
2,0,0,0.1457786
2,0,0,0.37333715
2,0,1,0.6397528
2,0,1,0.60721666
2,0,1,0.5401226
2,0,0,0.4028646
2,0,1,0.5506974
2,0,0,0.24536869
2,1,0,0.3788097
2,1,1,0.77059686
2,1,0,0.4286578
2,1,0,0.16174883
2,0,0,0.3148332
2,1,0,0.18984616
2,1,0,0.07241578
2,1,0,0.38350785
2,0,0,0.41762686
2,1,1,0.6019642
2,1,1,0.67418396
2,1,0,0.27552322
2,0,1,0.5572692
2,0,0,0.49906912
2,1,0,0.07128776
2,1,1,0.67806107
2,1,1,0.60149276
2,1,1,0.61634415
2,0,0,0.4820774
2,1,1,0.8596886
2,0,1,0.5284492
2,0,1,0.5367154
2,0,0,0.31492424
2,1,1,0.53829765
2,0,0,0.421489
2,1,1,0.532603
2,0,0,0.34513932
2,1,0,0.47659552
2,0,1,0.6028228
2,1,1,0.84559685
2,1,1,0.6459372
2,0,1,0.51299435
2,1,1,0.592643
2,0,1,0.6710457
2,0,1,0.63872635
2,1,1,0.77123266
2,0,1,0.6466058
2,0,0,0.423818
2,0,1,0.6799086
2,1,1,0.8066502
2,1,1,0.5883908
2,1,0,0.34720072
2,0,1,0.57487595
2,0,0,0.37639204
2,0,1,0.72856677
2,1,1,0.87048763
2,1,1,0.7584578
2,0,1,0.8514665
2,0,0,0.4150094
2,1,1,0.52918804
2,0,0,0.4609261
2,1,1,0.9198312
2,1,1,0.79216325
2,1,0,0.46546766
2,1,1,0.7283838
2,1,1,0.7167451
2,1,1,0.8058435
2,1,1,0.5686374
2,0,1,0.6867856
2,0,1,0.6298812
2,1,1,0.60889417
2,0,1,0.56493735
2,1,1,0.5959327
2,0,0,0.4772278
2,1,1,0.86308306
2,1,1,0.7528437
2,1,0,0.40142053
2,1,0,0.38392124
2,1,1,0.67187613
2,0,0,0.1950717
2,1,0,0.42381987
2,0,0,0.4489931
2,1,1,0.63730997
2,1,0,0.411851
2,0,0,0.20203866
2,1,1,0.78778815
2,0,0,0.44376275
2,0,0,0.33011064
2,0,0,0.23341055
2,1,1,0.69982
2,0,0,0.3723032
2,0,0,0.37938222
2,0,1,0.5282608
2,0,0,0.21480046
2,0,0,0.21810032
2,0,1,0.66704917
2,0,1,0.5968456
2,1,1,0.74199486
2,1,0,0.47912
2,1,1,0.7832496
2,0,1,0.5098816
2,0,0,0.39291593
2,0,0,0.26739177
2,1,1,0.75499207
2,1,1,0.65537965
2,1,1,0.5061057
2,1,1,0.74166185
2,0,1,0.73987395
2,0,1,0.6978443
2,0,0,0.4275506
2,1,1,0.76289934
2,0,1,0.5012187
2,1,1,0.72522575
2,1,1,0.77862006
2,1,1,0.8953535
2,1,1,0.8034151
2,0,1,0.69486517
2,0,1,0.54014724
2,1,1,0.74787104
2,1,0,0.4183938
2,0,0,0.23162946
2,0,0,0.29180393
2,1,1,0.6286806
2,1,1,0.7847252
2,1,1,0.60780764
2,0,0,0.44273862
2,1,1,0.8735939
2,1,1,0.51885325
2,1,1,0.68042713
2,1,1,0.89099884
2,1,1,0.53590536
2,1,0,0.26836315
2,1,0,0.41203043
2,0,0,0.34416723
2,0,1,0.50092065
2,0,1,0.5099401
2,0,0,0.3410736
2,0,1,0.76020664
2,0,1,0.69643164
2,0,0,0.43366405
2,1,1,0.7089745
2,1,1,0.89021724
2,0,1,0.7171748
2,0,1,0.66910326
2,0,0,0.320909
2,1,1,0.54854006
2,0,0,0.17240015
2,1,0,0.46341
2,0,0,0.28049538
2,0,1,0.6084368
2,1,0,0.43713215
2,0,1,0.64658433
2,0,1,0.68888575
2,1,1,0.5078371
2,1,1,0.7098071
2,0,1,0.69429487
2,1,0,0.45593283
2,1,1,0.8447378
2,1,1,0.6650365
2,0,0,0.27729324
2,1,1,0.8430019
2,0,0,0.47033238
2,0,1,0.56442237
2,0,1,0.5260812
2,1,0,0.4266559
2,1,1,0.5514075
2,0,0,0.24701035
2,0,0,0.37141308
2,0,0,0.46844095
2,1,1,0.553809
2,1,0,0.34757107
2,0,1,0.6650019
2,0,0,0.33485225
2,0,0,0.23818873
2,0,0,0.25470608
2,1,1,0.76313823
2,1,0,0.4971474
2,1,1,0.76991636
2,0,1,0.62370175
2,0,0,0.40507063
2,0,0,0.44588506
2,0,0,0.25075468
2,0,0,0.4691369
2,0,0,0.37052202
2,0,0,0.306094
2,0,0,0.25557005
2,1,0,0.41044706
2,0,0,0.12969016
2,1,0,0.22253369
2,1,0,0.20241728
2,0,0,0.22903892
2,0,0,0.23685314
2,1,0,0.34885257
2,0,0,0.29278326
2,1,1,0.59278196
2,1,1,0.6762418
2,1,1,0.6526257
2,0,1,0.59691286
2,0,0,0.42168957
2,0,1,0.5221464
2,1,1,0.510973
2,1,1,0.6710219
2,0,1,0.5466501
2,1,1,0.65215355
2,1,1,0.7007801
2,1,1,0.7321585
2,1,1,0.59238654
2,0,0,0.39622024
2,1,1,0.69546634
2,0,0,0.14604883
2,1,1,0.68038726
2,0,0,0.36892083
2,0,1,0.7066732
2,0,0,0.45051873
2,1,1,0.6933216
2,1,1,0.50918823
2,1,1,0.6903681
2,0,1,0.6722828
2,0,1,0.70782745
2,1,1,0.58880424
2,1,1,0.52160466
2,1,1,0.6758211
2,1,1,0.7055909
2,1,1,0.6607688
2,0,0,0.421889
2,1,1,0.68127453
2,0,1,0.5366489
2,0,1,0.50062966
2,0,0,0.38732228
2,0,0,0.34479168
2,0,1,0.7335266
2,0,1,0.5408012
2,1,1,0.80258876
2,0,1,0.72329044
2,1,0,0.42447844
2,1,1,0.63607615
2,1,1,0.5354459
2,1,1,0.811688
2,0,1,0.70393634
2,0,1,0.69827944
2,1,1,0.65436953
2,0,0,0.48005262
2,1,1,0.6030842
2,0,0,0.10720511
2,1,1,0.5234538
2,1,1,0.58610564
2,0,1,0.7205328
2,0,1,0.6139034
2,0,1,0.7076303
2,1,1,0.8403649
2,0,1,0.6400893
2,1,1,0.71991265
2,1,1,0.8102235
2,1,0,0.45060635
2,0,0,0.23770742
2,1,1,0.87078077
2,1,1,0.7840341
2,1,1,0.7026952
2,0,1,0.71533895
2,1,1,0.8377771
2,1,0,0.40244067
2,0,1,0.68877286
2,0,0,0.45240724
2,0,0,0.4045757
2,0,1,0.65591973
2,0,1,0.687024
2,0,0,0.23434661
2,0,1,0.8032754
2,1,1,0.84578574
2,1,1,0.6881568
2,1,1,0.674787
2,1,1,0.6932923
2,0,0,0.34671274
2,0,0,0.06618663
2,1,0,0.49717584
2,0,1,0.6474156
2,0,0,0.15750699
2,1,1,0.5641743
2,1,1,0.8376298
2,0,1,0.51562643
2,1,1,0.8550045
2,0,1,0.8181432
2,1,1,0.692704
2,0,0,0.33664358
2,0,1,0.5640046
2,1,1,0.56439376
2,1,1,0.6844975
2,0,0,0.2455147
2,0,1,0.5579858
2,1,1,0.6354584
2,0,1,0.72658354
2,0,1,0.68971103
2,1,1,0.5130472
2,0,0,0.4996657
2,1,1,0.84799397
2,1,1,0.71149135
2,1,1,0.75274307
2,1,1,0.72253513
2,1,0,0.49423912
2,0,1,0.72819823
2,0,0,0.24288194
2,0,1,0.7375039
2,1,1,0.6458361
2,0,1,0.5147977
2,1,0,0.43445525
2,0,1,0.8139931
2,0,1,0.72164536
2,0,1,0.84607315
2,0,1,0.5980077
2,1,1,0.5912593
2,0,0,0.41948453
2,1,1,0.5473271
2,0,1,0.7443448
2,1,1,0.5466665
2,1,1,0.56911004
2,1,1,0.6894367
2,0,0,0.41632065
2,1,1,0.60092014
2,1,1,0.5646466
2,0,1,0.7266298
2,0,0,0.40186435
2,0,1,0.55095917
2,0,0,0.29662204
2,1,1,0.5147754
2,1,0,0.3297212
2,0,0,0.41088372
2,0,0,0.22395468
2,1,0,0.4636445
2,1,1,0.76448303
2,0,1,0.5034606
2,0,0,0.22593194
2,0,1,0.7503409
2,1,0,0.40667507
2,0,1,0.51785266
2,0,1,0.6152394
2,1,1,0.63822395
2,0,0,0.2687325
2,1,0,0.42075428
2,0,1,0.75094634
2,1,1,0.52006924
2,1,1,0.6491512
2,0,0,0.48601222
2,0,0,0.28306842
2,0,1,0.5036384
2,0,1,0.5750377
2,1,1,0.8673245
2,0,0,0.45825252
2,1,0,0.4970855
2,1,1,0.7582909
2,0,1,0.80812204
2,0,0,0.17359546
2,1,1,0.8190403
2,0,1,0.7520124
2,0,1,0.8033843
2,1,1,0.85218227
2,1,1,0.75589395
2,1,1,0.730567
2,1,1,0.89890295
2,0,0,0.49878246
2,1,1,0.6610539
2,0,0,0.37940618
2,1,1,0.8243978
2,0,0,0.26263833
2,1,1,0.601186
2,1,1,0.8547324
2,1,1,0.74517137
2,0,1,0.6701006
2,0,0,0.34726423
2,1,0,0.45547467
2,0,1,0.7635053
2,0,1,0.61814886
2,1,1,0.6439122
2,0,1,0.77377254
2,1,1,0.5144181
2,0,1,0.5809282
2,0,1,0.70203966
2,1,1,0.7643059
2,1,0,0.4286578
2,1,0,0.16174883
2,0,0,0.3148332
2,1,0,0.18984616
2,1,0,0.07241578
2,1,0,0.38350785
2,0,0,0.41762686
2,1,1,0.6019642
2,1,1,0.67418396
2,1,0,0.27552322
2,0,1,0.5572692
2,0,0,0.49906912
2,1,0,0.07128776
2,1,1,0.67806107
2,1,1,0.90801555
2,0,0,0.40569958
2,1,1,0.8036386
2,1,1,0.5822677
2,0,1,0.5050977
2,0,0,0.34340546
2,0,0,0.30626294
2,0,1,0.702327
2,0,1,0.5897069
2,1,0,0.4787543
2,0,0,0.43440014
2,1,1,0.79929686
2,0,0,0.4736638
2,1,1,0.9210626
2,1,1,0.6600976
2,0,0,0.42141968
2,0,0,0.373902
2,1,1,0.56874084
2,1,1,0.68074566
2,1,0,0.4904605
2,0,0,0.4108042
2,0,0,0.22054467
2,1,1,0.555264
2,0,0,0.34671924
2,0,0,0.4717998
2,1,1,0.51346886
2,0,0,0.22706209
2,0,0,0.33025932
2,0,0,0.38163826
2,1,0,0.4177771
2,1,0,0.45563236
2,0,0,0.3866395
2,1,1,0.5613752
2,0,0,0.38792038
2,0,0,0.24908255
2,1,1,0.6086206
2,1,1,0.7266589
2,0,0,0.3827118
2,1,1,0.5826306
2,1,1,0.571216
2,1,1,0.8155957
2,1,1,0.6318294
2,1,0,0.45658565
2,0,1,0.811416
2,1,1,0.81214243
2,0,0,0.3930737
2,0,0,0.2783503
2,0,0,0.34957314
2,1,1,0.6365484
2,0,0,0.39432245
2,1,1,0.62755084
2,0,0,0.20865032
2,0,1,0.50326544
2,1,1,0.63963646
2,0,0,0.47866344
2,0,1,0.7948715
2,0,0,0.27953872
2,0,1,0.7483076
2,1,1,0.92207384
2,1,1,0.6656575
2,1,1,0.6662402
2,1,1,0.78406435
2,1,1,0.6330788
2,0,0,0.46339667
2,0,0,0.30206442
2,0,1,0.72187346
2,0,1,0.7060973
2,1,1,0.7996092
2,0,0,0.24486504
2,1,1,0.5893952
2,1,1,0.821401
2,1,0,0.26726553
2,1,1,0.52899915
2,1,1,0.81493616
2,0,0,0.36985633
2,1,1,0.8256305
2,1,1,0.68032926
2,0,0,0.3948199
2,0,0,0.107826956
2,0,0,0.24608365
2,1,1,0.64797
2,0,0,0.42922738
2,1,1,0.74855727
2,1,1,0.59312797
2,1,1,0.6559679
2,0,0,0.38025177
2,1,1,0.8435758
2,1,1,0.7298388
2,0,1,0.5863958
2,0,1,0.5117206
2,0,0,0.4957856
2,0,1,0.5454978
2,1,1,0.6788875
2,1,1,0.84646827
2,1,1,0.64530605
2,1,1,0.68746734
2,1,1,0.591924
2,1,1,0.616369
2,1,0,0.4626585
2,1,1,0.6475789
2,1,1,0.5909659
2,1,1,0.7469283
2,0,1,0.8387725
2,1,1,0.86975485
2,1,1,0.64752483
2,0,1,0.6771401
2,0,1,0.77950615
2,1,1,0.75166434
2,1,1,0.78999686
2,0,0,0.42499095
2,1,1,0.60697716
2,1,1,0.77149034
2,1,0,0.41502216
2,0,1,0.74375904
2,0,1,0.58888656
2,0,0,0.14398642
2,0,0,0.34690225
2,1,1,0.6040845
2,0,0,0.4677138
2,0,1,0.616643
2,0,0,0.17020144
2,0,1,0.84036833
2,1,1,0.5744892
2,1,1,0.8161181
2,0,1,0.78488517
2,1,1,0.74081767
2,0,1,0.81535345
2,1,1,0.73664
2,0,1,0.79038244
2,0,1,0.5237313
2,1,1,0.7124339
2,0,1,0.88949287
2,1,1,0.525372
2,1,0,0.44239828
2,0,1,0.65133834
2,0,0,0.42340547
2,1,1,0.5022872
2,1,0,0.47366533
2,0,0,0.27256647
2,0,0,0.44095027
2,0,1,0.64958256
2,1,1,0.625897
2,0,1,0.6027336
2,0,0,0.42245194
2,1,1,0.5739593
2,1,0,0.3674175
2,1,0,0.33616242
2,0,0,0.43090528
2,0,1,0.6464467
2,0,0,0.37167585
2,1,1,0.9040746
2,1,1,0.7910318
2,1,1,0.55063164
2,0,0,0.44874758
2,1,1,0.6278786
2,0,1,0.59182614
2,0,0,0.21794888
2,0,1,0.67024976
2,0,1,0.6266181
2,0,1,0.63775796
2,1,1,0.92993873
2,0,0,0.25379422
2,1,1,0.7843689
2,0,0,0.12599091
2,1,1,0.52305526
2,1,0,0.2861395
2,0,1,0.5514176
2,1,1,0.8484696
2,1,1,0.69562936
2,0,1,0.5775363
2,1,1,0.7790998
2,1,1,0.8587141
2,0,1,0.69986004
2,0,1,0.53473693
2,1,1,0.63795733
2,0,0,0.33745182
2,1,1,0.5306567
2,1,1,0.74735254
2,1,1,0.7684951
2,1,1,0.78546417
2,0,1,0.57263964
2,0,0,0.48904148
2,0,0,0.45427522
2,0,1,0.72124463
2,1,0,0.43693453
2,1,1,0.5020136
2,0,0,0.23336487
2,1,1,0.54636955
2,0,0,0.468966
2,1,0,0.33619732
2,0,1,0.6710123
2,0,0,0.39141867
2,0,0,0.42952162
2,1,1,0.6612841
2,0,1,0.5437535
2,1,1,0.5333444
2,1,1,0.7318942
2,1,1,0.8069123
2,0,1,0.7507702
2,0,1,0.7150799
2,0,0,0.19496195
2,1,1,0.6703731
2,0,0,0.40896496
2,1,0,0.49401757
2,0,0,0.3326098
2,1,0,0.18554519
2,1,0,0.39458606
2,0,0,0.28064424
2,0,0,0.43234542
2,0,0,0.38576815
2,0,1,0.6430449
2,0,0,0.45054448
2,1,0,0.16007413
2,0,0,0.35586768
2,1,1,0.76055855
2,0,0,0.3761069
2,0,0,0.2097845
2,0,0,0.36580694
2,1,0,0.32903597
2,0,0,0.17622472
2,1,1,0.66960007
2,1,0,0.36660987
2,0,0,0.12321264
2,1,1,0.6447902
2,0,0,0.18166286
2,0,0,0.30991793
2,0,0,0.3890515
2,1,0,0.3124281
2,1,1,0.66852546
2,1,1,0.66228074
2,1,1,0.66565394
2,0,0,0.32740134
2,0,1,0.6747415
2,0,0,0.14385484
2,1,1,0.8068431
2,1,1,0.5677433
2,1,0,0.39915895
2,0,0,0.12995654
2,0,0,0.35753432
2,0,1,0.63259804
2,1,1,0.6320078
2,0,0,0.26418987
2,1,0,0.46921632
2,1,0,0.30405644
2,0,0,0.43606398
2,0,1,0.5092294
2,0,0,0.49476022
2,0,0,0.4189353
2,0,1,0.61737114
2,1,1,0.5553215
2,1,1,0.6781107
2,1,1,0.7053827
2,1,1,0.83461547
2,1,1,0.6983494
2,1,0,0.4281913
2,1,1,0.7824147
2,1,1,0.5737502
2,1,1,0.68033177
2,1,1,0.60154176
2,1,1,0.66549426
2,1,1,0.80870485
2,0,1,0.8024467
2,1,1,0.56586313
2,1,1,0.8307028
2,0,1,0.7116358
2,1,1,0.7469067
2,0,1,0.57202774
2,1,1,0.8252696
2,0,1,0.5870693
2,1,1,0.6422074
2,1,1,0.687678
2,0,1,0.7955068
2,1,1,0.7022579
2,0,1,0.6047607
2,0,1,0.6156128
2,0,0,0.47188494
2,1,1,0.7471708
2,0,0,0.46841145
2,1,1,0.71314245
2,1,1,0.711607
2,0,1,0.62947077
2,0,1,0.79101974
2,0,0,0.40753758
2,1,1,0.7273488
2,1,1,0.5228662
2,1,1,0.7147985
2,1,0,0.3125374
2,0,1,0.5383916
2,0,1,0.5400079
2,1,1,0.6137163
2,0,0,0.45818996
2,1,1,0.79225177
2,0,1,0.7633417
2,0,0,0.47335562
2,1,0,0.49409595
2,0,1,0.7774366
2,1,1,0.7025935
2,1,1,0.629665
2,1,1,0.6342835
2,0,1,0.6173736
2,0,0,0.4118196
2,0,1,0.5729809
2,0,0,0.08522551
2,0,0,0.36550915
2,1,1,0.79763395
2,1,1,0.6727956
2,0,0,0.47431928
2,1,0,0.37472293
2,1,0,0.4278296
2,0,1,0.7642745
2,0,0,0.21824467
2,0,1,0.58410704
2,1,0,0.3593618
2,1,0,0.24189875
2,0,1,0.773829
2,0,1,0.53885305
2,0,0,0.37715533
2,0,0,0.41602677
2,1,1,0.54737926
2,0,0,0.27342877
2,1,1,0.68175733
2,1,0,0.37544945
2,1,1,0.5111686
2,0,1,0.6402316
2,1,1,0.599191
2,1,0,0.45410636
2,1,1,0.6602957
2,0,1,0.70578206
2,0,1,0.6263092
2,1,0,0.45118314
2,0,1,0.58746034
2,1,0,0.41491768
2,0,1,0.72771966
2,1,1,0.7259332
2,1,0,0.4834417
2,1,1,0.6048182
2,0,1,0.662856
2,1,0,0.27309877
2,0,0,0.30816674
2,0,0,0.45204976
2,0,0,0.31581032
2,1,1,0.6614
2,0,1,0.74298936
2,1,1,0.65634054
2,0,1,0.7603154
2,1,0,0.4933107
2,0,0,0.32567853
2,0,1,0.69789535
2,0,1,0.7834702
2,0,1,0.5882856
2,0,1,0.6935803
2,1,1,0.68956345
2,1,1,0.8330413
2,1,1,0.7206306
2,1,1,0.5731937
2,0,1,0.62034035
2,0,1,0.6835517
2,0,1,0.7250468
2,1,1,0.537811
2,0,0,0.29454952
2,1,0,0.4419297
2,1,1,0.7555239
2,1,1,0.7403535
2,1,1,0.5468618
2,0,1,0.51666605
2,0,1,0.79061764
2,0,0,0.4376723
2,0,0,0.42660254
2,0,1,0.71948373
2,1,1,0.75909483
2,0,1,0.6973586
2,0,0,0.40852562
2,1,0,0.37711564
2,1,1,0.5610024
2,1,1,0.6225018
2,0,0,0.22724713
2,1,1,0.5216681
2,0,0,0.17829123
2,1,1,0.59754187
2,1,1,0.51164955
2,1,1,0.6687931
2,0,0,0.4719112
2,0,1,0.5340352
2,0,0,0.40680024
2,0,1,0.70685005
2,1,1,0.53352094
2,1,1,0.70067143
2,1,1,0.5728973
2,1,1,0.703424
2,1,1,0.7228554
2,1,1,0.84586823
2,0,1,0.60414326
2,0,0,0.27697957
2,0,1,0.72007346
2,1,1,0.84094864
2,0,1,0.6670249
2,1,1,0.5542887
2,0,1,0.5700062
2,1,1,0.6686031
2,1,0,0.44585985
2,0,0,0.33879104
2,1,1,0.9106253
2,0,0,0.43989828
2,0,0,0.1664434
2,1,1,0.6840359
2,0,0,0.4279925
2,0,1,0.6337942
2,1,1,0.7540732
2,0,0,0.38925025
2,1,1,0.6065375
2,0,0,0.49971256
2,1,1,0.5622027
2,1,0,0.21433638
2,1,0,0.35177606
2,1,0,0.4810108
2,0,1,0.5101344
2,0,0,0.4788975
2,1,1,0.5854146
2,1,1,0.54251415
2,0,0,0.33303475
2,1,0,0.49837893
2,0,0,0.21885452
2,1,1,0.5286751
2,0,0,0.47070462
2,1,1,0.5054255
2,0,0,0.41828153
2,0,0,0.26433203
2,1,1,0.74895334
2,1,0,0.2299695
2,0,0,0.38817772
2,0,1,0.54197556
2,0,0,0.2144244
2,0,0,0.4003815
2,0,0,0.1654211
2,0,0,0.12631164
2,1,1,0.6452506
2,0,0,0.2451777
2,1,1,0.6085068
2,1,0,0.12754723
2,1,1,0.69484866
2,1,1,0.5255013
2,0,0,0.3761579
2,0,0,0.41129074
2,1,1,0.7389871
2,1,0,0.3504886
2,1,1,0.73444396
2,1,0,0.34622124
2,0,0,0.36371174
2,0,1,0.65389436
2,1,0,0.33038047
2,1,0,0.3239082
2,0,0,0.3286053
2,0,0,0.4480708
2,0,1,0.5779177
2,1,0,0.49910042
2,0,0,0.18483672
2,0,0,0.12666474
2,1,1,0.5230051
2,1,1,0.5379528
2,0,0,0.1219037
2,1,0,0.24566874
2,0,1,0.7525528
2,0,0,0.18189065
2,0,0,0.109296046
2,0,1,0.5782472
2,0,0,0.3626215
2,0,1,0.536063
2,1,1,0.8102908
2,1,1,0.5281158
2,1,1,0.6483538
2,0,0,0.4418762
2,1,1,0.7260867
2,0,0,0.3954612
2,1,1,0.7762212
2,0,0,0.12360812
2,1,1,0.7131629
2,1,0,0.48331743
2,1,1,0.6837632
2,1,1,0.5479712
2,0,0,0.4149402
2,1,0,0.29911417
2,1,1,0.600648
2,0,1,0.5634113
2,0,1,0.6204123
2,0,1,0.55953544
2,0,0,0.3228681
2,0,0,0.23808798
2,0,0,0.13097544
2,0,0,0.21725827
2,0,0,0.37048355
2,0,0,0.29551494
2,0,0,0.26710203
2,0,1,0.5784304
2,0,0,0.345493
2,1,0,0.43558648
2,0,0,0.3361978
2,1,0,0.37107798
2,0,0,0.4553634
2,0,0,0.41321358
2,0,1,0.5944578
2,0,0,0.1416156
2,1,1,0.57566386
2,1,1,0.7144281
2,0,0,0.1699091
2,1,1,0.7002636
2,1,1,0.8857853
2,1,1,0.792543
2,0,1,0.6980554
2,1,1,0.7706839
2,1,1,0.7872958
2,0,1,0.5420516
2,0,0,0.17597507
2,1,1,0.8203221
2,0,0,0.45714685
2,0,1,0.8257351
2,0,1,0.5486663
2,1,1,0.7409182
2,0,1,0.7904658
2,1,1,0.6859764
2,0,0,0.38474703
2,1,1,0.7179019
2,1,1,0.69795996
2,1,0,0.35203305
2,1,0,0.29942223
2,1,0,0.4890396
2,0,0,0.3956124
2,1,1,0.76172435
2,1,0,0.18664265
2,0,0,0.18323945
2,1,0,0.4198922
2,1,0,0.3745501
2,0,0,0.36154136
2,0,0,0.25781494
2,0,0,0.21873087
2,0,0,0.2597899
2,0,1,0.53032386
2,0,0,0.29595536
2,0,1,0.51321363
2,0,1,0.5252835
2,0,1,0.52735233
2,1,0,0.39394033
2,0,0,0.44635582
2,1,1,0.7344559
2,0,0,0.49607125
2,1,1,0.62684757
2,1,1,0.55152386
2,0,0,0.05053743
2,1,1,0.5315284
2,0,0,0.41658622
2,0,0,0.26175758
2,1,1,0.7109689
2,1,0,0.28924936
2,0,1,0.5276587
2,0,0,0.3810859
2,1,0,0.3149268
2,0,1,0.54085904
2,1,0,0.4092683
2,0,0,0.4546412
2,0,1,0.72420484
2,1,1,0.72952884
2,0,1,0.64372265
2,0,0,0.49033657
2,1,0,0.3150188
2,1,1,0.65377593
2,0,1,0.5129489
2,1,1,0.53455883
2,0,0,0.26655358
2,0,0,0.4027849
2,1,1,0.7873953
2,1,1,0.8085998
2,0,0,0.40479776
2,0,0,0.4921703
2,0,0,0.28623804
2,1,0,0.21232235
2,1,1,0.6985536
2,1,1,0.62345195
2,1,1,0.5901667
2,0,0,0.100372344
2,0,1,0.66656846
2,0,1,0.74528503
2,1,1,0.607837
2,0,1,0.64364666
2,0,0,0.46154413
2,1,1,0.6707989
2,0,0,0.23419333
2,0,1,0.5847861
2,0,0,0.21060917
2,0,0,0.38504887
2,0,0,0.4603439
2,0,0,0.35575065
2,1,1,0.75913334
2,1,1,0.62952584
2,0,0,0.097349375
2,1,1,0.5070379
2,1,1,0.7339966
2,0,0,0.3255706
2,1,1,0.58165187
2,1,1,0.5086483
2,0,0,0.08735529
2,0,0,0.36244196
2,1,0,0.25727895
2,0,0,0.31322023
2,1,1,0.50646555
2,0,0,0.40935478
2,1,0,0.28373042
2,0,0,0.11592222
2,1,0,0.355543
2,0,0,0.09480342
2,0,0,0.08850697
2,0,0,0.21461773
2,0,0,0.15220681
2,0,1,0.5468355
2,0,0,0.44951984
2,0,0,0.22903122
2,0,0,0.29212543
2,1,1,0.6730601
2,1,0,0.37874871
2,0,0,0.3155001
2,1,1,0.53445655
2,0,0,0.24241245
2,0,0,0.084439464
2,1,0,0.1534435
2,0,0,0.26275113
2,0,0,0.28203005
2,0,0,0.4304973
2,0,0,0.3050687
2,0,0,0.11766012
2,1,0,0.486251
2,0,0,0.3305182
2,0,0,0.30421174
2,0,0,0.23823449
2,0,0,0.47693053
2,0,0,0.3504435
2,0,0,0.2457182
2,1,0,0.36857483
2,0,0,0.2255929
2,0,0,0.3952436
2,1,0,0.27966568
2,1,0,0.27159658
2,0,0,0.14133853
2,1,1,0.66877353
2,1,0,0.44372776
2,1,0,0.17836039
2,1,0,0.3621022
2,0,0,0.19489038
2,1,0,0.37295088
2,1,0,0.49729946
2,1,1,0.6743315
2,1,1,0.75340325
2,1,1,0.81293863
2,1,1,0.59144324
2,0,1,0.52474636
2,1,1,0.74014527
2,1,1,0.6465796
2,1,0,0.49284726
2,1,1,0.7013146
2,1,1,0.7419189
2,1,1,0.7195771
2,0,1,0.7100076
2,0,1,0.63460714
2,0,1,0.69721556
2,0,1,0.58928853
2,1,0,0.45958552
2,1,1,0.7254004
2,1,1,0.6882598
2,1,1,0.74338084
2,0,0,0.3584595
2,0,0,0.32851115
2,0,1,0.54321265
2,1,0,0.4805114
2,1,0,0.4425569
2,0,1,0.5708219
2,0,0,0.3723103
2,1,0,0.40045252
2,1,1,0.5949169
2,0,1,0.62087107
2,1,1,0.79985684
2,0,1,0.8262781
2,0,1,0.5223955
2,1,1,0.63835484
2,0,1,0.5296563
2,1,1,0.8406865
2,1,1,0.6999225
2,1,1,0.56107354
2,1,1,0.5651784
2,1,1,0.9046614
2,0,0,0.49300173
2,1,1,0.65771604
2,0,0,0.3064451
2,1,1,0.67022145
2,0,0,0.40502462
2,1,1,0.8056779
2,0,1,0.5733996
2,1,1,0.80239475
2,1,1,0.8246024
2,1,1,0.8434986
2,0,1,0.77167594
2,0,1,0.5958495
2,0,1,0.7458795
2,1,1,0.5295239
2,1,1,0.7256369
2,1,0,0.370158
2,0,1,0.6438172
2,0,0,0.3958399
2,0,0,0.40184996
2,0,0,0.37820962
2,0,1,0.5541705
2,1,1,0.5575734
2,1,0,0.25187454
2,0,1,0.5322475
2,1,0,0.2461814
2,1,1,0.67554075
2,1,0,0.36414725
2,0,0,0.3441379
2,0,1,0.7089407
2,1,1,0.6257004
2,0,0,0.24028409
2,1,0,0.3611326
2,1,0,0.33834013
2,1,1,0.6629319
2,0,0,0.38304654
2,1,1,0.6291984
2,0,1,0.5005798
2,1,1,0.5094712
2,1,1,0.51693434
2,1,1,0.5314168
2,0,1,0.59901375
2,0,1,0.69747984
2,1,1,0.6337888
2,0,1,0.6584138
2,1,1,0.51582205
2,0,1,0.5292848
2,0,1,0.5671858
2,1,1,0.60988003
2,0,1,0.5155126
2,0,1,0.6871021
2,1,1,0.6681197
2,0,0,0.37621057
2,0,0,0.47156447
2,0,0,0.17465802
2,1,1,0.85223734
2,0,1,0.7465122
2,0,0,0.28268084
2,1,1,0.637113
2,0,1,0.6135126
2,0,0,0.3170371
2,0,0,0.27600995
2,0,0,0.29286864
2,1,0,0.42342642
2,1,1,0.52707726
2,0,0,0.3551326
2,0,0,0.12390978
2,1,1,0.5492018
2,0,0,0.4989316
2,1,1,0.53033173
2,0,0,0.47278282
2,0,1,0.55259967
2,0,1,0.6693103
2,1,0,0.38696942
2,1,1,0.70148027
2,1,1,0.6586299
2,1,0,0.48721978
2,0,0,0.25972483
2,0,0,0.3466913
2,1,0,0.4189561
2,0,0,0.28029975
2,0,0,0.4332892
2,0,0,0.25211498
2,1,1,0.5351388
2,0,1,0.5308941
2,0,0,0.38418823
2,1,1,0.5484504
2,0,0,0.19443174
2,1,1,0.67715824
2,0,1,0.6982177
2,1,1,0.754633
2,1,1,0.7932344
2,1,1,0.7772491
2,0,0,0.28355384
2,0,0,0.30969378
2,0,1,0.60716945
2,0,1,0.6653853
2,0,0,0.1961261
2,1,1,0.7955934
2,0,0,0.38053632
2,0,0,0.4712327
2,1,1,0.72764415
2,1,1,0.8331372
2,0,1,0.71149385
2,1,1,0.7375178
2,0,0,0.34264353
2,1,1,0.71994203
2,0,0,0.22154132
2,1,1,0.6675253
2,1,1,0.5562916
2,0,1,0.545647
2,1,1,0.55392754
2,1,1,0.7137648
2,1,1,0.7326247
2,0,1,0.54524577
2,0,1,0.6647949
2,0,0,0.17879054
2,1,1,0.6905304
2,0,0,0.24484667
2,0,1,0.55995774
2,1,0,0.23932695
2,1,1,0.6355616
2,0,0,0.19055696
2,0,0,0.3043
2,1,1,0.58518624
2,0,0,0.4543738
2,0,0,0.48803774
2,0,0,0.4828869
2,1,0,0.32472053
2,0,0,0.4604773
2,0,1,0.52556807
2,0,0,0.2225505
2,1,1,0.5559898
2,1,0,0.26018688
2,0,0,0.22932437
2,0,0,0.2763008
2,1,0,0.48043105
2,1,0,0.32865188
2,0,0,0.25191236
2,1,0,0.26244605
2,0,0,0.34349006
2,1,1,0.5882805
2,1,0,0.41584027
2,0,0,0.4758285
2,0,0,0.4695327
2,1,0,0.27986792
2,0,0,0.24470045
2,1,0,0.24646613
2,0,0,0.088198036
2,0,0,0.44051817
2,1,1,0.848978
2,0,1,0.7271432
2,0,1,0.703489
2,1,1,0.6285636
2,0,0,0.376731
2,0,0,0.23032548
2,1,1,0.6428924
2,1,1,0.94835275
2,1,1,0.5235836
2,0,0,0.4907979
2,0,1,0.6028725
2,1,1,0.830121
2,0,0,0.43424702
2,1,0,0.34182903
2,0,0,0.3932149
2,0,1,0.5362748
2,1,1,0.6306365
2,1,1,0.7536771
2,0,0,0.40049243
2,0,0,0.38637725
2,1,1,0.5299653
2,1,0,0.39338094
2,0,1,0.57816315
2,1,1,0.69661933
2,1,0,0.4544101
2,1,1,0.91727084
2,1,1,0.71998817
2,0,1,0.9032936
2,0,0,0.28147495
2,0,1,0.5705258
2,1,1,0.7926736
2,1,1,0.5906385
2,0,1,0.6185427
2,1,1,0.639637
2,0,1,0.5522732
2,1,1,0.5832779
2,1,1,0.90698254
2,1,1,0.63700217
2,1,1,0.73025805
2,0,0,0.42539045
2,0,0,0.28594795
2,1,1,0.75550187
2,0,0,0.48030418
2,1,1,0.76954377
2,0,1,0.5318812
2,1,1,0.5606719
2,1,1,0.6459568
2,1,1,0.56261075
2,1,0,0.27132767
2,0,0,0.3504035
2,1,1,0.5745695
2,0,1,0.58498216
2,1,0,0.47064883
2,0,1,0.67981535
2,0,1,0.6641759
2,1,1,0.6288913
2,1,0,0.3707991
2,0,1,0.58004487
2,0,0,0.10336847
2,1,0,0.3865814
2,0,0,0.3410703
2,1,0,0.38864085
2,0,0,0.46694857
2,1,1,0.57639307
2,0,1,0.7343477
2,0,0,0.3235672
2,0,0,0.4886882
2,1,1,0.669465
2,0,1,0.5823867
2,0,1,0.68415815
2,0,1,0.7186924
2,0,0,0.28598303
2,1,1,0.81022066
2,0,1,0.6221826
2,1,1,0.80361265
2,1,1,0.5289786
2,1,1,0.74288857
2,1,1,0.6908018
2,1,1,0.85897106
2,0,1,0.56499296
2,0,1,0.65548843
2,0,0,0.19959025
2,1,1,0.69527256
2,0,0,0.2527299
2,0,1,0.67459124
2,0,1,0.6625502
2,1,1,0.7563713
2,1,1,0.81903493
2,1,1,0.7659032
2,1,1,0.55253017
2,1,1,0.74603087
2,1,1,0.6704448
2,1,1,0.6441868
2,0,1,0.77912104
2,0,1,0.62071157
2,1,1,0.83162135
2,1,1,0.6792072
2,0,0,0.39046082
2,1,1,0.79766643
2,0,1,0.77857894
2,1,1,0.673121
2,1,1,0.8362669
2,0,0,0.46132642
2,0,1,0.68659616
2,0,1,0.6736194
2,1,1,0.6196598
2,1,1,0.55780005
2,1,1,0.788157
2,0,1,0.5193247
2,0,0,0.4061352
2,1,0,0.45711166
2,1,1,0.8334714
2,1,1,0.8493468
2,1,1,0.7591372
2,1,1,0.78236437
2,0,1,0.6927841
2,1,1,0.6501436
2,1,1,0.7527701
2,1,1,0.64444786
2,1,1,0.67810494
2,0,0,0.2549111
2,0,1,0.83639777
2,1,1,0.747547
2,1,1,0.5951713
2,0,1,0.5175827
2,0,1,0.5572557
2,0,1,0.6233801
2,0,1,0.56122017
2,1,1,0.6622544
2,1,1,0.6164365
2,0,0,0.48433188
2,0,1,0.55602
2,1,1,0.6358224
2,0,1,0.77352774
2,0,1,0.6283324
2,1,1,0.5144938
2,1,1,0.5802654
2,1,1,0.6808677
2,1,1,0.5542008
2,0,1,0.66485494
2,1,1,0.6698667
2,0,0,0.49062076
2,1,0,0.47294748
2,0,1,0.710336
2,0,1,0.5360881
2,0,1,0.62873083
2,0,1,0.5907459
2,0,0,0.35567206
2,0,1,0.7133112
2,1,1,0.78329474
2,1,1,0.7698538
2,0,1,0.6145067
2,0,1,0.5255579
2,0,1,0.58382064
2,1,1,0.6737325
2,0,1,0.7972311
2,1,1,0.5179574
2,1,1,0.6120175
2,1,1,0.5997437
2,1,1,0.73889613
2,0,1,0.61851364
2,0,1,0.5629952
2,1,0,0.40834162
2,1,0,0.49928105
2,0,0,0.27534816
2,1,1,0.63471353
2,0,1,0.56891835
2,1,1,0.7996117
2,1,1,0.84000486
2,1,1,0.5774605
2,0,1,0.6701815
2,0,1,0.7831467
2,0,1,0.8452601
2,0,0,0.24140264
2,0,0,0.4385424
2,0,1,0.7656018
2,1,1,0.51602656
2,0,0,0.3125873
2,0,1,0.5540545
2,1,1,0.5401124
2,1,1,0.6183743
2,0,0,0.25359693
2,1,1,0.7310094
2,1,0,0.2858151
2,0,0,0.23400214
2,0,1,0.5745951
2,0,0,0.43007976
2,0,1,0.8652093
2,0,0,0.42615372
2,0,1,0.6577927
2,1,1,0.6433341
2,0,0,0.34551448
2,0,0,0.44620907
2,1,1,0.7952793
2,1,0,0.47490674
2,1,0,0.27157074
2,1,0,0.31818405
2,1,0,0.45589304
2,0,0,0.42365235
2,1,1,0.7752484
2,1,1,0.7557201
2,1,1,0.7049989
2,0,0,0.33369538
2,0,0,0.44010714
2,1,1,0.68876565
2,0,1,0.61800206
2,0,0,0.2424314
2,1,1,0.76071906
2,1,1,0.86338097
2,0,0,0.3268186
2,0,1,0.57530326
2,0,1,0.7288654
2,0,0,0.3051945
2,0,0,0.19154562
2,1,1,0.8262815
2,0,0,0.45693886
2,0,0,0.34545422
2,1,0,0.42730343
2,1,1,0.82582814
2,1,1,0.87338626
2,1,1,0.5958414
2,0,1,0.60051584
2,0,0,0.14774168
2,0,0,0.198228
2,1,1,0.74159926
2,0,1,0.71758616
2,0,1,0.5767237
2,1,1,0.7677778
2,1,0,0.398016
2,1,1,0.7256069
2,0,1,0.6392124
2,1,1,0.8329392
2,1,1,0.8513057
2,1,1,0.7923105
2,0,1,0.7851111
2,0,1,0.7900205
2,1,0,0.36442703
2,0,0,0.12882867
2,1,0,0.3424182
2,1,1,0.678501
2,0,0,0.42696306
2,0,0,0.2477719
2,0,0,0.3001199
2,0,1,0.5620686
2,0,0,0.12966035
2,1,1,0.63539493
2,1,0,0.29801506
2,0,0,0.301923
2,0,1,0.5275527
2,0,0,0.29987702
2,1,0,0.2752224
2,1,1,0.6373104
2,0,0,0.24788867
2,0,1,0.5115841
2,1,0,0.41576895
2,1,1,0.550501
2,0,1,0.5883634
2,0,1,0.6127003
2,1,0,0.45001957
2,1,0,0.23683502
2,1,0,0.3300545
2,0,0,0.34931916
2,0,0,0.40107578
2,1,1,0.6482677
2,0,0,0.38774532
2,1,0,0.45283863
2,1,1,0.6926879
2,0,0,0.11096054
2,0,1,0.7491547
2,1,1,0.71436685
2,1,1,0.59582084
2,0,0,0.38312346
2,1,0,0.34521356
2,0,0,0.08688208
2,1,1,0.52117187
2,1,1,0.7718909
2,0,0,0.21176697
2,1,1,0.6685916
2,1,0,0.45070878
2,0,0,0.30223343
2,1,1,0.54235494
2,0,0,0.39558113
2,0,0,0.27430815
2,0,0,0.40992418
2,0,0,0.33796662
2,0,0,0.3192954
2,0,0,0.3734013
2,0,0,0.23595284
2,1,0,0.44242844
2,1,1,0.60063183
2,1,1,0.54717094
2,1,1,0.78272635
2,1,0,0.25318512
2,1,0,0.28850442
2,1,1,0.84344
2,0,1,0.65079105
2,1,0,0.3978465
2,0,1,0.6425301
2,0,0,0.20069037
2,0,0,0.40831757
2,1,1,0.8242678
2,1,1,0.85214794
2,1,1,0.5150938
2,0,0,0.29841682
2,1,1,0.6396634
2,1,1,0.5686972
2,1,0,0.47670376
2,0,0,0.20232633
2,0,1,0.5580687
2,0,0,0.29261535
2,0,0,0.1528441
2,0,1,0.8188994
2,1,0,0.47748777
2,1,1,0.84722006
2,1,1,0.71139365
2,0,1,0.62687105
2,0,0,0.472345
2,1,1,0.52019984
2,1,1,0.6454425
2,0,0,0.46672675
2,1,1,0.6690423
2,1,1,0.81296587
2,0,1,0.71894616
2,1,0,0.43240198
2,1,1,0.58407205
2,0,0,0.12815942
2,1,0,0.07288683
2,1,0,0.33399358
2,1,1,0.71357006
2,0,1,0.6815797
2,0,0,0.22824557
2,1,0,0.26950666
2,0,0,0.4512855
2,0,1,0.6195557
2,0,0,0.12818578
2,1,0,0.3321964
2,1,1,0.82012624
2,0,0,0.48752818
2,0,1,0.5857949
2,1,0,0.25955534
2,0,1,0.53694284
2,0,1,0.6124407
2,0,0,0.37180534
2,1,0,0.34072044
2,0,1,0.71488416
2,0,0,0.33031365
2,0,0,0.20211132
2,1,0,0.36381733
2,0,1,0.7338401
2,0,0,0.43225136
2,1,0,0.32112274
2,0,1,0.685323
2,1,0,0.34570572
2,1,1,0.91272825
2,0,1,0.6443669
2,0,1,0.6034212
2,1,1,0.8202358
2,1,1,0.8119991
2,0,1,0.5851471
2,0,1,0.61941844
2,0,1,0.7567985
2,0,1,0.54563534
2,1,1,0.6461505
2,0,1,0.5752124
2,0,1,0.6165398
2,1,1,0.867836
2,1,1,0.6889545
2,0,1,0.6194406
2,1,0,0.2869352
2,1,0,0.49502572
2,0,1,0.6454567
2,1,1,0.57329726
2,1,1,0.6036603
2,0,0,0.2531661
2,0,1,0.57593167
2,1,1,0.5764763
2,1,1,0.62469506
2,0,1,0.7121801
2,1,1,0.66318923
2,0,0,0.28937465
2,1,1,0.69610983
2,0,1,0.86251634
2,0,1,0.83402544
2,1,1,0.73359376
2,0,0,0.4744348
2,0,0,0.1560705
2,0,1,0.55161774
2,1,1,0.6680509
2,1,1,0.7163437
2,1,1,0.74566597
2,0,0,0.40787166
2,1,1,0.6660649
2,1,1,0.80865145
2,1,1,0.81197673
2,0,0,0.19407248
2,0,0,0.12299296
2,1,1,0.8535366
2,0,0,0.35500106
2,1,0,0.20532584
2,0,0,0.3092076
2,1,1,0.59828204
2,0,0,0.16298243
2,1,0,0.37037247
2,1,1,0.56820846
2,0,1,0.60854393
2,0,0,0.28015175
2,0,0,0.17425276
2,1,1,0.7259146
2,0,1,0.51213926
2,1,1,0.59737486
2,0,1,0.6388233
2,0,1,0.5883634
2,1,1,0.78113484
2,1,1,0.53981906
2,1,0,0.2925284
2,1,1,0.6193867
2,1,1,0.50385153
2,1,1,0.5788262
2,1,1,0.5541691
2,0,1,0.7267697
2,0,1,0.6079981
2,0,1,0.6530234
2,0,0,0.4325821
2,1,1,0.6315116
2,1,1,0.7847552
2,1,1,0.79179144
2,1,1,0.88371164
2,0,1,0.57698405
2,1,1,0.7779738
2,1,1,0.81128067
2,0,0,0.3635605
2,0,1,0.64006233
2,0,1,0.61417514
2,1,1,0.80275726
2,1,0,0.38159737
2,0,0,0.29110035
2,1,0,0.4962345
2,1,1,0.77002877
2,1,1,0.76851726
2,0,1,0.52014345
2,0,1,0.6314466
2,0,1,0.5171813
2,1,0,0.45288503
2,0,1,0.8218437
2,0,0,0.4004508
2,1,1,0.6963301
2,1,1,0.8447635
2,1,1,0.6583864
2,0,0,0.41285676
2,1,1,0.5677698
2,1,1,0.7055228
2,0,1,0.78293276
2,0,1,0.7513656
2,0,1,0.6069278
2,0,0,0.48692364
2,1,0,0.2683909
2,1,1,0.59739417
2,0,0,0.464666
2,1,1,0.60460037
2,0,1,0.74939406
2,0,1,0.8503073
2,1,0,0.36081746
2,0,1,0.5680782
2,1,0,0.459326
2,1,1,0.56509703
2,0,0,0.11961253
2,1,1,0.7884936
2,1,1,0.7805006
2,1,1,0.68044007
2,1,1,0.8347006
2,0,1,0.6402997
2,1,1,0.7975193
2,0,1,0.71194595
2,1,1,0.63754094
2,0,0,0.3592002
2,0,1,0.72498226
2,0,1,0.80380964
2,0,0,0.40902132
2,1,1,0.6856327
2,0,1,0.86326236
2,0,0,0.39209685
2,1,1,0.6969431
2,1,1,0.52824795
2,0,1,0.52323425
2,1,1,0.62082964
2,1,0,0.43614152
2,0,0,0.33501494
2,1,1,0.7738835
2,0,1,0.5342942
2,1,0,0.4774045
2,1,1,0.63642025
2,0,0,0.44543818
2,0,1,0.73531646
2,0,1,0.5116872
2,1,0,0.22802046
2,0,0,0.15786998
2,0,0,0.2906588
2,1,1,0.545405
2,0,0,0.17779087
2,0,0,0.14755529
2,1,0,0.16170989
2,0,0,0.15619628
2,1,1,0.7764824
2,0,1,0.57642525
2,0,0,0.23479642
2,0,0,0.30434465
2,1,1,0.78737116
2,1,1,0.7213882
2,0,1,0.5042565
2,1,1,0.5509111
2,0,0,0.40900213
2,1,0,0.31405473
2,0,0,0.42247453
2,1,0,0.12447528
2,1,0,0.40419948
2,0,1,0.5614087
2,0,0,0.15144414
2,0,0,0.11362305
2,0,0,0.1009111
2,0,0,0.11630106
2,0,0,0.3818284
2,0,0,0.37479705
2,0,0,0.25889045
2,0,0,0.39262143
2,0,1,0.6675589
2,0,0,0.3742585
2,1,1,0.8292854
2,1,1,0.8664972
2,0,0,0.21634655
2,1,1,0.60166335
2,1,0,0.39396387
2,0,0,0.36651072
2,1,1,0.73314637
2,0,0,0.1371013
2,1,1,0.70653856
2,0,0,0.26346064
2,1,0,0.39253762
2,1,1,0.6942786
2,1,0,0.42545655
2,0,0,0.38014525
2,0,1,0.5656731
2,0,0,0.27394232
2,0,1,0.5099211
2,0,0,0.31051427
2,1,1,0.54316616
2,0,0,0.20611942
2,1,1,0.513698
2,1,1,0.6510446
2,1,1,0.6870486
2,1,1,0.6843411
2,0,0,0.27904603
2,0,1,0.76955694
2,0,0,0.40339658
2,0,0,0.27721357
2,1,1,0.68849736
2,1,1,0.8307682
2,0,1,0.5425509
2,1,1,0.88457364
2,0,1,0.5993864
2,1,0,0.30612263
2,0,1,0.78573257
2,1,1,0.7891826
2,1,1,0.87383807
2,1,1,0.85309726
2,1,1,0.80226636
2,0,1,0.7965105
2,0,0,0.32642382
2,1,1,0.7496738
2,1,1,0.90260184
2,0,1,0.7481974
2,0,1,0.5492198
2,0,0,0.4537914
2,0,1,0.73766005
2,0,1,0.6908244
2,1,1,0.64014316
2,1,1,0.6422005
2,0,1,0.54337955
2,0,1,0.7992902
2,0,0,0.24340726
2,0,1,0.6371692
2,0,1,0.55344516
2,1,1,0.8878216
2,0,0,0.0989726
2,1,1,0.8016366
2,0,0,0.24095647
2,1,1,0.67408425
2,1,1,0.77776235
2,1,1,0.6488924
2,0,1,0.7737679
2,1,1,0.7942051
2,1,1,0.9145566
2,1,1,0.51627725
2,1,1,0.82341003
2,0,0,0.2958333
2,0,0,0.40802526
2,1,1,0.7134628
2,1,1,0.63460046
2,1,0,0.46891662
2,1,1,0.72511804
2,0,0,0.28225535
2,0,1,0.8614881
2,0,1,0.6243451
2,1,1,0.6872675
2,1,1,0.77359915
2,0,0,0.2786112
2,0,0,0.15230943
2,0,0,0.13284272
2,1,0,0.46074364
2,0,1,0.52770966
2,0,0,0.4989684
2,0,0,0.2171792
2,1,1,0.766259
2,0,0,0.3175174
2,1,0,0.31248286
2,0,0,0.15634324
2,0,1,0.7361769
2,0,1,0.6612138
2,1,0,0.36426258
2,1,1,0.5043474
2,0,0,0.17210528
2,0,0,0.41193277
2,0,0,0.3576924
2,1,1,0.66151
2,1,1,0.7140169
2,0,1,0.67474324
2,1,1,0.5225605
2,0,1,0.5927761
2,1,1,0.58088285
2,1,0,0.49561137
2,0,0,0.261696
2,1,0,0.4237903
2,1,0,0.39263472
2,1,0,0.3228705
2,0,0,0.34969395
2,0,1,0.6216965
2,1,1,0.7248466
2,1,0,0.4761775
2,0,0,0.2912282
2,0,0,0.3827712
2,0,0,0.38083217
2,1,1,0.5833179
2,1,1,0.50920254
2,0,0,0.16352348
2,0,0,0.455888
2,0,0,0.2996121
2,1,1,0.77718943
2,0,0,0.1663266
2,1,1,0.7551024
2,0,1,0.5101286
2,1,1,0.664818
2,1,1,0.72268707
2,1,0,0.44371563
2,1,1,0.59804344
2,0,1,0.65146697
2,0,1,0.7301543
2,1,1,0.73779356
2,1,1,0.7073394
2,1,0,0.4142255
2,1,0,0.44013542
2,0,0,0.3053599
2,1,0,0.43202016
2,1,1,0.72408307
2,0,1,0.5354526
2,0,0,0.46387535
2,0,0,0.3044163
2,0,1,0.6896048
2,1,1,0.67251575
2,1,1,0.6629861
2,0,1,0.6129507
2,0,1,0.6839097
2,1,0,0.29754773
2,1,0,0.41747245
2,1,1,0.6743315
2,1,1,0.75340325
2,1,1,0.81293863
2,1,1,0.59144324
2,0,1,0.52474636
2,1,1,0.74014527
2,1,1,0.6465796
2,1,0,0.49284726
2,1,1,0.7013146
2,1,1,0.7419189
2,1,1,0.7195771
2,0,1,0.7100076
2,0,1,0.63460714
2,0,1,0.69721556
2,0,1,0.58928853
2,1,0,0.45958552
2,1,1,0.7254004
2,1,1,0.6882598
2,1,1,0.74338084
2,0,0,0.3584595
2,0,0,0.36743537
2,0,1,0.54321265
2,1,0,0.4805114
2,1,0,0.4425569
2,0,1,0.5708219
2,0,0,0.3723103
2,1,0,0.40045252
2,1,1,0.5949169
2,0,1,0.62087107
2,1,1,0.79985684
2,0,1,0.8262781
2,0,1,0.5223955
2,1,1,0.63835484
2,0,1,0.5296563
2,1,1,0.8622835
2,1,1,0.5569821
2,1,1,0.5993318
2,0,1,0.5347767
2,0,0,0.3590268
2,1,0,0.47919416
2,1,0,0.17451505
2,1,0,0.48292872
2,1,1,0.5751377
2,0,1,0.54265666
2,0,1,0.5583105
2,1,1,0.69708896
2,0,1,0.6504539
2,1,1,0.61348057
2,0,1,0.50001293
2,0,1,0.8445765
2,0,1,0.57997036
2,0,1,0.56233275
2,1,0,0.4492776
2,0,1,0.57030034
2,0,1,0.51496965
2,1,1,0.51908964
2,0,1,0.52583444
2,0,1,0.54360974
2,0,0,0.21595594
2,1,0,0.4014729
2,1,1,0.7337724
2,1,1,0.8338424
2,0,1,0.78747666
2,1,1,0.88371164
2,0,1,0.57698405
2,1,1,0.7779738
2,1,1,0.81128067
2,0,0,0.3635605
2,0,1,0.64006233
2,0,1,0.61417514
2,1,1,0.80275726
2,1,0,0.38159737
2,0,0,0.29110035
2,1,0,0.4962345
2,1,1,0.77002877
2,1,1,0.76851726
2,0,1,0.52014345
2,0,1,0.6314466
2,0,1,0.5171813
2,1,0,0.45288503
2,0,1,0.8218437
2,0,0,0.4004508
2,1,1,0.6963301
2,1,1,0.8447635
2,1,1,0.8281655
2,1,1,0.7006787
2,1,1,0.79840577
2,1,1,0.70153713
2,0,1,0.5008067
2,0,1,0.7507802
2,0,1,0.62145245
2,1,0,0.28062767
2,0,0,0.1333687
2,0,1,0.54961205
2,0,1,0.61324024
2,0,1,0.7746952
2,0,1,0.5266282
2,0,1,0.6304161
2,1,1,0.77222764
2,0,0,0.3852878
2,1,1,0.7394674
2,0,1,0.62916744
2,1,1,0.7876426
2,1,1,0.7202448
2,1,1,0.6002729
2,1,0,0.4852336
2,1,1,0.5594412
2,1,1,0.7529546
2,0,0,0.35455564
2,0,0,0.19559902
2,0,1,0.75962657
2,1,1,0.8776089
2,0,0,0.31702852
2,1,1,0.60109866
2,1,1,0.53941905
2,0,0,0.375147
2,1,1,0.6120036
2,1,1,0.8595692
2,1,0,0.47158718
2,0,0,0.2747333
2,1,1,0.7449347
2,0,0,0.3561248
2,0,0,0.28903535
2,1,1,0.6807628
2,0,1,0.59826905
2,0,0,0.49527723
2,0,0,0.43667164
2,0,1,0.5978259
2,1,1,0.58258927
2,0,0,0.3694654
2,1,1,0.67480767
2,1,1,0.57583976
2,0,0,0.40449977
2,0,0,0.41369438
2,1,1,0.7795721
2,1,1,0.7135816
2,0,0,0.14045224
2,0,0,0.39314413
2,0,0,0.46246886
2,1,0,0.34509337
2,1,1,0.7301079
2,1,0,0.3516364
2,0,1,0.6061386
2,1,0,0.4576313
2,1,0,0.44098896
2,0,0,0.3076896
2,1,0,0.49799925
2,1,1,0.69590664
2,0,0,0.34241763
2,1,0,0.18740143
2,1,0,0.45292756
2,0,0,0.3102476
2,1,0,0.46678537
2,0,0,0.48835137
2,1,0,0.49135953
2,0,0,0.36566138
2,1,0,0.32367733
2,1,0,0.34509337
2,0,0,0.1621129
2,0,0,0.20904787
2,0,1,0.61309063
2,0,0,0.453571
2,0,0,0.40400058
2,1,1,0.6733726
2,1,0,0.3338903
2,1,1,0.7937956
2,1,1,0.5843153
2,1,1,0.5847643
2,0,0,0.3186193
2,1,0,0.38877353
2,0,0,0.19633082
2,0,0,0.10333502
2,0,0,0.21594648
2,0,0,0.40629327
2,0,0,0.14745924
2,1,1,0.74329793
2,0,1,0.64717245
2,0,0,0.28141147
2,0,0,0.29845896
2,1,1,0.6747069
2,0,0,0.10690642
2,0,0,0.43379444
2,0,0,0.2940328
2,0,0,0.13712552
2,0,0,0.4518529
2,0,0,0.26682857
2,0,0,0.2403756
2,0,0,0.35096076
2,0,0,0.24283
2,1,1,0.62265867
2,0,0,0.3981567
2,0,0,0.24814081
2,1,1,0.6339473
2,1,1,0.62372893
2,0,1,0.5591198
2,1,0,0.33703735
2,0,0,0.15768994
2,1,0,0.474319
2,1,1,0.5588099
2,0,1,0.5638579
2,0,0,0.3961384
2,0,1,0.60787904
2,1,0,0.30649224
2,0,0,0.10987204
2,1,0,0.3089841
2,1,1,0.5776203
2,0,0,0.23065647
2,0,0,0.3167354
2,0,1,0.7823969
2,1,0,0.46604058
2,1,0,0.4138386
2,0,0,0.35689047
2,0,0,0.41614288
2,1,1,0.5405461
2,1,1,0.64125335
2,1,1,0.7171681
2,1,1,0.63955605
2,0,1,0.6315347
2,0,1,0.53388596
2,1,1,0.5932308
2,1,1,0.56953037
2,1,1,0.70931387
2,0,0,0.261836
2,0,1,0.8888446
2,0,0,0.41433787
2,0,1,0.57346755
2,1,1,0.83126056
2,0,1,0.6197339
2,0,1,0.73282665
2,0,1,0.7132366
2,0,1,0.53061897
2,1,1,0.9054087
2,0,0,0.43070775
2,0,1,0.7204087
2,1,0,0.371143
2,1,1,0.6729882
2,1,1,0.8027645
2,0,0,0.49641937
2,0,1,0.6616571
2,0,1,0.53430396
2,1,1,0.5240874
2,1,0,0.39534456
2,1,1,0.7424115
2,0,0,0.4578062
2,0,1,0.5217297
2,0,0,0.32179475
2,0,0,0.2459315
2,0,0,0.2638743
2,1,1,0.7305112
2,0,0,0.25324333
2,0,0,0.22716643
2,0,0,0.26569042
2,1,1,0.65723115
2,0,0,0.32185975
2,1,0,0.47696638
2,1,1,0.72682166
2,0,1,0.6688961
2,1,0,0.18887092
2,1,1,0.5922136
2,1,0,0.44897643
2,0,0,0.49693155
2,0,1,0.69278157
2,0,0,0.19352506
2,0,0,0.3975413
2,1,0,0.47688696
2,0,0,0.44051817
2,0,0,0.3519056
2,1,1,0.63026243
2,0,0,0.30429232
2,1,1,0.6261896
2,1,1,0.65842795
2,1,1,0.67136246
2,0,0,0.18355589
2,1,1,0.8527482
2,1,1,0.6415035
2,0,1,0.66506255
2,0,0,0.48280898
2,0,0,0.3668441
2,1,0,0.40730608
2,0,0,0.4639799
2,0,1,0.811445
2,0,0,0.39630273
2,0,1,0.82429403
2,1,0,0.46015516
2,1,1,0.6536658
2,1,0,0.17086081
2,0,0,0.33799183
2,1,1,0.70466983
2,1,1,0.5375215
2,1,1,0.6115859
2,0,1,0.50457644
2,0,1,0.5380554
2,0,0,0.3656058
2,0,1,0.54553443
2,0,0,0.25974
2,0,0,0.22843887
2,0,0,0.27840722
2,0,0,0.11406522
2,0,0,0.31622568
2,1,1,0.72019124
2,0,1,0.54255235
2,1,1,0.67776954
2,1,1,0.66032356
2,0,0,0.44172013
2,1,1,0.71687675
2,0,0,0.16774139
2,0,1,0.7594508
2,0,0,0.14262885
2,0,0,0.3334528
2,0,0,0.27023974
2,0,1,0.78202975
2,1,0,0.3374863
2,0,1,0.88949287
2,1,1,0.525372
2,1,0,0.44239828
2,0,1,0.65133834
2,0,0,0.42340547
2,1,1,0.5022872
2,1,0,0.47366533
2,0,0,0.27256647
2,0,0,0.44095027
2,0,1,0.64958256
2,1,1,0.625897
2,0,1,0.6027336
2,0,0,0.42245194
2,1,1,0.5739593
2,1,0,0.3674175
2,1,0,0.33616242
2,0,0,0.43090528
2,0,1,0.6464467
2,0,0,0.37167585
2,1,1,0.7087933
2,1,0,0.30370834
2,1,1,0.5013548
2,1,1,0.5735685
2,1,1,0.5459994
2,0,0,0.18440579
2,1,0,0.49425295
2,1,1,0.62152445
2,1,0,0.40301841
2,0,0,0.12678133
2,1,1,0.7854283
2,0,1,0.5357572
2,0,1,0.60029775
2,1,1,0.54587156
2,0,0,0.28068355
2,0,0,0.47936112
2,0,0,0.16090886
2,0,0,0.36753714
2,0,1,0.616893
2,1,1,0.5555607
2,0,0,0.20869026
2,0,0,0.4072813
2,1,1,0.7318592
2,1,1,0.7369631
2,0,0,0.24411322
2,0,1,0.7477067
2,0,1,0.708243
2,0,1,0.55924696
2,1,0,0.21309839
2,0,0,0.33795026
2,0,1,0.5975644
2,1,1,0.6615042
2,1,1,0.78457236
2,0,0,0.3660398
2,0,1,0.5139182
2,1,1,0.64611757
2,0,1,0.610807
2,1,1,0.5920275
2,0,0,0.11983062
2,0,0,0.25835547
2,0,1,0.58523506
2,1,1,0.70055467
2,0,1,0.536063
2,0,1,0.69486517
2,0,1,0.54014724
2,1,1,0.74787104
2,1,0,0.4183938
2,0,0,0.23162946
2,0,0,0.29180393
2,1,1,0.6286806
2,1,1,0.7847252
2,1,1,0.60780764
2,0,0,0.44273862
2,1,1,0.8735939
2,1,1,0.51885325
2,1,1,0.68042713
2,1,1,0.89099884
2,1,1,0.53590536
2,1,0,0.26836315
2,1,0,0.41203043
2,0,0,0.34416723
2,0,1,0.50092065
2,0,1,0.5099401
2,0,0,0.3410736
2,0,1,0.76020664
2,0,1,0.69643164
2,0,0,0.43366405
2,1,1,0.8696128
2,0,1,0.6031977
2,1,1,0.9029307
2,1,1,0.8099079
2,0,1,0.6018352
2,0,0,0.4296221
2,0,0,0.29974633
2,0,1,0.7123494
2,0,1,0.7341007
2,1,1,0.80446416
2,1,1,0.8209
2,0,0,0.31239653
2,1,1,0.8805442
2,0,1,0.5413371
2,1,1,0.5386302
2,1,1,0.7553381
2,0,0,0.28123772
2,1,1,0.8603502
2,1,1,0.7389526
2,1,1,0.6476036
2,1,1,0.5297152
2,0,0,0.3229042
2,0,1,0.5594719
2,1,1,0.76481634
2,1,0,0.27806395
2,1,0,0.43435246
2,1,0,0.39889625
2,0,0,0.2035322
2,0,0,0.47797498
2,1,1,0.55102706
2,0,1,0.6443199
2,1,0,0.32525712
2,0,1,0.6014766
2,0,1,0.73389554
2,0,1,0.61137456
2,0,1,0.7384363
2,0,1,0.60492706
2,0,1,0.75982165
2,1,1,0.53301203
2,0,0,0.4129962
2,0,0,0.43016258
2,1,0,0.42242616
2,0,1,0.7349127
2,1,0,0.40517783
2,0,1,0.61508524
2,1,0,0.49291575
2,0,0,0.37141022
2,1,1,0.6114213
2,0,1,0.77375674
2,1,1,0.7743936
2,1,1,0.66407996
2,0,1,0.5704064
2,0,1,0.8290636
2,1,1,0.8686019
2,1,1,0.7663835
2,0,0,0.2345333
2,0,1,0.5020796
2,0,1,0.6707873
2,0,1,0.6609857
2,1,1,0.7480749
2,0,1,0.6122013
2,0,0,0.437022
2,0,1,0.75233305
2,1,1,0.50439024
2,1,1,0.59126174
2,1,1,0.7671174
2,1,1,0.62644607
2,1,1,0.83734185
2,1,1,0.57018507
2,0,1,0.5895249
2,1,1,0.6409428
2,1,1,0.61761194
2,1,1,0.78466654
2,0,1,0.54655117
2,0,0,0.29748282
2,0,0,0.38911283
2,1,1,0.7207895
2,1,1,0.5013845
2,1,1,0.6872883
2,1,1,0.5409033
2,0,1,0.5193334
2,0,1,0.67860025
2,0,1,0.7686904
2,1,1,0.70636755
2,0,0,0.468116
2,1,1,0.7416688
2,0,0,0.16796726
2,1,1,0.5325431
2,0,1,0.5988432
2,1,0,0.35158318
2,1,0,0.4610516
2,0,0,0.17842606
2,0,0,0.3581773
2,0,1,0.76985866
2,0,0,0.27476895
2,1,1,0.83528197
2,0,0,0.1713859
2,1,1,0.6931532
2,0,0,0.31260914
2,1,1,0.8569338
2,0,0,0.08745316
2,0,0,0.4035971
2,1,0,0.454156
2,1,1,0.8094235
2,0,0,0.18980885
2,1,0,0.3057696
2,1,1,0.84753627
2,0,0,0.32100832
2,0,0,0.18251443
2,0,1,0.54428774
2,0,0,0.44498414
2,1,1,0.5705052
2,0,1,0.5223127
2,0,1,0.5798013
2,1,0,0.29753107
2,0,0,0.24464314
2,1,1,0.66930175
2,0,0,0.4940544
2,0,0,0.3751378
2,1,1,0.60279477
2,0,0,0.4193917
2,1,0,0.48077276
2,1,0,0.46398237
2,1,0,0.31815818
2,1,1,0.7236372
2,0,0,0.4189629
2,0,1,0.7769703
2,0,0,0.35172388
2,1,1,0.72563916
2,0,1,0.7394688
2,0,1,0.5595597
2,1,1,0.7101367
2,0,1,0.67152697
2,0,1,0.6662271
2,0,0,0.38037068
2,1,0,0.4188099
2,1,1,0.59240806
2,1,1,0.72253245
2,1,1,0.8288537
2,0,0,0.4161933
2,1,1,0.58481634
2,0,1,0.5967909
2,1,0,0.46918628
2,0,1,0.73718065
2,0,1,0.5434378
2,1,0,0.41459987
2,0,1,0.5005871
2,0,0,0.21614063
2,1,0,0.35821742
2,0,1,0.7107909
2,1,1,0.84144175
2,1,1,0.92318296
2,1,1,0.89859664
2,1,1,0.67455995
2,1,1,0.70566595
2,1,0,0.4961791
2,1,1,0.8856704
2,1,1,0.5484869
2,1,1,0.70205
2,0,0,0.25800464
2,1,1,0.7344252
2,1,1,0.54173255
2,0,0,0.31054896
2,1,0,0.45844963
2,0,1,0.602884
2,1,1,0.60314965
2,1,0,0.44764578
2,0,0,0.12885392
2,1,1,0.9096075
2,1,1,0.84335554
2,0,1,0.5526669
2,0,0,0.30224478
2,0,0,0.12102988
2,0,0,0.45179796
2,0,1,0.6904255
2,0,1,0.5980359
2,0,1,0.5398572
2,0,1,0.7090925
2,1,1,0.89215916
2,1,0,0.36784294
2,0,1,0.57594913
2,1,1,0.79373467
2,1,1,0.82137716
2,1,1,0.8178444
2,0,0,0.27810615
2,1,1,0.68542284
2,1,1,0.80262446
2,0,0,0.49880642
2,1,1,0.8861288
2,0,1,0.6856069
2,1,1,0.83868057
2,1,1,0.750058
2,0,1,0.6391779
2,1,1,0.57143587
2,0,1,0.8343418
2,0,1,0.63445175
2,1,1,0.7852968
2,0,1,0.55166346
2,1,1,0.6514831
2,1,0,0.2560146
2,0,0,0.38703877
2,1,1,0.50495833
2,0,1,0.5584951
2,1,1,0.83589107
2,1,1,0.6584787
2,1,1,0.7125621
2,1,0,0.46909657
2,0,1,0.6329687
2,0,1,0.5798861
2,1,1,0.759204
2,0,1,0.5323467
2,1,1,0.74725276
2,0,0,0.0922146
2,0,1,0.7525704
2,0,0,0.48308313
2,1,0,0.44036356
2,0,0,0.24331672
2,1,1,0.8730659
2,0,0,0.33390063
2,1,0,0.3395733
2,1,1,0.7602853
2,1,1,0.6992939
2,1,0,0.2600146
2,1,0,0.15392447
2,0,0,0.27886453
2,0,1,0.69168496
2,0,0,0.26847816
2,1,0,0.41633832
2,1,0,0.36161795
2,0,0,0.22340067
2,0,1,0.7602924
2,0,1,0.7376912
2,1,0,0.478756
2,0,0,0.32557553
2,0,1,0.50254935
2,1,1,0.52501786
2,0,1,0.734454
2,0,0,0.43191972
2,0,1,0.82098025
2,1,1,0.7192534
2,0,1,0.7750452
2,0,0,0.3000505
2,1,1,0.5339302
2,0,0,0.38089797
2,1,0,0.19619654
2,0,0,0.39784703
2,0,0,0.11516612
2,0,0,0.13116798
2,1,1,0.5004131
2,0,1,0.62633336
2,0,0,0.2396354
2,0,0,0.485531
2,0,0,0.33025894
2,0,0,0.43575928
2,0,0,0.46215087
2,1,1,0.5642334
2,0,0,0.10928602
2,0,0,0.16693148
2,0,1,0.5828953
2,1,1,0.816708
2,0,0,0.11074007
2,0,0,0.23366098
2,1,1,0.88688314
2,1,1,0.5553822
2,0,1,0.80772966
2,0,0,0.4483961
2,0,0,0.18761982
2,1,1,0.7417526
2,1,1,0.8232536
2,1,0,0.28742376
2,0,0,0.33795714
2,0,0,0.19809864
2,1,1,0.75331914
2,1,0,0.30547458
2,1,1,0.56038964
2,0,1,0.55135053
2,0,0,0.21391562
2,0,0,0.20483118
2,0,0,0.47118697
2,1,1,0.758083
2,0,0,0.27445298
2,1,0,0.21418396
2,1,1,0.6089377
2,0,0,0.1610568
2,1,1,0.6124771
2,1,1,0.83986074
2,0,0,0.114540495
2,0,0,0.23784557
2,1,1,0.54166913
2,0,0,0.35296705
2,1,0,0.44212082
2,0,0,0.36651295
2,1,1,0.66148216
2,1,0,0.36511326
2,0,1,0.59084386
2,1,0,0.20047216
2,1,0,0.47593957
2,0,0,0.12658292
2,0,1,0.5884367
2,0,0,0.4551526
2,0,0,0.41620585
2,1,0,0.35859856
2,0,0,0.23972191
2,0,0,0.17197439
2,1,1,0.5260609
2,0,0,0.18854983
2,1,0,0.4712847
2,0,1,0.5039084
2,1,1,0.554793
2,0,0,0.38956174
2,0,1,0.57655615
2,0,0,0.43521702
2,0,0,0.15467498
2,0,1,0.57729095
2,1,0,0.34819788
2,1,0,0.33283114
2,0,0,0.39091888
2,1,0,0.28268367
2,1,1,0.53463656
2,1,0,0.4405903
2,0,1,0.54387116
2,1,1,0.6749277
2,0,1,0.52039105
2,1,1,0.5330849
2,0,1,0.54930747
2,0,0,0.28664666
2,0,0,0.42493403
2,1,0,0.1290891
2,0,0,0.21829441
2,1,0,0.36447164
2,1,1,0.66742676
2,0,0,0.15778044
2,1,1,0.56844133
2,1,0,0.46394223
2,0,0,0.32751325
2,0,0,0.19094954
2,0,0,0.27052292
2,0,0,0.30148566
2,0,0,0.24710745
2,0,1,0.5250226
2,0,0,0.439117
2,0,0,0.26652923
2,0,0,0.19025825
2,1,0,0.44983727
2,1,1,0.5017753
2,1,0,0.45071808
2,0,0,0.12579224
2,0,0,0.1345317
2,1,1,0.62122536
2,1,1,0.6994453
2,1,0,0.33468547
2,0,0,0.16214642
2,0,0,0.49647158
2,1,0,0.2932322
2,0,0,0.47198865
2,0,0,0.14276451
2,0,0,0.3097854
2,0,0,0.40021825
2,0,1,0.6341055
2,0,0,0.42979705
2,0,0,0.21314235
2,0,0,0.08928812
2,0,1,0.68731725
2,0,0,0.17863922
2,0,0,0.32497105
2,0,1,0.6289095
2,1,0,0.44810635
2,1,1,0.5427561
2,0,0,0.14417091
2,1,1,0.53503937
2,0,0,0.25404483
2,1,0,0.4665554
2,1,1,0.6539394
2,0,0,0.4221057
2,1,1,0.5993207
2,1,0,0.47594038
2,0,0,0.40176442
2,1,1,0.65077156
2,1,0,0.36989066
2,1,1,0.5858717
2,0,0,0.24320304
2,1,1,0.50721794
2,1,1,0.93776083
2,1,1,0.71374536
2,0,1,0.56926674
2,0,0,0.31947812
2,0,0,0.44190708
2,0,0,0.2162069
2,0,0,0.23602077
2,0,0,0.4075826
2,0,0,0.23980413
2,0,0,0.39554036
2,1,1,0.8915846
2,0,0,0.46051192
2,1,1,0.6549617
2,1,1,0.79942656
2,1,1,0.6236158
2,1,1,0.64786136
2,1,1,0.73907584
2,0,1,0.6203871
2,0,1,0.72286254
2,1,1,0.70032793
2,0,0,0.3015844
2,0,0,0.4820312
2,0,0,0.37889776
2,1,1,0.7758318
2,0,1,0.66285086
2,0,0,0.42078516
2,0,0,0.32693055
2,1,0,0.31616467
2,1,1,0.7728065
2,0,1,0.50880164
2,0,1,0.6907477
2,0,1,0.5044448
2,0,1,0.7241278
2,1,0,0.2833642
2,1,1,0.57087785
2,0,1,0.5648422
2,0,0,0.40080434
2,0,1,0.67738825
2,1,1,0.6513226
2,0,1,0.651139
2,0,0,0.4448219
2,1,1,0.73648006
2,1,1,0.7125139
2,0,0,0.4075669
2,1,0,0.39306632
2,0,0,0.32575667
2,1,0,0.4016369
2,1,0,0.2909022
2,0,0,0.32265523
2,0,1,0.6972337
2,1,1,0.63357705
2,1,0,0.49755698
2,1,0,0.4876645
2,0,0,0.40655386
2,0,0,0.39651468
2,0,0,0.30351728
2,0,1,0.5789348
2,0,0,0.4312825
2,0,0,0.4687615
2,1,1,0.57069975
2,0,1,0.5150309
2,0,0,0.15967385
2,1,1,0.7344246
2,1,0,0.16896051
2,0,0,0.4623313
2,0,0,0.24606057
2,0,1,0.7474655
2,0,0,0.3484767
2,0,1,0.6132708
2,1,1,0.7408935
2,1,1,0.588897
2,1,1,0.7286552
2,0,0,0.4142038
2,1,0,0.42080107
2,1,0,0.32349184
2,0,0,0.43702996
2,1,1,0.50803405
2,1,1,0.7520108
2,0,1,0.660334
2,0,0,0.44277805
2,1,0,0.38574094
2,0,0,0.32089776
2,1,1,0.80675834
2,1,1,0.6445799
2,0,1,0.6271741
2,1,1,0.6978295
2,1,0,0.26507938
2,0,0,0.29393068
2,0,0,0.1510681
2,1,1,0.55997163
2,0,0,0.20901066
2,0,1,0.7404253
2,1,1,0.73616916
2,0,0,0.43340504
2,0,0,0.36954358
2,0,1,0.51789784
2,0,1,0.73261404
2,1,1,0.5688818
2,1,1,0.94049746
2,1,1,0.6509004
2,1,1,0.5575256
2,0,0,0.2716042
2,1,1,0.54097265
2,1,0,0.3942697
2,1,0,0.47702217
2,1,0,0.48674798
2,1,1,0.5334615
2,1,1,0.7874162
2,1,1,0.69884694
2,0,1,0.5728325
2,0,0,0.30466518
2,0,0,0.27774057
2,1,1,0.5198983
2,1,1,0.6237087
2,0,0,0.47382072
2,1,0,0.4680782
2,0,0,0.23375537
2,0,0,0.15502365
2,0,0,0.20134737
2,0,0,0.16168891
2,1,0,0.18368343
2,1,1,0.7729706
2,0,0,0.1564869
2,1,0,0.36392567
2,1,1,0.6265485
2,0,0,0.23005734
2,1,0,0.19052032
2,0,0,0.29081693
2,1,0,0.49508104
2,0,0,0.24116665
2,1,0,0.32481322
2,1,1,0.65496135
2,1,0,0.36850256
2,1,0,0.22134429
2,0,0,0.3765231
2,0,0,0.30626318
2,0,0,0.29392663
2,0,0,0.24506402
2,0,0,0.47053605
2,0,0,0.36669213
2,0,0,0.29348034
2,1,0,0.26618946
2,0,0,0.117323525
2,1,1,0.53635085
2,0,0,0.14677532
2,0,0,0.3044263
2,0,0,0.16938175
2,1,0,0.24366191
2,0,0,0.4427102
2,0,0,0.21395141
2,1,0,0.40029952
2,1,0,0.42988423
2,1,1,0.5346157
2,0,0,0.29339314
2,1,0,0.110249825
2,0,1,0.5177101
2,0,0,0.29982734
2,0,0,0.3906463
2,1,1,0.57738864
2,1,0,0.25462836
2,0,0,0.4643428
2,1,0,0.36426678
2,1,0,0.4747663
2,1,0,0.46684802
2,1,0,0.47773013
2,1,1,0.6160489
2,1,0,0.30103606
2,1,0,0.49111363
2,0,0,0.48758465
2,0,0,0.35530382
2,0,1,0.5541025
2,0,0,0.26631603
2,0,0,0.36052376
2,0,0,0.0869026
2,1,1,0.5309915
2,0,0,0.44951594
2,0,0,0.2382492
2,0,0,0.27359998
2,0,0,0.1028945
2,0,1,0.6904803
2,0,1,0.5106772
2,1,0,0.41259748
2,0,0,0.26359674
2,0,0,0.25246808
2,1,0,0.19794911
2,0,0,0.28232944
2,0,0,0.16345103
2,0,0,0.10594016
2,0,0,0.44724736
2,0,1,0.5572663
2,0,0,0.45482025
2,0,0,0.23694079
2,1,1,0.77698123
2,0,0,0.19117877
2,1,0,0.22901133
2,0,0,0.42475528
2,0,0,0.103822164
2,1,1,0.50452304
2,0,0,0.48164865
2,0,0,0.24688861
2,0,0,0.40273142
2,1,0,0.43713573
2,0,0,0.28894886
2,0,0,0.3486746
2,0,0,0.27147722
2,0,0,0.49633414
2,0,1,0.6289754
2,0,0,0.32051334
2,0,0,0.06899415
2,0,0,0.2201305
2,1,1,0.7674385
2,1,1,0.65851337
2,1,1,0.6752168
2,1,1,0.5761746
2,0,1,0.697191
2,1,0,0.2151405
2,1,1,0.54094356
2,0,1,0.74648917
2,1,1,0.70528483
2,0,1,0.69777715
2,0,0,0.18871862
2,0,1,0.52372813
2,1,1,0.59883577
2,0,0,0.41572222
2,1,1,0.7614861
2,1,1,0.57870096
2,1,0,0.420759
2,1,0,0.49661914
2,0,0,0.43943298
2,1,0,0.48355108
2,0,1,0.53292173
2,0,1,0.6227614
2,0,0,0.31624138
2,0,1,0.5090026
2,1,1,0.59171623
2,1,0,0.42751887
2,1,1,0.6508327
2,1,1,0.82889664
2,1,0,0.33344314
2,0,0,0.20316419
2,0,0,0.11851616
2,0,0,0.354032
2,0,0,0.4782387
2,0,0,0.1299373
2,1,0,0.15070733
2,0,0,0.12043204
2,1,0,0.41435578
2,0,0,0.44776723
2,0,0,0.35186753
2,0,0,0.16811256
2,0,0,0.15618655
2,0,0,0.16077825
2,1,1,0.5794177
2,0,0,0.16447051
2,1,0,0.25757834
2,0,0,0.22131427
2,1,1,0.71462625
2,0,0,0.3827912
2,1,0,0.36739954
2,1,0,0.4756275
2,0,1,0.7114158
2,0,1,0.7510084
2,0,1,0.55546206
2,0,1,0.5528776
2,1,1,0.5430434
2,1,1,0.8542474
2,0,0,0.2661046
2,1,1,0.7252419
2,0,1,0.5273301
2,1,1,0.6482846
2,1,1,0.7322589
2,0,1,0.62807196
2,1,1,0.7633787
2,1,1,0.5311294
2,0,0,0.11183732
2,0,1,0.5737212
2,1,1,0.5631472
2,0,1,0.6430654
2,0,0,0.36697197
2,1,1,0.62442726
2,1,1,0.678494
2,1,1,0.6760221
2,1,0,0.48955923
2,1,1,0.52143776
2,0,1,0.5048514
2,0,0,0.38964233
2,1,0,0.3290974
2,0,0,0.41851452
2,0,0,0.42506236
2,0,0,0.1568543
2,0,1,0.69557947
2,0,0,0.28947672
2,0,1,0.7343918
2,1,0,0.41848466
2,0,1,0.7548666
2,1,1,0.7368626
2,1,1,0.7408039
2,0,0,0.37284207
2,0,1,0.6561425
2,1,1,0.5231824
2,1,1,0.8092162
2,1,1,0.7638134
2,0,0,0.33735672
2,0,0,0.21345338
2,0,0,0.14738697
2,1,1,0.5249891
2,0,0,0.39280266
2,0,1,0.5862847
2,1,1,0.701975
2,0,0,0.4327098
2,0,0,0.37018448
2,1,1,0.74769336
2,1,1,0.6189679
2,0,0,0.35643232
2,0,1,0.5896609
2,0,0,0.49931884
2,0,0,0.4479345
2,0,0,0.20883924
2,0,0,0.4588567
2,1,0,0.30692714
2,0,1,0.57876885
2,1,1,0.80520314
2,1,1,0.80628324
2,0,0,0.4394816
2,0,1,0.6496956
2,1,1,0.6963202
2,0,1,0.60749686
2,1,1,0.8456207
2,1,1,0.749306
2,0,0,0.4614877
2,1,1,0.8389441
2,0,0,0.26607573
2,0,0,0.37722617
2,0,0,0.39148134
2,1,1,0.6918772
2,1,1,0.76805955
2,0,1,0.6070884
2,0,0,0.26328236
2,1,1,0.79144996
2,0,1,0.6778902
2,0,1,0.5173407
2,1,0,0.477082
2,1,1,0.77514696
2,1,1,0.66408414
2,1,1,0.5604758
2,0,0,0.49992976
2,0,0,0.3518655
2,1,1,0.57662076
2,1,1,0.7130721
2,0,0,0.337854
2,1,1,0.88787043
2,0,1,0.58599395
2,1,1,0.64930284
2,0,1,0.63062257
2,0,1,0.51798373
2,0,0,0.41274175
2,0,1,0.50402194
2,0,0,0.2858995
2,1,1,0.8856852
2,0,1,0.85502267
2,1,1,0.72796494
2,0,1,0.5714209
2,1,1,0.7235007
2,0,0,0.123725116
2,1,1,0.54834604
2,0,1,0.7981494
2,0,0,0.39560202
2,0,1,0.5434545
2,0,0,0.4382107
2,0,0,0.41341808
2,0,1,0.5818765
2,1,1,0.54255956
2,0,0,0.23765856
2,0,0,0.34618837
2,1,0,0.4461158
2,1,0,0.48724583
2,1,1,0.57917565
2,0,0,0.4454172
2,1,1,0.6365722
2,0,0,0.37594616
2,0,1,0.5823968
2,0,1,0.6029393
2,1,1,0.8127348
2,1,1,0.56678
2,0,1,0.6386695
2,0,1,0.7060428
2,1,1,0.60975957
2,1,1,0.6431215
2,1,1,0.82237065
2,0,1,0.50077623
3,1,1,0.86084807
3,0,1,0.51249635
3,0,0,0.4674316
3,1,0,0.41201916
3,0,1,0.7579149
3,1,1,0.5717997
3,1,0,0.26960596
3,0,0,0.33800155
3,1,1,0.55291855
3,0,0,0.3039845
3,0,0,0.47714135
3,0,1,0.588218
3,0,0,0.39536613
3,1,0,0.4339134
3,0,0,0.45841098
3,1,1,0.75703233
3,0,1,0.6922325
3,1,1,0.6419186
3,1,1,0.6266459
3,0,1,0.6335872
3,0,0,0.43226042
3,1,1,0.586736
3,0,1,0.8144214
3,0,0,0.43402138
3,0,0,0.42581296
3,0,0,0.44420388
3,1,1,0.7177294
3,1,1,0.7405776
3,1,1,0.63845617
3,0,1,0.5422364
3,0,0,0.3634044
3,1,1,0.60845107
3,1,0,0.40329584
3,0,0,0.40221548
3,0,0,0.46577567
3,1,1,0.7291281
3,1,0,0.44977653
3,0,1,0.53758335
3,0,0,0.23144296
3,1,1,0.5334536
3,0,0,0.12245433
3,1,1,0.93148124
3,0,1,0.5462634
3,0,1,0.5761744
3,1,1,0.74936
3,1,1,0.6858423
3,0,1,0.6313166
3,0,1,0.67756814
3,1,1,0.52833885
3,0,0,0.2994275
3,1,1,0.7505157
3,0,1,0.7565084
3,0,0,0.4527569
3,0,0,0.36764622
3,0,0,0.34718332
3,1,0,0.35009292
3,0,0,0.19529565
3,0,0,0.15975267
3,1,1,0.57214344
3,1,1,0.6767603
3,1,0,0.24963358
3,1,0,0.19106796
3,1,1,0.75169784
3,0,1,0.532849
3,1,0,0.19049752
3,1,1,0.7799899
3,0,0,0.35366383
3,0,1,0.59590536
3,0,0,0.4329491
3,1,1,0.6282123
3,0,0,0.41176268
3,0,1,0.6565335
3,0,1,0.5952129
3,1,0,0.4053838
3,1,0,0.35791835
3,0,1,0.58076984
3,1,0,0.32813126
3,0,1,0.50964403
3,0,0,0.4210717
3,1,0,0.44135383
3,0,0,0.36365572
3,0,0,0.19337185
3,0,0,0.45026174
3,0,1,0.5885017
3,1,1,0.58770967
3,1,0,0.3614492
3,1,1,0.8524713
3,1,1,0.7207411
3,0,1,0.66117483
3,1,1,0.58757675
3,1,1,0.5985724
3,0,0,0.40020022
3,1,0,0.3892347
3,0,1,0.5005141
3,0,0,0.4649897
3,0,0,0.33264002
3,1,1,0.57753974
3,0,1,0.5975751
3,0,0,0.48784658
3,0,1,0.59430176
3,1,1,0.69316775
3,0,1,0.5472593
3,1,1,0.7139798
3,0,1,0.52382475
3,1,1,0.5756022
3,1,1,0.6335188
3,1,1,0.5508753
3,1,1,0.5340371
3,0,0,0.4506499
3,1,1,0.73711985
3,0,0,0.2402465
3,1,1,0.5716213
3,1,0,0.21487549
3,0,1,0.6535397
3,0,0,0.33343863
3,0,0,0.3324833
3,0,1,0.5704805
3,1,1,0.8601653
3,0,1,0.827657
3,1,1,0.6774272
3,0,1,0.70521426
3,0,1,0.5396355
3,0,1,0.6191785
3,0,1,0.729331
3,0,1,0.6377104
3,0,0,0.38750064
3,1,1,0.8380946
3,0,1,0.60939246
3,1,1,0.630269
3,1,1,0.625897
3,1,1,0.6049718
3,1,1,0.8580806
3,0,1,0.6858622
3,1,1,0.6089347
3,1,1,0.759769
3,0,0,0.4865199
3,0,1,0.75823987
3,1,1,0.7111247
3,0,1,0.79585147
3,1,0,0.4142086
3,1,1,0.7182466
3,0,1,0.6402728
3,1,1,0.59295744
3,0,1,0.64573085
3,0,1,0.53162074
3,1,0,0.38582262
3,0,1,0.53071356
3,0,1,0.5381424
3,1,1,0.7576659
3,1,1,0.517677
3,1,0,0.31439134
3,0,1,0.57875043
3,1,1,0.60070324
3,0,1,0.50290895
3,0,0,0.23453961
3,1,1,0.725882
3,0,0,0.420472
3,1,0,0.3007157
3,0,0,0.42165467
3,1,1,0.51519656
3,1,0,0.4106794
3,1,0,0.47074687
3,0,0,0.47402355
3,1,1,0.5321907
3,0,0,0.3628737
3,0,0,0.26878035
3,1,0,0.4641257
3,0,0,0.45416877
3,0,0,0.38072786
3,0,0,0.42446184
3,1,1,0.8204362
3,0,0,0.40441212
3,0,0,0.16490622
3,1,1,0.5899443
3,1,1,0.505057
3,0,0,0.31518966
3,1,1,0.5998336
3,0,0,0.27019736
3,1,1,0.53068775
3,0,0,0.35660747
3,0,1,0.69811964
3,0,1,0.7596494
3,1,1,0.78540975
3,0,0,0.36233315
3,0,0,0.48123354
3,0,0,0.355592
3,1,1,0.61670333
3,0,0,0.3900237
3,1,1,0.6922342
3,0,0,0.27995524
3,1,1,0.6604081
3,1,1,0.67227054
3,0,0,0.19565205
3,0,1,0.56929415
3,0,0,0.46250996
3,1,0,0.470857
3,1,1,0.5406708
3,1,1,0.5242822
3,0,0,0.30977404
3,1,1,0.79561985
3,0,1,0.66630816
3,1,0,0.39482
3,0,0,0.30718508
3,1,1,0.8215172
3,1,1,0.73149085
3,1,0,0.39942244
3,1,0,0.4079092
3,1,1,0.6614307
3,1,1,0.75745416
3,1,1,0.76690215
3,0,1,0.8257589
3,0,1,0.58613247
3,1,1,0.5423797
3,0,1,0.5627616
3,0,0,0.4685712
3,1,1,0.66324157
3,1,1,0.5103222
3,1,1,0.6522389
3,0,0,0.46049064
3,1,1,0.85203785
3,1,1,0.69051653
3,0,0,0.43455064
3,0,0,0.26191792
3,0,0,0.3491657
3,1,1,0.7802902
3,0,0,0.46223438
3,1,1,0.53651845
3,1,1,0.5839175
3,0,1,0.58542764
3,0,0,0.13141759
3,1,1,0.782568
3,0,1,0.6004108
3,0,0,0.32251027
3,1,1,0.7741331
3,1,1,0.68884903
3,0,1,0.80959123
3,0,1,0.73900616
3,1,1,0.6976899
3,1,1,0.8881078
3,1,1,0.7728321
3,1,1,0.9169926
3,0,1,0.72660846
3,0,1,0.58324105
3,0,1,0.6743306
3,1,1,0.857444
3,1,0,0.46471116
3,0,0,0.46994948
3,0,0,0.33425164
3,1,0,0.39188087
3,0,0,0.34813994
3,0,1,0.612225
3,1,0,0.40607876
3,0,1,0.5109567
3,0,1,0.54126006
3,1,1,0.8885112
3,0,0,0.4373863
3,1,0,0.4091335
3,1,0,0.43970016
3,0,0,0.303384
3,1,0,0.4796121
3,0,1,0.5061116
3,0,1,0.53938013
3,1,1,0.55941963
3,0,0,0.06597872
3,0,1,0.62223893
3,1,0,0.14180613
3,0,1,0.6852031
3,0,0,0.20321132
3,0,1,0.52962136
3,1,1,0.65803003
3,0,1,0.7353464
3,0,1,0.6343282
3,1,0,0.40833116
3,0,0,0.33901858
3,0,0,0.17211044
3,1,1,0.6607894
3,0,0,0.13315935
3,1,1,0.6357526
3,0,0,0.18892306
3,1,1,0.51472163
3,1,1,0.65160966
3,1,1,0.7967351
3,1,0,0.36271137
3,0,0,0.22508533
3,0,1,0.5807865
3,0,1,0.75318223
3,1,1,0.65693307
3,0,0,0.3105842
3,0,0,0.23335844
3,1,1,0.7045754
3,1,0,0.45588768
3,1,0,0.205339
3,1,0,0.30453223
3,1,0,0.45784497
3,0,0,0.27127606
3,0,1,0.5963318
3,1,1,0.6103614
3,0,0,0.15115444
3,1,0,0.46296144
3,0,0,0.1732733
3,0,1,0.83332294
3,1,0,0.44789273
3,0,1,0.5894096
3,1,1,0.7588511
3,1,1,0.5205916
3,0,0,0.23880711
3,1,1,0.67397815
3,0,1,0.81333935
3,1,1,0.92478913
3,1,1,0.7254877
3,1,1,0.7241457
3,1,0,0.40329903
3,1,1,0.584854
3,1,1,0.73359764
3,1,1,0.6730604
3,0,0,0.33808157
3,1,1,0.637139
3,0,0,0.08769472
3,0,0,0.34293067
3,1,1,0.5626702
3,0,1,0.57787013
3,1,1,0.5738088
3,0,0,0.2621571
3,0,0,0.38696527
3,1,1,0.5825713
3,0,0,0.41961226
3,0,0,0.49950567
3,0,0,0.24409011
3,0,1,0.61547554
3,0,0,0.19491065
3,1,1,0.6866257
3,1,1,0.6576082
3,1,1,0.669044
3,0,0,0.48170328
3,0,0,0.48011196
3,1,1,0.6540231
3,1,1,0.6082182
3,1,1,0.6581387
3,1,1,0.68450016
3,1,1,0.5770912
3,0,1,0.6462238
3,0,1,0.51150405
3,1,1,0.8757926
3,1,1,0.70146114
3,0,0,0.45708802
3,0,1,0.51893914
3,1,1,0.5617788
3,1,1,0.586155
3,0,1,0.66717947
3,0,0,0.29622126
3,0,1,0.7892447
3,1,0,0.46045443
3,1,1,0.6210201
3,0,1,0.7998733
3,0,0,0.38124985
3,1,1,0.57362473
3,0,0,0.48567024
3,0,0,0.44427896
3,1,1,0.59894806
3,0,1,0.5009469
3,1,1,0.5631699
3,0,1,0.60461867
3,1,1,0.78269786
3,1,1,0.6863476
3,1,1,0.59531957
3,1,1,0.5114485
3,0,0,0.45318156
3,1,1,0.5680003
3,0,0,0.27150774
3,1,0,0.16946983
3,1,1,0.5108309
3,0,0,0.28383115
3,1,1,0.58406925
3,0,0,0.32488233
3,1,1,0.5953082
3,0,0,0.4662824
3,0,0,0.47933906
3,0,0,0.45744243
3,0,0,0.45920265
3,0,0,0.3476894
3,0,0,0.48224807
3,0,0,0.41784948
3,0,1,0.5752629
3,1,1,0.86991554
3,0,0,0.38971516
3,1,1,0.5449001
3,1,0,0.4240429
3,0,1,0.52414817
3,0,0,0.3068889
3,1,1,0.54363805
3,1,1,0.6096974
3,0,1,0.69088966
3,0,0,0.36394292
3,0,1,0.79733646
3,1,0,0.3746734
3,0,1,0.5708246
3,0,1,0.6162538
3,1,1,0.555543
3,0,0,0.15479404
3,1,0,0.49544674
3,0,1,0.5131271
3,1,1,0.7799052
3,1,0,0.49762842
3,0,1,0.5423059
3,1,0,0.37500468
3,1,1,0.54230803
3,0,0,0.48746878
3,1,0,0.3818354
3,0,0,0.46483406
3,1,1,0.7018945
3,0,1,0.6944484
3,0,0,0.2967676
3,1,0,0.37387013
3,1,1,0.66329867
3,0,0,0.2093389
3,0,0,0.22017792
3,1,1,0.56206775
3,1,0,0.47162214
3,0,1,0.58273256
3,0,0,0.46630615
3,1,0,0.21114963
3,0,1,0.50742316
3,0,0,0.21716361
3,1,1,0.59534436
3,1,1,0.69316167
3,1,1,0.71221805
3,0,0,0.44836244
3,1,1,0.5349883
3,0,0,0.3571029
3,1,1,0.5517409
3,0,0,0.41664606
3,0,0,0.41144183
3,0,1,0.50637114
3,0,0,0.45216498
3,0,1,0.6515554
3,1,1,0.5734143
3,0,1,0.59832114
3,1,1,0.5142228
3,1,1,0.5946298
3,0,0,0.28954235
3,1,1,0.94094443
3,1,1,0.5566111
3,1,1,0.6544602
3,0,1,0.6735742
3,1,1,0.57187897
3,0,0,0.36854345
3,1,1,0.7803988
3,0,0,0.38002318
3,1,1,0.7136813
3,0,1,0.6719156
3,0,0,0.3428036
3,0,1,0.5696796
3,0,1,0.7606406
3,0,1,0.57433015
3,1,1,0.72493654
3,1,1,0.6322174
3,1,1,0.7816846
3,0,1,0.61332923
3,0,1,0.6252762
3,1,1,0.5790085
3,1,1,0.71971
3,0,1,0.53306377
3,0,1,0.77252245
3,1,1,0.76691276
3,0,0,0.43229762
3,1,1,0.63807017
3,0,1,0.7434217
3,1,1,0.8508543
3,0,1,0.6696503
3,1,1,0.79121286
3,1,1,0.5980505
3,0,0,0.4142825
3,0,0,0.3796886
3,1,1,0.7974316
3,0,0,0.43033615
3,0,1,0.65148985
3,1,1,0.5611508
3,1,0,0.47113264
3,1,0,0.48940516
3,0,0,0.39643726
3,0,0,0.32011536
3,1,1,0.50483274
3,0,0,0.13095093
3,0,1,0.58622646
3,1,0,0.39854637
3,0,0,0.32951733
3,0,0,0.21487924
3,1,0,0.2513302
3,1,0,0.1461532
3,0,0,0.3426492
3,1,0,0.30480543
3,1,1,0.5033629
3,0,0,0.33432585
3,1,0,0.46143365
3,0,0,0.42704052
3,0,0,0.34017718
3,0,0,0.10674323
3,0,0,0.44313762
3,0,1,0.76991576
3,0,0,0.39436895
3,1,0,0.2381975
3,1,1,0.77388924
3,0,1,0.5053789
3,0,0,0.2572321
3,0,0,0.4778528
3,0,1,0.58924
3,0,0,0.3503709
3,0,0,0.2817978
3,0,0,0.4671041
3,0,1,0.5343277
3,1,0,0.44025448
3,1,0,0.45526955
3,0,0,0.4321832
3,1,1,0.58459514
3,0,0,0.12726457
3,0,0,0.23265167
3,1,1,0.80403644
3,1,1,0.8062191
3,0,0,0.2588384
3,1,1,0.7235207
3,1,1,0.5159749
3,1,1,0.7833155
3,1,1,0.5794332
3,1,1,0.82201904
3,1,1,0.62639517
3,0,1,0.5356026
3,0,1,0.72702223
3,1,1,0.588637
3,0,1,0.6648063
3,0,0,0.0997209
3,1,1,0.8457102
3,0,0,0.4588182
3,1,1,0.7807698
3,1,1,0.73548764
3,1,1,0.6961536
3,1,1,0.7204083
3,1,1,0.6885441
3,0,0,0.4307622
3,0,1,0.7281162
3,0,0,0.25876534
3,0,1,0.9008504
3,1,1,0.74867374
3,1,1,0.7443252
3,0,0,0.25543782
3,0,1,0.5157522
3,1,1,0.7798093
3,1,1,0.7037138
3,1,1,0.78342336
3,0,0,0.097791485
3,1,1,0.6851175
3,1,1,0.86495334
3,1,1,0.89092994
3,1,0,0.47736624
3,1,1,0.869004
3,1,1,0.8621658
3,1,1,0.71556705
3,0,0,0.4637726
3,0,0,0.23667629
3,0,1,0.58324105
3,1,1,0.82117534
3,1,1,0.64124775
3,1,1,0.58805126
3,0,1,0.5799478
3,1,1,0.63715035
3,1,0,0.35764486
3,1,1,0.52870184
3,1,1,0.69176966
3,1,1,0.745397
3,0,1,0.7302088
3,0,1,0.54345506
3,0,1,0.5688902
3,0,1,0.58657694
3,1,1,0.61839896
3,0,1,0.69375396
3,1,1,0.65827274
3,0,1,0.56717396
3,0,1,0.7074278
3,0,1,0.7598672
3,0,0,0.33191904
3,0,1,0.52857393
3,1,1,0.70846605
3,1,1,0.6860155
3,0,1,0.554874
3,1,1,0.5127124
3,1,0,0.38603517
3,1,0,0.41736713
3,0,1,0.72760534
3,0,1,0.59354085
3,0,1,0.547282
3,0,0,0.12925304
3,1,1,0.69281656
3,0,0,0.22964625
3,0,1,0.60448617
3,0,0,0.49877167
3,1,1,0.5215753
3,1,1,0.70089066
3,1,1,0.67326766
3,0,1,0.55983245
3,0,0,0.49421665
3,1,1,0.5208923
3,1,1,0.8302741
3,0,0,0.47004595
3,1,1,0.8669738
3,1,1,0.5395769
3,0,0,0.29856813
3,0,0,0.4311351
3,0,0,0.37126064
3,1,1,0.8364648
3,0,1,0.7912126
3,1,0,0.30904326
3,1,0,0.4303114
3,1,0,0.44569752
3,1,1,0.7709341
3,0,0,0.4756427
3,0,1,0.56973875
3,1,1,0.80649567
3,1,1,0.53829366
3,0,0,0.3168347
3,1,1,0.7917017
3,1,1,0.55361307
3,0,1,0.7300635
3,1,0,0.42655087
3,1,1,0.67620456
3,1,1,0.6053723
3,1,1,0.57360065
3,0,1,0.690808
3,1,1,0.5971669
3,0,1,0.6211634
3,0,1,0.5495087
3,0,0,0.07002842
3,0,1,0.58085865
3,0,1,0.5799026
3,0,0,0.293164
3,0,0,0.3158236
3,1,1,0.54999644
3,1,0,0.43247518
3,0,1,0.50749075
3,0,0,0.22212206
3,0,1,0.6736874
3,1,1,0.5183957
3,1,1,0.6806087
3,0,0,0.484578
3,0,0,0.30158004
3,1,1,0.73549247
3,0,0,0.18267946
3,1,0,0.4471304
3,1,0,0.20604004
3,1,1,0.5471331
3,1,1,0.7063731
3,0,0,0.3545161
3,0,0,0.38351032
3,0,0,0.096125335
3,0,1,0.5745555
3,0,0,0.48039967
3,0,0,0.18921372
3,0,0,0.4773587
3,1,1,0.6306991
3,0,0,0.3825864
3,1,1,0.7093177
3,0,1,0.671907
3,0,0,0.4619349
3,1,1,0.6349336
3,0,0,0.4360626
3,1,1,0.6488809
3,1,1,0.8023088
3,1,1,0.50372046
3,1,1,0.5868462
3,0,1,0.5671484
3,0,0,0.40346277
3,0,1,0.5826267
3,1,1,0.6792051
3,0,1,0.5668178
3,0,1,0.70857984
3,0,0,0.17890307
3,1,1,0.70306945
3,1,1,0.6765421
3,0,0,0.4945006
3,0,1,0.56811523
3,0,0,0.24874468
3,1,1,0.8901022
3,1,1,0.78467596
3,1,1,0.7483127
3,0,0,0.46929085
3,1,1,0.5076389
3,0,1,0.65298617
3,0,1,0.54626244
3,1,1,0.6511291
3,0,1,0.5971715
3,1,0,0.44767037
3,0,0,0.41390765
3,1,1,0.79221135
3,1,1,0.6766201
3,0,0,0.30858457
3,1,0,0.4325476
3,0,1,0.62650937
3,1,0,0.473824
3,0,1,0.5256326
3,0,0,0.16910444
3,0,1,0.6016332
3,1,1,0.5703863
3,0,0,0.38437372
3,1,1,0.6828228
3,0,0,0.1263136
3,0,1,0.6011878
3,1,1,0.849091
3,0,1,0.7578004
3,1,1,0.8083043
3,1,1,0.51651937
3,0,0,0.15658332
3,1,0,0.40304315
3,1,1,0.6432693
3,1,0,0.48651156
3,0,0,0.29898748
3,1,1,0.6049346
3,0,0,0.28179684
3,0,1,0.70170873
3,1,0,0.32659915
3,0,0,0.14728191
3,1,0,0.44565198
3,1,1,0.82206285
3,0,1,0.5936017
3,1,0,0.3581507
3,1,1,0.6446859
3,1,1,0.74113053
3,0,0,0.4281048
3,1,1,0.5001961
3,0,1,0.63407487
3,0,1,0.6109645
3,0,1,0.51202667
3,1,1,0.86051124
3,1,1,0.80649835
3,0,0,0.3949668
3,0,0,0.20520069
3,1,1,0.6541673
3,0,0,0.21557984
3,1,1,0.5558555
3,1,1,0.74644864
3,0,0,0.118296094
3,1,1,0.65526813
3,1,1,0.58571184
3,0,1,0.88737446
3,0,1,0.55075943
3,0,1,0.7188862
3,1,0,0.37058517
3,1,1,0.74571216
3,1,1,0.5731104
3,1,1,0.7116929
3,0,1,0.8106544
3,1,1,0.6895557
3,0,1,0.59758234
3,1,0,0.3916053
3,0,1,0.6331506
3,1,1,0.75565207
3,1,1,0.83856225
3,0,0,0.39356992
3,0,0,0.28790045
3,0,0,0.32539138
3,1,1,0.57233596
3,1,1,0.7861139
3,1,1,0.6360318
3,1,1,0.7973042
3,1,1,0.6497099
3,0,0,0.17347057
3,0,0,0.47151715
3,1,1,0.71942806
3,1,1,0.5578669
3,1,1,0.6256187
3,0,0,0.1305589
3,0,0,0.2800146
3,0,1,0.7020439
3,1,1,0.8971413
3,1,1,0.73107636
3,0,0,0.42322895
3,0,1,0.5685751
3,0,1,0.651399
3,0,1,0.50095785
3,1,1,0.593528
3,1,0,0.46331838
3,0,0,0.32666257
3,0,1,0.5168471
3,1,1,0.5553343
3,1,1,0.7413715
3,0,1,0.6479429
3,1,1,0.8215501
3,1,0,0.33742905
3,0,1,0.64009845
3,0,0,0.4946903
3,0,1,0.89442736
3,0,1,0.69377905
3,1,1,0.6956707
3,1,1,0.6612517
3,0,0,0.32553643
3,1,1,0.7100829
3,1,1,0.83000594
3,1,1,0.8026135
3,0,0,0.14901392
3,1,1,0.75756025
3,1,1,0.8476343
3,1,1,0.9225221
3,0,0,0.47363812
3,1,1,0.5773854
3,0,1,0.51216143
3,1,1,0.69204134
3,0,1,0.5813079
3,1,1,0.6781284
3,1,1,0.8326894
3,1,1,0.60831773
3,0,1,0.6991258
3,0,1,0.68695116
3,0,0,0.2869542
3,1,1,0.7458681
3,1,1,0.80870974
3,0,0,0.36277357
3,0,1,0.57473284
3,0,0,0.4938646
3,0,0,0.47360748
3,1,1,0.78488797
3,1,1,0.637722
3,1,0,0.31286728
3,0,1,0.5140303
3,0,1,0.60010606
3,1,1,0.5687081
3,0,1,0.7623097
3,0,0,0.3538234
3,0,0,0.14740618
3,1,1,0.5224584
3,1,1,0.91668916
3,1,0,0.46826032
3,0,0,0.33788383
3,1,1,0.6665102
3,0,0,0.37164044
3,1,1,0.6969663
3,0,0,0.43851453
3,1,1,0.73135364
3,0,1,0.5045136
3,1,1,0.7456478
3,1,1,0.63825476
3,1,1,0.7788401
3,0,1,0.5854573
3,0,0,0.46867317
3,0,0,0.39221144
3,0,0,0.24241087
3,1,1,0.55399376
3,0,0,0.49769336
3,0,1,0.6656665
3,1,1,0.7590494
3,1,1,0.7661146
3,1,1,0.80929285
3,0,1,0.5707209
3,1,1,0.5194495
3,1,0,0.43430677
3,0,0,0.27222854
3,0,0,0.46548146
3,0,0,0.45153776
3,0,0,0.4135223
3,1,1,0.5302842
3,0,1,0.59324807
3,1,1,0.82079405
3,0,0,0.1999646
3,1,0,0.41594973
3,1,1,0.6535416
3,1,0,0.34316823
3,1,1,0.74650586
3,0,0,0.2782496
3,1,1,0.5882181
3,0,1,0.7156418
3,0,0,0.4945006
3,0,1,0.56811523
3,0,0,0.2567346
3,0,1,0.5388894
3,1,0,0.46245608
3,0,1,0.7597853
3,1,1,0.5058943
3,1,1,0.6896842
3,1,1,0.6083287
3,0,1,0.5150781
3,0,0,0.4434263
3,0,0,0.38696375
3,0,1,0.56440026
3,0,0,0.22202711
3,1,0,0.21369143
3,1,0,0.44605535
3,0,1,0.60265076
3,0,1,0.6036949
3,0,0,0.15050243
3,0,0,0.18678978
3,1,0,0.16668314
3,1,0,0.49445614
3,0,0,0.34911248
3,1,0,0.49727866
3,1,0,0.4964074
3,1,1,0.5916746
3,0,0,0.41044474
3,0,0,0.4411758
3,1,1,0.5172755
3,1,1,0.59565777
3,0,1,0.65224165
3,0,0,0.27168462
3,1,0,0.41802546
3,0,0,0.22420765
3,1,0,0.49345347
3,1,0,0.35271993
3,1,0,0.45467097
3,0,0,0.36752585
3,0,1,0.524013
3,0,0,0.41500372
3,0,1,0.5693271
3,1,1,0.5138117
3,0,1,0.61906123
3,1,0,0.318455
3,0,1,0.54890585
3,0,1,0.6266359
3,0,0,0.13944681
3,1,1,0.9189101
3,0,0,0.4065855
3,1,0,0.46217957
3,1,1,0.52762127
3,1,1,0.64380956
3,1,1,0.584372
3,0,1,0.66958624
3,1,1,0.6335856
3,1,1,0.65748614
3,0,1,0.6080286
3,0,1,0.680195
3,0,0,0.44746408
3,1,1,0.8632957
3,1,1,0.6967134
3,1,0,0.48126897
3,0,0,0.39430267
3,1,1,0.78840077
3,0,0,0.2638077
3,0,0,0.4328948
3,0,0,0.4939888
3,0,0,0.23169978
3,1,0,0.32122022
3,0,0,0.4586223
3,0,1,0.5744726
3,0,0,0.28978625
3,1,0,0.42642432
3,1,0,0.356018
3,1,1,0.88771224
3,1,1,0.6571502
3,1,1,0.8286899
3,1,1,0.74712163
3,0,0,0.44642332
3,0,1,0.6053794
3,1,1,0.64027023
3,1,1,0.7512338
3,1,1,0.7001714
3,1,1,0.6863489
3,0,0,0.2365957
3,1,1,0.71521986
3,0,1,0.6161758
3,0,1,0.70799005
3,0,0,0.2802285
3,0,1,0.73368484
3,0,1,0.6040467
3,0,1,0.5184516
3,0,1,0.62651646
3,1,1,0.81797206
3,1,1,0.5626333
3,0,0,0.30853826
3,0,0,0.496698
3,1,1,0.6717432
3,1,0,0.32598737
3,1,1,0.5672519
3,1,1,0.6552801
3,0,0,0.22019383
3,1,1,0.8006461
3,0,0,0.216845
3,0,0,0.13844725
3,0,1,0.5443003
3,0,0,0.39120853
3,1,1,0.6720031
3,1,0,0.22860157
3,0,0,0.31998956
3,0,1,0.5260668
3,1,1,0.8871678
3,1,1,0.6205356
3,0,1,0.68521214
3,0,0,0.23025332
3,1,1,0.7999343
3,1,1,0.64027023
3,1,1,0.6111809
3,0,1,0.8531895
3,0,1,0.77998316
3,0,1,0.502836
3,0,0,0.4004767
3,1,0,0.2501851
3,0,1,0.5488119
3,0,0,0.380531
3,1,1,0.6862792
3,0,1,0.69425535
3,1,1,0.86498225
3,1,1,0.86215466
3,1,1,0.70015204
3,0,0,0.44225958
3,0,0,0.30784488
3,1,1,0.81979275
3,1,1,0.6244395
3,0,0,0.15454276
3,0,1,0.7056168
3,0,0,0.19568637
3,1,1,0.8833143
3,0,1,0.5247011
3,0,1,0.7025083
3,1,1,0.648297
3,1,1,0.6679055
3,1,1,0.558351
3,0,1,0.6133357
3,1,1,0.70985615
3,1,1,0.6216958
3,1,1,0.5270735
3,1,0,0.45921633
3,0,0,0.45559907
3,0,1,0.5021903
3,1,1,0.8090721
3,0,0,0.46538147
3,0,1,0.6698908
3,0,0,0.302796
3,1,1,0.75787276
3,1,1,0.57209
3,0,1,0.53662044
3,0,0,0.19927469
3,1,1,0.6480409
3,0,0,0.22445108
3,1,1,0.6829165
3,0,1,0.60085857
3,0,1,0.63378316
3,0,0,0.36959788
3,1,1,0.65759647
3,0,0,0.30439162
3,1,1,0.82560635
3,1,1,0.62736243
3,1,1,0.79111075
3,1,1,0.602715
3,1,1,0.5851239
3,0,0,0.46494293
3,0,0,0.43137744
3,1,1,0.5341276
3,0,1,0.6949783
3,0,1,0.6112357
3,0,0,0.43992043
3,0,1,0.6963061
3,1,1,0.7660057
3,1,1,0.7969396
3,1,1,0.62067014
3,0,0,0.4348165
3,0,1,0.59745276
3,0,1,0.8073713
3,0,0,0.4854868
3,1,0,0.42978033
3,1,1,0.7784086
3,0,0,0.3715258
3,0,0,0.38867486
3,1,1,0.6595037
3,0,0,0.46042353
3,1,0,0.42793757
3,1,1,0.709948
3,0,0,0.33744982
3,0,1,0.6078083
3,0,0,0.35643587
3,1,1,0.5817827
3,1,1,0.6232629
3,0,1,0.63999367
3,0,0,0.0686697
3,0,0,0.067617975
3,1,1,0.8038225
3,0,0,0.17310584
3,0,0,0.44403046
3,1,1,0.66423875
3,1,1,0.6292503
3,1,1,0.9487246
3,1,1,0.728812
3,1,1,0.8210681
3,0,1,0.5535379
3,1,1,0.8045457
3,1,1,0.8352465
3,0,0,0.47189477
3,0,1,0.6184105
3,0,1,0.674804
3,0,0,0.344919
3,1,1,0.7364526
3,1,1,0.7777031
3,0,1,0.784802
3,0,0,0.4456206
3,0,1,0.7391189
3,0,1,0.68726325
3,0,0,0.44284272
3,0,0,0.29195485
3,0,0,0.460545
3,0,0,0.12487065
3,0,0,0.375952
3,0,0,0.12851347
3,0,1,0.5151686
3,0,0,0.21397355
3,0,0,0.16588952
3,0,0,0.28552827
3,1,0,0.3494157
3,1,1,0.82091606
3,1,1,0.5588765
3,1,1,0.711014
3,1,1,0.7183199
3,1,1,0.65634084
3,1,0,0.17536724
3,1,1,0.50551003
3,1,1,0.8863309
3,1,1,0.7652079
3,1,1,0.6690895
3,0,1,0.7291068
3,0,1,0.67482674
3,1,1,0.7521236
3,0,0,0.4545681
3,0,0,0.21797691
3,0,0,0.31395578
3,1,1,0.6137789
3,0,1,0.59222466
3,1,1,0.639286
3,0,1,0.66261065
3,1,1,0.78870076
3,1,1,0.71710974
3,0,0,0.45558035
3,0,0,0.29110405
3,0,1,0.6605576
3,0,0,0.084471434
3,1,1,0.74120647
3,1,1,0.6802443
3,0,0,0.3874969
3,0,0,0.47638705
3,0,0,0.49704176
3,0,1,0.5473249
3,1,0,0.4059478
3,1,1,0.575593
3,1,1,0.7581491
3,1,1,0.81728417
3,1,0,0.4640462
3,0,1,0.5544636
3,1,1,0.68176544
3,0,0,0.2996848
3,0,0,0.18907179
3,0,1,0.59005034
3,1,0,0.4726354
3,1,1,0.72677743
3,0,1,0.5347619
3,1,1,0.8034903
3,1,1,0.6183148
3,1,0,0.4820118
3,0,1,0.72683525
3,1,1,0.6605329
3,0,0,0.35541537
3,0,1,0.7718943
3,0,0,0.24312875
3,0,1,0.63934207
3,1,1,0.7387975
3,1,0,0.3565422
3,1,1,0.61190635
3,1,0,0.49554968
3,0,1,0.5926211
3,0,1,0.68241274
3,1,0,0.49839482
3,0,0,0.44745
3,1,1,0.73839426
3,1,1,0.7839522
3,1,0,0.47806463
3,1,1,0.60621
3,1,1,0.56912553
3,1,1,0.8068361
3,0,0,0.46332717
3,0,0,0.46155763
3,0,0,0.4463661
3,1,1,0.6680896
3,1,1,0.7016281
3,1,1,0.50545824
3,0,0,0.32469702
3,1,1,0.6887513
3,1,1,0.58167386
3,0,1,0.7206241
3,0,1,0.5597752
3,0,1,0.5652987
3,0,1,0.63642836
3,1,1,0.75975174
3,1,1,0.74299496
3,0,1,0.50044453
3,1,1,0.84380525
3,1,0,0.4126207
3,1,1,0.7811606
3,1,0,0.3497621
3,0,0,0.27407238
3,0,0,0.2873476
3,1,1,0.5942962
3,0,1,0.6420349
3,0,0,0.2404527
3,0,0,0.1705351
3,0,0,0.2307203
3,0,0,0.20241134
3,0,1,0.6298389
3,1,1,0.79887927
3,1,1,0.60489
3,0,1,0.7713616
3,0,0,0.24904518
3,1,1,0.7702958
3,1,1,0.7777724
3,1,0,0.44751477
3,0,0,0.22330745
3,0,0,0.14650945
3,0,1,0.5582887
3,0,1,0.62967616
3,1,1,0.52337235
3,0,1,0.5982043
3,0,0,0.4837756
3,0,1,0.8153692
3,0,0,0.2733449
3,1,1,0.5039863
3,0,0,0.18288258
3,0,0,0.37439334
3,1,1,0.769339
3,1,1,0.65350807
3,0,1,0.5776931
3,0,1,0.5957681
3,1,1,0.8299776
3,0,0,0.39933956
3,1,1,0.6722729
3,1,1,0.5748865
3,1,1,0.64182025
3,1,1,0.5233288
3,1,1,0.87397677
3,1,1,0.50837755
3,0,1,0.71290165
3,0,0,0.45331207
3,0,1,0.709758
3,0,0,0.12148435
3,0,1,0.5115078
3,0,0,0.41347775
3,1,1,0.59891087
3,1,1,0.8176883
3,1,1,0.5911026
3,0,0,0.34379122
3,1,1,0.5314639
3,0,0,0.0701094
3,1,1,0.70097077
3,1,0,0.49198472
3,1,1,0.6582848
3,1,1,0.8508845
3,0,0,0.29870892
3,1,1,0.72936887
3,0,1,0.559502
3,0,0,0.48855895
3,1,1,0.8228731
3,1,1,0.72660977
3,1,1,0.82400286
3,1,1,0.75905126
3,0,0,0.4589342
3,0,0,0.21386586
3,1,1,0.85780853
3,1,1,0.81869614
3,1,1,0.75993526
3,1,1,0.78392494
3,1,1,0.8696576
3,1,1,0.77763206
3,1,1,0.75771123
3,0,0,0.26369625
3,0,0,0.13957767
3,1,1,0.7959999
3,0,0,0.40212378
3,0,1,0.67054415
3,0,0,0.13731527
3,0,0,0.19537815
3,1,1,0.8051339
3,1,1,0.71556705
3,0,1,0.6931204
3,1,1,0.6810379
3,1,1,0.5206197
3,0,0,0.46657076
3,0,0,0.4209215
3,0,0,0.4515789
3,1,0,0.3529558
3,0,1,0.5452512
3,1,1,0.5531315
3,1,1,0.558148
3,0,0,0.48352453
3,0,1,0.6017016
3,0,0,0.35256007
3,1,1,0.71648616
3,0,0,0.4595537
3,1,1,0.51939905
3,1,0,0.4576232
3,1,1,0.63074064
3,0,0,0.4472219
3,1,0,0.32460868
3,1,1,0.6031521
3,0,1,0.59018767
3,0,0,0.4864421
3,1,0,0.45428053
3,1,0,0.38486657
3,0,0,0.28031874
3,0,0,0.4020859
3,0,1,0.52061653
3,1,1,0.79026383
3,1,1,0.70333165
3,0,1,0.57967246
3,1,1,0.79149884
3,0,0,0.194511
3,1,1,0.5302967
3,0,0,0.4039174
3,0,0,0.398045
3,1,0,0.4214897
3,0,1,0.62762517
3,1,0,0.41811046
3,0,0,0.06319929
3,0,1,0.7249863
3,0,0,0.37484846
3,1,1,0.61671215
3,0,0,0.26981923
3,1,1,0.75101894
3,0,0,0.33722913
3,0,0,0.36437616
3,0,0,0.3002233
3,1,1,0.63230133
3,1,1,0.52319056
3,0,0,0.35005447
3,1,1,0.6362463
3,0,0,0.1260778
3,0,1,0.6553294
3,0,0,0.49437407
3,0,0,0.4433486
3,1,1,0.65166086
3,0,0,0.34878093
3,0,1,0.50427306
3,1,1,0.5973438
3,1,1,0.6655574
3,0,0,0.4335207
3,0,0,0.25738183
3,1,1,0.6079401
3,1,1,0.6755789
3,1,1,0.58834356
3,0,1,0.6154459
3,0,1,0.51640344
3,0,0,0.38841692
3,1,1,0.58566886
3,0,0,0.28203526
3,1,1,0.7144952
3,1,0,0.31882158
3,1,1,0.59455377
3,0,1,0.52206576
3,0,0,0.46328968
3,1,1,0.6124884
3,0,0,0.43226582
3,0,1,0.56753975
3,0,0,0.22895226
3,0,1,0.5053125
3,1,1,0.5281221
3,0,1,0.5882809
3,1,0,0.49441305
3,0,1,0.6510789
3,1,1,0.7096211
3,0,0,0.27316383
3,0,0,0.45150274
3,0,1,0.6020769
3,1,1,0.664752
3,1,1,0.5284065
3,1,0,0.21387161
3,0,1,0.51928675
3,1,0,0.29493433
3,0,0,0.24027161
3,0,0,0.11053622
3,1,1,0.66309303
3,0,0,0.23555207
3,1,0,0.26290384
3,0,0,0.22758487
3,1,1,0.5008901
3,0,0,0.2614411
3,1,1,0.51108056
3,0,0,0.22901209
3,1,0,0.30608827
3,1,0,0.34192857
3,0,0,0.33526143
3,0,0,0.41473198
3,0,0,0.27456805
3,1,0,0.4170463
3,1,0,0.30823562
3,1,1,0.54766005
3,0,1,0.5368014
3,0,0,0.25050604
3,0,0,0.41838273
3,1,1,0.61314
3,1,0,0.3414302
3,0,0,0.40515855
3,0,0,0.081755884
3,1,0,0.4708335
3,0,1,0.70167637
3,0,0,0.12935421
3,0,1,0.6734121
3,0,0,0.28926954
3,0,1,0.6260819
3,0,1,0.5749323
3,0,1,0.73589575
3,0,1,0.5297627
3,1,0,0.44308293
3,1,0,0.40317026
3,1,0,0.363447
3,0,0,0.27522737
3,0,1,0.6956426
3,1,1,0.6887108
3,1,1,0.6179495
3,1,1,0.8457198
3,1,1,0.67643386
3,1,1,0.56476
3,1,1,0.70943135
3,1,1,0.59092796
3,1,1,0.5367672
3,1,1,0.6946938
3,0,0,0.19559458
3,0,1,0.603927
3,1,1,0.80104727
3,0,0,0.3955029
3,0,0,0.38053957
3,0,0,0.29038537
3,0,0,0.08464311
3,1,1,0.64901495
3,0,0,0.2366268
3,0,0,0.35736606
3,0,0,0.18731911
3,1,1,0.6876652
3,1,1,0.77688426
3,1,1,0.5743846
3,0,0,0.3721549
3,0,0,0.36914194
3,1,0,0.19835956
3,0,0,0.48954418
3,0,0,0.3190011
3,1,0,0.1926893
3,1,1,0.6058776
3,0,0,0.31503546
3,0,0,0.4994342
3,0,0,0.1559827
3,1,0,0.45841613
3,1,1,0.5128161
3,0,0,0.43910685
3,0,0,0.18810707
3,0,0,0.19204879
3,0,0,0.3347009
3,0,0,0.26098952
3,0,0,0.4077758
3,1,0,0.3748383
3,0,0,0.34979823
3,0,0,0.43837532
3,0,0,0.33195645
3,0,0,0.34096816
3,1,1,0.53965986
3,0,1,0.596479
3,1,0,0.36697885
3,1,1,0.649775
3,1,1,0.59354705
3,0,1,0.5554761
3,0,0,0.44635096
3,0,1,0.6019793
3,0,0,0.4355396
3,1,1,0.6764183
3,0,0,0.05574678
3,1,0,0.390614
3,0,0,0.39717504
3,1,0,0.43666404
3,0,0,0.22883044
3,0,0,0.19666879
3,0,0,0.14330138
3,0,0,0.06945913
3,1,0,0.38147226
3,1,0,0.4810732
3,1,1,0.7471521
3,1,0,0.47422904
3,1,0,0.4641957
3,0,1,0.5366051
3,0,0,0.100085385
3,1,1,0.5974282
3,0,0,0.3369523
3,1,0,0.410478
3,1,1,0.82770026
3,1,1,0.52082187
3,1,1,0.559006
3,1,0,0.39311612
3,0,0,0.09133574
3,0,1,0.73685193
3,0,0,0.49596643
3,1,0,0.31061536
3,1,0,0.3210434
3,1,1,0.571663
3,1,0,0.43321857
3,1,1,0.77745086
3,1,0,0.47093105
3,1,1,0.6364
3,1,0,0.15050356
3,1,1,0.5245593
3,0,0,0.3335439
3,0,0,0.43115246
3,1,1,0.56141526
3,0,0,0.32310385
3,1,1,0.585164
3,0,0,0.29464015
3,0,0,0.2038237
3,1,1,0.79575336
3,0,1,0.5588829
3,1,0,0.28151822
3,1,1,0.60303366
3,0,0,0.40076438
3,0,1,0.6206515
3,0,0,0.29459378
3,1,1,0.503522
3,0,0,0.105967075
3,1,1,0.55256397
3,1,1,0.51553404
3,1,1,0.5580335
3,0,1,0.66872656
3,0,0,0.1992583
3,0,0,0.40541357
3,0,0,0.3579617
3,1,1,0.81055987
3,0,0,0.45286572
3,0,0,0.38576645
3,1,1,0.6457496
3,1,0,0.27996302
3,1,0,0.48217905
3,0,1,0.5327625
3,0,0,0.44179884
3,1,0,0.4027696
3,0,1,0.6045798
3,1,1,0.74332243
3,1,1,0.6620358
3,0,0,0.20316602
3,0,1,0.6125381
3,0,0,0.4877762
3,0,1,0.6610173
3,0,0,0.4982561
3,1,1,0.9107949
3,1,1,0.6524716
3,1,1,0.7565421
3,0,0,0.19361511
3,1,1,0.80110735
3,0,1,0.7024248
3,0,0,0.27733806
3,1,1,0.7154479
3,0,0,0.47380203
3,1,1,0.61157346
3,0,0,0.06041904
3,0,1,0.62623435
3,0,1,0.6088496
3,0,0,0.30528137
3,1,0,0.4726202
3,0,0,0.13664135
3,0,1,0.8422297
3,1,0,0.41236994
3,1,1,0.7623622
3,0,1,0.58455867
3,1,1,0.5379567
3,1,1,0.6777121
3,1,0,0.46286786
3,0,0,0.32217675
3,0,1,0.69790614
3,1,1,0.626451
3,0,0,0.2773443
3,0,1,0.7520023
3,1,1,0.8503971
3,0,0,0.49021408
3,1,1,0.56538206
3,0,0,0.46257398
3,1,0,0.41004887
3,0,0,0.4038422
3,1,1,0.5050415
3,0,0,0.38763255
3,0,0,0.47563472
3,1,1,0.8525122
3,0,1,0.54671943
3,1,1,0.63455606
3,0,0,0.4763611
3,1,1,0.7386655
3,0,0,0.23153538
3,1,1,0.56057036
3,0,0,0.48017997
3,1,1,0.86056566
3,1,1,0.7288286
3,1,1,0.8100983
3,1,0,0.4719385
3,1,0,0.4918223
3,0,1,0.6468601
3,0,0,0.24665883
3,1,1,0.51486665
3,1,1,0.83731735
3,1,1,0.5852847
3,1,1,0.66192126
3,1,1,0.776555
3,0,1,0.57210636
3,0,0,0.22325297
3,0,0,0.20536603
3,0,1,0.5110487
3,0,0,0.48524585
3,0,0,0.38166505
3,0,0,0.47641325
3,0,0,0.3192786
3,0,0,0.47183913
3,1,1,0.6430591
3,0,0,0.47053677
3,1,1,0.7067997
3,1,1,0.8869566
3,1,1,0.84805
3,0,0,0.38483408
3,1,1,0.6052394
3,1,1,0.64725995
3,0,1,0.6493376
3,1,1,0.7159894
3,1,1,0.66748965
3,0,1,0.6817457
3,1,1,0.67567074
3,0,1,0.65679014
3,1,1,0.64238703
3,0,1,0.5093002
3,0,1,0.59427935
3,1,1,0.91089195
3,1,1,0.6131112
3,0,0,0.4871096
3,1,0,0.29105315
3,1,1,0.5995168
3,1,1,0.7689488
3,0,1,0.5915629
3,0,1,0.6051454
3,0,0,0.4599581
3,1,0,0.42174175
3,0,1,0.73779994
3,0,0,0.45923284
3,0,1,0.6881913
3,1,1,0.5249881
3,1,1,0.56280977
3,1,0,0.44709328
3,0,0,0.36342114
3,0,0,0.38622952
3,0,0,0.41944894
3,1,0,0.4923747
3,1,1,0.7158133
3,0,0,0.4025633
3,1,1,0.9170479
3,1,1,0.6792082
3,0,0,0.3002313
3,0,1,0.5364826
3,0,0,0.34320137
3,1,1,0.61438656
3,0,0,0.31487522
3,1,1,0.79760903
3,0,1,0.5248019
3,0,1,0.516054
3,1,1,0.7243015
3,1,1,0.6626045
3,0,1,0.5179725
3,0,1,0.7673496
3,1,1,0.83361346
3,1,1,0.64226973
3,0,1,0.56958973
3,0,1,0.6847557
3,0,1,0.51783985
3,1,1,0.6843418
3,1,0,0.4918826
3,1,1,0.56011283
3,0,0,0.21353576
3,1,1,0.5101599
3,0,0,0.31685406
3,0,1,0.71697176
3,1,1,0.566867
3,0,0,0.10124233
3,1,1,0.7711979
3,1,1,0.8112908
3,0,1,0.63433564
3,1,0,0.35636416
3,0,0,0.49002022
3,1,1,0.55974585
3,1,1,0.5819938
3,1,0,0.44939265
3,0,1,0.6290867
3,1,1,0.7353311
3,0,0,0.48132992
3,1,1,0.68021464
3,0,0,0.41002595
3,0,0,0.31065345
3,1,1,0.6672323
3,1,0,0.37872007
3,1,1,0.535308
3,0,0,0.14081891
3,1,1,0.6089091
3,0,1,0.62181187
3,0,1,0.54939085
3,0,1,0.61760217
3,0,0,0.3805715
3,1,1,0.5171764
3,1,1,0.7732165
3,1,1,0.6888465
3,0,0,0.39326367
3,0,0,0.093353294
3,0,1,0.5303783
3,1,1,0.5216809
3,0,1,0.5281638
3,0,1,0.61807054
3,1,0,0.25788984
3,0,0,0.35125804
3,1,0,0.38893932
3,0,1,0.8229521
3,1,1,0.54507995
3,1,1,0.67028254
3,1,1,0.7874771
3,1,1,0.7210029
3,0,1,0.6413596
3,1,1,0.6956922
3,1,1,0.63501656
3,1,1,0.7642661
3,0,1,0.6076196
3,0,1,0.67617476
3,0,1,0.6372241
3,1,1,0.80707467
3,0,0,0.23334914
3,0,1,0.65289164
3,0,0,0.23593776
3,0,1,0.5736814
3,1,0,0.42553473
3,1,1,0.5633459
3,0,1,0.62854797
3,0,0,0.22878028
3,1,1,0.79914045
3,1,1,0.5059772
3,0,1,0.7256907
3,0,1,0.64043826
3,0,0,0.4976063
3,1,1,0.72665346
3,0,1,0.65071726
3,1,1,0.50854367
3,0,0,0.47272533
3,0,0,0.327999
3,0,0,0.22597028
3,1,0,0.49327463
3,1,1,0.55510676
3,1,0,0.368523
3,0,1,0.6450294
3,0,0,0.39353886
3,1,1,0.79243386
3,1,1,0.6084115
3,0,1,0.521642
3,0,0,0.26351303
3,0,0,0.26509577
3,0,0,0.21188955
3,1,1,0.69456285
3,1,0,0.36319968
3,1,1,0.55329144
3,0,1,0.70654535
3,0,1,0.57621765
3,1,1,0.62577224
3,1,1,0.55014384
3,1,1,0.88792694
3,0,0,0.34372702
3,0,0,0.20724833
3,1,0,0.36165687
3,0,1,0.5301217
3,1,1,0.5451606
3,1,1,0.7032118
3,1,0,0.36382082
3,0,0,0.40531796
3,1,1,0.7531249
3,0,0,0.18417947
3,0,0,0.079916276
3,1,1,0.8736395
3,1,1,0.6202431
3,0,1,0.8281083
3,1,1,0.6675417
3,0,1,0.80957884
3,0,0,0.40249023
3,1,1,0.8723184
3,1,1,0.74739254
3,0,0,0.27782676
3,1,1,0.57126915
3,1,0,0.35399204
3,0,1,0.6213502
3,0,1,0.55983835
3,1,1,0.78473526
3,1,0,0.39349514
3,1,0,0.3114839
3,0,1,0.61406106
3,1,1,0.6235186
3,0,0,0.17965087
3,0,1,0.58162457
3,0,0,0.094633095
3,0,1,0.63941705
3,0,0,0.44851887
3,1,0,0.21153094
3,1,1,0.57213086
3,1,1,0.59201795
3,0,0,0.20836042
3,0,0,0.4296058
3,0,1,0.6271464
3,1,1,0.8436697
3,1,1,0.72826123
3,1,0,0.3069173
3,1,1,0.6241395
3,0,0,0.34872842
3,0,0,0.280213
3,1,1,0.5605896
3,0,1,0.6827204
3,0,1,0.6167189
3,0,1,0.6232193
3,0,1,0.6610724
3,0,0,0.28375423
3,1,1,0.60487145
3,0,1,0.6218702
3,0,0,0.47032872
3,1,1,0.57088304
3,1,0,0.35757035
3,0,0,0.14992143
3,0,0,0.09623787
3,1,0,0.3609585
3,1,0,0.44452488
3,0,0,0.39832285
3,0,0,0.33980742
3,0,0,0.48190457
3,1,0,0.34335735
3,0,0,0.05196709
3,0,0,0.3860762
3,1,0,0.18170273
3,0,0,0.33769235
3,0,0,0.3568539
3,1,0,0.40396678
3,0,0,0.42756277
3,1,1,0.63651085
3,0,0,0.24710096
3,1,1,0.63236415
3,1,0,0.46152413
3,0,1,0.54597473
3,1,1,0.7527693
3,1,1,0.5218701
3,1,1,0.73993313
3,0,0,0.43739522
3,0,0,0.4598135
3,0,1,0.50031954
3,0,0,0.32648036
3,0,1,0.85488135
3,1,0,0.27793366
3,1,0,0.42339084
3,0,0,0.29082307
3,0,1,0.73334914
3,1,1,0.59010214
3,1,0,0.4569977
3,0,1,0.6002599
3,0,0,0.29215297
3,0,1,0.6006788
3,1,0,0.43388727
3,1,1,0.73037297
3,0,1,0.6218119
3,1,1,0.6926882
3,0,1,0.7501762
3,1,1,0.864422
3,1,1,0.68252337
3,0,0,0.26114243
3,1,1,0.6181141
3,0,1,0.6230187
3,1,1,0.72341543
3,1,1,0.81988174
3,1,1,0.7873624
3,1,1,0.69812334
3,0,1,0.76084995
3,0,0,0.086579666
3,1,1,0.8401819
3,1,1,0.6206769
3,0,0,0.40292257
3,0,1,0.5898474
3,1,1,0.66067725
3,1,1,0.69657296
3,1,1,0.66820467
3,1,1,0.5795313
3,1,1,0.6800594
3,0,0,0.3227701
3,1,1,0.54333264
3,1,0,0.4898688
3,1,0,0.46575373
3,0,0,0.39606023
3,0,0,0.39989325
3,0,1,0.62890387
3,0,1,0.5991132
3,1,0,0.4947386
3,0,0,0.20927282
3,1,1,0.50384104
3,1,0,0.42888275
3,0,1,0.5554037
3,1,1,0.5049566
3,0,0,0.36552468
3,0,0,0.14961086
3,0,0,0.13129392
3,1,0,0.41675457
3,0,0,0.47904032
3,1,0,0.41820875
3,0,0,0.34339258
3,1,0,0.29507044
3,0,0,0.17452376
3,0,0,0.48928496
3,0,0,0.09276441
3,0,0,0.38037473
3,0,1,0.533454
3,0,1,0.53762156
3,1,0,0.4041646
3,0,0,0.42050347
3,0,0,0.08129429
3,1,0,0.49995247
3,0,0,0.37477875
3,0,1,0.5446285
3,0,1,0.61739737
3,1,1,0.60008866
3,1,1,0.6679393
3,1,0,0.35780957
3,0,0,0.31353727
3,0,0,0.2780814
3,1,0,0.39398894
3,1,0,0.4936019
3,0,0,0.32967955
3,1,1,0.56588495
3,1,0,0.19782293
3,0,1,0.50704867
3,0,0,0.48865125
3,1,0,0.19200318
3,0,0,0.36725593
3,0,0,0.32426187
3,1,1,0.837866
3,0,1,0.6207782
3,1,0,0.32968822
3,0,0,0.16067962
3,1,0,0.3939765
3,0,1,0.54903173
3,1,1,0.74171877
3,0,0,0.2601785
3,1,0,0.27487925
3,1,0,0.37090507
3,0,0,0.31244525
3,0,0,0.20889075
3,0,0,0.29482645
3,0,0,0.18395592
3,0,0,0.07877885
3,1,1,0.8644734
3,1,1,0.7633732
3,1,1,0.79821503
3,0,1,0.7283748
3,1,1,0.7348077
3,1,1,0.6373185
3,0,1,0.5618203
3,0,1,0.6152474
3,0,0,0.30656785
3,1,1,0.748206
3,1,1,0.53988105
3,0,1,0.7729319
3,1,1,0.65346223
3,1,1,0.6591207
3,1,1,0.7840711
3,1,1,0.74971014
3,0,1,0.6193301
3,0,0,0.23207903
3,0,0,0.35252717
3,0,1,0.52862525
3,1,1,0.82672083
3,1,1,0.5534261
3,0,1,0.5269963
3,0,1,0.61226004
3,0,0,0.31046996
3,0,0,0.2070425
3,0,1,0.64043653
3,1,1,0.6348176
3,1,0,0.29660523
3,0,1,0.7405977
3,1,1,0.65278405
3,1,1,0.75143266
3,1,0,0.46934745
3,0,0,0.2811517
3,1,0,0.46628594
3,1,1,0.5145
3,0,0,0.14036733
3,0,0,0.3557559
3,1,0,0.42423663
3,0,0,0.46735263
3,0,0,0.47328705
3,0,0,0.17081134
3,0,1,0.62938416
3,1,1,0.8089812
3,1,1,0.68627274
3,1,1,0.67060196
3,1,0,0.35296825
3,0,0,0.47500935
3,0,0,0.07103101
3,0,1,0.8687929
3,0,0,0.102401726
3,1,1,0.69813246
3,1,1,0.52311647
3,0,0,0.36597893
3,1,1,0.8163756
3,1,1,0.50454515
3,0,1,0.61257845
3,1,0,0.48386925
3,0,1,0.56319857
3,0,0,0.15139453
3,0,0,0.39772528
3,1,0,0.45929223
3,0,1,0.91817725
3,0,1,0.6693501
3,1,0,0.39717728
3,1,1,0.81351626
3,0,0,0.48067686
3,0,0,0.4928882
3,1,1,0.60801494
3,1,1,0.92206055
3,1,1,0.6444574
3,1,1,0.6110325
3,1,1,0.59648925
3,0,1,0.69321096
3,0,0,0.328337
3,0,1,0.58181494
3,1,1,0.5390609
3,0,1,0.8121727
3,0,1,0.6676721
3,1,1,0.5548967
3,1,1,0.6687165
3,1,0,0.3381034
3,1,0,0.2472097
3,0,1,0.5860194
3,1,0,0.43790066
3,0,0,0.37532935
3,0,0,0.10071253
3,0,0,0.09202874
3,1,1,0.5235021
3,0,1,0.505522
3,0,1,0.5629873
3,1,1,0.75622964
3,1,1,0.5269245
3,1,1,0.7383121
3,0,0,0.3283536
3,1,0,0.30269697
3,1,0,0.48593163
3,1,0,0.42371374
3,1,1,0.72308636
3,0,0,0.38265792
3,1,1,0.6918949
3,1,1,0.6073841
3,0,1,0.5188029
3,0,0,0.42724717
3,0,0,0.32197928
3,0,0,0.18737376
3,1,1,0.7086401
3,1,1,0.69818354
3,0,0,0.47691044
3,0,0,0.18901715
3,0,1,0.5385734
3,1,0,0.34689453
3,1,0,0.3111407
3,0,1,0.74683267
3,0,0,0.3664371
3,0,1,0.59365857
3,0,0,0.36465943
3,0,1,0.54212785
3,0,0,0.38722727
3,1,1,0.56025
3,1,1,0.5878845
3,1,0,0.3989365
3,0,0,0.3324283
3,1,1,0.8070031
3,1,1,0.6794594
3,0,0,0.37789467
3,1,1,0.6305311
3,0,0,0.35629207
3,0,0,0.45463753
3,1,1,0.663307
3,1,1,0.57504004
3,0,0,0.35645595
3,0,0,0.17172581
3,0,0,0.4700071
3,0,1,0.66027284
3,1,1,0.88786584
3,1,1,0.6526733
3,0,0,0.492837
3,1,1,0.82947135
3,1,1,0.8792931
3,0,1,0.8855155
3,1,1,0.7061167
3,1,1,0.7408868
3,1,1,0.9151087
3,1,1,0.62021506
3,1,1,0.70652163
3,0,0,0.38754186
3,0,0,0.4779645
3,1,1,0.72580546
3,0,1,0.53278327
3,0,1,0.66377884
3,1,1,0.50065684
3,1,1,0.63014257
3,1,1,0.53658265
3,1,1,0.6972429
3,0,0,0.48614523
3,1,1,0.6620675
3,1,1,0.5474458
3,1,1,0.805463
3,0,1,0.63143605
3,0,0,0.16127528
3,0,1,0.76529706
3,0,0,0.40129516
3,1,0,0.48970708
3,0,1,0.7037765
3,1,0,0.46098372
3,0,0,0.23237939
3,1,1,0.5090101
3,0,0,0.27621573
3,0,1,0.8241599
3,1,0,0.39219755
3,1,1,0.80159175
3,0,1,0.70838493
3,0,0,0.27995652
3,1,1,0.87956846
3,1,0,0.36005762
3,0,0,0.49581742
3,1,1,0.81303185
3,0,0,0.21844642
3,1,1,0.73958164
3,1,1,0.7128666
3,0,1,0.7655024
3,0,0,0.35292754
3,0,1,0.6290838
3,1,1,0.71593493
3,0,1,0.5961326
3,0,0,0.24220723
3,1,1,0.6360874
3,1,1,0.6466247
3,1,1,0.50317615
3,0,0,0.35924584
3,0,0,0.2806392
3,0,0,0.35512176
3,0,0,0.40004787
3,1,0,0.18284425
3,1,1,0.5962027
3,1,1,0.5150243
3,0,0,0.4596927
3,0,1,0.6339552
3,0,1,0.66595876
3,1,1,0.8877312
3,0,0,0.23651029
3,1,1,0.7896844
3,0,1,0.5575436
3,1,1,0.69451034
3,0,0,0.40761355
3,1,0,0.38510036
3,0,1,0.76524794
3,0,0,0.38203782
3,1,1,0.70937604
3,0,0,0.43855676
3,1,1,0.76711076
3,0,1,0.6241395
3,0,1,0.5605896
3,1,1,0.65643245
3,1,1,0.7816596
3,0,0,0.2355676
3,1,1,0.57917166
3,1,1,0.8406157
3,1,0,0.36279282
3,0,0,0.49506786
3,0,0,0.41284865
3,1,1,0.9023512
3,1,1,0.7813419
3,0,1,0.62940896
3,1,1,0.60018164
3,1,1,0.6077408
3,1,1,0.68657285
3,1,1,0.6046839
3,1,1,0.65152043
3,0,1,0.5059408
3,1,1,0.50699526
3,0,0,0.4777127
3,1,1,0.67896235
3,0,1,0.62840843
3,0,1,0.5220212
3,1,1,0.6448432
3,1,0,0.43355003
3,0,0,0.35421634
3,0,0,0.498578
3,0,1,0.5343998
3,1,1,0.8316578
3,1,1,0.82575047
3,0,1,0.57223463
3,0,1,0.5760135
3,1,1,0.5694896
3,0,0,0.38377377
3,0,0,0.21874508
3,0,0,0.41736183
3,0,0,0.4530181
3,0,0,0.42354414
3,1,1,0.53094596
3,1,0,0.4663423
3,1,1,0.815142
3,1,1,0.6899045
3,0,1,0.624262
3,0,1,0.590001
3,0,0,0.17106776
3,0,0,0.3914704
3,1,1,0.75273925
3,0,0,0.20373845
3,1,1,0.78853106
3,0,1,0.68126774
3,1,1,0.7341261
3,1,1,0.748201
3,1,1,0.5572518
3,0,0,0.43140677
3,1,1,0.5233854
3,1,0,0.44901443
3,1,0,0.38330492
3,0,1,0.53845125
3,0,1,0.6131419
3,1,1,0.6845494
3,1,1,0.53850204
3,1,1,0.7353284
3,1,1,0.5117314
3,0,1,0.60402685
3,0,0,0.43458152
3,0,0,0.33454782
3,1,0,0.4618037
3,0,0,0.2950366
3,0,1,0.6342874
3,0,1,0.6058072
3,1,1,0.79180914
3,1,0,0.41035646
3,0,0,0.07566034
3,0,1,0.533379
3,0,0,0.40991798
3,0,0,0.15834773
3,1,1,0.6470182
3,0,0,0.28001916
3,1,0,0.34863496
3,1,0,0.4009826
3,1,0,0.2709934
3,1,0,0.36950925
3,0,0,0.18199062
3,0,0,0.4836601
3,0,1,0.59018826
3,0,1,0.5028076
3,0,0,0.35333398
3,0,1,0.6885949
3,0,1,0.7189954
3,1,1,0.5779324
3,1,1,0.5380157
3,1,0,0.49246445
3,0,0,0.27995944
3,1,1,0.5962762
3,0,1,0.51707107
3,1,1,0.72246367
3,0,0,0.31466615
3,1,1,0.60049427
3,0,0,0.39225292
3,0,0,0.45270562
3,0,0,0.49903506
3,0,0,0.4885455
3,1,1,0.9237549
3,0,1,0.6482902
3,0,0,0.40700966
3,0,1,0.6291617
3,1,1,0.67961276
3,1,1,0.8066862
3,0,1,0.6617729
3,0,0,0.4550447
3,0,1,0.6249653
3,1,1,0.67232734
3,1,1,0.8942531
3,1,1,0.7498976
3,0,0,0.3290129
3,1,1,0.6973459
3,0,1,0.7670558
3,0,0,0.4475498
3,1,1,0.63176525
3,1,1,0.6052492
3,0,0,0.3578486
3,1,1,0.6035945
3,0,0,0.3015414
3,1,1,0.8381613
3,0,1,0.61056495
3,1,0,0.43999982
3,1,1,0.64632815
3,1,1,0.6922668
3,1,1,0.7435474
3,0,0,0.14192326
3,0,0,0.48553964
3,1,1,0.80858797
3,1,0,0.43616733
3,0,0,0.40307042
3,0,0,0.4565066
3,1,1,0.5279552
3,0,1,0.67900276
3,0,1,0.53805184
3,0,0,0.2528013
3,0,0,0.36223775
3,0,1,0.52978504
3,0,0,0.1640732
3,1,1,0.6141193
3,1,0,0.34181458
3,1,0,0.13094154
3,0,1,0.5099922
3,0,1,0.64358354
3,1,1,0.61390096
3,1,1,0.5871904
3,1,1,0.61012274
3,0,0,0.17589486
3,0,0,0.4983331
3,0,0,0.3999552
3,0,1,0.7324308
3,1,1,0.67207605
3,1,1,0.62082577
3,1,1,0.6062772
3,1,1,0.56232584
3,1,0,0.4236811
3,1,1,0.5026825
3,1,1,0.58839405
3,0,1,0.5466213
3,0,0,0.41082558
3,1,1,0.72067463
3,1,1,0.68579304
3,0,0,0.48398373
3,0,1,0.62312526
3,0,0,0.28325784
3,0,0,0.2949954
3,0,1,0.50341654
3,0,0,0.11285589
3,1,1,0.81020504
3,1,1,0.69041646
3,1,1,0.56667364
3,1,1,0.6906431
3,0,1,0.58219963
3,1,1,0.7053131
3,0,0,0.13396254
3,0,0,0.15937199
3,1,1,0.71866643
3,0,0,0.48952982
3,0,0,0.36839634
3,0,1,0.53352755
3,0,0,0.19146109
3,1,0,0.47996962
3,0,1,0.7401019
3,1,0,0.4598139
3,0,0,0.38208175
3,1,1,0.5142953
3,1,1,0.5744585
3,0,0,0.3944057
3,0,1,0.93183106
3,0,0,0.45615858
3,1,1,0.62842405
3,0,0,0.4538034
3,0,0,0.4541578
3,0,1,0.59208584
3,1,1,0.6389346
3,0,1,0.7580266
3,1,0,0.49757633
3,0,1,0.5250218
3,0,1,0.56206614
3,1,1,0.5609671
3,1,1,0.64924484
3,0,1,0.52013266
3,1,1,0.7086347
3,1,1,0.5530498
3,1,0,0.4119626
3,0,1,0.5496682
3,1,0,0.39253506
3,1,1,0.5120119
3,1,1,0.6407192
3,0,0,0.38857323
3,1,1,0.5485809
3,0,1,0.59543014
3,0,0,0.25066504
3,0,1,0.6535081
3,1,1,0.5774273
3,0,0,0.42287615
3,1,0,0.30320284
3,0,0,0.37715364
3,0,0,0.42540476
3,0,1,0.5967326
3,0,0,0.14127372
3,1,1,0.8849403
3,1,1,0.6884161
3,1,1,0.6363865
3,0,0,0.34909073
3,1,1,0.8229504
3,0,1,0.71533114
3,1,1,0.65983915
3,0,1,0.5635675
3,1,1,0.7344749
3,1,1,0.71456057
3,0,0,0.21773489
3,0,1,0.745918
3,0,0,0.10942294
3,1,1,0.6028329
3,0,1,0.73059326
3,0,0,0.47754052
3,0,1,0.8577379
3,1,1,0.86116964
3,0,1,0.63568795
3,0,0,0.48607224
3,1,1,0.68016523
3,0,1,0.55019957
3,1,1,0.66114014
3,1,1,0.7879024
3,0,1,0.53956825
3,0,0,0.24050881
3,1,1,0.85127294
3,0,1,0.61415464
3,0,1,0.5878873
3,1,0,0.16086262
3,0,1,0.7489233
3,0,0,0.4807366
3,1,0,0.40837693
3,0,1,0.7255574
3,0,0,0.29139587
3,1,1,0.7299248
3,1,1,0.53888774
3,1,0,0.45521834
3,0,0,0.31499502
3,0,1,0.68002295
3,0,0,0.3440824
3,1,1,0.6554277
3,1,0,0.41351485
3,1,1,0.6050064
3,0,0,0.38964757
3,1,1,0.6557859
3,0,0,0.22822393
3,1,0,0.47865856
3,1,0,0.32810494
3,1,0,0.4473023
3,0,1,0.71283275
3,1,0,0.37900195
3,0,1,0.54061806
3,0,0,0.35962355
3,0,1,0.6573982
3,0,1,0.74657434
3,0,0,0.39493784
3,0,1,0.6586279
3,0,1,0.702943
3,1,1,0.61626345
3,1,0,0.41182414
3,0,0,0.49974322
3,1,1,0.6374079
3,0,1,0.6094174
3,0,0,0.33336478
3,1,1,0.69160736
3,1,1,0.66810644
3,1,1,0.6173663
3,1,1,0.7632202
3,1,1,0.51007724
3,1,1,0.56665236
3,1,1,0.7437849
3,1,1,0.737144
3,0,1,0.51363957
3,0,1,0.7128235
3,1,1,0.5123387
3,1,1,0.6815421
3,0,1,0.645508
3,0,0,0.37836105
3,0,1,0.51079714
3,1,0,0.44508147
3,1,1,0.69698745
3,1,1,0.53892845
3,1,1,0.61169815
3,1,1,0.6692033
3,0,0,0.49956608
3,1,1,0.6442679
3,0,1,0.51023173
3,1,1,0.59345907
3,1,1,0.7545904
3,0,1,0.5830822
3,0,0,0.31574103
3,1,1,0.8668875
3,0,1,0.54338986
3,1,1,0.50646454
3,0,0,0.10142066
3,0,0,0.3901996
3,0,1,0.70877266
3,1,0,0.23977582
3,0,0,0.08575013
3,1,0,0.4797582
3,1,1,0.5484452
3,0,1,0.5719689
3,0,1,0.6049594
3,1,0,0.3971917
3,0,1,0.62735105
3,1,1,0.663866
3,0,1,0.63612425
3,1,1,0.68799454
3,1,1,0.6185475
3,1,1,0.6600278
3,0,0,0.4458918
3,1,1,0.657275
3,0,0,0.2682677
3,0,1,0.50785655
3,0,0,0.1580588
3,0,1,0.6037611
3,0,1,0.61765814
3,0,0,0.23358153
3,0,0,0.18088043
3,0,1,0.68853515
3,1,0,0.1907654
3,1,1,0.6079352
3,0,0,0.46861264
3,1,0,0.41767108
3,0,0,0.44665077
3,1,1,0.5972802
3,1,0,0.40183535
3,1,0,0.37386283
3,0,0,0.34376714
3,0,1,0.5118614
3,1,1,0.6690322
3,1,1,0.64145136
3,1,1,0.83406234
3,1,1,0.53247935
3,0,1,0.5642236
3,1,1,0.6131089
3,1,0,0.13649763
3,1,0,0.42712292
3,0,0,0.13615733
3,1,0,0.39421856
3,1,1,0.59578264
3,0,1,0.69797146
3,0,0,0.35788628
3,1,1,0.5232875
3,0,1,0.54665375
3,1,1,0.84603196
3,0,0,0.4985909
3,1,1,0.7570422
3,1,0,0.2504742
3,1,0,0.4488356
3,1,1,0.7638115
3,0,1,0.6432603
3,0,1,0.62896544
3,0,0,0.2922816
3,0,0,0.47486135
3,0,0,0.350344
3,1,0,0.45501274
3,0,0,0.19225931
3,1,1,0.8206899
3,1,1,0.5807938
3,1,1,0.6363234
3,1,1,0.6110646
3,1,1,0.6198455
3,1,1,0.7268392
3,1,1,0.5943334
3,1,0,0.46297792
3,0,1,0.56739813
3,1,1,0.71947414
3,0,0,0.4536246
3,0,0,0.1634319
3,0,1,0.5137337
3,1,0,0.29422182
3,0,1,0.60166144
3,0,0,0.3823543
3,0,0,0.48426652
3,1,0,0.39541167
3,1,1,0.51704377
3,1,0,0.43920234
3,0,0,0.3775206
3,0,0,0.43894625
3,0,0,0.46454972
3,1,1,0.6261702
3,1,1,0.67209905
3,1,1,0.6811408
3,1,1,0.7013772
3,1,0,0.31433952
3,1,1,0.6116513
3,0,1,0.5075214
3,0,0,0.23851559
3,1,1,0.71348625
3,0,0,0.4496615
3,1,0,0.3611487
3,0,1,0.7020665
3,1,1,0.7360118
3,0,1,0.58854425
3,1,1,0.55506754
3,1,1,0.5773312
3,1,1,0.6930331
3,1,0,0.10207424
3,1,0,0.48367617
3,1,0,0.4970761
3,0,0,0.14817753
3,0,0,0.29605058
3,0,1,0.55814654
3,1,1,0.91097236
3,0,0,0.4879809
3,1,1,0.62706184
3,1,0,0.3936939
3,1,0,0.39724198
3,0,1,0.55798364
3,0,1,0.7065862
3,1,1,0.8894618
3,0,0,0.42175072
3,1,0,0.46967658
3,1,1,0.8181959
3,0,0,0.18685724
3,1,0,0.38023317
3,0,0,0.26701167
3,1,1,0.8596083
3,0,0,0.33554912
3,1,0,0.39919534
3,1,1,0.6410874
3,0,0,0.2838132
3,1,1,0.87316626
3,0,0,0.4419195
3,1,1,0.5236413
3,0,0,0.44120422
3,1,1,0.5313861
3,0,1,0.6200205
3,0,0,0.40386707
3,1,0,0.38687027
3,0,1,0.77734166
3,0,0,0.41526374
3,0,1,0.63619035
3,1,1,0.56023186
3,1,0,0.28202325
3,0,0,0.44684565
3,0,0,0.30285773
3,0,0,0.38169244
3,0,0,0.12891148
3,0,1,0.5264185
3,0,0,0.32304513
3,1,0,0.39878193
3,1,0,0.35189974
3,1,1,0.7321952
3,1,1,0.61878276
3,1,1,0.5223854
3,1,1,0.6488703
3,0,1,0.545024
3,0,0,0.37079522
3,0,0,0.3723056
3,0,1,0.6328512
3,0,1,0.5239751
3,0,1,0.71135086
3,1,1,0.63412774
3,1,1,0.6372262
3,1,1,0.73690444
3,0,1,0.6029557
3,1,0,0.30125678
3,0,0,0.33255053
3,0,0,0.3724278
3,1,1,0.84465325
3,0,1,0.6083017
3,1,1,0.8217932
3,0,1,0.5107618
3,1,1,0.8073476
3,1,1,0.6375383
3,0,0,0.3601435
3,0,0,0.47963303
3,0,0,0.4694893
3,1,1,0.7682201
3,0,1,0.6051614
3,1,0,0.45354074
3,0,1,0.61552244
3,1,1,0.67975324
3,0,0,0.1500515
3,1,1,0.89869547
3,1,1,0.6121934
3,1,1,0.6212073
3,0,0,0.3954903
3,1,0,0.46863714
3,1,1,0.5442523
3,0,1,0.52163297
3,0,0,0.1808003
3,0,0,0.3741917
3,0,1,0.7508507
3,1,1,0.55160356
3,0,0,0.33231792
3,1,1,0.5037275
3,1,1,0.50025564
3,1,1,0.6085996
3,0,1,0.5338103
3,0,1,0.66824245
3,0,1,0.60030705
3,1,1,0.8015321
3,0,1,0.600688
3,0,0,0.22782665
3,0,1,0.67334616
3,0,0,0.30528536
3,1,1,0.63638616
3,0,1,0.6617252
3,0,0,0.40889037
3,1,1,0.55187577
3,0,0,0.4308307
3,0,0,0.42778137
3,0,0,0.25733945
3,1,1,0.64479303
3,1,0,0.46108168
3,1,0,0.47481084
3,1,1,0.6371774
3,0,0,0.26621723
3,0,1,0.52438825
3,0,0,0.33566898
3,0,0,0.2965257
3,1,1,0.8517583
3,1,1,0.5270515
3,0,0,0.094958335
3,0,0,0.35971925
3,1,0,0.49234244
3,0,0,0.17229599
3,1,0,0.49725834
3,1,0,0.19716488
3,1,1,0.8250559
3,1,0,0.36670387
3,1,1,0.64479023
3,0,1,0.5760869
3,1,0,0.42886332
3,1,0,0.48783547
3,0,0,0.48520276
3,0,0,0.27086994
3,0,0,0.45585802
3,0,0,0.43225485
3,1,1,0.70328337
3,1,1,0.7004308
3,1,1,0.841896
3,1,0,0.34033728
3,1,0,0.3300916
3,0,1,0.61098576
3,0,1,0.5739473
3,0,1,0.5374964
3,0,1,0.65546936
3,0,0,0.29310223
3,1,0,0.4355138
3,0,1,0.71740526
3,1,1,0.7136529
3,1,0,0.4484286
3,0,0,0.28579336
3,1,0,0.22918122
3,0,0,0.27027887
3,1,0,0.199621
3,0,0,0.34028122
3,1,0,0.38395315
3,0,0,0.19888365
3,1,0,0.33392817
3,1,0,0.14129879
3,0,0,0.45289618
3,0,1,0.6243304
3,1,0,0.44292548
3,0,0,0.39706534
3,0,0,0.1615237
3,1,0,0.2416422
3,1,1,0.58016694
3,1,0,0.4896676
3,0,1,0.5515919
3,0,0,0.12989837
3,1,0,0.4758445
3,0,0,0.25644782
3,0,0,0.19489174
3,0,0,0.26781687
3,1,0,0.4024268
3,0,1,0.56246114
3,0,1,0.61949056
3,0,1,0.6512093
3,0,1,0.5360838
3,1,1,0.6265902
3,1,1,0.5457899
3,1,1,0.6551285
3,0,1,0.5554785
3,0,0,0.30532318
3,0,0,0.081082515
3,1,1,0.8325126
3,0,1,0.5199314
3,1,0,0.31076223
3,0,1,0.6761144
3,1,0,0.47081256
3,0,1,0.52675086
3,1,1,0.57124954
3,0,0,0.4343075
3,1,1,0.830042
3,1,1,0.56377584
3,0,0,0.46137416
3,1,1,0.769487
3,0,0,0.4389554
3,0,0,0.4799588
3,0,0,0.4064594
3,1,1,0.7311318
3,0,0,0.25615078
3,0,1,0.6757422
3,0,1,0.5796639
3,1,1,0.6813813
3,1,1,0.6758642
3,0,1,0.6862019
3,1,1,0.65295947
3,0,1,0.71261907
3,1,1,0.76505005
3,1,1,0.6916452
3,1,1,0.6111452
3,1,1,0.6304508
3,1,1,0.78249985
3,1,1,0.6629012
3,1,1,0.71434027
3,0,0,0.41068092
3,1,1,0.7166775
3,1,1,0.5652213
3,0,0,0.28671202
3,1,1,0.55058146
3,0,1,0.6622155
3,0,1,0.583196
3,0,1,0.56106395
3,0,0,0.42485088
3,0,0,0.33383644
3,1,1,0.53060746
3,1,0,0.28102037
3,1,0,0.25828195
3,1,0,0.26152852
3,0,0,0.39154527
3,0,0,0.17253798
3,0,0,0.26802653
3,1,1,0.78342736
3,1,1,0.7846484
3,1,1,0.50192213
3,1,1,0.8161107
3,1,1,0.58230686
3,1,1,0.6983036
3,0,0,0.30009925
3,0,1,0.6649246
3,0,0,0.46374494
3,0,1,0.7234153
3,0,1,0.5196214
3,0,1,0.72509664
3,0,0,0.33907667
3,0,0,0.4813604
3,1,1,0.64422846
3,1,1,0.72930646
3,1,1,0.87459654
3,0,0,0.411979
3,0,0,0.3887579
3,0,1,0.70059025
3,0,0,0.11064089
3,0,0,0.48035178
3,0,0,0.37253752
3,0,0,0.35007155
3,1,1,0.81609297
3,0,1,0.57165366
3,1,1,0.6167543
3,1,1,0.7527832
3,0,0,0.28406024
3,1,1,0.80239284
3,0,0,0.35725212
3,0,1,0.6057424
3,1,1,0.6986479
3,0,0,0.4012731
3,1,1,0.6488198
3,0,1,0.5096701
3,1,1,0.5068178
3,0,1,0.7111004
3,0,1,0.7100159
3,1,0,0.43082967
3,0,1,0.5151129
3,0,1,0.8171219
3,1,1,0.7786367
3,1,1,0.6546493
3,0,0,0.46167085
3,1,1,0.66442937
3,0,0,0.3652248
3,1,0,0.47252694
3,0,0,0.34076053
3,0,1,0.69175345
3,1,1,0.75993526
3,0,0,0.49068406
3,1,1,0.5634743
3,1,1,0.6055113
3,0,1,0.69036204
3,0,0,0.43846765
3,1,1,0.66381943
3,0,1,0.7036824
3,1,1,0.7128341
3,0,1,0.52266455
3,1,1,0.58758205
3,1,1,0.84151214
3,1,1,0.54849136
3,1,1,0.6484827
3,1,1,0.5458944
3,0,1,0.517131
3,0,0,0.42656788
3,0,1,0.60536885
3,1,1,0.6332612
3,1,1,0.7490891
3,1,1,0.6458999
3,0,0,0.43248835
3,1,1,0.5965619
3,0,0,0.4147594
3,1,1,0.84740233
3,1,1,0.6039226
3,1,1,0.6104544
3,0,1,0.52134705
3,0,0,0.40697023
3,0,1,0.51542777
3,0,1,0.62850744
3,1,1,0.6391749
3,0,0,0.1734184
3,1,1,0.7504285
3,1,1,0.6380172
3,1,0,0.3215863
3,0,0,0.35305935
3,0,1,0.7151521
3,0,0,0.32117033
3,0,0,0.2947778
3,1,1,0.51705086
3,1,1,0.76827663
3,1,0,0.4127713
3,1,1,0.7229178
3,1,1,0.7358525
3,1,1,0.6325895
3,1,1,0.6026032
3,0,0,0.4936928
3,1,0,0.30252644
3,0,0,0.40837362
3,0,0,0.2697775
3,0,0,0.2938783
3,1,0,0.4703806
3,1,1,0.73522836
3,0,0,0.3061398
3,0,0,0.2684649
3,1,1,0.58106136
3,0,0,0.38032332
3,0,0,0.19491605
3,0,1,0.5199545
3,1,0,0.28824618
3,0,0,0.4165958
3,0,0,0.2516632
3,1,1,0.6624135
3,0,0,0.34185466
3,0,0,0.18244398
3,1,0,0.3567662
3,0,1,0.63998073
3,1,0,0.42129296
3,0,1,0.7863628
3,0,0,0.460401
3,1,1,0.6917271
3,0,0,0.33263457
3,1,0,0.3491763
3,0,1,0.6931187
3,0,0,0.40169388
3,1,1,0.6838116
3,1,1,0.7601465
3,0,1,0.5729952
3,0,0,0.3996523
3,1,1,0.7427772
3,0,1,0.52484655
3,0,1,0.52026343
3,0,0,0.36129633
3,0,0,0.23259768
3,1,1,0.7877795
3,1,1,0.5198224
3,1,1,0.59870124
3,0,1,0.5073503
3,1,1,0.85821325
3,1,1,0.541969
3,0,0,0.49260658
3,0,0,0.271789
3,1,1,0.5620209
3,1,0,0.24088672
3,1,1,0.6119738
3,0,0,0.49898124
3,0,0,0.46636152
3,0,1,0.56473136
3,0,1,0.53388715
3,1,1,0.74565154
3,1,1,0.6327058
3,1,1,0.70468307
3,0,1,0.62876266
3,1,1,0.6779606
3,0,0,0.24301685
3,0,1,0.72584987
3,1,1,0.570154
3,1,1,0.5944981
3,0,0,0.4523994
3,1,1,0.5674909
3,0,0,0.43411273
3,0,1,0.5142582
3,1,1,0.7973885
3,0,1,0.7117397
3,0,0,0.44838628
3,0,0,0.2506765
3,0,0,0.3907646
3,1,1,0.5464333
3,1,0,0.47176728
3,0,0,0.25364226
3,1,0,0.43617302
3,0,0,0.22030976
3,0,0,0.36630768
3,0,1,0.57610327
3,1,0,0.47166866
3,0,1,0.6752492
3,1,1,0.52520776
3,0,0,0.1205937
3,1,1,0.6409839
3,1,0,0.17791219
3,0,0,0.31029546
3,1,1,0.9213397
3,0,1,0.6444571
3,1,1,0.5101536
3,1,1,0.58314425
3,1,1,0.6702341
3,1,1,0.6804642
3,1,1,0.8708887
3,0,1,0.70081294
3,1,1,0.74793977
3,1,1,0.7207313
3,1,0,0.46491733
3,0,1,0.6468978
3,1,0,0.33220646
3,0,0,0.42915288
3,0,1,0.5884175
3,1,1,0.8497011
3,1,1,0.56616867
3,0,1,0.5311513
3,0,1,0.62927204
3,1,0,0.48189193
3,0,0,0.28312472
3,1,1,0.693327
3,0,1,0.51672643
3,1,0,0.47131926
3,0,0,0.320771
3,0,0,0.17866611
3,1,0,0.3837155
3,0,1,0.7000309
3,1,1,0.65488195
3,0,1,0.7842599
3,0,0,0.40108553
3,0,1,0.5852378
3,1,1,0.55730015
3,1,1,0.6091091
3,0,1,0.5685492
3,1,1,0.785489
3,0,0,0.3980727
3,1,1,0.6281067
3,0,0,0.40464464
3,1,1,0.72414976
3,1,1,0.6907144
3,0,1,0.6280565
3,1,1,0.8740094
3,1,1,0.5858555
3,0,0,0.13618508
3,0,0,0.4571125
3,1,1,0.5284484
3,0,0,0.26672712
3,0,0,0.2503352
3,0,1,0.54072714
3,1,1,0.841442
3,0,0,0.4908344
3,1,0,0.38730696
3,0,0,0.40552363
3,1,1,0.8106081
3,0,0,0.42937732
3,0,0,0.27167815
3,0,0,0.2584579
3,0,1,0.5977257
3,0,1,0.5703879
3,1,1,0.7244625
3,1,1,0.5987288
3,1,1,0.60538375
3,1,1,0.7194144
3,0,0,0.34540725
3,0,1,0.6443897
3,0,0,0.3280665
3,1,0,0.4265578
3,1,1,0.763455
3,1,1,0.61733496
3,1,1,0.6736292
3,0,0,0.24438795
3,1,1,0.6695609
3,0,0,0.19762269
3,1,1,0.5852292
3,0,0,0.3574164
3,0,1,0.72997636
3,0,0,0.22176266
3,1,0,0.4764615
3,0,0,0.35905114
3,0,0,0.28887457
3,1,1,0.64842963
3,0,1,0.6485082
3,1,1,0.7782977
3,1,1,0.7547233
3,1,1,0.7474928
3,1,1,0.7335649
3,0,1,0.71465147
3,1,1,0.6476501
3,0,1,0.62204826
3,1,1,0.7571127
3,1,1,0.64407945
3,0,0,0.25971437
3,1,1,0.78913087
3,1,1,0.71758133
3,1,1,0.84812236
3,0,1,0.5334607
3,0,1,0.55650276
3,0,1,0.5861428
3,1,1,0.70217633
3,1,1,0.62428695
3,0,1,0.6488886
3,1,1,0.7129838
3,1,1,0.70124066
3,0,1,0.50132126
3,0,1,0.63405216
3,0,0,0.33057234
3,1,1,0.7092516
3,0,0,0.3812137
3,1,1,0.58603054
3,1,0,0.48699737
3,0,0,0.2797229
3,0,1,0.60745436
3,1,1,0.64479303
3,0,0,0.2654638
3,1,0,0.33345008
3,0,1,0.53377205
3,0,0,0.23905219
3,1,1,0.86028737
3,0,1,0.60830957
3,1,0,0.46207058
3,0,0,0.46343425
3,0,1,0.5075436
3,1,1,0.77985406
3,0,0,0.30365872
3,1,1,0.6283913
3,0,1,0.64880955
3,0,1,0.67408776
3,1,1,0.625472
3,1,1,0.67456055
3,1,1,0.7336768
3,1,1,0.5179414
3,1,1,0.6257566
3,1,0,0.43749425
3,1,1,0.6637205
3,0,1,0.5731883
3,0,1,0.6437017
3,1,1,0.711685
3,1,1,0.6021938
3,0,1,0.7560292
3,0,1,0.740168
3,1,1,0.70826995
3,1,1,0.5202582
3,1,1,0.7712099
3,0,0,0.47406656
3,0,1,0.78257096
3,1,1,0.76437175
3,0,0,0.34716174
3,1,1,0.5097315
3,1,0,0.4311635
3,0,0,0.26517054
3,0,0,0.47985008
3,0,1,0.5513793
3,1,1,0.7065779
3,1,1,0.588485
3,0,0,0.408564
3,0,0,0.41209167
3,1,1,0.7902891
3,1,1,0.57816
3,0,0,0.45157978
3,1,0,0.2328925
3,0,0,0.32372943
3,0,1,0.5559372
3,0,0,0.44098487
3,0,1,0.5541703
3,1,0,0.44104993
3,1,1,0.73234916
3,1,0,0.49552682
3,0,1,0.58685255
3,1,1,0.8306346
3,1,0,0.36483952
3,1,1,0.7694516
3,0,0,0.42500257
3,1,1,0.5177552
3,0,1,0.819807
3,0,0,0.2749244
3,0,0,0.48041466
3,1,1,0.6106227
3,0,1,0.76327544
3,0,0,0.39905426
3,0,0,0.42023912
3,0,0,0.16615286
3,0,0,0.11064875
3,1,1,0.81762725
3,0,0,0.4874858
3,1,1,0.7869027
3,0,1,0.6256504
3,0,1,0.6878394
3,0,0,0.41801253
3,0,1,0.5748742
3,0,1,0.5721236
3,1,1,0.6525391
3,1,0,0.40240434
3,1,1,0.8102931
3,0,1,0.5743602
3,1,1,0.84159714
3,1,0,0.41427013
3,0,0,0.21989694
3,0,1,0.8385849
3,1,1,0.87686527
3,0,0,0.2063687
3,0,0,0.48363742
3,1,0,0.1410999
3,0,0,0.4207168
3,1,1,0.7375371
3,1,1,0.5712685
3,0,0,0.44656494
3,0,1,0.58057046
3,0,0,0.37904724
3,1,1,0.87947136
3,1,1,0.82382005
3,1,0,0.38280267
3,1,1,0.76115763
3,0,1,0.72867155
3,1,1,0.66176295
3,0,0,0.33677995
3,0,0,0.33057365
3,1,1,0.6806324
3,1,1,0.68538463
3,0,1,0.687701
3,0,0,0.3327976
3,1,1,0.75866586
3,1,1,0.9215057
3,1,1,0.7126226
3,1,1,0.72954655
3,0,0,0.44758007
3,0,0,0.48306865
3,1,0,0.30598414
3,1,1,0.7477114
3,1,1,0.81952643
3,1,1,0.7788177
3,1,1,0.6015424
3,0,1,0.7622487
3,0,0,0.38683414
3,0,1,0.72276396
3,0,0,0.2781378
3,1,1,0.8186827
3,1,1,0.6306234
3,0,1,0.56342244
3,0,1,0.5854474
3,0,1,0.54941976
3,0,0,0.49780524
3,0,0,0.49034217
3,1,1,0.53836054
3,1,1,0.5165105
3,0,0,0.2526998
3,1,1,0.823367
3,1,1,0.62586623
3,1,0,0.46533504
3,0,1,0.74792093
3,1,1,0.64557946
3,0,1,0.71923053
3,1,1,0.7037408
3,1,1,0.6520528
3,0,1,0.7227742
3,1,0,0.4124227
3,1,1,0.611408
3,1,1,0.79180735
3,0,0,0.32778838
3,0,1,0.7302224
3,0,0,0.48172754
3,1,1,0.66518
3,0,0,0.3281331
3,1,0,0.22475198
3,0,0,0.24233042
3,0,0,0.19585869
3,0,1,0.73726416
3,0,0,0.30925646
3,0,0,0.38997877
3,0,0,0.20500712
3,0,1,0.52033615
3,1,1,0.65348226
3,0,0,0.1999489
3,0,0,0.46840078
3,0,0,0.31903514
3,0,1,0.634899
3,0,1,0.5289258
3,0,0,0.20248607
3,0,0,0.49390894
3,0,0,0.43591323
3,1,0,0.09400765
3,0,0,0.33364302
3,0,0,0.42544731
3,0,0,0.16260035
3,1,1,0.561742
3,1,1,0.5557628
3,1,1,0.6501711
3,0,0,0.33115798
3,1,1,0.54815066
3,1,1,0.6818356
3,0,1,0.57191813
3,0,1,0.694514
3,1,0,0.44680774
3,0,0,0.09809923
3,0,0,0.31112325
3,0,0,0.40620568
3,1,0,0.47711727
3,0,0,0.23705286
3,1,0,0.2553419
3,1,0,0.4642691
3,1,1,0.57742023
3,0,0,0.088321015
3,0,1,0.5768141
3,1,1,0.5726594
3,1,1,0.66175735
3,0,0,0.4204233
3,0,0,0.1406758
3,0,0,0.17709051
3,1,1,0.60724944
3,0,0,0.25354284
3,1,0,0.43167275
3,0,0,0.10651119
3,1,0,0.39162514
3,1,1,0.6988161
3,1,1,0.6313617
3,1,1,0.57678145
3,1,0,0.48846295
3,0,1,0.503205
3,0,0,0.32752421
3,1,0,0.3704619
3,1,1,0.8042007
3,0,1,0.87585574
3,1,1,0.6610498
3,0,1,0.79892606
3,1,1,0.7432486
3,0,1,0.67384505
3,0,0,0.47927055
3,0,1,0.67715204
3,1,1,0.740525
3,1,0,0.46480915
3,1,1,0.86278266
3,1,1,0.6561769
3,1,1,0.59343576
3,1,1,0.6085686
3,0,1,0.70995367
3,0,1,0.63829863
3,0,0,0.46920803
3,0,1,0.5836269
3,0,1,0.6713055
3,0,1,0.5431582
3,1,1,0.604856
3,0,0,0.4642105
3,1,1,0.71061414
3,1,1,0.591046
3,0,1,0.5454766
3,0,0,0.4389956
3,1,1,0.50452256
3,1,1,0.50079197
3,0,1,0.5924143
3,0,1,0.50445104
3,1,0,0.22544067
3,0,1,0.53325653
3,1,0,0.4115858
3,0,0,0.41119093
3,0,0,0.47178447
3,1,1,0.5964845
3,0,0,0.12031006
3,0,0,0.49758655
3,0,0,0.4051774
3,1,1,0.6958664
3,0,0,0.30537546
3,1,1,0.60032487
3,1,1,0.7646402
3,0,0,0.4257131
3,1,1,0.56682926
3,1,1,0.77911496
3,0,0,0.19507746
3,1,1,0.58168507
3,1,1,0.51819
3,1,1,0.84707576
3,0,1,0.5029913
3,1,1,0.72615355
3,0,0,0.17018038
3,1,1,0.79210687
3,0,0,0.29992315
3,0,0,0.4132839
3,1,0,0.48824966
3,1,1,0.8640362
3,1,1,0.8003076
3,1,1,0.7122476
3,0,1,0.5924427
3,0,0,0.4220489
3,1,1,0.83360344
3,0,1,0.72062624
3,1,1,0.7010067
3,1,1,0.84767526
3,0,0,0.31457692
3,0,1,0.88503873
3,0,0,0.2213304
3,0,1,0.63641024
3,0,1,0.8207794
3,0,1,0.8366781
3,0,1,0.67024046
3,1,1,0.60840756
3,0,1,0.54992104
3,1,1,0.6508173
3,1,1,0.67524487
3,0,0,0.22636901
3,1,0,0.36352313
3,0,0,0.20824897
3,1,1,0.75073475
3,0,1,0.7301277
3,1,1,0.58092743
3,0,0,0.3484012
3,0,1,0.60722053
3,1,0,0.37784776
3,1,1,0.7981515
3,0,1,0.5274355
3,0,1,0.5361028
3,1,1,0.68196946
3,1,0,0.4497618
3,0,0,0.457892
3,0,1,0.5266907
3,0,0,0.419417
3,0,0,0.3918614
3,1,1,0.5303763
3,1,1,0.8653313
3,0,1,0.62752485
3,0,1,0.59756553
3,0,1,0.6927506
3,1,1,0.79577494
3,1,1,0.64506775
3,1,1,0.77000785
3,1,1,0.8867907
3,1,1,0.691159
3,1,1,0.69151753
3,0,1,0.5409728
3,1,1,0.56957453
3,0,1,0.8471996
3,0,0,0.44509083
3,1,0,0.40973312
3,0,0,0.35892227
3,1,0,0.35131618
3,1,1,0.5360078
3,0,0,0.43322885
3,1,1,0.90452176
3,1,1,0.75625855
3,1,1,0.71715415
3,1,1,0.54842925
3,1,1,0.56860584
3,0,1,0.6689156
3,0,1,0.62377053
3,0,1,0.5265414
3,0,1,0.5135273
3,1,1,0.8595419
3,1,1,0.8340424
3,1,1,0.6290744
3,0,0,0.48262843
3,1,1,0.6345937
3,0,0,0.48629647
3,0,0,0.311266
3,1,1,0.60909754
3,1,1,0.84653574
3,0,1,0.7221434
3,1,1,0.65119123
3,0,0,0.46090984
3,1,1,0.55316645
3,0,0,0.086535715
3,1,1,0.6411246
3,0,0,0.29624796
3,0,1,0.5736964
3,1,0,0.39671388
3,0,1,0.5853268
3,0,0,0.104527004
3,1,0,0.1007165
3,0,0,0.301671
3,0,1,0.722406
3,1,0,0.3197516
3,0,0,0.39469728
3,1,0,0.22636901
3,0,0,0.34294045
3,1,1,0.6648805
3,0,0,0.1496086
3,1,1,0.67576873
3,1,1,0.6053286
3,0,0,0.3484012
3,0,1,0.5577839
3,1,1,0.86751515
3,1,1,0.54091936
3,0,0,0.25249758
3,1,1,0.7317411
3,1,0,0.48805064
3,0,1,0.6847636
3,0,0,0.24867189
3,1,0,0.48297316
3,0,1,0.7787987
3,1,0,0.46104023
3,0,1,0.57219255
3,1,1,0.76542205
3,1,1,0.62784207
3,0,0,0.33948946
3,0,1,0.5869592
3,0,0,0.4997576
3,0,1,0.7908015
3,1,1,0.7001701
3,1,1,0.50160354
3,1,1,0.83958
3,1,0,0.4999974
3,0,1,0.6674095
3,0,0,0.3393732
3,1,1,0.80214167
3,0,0,0.24727128
3,0,0,0.47187674
3,1,1,0.68186945
3,0,0,0.4990426
3,1,1,0.706105
3,0,0,0.41360587
3,0,0,0.4370051
3,1,0,0.41806328
3,1,1,0.5936694
3,0,0,0.4509298
3,1,1,0.6500749
3,0,0,0.44953668
3,0,0,0.28570414
3,1,0,0.3321922
3,0,0,0.13057394
3,1,1,0.58021235
3,0,1,0.8302183
3,1,0,0.43887717
3,1,0,0.36068818
3,1,1,0.6249168
3,1,0,0.4668773
3,1,1,0.6163107
3,0,0,0.42001295
3,0,0,0.16546981
3,0,0,0.09840587
3,0,1,0.8301888
3,1,1,0.5309855
3,1,1,0.6596701
3,1,1,0.62999624
3,1,0,0.4059234
3,1,0,0.40616405
3,0,0,0.35395867
3,0,0,0.16350476
3,0,1,0.56909657
3,0,0,0.4652545
3,1,1,0.6157431
3,1,1,0.5771495
3,1,1,0.51938635
3,1,1,0.5830251
3,0,0,0.09476946
3,0,0,0.35594863
3,0,0,0.44574144
3,0,0,0.3147879
3,1,1,0.6791376
3,1,1,0.69612706
3,0,0,0.36820054
3,0,0,0.47935486
3,0,1,0.5509072
3,0,0,0.46600148
3,1,0,0.22513564
3,0,1,0.58642733
3,0,0,0.47852346
3,1,0,0.37162963
3,1,0,0.36379924
3,0,0,0.3688226
3,1,1,0.7743875
3,1,0,0.39104113
3,0,0,0.2835324
3,0,1,0.6014962
3,0,0,0.35690114
3,0,0,0.37554607
3,1,1,0.59928113
3,1,1,0.6439765
3,0,0,0.22671324
3,1,0,0.24262659
3,1,0,0.22140266
3,0,1,0.6086396
3,0,0,0.3900907
3,0,0,0.33135456
3,0,0,0.26657295
3,1,1,0.5376773
3,0,0,0.27801764
3,1,0,0.38738075
3,1,1,0.70012736
3,0,0,0.22179133
3,1,0,0.13913365
3,0,1,0.66789836
3,1,0,0.23335105
3,1,1,0.5585401
3,0,0,0.4844791
3,1,0,0.3224902
3,1,1,0.6883045
3,1,1,0.51482844
3,1,0,0.33698708
3,0,0,0.33474958
3,1,1,0.56414336
3,0,1,0.6168173
3,0,0,0.3333284
3,1,1,0.71486384
3,1,1,0.65941906
3,1,1,0.6188983
3,0,0,0.3226896
3,1,1,0.61137
3,0,0,0.24070473
3,0,0,0.47645408
3,1,1,0.5356761
3,0,1,0.80575496
3,1,1,0.6941347
3,1,1,0.73315924
3,1,1,0.5700606
3,1,1,0.65348804
3,0,0,0.31755883
3,0,1,0.6709606
3,0,0,0.41261196
3,1,1,0.8169389
3,1,0,0.47110423
3,1,1,0.78804106
3,0,0,0.10972492
3,0,1,0.66375226
3,0,1,0.6557152
3,0,0,0.12494213
3,1,1,0.6459536
3,1,1,0.768817
3,1,1,0.72445434
3,1,1,0.80779266
3,0,1,0.6614139
3,0,1,0.54689705
3,0,1,0.7246082
3,1,1,0.8206786
3,1,1,0.6822324
3,1,1,0.5696936
3,1,0,0.46723196
3,1,1,0.72698075
3,0,0,0.33516797
3,0,1,0.80143094
3,1,1,0.65881824
3,1,1,0.77149045
3,0,0,0.19465478
3,0,0,0.34059453
3,1,1,0.6295135
3,0,1,0.6630396
3,0,0,0.37875643
3,1,1,0.8843238
3,0,1,0.70488226
3,1,0,0.4749703
3,0,0,0.18561403
3,0,1,0.7014043
3,1,1,0.8059875
3,0,0,0.44704995
3,0,1,0.6197366
3,1,1,0.5770112
3,1,1,0.5083752
3,0,1,0.5536098
3,0,0,0.39172256
3,0,1,0.60867
3,1,1,0.5984926
3,0,1,0.6368055
3,1,1,0.5224216
3,1,1,0.5659105
3,0,0,0.47806808
3,1,1,0.54801893
3,1,0,0.43033808
3,0,0,0.43858108
3,1,0,0.49696666
3,0,1,0.6567942
3,0,0,0.49778152
3,1,0,0.42632186
3,0,0,0.43795165
3,0,0,0.11814362
3,0,0,0.25120088
3,0,0,0.12717211
3,1,1,0.52315897
3,0,0,0.43702143
3,1,1,0.9191789
3,0,1,0.7384164
3,1,0,0.32058638
3,0,1,0.74256897
3,1,1,0.5397579
3,0,1,0.82689404
3,1,1,0.58927053
3,0,0,0.20641626
3,0,0,0.38677827
3,1,1,0.6387998
3,1,0,0.42827463
3,0,0,0.17564927
3,1,0,0.32486075
3,0,0,0.17609514
3,0,0,0.3158898
3,1,0,0.15503863
3,1,0,0.38662294
3,1,0,0.28347218
3,1,0,0.47512913
3,0,1,0.52840257
3,1,1,0.69417083
3,0,0,0.27265632
3,0,0,0.25870788
3,0,0,0.19981249
3,0,0,0.25899872
3,0,0,0.13210881
3,1,0,0.48337933
3,1,0,0.2642793
3,0,0,0.44617972
3,0,0,0.14669797
3,0,0,0.4529953
3,0,0,0.24131384
3,1,0,0.431607
3,0,0,0.106558874
3,0,1,0.56018764
3,1,0,0.2150153
3,1,1,0.55040586
3,0,0,0.35791656
3,0,0,0.10711561
3,1,1,0.55498004
3,1,0,0.49339503
3,0,0,0.48811004
3,0,1,0.5836019
3,0,1,0.51542395
3,0,0,0.38132808
3,1,0,0.472424
3,0,0,0.22912139
3,1,1,0.6568414
3,1,0,0.40893385
3,1,1,0.7298013
3,0,1,0.56513035
3,1,1,0.73580277
3,0,1,0.58397025
3,0,1,0.58681566
3,1,0,0.13158728
3,1,1,0.542138
3,0,0,0.38879335
3,0,0,0.49996746
3,0,1,0.83767104
3,1,1,0.6020234
3,1,1,0.74898314
3,1,1,0.77652895
3,0,0,0.24588051
3,0,1,0.6660169
3,1,1,0.7352066
3,0,1,0.7232303
3,0,1,0.6922478
3,0,1,0.78859603
3,1,1,0.5678029
3,0,1,0.5449751
3,0,0,0.3711055
3,1,0,0.35923618
3,1,1,0.65979975
3,0,1,0.519634
3,0,0,0.38424495
3,1,0,0.4476177
3,0,1,0.7351008
3,1,1,0.7881599
3,1,1,0.7720805
3,1,1,0.50485826
3,0,1,0.75885755
3,1,1,0.57962215
3,0,0,0.44612172
3,0,1,0.7396601
3,0,0,0.469129
3,1,1,0.6629967
3,0,0,0.27369332
3,1,1,0.9202509
3,0,1,0.5851059
3,1,0,0.45728418
3,0,1,0.5018573
3,1,1,0.837843
3,0,1,0.6491272
3,1,1,0.7260525
3,1,1,0.8565939
3,0,0,0.44494626
3,0,1,0.7279917
3,1,0,0.4596788
3,0,1,0.6911532
3,1,1,0.5169488
3,0,0,0.34720933
3,1,1,0.9273559
3,1,1,0.7400644
3,1,1,0.60825324
3,1,1,0.8056937
3,0,1,0.66663677
3,1,1,0.75976366
3,1,0,0.42444175
3,0,0,0.4903966
3,0,0,0.4377436
3,1,1,0.67785037
3,0,0,0.43248445
3,1,1,0.7623839
3,0,1,0.66462415
3,0,0,0.4529466
3,0,0,0.39672363
3,0,1,0.5726104
3,1,1,0.6412998
3,1,1,0.7023218
3,0,1,0.50398684
3,1,1,0.6590613
3,0,1,0.6434832
3,1,1,0.82491964
3,1,1,0.6779819
3,0,0,0.38247144
3,0,0,0.45076013
3,0,1,0.65791446
3,1,1,0.713913
3,0,1,0.58842695
3,1,1,0.7596361
3,1,1,0.79741555
3,1,1,0.85358685
3,0,1,0.6203963
3,0,0,0.23315775
3,1,1,0.7003436
3,0,1,0.6711985
3,0,0,0.48030758
3,1,1,0.8298188
3,1,0,0.27742264
3,0,1,0.5880719
3,0,0,0.13368487
3,1,1,0.7580586
3,1,1,0.6436633
3,1,1,0.6596575
3,0,1,0.5781113
3,0,1,0.6872463
3,1,1,0.58790314
3,0,0,0.4868776
3,0,0,0.31049922
3,0,0,0.24825929
3,1,1,0.64641404
3,0,0,0.15935121
3,1,1,0.81756055
3,0,1,0.5509341
3,1,1,0.6270931
3,1,1,0.86121297
3,1,1,0.5638376
3,0,1,0.5176165
3,1,1,0.831071
3,1,0,0.35912505
3,0,1,0.5639257
3,0,0,0.114526846
3,0,0,0.18162687
3,0,0,0.14884889
3,1,1,0.74633765
3,1,1,0.7469243
3,0,0,0.44738492
3,0,0,0.10191701
3,1,1,0.5690003
3,0,0,0.31022805
3,1,1,0.74954796
3,0,0,0.3931574
3,0,1,0.6577129
3,1,0,0.4143092
3,1,1,0.8767455
3,1,1,0.7392386
3,0,1,0.7501495
3,1,1,0.72764677
3,1,1,0.8755008
3,0,0,0.36605912
3,1,1,0.7343282
3,0,0,0.4479991
3,0,1,0.6793614
3,0,0,0.3712233
3,0,1,0.53644204
3,1,1,0.5251279
3,0,0,0.37793034
3,0,0,0.23108265
3,0,0,0.18304722
3,0,0,0.13506761
3,1,0,0.13311955
3,1,0,0.34363863
3,0,1,0.7504674
3,0,0,0.25851148
3,1,1,0.66653603
3,0,0,0.18542697
3,1,1,0.70418614
3,1,1,0.6511608
3,0,0,0.49584576
3,1,0,0.18172215
3,1,1,0.50054723
3,0,0,0.0730655
3,1,0,0.4867187
3,0,0,0.07954648
3,1,0,0.24911807
3,0,1,0.6687363
3,0,0,0.07224154
3,0,1,0.602559
3,0,1,0.5371031
3,0,0,0.3429347
3,0,1,0.522545
3,0,0,0.23948736
3,0,0,0.06582187
3,0,0,0.14958265
3,0,0,0.42307553
3,1,0,0.49575478
3,1,1,0.6239113
3,0,0,0.20203885
3,1,1,0.5932378
3,0,0,0.27444345
3,1,0,0.45123926
3,1,0,0.17855698
3,0,1,0.55339986
3,0,0,0.30073482
3,1,0,0.43165728
3,1,0,0.13410902
3,1,1,0.60197365
3,1,0,0.39715096
3,0,0,0.46705705
3,0,0,0.23601957
3,1,1,0.64771456
3,0,1,0.553505
3,1,1,0.6122591
3,0,1,0.52206326
3,0,0,0.4340962
3,0,0,0.4632847
3,1,1,0.636928
3,0,0,0.30572885
3,0,1,0.5217447
3,0,1,0.59461296
3,0,0,0.3236976
3,0,0,0.41220537
3,1,1,0.54683274
3,1,1,0.66540027
3,0,1,0.6661721
3,1,1,0.7048976
3,0,0,0.36108544
3,1,1,0.53329104
3,1,1,0.85767484
3,0,0,0.24733928
3,1,1,0.62719375
3,0,1,0.5385812
3,1,1,0.6809764
3,0,0,0.37194288
3,1,0,0.40128213
3,0,1,0.7569579
3,1,1,0.680684
3,1,1,0.5823677
3,0,0,0.35399866
3,0,0,0.3614073
3,0,0,0.20405446
3,0,0,0.18235347
3,1,1,0.72158563
3,1,1,0.5246061
3,1,1,0.53119147
3,0,0,0.422111
3,1,1,0.6580386
3,1,1,0.5887268
3,1,1,0.6077776
3,0,0,0.4955523
3,0,0,0.19288866
3,0,0,0.3683477
3,1,1,0.5447278
3,1,1,0.8719957
3,0,1,0.6192269
3,1,1,0.6785412
3,1,0,0.41896787
3,0,0,0.45277578
3,1,1,0.63744074
3,0,0,0.44024768
3,1,1,0.6986477
3,0,0,0.42650956
3,0,0,0.20103082
3,0,0,0.3441486
3,0,0,0.47384655
3,1,1,0.59176844
3,1,1,0.83738256
3,1,1,0.72452617
3,0,0,0.38397992
3,1,0,0.49497837
3,1,0,0.32472333
3,1,1,0.58145016
3,0,0,0.29691672
3,0,0,0.48291388
3,0,1,0.59547937
3,0,1,0.691089
3,0,0,0.17726646
3,1,1,0.633676
3,0,0,0.34136572
3,1,0,0.323994
3,1,1,0.5167441
3,0,0,0.40463132
3,0,0,0.34460256
3,0,0,0.41344038
3,1,0,0.40224323
3,0,0,0.29134566
3,1,1,0.8371267
3,0,1,0.61341083
3,1,1,0.8245094
3,0,0,0.24372835
3,0,0,0.17369372
3,1,1,0.75479525
3,0,1,0.5368561
3,0,1,0.626428
3,0,1,0.5186486
3,1,1,0.564658
3,1,1,0.51411355
3,1,1,0.61665505
3,0,0,0.44411707
3,1,1,0.562635
3,0,0,0.38179782
3,0,0,0.33848014
3,0,0,0.46937564
3,1,1,0.9327763
3,1,1,0.8176692
3,1,0,0.27798977
3,0,1,0.5649759
3,1,0,0.27500948
3,1,1,0.5435466
3,1,1,0.886874
3,0,1,0.7207718
3,1,1,0.87558705
3,0,1,0.51291656
3,0,0,0.16367115
3,1,1,0.5427158
3,0,0,0.2801948
3,0,1,0.51381266
3,0,1,0.6161475
3,1,0,0.3629205
3,0,0,0.33206812
3,1,1,0.57563084
3,0,0,0.4342564
3,1,1,0.6915629
3,0,0,0.39153248
3,0,0,0.17949143
3,0,0,0.13101363
3,1,0,0.43564674
3,0,0,0.3865662
3,0,0,0.4457112
3,1,1,0.52774537
3,1,1,0.6057293
3,0,0,0.40767783
3,0,0,0.20503399
3,0,0,0.48583582
3,0,1,0.6800474
3,0,0,0.34979546
3,0,0,0.20820817
3,1,1,0.7178682
3,1,0,0.47052345
3,0,0,0.3551415
3,1,1,0.64949906
3,0,1,0.63419574
3,1,1,0.6421809
3,0,0,0.35965806
3,0,0,0.4255842
3,1,1,0.5320228
3,0,1,0.64161706
3,1,0,0.3491984
3,0,0,0.13464038
3,1,1,0.90993696
3,1,1,0.5080949
3,0,1,0.63108957
3,1,0,0.45223692
3,1,1,0.5959126
3,1,1,0.7982073
3,1,1,0.78904283
3,1,1,0.5783323
3,0,1,0.675458
3,0,0,0.30719995
3,0,0,0.36399585
3,1,1,0.75159436
3,1,0,0.36183545
3,1,1,0.6227008
3,0,1,0.5562835
3,1,1,0.6360857
3,0,1,0.5519443
3,0,1,0.64493644
3,1,1,0.6497998
3,0,1,0.6212957
3,0,1,0.54781055
3,0,1,0.6496435
3,0,1,0.6715157
3,0,0,0.36559922
3,0,1,0.6867785
3,1,1,0.71344286
3,1,1,0.7291778
3,0,0,0.43564758
3,1,1,0.5013381
3,1,0,0.49588367
3,0,0,0.36062315
3,0,0,0.45611718
3,0,0,0.12419642
3,0,0,0.49515256
3,1,0,0.43188956
3,1,1,0.6095451
3,0,0,0.48503375
3,1,0,0.22054689
3,0,0,0.48114076
3,1,0,0.46160096
3,1,1,0.57857233
3,0,0,0.40547845
3,1,1,0.7409727
3,0,1,0.50545007
3,1,1,0.8479616
3,1,1,0.6018097
3,1,1,0.6543467
3,0,0,0.3979615
3,0,0,0.30692044
3,1,1,0.6891559
3,0,0,0.3755781
3,0,0,0.29782742
3,0,0,0.33454373
3,0,0,0.37577748
3,1,1,0.5082444
3,0,0,0.46717784
3,1,1,0.5653849
3,1,1,0.8464336
3,0,1,0.59918654
3,0,1,0.62529534
3,0,1,0.70495665
3,1,1,0.60094583
3,0,1,0.64579374
3,0,0,0.40564173
3,1,1,0.74299866
3,1,1,0.6775378
3,1,1,0.8815919
3,1,1,0.808427
3,0,1,0.6869985
3,1,1,0.7746761
3,1,1,0.78978705
3,1,1,0.70655143
3,0,1,0.51499146
3,1,1,0.6396577
3,0,0,0.39578575
3,0,0,0.47458178
3,0,1,0.64017045
3,1,1,0.9034042
3,1,1,0.8028923
3,1,1,0.64463323
3,0,0,0.49051294
3,0,0,0.3865439
3,1,1,0.7560923
3,1,1,0.75566614
3,0,1,0.54481137
3,0,1,0.65874326
3,0,1,0.64078736
3,0,1,0.66528034
3,1,1,0.6694689
3,1,0,0.47653994
3,0,0,0.28104892
3,1,1,0.58132064
3,0,0,0.4098568
3,0,1,0.5767801
3,0,0,0.41432613
3,0,0,0.26083267
3,0,1,0.58564645
3,0,0,0.4857686
3,1,0,0.1285612
3,0,1,0.54003084
3,0,0,0.475844
3,0,0,0.35766158
3,1,1,0.6979432
3,0,0,0.39991325
3,1,1,0.58035785
3,1,1,0.65366364
3,0,0,0.20919847
3,1,1,0.58551157
3,1,0,0.4095149
3,0,0,0.4660005
3,1,0,0.34022188
3,0,0,0.17832057
3,0,0,0.33155763
3,1,0,0.3043431
3,1,1,0.66958565
3,0,1,0.6225587
3,1,1,0.66327095
3,0,0,0.26892108
3,1,0,0.19138725
3,1,0,0.4956504
3,0,0,0.16967128
3,1,0,0.30038866
3,0,0,0.13624442
3,0,0,0.09630407
3,1,1,0.60179996
3,1,0,0.35485312
3,0,0,0.17862926
3,0,0,0.34292215
3,0,0,0.15270668
3,0,0,0.22311386
3,0,0,0.3336603
3,1,1,0.5857683
3,0,0,0.28561488
3,0,0,0.24916439
3,1,0,0.40348336
3,1,1,0.7854474
3,1,1,0.6423264
3,0,0,0.23298004
3,0,0,0.38519326
3,0,0,0.23154707
3,0,0,0.3853493
3,0,0,0.33164006
3,0,0,0.14786659
3,1,1,0.57279193
3,0,0,0.4349357
3,0,0,0.3434418
3,1,0,0.30592427
3,1,1,0.5274304
3,0,0,0.2245213
3,1,0,0.24264026
3,1,1,0.6603037
3,0,0,0.2310516
3,1,0,0.49248078
3,0,0,0.15786125
3,1,1,0.652002
3,1,0,0.43313745
3,1,0,0.22269514
3,0,0,0.25679702
3,0,0,0.2219634
3,0,0,0.23531552
3,0,0,0.2800303
3,0,0,0.2646556
3,1,0,0.21793509
3,0,0,0.35945094
3,0,0,0.4012607
3,1,1,0.6075041
3,0,0,0.25593734
3,1,0,0.4614179
3,0,0,0.17937118
3,1,0,0.44309393
3,0,0,0.28512916
3,1,0,0.34825113
3,1,0,0.2960781
3,0,0,0.31824982
3,1,0,0.15827729
3,0,0,0.16003482
3,1,0,0.49937376
3,1,0,0.3725042
3,0,0,0.49737602
3,1,0,0.37572983
3,0,0,0.4194552
3,0,0,0.49285403
3,0,0,0.43396696
3,0,1,0.69397146
3,0,0,0.25053683
3,0,0,0.44999146
3,0,0,0.2565047
3,0,1,0.6237116
3,1,0,0.16823766
3,0,0,0.1668448
3,0,0,0.4294236
3,1,0,0.4686853
3,1,1,0.63885885
3,1,1,0.803885
3,0,1,0.76258576
3,0,0,0.36939418
3,1,0,0.30600345
3,0,0,0.2700471
3,0,0,0.2827523
3,0,0,0.48339856
3,0,1,0.6469692
3,1,1,0.7451789
3,1,1,0.6497038
3,1,0,0.4442415
3,1,0,0.32220635
3,0,1,0.66526794
3,0,0,0.2994233
3,1,0,0.38138044
3,1,0,0.28442666
3,1,1,0.61282396
3,0,0,0.46892747
3,0,0,0.48393816
3,0,0,0.29895902
3,1,1,0.57419753
3,1,0,0.32455412
3,0,0,0.43018416
3,0,0,0.3432682
3,0,0,0.32457834
3,0,0,0.3315226
3,1,0,0.48665437
3,0,1,0.60601056
3,0,0,0.36160004
3,1,1,0.6293774
3,0,1,0.5735753
3,0,0,0.43443185
3,1,1,0.8485244
3,0,0,0.47069445
3,0,0,0.47727808
3,0,1,0.59211534
3,0,1,0.66242236
3,1,0,0.31018007
3,1,1,0.5966108
3,1,0,0.35604373
3,1,1,0.7516471
3,1,1,0.53964466
3,1,1,0.66907567
3,1,1,0.63763833
3,1,1,0.68948954
3,0,1,0.54182446
3,1,1,0.5047748
3,1,1,0.56271714
3,1,1,0.7262842
3,0,1,0.693089
3,1,1,0.59202576
3,0,1,0.5320845
3,0,1,0.51710683
3,0,0,0.34317586
3,0,0,0.24999034
3,0,1,0.5638929
3,0,0,0.22498855
3,0,0,0.29158047
3,0,1,0.81121576
3,1,1,0.6329775
3,0,0,0.4926825
3,1,1,0.5300572
3,0,0,0.38241494
3,0,0,0.35920158
3,0,1,0.5424311
3,0,1,0.66304743
3,1,1,0.6653181
3,0,0,0.09389924
3,1,1,0.65947634
3,1,1,0.5523031
3,1,0,0.47626764
3,0,0,0.26160488
3,0,1,0.8569605
3,1,1,0.6698029
3,1,1,0.71590656
3,0,1,0.62448275
3,1,1,0.70772004
3,0,1,0.6490442
3,1,1,0.7521672
3,1,1,0.5874293
3,0,0,0.47617254
3,0,0,0.1375212
3,0,1,0.67194957
3,1,1,0.6957063
3,0,0,0.15246183
3,0,0,0.23871921
3,1,1,0.6456837
3,0,0,0.18069963
3,1,1,0.5997526
3,1,1,0.7286055
3,1,1,0.6086599
3,0,1,0.6831521
3,1,1,0.565819
3,0,1,0.6049902
3,0,0,0.4583025
3,1,1,0.7032697
3,0,1,0.5883027
3,0,0,0.41719478
3,1,1,0.7957565
3,1,1,0.5775834
3,0,0,0.35741475
3,0,0,0.44152093
3,0,0,0.3468354
3,0,1,0.5416383
3,1,1,0.6558093
3,1,1,0.5826129
3,0,1,0.56833625
3,1,1,0.75189185
3,0,0,0.4880758
3,1,0,0.37701958
3,1,1,0.53640616
3,0,1,0.58965045
3,0,1,0.63923866
3,0,1,0.56922734
3,1,1,0.7692545
3,1,0,0.3690429
3,0,1,0.6598946
3,1,1,0.58241266
3,1,1,0.8639539
3,0,1,0.544206
3,0,1,0.50536406
3,0,1,0.58725154
3,0,0,0.3850542
3,1,1,0.82109404
3,0,1,0.6005903
3,1,0,0.31978074
3,0,0,0.30528057
3,1,0,0.49455234
3,1,1,0.64738715
3,0,1,0.53029245
3,1,1,0.586902
3,1,1,0.81298465
3,1,0,0.40030304
3,1,0,0.40143412
3,0,0,0.042594984
3,1,1,0.5619221
3,0,0,0.44125456
3,1,0,0.4716082
3,0,0,0.15106185
3,0,0,0.30477956
3,1,1,0.5099154
3,0,0,0.2782486
3,0,0,0.22701053
3,0,0,0.19226764
3,0,1,0.5423868
3,0,0,0.40445575
3,1,0,0.38903144
3,0,0,0.11663209
3,1,1,0.79398334
3,1,1,0.58883977
3,1,1,0.70972854
3,0,0,0.44041267
3,0,1,0.5041727
3,1,1,0.6916899
3,0,0,0.28999624
3,1,1,0.62261385
3,0,0,0.41775957
3,1,0,0.4257198
3,0,1,0.7039634
3,0,1,0.5859113
3,1,1,0.6035863
3,1,0,0.46386662
3,0,0,0.21809237
3,1,1,0.65278685
3,0,1,0.54175895
3,0,0,0.38949037
3,0,1,0.6369425
3,1,1,0.5823745
3,1,1,0.5892053
3,0,0,0.11279102
3,0,0,0.07474991
3,0,0,0.15106684
3,1,0,0.27951187
3,0,0,0.3221114
3,0,0,0.091106735
3,0,1,0.5216743
3,1,1,0.55289847
3,1,1,0.73036516
3,1,1,0.729965
3,0,1,0.6470869
3,1,1,0.65571815
3,0,0,0.34260377
3,1,1,0.7039881
3,0,0,0.34458527
3,0,0,0.4358319
3,1,1,0.6238096
3,1,1,0.685045
3,1,0,0.1319635
3,0,1,0.522348
3,0,0,0.20209037
3,0,0,0.48727256
3,1,1,0.7470259
3,0,0,0.360321
3,0,0,0.41063133
3,0,1,0.5223346
3,0,1,0.5583688
3,1,1,0.7147987
3,0,0,0.30643478
3,1,0,0.49989772
3,1,1,0.7098321
3,0,0,0.32778227
3,1,1,0.79901105
3,0,0,0.49485326
3,1,1,0.5925167
3,0,0,0.25666353
3,1,0,0.48368078
3,1,0,0.36148736
3,0,1,0.7911152
3,0,0,0.44190457
3,1,1,0.5539812
3,0,0,0.21873912
3,1,1,0.7488763
3,0,0,0.44424218
3,0,0,0.34852982
3,1,1,0.775296
3,0,1,0.59531003
3,1,1,0.61825496
3,1,0,0.48336393
3,0,1,0.69338137
3,1,1,0.6446164
3,0,1,0.61953104
3,1,1,0.64975435
3,1,1,0.8262903
3,0,1,0.7232495
3,0,0,0.40629223
3,1,1,0.70762694
3,1,1,0.81964374
3,0,1,0.8895228
3,1,1,0.57540643
3,1,1,0.7160679
3,0,0,0.44764617
3,0,0,0.15730675
3,0,0,0.37730023
3,1,1,0.9230337
3,0,0,0.38228238
3,1,1,0.8910847
3,1,1,0.6852287
3,1,1,0.694798
3,0,1,0.6098252
3,0,1,0.6157694
3,0,0,0.45952594
3,1,1,0.73306113
3,1,1,0.91566837
3,1,1,0.6386403
3,0,0,0.31132194
3,1,0,0.48316127
3,0,0,0.12840708
3,1,0,0.3965556
3,0,0,0.27136675
3,0,0,0.34933764
3,1,1,0.6263261
3,0,0,0.11493064
3,1,0,0.4740601
3,0,0,0.1455705
3,1,0,0.35688064
3,0,0,0.29864872
3,0,0,0.4669196
3,1,1,0.55778515
3,0,0,0.38443962
3,0,1,0.6408818
3,0,1,0.804397
3,1,0,0.4754823
3,1,1,0.5716623
3,0,1,0.57568556
3,0,1,0.6665017
3,1,1,0.5433674
3,0,0,0.28917214
3,1,1,0.82777816
3,1,1,0.8094975
3,0,1,0.84758276
3,0,0,0.2284834
3,1,1,0.74047625
3,1,1,0.6409615
3,1,0,0.42850292
3,0,0,0.40776604
3,0,1,0.5992207
3,1,0,0.33880085
3,0,1,0.5501
3,0,0,0.43980846
3,1,1,0.509542
3,1,0,0.4743595
3,0,1,0.65706635
3,0,0,0.16659628
3,1,1,0.51329595
3,0,0,0.3636048
3,1,1,0.66426015
3,0,0,0.49881804
3,1,1,0.61573845
3,0,1,0.56513673
3,0,1,0.584694
3,1,0,0.34715065
3,0,1,0.8100358
3,1,0,0.34383824
3,0,0,0.15455522
3,1,0,0.47296724
3,1,1,0.7986819
3,0,1,0.77892923
3,0,1,0.63089025
3,0,1,0.60897195
3,1,1,0.668289
3,1,1,0.73415256
3,0,1,0.68888414
3,1,0,0.49986508
3,1,1,0.7597996
3,0,0,0.4057404
3,0,0,0.21640547
3,0,0,0.33006904
3,1,1,0.69669574
3,0,1,0.5404391
3,0,0,0.25638005
3,0,0,0.15852329
3,0,1,0.6165389
3,1,1,0.64907485
3,0,0,0.32745028
3,0,0,0.43594947
3,0,1,0.55541056
3,1,1,0.69300866
3,1,0,0.48188347
3,0,0,0.396769
3,1,1,0.6373371
3,0,0,0.36968076
3,0,0,0.4969289
3,1,1,0.74199206
3,1,1,0.7341887
3,0,0,0.22366618
3,1,1,0.8055701
3,1,1,0.686287
3,0,0,0.2318415
3,1,1,0.82264763
3,1,1,0.7159651
3,1,0,0.4867294
3,0,0,0.19470249
3,0,1,0.75517917
3,1,1,0.65990543
3,1,1,0.6953541
3,0,0,0.44391954
3,1,1,0.79335344
3,1,1,0.6533092
3,0,0,0.30106252
3,1,1,0.60832226
3,1,1,0.61960375
3,0,0,0.19435911
3,0,0,0.25025344
3,0,0,0.14836958
3,1,1,0.7193353
3,0,0,0.23920473
3,0,0,0.19376354
3,1,1,0.63781977
3,0,1,0.6515631
3,0,0,0.31308916
3,0,0,0.2884851
3,0,0,0.45174924
3,1,1,0.7367558
3,0,0,0.46174216
3,0,1,0.57698554
3,0,0,0.4551353
3,1,1,0.62570274
3,0,0,0.36581364
3,1,0,0.45480922
3,0,0,0.1423438
3,0,0,0.1397975
3,0,0,0.26526073
3,1,1,0.6427091
3,0,1,0.748426
3,1,1,0.802564
3,1,1,0.8233025
3,0,1,0.749473
3,0,0,0.30200154
3,0,1,0.83412164
3,0,1,0.68516827
3,1,1,0.6005245
3,1,0,0.47475556
3,0,0,0.43213844
3,1,0,0.3410761
3,0,0,0.3297051
3,0,0,0.24890181
3,1,0,0.205437
3,0,0,0.18712434
3,1,1,0.6514907
3,0,0,0.15079275
3,1,0,0.4172295
3,0,1,0.57536393
3,0,1,0.547216
3,0,0,0.35709718
3,1,0,0.4814152
3,1,0,0.46731746
3,0,0,0.2824106
3,1,1,0.66236836
3,1,1,0.6477333
3,1,1,0.55954134
3,0,0,0.12400685
3,1,0,0.19813447
3,0,0,0.22694509
3,0,0,0.114810616
3,1,1,0.55330294
3,1,1,0.58001494
3,0,0,0.4282439
3,1,1,0.5162381
3,0,0,0.3471781
3,0,0,0.32382917
3,1,1,0.873905
3,0,1,0.5918752
3,0,0,0.42644498
3,1,1,0.7985393
3,0,0,0.4469053
3,1,1,0.6536859
3,1,1,0.65612656
3,0,1,0.5409997
3,0,1,0.6253342
3,0,1,0.61561006
3,1,0,0.30187714
3,0,0,0.105075404
3,1,1,0.7016492
3,1,0,0.4987364
3,1,1,0.66352093
3,0,1,0.64907765
3,0,0,0.4225144
3,0,0,0.4258283
3,1,1,0.553512
3,0,1,0.57573795
3,0,0,0.11249775
3,0,1,0.5446428
3,1,1,0.8729984
3,1,1,0.64909625
3,0,1,0.6386853
3,0,1,0.5584381
3,1,1,0.8015097
3,0,1,0.5175981
3,0,1,0.5887776
3,0,0,0.3849687
3,1,1,0.76998544
3,0,1,0.5049323
3,1,1,0.7460883
3,1,1,0.8795069
3,0,1,0.5526789
3,0,1,0.61535907
3,0,0,0.27054513
3,0,1,0.6205255
3,0,0,0.31235632
3,1,1,0.80144006
3,1,0,0.25601986
3,1,1,0.5603714
3,1,1,0.6214037
3,1,0,0.21769306
3,0,0,0.33251587
3,1,0,0.458486
3,0,0,0.096766725
3,1,0,0.44954634
3,0,0,0.06847196
3,1,0,0.38468647
3,0,0,0.21284068
3,0,0,0.30810428
3,1,0,0.2984653
3,1,0,0.22156127
3,0,0,0.42608193
3,0,0,0.35626653
3,0,1,0.66200674
3,0,1,0.52616113
3,0,0,0.26058424
3,1,1,0.81570536
3,1,1,0.6718402
3,0,1,0.58952135
3,0,0,0.18067013
3,0,0,0.39783433
3,1,1,0.62467545
3,1,0,0.4926692
3,1,0,0.3431849
3,0,1,0.75696385
3,1,0,0.48063704
3,0,0,0.3076854
3,0,0,0.0722106
3,0,1,0.5775842
3,0,0,0.15780067
3,1,1,0.6018199
3,1,1,0.8616077
3,1,0,0.4854499
3,1,1,0.7517576
3,1,1,0.7844782
3,1,1,0.8317418
3,1,1,0.761681
3,1,1,0.8471991
3,1,1,0.73718303
3,0,1,0.6547435
3,1,1,0.8480234
3,0,0,0.098153844
3,0,0,0.09131885
3,1,1,0.7285491
3,0,0,0.48386204
3,0,1,0.6385572
3,0,0,0.38522717
3,0,1,0.7234128
3,0,1,0.6303021
3,1,1,0.7252881
3,1,1,0.5116983
3,1,1,0.63769376
3,1,0,0.46319655
3,1,0,0.4713663
3,1,1,0.7869928
3,0,0,0.24118909
3,0,0,0.3796484
3,0,0,0.13137966
3,0,0,0.42438892
3,1,1,0.7085605
3,1,0,0.23029669
3,1,0,0.40423813
3,1,1,0.74554455
3,0,0,0.19956803
3,1,0,0.41540775
3,1,1,0.67758995
3,1,1,0.53082633
3,0,0,0.44285193
3,0,0,0.20669076
3,0,1,0.6664877
3,0,1,0.7032331
3,0,1,0.78983366
3,1,1,0.83213466
3,1,1,0.8236131
3,1,1,0.8480602
3,0,0,0.4861097
3,0,1,0.51580703
3,1,1,0.86010486
3,0,0,0.22881016
3,1,1,0.9225265
3,1,0,0.47877192
3,0,1,0.79012656
3,0,0,0.49455827
3,1,0,0.28793135
3,0,1,0.6742359
3,1,1,0.79590744
3,0,0,0.35202485
3,1,0,0.42685735
3,0,0,0.27841657
3,1,1,0.8578142
3,1,1,0.7029595
3,1,1,0.8878761
3,1,1,0.70597667
3,1,1,0.54677963
3,1,1,0.846489
3,1,1,0.66670173
3,0,0,0.15647194
3,0,1,0.50226
3,0,0,0.30179328
3,0,1,0.76037574
3,1,0,0.40231362
3,1,0,0.48176265
3,0,0,0.10828004
3,1,1,0.87918
3,0,1,0.5808682
3,0,0,0.41628602
3,1,1,0.62361825
3,0,1,0.8006166
3,0,0,0.12942892
3,1,1,0.65219134
3,0,0,0.33321303
3,1,1,0.5673291
3,1,0,0.3368546
3,0,0,0.23553689
3,1,1,0.80277526
3,0,0,0.44051188
3,1,0,0.20413996
3,1,1,0.75512546
3,0,0,0.39968488
3,0,0,0.4479852
3,0,0,0.20444411
3,1,0,0.18404472
3,0,0,0.2552941
3,1,1,0.69624275
3,0,0,0.20912378
3,0,1,0.5098654
3,1,0,0.39948505
3,0,0,0.19436337
3,1,0,0.37538198
3,0,0,0.41615513
3,0,1,0.5582207
3,1,1,0.7081475
3,1,1,0.5948701
3,1,1,0.8877328
3,1,1,0.7704253
3,1,1,0.59074247
3,1,1,0.53254426
3,1,1,0.59632975
3,0,1,0.74732035
3,0,1,0.5052674
3,0,1,0.7523052
3,0,0,0.33262736
3,0,1,0.5482409
3,0,1,0.53123313
3,1,1,0.67484266
3,0,1,0.7177238
3,1,1,0.7794643
3,0,1,0.6485597
3,1,1,0.51041216
3,1,1,0.666513
3,0,0,0.43770832
3,0,1,0.6714805
3,1,1,0.76927227
3,1,0,0.24478655
3,0,1,0.66684973
3,1,1,0.85158545
3,1,1,0.72988623
3,1,0,0.44389418
3,0,1,0.5804954
3,0,1,0.73225653
3,1,1,0.5402434
3,1,1,0.618031
3,1,0,0.3471389
3,0,0,0.24161457
3,0,1,0.5527235
3,1,0,0.44708973
3,0,1,0.75777763
3,0,0,0.3226339
3,0,1,0.5571928
3,1,0,0.34680185
3,1,1,0.54437596
3,0,0,0.15967783
3,0,0,0.11558535
3,0,0,0.32418504
3,0,0,0.3217729
3,1,1,0.81292075
3,1,1,0.7390464
3,1,0,0.3776577
3,1,1,0.69624597
3,0,1,0.5757487
3,0,1,0.7855673
3,1,1,0.7804431
3,1,1,0.5133735
3,0,1,0.5562673
3,1,1,0.7543795
3,1,1,0.653608
3,0,1,0.6477992
3,0,1,0.7567477
3,0,0,0.3484519
3,1,1,0.5531668
3,1,1,0.5250598
3,0,0,0.43404067
3,0,0,0.36862502
3,1,1,0.8248341
3,1,1,0.7598999
3,0,1,0.69680387
3,1,0,0.361676
3,0,1,0.7380809
3,1,1,0.74547714
3,0,0,0.4159179
3,1,1,0.7092637
3,0,0,0.28472713
3,1,1,0.74442077
3,0,0,0.45498636
3,1,1,0.71669096
3,0,1,0.6560953
3,1,1,0.78081155
3,0,0,0.41730708
3,0,0,0.43649969
3,0,0,0.48195672
3,1,1,0.61283153
3,1,1,0.81081396
3,0,0,0.26267177
3,1,1,0.7546712
3,0,0,0.37767297
3,0,0,0.32877985
3,1,1,0.7437481
3,0,0,0.1742649
3,1,1,0.7420997
3,0,0,0.3201569
3,1,1,0.8131718
3,0,0,0.26490694
3,0,0,0.29073906
3,0,0,0.0951964
3,0,0,0.37351152
3,1,1,0.60124063
3,1,1,0.56390697
3,1,1,0.6873267
3,1,0,0.31638932
3,1,1,0.5152232
3,0,0,0.46303517
3,0,0,0.21082735
3,0,0,0.2564582
3,1,1,0.6652576
3,0,0,0.18495926
3,1,0,0.35787472
3,0,0,0.30478537
3,1,1,0.5262916
3,0,1,0.6493985
3,0,0,0.35517967
3,0,0,0.31836566
3,1,0,0.47718358
3,1,1,0.7762779
3,0,1,0.6701274
3,0,0,0.39519975
3,0,0,0.14856812
3,0,0,0.13292667
3,1,1,0.91211337
3,1,1,0.6641391
3,0,1,0.85020524
3,1,1,0.71419483
3,1,1,0.6961519
3,1,1,0.52886784
3,0,1,0.73328775
3,0,1,0.6121446
3,1,0,0.41763496
3,1,1,0.55761075
3,0,0,0.45456585
3,0,0,0.40387258
3,0,1,0.52494377
3,0,1,0.53523386
3,0,0,0.39318094
3,1,0,0.44211924
3,0,1,0.9116363
3,0,1,0.50715005
3,1,1,0.84039825
3,1,0,0.38996455
3,0,1,0.8878512
3,0,1,0.69755626
3,0,1,0.6120583
3,1,1,0.77595675
3,1,1,0.7490457
3,1,1,0.799957
3,1,1,0.74251395
3,1,1,0.77502596
3,0,0,0.22771683
3,0,0,0.10188596
3,1,1,0.8243479
3,1,1,0.875386
3,1,1,0.70539576
3,0,0,0.29002082
3,0,0,0.49516177
3,1,0,0.41965836
3,0,0,0.44980732
3,1,1,0.59688765
3,0,1,0.6147738
3,0,0,0.47605705
3,0,1,0.52972305
3,0,0,0.43463624
3,0,1,0.52237034
3,1,1,0.6064442
3,0,0,0.34337306
3,1,1,0.5031379
3,1,1,0.6259407
3,0,0,0.2141537
3,1,0,0.31191754
3,0,1,0.8541273
3,0,0,0.3794981
3,1,1,0.75845665
3,1,1,0.5520446
3,1,1,0.84578454
3,1,1,0.559785
3,1,1,0.6410709
3,1,1,0.82188374
3,1,0,0.48467496
3,0,1,0.5850641
3,0,0,0.3813916
3,0,0,0.2330492
3,0,0,0.27072656
3,1,1,0.7096793
3,0,0,0.3668252
3,0,1,0.7638736
3,1,1,0.9547227
3,0,1,0.8098694
3,0,1,0.79609597
3,0,0,0.18541297
3,1,1,0.539572
3,1,1,0.51182646
3,0,1,0.5636031
3,0,0,0.14172003
3,1,1,0.6094233
3,0,1,0.58603567
3,0,1,0.8523089
3,1,1,0.83762604
3,0,1,0.6170723
3,0,1,0.83261627
3,1,1,0.68897283
3,0,0,0.43919036
3,1,1,0.72736216
3,0,0,0.32952377
3,1,0,0.30083537
3,1,0,0.14751674
3,1,1,0.86648667
3,0,1,0.6169497
3,0,0,0.16439067
3,0,1,0.57628554
3,1,1,0.7262468
3,0,1,0.5076079
3,1,0,0.39811754
3,0,0,0.39494815
3,0,0,0.34779733
3,1,1,0.5241042
3,0,0,0.3361183
3,1,0,0.46257624
3,1,0,0.38689354
3,1,0,0.24676779
3,1,0,0.29953966
3,1,1,0.57464945
3,0,1,0.7376014
3,1,0,0.26293436
3,0,0,0.37546822
3,0,0,0.26846838
3,0,1,0.7384269
3,0,1,0.7295186
3,0,0,0.37556693
3,1,1,0.5957456
3,1,0,0.41393274
3,0,0,0.45929146
3,0,1,0.50410855
3,0,1,0.55752057
3,1,0,0.20304501
3,1,0,0.30947512
3,1,1,0.8112988
3,0,0,0.2033977
3,1,1,0.8291326
3,0,0,0.3863179
3,1,1,0.51472497
3,0,1,0.54728967
3,0,1,0.53555906
3,0,0,0.47312486
3,0,0,0.06968247
3,0,1,0.59571296
3,1,1,0.66654664
3,0,0,0.24770817
3,0,1,0.862712
3,1,1,0.705425
3,1,0,0.32880774
3,0,1,0.7205959
3,0,0,0.45120743
3,0,0,0.4531792
3,1,1,0.6344938
3,0,1,0.6240521
3,1,1,0.80544823
3,0,1,0.6996449
3,0,0,0.42675447
3,1,1,0.80898684
3,1,1,0.5766984
3,1,0,0.09376475
3,1,1,0.7004683
3,0,0,0.17179206
3,1,1,0.76342314
3,1,1,0.7243068
3,0,0,0.38991484
3,0,1,0.6526311
3,0,1,0.5863736
3,0,0,0.09522567
3,1,1,0.6353564
3,0,0,0.21161762
3,1,0,0.4920544
3,1,1,0.6269883
3,1,0,0.43603185
3,0,1,0.5816535
3,1,1,0.50295866
3,1,0,0.4376153
3,0,0,0.17118695
3,0,1,0.66185457
3,0,0,0.45697886
3,0,1,0.5332552
3,1,1,0.5683294
3,1,1,0.5897011
3,1,1,0.76315296
3,0,0,0.13977703
3,1,1,0.72529
3,1,0,0.41861245
3,0,0,0.25614077
3,1,1,0.9078019
3,0,0,0.35706866
3,1,1,0.68386424
3,0,0,0.34665683
3,0,1,0.5767816
3,1,0,0.36431587
3,1,1,0.71570116
3,1,1,0.7436691
3,0,1,0.55513746
3,0,0,0.43196562
3,0,1,0.5873243
3,1,1,0.72541714
3,0,0,0.31100038
3,0,0,0.4172158
3,1,1,0.88758504
3,0,0,0.33869234
3,1,0,0.44065008
3,0,1,0.5391671
3,0,1,0.85286546
3,0,1,0.58317393
3,1,0,0.48656207
3,1,1,0.8531097
3,1,1,0.9097223
3,1,1,0.73441076
3,1,1,0.7172631
3,0,1,0.7206398
3,0,1,0.8628943
3,0,0,0.3274047
3,1,1,0.6880873
3,0,0,0.08173842
3,0,0,0.15224203
3,1,1,0.78370136
3,1,1,0.7156281
3,0,0,0.36102673
3,0,0,0.20565376
3,1,1,0.7864089
3,0,0,0.41720745
3,1,1,0.71832
3,1,0,0.47693953
3,0,1,0.75859135
3,1,0,0.46920785
3,0,1,0.75345343
3,1,0,0.3871898
3,1,0,0.27644935
3,1,0,0.08943766
3,0,1,0.58527625
3,0,0,0.48991477
3,0,1,0.6997521
3,0,0,0.43855372
3,0,0,0.31152567
3,1,1,0.8937401
3,1,1,0.804037
3,0,1,0.5240962
3,0,0,0.33913064
3,0,1,0.78683966
3,0,1,0.74735934
3,1,1,0.757513
3,1,0,0.3745505
3,0,0,0.4352647
3,1,1,0.77818155
3,0,1,0.645915
3,1,0,0.49287045
3,0,0,0.38776213
3,0,1,0.64680547
3,1,1,0.79952675
3,1,1,0.50568235
3,1,1,0.5753541
3,1,1,0.74804354
3,0,0,0.17910606
3,0,1,0.53053117
3,1,1,0.700863
3,0,0,0.43720642
3,0,0,0.23436089
3,0,1,0.77893233
3,0,1,0.7858062
3,0,0,0.38440868
3,0,1,0.71859914
3,1,1,0.7250555
3,0,1,0.814313
3,0,0,0.43760318
3,1,1,0.7165558
3,0,1,0.8239849
3,0,0,0.374119
3,1,1,0.81440556
3,1,1,0.6514273
3,1,1,0.66846204
3,0,0,0.38996455
3,1,1,0.7846908
3,0,0,0.12848608
3,0,0,0.4656024
3,0,0,0.31387907
3,1,1,0.916028
3,0,1,0.59825176
3,0,1,0.6092458
3,0,1,0.54952615
3,0,1,0.859653
3,1,1,0.8863384
3,0,0,0.14885709
3,1,1,0.84274435
3,1,1,0.79948926
3,0,1,0.60153216
3,1,1,0.83896464
3,0,0,0.38373262
3,0,1,0.514582
3,1,1,0.69238114
3,1,1,0.70193213
3,0,0,0.41906285
3,1,1,0.61881304
3,1,1,0.7103844
3,0,1,0.6302341
3,1,1,0.7403501
3,1,0,0.40492892
3,0,0,0.33428696
3,1,0,0.3996487
3,0,0,0.4532815
3,1,1,0.5061722
3,1,1,0.5486193
3,0,0,0.32426697
3,1,0,0.2435439
3,0,0,0.3508937
3,0,1,0.54146266
3,0,0,0.2401339
3,1,0,0.31526524
3,0,0,0.33024982
3,0,1,0.8199986
3,1,0,0.3439617
3,0,1,0.5465817
3,0,0,0.48331514
3,1,1,0.708376
3,0,1,0.6863148
3,1,1,0.84045
3,1,1,0.7645045
3,0,1,0.5657925
3,0,0,0.2896744
3,1,0,0.45203692
3,0,0,0.2049695
3,1,1,0.6886786
3,0,1,0.7142336
3,1,1,0.746799
3,1,0,0.28939912
3,1,1,0.8514923
3,1,1,0.8803854
3,1,1,0.79723835
3,1,1,0.84857965
3,0,1,0.5816202
3,1,1,0.7195084
3,0,1,0.5093183
3,1,1,0.8270957
3,1,0,0.4984814
3,0,0,0.13878715
3,1,1,0.79795593
3,1,1,0.7949826
3,1,1,0.8862722
3,1,1,0.5784816
3,0,0,0.36122227
3,0,0,0.14662562
3,1,1,0.9054219
3,0,1,0.70083535
3,0,1,0.899131
3,0,1,0.6488602
3,1,1,0.757675
3,0,1,0.7719552
3,1,1,0.8537956
3,1,1,0.61967164
3,1,1,0.91692054
3,1,1,0.7701086
3,1,1,0.8915618
3,1,1,0.81539434
3,0,1,0.6174622
3,1,1,0.79504204
3,0,1,0.701257
3,0,1,0.54837096
3,0,1,0.8135943
3,0,0,0.39315948
3,0,0,0.20937443
3,1,0,0.4201628
3,1,1,0.8517804
3,0,0,0.30721736
3,0,0,0.13675997
3,0,0,0.38296795
3,1,1,0.7694832
3,0,0,0.19166194
3,1,1,0.8248692
3,1,0,0.22321495
3,0,0,0.39678827
3,0,0,0.42491636
3,1,1,0.7822697
3,1,1,0.82551926
3,1,1,0.5800568
3,1,1,0.7929589
3,1,1,0.843323
3,1,1,0.87120336
3,1,1,0.76251125
3,1,1,0.7454289
3,0,0,0.34556758
3,0,1,0.789109
3,0,1,0.6027108
3,0,0,0.12312737
3,0,1,0.5623141
3,1,1,0.8167847
3,0,1,0.5656558
3,0,0,0.46525088
3,1,1,0.73630303
3,0,0,0.1361111
3,0,0,0.494386
3,1,1,0.618411
3,1,1,0.5538591
3,0,0,0.10731783
3,1,1,0.8419712
3,1,1,0.67392695
3,1,1,0.6192983
3,1,1,0.5131571
3,1,1,0.6176253
3,0,1,0.6079984
3,1,1,0.80129904
3,0,0,0.25583914
3,0,1,0.79585993
3,1,1,0.5909827
3,1,1,0.7962126
3,0,0,0.26411033
3,1,1,0.574915
3,0,0,0.1521989
3,0,0,0.49977118
3,0,1,0.5267477
3,0,0,0.23638496
3,1,1,0.6059261
3,0,1,0.7665077
3,0,1,0.7625062
3,1,1,0.629206
3,0,1,0.5148075
3,0,0,0.4537191
3,1,1,0.6497364
3,0,0,0.4283485
3,0,1,0.8664183
3,1,1,0.8502012
3,1,1,0.5518649
3,0,1,0.5827165
3,1,1,0.9024932
3,0,1,0.7939175
3,1,1,0.65407836
3,0,0,0.47716293
3,1,1,0.907309
3,1,1,0.759026
3,1,1,0.80630213
3,1,1,0.7105894
3,1,1,0.621963
3,0,1,0.6662023
3,0,0,0.49298367
3,0,1,0.61061275
3,1,1,0.8934593
3,1,1,0.8687256
3,1,1,0.89664316
3,1,1,0.8318397
3,0,0,0.4041246
3,0,1,0.5529093
3,0,0,0.16347624
3,1,1,0.6582614
3,1,1,0.6755525
3,0,0,0.32072547
3,0,0,0.11929901
3,1,1,0.65347725
3,0,0,0.3109695
3,1,1,0.87087023
3,1,1,0.5742731
3,1,1,0.592468
3,0,0,0.46501788
3,1,1,0.6703689
3,1,1,0.8792239
3,0,0,0.41267952
3,0,0,0.19719855
3,0,0,0.42602316
3,1,1,0.6796945
3,0,0,0.20225424
3,1,0,0.20443423
3,0,0,0.3369686
3,0,0,0.097739086
3,1,1,0.81570107
3,0,0,0.40275916
3,0,0,0.4253972
3,0,0,0.26838842
3,1,1,0.7685553
3,0,0,0.45406935
3,0,1,0.61232096
3,1,1,0.85521597
3,1,1,0.83010066
3,0,0,0.3001895
3,1,1,0.7857843
3,0,0,0.29784593
3,0,0,0.43226567
3,1,1,0.72175306
3,0,0,0.3268294
3,0,0,0.32045805
3,0,0,0.19748111
3,1,1,0.6895842
3,1,1,0.6271834
3,1,0,0.35170835
3,0,0,0.09579518
3,1,1,0.8348997
3,1,1,0.7312457
3,0,0,0.23030645
3,0,1,0.51166254
3,0,0,0.35843477
3,1,1,0.6425092
3,1,1,0.67451787
3,0,0,0.18644583
3,0,0,0.33555755
3,0,0,0.29705417
3,1,1,0.79905444
3,0,1,0.55619776
3,0,0,0.22001438
3,1,1,0.8103545
3,0,0,0.356887
3,0,1,0.54573333
3,0,0,0.28196412
3,1,0,0.3897041
3,0,1,0.5357408
3,0,1,0.7214804
3,1,1,0.81815994
3,0,0,0.40207332
3,1,0,0.42312813
3,0,0,0.18182544
3,1,1,0.602316
3,0,1,0.6323439
3,1,1,0.85904026
3,1,1,0.8011182
3,0,1,0.51176655
3,1,1,0.7130856
3,0,0,0.16349624
3,1,1,0.8148107
3,1,1,0.7268317
3,1,1,0.65181816
3,0,1,0.743455
3,0,0,0.33432683
3,0,0,0.42040682
3,1,1,0.76149863
3,0,0,0.31905517
3,1,1,0.75735134
3,1,1,0.6580603
3,1,1,0.8767316
3,0,1,0.776817
3,0,0,0.37456882
3,1,1,0.7504224
3,0,1,0.57616967
3,0,0,0.35983303
3,0,0,0.0803516
3,1,1,0.84850854
3,0,0,0.2357305
3,1,1,0.5474893
3,0,1,0.7263769
3,0,1,0.5318905
3,0,0,0.4566024
3,0,0,0.33496478
3,0,0,0.38725004
3,1,1,0.6871193
3,0,1,0.5658977
3,1,1,0.8440072
3,0,0,0.20376651
3,1,1,0.8378932
3,1,1,0.55073357
3,1,1,0.6517164
3,1,1,0.71380734
3,0,0,0.30863932
3,0,0,0.32948878
3,0,0,0.1963554
3,0,1,0.7478336
3,1,1,0.8159834
3,0,0,0.38545635
3,1,0,0.36884877
3,0,0,0.2763068
3,0,0,0.26960114
3,0,1,0.6305545
3,0,0,0.20492172
3,1,1,0.60718125
3,0,0,0.27127415
3,1,0,0.37350646
3,1,1,0.75184053
3,1,1,0.64480734
3,1,1,0.57932854
3,0,0,0.19197011
3,0,0,0.38582242
3,1,0,0.42586464
3,1,1,0.746316
3,1,1,0.65493524
3,0,1,0.645983
3,0,1,0.6347766
3,1,0,0.43258616
3,1,0,0.47216982
3,1,1,0.8045161
3,0,0,0.15772547
3,1,1,0.5219076
3,0,0,0.38523558
3,1,1,0.7593218
3,0,1,0.7200111
3,1,1,0.6130706
3,0,0,0.32666856
3,0,1,0.6943204
3,0,0,0.1491424
3,0,1,0.52390003
3,0,0,0.060741186
3,1,1,0.89626956
3,0,0,0.45155412
3,1,1,0.64030945
3,1,0,0.40148804
3,1,1,0.55216265
3,1,1,0.7413172
3,1,1,0.7512484
3,1,1,0.8305023
3,1,1,0.644828
3,0,0,0.43610266
3,1,1,0.81311303
3,1,1,0.5905142
3,0,0,0.42563474
3,1,1,0.91152817
3,1,0,0.19796845
3,0,0,0.43124026
3,1,0,0.33093068
3,1,0,0.18690713
3,0,0,0.35381535
3,0,0,0.23615052
3,1,0,0.21170975
3,1,0,0.27293062
3,0,0,0.12797734
3,0,0,0.3454523
3,0,1,0.65464795
3,1,1,0.8110244
3,0,0,0.36672696
3,1,1,0.50353
3,0,0,0.46524644
3,1,0,0.45058674
3,0,1,0.7958296
3,0,0,0.2627117
3,1,1,0.6961134
3,1,0,0.48012644
3,0,0,0.45279825
3,0,0,0.3316023
3,1,1,0.66628927
3,1,1,0.73555213
3,0,0,0.103862144
3,1,1,0.6141198
3,0,0,0.23452932
3,0,0,0.410978
3,0,1,0.5904315
3,0,0,0.405999
3,1,1,0.75435346
3,0,0,0.109955676
3,1,1,0.50132143
3,0,1,0.8187905
3,0,1,0.58989036
3,1,1,0.91739064
3,1,1,0.63771695
3,1,0,0.3076848
3,0,0,0.3191827
3,1,0,0.3010792
3,1,0,0.3569875
3,0,1,0.7529333
3,1,0,0.41947046
3,0,0,0.16061878
3,0,0,0.2643532
3,0,0,0.42926136
3,0,0,0.4709267
3,0,0,0.17468716
3,0,1,0.8742171
3,1,1,0.7593606
3,0,1,0.68739444
3,1,1,0.82303303
3,1,1,0.85411745
3,1,0,0.29696906
3,0,1,0.6125272
3,1,1,0.66901076
3,1,1,0.86353976
3,0,1,0.73747563
3,1,1,0.6567124
3,0,0,0.47297743
3,1,1,0.64691573
3,0,1,0.57200766
3,0,1,0.7579485
3,0,0,0.40944245
3,0,1,0.6141264
3,1,1,0.800713
3,0,0,0.21079373
3,1,1,0.74121034
3,1,1,0.85368305
3,0,1,0.79198253
3,1,1,0.83544093
3,1,1,0.79984
3,0,0,0.26261207
3,0,0,0.40259445
3,1,1,0.60299873
3,1,1,0.67411155
3,1,1,0.6301619
3,0,0,0.37752515
3,1,1,0.70116717
3,0,1,0.55924666
3,0,0,0.1732512
3,0,1,0.6801777
3,0,1,0.770493
3,0,0,0.49114802
3,1,1,0.7423056
3,0,0,0.46427327
3,1,1,0.8721471
3,1,1,0.56437224
3,1,1,0.8007802
3,0,0,0.33807772
3,1,1,0.78740394
3,1,1,0.828616
3,1,1,0.8530297
3,0,0,0.4208455
3,0,0,0.17921874
3,1,1,0.66593176
3,1,1,0.63526267
3,0,1,0.7361081
3,0,1,0.71164453
3,0,1,0.7280782
3,0,0,0.06511646
3,0,0,0.30841756
3,0,0,0.16868244
3,0,0,0.14457157
3,0,0,0.13555431
3,1,1,0.68063986
3,0,1,0.5203735
3,1,1,0.69111
3,1,1,0.63554037
3,1,1,0.52624655
3,1,1,0.7436099
3,0,1,0.7931514
3,0,0,0.09971241
3,1,1,0.77355117
3,1,1,0.7827219
3,0,0,0.36894846
3,1,1,0.8075461
3,1,1,0.75557184
3,0,1,0.6846996
3,1,1,0.6021928
3,1,1,0.6588601
3,0,1,0.5675278
3,0,0,0.30545294
3,1,1,0.84392077
3,0,0,0.1892855
3,0,1,0.70665807
3,0,1,0.59283984
3,1,0,0.48592696
3,0,0,0.15759926
3,1,1,0.7145335
3,1,0,0.15841673
3,0,1,0.5704518
3,0,0,0.41236302
3,1,1,0.70004404
3,0,1,0.83209306
3,1,1,0.859302
3,1,1,0.69393885
3,0,0,0.19117986
3,1,0,0.4974818
3,0,1,0.5909061
3,0,0,0.37646544
3,0,0,0.49708557
3,1,1,0.7071293
3,0,0,0.10147528
3,0,1,0.56775296
3,0,0,0.19388123
3,1,0,0.37328333
3,1,1,0.8215847
3,0,0,0.19820814
3,1,1,0.53598255
3,0,0,0.28649282
3,1,1,0.8447689
3,0,1,0.7416245
3,1,0,0.48824286
3,0,1,0.6590496
3,1,1,0.82523346
3,0,0,0.15486696
3,1,1,0.57879615
3,0,1,0.54625815
3,0,1,0.73145765
3,0,1,0.56967306
3,1,1,0.9508828
3,1,1,0.80384964
3,1,0,0.29008296
3,0,1,0.5254784
3,1,1,0.8566356
3,0,1,0.5530925
3,0,0,0.44655696
3,1,0,0.47273964
3,1,1,0.80870056
3,0,0,0.3432702
3,0,0,0.11436334
3,0,0,0.12848477
3,0,1,0.7330378
3,0,1,0.65255696
3,1,0,0.31530613
3,1,1,0.8397628
3,0,1,0.7294981
3,0,0,0.41173288
3,0,0,0.16663522
3,1,1,0.6837138
3,1,1,0.70526797
3,0,0,0.45153308
3,1,1,0.80198336
3,0,1,0.8151386
3,0,0,0.3765257
3,1,1,0.6507517
3,1,1,0.76217574
3,1,1,0.5922024
3,0,1,0.747655
3,0,0,0.41175988
3,1,1,0.6550517
3,1,1,0.77034813
3,1,1,0.59961945
3,0,0,0.3237624
3,0,1,0.55497265
3,0,1,0.5455709
3,0,0,0.32199997
3,0,1,0.7065946
3,1,1,0.6627311
3,0,1,0.88862324
3,1,1,0.6654463
3,1,1,0.74293035
3,0,1,0.7234936
3,0,0,0.14304464
3,1,1,0.55419934
3,0,0,0.3691051
3,1,1,0.7015963
3,1,0,0.3973272
3,0,1,0.6627031
3,0,0,0.25323814
3,0,1,0.58089083
3,1,0,0.440285
3,1,0,0.3018555
3,1,1,0.6950992
3,1,0,0.49069646
3,1,1,0.8096537
3,0,0,0.38085318
3,1,1,0.65712154
3,0,0,0.29886577
3,0,0,0.2878599
3,0,0,0.25135317
3,0,0,0.42254674
3,1,0,0.25098553
3,0,0,0.32947445
3,1,1,0.7414029
3,0,0,0.3880295
3,0,0,0.289257
3,1,1,0.6192851
3,1,1,0.51888907
3,0,0,0.29364714
3,0,0,0.2948132
3,1,1,0.8827524
3,0,0,0.44856414
3,1,1,0.6185221
3,1,1,0.58824575
3,0,1,0.7196313
3,0,0,0.4806547
3,0,0,0.37973413
3,0,0,0.065832086
3,1,0,0.1897219
3,0,0,0.36339384
3,0,1,0.83714634
3,0,0,0.33927193
3,1,1,0.7244337
3,1,0,0.4351182
3,0,0,0.41538996
3,0,1,0.7192086
3,0,0,0.41392475
3,0,0,0.17612617
3,1,1,0.52048695
3,1,0,0.28726888
3,1,1,0.69054854
3,1,1,0.5987535
3,0,0,0.32570153
3,1,1,0.87804204
3,0,0,0.42940316
3,1,1,0.76293933
3,1,0,0.36280808
3,0,1,0.66849655
3,0,0,0.3440307
3,0,0,0.14609677
3,1,1,0.7093767
3,0,1,0.74334085
3,1,1,0.502934
3,1,1,0.5455499
3,1,1,0.57549906
3,0,1,0.5471183
3,0,0,0.13842101
3,0,1,0.6124037
3,1,1,0.9051975
3,1,1,0.69826907
3,0,0,0.09094175
3,0,0,0.16128609
3,1,1,0.6334927
3,0,0,0.19086765
3,0,0,0.2980497
3,0,1,0.70685536
3,0,1,0.62305814
3,0,1,0.5620814
3,1,1,0.81953317
3,1,1,0.72702765
3,1,1,0.802983
3,0,1,0.7114088
3,0,0,0.29741907
3,0,1,0.6473396
3,1,1,0.51221764
3,0,0,0.17556001
3,1,0,0.09092667
3,0,1,0.5574355
3,0,0,0.27975827
3,0,1,0.64496005
3,0,1,0.51888174
3,0,0,0.38728753
3,1,0,0.44099224
3,1,1,0.6632306
3,1,1,0.83307636
3,1,0,0.32956788
3,0,1,0.83373344
3,1,1,0.7872562
3,1,0,0.37807477
3,0,1,0.7794407
3,1,1,0.62992954
3,1,1,0.57268405
3,1,0,0.45772293
3,1,1,0.6279168
3,0,1,0.61944103
3,0,1,0.6258257
3,0,0,0.41061705
3,0,1,0.5203735
3,1,1,0.76299626
3,1,1,0.81463027
3,0,0,0.3658163
3,1,1,0.88398415
3,0,0,0.28932837
3,1,1,0.6268675
3,0,0,0.37432212
3,0,0,0.26220182
3,0,0,0.090845115
3,0,1,0.78254604
3,1,1,0.648535
3,0,1,0.6282224
3,0,1,0.58094805
3,1,1,0.7515802
3,1,1,0.63099366
3,1,1,0.7930771
3,0,0,0.38259727
3,0,0,0.18942422
3,1,1,0.7475358
3,0,1,0.52784127
3,1,1,0.7631848
3,0,0,0.40233147
3,1,1,0.6926503
3,0,0,0.37851086
3,1,1,0.90329576
3,1,1,0.82253414
3,0,1,0.60470426
3,0,1,0.66771746
3,1,1,0.7816141
3,0,0,0.4257645
3,1,1,0.55752504
3,0,0,0.19464436
3,0,0,0.13906702
3,0,0,0.20741197
3,0,1,0.6452007
3,1,1,0.77887535
3,0,0,0.19803727
3,0,0,0.14464726
3,1,1,0.78415287
3,1,1,0.57282525
3,0,0,0.29787493
3,1,1,0.843046
3,0,1,0.58610344
3,1,1,0.73854095
3,1,1,0.5633682
3,1,1,0.5832386
3,0,1,0.52629524
3,0,0,0.41168633
3,0,0,0.20132495
3,0,0,0.131801
3,1,1,0.6909859
3,1,1,0.73919255
3,0,1,0.5705316
3,1,1,0.85419077
3,0,0,0.47119302
3,0,0,0.29181585
3,1,1,0.6738918
3,1,1,0.6263787
3,1,1,0.7788308
3,0,1,0.6615064
3,0,1,0.5220211
3,1,1,0.52740425
3,0,1,0.7591841
3,0,0,0.12860556
3,0,1,0.7288927
3,0,0,0.2846791
3,1,1,0.7902773
3,1,1,0.74597704
3,0,0,0.18838525
3,0,0,0.10434419
3,1,1,0.7017233
3,1,1,0.8806147
3,0,0,0.10869254
3,0,0,0.41646045
3,0,0,0.42762253
3,0,0,0.4328505
3,1,1,0.7974588
3,0,1,0.69117564
3,0,1,0.59373444
3,1,1,0.62649065
3,1,1,0.6956549
3,1,1,0.8550507
3,1,1,0.84959507
3,0,0,0.3621583
3,0,1,0.527262
3,1,1,0.6261031
3,0,1,0.654717
3,0,0,0.08173098
3,0,0,0.14170544
3,0,1,0.5283095
3,0,0,0.31263834
3,0,0,0.19127882
3,1,0,0.31322333
3,1,1,0.868938
3,1,0,0.4320019
3,0,0,0.28198397
3,1,1,0.8325987
3,0,1,0.66432375
3,1,1,0.70989376
3,1,1,0.8121789
3,0,0,0.45264977
3,1,1,0.6013696
3,0,0,0.31894735
3,1,1,0.6796976
3,1,1,0.7917447
3,0,1,0.6977062
3,0,1,0.6904823
3,0,1,0.6637974
3,1,1,0.76080966
3,1,1,0.72710365
3,1,1,0.769282
3,1,0,0.427622
3,0,0,0.30673262
3,0,0,0.20413399
3,1,1,0.76915073
3,0,0,0.4457077
3,1,1,0.6036704
3,1,0,0.4367583
3,1,1,0.5704325
3,0,0,0.24584928
3,0,1,0.56331706
3,0,1,0.574836
3,0,0,0.452198
3,1,0,0.36856997
3,1,0,0.4486152
3,0,0,0.37245682
3,0,0,0.06866886
3,0,1,0.7664538
3,1,0,0.4649615
3,0,1,0.5444466
3,0,0,0.16417347
3,1,0,0.3794873
3,1,1,0.68873066
3,0,0,0.43326113
3,0,1,0.5359313
3,0,0,0.28851318
3,0,1,0.8523391
3,0,1,0.8072428
3,1,1,0.70760393
3,1,1,0.77067953
3,0,0,0.40027088
3,1,1,0.7453042
3,1,1,0.80105
3,0,0,0.46702683
3,1,1,0.8263315
3,1,1,0.7237663
3,1,0,0.46077746
3,0,0,0.24040416
3,1,1,0.60968
3,0,1,0.69836146
3,0,1,0.54355174
3,1,1,0.67739314
3,1,0,0.29425412
3,1,0,0.4334854
3,0,0,0.16394372
3,0,1,0.876109
3,1,1,0.6257572
3,0,1,0.7428438
3,1,0,0.35760215
3,1,0,0.31061417
3,0,1,0.64209735
3,0,1,0.7030146
3,1,1,0.6330365
3,1,0,0.44472787
3,1,1,0.5602623
3,1,0,0.48022404
3,0,0,0.30924484
3,0,1,0.7804841
3,1,1,0.5661615
3,1,1,0.50523424
3,1,1,0.5745956
3,0,1,0.5003915
3,0,1,0.58100057
3,0,1,0.70773137
3,1,1,0.74959695
3,0,1,0.5292148
3,0,1,0.64803666
3,0,1,0.57122076
3,0,0,0.34065154
3,1,1,0.5953625
3,1,1,0.54096013
3,0,0,0.16676277
3,1,1,0.7570739
3,1,0,0.18994597
3,1,0,0.40869957
3,1,1,0.6429235
3,0,0,0.43360755
3,0,1,0.56820506
3,0,1,0.55418074
3,0,0,0.13421632
3,1,1,0.62219083
3,1,1,0.66902274
3,0,0,0.09968687
3,0,1,0.6842656
3,1,1,0.8787891
3,0,0,0.42311692
3,0,1,0.7462853
3,1,1,0.79440457
3,1,1,0.5458196
3,0,0,0.35850582
3,1,1,0.75216466
3,0,0,0.44992152
3,0,1,0.5310011
3,1,0,0.17557143
3,0,0,0.37606102
3,0,0,0.32629296
3,1,1,0.681978
3,1,0,0.26447392
3,0,0,0.2867822
3,1,1,0.8765739
3,1,1,0.6838168
3,1,1,0.7905633
3,1,1,0.73308986
3,0,1,0.50362486
3,0,0,0.14231187
3,0,1,0.7074823
3,0,1,0.6342585
3,0,1,0.52592605
3,0,0,0.19020508
3,0,0,0.10684443
3,0,1,0.7832717
3,0,0,0.05766541
3,1,1,0.70470834
3,1,1,0.7357817
3,0,0,0.3484519
3,1,0,0.4298131
3,1,1,0.86269224
3,1,1,0.76346904
3,0,1,0.5531668
3,0,1,0.5250598
3,1,1,0.7769601
3,1,1,0.5937973
3,0,0,0.35516933
3,1,1,0.5521341
3,0,0,0.21944049
3,0,1,0.6454404
3,0,1,0.8321137
3,0,1,0.65371156
3,1,1,0.5531668
3,1,1,0.5250598
3,0,0,0.43404067
3,0,0,0.4016724
3,1,1,0.75253206
3,1,1,0.7598999
3,0,0,0.237126
3,1,1,0.7731564
3,1,1,0.64039505
3,1,1,0.868037
3,0,1,0.69680387
3,1,0,0.361676
3,0,1,0.7401428
3,0,1,0.59532547
3,0,0,0.39401546
3,0,1,0.77977175
3,1,0,0.35764185
3,0,1,0.8103886
3,0,0,0.47221994
3,1,1,0.71980786
3,0,0,0.46558282
3,0,0,0.333238
3,0,1,0.56899446
3,1,1,0.8152528
3,0,0,0.49022263
3,1,1,0.6837778
3,1,0,0.4641898
3,0,1,0.79746455
3,0,1,0.56212866
3,1,1,0.6686391
3,1,1,0.8819586
3,1,1,0.800936
3,1,1,0.8701011
3,1,1,0.5596643
3,1,1,0.53686804
3,0,0,0.32206348
3,1,1,0.58219767
3,0,0,0.19603194
3,1,0,0.25072363
3,1,1,0.5674369
3,0,1,0.6787333
3,0,0,0.28005618
3,0,1,0.50401366
3,1,0,0.46936545
3,0,0,0.15647298
3,0,0,0.2773264
3,0,0,0.15853785
3,1,0,0.11592303
3,1,0,0.4208134
3,1,1,0.67635673
3,1,1,0.8854446
3,1,1,0.7646128
3,0,0,0.28385562
3,1,0,0.39495525
3,0,0,0.21482457
3,0,0,0.44153535
3,0,1,0.7574016
3,1,0,0.38149565
3,1,1,0.610239
3,1,1,0.82440996
3,0,1,0.85625386
3,1,1,0.82647914
3,1,1,0.6488059
3,1,0,0.46151763
3,0,1,0.60504067
3,0,0,0.14592044
3,0,0,0.115111165
3,0,1,0.5718986
3,0,0,0.16111118
3,0,1,0.5483946
3,0,1,0.5168494
3,0,0,0.1352579
3,0,0,0.26532432
3,1,1,0.6853754
3,1,1,0.6763497
3,0,0,0.38118276
3,1,1,0.7321153
3,0,1,0.50958174
3,0,1,0.58213556
3,0,1,0.5254121
3,1,1,0.75332063
3,1,1,0.53553694
3,1,1,0.7423315
3,0,1,0.58052146
3,1,1,0.6455719
3,1,1,0.68604594
3,0,1,0.64041936
3,0,0,0.21864177
3,1,1,0.8234687
3,1,0,0.42940864
3,0,0,0.39079073
3,1,1,0.7515211
3,0,0,0.32674104
3,0,1,0.6059881
3,1,1,0.7194414
3,0,1,0.5417484
3,1,1,0.7211718
3,0,0,0.078321144
3,1,1,0.7600949
3,1,1,0.53587586
3,0,1,0.6778398
3,1,1,0.90938693
3,0,1,0.6082501
3,0,1,0.52020806
3,0,0,0.1675738
3,0,1,0.8896209
3,0,1,0.57323366
3,0,1,0.54027355
3,1,1,0.6120872
3,1,1,0.8299864
3,1,1,0.80901074
3,0,1,0.6035632
3,1,1,0.80491126
3,1,1,0.80828696
3,0,0,0.49337327
3,1,1,0.5533906
3,1,1,0.6236631
3,1,1,0.8307468
3,1,0,0.2805367
3,1,0,0.43220156
3,0,0,0.24089813
3,0,1,0.506487
3,1,0,0.4848649
3,0,1,0.7371193
3,1,1,0.51362264
3,1,1,0.50312525
3,0,1,0.6150401
3,1,1,0.86261886
3,0,0,0.4941977
3,1,1,0.7691969
3,0,1,0.5872438
3,0,1,0.53391975
3,0,1,0.51647943
3,0,0,0.26996908
3,0,1,0.6069458
3,1,1,0.65604335
3,1,1,0.6806843
3,1,1,0.8052872
3,0,0,0.41099367
3,1,1,0.70035064
3,1,1,0.82406324
3,1,1,0.5581643
3,0,1,0.7025927
3,0,0,0.3283748
3,0,0,0.15445296
3,1,1,0.73035514
3,1,1,0.5260768
3,1,0,0.27829644
3,0,1,0.60901904
3,1,1,0.6598863
3,0,0,0.09916127
3,0,1,0.7072614
3,1,1,0.6527688
3,0,1,0.8464519
3,0,0,0.3285142
3,0,0,0.36391392
3,0,0,0.4715451
3,1,1,0.7908317
3,0,0,0.4724309
3,1,1,0.6611899
3,1,0,0.4750985
3,1,0,0.42316326
3,0,0,0.091018744
3,0,0,0.463884
3,0,0,0.119011156
3,0,1,0.664693
3,0,1,0.70000666
3,1,0,0.33298644
3,1,0,0.2630336
3,0,0,0.39577457
3,0,1,0.71247476
3,1,1,0.72297746
3,1,0,0.41390672
3,0,1,0.56161
3,0,0,0.22207697
3,1,1,0.75834304
3,1,0,0.44697228
3,0,1,0.530815
3,1,1,0.7920198
3,0,1,0.52210677
3,0,1,0.54128397
3,1,1,0.5973121
3,0,0,0.33964285
3,1,1,0.70713407
3,0,0,0.39612737
3,1,0,0.35987478
3,1,1,0.8594571
3,1,0,0.44838163
3,0,1,0.82623154
3,0,0,0.4304911
3,0,0,0.34663823
3,1,1,0.9142019
3,1,1,0.52978444
3,1,1,0.5449148
3,1,1,0.8025258
3,1,1,0.79894143
3,1,1,0.71514636
3,1,1,0.8152919
3,0,0,0.4765864
3,1,0,0.40912965
3,1,1,0.6169425
3,0,0,0.20611648
3,0,0,0.48880857
3,0,0,0.26965922
3,1,1,0.63603646
3,0,0,0.1428566
3,0,1,0.52688986
3,0,0,0.13651268
3,0,1,0.75980926
3,1,1,0.87754583
3,0,1,0.5822917
3,0,0,0.2531272
3,0,1,0.5330345
3,0,0,0.2743392
3,0,1,0.6457023
3,1,1,0.6912473
3,0,0,0.2758134
3,0,0,0.35438153
3,1,1,0.72579175
3,1,1,0.66140234
3,1,1,0.88294744
3,0,0,0.40570727
3,1,1,0.6758362
3,1,1,0.87329084
3,0,1,0.66738176
3,0,0,0.20145948
3,0,1,0.7933016
3,0,1,0.6099273
3,0,0,0.4641898
3,0,1,0.79746455
3,0,1,0.56212866
3,1,1,0.6686391
3,1,1,0.8819586
3,1,1,0.800936
3,1,1,0.670562
3,0,0,0.3421143
3,0,0,0.4670468
3,1,1,0.5485585
3,1,0,0.4435398
3,0,0,0.40524444
3,0,0,0.17277044
3,1,0,0.38206482
3,0,0,0.4332554
3,0,1,0.53183043
3,0,0,0.47358114
3,0,1,0.53944665
3,0,0,0.18343025
3,0,0,0.33785796
3,0,0,0.17788635
3,0,0,0.29986882
3,1,1,0.59598726
3,0,1,0.5976384
3,1,1,0.72559655
3,0,1,0.56678385
3,1,1,0.70736897
3,1,1,0.6849882
3,1,0,0.17720163
3,1,1,0.7124756
3,0,0,0.39251187
3,1,1,0.5594869
3,1,1,0.75262856
3,1,1,0.66702324
3,0,0,0.4601729
3,1,1,0.77782345
3,0,1,0.7570567
3,0,0,0.4741386
3,1,1,0.81793
3,0,0,0.4570645
3,0,0,0.4321176
3,1,1,0.7198078
3,0,1,0.52002317
3,1,1,0.8463353
3,0,1,0.70318735
3,1,1,0.90664786
3,1,1,0.8355808
3,0,1,0.5705524
3,0,1,0.532545
3,0,0,0.47373447
3,0,0,0.19004214
3,0,0,0.32803813
3,1,1,0.91166806
3,1,1,0.7068324
3,1,1,0.77046394
3,0,1,0.62793285
3,0,0,0.12911941
3,1,1,0.67089295
3,1,1,0.69315916
3,1,1,0.8667385
3,1,0,0.47968337
3,0,1,0.542351
3,1,1,0.91410416
3,0,1,0.61167324
3,0,1,0.5178749
3,0,0,0.07167407
3,1,1,0.73849064
3,1,1,0.5622885
3,0,0,0.1689963
3,1,1,0.7544099
3,0,0,0.37906194
3,1,1,0.50445324
3,0,0,0.17196429
3,1,1,0.6951868
3,0,0,0.39506274
3,1,1,0.6233599
3,0,0,0.4702851
3,0,1,0.6444196
3,1,1,0.8800059
3,1,1,0.7427233
3,1,1,0.6916466
3,0,0,0.165574
3,0,0,0.49856037
3,0,1,0.53502107
3,0,1,0.5416923
3,1,1,0.84377706
3,1,0,0.4587515
3,1,1,0.7727959
3,0,0,0.36179337
3,1,1,0.8851554
3,0,0,0.46881646
3,1,1,0.76511157
3,1,1,0.6792704
3,0,0,0.42433724
3,1,1,0.9072989
3,0,0,0.44205597
3,0,0,0.2563177
3,0,1,0.6516514
3,0,1,0.84546983
3,0,0,0.23734772
3,1,1,0.68022287
3,1,1,0.59027743
3,0,1,0.8217165
3,1,1,0.542127
3,1,0,0.25800782
3,1,1,0.50349516
3,0,0,0.1713196
3,0,0,0.36936545
3,0,0,0.19103332
3,1,1,0.6038805
3,1,0,0.45564428
3,1,0,0.4345023
3,0,0,0.45393142
3,0,1,0.61884326
3,0,1,0.8190195
3,0,0,0.23486046
3,0,0,0.23843966
3,1,1,0.9155516
3,1,0,0.41968927
3,0,1,0.51620996
3,0,1,0.655198
3,0,1,0.54912066
3,1,1,0.8276073
3,1,1,0.9128023
3,1,1,0.8210502
3,1,1,0.7920981
3,0,0,0.39964437
3,0,1,0.51645327
3,1,1,0.77426386
3,0,0,0.44982564
3,1,1,0.7429024
3,1,1,0.8433925
3,0,0,0.41921327
3,1,1,0.8258367
3,0,1,0.6758256
3,0,0,0.46550116
3,0,0,0.42426944
3,1,1,0.84655875
3,1,1,0.7579398
3,1,1,0.7324386
3,0,0,0.26942313
3,1,0,0.30306345
3,0,0,0.3797229
3,0,0,0.34604335
3,0,1,0.5237882
3,0,0,0.33994696
3,0,0,0.19936714
3,1,1,0.65687937
3,0,0,0.32864565
3,1,0,0.32375535
3,0,0,0.36092225
3,1,1,0.72637075
3,1,1,0.6578312
3,1,1,0.7639514
3,1,0,0.26994935
3,1,1,0.85901886
3,0,1,0.5727209
3,0,0,0.4299372
3,1,1,0.9097223
3,1,1,0.73441076
3,1,1,0.7172631
3,0,1,0.7206398
3,0,1,0.8628943
3,0,0,0.3274047
3,1,1,0.6880873
3,0,0,0.08173842
3,0,0,0.15224203
3,1,1,0.78370136
3,1,1,0.7156281
3,0,0,0.36102673
3,0,0,0.20565376
3,1,1,0.7864089
3,0,0,0.41720745
3,1,1,0.8623925
3,0,1,0.55008745
3,0,0,0.4783384
3,1,1,0.6629924
3,1,0,0.43674752
3,0,0,0.3838607
3,0,1,0.7326804
3,0,0,0.29996693
3,0,0,0.13703458
3,0,0,0.42190212
3,1,0,0.46481815
3,0,1,0.8922865
3,0,0,0.21552661
3,0,0,0.11343204
3,0,1,0.66407406
3,1,1,0.6584408
3,0,0,0.4423072
3,1,1,0.86591905
3,1,0,0.31395307
3,1,1,0.6054248
3,1,1,0.91139746
3,0,1,0.71231085
3,0,0,0.12040357
3,1,1,0.8385839
3,1,1,0.6987668
3,1,1,0.93916565
3,1,1,0.6858702
3,0,0,0.21188162
3,1,1,0.8158408
3,1,1,0.76841617
3,0,0,0.13117358
3,0,0,0.35583344
3,1,1,0.6826663
3,1,1,0.8890755
3,1,1,0.8633626
3,0,0,0.32448336
3,1,1,0.83431095
3,1,1,0.8504633
3,0,1,0.5434847
3,0,1,0.76069415
3,1,1,0.7892873
3,1,1,0.57350194
3,1,1,0.6947513
3,1,1,0.8225595
3,1,1,0.5768692
3,1,1,0.5211585
3,0,0,0.27682707
3,0,0,0.16791198
3,0,0,0.09871022
3,1,1,0.8954302
3,1,1,0.7956068
3,1,1,0.7657909
3,1,1,0.64304453
3,1,1,0.68890053
3,1,1,0.8594207
3,0,0,0.16327623
3,0,0,0.2187821
3,1,1,0.73973846
3,0,0,0.44255087
3,0,0,0.23371492
3,0,0,0.40765032
3,1,1,0.5344655
3,1,0,0.2947015
3,1,1,0.56368893
3,0,1,0.53315884
3,0,0,0.14320578
3,0,0,0.15712008
3,0,0,0.42052525
3,1,0,0.47779706
3,0,0,0.34252647
3,1,0,0.47913897
3,0,0,0.46034297
3,0,0,0.29397792
3,0,0,0.19398427
3,1,1,0.51379246
3,0,0,0.2916658
3,0,0,0.21339637
3,1,0,0.261511
3,0,0,0.30421004
3,0,0,0.31754956
3,0,0,0.25912267
3,0,1,0.5048079
3,0,0,0.22689599
3,1,1,0.68855786
3,0,0,0.4216114
3,0,0,0.111097336
3,0,0,0.20860644
3,0,0,0.23091172
3,1,1,0.5515387
3,1,1,0.53947806
3,0,0,0.29109982
3,0,0,0.09307891
3,0,0,0.24881649
3,0,0,0.45484465
3,1,1,0.7309928
3,0,0,0.37011534
3,0,1,0.78531843
3,1,1,0.50570905
3,0,0,0.107712366
3,1,1,0.6321947
3,0,1,0.60392064
3,0,0,0.16532207
3,0,0,0.2593625
3,1,1,0.5749137
3,0,0,0.107094996
3,1,1,0.7935485
3,1,1,0.52345896
3,0,0,0.29015014
3,1,1,0.6271842
3,0,0,0.4714678
3,1,1,0.7896444
3,0,0,0.29919448
3,0,0,0.21156691
3,1,0,0.35932
3,0,0,0.40153113
3,0,0,0.06968444
3,0,0,0.083895974
3,0,0,0.27010298
3,0,0,0.2910705
3,0,0,0.07084911
3,0,0,0.4616281
3,0,0,0.15066363
3,0,0,0.19059528
3,0,0,0.094705574
3,1,1,0.65643275
3,1,1,0.7937734
3,0,0,0.30200344
3,1,1,0.5538253
3,0,0,0.42827362
3,1,1,0.7528528
3,0,0,0.37978923
3,0,0,0.166688
3,1,0,0.34701315
3,0,0,0.20287113
3,0,0,0.14439222
3,0,0,0.49951637
3,0,0,0.17846532
3,0,0,0.3170487
3,1,1,0.6593732
3,1,0,0.27360505
3,1,1,0.6145885
3,0,1,0.5327211
3,1,1,0.5834737
3,0,0,0.10190765
3,0,0,0.29732478
3,1,1,0.5444587
3,0,0,0.122279726
3,1,1,0.57382476
3,1,0,0.29624397
3,0,0,0.4025155
3,1,0,0.44460487
3,1,0,0.44448012
3,1,0,0.3746954
3,0,0,0.2654145
3,0,0,0.40968966
3,1,1,0.5417989
3,0,0,0.21464776
3,0,0,0.25815076
3,0,0,0.1268003
3,1,0,0.38955846
3,0,0,0.17334835
3,0,0,0.45787343
3,1,0,0.4713383
3,0,0,0.16327623
3,0,0,0.07824463
3,0,0,0.40183356
3,0,0,0.4387949
3,1,1,0.8438565
3,1,1,0.5058576
3,1,1,0.5246799
3,1,1,0.6831012
3,1,1,0.54903185
3,0,1,0.53555906
3,0,0,0.47312486
3,0,0,0.06968247
3,1,1,0.5656812
3,0,0,0.3729802
3,0,1,0.67449766
3,1,1,0.59571296
3,0,0,0.44338894
3,0,0,0.43053803
3,0,0,0.39328375
3,1,0,0.42557484
3,0,1,0.757501
3,0,0,0.31914744
3,0,0,0.45185792
3,0,0,0.3005597
3,1,1,0.76508445
3,1,1,0.6938578
3,1,1,0.514748
3,1,1,0.60914075
3,1,1,0.5395519
3,0,0,0.49034396
3,0,0,0.14155002
3,1,1,0.5924081
3,0,0,0.31224826
3,0,1,0.78350204
3,0,0,0.32361984
3,0,0,0.08648225
3,1,0,0.41782364
3,0,1,0.6073544
3,0,0,0.2319936
3,1,1,0.6202416
3,0,1,0.6413019
3,0,0,0.29834336
3,0,1,0.5352206
3,0,1,0.7752505
3,0,1,0.8059371
3,1,1,0.6960737
3,1,1,0.6524516
3,1,1,0.5424582
3,0,0,0.1593147
3,1,1,0.6907354
3,1,1,0.5361917
3,1,1,0.8162765
3,1,0,0.33959216
3,0,1,0.6099529
3,1,1,0.52012604
3,1,1,0.5972919
3,0,0,0.07470396
3,1,1,0.65401274
3,0,0,0.2682042
3,1,1,0.74042875
3,1,1,0.6100607
3,1,1,0.6165175
3,1,1,0.82263565
3,1,1,0.8550613
3,1,1,0.83826214
3,0,0,0.34518188
3,0,0,0.4980047
3,1,1,0.74717724
3,0,1,0.5032865
3,1,1,0.7753644
3,0,0,0.41478044
3,0,0,0.28065246
3,1,1,0.86944187
3,1,1,0.8373761
3,1,1,0.64328253
3,0,0,0.3161341
3,1,1,0.856767
3,0,0,0.4323553
3,1,1,0.85981816
3,0,1,0.55778396
3,1,0,0.44472703
3,0,0,0.3337444
3,1,1,0.86009943
3,1,1,0.7787319
3,0,1,0.6808906
3,1,1,0.8977749
3,0,1,0.79581636
3,0,1,0.62761325
3,0,0,0.43279082
3,1,1,0.7930827
3,1,0,0.3038793
3,0,0,0.41835302
3,0,1,0.5779947
3,0,1,0.53270733
3,1,1,0.5132732
3,1,0,0.24100198
3,0,0,0.49552017
3,0,0,0.49082458
3,0,0,0.1957262
3,0,1,0.57060695
3,0,1,0.58612776
3,1,0,0.40835732
3,1,0,0.3502794
3,0,1,0.6124821
3,1,0,0.4549813
3,0,1,0.66710776
3,1,1,0.6092999
3,1,1,0.7314978
3,1,1,0.81493205
3,1,1,0.51414156
3,0,0,0.30455017
3,0,1,0.8656707
3,1,0,0.26574004
3,0,0,0.24315141
3,1,0,0.4554
3,0,0,0.31326532
3,0,0,0.37556693
3,1,1,0.5957456
3,1,0,0.41393274
3,0,0,0.45929146
3,0,1,0.50410855
3,0,1,0.55752057
3,1,0,0.20304501
3,1,0,0.30947512
3,1,1,0.8112988
3,0,0,0.2033977
3,1,1,0.8291326
3,0,0,0.3863179
3,1,1,0.51472497
3,0,1,0.54728967
3,0,1,0.53555906
3,0,0,0.47312486
3,0,0,0.06968247
3,0,1,0.59571296
3,1,1,0.66654664
3,0,0,0.24770817
3,1,1,0.87193614
3,1,1,0.8336623
3,1,1,0.676276
3,0,0,0.40583414
3,1,1,0.7925595
3,0,0,0.15251032
3,1,1,0.7961286
3,1,0,0.1865673
3,1,1,0.5865364
3,1,1,0.55498844
3,0,1,0.73147345
3,0,1,0.5096555
3,0,1,0.5796437
3,0,1,0.6817147
3,0,0,0.37418616
3,0,0,0.353416
3,0,1,0.7029515
3,0,0,0.24322428
3,1,1,0.7546059
3,1,1,0.72677195
3,1,1,0.64404386
3,1,1,0.8220105
3,1,1,0.7816321
3,1,1,0.6353593
3,0,0,0.399247
3,0,0,0.4405151
3,0,0,0.48732612
3,1,1,0.7944804
3,0,1,0.8459133
3,0,0,0.08446623
3,1,0,0.3124265
3,0,0,0.10501487
3,1,1,0.78654504
3,0,0,0.4246395
3,1,1,0.7101163
3,1,1,0.61558324
3,0,1,0.68492466
3,1,1,0.85712105
3,0,0,0.1601965
3,0,0,0.1374196
3,1,1,0.78507954
3,1,1,0.7366058
3,1,1,0.79440457
3,1,1,0.5458196
3,0,0,0.35850582
3,1,1,0.75216466
3,0,0,0.44992152
3,0,1,0.5310011
3,1,0,0.17557143
3,0,0,0.37606102
3,0,0,0.32629296
3,1,1,0.681978
3,1,0,0.26447392
3,0,0,0.2867822
3,1,1,0.78528774
3,1,1,0.5014522
3,1,1,0.60400563
3,0,0,0.3942314
3,0,0,0.14302555
3,0,1,0.72240746
3,0,0,0.19128194
3,0,0,0.4502078
3,1,0,0.46975258
3,0,0,0.4233661
3,1,1,0.52646697
3,0,1,0.62222415
3,1,1,0.5635538
3,1,1,0.67862445
3,0,1,0.56818265
3,1,1,0.678592
3,0,1,0.60871077
3,0,0,0.48051876
3,0,1,0.6147216
3,0,0,0.35112825
3,1,1,0.6065797
3,0,0,0.47712964
3,1,1,0.88545644
3,0,1,0.50503105
3,1,0,0.40092817
3,1,1,0.5920234
3,1,0,0.3609577
3,1,1,0.6204603
3,1,1,0.58893013
3,1,1,0.51196486
3,1,1,0.7357775
3,0,0,0.08196799
3,0,0,0.29432276
3,1,0,0.38028565
3,0,1,0.70123106
3,1,0,0.49569735
3,0,0,0.061980374
3,0,0,0.4136629
3,0,0,0.12693426
3,1,0,0.45543298
3,0,0,0.16502249
3,0,0,0.15782711
3,0,1,0.5514006
3,1,0,0.49014187
3,0,1,0.67846185
3,1,0,0.46442086
3,0,0,0.3882623
3,1,0,0.1573185
3,1,1,0.5726864
3,0,0,0.49400812
3,0,0,0.23121883
3,1,0,0.30637547
3,1,1,0.7292179
3,0,1,0.7616701
3,0,0,0.23104459
3,0,1,0.6243632
3,1,1,0.7233118
3,1,1,0.7693747
3,0,0,0.1570328
3,1,1,0.6350345
3,1,1,0.72734207
3,1,1,0.69324565
3,0,0,0.14488243
3,1,1,0.88395625
3,1,1,0.570312
3,0,1,0.7392359
3,0,1,0.5060258
3,0,0,0.21242374
3,1,1,0.7043346
3,0,1,0.7046606
3,0,0,0.48931673
3,0,0,0.43208393
3,0,1,0.7178748
3,0,0,0.29760587
3,1,1,0.9070034
3,0,0,0.39636332
3,0,1,0.80871356
3,0,1,0.60197437
3,1,1,0.7274373
3,1,1,0.6243632
3,1,1,0.7233118
3,1,1,0.6350345
3,1,1,0.72734207
3,1,1,0.75363874
3,0,1,0.5060258
3,0,0,0.21242374
3,1,1,0.5271123
3,1,1,0.6202961
3,1,0,0.3723142
3,0,0,0.4751771
3,0,1,0.5143536
3,1,1,0.733714
3,1,1,0.58308995
3,1,0,0.386286
3,1,0,0.25910136
3,1,0,0.4096648
3,1,1,0.5993049
3,1,1,0.88538104
3,1,0,0.19553578
3,0,1,0.508308
3,0,1,0.59806466
3,1,0,0.2542186
3,0,1,0.70255524
3,0,0,0.30271474
3,0,1,0.6855195
3,0,1,0.5619997
3,0,0,0.22436419
3,1,1,0.6935486
3,1,1,0.64852405
3,0,1,0.6589017
3,0,0,0.27673116
3,1,1,0.9041315
3,1,1,0.87586176
3,1,1,0.5605215
3,0,0,0.4690461
3,0,0,0.36291945
3,1,1,0.82336515
3,1,1,0.5205413
3,0,0,0.48171353
3,0,0,0.13249563
3,1,1,0.7664609
3,1,1,0.64826846
3,0,0,0.2545287
3,0,1,0.8197578
3,0,1,0.51534265
3,1,1,0.6233979
3,1,1,0.7279332
3,1,1,0.6951566
3,0,0,0.40315557
3,0,0,0.4685938
3,1,1,0.7739045
3,1,1,0.7234936
3,0,0,0.14304464
3,0,1,0.55419934
3,0,0,0.39653555
3,0,0,0.2080963
3,0,0,0.2432744
3,0,0,0.3698227
3,0,0,0.43806806
3,0,0,0.28917214
3,0,0,0.244528
3,1,1,0.7062327
3,0,0,0.12077536
3,0,0,0.19866244
3,0,0,0.26058143
3,1,0,0.40220788
3,1,1,0.68213505
3,1,1,0.66727203
3,0,0,0.4090393
3,1,0,0.3425268
3,0,1,0.64530253
3,1,1,0.815799
3,1,0,0.4783218
3,1,1,0.7992417
3,1,0,0.46135765
3,0,1,0.6698854
3,0,0,0.36935872
3,0,0,0.44325572
3,1,1,0.7642855
3,0,0,0.48898748
3,1,1,0.53211564
3,1,1,0.8344775
3,0,0,0.3561401
3,0,0,0.41565725
3,0,0,0.39219284
3,0,1,0.646611
3,0,1,0.5411797
3,1,1,0.51058704
3,1,1,0.8604736
3,0,1,0.61225945
3,1,1,0.6354441
3,0,0,0.3953256
3,0,0,0.3425035
3,1,1,0.5032233
3,1,1,0.8599809
3,0,1,0.68294877
3,1,1,0.76623434
3,0,0,0.27685693
3,0,0,0.25947827
3,1,1,0.67964906
3,1,1,0.6889208
3,1,1,0.8000792
3,0,0,0.22143802
3,1,0,0.34501022
3,1,1,0.814387
3,0,1,0.61940885
3,0,0,0.2546738
3,0,1,0.5833514
3,1,1,0.65709096
3,0,0,0.34075493
3,1,1,0.8081007
3,0,0,0.23635061
3,0,0,0.0858749
3,0,1,0.5416446
3,0,1,0.7716988
3,1,1,0.56265455
3,1,1,0.81061554
3,1,1,0.75152636
3,1,1,0.86740804
3,0,0,0.43229762
3,1,1,0.57109106
3,0,0,0.4010929
3,0,0,0.3796886
3,1,1,0.7313616
3,0,0,0.12466551
3,1,1,0.8007929
3,1,0,0.46311003
3,1,1,0.6347512
3,0,0,0.33770698
3,0,1,0.54456115
3,0,0,0.26610035
3,0,1,0.5773523
3,1,0,0.2724594
3,0,0,0.4165717
3,0,0,0.12039054
3,1,1,0.8629409
3,1,1,0.8617471
3,0,0,0.4406394
3,1,1,0.91196924
3,0,1,0.6407952
3,1,1,0.7753591
3,0,0,0.2542543
3,1,1,0.6585432
3,0,0,0.37913796
3,1,0,0.46907657
3,0,0,0.18232536
3,1,1,0.5507652
3,1,0,0.25358924
3,1,1,0.7736113
3,1,1,0.7767238
3,0,0,0.25912037
3,0,1,0.70714587
3,1,0,0.48854554
3,1,1,0.8685482
3,1,1,0.6578909
3,0,0,0.40813503
3,1,0,0.45732805
3,1,0,0.079906784
3,0,1,0.6832699
3,0,0,0.2988055
3,0,1,0.51865137
3,1,1,0.81725127
3,1,0,0.34118786
3,1,0,0.44482997
3,1,1,0.5216556
3,0,0,0.4768738
3,1,1,0.53681314
3,1,1,0.66825503
3,0,0,0.41209522
3,0,1,0.7337182
3,0,1,0.80443615
3,0,1,0.6338324
3,1,1,0.72126305
3,1,1,0.76462156
3,1,1,0.67085147
3,0,0,0.4036099
3,0,0,0.10684906
3,0,0,0.44452506
3,1,1,0.85581774
3,1,0,0.40452155
3,1,1,0.63274306
3,0,1,0.7991006
3,0,1,0.6541649
3,0,1,0.56519896
3,0,0,0.45178425
3,1,1,0.89328176
3,1,1,0.6090682
3,1,1,0.7491306
3,1,1,0.9032155
3,1,1,0.7026034
3,0,1,0.6582648
3,0,1,0.6583654
3,0,1,0.5528584
3,0,1,0.5554582
3,1,1,0.6422873
3,1,1,0.54745185
3,1,1,0.65406567
3,1,1,0.77362704
3,0,0,0.3704861
3,0,1,0.67116606
3,1,1,0.54862064
3,1,1,0.754263
3,1,0,0.31575313
3,0,1,0.5780333
3,0,0,0.35296357
3,0,0,0.24739604
3,0,0,0.20287542
3,1,1,0.5252967
3,0,0,0.4858296
3,1,1,0.7771578
3,1,1,0.80173
3,1,1,0.931155
3,1,1,0.7464536
3,0,0,0.3303923
3,1,1,0.61844546
3,0,1,0.8567966
3,0,1,0.6068434
3,0,0,0.12872043
3,0,0,0.44651175
3,0,0,0.31609938
3,0,0,0.2504047
3,1,1,0.84262896
3,1,1,0.586119
3,1,0,0.35724497
3,0,0,0.23569548
3,0,0,0.16023332
3,1,0,0.39359924
3,1,1,0.76378876
3,0,0,0.39422333
3,1,1,0.54058707
3,0,1,0.6670185
3,0,0,0.43283227
3,1,1,0.5758009
3,0,1,0.5535228
3,1,0,0.41103986
3,1,1,0.6849684
3,0,0,0.28358975
3,0,0,0.12275154
3,0,0,0.4311968
3,0,1,0.7205606
3,0,1,0.8516538
3,1,1,0.57434845
3,1,0,0.4283177
3,1,0,0.45012447
3,1,1,0.62805593
3,1,1,0.6361462
3,0,1,0.5228251
3,0,0,0.2660955
3,1,1,0.63031214
3,0,1,0.61771107
3,1,1,0.57767403
3,0,1,0.80586183
3,0,0,0.45320985
3,0,1,0.63910216
3,0,1,0.6258619
3,1,1,0.5047651
3,0,0,0.30224866
3,0,0,0.43748456
3,0,0,0.08982766
3,0,0,0.35814124
3,1,0,0.4692139
3,1,0,0.4245603
3,1,0,0.25720942
3,0,0,0.37754646
3,0,0,0.09189593
3,1,1,0.5061667
3,0,0,0.16511779
3,1,0,0.15526043
3,1,0,0.47398895
3,0,0,0.25084972
3,0,0,0.120262414
3,1,0,0.4266535
3,0,0,0.23784177
3,0,0,0.27118313
3,0,0,0.137268
3,1,0,0.15068205
3,0,0,0.23916352
3,0,0,0.4649396
3,1,1,0.6330776
3,1,0,0.20751168
3,0,0,0.109081954
3,1,0,0.45731935
3,0,0,0.21548046
3,1,1,0.57729304
3,1,0,0.40218297
3,0,0,0.45729175
3,0,0,0.2568281
3,1,0,0.10739858
3,0,0,0.3697608
3,1,0,0.4405755
3,0,0,0.41158098
3,1,1,0.6021547
3,1,0,0.41666743
3,1,0,0.3459617
3,0,0,0.1562845
3,0,0,0.1624614
3,0,0,0.32321683
3,0,0,0.10460133
3,0,0,0.39396286
3,0,0,0.16792004
3,0,0,0.14299719
3,1,0,0.19942373
3,0,0,0.37768063
3,0,0,0.19069652
3,1,1,0.50051457
3,0,1,0.50671875
3,0,0,0.1318764
3,0,0,0.20122176
3,0,0,0.44747022
3,0,1,0.76558775
3,0,0,0.084309705
3,0,0,0.18363652
3,1,1,0.6794448
3,0,0,0.12925872
3,0,0,0.32928756
3,0,0,0.09860497
3,0,1,0.5928025
3,0,0,0.2695989
3,1,1,0.5344515
3,1,0,0.25565702
3,0,0,0.26721373
3,0,0,0.41311356
3,0,0,0.39677426
3,0,0,0.42267653
3,0,0,0.3795408
3,0,0,0.13659851
3,1,0,0.21151185
3,0,0,0.19086392
3,0,0,0.25171852
3,0,0,0.07290878
3,0,0,0.43704414
3,0,0,0.1805958
3,0,1,0.64218086
3,0,0,0.289378
3,1,0,0.3049636
3,1,1,0.520707
3,0,0,0.1389827
3,1,0,0.49924868
3,1,0,0.26200464
3,1,0,0.22862533
3,0,1,0.53033334
3,1,0,0.22253288
3,0,0,0.39692515
3,0,0,0.2523672
3,1,1,0.59324646
3,0,1,0.53937453
3,0,0,0.1598757
3,1,1,0.8087626
3,1,0,0.14518309
3,1,0,0.47557628
3,0,0,0.1808557
3,0,1,0.53824383
3,0,0,0.43105257
3,0,0,0.13692948
3,0,0,0.115717694
3,1,0,0.22427073
3,0,1,0.6642445
3,0,0,0.4685095
3,1,0,0.4783822
3,0,0,0.31564772
3,1,0,0.2468921
3,0,0,0.35548353
3,1,1,0.5337216
3,0,0,0.22431068
3,0,0,0.2326792
3,1,1,0.59109026
3,0,0,0.07452314
3,0,0,0.23230296
3,0,0,0.14217663
3,1,1,0.8534422
3,1,1,0.59568256
3,0,1,0.6411512
3,0,0,0.38701794
3,1,0,0.40320954
3,0,1,0.5841386
3,0,0,0.46338722
3,1,0,0.3760746
3,1,0,0.39258114
3,0,1,0.73880124
3,1,1,0.6265243
3,1,1,0.7773106
3,0,1,0.5052389
3,1,1,0.7186333
3,1,1,0.66994226
3,0,0,0.28081435
3,1,1,0.62926894
3,1,0,0.12977977
3,1,1,0.81704855
3,1,1,0.6741228
3,0,1,0.67171866
3,1,1,0.88485336
3,1,0,0.3923277
3,0,1,0.85993207
3,0,0,0.32555208
3,0,0,0.43915585
3,0,1,0.570426
3,0,0,0.46846467
3,0,1,0.7428697
3,1,1,0.85143965
3,0,0,0.3252905
3,1,1,0.7495067
3,1,1,0.84164083
3,1,1,0.54557294
3,0,1,0.6282302
3,1,1,0.8002305
3,0,1,0.7569623
3,1,1,0.73716426
3,1,1,0.9175846
3,1,1,0.8744922
3,0,1,0.8706937
3,0,1,0.64344877
3,0,0,0.41953048
3,1,1,0.6941346
3,0,1,0.63772625
3,1,0,0.30422446
3,0,0,0.42787486
3,0,0,0.41436794
3,1,1,0.69196904
3,1,1,0.6445254
3,1,1,0.7620616
3,1,1,0.8633586
3,0,0,0.35222247
3,0,0,0.3454517
3,1,0,0.3819836
3,1,1,0.7187759
3,0,0,0.33007622
3,1,1,0.5404278
3,1,1,0.86104226
3,0,0,0.3359123
3,0,0,0.2681281
3,0,1,0.685369
3,0,1,0.55954844
3,0,0,0.21958593
3,1,1,0.57565445
3,0,0,0.16854756
3,1,1,0.55753195
3,1,0,0.35391024
3,0,0,0.066446215
3,0,1,0.8919962
3,0,0,0.4370102
3,1,1,0.5721926
3,1,0,0.383894
3,0,0,0.28693628
3,0,1,0.6189179
3,0,0,0.34888723
3,0,0,0.38830388
3,0,0,0.4116226
3,1,0,0.45732042
3,1,0,0.40413418
3,1,1,0.59215915
3,1,0,0.43743145
3,0,0,0.25516683
3,0,0,0.10078699
3,1,0,0.44525462
3,1,0,0.2872041
3,0,1,0.5152145
3,0,1,0.6547958
3,0,1,0.6539362
3,1,1,0.5408218
3,1,0,0.30431268
3,0,0,0.44828835
3,1,0,0.4588739
3,0,0,0.41374806
3,0,1,0.5715783
3,1,0,0.44499794
3,0,0,0.1894637
3,0,1,0.5441817
3,0,0,0.4994047
3,1,0,0.4178476
3,0,0,0.4032439
3,1,1,0.5462242
3,0,1,0.56412864
3,0,0,0.49475923
3,0,0,0.49271512
3,1,1,0.5873811
3,0,0,0.46644974
3,1,1,0.79149383
3,0,0,0.42847314
3,0,0,0.42550796
3,0,1,0.53201383
3,0,1,0.51698303
3,0,0,0.38167757
3,1,0,0.20602386
3,1,1,0.5807493
3,1,0,0.49072868
3,1,1,0.8078708
3,0,0,0.05535547
3,1,1,0.61578953
3,0,1,0.63905036
3,0,1,0.5752951
3,0,1,0.6742298
3,0,0,0.41905767
3,1,1,0.7214725
3,0,1,0.756316
3,1,1,0.8163524
3,1,1,0.7775156
3,1,1,0.88199085
3,0,1,0.50261575
3,0,1,0.6704128
3,0,1,0.618615
3,1,1,0.7399208
3,1,1,0.8451734
3,1,0,0.14531974
3,0,1,0.58808905
3,1,1,0.88231295
3,1,1,0.76457345
3,0,1,0.69345504
3,1,1,0.75346076
3,1,1,0.764541
3,0,1,0.5798454
3,0,1,0.82606936
3,1,1,0.5919738
3,0,1,0.76028794
3,1,1,0.88316256
3,0,1,0.6251448
3,0,0,0.4528661
3,0,1,0.70554626
3,1,1,0.8706574
3,1,1,0.8253397
3,0,1,0.5813504
3,0,0,0.42417902
3,1,1,0.77765036
3,1,1,0.85432625
3,1,1,0.9014174
3,1,1,0.8507196
3,1,1,0.7919205
3,1,1,0.65229625
3,0,0,0.4559676
3,0,1,0.55640954
3,0,1,0.65514624
3,1,1,0.8534515
3,1,1,0.8119701
3,1,1,0.7577061
3,1,0,0.09694006
3,1,1,0.8304264
3,0,1,0.51082486
3,0,1,0.7394405
3,0,0,0.37620696
3,1,1,0.73990834
3,0,0,0.47084016
3,1,0,0.4583378
3,0,1,0.69371116
3,0,1,0.51669675
3,0,0,0.2558573
3,0,0,0.35779068
3,0,0,0.40363315
3,0,0,0.4077873
3,0,0,0.41798317
3,1,1,0.6974827
3,0,0,0.3437162
3,0,0,0.4733608
3,1,1,0.74720913
3,0,1,0.554174
3,1,1,0.5463243
3,0,0,0.27126163
3,1,1,0.62899524
3,1,1,0.6809925
3,0,0,0.38735503
3,0,0,0.40257454
3,0,0,0.42443597
3,1,0,0.42067564
3,1,1,0.76683503
3,0,0,0.1929324
3,0,1,0.5069777
3,1,1,0.73200387
3,0,0,0.4706311
3,0,0,0.39439812
3,0,0,0.30548352
3,1,1,0.6996751
3,1,1,0.78458244
3,1,1,0.72079813
3,1,1,0.7461208
3,1,1,0.78987586
3,0,1,0.5773985
3,0,0,0.12429017
3,1,1,0.66704345
3,1,0,0.23851801
3,0,0,0.41991693
3,0,0,0.13676448
3,0,0,0.21912782
3,0,0,0.26872593
3,0,1,0.62605804
3,1,0,0.4947976
3,1,1,0.5952473
3,1,0,0.22957437
3,1,1,0.7667131
3,1,1,0.83237445
3,1,0,0.46588376
3,0,1,0.51433855
3,0,0,0.28787518
3,0,0,0.38913777
3,0,0,0.35850823
3,0,0,0.3466881
3,1,1,0.57496697
3,1,1,0.56228364
3,0,0,0.19278434
3,0,0,0.31309736
3,0,0,0.36264384
3,0,0,0.45905596
3,0,0,0.25114712
3,0,0,0.13552864
3,1,0,0.4170195
3,0,0,0.469883
3,0,1,0.70317626
3,0,0,0.16075367
3,0,0,0.15819925
3,0,0,0.20055498
3,0,0,0.24960525
3,1,1,0.55553645
3,0,1,0.6995351
3,1,0,0.44655702
3,1,1,0.5017538
3,1,1,0.80082065
3,1,1,0.53179115
3,1,1,0.73705184
3,1,1,0.6159231
3,1,1,0.8220834
3,1,1,0.74709207
3,1,0,0.3429558
3,1,1,0.62448895
3,1,1,0.88025606
3,1,1,0.6765074
3,1,1,0.5876134
3,0,0,0.11910099
3,0,0,0.1020367
3,1,1,0.60112923
3,0,1,0.561675
3,0,0,0.49046367
3,1,0,0.4831155
3,0,1,0.52307683
3,1,1,0.6032412
3,0,1,0.889852
3,0,1,0.5959015
3,0,0,0.37777603
3,1,1,0.61348605
3,1,1,0.562494
3,0,0,0.48447427
3,1,0,0.48796183
3,1,1,0.7438107
3,0,0,0.32356828
3,0,0,0.21948145
3,0,0,0.13477862
3,1,1,0.7113903
3,0,0,0.16948639
3,0,0,0.095394894
3,0,0,0.49029666
3,1,1,0.6643348
3,1,0,0.36850074
3,1,1,0.56071234
3,1,1,0.52573895
3,0,0,0.27224606
3,1,0,0.17409642
3,1,1,0.69202304
3,0,1,0.5929804
3,0,1,0.586173
3,0,0,0.44704366
3,0,1,0.58583003
3,0,0,0.24189575
3,0,0,0.12210668
3,1,1,0.74894434
3,0,0,0.12063112
3,0,1,0.8209885
3,1,0,0.4925324
3,0,0,0.4742533
3,1,1,0.52321756
3,0,1,0.5991162
3,1,0,0.4345854
3,1,1,0.65002805
3,0,1,0.6730615
3,0,0,0.2854769
3,0,1,0.5273998
3,1,1,0.6005788
3,1,0,0.48534516
3,0,0,0.3210826
3,1,1,0.6463226
3,0,0,0.16891074
3,1,1,0.692401
3,1,1,0.5294855
3,1,1,0.6832098
3,0,0,0.25041997
3,0,0,0.4660204
3,0,0,0.096544035
3,0,1,0.62252694
3,0,0,0.42797562
3,0,0,0.07964766
3,0,0,0.32589355
3,0,0,0.46341282
3,1,0,0.44493318
3,0,0,0.38957834
3,1,1,0.7418276
3,0,0,0.42668724
3,1,1,0.6088011
3,0,1,0.55288255
3,1,0,0.4918082
3,1,0,0.3852152
3,0,0,0.442884
3,1,1,0.57598233
3,0,1,0.50519276
3,1,1,0.8316047
3,1,0,0.48228005
3,1,0,0.47937694
3,1,1,0.66415805
3,0,0,0.22225522
3,0,1,0.5739482
3,0,0,0.4764719
3,1,0,0.48041672
3,0,0,0.46080202
3,1,1,0.64725024
3,0,1,0.6147
3,0,0,0.33312482
3,1,1,0.82021344
3,0,0,0.45173386
3,1,1,0.6753817
3,1,1,0.52402854
3,0,0,0.46978563
3,1,1,0.68571645
3,1,1,0.6382018
3,0,1,0.6936294
3,1,1,0.5615995
3,0,0,0.33132347
3,0,0,0.13148095
3,0,1,0.6471069
3,0,0,0.45951098
3,0,1,0.65501803
3,0,0,0.4295968
3,0,0,0.19189632
3,0,1,0.5149947
3,1,1,0.54544663
3,0,0,0.31130385
3,1,0,0.22439077
3,1,0,0.08840431
3,1,1,0.8386869
3,1,0,0.1950701
3,0,0,0.110904485
3,0,0,0.34238443
3,0,1,0.62842005
3,1,0,0.36826703
3,1,1,0.64827704
3,0,0,0.3571895
3,0,0,0.28249845
3,1,0,0.47067988
3,0,0,0.17896716
3,0,0,0.18241401
3,1,1,0.7770305
3,0,1,0.61890644
3,0,0,0.48148444
3,0,0,0.1358545
3,0,0,0.49998286
3,1,1,0.6184378
3,1,1,0.5611267
3,1,1,0.8017085
3,1,1,0.70743906
3,1,0,0.32406437
3,0,0,0.12955385
3,0,1,0.5643563
3,1,1,0.6122271
3,1,1,0.78826624
3,0,1,0.7497725
3,0,0,0.4128001
3,0,0,0.11992726
3,1,1,0.66778165
3,0,0,0.45484164
3,0,0,0.24098125
3,1,1,0.7784476
3,1,0,0.44440687
3,1,0,0.20332558
3,1,0,0.36682177
3,0,0,0.19335286
3,0,1,0.6605092
3,1,0,0.21239768
3,0,0,0.13110957
3,0,0,0.32295877
3,0,0,0.13706605
3,0,0,0.288755
3,0,0,0.46898675
3,1,1,0.5244459
3,0,1,0.58274984
3,0,1,0.7923623
3,1,1,0.7138696
3,0,0,0.4573568
3,1,0,0.14144887
3,0,0,0.122964814
3,0,0,0.2977449
3,1,1,0.62990296
3,0,1,0.50415194
3,1,1,0.58711755
3,1,1,0.532925
3,1,0,0.40092635
3,1,1,0.7124465
3,0,0,0.34354666
3,0,0,0.31898406
3,0,0,0.12224897
3,1,1,0.6532859
3,0,0,0.39854595
3,1,1,0.7922341
3,0,0,0.26164076
3,1,1,0.52862656
3,0,0,0.2964845
3,0,0,0.21649301
3,0,0,0.38031432
3,1,0,0.4563603
3,1,1,0.72884434
3,1,1,0.7104951
3,0,0,0.3185089
3,1,1,0.52434206
3,1,1,0.6131408
3,0,0,0.15589802
3,0,1,0.67421806
3,1,1,0.5451528
3,0,1,0.5863128
3,0,0,0.41466734
3,0,1,0.62332904
3,1,1,0.6220621
3,0,0,0.423674
3,1,1,0.5596705
3,0,0,0.49106535
3,1,0,0.39471346
3,1,0,0.3779082
3,1,1,0.55243427
3,0,0,0.43771076
3,1,1,0.5380948
3,1,1,0.69844544
3,1,1,0.6326328
3,0,0,0.46448427
3,0,1,0.59640807
3,0,0,0.36910585
3,0,0,0.48484692
3,0,1,0.6560507
3,0,0,0.39169607
3,0,0,0.41698
3,1,1,0.8021006
3,0,0,0.39216185
3,0,1,0.55729556
3,1,0,0.28645858
3,0,0,0.41146225
3,1,0,0.4519443
3,1,1,0.59030193
3,1,1,0.5959204
3,0,0,0.23339322
3,0,1,0.6247337
3,0,1,0.6684052
3,0,0,0.47021902
3,1,1,0.90825236
3,0,1,0.6572785
3,1,1,0.79268366
3,0,0,0.4761016
3,0,0,0.4773663
3,1,1,0.6591183
3,0,0,0.43943104
3,0,1,0.69434786
3,1,0,0.46280557
3,0,1,0.528523
3,1,1,0.6599154
3,1,1,0.7155026
3,0,0,0.2321961
3,0,0,0.4765801
3,0,1,0.5344316
3,0,1,0.7322761
3,1,0,0.436218
3,1,0,0.48081985
3,0,0,0.28170678
3,1,0,0.39001107
3,1,1,0.7407596
3,0,0,0.23171386
3,0,0,0.20871554
3,0,0,0.22484212
3,0,0,0.06268088
3,1,1,0.8770017
3,1,1,0.6228278
3,1,0,0.42692524
3,0,0,0.14476995
3,1,1,0.76287997
3,0,0,0.41372466
3,0,0,0.2251085
3,0,1,0.70482236
3,0,0,0.42096135
3,0,0,0.49263915
3,1,1,0.5898024
3,1,1,0.5925047
3,0,1,0.51579547
3,0,1,0.5787042
3,1,1,0.81248957
3,0,1,0.5116503
3,0,0,0.4905911
3,1,1,0.55087805
3,1,0,0.37377718
3,1,1,0.60875446
3,0,0,0.2517972
3,1,1,0.8118183
3,0,1,0.5591522
3,0,0,0.1397257
3,1,1,0.5859408
3,0,0,0.17896716
3,1,1,0.7706762
3,1,1,0.55715567
3,0,0,0.3429476
3,1,1,0.65191585
3,0,0,0.35468233
3,0,0,0.19217686
3,1,1,0.6354733
3,1,1,0.69551724
3,0,0,0.118230365
3,0,0,0.17312129
3,1,1,0.55666864
3,1,0,0.37831238
3,0,0,0.10971245
3,1,1,0.7940582
3,0,0,0.46818578
3,0,0,0.18055677
3,0,0,0.37300095
3,0,1,0.61059123
3,1,1,0.6720324
3,1,1,0.712392
3,0,0,0.34448913
3,1,1,0.50806075
3,1,1,0.5134618
3,0,1,0.83782226
3,1,1,0.72131234
3,1,1,0.6035771
3,0,0,0.4226362
3,0,0,0.2089207
3,0,0,0.13266326
3,1,1,0.7180685
3,0,1,0.5970443
3,1,1,0.55619454
3,1,0,0.42347032
3,0,0,0.4951312
3,0,0,0.42983252
3,1,0,0.479346
3,0,1,0.55665064
3,0,0,0.10614997
3,1,1,0.5592092
3,0,1,0.5177252
3,0,1,0.6119649
3,1,0,0.46026143
3,0,1,0.6916045
3,1,0,0.4852271
3,0,1,0.5306662
3,0,0,0.39963365
3,0,1,0.5919029
3,0,0,0.122342855
3,0,0,0.4883429
3,0,0,0.47912765
3,1,1,0.5484052
3,0,0,0.4656945
3,0,1,0.5818992
3,0,0,0.31200445
3,0,0,0.20972203
3,0,1,0.5089095
3,0,0,0.31567615
3,0,1,0.7480762
3,0,1,0.57626325
3,1,1,0.60325193
3,0,1,0.6461994
3,1,0,0.46133643
3,1,0,0.48483813
3,0,1,0.58909833
3,0,0,0.40202114
3,1,1,0.53063995
3,1,1,0.5406269
3,1,1,0.56516165
3,1,1,0.6517073
3,1,1,0.606126
3,1,0,0.3880454
3,0,1,0.50272787
3,1,0,0.2817999
3,1,0,0.39693558
3,1,1,0.56873477
3,0,0,0.387408
3,1,0,0.44094795
3,1,1,0.71743387
3,0,0,0.33745033
3,1,1,0.53125817
3,0,1,0.5765798
3,0,1,0.58181435
3,1,0,0.47832724
3,1,1,0.5341207
3,1,1,0.5970043
3,0,0,0.32326376
3,0,1,0.59908694
3,1,0,0.4841423
3,0,1,0.6812299
3,0,0,0.42472833
3,0,0,0.4640405
3,0,1,0.50892323
3,0,1,0.5239691
3,0,0,0.34328985
3,0,1,0.5174584
3,1,1,0.5974779
3,0,0,0.49797451
3,0,0,0.43123782
3,0,1,0.5554863
3,0,0,0.3597661
3,1,0,0.40534922
3,0,0,0.30783182
3,1,1,0.87852794
3,0,1,0.735701
3,0,1,0.5320874
3,0,0,0.14445092
3,1,1,0.7030139
3,0,1,0.7223853
3,1,1,0.69835156
3,0,0,0.12857091
3,0,0,0.17548087
3,0,0,0.09567267
3,1,1,0.77244794
3,1,1,0.665554
3,1,0,0.49471727
3,1,0,0.14063857
3,0,0,0.14009991
3,0,0,0.13562123
3,0,1,0.51548177
3,0,1,0.71603394
3,0,1,0.7122538
3,1,1,0.8313733
3,0,1,0.5392132
3,1,0,0.48338613
3,1,0,0.4083191
3,0,1,0.5171054
3,1,1,0.550448
3,0,1,0.5167178
3,0,0,0.35361797
3,1,1,0.87402636
3,0,1,0.5598183
3,1,1,0.6436333
3,0,0,0.12287379
3,0,1,0.5840426
3,0,0,0.31956327
3,1,1,0.5379985
3,1,0,0.14052583
3,0,0,0.11620598
3,0,0,0.090876706
3,1,0,0.4608801
3,0,1,0.8054531
3,0,1,0.50939626
3,0,0,0.37188113
3,0,1,0.5040051
3,0,1,0.5214604
3,0,0,0.27550507
3,1,0,0.4506642
3,1,0,0.26504862
3,0,0,0.10284936
3,0,1,0.59820145
3,1,1,0.6231034
3,1,1,0.6605646
3,0,1,0.606779
3,0,0,0.45584238
3,1,1,0.56751513
3,0,1,0.5405311
3,1,1,0.54764515
3,0,1,0.577621
3,1,1,0.57150173
3,1,1,0.70959914
3,0,1,0.56532204
3,1,1,0.7047047
3,1,1,0.57828414
3,1,1,0.61089027
3,1,1,0.513591
3,0,1,0.764211
3,0,0,0.42343634
3,1,1,0.52481556
3,0,1,0.63767093
3,1,0,0.45282555
3,1,1,0.634335
3,1,1,0.851414
3,0,0,0.43083212
3,1,1,0.65677327
3,0,0,0.41444016
3,1,1,0.61934197
3,0,0,0.30774945
3,0,0,0.21474583
3,1,1,0.55136853
3,1,1,0.6929915
3,0,0,0.29665768
3,1,1,0.62521905
3,0,0,0.13989499
3,1,1,0.73984647
3,1,0,0.32609597
3,1,1,0.60490996
3,0,0,0.21547478
3,0,1,0.5316074
3,0,0,0.07701186
3,1,0,0.38536978
3,0,1,0.5256152
3,0,0,0.31315604
3,1,1,0.6917534
3,0,1,0.5385417
3,1,1,0.5732849
3,1,0,0.38993093
3,0,0,0.3566876
3,1,0,0.4748522
3,1,1,0.518424
3,0,0,0.36822894
3,0,0,0.21316214
3,0,0,0.22051805
3,1,1,0.5331683
3,1,1,0.75076866
3,0,1,0.5505065
3,1,1,0.6422895
3,0,0,0.43202603
3,1,1,0.59666866
3,0,0,0.10996119
3,1,0,0.4131844
3,1,1,0.6455291
3,0,0,0.34901074
3,1,1,0.8506204
3,0,1,0.60817015
3,0,1,0.5111123
3,1,1,0.6465551
3,1,0,0.4141831
3,0,0,0.47712436
3,1,1,0.64951235
3,0,1,0.56930846
3,0,1,0.5578414
3,0,0,0.29717347
3,1,0,0.11990459
3,0,0,0.30131736
3,1,0,0.35174412
3,1,1,0.7758716
3,0,1,0.6041746
3,1,1,0.5425212
3,0,0,0.26085234
3,0,1,0.6378586
3,1,1,0.52583385
3,0,0,0.42286018
3,0,1,0.6252228
3,0,1,0.551075
3,0,1,0.6891077
3,1,1,0.6103208
3,0,0,0.4752595
3,1,1,0.50781995
3,1,1,0.62077934
3,0,1,0.7595361
3,0,1,0.75712055
3,0,0,0.12813179
3,1,1,0.6463639
3,0,1,0.62028104
3,1,1,0.731744
3,0,0,0.3679812
3,1,1,0.75442004
3,1,0,0.22385259
3,1,1,0.5969795
3,1,0,0.48670942
3,1,1,0.69478166
3,0,1,0.5267235
3,1,1,0.70783997
3,1,1,0.7104597
3,1,1,0.65485084
3,0,1,0.6564147
3,0,0,0.3263476
3,1,1,0.59625536
3,1,1,0.7826323
3,1,1,0.6448016
3,1,1,0.5343158
3,1,1,0.6463496
3,0,1,0.5935005
3,1,1,0.72605646
3,0,1,0.66598314
3,0,1,0.59244525
3,1,1,0.5004604
3,0,0,0.36535275
3,0,0,0.47834742
3,1,1,0.6564214
3,0,0,0.44699162
3,0,0,0.45250398
3,0,0,0.31028563
3,0,0,0.10026124
3,0,0,0.130639
3,0,1,0.62901264
3,0,0,0.12277039
3,1,1,0.5243376
3,1,1,0.5322338
3,0,0,0.13582055
3,0,0,0.26067004
3,0,0,0.3735213
3,0,0,0.3746344
3,0,1,0.70146126
3,1,1,0.5622848
3,1,1,0.57927287
3,1,1,0.5730134
3,1,1,0.51667047
3,1,1,0.7084563
3,0,0,0.33887598
3,1,1,0.5288501
3,1,0,0.3945643
3,1,1,0.61430097
3,1,0,0.49982673
3,0,1,0.5675766
3,0,0,0.10999699
3,0,1,0.5713414
3,0,1,0.62330437
3,1,1,0.5370217
3,1,1,0.7403845
3,0,0,0.43016416
3,0,1,0.6416588
3,1,1,0.6854177
3,0,0,0.21410644
3,0,0,0.17274866
3,1,1,0.5235468
3,1,1,0.6294887
3,0,0,0.13244654
3,0,0,0.24380176
3,1,0,0.22980309
3,0,0,0.29806206
3,0,1,0.921581
3,0,0,0.34534222
3,0,0,0.22545628
3,0,0,0.15486832
3,1,0,0.3472294
3,1,1,0.66310143
3,1,1,0.64837986
3,1,0,0.4778345
3,0,0,0.09741522
3,1,0,0.36770985
3,1,0,0.14206572
3,0,1,0.61400026
3,1,1,0.77958983
3,0,1,0.70619726
3,1,1,0.6553705
3,1,1,0.5589951
3,1,1,0.57625335
3,0,1,0.6717154
3,1,1,0.69722706
3,1,1,0.5697902
3,0,1,0.6469841
3,0,1,0.5804776
3,0,1,0.6114825
3,1,1,0.6452427
3,1,1,0.7724775
3,0,0,0.4854952
3,0,0,0.28262886
3,1,1,0.73388755
3,0,0,0.09287528
3,1,0,0.37730023
3,0,0,0.15879619
3,0,0,0.15963231
3,0,0,0.13513617
3,0,0,0.32271492
3,1,1,0.664118
3,1,1,0.6342265
3,1,1,0.7828477
3,1,1,0.59724313
3,1,1,0.5929475
3,0,0,0.40513825
3,1,0,0.15062933
3,1,1,0.79575545
3,1,1,0.62843686
3,0,1,0.6408051
3,1,0,0.4483024
3,1,1,0.83669716
3,1,1,0.7864255
3,1,1,0.8648809
3,1,0,0.26425382
3,0,0,0.2717894
3,0,0,0.31006172
3,0,0,0.11291666
3,0,0,0.18229865
3,1,1,0.61795187
3,0,0,0.20874152
3,0,0,0.14882109
3,0,0,0.21538208
3,1,1,0.7636215
3,0,0,0.2763448
3,0,0,0.20950378
3,1,0,0.4183346
3,1,1,0.65257376
3,0,0,0.14828393
3,0,0,0.13756129
3,0,0,0.12110905
3,1,0,0.39867374
3,1,0,0.38097095
3,1,1,0.54704934
3,0,0,0.09908463
3,0,1,0.63891786
3,0,1,0.62167835
3,0,1,0.73103315
3,1,0,0.2271689
3,0,0,0.34382814
3,0,0,0.1900519
3,1,1,0.7525666
3,0,0,0.2006138
3,0,0,0.074142605
3,0,0,0.403261
3,0,0,0.21718754
3,0,0,0.21563655
3,1,1,0.7582809
3,0,0,0.31960303
3,0,1,0.81039137
3,0,0,0.12951319
3,0,0,0.24857442
3,1,0,0.26276568
3,0,0,0.31519932
3,0,0,0.09380895
3,0,0,0.28315088
3,0,0,0.25484568
3,0,0,0.17149714
3,0,0,0.4585682
3,0,0,0.42061928
3,0,0,0.13358244
3,1,0,0.48838046
3,0,0,0.46810192
3,1,1,0.5485346
3,1,0,0.42108673
3,0,0,0.39264762
3,1,1,0.5654096
3,1,1,0.5236226
3,1,0,0.304279
3,0,0,0.4366159
3,1,1,0.7223056
3,0,1,0.58658516
3,0,1,0.6841899
3,0,0,0.31399146
3,1,1,0.5031536
3,0,0,0.17515361
3,0,1,0.6322917
3,0,0,0.18568113
3,1,1,0.51626766
3,1,1,0.7324963
3,1,1,0.6754609
3,0,1,0.5327908
3,0,0,0.19479918
3,0,0,0.40027943
3,1,0,0.42783624
3,0,0,0.3075331
3,0,0,0.07408984
3,1,1,0.6135876
3,0,1,0.6059126
3,0,0,0.21086852
3,1,0,0.44139287
3,0,1,0.55356383
3,1,1,0.7660726
3,0,1,0.5007547
3,1,0,0.3584782
3,1,1,0.8062595
3,1,1,0.63493025
3,1,1,0.6660416
3,0,1,0.5119685
3,0,1,0.50518924
3,0,1,0.5001394
3,1,1,0.51356506
3,0,0,0.49136984
3,0,0,0.40249777
3,0,0,0.2990826
3,0,1,0.64652026
3,1,1,0.51877475
3,0,0,0.32217628
3,0,0,0.36388668
3,0,0,0.14018282
3,1,1,0.71419
3,1,1,0.6976721
3,0,0,0.4535028
3,0,1,0.5096707
3,0,1,0.55803627
3,1,1,0.7800725
3,0,1,0.7114882
3,1,0,0.4618396
3,0,0,0.18887603
3,0,0,0.26650643
3,1,1,0.6475585
3,1,1,0.69835114
3,1,1,0.64189416
3,1,1,0.6238312
3,1,1,0.6677247
3,1,1,0.6885898
3,0,0,0.48838046
3,0,0,0.46810192
3,1,1,0.5485346
3,0,0,0.42108673
3,0,0,0.39264762
3,1,1,0.5654096
3,1,1,0.5236226
3,0,0,0.304279
3,0,0,0.4366159
3,0,1,0.7223056
3,0,1,0.58658516
3,1,1,0.6841899
3,0,0,0.31399146
3,1,1,0.5031536
3,0,0,0.17515361
3,0,1,0.6322917
3,0,0,0.18568113
3,0,1,0.51626766
3,0,1,0.5924338
3,1,1,0.5490098
3,0,1,0.64690375
3,0,0,0.4930413
3,0,1,0.67031354
3,0,1,0.60751384
3,1,0,0.4792098
3,1,1,0.6877995
3,1,1,0.6474315
3,0,1,0.5034669
3,1,1,0.8680511
3,0,1,0.5936954
3,1,1,0.5468659
3,1,1,0.77406406
3,0,0,0.18912648
3,1,1,0.5777621
3,0,0,0.34902543
3,0,0,0.13029443
3,0,0,0.16047552
3,1,0,0.23872046
3,0,0,0.36683512
3,0,0,0.4225593
3,1,0,0.21818209
3,0,0,0.32825378
3,1,1,0.617856
3,0,0,0.47459036
3,1,0,0.39683163
3,1,1,0.7490235
3,1,1,0.84735364
3,1,1,0.6703224
3,1,1,0.5903676
3,0,0,0.06864853
3,0,1,0.6920784
3,1,1,0.60150284
3,1,0,0.49979645
3,0,0,0.41151628
3,0,1,0.5284433
3,1,1,0.59630954
3,1,1,0.7162168
3,0,1,0.5836591
3,0,0,0.32327846
3,0,0,0.33083546
3,0,0,0.19285078
3,0,0,0.180961
3,1,0,0.14674033
3,0,1,0.72145915
3,1,1,0.6887463
3,0,1,0.51641387
3,0,0,0.09070839
3,1,1,0.72614664
3,1,1,0.63150793
3,0,1,0.62387913
3,1,1,0.8500599
3,0,1,0.5800739
3,0,1,0.73522514
3,1,1,0.7306733
3,1,1,0.6036566
3,0,0,0.35253584
3,1,0,0.2612268
3,1,0,0.4684964
3,1,1,0.7634374
3,1,1,0.6480534
3,1,0,0.48874766
3,1,1,0.5930481
3,0,0,0.4680542
3,0,1,0.6686984
3,0,0,0.4381575
3,1,1,0.55189675
3,0,0,0.4474636
3,1,0,0.3108732
3,0,1,0.5227984
3,0,1,0.93753356
3,0,1,0.51038545
3,0,1,0.60415363
3,0,1,0.7535473
3,1,1,0.60222435
3,1,1,0.6700057
3,1,0,0.41630137
3,1,0,0.4962258
3,0,0,0.20823008
3,0,0,0.12543343
3,0,0,0.19387932
3,1,1,0.66181374
3,0,1,0.52203614
3,1,1,0.7082824
3,1,1,0.5485133
3,1,1,0.73955953
3,0,1,0.61018276
3,1,1,0.6145126
3,0,0,0.20597044
3,1,1,0.62038094
3,1,1,0.57745254
3,1,1,0.6834109
3,1,0,0.42315328
3,0,0,0.395261
3,0,0,0.4337437
3,1,1,0.649357
3,1,1,0.6523861
3,1,1,0.7713173
3,0,0,0.4365223
3,1,1,0.5892975
3,0,0,0.20504983
3,0,0,0.1047074
3,0,0,0.13033062
3,0,1,0.7284992
3,0,0,0.20214447
3,1,0,0.44706818
3,0,1,0.75565135
3,0,0,0.216392
3,0,0,0.10154637
3,1,1,0.73357487
3,1,1,0.71369576
3,0,0,0.35029638
3,0,1,0.6909601
3,1,1,0.6312321
3,0,0,0.39424255
3,0,1,0.70406
3,1,1,0.7822476
3,0,0,0.42975625
3,0,1,0.74304336
3,1,1,0.81550837
3,1,1,0.8427955
3,1,1,0.7502167
3,0,1,0.7105029
3,0,0,0.13415956
3,0,1,0.724142
3,1,1,0.590253
3,1,1,0.61068267
3,1,1,0.73814374
3,0,0,0.45947307
3,1,1,0.7564034
3,1,1,0.64361763
3,0,0,0.25145835
3,0,0,0.21062952
3,0,0,0.0965319
3,1,1,0.7202345
3,1,0,0.41399866
3,1,0,0.47161192
3,0,0,0.09227967
3,1,0,0.41643018
3,0,0,0.45138276
3,0,1,0.54930687
3,0,1,0.6348251
3,1,1,0.5776351
3,0,0,0.3739725
3,0,1,0.5077694
3,1,0,0.29172853
3,0,1,0.75136244
3,1,1,0.68789697
3,0,0,0.2660753
3,0,0,0.23299158
3,0,0,0.19583566
3,1,1,0.7326466
3,0,1,0.5527869
3,0,0,0.33730313
3,0,0,0.13009368
3,0,0,0.1953969
3,0,0,0.44219285
3,0,0,0.3364379
3,1,0,0.46531132
3,1,0,0.44222286
3,1,1,0.6770991
3,0,0,0.18857685
3,1,0,0.19846609
3,1,0,0.19290246
3,1,0,0.3278376
3,0,0,0.073093876
3,1,1,0.84374654
3,0,1,0.56717914
3,1,1,0.7648214
3,1,1,0.5932673
3,0,0,0.3451182
3,0,0,0.13647477
3,1,1,0.6013812
3,1,1,0.74688834
3,1,1,0.73981273
3,0,0,0.20128141
3,1,1,0.7235571
3,0,0,0.17422292
3,0,0,0.29262677
3,0,0,0.26685598
3,0,0,0.1520493
3,0,0,0.087300874
3,1,1,0.5383186
3,1,1,0.71161264
3,0,1,0.71447355
3,1,0,0.18679817
3,0,0,0.14999628
3,0,0,0.23135857
3,0,0,0.3368044
3,1,1,0.7388493
3,0,1,0.5565517
3,1,1,0.66260874
3,0,0,0.18035848
3,0,0,0.34750593
3,0,1,0.6158755
3,1,1,0.5018692
3,1,1,0.8461148
3,0,1,0.58917296
3,0,0,0.34238887
3,0,0,0.37897354
3,1,1,0.6691557
3,1,1,0.77635604
3,1,1,0.602886
3,1,0,0.363416
3,0,0,0.1608535
3,1,1,0.7482405
3,0,0,0.25496334
3,0,0,0.18453673
3,0,0,0.2911441
3,1,1,0.58674073
3,0,0,0.31313258
3,1,0,0.20336263
3,0,0,0.47563973
3,0,0,0.14051454
3,0,0,0.3865164
3,0,0,0.297804
3,0,0,0.39549068
3,1,1,0.8097778
3,0,0,0.41621855
3,1,1,0.6379833
3,0,0,0.17975341
3,1,1,0.72956765
3,1,1,0.6204622
3,0,1,0.5425511
3,0,0,0.2820827
3,0,0,0.20505099
3,0,0,0.4318267
3,0,0,0.13168004
3,0,0,0.12123065
3,1,1,0.76090235
3,0,0,0.40997952
3,1,0,0.30070627
3,1,0,0.22733855
3,0,0,0.14057283
3,1,0,0.17562343
3,1,1,0.82470936
3,1,1,0.56225044
3,0,0,0.4204693
3,1,1,0.7334243
3,0,0,0.19887325
3,0,0,0.1416519
3,0,1,0.6003568
3,1,1,0.59509933
3,0,1,0.55190665
3,0,1,0.545527
3,1,1,0.7461994
3,0,1,0.6898066
3,1,0,0.38494587
3,0,1,0.6999994
3,0,1,0.5864819
3,0,0,0.3894105
3,1,1,0.79438853
3,1,1,0.7342367
3,1,1,0.55841804
3,1,1,0.631209
3,1,0,0.10395567
3,1,0,0.4514279
3,0,1,0.72831833
3,0,1,0.699803
3,0,1,0.5005171
3,0,0,0.49522036
3,1,1,0.6847214
3,0,1,0.6012134
3,0,0,0.35634592
3,0,1,0.5390413
3,0,0,0.35414293
3,1,1,0.9261502
3,0,1,0.6941545
3,1,1,0.7486706
3,0,0,0.27913845
3,1,1,0.7253876
3,0,1,0.6034421
3,0,1,0.5541793
3,0,0,0.38668072
3,1,0,0.31595784
3,0,1,0.7587927
3,1,1,0.5898715
3,0,0,0.19827782
3,1,1,0.63621163
3,0,1,0.7794737
3,0,0,0.33824006
3,1,1,0.6312267
3,0,0,0.30804747
3,1,0,0.42793292
3,0,1,0.6326522
3,1,1,0.60963494
3,0,0,0.16149801
3,0,0,0.12991434
3,0,0,0.1464137
3,0,1,0.67877746
3,0,0,0.2743846
3,0,0,0.24883263
3,1,1,0.53210706
3,0,1,0.6182328
3,1,1,0.589266
3,1,1,0.6167624
3,1,0,0.4961536
3,1,1,0.6676478
3,0,1,0.63459486
3,0,0,0.48144838
3,1,1,0.5633724
3,0,1,0.6022198
3,0,0,0.37826946
3,1,1,0.66417223
3,1,0,0.42931485
3,0,1,0.55692345
3,1,1,0.68853366
3,0,0,0.45238233
3,1,1,0.8364105
3,1,1,0.5843811
3,0,0,0.37588865
3,0,0,0.3505407
3,0,0,0.35063532
3,1,1,0.595092
3,0,1,0.6284981
3,0,0,0.47194484
3,1,1,0.8145587
3,0,0,0.4902645
3,0,0,0.4454754
3,0,0,0.10553341
3,0,0,0.15265913
3,1,1,0.53155535
3,0,0,0.4477722
3,0,0,0.44719627
3,0,1,0.5814512
3,1,1,0.7102698
3,0,0,0.17736878
3,1,1,0.50558853
3,1,1,0.5967219
3,1,0,0.44096446
3,0,0,0.4409679
3,0,0,0.48460677
3,1,0,0.38047954
3,0,0,0.49313694
3,1,0,0.29780316
3,0,1,0.6749209
3,1,1,0.69852006
3,0,1,0.65579486
3,0,1,0.6501318
3,0,1,0.6958888
3,1,1,0.8024468
3,1,1,0.69897485
3,1,1,0.73271835
3,1,1,0.65368646
3,1,1,0.8815065
3,1,1,0.8148501
3,0,1,0.5817175
3,0,1,0.63013035
3,1,1,0.761052
3,1,1,0.8515783
3,1,1,0.83997947
3,0,0,0.2607003
3,1,1,0.853278
3,1,1,0.60903895
3,0,0,0.17134216
3,0,0,0.24117687
3,0,1,0.7321154
3,0,1,0.77190405
3,0,1,0.7172635
3,1,1,0.7782216
3,1,1,0.7666409
3,1,1,0.6186162
3,1,1,0.72886455
3,1,1,0.64374316
3,1,1,0.7198248
3,1,1,0.86186844
3,1,1,0.8435046
3,1,1,0.7051689
3,0,0,0.2047214
3,1,1,0.5856287
3,0,1,0.530186
3,0,1,0.5551425
3,0,1,0.6250567
3,0,0,0.47044894
3,1,1,0.6472403
3,1,1,0.55182105
3,1,1,0.66251767
3,0,0,0.43137637
3,0,0,0.31007984
3,0,0,0.12342984
3,0,0,0.17209327
3,1,1,0.9333035
3,0,1,0.84391487
3,1,1,0.71586376
3,1,0,0.28295553
3,0,0,0.19817239
3,0,0,0.13360222
3,0,0,0.48234755
3,0,1,0.64578366
3,1,1,0.7844218
3,1,0,0.09210812
3,1,0,0.30668247
3,0,0,0.2669714
3,0,0,0.13698192
3,1,0,0.16348946
3,1,1,0.7636632
3,0,1,0.6442421
3,1,1,0.53336346
3,0,1,0.7299657
3,1,1,0.6875366
3,0,1,0.5239848
3,1,0,0.24400906
3,1,1,0.72196084
3,0,1,0.55942726
3,0,1,0.5989411
3,0,1,0.7307691
3,1,1,0.86266094
3,1,1,0.9124511
3,0,1,0.56124705
3,1,1,0.57289964
3,0,0,0.28757924
3,1,0,0.17180133
3,1,1,0.6445968
3,0,0,0.29229322
3,0,0,0.14925587
3,0,0,0.09956204
3,0,0,0.1637782
3,0,1,0.57845837
3,1,0,0.29868084
3,0,1,0.622239
3,0,0,0.11190956
3,1,1,0.8465836
3,1,1,0.73089087
3,0,0,0.09377548
3,1,1,0.6039371
3,0,1,0.6254337
3,1,1,0.69346774
3,0,0,0.14904195
3,1,1,0.63297254
3,0,0,0.2406583
3,0,0,0.101736926
3,1,1,0.8632205
3,0,0,0.31018886
3,0,0,0.17981423
3,0,0,0.30547726
3,0,1,0.5163427
3,0,0,0.40967414
3,1,1,0.77358866
3,1,1,0.7314809
3,1,1,0.6276236
3,1,1,0.65821326
3,0,0,0.16536209
3,0,0,0.4916697
3,0,0,0.38362896
3,1,0,0.3238368
3,1,1,0.62416077
3,0,1,0.5392518
3,1,0,0.42726865
3,1,0,0.4697641
3,0,0,0.322523
3,0,0,0.44676456
3,0,0,0.4020486
3,0,0,0.22175027
3,1,0,0.47070536
3,1,1,0.59337425
3,0,1,0.69387424
3,0,0,0.47438473
3,0,0,0.43551373
3,1,1,0.506945
3,0,0,0.36560532
3,1,0,0.28847408
3,0,0,0.12641525
3,0,0,0.46840024
3,0,0,0.33181342
3,0,0,0.4534142
3,1,1,0.6323703
3,0,0,0.12204584
3,1,1,0.788863
3,1,1,0.5153615
3,1,1,0.6382343
3,0,0,0.2992893
3,0,1,0.7888052
3,0,0,0.4495582
3,0,0,0.37581316
3,0,0,0.19602744
3,1,0,0.30341205
3,0,0,0.091125496
3,1,1,0.68468595
3,0,1,0.74347264
3,1,1,0.5853059
3,1,0,0.17840225
3,1,1,0.87869966
3,0,1,0.5228629
3,0,0,0.19354005
3,1,1,0.87216914
3,1,1,0.628961
3,0,0,0.12107574
3,1,1,0.61937016
3,0,0,0.3970079
3,0,1,0.7017248
3,0,0,0.27771047
3,1,0,0.45837665
3,1,0,0.42352128
3,1,1,0.6413195
3,1,1,0.64355344
3,0,0,0.37242383
3,1,0,0.28537828
3,1,1,0.61534053
3,0,0,0.27561188
3,0,0,0.21930332
3,0,1,0.58136106
3,0,1,0.5366268
3,0,1,0.59458417
3,1,0,0.29906937
3,0,0,0.27983758
3,0,0,0.11021236
3,1,1,0.85415435
3,1,1,0.76039267
3,1,0,0.48173252
3,0,0,0.33948693
3,0,0,0.31290403
3,1,0,0.2088569
3,0,0,0.37486264
3,0,0,0.36684155
3,0,1,0.5637809
3,0,1,0.73605806
3,0,1,0.5928563
3,1,1,0.5351706
3,0,1,0.7073739
3,1,1,0.6892939
3,1,0,0.10466393
3,0,0,0.12405003
3,1,0,0.4106626
3,0,1,0.71089536
3,0,0,0.22456054
3,1,0,0.26522118
3,0,0,0.39771977
3,1,1,0.8492531
3,0,1,0.62197155
3,1,1,0.6282632
3,1,1,0.53917074
3,0,1,0.6277131
3,0,0,0.3519062
3,1,1,0.6779199
3,0,0,0.47080943
3,0,0,0.4512266
3,1,1,0.51285744
3,0,1,0.5679905
3,0,1,0.7954432
3,1,1,0.7244049
3,0,0,0.1872717
3,0,0,0.2592669
3,1,1,0.6315454
3,1,1,0.67687124
3,0,1,0.5058515
3,1,1,0.8682964
3,1,1,0.7084317
3,0,1,0.5215905
3,1,1,0.7439178
3,1,1,0.6872939
3,1,1,0.65386426
3,0,0,0.39641592
3,1,1,0.8425183
3,0,0,0.29040796
3,0,0,0.4182672
3,1,0,0.24858327
3,1,1,0.69230425
3,0,0,0.4215504
3,0,0,0.18817987
3,0,0,0.45372277
3,0,0,0.17591402
3,0,0,0.08166517
3,0,0,0.30841544
3,0,0,0.22982606
3,0,0,0.48480728
3,0,0,0.45978528
3,0,0,0.2894533
3,1,0,0.3012447
3,1,0,0.3366286
3,1,0,0.43385625
3,0,0,0.13536401
3,1,0,0.18994251
3,0,0,0.14394914
3,1,0,0.33875144
3,1,1,0.54619277
3,0,0,0.39205208
3,1,0,0.26785472
3,1,0,0.16690524
3,0,1,0.7457104
3,1,1,0.72596824
3,0,1,0.6699732
3,0,0,0.2466904
3,0,1,0.5967796
3,0,0,0.30421337
3,1,1,0.5632804
3,1,1,0.7867104
3,0,1,0.7872636
3,1,1,0.5663084
3,0,0,0.25363967
3,1,1,0.6169165
3,0,0,0.49834856
3,0,0,0.19575092
3,0,0,0.24709071
3,0,1,0.7006773
3,1,1,0.55790377
3,1,1,0.6451757
3,1,0,0.4726121
3,1,1,0.67222357
3,0,0,0.49096027
3,1,1,0.77064115
3,1,1,0.687632
3,0,1,0.6289589
3,0,1,0.5090755
3,1,1,0.60791963
3,0,1,0.5717428
3,0,1,0.7639122
3,1,1,0.639705
3,0,1,0.648272
3,0,1,0.5706363
3,0,1,0.6533759
3,1,1,0.7093373
3,0,0,0.110751934
3,0,0,0.19993357
3,1,1,0.75851935
3,0,0,0.17832707
3,1,1,0.5917144
3,0,0,0.13777561
3,0,0,0.3717441
3,1,1,0.8506127
3,1,1,0.61901146
3,1,1,0.7029326
3,0,1,0.5093909
3,0,0,0.48095128
3,0,0,0.3798788
3,0,0,0.06799154
3,0,0,0.4400908
3,1,1,0.6986574
3,0,0,0.4796773
3,1,1,0.869331
3,1,1,0.76863575
3,1,1,0.7628202
3,0,0,0.19484513
3,1,1,0.6206334
3,0,0,0.3867267
3,0,1,0.70648015
3,1,1,0.8601723
3,1,0,0.4200227
3,0,1,0.50854397
3,0,0,0.14377815
3,1,1,0.77666026
3,1,1,0.5340132
3,1,1,0.62238693
3,1,1,0.7176551
3,0,0,0.39111412
3,0,1,0.6436561
3,0,0,0.44474366
3,1,1,0.76570386
3,0,1,0.5703405
3,0,1,0.54109585
3,1,1,0.6439058
3,0,1,0.6378326
3,0,0,0.46475407
3,0,0,0.47597665
3,1,1,0.65900344
3,0,1,0.60097533
3,1,1,0.6615186
3,0,1,0.6473381
3,0,0,0.26337945
3,1,1,0.5067454
3,1,1,0.60201573
3,0,1,0.59549105
3,0,1,0.74423426
3,1,0,0.43231246
3,0,0,0.1329848
3,0,0,0.1303663
3,1,0,0.3113412
3,1,1,0.68176705
3,0,0,0.09422539
3,1,0,0.25764364
3,0,0,0.463119
3,0,1,0.5504784
3,1,1,0.74886155
3,1,0,0.4304352
3,1,0,0.31667283
3,0,1,0.62598723
3,1,1,0.6744156
3,1,0,0.26968184
3,0,0,0.28663936
3,1,1,0.82156193
3,0,1,0.54245317
3,0,0,0.46643487
3,0,1,0.6467512
3,1,1,0.60656804
3,0,1,0.5180343
3,0,0,0.35348368
3,1,1,0.8641657
3,0,1,0.52006966
3,1,1,0.6584747
3,0,0,0.19982645
3,0,0,0.18367349
3,0,0,0.14920467
3,1,1,0.77668166
3,1,0,0.4391048
3,1,1,0.8192076
3,1,0,0.32825884
3,0,1,0.5032587
3,1,0,0.40468317
3,1,1,0.65029943
3,0,1,0.53072536
3,0,0,0.46900934
3,1,0,0.19464506
3,0,0,0.4970583
3,0,1,0.59744436
3,1,1,0.6692389
3,1,0,0.4595862
3,0,0,0.44679594
3,0,1,0.6950284
3,0,1,0.56583565
3,1,1,0.886385
3,1,1,0.6000401
3,0,0,0.43404585
3,1,1,0.5978259
3,0,0,0.27555192
3,0,1,0.6039693
3,0,1,0.68984824
3,0,0,0.4074498
3,0,0,0.23550485
3,1,0,0.189676
3,1,1,0.7839055
3,1,1,0.69974095
3,1,1,0.6846143
3,0,1,0.50066876
3,0,0,0.24880303
3,1,1,0.61705
3,0,1,0.55314
3,0,1,0.5294479
3,1,1,0.7356073
3,0,0,0.41595253
3,0,1,0.5443154
3,0,0,0.4608961
3,0,0,0.1952076
3,0,0,0.36339203
3,0,0,0.3397811
3,0,0,0.14706033
3,1,1,0.73986626
3,0,1,0.56287336
3,1,1,0.7519599
3,1,0,0.42469558
3,1,1,0.5583842
3,1,1,0.79887265
3,1,1,0.8094454
3,0,1,0.68394583
3,1,0,0.19524468
3,1,0,0.31696963
3,1,1,0.7472185
3,1,1,0.54379576
3,0,1,0.64039296
3,1,0,0.48678082
3,1,1,0.57263696
3,0,1,0.6035905
3,0,0,0.38175648
3,0,0,0.265721
3,1,1,0.8243893
3,0,1,0.7133305
3,0,0,0.17116582
3,0,0,0.19540402
3,1,0,0.42604098
3,0,1,0.5776212
3,0,1,0.7170604
3,0,1,0.615079
3,0,0,0.28963006
3,0,0,0.15902057
3,0,0,0.47983918
3,1,1,0.8364724
3,1,1,0.5397066
3,1,1,0.7029339
3,0,1,0.5653752
3,1,1,0.60928583
3,0,0,0.32178065
3,0,0,0.22022228
3,0,0,0.2596508
3,1,1,0.61537653
3,1,1,0.57844913
3,0,1,0.59005433
3,0,0,0.32265633
3,0,0,0.15231103
3,0,1,0.7995264
3,1,1,0.6806981
3,0,1,0.5936743
3,1,0,0.4897032
3,0,0,0.14163151
3,1,0,0.16951759
3,1,1,0.6374878
3,0,1,0.5112181
3,1,1,0.76231825
3,1,0,0.13616297
3,1,1,0.63772184
3,0,0,0.25127777
3,0,0,0.22502881
3,0,1,0.7500307
3,0,1,0.5971023
3,1,0,0.49236962
3,0,1,0.59879893
3,0,0,0.18884553
3,0,1,0.73644257
3,0,0,0.3547286
3,0,0,0.105583325
3,1,1,0.7520301
3,1,0,0.40315807
3,0,0,0.16529569
3,1,0,0.39805976
3,1,1,0.81968576
3,1,1,0.62377375
3,1,1,0.6107968
3,0,0,0.2721306
3,0,0,0.32791254
3,0,0,0.46745408
3,1,1,0.73580253
3,1,1,0.56198525
3,0,1,0.5438054
3,1,1,0.83216345
3,0,1,0.56288785
3,0,0,0.4663085
3,0,0,0.21954033
3,1,0,0.38450718
3,1,1,0.55347794
3,0,1,0.5750051
3,1,1,0.7569119
3,1,1,0.8069928
3,1,1,0.64760333
3,0,0,0.22363397
3,1,1,0.56317604
3,0,1,0.5875955
3,1,1,0.6413103
3,0,0,0.34633464
3,0,1,0.52450067
3,0,1,0.5421975
3,0,1,0.59213704
3,0,0,0.14763679
3,0,1,0.68441737
3,0,1,0.65688014
3,1,1,0.6258739
3,0,0,0.29307052
3,0,0,0.19330136
3,1,1,0.6357978
3,0,1,0.7290491
3,1,0,0.35115114
3,1,1,0.5894139
3,1,0,0.35992903
3,0,0,0.4928754
3,1,1,0.7826236
3,1,1,0.630942
3,1,1,0.6130496
3,0,0,0.4466937
3,0,1,0.5797313
3,1,1,0.6201039
3,1,1,0.6052815
3,0,0,0.44987264
3,0,1,0.6247149
3,0,1,0.51933837
3,1,1,0.70314467
3,0,1,0.6120384
3,0,0,0.48639354
3,1,1,0.58275896
3,1,0,0.45818692
3,1,1,0.5938443
3,0,0,0.16050799
3,0,0,0.10050387
3,1,1,0.61372447
3,0,0,0.15410365
3,1,0,0.32971996
3,1,0,0.42010394
3,0,0,0.40189964
3,1,1,0.8115701
3,1,1,0.5966984
3,1,0,0.35558403
3,0,0,0.26169515
3,0,1,0.7511093
3,1,1,0.66112304
3,1,0,0.35416248
3,0,0,0.17605354
3,1,1,0.7579138
3,1,1,0.5920544
3,1,0,0.4933439
3,0,0,0.15320003
3,0,0,0.19986555
3,0,0,0.28589696
3,0,0,0.16628301
3,0,1,0.6207799
3,0,1,0.6646187
3,1,0,0.36970776
3,1,1,0.5262854
3,0,0,0.4096036
3,0,0,0.16678317
3,1,0,0.28088072
3,0,0,0.2548949
3,0,0,0.4648176
3,1,1,0.7307979
3,1,0,0.48228443
3,1,1,0.78749406
3,1,1,0.5991808
3,1,1,0.7533283
3,0,0,0.43767828
3,1,0,0.44011876
3,0,0,0.12803699
3,0,1,0.7020374
3,0,0,0.15986702
3,1,1,0.5285936
3,0,1,0.6186305
3,1,1,0.6717351
3,1,0,0.41484767
3,0,0,0.34319356
3,0,1,0.7172683
3,1,0,0.43910092
3,0,0,0.19847344
3,1,1,0.7009275
3,0,1,0.5915981
3,0,0,0.16259107
3,0,0,0.12177857
3,1,1,0.66749614
3,1,0,0.16993749
3,0,0,0.1068989
3,1,1,0.73331827
3,1,1,0.7573697
3,1,1,0.776601
3,0,0,0.15854841
3,0,0,0.20928927
3,0,0,0.25074077
3,0,0,0.26510814
3,0,0,0.1447399
3,0,0,0.41085804
3,1,0,0.23060934
3,0,0,0.42185342
3,0,0,0.13001642
3,0,1,0.5500772
3,0,0,0.48554212
3,0,0,0.28911904
3,1,1,0.5396406
3,1,0,0.22025591
3,1,1,0.6663665
3,1,1,0.872072
3,0,0,0.36531705
3,1,1,0.7327542
3,0,1,0.6310143
3,0,1,0.7158376
3,0,0,0.3485155
3,0,0,0.1883874
3,0,1,0.6402281
3,1,1,0.76383495
3,1,0,0.40681556
3,0,0,0.23963599
3,1,1,0.6016503
3,1,1,0.6834374
3,1,1,0.677902
3,0,0,0.18736465
3,0,1,0.50215757
3,1,0,0.4219469
3,0,0,0.123830184
3,0,1,0.5661005
3,0,0,0.31957835
3,1,0,0.33203426
3,0,1,0.72618365
3,1,1,0.65685135
3,0,0,0.4449435
3,0,0,0.3075891
3,0,0,0.3049307
3,0,1,0.5567502
3,0,0,0.14806603
3,1,0,0.48342344
3,0,0,0.4513093
3,0,0,0.49514407
3,1,0,0.0994288
3,1,1,0.85225725
3,1,0,0.1305697
3,1,0,0.14024036
3,0,0,0.32788333
3,1,1,0.503369
3,0,0,0.11646768
3,1,1,0.7920809
3,1,1,0.6684255
3,0,1,0.66349256
3,0,1,0.6216014
3,1,1,0.65750825
3,0,1,0.77316606
3,1,1,0.58675545
3,1,1,0.67670846
3,0,1,0.55522835
3,0,1,0.668395
3,0,1,0.68556094
3,0,1,0.5084656
3,1,1,0.64639235
3,1,1,0.54133326
3,1,0,0.32663158
3,0,0,0.39127752
3,0,0,0.3789592
3,1,0,0.34333998
3,0,0,0.48227125
3,1,0,0.41852424
3,1,0,0.4193623
3,1,0,0.13902874
3,1,1,0.7216142
3,0,0,0.44071624
3,0,0,0.2064785
3,0,0,0.32009456
3,1,0,0.45734042
3,1,1,0.8999619
3,1,1,0.8056378
3,1,1,0.64383465
3,0,0,0.15433533
3,1,1,0.68510926
3,1,1,0.51763105
3,1,1,0.6351429
3,0,0,0.44564396
3,0,0,0.1396702
3,0,0,0.2955509
3,1,0,0.22519664
3,1,1,0.6935892
3,1,1,0.63678616
3,1,1,0.5526679
3,0,0,0.20537205
3,0,1,0.5893324
3,0,0,0.37481174
3,0,1,0.7347268
3,0,0,0.09356921
3,0,0,0.14493486
3,0,0,0.18286698
3,0,0,0.11574722
3,0,0,0.47116563
3,0,0,0.1651876
3,1,0,0.37432534
3,0,0,0.15688948
3,1,0,0.44924143
3,1,0,0.23863193
3,1,1,0.7094214
3,1,1,0.7411491
3,1,1,0.672381
3,0,0,0.29421955
3,0,0,0.47583267
3,1,1,0.8543808
3,1,1,0.68357676
3,1,0,0.392569
3,0,0,0.44325534
3,1,1,0.5660253
3,1,1,0.50419426
3,0,1,0.5043468
3,0,0,0.4326602
3,1,1,0.931321
3,1,1,0.61449766
3,1,1,0.7009777
3,1,1,0.6095519
3,0,1,0.66425604
3,1,1,0.81608874
3,1,1,0.8060118
3,1,1,0.6869581
3,1,1,0.74803793
3,0,1,0.5781608
3,0,1,0.5923022
3,0,1,0.6049867
3,0,0,0.22993247
3,0,0,0.4401227
3,1,1,0.50957495
3,0,1,0.67427874
3,0,0,0.47691283
3,0,0,0.29854095
3,0,1,0.57162285
3,1,1,0.62017745
3,0,0,0.46541756
3,1,0,0.34632456
3,1,0,0.28855136
3,0,0,0.45319942
3,0,0,0.36035788
3,1,0,0.35110807
3,0,0,0.1889722
3,1,0,0.35269424
3,0,0,0.2140377
3,0,0,0.31413168
3,1,0,0.29809242
3,0,0,0.4582323
3,0,0,0.19700631
3,1,1,0.5518328
3,1,1,0.51856023
3,0,0,0.2806056
3,1,0,0.299423
3,0,1,0.5355263
3,1,0,0.3875737
3,1,0,0.35594293
3,0,0,0.13843513
3,0,0,0.18510824
3,0,0,0.1328236
3,1,1,0.6536932
3,0,0,0.16566259
3,0,0,0.16262315
3,0,0,0.124410816
3,1,1,0.7736816
3,1,0,0.40524313
3,1,1,0.6617347
3,0,0,0.4923416
3,1,1,0.55197686
3,1,1,0.58041
3,0,0,0.46815035
3,1,0,0.48334542
3,1,1,0.61917406
3,0,0,0.48851624
3,1,1,0.60827255
3,1,1,0.65842557
3,0,1,0.5235144
3,1,1,0.52836096
3,0,1,0.5049153
3,1,1,0.73627025
3,0,0,0.49850613
3,0,1,0.5571157
3,0,0,0.49687472
3,0,0,0.32508156
3,1,1,0.55578154
3,0,1,0.5437122
3,0,0,0.4303221
3,1,1,0.722447
3,1,1,0.5797989
3,0,0,0.27680615
3,0,1,0.6224591
3,0,0,0.26099855
3,0,1,0.59036994
3,1,1,0.6840631
3,1,1,0.9536235
3,0,1,0.6125514
3,0,0,0.4167512
3,0,0,0.3834132
3,1,1,0.67567724
3,0,1,0.6647038
3,1,0,0.47531423
3,0,0,0.23903255
3,0,0,0.10823175
3,0,0,0.12395075
3,1,1,0.7686892
3,0,0,0.22028238
3,1,0,0.28094915
3,1,0,0.19011632
3,1,0,0.3104679
3,0,0,0.48469126
3,1,1,0.87092876
3,1,1,0.79314697
3,1,1,0.6773194
3,0,0,0.15183772
3,0,1,0.6654503
3,0,1,0.74766564
3,0,1,0.73733187
3,0,1,0.63342214
3,1,0,0.29048505
3,1,1,0.6607616
3,0,1,0.61834383
3,0,1,0.59954274
3,1,1,0.71622807
3,1,1,0.80081517
3,0,0,0.20880458
3,1,0,0.3301362
3,0,1,0.5758708
3,0,1,0.5036625
3,0,0,0.3652712
3,1,0,0.45957962
3,0,0,0.46405622
3,0,0,0.29755163
3,1,1,0.6166362
3,1,1,0.57081383
3,1,1,0.8257968
3,1,1,0.6531892
3,1,1,0.6977081
3,0,0,0.16639167
3,1,0,0.3780529
3,0,1,0.5205469
3,0,0,0.46130988
3,0,0,0.4711419
3,1,0,0.46464667
3,0,0,0.38051847
3,0,0,0.25444585
3,0,1,0.757124
3,1,1,0.5780682
3,1,1,0.5256595
3,1,1,0.66538453
3,1,1,0.64568233
3,1,0,0.15171401
3,0,0,0.27457958
3,0,0,0.17648217
3,0,1,0.6029874
3,0,1,0.60986966
3,0,1,0.54458034
3,0,1,0.63317776
3,1,1,0.5780415
3,1,1,0.5034163
3,1,0,0.44571385
3,0,1,0.5925788
3,0,0,0.46301275
3,0,0,0.48478934
3,0,0,0.39690053
3,1,1,0.76099706
3,0,1,0.7370196
3,1,1,0.5155562
3,0,1,0.6564438
3,0,1,0.7489727
3,1,0,0.44897404
3,1,1,0.6220016
3,0,0,0.39874873
3,1,1,0.8374283
3,1,1,0.8287731
3,0,1,0.5106675
3,0,0,0.094979845
3,0,0,0.1393198
3,1,1,0.5960246
3,1,1,0.64450884
3,0,1,0.5260883
3,1,1,0.62472665
3,0,0,0.24641266
3,0,0,0.39482608
3,0,0,0.17657992
3,1,1,0.77940845
3,1,1,0.67820156
3,1,1,0.58566827
3,1,1,0.67638654
3,1,0,0.48696432
3,0,0,0.27679583
3,0,1,0.67188966
3,0,0,0.4181652
3,0,1,0.5863002
3,1,1,0.6686085
3,1,0,0.34691304
3,0,0,0.3460172
3,0,0,0.12836115
3,0,0,0.3965785
3,0,1,0.839693
3,1,0,0.22769621
3,1,1,0.67924887
3,0,0,0.314717
3,1,1,0.59872913
3,0,0,0.35006598
3,0,1,0.532661
3,0,1,0.7563251
3,1,1,0.74292034
3,0,1,0.6100203
3,1,1,0.8446722
3,1,1,0.77187586
3,0,0,0.45891222
3,0,0,0.43499988
3,1,1,0.78738725
3,0,0,0.15936323
3,0,1,0.5863647
3,0,1,0.614342
3,1,1,0.5608328
3,1,0,0.3328907
3,0,0,0.35752282
3,0,1,0.663249
3,1,1,0.7377459
3,0,1,0.57272506
3,0,1,0.5930358
3,0,0,0.41245732
3,0,0,0.41878706
3,1,0,0.31705832
3,1,1,0.5782995
3,1,1,0.8515492
3,1,1,0.62597775
3,0,1,0.5046564
3,0,0,0.34776405
3,1,1,0.771792
3,1,1,0.72994477
3,0,1,0.6969133
3,1,1,0.73578894
3,0,1,0.6681165
3,1,0,0.42851728
3,1,1,0.5724392
3,1,1,0.7093447
3,1,1,0.53398246
3,0,1,0.58464646
3,0,1,0.8220183
3,0,0,0.45881963
3,0,0,0.48775962
3,1,1,0.5338116
3,1,1,0.7181676
3,1,1,0.70521456
3,0,1,0.76941276
3,1,1,0.8421113
3,1,1,0.65766853
3,1,1,0.90262145
3,1,0,0.45925114
3,1,0,0.43295676
3,0,0,0.4008538
3,0,0,0.23916684
3,0,1,0.532638
3,0,1,0.6694708
3,1,1,0.642485
3,0,0,0.10054648
3,1,1,0.5582122
3,1,1,0.7738238
3,1,1,0.72785413
3,1,1,0.5672869
3,0,1,0.5868785
3,1,1,0.6753923
3,0,0,0.43458202
3,1,0,0.2714078
3,0,0,0.3298062
3,0,1,0.7100677
3,1,0,0.43235725
3,0,0,0.48228422
3,0,0,0.49564606
3,0,0,0.48973873
3,0,0,0.16885532
3,1,0,0.42628998
3,0,0,0.315296
3,1,0,0.36073232
3,0,0,0.46612918
3,0,0,0.41152546
3,0,0,0.44544083
3,1,0,0.2168078
3,1,0,0.24900162
3,0,0,0.49320376
3,0,0,0.16408363
3,0,0,0.042127464
3,0,0,0.47176102
3,0,0,0.22479473
3,0,0,0.18186109
3,1,0,0.42506683
3,1,0,0.2740121
3,1,0,0.49590543
3,1,0,0.44823343
3,1,0,0.314821
3,1,1,0.90335745
3,1,0,0.46388426
3,0,1,0.66207063
3,1,0,0.17226419
3,0,1,0.7065669
3,1,0,0.41307792
3,1,1,0.6038288
3,1,1,0.5240763
3,0,0,0.13996567
3,1,1,0.6739565
3,1,0,0.49747777
3,1,1,0.85607666
3,1,0,0.3035733
3,1,1,0.7546327
3,1,0,0.32989922
3,1,1,0.642542
3,1,1,0.7162336
3,0,0,0.20215586
3,0,0,0.2397489
3,0,0,0.18877733
3,0,0,0.14875413
3,0,0,0.08845882
3,0,1,0.69253457
3,0,0,0.3365277
3,1,0,0.41775036
3,0,0,0.45862308
3,0,0,0.10586809
3,0,0,0.24800435
3,1,1,0.74165094
3,1,1,0.7695715
3,0,1,0.6450366
3,0,0,0.42862642
3,1,1,0.74206775
3,1,1,0.6402732
3,0,1,0.685467
3,1,1,0.7205866
3,1,1,0.73003215
3,0,1,0.67244554
3,0,1,0.804649
3,1,0,0.48809287
3,0,0,0.3478465
3,0,1,0.52597636
3,0,1,0.5271919
3,1,0,0.47765213
3,0,1,0.6441892
3,0,1,0.8298943
3,1,1,0.8108099
3,1,1,0.7539762
3,0,1,0.6328735
3,0,1,0.60232836
3,1,1,0.745656
3,1,1,0.7702546
3,0,1,0.6768891
3,0,1,0.6941661
3,1,1,0.6124176
3,0,1,0.7826728
3,0,0,0.4855831
3,1,0,0.4946803
3,0,1,0.6217314
3,0,1,0.7770852
3,1,1,0.6023988
3,1,1,0.61864805
3,1,1,0.63949347
3,1,1,0.82035714
3,1,1,0.6632359
3,0,1,0.6155167
3,0,1,0.5279628
3,1,1,0.50762993
3,1,1,0.56081575
3,1,1,0.74166167
3,1,1,0.5403933
3,1,1,0.63482404
3,0,1,0.78744304
3,1,1,0.6457989
3,0,1,0.52189475
3,1,1,0.5530504
3,0,1,0.6487576
3,0,1,0.59984815
3,1,1,0.58430624
3,0,1,0.53181154
3,0,1,0.6001745
3,0,0,0.13720603
3,0,1,0.8499183
3,1,1,0.5263277
3,0,0,0.41099662
3,0,1,0.7386042
3,1,0,0.49083665
3,1,0,0.27407593
3,0,1,0.51349354
3,1,0,0.452023
3,0,0,0.45717564
3,0,0,0.09416634
3,1,1,0.64759946
3,1,1,0.5967796
3,1,1,0.50489205
3,1,1,0.5013998
3,0,0,0.39417523
3,0,1,0.5495532
3,0,1,0.6048161
3,0,1,0.5752426
3,1,1,0.69076514
3,0,1,0.7750023
3,0,1,0.6982123
3,1,1,0.698673
3,1,1,0.7584003
3,1,1,0.6174524
3,1,1,0.51016015
3,1,1,0.5673638
3,1,1,0.6284308
3,1,1,0.76659125
3,0,1,0.5729408
3,1,1,0.51104116
3,1,1,0.58683544
3,1,0,0.49973884
3,0,1,0.5959866
3,0,1,0.51889896
3,0,1,0.6548813
3,0,0,0.32850638
3,0,0,0.39912727
3,0,1,0.8136341
3,1,1,0.58881503
3,0,0,0.29735816
3,0,0,0.152805
3,1,1,0.55371594
3,1,1,0.51444644
3,1,1,0.7589505
3,1,1,0.72234863
3,1,1,0.5437839
3,0,0,0.09783372
3,0,1,0.6817246
3,0,0,0.4898542
3,0,1,0.6109643
3,0,1,0.7360517
3,1,1,0.59274703
3,1,0,0.47944352
3,0,1,0.5616795
3,0,0,0.4206433
3,0,0,0.30213007
3,1,1,0.81254536
3,1,0,0.43442634
3,0,1,0.63289547
3,0,0,0.19094694
3,0,1,0.6314323
3,0,0,0.48848188
3,0,1,0.50201297
3,0,0,0.14659747
3,0,0,0.22678441
3,0,1,0.5635752
3,0,1,0.55661345
3,1,1,0.5822477
3,1,0,0.2641636
3,1,1,0.64357585
3,0,1,0.64777356
3,0,1,0.62014616
3,0,0,0.07966789
3,1,1,0.72954637
3,1,1,0.742829
3,1,1,0.6467594
3,1,1,0.89911115
3,0,1,0.64090663
3,0,1,0.6708604
3,0,0,0.08154436
3,1,1,0.50618124
3,0,1,0.5467314
3,0,0,0.3765694
3,1,1,0.7329209
3,0,1,0.68398136
3,0,0,0.42663726
3,0,1,0.61859214
3,1,1,0.6598702
3,0,0,0.45154843
3,1,1,0.60928005
3,0,1,0.51271856
3,1,1,0.5161139
3,0,1,0.66594607
3,0,1,0.62117076
3,1,1,0.5943485
3,0,0,0.36284387
3,1,1,0.66848785
3,1,1,0.72559094
3,1,1,0.75634056
3,1,1,0.6393727
3,0,0,0.38282824
3,0,1,0.6331272
3,1,1,0.5729661
3,1,1,0.7371327
3,0,1,0.57418895
3,1,1,0.59066087
3,0,0,0.47307116
3,0,1,0.5532309
3,1,0,0.4924631
3,0,0,0.42828685
3,1,1,0.5802534
3,0,0,0.31844488
3,1,1,0.6517154
3,0,0,0.4531552
3,0,0,0.15110077
3,1,1,0.66009194
3,1,1,0.5279734
3,0,1,0.5658119
3,0,1,0.61953616
3,0,0,0.43274516
3,1,0,0.45259428
3,0,0,0.37511754
3,0,0,0.41469756
3,1,1,0.83858675
3,1,1,0.7133795
3,1,0,0.37849906
3,0,0,0.23851612
3,1,1,0.7877854
3,0,0,0.34385684
3,1,1,0.5583751
3,0,0,0.33690012
3,0,0,0.11838176
3,1,0,0.4782909
3,0,0,0.46046573
3,1,1,0.6165668
3,0,1,0.6795586
3,1,1,0.7757662
3,1,1,0.59385324
3,1,1,0.6535449
3,0,0,0.39414155
3,1,1,0.57903373
3,0,0,0.41994953
3,0,0,0.38370416
3,0,0,0.355974
3,0,0,0.2895721
3,0,0,0.21175328
3,0,0,0.4278306
3,1,1,0.58323425
3,1,1,0.68114614
3,1,1,0.60501426
3,1,1,0.7768506
3,0,0,0.28297183
3,1,1,0.56677914
3,0,0,0.3001977
3,0,1,0.5931815
3,1,1,0.76825255
3,0,0,0.47791055
3,0,1,0.5340319
3,0,0,0.23784004
3,0,0,0.08957784
3,1,1,0.79281324
3,1,1,0.88141644
3,1,1,0.8591297
3,0,0,0.42674989
3,0,0,0.11189354
3,1,1,0.68762547
3,0,1,0.5477905
3,1,1,0.63908356
3,1,0,0.3764408
3,1,1,0.9155593
3,1,1,0.6344505
3,0,0,0.31735173
3,1,0,0.4601471
3,1,0,0.48581702
3,0,1,0.5820406
3,0,1,0.54428995
3,0,1,0.59241086
3,0,1,0.5738362
3,0,0,0.14258109
3,1,1,0.54424787
3,1,1,0.6932562
3,1,1,0.5198838
3,0,0,0.21241266
3,0,0,0.3930706
3,0,0,0.16605793
3,0,0,0.07190455
3,1,0,0.09491373
3,1,1,0.8547954
3,1,0,0.3501771
3,1,1,0.65574497
3,0,1,0.62162584
3,1,1,0.67865646
3,0,0,0.40570372
3,1,1,0.81421256
3,1,1,0.6235129
3,0,0,0.30969027
3,0,0,0.25789875
3,1,1,0.6509217
3,1,0,0.46292797
3,0,0,0.331046
3,1,0,0.4216669
3,0,0,0.412621
3,0,0,0.42893642
3,1,1,0.82519686
3,1,0,0.45755857
3,1,1,0.7396462
3,0,0,0.21342771
3,1,1,0.7741863
3,1,1,0.62801945
3,0,1,0.8204827
3,0,1,0.6080993
3,1,1,0.66286874
3,0,1,0.5419474
3,1,1,0.768423
3,0,1,0.6549723
3,1,1,0.70892423
3,0,0,0.1219508
3,1,1,0.6910052
3,0,0,0.3766694
3,0,0,0.20361097
3,1,1,0.5105625
3,0,1,0.5167601
3,0,0,0.17936885
3,1,1,0.7519706
3,0,0,0.43661442
3,1,1,0.60954297
3,0,1,0.5313092
3,0,0,0.44455507
3,0,0,0.4068195
3,0,0,0.48673177
3,1,0,0.4908143
3,1,0,0.46182764
3,1,1,0.5606998
3,1,1,0.5159434
3,0,1,0.56293935
3,1,0,0.12958065
3,0,0,0.079714686
3,0,0,0.45203453
3,1,0,0.45720088
3,0,1,0.5259289
3,1,1,0.53159755
3,1,1,0.7592175
3,0,0,0.4907114
3,1,1,0.74973726
3,0,1,0.59727526
3,1,1,0.6006924
3,0,0,0.3256356
3,0,0,0.4193621
3,1,1,0.65139127
3,1,1,0.6290718
3,1,1,0.70579
3,0,0,0.48922276
3,0,1,0.5028958
3,1,1,0.6321963
3,0,0,0.4611591
3,1,1,0.7412157
3,1,0,0.4985288
3,0,1,0.6782605
3,0,1,0.5925788
3,0,0,0.46301275
3,0,0,0.48478934
3,0,0,0.39690053
3,1,1,0.8740269
3,1,0,0.4906568
3,0,0,0.496352
3,1,0,0.46718895
3,1,1,0.5845587
3,0,1,0.53506255
3,0,0,0.41443083
3,1,1,0.69988257
3,0,1,0.78293145
3,0,0,0.47874832
3,0,0,0.21269438
3,1,1,0.7570229
3,0,1,0.50184184
3,1,1,0.67630106
3,1,1,0.6544975
3,0,1,0.5053391
3,0,0,0.44330263
3,0,0,0.40288353
3,1,1,0.59822494
3,1,1,0.5312849
3,1,1,0.58776635
3,0,1,0.50181556
3,0,1,0.55602235
3,0,1,0.50481325
3,1,1,0.5103531
3,1,1,0.5514876
3,1,1,0.73056453
3,0,1,0.63158685
3,0,0,0.34000245
3,1,1,0.5164458
3,1,1,0.5014776
3,0,1,0.5637697
3,0,0,0.36942315
3,1,1,0.65422267
3,1,0,0.4547686
3,1,1,0.5336815
3,0,0,0.4570613
3,1,1,0.52700526
3,0,1,0.6369371
3,0,0,0.46198872
3,0,0,0.29686323
3,0,0,0.47837028
3,0,1,0.8658004
3,1,1,0.8574963
3,1,1,0.69099903
3,0,0,0.092187285
3,0,0,0.4074585
3,1,1,0.59324205
3,0,0,0.48830155
3,0,0,0.48301142
3,0,0,0.24591264
3,1,1,0.826656
3,0,0,0.34022483
3,1,1,0.5200668
3,0,0,0.41069978
3,1,1,0.70079654
3,0,1,0.7379212
3,1,1,0.69518197
3,0,1,0.5806195
3,1,0,0.31508514
3,1,1,0.575673
3,0,1,0.65918595
3,1,0,0.45094594
3,0,0,0.3870282
3,1,1,0.6470216
3,0,1,0.6505445
3,0,1,0.5202218
3,0,0,0.3898677
3,0,0,0.14818974
3,0,1,0.62606764
3,0,0,0.38313302
3,0,0,0.4229075
3,0,1,0.6023403
3,1,0,0.4278179
3,0,0,0.17967777
3,1,0,0.49713612
3,1,1,0.6081604
3,0,1,0.690992
3,1,0,0.20808496
3,0,0,0.30550334
3,1,0,0.47013974
3,1,0,0.13126063
3,1,1,0.75465137
3,1,1,0.6484529
3,0,1,0.6405406
3,1,0,0.37246746
3,1,0,0.4324483
3,1,1,0.8005664
3,0,0,0.47271872
3,0,0,0.49859723
3,1,1,0.52928764
3,1,1,0.5905397
3,0,0,0.16252223
3,1,0,0.19526067
3,0,1,0.6573733
3,0,1,0.56749403
3,0,0,0.45554635
3,0,0,0.11180255
3,1,0,0.35936323
3,1,0,0.25307345
3,0,0,0.22183627
3,0,0,0.16453195
3,0,0,0.10478438
3,1,0,0.12298501
3,1,1,0.70859534
3,1,1,0.6253607
3,0,1,0.52550983
3,0,1,0.54738355
3,1,1,0.593832
3,0,0,0.39645836
3,0,0,0.2894179
3,1,0,0.23003444
3,0,0,0.18270212
3,1,1,0.73341244
3,0,1,0.5714811
3,0,0,0.1942579
3,0,0,0.13830887
3,1,0,0.4663296
3,0,0,0.16875935
3,1,1,0.6261694
3,1,1,0.53987974
3,1,1,0.5552742
3,1,0,0.45124212
3,0,0,0.4939781
3,0,1,0.6355413
3,0,1,0.5524398
3,0,0,0.37509564
3,0,0,0.21827984
3,0,0,0.20833583
3,1,1,0.88053274
3,1,1,0.557551
3,1,1,0.524503
3,0,1,0.627423
3,1,1,0.55903286
3,1,1,0.6795972
3,1,1,0.58528364
3,0,1,0.5987186
3,0,1,0.5143999
3,0,1,0.77960086
3,0,0,0.48253548
3,0,0,0.16918522
3,1,0,0.15645804
3,1,1,0.6857372
3,0,1,0.61941534
3,0,1,0.5689911
3,1,1,0.67463756
3,1,1,0.60238624
3,0,1,0.5968004
3,0,0,0.45666957
3,0,0,0.2411007
3,1,1,0.5593671
3,0,0,0.36083454
3,0,1,0.6331805
3,1,0,0.2896924
3,1,0,0.28336972
3,1,0,0.35588598
3,0,0,0.40553474
3,0,1,0.5084915
3,0,0,0.17169295
3,1,1,0.6797636
3,0,0,0.40383732
3,1,1,0.6243992
3,1,1,0.6177077
3,0,0,0.4442073
3,1,0,0.49169868
3,1,0,0.38052586
3,0,0,0.26623237
3,0,0,0.3596444
3,0,0,0.33257225
3,0,0,0.29571
3,0,0,0.09429066
3,1,1,0.715675
3,0,1,0.63296986
3,0,1,0.5579098
3,1,0,0.4162483
3,1,1,0.5368565
3,0,0,0.4925868
3,0,0,0.43582094
3,1,1,0.7931971
3,0,0,0.48116043
3,1,1,0.52260023
3,0,0,0.13934639
3,0,0,0.116616614
3,0,0,0.45988256
3,0,0,0.10183923
3,1,1,0.7153247
3,1,0,0.42745838
3,0,0,0.21690361
3,0,0,0.2298586
3,0,1,0.61818093
3,1,1,0.72375345
3,1,0,0.38167506
3,1,0,0.27307457
3,0,0,0.09681148
3,0,0,0.107977554
3,0,0,0.18268955
3,0,0,0.23113091
3,1,1,0.85551476
3,1,1,0.76650405
3,1,1,0.6171841
3,1,1,0.5517568
3,0,0,0.360376
3,0,0,0.17112572
3,0,0,0.14287704
3,1,1,0.59327406
3,1,1,0.5683322
3,1,1,0.69720787
3,0,0,0.13590048
3,0,0,0.17673817
3,1,1,0.82911414
3,0,1,0.673848
3,0,0,0.27089825
3,0,0,0.38140628
3,0,0,0.32260242
3,1,1,0.54578555
3,1,1,0.8001439
3,0,0,0.19066904
3,1,1,0.6391448
3,0,0,0.08813153
3,0,1,0.5546112
3,0,0,0.3272445
3,0,0,0.4168829
3,0,0,0.08812112
3,1,1,0.5326062
3,1,1,0.81168824
3,0,1,0.5812337
3,1,1,0.7255182
3,0,0,0.2590862
3,0,1,0.6448459
3,0,0,0.43822584
3,1,0,0.46964416
3,1,1,0.66937405
3,0,1,0.68113214
3,1,0,0.37813234
3,0,0,0.48017418
3,0,0,0.4956045
3,1,1,0.73316574
3,0,0,0.27898473
3,0,0,0.13193008
3,0,0,0.27518165
3,0,1,0.61239964
3,1,1,0.7142474
3,0,0,0.07987235
3,1,1,0.78703815
3,1,1,0.7801845
3,1,1,0.60372347
3,1,0,0.48857287
3,0,0,0.18409097
3,0,0,0.24656326
3,0,0,0.23491727
3,1,1,0.74519694
3,1,1,0.56547004
3,0,0,0.43089885
3,0,1,0.5885901
3,1,1,0.59877443
3,0,0,0.34383142
3,0,0,0.18943915
3,0,0,0.38339874
3,1,1,0.598804
3,1,1,0.81778485
3,1,1,0.55991966
3,0,0,0.2834373
3,0,0,0.1215947
3,1,0,0.19721511
3,0,0,0.1308418
3,1,1,0.58160925
3,0,1,0.5641064
3,0,1,0.7917971
3,0,0,0.45443547
3,1,1,0.5135742
3,1,1,0.61970437
3,0,1,0.5450397
3,0,0,0.43838578
3,0,0,0.27474707
3,0,1,0.56237006
3,0,0,0.25745806
3,1,1,0.50361717
3,1,1,0.5953879
3,1,0,0.4652599
3,1,1,0.6242716
3,0,0,0.22985752
3,0,1,0.5888668
3,0,1,0.65485865
3,0,1,0.65226644
3,1,1,0.70554435
3,0,0,0.4133579
3,1,1,0.662439
3,0,0,0.24312021
3,1,0,0.16354786
3,1,0,0.46444333
3,0,0,0.48028055
3,0,0,0.4559491
3,1,1,0.7814823
3,0,1,0.6100402
3,1,0,0.25006956
3,1,0,0.21402268
3,0,1,0.67364234
3,0,1,0.68055445
3,0,1,0.6872524
3,0,0,0.22243226
3,0,1,0.5178637
3,0,0,0.34735116
3,1,1,0.5571411
3,0,1,0.64126855
3,1,1,0.5446645
3,1,0,0.34752086
3,0,1,0.76339847
3,1,0,0.49827352
3,0,1,0.6310668
3,0,0,0.23008724
3,0,0,0.25187638
3,0,0,0.1341192
3,1,1,0.59971935
3,0,1,0.50060064
3,0,1,0.503472
3,1,0,0.48407763
3,1,0,0.47680548
3,0,0,0.40735185
3,1,1,0.85911626
3,1,0,0.3827618
3,0,1,0.6353323
3,0,0,0.16169795
3,0,0,0.11455291
3,0,0,0.2855454
3,1,1,0.68566275
3,1,0,0.29623193
3,0,0,0.31539673
3,1,1,0.7833972
3,1,0,0.38235486
3,1,0,0.3953292
3,1,0,0.16185555
3,0,0,0.19687755
3,1,1,0.6765934
3,0,0,0.47330716
3,0,0,0.34870812
3,0,0,0.35637403
3,0,0,0.31270584
3,0,0,0.11475538
3,0,1,0.6935988
3,0,0,0.15396918
3,1,1,0.7903674
3,0,1,0.7211553
3,0,1,0.5485051
3,1,0,0.48761782
3,0,0,0.46581987
3,1,1,0.66530085
3,0,1,0.6552566
3,1,1,0.5391493
3,0,0,0.46104327
3,0,0,0.14071515
3,1,1,0.54956263
3,0,1,0.68696654
3,0,0,0.30720055
3,1,0,0.29856884
3,1,0,0.09097904
3,0,1,0.59903973
3,1,1,0.7827895
3,0,1,0.5802191
3,0,0,0.2959235
3,1,0,0.16586709
3,0,0,0.24615015
3,1,0,0.14431186
3,1,1,0.73312074
3,1,0,0.12170489
3,1,0,0.35418454
3,0,0,0.13792351
3,0,0,0.35847738
3,0,0,0.19321354
3,0,1,0.5951103
3,1,1,0.62184805
3,0,0,0.12849484
3,0,0,0.24056989
3,0,0,0.1253396
3,1,1,0.84411126
3,0,1,0.5297476
3,0,0,0.18006346
3,0,0,0.34166428
3,0,0,0.1147632
3,0,1,0.5389763
3,0,1,0.6154489
3,0,0,0.48301277
3,1,1,0.5697425
3,1,1,0.66245866
3,1,0,0.4294542
3,1,1,0.5800608
3,1,1,0.8904516
3,1,1,0.6262953
3,0,1,0.64234143
3,0,0,0.31495306
3,1,1,0.6257647
3,0,0,0.26356462
3,1,1,0.6243807
3,0,1,0.67548573
3,1,1,0.80576545
3,0,1,0.5074827
3,0,1,0.5828878
3,1,1,0.65756357
3,1,1,0.5613314
3,0,1,0.6013945
3,1,1,0.69383866
3,0,0,0.3362461
3,1,1,0.56777143
3,1,1,0.67287785
3,0,0,0.3823049
3,0,0,0.22280563
3,0,0,0.24497668
3,0,1,0.5825284
3,1,1,0.65493023
3,0,1,0.64966345
3,0,0,0.43302247
3,1,0,0.26156884
3,1,1,0.8246064
3,1,1,0.8565905
3,0,0,0.1312684
3,0,0,0.4045882
3,1,0,0.27250567
3,1,0,0.32193932
3,0,0,0.19425851
3,1,1,0.75588864
3,0,0,0.12778293
3,1,0,0.30775303
3,0,0,0.43273884
3,0,0,0.15723187
3,0,0,0.11173862
3,0,1,0.5467431
3,1,1,0.5746019
3,1,1,0.68585986
3,1,1,0.7685962
3,1,1,0.71394676
3,1,1,0.5596971
3,0,0,0.12295481
3,0,0,0.17016597
3,1,1,0.77029365
3,0,0,0.15819019
3,0,0,0.26801467
3,1,0,0.40903744
3,0,1,0.6225509
3,0,0,0.24526522
3,0,0,0.16847987
3,0,0,0.15210982
3,0,0,0.34945506
3,1,1,0.8336315
3,0,1,0.6481929
3,1,1,0.6246531
3,1,1,0.72363377
3,1,1,0.650343
3,1,0,0.49026424
3,0,1,0.7102206
3,1,1,0.52712
3,1,1,0.52731174
3,0,1,0.50592977
3,1,1,0.6847664
3,1,1,0.5448216
3,1,0,0.41003123
3,0,1,0.6258033
3,1,1,0.6196405
3,1,1,0.5759412
3,1,1,0.7380601
3,1,1,0.6208427
3,0,0,0.31898448
3,1,1,0.6238174
3,0,1,0.52957004
3,1,1,0.6016616
3,1,1,0.629858
3,1,1,0.60803425
3,0,0,0.3238423
3,0,1,0.5090085
3,1,0,0.48723596
3,0,0,0.30367017
3,1,1,0.70730937
3,0,0,0.48481247
3,0,1,0.6101637
3,1,1,0.660514
3,1,1,0.6748641
3,1,1,0.5711173
3,1,1,0.6529058
3,0,0,0.21791108
3,1,1,0.59367126
3,0,0,0.37586817
3,0,0,0.4948015
3,1,0,0.46233633
3,0,1,0.59850305
3,1,0,0.4252502
3,0,1,0.6952178
3,1,0,0.32319865
3,0,1,0.62736684
3,1,0,0.25459778
3,1,1,0.6640349
3,1,0,0.44056094
3,0,0,0.36823383
3,1,1,0.7078371
3,1,1,0.6386933
3,1,1,0.6482368
3,1,0,0.44369176
3,1,0,0.46735257
3,1,1,0.68229586
3,0,0,0.43888494
3,0,1,0.56705487
3,1,1,0.5194728
3,1,1,0.5132349
3,1,1,0.595151
3,0,1,0.54153657
3,1,1,0.67250055
3,0,0,0.40499818
3,1,0,0.30052125
3,1,1,0.61961865
3,0,0,0.35056925
3,1,1,0.5733757
3,1,0,0.3896253
3,1,1,0.5452691
3,0,1,0.57377356
3,1,0,0.30657682
3,0,0,0.41408464
3,0,0,0.300058
3,0,1,0.5685387
3,1,1,0.69272727
3,1,1,0.55849946
3,0,1,0.6228717
3,1,0,0.4704631
3,1,1,0.61951077
3,0,1,0.5485274
3,1,1,0.5734679
3,1,1,0.6255626
3,0,0,0.14702803
3,0,0,0.078274466
3,1,1,0.570252
3,0,1,0.66092616
3,0,1,0.59215915
3,1,1,0.6990196
3,1,0,0.22531451
3,0,0,0.18107125
3,0,1,0.6386012
3,0,1,0.5011168
3,1,1,0.78178924
3,0,0,0.12978503
3,0,0,0.4040783
3,1,0,0.41251928
3,0,0,0.13734631
3,0,1,0.52147204
3,1,1,0.62643516
3,0,0,0.19190836
3,0,1,0.64822155
3,1,0,0.35447165
3,0,0,0.11106977
3,0,0,0.19221382
3,1,1,0.67868024
3,1,1,0.7230227
3,0,0,0.15848258
3,0,0,0.41490644
3,1,0,0.44836283
3,0,0,0.12966596
3,1,0,0.43131712
3,0,0,0.2408206
3,0,0,0.24042252
3,1,1,0.53472716
3,1,0,0.28171092
3,1,0,0.4484499
3,0,0,0.43828452
3,0,0,0.102893725
3,1,1,0.89685434
3,0,1,0.6977969
3,1,1,0.6781374
3,1,1,0.6939453
3,0,1,0.86367327
3,0,0,0.34040785
3,1,1,0.63490796
3,0,1,0.7538748
3,0,1,0.7392464
3,0,1,0.60652703
3,0,0,0.30734086
3,1,1,0.6813542
3,1,1,0.6397545
3,0,0,0.2749526
3,1,1,0.52513295
3,1,1,0.75783706
3,1,1,0.62777877
3,0,1,0.6008549
3,0,0,0.34205362
3,0,1,0.6673947
3,1,1,0.6707361
3,1,1,0.5548806
3,1,1,0.5047552
3,1,1,0.5752705
3,0,1,0.530541
3,0,1,0.50310475
3,0,1,0.66647035
3,0,0,0.0903984
3,1,0,0.44398654
3,0,0,0.11276114
3,0,0,0.139993
3,0,0,0.43274856
3,0,0,0.4872443
3,1,0,0.48251328
3,1,1,0.5715858
3,1,1,0.83095056
3,1,0,0.47271872
3,1,1,0.5905397
3,0,0,0.10589783
3,1,0,0.4848192
3,1,1,0.6573733
3,0,1,0.56749403
3,0,0,0.45554635
3,0,0,0.11180255
3,1,0,0.35936323
3,0,0,0.25307345
3,0,0,0.22183627
3,0,0,0.16453195
3,0,0,0.10478438
3,0,0,0.12298501
3,1,0,0.48217857
3,0,0,0.29647365
3,1,0,0.3548282
3,0,0,0.3850049
3,0,0,0.3660828
3,1,1,0.5475868
3,1,0,0.2668323
3,1,0,0.24838762
3,0,0,0.15598196
3,0,0,0.24686003
3,1,0,0.38503245
3,1,1,0.5474986
3,0,0,0.33038938
3,1,0,0.35776576
3,1,0,0.19446401
3,0,0,0.16222616
3,1,0,0.36716646
3,0,0,0.13775975
3,0,0,0.27692157
3,0,0,0.17880313
3,1,0,0.33562967
3,1,0,0.4522377
3,1,0,0.32791227
3,0,0,0.09438913
3,0,0,0.3497102
3,0,0,0.24347527
3,0,0,0.22442506
3,0,0,0.13499446
3,1,0,0.3619928
3,0,0,0.24658671
3,0,0,0.19510968
3,0,1,0.5454844
3,1,1,0.89116734
3,1,1,0.57415575
3,1,1,0.58913624
3,1,0,0.45284545
3,1,1,0.51149017
3,0,0,0.45584485
3,1,0,0.48758766
3,1,1,0.5923365
3,1,0,0.36964476
3,0,1,0.5456818
3,1,1,0.5845949
3,1,1,0.6233391
3,1,1,0.5933425
3,0,0,0.26738733
3,1,1,0.6530049
3,1,1,0.5638268
3,1,1,0.6880873
3,0,0,0.37119558
3,0,1,0.6622942
3,1,1,0.8442597
3,1,1,0.6944373
3,1,1,0.70702994
3,0,0,0.37534162
3,1,1,0.5674731
3,1,0,0.4941687
3,0,0,0.4975607
3,0,1,0.51442283
3,0,1,0.5442398
3,0,1,0.5897984
3,0,0,0.21630122
3,0,0,0.29401007
3,1,1,0.57207006
3,1,1,0.7212987
3,1,1,0.6777016
3,0,0,0.40584305
3,1,0,0.2682265
3,1,0,0.4861673
3,1,1,0.6813046
3,0,1,0.56745726
3,0,0,0.3941422
3,0,1,0.6780899
3,1,1,0.5145108
3,1,0,0.3502179
3,0,1,0.81706566
3,1,1,0.52571255
3,0,0,0.35745996
3,0,1,0.5877181
3,0,1,0.5595034
3,0,1,0.51306796
3,1,1,0.68535036
3,0,0,0.4451185
3,1,1,0.6479751
3,1,1,0.5747452
3,1,1,0.54513097
3,1,0,0.36356702
3,1,1,0.7744281
3,1,1,0.51014346
3,1,1,0.54269075
3,0,0,0.36681184
3,0,0,0.46654275
3,1,0,0.39670056
3,1,1,0.64498144
3,0,0,0.31499118
3,1,1,0.83359987
3,0,0,0.07941347
3,0,0,0.3983161
3,1,0,0.42285058
3,1,1,0.78378004
3,0,0,0.18260632
3,1,0,0.32807246
3,1,1,0.83478904
3,0,0,0.32815593
3,0,0,0.11667818
3,0,0,0.4868243
3,0,0,0.40244672
3,1,1,0.50753576
3,0,1,0.5469194
3,0,1,0.59607196
3,1,0,0.37533432
3,0,0,0.24899954
3,1,1,0.7809131
3,1,1,0.6599757
3,1,1,0.6615902
3,1,1,0.560358
3,0,1,0.66794366
3,0,0,0.20297234
3,1,1,0.5591295
3,0,1,0.7210835
3,1,1,0.69351137
3,0,1,0.6834554
3,0,0,0.1849413
3,1,1,0.5547362
3,1,1,0.63255215
3,0,0,0.37816218
3,1,1,0.7705485
3,1,1,0.86741793
3,0,1,0.7059523
3,1,1,0.66699874
3,0,1,0.5146181
3,0,1,0.6706547
3,1,1,0.7373158
3,1,1,0.75491685
3,1,1,0.7831258
3,0,0,0.40548962
3,0,1,0.69268125
3,1,1,0.81197894
3,0,0,0.20781311
3,0,0,0.48974493
3,0,1,0.7126207
3,0,1,0.68437696
3,0,0,0.31853786
3,1,0,0.47267947
3,0,1,0.6356627
3,1,0,0.2958316
3,1,0,0.4195583
3,1,1,0.6697138
3,1,1,0.5815388
3,0,0,0.28760767
3,0,1,0.52880424
3,1,0,0.37783197
3,1,1,0.5257904
3,0,0,0.26599815
3,0,0,0.41040012
3,0,0,0.38501936
3,0,1,0.8285454
3,1,1,0.6849868
3,0,1,0.73575604
3,1,1,0.76531917
3,1,0,0.36776528
3,1,0,0.36510625
3,1,1,0.5297989
3,0,0,0.37284702
3,0,0,0.16595674
3,0,0,0.3221145
3,1,1,0.6085529
3,0,1,0.5396967
3,0,1,0.67841107
3,0,0,0.269571
3,0,0,0.43434927
3,1,1,0.6172826
3,1,1,0.8997424
3,1,0,0.42424572
3,1,0,0.3263957
3,0,0,0.43672055
3,0,0,0.37255356
3,0,0,0.43229672
3,1,1,0.710954
3,0,0,0.41328102
3,1,0,0.21911897
3,1,0,0.4737016
3,1,1,0.6258361
3,1,1,0.6237481
3,1,0,0.31999326
3,0,0,0.35619918
3,0,0,0.16952801
3,0,0,0.32008672
3,1,0,0.29395714
3,1,1,0.66373545
3,0,1,0.67739385
3,0,0,0.46923015
3,0,1,0.5367738
3,0,1,0.51793545
3,0,0,0.2387383
3,0,0,0.3334549
3,1,1,0.5272654
3,1,1,0.8213204
3,0,1,0.60704404
3,1,1,0.5447716
3,0,0,0.4773134
3,1,1,0.6601766
3,0,1,0.61600184
3,0,1,0.7459555
3,0,0,0.16696155
3,1,0,0.4426522
3,1,1,0.6393536
3,0,1,0.56990856
3,0,1,0.6912966
3,1,1,0.8802039
3,1,1,0.65151274
3,1,0,0.49396902
3,0,1,0.8578147
3,0,0,0.43247518
3,1,1,0.5824113
3,0,0,0.37150988
3,1,0,0.44411904
3,0,0,0.33828288
3,1,1,0.7356667
3,0,0,0.48438486
3,1,0,0.4479606
3,1,1,0.58088183
3,0,0,0.44853696
3,0,1,0.5604168
3,0,0,0.25056624
3,0,0,0.3972303
3,1,1,0.64925295
3,0,0,0.4952922
3,0,0,0.4003672
3,1,1,0.6321282
3,0,0,0.4700046
3,1,0,0.49205786
3,1,0,0.48228315
3,1,0,0.32153675
3,1,1,0.6973473
3,0,0,0.41921622
3,0,1,0.7286407
3,0,0,0.30717334
3,1,1,0.7744408
3,0,0,0.19166675
3,1,1,0.723109
3,0,1,0.5297989
3,1,1,0.71911323
3,1,0,0.4245929
3,1,0,0.35517463
3,1,0,0.41218996
3,0,1,0.5129237
3,0,0,0.44635195
3,0,1,0.5396967
3,0,1,0.67841107
3,0,0,0.269571
3,0,0,0.43434927
3,1,1,0.6172826
3,1,1,0.81703615
3,1,1,0.52533376
3,1,1,0.6722449
3,0,0,0.27788115
3,1,1,0.6719435
3,1,1,0.5019916
3,0,0,0.30910334
3,1,0,0.46391407
3,0,1,0.54941136
3,1,1,0.5623276
3,1,0,0.4676782
3,0,0,0.13598341
3,1,1,0.90273637
3,1,1,0.85618484
3,0,1,0.57638365
3,0,0,0.36640868
3,0,0,0.092199
3,0,0,0.43124264
3,0,1,0.6477869
3,0,1,0.58129483
3,0,0,0.47841936
3,0,1,0.6611882
3,1,1,0.7365918
3,0,1,0.5031142
3,1,1,0.7109096
3,0,0,0.1923643
3,1,1,0.5086251
3,0,1,0.67766935
3,1,0,0.39803466
3,1,0,0.4719145
3,0,0,0.23821071
3,0,0,0.33328924
3,0,1,0.75902015
3,0,0,0.32959908
3,1,1,0.83877224
3,0,0,0.2280046
3,1,1,0.7049939
3,0,0,0.36672622
3,1,1,0.8068818
3,1,0,0.39268222
3,0,0,0.45853642
3,1,1,0.60716194
3,1,1,0.6065785
3,0,1,0.68814534
3,0,0,0.4386042
3,1,1,0.769228
3,0,1,0.62743247
3,1,1,0.6912893
3,0,1,0.5723671
3,0,1,0.7328728
3,1,1,0.5202245
3,0,0,0.45463464
3,0,1,0.60185343
3,0,1,0.5201349
3,1,1,0.5095345
3,0,1,0.5564278
3,1,1,0.8965067
3,1,1,0.7103774
3,1,0,0.42696586
3,0,1,0.57777774
3,0,1,0.6402574
3,1,1,0.5118297
3,0,0,0.3014345
3,0,0,0.29695952
3,0,0,0.33323076
3,0,0,0.25312534
3,0,1,0.65823364
3,0,1,0.6276251
3,1,1,0.56262
3,1,1,0.7302806
3,0,1,0.73846555
3,1,1,0.83191174
3,1,1,0.71438575
3,0,0,0.20418525
3,0,0,0.40808952
3,0,1,0.5722911
3,0,1,0.60453516
3,1,1,0.73054314
3,0,1,0.50901014
3,0,0,0.38709232
3,0,1,0.7296488
3,1,0,0.377367
3,1,1,0.57477665
3,1,1,0.68437517
3,1,1,0.5305332
3,1,1,0.7360571
3,1,0,0.4554934
3,0,0,0.48576692
3,1,1,0.6288168
3,1,1,0.60322005
3,1,1,0.6833527
3,0,0,0.43774688
3,0,0,0.2078895
3,0,0,0.40481427
3,1,1,0.56867814
3,1,0,0.4838988
3,1,1,0.56447875
3,1,0,0.48841363
3,0,0,0.4416631
3,0,1,0.5772709
3,0,1,0.74731535
3,1,1,0.8927404
3,0,1,0.64911944
3,1,1,0.92687696
3,1,1,0.83374774
3,0,1,0.6146888
3,0,0,0.47230467
3,0,0,0.29571846
3,0,1,0.7110824
3,0,1,0.7514484
3,1,1,0.86071974
3,1,1,0.853831
3,0,0,0.36510703
3,1,1,0.8991998
3,0,1,0.60031015
3,1,1,0.6091161
3,1,1,0.730576
3,0,0,0.2719171
3,1,1,0.89025337
3,1,1,0.7541375
3,1,1,0.6701852
3,1,1,0.6722943
3,0,1,0.70862573
3,0,1,0.5051199
3,1,1,0.66395897
3,0,1,0.63821495
3,0,1,0.6613841
3,0,0,0.3955562
3,1,0,0.36712554
3,1,1,0.5518784
3,1,1,0.64724267
3,1,1,0.80664533
3,0,0,0.4219746
3,1,1,0.5690253
3,0,1,0.53500456
3,1,0,0.43753156
3,0,1,0.7336591
3,0,1,0.5477494
3,1,1,0.51241666
3,0,0,0.4693546
3,0,0,0.24255548
3,1,0,0.3041157
3,0,1,0.69213545
3,1,1,0.8440991
3,1,1,0.90898985
3,1,1,0.8864705
3,1,1,0.59636825
3,1,1,0.67439294
3,1,0,0.4335707
3,1,1,0.6494663
3,0,0,0.2877785
3,1,1,0.53125334
3,1,1,0.6741379
3,1,0,0.31707337
3,0,0,0.22929126
3,0,0,0.13349107
3,1,0,0.44390434
3,0,0,0.4122075
3,0,0,0.313742
3,0,0,0.32270268
3,1,1,0.6112976
3,1,0,0.3054787
3,0,0,0.39261687
3,0,0,0.15600297
3,0,0,0.21869153
3,1,1,0.6191288
3,1,1,0.6809872
3,0,0,0.34371474
3,0,0,0.3266548
3,1,1,0.7078734
3,1,1,0.71915466
3,1,1,0.52103764
3,0,1,0.61499894
3,0,0,0.2805727
3,0,0,0.23710614
3,1,1,0.82744324
3,1,1,0.7834903
3,0,0,0.3821958
3,1,1,0.708297
3,1,1,0.6447553
3,1,0,0.40326682
3,0,0,0.4735568
3,0,0,0.3075563
3,0,0,0.3164155
3,0,1,0.5285293
3,1,1,0.51215327
3,0,1,0.52535254
3,1,1,0.8102588
3,0,0,0.31591308
3,1,1,0.63746285
3,1,1,0.6658514
3,1,1,0.84546626
3,0,0,0.4252803
3,1,1,0.66548663
3,1,0,0.49830818
3,0,0,0.4286793
3,0,1,0.5785288
3,0,1,0.63756216
3,1,1,0.9130483
3,0,1,0.7160947
3,1,1,0.6436389
3,0,1,0.6013946
3,1,0,0.4984878
3,0,0,0.45579955
3,0,1,0.5101482
3,1,1,0.7661841
3,0,0,0.41908714
3,0,0,0.3200638
3,0,0,0.30725121
3,0,1,0.8026915
3,0,1,0.50959986
3,1,1,0.6895575
3,0,1,0.68694687
3,1,0,0.33777
3,1,1,0.65243995
3,0,1,0.61209023
3,0,1,0.5456476
3,1,0,0.43521136
3,1,1,0.5493443
3,1,1,0.5439511
3,0,0,0.25392464
3,1,1,0.7340211
3,0,1,0.5114003
3,1,0,0.3959449
3,1,1,0.58985066
3,1,1,0.5048601
3,0,1,0.8071098
3,1,1,0.5661743
3,1,1,0.65891844
3,0,0,0.3426329
3,1,1,0.66558725
3,1,1,0.6216922
3,0,1,0.5358149
3,0,1,0.7432148
3,0,0,0.37430316
3,0,0,0.32741785
3,0,0,0.4361688
3,0,0,0.24988073
3,0,1,0.6312849
3,0,1,0.54784715
3,0,1,0.63273543
3,0,1,0.6482058
3,0,0,0.40811673
3,1,1,0.84254485
3,0,1,0.51074106
3,0,1,0.7488442
3,1,1,0.5857293
3,0,0,0.18129613
3,0,1,0.5085831
3,0,0,0.39905417
3,1,0,0.28369662
3,1,1,0.61592335
3,0,0,0.2289858
3,1,1,0.5518645
3,1,0,0.43115664
3,0,0,0.3378851
3,1,0,0.4185417
3,0,1,0.54166865
3,1,1,0.7269909
3,0,0,0.29389045
3,0,0,0.27332982
3,0,0,0.09808937
3,1,0,0.21395308
3,1,1,0.6620685
3,1,1,0.55884755
3,1,1,0.75844246
3,1,1,0.6737099
3,1,1,0.72889054
3,1,0,0.3349964
3,1,1,0.5834032
3,0,0,0.45074466
3,0,0,0.47066787
3,1,1,0.50652176
3,0,0,0.4156313
3,0,0,0.3082347
3,1,1,0.5957602
3,0,1,0.6768081
3,0,0,0.44032362
3,1,0,0.4191083
3,0,1,0.5082167
3,0,0,0.4917566
3,1,1,0.7109174
3,1,0,0.47132885
3,1,1,0.6057624
3,0,0,0.23848416
3,1,0,0.4242483
3,0,0,0.33569068
3,1,0,0.4641811
3,1,0,0.28163788
3,0,0,0.22040235
3,0,1,0.54418933
3,1,1,0.62202466
3,1,0,0.4497588
3,1,1,0.50712776
3,0,0,0.44911605
3,0,0,0.37916523
3,0,0,0.29984948
3,0,0,0.48788303
3,0,0,0.48377472
3,0,1,0.53753185
3,1,1,0.5811286
3,0,1,0.7635904
3,1,0,0.45638514
3,1,0,0.43269926
3,1,0,0.43023682
3,0,0,0.17348087
3,0,1,0.5190351
3,0,0,0.23977578
3,1,1,0.7151262
3,0,0,0.45055434
3,0,1,0.54654413
3,1,1,0.53321916
3,0,1,0.5396967
3,0,1,0.7004511
3,1,0,0.45510873
3,1,0,0.45971534
3,1,1,0.8387681
3,0,1,0.6329032
3,1,1,0.69247437
3,1,1,0.56986004
3,1,1,0.7676957
3,0,1,0.6832167
3,1,1,0.5884184
3,1,1,0.6514987
3,0,1,0.6666514
3,0,0,0.47828317
3,0,1,0.5771278
3,1,1,0.73877275
3,0,1,0.50860727
3,0,0,0.14234342
3,0,1,0.54972064
3,0,0,0.23190776
3,0,0,0.45272818
3,1,1,0.80538017
3,1,1,0.77497905
3,0,1,0.5492432
3,0,0,0.4230567
3,1,1,0.76139027
3,0,1,0.7012665
3,1,1,0.7949917
3,1,1,0.5899543
3,1,1,0.56450224
3,0,1,0.5081853
3,0,0,0.476434
3,1,0,0.48035717
3,0,0,0.3812441
3,1,0,0.3464759
3,1,0,0.16658378
3,0,0,0.24442025
3,0,1,0.5225323
3,0,1,0.75086004
3,1,1,0.6046527
3,0,1,0.61715484
3,1,1,0.55497956
3,1,1,0.5561281
3,0,1,0.5105658
3,1,0,0.3660486
3,0,0,0.33397543
3,1,1,0.504514
3,0,1,0.6658804
3,1,1,0.72063625
3,0,0,0.27558684
3,1,0,0.39012197
3,1,1,0.5892473
3,1,1,0.6398987
3,0,0,0.48994336
3,0,1,0.5856013
3,0,1,0.5049809
3,1,0,0.42025572
3,0,0,0.086310156
3,0,1,0.67578363
3,1,1,0.5661353
3,1,0,0.22627047
3,0,1,0.5080249
3,1,1,0.60064334
3,1,1,0.84487635
3,1,0,0.2631498
3,0,0,0.3788485
3,0,0,0.44495353
3,0,1,0.52159035
3,0,1,0.53421557
3,0,0,0.349398
3,1,0,0.3910706
3,1,1,0.6723471
3,0,0,0.30017784
3,0,0,0.1827267
3,1,1,0.7331291
3,1,0,0.37237576
3,1,0,0.44592348
3,1,1,0.5838341
3,1,1,0.5316573
3,0,0,0.1838545
3,1,1,0.5164439
3,1,1,0.6431223
3,1,0,0.4893868
3,0,0,0.16405812
3,1,1,0.75145584
3,0,0,0.44769046
3,0,1,0.61209106
3,1,1,0.59697014
3,0,0,0.3863043
3,0,0,0.4079162
3,0,0,0.1533633
3,0,0,0.3781421
3,0,1,0.5381829
3,1,1,0.61851573
3,0,0,0.2487649
3,0,0,0.34043223
3,1,1,0.72345513
3,1,1,0.7222725
3,0,0,0.24080159
3,0,1,0.6998755
3,0,1,0.71770376
3,0,1,0.5818085
3,1,0,0.2842151
3,0,0,0.35349062
3,0,1,0.5335951
3,1,1,0.6549784
3,1,1,0.76879025
3,0,0,0.32511157
3,0,1,0.5433923
3,1,1,0.6909334
3,0,1,0.5795908
3,1,1,0.6120486
3,0,0,0.14522319
3,0,0,0.27068245
3,0,1,0.5667813
3,1,1,0.6703259
3,0,1,0.54253626
3,1,0,0.4115586
3,0,0,0.46068186
3,1,1,0.52918416
3,0,1,0.66958183
3,0,0,0.33943433
3,1,1,0.6515602
3,1,0,0.3888101
3,0,1,0.5348913
3,1,1,0.5401426
3,1,1,0.54512507
3,0,0,0.33551806
3,1,0,0.30400464
3,0,0,0.45834127
3,1,1,0.5923165
3,0,1,0.8167905
3,0,1,0.76862127
3,0,0,0.25877565
3,0,0,0.2530207
3,1,0,0.45302233
3,0,1,0.61654216
3,1,1,0.5682029
3,1,1,0.52605563
3,1,1,0.61478454
3,0,1,0.83335763
3,1,1,0.65125215
3,0,1,0.5480742
3,0,1,0.69971377
3,1,1,0.86914945
3,0,0,0.4139434
3,0,0,0.35898396
3,0,0,0.273747
3,0,0,0.3454911
3,0,0,0.26209065
3,0,0,0.34664544
3,1,1,0.7343952
3,0,0,0.3590703
3,0,0,0.39777797
3,1,1,0.57942057
3,1,0,0.43848526
3,0,0,0.32284352
3,0,1,0.5156617
3,0,0,0.16815431
3,1,1,0.7064618
3,1,1,0.5460671
3,0,0,0.28140903
3,0,0,0.2838006
3,1,0,0.48512918
3,1,1,0.5203358
3,1,1,0.6918896
3,0,0,0.12464325
3,1,0,0.2792304
3,1,0,0.46436498
3,1,0,0.4799725
3,1,1,0.61881787
3,0,0,0.23556533
3,0,0,0.21368992
3,0,0,0.12619995
3,0,0,0.43822017
3,1,1,0.6904703
3,0,1,0.63360906
3,0,0,0.2612964
3,0,0,0.3787231
3,1,0,0.36064407
3,0,0,0.3829202
3,1,1,0.703113
3,1,0,0.429852
3,1,1,0.63329035
3,1,0,0.44974896
3,0,0,0.26190382
3,0,0,0.4647876
3,1,1,0.7597902
3,0,0,0.3791298
3,0,0,0.49088812
3,0,0,0.17353676
3,1,1,0.5331815
3,0,0,0.37464297
3,1,0,0.4402955
3,0,1,0.7614122
3,0,0,0.38087884
3,1,1,0.74156666
3,0,0,0.29412767
3,1,1,0.56251234
3,1,1,0.5314564
3,1,1,0.6792342
3,0,1,0.56732714
3,1,0,0.37462744
3,0,1,0.51244324
3,0,1,0.5710858
3,0,0,0.4501203
3,0,0,0.4433019
3,1,0,0.29243872
3,1,1,0.59102416
3,0,0,0.35845
3,1,0,0.4630476
3,1,1,0.55110216
3,1,0,0.45890558
3,0,0,0.34957898
3,1,1,0.5025788
3,1,1,0.53640485
3,1,1,0.5354319
3,0,0,0.25963145
3,1,1,0.5943109
3,1,0,0.47943586
3,1,0,0.2743308
3,0,0,0.30196744
3,1,0,0.35263714
3,0,0,0.17479007
3,1,0,0.40811425
3,0,1,0.6293166
3,0,0,0.43095702
3,1,0,0.44463807
3,0,0,0.2115427
3,0,0,0.29949823
3,0,0,0.47165638
3,0,0,0.45354974
3,0,1,0.63113594
3,0,0,0.33863083
3,0,0,0.1960531
3,0,0,0.18263954
3,0,0,0.25866348
3,0,0,0.45312175
3,1,0,0.37592912
3,0,0,0.43467396
3,1,1,0.66889983
3,1,1,0.64170223
3,1,1,0.5706804
3,0,1,0.51968604
3,1,1,0.6058484
3,1,1,0.56431997
3,0,0,0.49941936
3,1,1,0.7055095
3,1,1,0.5545693
3,1,1,0.7194632
3,0,0,0.24922395
3,0,0,0.10371651
3,1,0,0.40890914
3,0,1,0.6143483
3,0,0,0.36335847
3,0,0,0.3503382
3,1,1,0.6881246
3,1,1,0.7690639
3,0,0,0.42861265
3,0,0,0.40366977
3,0,1,0.5350647
3,0,1,0.70563376
3,0,1,0.9111285
3,1,1,0.67381376
3,0,1,0.5399367
3,1,0,0.32047153
3,1,1,0.6261278
3,0,0,0.48161766
3,1,1,0.5772785
3,0,0,0.2570595
3,0,0,0.20556085
3,0,0,0.29742727
3,1,1,0.644761
3,0,1,0.71699476
3,0,0,0.48333082
3,1,1,0.66210145
3,0,0,0.37191507
3,1,1,0.62860745
3,1,1,0.5582673
3,0,0,0.24930795
3,0,0,0.11967581
3,0,0,0.21975914
3,1,1,0.6761768
3,0,0,0.44172305
3,1,1,0.58704334
3,0,0,0.31297338
3,1,0,0.49573618
3,0,0,0.16648243
3,1,1,0.61223626
3,0,1,0.51911277
3,0,1,0.7555727
3,0,0,0.40330368
3,1,0,0.3713961
3,0,1,0.52760667
3,0,1,0.79664403
3,0,0,0.2093902
3,1,1,0.6625479
3,0,0,0.43455666
3,1,1,0.73725444
3,1,0,0.39687103
3,1,1,0.53788614
3,0,0,0.41290367
3,0,0,0.12456383
3,1,1,0.8103869
3,0,0,0.26233417
3,1,1,0.6659812
3,0,0,0.45668706
3,1,1,0.5706469
3,1,1,0.6737464
3,0,1,0.5776925
3,1,1,0.7081241
3,1,0,0.47921365
3,0,0,0.07646199
3,0,1,0.534643
3,1,1,0.50325066
3,0,1,0.5573006
3,0,0,0.31417522
3,1,1,0.5244157
3,1,1,0.5798609
3,1,1,0.62079453
3,1,0,0.4795842
3,1,0,0.41491863
3,0,0,0.39658034
3,0,0,0.3014661
3,1,0,0.35228455
3,0,0,0.3571293
3,0,0,0.41923296
3,0,0,0.14026588
3,0,1,0.5566731
3,0,0,0.2649329
3,0,1,0.6198348
3,1,0,0.37798217
3,0,1,0.73085046
3,1,1,0.72290283
3,1,1,0.789781
3,0,1,0.6064258
3,1,1,0.5182852
3,1,1,0.60300684
3,1,1,0.6546973
3,1,1,0.60542405
3,1,1,0.5750867
3,0,0,0.3823279
3,0,1,0.53798246
3,1,1,0.659834
3,0,1,0.6837811
3,1,1,0.5252796
3,0,1,0.5071175
3,0,0,0.45877072
3,0,0,0.3085605
3,1,1,0.6747171
3,0,1,0.5164287
3,0,0,0.35289118
3,0,0,0.1601356
3,0,0,0.30226797
3,1,1,0.80166477
3,0,0,0.29180723
3,1,1,0.6499426
3,0,1,0.5151386
3,1,1,0.7958141
3,0,1,0.6172839
3,1,1,0.5814034
3,1,1,0.8831286
3,0,0,0.49965063
3,1,1,0.7164865
3,1,1,0.6625053
3,0,1,0.74106693
3,1,1,0.5034513
3,0,0,0.22572696
3,1,1,0.788545
3,0,1,0.7519738
3,0,1,0.5096966
3,1,1,0.5628679
3,1,1,0.6110805
3,1,0,0.29870865
3,1,0,0.33733705
3,0,0,0.4114504
3,0,0,0.29950508
3,1,0,0.44556883
3,1,0,0.34183782
3,0,0,0.35217696
3,0,0,0.40716988
3,0,0,0.3438021
3,0,0,0.2245583
3,0,1,0.5225693
3,0,0,0.30333143
3,1,1,0.57703125
3,1,0,0.43827045
3,0,0,0.23122151
3,0,0,0.4713986
3,0,0,0.38275388
3,0,0,0.32196704
3,1,0,0.40691397
3,1,1,0.63186306
3,0,0,0.2889589
3,0,0,0.19025639
3,0,1,0.746389
3,1,0,0.41260383
3,1,0,0.17401344
3,1,1,0.86050993
3,1,1,0.5787258
3,1,1,0.74168533
3,1,1,0.76485145
3,1,1,0.77655715
3,0,0,0.21456066
3,1,1,0.69245344
3,0,0,0.43815207
3,0,0,0.44580117
3,1,1,0.5898401
3,0,0,0.15161823
3,1,1,0.60451466
3,1,1,0.60751235
3,1,1,0.9034547
3,0,0,0.15593022
3,0,0,0.47809568
3,0,1,0.57979393
3,0,1,0.52928966
3,1,0,0.46235037
3,0,1,0.59537363
3,0,1,0.5683456
3,1,1,0.6392266
3,1,0,0.46120456
3,1,1,0.5967554
3,0,0,0.38598037
3,1,0,0.46874523
3,0,0,0.24445231
3,1,0,0.37181616
3,0,0,0.42930946
3,1,1,0.6426277
3,1,1,0.54378325
3,0,1,0.5906474
3,0,0,0.48758456
3,1,1,0.6896436
3,0,1,0.7290254
3,0,0,0.45373124
3,1,1,0.6545408
3,1,0,0.47082922
3,1,0,0.38410076
3,1,0,0.41625535
3,0,1,0.6189953
3,0,1,0.52601343
3,0,0,0.35028222
3,1,0,0.46208364
3,1,0,0.45789438
3,0,0,0.3595958
3,0,0,0.47101876
3,0,0,0.07092503
3,0,0,0.48695362
3,1,0,0.3502452
3,0,0,0.37028024
3,0,0,0.34997544
3,1,0,0.33773208
3,0,0,0.27743095
3,1,1,0.7503182
3,1,1,0.5972976
3,1,1,0.50671375
3,0,0,0.43645644
3,1,1,0.6290578
3,0,0,0.3731805
3,1,1,0.5000618
3,1,1,0.5270146
3,0,0,0.43815207
3,0,0,0.43040106
3,1,0,0.47440612
3,1,1,0.54402524
3,1,1,0.5693238
3,0,1,0.5260716
3,0,0,0.15707946
3,1,1,0.8965558
3,0,0,0.3739067
3,0,0,0.24976613
3,0,0,0.45165703
3,1,1,0.598171
3,1,1,0.6114612
3,1,0,0.44016457
3,0,0,0.49075216
3,1,1,0.5486308
3,0,0,0.18546127
3,1,0,0.3331793
3,1,1,0.6572024
3,1,0,0.4978246
3,0,0,0.40983146
3,1,1,0.59512675
3,0,1,0.5912322
3,0,0,0.22159417
3,1,1,0.5272486
3,1,1,0.6534368
3,0,0,0.1882143
3,0,0,0.3336277
3,1,1,0.58586127
3,0,1,0.5147486
3,1,1,0.54242194
3,0,0,0.3508734
3,0,0,0.43848738
3,0,1,0.64600444
3,1,1,0.60177696
3,0,1,0.7200128
3,0,1,0.6622343
3,1,1,0.6653063
3,1,1,0.84407413
3,1,1,0.6147242
3,1,1,0.5790748
3,1,1,0.5105069
3,1,1,0.7501239
3,1,0,0.31463185
3,1,0,0.46217886
3,0,1,0.8067395
3,1,1,0.7773859
3,1,1,0.609723
3,1,0,0.44845673
3,0,0,0.2008194
3,0,0,0.49802202
3,0,1,0.50763154
3,1,1,0.56043214
3,0,0,0.39964384
3,0,1,0.640057
3,0,1,0.5160609
3,0,1,0.5518855
3,1,1,0.6607275
3,1,1,0.75673574
3,1,1,0.71339643
3,1,0,0.46752995
3,0,1,0.69104296
3,1,1,0.7746681
3,1,1,0.6257098
3,1,1,0.6815855
3,1,1,0.70327103
3,0,1,0.58919454
3,0,0,0.25052625
3,0,1,0.61662453
3,1,1,0.8623821
3,0,0,0.20218655
3,0,1,0.7530931
3,0,0,0.49426043
3,0,1,0.66097707
3,1,1,0.61230725
3,1,1,0.5934739
3,1,1,0.61603165
3,1,0,0.4002108
3,0,1,0.50734496
3,1,0,0.43862638
3,0,0,0.48294985
3,0,0,0.38869658
3,0,1,0.756675
3,0,1,0.6299914
3,1,1,0.7298134
3,1,1,0.78192776
3,0,0,0.31076056
3,0,0,0.39557236
3,0,1,0.6807155
3,1,1,0.5409198
3,1,1,0.9178627
3,1,1,0.79966545
3,0,0,0.25934273
3,1,0,0.31440502
3,1,1,0.81808466
3,0,0,0.26357237
3,0,0,0.34939626
3,0,0,0.14080226
3,1,0,0.34933
3,0,0,0.3923823
3,0,0,0.19821376
3,1,1,0.89191645
3,1,0,0.43318114
3,0,1,0.5656951
3,1,1,0.58058155
3,0,0,0.48841894
3,1,1,0.5238423
3,0,0,0.26008108
3,1,1,0.5957785
3,0,1,0.5513142
3,0,1,0.51002836
3,0,0,0.38688993
3,0,1,0.5984823
3,0,1,0.5024379
3,1,0,0.40660787
3,0,1,0.6226565
3,1,1,0.663627
3,1,0,0.36819938
3,0,0,0.42754954
3,0,0,0.23000753
3,1,0,0.29938018
3,1,0,0.3959589
3,0,0,0.1211187
3,0,0,0.33305168
3,1,0,0.41964504
3,1,0,0.23634183
3,1,0,0.42910832
3,0,0,0.16328499
3,0,0,0.31935716
3,0,0,0.32275388
3,0,0,0.33159617
3,0,0,0.20169236
3,0,0,0.24598461
3,0,0,0.3265062
3,0,0,0.31234285
3,0,0,0.2648318
3,0,0,0.3034757
3,0,0,0.17121905
3,0,0,0.35149762
3,1,0,0.43998036
3,1,0,0.34188595
3,0,0,0.29393417
3,0,0,0.18321091
3,1,0,0.31164247
3,0,0,0.4384559
3,0,0,0.16781712
3,1,1,0.5527623
3,1,0,0.35332528
3,0,0,0.2710611
3,1,0,0.23708032
3,0,0,0.24687018
3,0,0,0.15345295
3,1,0,0.35689417
3,1,0,0.30000183
3,0,0,0.06800053
3,1,1,0.6146438
3,0,0,0.49350753
3,1,0,0.45039448
3,1,1,0.528458
3,0,0,0.20746595
3,0,1,0.5043046
3,1,1,0.70093256
3,0,0,0.4327507
3,0,0,0.22487243
3,0,0,0.27981406
3,1,1,0.6510443
3,1,1,0.5877338
3,1,0,0.4103932
3,0,0,0.3195956
3,0,0,0.28559703
3,0,0,0.32227123
3,1,0,0.42482597
3,0,0,0.091783255
3,0,0,0.47537604
3,1,1,0.53865945
3,0,0,0.499204
3,0,0,0.49305618
3,0,0,0.16123593
3,1,1,0.7277568
3,1,0,0.36902305
3,0,0,0.32640755
3,1,1,0.7002406
3,0,0,0.2424192
3,1,0,0.45818004
3,1,1,0.58389485
3,0,1,0.5243677
3,0,0,0.45506567
3,1,0,0.4768784
3,1,0,0.31195766
3,0,0,0.11105334
3,1,0,0.45378518
3,0,0,0.23109165
3,0,0,0.0860937
3,0,0,0.4234047
3,0,1,0.55000955
3,1,1,0.667003
3,1,0,0.2288743
3,1,1,0.6860297
3,1,0,0.38053557
3,0,0,0.08241723
3,0,0,0.115002915
3,0,0,0.12963413
3,1,1,0.7771084
3,0,0,0.37695673
3,1,0,0.457818
3,1,0,0.46032807
3,1,1,0.6945871
3,1,1,0.7572671
3,1,1,0.5317554
3,0,1,0.5149959
3,1,0,0.4373258
3,0,1,0.6757271
3,1,1,0.7231429
3,1,1,0.6873044
3,0,0,0.14865938
3,0,0,0.48455054
3,1,1,0.804755
3,1,1,0.68880653
3,0,1,0.54045236
3,0,0,0.40277815
3,0,0,0.48244464
3,0,1,0.7369665
3,0,0,0.42039564
3,1,1,0.57306397
3,1,1,0.5286907
3,0,0,0.21487013
3,1,0,0.34116387
3,0,0,0.20230953
3,0,0,0.45612425
3,1,1,0.67347115
3,0,0,0.30912736
3,1,1,0.78722113
3,1,1,0.6289501
3,1,1,0.55346996
3,1,1,0.52788264
3,1,1,0.8443411
3,0,0,0.44272435
3,1,1,0.6031502
3,0,0,0.27133542
3,1,1,0.6178443
3,0,0,0.34462747
3,1,1,0.7396054
3,0,0,0.47695443
3,1,1,0.76195353
3,1,1,0.7216707
3,1,1,0.7461143
3,0,1,0.6868188
3,0,1,0.53061444
3,1,1,0.9578515
3,0,1,0.78036726
3,1,1,0.7455348
3,0,1,0.5094487
3,1,1,0.734883
3,1,1,0.7646433
3,0,1,0.58399856
3,1,1,0.8312827
3,1,1,0.5423068
3,1,1,0.758055
3,1,1,0.897008
3,0,1,0.52883035
3,1,1,0.75482345
3,0,1,0.6286251
3,0,0,0.46976954
3,0,1,0.7314815
3,1,1,0.53994167
3,1,1,0.69126
3,1,0,0.38824168
3,0,1,0.66777104
3,0,0,0.38095963
3,0,0,0.38904268
3,0,0,0.41196644
3,0,1,0.5745845
3,1,1,0.5301852
3,1,0,0.30836987
3,0,0,0.49043927
3,1,0,0.2637482
3,1,1,0.86113316
3,1,1,0.58544934
3,1,0,0.36395368
3,0,1,0.574914
3,0,1,0.72092587
3,1,1,0.5417492
3,1,1,0.8117031
3,0,0,0.09147587
3,0,1,0.5838254
3,1,1,0.5855968
3,1,0,0.26785785
3,0,0,0.38635513
3,1,0,0.42942223
3,1,0,0.3312713
3,0,0,0.399991
3,1,0,0.44843224
3,0,0,0.20666784
3,0,0,0.13617808
3,0,1,0.605802
3,0,0,0.40555212
3,0,0,0.10685752
3,1,0,0.37244365
3,0,0,0.21442904
3,1,1,0.5835746
3,1,0,0.3498845
3,1,0,0.40693772
3,0,0,0.2722755
3,0,0,0.38289315
3,1,0,0.38410115
3,0,0,0.43038863
3,0,0,0.28526264
3,0,1,0.5515557
3,0,0,0.24432322
3,0,0,0.43205473
3,0,1,0.51963943
3,1,0,0.41747972
3,1,0,0.38681632
3,0,1,0.5233403
3,0,0,0.3019255
3,0,0,0.41663182
3,0,1,0.5915521
3,1,1,0.5301309
3,0,0,0.41475382
3,0,0,0.39933944
3,1,1,0.653243
3,1,0,0.4236471
3,1,1,0.5722338
3,0,0,0.29387045
3,0,0,0.21588285
3,0,0,0.20877433
3,1,0,0.44584134
3,1,0,0.35899642
3,1,1,0.50387
3,0,0,0.44607386
3,0,1,0.5271126
3,1,1,0.77216625
3,1,1,0.5133622
3,1,1,0.5881063
3,0,0,0.19689567
3,0,1,0.5006892
3,1,1,0.687023
3,0,0,0.325615
3,1,0,0.47177866
3,0,0,0.1993759
3,1,1,0.5132982
3,0,1,0.5084373
3,0,0,0.44722217
3,1,1,0.5456071
3,0,0,0.39182898
3,0,0,0.24357307
3,1,1,0.5669177
3,0,1,0.77021646
3,0,0,0.45546755
3,1,1,0.5669529
3,1,0,0.24792387
3,0,0,0.11517122
3,0,0,0.3143447
3,1,1,0.6839931
3,0,1,0.5116861
3,0,0,0.4668541
3,0,0,0.22566646
3,1,1,0.63347155
3,0,1,0.5553096
3,1,1,0.69141436
3,1,1,0.59304917
3,1,1,0.6671863
3,0,1,0.55930734
3,0,0,0.48785982
3,1,1,0.8382091
3,1,1,0.59266895
3,1,1,0.6163579
3,1,1,0.6888704
3,1,1,0.56549436
3,1,1,0.63367325
3,0,0,0.3112795
3,0,0,0.36126733
3,1,0,0.3796355
3,0,0,0.24762276
3,0,0,0.3234641
3,0,0,0.42546922
3,1,1,0.68035245
3,1,1,0.6284346
3,1,1,0.70326614
3,0,0,0.40800858
3,0,1,0.52238965
3,1,1,0.5749185
3,1,0,0.46757683
3,1,1,0.73682046
3,1,1,0.73362696
3,0,0,0.42991164
3,1,0,0.4527043
3,1,1,0.6746967
3,0,0,0.32145834
3,0,1,0.72199
3,1,1,0.5678962
3,1,1,0.6250246
3,1,1,0.68544066
3,0,0,0.47536463
3,0,1,0.60315853
3,0,1,0.63575846
3,1,1,0.7774055
3,1,1,0.7357019
3,0,0,0.35974115
3,1,1,0.824341
3,0,1,0.5512575
3,1,1,0.5699938
3,1,1,0.5875983
3,0,1,0.6273105
3,1,1,0.6459918
3,1,1,0.8875166
3,1,1,0.5651164
3,1,0,0.14482962
3,1,1,0.7100565
3,1,1,0.73411757
3,0,0,0.37852946
3,1,1,0.62693167
3,0,1,0.5261281
3,1,1,0.6651944
3,0,1,0.68223274
3,0,0,0.44075853
3,1,1,0.63574106
3,1,1,0.5502145
3,0,0,0.23710653
3,0,0,0.29268956
3,1,1,0.5562
3,0,0,0.33954766
3,0,0,0.16811249
3,1,1,0.55821186
3,0,0,0.16336904
3,1,1,0.6761768
3,1,1,0.6425155
3,0,0,0.3634385
3,0,0,0.4477191
3,0,1,0.5403942
3,0,0,0.3205137
3,1,1,0.7995625
3,0,0,0.31497294
3,0,1,0.78965294
3,1,1,0.8424487
3,0,1,0.5844051
3,0,1,0.5357623
3,1,1,0.70612395
3,0,1,0.5144986
3,1,1,0.68125665
3,0,0,0.4195457
3,1,1,0.81551784
3,1,1,0.7240419
3,0,0,0.45976922
3,0,0,0.4421047
3,0,0,0.45368522
3,1,1,0.78323877
3,1,1,0.7793397
3,0,0,0.43715492
3,0,0,0.4622546
3,0,0,0.37137923
3,1,0,0.24037805
3,1,1,0.6482902
3,1,1,0.6292679
3,1,1,0.56172484
3,0,0,0.09428439
3,0,1,0.61525184
3,0,1,0.69103783
3,1,1,0.5516727
3,0,1,0.6712615
3,0,0,0.47545826
3,1,1,0.69746727
3,0,0,0.22019573
3,0,1,0.54101944
3,0,0,0.22203372
3,0,0,0.38249832
3,0,0,0.38361895
3,0,0,0.40950125
3,1,1,0.6703455
3,1,1,0.5970956
3,0,0,0.098907016
3,1,0,0.45968983
3,1,1,0.65857613
3,0,0,0.3128517
3,1,1,0.8885328
3,0,1,0.5039205
3,1,1,0.66339415
3,1,1,0.51371735
3,0,1,0.5923199
3,0,1,0.5090624
3,0,0,0.35633102
3,0,1,0.67152846
3,1,1,0.76860845
3,0,1,0.7913172
3,0,0,0.46180862
3,1,1,0.7134886
3,1,1,0.5432409
3,0,0,0.25447047
3,0,0,0.4992389
3,1,1,0.58945113
3,1,0,0.3854591
3,1,1,0.7957787
3,1,1,0.7777877
3,1,1,0.6567233
3,0,0,0.44783348
3,0,1,0.6575415
3,1,0,0.43721393
3,1,1,0.58339465
3,1,1,0.57481027
3,1,0,0.4668376
3,0,0,0.49917442
3,0,1,0.74808955
3,0,0,0.39074174
3,0,1,0.68613255
3,1,1,0.50661546
3,0,1,0.77173316
3,0,0,0.33070466
3,0,1,0.7160738
3,1,1,0.65160644
3,1,1,0.54808736
3,0,0,0.42255273
3,0,0,0.3830949
3,0,0,0.47981498
3,1,1,0.56450814
3,0,0,0.46768606
3,0,0,0.45018622
3,1,0,0.48645806
3,1,0,0.473886
3,0,0,0.4198965
3,0,0,0.42826945
3,1,1,0.6674755
3,1,1,0.6468165
3,0,0,0.35420936
3,1,1,0.56469244
3,0,0,0.47701433
3,0,0,0.49481213
3,1,1,0.534942
3,0,0,0.2887579
3,0,0,0.3184505
3,1,0,0.3700342
3,1,1,0.5865804
3,1,0,0.49247316
3,0,1,0.69145346
3,0,1,0.5407788
3,0,1,0.5592179
3,1,0,0.3015671
3,1,0,0.4532898
3,0,1,0.60740924
3,0,0,0.46723413
3,1,1,0.6057813
3,0,0,0.09140513
3,0,0,0.3569973
3,0,1,0.5271126
3,1,0,0.4698232
3,1,1,0.64809704
3,1,0,0.45843986
3,1,0,0.49081367
3,1,1,0.75968385
3,0,1,0.59387434
3,0,1,0.7040292
3,0,0,0.29403833
3,1,1,0.62017787
3,1,0,0.3919814
3,0,0,0.418698
3,0,0,0.3121526
3,1,0,0.49705178
3,0,0,0.44818553
3,0,0,0.35916802
3,1,1,0.9335039
3,1,1,0.7928636
3,0,1,0.7180759
3,0,0,0.39482924
3,1,1,0.8123364
3,0,0,0.4649503
3,1,1,0.8057255
3,1,1,0.68318623
3,1,0,0.44273156
3,1,0,0.46588656
3,0,0,0.2617687
3,1,0,0.42607346
3,1,1,0.51916206
3,1,0,0.44296622
3,0,1,0.52839047
3,1,1,0.6831966
3,0,1,0.6539462
3,0,0,0.48668316
3,0,1,0.7234319
3,0,0,0.41951233
3,0,0,0.4053342
3,1,0,0.24921949
3,0,1,0.55311674
3,1,0,0.24923061
3,0,0,0.22021182
3,0,1,0.6540508
3,1,0,0.3211976
3,1,1,0.5561774
3,1,1,0.5401784
3,0,0,0.3578987
3,1,1,0.5421252
3,1,0,0.47272527
3,0,0,0.2234713
3,0,0,0.41696823
3,0,0,0.13583094
3,1,1,0.5689246
3,1,1,0.5499908
3,1,0,0.3523958
3,1,1,0.5499595
3,1,1,0.6402697
3,0,0,0.2856494
3,1,0,0.4545448
3,1,0,0.4404217
3,0,0,0.49521026
3,1,0,0.3666127
3,0,0,0.22717646
3,0,0,0.30203435
3,1,0,0.434232
3,1,1,0.77295816
3,0,0,0.42039526
3,0,0,0.29663354
3,1,1,0.8167514
3,1,1,0.79396373
3,1,1,0.6190386
3,0,1,0.8274798
3,0,1,0.71916914
3,0,1,0.7503493
3,1,1,0.54559654
3,0,0,0.44174716
3,1,1,0.79507935
3,1,1,0.72630215
3,0,0,0.4788574
3,1,0,0.36792573
3,0,1,0.52121353
3,1,1,0.71526015
3,1,0,0.4509049
3,0,0,0.45419908
3,0,1,0.5652599
3,1,0,0.47850546
3,1,1,0.6913205
3,0,0,0.40986857
3,0,0,0.16450371
3,0,1,0.7287966
3,0,0,0.36247906
3,1,1,0.6165018
3,1,1,0.75745857
3,1,1,0.7349048
3,0,1,0.7530619
3,1,0,0.49525276
3,0,0,0.31866014
3,0,0,0.4733111
3,1,1,0.8577572
3,1,0,0.43386713
3,0,1,0.7491497
3,0,0,0.39526734
3,1,1,0.64435554
3,0,1,0.5533719
3,1,1,0.63926667
3,1,0,0.47033167
3,1,1,0.52115244
3,0,1,0.6872524
3,0,1,0.5091653
3,1,1,0.55742496
3,1,1,0.6286295
3,1,1,0.6803508
3,0,1,0.6337282
3,1,1,0.6075857
3,1,1,0.65437484
3,0,0,0.24198109
3,1,1,0.6249308
3,0,0,0.42115983
3,1,0,0.4743307
3,1,1,0.53513145
3,1,1,0.55564946
3,1,0,0.44896343
3,1,0,0.46647722
3,0,0,0.46187946
3,1,0,0.41490683
3,0,1,0.55796224
3,0,1,0.51757973
3,0,0,0.44756392
3,0,1,0.5066216
3,0,1,0.5959759
3,0,0,0.4332771
3,0,0,0.4223287
3,1,1,0.79188424
3,1,1,0.7711182
3,0,1,0.63044655
3,0,0,0.2416353
3,0,0,0.297935
3,1,1,0.6910958
3,0,1,0.8145098
3,0,0,0.13592993
3,0,0,0.46663794
3,1,1,0.50130504
3,1,1,0.5970118
3,1,1,0.5199881
3,0,0,0.386183
3,0,1,0.60006815
3,1,0,0.39176962
3,1,1,0.5064097
3,1,1,0.608678
3,1,0,0.45308515
3,1,1,0.74877304
3,1,1,0.7351462
3,0,1,0.7253397
3,1,0,0.45266473
3,0,0,0.474781
3,1,0,0.35609022
3,0,0,0.18344253
3,1,0,0.47185525
3,1,1,0.56389767
3,1,1,0.89945966
3,0,0,0.25600722
3,1,0,0.4132505
3,0,0,0.44296077
3,0,0,0.38343766
3,0,0,0.38949612
3,1,1,0.586575
3,1,0,0.3165513
3,1,1,0.77311
3,0,1,0.6878937
3,1,1,0.57282835
3,1,0,0.362587
3,1,1,0.7231162
3,0,0,0.40197968
3,1,1,0.6033499
3,1,0,0.40640894
3,0,0,0.3741167
3,1,1,0.5532161
3,0,1,0.5321917
3,0,0,0.38749206
3,0,0,0.28358895
3,1,1,0.6402557
3,0,1,0.5510474
3,0,0,0.39512616
3,1,1,0.79507935
3,1,1,0.72630215
3,0,0,0.4788574
3,1,0,0.36792573
3,0,1,0.52121353
3,1,1,0.71526015
3,1,0,0.4509049
3,0,0,0.45419908
3,0,1,0.5652599
3,1,0,0.47850546
3,1,1,0.6913205
3,0,0,0.40986857
3,0,0,0.16450371
3,0,1,0.7287966
3,0,0,0.36247906
3,1,1,0.6165018
3,1,1,0.75745857
3,1,1,0.7349048
3,0,1,0.7530619
3,1,0,0.49525276
3,0,0,0.31866014
3,0,0,0.4733111
3,1,1,0.6845773
3,1,0,0.37854674
3,0,0,0.42740586
3,0,1,0.5596562
3,0,1,0.6100046
3,0,0,0.33975828
3,0,0,0.30238858
3,1,1,0.6961954
3,1,1,0.65348226
3,1,0,0.44831276
3,0,1,0.61271465
3,1,1,0.6135735
3,1,1,0.6694606
3,0,1,0.6004877
3,0,0,0.33175036
3,1,1,0.6077108
3,1,0,0.46038496
3,0,0,0.3829486
3,0,1,0.5814854
3,1,0,0.46128994
3,1,1,0.6272013
3,1,1,0.63698083
3,0,1,0.69700575
3,1,1,0.6657762
3,1,0,0.37344515
3,1,0,0.3236326
3,0,1,0.6814793
3,1,0,0.2968635
3,0,0,0.48030925
3,0,0,0.2980035
3,1,1,0.5398994
3,0,0,0.30760005
3,0,0,0.4523305
3,0,1,0.63067937
3,0,1,0.5021737
3,0,1,0.5352841
3,1,1,0.55720747
3,1,0,0.4840514
3,0,0,0.30746952
3,0,0,0.3236265
3,1,0,0.39909318
3,0,0,0.25345734
3,0,0,0.29850116
3,0,0,0.2110619
3,1,0,0.47954452
3,0,0,0.35324714
3,0,0,0.38146108
3,1,1,0.5706697
3,0,0,0.185558
3,1,1,0.63700783
3,0,1,0.62451303
3,0,1,0.7363122
3,0,1,0.54886556
3,0,0,0.39974076
3,1,1,0.7448632
3,0,1,0.63491726
3,1,1,0.63338274
3,1,1,0.759344
3,0,0,0.43298408
3,1,0,0.439587
3,0,0,0.47846866
3,0,0,0.32169226
3,1,1,0.7721112
3,0,0,0.34524187
3,1,0,0.37730023
3,0,0,0.120767035
3,0,0,0.34695378
3,1,1,0.79640317
3,1,0,0.46245942
3,0,0,0.44388065
3,1,1,0.5711788
3,0,0,0.41736683
3,1,0,0.38611504
3,0,1,0.7598383
3,0,1,0.69726545
3,0,0,0.47424594
3,1,1,0.6000182
3,0,1,0.6447283
3,0,1,0.56369543
3,1,0,0.3159982
3,1,1,0.59659547
3,1,1,0.6319948
3,1,1,0.5180007
3,0,0,0.4271082
3,1,1,0.65561867
3,1,1,0.6669651
3,1,1,0.63523364
3,1,1,0.66304624
3,0,1,0.6721717
3,1,1,0.91043323
3,1,0,0.49617782
3,1,1,0.5011606
3,1,0,0.453645
3,0,0,0.42530385
3,0,1,0.5088088
3,1,1,0.82264453
3,0,1,0.51606095
3,0,0,0.49596846
3,1,1,0.66148376
3,1,1,0.5152141
3,0,0,0.08320134
3,0,0,0.2902606
3,0,0,0.12699172
3,0,0,0.374788
3,0,1,0.681359
3,0,1,0.62163013
3,0,1,0.6143567
3,0,0,0.44346142
3,0,0,0.4602269
3,0,1,0.6250917
3,0,0,0.48131457
3,1,1,0.5104579
3,0,1,0.7603188
3,1,1,0.67442626
3,1,0,0.46552002
3,1,0,0.18045822
3,0,0,0.46847802
3,1,1,0.71339977
3,1,0,0.48219085
3,0,0,0.32663077
3,0,1,0.5490729
3,0,0,0.40835893
3,0,0,0.3579017
3,0,0,0.46973214
3,0,0,0.44431904
3,0,0,0.21696816
3,0,0,0.3871862
3,1,0,0.4761198
3,0,0,0.4649783
3,0,1,0.6729789
3,1,0,0.33554155
3,1,1,0.5472817
3,1,1,0.6035461
3,0,0,0.37215027
3,1,0,0.47497433
3,0,0,0.3934515
3,1,1,0.5632149
3,1,0,0.34496707
3,1,0,0.40069988
3,0,0,0.26593143
3,0,0,0.1575382
3,1,1,0.6936361
3,1,1,0.54274106
3,0,0,0.19688322
3,1,0,0.4774815
3,1,1,0.6138625
3,1,1,0.6674645
3,0,0,0.36385927
3,0,1,0.6157228
3,0,1,0.74015784
3,1,0,0.47667003
3,1,1,0.7146665
3,0,0,0.19716038
3,0,0,0.34985706
3,0,1,0.60478413
3,0,0,0.2746586
3,1,1,0.6463773
3,0,1,0.63943356
3,1,1,0.71662116
3,1,1,0.6719977
3,0,1,0.5257558
3,0,0,0.48859948
3,1,1,0.8096849
3,0,0,0.3735969
3,1,1,0.73688775
3,1,1,0.6728169
3,1,1,0.8095274
3,1,1,0.7815786
3,1,1,0.6508603
3,0,1,0.6268904
3,0,1,0.52884245
3,1,1,0.5493767
3,0,1,0.65571177
3,0,1,0.55083704
3,0,0,0.23727195
3,0,1,0.6395556
3,0,0,0.3596776
3,1,1,0.7481376
3,1,1,0.74825597
3,1,1,0.61727625
3,1,0,0.4944538
3,1,1,0.7261429
3,1,0,0.41501924
3,1,1,0.56931627
3,0,1,0.61953205
3,0,0,0.48493457
3,0,0,0.33235455
3,0,0,0.3298333
3,0,1,0.6524381
3,1,0,0.49914983
3,0,1,0.539687
3,0,0,0.30276418
3,1,1,0.50558585
3,0,1,0.7697578
3,0,0,0.15288688
3,1,1,0.6154832
3,1,0,0.4463845
3,1,1,0.542915
3,1,0,0.33580884
3,0,1,0.5692128
3,0,0,0.47469348
3,1,0,0.32376558
3,1,0,0.28385508
3,1,0,0.4076637
3,1,1,0.5077263
3,1,1,0.52266824
3,0,0,0.44758323
3,0,1,0.7160687
3,1,1,0.86366636
3,1,1,0.74810445
3,1,0,0.4095365
3,0,0,0.3290352
3,0,1,0.70814
3,0,0,0.17735556
3,1,0,0.24274775
3,1,1,0.6759224
3,1,1,0.6852718
3,0,1,0.58919454
3,0,0,0.25052625
3,1,1,0.8007814
3,0,0,0.3722181
3,1,1,0.6690307
3,1,1,0.8245378
3,1,1,0.5401687
3,1,0,0.27508578
3,0,0,0.31936783
3,0,1,0.68450654
3,1,1,0.6268742
3,0,1,0.63545674
3,1,0,0.48563433
3,0,1,0.7925058
3,0,0,0.29543978
3,1,0,0.3873177
3,0,0,0.19143212
3,0,1,0.7275493
3,1,1,0.7687575
3,1,1,0.6027943
3,0,1,0.644499
3,0,1,0.6030769
3,1,1,0.6299371
3,1,1,0.6173219
3,0,1,0.625116
3,0,1,0.56973207
3,1,1,0.69454235
3,0,1,0.68267256
3,0,0,0.15228716
3,0,0,0.35881174
3,1,1,0.54827774
3,0,0,0.48773205
3,0,0,0.35595974
3,0,0,0.2282234
3,1,1,0.6610755
3,0,0,0.17889522
3,1,1,0.65569514
3,0,1,0.6262699
3,0,1,0.5004923
3,1,1,0.8307006
3,1,0,0.485785
3,1,0,0.4562211
3,1,1,0.7659461
3,0,0,0.388323
3,0,1,0.7149303
3,1,1,0.6133058
3,0,0,0.46719253
3,0,1,0.51604813
3,0,0,0.43504366
3,1,1,0.73947495
3,1,1,0.6770893
3,0,0,0.20562805
3,1,1,0.7045852
3,1,1,0.53483874
3,1,0,0.49364266
3,0,1,0.53309137
3,0,0,0.26987153
3,0,0,0.40344858
3,1,1,0.80905324
3,0,0,0.43823993
3,0,0,0.37411222
3,0,0,0.28288049
3,1,0,0.38303912
3,0,0,0.42486933
3,1,0,0.31440943
3,1,0,0.37313253
3,1,1,0.53308
3,1,0,0.3238902
3,1,0,0.3222703
3,0,0,0.2580327
3,0,1,0.5200966
3,0,0,0.20245218
3,0,0,0.47760046
3,1,1,0.6510931
3,1,1,0.69372886
3,1,0,0.45366037
3,0,0,0.33825576
3,1,0,0.22535497
3,1,1,0.50234616
3,0,0,0.3903469
3,1,0,0.21997102
3,1,0,0.4673866
3,0,0,0.3443999
3,1,0,0.391746
3,1,0,0.35829157
3,0,0,0.20806217
3,0,0,0.42612264
3,1,0,0.27433923
3,1,1,0.70612085
3,0,1,0.6770916
3,0,1,0.505841
3,1,1,0.5149678
3,0,1,0.5718922
3,0,0,0.24174379
3,0,0,0.44079974
3,0,1,0.7633488
3,1,1,0.6984643
3,0,1,0.6627678
3,1,0,0.42742947
3,0,1,0.58529884
3,1,0,0.39492515
3,1,1,0.5853851
3,0,0,0.27913716
3,0,0,0.49409866
3,1,0,0.3597004
3,1,1,0.66790223
3,0,0,0.17521176
3,0,1,0.5237619
3,0,0,0.47703826
3,0,0,0.39611503
3,1,1,0.5640965
3,0,1,0.6972638
3,0,0,0.49567655
3,0,0,0.17080922
3,0,1,0.70238745
3,1,1,0.65999424
3,0,1,0.50866705
3,1,1,0.5224485
3,1,0,0.493335
3,0,0,0.18861018
3,1,1,0.8102058
3,1,1,0.7355265
3,1,0,0.48801804
3,0,0,0.41442287
3,1,1,0.6538329
3,0,0,0.47626454
3,0,1,0.69686383
3,0,0,0.49712813
3,1,0,0.39512637
3,0,1,0.6559554
3,1,1,0.5735186
3,0,0,0.4929672
3,0,0,0.49705404
3,1,1,0.63846314
3,0,1,0.5461615
3,1,1,0.6343766
3,0,0,0.32420656
3,1,1,0.64294493
3,0,0,0.4887362
3,1,1,0.68129504
3,0,0,0.38826966
3,1,1,0.6225802
3,1,0,0.40784642
3,0,1,0.65175426
3,1,1,0.7361383
3,0,0,0.3796634
3,0,0,0.44155496
3,0,0,0.3507121
3,1,0,0.39938325
3,1,1,0.54574925
3,1,1,0.50776076
3,0,1,0.654845
3,1,1,0.7812333
3,1,1,0.6215588
3,0,1,0.7636017
3,1,1,0.521474
3,1,1,0.8346996
3,1,0,0.44502538
3,0,0,0.32031906
3,1,1,0.6593991
3,1,1,0.72914684
3,0,1,0.58971435
3,0,1,0.5194389
3,0,0,0.42084435
3,1,1,0.58104223
3,0,1,0.7453905
3,1,0,0.42338583
3,1,0,0.38002446
3,0,0,0.3445473
3,0,0,0.39169356
3,1,0,0.4812113
3,1,1,0.6121079
3,1,1,0.7049178
3,1,1,0.51756847
3,0,1,0.5633314
3,0,1,0.5256486
3,1,1,0.5482959
3,1,1,0.51921695
3,1,1,0.6962706
3,0,0,0.3088041
3,0,1,0.868987
3,0,0,0.380647
3,0,1,0.5072904
3,1,1,0.7767187
3,0,1,0.61990184
3,0,1,0.72557527
3,0,1,0.6845518
3,0,0,0.47829407
3,1,1,0.8893414
3,0,0,0.40041557
3,0,1,0.658407
3,1,0,0.388245
3,1,1,0.6157198
3,1,1,0.7801063
3,0,0,0.49150628
3,1,1,0.58598155
3,1,0,0.43527526
3,0,1,0.5789707
3,1,0,0.4033523
3,0,1,0.55185974
3,1,0,0.48538756
3,0,0,0.21505934
3,1,1,0.55506235
3,1,1,0.6898822
3,0,0,0.30864394
3,1,1,0.7126732
3,0,1,0.74558246
3,0,0,0.11076036
3,0,0,0.16221228
3,0,0,0.4629712
3,0,1,0.71103215
3,0,1,0.721271
3,0,0,0.36049664
3,0,0,0.2500117
3,0,0,0.36307123
3,1,1,0.57084405
3,0,1,0.5068551
3,1,0,0.42963022
3,0,0,0.48318884
3,0,0,0.15263674
3,0,1,0.5842275
3,1,1,0.62795204
3,0,1,0.6803994
3,1,0,0.46482104
3,1,0,0.49351633
3,0,0,0.36241743
3,1,1,0.6178008
3,0,1,0.5314457
3,1,0,0.45667315
3,1,0,0.41227433
3,1,1,0.5752875
3,1,0,0.3398836
3,1,1,0.649808
3,0,0,0.3588857
3,0,0,0.1851785
3,1,1,0.5738414
3,1,1,0.5543015
3,1,1,0.6099847
3,1,0,0.29157847
3,1,0,0.33929053
3,1,0,0.46207026
3,0,0,0.26127616
3,0,0,0.21406601
3,1,0,0.23609063
3,0,0,0.34245557
3,0,0,0.07409378
3,0,0,0.2891944
3,0,0,0.24674313
3,1,0,0.42138252
3,1,0,0.3273548
3,0,0,0.4392082
3,0,0,0.34365305
3,0,0,0.19609657
3,0,0,0.38726658
3,0,0,0.28813404
3,0,1,0.51216054
3,1,1,0.5484362
3,1,1,0.5291731
3,0,0,0.34724012
3,0,0,0.263265
3,0,0,0.22169498
3,1,0,0.3730759
3,0,1,0.5228608
3,0,0,0.22636242
3,0,0,0.12235832
3,0,0,0.40133664
3,1,0,0.443903
3,0,0,0.36696866
3,1,1,0.5589606
3,1,0,0.3117369
3,0,0,0.14097844
3,1,1,0.66889983
3,1,1,0.64170223
3,1,1,0.5706804
3,0,1,0.51968604
3,1,1,0.6058484
3,1,1,0.56431997
3,0,0,0.49941936
3,1,1,0.7055095
3,1,1,0.5545693
3,1,1,0.7194632
3,0,0,0.24922395
3,0,0,0.10371653
3,1,0,0.40890914
3,0,1,0.6143483
3,0,0,0.36335847
3,0,0,0.3503382
3,1,1,0.6881246
3,1,1,0.7690639
3,0,0,0.42861265
3,0,0,0.40366977
3,0,1,0.5350647
3,0,1,0.70563376
3,0,1,0.9111285
3,1,1,0.6189582
3,1,1,0.5236926
3,1,1,0.5093955
3,1,0,0.47345254
3,0,1,0.5661094
3,1,1,0.5143306
3,1,1,0.6172801
3,0,0,0.32226938
3,0,0,0.45897767
3,0,1,0.53843033
3,1,1,0.8138281
3,0,0,0.38835576
3,0,1,0.77389765
3,0,1,0.6108769
3,0,1,0.62300676
3,1,1,0.5874902
3,1,0,0.29299182
3,0,0,0.20901676
3,0,1,0.632827
3,1,1,0.51286614
3,0,0,0.21262114
3,1,0,0.24973032
3,1,0,0.29089057
3,1,1,0.630552
3,0,0,0.3977134
3,1,1,0.58650136
3,0,1,0.5024379
3,1,0,0.44628346
3,1,0,0.42418423
3,1,0,0.45038337
3,0,1,0.5373133
3,0,1,0.7043879
3,1,1,0.5075801
3,0,1,0.5303725
3,1,0,0.44378057
3,0,0,0.44304278
3,0,0,0.45720398
3,1,1,0.58586293
3,0,0,0.4593757
3,0,1,0.6088591
3,1,1,0.57425636
3,0,0,0.27033767
3,0,0,0.39859566
3,0,0,0.1905417
3,1,1,0.8382091
3,1,1,0.59266895
3,1,1,0.6163579
3,1,1,0.6888704
3,1,1,0.56549436
3,1,1,0.63367325
3,0,0,0.3112795
3,0,0,0.36126733
3,1,0,0.3796355
3,0,0,0.24762276
3,0,0,0.3234641
3,0,0,0.42546922
3,1,1,0.68035245
3,1,1,0.6284346
3,1,1,0.70326614
3,0,0,0.40800858
3,0,1,0.52238965
3,1,1,0.5749185
3,1,0,0.46757683
3,1,1,0.73682046
3,1,1,0.63708675
3,0,0,0.31814286
3,1,1,0.52697384
3,1,1,0.7132571
3,0,1,0.7572864
3,0,1,0.7599394
3,0,1,0.56973195
3,0,0,0.390771
3,1,0,0.29508272
3,1,1,0.5291255
3,0,0,0.42487246
3,1,1,0.5469506
3,0,1,0.75279164
3,0,1,0.85154325
3,1,0,0.41162834
3,0,1,0.58813924
3,1,0,0.47862214
3,1,1,0.6460133
3,0,0,0.21123919
3,0,0,0.34189886
3,0,0,0.26853076
3,0,0,0.23139088
3,0,0,0.2884351
3,0,1,0.6309432
3,0,0,0.35089535
3,1,1,0.8231684
3,1,1,0.8076464
3,0,0,0.22114778
3,1,1,0.54293054
3,1,0,0.40869257
3,0,0,0.40734836
3,1,1,0.691485
3,0,0,0.14212526
3,1,1,0.6432739
3,0,0,0.24512088
3,1,0,0.3975834
3,1,1,0.6669713
3,1,0,0.39545655
3,0,0,0.3405804
3,0,1,0.52225095
3,0,0,0.24254568
3,0,0,0.40834522
3,0,0,0.26660866
3,1,1,0.53375727
3,0,0,0.18912275
3,1,0,0.4464245
3,1,1,0.68482536
3,1,1,0.7023305
3,1,1,0.59118026
3,0,0,0.23084319
3,0,1,0.73698455
3,0,0,0.4008231
3,0,0,0.3044775
3,1,1,0.6972028
3,0,1,0.61328363
3,0,1,0.56668687
3,1,1,0.7863971
3,0,1,0.5575006
3,1,1,0.74653316
3,0,1,0.6482801
3,1,0,0.491547
3,1,0,0.45600745
3,1,0,0.4548122
3,0,0,0.31734228
3,0,0,0.43372875
3,0,0,0.38303974
3,1,1,0.5154437
3,0,0,0.23908469
3,0,1,0.63803893
3,0,0,0.16510038
3,0,1,0.5644707
3,0,1,0.7368602
3,1,0,0.432689
3,1,1,0.66534054
3,1,1,0.5819767
3,0,0,0.44868043
3,1,1,0.6156314
3,0,1,0.5005962
3,1,1,0.5500684
3,0,1,0.58586884
3,0,1,0.50274086
3,1,0,0.3715141
3,0,0,0.3114016
3,0,0,0.48240307
3,0,0,0.49294496
3,0,0,0.4157599
3,0,0,0.38706172
3,1,1,0.66308266
3,1,0,0.46631277
3,0,0,0.34747115
3,1,0,0.21421492
3,0,1,0.7365425
3,0,0,0.44985595
3,0,0,0.4116055
3,0,1,0.7271245
3,0,0,0.31794026
3,0,0,0.37913176
3,1,1,0.5046377
3,1,1,0.5524293
3,0,0,0.39985785
3,1,1,0.7605656
3,0,1,0.5474223
3,0,0,0.22812463
3,0,0,0.38002107
3,0,0,0.34542593
3,1,0,0.4794637
3,1,0,0.43858662
3,1,1,0.62896764
3,1,1,0.58687645
3,1,1,0.61264443
3,0,0,0.19824767
3,1,1,0.55989224
3,0,0,0.3428069
3,1,0,0.41888002
3,1,1,0.63147205
3,1,1,0.74156666
3,0,0,0.29412767
3,0,0,0.15208043
3,0,1,0.56656694
3,1,1,0.5314564
3,1,1,0.6792342
3,0,1,0.56732714
3,1,0,0.37462744
3,0,1,0.51244324
3,0,1,0.5710858
3,0,0,0.4501203
3,0,0,0.4433019
3,1,0,0.29243872
3,1,1,0.59102416
3,0,0,0.35845
3,1,0,0.4630476
3,1,1,0.55110216
3,1,0,0.45890558
3,0,0,0.34957898
3,1,1,0.5025788
3,1,1,0.53640485
3,1,1,0.5354319
3,0,0,0.25963145
3,1,1,0.5943109
3,1,0,0.47943586
3,1,0,0.2743308
3,0,0,0.30196744
3,1,0,0.35263714
3,0,0,0.17479007
3,1,0,0.40811425
3,0,1,0.6293166
3,0,0,0.43095702
3,1,0,0.44463807
3,0,0,0.2115427
3,0,0,0.29949823
3,0,0,0.47165638
3,0,0,0.45354974
3,0,1,0.63113594
3,0,0,0.33863083
3,0,0,0.1960531
3,0,0,0.18263954
3,0,0,0.25866348
3,0,0,0.45312175
3,1,0,0.37592912
3,0,0,0.43467396
3,0,1,0.6969117
3,1,0,0.4723704
3,1,0,0.49380696
3,1,1,0.6966137
3,0,0,0.33964166
3,1,1,0.6871013
3,1,1,0.518557
3,0,1,0.61558753
3,0,0,0.34740785
3,0,0,0.49258542
3,0,0,0.27892312
3,1,1,0.5573915
3,1,1,0.6256618
3,1,1,0.62672776
3,1,1,0.6031566
3,0,0,0.2819967
3,1,1,0.50819284
3,0,0,0.38056353
3,1,1,0.75923353
3,0,0,0.33509925
3,0,1,0.55389225
3,0,1,0.58725154
3,1,0,0.18229856
3,1,1,0.64403445
3,0,1,0.6743709
3,0,0,0.44455957
3,1,0,0.3121272
3,0,1,0.53140736
3,0,0,0.34125668
3,1,1,0.7019536
3,1,0,0.38801515
3,0,0,0.2952351
3,1,1,0.7451023
3,0,0,0.3013982
3,0,0,0.33231595
3,0,0,0.36463138
3,0,0,0.35110345
3,1,1,0.7454269
3,1,1,0.7876311
3,1,1,0.86741793
3,0,1,0.7059523
3,1,1,0.66699874
3,0,1,0.5146181
3,0,1,0.6706547
3,1,1,0.7373158
3,1,1,0.75491685
3,1,1,0.7831258
3,0,0,0.40548962
3,0,1,0.69268125
3,1,1,0.5899385
3,1,0,0.24225332
3,0,0,0.24414253
3,1,1,0.5172121
3,1,1,0.74905026
3,1,1,0.5843086
3,1,1,0.7786513
3,1,0,0.33022827
3,0,0,0.39616743
3,1,1,0.73964095
3,0,1,0.73416775
3,1,1,0.7905534
3,0,0,0.46547645
3,0,0,0.23063643
3,1,0,0.2773851
3,1,1,0.549119
3,0,1,0.54463375
3,1,1,0.8036859
3,1,0,0.2174462
3,0,0,0.080690175
3,1,1,0.6771479
3,0,0,0.21605843
3,0,0,0.36767742
3,1,1,0.55443525
3,0,0,0.32266757
3,0,0,0.4063833
3,0,1,0.716294
3,0,1,0.7021386
3,0,1,0.5011476
3,1,1,0.510647
3,1,0,0.38978097
3,0,0,0.19906187
3,1,1,0.8362564
3,1,1,0.7398214
3,1,1,0.7277378
3,1,1,0.67616904
3,1,1,0.699989
3,0,1,0.50499463
3,0,0,0.49289322
3,0,1,0.6141488
3,1,0,0.438495
3,0,0,0.35089096
3,0,0,0.32042116
3,0,0,0.25322378
3,0,1,0.58990604
3,0,1,0.618598
3,0,1,0.53763264
3,1,1,0.7045062
3,0,0,0.40977284
3,1,1,0.8129435
3,1,0,0.47558782
3,1,0,0.4461799
3,0,1,0.5295201
3,0,1,0.68674535
3,1,1,0.5871025
3,1,1,0.66939443
3,0,1,0.590688
3,1,0,0.31157193
3,0,0,0.28830367
3,0,0,0.48739126
3,1,1,0.50184274
3,0,1,0.61029905
3,1,1,0.8682279
3,1,1,0.565408
3,1,1,0.7619598
3,1,1,0.550346
3,0,0,0.4264978
3,1,1,0.6142974
3,1,1,0.6074502
3,0,1,0.597837
3,0,1,0.6730375
3,0,0,0.47839218
3,0,0,0.15621713
3,0,1,0.50074315
3,0,1,0.75584745
3,0,1,0.5178148
3,0,0,0.4025452
3,1,1,0.69000846
3,1,1,0.6458924
3,0,1,0.63998497
3,1,1,0.6235978
3,1,1,0.6291349
3,0,0,0.24777488
3,0,0,0.43726546
3,0,1,0.50139725
3,1,1,0.7706256
3,1,1,0.5299717
3,1,1,0.94758594
3,1,1,0.57360035
3,0,1,0.5147453
3,1,1,0.58909607
3,1,1,0.68207633
3,1,1,0.7086133
3,1,1,0.63205194
3,0,0,0.37549883
3,1,1,0.64822143
3,0,0,0.12922433
3,1,1,0.685143
3,0,0,0.3602431
3,0,1,0.6484583
3,0,0,0.3483032
3,1,1,0.69354445
3,1,0,0.47351825
3,1,1,0.6960835
3,0,1,0.58762044
3,0,1,0.659227
3,0,1,0.59825593
3,1,1,0.53858364
3,0,1,0.6626636
3,1,1,0.661042
3,1,1,0.62389755
3,0,0,0.36707696
3,1,1,0.60983825
3,1,0,0.48751193
3,0,0,0.45437297
3,0,0,0.28945085
3,0,0,0.33789453
3,0,1,0.6879536
3,0,1,0.51937467
3,1,1,0.7857692
3,1,1,0.60488665
3,1,1,0.59233046
3,1,1,0.7795813
3,1,0,0.43197408
3,0,0,0.32794106
3,1,1,0.5160851
3,1,1,0.5380739
3,0,1,0.7335961
3,0,1,0.65660053
3,0,1,0.6678524
3,1,1,0.7449208
3,1,1,0.85829175
3,1,1,0.59081036
3,1,1,0.6714418
3,1,1,0.5667035
3,1,1,0.5002614
3,1,0,0.3217494
3,0,1,0.5015469
3,0,1,0.6628967
3,0,0,0.2673957
3,0,0,0.42628244
3,0,0,0.22090568
3,1,0,0.41940245
3,0,1,0.79908514
3,0,0,0.4723456
3,1,1,0.80708504
3,1,1,0.70485395
3,1,1,0.5844801
3,0,0,0.4711803
3,1,1,0.82501525
3,1,1,0.78459346
3,0,0,0.42742947
3,0,1,0.58529884
3,0,0,0.39492515
3,1,1,0.74205124
3,0,0,0.44894373
3,1,1,0.51707
3,1,0,0.35294935
3,0,1,0.5853851
3,0,0,0.27913716
3,1,1,0.7943146
3,1,1,0.7722222
3,0,0,0.2070529
3,1,0,0.38586134
3,0,0,0.44520792
3,0,1,0.6594432
3,0,1,0.59617907
3,1,1,0.5064376
3,0,0,0.46781778
3,1,1,0.5130512
3,1,0,0.28946897
3,1,1,0.77775204
3,1,1,0.791997
3,0,1,0.76930577
3,0,1,0.76049113
3,1,1,0.70821315
3,0,0,0.46928915
3,1,1,0.56557363
3,1,0,0.4296905
3,0,1,0.79311246
3,1,1,0.70219076
3,0,1,0.6906384
3,0,0,0.48875296
3,1,1,0.6269402
3,0,1,0.52724504
3,0,1,0.74049544
3,0,1,0.5926485
3,0,1,0.6449277
3,1,1,0.5038928
3,1,0,0.46835965
3,1,1,0.64601254
3,1,1,0.82272863
3,0,0,0.4294352
3,0,1,0.5521274
3,1,1,0.5441042
3,0,1,0.69376487
3,1,1,0.6942325
3,1,0,0.41199508
3,1,0,0.43062055
3,1,1,0.52319664
3,1,1,0.5315907
3,0,0,0.33624372
3,0,1,0.76299417
3,1,1,0.5203928
3,0,1,0.614862
3,1,1,0.7781216
3,0,1,0.70012
3,0,1,0.77926445
3,0,1,0.6077938
3,0,0,0.35975775
3,1,1,0.761947
3,1,1,0.5123077
3,0,1,0.5403049
3,1,1,0.6340955
3,0,1,0.55709964
3,1,0,0.32729584
3,0,0,0.4067636
3,0,1,0.57713556
3,1,0,0.37450656
3,0,1,0.5171699
3,0,1,0.61142474
3,1,0,0.49998772
3,1,0,0.36880833
3,1,1,0.80666476
3,0,1,0.5255628
3,0,1,0.6887988
3,0,1,0.7247675
3,1,1,0.70971197
3,1,1,0.55976725
3,0,1,0.6504822
3,1,0,0.3447323
3,1,1,0.8245675
3,1,1,0.6383569
3,1,0,0.49716723
3,1,1,0.50643474
3,1,1,0.5982493
3,0,0,0.35760647
3,1,1,0.5513884
3,0,0,0.43767625
3,0,1,0.5814626
3,0,0,0.3277796
3,0,0,0.4790406
3,1,1,0.7125335
3,0,0,0.4565514
3,0,1,0.58107895
3,0,1,0.6452849
3,1,1,0.8794076
3,1,1,0.51396585
3,0,0,0.14832626
3,0,0,0.19266352
3,1,1,0.62298506
3,1,1,0.84360963
3,0,1,0.6889716
3,0,0,0.48236585
3,1,1,0.6686675
3,0,1,0.53275675
3,1,1,0.70662767
3,0,1,0.5978348
3,0,0,0.39414576
3,1,1,0.67172164
3,0,1,0.7878021
3,1,0,0.45244938
3,1,1,0.7010721
3,0,1,0.63864577
3,0,1,0.58618015
3,1,1,0.5604489
3,0,1,0.64438546
3,1,1,0.56614476
3,0,1,0.6736658
3,1,0,0.29429957
3,1,1,0.60378057
3,0,1,0.6089608
3,0,1,0.6383649
3,0,1,0.8101489
3,0,0,0.40868923
3,0,0,0.44942337
3,1,0,0.47637162
3,0,0,0.4653341
3,0,1,0.7297117
3,0,1,0.57399946
3,1,1,0.6446119
3,1,1,0.50962174
3,0,0,0.3158582
3,0,1,0.64211184
3,0,0,0.17203811
3,0,0,0.3906023
3,1,1,0.58907473
3,1,1,0.80133444
3,1,1,0.7856311
3,1,1,0.65378153
3,1,1,0.70507294
3,1,1,0.65300775
3,1,1,0.5106863
3,0,0,0.43851507
3,1,0,0.4864683
3,1,1,0.7653278
3,0,0,0.2283032
3,0,0,0.19508654
3,0,1,0.5133608
3,1,0,0.46878964
3,1,1,0.5343491
3,1,0,0.44718695
3,1,0,0.27591524
3,0,0,0.41683197
3,1,0,0.486288
3,0,1,0.553522
3,0,0,0.122607335
3,0,0,0.484234
3,1,0,0.26270017
3,0,0,0.22305906
3,0,0,0.07820588
3,1,0,0.44967505
3,0,1,0.58673304
3,1,0,0.4342276
3,1,0,0.30584323
3,0,0,0.11420489
3,1,1,0.5993953
3,0,0,0.37245104
3,0,0,0.45955947
3,1,1,0.5386454
3,1,0,0.43176413
3,1,1,0.5197522
3,0,0,0.4137683
3,0,0,0.38765174
3,0,0,0.12527299
3,0,0,0.2039836
3,1,0,0.40250227
3,0,0,0.3701756
3,0,1,0.52055365
3,0,0,0.4979682
3,0,0,0.19224487
3,0,0,0.28126192
3,1,0,0.28591356
3,0,0,0.08346175
3,0,0,0.19341943
3,0,0,0.08814747
3,0,0,0.09303417
3,1,1,0.703513
3,1,1,0.5393688
3,1,0,0.47051126
3,1,1,0.536625
3,0,0,0.19229248
3,1,1,0.5932902
3,1,1,0.61534226
3,0,0,0.47084954
3,0,0,0.24210544
3,1,1,0.7421543
3,0,1,0.51519287
3,1,1,0.52408415
3,0,1,0.72404647
3,0,1,0.5576815
3,1,1,0.5394543
3,0,0,0.4285574
3,0,0,0.36018193
3,1,1,0.62167144
3,1,1,0.7495658
3,1,1,0.64182216
3,1,1,0.63364387
3,0,1,0.73610896
3,0,0,0.4346331
3,0,1,0.8500308
3,0,0,0.36072984
3,1,0,0.33790085
3,1,1,0.57131594
3,1,1,0.75659597
3,1,1,0.6145431
3,1,0,0.39928365
3,1,0,0.42166406
3,0,0,0.3081679
3,1,0,0.38980135
3,1,1,0.6295767
3,0,1,0.5029634
3,0,0,0.43322724
3,0,0,0.25748324
3,0,1,0.61879516
3,1,1,0.63606477
3,1,1,0.6303584
3,0,1,0.5920646
3,0,1,0.6516111
3,1,0,0.29364014
3,1,0,0.415
3,1,1,0.8138708
3,0,1,0.6939164
3,0,0,0.3574099
3,1,0,0.42481512
3,1,1,0.5526971
3,1,1,0.6370875
3,0,0,0.25419968
3,1,1,0.5348026
3,0,0,0.14794536
3,1,1,0.5887262
3,1,1,0.50711113
3,1,1,0.6563322
3,0,0,0.44852015
3,0,1,0.5156686
3,0,0,0.4191596
3,1,1,0.6494663
3,0,0,0.2877785
3,1,1,0.53125334
3,1,1,0.6741379
3,1,0,0.31707337
3,0,0,0.22929126
3,0,0,0.13349107
3,1,0,0.44390434
3,0,0,0.4122075
3,0,0,0.313742
3,0,0,0.32270268
3,1,1,0.6112976
3,1,0,0.3054787
3,0,0,0.39261687
3,0,0,0.15600297
3,0,0,0.21869153
3,1,1,0.6191288
3,1,1,0.6809872
3,0,0,0.34371474
3,0,0,0.3266548
3,1,1,0.7078734
3,1,1,0.71915466
3,1,1,0.52103764
3,0,1,0.61499894
3,0,0,0.2805727
3,0,0,0.23710614
3,1,1,0.6266582
3,1,0,0.47963914
3,0,0,0.4617969
3,0,0,0.18763515
3,1,1,0.51979846
3,1,0,0.4775633
3,0,1,0.5687804
3,0,0,0.46880114
3,0,0,0.44804108
3,0,0,0.35674825
3,0,1,0.59602606
3,0,0,0.42113963
3,1,0,0.4663896
3,1,0,0.47247985
3,1,0,0.37831542
3,0,0,0.41628873
3,1,0,0.34568796
3,1,0,0.32782587
3,0,0,0.37579185
3,1,0,0.3984612
3,0,1,0.65584284
3,0,1,0.5207427
3,0,1,0.51796705
3,0,0,0.48351386
3,0,0,0.32476208
3,1,1,0.56671786
3,0,1,0.504313
3,1,0,0.49733928
3,1,1,0.68463904
3,1,1,0.59133303
3,1,1,0.63062197
3,0,0,0.28900865
3,1,1,0.82092553
3,1,1,0.6658264
3,0,1,0.5777953
3,0,0,0.4588522
3,0,0,0.4584421
3,0,1,0.5319228
3,1,1,0.6549676
3,1,1,0.84576833
3,1,1,0.64284873
3,1,1,0.64151
3,1,1,0.5450801
3,1,1,0.56039953
3,1,0,0.43087086
3,1,1,0.5627105
3,1,1,0.5094587
3,1,1,0.70837915
3,0,1,0.8155496
3,0,1,0.58224636
3,0,1,0.60810363
3,0,0,0.48745245
3,0,0,0.24247803
3,0,1,0.51801544
3,0,0,0.25766602
3,0,0,0.16240735
3,0,0,0.35758647
3,1,0,0.27990755
3,1,1,0.657276
3,1,1,0.68110436
3,1,1,0.60722166
3,1,0,0.47218627
3,1,0,0.48477384
3,0,0,0.4120359
3,1,1,0.679509
3,0,0,0.16925326
3,0,0,0.46005943
3,1,1,0.7351811
3,1,0,0.40724906
3,0,1,0.8147609
3,1,1,0.76330006
3,0,1,0.741227
3,0,0,0.42350075
3,0,1,0.7331415
3,1,1,0.5381966
3,0,1,0.5319153
3,0,1,0.53194577
3,1,0,0.20397219
3,1,1,0.7498546
3,0,1,0.67306924
3,1,1,0.60631317
3,0,0,0.40470225
3,0,0,0.17485899
3,0,0,0.3178094
3,0,0,0.4066141
3,0,0,0.2776255
3,1,1,0.7194083
3,0,0,0.30890003
3,0,0,0.27755004
3,0,0,0.27805075
3,0,0,0.42148763
3,1,1,0.88955784
3,1,1,0.6358698
3,1,0,0.4050175
3,1,1,0.50098366
3,0,0,0.29811648
3,0,1,0.70440984
3,1,1,0.76256335
3,0,0,0.4268115
3,0,0,0.15554652
3,1,1,0.83903474
3,0,0,0.45121393
3,0,0,0.47453877
3,0,1,0.57704586
3,1,1,0.7291482
3,1,1,0.7534869
3,1,0,0.36845902
3,0,1,0.6355575
3,0,0,0.42757773
3,1,1,0.6845773
3,1,0,0.37854674
3,0,0,0.42740586
3,0,1,0.5596562
3,0,1,0.6100046
3,0,0,0.33975828
3,0,0,0.30238858
3,1,1,0.6961954
3,1,1,0.65348226
3,1,0,0.44831276
3,0,1,0.61271465
3,1,1,0.6135735
3,1,1,0.6694606
3,0,1,0.6004877
3,0,0,0.33175036
3,1,0,0.4970512
3,1,1,0.6616586
3,0,0,0.31957865
3,0,0,0.4015763
3,1,0,0.47157487
3,0,1,0.53721905
3,1,0,0.3725147
3,1,0,0.39114574
3,0,1,0.75609
3,1,1,0.57412505
3,0,0,0.16770495
3,1,0,0.3135685
3,0,0,0.14299352
3,0,0,0.14014229
3,0,0,0.37462363
3,0,0,0.35997513
3,0,1,0.6149855
3,0,0,0.3471442
3,0,0,0.0798042
3,0,0,0.10738587
3,0,0,0.15067632
3,1,0,0.3959522
3,0,0,0.31258723
3,1,0,0.39327
3,0,0,0.46196193
3,0,0,0.40733376
3,1,1,0.6468453
3,0,0,0.4466024
3,1,1,0.6626659
3,1,0,0.29079875
3,0,0,0.45822215
3,0,0,0.21381241
3,1,0,0.4643667
3,1,0,0.2804667
3,0,1,0.68016195
3,0,0,0.117243424
3,1,0,0.46138605
3,1,1,0.50794137
3,0,0,0.2742916
3,1,0,0.42300844
3,0,0,0.32475147
3,1,0,0.4194431
3,0,0,0.28969547
3,0,0,0.20546453
3,0,1,0.5271126
3,1,0,0.37203455
3,0,0,0.19415483
3,1,1,0.5529521
3,1,1,0.5254658
3,1,1,0.57821363
3,1,1,0.56900746
3,0,1,0.6412596
3,1,1,0.5019994
3,1,0,0.33855534
3,0,0,0.30076128
3,1,0,0.25060177
3,0,0,0.21387076
3,1,1,0.500653
3,1,0,0.41047585
3,0,0,0.35210076
3,0,0,0.41187623
3,1,1,0.68337476
3,1,0,0.20031981
3,1,1,0.6311816
3,1,1,0.5541898
3,1,1,0.69703275
3,0,0,0.10165906
3,1,1,0.51085573
3,0,0,0.45178553
3,0,0,0.115178436
3,0,1,0.50997275
3,0,0,0.42586142
3,1,0,0.49234486
3,0,0,0.44794643
3,0,0,0.26457706
3,0,0,0.21009494
3,0,0,0.4706433
3,0,0,0.1959996
3,1,0,0.31921652
3,0,0,0.35363618
3,1,0,0.4015179
3,0,0,0.19805706
3,0,0,0.32081455
3,0,0,0.33022627
3,1,0,0.25054583
3,1,0,0.43806484
3,1,0,0.27904108
3,0,0,0.44402757
3,0,0,0.29767174
3,0,0,0.18015014
3,0,0,0.3316958
3,1,0,0.2673268
3,1,0,0.36704096
3,1,0,0.2518191
3,1,1,0.53588784
3,1,0,0.21519381
3,1,0,0.34186968
3,0,0,0.41301024
3,0,0,0.19253905
3,1,0,0.4695494
3,1,0,0.48053503
3,0,0,0.18908237
3,0,0,0.09856921
3,0,0,0.4253458
3,0,0,0.21665348
3,0,0,0.26465413
3,0,0,0.24018627
3,0,0,0.4915515
3,1,1,0.500884
3,0,0,0.17467609
3,0,0,0.4493188
3,0,0,0.42431194
3,1,0,0.39951026
3,0,0,0.13969207
3,0,1,0.50609714
3,0,1,0.58692425
3,1,0,0.3372743
3,0,0,0.49695364
3,1,0,0.33001563
3,0,0,0.2481098
3,1,0,0.44848058
3,0,0,0.19189462
3,0,0,0.35294938
3,1,0,0.34132454
3,0,0,0.19933847
3,0,0,0.22929992
3,0,0,0.2954925
3,1,1,0.57565355
3,0,0,0.4737182
3,0,0,0.40858898
3,1,1,0.5291363
3,0,0,0.08610006
3,0,0,0.19950138
3,0,0,0.21200854
3,0,0,0.19037701
3,0,0,0.121710934
3,1,0,0.44808722
3,1,1,0.51991624
3,0,0,0.18069707
3,0,1,0.58288175
3,0,1,0.521109
3,1,0,0.31477794
3,0,0,0.2665274
3,0,1,0.5032828
3,1,0,0.2999548
3,1,0,0.47229242
3,0,0,0.46020302
3,1,1,0.60360605
3,0,0,0.08972847
3,1,1,0.52041286
3,0,0,0.49533886
3,1,0,0.4440812
3,0,0,0.19400351
3,0,0,0.121572636
3,0,0,0.072870225
3,0,0,0.14073041
3,0,0,0.10074117
3,1,0,0.4917055
3,0,0,0.30251965
3,0,0,0.23596156
3,0,1,0.5380096
3,0,0,0.45321113
3,0,0,0.28246674
3,0,0,0.32399607
3,0,0,0.12380802
3,0,0,0.13839129
3,0,0,0.18375903
3,1,1,0.571606
3,1,0,0.3401046
3,0,0,0.31113464
3,1,1,0.50041
3,1,0,0.43388137
3,0,1,0.50623816
3,0,0,0.46062544
3,1,1,0.5593558
3,0,0,0.29267803
3,0,0,0.13284346
3,0,0,0.3393861
3,0,0,0.22698565
3,1,0,0.30717492
3,1,0,0.26939505
3,0,1,0.6356359
3,0,0,0.48593915
3,0,1,0.55485237
3,0,0,0.10977546
3,1,0,0.18981554
3,1,1,0.5278123
3,0,0,0.3503166
3,1,1,0.6195298
3,0,1,0.56554914
3,0,0,0.0745143
3,0,0,0.3813113
3,1,1,0.51304454
3,0,0,0.0783573
