fold,label,prediction,probability
1,1,1,0.6603242
1,1,1,0.52592295
1,1,0,0.27590886
1,1,0,0.44832662
1,0,0,0.4489579
1,0,1,0.5383658
1,0,0,0.3272533
1,0,0,0.40334263
1,0,1,0.58001804
1,0,1,0.9015672
1,1,1,0.7864761
1,0,0,0.3297795
1,1,1,0.50499916
1,1,1,0.70408946
1,1,1,0.64262855
1,0,0,0.34359947
1,1,1,0.69949347
1,1,1,0.6186473
1,0,1,0.70205534
1,0,0,0.31322303
1,0,0,0.22664353
1,1,1,0.8805601
1,0,0,0.29311192
1,0,0,0.38367683
1,0,0,0.45012042
1,1,1,0.51378787
1,1,1,0.65446955
1,0,0,0.34400338
1,1,1,0.5745737
1,0,1,0.7143384
1,0,1,0.74435705
1,0,1,0.5494911
1,1,1,0.7358052
1,1,1,0.5685726
1,0,0,0.48598632
1,0,1,0.80262446
1,1,0,0.29595304
1,0,0,0.27460518
1,1,1,0.5877765
1,1,0,0.4854962
1,1,1,0.6098579
1,1,0,0.4011709
1,0,1,0.63397247
1,0,1,0.5491492
1,0,0,0.40575418
1,0,0,0.42980444
1,1,1,0.7997946
1,0,0,0.35080954
1,1,0,0.48461404
1,1,1,0.64928204
1,1,1,0.59552693
1,0,0,0.42845246
1,0,1,0.7372169
1,1,0,0.41203782
1,0,1,0.8137115
1,0,0,0.4851101
1,1,1,0.5888209
1,0,1,0.5358552
1,1,0,0.20481545
1,1,0,0.34357825
1,0,0,0.46257976
1,0,0,0.3915586
1,1,1,0.78170925
1,1,1,0.53914005
1,0,1,0.5543991
1,0,0,0.27918953
1,0,1,0.637104
1,0,0,0.2529023
1,0,0,0.20057301
1,0,1,0.5352168
1,0,0,0.36440817
1,1,1,0.54341584
1,1,0,0.35491374
1,0,0,0.32266095
1,1,0,0.49383217
1,1,1,0.90803695
1,0,1,0.5575302
1,0,1,0.6852146
1,1,0,0.17621857
1,1,0,0.44321463
1,1,1,0.54905814
1,1,0,0.47483033
1,0,0,0.36078566
1,0,0,0.16068578
1,0,1,0.6254249
1,0,1,0.6549266
1,1,0,0.4029938
1,0,0,0.49290228
1,0,0,0.15135783
1,0,0,0.37234506
1,1,1,0.89256835
1,1,1,0.5760968
1,1,1,0.58566946
1,0,1,0.54056996
1,0,1,0.83245856
1,0,0,0.46653023
1,0,0,0.42925462
1,0,0,0.40883207
1,1,1,0.8104521
1,1,1,0.69044286
1,0,0,0.19452642
1,1,1,0.7469295
1,1,1,0.6465049
1,1,1,0.76460856
1,0,1,0.6631073
1,0,0,0.29150298
1,1,1,0.85361314
1,0,1,0.69607705
1,1,1,0.7025847
1,0,0,0.42317343
1,0,0,0.36097783
1,0,0,0.29222187
1,0,0,0.19187889
1,1,1,0.82133996
1,0,0,0.38527036
1,1,1,0.70761955
1,0,0,0.47384545
1,1,1,0.7589741
1,0,0,0.20365232
1,1,1,0.5855037
1,1,1,0.75300926
1,0,0,0.49208376
1,1,1,0.7173733
1,0,1,0.6655371
1,1,0,0.3305878
1,0,0,0.12422611
1,0,0,0.112150826
1,1,1,0.9019374
1,1,1,0.7935916
1,0,0,0.32570493
1,1,1,0.7717443
1,1,1,0.7374884
1,0,0,0.46228424
1,0,1,0.50751764
1,0,1,0.65708774
1,0,0,0.3272647
1,0,1,0.6861966
1,0,0,0.15926795
1,0,0,0.49286237
1,0,1,0.54741997
1,1,1,0.7046446
1,0,1,0.72086585
1,0,1,0.63703734
1,1,1,0.6929387
1,1,1,0.5549406
1,1,1,0.5788763
1,0,1,0.71161044
1,1,1,0.60097516
1,1,1,0.50361377
1,0,1,0.5740509
1,1,1,0.5540521
1,0,1,0.7039041
1,0,0,0.4466798
1,1,0,0.43235716
1,0,0,0.19515415
1,0,0,0.4201325
1,0,1,0.5001641
1,1,1,0.5956864
1,1,1,0.8639862
1,1,1,0.5647708
1,1,0,0.34604323
1,1,0,0.4120449
1,1,1,0.6622468
1,0,0,0.19419184
1,0,0,0.38964233
1,1,0,0.47631484
1,0,1,0.79409766
1,0,1,0.866995
1,0,1,0.7090381
1,1,1,0.59102184
1,0,0,0.085644774
1,0,0,0.3669199
1,1,1,0.58434784
1,0,1,0.5036499
1,0,0,0.4164947
1,0,1,0.58501726
1,0,1,0.75398797
1,0,1,0.8332267
1,0,1,0.6164735
1,1,0,0.43848455
1,1,1,0.55013764
1,1,1,0.5186766
1,1,1,0.5575459
1,0,1,0.6910658
1,0,0,0.25835273
1,0,1,0.63510287
1,0,1,0.52682364
1,1,1,0.69626904
1,1,0,0.36884674
1,1,1,0.5507319
1,0,1,0.5172052
1,0,0,0.28297722
1,0,0,0.3441655
1,0,1,0.73058975
1,0,1,0.5034936
1,0,0,0.3292092
1,1,0,0.35134
1,1,0,0.2988305
1,0,1,0.5822786
1,1,0,0.33445808
1,0,1,0.55316937
1,0,1,0.65974504
1,0,1,0.8393237
1,0,0,0.4324396
1,1,1,0.5910018
1,0,1,0.5424834
1,1,1,0.8527072
1,0,0,0.32901278
1,1,0,0.4263567
1,0,0,0.18542713
1,1,1,0.7231286
1,1,1,0.7504828
1,0,0,0.16914
1,0,1,0.58611834
1,1,1,0.5811612
1,1,1,0.94392717
1,0,0,0.3157493
1,0,1,0.5441233
1,0,0,0.29693946
1,1,1,0.7623596
1,1,1,0.63320476
1,0,1,0.5516855
1,1,1,0.7986325
1,1,0,0.39367577
1,1,1,0.9166356
1,1,1,0.6091424
1,1,1,0.78865117
1,0,0,0.47918573
1,0,1,0.5960132
1,1,1,0.843338
1,1,1,0.5996206
1,1,1,0.6251687
1,1,1,0.6367183
1,1,0,0.49257657
1,0,0,0.46083665
1,1,1,0.8887092
1,1,1,0.8341268
1,1,1,0.6603025
1,1,1,0.61188275
1,0,1,0.6451125
1,1,1,0.6448657
1,0,1,0.67837507
1,1,1,0.7176667
1,0,0,0.4108942
1,1,1,0.7223926
1,0,0,0.39689118
1,1,1,0.6768653
1,0,1,0.6037344
1,0,1,0.6265272
1,0,1,0.6762061
1,1,1,0.518762
1,1,1,0.7976179
1,1,1,0.6204902
1,1,0,0.4627764
1,1,1,0.5326377
1,1,0,0.4102822
1,0,0,0.35936338
1,1,1,0.7299225
1,1,1,0.6478361
1,0,0,0.43101037
1,1,1,0.5184366
1,0,1,0.57053393
1,0,1,0.5274919
1,1,1,0.7993782
1,1,1,0.60981935
1,1,1,0.5933159
1,0,0,0.49356672
1,0,1,0.5053952
1,0,0,0.4091335
1,1,1,0.8769966
1,1,1,0.595919
1,0,1,0.7289667
1,1,1,0.7957236
1,1,1,0.66011286
1,0,0,0.48900518
1,0,0,0.48808888
1,1,1,0.6810841
1,0,1,0.51322657
1,1,1,0.81504637
1,1,1,0.55490243
1,0,1,0.5428261
1,0,0,0.28294587
1,1,1,0.7114517
1,1,1,0.7312958
1,0,0,0.47711274
1,1,1,0.5919578
1,1,1,0.58338344
1,0,1,0.5893653
1,1,1,0.64489895
1,0,1,0.6070107
1,0,0,0.4565239
1,0,1,0.5788338
1,1,1,0.8553527
1,1,1,0.8220997
1,0,1,0.72065336
1,0,0,0.38072842
1,1,0,0.2753566
1,1,1,0.5197882
1,1,1,0.8151062
1,0,1,0.50172
1,1,1,0.697487
1,1,1,0.82098067
1,0,0,0.4495002
1,0,0,0.32725275
1,1,1,0.7629406
1,1,1,0.58102596
1,1,1,0.5672903
1,0,0,0.4046309
1,1,1,0.6078266
1,0,0,0.33536032
1,0,0,0.45921904
1,0,0,0.39141303
1,0,0,0.24231617
1,1,1,0.7727241
1,0,0,0.39821872
1,0,1,0.51321256
1,1,1,0.5171199
1,0,0,0.33354455
1,1,1,0.8576771
1,1,1,0.78897977
1,0,1,0.7838174
1,1,1,0.8398272
1,1,1,0.7015695
1,0,1,0.51980436
1,0,0,0.2749208
1,1,1,0.56293154
1,0,0,0.20460437
1,1,1,0.5992937
1,0,0,0.3662045
1,0,1,0.6396404
1,0,0,0.4697981
1,1,1,0.6376417
1,0,1,0.6196507
1,0,0,0.48559704
1,1,1,0.7486226
1,0,1,0.59371823
1,1,1,0.6787056
1,0,0,0.42502505
1,1,1,0.59530765
1,0,1,0.5188272
1,1,0,0.4461326
1,1,1,0.53597564
1,1,0,0.37735018
1,1,1,0.71339875
1,0,0,0.41010645
1,0,0,0.48227516
1,1,1,0.6105073
1,0,1,0.7746017
1,0,1,0.61815107
1,1,1,0.746431
1,0,1,0.5459593
1,0,0,0.19752078
1,0,1,0.53422505
1,1,0,0.34073082
1,1,1,0.7301563
1,1,1,0.5363813
1,1,1,0.6902901
1,0,0,0.4738416
1,0,0,0.21499135
1,0,1,0.7383435
1,0,1,0.61192715
1,1,1,0.8098129
1,0,1,0.6464789
1,0,0,0.42589876
1,1,1,0.8505531
1,1,1,0.54534274
1,0,0,0.4083824
1,0,0,0.43332735
1,0,1,0.6761982
1,1,1,0.77462536
1,1,1,0.713942
1,0,1,0.751909
1,1,1,0.7836222
1,0,0,0.4568104
1,1,1,0.62299454
1,1,1,0.59314376
1,0,1,0.55040026
1,1,1,0.56373805
1,0,1,0.6878331
1,0,0,0.4717333
1,0,1,0.5629801
1,0,1,0.50793636
1,1,1,0.6860878
1,1,1,0.9154497
1,1,1,0.59087163
1,1,1,0.8251937
1,0,1,0.64843154
1,1,1,0.7251532
1,0,1,0.60371625
1,1,1,0.7576188
1,1,1,0.60694927
1,1,1,0.7734259
1,1,1,0.8169666
1,0,1,0.7032071
1,1,1,0.8015184
1,1,0,0.45077965
1,1,1,0.797771
1,1,1,0.5580527
1,0,0,0.4447895
1,0,1,0.6095302
1,0,1,0.57579106
1,1,0,0.3451152
1,0,1,0.78279513
1,1,1,0.66763556
1,1,1,0.576725
1,0,1,0.54381806
1,1,1,0.58445036
1,1,1,0.7531256
1,1,1,0.7437819
1,0,0,0.47880507
1,1,1,0.61265785
1,0,1,0.5348536
1,0,1,0.6182853
1,1,1,0.6562836
1,0,1,0.7214365
1,0,0,0.36136568
1,1,1,0.87770593
1,1,1,0.8465022
1,0,1,0.57056326
1,1,1,0.8234651
1,0,1,0.82997596
1,1,1,0.8398925
1,1,1,0.5678098
1,1,1,0.61144334
1,0,0,0.44382074
1,0,0,0.3429497
1,1,1,0.8533369
1,1,1,0.84861463
1,0,1,0.5443585
1,0,1,0.5948668
1,0,0,0.40174687
1,0,0,0.35504425
1,0,1,0.7679507
1,0,0,0.15510593
1,1,1,0.8959164
1,1,1,0.55188614
1,1,1,0.70128036
1,0,1,0.67301154
1,0,1,0.6499888
1,1,0,0.30279446
1,1,1,0.5808567
1,0,0,0.40910062
1,1,0,0.41754746
1,1,0,0.44739908
1,0,0,0.40410852
1,0,1,0.7534537
1,0,1,0.7321414
1,0,0,0.4837456
1,1,1,0.88043123
1,0,1,0.51162297
1,1,1,0.70766354
1,1,1,0.64800787
1,1,1,0.7128362
1,1,1,0.666798
1,0,1,0.59298265
1,1,1,0.92014056
1,1,1,0.7790343
1,0,0,0.32842153
1,0,0,0.23285343
1,1,1,0.8556492
1,1,1,0.8349584
1,1,1,0.74821186
1,0,1,0.52885216
1,0,1,0.6711665
1,0,0,0.057752643
1,1,1,0.7500195
1,1,1,0.61762774
1,0,1,0.57475734
1,0,0,0.14742109
1,0,0,0.49046162
1,0,1,0.51256907
1,1,1,0.6726995
1,1,0,0.4741587
1,0,0,0.22527744
1,1,1,0.61079377
1,1,1,0.598913
1,0,0,0.31616145
1,1,1,0.56611377
1,1,0,0.20051484
1,0,1,0.5579792
1,0,1,0.62451285
1,0,1,0.6701324
1,1,1,0.8650113
1,1,1,0.85196996
1,1,1,0.8842674
1,1,1,0.84293675
1,1,1,0.9352946
1,0,1,0.71934587
1,1,1,0.8356947
1,1,1,0.7814573
1,1,1,0.8741184
1,1,1,0.83802134
1,1,0,0.42742613
1,0,0,0.29003185
1,0,0,0.20668855
1,0,1,0.7596723
1,0,1,0.51442766
1,0,0,0.313581
1,1,1,0.80657226
1,1,1,0.6392742
1,1,1,0.7642268
1,0,1,0.5608129
1,0,1,0.7438169
1,0,1,0.7943777
1,0,0,0.47448322
1,0,0,0.31897762
1,1,1,0.603522
1,0,1,0.734851
1,1,1,0.7527294
1,0,1,0.5387982
1,1,1,0.93242073
1,0,1,0.54399836
1,1,1,0.7801583
1,1,1,0.80856174
1,1,1,0.682211
1,0,1,0.59055567
1,1,1,0.7334317
1,0,0,0.44921032
1,1,1,0.53918713
1,0,0,0.36793366
1,0,0,0.4759575
1,0,0,0.3453873
1,1,1,0.75411004
1,0,1,0.5520582
1,0,1,0.83742577
1,1,1,0.8761239
1,0,1,0.7943507
1,0,1,0.6925677
1,1,1,0.6564725
1,1,1,0.583846
1,1,1,0.75726485
1,0,0,0.38898727
1,1,1,0.71795714
1,0,1,0.67417973
1,0,1,0.5587902
1,0,0,0.29873574
1,0,1,0.89174795
1,0,1,0.51720023
1,1,1,0.85294443
1,1,1,0.6614843
1,1,0,0.47295022
1,1,0,0.47079608
1,0,0,0.35580388
1,1,1,0.69922215
1,1,1,0.64467025
1,1,1,0.5745642
1,0,0,0.31113556
1,0,0,0.36404297
1,1,1,0.71029776
1,0,1,0.58550996
1,0,1,0.67569536
1,0,1,0.6440118
1,0,0,0.3675781
1,0,0,0.46631348
1,0,1,0.7005384
1,0,1,0.56068367
1,0,1,0.6134603
1,1,0,0.49051413
1,1,0,0.42145857
1,1,1,0.5551402
1,1,1,0.7775596
1,0,1,0.50188684
1,0,0,0.15632659
1,0,1,0.658418
1,1,1,0.91531056
1,1,1,0.63218635
1,1,1,0.79562056
1,0,1,0.6841986
1,1,1,0.67083716
1,0,1,0.5818755
1,0,1,0.55693454
1,1,1,0.71805906
1,1,1,0.7154728
1,0,0,0.07497432
1,1,1,0.791631
1,0,0,0.4594419
1,0,1,0.80097514
1,1,1,0.62061536
1,0,1,0.73289776
1,0,0,0.47575924
1,0,1,0.58709776
1,0,0,0.4972849
1,0,0,0.30461693
1,1,1,0.6979871
1,0,0,0.12874255
1,1,1,0.84237367
1,0,0,0.47921064
1,0,0,0.30901116
1,1,1,0.66607064
1,1,1,0.645166
1,0,1,0.55774504
1,0,0,0.48445952
1,0,0,0.45764443
1,0,0,0.3643075
1,0,1,0.52506185
1,1,1,0.8427706
1,0,0,0.40299767
1,0,0,0.32660675
1,1,1,0.82245535
1,1,1,0.5982139
1,1,1,0.82528883
1,1,1,0.85694396
1,1,0,0.43467215
1,0,1,0.53337777
1,0,0,0.38235378
1,1,1,0.7649758
1,1,0,0.35061833
1,0,0,0.44347453
1,0,0,0.24968463
1,1,1,0.5656657
1,1,1,0.77756757
1,0,1,0.6031678
1,1,0,0.2529122
1,0,1,0.7839959
1,1,0,0.30392835
1,0,1,0.6873411
1,0,0,0.19303265
1,0,1,0.85816383
1,0,1,0.63239485
1,1,1,0.6384181
1,0,1,0.62353754
1,1,1,0.5092282
1,1,1,0.54069656
1,0,1,0.64434797
1,1,1,0.9452445
1,0,1,0.6463489
1,1,1,0.5908502
1,0,0,0.385591
1,1,1,0.6272013
1,0,0,0.44191393
1,1,1,0.9314766
1,1,1,0.72133166
1,1,1,0.742061
1,1,1,0.6842626
1,1,1,0.57178587
1,1,1,0.83898246
1,0,0,0.40536764
1,1,1,0.7052374
1,0,0,0.4698237
1,1,1,0.7187264
1,0,1,0.55273247
1,0,0,0.24122153
1,1,0,0.44154605
1,0,1,0.74370086
1,1,1,0.56730735
1,1,0,0.35656878
1,1,1,0.7819791
1,0,1,0.76617527
1,0,1,0.6455657
1,1,1,0.5622028
1,0,0,0.41074863
1,0,1,0.5392744
1,0,0,0.43622547
1,1,1,0.89747787
1,1,1,0.5264503
1,0,0,0.4488186
1,0,1,0.6981516
1,0,1,0.52227205
1,0,0,0.33829182
1,0,1,0.5075224
1,0,0,0.31989828
1,0,1,0.7993316
1,0,0,0.123239204
1,1,1,0.57857496
1,1,0,0.48901445
1,1,1,0.65528446
1,1,1,0.6144961
1,0,1,0.56707716
1,1,1,0.6391924
1,1,1,0.88991326
1,0,0,0.13911559
1,0,1,0.57438236
1,0,0,0.3308393
1,1,1,0.7248801
1,0,0,0.31923354
1,1,0,0.29654664
1,0,0,0.3264621
1,1,1,0.6140907
1,1,0,0.39450994
1,1,1,0.6344719
1,0,0,0.34536383
1,1,0,0.1806584
1,1,1,0.57217014
1,0,1,0.6481814
1,0,1,0.551283
1,1,1,0.73044044
1,1,1,0.6518193
1,0,1,0.57798505
1,0,0,0.45903116
1,1,1,0.6354754
1,1,1,0.7167097
1,1,0,0.49858594
1,0,0,0.42673182
1,0,0,0.37519243
1,1,1,0.57649374
1,0,1,0.61731213
1,1,0,0.44447574
1,0,1,0.51969725
1,1,1,0.6039882
1,0,1,0.6210404
1,1,1,0.5134376
1,1,0,0.31487045
1,0,0,0.10623882
1,0,1,0.71147656
1,0,1,0.54483557
1,0,0,0.3513308
1,1,1,0.59519404
1,0,0,0.29722807
1,1,1,0.59928095
1,1,1,0.7077582
1,1,0,0.39481172
1,0,1,0.7979702
1,0,1,0.7377324
1,0,0,0.39801702
1,1,0,0.3457329
1,1,1,0.84044766
1,1,1,0.6258082
1,1,1,0.6364511
1,0,0,0.48795053
1,0,0,0.3504918
1,1,1,0.5210087
1,0,1,0.70984584
1,1,0,0.33960015
1,1,1,0.75714463
1,1,1,0.69702846
1,1,1,0.5770748
1,0,0,0.28068626
1,0,1,0.687207
1,1,0,0.39098892
1,0,0,0.4090666
1,1,1,0.6739714
1,0,0,0.2856969
1,1,1,0.75197345
1,0,0,0.38804215
1,1,1,0.6744765
1,1,0,0.30540138
1,1,0,0.43325496
1,0,0,0.31315675
1,0,1,0.5135679
1,1,1,0.56198955
1,0,0,0.10613128
1,1,0,0.38418663
1,0,0,0.08568954
1,0,1,0.7114663
1,0,0,0.3507591
1,1,1,0.68971914
1,0,1,0.58991843
1,1,0,0.43773106
1,1,0,0.3151414
1,1,1,0.5411222
1,1,0,0.28415638
1,1,1,0.55347925
1,0,1,0.57834256
1,1,1,0.63569987
1,0,0,0.26419634
1,0,0,0.35678282
1,0,0,0.37578672
1,0,0,0.18253814
1,1,0,0.23655798
1,1,0,0.4768435
1,0,0,0.36877367
1,0,0,0.15791154
1,1,1,0.56181145
1,0,0,0.067892805
1,1,1,0.5375282
1,0,0,0.4496789
1,0,1,0.58827287
1,0,0,0.08850728
1,1,1,0.82672614
1,1,1,0.573179
1,0,0,0.2610088
1,1,0,0.42920056
1,0,1,0.5084416
1,0,0,0.25346223
1,0,0,0.13530108
1,1,0,0.4495978
1,0,0,0.39419752
1,0,0,0.32328
1,0,1,0.58279777
1,0,1,0.7375851
1,0,0,0.26387224
1,1,1,0.8866548
1,1,0,0.39787057
1,1,1,0.60347414
1,1,1,0.66171294
1,0,1,0.51114744
1,0,1,0.537803
1,0,0,0.3885263
1,0,0,0.31023198
1,1,1,0.6104472
1,0,1,0.51053417
1,0,0,0.24218783
1,1,1,0.61774486
1,0,0,0.4283647
1,0,0,0.33584657
1,1,0,0.47486576
1,0,0,0.3281584
1,1,1,0.6055142
1,0,1,0.6191211
1,0,1,0.6185238
1,1,1,0.5681488
1,1,0,0.45079064
1,0,0,0.18595167
1,1,1,0.70047903
1,0,0,0.45763487
1,0,1,0.63367194
1,0,0,0.35470185
1,1,0,0.34300423
1,0,1,0.6716695
1,1,1,0.8172254
1,0,1,0.67256373
1,0,0,0.25452673
1,0,1,0.6168139
1,0,1,0.53441775
1,1,1,0.59182185
1,0,0,0.4335597
1,1,1,0.53868616
1,0,1,0.6550305
1,0,0,0.06517684
1,1,1,0.8143443
1,1,1,0.5312129
1,1,1,0.9166897
1,1,1,0.612837
1,1,1,0.6646116
1,0,1,0.6113593
1,0,0,0.19408178
1,0,1,0.67723453
1,1,1,0.5320055
1,1,0,0.48181203
1,0,0,0.49833485
1,0,1,0.6579379
1,1,1,0.64369327
1,0,0,0.27020225
1,0,0,0.27397853
1,0,1,0.6225835
1,1,0,0.48493946
1,0,0,0.286749
1,1,1,0.6694694
1,1,0,0.3923071
1,1,1,0.9068733
1,1,1,0.6814214
1,0,1,0.73849994
1,1,0,0.4402376
1,1,1,0.6701894
1,0,0,0.29722902
1,1,1,0.55062765
1,1,1,0.70410293
1,1,1,0.72253376
1,0,0,0.34826675
1,0,0,0.47943053
1,1,1,0.57373667
1,0,1,0.68119866
1,1,0,0.42531642
1,0,1,0.6311136
1,0,1,0.6729754
1,0,1,0.70246357
1,0,0,0.46864924
1,0,1,0.56336915
1,1,1,0.8147924
1,1,1,0.5385467
1,1,1,0.5672148
1,1,1,0.53591865
1,0,0,0.41468996
1,0,1,0.57607317
1,0,1,0.6408304
1,0,0,0.47025582
1,0,1,0.5577697
1,1,1,0.62902564
1,1,1,0.5682527
1,1,1,0.7372766
1,1,0,0.48896962
1,0,0,0.38678986
1,0,0,0.2141212
1,0,1,0.5638872
1,0,1,0.6513555
1,1,1,0.9110028
1,0,1,0.62330204
1,1,1,0.7616912
1,0,1,0.77463347
1,1,1,0.65966284
1,1,0,0.38572076
1,0,1,0.5276227
1,0,0,0.2915091
1,0,0,0.39788064
1,1,1,0.56475645
1,0,0,0.39061588
1,0,0,0.4854281
1,0,1,0.7505749
1,1,1,0.6541744
1,1,1,0.6583373
1,0,0,0.17993374
1,1,1,0.85502565
1,0,0,0.49567094
1,0,0,0.34079576
1,1,1,0.6386481
1,0,0,0.4772361
1,0,0,0.43967864
1,1,1,0.5487619
1,1,1,0.65581316
1,1,1,0.5148425
1,1,0,0.44592077
1,0,0,0.2896317
1,0,1,0.658463
1,0,0,0.15959717
1,0,1,0.51238495
1,1,1,0.69159716
1,1,1,0.5900634
1,0,1,0.78244555
1,0,0,0.21848714
1,1,1,0.7252498
1,1,1,0.6270816
1,0,0,0.37423772
1,1,1,0.6095745
1,1,1,0.6676394
1,0,0,0.27416122
1,0,1,0.6200943
1,1,1,0.8365335
1,1,0,0.3736013
1,0,0,0.47443423
1,0,1,0.6487812
1,1,0,0.43960214
1,0,0,0.40437236
1,0,0,0.23136649
1,1,1,0.6164573
1,0,0,0.4573833
1,0,0,0.28245044
1,1,1,0.5907519
1,0,0,0.24767374
1,1,1,0.55507505
1,1,1,0.54289037
1,0,1,0.8086772
1,0,1,0.6390642
1,1,1,0.5241591
1,1,0,0.4064739
1,0,0,0.2091434
1,1,1,0.69391614
1,0,0,0.29646567
1,1,1,0.53108644
1,0,0,0.49072134
1,0,1,0.72296786
1,0,1,0.70178974
1,0,1,0.6413224
1,0,0,0.25523296
1,1,1,0.7403116
1,1,1,0.70652145
1,1,1,0.94703597
1,1,1,0.54363203
1,1,1,0.8341
1,0,0,0.43198803
1,1,1,0.6823583
1,0,0,0.31279227
1,0,1,0.77154857
1,1,1,0.51617557
1,0,1,0.53800756
1,0,0,0.37450612
1,0,1,0.6986289
1,0,0,0.31468824
1,1,1,0.91384983
1,0,0,0.4942332
1,1,0,0.35634878
1,1,1,0.6711938
1,0,0,0.47117382
1,1,1,0.7265936
1,0,1,0.61771566
1,0,0,0.49085674
1,1,1,0.6165544
1,0,1,0.5658197
1,0,1,0.6258487
1,0,0,0.38621297
1,0,1,0.7099511
1,0,0,0.25292304
1,1,1,0.697018
1,0,1,0.6768963
1,0,1,0.69246554
1,1,1,0.71770453
1,1,1,0.6439205
1,1,1,0.7738711
1,1,1,0.93724406
1,0,1,0.67027926
1,1,1,0.7025096
1,1,1,0.83808714
1,1,1,0.7427357
1,0,0,0.47076824
1,0,0,0.4263359
1,1,1,0.7871502
1,1,1,0.87356603
1,1,1,0.7943288
1,0,1,0.71616256
1,0,1,0.71899414
1,1,1,0.58330077
1,0,1,0.6243392
1,0,1,0.56685185
1,1,1,0.5706159
1,1,1,0.8410357
1,1,1,0.77788574
1,1,1,0.8127463
1,1,1,0.7276433
1,1,1,0.70275676
1,1,1,0.77771354
1,0,1,0.5041657
1,1,0,0.2814956
1,1,1,0.8785843
1,0,1,0.6318447
1,1,1,0.9405075
1,1,1,0.6420488
1,1,1,0.6423172
1,1,1,0.7000456
1,0,1,0.5896415
1,0,1,0.67479134
1,1,1,0.75720394
1,0,1,0.60813904
1,0,1,0.60081786
1,0,1,0.50107515
1,0,1,0.6046041
1,1,1,0.6310706
1,0,0,0.4575605
1,1,1,0.80770767
1,1,1,0.80017614
1,0,1,0.63077325
1,1,1,0.5807312
1,1,1,0.5864121
1,1,1,0.6321283
1,0,0,0.44266042
1,1,1,0.7890014
1,0,1,0.6297237
1,0,0,0.3560785
1,0,0,0.43975952
1,0,0,0.44316858
1,0,0,0.2192111
1,0,1,0.5287916
1,0,0,0.14508268
1,1,1,0.86985874
1,1,1,0.69790876
1,1,1,0.5391681
1,1,1,0.51464075
1,0,0,0.20300825
1,0,1,0.60270584
1,1,1,0.5906423
1,1,1,0.55832195
1,1,1,0.5939923
1,1,1,0.69764173
1,0,1,0.72678745
1,1,1,0.673261
1,0,0,0.080321744
1,0,0,0.3755555
1,1,1,0.7458067
1,1,0,0.35440695
1,1,1,0.55114484
1,1,1,0.81020314
1,1,1,0.7613084
1,1,1,0.81334424
1,0,0,0.33597538
1,1,1,0.5283625
1,0,0,0.1925821
1,0,0,0.40606564
1,0,0,0.14938617
1,1,1,0.8399287
1,0,0,0.47962248
1,0,1,0.5978463
1,0,1,0.5332069
1,1,1,0.688662
1,0,1,0.74614924
1,0,0,0.125746
1,0,0,0.22745813
1,1,1,0.86539
1,0,0,0.39978963
1,1,0,0.47223958
1,1,1,0.8151483
1,0,0,0.2637722
1,1,0,0.38582763
1,0,0,0.36723137
1,1,1,0.8676845
1,0,0,0.4017147
1,1,0,0.38883558
1,1,1,0.65584815
1,0,0,0.26735148
1,1,1,0.853653
1,0,0,0.41016522
1,1,1,0.5217521
1,0,0,0.47222638
1,1,1,0.54757655
1,0,1,0.63147753
1,0,0,0.46331698
1,1,0,0.4059048
1,0,1,0.78610456
1,0,1,0.5186293
1,0,1,0.5868606
1,1,1,0.7766164
1,1,1,0.5176627
1,0,0,0.4785526
1,1,1,0.50262725
1,0,1,0.63478035
1,0,0,0.48148498
1,1,1,0.578333
1,0,1,0.55462986
1,1,0,0.3627959
1,1,1,0.68238753
1,1,1,0.63143766
1,1,1,0.63749
1,1,0,0.42559224
1,0,1,0.5591707
1,1,1,0.9160379
1,1,1,0.86696863
1,1,1,0.60681444
1,0,0,0.40413892
1,0,1,0.6916879
1,1,1,0.75644547
1,1,1,0.8891628
1,0,1,0.5264797
1,0,1,0.5565337
1,1,1,0.64873284
1,0,0,0.4666168
1,1,0,0.4564509
1,1,1,0.6026673
1,0,1,0.7763321
1,1,1,0.73210865
1,0,0,0.45813665
1,0,1,0.5758674
1,1,1,0.7194074
1,1,1,0.53179336
1,1,1,0.6826148
1,0,1,0.51755184
1,0,0,0.22745636
1,1,1,0.66778
1,0,1,0.5428676
1,1,1,0.755531
1,1,1,0.7160285
1,0,0,0.17490238
1,0,0,0.4581653
1,1,1,0.5197987
1,0,1,0.5217352
1,0,0,0.4318707
1,0,0,0.24421978
1,1,0,0.4007298
1,0,1,0.89773583
1,0,1,0.6205252
1,1,1,0.8320621
1,1,1,0.72004884
1,0,1,0.51389486
1,0,1,0.5793154
1,1,1,0.8107642
1,0,0,0.28610593
1,1,1,0.8012642
1,0,1,0.5989297
1,1,1,0.8545205
1,0,1,0.730774
1,0,0,0.27526063
1,0,0,0.21817398
1,0,1,0.67778933
1,1,1,0.7866738
1,0,0,0.28115737
1,0,0,0.44111875
1,0,0,0.4898764
1,1,1,0.77745855
1,1,1,0.7928428
1,1,1,0.86151814
1,1,1,0.8344412
1,1,1,0.87180036
1,1,1,0.9034695
1,0,1,0.57807136
1,1,1,0.8314532
1,0,1,0.5381005
1,1,1,0.6972288
1,1,1,0.590609
1,0,1,0.5958595
1,1,1,0.5392989
1,0,0,0.30461693
1,0,0,0.24663454
1,1,1,0.74955004
1,0,1,0.57566184
1,0,1,0.6317016
1,1,1,0.7851291
1,1,1,0.8379958
1,0,0,0.22710782
1,1,1,0.62224466
1,1,0,0.2900508
1,0,0,0.14659573
1,0,1,0.6167616
1,1,1,0.7343
1,0,0,0.31107673
1,0,0,0.3066759
1,0,1,0.50078213
1,1,0,0.37399694
1,1,1,0.6593626
1,1,1,0.7110608
1,0,0,0.39843366
1,1,1,0.5116998
1,0,0,0.33610526
1,1,0,0.3291102
1,1,0,0.4457296
1,1,1,0.61452705
1,1,0,0.3765588
1,1,1,0.60646963
1,0,1,0.5508482
1,1,0,0.39012182
1,1,0,0.47120163
1,1,0,0.34977606
1,1,0,0.44810906
1,0,0,0.1748658
1,0,0,0.43856898
1,0,0,0.21140824
1,0,0,0.2734883
1,0,0,0.06979073
1,0,0,0.28601897
1,0,0,0.20101236
1,1,0,0.42778245
1,0,0,0.17560159
1,0,0,0.09160028
1,0,0,0.06444241
1,1,0,0.40820175
1,1,0,0.4567386
1,0,0,0.3450874
1,0,0,0.4062167
1,1,0,0.4610678
1,1,0,0.42627007
1,0,0,0.39298555
1,0,0,0.17152157
1,1,0,0.37981707
1,0,0,0.08340472
1,1,0,0.30184153
1,0,0,0.18070228
1,1,1,0.6064301
1,1,0,0.3004338
1,0,1,0.57506526
1,0,0,0.20903856
1,0,0,0.17058486
1,0,0,0.10197866
1,0,0,0.4414968
1,0,1,0.5499595
1,0,0,0.19958079
1,0,0,0.4831607
1,0,0,0.32771724
1,0,0,0.38904715
1,1,0,0.44888625
1,1,1,0.74357074
1,1,1,0.6896888
1,1,0,0.35080326
1,1,1,0.553619
1,1,1,0.6630453
1,1,0,0.089055374
1,1,1,0.57406104
1,1,1,0.77258825
1,1,1,0.7954232
1,1,1,0.69251186
1,0,0,0.2721185
1,1,0,0.42703047
1,0,1,0.67056525
1,1,1,0.7838185
1,1,1,0.6954684
1,1,1,0.609892
1,1,1,0.7076303
1,0,0,0.4289269
1,1,1,0.76246375
1,0,0,0.47300664
1,0,1,0.74920326
1,0,1,0.70278645
1,1,0,0.3285382
1,1,1,0.673109
1,0,0,0.3543918
1,0,0,0.46199298
1,0,0,0.28580397
1,0,0,0.28153208
1,0,0,0.46168014
1,0,1,0.5134816
1,1,1,0.8486522
1,1,1,0.7532474
1,0,1,0.5795834
1,0,1,0.67376316
1,0,1,0.64751136
1,0,0,0.2851427
1,1,1,0.806471
1,1,1,0.69498366
1,1,0,0.27821958
1,0,1,0.53633076
1,0,1,0.65070313
1,1,1,0.631717
1,0,0,0.44904348
1,1,0,0.42491412
1,0,1,0.6516669
1,1,1,0.603621
1,0,1,0.6981659
1,1,1,0.6046199
1,1,1,0.58235794
1,0,1,0.7893161
1,1,1,0.5235107
1,0,1,0.7058615
1,1,1,0.7525443
1,0,1,0.6438091
1,0,0,0.46698576
1,0,0,0.3405697
1,1,1,0.7719556
1,1,1,0.69054466
1,0,1,0.58577234
1,0,0,0.43643117
1,1,1,0.6248468
1,1,0,0.3932803
1,0,1,0.54337
1,0,0,0.49980304
1,1,1,0.7026766
1,1,1,0.54973185
1,0,1,0.5613113
1,0,0,0.29447734
1,1,1,0.5305615
1,0,0,0.19743115
1,1,1,0.8166087
1,0,1,0.7761662
1,0,1,0.6497814
1,0,0,0.45966777
1,0,1,0.70071787
1,1,1,0.6833981
1,1,1,0.6913991
1,0,1,0.5533206
1,1,1,0.7593089
1,1,1,0.8492209
1,1,1,0.5441266
1,1,1,0.5090678
1,0,1,0.5253717
1,0,1,0.6411296
1,0,1,0.6139849
1,1,0,0.484224
1,1,0,0.2022682
1,0,1,0.51168853
1,0,0,0.47844556
1,1,1,0.6398953
1,1,1,0.7957736
1,1,0,0.499455
1,0,0,0.25308177
1,0,0,0.2518056
1,1,1,0.57666236
1,1,1,0.69017196
1,0,1,0.59947795
1,0,0,0.4063603
1,1,1,0.66581285
1,1,0,0.3703164
1,1,0,0.46961692
1,0,1,0.708626
1,0,0,0.18752599
1,0,1,0.5610913
1,0,0,0.4253382
1,0,1,0.6816879
1,0,0,0.24866968
1,1,1,0.7107712
1,0,0,0.14434507
1,0,0,0.23129857
1,1,1,0.78433186
1,0,0,0.0994322
1,0,1,0.5666845
1,1,0,0.39105955
1,1,1,0.6772889
1,1,0,0.14648572
1,1,1,0.683287
1,0,0,0.3418538
1,1,0,0.285051
1,1,0,0.48699704
1,0,1,0.66468436
1,0,0,0.41598752
1,1,0,0.29431266
1,1,0,0.3704206
1,0,1,0.6699958
1,0,0,0.32334554
1,0,1,0.70984507
1,0,0,0.13271111
1,1,0,0.36962685
1,0,1,0.6198948
1,0,0,0.41711724
1,0,1,0.52479094
1,0,0,0.44124255
1,1,1,0.6984935
1,0,0,0.44924662
1,1,0,0.25054437
1,0,0,0.1589518
1,0,0,0.085906185
1,1,0,0.39473745
1,0,0,0.39171034
1,1,1,0.5687864
1,1,1,0.56269747
1,0,0,0.4180738
1,0,0,0.17210974
1,0,0,0.12821907
1,1,1,0.7755563
1,1,1,0.74064046
1,0,1,0.67049044
1,0,1,0.57433605
1,0,0,0.39859787
1,1,1,0.6559158
1,0,0,0.20908527
1,1,1,0.5094132
1,1,1,0.5011738
1,1,1,0.7541725
1,0,1,0.79283214
1,0,0,0.32820702
1,1,0,0.48137817
1,0,0,0.22031382
1,1,1,0.5462142
1,0,1,0.6788588
1,1,1,0.6987096
1,1,1,0.6168208
1,1,1,0.77108634
1,0,1,0.7345837
1,0,1,0.54628915
1,0,1,0.6013292
1,1,1,0.57343036
1,1,0,0.25923035
1,1,0,0.3736499
1,0,1,0.59917784
1,0,1,0.6681778
1,1,0,0.3411117
1,0,1,0.5565186
1,0,0,0.4488698
1,1,0,0.31400526
1,1,1,0.62798285
1,0,0,0.14487864
1,1,0,0.45543283
1,0,1,0.85526294
1,0,0,0.20583516
1,1,0,0.2858319
1,1,1,0.77473956
1,0,0,0.45608196
1,1,1,0.5937526
1,1,0,0.4137028
1,1,1,0.68310726
1,0,1,0.78663397
1,0,0,0.41873774
1,0,1,0.7272201
1,0,0,0.4415904
1,1,1,0.8748904
1,0,1,0.59778124
1,0,1,0.69404405
1,0,1,0.56636214
1,0,0,0.4085834
1,0,1,0.6817648
1,1,1,0.54487956
1,1,1,0.7043476
1,1,1,0.6897883
1,1,1,0.5955929
1,1,1,0.76564354
1,1,1,0.7166855
1,0,1,0.5960714
1,1,0,0.31178337
1,1,1,0.62150323
1,0,0,0.40033588
1,0,0,0.48539633
1,0,1,0.5943741
1,1,1,0.79827094
1,0,0,0.30882898
1,0,0,0.4747427
1,1,0,0.30297711
1,1,1,0.60068434
1,0,0,0.47654518
1,1,1,0.621064
1,0,0,0.27029467
1,1,1,0.5290803
1,1,1,0.5881444
1,0,0,0.4961619
1,1,0,0.40422937
1,0,1,0.50123227
1,0,0,0.3088453
1,0,1,0.51735115
1,1,0,0.18721353
1,0,1,0.55085474
1,0,0,0.22608663
1,0,0,0.22708055
1,0,1,0.60679364
1,1,1,0.635341
1,1,1,0.5297056
1,1,0,0.3741861
1,1,1,0.560233
1,1,0,0.4105859
1,0,0,0.49088314
1,0,1,0.51355326
1,0,0,0.37604165
1,0,0,0.11802334
1,0,0,0.34149674
1,1,1,0.59564185
1,1,1,0.61020917
1,1,0,0.4159914
1,0,0,0.45365673
1,0,1,0.63119256
1,0,0,0.42847586
1,0,1,0.5154095
1,1,1,0.71941674
1,1,0,0.23130521
1,1,1,0.6609531
1,1,0,0.18646087
1,1,0,0.19948533
1,0,0,0.28736576
1,0,0,0.12202575
1,0,0,0.37518105
1,0,1,0.5641401
1,1,0,0.3759269
1,1,1,0.6000703
1,1,0,0.29048476
1,0,1,0.5128112
1,0,0,0.38322014
1,0,1,0.5899698
1,0,0,0.44139782
1,1,0,0.49019152
1,0,1,0.68302494
1,0,0,0.43189123
1,0,0,0.28909332
1,1,1,0.7340983
1,1,0,0.46851742
1,0,0,0.27323502
1,1,1,0.53903353
1,0,0,0.16270104
1,0,0,0.3454038
1,0,0,0.16053988
1,0,1,0.71310383
1,1,0,0.3939573
1,0,0,0.4915997
1,1,1,0.5025483
1,1,0,0.34253147
1,0,1,0.65411305
1,0,0,0.32339063
1,1,1,0.57423055
1,1,1,0.6308483
1,1,1,0.626365
1,0,0,0.46335882
1,0,1,0.58430964
1,1,1,0.6303775
1,0,0,0.4435545
1,1,1,0.67477787
1,0,1,0.69909734
1,0,1,0.60826266
1,1,0,0.4180527
1,0,0,0.3949074
1,0,1,0.6786802
1,0,1,0.62987745
1,0,1,0.5654862
1,1,0,0.44250938
1,0,1,0.654376
1,1,0,0.42114562
1,0,1,0.57648087
1,1,1,0.631928
1,1,0,0.35337403
1,0,0,0.4947796
1,0,0,0.20138124
1,1,0,0.35571483
1,1,1,0.5384592
1,1,1,0.5028275
1,0,0,0.36246088
1,0,1,0.58433104
1,1,1,0.6297832
1,0,0,0.34021854
1,1,1,0.7564778
1,1,1,0.6369783
1,1,1,0.7676227
1,0,0,0.32308096
1,0,1,0.5923094
1,1,1,0.75089025
1,0,0,0.40664852
1,1,1,0.5437417
1,0,0,0.28289494
1,0,1,0.72971
1,1,0,0.48579296
1,1,0,0.4832483
1,1,0,0.42439118
1,1,1,0.5094376
1,1,1,0.7345109
1,0,0,0.22511902
1,0,0,0.27467722
1,1,1,0.6553475
1,0,0,0.47130594
1,1,1,0.7420464
1,0,1,0.63044715
1,1,1,0.8627674
1,0,1,0.6036296
1,0,1,0.60485715
1,1,1,0.8577237
1,1,1,0.5000903
1,1,0,0.4916185
1,0,0,0.34929603
1,0,0,0.2635863
1,1,1,0.8124976
1,1,0,0.4132211
1,0,1,0.5934147
1,0,0,0.37126303
1,1,1,0.89149314
1,1,1,0.8913995
1,1,1,0.8174199
1,1,1,0.5407241
1,0,1,0.5959858
1,0,1,0.7142393
1,0,0,0.09591103
1,1,1,0.76904136
1,0,0,0.21090971
1,1,0,0.45014244
1,0,1,0.9199181
1,0,0,0.45784515
1,0,1,0.53083575
1,0,1,0.69559455
1,0,1,0.5296052
1,1,1,0.6952208
1,1,1,0.6003035
1,0,0,0.33786395
1,0,1,0.6575085
1,1,1,0.5138605
1,0,1,0.6199228
1,0,0,0.402065
1,1,0,0.4491329
1,0,1,0.57440734
1,1,1,0.8188926
1,0,0,0.37368622
1,1,1,0.61029714
1,1,1,0.66319203
1,1,1,0.72194993
1,0,1,0.750271
1,1,1,0.70237154
1,1,1,0.6364552
1,0,1,0.5123657
1,0,1,0.63713175
1,0,0,0.26628572
1,0,1,0.5430988
1,0,0,0.2651579
1,0,0,0.28891033
1,1,0,0.31268498
1,1,0,0.46629438
1,1,1,0.9685958
1,1,1,0.86837125
1,0,0,0.48709285
1,0,1,0.8755184
1,0,1,0.6311203
1,1,1,0.756743
1,1,1,0.53270894
1,1,1,0.83892506
1,0,1,0.6553819
1,0,1,0.57550216
1,1,1,0.73967135
1,1,1,0.8617104
1,0,0,0.44211552
1,0,1,0.62460876
1,1,1,0.82933295
1,0,1,0.83968216
1,1,1,0.8076441
1,1,1,0.7702736
1,1,1,0.5347478
1,0,1,0.6216589
1,1,1,0.6863431
1,1,1,0.78794116
1,0,0,0.40814278
1,1,1,0.6868911
1,0,0,0.49133578
1,1,1,0.55036527
1,1,1,0.68885356
1,0,1,0.72274816
1,0,1,0.7739052
1,0,0,0.16042535
1,1,1,0.54206896
1,0,1,0.65852016
1,0,1,0.52131677
1,0,0,0.22783615
1,1,1,0.70354027
1,0,1,0.53038114
1,0,1,0.57966065
1,0,0,0.112457626
1,0,0,0.44690782
1,0,1,0.64091456
1,0,1,0.72175974
1,0,1,0.6162446
1,1,1,0.66484606
1,1,0,0.48488122
1,0,1,0.7220742
1,0,0,0.4958452
1,1,1,0.7641472
1,1,1,0.7211354
1,1,1,0.5200295
1,1,1,0.5376711
1,1,1,0.66155607
1,0,0,0.3643681
1,1,1,0.5693267
1,0,0,0.24743544
1,0,0,0.32856807
1,1,0,0.4840388
1,1,0,0.40219322
1,1,0,0.42024195
1,0,0,0.3867564
1,1,1,0.60734785
1,1,0,0.471636
1,0,1,0.5000993
1,0,0,0.31352144
1,1,1,0.7743935
1,1,1,0.6717279
1,1,0,0.3616699
1,0,1,0.50187683
1,1,1,0.790622
1,1,1,0.67508304
1,0,1,0.7202548
1,1,1,0.55296534
1,0,0,0.30669817
1,0,1,0.6588069
1,1,0,0.30203113
1,0,1,0.5693744
1,1,1,0.8622026
1,1,1,0.8120223
1,1,1,0.7876029
1,0,0,0.44034138
1,1,1,0.6732778
1,1,1,0.65621984
1,1,1,0.66472554
1,1,1,0.7146661
1,0,1,0.5388797
1,0,1,0.672969
1,0,0,0.3329416
1,0,0,0.4888268
1,0,1,0.8017555
1,0,1,0.68252516
1,1,1,0.6538991
1,0,0,0.27531666
1,1,1,0.7567469
1,1,0,0.46403688
1,1,1,0.8630298
1,0,0,0.37537837
1,0,1,0.66532534
1,1,1,0.68141186
1,0,0,0.26926866
1,1,1,0.6648957
1,0,0,0.49539086
1,1,1,0.7370806
1,1,1,0.667289
1,0,0,0.19673622
1,1,1,0.67856383
1,1,1,0.6181529
1,0,0,0.39834973
1,0,1,0.56285655
1,1,1,0.66800404
1,0,1,0.5453944
1,0,1,0.6025005
1,0,1,0.7535326
1,1,1,0.79292643
1,1,0,0.39647272
1,1,0,0.44800758
1,0,0,0.30840364
1,0,1,0.5804348
1,0,0,0.329269
1,1,1,0.6640484
1,0,1,0.5567805
1,0,0,0.45300215
1,0,0,0.07882493
1,0,0,0.354989
1,1,1,0.6941168
1,1,1,0.6778212
1,1,0,0.25322625
1,0,0,0.44991577
1,0,0,0.47008622
1,0,1,0.50955874
1,1,0,0.4340349
1,1,0,0.4194178
1,0,0,0.24276266
1,0,0,0.28512576
1,1,0,0.4885119
1,0,0,0.20630054
1,0,1,0.5346896
1,1,0,0.473876
1,1,1,0.7878989
1,0,0,0.19452593
1,0,1,0.54875684
1,0,0,0.06598928
1,1,1,0.5642613
1,0,0,0.2298781
1,1,1,0.6348663
1,0,1,0.63246953
1,0,0,0.32928818
1,0,1,0.7278532
1,0,0,0.10603437
1,0,0,0.31319508
1,0,1,0.5080185
1,1,0,0.35742497
1,0,0,0.119573645
1,0,0,0.42784336
1,0,0,0.48203206
1,1,1,0.75556886
1,1,1,0.79227436
1,0,0,0.45259738
1,0,0,0.38171577
1,1,1,0.63474065
1,0,0,0.32039845
1,0,0,0.3795473
1,1,1,0.84096676
1,1,1,0.6126926
1,1,1,0.8874412
1,0,1,0.5753399
1,1,1,0.65205187
1,1,1,0.51146847
1,1,1,0.6288212
1,1,1,0.57284576
1,0,0,0.39762926
1,0,1,0.53889894
1,0,1,0.6121709
1,0,1,0.6279783
1,1,1,0.51238465
1,0,1,0.5437561
1,0,0,0.20632492
1,1,1,0.746751
1,1,1,0.7770791
1,0,1,0.62876517
1,1,1,0.58989894
1,0,1,0.76482296
1,0,1,0.6713817
1,1,0,0.29103044
1,0,1,0.60408336
1,0,1,0.6563625
1,0,1,0.552532
1,1,0,0.36430892
1,0,1,0.51819986
1,1,1,0.8550109
1,1,1,0.7843864
1,1,1,0.82056063
1,0,1,0.67509735
1,0,1,0.74678475
1,1,1,0.57131046
1,0,1,0.6424734
1,0,1,0.70702636
1,1,1,0.70437855
1,0,0,0.42189488
1,1,1,0.8821051
1,1,1,0.8271041
1,0,0,0.4083486
1,0,1,0.86797774
1,0,0,0.2694316
1,1,1,0.8738972
1,0,0,0.4025345
1,1,1,0.6248317
1,0,0,0.28022188
1,1,1,0.64067715
1,0,0,0.36338422
1,1,1,0.7568428
1,0,1,0.51908576
1,1,1,0.5468363
1,1,1,0.66097873
1,0,1,0.76076376
1,1,1,0.7041912
1,0,1,0.7071733
1,1,1,0.69401324
1,0,1,0.7691796
1,0,0,0.4952457
1,1,1,0.5499949
1,1,1,0.61304545
1,0,1,0.56280816
1,0,1,0.5300486
1,0,0,0.27356794
1,1,0,0.38534608
1,0,1,0.63964885
1,1,1,0.78440195
1,1,1,0.78631294
1,1,1,0.567708
1,0,0,0.4214617
1,0,0,0.30345714
1,0,0,0.42381147
1,1,1,0.68358
1,1,1,0.77814955
1,1,1,0.5706261
1,0,0,0.47145122
1,0,1,0.66689634
1,1,1,0.8009394
1,1,1,0.7370833
1,0,1,0.7480639
1,0,1,0.6719741
1,1,1,0.6118259
1,0,1,0.71213317
1,0,1,0.55750203
1,0,1,0.8102772
1,1,1,0.54900926
1,1,0,0.4559753
1,1,0,0.35899076
1,0,0,0.4296523
1,0,1,0.53552985
1,0,0,0.28513238
1,0,1,0.5394896
1,1,0,0.45687303
1,0,0,0.41110265
1,1,0,0.42281246
1,1,1,0.77935195
1,0,0,0.43090004
1,0,0,0.4792835
1,0,0,0.32720032
1,1,1,0.69474924
1,1,1,0.65451723
1,0,1,0.5141361
1,1,1,0.7147076
1,0,0,0.08699217
1,0,1,0.6989515
1,0,1,0.5245404
1,0,1,0.5308771
1,1,1,0.7053733
1,0,0,0.4682442
1,0,1,0.6212094
1,1,1,0.7167947
1,1,1,0.705136
1,0,1,0.5541644
1,0,0,0.41860116
1,1,1,0.67690605
1,1,1,0.7709697
1,1,1,0.77084017
1,0,1,0.53460246
1,0,1,0.64858615
1,1,1,0.66894853
1,0,0,0.46742767
1,0,0,0.27593112
1,1,0,0.21107256
1,0,0,0.43092784
1,1,1,0.7272055
1,0,0,0.31677583
1,1,1,0.7746007
1,1,1,0.57046354
1,0,0,0.13077803
1,0,0,0.3025955
1,0,0,0.2956807
1,0,0,0.38815823
1,1,1,0.81671435
1,1,1,0.51053363
1,0,0,0.38809544
1,0,0,0.43005538
1,0,1,0.57553726
1,1,1,0.65530473
1,1,1,0.6601139
1,1,1,0.7855586
1,0,0,0.19797336
1,0,0,0.4954906
1,0,1,0.6496798
1,1,1,0.5844244
1,0,0,0.46721485
1,0,0,0.371024
1,0,1,0.5637889
1,1,1,0.5872055
1,1,1,0.8492209
1,1,1,0.5441266
1,1,1,0.5090678
1,0,1,0.5253717
1,0,1,0.6411296
1,0,1,0.6139849
1,1,0,0.484224
1,1,0,0.2022682
1,0,1,0.51168853
1,0,0,0.47844556
1,1,1,0.6398953
1,1,1,0.787908
1,0,1,0.5027748
1,1,1,0.6159795
1,1,1,0.5587656
1,1,1,0.8525415
1,0,0,0.3338276
1,0,1,0.8126459
1,0,1,0.61406124
1,0,0,0.44997966
1,0,0,0.4975837
1,1,1,0.744891
1,1,1,0.70328623
1,0,1,0.6667178
1,1,1,0.5907254
1,1,1,0.56686044
1,1,1,0.7925508
1,0,1,0.64089906
1,1,1,0.72997177
1,0,0,0.48455098
1,0,0,0.38553295
1,0,0,0.33616096
1,0,1,0.51237136
1,1,1,0.5919266
1,1,1,0.7024704
1,0,0,0.22757316
1,1,1,0.7380073
1,1,1,0.8350387
1,1,1,0.6485375
1,1,0,0.48719728
1,0,1,0.5035812
1,0,1,0.59007406
1,0,0,0.43396604
1,0,0,0.46574426
1,1,0,0.23654874
1,1,1,0.64025956
1,0,1,0.5709297
1,1,0,0.4607183
1,0,1,0.5073768
1,0,1,0.5766096
1,0,0,0.09161764
1,1,1,0.6947356
1,1,0,0.49313527
1,0,1,0.53213054
1,0,1,0.5313538
1,1,1,0.5295043
1,0,1,0.6813557
1,0,1,0.845271
1,1,1,0.6679429
1,0,1,0.60216326
1,1,1,0.72404754
1,1,1,0.6072946
1,1,1,0.509597
1,0,1,0.52664685
1,0,0,0.3273991
1,0,0,0.41378075
1,0,0,0.49087897
1,0,1,0.6342733
1,1,1,0.7997615
1,1,1,0.68468654
1,1,1,0.75779164
1,0,1,0.5574655
1,1,0,0.45594534
1,0,1,0.65697277
1,0,0,0.29829836
1,0,1,0.6502539
1,1,1,0.861934
1,0,0,0.388412
1,1,1,0.69631046
1,1,1,0.58761334
1,1,1,0.5735651
1,0,0,0.4568948
1,0,1,0.61962485
1,0,1,0.7315521
1,1,1,0.87099415
1,1,1,0.82871157
1,0,1,0.62891126
1,1,0,0.44275162
1,1,1,0.632734
1,0,0,0.33577397
1,1,0,0.405798
1,0,0,0.12682079
1,0,1,0.608626
1,0,1,0.6538877
1,0,1,0.7440835
1,1,1,0.7251753
1,1,1,0.6069013
1,1,1,0.6770471
1,1,1,0.57844913
1,0,1,0.5293295
1,0,1,0.66727126
1,1,1,0.5863013
1,0,0,0.4287388
1,1,1,0.64077437
1,0,1,0.720276
1,0,1,0.5374626
1,0,1,0.62470526
1,0,1,0.84217364
1,0,1,0.68254125
1,0,1,0.5517688
1,1,1,0.6292568
1,1,1,0.71479595
1,0,0,0.40972424
1,1,0,0.49929202
1,1,1,0.63354135
1,1,1,0.80225515
1,0,1,0.65423155
1,0,1,0.65628034
1,0,1,0.65299594
1,1,1,0.84009033
1,1,1,0.7023826
1,0,1,0.81869936
1,1,0,0.46275157
1,0,1,0.77486956
1,0,0,0.15209298
1,1,1,0.7729361
1,0,1,0.5921302
1,1,0,0.23801196
1,1,0,0.3646781
1,1,1,0.6993369
1,0,0,0.24548742
1,0,0,0.2265916
1,1,1,0.5935052
1,0,0,0.30454
1,1,0,0.4870395
1,0,1,0.57217306
1,1,1,0.92190945
1,1,1,0.7002534
1,0,1,0.6285504
1,1,1,0.75939715
1,1,1,0.82266015
1,0,0,0.27267727
1,1,1,0.6970273
1,0,1,0.5369972
1,0,0,0.1742997
1,1,1,0.7522352
1,1,1,0.7188667
1,1,1,0.6254758
1,0,1,0.64317614
1,0,1,0.7678329
1,0,0,0.44195798
1,0,0,0.42201242
1,0,0,0.457592
1,0,0,0.4151606
1,0,0,0.13329783
1,0,1,0.73702204
1,1,1,0.74600977
1,1,1,0.5897026
1,1,1,0.5741173
1,0,1,0.64875233
1,1,0,0.4400771
1,0,0,0.2660962
1,1,0,0.38787797
1,1,0,0.3634185
1,1,1,0.7032643
1,1,1,0.72190374
1,1,0,0.4164961
1,0,1,0.672158
1,0,1,0.60527194
1,1,1,0.56917304
1,0,0,0.30048427
1,0,0,0.21991323
1,0,1,0.58170855
1,0,0,0.42135713
1,1,1,0.5233242
1,1,1,0.92152685
1,1,1,0.70110667
1,1,1,0.7248286
1,0,1,0.64106214
1,1,1,0.6689031
1,0,1,0.740101
1,0,1,0.7340032
1,0,1,0.5868428
1,1,1,0.5935615
1,1,1,0.747221
1,0,1,0.6151057
1,0,1,0.65944093
1,1,1,0.7579379
1,0,1,0.79568034
1,1,1,0.5325509
1,1,1,0.69111913
1,1,1,0.63749915
1,0,0,0.36112916
1,1,1,0.58194613
1,1,1,0.6684571
1,0,1,0.7047608
1,1,1,0.5044911
1,1,1,0.9255983
1,1,0,0.42974252
1,0,1,0.6109165
1,1,0,0.46650404
1,1,1,0.5944957
1,0,1,0.7046942
1,0,0,0.33358297
1,0,1,0.7634508
1,1,1,0.6880327
1,0,1,0.70110667
1,0,0,0.36654985
1,1,1,0.6506981
1,1,1,0.6780964
1,1,1,0.6580861
1,1,1,0.70674914
1,0,1,0.52376395
1,1,0,0.3736403
1,1,1,0.5701853
1,1,1,0.883157
1,1,1,0.67548054
1,1,1,0.7261408
1,0,0,0.47578818
1,0,1,0.75383633
1,1,1,0.68981737
1,0,0,0.4074892
1,1,1,0.6651527
1,0,1,0.74252355
1,0,1,0.5533525
1,0,0,0.21559365
1,0,1,0.5410196
1,1,1,0.9314576
1,1,1,0.6407354
1,0,0,0.47995737
1,0,1,0.84717625
1,0,1,0.6750954
1,1,1,0.7050456
1,0,1,0.664351
1,1,1,0.9185921
1,0,1,0.60073096
1,1,1,0.7110463
1,0,0,0.4828169
1,1,1,0.92603886
1,1,1,0.75495285
1,0,1,0.58919805
1,1,1,0.90099704
1,1,1,0.74916565
1,0,0,0.30054516
1,0,1,0.6952953
1,1,1,0.85328513
1,0,1,0.5860729
1,0,1,0.72790974
1,0,0,0.47562975
1,1,1,0.7073045
1,0,1,0.6604036
1,1,1,0.7343941
1,0,1,0.5633946
1,0,1,0.652275
1,1,1,0.7853554
1,0,0,0.39684123
1,1,0,0.4863478
1,0,1,0.564728
1,0,1,0.5543116
1,0,0,0.48116177
1,0,0,0.39918002
1,0,0,0.46579725
1,1,1,0.56732136
1,1,1,0.72219944
1,1,1,0.6417108
1,1,1,0.69399756
1,0,0,0.45015123
1,0,0,0.024732241
1,1,1,0.69506735
1,0,1,0.5374499
1,1,0,0.16647217
1,0,1,0.6278527
1,1,0,0.41130894
1,0,1,0.5641637
1,1,1,0.9017443
1,1,1,0.62658644
1,1,1,0.63795084
1,1,1,0.54818076
1,0,0,0.38491765
1,0,1,0.5786094
1,0,0,0.35794413
1,0,0,0.35820517
1,1,1,0.82510424
1,1,1,0.63613975
1,0,0,0.3279908
1,1,1,0.5996983
1,0,1,0.6198213
1,0,0,0.42431918
1,1,1,0.73155177
1,0,1,0.6914713
1,0,1,0.71054226
1,0,0,0.45932147
1,1,1,0.55428594
1,1,1,0.58995616
1,0,1,0.5921112
1,1,1,0.71092397
1,1,0,0.4779923
1,0,1,0.5678279
1,1,0,0.41911274
1,0,1,0.74624586
1,0,1,0.55761087
1,0,0,0.26916143
1,1,1,0.75538385
1,0,0,0.24179539
1,0,1,0.6780514
1,1,1,0.78681606
1,0,1,0.5840162
1,0,1,0.58551586
1,0,0,0.32037213
1,1,1,0.8974526
1,1,1,0.85262966
1,0,0,0.48011175
1,1,1,0.5503065
1,0,1,0.7866213
1,0,1,0.5934975
1,0,1,0.7603719
1,1,1,0.7546944
1,0,1,0.8300152
1,0,1,0.6770563
1,1,0,0.42611617
1,0,1,0.5211185
1,0,0,0.105898745
1,1,1,0.67476857
1,1,1,0.6532341
1,0,0,0.25221047
1,0,1,0.5585425
1,0,0,0.3206506
1,1,1,0.5476942
1,1,0,0.45529228
1,0,0,0.31461152
1,1,1,0.54631966
1,0,1,0.5241739
1,0,1,0.62734646
1,1,1,0.8909104
1,1,1,0.7906047
1,1,1,0.57226187
1,0,1,0.56398267
1,1,1,0.7928612
1,1,1,0.5323699
1,1,1,0.6404561
1,0,0,0.3452781
1,0,0,0.24038883
1,1,1,0.618313
1,1,1,0.66660655
1,0,1,0.5103377
1,0,0,0.15914476
1,0,0,0.33319834
1,1,1,0.6694101
1,1,1,0.5214697
1,0,0,0.39423284
1,1,1,0.7792956
1,0,0,0.24110489
1,1,0,0.46453264
1,0,0,0.37064463
1,0,0,0.4595337
1,0,1,0.5913391
1,0,0,0.39725652
1,0,0,0.45403823
1,1,1,0.77983147
1,1,1,0.72969747
1,1,0,0.27197582
1,0,1,0.6286334
1,1,0,0.330419
1,0,1,0.6772891
1,0,1,0.6563926
1,0,0,0.33417708
1,1,1,0.6013723
1,1,0,0.44000244
1,0,0,0.34465897
1,0,0,0.36957705
1,0,0,0.28925118
1,1,1,0.89963037
1,0,1,0.6713307
1,0,1,0.588914
1,0,0,0.43351623
1,1,1,0.82856095
1,0,1,0.6581406
1,0,0,0.32398072
1,0,1,0.63605505
1,0,1,0.6826977
1,1,1,0.5460722
1,1,1,0.71998286
1,1,1,0.61819625
1,1,1,0.64664596
1,1,0,0.4159406
1,1,1,0.8231049
1,1,1,0.5360591
1,0,1,0.53589004
1,0,0,0.41902757
1,0,0,0.33941525
1,1,1,0.60068357
1,1,1,0.66040975
1,0,1,0.66030174
1,0,1,0.5305373
1,1,1,0.89813596
1,1,1,0.8308433
1,0,0,0.33711338
1,0,1,0.62123924
1,0,1,0.6618866
1,1,1,0.64067435
1,0,1,0.7879625
1,1,1,0.8160224
1,0,1,0.5150867
1,1,1,0.7742575
1,1,1,0.87036
1,1,1,0.8085407
1,0,0,0.21386656
1,0,1,0.68828535
1,0,0,0.38596192
1,1,1,0.8990349
1,0,0,0.43486726
1,1,1,0.54832536
1,0,0,0.453744
1,0,1,0.66962796
1,1,1,0.6807872
1,0,0,0.39865384
1,1,0,0.35981435
1,0,1,0.67057693
1,0,0,0.2644516
1,0,0,0.35184845
1,0,1,0.5802061
1,0,0,0.49960247
1,1,1,0.61319625
1,1,0,0.39439416
1,0,0,0.44101483
1,1,0,0.29757753
1,1,1,0.5243236
1,0,0,0.14226209
1,1,1,0.8423663
1,1,1,0.7648189
1,0,0,0.1887728
1,1,1,0.6088699
1,0,0,0.31532595
1,1,1,0.6600025
1,0,1,0.60273916
1,0,0,0.2315886
1,0,0,0.42108825
1,0,0,0.44855264
1,0,0,0.24227029
1,0,0,0.117617495
1,1,1,0.6896844
1,1,1,0.73855054
1,0,0,0.35720676
1,1,1,0.76298636
1,1,1,0.6665196
1,1,1,0.7844508
1,1,1,0.78275687
1,0,1,0.5693577
1,1,0,0.46159264
1,1,0,0.4876947
1,0,0,0.33045202
1,0,1,0.54149294
1,1,1,0.5686701
1,0,0,0.49595585
1,1,1,0.55090404
1,0,1,0.51380426
1,0,0,0.4689991
1,0,1,0.60634726
1,0,1,0.6604308
1,1,1,0.7890568
1,1,1,0.79319394
1,0,0,0.3102164
1,1,1,0.69386965
1,0,1,0.6871055
1,1,1,0.6691131
1,0,1,0.54749465
1,1,1,0.524887
1,0,1,0.529488
1,1,1,0.6969162
1,1,1,0.69127053
1,1,1,0.60331976
1,1,1,0.8470629
1,0,1,0.5504264
1,0,0,0.33478907
1,1,1,0.7732405
1,0,0,0.44984233
1,1,1,0.69174063
1,0,1,0.6079164
1,1,1,0.8100455
1,1,1,0.77292275
1,0,1,0.7032802
1,1,1,0.75109494
1,1,1,0.6352006
1,0,1,0.5058308
1,0,1,0.58153236
1,0,1,0.52994376
1,1,1,0.6268826
1,1,1,0.6266583
1,0,0,0.46649274
1,1,1,0.6921716
1,0,1,0.54863
1,1,0,0.45992422
1,1,1,0.5143874
1,0,1,0.6578586
1,0,1,0.6933197
1,1,0,0.3795588
1,0,0,0.27769884
1,0,1,0.6499957
1,0,0,0.39954033
1,1,1,0.76071215
1,0,0,0.35394374
1,1,1,0.6699073
1,1,1,0.51654637
1,0,1,0.74937856
1,1,1,0.5830188
1,0,0,0.43035448
1,1,1,0.6270006
1,0,0,0.41681126
1,0,0,0.4509958
1,0,0,0.27828538
1,1,1,0.51768255
1,1,1,0.6908534
1,1,1,0.59200966
1,1,1,0.6763786
1,1,1,0.7705085
1,0,0,0.23229939
1,1,1,0.6774193
1,0,0,0.15510593
1,1,1,0.5870728
1,0,0,0.31068802
1,0,0,0.47661164
1,1,1,0.64554566
1,0,0,0.31360665
1,0,0,0.3577096
1,1,1,0.8375046
1,0,1,0.5343359
1,0,1,0.5191614
1,1,1,0.7225698
1,1,1,0.5801519
1,1,1,0.6299952
1,0,1,0.5819252
1,1,0,0.22364958
1,0,0,0.17518917
1,0,1,0.54017895
1,0,0,0.42206517
1,0,0,0.32725322
1,1,1,0.5348058
1,0,1,0.5959596
1,1,1,0.6038104
1,0,0,0.29819608
1,1,1,0.7128421
1,1,1,0.5042666
1,0,0,0.19049044
1,1,1,0.5283346
1,0,1,0.5957265
1,0,1,0.69987434
1,0,1,0.68795794
1,1,1,0.88406575
1,0,1,0.54636645
1,0,1,0.5812599
1,1,1,0.7646981
1,1,0,0.3853596
1,1,1,0.74670684
1,0,1,0.8392755
1,1,1,0.79880625
1,0,0,0.38202658
1,0,0,0.4461972
1,1,0,0.42008898
1,0,0,0.32300118
1,1,1,0.7570459
1,0,0,0.28898817
1,1,1,0.67535937
1,0,1,0.64980996
1,0,0,0.38922954
1,1,1,0.7375151
1,0,1,0.5538415
1,1,1,0.6172287
1,1,1,0.7001064
1,0,1,0.6110873
1,1,0,0.4412234
1,1,1,0.6402088
1,1,1,0.54323524
1,1,0,0.43799272
1,0,0,0.46496746
1,0,0,0.44425556
1,0,0,0.49404457
1,0,0,0.2771573
1,0,1,0.6311228
1,1,1,0.6945135
1,1,1,0.5661303
1,0,1,0.77830535
1,1,1,0.7111612
1,0,0,0.2414486
1,1,1,0.84851307
1,0,0,0.48281908
1,1,0,0.4359608
1,0,0,0.15642522
1,0,0,0.4373845
1,1,0,0.43614143
1,0,0,0.4329879
1,1,1,0.7080171
1,0,1,0.5483851
1,0,0,0.26934803
1,1,1,0.9129297
1,1,1,0.8833621
1,0,1,0.5603459
1,1,1,0.51440215
1,1,1,0.53726816
1,0,1,0.66576225
1,0,0,0.28959596
1,0,0,0.24725948
1,1,1,0.50566465
1,1,1,0.57476455
1,0,1,0.7881722
1,0,0,0.092647485
1,0,0,0.19232102
1,0,1,0.67471933
1,1,1,0.53370976
1,0,0,0.27402437
1,1,0,0.34963596
1,0,0,0.39701378
1,0,0,0.3627465
1,1,1,0.5828935
1,0,1,0.6320795
1,1,0,0.48175532
1,0,0,0.34934458
1,0,1,0.55727977
1,1,0,0.3951007
1,0,0,0.23057301
1,0,0,0.31390667
1,1,1,0.50860095
1,0,0,0.45324552
1,0,0,0.30538088
1,0,0,0.32285628
1,1,0,0.42456847
1,0,1,0.5493704
1,0,0,0.35070187
1,0,1,0.6476743
1,0,1,0.579821
1,1,1,0.61075634
1,0,1,0.5617966
1,1,0,0.4706179
1,1,1,0.6355308
1,0,1,0.56431735
1,1,1,0.6877242
1,1,1,0.7557804
1,0,1,0.76566297
1,1,0,0.41185427
1,1,1,0.833736
1,1,1,0.5650785
1,1,1,0.66029364
1,0,0,0.43770066
1,1,1,0.74966574
1,0,1,0.5218753
1,0,1,0.5772478
1,1,0,0.45592973
1,1,1,0.60145617
1,0,0,0.4628638
1,0,0,0.30716988
1,0,0,0.23733608
1,0,1,0.52584726
1,0,1,0.52528554
1,0,1,0.53194153
1,1,1,0.8495636
1,1,1,0.5712134
1,0,0,0.39467183
1,1,0,0.46539605
1,1,1,0.5342551
1,0,1,0.6653333
1,0,0,0.49481344
1,0,0,0.4362413
1,0,1,0.52029324
1,1,1,0.88131535
1,0,0,0.4640624
1,0,0,0.24366784
1,0,1,0.7784673
1,1,1,0.8775059
1,0,0,0.4364523
1,1,0,0.3781911
1,0,1,0.5838989
1,1,1,0.6360094
1,1,1,0.7133228
1,0,1,0.67715704
1,0,0,0.46209756
1,1,1,0.9312899
1,1,1,0.5833058
1,1,1,0.67926526
1,0,1,0.5938954
1,0,1,0.9090863
1,0,1,0.5123113
1,1,1,0.63358665
1,1,1,0.7181956
1,1,1,0.7797671
1,0,0,0.31264645
1,1,1,0.78970736
1,1,1,0.67913926
1,1,1,0.5504421
1,1,1,0.8076638
1,0,1,0.8450234
1,0,0,0.25882778
1,1,1,0.8131493
1,0,0,0.4836395
1,0,1,0.55974317
1,0,0,0.33084166
1,1,0,0.35525927
1,1,1,0.7222973
1,0,1,0.5220406
1,0,0,0.16144244
1,0,1,0.5885426
1,0,1,0.7279405
1,1,1,0.7608396
1,1,0,0.356621
1,0,1,0.6274227
1,0,1,0.5154854
1,1,1,0.7694912
1,0,1,0.64358044
1,0,0,0.4837273
1,0,0,0.37459606
1,1,1,0.5631898
1,0,0,0.4537194
1,1,0,0.41131717
1,0,0,0.39701378
1,0,0,0.3627465
1,1,0,0.4987055
1,1,0,0.4328288
1,1,1,0.64550126
1,0,0,0.298624
1,0,0,0.24528393
1,1,1,0.586689
1,1,1,0.8354685
1,0,1,0.77031225
1,0,0,0.4296769
1,0,1,0.5293257
1,1,1,0.6634752
1,0,1,0.622408
1,0,1,0.65393984
1,0,1,0.5558956
1,1,1,0.7864823
1,1,1,0.7814715
1,0,1,0.6049404
1,1,1,0.7510274
1,0,0,0.10878545
1,0,0,0.3990234
1,1,0,0.45885003
1,0,0,0.41377994
1,0,0,0.43522355
1,0,0,0.42054936
1,0,0,0.18970549
1,0,1,0.6416526
1,1,0,0.3976841
1,1,1,0.6321567
1,1,0,0.49439812
1,0,1,0.5716481
1,0,1,0.8242988
1,1,1,0.5596305
1,1,1,0.8045338
1,1,0,0.49043092
1,1,0,0.4891432
1,1,1,0.6288263
1,0,0,0.4346786
1,0,0,0.48061797
1,0,0,0.18723623
1,0,1,0.5319571
1,0,0,0.4306863
1,1,0,0.13200872
1,0,0,0.31048536
1,1,1,0.74965096
1,0,1,0.5289466
1,0,0,0.2588222
1,1,1,0.64904064
1,0,0,0.1669763
1,0,0,0.35614485
1,0,0,0.35114744
1,0,0,0.43046468
1,1,1,0.5510554
1,1,1,0.5866514
1,1,0,0.42462713
1,1,0,0.49475387
1,0,0,0.107528225
1,1,1,0.89494514
1,0,1,0.60959363
1,1,1,0.7269117
1,1,1,0.72082525
1,1,1,0.6707724
1,0,1,0.66426176
1,1,1,0.72468555
1,0,1,0.54822373
1,1,1,0.76759195
1,1,1,0.8675676
1,0,1,0.75568813
1,1,1,0.6455657
1,0,1,0.65027416
1,0,0,0.28319016
1,1,1,0.7324563
1,0,1,0.6550044
1,1,1,0.6384366
1,1,1,0.6206039
1,0,1,0.6489519
1,1,1,0.7130302
1,1,1,0.7114114
1,0,0,0.35871857
1,0,1,0.53971016
1,0,1,0.57131904
1,1,1,0.82949793
1,1,1,0.729848
1,1,1,0.64215446
1,1,1,0.8529109
1,0,1,0.67383367
1,0,0,0.2162735
1,0,1,0.71036655
1,0,0,0.46217737
1,0,1,0.55153066
1,1,1,0.55203444
1,0,0,0.446521
1,0,0,0.40976003
1,0,1,0.7308367
1,1,1,0.7637995
1,1,1,0.66425246
1,0,1,0.6966588
1,1,0,0.26855505
1,0,0,0.33622018
1,0,0,0.29474634
1,0,0,0.23503762
1,0,0,0.33935338
1,1,1,0.80115783
1,1,1,0.59428716
1,0,0,0.41680163
1,1,1,0.5046866
1,1,0,0.46183968
1,0,0,0.35220057
1,0,0,0.45699915
1,0,1,0.6489609
1,0,0,0.44725674
1,0,1,0.782685
1,1,1,0.6724589
1,0,0,0.43391788
1,0,1,0.6619619
1,0,1,0.6255749
1,1,1,0.6877032
1,1,0,0.20565964
1,0,0,0.38115785
1,0,1,0.599744
1,1,0,0.4048363
1,0,0,0.41413957
1,1,0,0.4816771
1,1,1,0.57980055
1,1,1,0.5299932
1,0,0,0.29667327
1,1,1,0.5123784
1,1,1,0.6514198
1,0,1,0.69507414
1,0,0,0.29115936
1,0,1,0.56265193
1,0,0,0.44920343
1,0,0,0.24730839
1,0,1,0.60205775
1,1,1,0.70686036
1,0,0,0.33914635
1,0,0,0.3156302
1,1,1,0.82691896
1,0,0,0.20628557
1,0,1,0.5278646
1,0,0,0.17108235
1,1,1,0.5917127
1,1,1,0.53738165
1,0,0,0.42726988
1,1,1,0.6247645
1,1,0,0.4868566
1,1,1,0.59484094
1,1,1,0.60473907
1,0,0,0.39654085
1,0,0,0.20796701
1,1,0,0.3472289
1,1,1,0.7921054
1,1,1,0.55357146
1,0,1,0.7441633
1,0,0,0.35967797
1,1,1,0.70152813
1,1,0,0.43763924
1,1,1,0.72679424
1,1,1,0.5817816
1,1,1,0.85379833
1,0,1,0.5876157
1,0,1,0.7961047
1,0,1,0.665882
1,1,1,0.55756086
1,0,1,0.79407614
1,1,1,0.52517706
1,1,0,0.34484893
1,1,1,0.6922863
1,1,1,0.52450377
1,0,0,0.46274525
1,0,0,0.48192602
1,0,0,0.38482934
1,1,0,0.3667958
1,0,0,0.24829185
1,1,1,0.6711789
1,1,1,0.6328806
1,0,0,0.34642276
1,0,1,0.6105311
1,0,0,0.47263527
1,0,1,0.5452011
1,1,1,0.8379097
1,1,1,0.6110144
1,1,1,0.6335838
1,1,0,0.49623188
1,0,0,0.4199878
1,0,1,0.56643724
1,1,1,0.7482875
1,0,1,0.76120853
1,1,0,0.30889687
1,0,1,0.52848494
1,1,1,0.6817874
1,0,1,0.522168
1,0,1,0.5187801
1,0,0,0.46368843
1,0,0,0.3993326
1,0,0,0.14513911
1,1,1,0.7185775
1,1,1,0.6455088
1,1,0,0.27293915
1,0,0,0.4746011
1,1,0,0.32067725
1,1,0,0.41557792
1,1,1,0.53453624
1,1,1,0.64038783
1,0,1,0.5571246
1,1,1,0.63805217
1,0,0,0.32961893
1,0,0,0.09835418
1,1,0,0.35965952
1,0,0,0.2686575
1,0,0,0.13904339
1,0,0,0.07708918
1,0,0,0.4495869
1,0,0,0.35026252
1,1,0,0.44824782
1,0,0,0.22772558
1,1,1,0.73322
1,0,0,0.3422771
1,0,1,0.6931162
1,1,0,0.32513174
1,1,1,0.8174417
1,0,1,0.5626643
1,0,0,0.42857125
1,1,1,0.74038446
1,1,0,0.4938145
1,0,0,0.102242015
1,0,1,0.56911814
1,1,0,0.31712255
1,1,1,0.81588787
1,0,0,0.22421059
1,0,0,0.16393343
1,0,0,0.45163777
1,0,0,0.40848675
1,1,1,0.6424824
1,0,1,0.5108995
1,1,1,0.5462701
1,1,1,0.57872224
1,0,0,0.41856244
1,1,0,0.29525632
1,0,1,0.8287887
1,0,0,0.119602256
1,0,1,0.60351866
1,0,1,0.5291992
1,0,1,0.58276033
1,1,0,0.4982554
1,1,1,0.5760873
1,0,0,0.0918845
1,1,1,0.6065617
1,1,0,0.38966557
1,0,1,0.62108237
1,0,1,0.5329919
1,1,1,0.5866797
1,0,0,0.16149624
1,1,1,0.7181499
1,1,1,0.665819
1,0,1,0.5452821
1,1,1,0.6436314
1,1,1,0.7341794
1,0,0,0.41903475
1,1,1,0.6472634
1,0,0,0.08804171
1,0,1,0.54621387
1,0,0,0.4284284
1,1,1,0.6485425
1,1,1,0.6810634
1,1,1,0.79180634
1,1,1,0.696108
1,0,1,0.6182235
1,0,1,0.8384196
1,1,1,0.78933203
1,0,1,0.5977779
1,0,1,0.7407813
1,1,1,0.80239844
1,0,1,0.75459504
1,0,1,0.6592328
1,1,1,0.72235256
1,0,1,0.78148234
1,1,1,0.60724556
1,0,0,0.393438
1,1,1,0.59925085
1,1,1,0.751652
1,0,0,0.4703379
1,1,0,0.37954035
1,0,0,0.27232194
1,1,0,0.21205339
1,1,0,0.47812977
1,0,1,0.632245
1,0,1,0.6547356
1,0,1,0.7092826
1,1,1,0.77899086
1,1,1,0.6141205
1,0,1,0.54645413
1,0,0,0.4278343
1,1,0,0.3326584
1,0,0,0.40966174
1,0,0,0.47575358
1,0,0,0.3873147
1,1,1,0.68358713
1,0,0,0.455508
1,1,0,0.41185763
1,0,0,0.49073923
1,1,1,0.55544347
1,0,1,0.5779276
1,0,0,0.20203166
1,1,1,0.72419524
1,0,1,0.7993126
1,0,1,0.60452896
1,1,1,0.5307002
1,0,1,0.566309
1,1,1,0.7662606
1,0,0,0.49677604
1,0,1,0.57350194
1,1,1,0.7317026
1,0,1,0.61265683
1,1,0,0.49024475
1,1,1,0.6204118
1,1,1,0.750593
1,1,1,0.7274671
1,1,1,0.59657234
1,0,1,0.51623464
1,0,0,0.30139247
1,1,1,0.57683706
1,1,0,0.44136682
1,1,1,0.6778569
1,1,1,0.5566982
1,1,1,0.54839617
1,1,1,0.64799565
1,0,1,0.67300653
1,0,1,0.9145871
1,1,0,0.31581214
1,1,1,0.6829112
1,1,0,0.44238573
1,1,0,0.48420024
1,1,1,0.5524397
1,0,0,0.39795482
1,0,0,0.4950149
1,0,0,0.24305071
1,1,1,0.8709993
1,1,1,0.6367835
1,1,1,0.833317
1,1,1,0.7696444
1,1,1,0.6190033
1,0,0,0.44805357
1,0,1,0.7766768
1,0,1,0.568485
1,0,1,0.5335699
1,0,0,0.36988673
1,0,1,0.6582932
1,1,1,0.6115699
1,1,1,0.908889
1,1,1,0.73072916
1,0,0,0.39278346
1,1,1,0.62773824
1,0,0,0.25386322
1,1,1,0.77243483
1,1,1,0.60681844
1,0,0,0.36452934
1,0,0,0.1263567
1,1,1,0.6486845
1,0,0,0.15108834
1,0,0,0.4636316
1,0,1,0.62140983
1,1,1,0.8170705
1,1,0,0.48095286
1,0,0,0.47336492
1,1,1,0.60666007
1,0,0,0.122097135
1,0,1,0.6848021
1,0,1,0.5646134
1,0,0,0.2859151
1,0,1,0.8123565
1,1,1,0.6942136
1,0,0,0.49826047
1,0,1,0.72987723
1,0,1,0.5814515
1,1,1,0.65853196
1,1,1,0.6943557
1,1,1,0.7580634
1,1,1,0.7930967
1,1,1,0.80896956
1,0,1,0.7157451
1,0,1,0.6545549
1,1,1,0.7140465
1,1,1,0.9104926
1,0,1,0.65109545
1,1,1,0.6427262
1,1,1,0.5791521
1,1,1,0.75767076
1,0,1,0.7833027
1,1,1,0.66513014
1,0,1,0.7912999
1,1,1,0.68544036
1,0,1,0.54087573
1,0,1,0.6214863
1,0,1,0.80294746
1,0,0,0.30956957
1,0,1,0.7125706
1,1,1,0.8184083
1,0,1,0.7834377
1,0,1,0.6155333
1,1,1,0.7415581
1,0,0,0.45344383
1,1,1,0.67063373
1,0,1,0.6213545
1,1,1,0.6286179
1,1,1,0.7928569
1,0,1,0.5107828
1,1,1,0.7418302
1,1,1,0.6423503
1,1,1,0.6569797
1,0,0,0.30978817
1,0,1,0.6649572
1,1,1,0.718318
1,0,1,0.67643964
1,1,1,0.72779065
1,1,0,0.47909817
1,1,1,0.6051429
1,1,1,0.7439867
1,0,0,0.16289777
1,0,0,0.251924
1,1,1,0.5261111
1,0,1,0.61833894
1,0,0,0.48903245
1,0,0,0.29791394
1,1,1,0.9455573
1,0,0,0.42872205
1,1,1,0.83518434
1,1,1,0.7557442
1,1,1,0.6970985
1,0,1,0.6032388
1,0,0,0.48824644
1,0,0,0.2605061
1,0,0,0.17436604
1,0,1,0.68881524
1,1,1,0.8151845
1,0,1,0.78136545
1,1,1,0.80936885
1,0,0,0.4196752
1,0,0,0.24523236
1,0,0,0.35616615
1,0,1,0.62560797
1,0,1,0.55906826
1,1,1,0.69273996
1,1,1,0.54637086
1,1,1,0.6232603
1,1,1,0.7478375
1,0,0,0.3885942
1,0,1,0.6940235
1,0,0,0.2948202
1,1,0,0.40849647
1,1,1,0.7761839
1,0,0,0.40501454
1,1,1,0.7305343
1,0,1,0.64245516
1,1,1,0.51089066
1,0,1,0.6146812
1,1,1,0.6411395
1,0,1,0.6574757
1,0,1,0.5711816
1,1,1,0.64364076
1,1,1,0.9133509
1,1,1,0.65377975
1,1,1,0.6039875
1,1,0,0.40110832
1,1,1,0.6080014
1,0,1,0.66326886
1,0,0,0.2463707
1,1,1,0.8058096
1,0,0,0.3530406
1,0,1,0.63602674
1,0,1,0.69621396
1,1,1,0.78899187
1,0,1,0.763337
1,0,0,0.48090443
1,1,0,0.18541868
1,1,1,0.52338135
1,0,0,0.25228333
1,1,1,0.61000186
1,1,1,0.8995792
1,0,1,0.68050426
1,0,1,0.61569655
1,0,1,0.60277164
1,0,0,0.17080015
1,0,1,0.64273095
1,1,1,0.56207144
1,1,1,0.6711436
1,0,0,0.38826463
1,1,1,0.520872
1,1,1,0.69449556
1,1,1,0.77989036
1,0,1,0.73918754
1,0,0,0.37375522
1,0,1,0.808195
1,1,1,0.8914742
1,0,1,0.7163402
1,0,1,0.76081353
1,0,0,0.40196854
1,0,1,0.5286222
1,1,1,0.6923288
1,1,1,0.7949601
1,1,1,0.650191
1,0,1,0.6390037
1,0,1,0.5189005
1,1,1,0.8890268
1,1,1,0.67088586
1,1,0,0.28625858
1,1,1,0.66714686
1,0,1,0.61168724
1,1,1,0.7787636
1,0,1,0.64507914
1,0,0,0.4938229
1,0,0,0.23386723
1,1,0,0.2822683
1,1,1,0.82252663
1,0,1,0.55773675
1,0,0,0.051129933
1,1,1,0.6146753
1,0,0,0.35472575
1,1,1,0.62366503
1,0,1,0.6888576
1,1,1,0.7390164
1,0,0,0.3792691
1,1,1,0.8748719
1,1,0,0.48263183
1,1,0,0.3943886
1,0,0,0.07635561
1,1,1,0.5313085
1,0,0,0.4882902
1,1,1,0.6064583
1,0,0,0.103343725
1,0,0,0.3074282
1,1,1,0.5463746
1,0,0,0.3248146
1,0,0,0.24570069
1,0,0,0.13425314
1,0,1,0.58613676
1,0,1,0.5441431
1,1,0,0.4313612
1,0,0,0.16582379
1,1,1,0.8055973
1,1,1,0.742621
1,1,1,0.59458035
1,0,0,0.49585575
1,0,1,0.55891657
1,1,1,0.6070512
1,1,1,0.5911382
1,1,1,0.58288294
1,0,1,0.6191536
1,1,1,0.59550273
1,0,1,0.5716257
1,0,1,0.59805536
1,0,1,0.7191494
1,0,1,0.6778194
1,1,1,0.79649633
1,0,1,0.5919115
1,0,1,0.550507
1,0,0,0.31105357
1,0,0,0.42784974
1,1,1,0.67470026
1,1,1,0.7366579
1,0,0,0.4556972
1,1,0,0.36183292
1,0,0,0.33743703
1,1,1,0.75464267
1,0,0,0.3456989
1,1,0,0.2806802
1,0,1,0.6647637
1,1,0,0.4500314
1,0,0,0.4377642
1,1,0,0.46699145
1,0,0,0.32024348
1,0,0,0.26961312
1,0,1,0.5494019
1,1,0,0.30043295
1,1,1,0.5961777
1,0,0,0.3891468
1,1,1,0.7411481
1,1,1,0.5830105
1,1,1,0.75416774
1,1,0,0.37643763
1,0,1,0.50423664
1,0,1,0.6146564
1,1,1,0.76304024
1,0,0,0.4682637
1,0,0,0.3867588
1,1,1,0.66307425
1,0,1,0.62871706
1,1,0,0.4867079
1,0,0,0.4619558
1,0,0,0.20060565
1,1,1,0.6704545
1,0,0,0.27637663
1,1,0,0.47126177
1,1,1,0.5730299
1,0,0,0.21648823
1,1,0,0.35612926
1,0,1,0.5023443
1,1,0,0.46497384
1,1,1,0.6093985
1,1,1,0.79590243
1,0,1,0.6944566
1,0,1,0.6520996
1,0,1,0.8451586
1,1,0,0.39207187
1,0,0,0.47093874
1,1,0,0.27320197
1,0,1,0.54538995
1,1,1,0.63848066
1,0,0,0.18292603
1,1,1,0.641934
1,1,0,0.28399488
1,0,0,0.10983545
1,1,1,0.5628783
1,0,0,0.20742555
1,0,1,0.62137383
1,0,0,0.2727213
1,0,1,0.5649396
1,1,0,0.47967628
1,0,0,0.18687607
1,0,1,0.5655067
1,1,0,0.4507014
1,0,1,0.66758555
1,1,1,0.56356776
1,0,1,0.6017275
1,1,0,0.12532553
1,0,0,0.16574784
1,0,1,0.66256255
1,1,0,0.46358004
1,0,0,0.4692527
1,0,0,0.4828998
1,0,0,0.4898562
1,1,0,0.45722145
1,0,1,0.6754898
1,0,1,0.6570673
1,0,0,0.2804967
1,1,1,0.6086197
1,0,0,0.24654783
1,0,0,0.420663
1,1,0,0.30805716
1,1,0,0.27200064
1,1,1,0.59453714
1,0,0,0.31981167
1,0,0,0.47897318
1,1,1,0.6261354
1,1,1,0.84568423
1,0,0,0.4168185
1,0,1,0.5039491
1,0,1,0.539711
1,1,1,0.56544316
1,0,0,0.30571187
1,0,0,0.34862524
1,1,1,0.5322066
1,1,1,0.73828465
1,0,1,0.66573286
1,0,0,0.35941473
1,1,1,0.66389817
1,1,1,0.93632615
1,1,0,0.48213473
1,1,1,0.85014915
1,1,0,0.44790894
1,1,1,0.77539515
1,1,1,0.58585095
1,0,0,0.29930678
1,1,1,0.5307684
1,0,1,0.7013399
1,0,0,0.39657465
1,1,1,0.6800261
1,1,1,0.61432827
1,0,0,0.40789983
1,0,0,0.38919118
1,0,0,0.27581015
1,0,0,0.40784076
1,0,1,0.5630897
1,0,1,0.5472015
1,0,0,0.35061622
1,1,0,0.46246254
1,1,1,0.5318375
1,0,0,0.1816893
1,1,1,0.8089484
1,1,0,0.42934948
1,0,0,0.2546493
1,0,0,0.4214122
1,1,1,0.7618762
1,0,0,0.1404911
1,1,0,0.36695045
1,0,1,0.7774463
1,0,0,0.47775716
1,0,0,0.40687022
1,1,1,0.8484989
1,0,0,0.45460194
1,0,0,0.41025832
1,0,0,0.48389432
1,0,0,0.2267896
1,0,0,0.4909234
1,1,0,0.47155264
1,0,0,0.44714135
1,1,1,0.5024205
1,1,1,0.7208128
1,1,1,0.7808064
1,0,0,0.18859673
1,0,1,0.5352931
1,0,1,0.7352304
1,1,1,0.6647811
1,0,1,0.63019335
1,1,1,0.5589973
1,1,1,0.67585415
1,1,1,0.52885264
1,1,1,0.71824926
1,1,1,0.5224737
1,0,1,0.5254138
1,0,1,0.66365415
1,0,0,0.26805004
1,1,1,0.5631528
1,1,1,0.8873756
1,0,1,0.528821
1,1,1,0.714299
1,1,1,0.7016124
1,0,0,0.46446666
1,1,1,0.8289672
1,0,0,0.4693848
1,1,1,0.7194352
1,0,1,0.7181351
1,1,1,0.6908097
1,1,1,0.6329354
1,1,1,0.58283955
1,1,1,0.60460913
1,0,0,0.48006237
1,1,0,0.46109283
1,0,1,0.6915023
1,0,1,0.5021595
1,0,1,0.74924785
1,1,1,0.71241564
1,0,0,0.4152613
1,0,0,0.34412846
1,0,1,0.51804346
1,1,1,0.5667391
1,1,1,0.6514599
1,1,0,0.24984203
1,1,1,0.72700363
1,0,0,0.09926206
1,0,0,0.32962808
1,0,0,0.30688167
1,1,1,0.67620844
1,1,1,0.6084784
1,0,1,0.56135774
1,0,0,0.4860876
1,1,1,0.50453496
1,1,1,0.55600536
1,0,1,0.556873
1,0,0,0.44065398
1,1,0,0.24343117
1,0,0,0.49811155
1,1,0,0.34272134
1,0,0,0.41886687
1,0,0,0.45778903
1,1,1,0.6034997
1,0,0,0.108971484
1,0,1,0.52326643
1,0,0,0.34974465
1,1,1,0.8988825
1,1,0,0.3787445
1,0,1,0.7419769
1,1,1,0.6355043
1,0,0,0.37001544
1,0,1,0.653086
1,0,0,0.2748715
1,0,1,0.624056
1,1,1,0.5786377
1,1,1,0.733551
1,0,1,0.5658014
1,0,1,0.56221783
1,1,0,0.21252716
1,0,0,0.40702713
1,0,0,0.34608886
1,0,0,0.32878146
1,1,1,0.87710154
1,0,0,0.2993258
1,0,0,0.46359828
1,1,0,0.42314646
1,1,1,0.6148745
1,1,1,0.9120684
1,0,1,0.554378
1,0,0,0.48555636
1,0,1,0.5807897
1,1,1,0.5576385
1,0,0,0.36174592
1,1,1,0.5937278
1,1,1,0.5778067
1,0,0,0.4865874
1,1,1,0.56055963
1,1,1,0.7611837
1,1,1,0.6682261
1,0,0,0.31980306
1,0,0,0.3281159
1,0,1,0.5368975
1,1,1,0.5879416
1,0,1,0.68494785
1,1,1,0.6872457
1,1,1,0.55961454
1,0,1,0.5391325
1,0,1,0.6597195
1,1,1,0.504536
1,0,1,0.534387
1,0,1,0.50688756
1,1,1,0.89345044
1,0,1,0.68231064
1,0,0,0.31790492
1,0,1,0.600683
1,0,0,0.4761002
1,1,1,0.81788266
1,1,1,0.7671122
1,1,1,0.51967573
1,1,1,0.85241383
1,1,1,0.6122157
1,0,0,0.36812648
1,1,1,0.7460025
1,1,1,0.7230184
1,0,0,0.2665337
1,0,1,0.7463593
1,0,1,0.5577195
1,0,1,0.5483239
1,0,0,0.37410203
1,0,0,0.068675935
1,1,1,0.55456907
1,1,1,0.7510093
1,1,1,0.8079206
1,1,1,0.6705627
1,0,0,0.4545454
1,1,1,0.67119515
1,0,1,0.59803253
1,0,1,0.512471
1,0,1,0.58466405
1,1,1,0.57507837
1,1,1,0.691311
1,0,0,0.44024622
1,1,1,0.80452603
1,1,1,0.64072967
1,0,1,0.76132274
1,0,1,0.5716774
1,0,0,0.35371187
1,0,1,0.58870554
1,0,1,0.6828237
1,1,1,0.88292503
1,1,1,0.6001406
1,1,1,0.6533991
1,1,1,0.6581586
1,0,1,0.6314809
1,0,1,0.6340093
1,0,0,0.41362396
1,0,1,0.60626996
1,0,1,0.5530862
1,0,1,0.5348396
1,1,1,0.511094
1,0,0,0.44955596
1,0,1,0.75705796
1,1,1,0.5955584
1,1,1,0.5615867
1,1,1,0.5586477
1,0,1,0.5319537
1,1,1,0.6808432
1,1,1,0.67924815
1,0,1,0.57987416
1,0,0,0.24900533
1,0,0,0.3737645
1,0,1,0.6530771
1,1,1,0.7387492
1,1,1,0.7213654
1,0,0,0.18266411
1,1,1,0.68737787
1,1,1,0.60020185
1,0,0,0.29501018
1,1,1,0.5497534
1,1,1,0.5747723
1,1,1,0.60607004
1,0,0,0.4646338
1,0,1,0.6447304
1,0,0,0.20814483
1,1,1,0.7512117
1,1,1,0.501134
1,0,1,0.63881505
1,0,1,0.7635698
1,0,1,0.79488975
1,0,0,0.351105
1,1,1,0.8487844
1,0,0,0.43493834
1,1,1,0.7905654
1,1,1,0.5997028
1,0,0,0.32120696
1,1,1,0.6135713
1,0,0,0.38573423
1,0,0,0.347626
1,0,0,0.24355523
1,0,1,0.86747634
1,0,1,0.6568757
1,1,1,0.7113628
1,1,1,0.6256606
1,1,1,0.55180216
1,0,1,0.5967983
1,1,1,0.7506353
1,0,1,0.5087811
1,0,0,0.4633631
1,0,0,0.2655808
1,1,1,0.9271776
1,0,0,0.41148594
1,1,0,0.34698632
1,0,1,0.5696512
1,0,0,0.48782605
1,1,1,0.6744886
1,0,0,0.40304318
1,1,1,0.537137
1,0,0,0.41917592
1,0,1,0.68399936
1,1,1,0.64491284
1,1,1,0.8400414
1,0,0,0.46322703
1,1,1,0.55565923
1,1,1,0.65399134
1,0,0,0.48505622
1,1,0,0.41882998
1,0,1,0.60067904
1,0,0,0.46626782
1,0,1,0.6776623
1,1,1,0.5972169
1,0,1,0.67841095
1,1,1,0.83190304
1,0,0,0.2399646
1,1,1,0.78300905
1,0,1,0.59369975
1,1,0,0.40854013
1,0,0,0.4275598
1,1,1,0.5028116
1,1,1,0.55020064
1,0,0,0.33171535
1,0,1,0.5187111
1,0,1,0.55078274
1,0,0,0.49767214
1,0,1,0.5766881
1,0,0,0.39733326
1,1,1,0.6128719
1,0,0,0.48606926
1,1,1,0.6147902
1,1,1,0.8928552
1,0,0,0.4993149
1,1,1,0.5973061
1,1,1,0.5437523
1,0,1,0.5268849
1,1,1,0.5903196
1,0,0,0.46140444
1,0,0,0.28590107
1,0,0,0.36709034
1,0,0,0.25504968
1,1,1,0.7279724
1,0,1,0.5513401
1,1,1,0.77133304
1,1,1,0.57028794
1,1,1,0.6780211
1,0,1,0.65958005
1,1,1,0.5763634
1,1,1,0.5545609
1,0,1,0.5828021
1,1,1,0.87501246
1,0,1,0.5148107
1,1,0,0.43990546
1,0,1,0.57607126
1,0,0,0.44452393
1,0,0,0.3574
1,1,1,0.6464161
1,1,1,0.58876735
1,1,1,0.7503502
1,1,1,0.6158902
1,1,1,0.58150107
1,0,1,0.537208
1,0,1,0.6413993
1,1,1,0.7694614
1,0,0,0.4926484
1,0,0,0.4684351
1,0,1,0.67690295
1,1,1,0.64101577
1,0,0,0.33095503
1,1,1,0.66497564
1,0,0,0.25086242
1,0,0,0.44885626
1,0,1,0.57086736
1,0,1,0.53526527
1,1,1,0.62625706
1,1,1,0.71363366
1,1,1,0.6227969
1,1,1,0.61365694
1,1,1,0.6672279
1,0,1,0.6336344
1,1,0,0.49349782
1,0,1,0.82282007
1,0,1,0.52728367
1,0,0,0.48860776
1,0,1,0.7023189
1,1,1,0.7461985
1,1,0,0.4567996
1,1,0,0.44547617
1,0,0,0.40106395
1,0,0,0.4147631
1,1,0,0.32874432
1,1,1,0.6648641
1,0,0,0.45533383
1,0,1,0.7953871
1,0,1,0.560272
1,1,1,0.7440753
1,0,0,0.4736061
1,0,0,0.27690786
1,0,0,0.13681246
1,1,1,0.7817359
1,1,0,0.42310837
1,0,0,0.39020124
1,0,0,0.4237817
1,1,1,0.61401373
1,0,0,0.45651606
1,0,1,0.50804687
1,1,1,0.79329157
1,1,1,0.7991586
1,0,1,0.61630964
1,0,0,0.4714171
1,0,0,0.2816154
1,0,1,0.7469606
1,1,1,0.6443249
1,0,1,0.8182866
1,0,0,0.41890562
1,1,1,0.58405906
1,0,0,0.3348937
1,0,0,0.42703965
1,1,1,0.7749111
1,1,1,0.6575605
1,1,1,0.68889624
1,1,1,0.7327731
1,1,1,0.5420831
1,1,1,0.597885
1,0,1,0.51612467
1,1,1,0.831789
1,0,1,0.6067359
1,1,1,0.50267136
1,1,1,0.7182872
1,0,1,0.60713154
1,0,1,0.56337255
1,0,0,0.2916191
1,1,1,0.5386562
1,0,1,0.7624791
1,1,1,0.7396875
1,1,1,0.6595909
1,0,0,0.09257139
1,1,1,0.6670786
1,0,0,0.4815285
1,0,0,0.33527306
1,0,1,0.6422821
1,0,1,0.7388445
1,1,0,0.44797435
1,0,1,0.7717667
1,1,1,0.8855612
1,1,1,0.7393743
1,1,0,0.32387793
1,0,1,0.53253233
1,0,0,0.33960953
1,0,0,0.19621171
1,0,0,0.45992434
1,1,0,0.3854349
1,0,1,0.6942817
1,1,1,0.75366193
1,0,0,0.22119412
1,0,1,0.5427057
1,1,1,0.7276083
1,0,1,0.5914208
1,0,0,0.42910174
1,0,1,0.55966634
1,0,0,0.2832104
1,1,1,0.60590434
1,0,1,0.67582667
1,1,0,0.4245734
1,1,1,0.68810827
1,1,1,0.67906696
1,1,1,0.7560372
1,1,1,0.7995916
1,0,1,0.80654675
1,1,0,0.48781013
1,1,1,0.68767744
1,0,1,0.56147015
1,0,1,0.5233087
1,1,1,0.65243685
1,0,0,0.20149827
1,1,1,0.8137288
1,1,1,0.76801115
1,0,0,0.49233484
1,0,1,0.6018513
1,0,1,0.50086945
1,1,1,0.63965046
1,0,1,0.5089483
1,0,1,0.6390621
1,1,1,0.82741475
1,0,0,0.45765752
1,0,0,0.3972324
1,0,0,0.47968772
1,1,1,0.7879083
1,0,1,0.6010155
1,1,0,0.41860777
1,1,0,0.41700885
1,0,0,0.47081295
1,0,0,0.48145244
1,1,1,0.8052411
1,0,0,0.49666327
1,1,1,0.64221317
1,0,0,0.49616084
1,0,0,0.4988081
1,1,1,0.5797848
1,0,1,0.5814939
1,1,0,0.46836808
1,1,1,0.8848502
1,1,1,0.7242554
1,0,1,0.5901924
1,1,0,0.4489892
1,1,1,0.53478724
1,1,1,0.6878131
1,1,1,0.5967706
1,0,0,0.19928765
1,0,1,0.59669495
1,0,1,0.6447694
1,1,1,0.70231235
1,0,1,0.50629735
1,1,1,0.6715356
1,0,0,0.44084504
1,1,1,0.5878731
1,0,0,0.393282
1,1,1,0.6262995
1,1,1,0.7276741
1,1,0,0.3869046
1,0,0,0.24210258
1,1,1,0.5391153
1,0,0,0.23291184
1,0,1,0.5174406
1,1,1,0.7981734
1,0,1,0.5530954
1,1,0,0.43881038
1,0,0,0.40628573
1,0,0,0.3697766
1,1,1,0.6683975
1,0,1,0.5476904
1,1,1,0.51813984
1,0,1,0.81547433
1,1,1,0.7108451
1,1,1,0.5998987
1,0,1,0.6659745
1,1,1,0.723995
1,1,1,0.80665535
1,1,1,0.5987906
1,0,0,0.46472606
1,1,1,0.60357976
1,1,1,0.6693139
1,1,1,0.5152324
1,0,0,0.4797831
1,0,1,0.7921157
1,0,1,0.6841419
1,0,0,0.20253083
1,1,1,0.82743484
1,1,0,0.144751
1,1,1,0.6368285
1,0,0,0.115907386
1,0,1,0.57344204
1,0,1,0.5567814
1,1,1,0.69989604
1,0,1,0.5720679
1,0,0,0.16564314
1,0,1,0.84241337
1,0,1,0.5749432
1,0,1,0.8392995
1,0,0,0.47815776
1,0,0,0.49580145
1,1,0,0.45182973
1,1,1,0.58638805
1,0,0,0.14586115
1,0,1,0.50359267
1,1,1,0.8397024
1,0,0,0.43588942
1,1,0,0.4711175
1,1,1,0.51161724
1,1,1,0.53659356
1,1,1,0.61385965
1,0,0,0.45997772
1,1,1,0.7715793
1,0,0,0.4631753
1,0,1,0.53359514
1,1,1,0.5697927
1,1,0,0.31026855
1,0,1,0.52572215
1,0,1,0.55275434
1,0,0,0.3735909
1,0,0,0.3669816
1,1,0,0.4685971
1,1,0,0.48968828
1,1,1,0.8965003
1,1,1,0.77942437
1,0,1,0.5237838
1,1,1,0.82861274
1,1,1,0.63320965
1,0,1,0.79360914
1,1,1,0.5994309
1,0,1,0.55096614
1,1,1,0.7267848
1,0,0,0.47600377
1,0,1,0.61854035
1,0,0,0.4703522
1,0,0,0.31824172
1,1,1,0.6417917
1,0,0,0.48766553
1,1,1,0.72787386
1,1,1,0.56456476
1,1,1,0.6006267
1,0,1,0.57609946
1,1,1,0.8195572
1,1,1,0.6226095
1,0,0,0.111964546
1,0,1,0.6511299
1,1,1,0.6605547
1,1,1,0.6325949
1,1,1,0.80891454
1,0,0,0.19930804
1,0,0,0.47037923
1,0,1,0.7574609
1,0,0,0.16434105
1,1,0,0.3710326
1,0,0,0.32418633
1,1,0,0.29245755
1,1,1,0.8636826
1,1,1,0.71453977
1,1,1,0.83001566
1,0,0,0.44728163
1,0,0,0.49314427
1,0,1,0.7919789
1,0,0,0.36127272
1,1,1,0.8013806
1,1,1,0.72127366
1,1,1,0.72244024
1,1,1,0.7787516
1,0,0,0.37385994
1,0,1,0.51503164
1,1,1,0.54989433
1,1,1,0.6208411
1,0,0,0.40102977
1,1,1,0.53876114
1,1,0,0.4745851
1,0,0,0.38882092
1,1,1,0.6688665
1,0,0,0.34666303
1,0,1,0.73094815
1,0,0,0.42562583
1,0,1,0.62003183
1,0,0,0.09418634
1,0,0,0.313468
1,1,1,0.56985915
1,1,1,0.7271838
1,0,1,0.57221675
1,0,0,0.37090638
1,0,1,0.7858073
1,1,1,0.5280905
1,0,0,0.33018932
1,1,1,0.6393642
1,0,0,0.06940186
1,1,1,0.6008735
1,0,1,0.7292889
1,0,1,0.50766176
1,1,1,0.6502275
1,0,0,0.032640815
1,0,1,0.704395
1,1,1,0.8021361
1,0,1,0.77142894
1,1,1,0.5018033
1,1,1,0.75692886
1,0,1,0.5231676
1,1,1,0.88291526
1,1,0,0.4293112
1,0,0,0.3683647
1,1,1,0.6087038
1,0,0,0.46635228
1,1,1,0.73530704
1,1,1,0.548431
1,0,0,0.45499998
1,0,0,0.41826352
1,0,0,0.3409671
1,1,1,0.7628731
1,1,1,0.6919305
1,0,0,0.15764362
1,1,1,0.7366226
1,0,1,0.6729571
1,1,1,0.79885393
1,0,0,0.49345562
1,0,1,0.69720995
1,0,0,0.06757319
1,1,1,0.79815185
1,0,1,0.56636864
1,0,0,0.28553253
1,0,1,0.5191084
1,0,1,0.75705796
1,1,1,0.5955584
1,1,1,0.5615867
1,1,1,0.5586477
1,0,1,0.5319537
1,1,1,0.6808432
1,1,1,0.67924815
1,0,1,0.57987416
1,0,0,0.24900533
1,0,0,0.3737645
1,0,1,0.6530771
1,1,1,0.81172204
1,1,1,0.5526973
1,1,1,0.5065703
1,0,1,0.51913935
1,0,1,0.6678537
1,1,1,0.67832744
1,1,1,0.5957143
1,0,1,0.6718084
1,1,1,0.54529554
1,1,1,0.5495719
1,0,0,0.4790361
1,0,1,0.57700884
1,1,0,0.49226156
1,0,0,0.25579518
1,0,1,0.5490166
1,0,0,0.2976329
1,0,0,0.20258814
1,0,1,0.6531676
1,1,0,0.4972853
1,0,0,0.13394083
1,1,0,0.32032546
1,1,0,0.47778723
1,0,1,0.5252995
1,1,0,0.36536124
1,0,1,0.71282274
1,0,0,0.44171792
1,0,0,0.31099838
1,0,0,0.1305966
1,1,0,0.42094493
1,1,0,0.25282627
1,0,0,0.47895628
1,0,0,0.32719642
1,1,1,0.5035539
1,0,0,0.33149862
1,0,0,0.44589025
1,0,0,0.352251
1,1,1,0.6694262
1,0,1,0.5008571
1,0,0,0.41159627
1,0,0,0.43946669
1,1,1,0.73834383
1,1,1,0.6694994
1,1,1,0.8294687
1,1,1,0.6052451
1,1,0,0.36532682
1,0,1,0.7072231
1,1,1,0.6215942
1,0,1,0.63433754
1,1,1,0.66063213
1,1,1,0.6048778
1,0,1,0.7593534
1,1,0,0.4572611
1,1,1,0.7006677
1,1,1,0.8967035
1,1,1,0.64610195
1,0,0,0.3297634
1,0,1,0.5190115
1,0,1,0.62294513
1,0,0,0.27064344
1,0,0,0.44000533
1,0,0,0.25057253
1,0,0,0.34033018
1,0,0,0.2831834
1,1,1,0.6672425
1,0,0,0.2282211
1,1,1,0.56289405
1,1,0,0.30195564
1,1,1,0.80029744
1,1,1,0.6668758
1,0,1,0.6790178
1,0,1,0.5166644
1,0,0,0.34866035
1,1,1,0.53655094
1,1,1,0.64260346
1,0,0,0.24929726
1,1,1,0.66175
1,0,0,0.29006377
1,0,1,0.7263405
1,1,1,0.7393267
1,0,1,0.56234634
1,1,0,0.30886725
1,0,0,0.31860036
1,0,0,0.29416224
1,1,1,0.89896226
1,0,1,0.69348186
1,1,1,0.8336167
1,0,1,0.547699
1,1,1,0.87959
1,0,1,0.63531184
1,0,0,0.48737428
1,0,1,0.5884313
1,1,1,0.67900974
1,0,0,0.21232446
1,1,1,0.6856955
1,1,1,0.761187
1,1,1,0.5503036
1,1,1,0.62082976
1,0,1,0.7104677
1,1,1,0.51920164
1,1,0,0.41907293
1,0,0,0.47900397
1,1,1,0.53664666
1,1,1,0.61421686
1,0,1,0.51528573
1,0,0,0.3000963
1,1,1,0.7638212
1,0,1,0.69138926
1,1,1,0.839066
1,1,1,0.78718376
1,0,1,0.57940257
1,1,1,0.74489295
1,1,1,0.86444116
1,1,1,0.60598946
1,1,0,0.4022526
1,0,1,0.65041786
1,1,1,0.7429735
1,0,0,0.37154284
1,0,0,0.23665603
1,0,0,0.37304842
1,1,1,0.5284076
1,0,0,0.42482507
1,1,1,0.65313697
1,1,1,0.63474196
1,1,1,0.87945366
1,1,1,0.6679459
1,1,1,0.52441365
1,0,0,0.32790926
1,1,1,0.5892866
1,1,1,0.549236
1,0,1,0.51290065
1,0,0,0.24008775
1,1,1,0.75931925
1,1,1,0.68718684
1,0,0,0.34558687
1,1,1,0.76206726
1,0,1,0.59371805
1,1,1,0.63395077
1,0,1,0.5106378
1,1,1,0.6986614
1,0,1,0.58774686
1,0,0,0.33207765
1,1,1,0.7755407
1,1,1,0.64025855
1,0,0,0.09739357
1,0,0,0.4105292
1,0,0,0.21488376
1,0,0,0.25032714
1,0,0,0.11150153
1,1,1,0.5427123
1,1,1,0.6381264
1,1,0,0.39932972
1,0,0,0.4861689
1,0,1,0.5525362
1,0,1,0.50088346
1,0,0,0.40107578
1,1,1,0.5794297
1,1,1,0.6418695
1,1,1,0.6627131
1,1,1,0.5315622
1,1,1,0.54429656
1,1,1,0.7111638
1,1,1,0.54175353
1,1,1,0.52864194
1,0,0,0.4410372
1,1,1,0.70418835
1,0,0,0.44876137
1,0,1,0.75744814
1,1,1,0.71757853
1,1,0,0.35041162
1,1,1,0.5819293
1,0,1,0.6430351
1,0,0,0.40304205
1,0,0,0.2807831
1,0,0,0.3814748
1,0,1,0.519657
1,1,1,0.7311329
1,0,0,0.22676367
1,1,1,0.90211785
1,1,1,0.66545993
1,1,1,0.80894184
1,1,1,0.6886902
1,1,1,0.849903
1,1,1,0.84003013
1,0,0,0.46030635
1,1,1,0.9094299
1,1,1,0.72005224
1,1,1,0.6826693
1,0,1,0.68672335
1,0,0,0.30617765
1,0,0,0.2646786
1,1,1,0.8257534
1,1,1,0.58335334
1,1,0,0.49573278
1,0,1,0.5112594
1,0,0,0.10491224
1,1,1,0.5946667
1,1,1,0.5029004
1,0,1,0.53429294
1,1,1,0.6941547
1,0,0,0.16351196
1,0,0,0.36827514
1,1,1,0.62480426
1,0,0,0.46176448
1,0,1,0.56772465
1,0,0,0.46389678
1,1,0,0.45853627
1,0,0,0.22694138
1,0,0,0.19216867
1,0,1,0.739666
1,1,1,0.6936299
1,1,1,0.65844876
1,0,1,0.5311663
1,0,1,0.58835924
1,0,1,0.6577383
1,1,1,0.81219405
1,1,1,0.6201308
1,0,1,0.5518588
1,0,1,0.7764331
1,0,1,0.5298429
1,1,1,0.65169483
1,0,1,0.5738074
1,0,1,0.59625447
1,1,0,0.28634492
1,0,1,0.5668134
1,0,1,0.53583896
1,1,0,0.46938288
1,0,1,0.56714624
1,1,0,0.14450905
1,1,1,0.70626503
1,0,0,0.16535933
1,0,0,0.39414582
1,1,1,0.5968016
1,0,1,0.5190027
1,1,1,0.85300076
1,1,1,0.7126906
1,0,0,0.38347003
1,1,1,0.50088996
1,1,1,0.7429351
1,0,0,0.44350734
1,0,0,0.43964723
1,0,1,0.5919086
1,0,0,0.0628093
1,0,1,0.55024976
1,1,1,0.7152357
1,0,0,0.28896907
1,1,1,0.84296554
1,1,1,0.5751826
1,1,1,0.6600546
1,1,1,0.7404263
1,0,1,0.5938987
1,1,1,0.5148935
1,1,1,0.875882
1,1,1,0.6948601
1,1,1,0.65128183
1,0,0,0.4074767
1,0,1,0.72651684
1,0,1,0.74178296
1,0,1,0.73057854
1,1,1,0.7007544
1,1,1,0.846254
1,0,1,0.6801892
1,1,1,0.6391223
1,1,1,0.56215036
1,0,0,0.44003668
1,1,1,0.52821994
1,0,0,0.3077876
1,0,1,0.50842535
1,1,0,0.4315673
1,1,1,0.8846777
1,1,1,0.50040525
1,1,1,0.5799813
1,1,0,0.47071448
1,1,1,0.62465525
1,0,1,0.56885535
1,0,1,0.5089052
1,0,1,0.63262516
1,0,1,0.593217
1,1,0,0.41913322
1,0,0,0.18522178
1,1,1,0.7573746
1,1,0,0.4011774
1,1,1,0.8626586
1,0,0,0.27617258
1,0,0,0.39681563
1,0,1,0.60753816
1,0,0,0.27888605
1,1,0,0.39055684
1,1,1,0.5748359
1,1,1,0.58599746
1,0,0,0.39668474
1,1,1,0.7723567
1,0,0,0.38550335
1,1,1,0.7219418
1,1,1,0.77513903
1,1,1,0.6661141
1,1,1,0.66659755
1,0,1,0.6788312
1,0,0,0.32066166
1,0,0,0.49364966
1,1,1,0.61330974
1,0,0,0.15467185
1,0,1,0.5006593
1,0,0,0.40540975
1,0,0,0.17671277
1,1,1,0.696147
1,1,0,0.44004592
1,0,0,0.2777091
1,0,0,0.4625839
1,0,1,0.53827095
1,0,0,0.19338742
1,1,1,0.6074641
1,1,0,0.4232332
1,1,1,0.8783558
1,0,1,0.6185551
1,1,1,0.80391484
1,0,0,0.29799175
1,1,1,0.67032266
1,0,0,0.45481312
1,1,1,0.72418284
1,0,1,0.59749275
1,0,0,0.4431754
1,0,0,0.08526695
1,1,1,0.77964985
1,0,0,0.4100423
1,1,0,0.40497604
1,0,1,0.6048889
1,0,0,0.40054306
1,1,1,0.8093721
1,0,1,0.5793252
1,1,1,0.9054168
1,1,1,0.52480716
1,0,0,0.46593884
1,0,0,0.28061476
1,1,0,0.41430947
1,0,1,0.5182927
1,0,1,0.6936386
1,1,1,0.67035085
1,1,1,0.7166361
1,1,1,0.63243836
1,0,1,0.5689893
1,0,1,0.592688
1,0,1,0.6543573
1,1,1,0.903073
1,0,1,0.73915476
1,1,1,0.6730807
1,0,1,0.74556154
1,1,1,0.64597243
1,0,1,0.620838
1,1,1,0.83147615
1,0,1,0.6317891
1,1,1,0.60788155
1,0,1,0.5482756
1,1,1,0.79180634
1,1,1,0.696108
1,0,1,0.6182235
1,0,1,0.8384196
1,1,1,0.78933203
1,0,1,0.5977779
1,0,1,0.7407813
1,1,1,0.80239844
1,0,1,0.75459504
1,0,1,0.6592328
1,1,1,0.7223526
1,1,1,0.7882953
1,0,0,0.4142659
1,1,0,0.36370832
1,1,0,0.38163203
1,0,0,0.48894903
1,0,1,0.6706414
1,1,0,0.4848924
1,0,0,0.19257216
1,0,0,0.34898275
1,1,0,0.43091264
1,0,0,0.37894875
1,1,1,0.68798065
1,1,0,0.42919692
1,1,1,0.8784188
1,0,0,0.43693462
1,0,1,0.52984023
1,0,0,0.3686993
1,1,1,0.9046318
1,1,0,0.39074707
1,0,1,0.56564075
1,1,1,0.64109504
1,1,1,0.7171276
1,1,1,0.64086246
1,0,0,0.45687482
1,0,0,0.4053966
1,0,0,0.3842968
1,1,1,0.67937297
1,0,0,0.3896327
1,0,1,0.5919514
1,1,1,0.7157259
1,0,0,0.43002397
1,1,1,0.7843488
1,1,1,0.9150911
1,1,1,0.5854496
1,0,1,0.6613646
1,1,1,0.74417543
1,0,0,0.31494173
1,1,1,0.8620319
1,0,1,0.85479766
1,0,1,0.5254377
1,0,1,0.63674223
1,0,1,0.58679694
1,1,1,0.7132627
1,0,0,0.31343487
1,0,1,0.522461
1,1,1,0.63911235
1,0,1,0.85387397
1,1,1,0.7532407
1,1,0,0.2161715
1,0,1,0.54423875
1,0,0,0.15402775
1,1,1,0.854491
1,1,0,0.49695295
1,1,0,0.28378102
1,1,1,0.55769795
1,1,1,0.51558435
1,1,1,0.7148867
1,1,1,0.5252189
1,1,0,0.4580546
1,0,1,0.53382283
1,1,1,0.78398323
1,0,0,0.34699404
1,0,0,0.10025809
1,0,0,0.16785043
1,0,0,0.3678124
1,0,0,0.3880613
1,1,1,0.7843542
1,0,0,0.27289626
1,0,0,0.43236053
1,1,0,0.48492375
1,0,0,0.38437822
1,1,1,0.56709945
1,0,0,0.31986764
1,0,0,0.43528712
1,0,0,0.22256446
1,0,0,0.34399933
1,0,0,0.10168768
1,0,1,0.71557325
1,1,1,0.55375874
1,1,1,0.69348866
1,0,0,0.2885671
1,0,0,0.17759967
1,0,0,0.33021748
1,1,1,0.5324442
1,0,1,0.50550133
1,0,1,0.72636783
1,0,1,0.6214751
1,0,1,0.547724
1,0,0,0.2843107
1,0,1,0.53154993
1,0,1,0.63658375
1,0,0,0.3127482
1,1,1,0.553432
1,0,0,0.33795592
1,0,1,0.5591985
1,0,0,0.24367584
1,0,0,0.2624167
1,1,0,0.1936564
1,0,0,0.11454825
1,0,0,0.0889827
1,0,0,0.06911845
1,1,1,0.65739226
1,0,1,0.5414121
1,0,1,0.535406
1,0,0,0.47290248
1,0,0,0.46098366
1,1,1,0.72552603
1,0,0,0.13571401
1,0,0,0.33120924
1,0,0,0.36787695
1,0,0,0.24613944
1,0,1,0.5438656
1,0,1,0.5098352
1,1,1,0.5725592
1,0,0,0.3108495
1,0,0,0.23908336
1,1,1,0.803032
1,0,0,0.37786442
1,0,0,0.3017125
1,1,1,0.5513241
1,0,0,0.16072808
1,1,1,0.5211603
1,0,1,0.6639541
1,1,1,0.52748656
1,1,1,0.5820043
1,0,1,0.560744
1,0,0,0.4320884
1,1,1,0.6616237
1,1,1,0.60990405
1,1,1,0.55446774
1,0,1,0.62081134
1,0,1,0.74418515
1,0,1,0.5746647
1,1,1,0.5232131
1,0,1,0.63343513
1,1,1,0.54552245
1,0,0,0.34618622
1,0,1,0.54556865
1,0,1,0.5454245
1,0,0,0.32686165
1,1,1,0.7801473
1,0,1,0.7041427
1,0,0,0.21093272
1,0,0,0.43697166
1,0,1,0.68423957
1,0,0,0.27495384
1,1,0,0.47871584
1,0,0,0.42950884
1,1,0,0.120234825
1,0,0,0.19028032
1,0,0,0.30014536
1,0,1,0.5327756
1,0,1,0.6914495
1,0,0,0.28680184
1,1,1,0.53751093
1,0,0,0.43851462
1,0,0,0.38136083
1,1,1,0.7267858
1,0,1,0.5904415
1,0,1,0.65251046
1,1,0,0.43028897
1,0,1,0.6566172
1,1,1,0.65349084
1,0,0,0.14023338
1,1,1,0.7693594
1,1,0,0.4883955
1,1,1,0.5295869
1,0,1,0.53872055
1,0,0,0.1088815
1,0,0,0.08760499
1,0,0,0.3721886
1,1,1,0.8169922
1,0,1,0.701219
1,1,0,0.37873948
1,1,0,0.42961913
1,0,0,0.3308629
1,0,0,0.24872015
1,0,1,0.6388614
1,1,1,0.51666915
1,0,0,0.1055881
1,0,0,0.3427281
1,1,1,0.63789755
1,0,0,0.2315971
1,0,0,0.04945216
1,0,0,0.06706609
1,1,1,0.7609502
1,1,1,0.6013089
1,0,1,0.5475502
1,1,1,0.78134394
1,1,0,0.35048035
1,0,0,0.48865065
1,1,1,0.6313104
1,1,1,0.5408596
1,1,0,0.47116897
1,0,1,0.5290806
1,0,0,0.23176609
1,0,0,0.21486554
1,0,0,0.3685519
1,0,1,0.56015223
1,1,1,0.7354174
1,0,1,0.50490725
1,1,1,0.71181554
1,1,1,0.70917946
1,0,1,0.6960458
1,0,0,0.34736735
1,0,0,0.40064067
1,0,0,0.11247904
1,1,0,0.32127097
1,1,0,0.3618017
1,0,0,0.12003023
1,0,1,0.66341203
1,0,1,0.51596874
1,1,1,0.56021404
1,0,1,0.5951742
1,1,1,0.7180437
1,0,0,0.34990698
1,1,0,0.2574764
1,0,0,0.43565473
1,1,0,0.39218163
1,1,1,0.6896092
1,0,0,0.35990793
1,1,1,0.61351436
1,0,1,0.6031448
1,1,1,0.66578954
1,1,1,0.6658025
1,0,1,0.6093858
1,0,0,0.16774364
1,1,1,0.62875193
1,0,1,0.5446012
1,0,1,0.65566254
1,1,1,0.5462701
1,1,1,0.57872224
1,0,0,0.41856244
1,1,0,0.29525632
1,0,1,0.8287887
1,0,0,0.119602256
1,0,1,0.60351866
1,0,1,0.5291992
1,0,1,0.58276033
1,1,0,0.4982554
1,1,1,0.5760873
1,0,0,0.0918845
1,1,1,0.6065617
1,1,0,0.38966557
1,0,1,0.62108237
1,0,1,0.5329919
1,1,1,0.5866797
1,0,0,0.16149624
1,1,1,0.8551529
1,1,1,0.7102743
1,1,1,0.75669163
1,1,1,0.76486963
1,0,0,0.39224008
1,1,1,0.6851063
1,0,1,0.7404781
1,0,0,0.107565545
1,0,1,0.8368336
1,0,1,0.53050864
1,0,0,0.3891444
1,1,1,0.6179886
1,0,1,0.5749652
1,0,0,0.1348465
1,1,1,0.67669016
1,1,1,0.8102452
1,0,0,0.26987186
1,0,1,0.70147973
1,1,1,0.62462133
1,0,0,0.41421562
1,0,0,0.43577772
1,0,0,0.44942513
1,1,1,0.81238353
1,0,0,0.44868082
1,0,1,0.59921473
1,1,1,0.6635169
1,1,1,0.7922691
1,0,1,0.8524908
1,0,1,0.73406094
1,1,1,0.79210085
1,0,1,0.6133852
1,1,0,0.4884457
1,0,0,0.39726728
1,1,1,0.65048295
1,0,0,0.40944895
1,0,0,0.29953983
1,1,1,0.74632496
1,0,0,0.37196404
1,0,0,0.13222492
1,0,0,0.49071872
1,0,0,0.2991043
1,0,0,0.23420967
1,0,0,0.295995
1,1,1,0.7010744
1,1,1,0.8342785
1,0,1,0.6506396
1,1,1,0.55446273
1,0,0,0.4396346
1,1,1,0.73306346
1,0,1,0.5101669
1,1,0,0.48295584
1,1,1,0.9184138
1,1,1,0.57997394
1,1,1,0.66023296
1,0,1,0.7094943
1,0,0,0.316176
1,1,1,0.87435997
1,1,1,0.6418654
1,1,1,0.58643717
1,0,0,0.39464036
1,0,0,0.4976034
1,0,0,0.28585842
1,0,1,0.50889564
1,1,1,0.9364882
1,1,1,0.7995359
1,1,1,0.74149495
1,0,0,0.48928982
1,1,1,0.54534346
1,1,1,0.77408075
1,0,1,0.58112144
1,0,0,0.36960223
1,0,1,0.67820555
1,0,1,0.5720355
1,1,1,0.73219615
1,1,0,0.36704835
1,0,1,0.56134725
1,0,1,0.73614645
1,0,1,0.74489546
1,0,0,0.11408528
1,1,1,0.87258154
1,1,1,0.7686941
1,1,1,0.5696815
1,0,1,0.55811346
1,0,0,0.4511555
1,1,1,0.69532454
1,0,1,0.6882615
1,0,1,0.5413826
1,1,1,0.7150064
1,0,1,0.5692893
1,1,1,0.72847694
1,0,1,0.5086689
1,0,1,0.8171988
1,0,0,0.28032064
1,1,1,0.67298704
1,0,1,0.5475696
1,0,1,0.82669157
1,0,0,0.35085335
1,0,0,0.15019311
1,1,1,0.783934
1,1,0,0.29079968
1,0,1,0.6581822
1,0,1,0.76335293
1,0,1,0.7182447
1,1,1,0.8480591
1,1,1,0.80282974
1,0,1,0.5702458
1,0,1,0.50700593
1,0,0,0.48321447
1,0,0,0.39761445
1,0,0,0.11113299
1,0,1,0.562249
1,0,0,0.4789947
1,0,0,0.3352192
1,0,1,0.70935357
1,1,1,0.6477927
1,1,1,0.6534273
1,1,1,0.6261326
1,1,1,0.64533657
1,1,1,0.61527115
1,1,1,0.7073443
1,1,1,0.6297987
1,1,1,0.6779664
1,1,1,0.62761545
1,1,1,0.63595307
1,1,1,0.628803
1,1,1,0.605879
1,1,1,0.6252182
1,1,1,0.70759046
1,1,1,0.6763109
1,1,1,0.6955312
1,1,1,0.9433361
1,0,0,0.3884854
1,0,1,0.513323
1,0,1,0.6190312
1,1,1,0.62640476
1,1,1,0.78033096
1,0,0,0.43406156
1,1,0,0.4471523
1,1,1,0.69234586
1,0,0,0.2602154
1,0,1,0.6022009
1,0,0,0.15329331
1,0,0,0.14202268
1,1,0,0.3938962
1,1,1,0.5367919
1,1,1,0.65322775
1,0,1,0.634572
1,1,0,0.14331116
1,0,0,0.09432108
1,0,0,0.2468018
1,0,0,0.061906185
1,0,0,0.4434004
1,0,0,0.25892878
1,0,1,0.67865735
1,0,0,0.082483985
1,1,1,0.65785664
1,1,1,0.7365739
1,1,1,0.7680539
1,0,1,0.74026036
1,0,1,0.7658759
1,1,1,0.71877325
1,0,1,0.51337844
1,0,0,0.42628285
1,0,0,0.17346445
1,1,1,0.68040174
1,0,1,0.7613052
1,0,0,0.14262296
1,0,1,0.6973066
1,0,1,0.80114377
1,0,1,0.80073893
1,1,1,0.700079
1,0,1,0.6921177
1,1,1,0.81326467
1,0,1,0.6502325
1,0,1,0.61259675
1,1,1,0.6530377
1,1,1,0.61677814
1,0,1,0.5000679
1,1,1,0.78672516
1,1,1,0.63291985
1,1,1,0.6488701
1,0,0,0.49193594
1,1,1,0.5182359
1,1,0,0.45982456
1,1,1,0.50034285
1,1,1,0.55874753
1,1,0,0.4396707
1,0,0,0.31402183
1,0,1,0.71005017
1,0,0,0.26350266
1,1,0,0.47528285
1,0,1,0.58362466
1,0,1,0.601909
1,1,1,0.7961984
1,0,1,0.7081274
1,0,0,0.4245625
1,1,1,0.7633073
1,0,1,0.7501813
1,0,1,0.8362955
1,1,1,0.77477777
1,0,1,0.6326251
1,1,1,0.7940297
1,1,1,0.7852427
1,0,1,0.73221016
1,1,1,0.8766
1,0,1,0.6597516
1,1,1,0.5345944
1,0,0,0.30866775
1,1,1,0.5862414
1,0,1,0.7876985
1,1,1,0.6215666
1,0,0,0.39316788
1,0,0,0.10412543
1,0,1,0.65932286
1,1,1,0.8622828
1,0,1,0.5338487
1,1,1,0.64044505
1,0,1,0.6651672
1,1,1,0.5899526
1,0,0,0.40474784
1,0,1,0.60716164
1,0,1,0.6232556
1,1,0,0.36358792
1,1,1,0.82437855
1,0,0,0.38625324
1,0,1,0.57718503
1,0,1,0.7197917
1,1,1,0.6061797
1,0,1,0.72251534
1,0,1,0.6515061
1,0,1,0.5917054
1,0,0,0.21424031
1,1,1,0.74486655
1,1,0,0.45375413
1,1,1,0.6274147
1,1,1,0.93270606
1,1,1,0.6556064
1,0,0,0.3638331
1,0,0,0.16216108
1,1,1,0.5560647
1,1,1,0.6346755
1,0,1,0.5793969
1,1,1,0.7575853
1,1,1,0.62748545
1,1,1,0.65808207
1,0,1,0.5164385
1,0,0,0.47910297
1,0,0,0.16843964
1,0,0,0.3085308
1,0,1,0.9300174
1,1,1,0.7512541
1,1,1,0.92105865
1,0,0,0.3237691
1,0,1,0.69902223
1,0,1,0.70799685
1,1,1,0.8050086
1,1,1,0.6153313
1,1,1,0.85520846
1,1,1,0.8680105
1,1,1,0.8004997
1,1,1,0.90532976
1,0,0,0.2677912
1,0,0,0.236956
1,0,0,0.06781504
1,0,1,0.67357385
1,0,0,0.25027144
1,0,0,0.30204505
1,0,0,0.28361356
1,0,1,0.8791261
1,1,0,0.43233082
1,1,1,0.93600357
1,0,0,0.4696503
1,0,0,0.31915367
1,1,1,0.5475556
1,1,1,0.762692
1,0,0,0.32125908
1,1,1,0.51917064
1,0,1,0.5411105
1,1,0,0.36337227
1,0,1,0.6091367
1,1,1,0.57845366
1,1,0,0.31339106
1,1,1,0.82628655
1,1,1,0.94960153
1,0,0,0.42185098
1,1,1,0.78527623
1,1,1,0.67368585
1,0,1,0.62632656
1,1,0,0.42532137
1,0,1,0.73944587
1,0,0,0.42289898
1,1,1,0.7911716
1,1,1,0.58800215
1,0,0,0.45733318
1,1,1,0.63918257
1,0,1,0.6247841
1,1,1,0.84290403
1,0,1,0.7349355
1,0,1,0.7000494
1,0,1,0.86218846
1,1,1,0.8571003
1,1,1,0.8079034
1,0,1,0.548105
1,1,1,0.76368225
1,1,0,0.486617
1,1,1,0.83805275
1,1,1,0.81684995
1,0,0,0.14771983
1,1,1,0.5109324
1,1,1,0.88001406
1,0,0,0.13831909
1,0,0,0.105535395
1,1,1,0.94037724
1,1,1,0.62638164
1,1,1,0.7612455
1,0,0,0.36209512
1,0,0,0.3616358
1,1,1,0.5723164
1,1,1,0.9139598
1,1,1,0.70844984
1,0,0,0.22743581
1,1,1,0.80493444
1,0,1,0.5478604
1,0,1,0.7219948
1,0,0,0.08936818
1,0,1,0.5874877
1,1,1,0.70771533
1,1,1,0.5679057
1,0,0,0.4194972
1,1,0,0.47030336
1,1,0,0.41511253
1,1,1,0.5416454
1,1,1,0.64143836
1,1,0,0.3251529
1,0,0,0.24914269
1,0,0,0.25147656
1,1,1,0.591555
1,0,1,0.5608185
1,0,1,0.50379735
1,0,0,0.3594215
1,1,0,0.48570222
1,0,0,0.19835126
1,1,1,0.73153025
1,0,0,0.28471833
1,0,0,0.25766695
1,0,1,0.59250283
1,0,0,0.33033305
1,0,1,0.5988195
1,1,1,0.5162087
1,1,1,0.58053267
1,0,1,0.5710523
1,1,1,0.84150726
1,1,1,0.6188585
1,0,1,0.5214985
1,1,1,0.83060366
1,0,1,0.60789174
1,0,0,0.20706326
1,1,1,0.7476419
1,1,1,0.7941693
1,1,1,0.5369391
1,0,0,0.35852122
1,1,1,0.62061626
1,1,1,0.7447648
1,0,0,0.4483561
1,0,1,0.56242305
1,0,1,0.7505378
1,0,0,0.17456236
1,1,1,0.7575773
1,0,0,0.29227147
1,0,1,0.83741325
1,0,1,0.8744927
1,1,1,0.70363164
1,1,1,0.857689
1,0,1,0.72663295
1,0,0,0.4534151
1,1,1,0.5682186
1,1,1,0.7635831
1,1,0,0.47963905
1,0,0,0.2430971
1,1,1,0.82259285
1,0,1,0.5379155
1,0,0,0.43926615
1,0,0,0.43765095
1,0,1,0.8189709
1,0,1,0.82450616
1,1,1,0.85349464
1,1,1,0.6354834
1,0,1,0.55585563
1,0,0,0.16334124
1,1,1,0.91390723
1,1,1,0.66620266
1,0,0,0.07820285
1,0,0,0.12191513
1,1,1,0.7070205
1,1,1,0.87189215
1,0,1,0.7771792
1,1,1,0.64490646
1,1,1,0.56654626
1,0,1,0.69860995
1,1,1,0.53188026
1,0,1,0.66472715
1,1,1,0.729854
1,0,1,0.5444077
1,1,0,0.4215634
1,0,1,0.6961887
1,0,1,0.6950186
1,0,1,0.84069765
1,0,0,0.45611215
1,0,0,0.18498413
1,0,0,0.23543955
1,1,1,0.5498579
1,0,0,0.40853265
1,1,1,0.72909796
1,0,1,0.6069357
1,0,0,0.48765892
1,1,1,0.76793
1,1,1,0.5599394
1,0,1,0.6235908
1,0,1,0.61750877
1,1,1,0.7368132
1,1,1,0.7880294
1,1,1,0.8356038
1,0,1,0.6650134
1,0,0,0.25767994
1,0,1,0.6091807
1,1,1,0.8684273
1,0,0,0.4658267
1,0,1,0.6323026
1,1,1,0.9090829
1,0,0,0.48301485
1,1,1,0.9403976
1,1,1,0.9128336
1,1,1,0.58512807
1,0,1,0.6098872
1,0,1,0.7638262
1,0,1,0.6323594
1,0,1,0.6946701
1,0,1,0.64248896
1,1,1,0.51331383
1,1,1,0.7833072
1,1,0,0.4585832
1,0,1,0.5318412
1,1,0,0.234395
1,1,1,0.61852384
1,1,1,0.7526512
1,0,0,0.21895652
1,0,1,0.513387
1,0,0,0.15722081
1,1,1,0.70803124
1,1,0,0.3993972
1,1,1,0.7100077
1,1,0,0.4592226
1,1,1,0.5114021
1,1,0,0.35618922
1,1,1,0.9017019
1,1,1,0.5279548
1,1,1,0.7411704
1,1,1,0.61737823
1,1,1,0.81702214
1,1,1,0.6601114
1,1,1,0.6267492
1,1,1,0.74043244
1,1,1,0.7441822
1,0,1,0.50657696
1,1,0,0.46548676
1,1,1,0.8060186
1,1,1,0.7225521
1,0,1,0.5326352
1,1,1,0.91289556
1,1,1,0.71934193
1,1,1,0.6795691
1,1,1,0.6571243
1,1,0,0.2665569
1,1,1,0.65408903
1,0,0,0.40117744
1,0,1,0.60221106
1,1,1,0.79239154
1,0,1,0.5885561
1,1,1,0.6335251
1,0,0,0.39063373
1,1,1,0.81571424
1,0,1,0.5950669
1,1,0,0.3305386
1,0,0,0.35334808
1,0,1,0.59403443
1,1,1,0.570193
1,0,0,0.31061962
1,0,0,0.45561853
1,0,1,0.62474245
1,1,1,0.50009066
1,0,0,0.2668509
1,1,1,0.576368
1,0,1,0.73706776
1,0,1,0.6373588
1,1,0,0.46291974
1,1,1,0.8681769
1,1,1,0.66983956
1,1,0,0.4240139
1,0,0,0.46252096
1,0,0,0.25257757
1,0,1,0.7455137
1,0,0,0.108432576
1,1,1,0.6651709
1,1,1,0.7830487
1,1,1,0.5147702
1,1,1,0.77314544
1,0,1,0.7022115
1,0,0,0.24368636
1,0,0,0.35149783
1,0,0,0.10633355
1,0,0,0.2342655
1,1,0,0.39040917
1,0,0,0.3286281
1,1,0,0.41910997
1,0,1,0.70244735
1,1,0,0.24721752
1,0,1,0.5562651
1,1,0,0.4386989
1,1,1,0.627065
1,1,1,0.6411264
1,1,1,0.6329862
1,1,0,0.45049766
1,0,1,0.8075993
1,1,0,0.45425102
1,0,1,0.63756436
1,1,0,0.38286337
1,1,0,0.46158051
1,1,1,0.61348355
1,0,1,0.71928674
1,0,0,0.17041534
1,0,1,0.58408374
1,1,1,0.93696874
1,0,0,0.48129302
1,0,1,0.8758772
1,1,1,0.69209176
1,1,1,0.7255355
1,0,1,0.6326309
1,0,0,0.4134944
1,1,1,0.7169154
1,0,0,0.4649991
1,1,1,0.73991567
1,1,1,0.8131744
1,1,0,0.39924046
1,1,1,0.84681195
1,1,1,0.59984356
1,0,0,0.34058273
1,0,1,0.5423297
1,1,1,0.75142026
1,0,1,0.73534703
1,1,1,0.93055445
1,1,1,0.9257746
1,0,1,0.6748978
1,1,1,0.73189247
1,0,1,0.77092236
1,0,1,0.6152627
1,0,0,0.41377798
1,0,1,0.8647392
1,0,1,0.840112
1,1,1,0.73838663
1,1,1,0.7641456
1,0,0,0.17749332
1,0,0,0.43120998
1,0,0,0.49078372
1,1,1,0.7955961
1,0,1,0.80511034
1,1,1,0.6888943
1,1,1,0.9080766
1,1,1,0.81231934
1,0,1,0.846297
1,1,1,0.8996472
1,1,0,0.3422278
1,0,0,0.486305
1,1,1,0.7975213
1,0,1,0.7634769
1,1,1,0.8684109
1,1,1,0.6966949
1,1,1,0.6546212
1,0,0,0.15023097
1,1,0,0.4026912
1,0,0,0.12925671
1,0,1,0.7373732
1,0,1,0.760555
1,0,0,0.16752745
1,1,1,0.786049
1,0,1,0.54840314
1,0,1,0.65821886
1,0,0,0.32390517
1,0,0,0.49242562
1,0,1,0.52212685
1,1,1,0.8033512
1,0,1,0.627818
1,0,0,0.47312602
1,1,1,0.7427065
1,0,1,0.51867896
1,1,1,0.63560075
1,1,1,0.81897664
1,0,0,0.45920998
1,0,0,0.3795153
1,1,1,0.77730423
1,0,1,0.6583071
1,0,0,0.079921804
1,1,1,0.72690797
1,1,0,0.31280476
1,1,1,0.8476621
1,0,1,0.5191828
1,0,0,0.2877272
1,1,0,0.40406194
1,1,1,0.87466496
1,1,1,0.86300766
1,0,0,0.44232112
1,0,1,0.6798586
1,1,1,0.6852895
1,1,1,0.7632067
1,0,1,0.6536609
1,0,1,0.7859709
1,1,1,0.90792483
1,0,1,0.61445326
1,0,1,0.8294172
1,0,1,0.58362526
1,0,0,0.26442847
1,1,1,0.82890713
1,1,1,0.7382126
1,1,1,0.5683837
1,1,1,0.9228696
1,0,0,0.1480696
1,0,0,0.20303999
1,1,1,0.7960127
1,1,1,0.7707971
1,0,0,0.31079978
1,0,1,0.64183474
1,0,0,0.27854303
1,0,0,0.35299057
1,1,1,0.7864652
1,0,1,0.61458945
1,1,1,0.8087132
1,1,1,0.77507204
1,1,1,0.69311804
1,0,1,0.7886743
1,0,0,0.46799457
1,1,1,0.8201892
1,1,1,0.6693977
1,0,1,0.6849278
1,1,1,0.6543221
1,1,1,0.501054
1,1,1,0.86303556
1,1,1,0.75514364
1,1,1,0.82173705
1,0,1,0.7213183
1,1,1,0.7555973
1,1,1,0.8225065
1,0,1,0.6884511
1,1,1,0.8780243
1,0,0,0.4943533
1,0,0,0.46471515
1,1,1,0.90520734
1,1,1,0.7518431
1,1,1,0.8657365
1,0,0,0.46023372
1,0,1,0.64676946
1,1,1,0.8442234
1,0,0,0.37698054
1,1,1,0.8798659
1,1,0,0.44897863
1,0,0,0.42869952
1,0,0,0.3248603
1,0,1,0.6752011
1,1,1,0.55103374
1,0,1,0.58934385
1,1,1,0.7428014
1,0,1,0.72258836
1,0,1,0.758038
1,1,1,0.87345314
1,0,0,0.4944656
1,0,1,0.6058911
1,1,1,0.64136505
1,1,1,0.6282467
1,0,1,0.5194247
1,0,0,0.3825104
1,0,1,0.5944241
1,0,0,0.47922087
1,0,0,0.4473562
1,0,1,0.50592935
1,1,1,0.69800836
1,0,1,0.79530203
1,0,1,0.6096836
1,0,1,0.5315722
1,1,0,0.3705855
1,1,1,0.7396873
1,1,1,0.80691004
1,1,1,0.7377336
1,1,1,0.5919147
1,1,1,0.7018607
1,0,1,0.6992156
1,1,1,0.54363847
1,1,1,0.7472012
1,1,1,0.79221815
1,1,1,0.58941084
1,1,1,0.5013004
1,0,1,0.7530309
1,1,1,0.86102754
1,1,1,0.5596536
1,1,0,0.34484464
1,1,0,0.41520646
1,1,1,0.52640367
1,0,0,0.3937086
1,1,0,0.14471512
1,0,0,0.46184978
1,0,1,0.6171545
1,0,0,0.15791062
1,0,0,0.49854445
1,0,0,0.4367535
1,0,0,0.43801987
1,0,0,0.33230177
1,0,0,0.46703398
1,1,0,0.41202444
1,0,1,0.5709723
1,0,1,0.544885
1,0,1,0.5482524
1,1,0,0.39444777
1,0,0,0.17052925
1,0,0,0.44353446
1,1,1,0.50523645
1,1,1,0.6720296
1,1,1,0.7569155
1,0,0,0.48283243
1,0,1,0.6690463
1,0,1,0.75195545
1,1,1,0.73227686
1,0,0,0.29179144
1,1,1,0.69849515
1,1,1,0.81312037
1,1,1,0.7582055
1,0,0,0.37363273
1,1,1,0.6251309
1,1,1,0.7039611
1,0,0,0.32870045
1,0,1,0.7750474
1,0,0,0.45916197
1,1,1,0.70345193
1,0,1,0.6295831
1,0,0,0.09890434
1,0,1,0.67278177
1,1,1,0.69620633
1,0,0,0.4727018
1,0,1,0.8761001
1,0,1,0.5190683
1,1,1,0.8677593
1,0,0,0.16068274
1,1,1,0.8056646
1,0,0,0.36470127
1,0,1,0.80631775
1,1,1,0.8291862
1,1,1,0.7820241
1,1,1,0.7348917
1,1,0,0.40986285
1,0,0,0.32519788
1,1,1,0.51721257
1,1,1,0.50165707
1,1,1,0.5532071
1,0,0,0.24508658
1,0,0,0.4504993
1,0,1,0.5289452
1,0,1,0.5922513
1,1,1,0.84230524
1,0,1,0.5123311
1,0,0,0.28041112
1,1,1,0.7983263
1,1,1,0.8327667
1,0,1,0.7709352
1,0,1,0.57890135
1,0,1,0.72852105
1,1,1,0.69370574
1,0,1,0.5102822
1,0,1,0.56683534
1,0,1,0.7782388
1,1,0,0.4967883
1,0,0,0.49540856
1,0,1,0.6762516
1,0,0,0.4722921
1,1,1,0.5832857
1,0,0,0.40502337
1,1,0,0.3837541
1,0,1,0.60144264
1,1,1,0.73787177
1,0,0,0.47364026
1,1,1,0.562295
1,0,0,0.26439705
1,1,1,0.71371484
1,1,1,0.64986104
1,1,1,0.55134606
1,0,0,0.286466
1,1,1,0.7893906
1,1,1,0.62414855
1,1,0,0.46598932
1,1,1,0.7559822
1,0,1,0.5454645
1,0,0,0.23740767
1,0,0,0.37220648
1,0,0,0.24057347
1,0,1,0.74126744
1,1,0,0.48959506
1,0,0,0.20750394
1,1,1,0.900681
1,1,1,0.8281477
1,1,0,0.45206842
1,1,0,0.47222182
1,0,0,0.4467122
1,1,1,0.60683054
1,0,1,0.51212853
1,1,1,0.6279854
1,0,0,0.44831428
1,1,1,0.6926382
1,0,0,0.43237376
1,0,0,0.41947982
1,1,0,0.43537214
1,0,0,0.48171934
1,0,1,0.5477632
1,1,1,0.76051176
1,0,0,0.39967108
1,1,1,0.88980055
1,1,1,0.7233822
1,1,1,0.84246343
1,0,1,0.62793416
1,0,1,0.71264523
1,1,1,0.89545345
1,0,0,0.30015147
1,1,0,0.4399778
1,0,1,0.68540114
1,1,1,0.8677201
1,1,1,0.8470154
1,0,0,0.45105827
1,0,1,0.71048886
1,1,1,0.8619692
1,0,0,0.17567328
1,0,1,0.5183262
1,1,1,0.8146532
1,0,1,0.54929703
1,0,0,0.2639143
1,0,0,0.3379381
1,1,1,0.8143142
1,1,0,0.49766758
1,1,1,0.81626254
1,0,0,0.4751825
1,1,1,0.78633255
1,0,0,0.3200804
1,0,0,0.2612026
1,1,1,0.64973587
1,0,0,0.445233
1,0,0,0.49911422
1,0,0,0.3690745
1,0,1,0.51537204
1,1,1,0.8280661
1,0,1,0.75114995
1,1,1,0.92794776
1,1,1,0.9162309
1,1,1,0.87722474
1,1,1,0.85273826
1,0,1,0.73599434
1,0,0,0.3837065
1,0,1,0.7721437
1,1,0,0.3817339
1,0,0,0.3956867
1,0,0,0.34954998
1,1,1,0.64328974
1,0,1,0.5614611
1,0,1,0.78619224
1,1,0,0.3076884
1,0,0,0.2603748
1,0,0,0.16461122
1,0,1,0.72449285
1,1,1,0.8423794
1,0,0,0.33322707
1,1,0,0.4606456
1,1,1,0.79354495
1,1,1,0.61812997
1,1,1,0.73637855
1,0,0,0.42442903
1,0,1,0.68059677
1,1,1,0.70924705
1,1,1,0.79924464
1,1,1,0.7574226
1,0,1,0.6981696
1,0,0,0.45001468
1,1,1,0.85378844
1,0,1,0.60511714
1,0,0,0.14392695
1,0,0,0.2682872
1,1,1,0.57983845
1,0,0,0.07924428
1,1,0,0.38341254
1,1,1,0.8641872
1,0,0,0.34250268
1,0,0,0.4030406
1,1,1,0.6594662
1,0,1,0.5413942
1,0,1,0.5198903
1,0,0,0.36222836
1,0,0,0.18971749
1,0,0,0.48229888
1,1,1,0.7532092
1,1,1,0.7689785
1,1,1,0.7481808
1,1,0,0.4122543
1,0,1,0.50318825
1,1,1,0.7862245
1,1,1,0.8539948
1,0,1,0.6415469
1,1,1,0.7213825
1,1,1,0.7660434
1,1,1,0.74414885
1,0,0,0.43270648
1,1,1,0.8887224
1,0,0,0.45204604
1,1,1,0.8021684
1,1,1,0.95270646
1,1,1,0.9183374
1,0,1,0.57571566
1,0,1,0.54787076
1,0,1,0.62049615
1,1,1,0.87176013
1,1,1,0.87023145
1,1,1,0.87081724
1,0,0,0.27396867
1,1,1,0.8524705
1,1,1,0.8671301
1,0,1,0.6339788
1,1,0,0.42939773
1,0,1,0.51520485
1,0,1,0.6226072
1,1,1,0.776709
1,1,1,0.9160425
1,0,0,0.19362956
1,0,1,0.6072839
1,1,1,0.58751637
1,0,0,0.4335673
1,0,0,0.25972977
1,0,0,0.12540846
1,1,1,0.9208903
1,1,1,0.8349366
1,1,1,0.79418516
1,1,1,0.69038254
1,1,1,0.7556629
1,1,1,0.87758917
1,0,0,0.3754046
1,1,1,0.72567284
1,0,0,0.373743
1,1,1,0.6722299
1,0,1,0.6047972
1,1,1,0.72095656
1,1,0,0.08863179
1,0,0,0.45099536
1,1,1,0.58575237
1,0,0,0.12570924
1,0,1,0.5770193
1,1,0,0.31056082
1,0,0,0.39201102
1,1,0,0.49055296
1,0,1,0.5552148
1,0,0,0.44707462
1,1,0,0.26536682
1,0,1,0.5117072
1,0,1,0.56942487
1,0,0,0.24283634
1,0,0,0.32975724
1,0,0,0.11748811
1,1,0,0.39391196
1,0,0,0.17723717
1,0,1,0.57235277
1,1,1,0.54132164
1,0,0,0.1974763
1,0,0,0.048291717
1,0,0,0.38938886
1,0,1,0.5268919
1,1,1,0.9304516
1,1,1,0.754785
1,0,1,0.6982763
1,1,1,0.6388133
1,1,1,0.59441584
1,0,1,0.51396686
1,1,1,0.7890231
1,1,1,0.66748464
1,0,0,0.21146072
1,0,0,0.31661448
1,1,1,0.5739267
1,0,0,0.49408582
1,0,1,0.65259767
1,1,1,0.8576162
1,1,1,0.5421101
1,1,1,0.6310999
1,0,1,0.5769647
1,0,0,0.37962955
1,0,1,0.5279202
1,1,1,0.57840955
1,0,1,0.7613431
1,1,0,0.3117243
1,1,1,0.5785462
1,0,1,0.5385948
1,0,1,0.613111
1,1,1,0.5633553
1,0,0,0.3593347
1,0,1,0.86229724
1,0,0,0.4938333
1,0,0,0.46670502
1,1,1,0.7303815
1,0,0,0.45758528
1,1,1,0.7425285
1,0,0,0.38406825
1,1,1,0.77681065
1,1,1,0.72975594
1,1,1,0.61374474
1,1,1,0.66595733
1,0,0,0.4108296
1,1,1,0.67323124
1,1,1,0.786962
1,0,0,0.31936535
1,0,1,0.76749486
1,1,1,0.7430634
1,0,0,0.15914582
1,1,1,0.9091319
1,1,1,0.67872614
1,1,1,0.6736416
1,0,0,0.44059503
1,1,1,0.5027446
1,1,1,0.5598033
1,0,0,0.15580858
1,0,1,0.72560555
1,0,1,0.70550424
1,0,1,0.6337221
1,0,1,0.7689719
1,0,0,0.41071898
1,0,1,0.6661561
1,0,0,0.48196697
1,0,1,0.8330976
1,1,1,0.5976567
1,1,1,0.85298836
1,1,0,0.49908504
1,0,0,0.34285143
1,0,1,0.8673015
1,1,0,0.3301617
1,0,0,0.17575653
1,1,1,0.55773646
1,0,0,0.45679286
1,1,1,0.82627857
1,0,1,0.698335
1,1,1,0.84605676
1,1,1,0.81423086
1,1,1,0.7467349
1,1,1,0.7192866
1,0,1,0.7171316
1,0,1,0.5176893
1,1,1,0.70206183
1,0,1,0.6069244
1,0,0,0.3366539
1,1,1,0.59548455
1,1,1,0.8251533
1,1,1,0.59543747
1,0,1,0.50370264
1,0,1,0.7379525
1,1,1,0.88000035
1,0,1,0.6825618
1,1,1,0.95487
1,0,1,0.73303956
1,0,1,0.8246261
1,1,1,0.89517844
1,1,1,0.8608636
1,0,1,0.7662363
1,0,0,0.36444333
1,1,1,0.8370051
1,0,1,0.5159983
1,1,1,0.8767161
1,0,1,0.5961934
1,0,0,0.35499233
1,1,1,0.9454345
1,1,1,0.8459755
1,0,1,0.61003685
1,0,0,0.26862222
1,0,0,0.17839667
1,0,0,0.18173625
1,1,1,0.83489287
1,1,1,0.9143792
1,0,0,0.24543448
1,1,1,0.869454
1,0,0,0.32294226
1,1,1,0.8260678
1,0,0,0.3595376
1,0,0,0.4093011
1,1,1,0.8583962
1,0,1,0.66818845
1,1,1,0.576198
1,1,1,0.8527999
1,1,1,0.51801383
1,0,0,0.33857188
1,0,0,0.15035298
1,1,1,0.7715374
1,0,0,0.42819247
1,0,1,0.6583384
1,0,1,0.7385412
1,0,0,0.4568149
1,1,1,0.95713043
1,0,1,0.6574666
1,1,1,0.622293
1,0,1,0.5715896
1,0,1,0.6026344
1,0,1,0.5467996
1,1,1,0.77367216
1,1,1,0.86807925
1,1,1,0.94184726
1,0,0,0.47829488
1,1,1,0.72322303
1,0,0,0.115315124
1,0,0,0.3964949
1,0,0,0.46537825
1,1,1,0.77537215
1,0,1,0.55757105
1,1,1,0.6459451
1,1,1,0.5840208
1,0,0,0.48376667
1,0,1,0.55260515
1,1,0,0.4728912
1,0,1,0.7700258
1,0,0,0.35167137
1,0,0,0.07689001
1,1,0,0.4798761
1,1,1,0.73143584
1,0,0,0.373103
1,1,1,0.9557192
1,1,1,0.79917943
1,1,1,0.5565591
1,0,1,0.6947876
1,1,1,0.59885377
1,0,1,0.9469194
1,1,0,0.49859008
1,0,1,0.5587335
1,1,1,0.67261696
1,1,1,0.788539
1,0,0,0.30481893
1,1,1,0.8292271
1,0,1,0.6141612
1,1,1,0.80369073
1,1,1,0.6262234
1,1,1,0.713201
1,1,1,0.5413057
1,1,1,0.8197566
1,1,1,0.67569125
1,1,1,0.58845234
1,0,0,0.47721586
1,1,1,0.7647562
1,1,1,0.55381346
1,1,1,0.60998416
1,0,0,0.41313326
1,1,1,0.6520117
1,1,1,0.6168087
1,1,1,0.777171
1,0,0,0.42851233
1,0,1,0.80226463
1,0,0,0.07453762
1,0,0,0.47852015
1,0,1,0.5255359
1,0,1,0.6951375
1,1,0,0.46248513
1,1,1,0.9437928
1,1,1,0.60738707
1,0,1,0.5097226
1,0,1,0.58452374
1,0,1,0.65779114
1,1,1,0.79043496
1,1,1,0.6513412
1,0,1,0.5891636
1,0,0,0.2557015
1,0,1,0.73650354
1,1,1,0.72926116
1,0,0,0.45016262
1,1,1,0.74444294
1,0,0,0.25198078
1,0,1,0.5657567
1,1,1,0.7648245
1,0,0,0.40707713
1,0,0,0.24275953
1,1,1,0.75450474
1,1,1,0.6114592
1,1,1,0.7535938
1,1,1,0.7641674
1,1,1,0.8701631
1,0,0,0.05735173
1,1,1,0.81581026
1,1,1,0.8821199
1,1,1,0.8616842
1,0,1,0.6641886
1,0,0,0.4552222
1,0,0,0.24550717
1,0,0,0.1400121
1,1,1,0.88137287
1,0,1,0.6597477
1,0,1,0.6896155
1,0,1,0.67276037
1,1,0,0.44669604
1,1,1,0.941092
1,1,1,0.7513123
1,0,1,0.5053789
1,1,1,0.64353275
1,0,1,0.6779648
1,1,1,0.7108012
1,0,0,0.43336502
1,1,1,0.7579207
1,1,0,0.15121908
1,0,0,0.40111777
1,0,0,0.17363445
1,0,0,0.17391457
1,1,1,0.87579393
1,0,0,0.4529895
1,1,1,0.62485933
1,1,1,0.663592
1,1,1,0.7813294
1,0,1,0.5152292
1,0,1,0.73690915
1,1,1,0.51637685
1,1,1,0.7846704
1,1,1,0.659903
1,1,1,0.8161246
1,1,1,0.8188822
1,1,1,0.7222351
1,1,0,0.39464602
1,0,0,0.16448802
1,1,1,0.5170848
1,0,1,0.59808546
1,1,1,0.5076068
1,1,1,0.6100512
1,1,1,0.52451885
1,0,0,0.48414472
1,0,0,0.23445189
1,0,0,0.15320157
1,0,1,0.55655324
1,1,1,0.87859064
1,0,0,0.3315282
1,0,0,0.23909567
1,0,1,0.62761945
1,0,1,0.7861868
1,0,0,0.113223284
1,1,1,0.5696901
1,1,1,0.88431895
1,1,1,0.7259436
1,1,1,0.55227953
1,1,1,0.8940852
1,1,1,0.85597986
1,1,1,0.80018353
1,0,0,0.2551191
1,1,1,0.7972401
1,0,1,0.52462137
1,0,0,0.25090122
1,0,1,0.5230342
1,1,1,0.82711256
1,0,0,0.49908376
1,0,1,0.5008474
1,1,1,0.8573718
1,1,0,0.3156355
1,0,1,0.5713063
1,1,1,0.7003703
1,0,0,0.33243048
1,1,1,0.8769944
1,0,0,0.4506274
1,0,1,0.85151273
1,0,0,0.2645602
1,0,0,0.4257731
1,1,1,0.9204257
1,0,0,0.09068326
1,0,1,0.67397773
1,0,0,0.36353964
1,0,1,0.7828842
1,1,1,0.86441225
1,0,0,0.47027403
1,0,0,0.38699892
1,1,1,0.7843525
1,0,1,0.7231154
1,1,1,0.81151205
1,1,1,0.6264418
1,0,1,0.67016304
1,0,1,0.64086765
1,1,1,0.6514992
1,1,1,0.68883705
1,1,1,0.7743094
1,0,1,0.5600261
1,0,0,0.48600024
1,0,0,0.28030932
1,1,1,0.7436186
1,1,1,0.86163354
1,0,1,0.707998
1,0,0,0.15765643
1,1,0,0.41261324
1,0,1,0.7805581
1,1,1,0.8310062
1,0,0,0.49058604
1,0,0,0.31174538
1,0,1,0.5303905
1,1,1,0.5511946
1,1,1,0.92560875
1,0,0,0.29074138
1,1,1,0.8597386
1,0,0,0.43345383
1,0,0,0.2097081
1,0,0,0.06852565
1,1,1,0.6808216
1,0,1,0.79513115
1,1,0,0.42943576
1,1,1,0.7423128
1,0,1,0.5122263
1,0,0,0.40470308
1,0,1,0.6128873
1,1,1,0.61877686
1,1,1,0.86954945
1,1,1,0.6619659
1,1,0,0.30505294
1,1,1,0.65718925
1,0,1,0.81751865
1,1,1,0.6516287
1,1,1,0.74785066
1,0,1,0.9072379
1,1,1,0.9410787
1,1,1,0.8914858
1,1,0,0.4602029
1,0,0,0.20540078
1,1,0,0.32450902
1,0,1,0.79542667
1,0,0,0.19518432
1,0,0,0.14460231
1,0,1,0.6201803
1,1,1,0.64872295
1,1,0,0.25098652
1,1,1,0.82336295
1,1,1,0.7839137
1,1,1,0.9220649
1,0,0,0.2910633
1,1,1,0.7741157
1,0,1,0.7251118
1,1,0,0.3693815
1,1,1,0.8481734
1,1,1,0.69965565
1,1,1,0.8302839
1,0,0,0.37141615
1,1,1,0.8683093
1,0,0,0.17467035
1,1,0,0.40540478
1,1,1,0.87218314
1,0,1,0.83201563
1,1,1,0.7805981
1,1,0,0.3354816
1,1,0,0.28543463
1,0,0,0.41968825
1,1,1,0.5187245
1,1,1,0.6717937
1,0,0,0.11790687
1,1,1,0.66003335
1,0,0,0.26684374
1,1,1,0.59169126
1,0,0,0.43491092
1,0,0,0.14396423
1,0,1,0.7955651
1,0,1,0.5787664
1,0,1,0.6924573
1,1,1,0.8405906
1,0,1,0.6258415
1,0,0,0.39582047
1,0,0,0.32052332
1,1,1,0.78505665
1,0,1,0.6309883
1,0,1,0.688329
1,1,1,0.677247
1,1,1,0.7294754
1,0,1,0.71450275
1,1,1,0.85801655
1,0,1,0.8365847
1,0,1,0.5636243
1,0,1,0.59859675
1,0,1,0.8847376
1,1,1,0.8379946
1,1,1,0.62600225
1,0,1,0.5383572
1,0,0,0.3699649
1,0,0,0.15778832
1,1,1,0.75612354
1,0,1,0.68581414
1,1,1,0.8364071
1,1,1,0.7790126
1,0,0,0.3494687
1,1,1,0.69184303
1,1,1,0.6775101
1,1,1,0.5540841
1,1,0,0.3743824
1,0,1,0.79726464
1,0,0,0.1442626
1,0,1,0.5898058
1,0,0,0.16716592
1,0,1,0.85851437
1,0,1,0.8320693
1,1,1,0.6502982
1,0,0,0.4608614
1,1,1,0.57770866
1,0,1,0.6615009
1,0,0,0.49446645
1,1,1,0.6820831
1,0,0,0.1533515
1,1,0,0.46241462
1,0,0,0.25448406
1,1,1,0.5834824
1,0,1,0.58686745
1,1,1,0.59110564
1,0,0,0.3121618
1,0,1,0.52236396
1,1,1,0.6842379
1,1,1,0.61525637
1,1,0,0.12621376
1,1,0,0.48334455
1,0,1,0.65218955
1,0,0,0.29552823
1,1,0,0.43404937
1,0,1,0.6134921
1,1,1,0.6571251
1,0,1,0.6334967
1,0,1,0.5415527
1,1,1,0.7546829
1,1,0,0.49875337
1,1,1,0.79074687
1,1,1,0.7758493
1,0,1,0.5509923
1,0,1,0.68574864
1,1,0,0.47054642
1,0,1,0.74607056
1,1,1,0.74326897
1,0,1,0.7172102
1,1,1,0.66774464
1,1,1,0.8777536
1,1,1,0.5973717
1,0,1,0.80457085
1,0,0,0.41587433
1,1,1,0.79092026
1,0,0,0.39318562
1,0,1,0.8696268
1,0,1,0.69151276
1,0,1,0.50144017
1,1,1,0.7777863
1,0,0,0.46959254
1,1,1,0.7942874
1,1,1,0.84368336
1,1,1,0.6875992
1,1,1,0.8455476
1,1,1,0.8131536
1,0,1,0.656759
1,0,1,0.68930346
1,0,1,0.65924406
1,1,1,0.818191
1,1,1,0.60081685
1,1,1,0.91661924
1,1,1,0.5445262
1,1,1,0.5583179
1,1,1,0.6331691
1,1,1,0.78402114
1,1,0,0.1860231
1,0,0,0.41904
1,1,1,0.6908873
1,0,1,0.78559583
1,1,1,0.53084296
1,0,0,0.33619985
1,0,0,0.40935805
1,0,1,0.5703606
1,0,1,0.7323824
1,0,1,0.7337274
1,0,0,0.2989574
1,0,0,0.37040898
1,1,1,0.76043177
1,1,1,0.7875692
1,0,1,0.6058254
1,1,1,0.91552454
1,1,0,0.34853825
1,1,1,0.71090066
1,0,1,0.7945417
1,1,1,0.7289457
1,1,0,0.24577962
1,0,1,0.68440187
1,0,1,0.6297182
1,1,1,0.89755565
1,1,0,0.21653537
1,1,1,0.7340129
1,0,1,0.85118634
1,0,1,0.57339764
1,1,0,0.47272635
1,0,1,0.69886863
1,0,0,0.4960095
1,0,1,0.527745
1,0,1,0.5188792
1,0,1,0.6316839
1,0,1,0.66395354
1,1,1,0.5094341
1,1,1,0.930068
1,1,1,0.50311875
1,0,0,0.3150114
1,0,0,0.40245777
1,1,1,0.7496405
1,0,0,0.35395044
1,0,0,0.25408223
1,1,1,0.80092865
1,1,1,0.8522615
1,1,1,0.59481907
1,0,0,0.39865354
1,1,0,0.46630228
1,0,0,0.15389003
1,0,0,0.39370528
1,0,1,0.5021526
1,0,1,0.7096902
1,0,0,0.41855264
1,1,0,0.4635811
1,0,0,0.3391539
1,1,1,0.6504961
1,1,1,0.853286
1,0,1,0.55548465
1,0,1,0.59909683
1,0,0,0.25807506
1,0,0,0.13060653
1,1,1,0.8208321
1,0,1,0.6564905
1,1,1,0.851725
1,1,1,0.8341625
1,0,1,0.6964099
1,1,1,0.9125992
1,0,0,0.27535158
1,0,0,0.3402133
1,0,0,0.24467845
1,1,1,0.7301433
1,1,1,0.6391125
1,1,1,0.8552629
1,0,0,0.29581603
1,1,1,0.6790792
1,0,0,0.495154
1,1,0,0.16427119
1,0,0,0.3368213
1,0,1,0.529531
1,1,1,0.8596297
1,1,1,0.60231686
1,1,0,0.4722658
1,0,0,0.41315746
1,0,0,0.3019028
1,1,1,0.8233726
1,1,1,0.73377466
1,1,1,0.76419073
1,0,1,0.60199064
1,1,1,0.7235242
1,1,1,0.7368439
1,0,0,0.46929246
1,0,0,0.2965687
1,1,1,0.5776931
1,1,1,0.7268935
1,1,1,0.7666534
1,0,0,0.44731024
1,0,0,0.4689996
1,0,0,0.40542898
1,0,1,0.53897417
1,0,0,0.1917427
1,0,0,0.487224
1,0,1,0.81067085
1,1,1,0.72832316
1,0,1,0.6299841
1,0,1,0.70208424
1,1,1,0.5978644
1,0,1,0.6466934
1,0,1,0.66104925
1,0,0,0.273564
1,1,1,0.70742875
1,0,1,0.7067867
1,1,1,0.8531035
1,1,0,0.1950526
1,1,0,0.24876128
1,1,1,0.81120616
1,1,1,0.8189029
1,1,1,0.7475713
1,0,0,0.3529586
1,1,1,0.86938286
1,0,1,0.7853846
1,0,1,0.739243
1,1,1,0.74123156
1,1,1,0.8426287
1,0,0,0.29517996
1,1,1,0.5279436
1,0,0,0.26527432
1,1,1,0.73552835
1,0,0,0.23705903
1,1,1,0.70726913
1,0,1,0.53207517
1,1,1,0.79055125
1,1,1,0.5941894
1,1,1,0.6065916
1,1,0,0.48289818
1,1,1,0.5409266
1,1,0,0.37128288
1,0,1,0.7634509
1,0,0,0.43408492
1,0,0,0.36729833
1,0,1,0.5122222
1,0,1,0.5874419
1,1,0,0.36605117
1,1,1,0.822271
1,1,0,0.38335857
1,0,0,0.46526954
1,0,1,0.69389814
1,0,1,0.7380412
1,0,1,0.51100194
1,1,1,0.50124997
1,0,0,0.42190677
1,0,1,0.5763852
1,0,0,0.15888447
1,0,0,0.27335027
1,0,0,0.15128477
1,1,1,0.70667493
1,1,0,0.46013978
1,1,1,0.7749562
1,1,1,0.74061143
1,1,1,0.6549824
1,1,1,0.7812935
1,1,1,0.81055814
1,0,0,0.13585204
1,1,1,0.7940571
1,0,1,0.737006
1,1,1,0.5217903
1,0,0,0.21915
1,0,1,0.6962195
1,1,1,0.50531787
1,1,1,0.8379886
1,0,1,0.81043494
1,0,0,0.37321615
1,0,1,0.50334334
1,0,1,0.82291794
1,0,0,0.43878123
1,1,1,0.93743414
1,1,1,0.6133855
1,1,1,0.8414349
1,1,1,0.8816161
1,1,1,0.66691273
1,0,0,0.40943992
1,0,0,0.10686746
1,0,1,0.59361655
1,0,1,0.6853448
1,1,1,0.7877613
1,1,1,0.83770543
1,0,0,0.42811218
1,0,1,0.6706644
1,0,0,0.21481836
1,0,0,0.4919633
1,1,1,0.7807752
1,0,0,0.07516891
1,0,0,0.3124985
1,0,0,0.37050048
1,1,1,0.6968286
1,0,0,0.20802307
1,1,1,0.7064528
1,1,1,0.92057633
1,1,1,0.6819584
1,0,0,0.32985526
1,1,1,0.9045802
1,0,0,0.2514182
1,1,1,0.9195705
1,1,1,0.912036
1,0,1,0.5545821
1,1,1,0.837364
1,0,1,0.6773323
1,0,1,0.78062445
1,1,1,0.78471017
1,1,0,0.39498463
1,1,0,0.43564507
1,1,1,0.7578018
1,1,0,0.46037036
1,1,1,0.83176285
1,0,1,0.7826461
1,0,0,0.31630853
1,0,1,0.79282105
1,0,1,0.5510769
1,0,0,0.44228324
1,1,1,0.8294036
1,1,1,0.83504355
1,1,1,0.6680828
1,0,1,0.8164662
1,0,1,0.5123412
1,1,1,0.6325124
1,1,1,0.5764789
1,1,1,0.5780182
1,0,1,0.63530856
1,1,1,0.5678817
1,0,1,0.5661737
1,0,1,0.578479
1,1,1,0.5570196
1,1,1,0.67625254
1,1,1,0.57661164
1,1,1,0.548877
1,1,1,0.8857114
1,1,1,0.62161267
1,0,0,0.38677824
1,0,0,0.36971438
1,1,1,0.874688
1,1,1,0.6032392
1,0,0,0.48100793
1,0,0,0.098203905
1,1,1,0.82311857
1,1,1,0.7044214
1,0,0,0.32136217
1,0,1,0.8203601
1,0,1,0.59243894
1,1,1,0.66063416
1,1,1,0.9093453
1,0,1,0.61645997
1,1,1,0.79813373
1,1,1,0.50518626
1,0,0,0.37000918
1,1,1,0.69333464
1,0,0,0.33164763
1,1,1,0.7785983
1,0,1,0.54694664
1,0,1,0.86160016
1,1,1,0.622293
1,0,0,0.45914167
1,0,0,0.25616208
1,1,0,0.40051675
1,0,0,0.4166152
1,0,0,0.45537946
1,0,1,0.6175568
1,1,1,0.7305779
1,1,1,0.5494163
1,0,1,0.53926224
1,1,1,0.8420668
1,1,1,0.61646545
1,1,1,0.77224845
1,1,0,0.39485505
1,0,0,0.38379386
1,0,0,0.47461277
1,0,0,0.44081756
1,1,0,0.30204505
1,0,1,0.69623905
1,0,1,0.59150386
1,1,1,0.6048126
1,1,1,0.69436634
1,1,1,0.5508431
1,1,1,0.51213276
1,1,0,0.33913505
1,1,1,0.8754787
1,0,0,0.45298764
1,1,1,0.67339146
1,1,0,0.44726825
1,0,1,0.5171939
1,0,0,0.25075978
1,1,1,0.88337743
1,1,1,0.6002754
1,0,1,0.6402929
1,1,1,0.5770325
1,0,1,0.5048894
1,1,1,0.79586184
1,1,1,0.727573
1,0,0,0.22840725
1,0,1,0.8192135
1,1,1,0.9142914
1,0,1,0.770792
1,0,1,0.6896561
1,1,1,0.5042521
1,0,1,0.54003346
1,0,0,0.41910943
1,0,1,0.7040447
1,1,1,0.51089096
1,0,0,0.3957664
1,1,1,0.84299123
1,1,1,0.5975813
1,1,1,0.8141065
1,0,0,0.3669203
1,1,1,0.8559457
1,0,1,0.7638093
1,0,0,0.43478295
1,0,1,0.5479326
1,1,1,0.8651542
1,1,1,0.7156768
1,0,1,0.5993727
1,0,0,0.46753258
1,0,0,0.4955334
1,0,1,0.66449624
1,0,0,0.4311918
1,1,1,0.7003495
1,1,1,0.81869966
1,0,0,0.485634
1,0,0,0.3037268
1,0,1,0.76767063
1,0,0,0.13789661
1,1,1,0.6772067
1,1,1,0.79257315
1,1,1,0.5230184
1,1,1,0.557394
1,0,1,0.6715935
1,0,0,0.23841104
1,1,1,0.72456396
1,1,1,0.64670026
1,0,0,0.4605554
1,0,1,0.5041941
1,1,1,0.6266924
1,0,0,0.4006699
1,0,0,0.4629917
1,1,1,0.5077468
1,1,1,0.5684433
1,0,1,0.81925327
1,1,1,0.7927867
1,1,1,0.73040044
1,0,1,0.56183976
1,0,0,0.33453527
1,1,1,0.754729
1,0,1,0.54659957
1,0,1,0.67251205
1,0,1,0.55251795
1,0,0,0.33145523
1,0,0,0.4543704
1,1,0,0.4701474
1,1,1,0.5289717
1,0,0,0.21027374
1,0,1,0.58698696
1,1,1,0.74681216
1,0,1,0.5129365
1,1,1,0.7139344
1,1,1,0.5252851
1,0,1,0.63998866
1,1,1,0.7665598
1,0,0,0.3512301
1,1,1,0.9033711
1,0,1,0.53986055
1,0,1,0.5340063
1,1,0,0.21641667
1,1,1,0.50631624
1,0,0,0.38775802
1,1,1,0.7607524
1,0,0,0.1267322
1,0,0,0.4243827
1,1,1,0.5375207
1,0,0,0.4820924
1,0,0,0.46108016
1,1,1,0.5066397
1,0,0,0.33344397
1,0,0,0.13184474
1,1,1,0.6027545
1,0,1,0.54486156
1,0,0,0.3699293
1,1,1,0.58539486
1,0,0,0.12398239
1,1,1,0.6035327
1,0,1,0.6502409
1,0,1,0.54769546
1,1,0,0.40338
1,0,0,0.31770113
1,0,0,0.22499649
1,0,0,0.108806446
1,1,1,0.5380312
1,0,0,0.26830134
1,0,0,0.4177001
1,0,0,0.22557467
1,1,0,0.39321166
1,0,1,0.6138794
1,0,0,0.23519796
1,0,0,0.24428757
1,0,0,0.20898055
1,0,1,0.6807019
1,0,0,0.23860094
1,0,0,0.316901
1,0,0,0.4666497
1,0,0,0.26908222
1,1,0,0.3303455
1,1,0,0.25024953
1,1,0,0.28326848
1,0,0,0.44417453
1,0,0,0.2558226
1,0,0,0.36731836
1,1,1,0.50827974
1,1,1,0.56004196
1,1,1,0.7008818
1,1,1,0.5567813
1,1,0,0.2172647
1,0,0,0.34154242
1,0,0,0.16297875
1,1,0,0.38387576
1,1,1,0.53890014
1,1,0,0.28652576
1,0,0,0.3243179
1,1,0,0.3828709
1,1,0,0.49880686
1,1,1,0.59351295
1,1,0,0.417606
1,0,0,0.24301079
1,0,0,0.25182885
1,0,0,0.16248305
1,0,0,0.4208394
1,0,0,0.24709806
1,0,0,0.34475636
1,0,0,0.116135806
1,0,0,0.30885732
1,1,0,0.27794427
1,0,0,0.492838
1,0,1,0.691554
1,1,1,0.62703925
1,0,0,0.28115398
1,0,0,0.1880105
1,0,0,0.23888464
1,0,0,0.3256998
1,0,0,0.41181263
1,0,0,0.32083443
1,1,0,0.25704986
1,1,0,0.49397978
1,0,0,0.1582874
1,1,0,0.38778767
1,0,0,0.3418204
1,0,0,0.19464435
1,1,0,0.3483425
1,0,0,0.16815215
1,1,1,0.6108676
1,0,0,0.46160427
1,0,0,0.17157643
1,1,1,0.9042203
1,0,0,0.29488248
1,1,0,0.21486737
1,0,0,0.20757034
1,1,0,0.35141546
1,1,0,0.30912858
1,0,0,0.19710515
1,1,1,0.8719876
1,1,1,0.8421481
1,0,1,0.5966011
1,1,1,0.8736833
1,0,0,0.035288777
1,0,0,0.15623344
1,0,0,0.12049253
1,1,0,0.15084137
1,0,1,0.7121218
1,0,0,0.1919945
1,0,0,0.27614543
1,0,1,0.6970839
1,1,0,0.07636452
1,1,0,0.4237799
1,0,0,0.45292512
1,0,0,0.16067551
1,0,1,0.5161599
1,1,0,0.17147042
1,0,0,0.19577914
1,1,1,0.73499537
1,0,0,0.4867045
1,0,1,0.6910641
1,1,1,0.7388978
1,0,1,0.5102373
1,1,1,0.8077429
1,1,1,0.8585415
1,0,0,0.48077998
1,1,1,0.8602372
1,1,1,0.81815547
1,1,1,0.7646849
1,1,1,0.93037146
1,1,1,0.886829
1,0,0,0.34400445
1,1,1,0.83298147
1,1,1,0.7611653
1,1,1,0.9156461
1,0,1,0.7300946
1,1,1,0.7661881
1,0,0,0.40225893
1,1,1,0.9218982
1,0,1,0.60323066
1,0,1,0.6267009
1,0,0,0.06950124
1,0,0,0.1860733
1,1,0,0.36962882
1,0,0,0.23606354
1,1,0,0.21379635
1,1,0,0.07912711
1,0,0,0.4260866
1,0,0,0.121355586
1,0,0,0.3465853
1,0,0,0.48429388
1,1,0,0.36653468
1,0,0,0.28553203
1,1,0,0.21475181
1,0,0,0.23867297
1,0,0,0.33226672
1,1,0,0.32952386
1,1,0,0.33145127
1,1,0,0.09861882
1,1,0,0.12488542
1,1,0,0.27698985
1,1,0,0.32210112
1,1,0,0.2266172
1,0,1,0.5693745
1,0,0,0.25558263
1,0,0,0.2626057
1,0,1,0.5574332
1,0,0,0.25459203
1,0,0,0.33735624
1,1,0,0.22345674
1,0,0,0.09904566
1,0,1,0.5974053
1,0,0,0.168576
1,0,0,0.34547377
1,1,0,0.24122469
1,1,0,0.2827165
1,0,0,0.2111799
1,1,1,0.62100786
1,1,1,0.64481694
1,0,0,0.40461564
1,1,1,0.5851643
1,0,0,0.33936042
1,0,0,0.37814158
1,1,1,0.58739823
1,0,1,0.73373735
1,0,0,0.37944782
1,0,0,0.49590585
1,1,0,0.46777493
1,0,0,0.20026094
1,0,0,0.2620005
1,0,0,0.17944871
1,1,0,0.10881984
1,1,0,0.47795424
1,0,0,0.49959922
1,1,1,0.5608379
1,0,0,0.3846026
1,1,1,0.6822915
1,0,1,0.6406002
1,0,1,0.8617347
1,1,1,0.58981967
1,1,1,0.5425143
1,0,0,0.47566798
1,0,1,0.70369935
1,0,0,0.14490706
1,1,1,0.6620676
1,0,0,0.46705836
1,0,0,0.36857578
1,1,1,0.5509059
1,1,1,0.5974789
1,0,1,0.654217
1,1,1,0.58664376
1,1,1,0.8526007
1,1,0,0.39160088
1,1,1,0.74801934
1,1,1,0.7419551
1,1,1,0.5466104
1,1,1,0.8881976
1,1,0,0.39991385
1,0,1,0.7002931
1,0,1,0.6095146
1,0,1,0.63475215
1,0,0,0.2653208
1,0,1,0.80985254
1,1,1,0.8454943
1,1,1,0.8785985
1,0,0,0.3161733
1,1,1,0.78406656
1,1,1,0.60837424
1,0,0,0.27830735
1,0,0,0.09915408
1,0,0,0.18053329
1,0,0,0.21725115
1,0,1,0.8146654
1,0,1,0.63610226
1,1,1,0.5894713
1,0,1,0.7655333
1,0,1,0.5527982
1,0,1,0.6567826
1,1,0,0.46635395
1,0,1,0.6585664
1,1,1,0.7826791
1,0,1,0.63292736
1,0,1,0.5874555
1,1,0,0.4045964
1,0,1,0.6363204
1,1,0,0.37998778
1,0,1,0.6365322
1,1,1,0.5527863
1,0,1,0.54114205
1,0,0,0.4540328
1,1,0,0.37971732
1,0,0,0.2646381
1,0,1,0.75741065
1,0,1,0.5743894
1,1,1,0.6128367
1,1,1,0.5725376
1,0,1,0.52243584
1,1,0,0.42229536
1,1,0,0.30785412
1,0,0,0.48616457
1,0,1,0.52478826
1,0,0,0.34085336
1,0,0,0.37092373
1,1,0,0.33010316
1,1,1,0.67043954
1,0,0,0.37652186
1,1,1,0.7888901
1,1,1,0.8516676
1,1,1,0.5563894
1,1,1,0.66597944
1,1,1,0.8467836
1,0,0,0.25002742
1,0,1,0.646842
1,1,1,0.6224378
1,0,1,0.60646445
1,1,1,0.8201058
1,0,1,0.5106523
1,0,1,0.61083555
1,0,0,0.46813178
1,0,0,0.418285
1,0,0,0.25696775
1,0,1,0.69099075
1,0,1,0.773207
1,0,1,0.51027644
1,1,1,0.8677038
1,1,1,0.6967626
1,1,1,0.8079832
1,1,1,0.735549
1,0,1,0.5335863
1,1,1,0.8798956
1,1,1,0.552369
1,1,1,0.8944946
1,0,0,0.33215576
1,1,1,0.87005883
1,0,1,0.84253854
1,0,1,0.5478968
1,0,0,0.32117772
1,1,1,0.6821835
1,1,1,0.9027722
1,0,1,0.50811297
1,1,1,0.69943213
1,1,1,0.76400983
1,1,1,0.91903985
1,1,1,0.8105323
1,0,1,0.70851445
1,0,1,0.64477324
1,1,1,0.80136496
1,0,1,0.5216465
1,1,1,0.70470923
1,0,1,0.70632046
1,0,1,0.80465275
1,1,1,0.8828263
1,1,1,0.79972255
1,1,1,0.8901323
1,1,1,0.77056885
1,1,1,0.6923738
1,1,1,0.8027351
1,1,1,0.653973
1,1,1,0.61169004
1,1,1,0.7160864
1,1,1,0.8001186
1,1,1,0.7800215
1,0,1,0.57989347
1,0,0,0.2742157
1,1,1,0.72884744
1,0,1,0.6590142
1,0,1,0.75159305
1,0,0,0.41798848
1,0,0,0.19130103
1,1,1,0.53658396
1,0,0,0.47478
1,1,1,0.9052226
1,0,0,0.46651974
1,0,0,0.39891836
1,1,1,0.73233545
1,0,1,0.78623605
1,0,0,0.12480038
1,0,1,0.8741641
1,1,1,0.62676316
1,0,1,0.76224643
1,1,1,0.59081775
1,1,1,0.90631425
1,0,1,0.7662363
1,0,0,0.36444333
1,1,1,0.8370051
1,0,1,0.5159983
1,1,1,0.8767161
1,0,1,0.5961934
1,0,0,0.35499233
1,1,1,0.9454345
1,1,1,0.8459755
1,0,1,0.61003685
1,0,0,0.26862222
1,0,0,0.17839667
1,0,0,0.18173625
1,1,1,0.83489287
1,1,1,0.9143792
1,0,0,0.24543448
1,1,1,0.869454
1,0,0,0.32294226
1,1,1,0.85223734
1,1,1,0.8225903
1,1,1,0.8733797
1,1,1,0.8912599
1,1,1,0.6115826
1,0,1,0.5977785
1,0,1,0.7662363
1,1,1,0.8349366
1,1,1,0.8566647
1,1,1,0.8704679
1,1,1,0.82612777
1,0,1,0.8767161
1,0,1,0.5961934
1,0,0,0.35499233
1,1,1,0.9118212
1,1,1,0.87605786
1,1,1,0.6868245
1,1,1,0.72397286
1,1,0,0.485504
1,1,1,0.69566464
1,0,0,0.24659902
1,1,1,0.778304
1,1,1,0.5351559
1,0,0,0.29988715
1,0,0,0.4734535
1,0,1,0.5131433
1,0,0,0.2871422
1,0,0,0.46367398
1,0,0,0.1867617
1,0,0,0.3739345
1,0,0,0.31875664
1,0,0,0.33833614
1,1,1,0.57683486
1,1,1,0.7064979
1,1,1,0.66346383
1,0,0,0.45945063
1,0,0,0.27164778
1,0,1,0.6469624
1,0,0,0.09584265
1,0,0,0.11051831
1,0,0,0.15578687
1,0,0,0.26555067
1,0,0,0.42527637
1,0,0,0.43570864
1,1,0,0.3095735
1,1,1,0.52615917
1,0,0,0.37410837
1,1,0,0.42381513
1,0,0,0.35803214
1,0,0,0.31690273
1,0,0,0.3717926
1,0,0,0.2100644
1,0,1,0.58533126
1,0,0,0.12873629
1,0,0,0.37678018
1,0,0,0.19088799
1,0,0,0.4753792
1,0,0,0.30693203
1,0,0,0.253678
1,0,0,0.14484964
1,0,0,0.13038142
1,0,0,0.14057612
1,0,0,0.46962857
1,0,0,0.14829971
1,0,1,0.6281666
1,0,1,0.6572939
1,0,0,0.28189468
1,0,0,0.3672579
1,0,0,0.4403403
1,0,0,0.3508442
1,0,1,0.61977965
1,1,0,0.32415316
1,0,0,0.4790876
1,0,0,0.436658
1,0,0,0.37146482
1,0,1,0.5144729
1,0,1,0.55902606
1,0,0,0.1629244
1,0,0,0.11518003
1,0,0,0.484244
1,1,0,0.25945556
1,1,0,0.2901174
1,0,0,0.13826664
1,0,0,0.11294604
1,0,0,0.2999795
1,0,0,0.26746786
1,0,0,0.4540792
1,0,0,0.2153266
1,1,0,0.28722176
1,0,0,0.41808712
1,0,0,0.27040064
1,1,0,0.28990677
1,0,0,0.28757784
1,0,0,0.36707148
1,0,0,0.35077512
1,1,0,0.4462169
1,1,1,0.542124
1,1,0,0.37653896
1,0,1,0.6543685
1,1,0,0.05992933
1,0,0,0.09947004
1,1,1,0.70103306
1,1,0,0.3383357
1,0,1,0.512486
1,0,0,0.41735637
1,1,0,0.37989077
1,0,0,0.4688123
1,0,0,0.2836962
1,0,1,0.54726297
1,0,0,0.33756745
1,0,0,0.08749579
1,0,0,0.24147442
1,0,1,0.5610124
1,1,1,0.66842127
1,0,0,0.49790627
1,0,1,0.52196246
1,1,0,0.13883801
1,1,0,0.42556238
1,0,0,0.18546718
1,1,0,0.14035158
1,1,0,0.35037753
1,0,0,0.37594885
1,1,0,0.17302172
1,0,0,0.4946995
1,0,1,0.53943944
1,1,0,0.4287961
1,1,0,0.49911967
1,0,0,0.47685596
1,1,0,0.30919945
1,1,0,0.47967613
1,0,0,0.41457677
1,0,1,0.6234913
1,1,0,0.37398654
1,1,0,0.45410383
1,1,1,0.59110034
1,0,0,0.11904835
1,0,0,0.15131626
1,1,0,0.45220122
1,1,0,0.12915991
1,1,1,0.66404885
1,0,0,0.23534137
1,1,0,0.47464305
1,0,0,0.103309214
1,0,0,0.14178292
1,0,1,0.6326737
1,0,0,0.4109954
1,0,0,0.4125835
1,1,0,0.37349617
1,1,0,0.47861895
1,0,1,0.726654
1,0,0,0.33298475
1,0,1,0.6149016
1,0,0,0.038004536
1,1,1,0.6506051
1,1,1,0.71287084
1,0,0,0.10457319
1,1,1,0.7847504
1,0,0,0.20863467
1,0,0,0.21280462
1,0,0,0.09056333
1,1,0,0.2725477
1,1,0,0.21284205
1,1,0,0.16662116
1,0,0,0.4290163
1,0,0,0.11154185
1,0,0,0.17953853
1,0,0,0.3686107
1,0,0,0.4118211
1,0,0,0.0918236
1,0,1,0.6583058
1,1,1,0.7895373
1,1,1,0.69505996
1,1,0,0.30919945
1,1,0,0.3542015
1,1,0,0.44573396
1,0,0,0.2157625
1,0,0,0.2858403
1,0,0,0.068492174
1,0,0,0.09975944
1,1,1,0.6264521
1,1,0,0.44507995
1,0,1,0.5713894
1,0,0,0.09293621
1,0,0,0.28781238
1,0,0,0.3826821
1,1,1,0.63199854
1,0,0,0.27673414
1,0,0,0.31235453
1,1,0,0.21180698
1,0,0,0.07818062
1,0,0,0.41272563
1,1,0,0.40189207
1,0,0,0.31892586
1,0,0,0.17964326
1,0,0,0.25927603
1,0,1,0.53966784
1,0,0,0.06887823
1,0,0,0.2575066
1,0,0,0.063652135
1,1,0,0.31806803
1,1,0,0.38448268
1,0,0,0.07882034
1,0,0,0.26694274
1,1,0,0.3435606
1,0,0,0.10620719
1,0,0,0.26971307
1,0,1,0.52043486
1,0,1,0.5690068
1,1,0,0.23858026
1,1,0,0.2292935
1,0,0,0.18496203
1,1,1,0.54736257
1,1,1,0.6024129
1,0,1,0.65068066
1,1,0,0.23497066
1,0,0,0.22148417
1,0,0,0.24296291
1,0,0,0.18055013
1,0,0,0.15993752
1,1,1,0.8282651
1,1,1,0.718234
1,1,1,0.53874266
1,0,1,0.70910734
1,1,0,0.3625155
1,1,0,0.32066712
1,0,1,0.5674524
1,0,0,0.21372494
1,0,1,0.59586453
1,0,0,0.3164403
1,1,0,0.37976703
1,0,0,0.38816863
1,0,0,0.11262869
1,1,1,0.7234757
1,0,0,0.28304496
1,0,0,0.35345894
1,0,0,0.17199183
1,0,0,0.29457837
1,0,0,0.13812631
1,0,0,0.074906364
1,0,0,0.3371543
1,0,0,0.10602465
1,0,0,0.099008635
1,0,0,0.17145488
1,0,0,0.16130738
1,0,0,0.36583897
1,0,0,0.18948579
1,1,0,0.46674538
1,1,0,0.45855483
1,0,0,0.2587297
1,0,0,0.24309309
1,0,0,0.106840365
1,0,0,0.18740429
1,1,0,0.22344722
1,1,0,0.3472822
1,0,0,0.20463404
1,0,0,0.2879679
1,1,0,0.4815775
1,0,0,0.31080925
1,1,1,0.56784254
1,1,0,0.49286002
1,0,0,0.14067462
1,0,0,0.44731545
1,0,0,0.100844055
1,1,1,0.74806666
1,1,1,0.7696582
1,0,0,0.20929772
1,0,1,0.6555905
1,0,0,0.28495404
1,0,0,0.29518104
1,1,1,0.6773075
1,0,0,0.051981658
1,0,0,0.13089679
1,1,1,0.7040149
1,1,0,0.44751757
1,0,1,0.71567285
1,0,0,0.46403238
1,0,1,0.58443165
1,0,1,0.6534486
1,0,0,0.35176456
1,0,0,0.15079378
1,0,0,0.3285154
1,1,1,0.86309177
1,0,1,0.73358977
1,1,1,0.734004
1,0,0,0.48236755
1,1,1,0.8299291
1,0,0,0.3968002
1,1,1,0.88767797
1,0,0,0.4194728
1,0,1,0.53478134
1,1,1,0.9031007
1,0,0,0.33177355
1,1,1,0.6111995
1,0,1,0.5613833
1,0,0,0.103904404
1,1,1,0.6905676
1,0,0,0.49919882
1,1,1,0.95713043
1,0,1,0.6574666
1,1,1,0.622293
1,0,1,0.5715896
1,0,1,0.6026344
1,0,1,0.5467996
1,1,1,0.77367216
1,1,1,0.86807925
1,1,1,0.94184726
1,0,0,0.47829482
1,1,1,0.72322303
1,0,0,0.115315124
1,0,0,0.3964949
1,0,0,0.46537825
1,1,1,0.77537215
1,0,1,0.55757105
1,1,1,0.6459451
1,1,1,0.5840208
1,0,0,0.48376667
1,0,1,0.55260515
1,1,0,0.4728912
1,0,1,0.7700258
1,0,0,0.35167137
1,0,0,0.07689001
1,1,0,0.4798761
1,1,1,0.73143584
1,0,0,0.373103
1,1,1,0.8507861
1,0,1,0.78432065
1,1,1,0.66737723
1,0,0,0.26072755
1,0,1,0.78814965
1,0,1,0.67154413
1,1,1,0.8543581
1,1,0,0.4399778
1,0,0,0.1179385
1,0,0,0.25268704
1,0,1,0.5031303
1,0,1,0.5360609
1,1,1,0.5080027
1,1,1,0.6907913
1,1,1,0.62537175
1,1,1,0.54365027
1,1,1,0.8095482
1,1,0,0.45854512
1,0,0,0.40961438
1,1,1,0.85091573
1,0,0,0.48577058
1,1,1,0.6650864
1,0,0,0.3813567
1,1,1,0.85979176
1,1,1,0.8426414
1,1,1,0.82701504
1,1,1,0.8745581
1,0,1,0.68162185
1,0,1,0.56650233
1,0,0,0.19442743
1,1,1,0.76201314
1,1,1,0.76899034
1,0,1,0.51181185
1,1,1,0.56863415
1,1,1,0.71828735
1,0,0,0.1564831
1,0,1,0.72830397
1,0,1,0.59177655
1,1,1,0.7916086
1,0,1,0.5274189
1,1,1,0.8353758
1,0,1,0.73402745
1,1,1,0.8851802
1,0,1,0.8269304
1,1,1,0.65475625
1,1,1,0.624155
1,0,1,0.65772897
1,1,1,0.5394279
1,0,0,0.1467523
1,1,1,0.81031924
1,0,0,0.286627
1,1,1,0.52520347
1,0,0,0.33914486
1,0,0,0.46032745
1,0,1,0.81595856
1,1,1,0.7628747
1,1,1,0.7199358
1,0,1,0.6285044
1,1,1,0.53996754
1,1,1,0.6669069
1,0,0,0.37816253
1,1,0,0.46110135
1,0,1,0.7308945
1,1,0,0.46024913
1,1,1,0.6944098
1,0,1,0.62660474
1,1,1,0.64042616
1,1,1,0.5444081
1,1,1,0.6137601
1,1,1,0.6624143
1,0,0,0.39657634
1,0,1,0.5632785
1,1,1,0.7816169
1,0,0,0.48790687
1,0,0,0.25144845
1,1,1,0.6498785
1,0,1,0.614395
1,1,1,0.8724537
1,1,0,0.2625605
1,0,0,0.21658425
1,0,0,0.13621716
1,0,0,0.08901107
1,1,0,0.37403998
1,0,0,0.1717617
1,1,0,0.38457245
1,0,0,0.32295343
1,1,1,0.86640054
1,1,1,0.8124644
1,1,1,0.66972375
1,1,1,0.66535276
1,1,1,0.64723545
1,1,1,0.6875992
1,0,1,0.8573881
1,1,1,0.7609823
1,1,1,0.89804
1,0,1,0.9003507
1,0,1,0.62635
1,1,1,0.83028424
1,1,1,0.86352015
1,1,1,0.5285879
1,0,0,0.10951295
1,0,0,0.2671356
1,1,1,0.7451875
1,0,0,0.27504712
1,1,1,0.8119538
1,0,0,0.30673996
1,0,1,0.66941524
1,0,1,0.6871399
1,1,1,0.76094
1,1,1,0.89376706
1,1,1,0.9280475
1,1,1,0.6679295
1,1,1,0.8274432
1,1,1,0.93630046
1,0,1,0.7860057
1,1,1,0.74205196
1,1,0,0.4039477
1,1,1,0.9105262
1,1,1,0.7177239
1,1,1,0.89451236
1,0,0,0.27565652
1,0,1,0.7975838
1,1,1,0.82030267
1,1,0,0.32016098
1,1,1,0.6767177
1,1,1,0.7727851
1,1,1,0.60953224
1,1,1,0.5126532
1,0,0,0.19437352
1,0,1,0.5670873
1,0,0,0.18292803
1,1,1,0.6154053
1,0,0,0.25860402
1,1,1,0.68840617
1,0,0,0.22124465
1,0,1,0.67435396
1,0,1,0.7038313
1,1,0,0.22732466
1,0,0,0.295157
1,0,1,0.6342674
1,0,0,0.14658736
1,0,1,0.93319684
1,0,1,0.57441896
1,1,1,0.7767513
1,0,1,0.5051854
1,0,1,0.53057015
1,0,1,0.54940367
1,1,1,0.74049467
1,1,1,0.6836284
1,1,1,0.6963544
1,1,1,0.787701
1,0,0,0.27141413
1,1,1,0.548038
1,1,0,0.2519514
1,1,1,0.86185676
1,1,0,0.49479184
1,0,0,0.12354456
1,1,1,0.76521146
1,1,1,0.7255057
1,0,1,0.80457085
1,0,0,0.23301859
1,0,1,0.73990124
1,0,1,0.69151276
1,0,1,0.50144017
1,0,1,0.77953494
1,1,1,0.8914782
1,1,1,0.7208223
1,1,1,0.88174844
1,0,1,0.8164265
1,1,1,0.5836469
1,1,0,0.46872404
1,1,1,0.5197332
1,0,1,0.57479674
1,1,1,0.5145551
1,1,1,0.61658126
1,0,1,0.5680166
1,1,1,0.5388408
1,1,1,0.6610784
1,0,0,0.287119
1,0,1,0.8778516
1,0,1,0.66286343
1,0,0,0.49732786
1,1,1,0.8247138
1,1,1,0.74388653
1,1,1,0.8874842
1,0,0,0.42668095
1,0,1,0.60492045
1,1,1,0.75553685
1,0,1,0.74984413
1,0,0,0.43695852
1,1,1,0.7554765
1,0,0,0.4316387
1,0,1,0.79950094
1,1,1,0.7895472
1,0,0,0.45119008
1,0,0,0.4472722
1,0,1,0.6396933
1,1,1,0.8572288
1,0,1,0.78658545
1,1,1,0.8389844
1,0,1,0.776709
1,1,1,0.8772391
1,0,1,0.6072839
1,1,1,0.7717868
1,1,1,0.7556629
1,1,1,0.87758917
1,0,1,0.7782388
1,1,0,0.49678835
1,0,0,0.49540856
1,0,1,0.8082121
1,0,0,0.4722921
1,1,1,0.5832857
1,0,0,0.40502337
1,0,0,0.3837541
1,1,1,0.60144264
1,1,1,0.73787177
1,0,0,0.47364026
1,1,1,0.562295
1,0,0,0.26439705
1,1,1,0.71371484
1,1,1,0.64986104
1,1,1,0.55134606
1,0,0,0.28646603
1,1,1,0.7935076
1,0,0,0.42327857
1,1,1,0.8538404
1,1,1,0.5899834
1,1,1,0.5364885
1,1,1,0.87534493
1,0,1,0.6553937
1,0,0,0.48959506
1,0,0,0.20750394
1,1,1,0.900681
1,1,1,0.8539948
1,0,1,0.6415469
1,1,1,0.7213825
1,1,1,0.7660434
1,1,1,0.74414885
1,0,0,0.43270648
1,1,1,0.8887224
1,0,0,0.45204604
1,1,1,0.8021684
1,1,1,0.95270646
1,1,1,0.9183374
1,0,1,0.57571566
1,0,1,0.54787076
1,0,1,0.62049615
1,1,1,0.87176013
1,1,1,0.77578205
1,1,1,0.5975813
1,1,1,0.8141065
1,0,0,0.3669203
1,1,1,0.8559457
1,0,1,0.7638093
1,0,0,0.43478295
1,0,1,0.5479326
1,1,0,0.33865863
1,1,1,0.50239366
1,1,1,0.5956902
1,0,0,0.33747378
1,0,0,0.28232837
1,0,0,0.4832895
1,1,0,0.4780518
1,0,1,0.5712637
1,1,1,0.59611106
1,0,1,0.68369234
1,1,1,0.58111686
1,0,1,0.6384336
1,1,1,0.8185153
1,1,0,0.4986779
1,1,1,0.5741878
1,0,1,0.59351885
1,0,1,0.63624847
1,0,1,0.591439
1,0,1,0.5461357
1,1,1,0.5139524
1,0,0,0.36972716
1,0,1,0.6972225
1,0,0,0.48376772
1,1,1,0.6954958
1,1,1,0.7766187
1,1,1,0.7911315
1,1,0,0.33864662
1,0,1,0.6492589
1,0,1,0.53023684
1,1,1,0.8658339
1,1,1,0.7224785
1,1,1,0.62197673
1,1,1,0.74727345
1,0,0,0.46163452
1,1,1,0.73513556
1,0,1,0.51647824
1,1,1,0.74300224
1,0,1,0.51575494
1,1,0,0.27407926
1,0,0,0.07840998
1,0,0,0.39488393
1,1,1,0.6585847
1,1,0,0.40202576
1,0,0,0.06824532
1,1,0,0.48719805
1,1,0,0.31279576
1,0,1,0.61062586
1,0,0,0.108761154
1,1,1,0.79889876
1,0,0,0.35629442
1,1,1,0.60489035
1,1,1,0.5409528
1,0,0,0.4956177
1,1,1,0.63402456
1,0,0,0.34656695
1,0,1,0.6101253
1,0,1,0.5960109
1,0,1,0.6378727
1,1,1,0.71010894
1,0,0,0.22121492
1,1,1,0.5206606
1,0,0,0.47624335
1,0,0,0.40540493
1,0,1,0.57452136
1,0,0,0.47797322
1,0,0,0.49964648
1,1,0,0.2181702
1,0,0,0.38611957
1,1,1,0.7753456
1,0,1,0.64838666
1,1,0,0.43271187
1,1,0,0.297606
1,1,0,0.42226937
1,0,1,0.6184139
1,0,0,0.24527222
1,0,0,0.28959057
1,1,0,0.39088622
1,1,1,0.8433846
1,1,1,0.8668989
1,0,0,0.25767162
1,1,1,0.7997949
1,0,0,0.43872386
1,0,1,0.8798659
1,1,0,0.47828957
1,0,0,0.42869952
1,1,1,0.57854897
1,1,0,0.1720981
1,0,1,0.67564714
1,1,1,0.55103374
1,0,1,0.58934385
1,1,1,0.7428014
1,1,1,0.77627105
1,0,1,0.72258836
1,0,1,0.758038
1,1,1,0.84150726
1,1,1,0.6188585
1,0,1,0.5214985
1,1,1,0.83060366
1,0,1,0.60789174
1,0,0,0.20706326
1,1,1,0.7476419
1,1,1,0.7941693
1,1,1,0.5369391
1,0,0,0.35852122
1,1,1,0.62061626
1,1,1,0.7447648
1,0,0,0.4483561
1,0,1,0.56242305
1,0,1,0.7505378
1,0,0,0.17456236
1,1,1,0.7575773
1,0,0,0.29227147
1,0,1,0.83741325
1,0,1,0.8744927
1,1,1,0.70363164
1,1,1,0.8001811
1,1,0,0.2739597
1,0,0,0.45617208
1,1,1,0.76079327
1,0,0,0.19113411
1,0,0,0.26985475
1,0,0,0.28629878
1,1,1,0.52446526
1,0,1,0.7207711
1,0,1,0.5161248
1,0,0,0.26277447
1,1,0,0.23219343
1,1,0,0.39297172
1,0,1,0.64926374
1,1,1,0.69520825
1,0,1,0.6867833
1,0,1,0.78474164
1,0,0,0.34888858
1,0,0,0.3782171
1,1,1,0.5788449
1,1,1,0.8734279
1,0,1,0.67567605
1,1,1,0.7626415
1,0,0,0.39057162
1,1,1,0.8464714
1,0,0,0.47079304
1,0,1,0.5952534
1,0,1,0.6906399
1,1,1,0.76205826
1,1,1,0.9188936
1,0,0,0.40337285
1,1,1,0.7888434
1,1,1,0.65155226
1,0,1,0.60550886
1,1,1,0.6241417
1,0,0,0.2505764
1,1,1,0.7768037
1,1,1,0.9350987
1,1,1,0.50734985
1,1,1,0.8081693
1,1,1,0.89186364
1,0,1,0.6677263
1,0,0,0.37667334
1,1,0,0.21188149
1,0,0,0.38959575
1,1,0,0.17508808
1,1,1,0.8112449
1,0,1,0.5537449
1,0,0,0.46422985
1,0,0,0.40260527
1,1,1,0.94822866
1,0,1,0.603127
1,1,1,0.6875359
1,0,0,0.22258043
1,0,0,0.49658966
1,1,1,0.86362463
1,1,1,0.6080229
1,1,1,0.85986805
1,1,1,0.62822455
1,0,1,0.69015485
1,1,1,0.7103664
1,0,0,0.1862083
1,0,0,0.31911054
1,0,0,0.30859348
1,1,0,0.40856883
1,0,0,0.2570759
1,0,0,0.46419767
1,0,0,0.17265107
1,0,0,0.3344603
1,0,0,0.20909698
1,1,1,0.7983249
1,0,0,0.26680958
1,1,0,0.2702014
1,0,0,0.4423753
1,0,0,0.3508856
1,0,0,0.08086459
1,1,0,0.48388186
1,1,1,0.7712143
1,1,1,0.73641896
1,1,1,0.50088596
1,1,0,0.39372188
1,0,1,0.5974508
1,1,1,0.94193155
1,0,1,0.6198539
1,1,0,0.41711888
1,0,1,0.7208941
1,0,1,0.8470496
1,0,0,0.43131393
1,1,1,0.7636699
1,1,1,0.8130123
1,1,1,0.84493935
1,1,1,0.658604
1,0,1,0.7583536
1,0,0,0.35714227
1,0,1,0.6934264
1,0,1,0.6608809
1,0,1,0.53600174
1,1,1,0.74148124
1,0,0,0.45654386
1,1,1,0.8656072
1,0,0,0.42085513
1,0,0,0.426752
1,0,1,0.6331642
1,0,0,0.15275916
1,1,1,0.79071474
1,1,1,0.5054558
1,0,1,0.5253251
1,1,1,0.8465912
1,0,0,0.33053282
1,0,1,0.69835913
1,1,1,0.64461625
1,1,1,0.74286985
1,0,1,0.5856416
1,1,1,0.7742012
1,1,1,0.5822596
1,0,1,0.8336954
1,0,0,0.441192
1,0,0,0.45409152
1,0,1,0.5880232
1,0,1,0.7713593
1,1,0,0.17508808
1,0,0,0.38682655
1,0,1,0.82673824
1,0,0,0.45955753
1,0,0,0.25750872
1,1,1,0.94040906
1,1,1,0.797463
1,1,0,0.36940813
1,0,0,0.29530883
1,1,1,0.619075
1,0,1,0.57423407
1,1,1,0.8984932
1,1,1,0.79106385
1,0,0,0.3157549
1,0,1,0.57708156
1,1,1,0.75668603
1,0,1,0.7500824
1,0,1,0.524307
1,1,1,0.56423223
1,1,1,0.8752099
1,0,1,0.54420954
1,0,1,0.76508266
1,0,0,0.4051287
1,1,1,0.9157773
1,0,1,0.5930051
1,0,1,0.75719047
1,1,1,0.7607045
1,1,1,0.83456695
1,1,1,0.7024599
1,1,0,0.28239974
1,1,0,0.43726856
1,1,0,0.44373974
1,0,0,0.47880325
1,1,1,0.86342925
1,1,0,0.42264837
1,0,0,0.47532144
1,1,1,0.5188929
1,0,0,0.046366137
1,1,1,0.8361667
1,0,1,0.6476886
1,1,1,0.7352774
1,1,1,0.7190767
1,1,1,0.73181766
1,0,1,0.6519904
1,0,1,0.5490524
1,0,1,0.7335962
1,1,1,0.70046383
1,0,1,0.66044974
1,0,1,0.61461085
1,0,1,0.5486764
1,0,0,0.374913
1,0,0,0.2799429
1,1,1,0.8286511
1,1,1,0.6685438
1,0,1,0.5217635
1,1,1,0.74479264
1,0,1,0.5803322
1,0,1,0.79104495
1,1,1,0.6938156
1,1,1,0.7773115
1,1,1,0.8836982
1,0,1,0.61154205
1,1,1,0.9153589
1,0,0,0.22251719
1,0,1,0.61354876
1,0,1,0.5168862
1,1,1,0.89934343
1,1,1,0.7905154
1,0,0,0.4566955
1,0,1,0.69360065
1,0,0,0.19672066
1,0,0,0.4625304
1,1,1,0.513942
1,0,1,0.5777473
1,1,1,0.7259003
1,0,1,0.7558426
1,0,1,0.6427713
1,0,0,0.36579242
1,1,1,0.86726004
1,1,1,0.8888392
1,1,1,0.667742
1,1,1,0.82338226
1,0,0,0.4922836
1,1,1,0.7239027
1,0,1,0.62804836
1,1,1,0.8929088
1,1,0,0.4788909
1,1,1,0.5228367
1,0,1,0.80956197
1,1,1,0.88743436
1,1,1,0.62227243
1,0,1,0.7310832
1,1,1,0.61899006
1,0,1,0.8329727
1,0,1,0.64425
1,1,1,0.63190603
1,0,0,0.38496903
1,0,1,0.5718484
1,1,1,0.8833573
1,1,1,0.78830844
1,1,1,0.56478
1,0,0,0.4050993
1,1,0,0.3256752
1,1,1,0.5582683
1,0,1,0.75561786
1,0,1,0.6488187
1,0,0,0.42819077
1,1,1,0.6755575
1,0,1,0.7038075
1,1,1,0.58929384
1,0,0,0.3150486
1,0,1,0.8010073
1,1,1,0.52855784
1,0,1,0.7271951
1,1,1,0.5375911
1,1,1,0.6290183
1,0,1,0.53022575
1,1,1,0.63472146
1,0,1,0.676904
1,0,1,0.59158266
1,1,1,0.7252333
1,0,1,0.6716013
1,0,0,0.10649817
1,1,1,0.72162914
1,1,1,0.6295263
1,0,0,0.49835044
1,0,1,0.7098665
1,0,1,0.7404952
1,1,1,0.68868726
1,0,0,0.14463045
1,1,1,0.8514111
1,0,0,0.35819355
1,1,1,0.873303
1,0,0,0.39379638
1,0,0,0.37367636
1,1,1,0.56186134
1,0,0,0.49382967
1,1,1,0.62138003
1,1,1,0.59486824
1,1,1,0.6140498
1,0,0,0.41230738
1,0,0,0.35491416
1,1,1,0.79698527
1,0,0,0.45866865
1,0,1,0.5299772
1,0,0,0.4633895
1,1,1,0.7495423
1,0,0,0.12615979
1,1,1,0.7665895
1,0,0,0.16302754
1,0,1,0.50676924
1,0,0,0.43542638
1,0,0,0.21164031
1,1,0,0.14368348
1,0,1,0.51654
1,0,0,0.33586848
1,0,1,0.58526933
1,0,1,0.664238
1,0,0,0.4095852
1,1,0,0.10018999
1,1,1,0.692544
1,1,1,0.5172102
1,1,1,0.54768485
1,1,1,0.8075859
1,0,1,0.7497289
1,1,1,0.7398147
1,1,0,0.29051065
1,1,1,0.7274346
1,1,0,0.47847265
1,0,0,0.4982885
1,0,1,0.5303196
1,1,1,0.8745591
1,1,0,0.19157621
1,0,1,0.51477903
1,1,0,0.45551977
1,0,1,0.6455535
1,1,1,0.5299621
1,0,1,0.6254787
1,1,1,0.7665632
1,0,0,0.44276762
1,0,0,0.33387494
1,1,1,0.65270746
1,0,0,0.26474833
1,0,1,0.7584983
1,1,0,0.14210331
1,1,1,0.85033244
1,1,1,0.8568152
1,0,1,0.677802
1,0,1,0.73249954
1,0,0,0.35962403
1,1,1,0.51369435
1,1,1,0.7322481
1,0,1,0.5416569
1,0,1,0.7929666
1,1,0,0.28541648
1,0,1,0.63614887
1,0,0,0.17878626
1,1,1,0.8320845
1,0,0,0.12565638
1,0,1,0.63380635
1,1,1,0.91056675
1,1,1,0.9028207
1,1,1,0.7771691
1,1,1,0.85289407
1,1,1,0.5660829
1,1,1,0.90936327
1,1,1,0.7652225
1,1,1,0.81468654
1,0,0,0.37843153
1,1,1,0.88833624
1,0,0,0.44017252
1,0,1,0.52671933
1,0,0,0.15788747
1,1,1,0.79461837
1,0,1,0.6338002
1,1,1,0.79013616
1,1,0,0.37491775
1,1,1,0.8275978
1,0,1,0.7728419
1,0,1,0.6212386
1,1,1,0.84020925
1,0,0,0.26490143
1,0,0,0.22992672
1,0,1,0.6899933
1,0,0,0.35894245
1,0,0,0.27698106
1,0,0,0.3892243
1,0,0,0.16279274
1,0,0,0.30102128
1,0,0,0.34392488
1,1,1,0.7630838
1,1,1,0.8660684
1,0,0,0.34290057
1,1,1,0.53158903
1,0,1,0.59200823
1,1,1,0.68238646
1,0,1,0.5353934
1,1,0,0.43947476
1,0,1,0.51780546
1,0,1,0.6826953
1,0,1,0.61240727
1,1,0,0.4271563
1,0,0,0.41223907
1,0,0,0.31711692
1,1,1,0.8215505
1,0,1,0.9393027
1,0,1,0.7830657
1,0,1,0.7777688
1,0,1,0.69633573
1,1,1,0.8400206
1,0,1,0.6057452
1,1,1,0.60444224
1,1,1,0.8728761
1,0,1,0.5893348
1,1,1,0.89158154
1,1,1,0.8261233
1,0,0,0.41785035
1,1,1,0.85747135
1,0,0,0.2396923
1,1,1,0.69479346
1,1,1,0.5085585
1,1,0,0.4061976
1,0,1,0.70453244
1,0,0,0.31494102
1,0,0,0.41239116
1,1,1,0.65911484
1,0,0,0.42296618
1,0,1,0.7994846
1,1,0,0.29244247
1,0,1,0.6506761
1,1,1,0.63081694
1,1,1,0.79889125
1,0,0,0.4703535
1,1,1,0.55481714
1,1,1,0.6133639
1,0,1,0.82255244
1,0,0,0.4188311
1,0,1,0.5413194
1,0,0,0.30029857
1,0,0,0.48105222
1,1,1,0.7751334
1,1,0,0.4656397
1,0,0,0.41256824
1,1,1,0.8468429
1,1,0,0.28499147
1,0,1,0.5445053
1,0,0,0.31977418
1,1,1,0.9034939
1,0,1,0.6891093
1,0,1,0.52549374
1,1,0,0.21555644
1,1,0,0.4575924
1,0,1,0.62260485
1,0,1,0.8068147
1,0,1,0.6244816
1,0,1,0.58679247
1,1,1,0.7992332
1,0,0,0.33814168
1,0,0,0.27446058
1,0,0,0.42793065
1,1,1,0.8332948
1,1,1,0.699926
1,1,1,0.787131
1,1,1,0.83697
1,0,1,0.63776094
1,1,0,0.4721411
1,1,1,0.8438597
1,0,0,0.48835623
1,0,0,0.44275
1,1,1,0.55619687
1,0,0,0.23207626
1,0,1,0.5356786
1,1,1,0.65770715
1,0,0,0.27807787
1,1,0,0.2936423
1,1,1,0.8193466
1,1,1,0.66743624
1,0,1,0.57025343
1,1,1,0.5659632
1,0,1,0.7942152
1,0,0,0.1114403
1,1,1,0.55066377
1,0,0,0.24078079
1,0,1,0.55684507
1,0,1,0.71681195
1,1,1,0.81524
1,0,1,0.64924896
1,1,1,0.82848406
1,0,0,0.20023143
1,0,1,0.5627796
1,1,1,0.6367261
1,1,1,0.69243324
1,0,0,0.48579496
1,0,0,0.20547175
1,0,0,0.06697344
1,1,1,0.6598785
1,0,1,0.6064348
1,1,1,0.9263091
1,1,1,0.8392435
1,0,0,0.14084606
1,1,1,0.75529104
1,0,1,0.5792148
1,1,1,0.7374647
1,0,0,0.49806896
1,0,1,0.6275652
1,0,0,0.24265704
1,1,0,0.44348755
1,1,1,0.54261994
1,0,0,0.19686083
1,0,1,0.5896943
1,0,1,0.60028136
1,1,0,0.45603517
1,1,1,0.8402654
1,0,0,0.49484795
1,1,1,0.81498086
1,0,1,0.55622363
1,1,1,0.6695321
1,0,0,0.46211633
1,0,0,0.090894826
1,0,1,0.71002185
1,1,1,0.60948956
1,1,1,0.9265938
1,1,1,0.86514056
1,1,1,0.7365085
1,0,0,0.4065444
1,1,1,0.7625764
1,0,0,0.43469393
1,0,1,0.6774049
1,0,1,0.735
1,1,1,0.8340244
1,0,1,0.76972336
1,0,0,0.47737625
1,0,1,0.6835837
1,1,1,0.8178014
1,1,1,0.56703967
1,0,1,0.6648552
1,0,1,0.7491056
1,0,1,0.62979805
1,0,1,0.62957305
1,1,1,0.6016101
1,1,1,0.561218
1,1,1,0.8301314
1,1,1,0.65741545
1,0,1,0.7410376
1,1,0,0.38381317
1,0,1,0.6316665
1,1,1,0.82420707
1,0,0,0.4406285
1,0,1,0.5699762
1,0,0,0.42483085
1,1,1,0.7948562
1,1,1,0.7608199
1,0,1,0.60828114
1,1,0,0.40181646
1,0,0,0.10687042
1,0,1,0.65759903
1,0,0,0.34686553
1,0,1,0.562706
1,1,1,0.54601586
1,0,0,0.27371648
1,1,0,0.3488467
1,0,0,0.116189
1,1,0,0.36760926
1,0,0,0.46214774
1,1,1,0.69723356
1,1,1,0.5382314
1,1,0,0.28447023
1,1,1,0.6862949
1,0,0,0.2329693
1,0,0,0.39158335
1,0,0,0.3449356
1,0,0,0.2125825
1,0,1,0.5589478
1,0,0,0.22597584
1,0,0,0.32244945
1,1,1,0.6736334
1,1,1,0.8898782
1,0,1,0.6048068
1,1,1,0.67547107
1,1,1,0.6770528
1,0,0,0.39827052
1,1,1,0.7840874
1,0,1,0.60078746
1,0,1,0.6411263
1,1,1,0.67807055
1,1,1,0.5051333
1,1,1,0.57442486
1,0,0,0.4367995
1,0,0,0.2278527
1,0,0,0.46787354
1,0,1,0.5548351
1,1,1,0.6973086
1,1,1,0.6643883
1,0,0,0.29796585
1,0,0,0.18369162
1,0,0,0.14753471
1,1,0,0.47397304
1,0,0,0.37152112
1,0,0,0.09691915
1,0,0,0.4598229
1,0,0,0.4861354
1,0,0,0.07265534
1,1,1,0.6274838
1,1,1,0.6791435
1,0,0,0.12442747
1,1,1,0.6186898
1,1,1,0.56936526
1,1,1,0.52318335
1,0,0,0.4469571
1,0,0,0.2272667
1,0,1,0.5521218
1,0,0,0.4050687
1,1,1,0.69823444
1,1,1,0.6371808
1,0,0,0.15579227
1,0,0,0.3988459
1,0,0,0.121556625
1,1,0,0.48379466
1,0,1,0.51550907
1,1,0,0.2248091
1,1,1,0.63192284
1,1,0,0.4041411
1,0,0,0.36514792
1,0,0,0.1211915
1,1,0,0.30329663
1,0,0,0.17046411
1,0,1,0.77477884
1,0,1,0.6900894
1,0,0,0.37315726
1,1,1,0.5494913
1,0,0,0.10900987
1,1,1,0.6567246
1,0,0,0.38718465
1,1,0,0.47876143
1,1,0,0.4427405
1,0,0,0.4037385
1,1,1,0.6706954
1,1,1,0.92139035
1,1,1,0.6621207
1,0,0,0.49087447
1,0,1,0.54359615
1,0,0,0.1560754
1,0,0,0.43739843
1,1,1,0.5867356
1,0,0,0.46621582
1,0,1,0.6242929
1,1,1,0.50304854
1,1,1,0.6269634
1,0,1,0.6427826
1,1,1,0.7041691
1,0,0,0.34140605
1,0,1,0.5589731
1,0,0,0.41033176
1,0,1,0.608435
1,1,1,0.6379101
1,1,1,0.5799784
1,0,1,0.750062
1,0,1,0.5661607
1,1,1,0.5796375
1,1,1,0.8786532
1,1,1,0.61012495
1,0,1,0.5246278
1,1,1,0.6506285
1,0,0,0.31527665
1,1,1,0.82956344
1,0,0,0.38307253
1,1,1,0.71783215
1,1,1,0.68417734
1,0,1,0.6133982
1,0,0,0.20164675
1,0,0,0.2684334
1,0,0,0.14463116
1,1,1,0.6975267
1,0,1,0.57309747
1,0,1,0.6485401
1,1,1,0.66938746
1,1,1,0.5686484
1,0,0,0.4588497
1,0,0,0.26541704
1,0,1,0.59150034
1,1,1,0.6763063
1,1,1,0.70588213
1,0,1,0.6545411
1,0,1,0.619446
1,1,1,0.5746998
1,0,1,0.6721886
1,0,1,0.6580672
1,0,0,0.4773895
1,0,1,0.52630794
1,0,0,0.4898309
1,0,1,0.5924988
1,1,1,0.56929785
1,0,1,0.5469986
1,1,1,0.51112825
1,1,1,0.5877401
1,0,1,0.59370816
1,1,1,0.58162105
1,0,1,0.5166355
1,0,1,0.587305
1,0,1,0.57536304
1,1,1,0.50872636
1,0,1,0.73815376
1,1,1,0.7170535
1,1,1,0.5729538
1,1,1,0.68092155
1,1,1,0.5232153
1,0,1,0.50428045
1,1,1,0.67473906
1,1,1,0.64084446
1,0,0,0.43758905
1,0,1,0.6504245
1,1,1,0.73007745
1,1,1,0.71320295
1,1,1,0.6470336
1,0,1,0.5232393
1,1,1,0.58909535
1,0,0,0.46701628
1,0,1,0.505112
1,0,0,0.14396232
1,1,0,0.3314559
1,0,1,0.6125948
1,1,1,0.68817276
1,0,0,0.44632226
1,1,1,0.7316979
1,1,0,0.46816975
1,0,0,0.44150063
1,0,0,0.3295574
1,0,0,0.2232163
1,0,0,0.2584693
1,0,0,0.27734572
1,0,1,0.6820876
1,0,1,0.6774155
1,1,1,0.66696566
1,0,1,0.7035886
1,0,1,0.608029
1,0,0,0.18617567
1,0,1,0.56215984
1,1,1,0.59651774
1,1,0,0.48099768
1,0,1,0.5499213
1,1,1,0.6992729
1,1,1,0.66693884
1,0,0,0.39211905
1,0,1,0.6025934
1,1,1,0.577134
1,1,1,0.5503392
1,0,1,0.520367
1,1,1,0.6754344
1,1,1,0.6793199
1,0,1,0.6687106
1,0,1,0.6588358
1,1,1,0.6434727
1,0,0,0.27775872
1,1,1,0.66555065
1,0,0,0.43519774
1,0,1,0.5960651
1,1,0,0.4993676
1,0,1,0.6921163
1,1,1,0.68729687
1,1,1,0.6260446
1,0,0,0.17111273
1,0,0,0.20177923
1,1,0,0.49630806
1,1,1,0.6684381
1,1,0,0.37253988
1,0,0,0.48450238
1,0,0,0.35442248
1,0,1,0.51223326
1,1,1,0.5012174
1,0,1,0.51274306
1,0,1,0.57267475
1,1,1,0.61154145
1,1,1,0.7852649
1,1,1,0.6158098
1,1,1,0.5641743
1,0,0,0.14951809
1,0,1,0.772728
1,0,0,0.48695865
1,1,1,0.7820505
1,0,0,0.49293923
1,0,0,0.37434053
1,1,1,0.5698468
1,0,1,0.5259295
1,0,1,0.67522687
1,1,1,0.6691958
1,1,1,0.55758667
1,0,1,0.67946166
1,0,0,0.30264863
1,1,1,0.8868431
1,1,1,0.8132475
1,1,0,0.14997303
1,1,1,0.6824013
1,0,1,0.7811847
1,1,1,0.8767297
1,0,1,0.5426671
1,0,0,0.20656061
1,1,0,0.11870947
1,0,1,0.69118726
1,0,1,0.87130904
1,1,1,0.869237
1,0,1,0.58968675
1,1,0,0.46954688
1,1,1,0.67520076
1,0,1,0.6147027
1,0,0,0.11820475
1,1,1,0.5081197
1,0,1,0.72598153
1,1,1,0.7845135
1,0,1,0.57256776
1,0,1,0.7840574
1,0,1,0.5795971
1,0,1,0.6379329
1,0,0,0.08147541
1,1,1,0.77936137
1,0,0,0.31996757
1,1,1,0.5067049
1,1,1,0.692524
1,1,1,0.8376948
1,0,0,0.40192574
1,1,1,0.6137671
1,1,1,0.5299948
1,0,0,0.4847005
1,0,1,0.50207776
1,0,0,0.23256029
1,1,1,0.89412725
1,0,1,0.6910859
1,1,1,0.67962235
1,0,0,0.39901754
1,0,1,0.633314
1,0,0,0.4457128
1,1,1,0.7756427
1,0,1,0.5377601
1,1,1,0.7790414
1,1,1,0.5473851
1,0,0,0.48467246
1,1,1,0.7758747
1,1,0,0.33743447
1,1,0,0.42462593
1,1,1,0.71981823
1,1,1,0.65412104
1,1,1,0.8467326
1,0,0,0.49950364
1,0,0,0.49441555
1,0,0,0.25241685
1,1,1,0.8938905
1,0,1,0.7622846
1,0,1,0.52509904
1,1,1,0.9166878
1,1,1,0.61276627
1,1,1,0.85120773
1,0,0,0.22715515
1,1,1,0.71367615
1,0,0,0.25394285
1,1,1,0.5735993
1,1,1,0.7493504
1,0,1,0.6362926
1,0,1,0.5763075
1,0,1,0.7673679
1,1,0,0.25311852
1,0,0,0.362971
1,0,1,0.5278981
1,0,0,0.21362154
1,1,0,0.12978423
1,0,1,0.8012828
1,1,1,0.5725282
1,1,1,0.55309236
1,1,1,0.6219285
1,0,1,0.5619197
1,1,1,0.62515306
1,0,1,0.65755355
1,1,1,0.70860946
1,0,0,0.35262743
1,0,0,0.40931427
1,1,0,0.33124274
1,0,0,0.21694466
1,0,0,0.24818033
1,1,0,0.23775412
1,0,1,0.69372267
1,1,1,0.5959204
1,0,0,0.09678811
1,0,0,0.3245578
1,0,1,0.5939532
1,0,0,0.33858126
1,1,1,0.85513425
1,0,1,0.69198847
1,1,0,0.044746477
1,1,1,0.610567
1,0,1,0.50400764
1,1,1,0.8109091
1,0,1,0.6259648
1,0,1,0.70343417
1,0,1,0.8281177
1,1,1,0.67133754
1,1,1,0.6250009
1,0,1,0.5672013
1,0,1,0.6805359
1,1,1,0.6579418
1,0,0,0.43157417
1,1,1,0.65311265
1,1,0,0.39837757
1,1,0,0.442316
1,0,0,0.16969301
1,0,0,0.22497682
1,0,0,0.281104
1,1,1,0.6239413
1,0,1,0.52976567
1,0,0,0.2242901
1,0,0,0.17495368
1,0,1,0.7903466
1,0,1,0.59264225
1,1,1,0.7045104
1,1,1,0.6886095
1,0,1,0.59380984
1,0,0,0.42481348
1,0,1,0.56747574
1,1,1,0.6517296
1,1,1,0.58209306
1,0,0,0.48000184
1,0,1,0.5589159
1,1,1,0.65890115
1,1,1,0.68608344
1,1,1,0.6883237
1,1,1,0.6737388
1,0,1,0.51413167
1,1,1,0.5761482
1,1,1,0.82882786
1,1,1,0.7551392
1,0,1,0.7274522
1,0,1,0.6633519
1,0,0,0.05163781
1,0,0,0.46911523
1,1,1,0.7731992
1,0,0,0.3283822
1,1,1,0.80337083
1,0,0,0.34553707
1,0,1,0.5226285
1,0,1,0.9342224
1,0,0,0.3543932
1,1,0,0.44560778
1,1,0,0.32821226
1,0,0,0.14044966
1,1,1,0.717321
1,0,0,0.13128433
1,0,0,0.3947492
1,0,0,0.25282222
1,1,0,0.42941985
1,1,0,0.14055933
1,1,1,0.9459001
1,0,1,0.64787894
1,1,1,0.83841664
1,0,0,0.41296947
1,0,0,0.47993276
1,1,1,0.6749966
1,0,1,0.74448854
1,0,1,0.61730224
1,0,0,0.4092998
1,0,0,0.24880366
1,1,1,0.7250013
1,1,1,0.8207379
1,1,1,0.8889177
1,0,0,0.49169683
1,1,1,0.7828792
1,1,1,0.747524
1,0,1,0.54737866
1,1,1,0.58307564
1,0,1,0.6595888
1,1,0,0.3060813
1,0,0,0.40127227
1,0,0,0.3661542
1,0,0,0.42423388
1,0,0,0.45473444
1,1,1,0.74393207
1,0,1,0.58879054
1,0,0,0.25595847
1,1,1,0.7176221
1,1,0,0.4925809
1,1,1,0.80395955
1,1,1,0.62963074
1,1,1,0.69896036
1,1,1,0.55682313
1,0,1,0.5444238
1,0,1,0.55991495
1,1,1,0.7459083
1,0,0,0.32153788
1,1,1,0.8243994
1,0,1,0.7641497
1,0,0,0.32539776
1,0,0,0.33685756
1,0,1,0.636398
1,1,1,0.70336396
1,0,0,0.11939949
1,0,0,0.2977239
1,1,1,0.8175847
1,0,0,0.124039456
1,1,1,0.62970567
1,1,1,0.67021185
1,0,0,0.2639894
1,1,1,0.9101875
1,1,1,0.7349202
1,1,1,0.6751717
1,1,0,0.281222
1,1,1,0.613695
1,1,1,0.8349902
1,0,0,0.33882105
1,0,1,0.5346503
1,0,0,0.16031148
1,1,1,0.86107886
1,0,0,0.13308257
1,0,0,0.447368
1,1,0,0.48921221
1,1,1,0.5872964
1,0,1,0.73141503
1,0,0,0.39004946
1,0,0,0.37552622
1,1,1,0.8703523
1,1,1,0.73038477
1,1,1,0.8260758
1,0,1,0.69841474
1,1,1,0.7111028
1,1,1,0.65187496
1,1,1,0.7231201
1,0,1,0.57785213
1,0,0,0.4784123
1,1,1,0.7953453
1,1,1,0.6495745
1,0,0,0.43020263
1,1,1,0.7266124
1,0,1,0.76595217
1,1,1,0.8146813
1,1,1,0.85624784
1,0,0,0.38564697
1,0,0,0.45328873
1,0,1,0.71125543
1,0,1,0.6217118
1,0,1,0.6994713
1,0,0,0.13992308
1,1,1,0.7830247
1,0,1,0.7927503
1,0,1,0.5204338
1,0,0,0.36200905
1,0,1,0.61443275
1,1,1,0.63187236
1,0,1,0.5960413
1,0,1,0.67882293
1,1,1,0.51923597
1,1,0,0.27784163
1,0,1,0.7572441
1,1,1,0.5276333
1,0,1,0.8173463
1,1,0,0.39973986
1,0,1,0.5840456
1,0,1,0.5252199
1,1,1,0.6381748
1,1,1,0.9458859
1,1,1,0.603672
1,0,1,0.7545228
1,0,0,0.12167362
1,0,1,0.7230383
1,0,0,0.20046349
1,0,0,0.22227445
1,0,0,0.23990107
1,1,1,0.7555762
1,1,1,0.7609722
1,0,0,0.071554504
1,1,1,0.7239075
1,1,0,0.40729097
1,0,1,0.52546275
1,0,1,0.5947433
1,1,1,0.90135777
1,1,1,0.6005598
1,1,1,0.70839465
1,0,0,0.45465323
1,1,0,0.27119154
1,0,1,0.5706011
1,0,0,0.09950741
1,1,1,0.5585918
1,0,1,0.7885642
1,0,0,0.31271243
1,0,0,0.3999478
1,0,1,0.6533149
1,0,1,0.69816655
1,1,1,0.5612166
1,1,0,0.27674055
1,0,1,0.5326142
1,1,1,0.56339294
1,0,1,0.66735
1,0,0,0.36341465
1,1,1,0.81699735
1,1,1,0.9234918
1,1,1,0.7465321
1,0,1,0.67847735
1,0,1,0.75557375
1,0,1,0.6770657
1,0,0,0.2878695
1,1,1,0.6744001
1,0,1,0.650167
1,1,1,0.68046427
1,0,0,0.19017331
1,0,1,0.6360398
1,1,1,0.68598324
1,0,0,0.18161447
1,0,1,0.6900231
1,1,1,0.7010689
1,0,0,0.33785713
1,1,1,0.76368827
1,1,1,0.64975363
1,1,1,0.62253195
1,1,0,0.47307086
1,0,1,0.81969607
1,0,0,0.144689
1,1,1,0.5633338
1,1,1,0.9510542
1,1,0,0.48046306
1,1,0,0.38154766
1,1,0,0.28773782
1,0,0,0.24120834
1,0,1,0.72867954
1,0,1,0.64413536
1,1,1,0.5367221
1,0,0,0.34055758
1,0,0,0.25464562
1,0,0,0.36463076
1,1,0,0.32800287
1,1,1,0.7945109
1,1,1,0.518319
1,0,0,0.18589982
1,1,1,0.85780805
1,1,1,0.54767984
1,0,0,0.4635174
1,1,0,0.45566705
1,0,0,0.31662375
1,0,1,0.62747633
1,1,1,0.7972948
1,0,1,0.67744404
1,0,0,0.17171347
1,0,1,0.5982502
1,0,0,0.2197064
1,0,1,0.5220524
1,1,1,0.701946
1,1,1,0.56993484
1,1,0,0.29416275
1,0,1,0.78402424
1,0,1,0.52011406
1,0,1,0.64779115
1,1,1,0.5137698
1,0,1,0.6501486
1,1,1,0.6877026
1,1,1,0.5669747
1,1,0,0.45975155
1,0,1,0.62506014
1,1,1,0.5250135
1,0,0,0.39776623
1,1,1,0.7287696
1,1,1,0.56071746
1,1,1,0.62587416
1,1,1,0.5264949
1,0,1,0.59665024
1,0,1,0.60627645
1,0,0,0.47667986
1,1,0,0.3950885
1,0,1,0.59832376
1,1,0,0.4265189
1,1,1,0.69283164
1,0,1,0.63310707
1,1,1,0.7408337
1,1,1,0.6733599
1,0,0,0.49821588
1,1,1,0.6454989
1,1,1,0.50632685
1,0,1,0.6028791
1,0,1,0.6635461
1,1,1,0.6791667
1,0,0,0.4332942
1,1,1,0.55647856
1,0,0,0.3688699
1,0,0,0.38170722
1,1,1,0.76981705
1,1,1,0.5892766
1,0,1,0.74026537
1,1,0,0.49052608
1,1,1,0.701576
1,0,1,0.7443255
1,1,1,0.76324743
1,0,1,0.7426374
1,0,0,0.24988398
1,1,1,0.6415507
1,0,1,0.7480064
1,1,1,0.75403917
1,0,1,0.63374525
1,0,1,0.617716
1,1,1,0.533952
1,1,1,0.61023545
1,1,1,0.5020321
1,0,0,0.19934383
1,0,0,0.42268625
1,1,0,0.43853897
1,0,1,0.80715275
1,1,1,0.59281045
1,0,0,0.392839
1,0,1,0.5244101
1,1,1,0.75840604
1,0,1,0.68694055
1,1,1,0.65530735
1,0,0,0.39321035
1,0,1,0.61406857
1,0,0,0.4685851
1,0,1,0.6041705
1,1,1,0.74831647
1,0,1,0.70956624
1,1,0,0.44831842
1,0,0,0.41555515
1,1,1,0.68272746
1,1,1,0.61388415
1,1,1,0.70233923
1,1,1,0.66084844
1,1,1,0.69312227
1,0,0,0.16960171
1,1,0,0.46153978
1,1,0,0.16611113
1,0,0,0.48595464
1,0,0,0.40031174
1,1,1,0.5348599
1,0,0,0.29074478
1,1,1,0.52409613
1,0,1,0.608717
1,1,1,0.67530495
1,0,1,0.5069502
1,0,1,0.62171006
1,0,0,0.27065217
1,0,1,0.6343484
1,0,0,0.15670772
1,0,1,0.8644759
1,1,1,0.6975993
1,0,1,0.50761247
1,1,1,0.7031324
1,0,0,0.16416448
1,0,1,0.5439372
1,1,1,0.593056
1,1,1,0.7947956
1,1,1,0.7203688
1,0,0,0.23549013
1,1,1,0.6793076
1,0,0,0.2822774
1,0,1,0.7830528
1,0,0,0.27506626
1,1,1,0.7551064
1,1,1,0.6252089
1,1,1,0.5876768
1,0,0,0.41201362
1,1,0,0.48067954
1,0,0,0.1749359
1,1,1,0.5005565
1,0,1,0.5731804
1,0,0,0.4451382
1,1,1,0.68845093
1,0,1,0.5157117
1,0,0,0.45472437
1,1,1,0.5790277
1,1,1,0.51889074
1,1,1,0.6185923
1,0,1,0.6008369
1,0,1,0.61848116
1,0,1,0.53369933
1,0,1,0.6358995
1,0,1,0.6916522
1,1,1,0.54801655
1,0,0,0.2764484
1,0,0,0.21845917
1,1,1,0.5164142
1,0,0,0.11332889
1,0,0,0.25612774
1,0,0,0.47608277
1,1,1,0.9317076
1,0,1,0.6604479
1,1,1,0.80621326
1,0,0,0.22605586
1,0,1,0.83953696
1,1,1,0.63755566
1,0,1,0.59799
1,1,1,0.5384092
1,1,1,0.8417553
1,0,1,0.65456605
1,0,1,0.75832486
1,1,1,0.7762167
1,1,1,0.67433673
1,0,0,0.39275387
1,0,0,0.26263672
1,0,1,0.6419287
1,1,1,0.8005968
1,0,0,0.41704842
1,1,1,0.67392176
1,0,1,0.78525233
1,1,0,0.38330254
1,0,1,0.53461385
1,1,1,0.6953476
1,0,0,0.46200117
1,1,1,0.5517447
1,1,1,0.93427837
1,0,1,0.6927055
1,1,1,0.6861958
1,0,0,0.2914009
1,1,1,0.70642084
1,0,1,0.6041058
1,1,1,0.71581566
1,1,1,0.7789067
1,0,1,0.5224294
1,0,0,0.42536202
1,1,1,0.73038375
1,0,1,0.58291584
1,0,0,0.36677912
1,1,1,0.57851183
1,0,1,0.6739999
1,0,0,0.45707273
1,0,0,0.48184633
1,0,0,0.33571988
1,0,0,0.21989733
1,0,1,0.6536846
1,1,1,0.74931186
1,1,1,0.58147895
1,0,0,0.4629101
1,1,1,0.6427908
1,1,0,0.42085716
1,1,1,0.69742775
1,1,1,0.58712244
1,1,1,0.6685623
1,0,0,0.42587095
1,0,1,0.65045667
1,1,1,0.6515431
1,1,1,0.53737473
1,1,1,0.7096967
1,0,0,0.33389002
1,0,0,0.40963092
1,0,0,0.3766083
1,1,1,0.7055708
1,0,1,0.5652554
1,0,0,0.39376378
1,1,1,0.7113327
1,0,0,0.12900744
1,0,0,0.3835768
1,1,0,0.37705296
1,1,0,0.49219584
1,0,0,0.21155916
1,0,1,0.6678105
1,0,0,0.26463747
1,1,1,0.63759
1,0,0,0.46658993
1,1,1,0.51847106
1,1,0,0.45045987
1,1,1,0.89435375
1,1,1,0.67073834
1,0,1,0.8176597
1,0,1,0.8326869
1,0,1,0.60627776
1,1,1,0.52848893
1,1,1,0.606756
1,1,1,0.82543415
1,0,0,0.41443238
1,0,0,0.2198321
1,0,1,0.64950734
1,1,1,0.88065326
1,0,1,0.75430816
1,0,0,0.22858419
1,1,0,0.47949713
1,1,1,0.67341554
1,0,0,0.328202
1,1,1,0.59871596
1,1,1,0.80180115
1,0,1,0.7737874
1,0,0,0.19086929
1,0,0,0.23020707
1,0,1,0.7676866
1,1,1,0.7335722
1,0,1,0.6722949
1,1,1,0.89820784
1,0,1,0.7640154
1,1,1,0.7254751
1,1,1,0.6704623
1,1,0,0.30551606
1,1,1,0.883152
1,0,1,0.68481755
1,0,1,0.6615081
1,1,1,0.8074125
1,1,0,0.4923172
1,1,0,0.42747906
1,1,1,0.70947546
1,0,0,0.42415926
1,0,0,0.4547321
1,0,1,0.6093297
1,0,0,0.22577159
1,0,1,0.76165766
1,0,0,0.23781283
1,0,0,0.46299496
1,0,0,0.07444736
1,1,1,0.62167114
1,0,0,0.13129218
1,0,0,0.45074183
1,1,1,0.8195875
1,1,1,0.68274057
1,1,1,0.63154054
1,0,0,0.33912182
1,0,0,0.4290514
1,0,1,0.6803455
1,0,0,0.3300183
1,1,1,0.6504831
1,1,1,0.7585984
1,1,0,0.37226942
1,1,1,0.69301635
1,0,1,0.51347405
1,0,0,0.29754296
1,1,1,0.6368701
1,0,0,0.32915184
1,0,1,0.60811526
1,1,1,0.8812364
1,0,1,0.70947266
1,0,1,0.7333771
1,1,1,0.7454853
1,1,1,0.5247972
1,1,1,0.8648138
1,0,0,0.20026028
1,1,1,0.7856824
1,0,0,0.4750453
1,1,0,0.21320239
1,1,1,0.55079883
1,0,1,0.6588611
1,0,1,0.627583
1,0,1,0.6099942
1,0,0,0.31082505
1,0,1,0.89505666
1,1,1,0.61788344
1,1,1,0.88668513
1,1,1,0.87838006
1,0,1,0.68199676
1,1,0,0.23397313
1,0,0,0.35681197
1,1,1,0.61899114
1,1,1,0.83752596
1,1,1,0.842963
1,0,1,0.5406866
1,0,0,0.19085298
1,1,1,0.53361833
1,0,0,0.14219934
1,0,0,0.106440015
1,0,0,0.36313385
1,0,0,0.15078655
1,0,1,0.66445905
1,0,0,0.4527573
1,0,1,0.5460191
1,0,0,0.18045424
1,1,0,0.1268573
1,1,0,0.121300384
1,1,1,0.8408406
1,0,1,0.70653445
1,0,1,0.5732321
1,0,0,0.30948853
1,1,1,0.5936532
1,1,0,0.29420453
1,1,1,0.7122197
1,0,0,0.37014532
1,1,0,0.3204339
1,1,1,0.94362515
1,0,1,0.8079631
1,0,0,0.3182548
1,0,1,0.69890255
1,1,1,0.80255175
1,0,1,0.59666336
1,0,0,0.1556905
1,0,1,0.8229371
1,1,1,0.5289054
1,1,1,0.78960246
1,1,1,0.7797838
1,1,1,0.74860823
1,1,0,0.2952748
1,0,1,0.5596992
1,1,1,0.759731
1,1,1,0.65244865
1,1,0,0.4907791
1,0,1,0.76708764
1,1,1,0.8626769
1,0,1,0.5731141
1,1,0,0.47732553
1,1,1,0.70391905
1,0,0,0.21046312
1,0,1,0.57079804
1,0,0,0.4193681
1,1,1,0.52959853
1,1,1,0.5046452
1,1,1,0.7763175
1,0,1,0.686771
1,0,1,0.5312557
1,0,0,0.40436777
1,0,1,0.62949044
1,0,1,0.7090322
1,1,1,0.637657
1,0,0,0.37677804
1,1,1,0.700698
1,0,0,0.40538955
1,1,1,0.63237643
1,1,0,0.46031877
1,0,0,0.17852587
1,0,0,0.4594185
1,1,1,0.6593853
1,1,1,0.5915196
1,1,0,0.36259136
1,1,1,0.61785275
1,0,0,0.30248424
1,0,1,0.612863
1,0,0,0.4326163
1,1,1,0.77050704
1,0,0,0.18454711
1,0,0,0.43148774
1,0,0,0.45510766
1,1,0,0.4570205
1,1,0,0.32945448
1,1,1,0.6367251
1,0,1,0.60350007
1,0,0,0.1489069
1,1,0,0.18971233
1,1,1,0.7207626
1,1,1,0.6171507
1,1,1,0.576947
1,0,1,0.604462
1,0,1,0.63326854
1,0,0,0.2530303
1,1,1,0.6354294
1,0,0,0.30176982
1,1,0,0.3736015
1,0,0,0.4405359
1,0,1,0.6836173
1,0,1,0.57823396
1,0,0,0.26111454
1,0,0,0.14026031
1,0,1,0.6296068
1,1,1,0.6376759
1,1,1,0.71301687
1,0,0,0.15072413
1,0,0,0.26738864
1,1,0,0.20263617
1,1,1,0.77797365
1,0,0,0.0632649
1,0,0,0.25131744
1,0,1,0.58464694
1,0,1,0.51890564
1,1,0,0.23664711
1,0,1,0.5875808
1,1,1,0.5836653
1,0,0,0.19054113
1,0,0,0.35374877
1,1,1,0.7059333
1,1,1,0.65527654
1,0,1,0.51013535
1,0,1,0.65123683
1,1,1,0.7359339
1,1,0,0.13960063
1,0,1,0.6072135
1,1,1,0.74159646
1,0,0,0.47571108
1,1,0,0.31478918
1,1,1,0.61827743
1,1,1,0.68612105
1,0,0,0.21521279
1,0,0,0.3640673
1,0,0,0.12851894
1,1,1,0.5868673
1,0,0,0.31990013
1,0,0,0.12803106
1,0,0,0.16596305
1,1,1,0.64234674
1,1,1,0.68350434
1,1,1,0.7850742
1,1,1,0.819338
1,1,0,0.4138825
1,0,0,0.4713908
1,0,0,0.31812423
1,1,1,0.8513206
1,0,0,0.14405353
1,1,1,0.8001949
1,0,1,0.65928614
1,1,1,0.7343364
1,0,1,0.57405925
1,0,0,0.17382802
1,1,1,0.82403
1,1,1,0.6384139
1,0,1,0.53596973
1,1,0,0.49291652
1,0,0,0.31202567
1,0,1,0.63611627
1,1,1,0.54628074
1,1,1,0.65840566
1,1,1,0.6528492
1,0,1,0.7114559
1,0,0,0.47882646
1,1,1,0.7637031
1,1,1,0.5696449
1,1,0,0.4576398
1,1,1,0.5064768
1,0,1,0.7729353
1,0,1,0.65153706
1,0,1,0.6816115
1,0,1,0.54610807
1,1,1,0.6755232
1,0,1,0.5049903
1,1,1,0.67944735
1,1,0,0.11941478
1,0,0,0.18275273
1,1,0,0.35974196
1,1,1,0.5595427
1,0,0,0.14853223
1,1,0,0.37982425
1,0,0,0.34184256
1,0,1,0.5538393
1,1,1,0.7882457
1,1,1,0.8150609
1,0,1,0.81965244
1,0,0,0.1223675
1,1,1,0.5434973
1,1,1,0.62657773
1,1,1,0.80084664
1,0,1,0.6591115
1,0,0,0.33226943
1,1,1,0.74054384
1,1,1,0.532942
1,0,1,0.57283485
1,1,1,0.656246
1,0,1,0.7139496
1,0,1,0.7613209
1,0,0,0.3825144
1,0,0,0.39336237
1,0,1,0.7374117
1,1,1,0.59685236
1,0,1,0.630426
1,0,0,0.3663473
1,1,1,0.6089331
1,0,0,0.4790027
1,1,0,0.13564055
1,1,1,0.78954095
1,1,1,0.89474696
1,1,0,0.3484499
1,1,0,0.49343827
1,1,0,0.37836754
1,0,1,0.5173561
1,1,1,0.69607234
1,0,1,0.7709276
1,1,1,0.9277662
1,1,1,0.81344795
1,1,1,0.8140378
1,0,0,0.23203546
1,0,0,0.1617341
1,1,1,0.7044812
1,1,1,0.75120354
1,0,0,0.32644653
1,0,0,0.30670136
1,0,0,0.4877855
1,1,1,0.55948204
1,0,0,0.18346514
1,0,0,0.48490632
1,1,0,0.32856464
1,1,1,0.8376336
1,0,1,0.58682024
1,0,0,0.36785814
1,1,1,0.6178687
1,0,0,0.4671911
1,0,0,0.3405014
1,1,1,0.75267386
1,0,1,0.68733686
1,0,0,0.28893527
1,0,1,0.65273845
1,0,0,0.1335942
1,1,1,0.7702322
1,0,1,0.51565003
1,0,1,0.75146455
1,1,1,0.70502424
1,0,1,0.6019235
1,1,1,0.8369149
1,1,1,0.7888295
1,0,1,0.5779778
1,1,1,0.7325729
1,1,1,0.8447383
1,0,0,0.32879212
1,1,1,0.61198014
1,0,1,0.6490706
1,1,1,0.72068876
1,0,0,0.46720523
1,0,1,0.72367656
1,0,1,0.7866349
1,0,1,0.61410743
1,0,1,0.6293827
1,1,0,0.46730098
1,0,1,0.6449907
1,1,0,0.45903602
1,0,1,0.64583725
1,1,0,0.46835545
1,1,1,0.5672105
1,1,1,0.7062733
1,1,0,0.49277252
1,1,1,0.88791865
1,1,1,0.8532752
1,1,1,0.58104384
1,1,0,0.47574058
1,0,0,0.24737647
1,1,1,0.6743663
1,0,0,0.34134823
1,0,0,0.110732116
1,0,0,0.22048892
1,0,0,0.3125603
1,0,0,0.13384625
1,0,0,0.31358695
1,1,1,0.54146063
1,0,1,0.6935667
1,0,0,0.17280051
1,1,1,0.89937854
1,1,1,0.5136682
1,0,0,0.365901
1,0,1,0.5885182
1,0,1,0.763222
1,0,1,0.7335545
1,0,1,0.7926374
1,0,0,0.49563268
1,1,0,0.11886542
1,1,0,0.4412378
1,0,0,0.35668167
1,1,1,0.7492958
1,1,1,0.7389468
1,0,0,0.28765646
1,0,1,0.6667208
1,0,1,0.6544779
1,1,1,0.73814946
1,0,0,0.11322656
1,0,1,0.7153165
1,1,1,0.66031486
1,0,1,0.55508894
1,0,0,0.4847478
1,1,1,0.6319102
1,0,1,0.65479904
1,1,1,0.618422
1,1,1,0.5518295
1,1,1,0.83605015
1,1,1,0.63869464
1,0,0,0.16211788
1,1,1,0.6999824
1,1,0,0.44862688
1,0,0,0.27942818
1,1,1,0.6832924
1,0,0,0.20374802
1,0,0,0.11149509
1,0,0,0.35741398
1,0,0,0.148276
1,0,1,0.73526376
1,0,1,0.77548504
1,1,1,0.81031144
1,1,0,0.4218764
1,0,0,0.28120783
1,0,1,0.67182744
1,0,0,0.14411233
1,0,1,0.65022355
1,0,0,0.3506579
1,1,1,0.7578968
1,1,0,0.47950298
1,0,0,0.2758171
1,1,0,0.27349102
1,1,1,0.84984523
1,1,1,0.7265544
1,0,1,0.5242287
1,1,1,0.7179971
1,0,0,0.3335739
1,1,0,0.40096045
1,1,1,0.5791274
1,0,1,0.662003
1,0,1,0.6601363
1,0,0,0.11657848
1,0,1,0.7703467
1,0,0,0.39374602
1,1,1,0.6339717
1,1,1,0.8178639
1,0,1,0.6846599
1,0,0,0.41705185
1,1,1,0.655498
1,1,1,0.73300123
1,0,0,0.4261319
1,0,1,0.5540676
1,1,1,0.8474608
1,0,1,0.585934
1,1,1,0.72001123
1,0,0,0.11041128
1,0,1,0.62537634
1,1,1,0.7339278
1,1,1,0.6804798
1,0,0,0.48960933
1,1,1,0.679999
1,1,1,0.8340843
1,0,1,0.6174981
1,1,1,0.7746366
1,1,1,0.6035769
1,0,0,0.2768615
1,1,1,0.6569065
1,0,0,0.33885962
1,1,0,0.4807
1,1,1,0.8406657
1,1,1,0.76766497
1,0,1,0.7668486
1,0,0,0.14206804
1,1,1,0.63741606
1,1,1,0.81711674
1,0,1,0.6497197
1,1,1,0.6503888
1,1,1,0.63226223
1,1,1,0.82210755
1,0,0,0.35524556
1,0,0,0.17765251
1,0,1,0.6000921
1,0,1,0.81769997
1,0,0,0.40624014
1,1,1,0.60638267
1,0,0,0.18767498
1,1,0,0.19504184
1,1,1,0.92208517
1,1,0,0.48275855
1,0,0,0.28289813
1,0,1,0.7490706
1,1,1,0.7511643
1,1,1,0.68406534
1,0,1,0.6126234
1,0,0,0.46613863
1,1,0,0.44786042
1,0,0,0.18429998
1,0,0,0.2167994
1,1,1,0.71670455
1,1,1,0.6688683
1,1,1,0.5306461
1,0,0,0.2081813
1,0,0,0.46659642
1,0,0,0.45831347
1,0,1,0.70773774
1,0,0,0.45459154
1,1,1,0.5131773
1,1,1,0.6908859
1,1,1,0.5794753
1,0,1,0.52099794
1,1,1,0.58881384
1,1,0,0.38759917
1,0,0,0.26234567
1,1,1,0.56284505
1,0,1,0.6077148
1,0,1,0.500505
1,1,0,0.33325863
1,0,1,0.50477374
1,1,0,0.37360883
1,1,1,0.5472978
1,0,0,0.48090664
1,1,0,0.47981954
1,0,1,0.64882594
1,0,0,0.123261325
1,1,1,0.5780867
1,0,0,0.17180203
1,0,0,0.19937938
1,0,1,0.54117566
1,0,0,0.21238522
1,0,1,0.5311005
1,0,1,0.69346476
1,1,1,0.57807213
1,1,1,0.6261523
1,0,1,0.6648678
1,1,1,0.6363123
1,0,1,0.50236
1,0,1,0.5370557
1,0,1,0.6072349
1,1,1,0.5851336
1,1,1,0.59024805
1,1,1,0.6818155
1,0,0,0.48350433
1,1,1,0.5446015
1,0,1,0.6511227
1,1,1,0.6430784
1,0,1,0.6503438
1,0,0,0.11999594
1,0,0,0.41819403
1,1,1,0.598595
1,0,0,0.15467504
1,1,0,0.44543654
1,1,0,0.24077512
1,0,0,0.35630912
1,0,0,0.2901769
1,0,0,0.4331592
1,1,1,0.82478184
1,0,1,0.6160458
1,1,1,0.71464264
1,0,1,0.59824383
1,0,0,0.35499707
1,0,0,0.20470639
1,1,1,0.51700664
1,0,0,0.3290061
1,1,1,0.5303257
1,1,1,0.5709004
1,1,1,0.53924656
1,0,1,0.52976096
1,0,0,0.16763106
1,1,1,0.86019784
1,1,1,0.83974016
1,0,0,0.32098827
1,0,0,0.2770015
1,0,0,0.15739189
1,0,0,0.11422924
1,1,1,0.9375122
1,0,1,0.7651796
1,0,1,0.59783393
1,0,0,0.45235196
1,0,0,0.29516602
1,1,1,0.70597756
1,0,1,0.55581003
1,0,1,0.664679
1,1,1,0.60766584
1,1,1,0.57665837
1,1,1,0.79514796
1,1,1,0.6312202
1,0,0,0.11032715
1,1,1,0.7716786
1,0,1,0.6399703
1,1,1,0.6977259
1,0,0,0.29822558
1,0,1,0.51163614
1,1,1,0.59940153
1,0,0,0.18264645
1,1,1,0.83320284
1,1,1,0.5698284
1,1,0,0.32168382
1,1,1,0.7869136
1,1,1,0.5380968
1,0,1,0.6349229
1,0,1,0.53860587
1,0,0,0.371178
1,1,1,0.5581175
1,1,1,0.6814515
1,0,0,0.44360602
1,0,1,0.68172103
1,0,1,0.60105056
1,0,1,0.78744733
1,0,0,0.39509252
1,0,0,0.414129
1,0,1,0.7840637
1,0,1,0.81614536
1,0,1,0.6297404
1,1,0,0.43200213
1,0,1,0.5199667
1,0,0,0.4487064
1,0,0,0.43553656
1,1,1,0.5255816
1,0,0,0.37550697
1,0,1,0.63042635
1,0,0,0.1297548
1,1,1,0.66625184
1,1,0,0.48258027
1,1,1,0.7181238
1,1,0,0.13446139
1,1,1,0.71159655
1,1,1,0.82707644
1,1,1,0.60265654
1,1,1,0.7153144
1,0,1,0.6518236
1,0,0,0.1819174
1,0,1,0.6476849
1,1,1,0.80405843
1,0,1,0.57287204
1,1,1,0.62361807
1,0,0,0.20180508
1,0,0,0.471535
1,0,1,0.5210741
1,0,0,0.2758317
1,1,1,0.75457937
1,1,0,0.41969746
1,1,1,0.7192415
1,0,1,0.7355715
1,0,1,0.65283
1,0,0,0.3071554
1,0,1,0.53175086
1,1,1,0.50036496
1,1,1,0.72542465
1,1,1,0.5070657
1,1,1,0.74238694
1,1,0,0.46806762
1,0,0,0.39974207
1,1,0,0.35635397
1,1,1,0.68042654
1,1,1,0.5457364
1,1,1,0.5774373
1,0,1,0.692861
1,0,0,0.41339096
1,0,0,0.32061103
1,0,0,0.4902555
1,0,1,0.53481585
1,0,0,0.3491152
1,1,1,0.5961281
1,0,1,0.5631317
1,0,0,0.39140952
1,0,0,0.3335568
1,1,0,0.3394349
1,0,0,0.4375266
1,1,1,0.71933633
1,1,0,0.41763356
1,1,1,0.8244119
1,0,1,0.57491565
1,1,1,0.62742037
1,1,1,0.74799365
1,0,1,0.53611606
1,1,1,0.5775845
1,1,1,0.70222193
1,0,1,0.5101734
1,1,1,0.63841915
1,1,1,0.6577671
1,0,0,0.49226072
1,1,1,0.7290643
1,0,0,0.4138336
1,1,1,0.7915271
1,0,0,0.4908236
1,0,0,0.47748056
1,0,0,0.48995358
1,0,0,0.34619948
1,1,1,0.67377764
1,0,1,0.64624035
1,0,0,0.46242833
1,1,1,0.80194634
1,1,1,0.56055194
1,0,1,0.55279857
1,1,0,0.4452484
1,1,1,0.55352616
1,0,1,0.6401135
1,1,1,0.69835037
1,0,1,0.6213983
1,0,0,0.29821244
1,0,0,0.4795685
1,0,0,0.40600494
1,1,1,0.82237273
1,0,1,0.58146805
1,1,1,0.79319024
1,0,0,0.4690392
1,0,0,0.3052577
1,1,1,0.7387294
1,1,0,0.37194523
1,0,1,0.6477675
1,0,0,0.22100024
1,0,0,0.18395774
1,0,1,0.81860673
1,1,0,0.43815824
1,1,0,0.4524366
1,1,0,0.4919897
1,0,0,0.4627016
1,0,0,0.3356691
1,0,1,0.56180704
1,0,1,0.53865564
1,1,1,0.66226095
1,0,1,0.62381554
1,0,0,0.37225434
1,0,0,0.3891989
1,1,1,0.59272003
1,1,1,0.8000363
1,1,1,0.7232838
1,0,1,0.70604223
1,1,1,0.6555359
1,0,0,0.46926147
1,0,1,0.57794416
1,1,1,0.55681735
1,1,0,0.44952962
1,1,0,0.33374968
1,0,1,0.677482
1,1,1,0.5050551
1,1,0,0.47509506
1,0,0,0.38886392
1,0,0,0.45027742
1,0,0,0.40087864
1,1,1,0.59637237
1,0,1,0.5950112
1,0,0,0.37223575
1,0,1,0.80500126
1,1,1,0.7038712
1,0,1,0.7255074
1,1,1,0.6309933
1,1,1,0.83078015
1,1,1,0.7230052
1,0,1,0.69416213
1,0,0,0.47639182
1,1,0,0.29856363
1,1,0,0.37816548
1,0,1,0.5257034
1,0,0,0.36282808
1,0,1,0.53880453
1,0,0,0.4157895
1,0,1,0.6469015
1,1,0,0.36807787
1,1,1,0.73383003
1,1,1,0.72754234
1,1,0,0.40194556
1,1,1,0.7365486
1,0,1,0.71587384
1,1,0,0.29327345
1,0,0,0.34862494
1,0,0,0.4736434
1,1,0,0.49674952
1,1,0,0.40598
1,1,1,0.66242
1,0,0,0.41715902
1,1,0,0.33752885
1,0,0,0.485095
1,0,1,0.5097487
1,1,1,0.6120779
1,1,1,0.7295171
1,0,0,0.43511483
1,0,1,0.5017591
1,0,0,0.2718279
1,0,0,0.2429993
1,0,0,0.2757158
1,0,1,0.7259338
1,0,1,0.6067543
1,0,1,0.5356189
1,0,1,0.64316714
1,1,1,0.87536657
1,1,1,0.6133209
1,1,1,0.77977157
1,0,0,0.1995244
1,0,0,0.26414075
1,0,1,0.801833
1,1,1,0.5698371
1,0,0,0.24958567
1,1,1,0.6945153
1,1,1,0.7187204
1,1,1,0.70135653
1,0,0,0.4543014
1,0,0,0.23016793
1,1,1,0.75708586
1,1,1,0.5158969
1,1,1,0.5825357
1,0,0,0.121385984
1,0,0,0.16476746
1,0,0,0.36300793
1,1,1,0.72639406
1,0,1,0.5357383
1,0,1,0.7291521
1,1,1,0.67708236
1,0,0,0.29861063
1,1,1,0.7116438
1,0,1,0.61774486
1,0,0,0.30629483
1,0,1,0.60657954
1,1,1,0.8161464
1,0,1,0.6522709
1,0,1,0.7088041
1,0,1,0.5643162
1,0,0,0.4502828
1,1,0,0.3684701
1,1,0,0.47675896
1,0,1,0.73260474
1,0,1,0.6455857
1,1,1,0.6125423
1,0,1,0.50681424
1,1,1,0.6149247
1,0,1,0.5801359
1,0,1,0.6017455
1,0,0,0.3532267
1,1,1,0.6319526
1,1,1,0.73808163
1,1,1,0.73465663
1,0,1,0.6262265
1,1,1,0.9045154
1,1,1,0.58160734
1,0,1,0.570933
1,0,0,0.38232508
1,1,1,0.71833855
1,1,1,0.638578
1,0,1,0.7487072
1,1,1,0.8062614
1,0,1,0.7315051
1,1,1,0.56986624
1,1,1,0.7175272
1,1,1,0.77825004
1,1,1,0.6292172
1,0,1,0.6472524
1,0,1,0.86233735
1,0,1,0.51959264
1,0,1,0.5839387
1,1,0,0.44184804
1,0,1,0.7681137
1,0,1,0.70788133
1,1,1,0.628988
1,1,1,0.7236215
1,0,1,0.5550978
1,0,0,0.258905
1,1,1,0.69172394
1,0,1,0.5436496
1,0,1,0.5175157
1,0,0,0.47938246
1,1,1,0.500026
1,1,1,0.79998726
1,1,1,0.7997182
1,1,1,0.73723
1,1,1,0.57234246
1,0,1,0.5032853
1,1,0,0.30940965
1,0,1,0.64845556
1,0,1,0.6953567
1,0,1,0.6432188
1,0,0,0.31919715
1,1,1,0.5385796
1,0,0,0.38021305
1,1,1,0.7897254
1,1,1,0.8249745
1,1,1,0.7987603
1,1,1,0.9063277
1,0,1,0.5178433
1,1,1,0.52675986
1,0,0,0.32301578
1,1,1,0.6971636
1,0,0,0.3335986
1,0,0,0.21627948
1,0,0,0.27594218
1,1,1,0.64010286
1,1,1,0.6297827
1,1,1,0.5866758
1,0,0,0.20531912
1,0,0,0.232741
1,0,0,0.2582249
1,1,0,0.44357428
1,1,0,0.4604158
1,0,0,0.15765573
1,0,0,0.4281052
1,0,0,0.4105264
1,0,0,0.38752523
1,1,1,0.50318855
1,0,0,0.29198948
1,0,0,0.27873844
1,0,0,0.32772017
1,1,1,0.5392158
1,1,1,0.82217735
1,1,0,0.33930495
1,0,0,0.42106983
1,1,0,0.4318403
1,1,0,0.4487062
1,1,0,0.4638379
1,0,0,0.046348963
1,0,0,0.38941735
1,0,0,0.38658682
1,0,0,0.43107486
1,0,0,0.21930182
1,1,1,0.5216673
1,1,0,0.28737593
1,1,1,0.66895545
1,0,0,0.44136956
1,0,1,0.63179135
1,1,1,0.62047136
1,0,1,0.7450137
1,0,0,0.427018
1,0,0,0.453808
1,0,1,0.5935058
1,1,0,0.3905639
1,1,1,0.6553694
1,0,1,0.66096395
1,0,0,0.11402623
1,0,0,0.21728411
1,0,0,0.1022376
1,1,1,0.79340607
1,1,1,0.61106473
1,1,1,0.8083794
1,0,0,0.47532874
1,0,0,0.3930209
1,0,1,0.77143556
1,0,0,0.49957427
1,1,1,0.51583934
1,0,1,0.6017143
1,1,1,0.6980318
1,0,0,0.3303263
1,1,1,0.81374645
1,1,1,0.64800626
1,1,0,0.121621095
1,1,1,0.7507291
1,1,1,0.70968866
1,0,0,0.22899653
1,0,0,0.34464967
1,0,1,0.65062964
1,0,1,0.59545374
1,0,0,0.3189202
1,0,0,0.3023456
1,0,0,0.18301341
1,0,0,0.4210224
1,1,1,0.69523793
1,0,0,0.108579025
1,1,1,0.7547359
1,1,0,0.42462757
1,1,1,0.7432467
1,0,1,0.5017383
1,0,1,0.6598841
1,1,1,0.7424824
1,0,0,0.11098636
1,1,0,0.3764992
1,0,1,0.50730515
1,0,0,0.104673386
1,0,1,0.5304851
1,1,1,0.86285037
1,1,1,0.8509391
1,0,1,0.6625482
1,1,1,0.90603584
1,1,1,0.77542233
1,0,1,0.790218
1,1,1,0.87807417
1,0,1,0.79278404
1,0,1,0.7084547
1,1,1,0.7559894
1,0,1,0.803185
1,0,1,0.69546396
1,1,1,0.886952
1,1,1,0.7729166
1,0,0,0.36400142
1,1,1,0.8079191
1,1,1,0.6824053
1,0,1,0.68228996
1,1,1,0.87851614
1,0,0,0.200624
1,0,0,0.40972438
1,1,1,0.82508355
1,0,0,0.31833366
1,0,0,0.3328909
1,0,0,0.4189581
1,1,0,0.39212468
1,0,1,0.59760714
1,0,0,0.0920141
1,1,1,0.7469942
1,0,1,0.61852074
1,0,1,0.7571741
1,1,1,0.5526326
1,1,1,0.74669725
1,0,1,0.60300744
1,1,1,0.65973115
1,1,1,0.8719154
1,1,1,0.51808184
1,0,0,0.33817667
1,1,1,0.73336506
1,0,0,0.3895335
1,0,1,0.5101988
1,1,1,0.67639905
1,0,1,0.6318827
1,0,0,0.45324108
1,1,1,0.8236335
1,1,1,0.6781759
1,0,1,0.60006285
1,0,1,0.565706
1,1,1,0.5830136
1,1,1,0.849818
1,0,0,0.12424699
1,0,0,0.15227248
1,1,1,0.5241807
1,0,1,0.6367239
1,0,1,0.53683066
1,1,0,0.4859966
1,0,1,0.5631798
1,1,1,0.54130423
1,0,0,0.4000749
1,0,0,0.49654442
1,1,1,0.52842426
1,1,1,0.7009463
1,0,0,0.46381986
1,0,0,0.42108056
1,0,1,0.72894824
1,0,1,0.60413206
1,0,1,0.57223433
1,0,1,0.51304865
1,1,1,0.6194071
1,1,0,0.46204773
1,0,0,0.48839894
1,1,1,0.7699022
1,0,1,0.6608794
1,1,1,0.6518681
1,1,1,0.63300073
1,0,1,0.51733553
1,1,1,0.71015924
1,0,0,0.49503803
1,0,1,0.5918507
1,0,1,0.5892679
1,1,0,0.4957903
1,1,1,0.73804325
1,0,1,0.6126985
1,1,1,0.73589873
1,0,1,0.5871136
1,0,0,0.23167971
1,1,1,0.89255255
1,0,1,0.57695985
1,1,1,0.89855796
1,0,0,0.3126177
1,0,0,0.15742502
1,0,0,0.12923369
1,1,1,0.51034707
1,0,0,0.30578655
1,0,0,0.13785669
1,1,1,0.7353045
1,0,0,0.2533715
1,0,0,0.28548673
1,1,1,0.59534746
1,1,1,0.5471152
1,0,0,0.09535862
1,0,0,0.48453256
1,0,1,0.6296467
1,1,1,0.6090205
1,0,0,0.2334674
1,1,1,0.71813536
1,1,1,0.89670175
1,0,0,0.37050042
1,1,0,0.30192155
1,0,0,0.06699648
1,0,0,0.48393062
1,1,1,0.73448616
1,1,0,0.20231524
1,0,1,0.5026404
1,1,1,0.6735414
1,0,0,0.138003
1,1,1,0.52397
1,1,1,0.6130337
1,0,0,0.20658936
1,0,1,0.7477131
1,1,1,0.65982527
1,0,0,0.34991983
1,1,0,0.4297551
1,0,1,0.7911244
1,0,0,0.14264055
1,1,1,0.9080899
1,1,1,0.6362038
1,0,1,0.6718027
1,0,1,0.51642627
1,1,1,0.64328086
1,0,1,0.64772975
1,0,1,0.53530973
1,1,1,0.5877306
1,0,1,0.5971732
1,1,1,0.61607057
1,1,0,0.47701317
1,0,0,0.3234751
1,0,0,0.29859647
1,0,1,0.64808816
1,1,1,0.722198
1,1,1,0.7644971
1,0,1,0.5525127
1,0,0,0.33222634
1,1,1,0.893377
1,0,0,0.3317466
1,0,1,0.6570837
1,1,1,0.734851
1,1,1,0.6610166
1,1,1,0.88495195
1,1,1,0.7847195
1,0,0,0.38903514
1,0,1,0.77470136
1,0,1,0.6814307
1,1,1,0.8435226
1,0,0,0.4496838
1,0,1,0.7358047
1,0,0,0.49693656
1,1,1,0.87599504
1,1,1,0.5371616
1,0,1,0.68410355
1,1,1,0.7627776
1,0,0,0.42402402
1,1,1,0.7805652
1,1,1,0.846206
1,0,1,0.7520992
1,0,0,0.29412234
1,0,1,0.51461965
1,1,0,0.43533114
1,0,1,0.7106373
1,0,1,0.6252554
1,1,1,0.92168933
1,1,1,0.73983353
1,0,1,0.76918685
1,0,1,0.71949387
1,0,1,0.6076112
1,0,0,0.086266704
1,1,0,0.33469
1,0,1,0.75500774
1,0,1,0.6635143
1,1,1,0.67236006
1,1,1,0.7698573
1,0,1,0.5119297
1,1,1,0.71931297
1,1,1,0.665444
1,1,1,0.5628678
1,1,0,0.4940545
1,0,1,0.6002805
1,1,0,0.40802327
1,1,1,0.5420519
1,0,1,0.58739054
1,0,1,0.5379181
1,1,1,0.61015934
1,0,1,0.78664845
1,1,1,0.6121861
1,0,0,0.24612969
1,0,0,0.2815829
1,0,0,0.3128656
1,0,1,0.611335
1,0,0,0.48558235
1,1,1,0.5689349
1,0,1,0.55891085
1,0,1,0.55208635
1,1,1,0.64850456
1,0,0,0.48117986
1,1,1,0.93195736
1,0,1,0.5325946
1,0,1,0.6659808
1,1,1,0.5142635
1,1,1,0.5957859
1,1,1,0.7870717
1,0,0,0.32040578
1,1,1,0.7130208
1,0,0,0.06599461
1,1,1,0.6163823
1,0,1,0.67300296
1,0,0,0.44736737
1,0,0,0.20161079
1,1,1,0.84126604
1,0,1,0.70514107
1,0,0,0.11746936
1,0,1,0.54954195
1,1,1,0.6732917
1,0,1,0.56587964
1,0,1,0.5146635
1,0,0,0.45174414
1,0,1,0.62883186
1,1,1,0.70384973
1,1,1,0.5433089
1,1,1,0.6963856
1,1,1,0.73223144
1,1,0,0.4676324
1,0,1,0.7817251
1,1,0,0.47931388
1,0,0,0.48459348
1,0,1,0.5879994
1,1,0,0.42441988
1,1,1,0.78056353
1,0,0,0.36926463
1,1,1,0.76868755
1,1,0,0.3311429
1,0,1,0.6644566
1,1,0,0.30035257
1,0,1,0.68517846
1,0,1,0.67658913
1,0,0,0.06998913
1,1,1,0.6930237
1,1,1,0.5721585
1,0,0,0.31025392
1,0,1,0.5757808
1,0,1,0.77516246
1,0,0,0.23952354
1,0,0,0.36777964
1,1,1,0.7711447
1,1,1,0.76585394
1,0,0,0.25688425
1,1,1,0.91209954
1,0,1,0.6894818
1,1,1,0.55062944
1,0,0,0.12540795
1,0,1,0.53605616
1,1,1,0.83073306
1,1,0,0.49288034
1,1,1,0.7579733
1,0,1,0.63666975
1,0,0,0.20138317
1,0,0,0.21823363
1,1,1,0.6519531
1,0,0,0.38224378
1,0,0,0.48364544
1,0,0,0.35794345
1,0,0,0.43351763
1,0,0,0.4629848
1,0,1,0.6460043
1,1,1,0.5158219
1,0,1,0.59438527
1,0,0,0.17258981
1,1,0,0.28583556
1,0,1,0.6158844
1,1,1,0.56579894
1,0,1,0.6471875
1,1,1,0.69043773
1,1,0,0.21513738
1,0,1,0.52619094
1,1,1,0.5679443
1,1,1,0.77608484
1,0,0,0.4796649
1,0,0,0.44482017
1,0,0,0.22466753
1,0,0,0.17394234
1,1,1,0.5388287
1,1,1,0.54344815
1,0,0,0.4902932
1,1,0,0.40124264
1,1,1,0.7928854
1,0,1,0.714234
1,0,0,0.12762402
1,0,0,0.14293462
1,1,1,0.7134246
1,1,0,0.19981788
1,0,0,0.16739005
1,1,1,0.6996599
1,1,1,0.7408523
1,1,1,0.8117115
1,0,0,0.18673654
1,0,0,0.21139637
1,0,0,0.27377146
1,0,0,0.26819304
1,0,0,0.16237453
1,0,0,0.49577555
1,1,0,0.3970887
1,0,1,0.5483845
1,0,0,0.14799172
1,0,0,0.36169246
1,0,1,0.5794138
1,0,0,0.4199091
1,1,1,0.67898804
1,1,0,0.35905257
1,1,1,0.78086334
1,1,1,0.727879
1,1,1,0.7524953
1,0,0,0.3731827
1,0,0,0.21498092
1,0,0,0.12557836
1,1,0,0.4135769
1,0,1,0.5490999
1,1,0,0.14881413
1,1,1,0.7503095
1,0,1,0.6177395
1,0,1,0.64477915
1,0,0,0.16033784
1,1,1,0.50842863
1,0,0,0.19842084
1,0,0,0.40577435
1,0,1,0.6377444
1,0,0,0.2281773
1,1,1,0.7697263
1,1,1,0.6278674
1,1,0,0.22676726
1,0,1,0.551548
1,1,1,0.75099427
1,0,0,0.48808467
1,1,1,0.86205643
1,0,0,0.41996023
1,0,0,0.1375065
1,1,0,0.46467197
1,1,0,0.38681334
1,1,0,0.07415254
1,0,1,0.65653205
1,0,1,0.67841774
1,1,1,0.5409064
1,0,0,0.18931572
1,1,1,0.84951085
1,1,0,0.38393435
1,0,0,0.35667512
1,0,0,0.42063475
1,0,0,0.09669114
1,1,1,0.9070306
1,1,1,0.7111986
1,1,1,0.6180014
1,0,0,0.46581176
1,1,1,0.543929
1,0,1,0.7374014
1,1,1,0.5920356
1,1,1,0.67655194
1,0,0,0.29103032
1,0,0,0.3506315
1,0,1,0.5145518
1,0,1,0.64783406
1,0,0,0.30406994
1,0,1,0.6843817
1,0,0,0.37782034
1,1,0,0.4467053
1,1,1,0.66925037
1,0,0,0.12205249
1,0,0,0.18081006
1,1,0,0.43135583
1,1,1,0.69528097
1,1,0,0.34429684
1,1,1,0.7979394
1,1,0,0.43815824
1,1,0,0.4524366
1,1,0,0.4919897
1,0,0,0.4627016
1,0,0,0.3356691
1,0,1,0.56180704
1,0,1,0.53865564
1,1,1,0.66226095
1,0,1,0.62381554
1,0,0,0.37225434
1,0,0,0.3891989
1,1,1,0.59272003
1,1,1,0.80003625
1,1,1,0.7232838
1,0,1,0.70604223
1,1,1,0.6555359
1,0,0,0.46926147
1,0,1,0.57794416
1,1,1,0.55681735
1,1,0,0.44952962
1,1,0,0.33374974
1,0,1,0.677482
1,1,1,0.5050551
1,1,0,0.47509506
1,0,0,0.38886392
1,0,0,0.45027742
1,0,0,0.40087864
1,1,1,0.59637237
1,0,1,0.5950112
1,0,0,0.37223575
1,1,1,0.87505776
1,0,0,0.35499698
1,0,0,0.42879364
1,1,0,0.4832047
1,1,1,0.5537548
1,0,1,0.76584864
1,0,0,0.29660192
1,0,0,0.49628487
1,1,1,0.5198968
1,1,1,0.54948205
1,0,1,0.72431815
1,1,1,0.6504185
1,0,1,0.62873507
1,1,1,0.74628663
1,0,0,0.34856063
1,1,1,0.72695565
1,0,0,0.44857672
1,1,0,0.40906298
1,0,0,0.41052082
1,1,1,0.6560714
1,0,0,0.34894827
1,0,0,0.4142822
1,1,1,0.7138365
1,0,1,0.71252865
1,0,1,0.53871423
1,1,1,0.612014
1,1,0,0.3691317
1,0,0,0.26880667
1,0,1,0.52689487
1,1,1,0.71228004
1,1,1,0.61566764
1,1,1,0.6233199
1,0,0,0.22380249
1,1,0,0.253995
1,0,0,0.10254511
1,0,0,0.42725918
1,0,1,0.6020843
1,0,1,0.6941475
1,1,1,0.6996986
1,0,1,0.57099456
1,0,1,0.6827437
1,0,1,0.7797444
1,1,1,0.79528946
1,1,1,0.70467937
1,0,0,0.39235377
1,1,1,0.66939807
1,0,1,0.5799457
1,0,0,0.4946995
1,0,1,0.5333686
1,0,1,0.6412396
1,0,1,0.54917634
1,1,0,0.476292
1,1,0,0.48917994
1,1,0,0.45607552
1,0,0,0.24344736
1,1,1,0.6402246
1,1,1,0.68582404
1,0,0,0.21607089
1,0,0,0.21068531
1,1,1,0.7133466
1,0,0,0.47560927
1,1,1,0.5637338
1,0,0,0.44441813
1,1,1,0.5274556
1,0,0,0.36449856
1,1,1,0.58643097
1,1,1,0.564949
1,0,1,0.555561
1,0,0,0.2970697
1,1,1,0.572563
1,0,1,0.5936767
1,1,1,0.7417419
1,0,0,0.30637985
1,0,0,0.22644661
1,0,1,0.6332802
1,0,1,0.7577488
1,0,0,0.3911675
1,1,1,0.9119547
1,1,0,0.35469323
1,0,1,0.5470125
1,1,1,0.6624869
1,0,1,0.71782464
1,0,1,0.87898755
1,0,1,0.8430492
1,0,0,0.2515932
1,1,1,0.7195973
1,0,1,0.7991299
1,1,1,0.5670731
1,1,0,0.397074
1,1,1,0.87224954
1,1,1,0.82344145
1,1,1,0.8015738
1,0,0,0.1333517
1,0,1,0.8118914
1,0,1,0.6717998
1,1,1,0.7729022
1,0,1,0.67981714
1,0,0,0.20360646
1,0,0,0.3336586
1,0,0,0.12123606
1,1,1,0.6241219
1,1,1,0.5506647
1,1,1,0.5092347
1,0,0,0.1686669
1,1,1,0.7110859
1,0,1,0.6663721
1,0,1,0.5603936
1,0,1,0.6888196
1,1,1,0.66799474
1,0,0,0.07268456
1,1,1,0.6962029
1,0,0,0.24758866
1,1,1,0.50554395
1,1,1,0.5125464
1,0,1,0.54182756
1,1,0,0.4611347
1,0,0,0.2659777
1,0,1,0.5844048
1,0,1,0.8228289
1,0,1,0.518016
1,0,0,0.26081514
1,1,1,0.569025
1,1,1,0.503253
1,0,1,0.62368715
1,1,0,0.15765591
1,0,1,0.51197964
1,1,1,0.6177694
1,0,0,0.345443
1,0,1,0.72127193
1,1,1,0.58176225
1,1,1,0.64739
1,1,1,0.5529724
1,0,1,0.5903421
1,1,1,0.696288
1,0,1,0.53178984
1,1,0,0.2947872
1,0,1,0.6767137
1,1,1,0.67716074
1,1,1,0.6170021
1,0,1,0.640258
1,1,1,0.6455298
1,0,0,0.34880283
1,0,0,0.16934
1,0,0,0.26132843
1,0,1,0.54624313
1,0,1,0.58461267
1,1,1,0.6743611
1,0,0,0.44676232
1,0,0,0.4249486
1,0,1,0.5290985
1,1,0,0.47484252
1,0,1,0.7154563
1,0,0,0.40879607
1,0,0,0.48714897
1,1,0,0.48487782
1,1,1,0.71802354
1,0,1,0.5290273
1,1,0,0.2735768
1,0,0,0.39426988
1,0,1,0.68677205
1,0,1,0.5936286
1,1,1,0.58242255
1,0,1,0.74230963
1,1,1,0.62051815
1,1,1,0.6467358
1,1,1,0.6542066
1,0,1,0.90845037
1,1,0,0.4665782
1,0,1,0.5901806
1,0,1,0.76421225
1,1,1,0.75600904
1,1,0,0.4318038
1,0,1,0.7170038
1,1,1,0.6833441
1,0,1,0.72540104
1,1,1,0.7861728
1,0,1,0.57359904
1,1,1,0.6859761
1,0,0,0.36191612
1,1,1,0.8041636
1,0,1,0.8175532
1,1,1,0.55204606
1,0,1,0.8339591
1,0,1,0.5357887
1,0,1,0.7155404
1,0,1,0.6679122
1,1,1,0.73808265
1,1,1,0.72262824
1,1,0,0.31212837
1,1,0,0.2892696
1,1,1,0.7929642
1,0,1,0.5663586
1,0,1,0.7252067
1,1,0,0.18056107
1,1,1,0.7419973
1,0,1,0.5840725
1,1,0,0.4681344
1,0,0,0.050103035
1,1,1,0.50179577
1,1,1,0.6046296
1,0,0,0.4674304
1,0,1,0.6522078
1,0,0,0.47305003
1,0,0,0.28155494
1,0,0,0.33997437
1,1,0,0.15074068
1,1,1,0.9142883
1,1,1,0.69633496
1,1,1,0.7130552
1,0,1,0.76979256
1,1,1,0.68067217
1,0,1,0.5693005
1,1,1,0.53934973
1,0,1,0.5518205
1,1,1,0.6832426
1,1,1,0.5699008
1,0,0,0.12405732
1,0,1,0.59619135
1,1,1,0.71552795
1,0,0,0.116757475
1,0,0,0.110352986
1,1,1,0.7566488
1,0,1,0.6185473
1,1,1,0.5844334
1,1,1,0.8013311
1,0,0,0.34941322
1,0,0,0.15243296
1,0,0,0.34069422
1,0,0,0.087126076
1,0,0,0.11095026
1,1,1,0.84453696
1,0,1,0.7451831
1,0,1,0.6198321
1,1,1,0.56335586
1,0,0,0.48645878
1,1,1,0.68440753
1,1,1,0.68204373
1,0,1,0.5977422
1,0,1,0.6055078
1,0,1,0.65578187
1,1,1,0.57446766
1,1,1,0.53320116
1,1,0,0.47539386
1,0,0,0.4018337
1,0,0,0.43350622
1,0,0,0.20879906
1,0,0,0.49590388
1,1,1,0.73133
1,0,0,0.21757202
1,0,0,0.2481146
1,0,1,0.75746477
1,1,0,0.3949587
1,0,0,0.2827451
1,1,0,0.32696247
1,1,0,0.34573942
1,1,1,0.64215183
1,1,1,0.6566867
1,1,1,0.60534024
1,1,1,0.87859315
1,1,1,0.7882983
1,0,1,0.67159194
1,0,0,0.13082588
1,0,0,0.16036679
1,1,1,0.7632745
1,1,1,0.830682
1,1,0,0.2943233
1,0,0,0.12689435
1,0,0,0.16419724
1,0,1,0.7780935
1,0,0,0.19091812
1,1,1,0.73345757
1,0,0,0.21005958
1,1,1,0.6733781
1,0,1,0.75561696
1,1,1,0.6467239
1,0,1,0.7689139
1,1,0,0.34844497
1,0,0,0.3666602
1,1,1,0.64139235
1,1,1,0.71427596
1,1,1,0.67959714
1,0,0,0.21700205
1,0,0,0.34314102
1,0,0,0.25272912
1,0,0,0.11473644
1,1,1,0.8041156
1,0,1,0.6427492
1,1,0,0.1096385
1,1,0,0.43943232
1,0,0,0.2644248
1,1,1,0.5089259
1,0,0,0.11896922
1,0,0,0.10362495
1,0,1,0.5928671
1,0,0,0.3012099
1,0,1,0.78419363
1,1,0,0.4319653
1,0,0,0.38057923
1,1,0,0.30114582
1,0,0,0.1650644
1,1,1,0.5060165
1,1,1,0.62631625
1,0,0,0.103585415
1,1,0,0.457728
1,0,0,0.26816732
1,1,1,0.59409237
1,0,1,0.5357274
1,1,1,0.6298809
1,1,0,0.31565374
1,0,0,0.300257
1,0,0,0.0720227
1,0,1,0.64870614
1,0,1,0.5185193
1,1,1,0.82333773
1,0,1,0.7794637
1,1,1,0.5286712
1,0,1,0.6724449
1,1,1,0.6887519
1,0,0,0.430013
1,1,0,0.39074787
1,0,0,0.29183713
1,0,0,0.18765952
1,0,1,0.6523955
1,1,0,0.3851589
1,0,0,0.0916822
1,1,1,0.84120053
1,0,1,0.619205
1,1,1,0.66241145
1,0,1,0.50021166
1,1,1,0.724184
1,1,1,0.7877899
1,0,0,0.16469203
1,0,0,0.20178743
1,1,1,0.7125968
1,1,0,0.18418832
1,1,1,0.6735667
1,0,0,0.4358505
1,0,1,0.6817639
1,1,1,0.6410282
1,0,0,0.27955118
1,0,0,0.2132728
1,0,1,0.5810109
1,1,1,0.70186657
1,0,1,0.51947474
1,1,1,0.7758728
1,0,0,0.46903262
1,1,1,0.70433855
1,1,1,0.7313582
1,0,1,0.64313805
1,1,1,0.72270465
1,0,1,0.7287752
1,1,1,0.5996495
1,1,1,0.7120779
1,0,1,0.5234819
1,0,0,0.273433
1,0,0,0.2001793
1,1,1,0.7855314
1,0,0,0.25663733
1,0,0,0.36227593
1,0,0,0.31669143
1,1,0,0.30056086
1,1,1,0.87992644
1,0,1,0.58800644
1,1,1,0.6913342
1,1,1,0.64836323
1,1,1,0.76292026
1,0,1,0.6666714
1,0,1,0.58301944
1,1,1,0.7820513
1,0,1,0.5747863
1,1,0,0.4713747
1,1,1,0.63997746
1,0,1,0.74894255
1,0,1,0.7610736
1,1,1,0.5908144
1,0,0,0.33445358
1,1,1,0.68727356
1,0,1,0.57386947
1,0,1,0.5680041
1,1,1,0.7391508
1,0,1,0.7125108
1,1,1,0.5895404
1,1,1,0.5497593
1,0,1,0.6446924
1,0,1,0.69777
1,0,1,0.6893285
1,1,1,0.7031258
1,1,1,0.60453427
1,0,1,0.623189
1,0,0,0.30015206
1,0,1,0.5407188
1,0,1,0.5982115
1,0,1,0.5534249
1,1,1,0.61223996
1,1,1,0.54380655
1,0,1,0.5630115
1,1,1,0.6394208
1,0,1,0.6902485
1,1,1,0.65541476
1,1,1,0.6362271
1,0,1,0.5582447
1,0,1,0.52489316
1,1,1,0.7804121
1,0,1,0.5234002
1,1,0,0.45819598
1,1,1,0.7106233
1,0,0,0.32319462
1,1,1,0.57298803
1,1,0,0.41857374
1,0,0,0.21487635
1,0,0,0.42493775
1,0,0,0.14229643
1,0,0,0.38052756
1,1,1,0.7851115
1,0,1,0.5616614
1,0,0,0.27439255
1,1,1,0.9087015
1,0,1,0.6544845
1,0,1,0.7625866
1,1,1,0.77714974
1,1,1,0.6903151
1,1,1,0.66558903
1,1,1,0.73181474
1,1,1,0.6564838
1,0,1,0.6240664
1,0,0,0.49050504
1,0,1,0.6184876
1,0,1,0.5915566
1,1,1,0.95135444
1,1,1,0.8332267
1,1,1,0.63480663
1,0,1,0.6007591
1,0,0,0.30437657
1,0,1,0.6854978
1,0,0,0.48890683
1,1,1,0.7264561
1,0,1,0.57663363
1,1,1,0.9671632
1,1,1,0.59600586
1,1,1,0.5167169
1,0,1,0.5073689
1,1,1,0.84831595
1,0,1,0.65595746
1,0,0,0.36615282
1,1,1,0.7827032
1,1,0,0.41666475
1,1,1,0.8537754
1,0,0,0.37591285
1,1,1,0.7170714
1,0,1,0.78071856
1,0,0,0.31066066
1,1,1,0.76507086
1,0,1,0.6621668
1,0,1,0.631034
1,1,1,0.7693706
1,0,1,0.7439435
1,0,0,0.27549294
1,1,1,0.74477834
1,0,0,0.4106813
1,1,1,0.77080023
1,0,1,0.7152753
1,1,1,0.6393747
1,0,1,0.73980767
1,1,1,0.89591604
1,0,1,0.8124457
1,1,0,0.4615139
1,0,0,0.332266
1,0,1,0.5664382
1,1,1,0.77098596
1,0,1,0.8379567
1,1,1,0.78868216
1,1,0,0.32145032
1,0,0,0.22143468
1,1,1,0.68768746
1,0,1,0.63376963
1,0,0,0.24284261
1,0,0,0.40981168
1,0,0,0.086495355
1,1,1,0.75794107
1,0,0,0.16416511
1,1,1,0.5314074
1,1,1,0.6600765
1,0,0,0.48073176
1,0,0,0.24844469
1,1,1,0.7818819
1,1,1,0.67100054
1,0,1,0.6147789
1,0,1,0.6510929
1,1,1,0.6468452
1,0,0,0.4658869
1,0,0,0.40784436
1,1,0,0.35257638
1,0,0,0.29331708
1,1,1,0.7549919
1,0,1,0.5927419
1,0,0,0.30963418
1,0,0,0.124813005
1,1,1,0.547484
1,0,0,0.17867833
1,1,1,0.87042457
1,0,1,0.75938535
1,1,1,0.8313995
1,1,1,0.8626929
1,1,1,0.57739085
1,0,0,0.286001
1,1,1,0.89704376
1,1,1,0.7984852
1,1,1,0.77406275
1,0,1,0.76344115
1,1,1,0.952494
1,1,1,0.7116938
1,1,1,0.6013779
1,0,0,0.25871256
1,1,1,0.53228074
1,1,0,0.48737812
1,1,1,0.5798415
1,1,1,0.62799793
1,1,1,0.56052935
1,1,1,0.68709546
1,1,1,0.6619164
1,0,1,0.59230494
1,0,0,0.37571493
1,0,0,0.3025831
1,1,1,0.5922656
1,1,1,0.5912075
1,0,0,0.49807256
1,1,0,0.2833177
1,0,0,0.34825
1,0,0,0.36547905
1,0,0,0.33134666
1,0,0,0.1809231
1,0,1,0.5104853
1,0,0,0.3693841
1,0,0,0.40832344
1,1,0,0.35996202
1,0,0,0.09890951
1,0,1,0.6232686
1,0,0,0.14009553
1,0,0,0.385413
1,0,0,0.20794761
1,0,0,0.36401242
1,0,1,0.54429007
1,0,0,0.17761412
1,1,0,0.46344453
1,1,0,0.4348158
1,1,1,0.59891474
1,0,0,0.18680371
1,1,0,0.12602152
1,0,1,0.5644723
1,0,0,0.33734462
1,0,0,0.4880083
1,0,1,0.6706001
1,1,0,0.26275733
1,0,0,0.2952372
1,1,0,0.40250933
1,1,0,0.46897203
1,1,1,0.5443346
1,0,0,0.49750873
1,1,1,0.6919704
1,1,0,0.3833056
1,1,1,0.5025859
1,0,0,0.42911038
1,0,0,0.46108314
1,0,1,0.58970004
1,0,0,0.24939656
1,0,0,0.26182333
1,0,0,0.073469415
1,1,1,0.58885324
1,1,0,0.45534232
1,0,0,0.23711132
1,0,0,0.37004885
1,0,0,0.10644843
1,0,1,0.6633727
1,0,1,0.5533094
1,1,0,0.488166
1,0,0,0.30580625
1,0,0,0.35822874
1,1,0,0.2968968
1,0,0,0.30085784
1,0,0,0.14727013
1,0,0,0.10920582
1,0,1,0.53654045
1,0,1,0.5110889
1,0,0,0.37141562
1,0,0,0.35831502
1,1,1,0.7508389
1,0,0,0.24623851
1,1,0,0.38365406
1,0,0,0.47881702
1,0,0,0.06293282
1,1,1,0.5142201
1,0,0,0.49641597
1,0,0,0.2260067
1,0,0,0.48468256
1,1,1,0.5924095
1,0,0,0.34424707
1,0,0,0.4366928
1,0,0,0.33993343
1,0,1,0.5896282
1,0,1,0.6207511
1,0,0,0.42835107
1,0,0,0.045854695
1,0,0,0.24277137
1,1,1,0.8763971
1,1,1,0.73548293
1,1,1,0.86462677
1,0,1,0.7792786
1,1,1,0.73000914
1,1,1,0.6585419
1,1,1,0.5434143
1,1,1,0.6469016
1,0,1,0.7951774
1,0,0,0.4518688
1,0,0,0.32840037
1,1,0,0.4957262
1,0,0,0.36649585
1,1,1,0.51746964
1,0,0,0.36961505
1,0,0,0.37778375
1,0,0,0.32109344
1,0,0,0.43727902
1,1,0,0.49893406
1,0,0,0.38605863
1,0,0,0.384307
1,1,1,0.57597417
1,0,1,0.8528426
1,1,1,0.83256876
1,0,1,0.7146795
1,1,1,0.6604572
1,0,0,0.16638061
1,0,1,0.62411726
1,0,1,0.5424466
1,1,1,0.86487514
1,1,1,0.584346
1,1,1,0.56431055
1,0,1,0.58108944
1,0,1,0.7261506
1,1,1,0.5630053
1,1,1,0.66912335
1,0,1,0.65264326
1,1,0,0.4575108
1,0,0,0.43373612
1,0,1,0.6423481
1,1,1,0.631461
1,0,1,0.6419058
1,1,1,0.8485782
1,1,1,0.5071709
1,0,1,0.6025019
1,1,1,0.74285287
1,1,1,0.62616843
1,0,0,0.40779838
1,1,0,0.43355286
1,1,0,0.40836415
1,1,1,0.5170362
1,0,0,0.49884143
1,0,0,0.31002307
1,0,1,0.6977085
1,1,1,0.61306375
1,0,1,0.5816384
1,0,1,0.5178684
1,1,1,0.888669
1,1,1,0.80047673
1,0,1,0.76940805
1,0,1,0.5640771
1,0,0,0.38506863
1,1,0,0.45673192
1,1,1,0.75698406
1,1,1,0.60321367
1,1,1,0.6448527
1,1,1,0.8489949
1,0,0,0.25739008
1,0,0,0.107723
1,0,0,0.1427494
1,1,1,0.7234622
1,0,1,0.5326054
1,1,1,0.8075831
1,1,1,0.60232335
1,0,1,0.58897126
1,1,0,0.45351246
1,0,0,0.26245436
1,1,1,0.6250438
1,0,0,0.43248123
1,0,0,0.1628819
1,0,1,0.5963906
1,1,1,0.5720702
1,0,1,0.5553252
1,0,1,0.63900745
1,0,0,0.22969797
1,1,1,0.6064012
1,1,1,0.57002455
1,1,1,0.87570924
1,0,0,0.48525167
1,0,0,0.42690873
1,0,0,0.080849744
1,0,1,0.5877441
1,0,0,0.25030205
1,1,1,0.5876277
1,1,1,0.72356915
1,1,1,0.6403918
1,0,1,0.64952457
1,1,1,0.75397277
1,1,1,0.5062147
1,0,1,0.6442987
1,1,1,0.76954776
1,0,1,0.6966813
1,0,0,0.4971105
1,0,1,0.7629906
1,1,1,0.61633277
1,1,1,0.6933173
1,1,1,0.7313584
1,0,1,0.59833765
1,0,0,0.4401758
1,1,1,0.82970417
1,0,0,0.3637957
1,1,1,0.73797286
1,0,0,0.20728791
1,1,1,0.6004832
1,1,1,0.8948977
1,1,0,0.46057066
1,1,1,0.5061048
1,1,1,0.8255989
1,1,1,0.6277784
1,1,0,0.48453033
1,1,1,0.5715559
1,1,1,0.81821805
1,0,1,0.7150278
1,0,1,0.6742906
1,0,1,0.5520328
1,0,1,0.66603535
1,1,0,0.41018948
1,0,0,0.033427652
1,0,1,0.50144005
1,1,1,0.52211535
1,1,1,0.7409122
1,0,0,0.48045304
1,0,1,0.65885305
1,0,1,0.8027222
1,0,0,0.4768921
1,1,1,0.79043084
1,0,0,0.46835327
1,1,1,0.72975355
1,1,1,0.5926071
1,0,1,0.64885885
1,0,1,0.80475396
1,0,0,0.34623566
1,1,1,0.6574747
1,1,1,0.6895755
1,0,1,0.57763046
1,0,0,0.42801186
1,0,0,0.32779208
1,1,1,0.7863894
1,1,0,0.4125292
1,1,1,0.67648405
1,1,1,0.67054164
1,0,1,0.6340131
1,1,1,0.62137395
1,0,1,0.6018534
1,0,1,0.7155637
1,0,0,0.46287844
1,0,1,0.50315005
1,0,1,0.69284606
1,1,1,0.8970533
1,0,0,0.49731418
1,1,0,0.45474997
1,1,1,0.5342807
1,0,0,0.49781322
1,0,1,0.69360816
1,0,0,0.23026767
1,0,0,0.49521524
1,1,1,0.5082408
1,0,0,0.4706158
1,0,1,0.66256666
1,1,1,0.71071774
1,1,0,0.19711545
1,0,0,0.36539668
1,0,1,0.9206867
1,1,1,0.85871243
1,1,1,0.8604124
1,1,0,0.33025917
1,0,1,0.63891184
1,0,1,0.73711956
1,1,1,0.83490354
1,0,1,0.56953084
1,0,0,0.2759755
1,1,1,0.8089305
1,1,1,0.7509727
1,0,1,0.7445372
1,1,1,0.8443331
1,1,1,0.81007415
1,0,1,0.6920091
1,1,0,0.37553626
1,0,1,0.71903765
1,1,1,0.8601025
1,1,1,0.60252494
1,0,0,0.35707998
1,1,1,0.83382905
1,1,0,0.48712647
1,1,1,0.7804943
1,1,0,0.49936724
1,0,0,0.4068721
1,1,1,0.601787
1,1,1,0.6229908
1,0,1,0.6141014
1,0,1,0.69492203
1,0,0,0.4582738
1,0,0,0.12502132
1,0,0,0.45225948
1,0,1,0.7192299
1,0,0,0.46079454
1,0,0,0.4444972
1,1,1,0.7203261
1,1,1,0.64927465
1,0,1,0.64521676
1,1,1,0.67916626
1,1,1,0.693364
1,0,0,0.24721733
1,0,0,0.47897214
1,0,1,0.55693525
1,1,1,0.78911424
1,1,1,0.6207889
1,1,1,0.95910436
1,1,1,0.8051998
1,1,1,0.60931724
1,1,1,0.65433186
1,1,1,0.8053739
1,1,1,0.50577754
1,0,0,0.40062925
1,1,1,0.5253655
1,1,1,0.5452471
1,0,1,0.7198341
1,0,1,0.578036
1,0,1,0.6024701
1,1,1,0.74099195
1,1,1,0.7626996
1,1,1,0.69825786
1,1,1,0.8144123
1,1,1,0.6903375
1,1,1,0.85142916
1,0,1,0.52796155
1,0,1,0.69337744
1,0,1,0.7301713
1,1,1,0.8755
1,0,1,0.6616736
1,0,0,0.38032848
1,1,1,0.87494594
1,1,1,0.7130938
1,1,1,0.7184061
1,1,1,0.8180948
1,1,1,0.8110404
1,1,1,0.56977046
1,1,1,0.64512235
1,1,1,0.5232505
1,1,0,0.49769565
1,1,0,0.39325762
1,0,1,0.5445206
1,0,1,0.6257583
1,0,0,0.35412776
1,0,1,0.5285058
1,0,0,0.13539061
1,1,1,0.50852937
1,0,1,0.80530256
1,0,1,0.52966905
1,1,1,0.8458753
1,1,1,0.7390749
1,1,1,0.76808554
1,1,1,0.6789919
1,1,1,0.7041782
1,0,0,0.4727113
1,0,1,0.5308889
1,0,1,0.6361271
1,1,0,0.49750528
1,0,0,0.44460443
1,0,0,0.2821532
1,0,0,0.23039623
1,0,1,0.6669192
1,0,1,0.6586405
1,0,1,0.5926156
1,1,1,0.69812644
1,0,0,0.4646902
1,1,1,0.7412131
1,1,1,0.5951355
1,0,0,0.37371564
1,0,0,0.3905636
1,1,1,0.80662245
1,0,0,0.420875
1,1,1,0.6096093
1,1,1,0.68503267
1,1,1,0.549389
1,0,0,0.4855757
1,1,1,0.6630286
1,0,1,0.7771743
1,0,0,0.096242435
1,1,1,0.8430995
1,0,1,0.57566375
1,0,0,0.4412369
1,0,1,0.6907164
1,0,1,0.6091823
1,1,1,0.74492794
1,1,1,0.6816627
1,1,1,0.6063789
1,1,1,0.60923356
1,1,1,0.6267961
1,0,0,0.49925768
1,0,1,0.57373345
1,1,1,0.57823974
1,1,1,0.5890848
1,0,1,0.56502444
1,1,1,0.6209958
1,0,1,0.66688246
1,0,0,0.42397094
1,0,1,0.6202789
1,1,1,0.7033593
1,0,1,0.57464665
1,0,1,0.579347
1,0,0,0.23772645
1,0,1,0.5574555
1,0,1,0.73216844
1,1,1,0.74139905
1,0,1,0.6754712
1,1,1,0.7399606
1,1,1,0.543115
1,0,0,0.47733405
1,1,1,0.68217224
1,0,1,0.5039652
1,0,0,0.3398157
1,0,0,0.39604065
1,1,1,0.7187918
1,1,1,0.6677435
1,1,1,0.78457284
1,0,0,0.29162806
1,0,0,0.327845
1,1,1,0.7844056
1,0,0,0.37943897
1,0,0,0.36688015
1,1,1,0.88522184
1,0,0,0.40897554
1,1,1,0.7332964
1,0,1,0.509459
1,1,1,0.79360515
1,1,1,0.5030555
1,0,0,0.4986952
1,0,1,0.5776559
1,0,0,0.44074473
1,1,1,0.62999755
1,0,0,0.47118598
1,1,1,0.58602023
1,0,0,0.31749913
1,1,1,0.7762303
1,0,1,0.664129
1,1,1,0.7127706
1,0,0,0.2643756
1,0,0,0.24707225
1,1,1,0.58506876
1,1,1,0.58834666
1,0,1,0.5316662
1,1,0,0.41695747
1,0,0,0.18472666
1,1,0,0.35523972
1,1,1,0.8031936
1,0,0,0.33419728
1,0,0,0.43723223
1,1,1,0.8039258
1,1,1,0.824098
1,0,0,0.47330934
1,0,0,0.12795486
1,0,0,0.1433267
1,0,0,0.45961386
1,1,1,0.5890931
1,1,1,0.7538117
1,1,1,0.6975642
1,1,1,0.7633766
1,1,1,0.8591831
1,0,0,0.3191769
1,0,1,0.6495026
1,0,1,0.6810734
1,0,0,0.39492506
1,1,1,0.58753324
1,1,1,0.77730495
1,1,0,0.43196642
1,1,0,0.26489568
1,0,1,0.5455274
1,0,0,0.44958356
1,1,0,0.41319317
1,1,1,0.71396846
1,0,1,0.5629251
1,1,1,0.9249377
1,0,1,0.5371234
1,0,0,0.47068024
1,0,0,0.30571055
1,0,1,0.8793252
1,0,1,0.64363796
1,0,1,0.57762176
1,0,1,0.76105744
1,1,1,0.6070494
1,1,1,0.5390957
1,1,1,0.6370186
1,0,0,0.4171913
1,1,1,0.8922349
1,1,1,0.72634786
1,0,1,0.5144601
1,0,1,0.5277347
1,1,1,0.60949326
1,0,1,0.5193469
1,0,1,0.50450516
1,1,1,0.6313884
1,1,1,0.7775501
1,0,1,0.6882341
1,0,1,0.5407765
1,0,1,0.7740694
1,1,1,0.81181693
1,1,1,0.5204511
1,1,1,0.72789156
1,0,1,0.633352
1,1,0,0.46730873
1,0,0,0.21495669
1,1,1,0.6638143
1,1,1,0.6833212
1,0,1,0.56241894
1,0,0,0.38748884
1,0,1,0.6299432
1,1,0,0.41346213
1,0,0,0.17617556
1,1,1,0.50470585
1,1,1,0.7271862
1,0,0,0.28235647
1,0,0,0.35102034
1,1,1,0.8985588
1,1,1,0.6694847
1,1,1,0.62399656
1,0,0,0.4835266
1,1,1,0.7072824
1,1,1,0.669167
1,0,1,0.68156713
1,0,0,0.35487378
1,1,1,0.7964108
1,0,1,0.60159636
1,1,1,0.7672015
1,1,1,0.5384586
1,1,1,0.58795935
1,1,1,0.6893393
1,0,1,0.5759375
1,0,1,0.6785354
1,0,1,0.5431696
1,1,1,0.5017994
1,1,0,0.3792675
1,0,0,0.35841155
1,0,0,0.26382494
1,1,0,0.35796076
1,1,1,0.5156478
1,0,1,0.6069533
1,1,0,0.32713345
1,0,1,0.7103219
1,0,1,0.5038646
1,1,1,0.76265097
1,1,1,0.58921957
1,0,1,0.65442395
1,0,1,0.5265494
1,0,1,0.5879735
1,1,1,0.5642067
1,1,0,0.42000264
1,1,1,0.85521644
1,1,1,0.7961137
1,0,0,0.40866527
1,0,0,0.42335695
1,0,0,0.19346036
1,0,1,0.62373143
1,0,1,0.9138097
1,1,0,0.43530104
1,0,1,0.5762993
1,1,1,0.8091022
1,0,1,0.7260372
1,1,1,0.71417195
1,0,1,0.59209603
1,0,1,0.6031864
1,0,1,0.734902
1,1,1,0.5981436
1,1,1,0.7038138
1,1,1,0.554513
1,1,0,0.3410435
1,1,1,0.58525217
1,0,0,0.38718417
1,1,1,0.67724264
1,1,1,0.60379964
1,0,0,0.37405667
1,0,0,0.1983401
1,1,1,0.55959743
1,0,1,0.5467412
1,0,0,0.3972308
1,0,0,0.10093357
1,1,1,0.56111866
1,0,1,0.6427367
1,0,0,0.23332469
1,1,1,0.8119783
1,0,1,0.5584223
1,0,0,0.2939545
1,1,1,0.9280913
1,1,1,0.6671898
1,0,0,0.4122249
1,1,1,0.6128535
1,0,0,0.4939168
1,1,1,0.6623009
1,0,1,0.5356726
1,1,1,0.6070615
1,0,0,0.47899878
1,0,1,0.66116434
1,0,1,0.65670294
1,1,1,0.65820086
1,1,1,0.56094
1,1,1,0.532763
1,1,1,0.6515498
1,0,1,0.7826849
1,0,1,0.6908546
1,0,1,0.64192224
1,1,1,0.6697228
1,1,1,0.68114483
1,0,1,0.6854765
1,1,1,0.73001754
1,1,1,0.6850068
1,1,0,0.3386909
1,0,0,0.47090295
1,1,0,0.45211816
1,1,0,0.3659125
1,0,0,0.48132244
1,0,0,0.25878987
1,0,1,0.6182452
1,1,0,0.4614422
1,0,1,0.63263524
1,0,0,0.2554382
1,0,0,0.38737628
1,0,0,0.41532433
1,0,0,0.36699882
1,0,1,0.5033445
1,0,1,0.5520314
1,1,1,0.78241694
1,0,0,0.46556926
1,1,1,0.5909976
1,1,1,0.77135026
1,1,1,0.6165022
1,0,1,0.5926485
1,1,1,0.7559581
1,1,0,0.37035286
1,0,0,0.40668997
1,0,0,0.20047721
1,1,1,0.54814965
1,0,0,0.21519695
1,0,1,0.6508603
1,1,1,0.65971553
1,0,0,0.46645334
1,0,0,0.38448176
1,0,1,0.51392984
1,0,1,0.7677161
1,1,1,0.5980995
1,1,1,0.7696573
1,1,1,0.7164325
1,1,1,0.74312556
1,0,0,0.33741295
1,1,1,0.7001887
1,0,0,0.45058173
1,1,1,0.61125946
1,1,0,0.4889495
1,0,1,0.5669879
1,0,1,0.50765353
1,0,0,0.26350668
1,1,1,0.76135224
1,1,0,0.42580923
1,0,0,0.42015633
1,1,1,0.85194516
1,0,0,0.31390786
1,1,1,0.55357623
1,0,1,0.55672497
1,0,1,0.6656656
1,0,1,0.5242338
1,1,1,0.8358308
1,1,0,0.42860508
1,1,1,0.59279007
1,0,1,0.59273535
1,0,1,0.684863
1,1,1,0.7280608
1,1,1,0.58241767
1,1,1,0.5684517
1,0,1,0.66202754
1,0,1,0.6024332
1,0,0,0.3808313
1,1,1,0.70614874
1,0,1,0.6765361
1,1,1,0.61819965
1,0,0,0.46770525
1,0,1,0.55316275
1,0,1,0.74732125
1,1,1,0.5132692
1,1,1,0.6802825
1,1,1,0.58688027
1,0,0,0.39906642
1,1,0,0.49848756
1,1,1,0.5291104
1,0,0,0.46446833
1,0,1,0.554638
1,1,1,0.65516686
1,1,1,0.5452905
1,0,1,0.5280093
1,0,0,0.46824822
1,0,1,0.5622695
1,0,1,0.51567405
1,0,1,0.52814454
1,0,0,0.3158559
1,0,0,0.47429457
1,0,0,0.3541652
1,1,1,0.506212
1,0,1,0.5778853
1,0,0,0.4684966
1,0,1,0.63044626
1,0,1,0.6415845
1,1,1,0.51588297
1,0,1,0.62428737
1,1,1,0.75766426
1,1,1,0.7588318
1,1,1,0.70530146
1,0,0,0.4432696
1,0,0,0.0651626
1,1,0,0.28112823
1,0,0,0.32597852
1,0,0,0.3830535
1,1,1,0.7273232
1,1,0,0.40219662
1,0,0,0.3257793
1,0,0,0.3214278
1,1,1,0.86265916
1,1,1,0.62855005
1,1,0,0.26723984
1,0,0,0.19097577
1,0,1,0.50651497
1,0,1,0.83398634
1,1,1,0.73467726
1,0,0,0.43426874
1,0,1,0.5743599
1,0,1,0.8003557
1,1,1,0.5237716
1,0,0,0.26756895
1,0,1,0.60972345
1,1,1,0.81355083
1,0,0,0.3716275
1,1,1,0.66481036
1,1,1,0.5082451
1,1,0,0.49474797
1,0,0,0.21379109
1,0,0,0.36492953
1,1,1,0.67801297
1,0,0,0.15031295
1,0,0,0.35643813
1,0,0,0.4462002
1,1,0,0.31713626
1,0,0,0.3046283
1,0,1,0.632999
1,1,1,0.7778809
1,1,1,0.75917
1,1,1,0.7121601
1,1,1,0.533305
1,1,1,0.7088437
1,1,1,0.80842
1,1,1,0.5352224
1,0,0,0.13754381
1,1,1,0.6239984
1,1,1,0.71887106
1,1,1,0.84935534
1,0,0,0.48834974
1,1,1,0.514297
1,0,1,0.53895706
1,0,1,0.799546
1,0,1,0.5674878
1,1,1,0.6375167
1,0,1,0.63690627
1,0,0,0.073722355
1,0,1,0.6721554
1,0,0,0.31950885
1,1,1,0.58558387
1,0,1,0.7529934
1,0,1,0.8117668
1,0,0,0.34859094
1,1,1,0.5647195
1,1,1,0.5645494
1,1,0,0.48358384
1,0,1,0.6183092
1,0,1,0.6027862
1,0,0,0.32841745
1,0,1,0.74214876
1,0,0,0.43043068
1,1,1,0.5528577
1,1,1,0.7686945
1,1,1,0.59474444
1,0,0,0.25841033
1,1,0,0.3787658
1,1,1,0.6550123
1,1,0,0.47069398
1,1,1,0.6235561
1,1,1,0.6728429
1,0,0,0.3064086
1,0,1,0.5755931
1,0,0,0.34458455
1,1,1,0.739958
1,1,1,0.50639445
1,0,0,0.43256864
1,0,0,0.47418934
1,0,0,0.39658353
1,0,0,0.27841687
1,0,1,0.5299385
1,1,1,0.5583782
1,0,1,0.56404465
1,1,1,0.54910016
1,0,0,0.3306185
1,0,0,0.37335706
1,1,1,0.51719505
1,1,1,0.7987961
1,0,0,0.24695103
1,0,0,0.22575118
1,0,0,0.48044667
1,0,1,0.6557637
1,0,0,0.4315134
1,0,1,0.73177516
1,1,0,0.47753605
1,1,1,0.64346147
1,1,0,0.46127543
1,0,0,0.2663619
1,0,1,0.52332324
1,1,1,0.8054119
1,1,1,0.7004822
1,0,0,0.4266398
1,0,1,0.52399784
1,1,1,0.51093656
1,0,1,0.7435494
1,1,0,0.43265465
1,1,1,0.6008848
1,1,1,0.6201322
1,0,0,0.45572856
1,0,0,0.11957772
1,0,0,0.14880946
1,0,0,0.17851734
1,0,0,0.18646903
1,0,1,0.632999
1,1,1,0.5782694
1,0,0,0.40034136
1,1,0,0.42538193
1,0,0,0.27444643
1,1,0,0.42118987
1,0,1,0.63555646
1,0,1,0.52574897
1,0,0,0.3748334
1,1,0,0.47195077
1,1,0,0.47021255
1,0,1,0.5176327
1,0,1,0.642852
1,0,1,0.54624426
1,1,1,0.5996893
1,1,0,0.3287437
1,0,1,0.5283456
1,1,1,0.68536776
1,0,0,0.36990404
1,1,1,0.7428737
1,1,1,0.58792096
1,1,1,0.60549676
1,1,1,0.59526384
1,0,1,0.69808984
1,1,1,0.6178189
1,1,1,0.5877142
1,0,0,0.3177965
1,0,1,0.5688261
1,0,1,0.58115965
1,1,1,0.8804858
1,0,1,0.5068052
1,0,1,0.85979265
1,0,1,0.72580034
1,0,1,0.63537276
1,1,1,0.53207064
1,0,0,0.43605343
1,0,0,0.3654863
1,0,0,0.28656805
1,1,1,0.500989
1,0,0,0.3456032
1,0,1,0.57466096
1,1,0,0.28388667
1,0,0,0.12104084
1,0,0,0.27521607
1,1,0,0.39014047
1,1,0,0.35770026
1,0,1,0.6292738
1,0,0,0.41025043
1,1,0,0.27578783
1,1,1,0.60180163
1,1,0,0.24102755
1,0,0,0.3213444
1,1,1,0.72064006
1,0,0,0.25737634
1,0,0,0.23625283
1,0,0,0.22777516
1,0,1,0.5878687
1,1,1,0.6306942
1,0,0,0.2532036
1,1,0,0.37592652
1,0,1,0.6600648
1,0,1,0.63680506
1,1,1,0.7100958
1,1,1,0.80757874
1,1,1,0.72125745
1,0,0,0.27082404
1,0,0,0.3088818
1,0,1,0.5575273
1,0,1,0.612212
1,0,0,0.31699514
1,1,1,0.82593083
1,0,0,0.46148556
1,0,0,0.38655323
1,1,1,0.74360937
1,1,1,0.8177866
1,0,1,0.6271304
1,1,1,0.750338
1,0,0,0.33126247
1,1,1,0.6732205
1,0,0,0.25290912
1,1,1,0.7084977
1,0,0,0.474708
1,1,0,0.4306597
1,1,1,0.74527854
1,0,0,0.3949713
1,0,1,0.7605787
1,1,1,0.6557597
1,1,1,0.68048716
1,1,1,0.69168764
1,0,0,0.47256368
1,0,1,0.6017558
1,0,1,0.622968
1,1,1,0.7732356
1,1,1,0.76777077
1,0,0,0.38653877
1,1,1,0.849245
1,0,1,0.5629559
1,1,1,0.61735165
1,1,1,0.56723505
1,0,1,0.610089
1,1,1,0.7262849
1,0,1,0.863319
1,0,1,0.5149738
1,1,1,0.62542075
1,1,0,0.39349353
1,0,0,0.15173851
1,0,0,0.40853176
1,1,1,0.74925596
1,0,1,0.55329204
1,0,0,0.4680339
1,0,0,0.31905565
1,1,1,0.7264761
1,0,1,0.5741995
1,1,1,0.76995975
1,1,1,0.68491405
1,1,1,0.65691864
1,0,1,0.62413824
1,0,1,0.68035704
1,1,1,0.92840314
1,1,1,0.6332489
1,1,0,0.2264601
1,1,1,0.807922
1,1,1,0.80951834
1,0,0,0.38320607
1,1,1,0.7051962
1,0,1,0.5992115
1,1,1,0.83529645
1,0,1,0.6949848
1,0,1,0.5506895
1,1,1,0.79842013
1,1,1,0.6625513
1,0,0,0.3794509
1,0,0,0.42596212
1,1,1,0.629489
1,0,0,0.4950772
1,0,0,0.29252538
1,1,1,0.6779274
1,0,0,0.22328106
1,1,1,0.7280999
1,1,1,0.7059639
1,0,0,0.31290284
1,0,0,0.44274512
1,0,1,0.52471524
1,0,0,0.34305438
1,1,1,0.8010231
1,0,0,0.34762508
1,0,1,0.82205844
1,1,1,0.89205205
1,1,1,0.57172173
1,0,1,0.6408107
1,1,1,0.74294394
1,1,1,0.6580266
1,0,1,0.6125091
1,1,1,0.6543284
1,0,1,0.7602433
1,0,0,0.36839396
1,1,1,0.73997945
1,0,1,0.60443056
1,1,1,0.655163
1,1,1,0.81702656
1,1,1,0.69279253
1,1,0,0.4409287
1,1,1,0.8537734
1,1,0,0.4463556
1,1,1,0.72287005
1,0,1,0.5096094
1,0,1,0.5402559
1,0,0,0.49404436
1,0,1,0.5128186
1,0,1,0.64151895
1,0,1,0.6806149
1,0,0,0.25078532
1,0,0,0.252932
1,1,0,0.48280996
1,0,0,0.2171268
1,0,0,0.18086182
1,1,0,0.44724923
1,1,1,0.5368351
1,1,1,0.60477275
1,0,1,0.522346
1,1,1,0.66817474
1,1,1,0.7042612
1,0,1,0.6229019
1,1,1,0.65308553
1,1,1,0.556272
1,1,1,0.5996995
1,0,0,0.42244914
1,0,0,0.40609002
1,0,1,0.5292272
1,0,1,0.6758673
1,0,1,0.52873766
1,0,1,0.69963986
1,0,0,0.19638729
1,1,1,0.72620344
1,1,1,0.6930901
1,1,0,0.45810255
1,0,0,0.43539274
1,0,1,0.5158509
1,0,0,0.22135797
1,1,0,0.39196783
1,0,1,0.5770447
1,0,0,0.39070618
1,1,0,0.43317613
1,0,0,0.46954322
1,0,0,0.20568949
1,0,0,0.05910242
1,0,0,0.1924772
1,0,0,0.13513921
1,0,1,0.63255674
1,0,0,0.35278466
1,0,0,0.16151412
1,0,1,0.65840745
1,1,1,0.54943734
1,0,0,0.34350505
1,1,1,0.6268854
1,1,1,0.82042104
1,1,0,0.44050437
1,1,1,0.6446281
1,0,0,0.42704824
1,1,0,0.112157404
1,1,1,0.73969716
1,1,0,0.48519826
1,1,1,0.8031287
1,1,1,0.76492363
1,0,1,0.5406767
1,1,1,0.5209182
1,1,1,0.6703929
1,1,0,0.15302831
1,1,1,0.8096005
1,0,0,0.32641634
1,1,1,0.6844152
1,0,0,0.39220175
1,0,0,0.49824
1,0,0,0.49055293
1,1,1,0.57673407
1,0,0,0.27985173
1,0,0,0.46730313
1,0,1,0.6470986
1,0,1,0.59192574
1,0,0,0.47445142
1,0,1,0.745791
1,0,0,0.30495644
1,1,1,0.7636125
1,1,1,0.5834315
1,1,1,0.8016833
1,1,1,0.9250839
1,1,1,0.68187267
1,1,0,0.44697312
1,0,1,0.6892484
1,0,1,0.7222111
1,1,1,0.6132027
1,1,1,0.8757077
1,0,0,0.1317936
1,0,1,0.7186745
1,1,1,0.67539656
1,1,0,0.3153041
1,0,0,0.48557577
1,1,0,0.4395422
1,1,0,0.40492985
1,0,1,0.52643955
1,1,1,0.5517267
1,0,0,0.31656352
1,0,0,0.13597308
1,0,1,0.6429224
1,0,0,0.49832532
1,0,1,0.6907356
1,1,1,0.67050093
1,0,0,0.4970661
1,0,1,0.5496225
1,1,1,0.84152347
1,0,1,0.7800617
1,0,1,0.607439
1,0,0,0.48555747
1,1,1,0.8562781
1,1,1,0.6864606
1,1,1,0.8259418
1,1,1,0.58187836
1,0,0,0.35068378
1,0,0,0.25470433
1,1,1,0.766674
1,0,1,0.631597
1,0,0,0.4923984
1,1,1,0.8110779
1,0,1,0.5962243
1,1,1,0.6269229
1,0,1,0.6748493
1,1,1,0.85326874
1,1,1,0.8055186
1,1,1,0.6786
1,1,0,0.4162311
1,1,1,0.68640447
1,0,1,0.5580046
1,1,1,0.6073103
1,1,1,0.58425254
1,0,0,0.19272527
1,1,1,0.868659
1,1,1,0.80407447
1,0,1,0.7769395
1,0,0,0.3427658
1,0,1,0.6438229
1,1,1,0.6696857
1,0,1,0.54013896
1,1,1,0.6274082
1,1,1,0.6791592
1,0,1,0.53222525
1,0,0,0.4363054
1,1,0,0.37870342
1,1,1,0.7342479
1,1,1,0.53876585
1,0,0,0.46320856
1,0,0,0.31667623
1,0,0,0.45219368
1,1,1,0.75397325
1,0,1,0.57911175
1,1,0,0.423331
1,0,1,0.6522049
1,0,0,0.41308412
1,0,0,0.24893354
1,1,1,0.54567003
1,0,0,0.40241316
1,0,0,0.37009716
1,1,1,0.72630835
1,0,0,0.24425189
1,1,0,0.2631545
1,0,1,0.80981165
1,1,1,0.7505817
1,1,1,0.63290787
1,1,1,0.6563551
1,0,1,0.645695
1,0,1,0.54006225
1,0,0,0.46844244
1,0,1,0.5815467
1,1,0,0.495647
1,1,1,0.5894441
1,0,1,0.5695917
1,1,1,0.7901979
1,0,1,0.65599096
1,0,1,0.64016926
1,0,1,0.82893646
1,0,1,0.5247543
1,1,1,0.55030185
1,0,0,0.4576937
1,0,1,0.810493
1,1,0,0.25011966
1,0,0,0.35343367
1,0,0,0.35865268
1,1,0,0.37287387
1,1,0,0.26425692
1,0,0,0.39488882
1,1,0,0.39352167
1,1,1,0.70741874
1,0,0,0.26030618
1,0,0,0.16624208
1,1,0,0.44592813
1,1,0,0.37470248
1,1,1,0.62829137
1,1,1,0.6373758
1,1,0,0.08539948
1,0,0,0.40975848
1,1,1,0.5075306
1,0,0,0.44977087
1,0,0,0.34627053
1,0,0,0.48829332
1,0,0,0.2704305
1,0,0,0.42600638
1,0,0,0.30706966
1,0,0,0.106920764
1,0,0,0.36939278
1,0,0,0.45149645
1,1,0,0.4708969
1,1,1,0.5076794
1,0,1,0.68185157
1,0,0,0.08016155
1,1,0,0.32894516
1,0,0,0.17928576
1,0,0,0.29145834
1,1,0,0.32799706
1,1,1,0.50274587
1,0,1,0.52945316
1,0,0,0.47635105
1,0,0,0.34661317
1,0,0,0.32215458
1,1,1,0.79651684
1,1,1,0.6657986
1,1,1,0.72150344
1,0,0,0.2725154
1,0,1,0.5898448
1,1,1,0.76193506
1,0,0,0.38620564
1,1,1,0.50583655
1,0,0,0.19924387
1,1,1,0.55435
1,0,1,0.6152354
1,0,1,0.5577896
1,1,1,0.5929819
1,0,0,0.4670077
1,0,0,0.34176102
1,1,1,0.6449698
1,1,1,0.6320002
1,0,1,0.6895163
1,1,1,0.64160293
1,1,1,0.5706244
1,1,0,0.3527373
1,0,0,0.49570367
1,1,1,0.69060177
1,0,0,0.3149109
1,1,1,0.57841635
1,0,0,0.28370008
1,1,0,0.41018328
1,1,1,0.5605678
1,0,0,0.44393578
1,1,1,0.70085686
1,1,1,0.55015874
1,1,0,0.4660419
1,0,0,0.19407041
1,0,0,0.18576823
1,1,1,0.7504426
1,0,0,0.43433318
1,0,0,0.33353105
1,0,1,0.61019605
1,1,1,0.5292077
1,0,1,0.6022716
1,1,1,0.5760114
1,1,1,0.70902956
1,0,0,0.29584068
1,1,1,0.6151453
1,0,0,0.499221
1,1,1,0.67231816
1,0,1,0.5868614
1,1,1,0.7216191
1,0,0,0.43371132
1,0,1,0.57016337
1,1,1,0.57799035
1,1,1,0.7363194
1,1,0,0.43027893
1,1,1,0.62850463
1,1,1,0.7260467
1,0,1,0.70671237
1,0,1,0.6188315
1,0,1,0.6619249
1,0,1,0.58655924
1,1,1,0.5685825
1,1,1,0.5198018
1,1,1,0.5733127
1,1,1,0.71686715
1,0,0,0.35261142
1,0,1,0.5247093
1,1,1,0.81157863
1,1,1,0.7452702
1,1,1,0.6329024
1,0,1,0.58876455
1,0,1,0.65532464
1,0,1,0.66933864
1,1,1,0.55022097
1,0,0,0.38347474
1,1,1,0.5227206
1,1,1,0.7745718
1,1,1,0.70923465
1,1,1,0.60093147
1,0,1,0.596386
1,0,1,0.7606218
1,0,1,0.5403548
1,0,1,0.52802986
1,0,1,0.67151374
1,1,1,0.80969113
1,0,0,0.32458776
1,1,1,0.64430976
1,1,1,0.50934607
1,1,1,0.6569138
1,0,0,0.30715156
1,0,1,0.52051175
1,1,1,0.669304
1,1,0,0.3833591
1,0,0,0.27677405
1,0,0,0.19758199
1,1,1,0.6065866
1,0,0,0.1976777
1,0,0,0.4560059
1,0,0,0.49485844
1,0,1,0.5002733
1,0,0,0.37765187
1,1,1,0.7428648
1,0,0,0.39301196
1,0,0,0.4883719
1,0,0,0.49576923
1,1,1,0.62425166
1,0,1,0.55201054
1,0,0,0.31733721
1,1,1,0.7469727
1,1,0,0.35553187
1,0,1,0.755251
1,0,0,0.2094351
1,1,1,0.5568623
1,1,0,0.4130181
1,0,0,0.3817837
1,0,0,0.2871766
1,0,0,0.37623724
1,0,0,0.39369068
1,1,1,0.5896767
1,1,1,0.6215092
1,1,1,0.5131221
1,1,1,0.5361148
1,0,1,0.54947513
1,0,0,0.41646564
1,1,1,0.6724736
1,0,1,0.5216415
1,0,0,0.4784816
1,1,1,0.6135906
1,0,1,0.5283606
1,1,0,0.49036133
1,1,1,0.71313626
1,0,0,0.23858593
1,0,1,0.691156
1,0,1,0.5412499
1,0,1,0.74147713
1,0,0,0.37615243
1,1,0,0.49970135
1,0,1,0.6701004
1,0,1,0.6401342
1,1,1,0.61335224
1,1,1,0.52064455
1,0,1,0.686809
1,0,0,0.44517937
1,0,0,0.4921845
1,0,1,0.630625
1,0,0,0.20339514
1,0,1,0.55191714
1,0,0,0.21868284
1,1,1,0.55828834
1,0,1,0.6805702
1,1,1,0.64082223
1,1,1,0.73703355
1,1,0,0.32924557
1,0,0,0.43158814
1,1,0,0.3527479
1,1,1,0.51107
1,0,0,0.21393122
1,1,1,0.6094021
1,0,0,0.4232438
1,1,1,0.6780745
1,1,0,0.48407778
1,0,1,0.5484194
1,0,0,0.46035475
1,0,1,0.6233123
1,0,0,0.31419906
1,1,1,0.60963124
1,0,0,0.42782015
1,1,1,0.569761
1,0,0,0.3666941
1,1,0,0.4217804
1,0,0,0.45321265
1,1,0,0.33498263
1,1,1,0.6722507
1,1,1,0.7663476
1,1,1,0.62862986
1,1,0,0.47863933
1,0,1,0.650138
1,1,1,0.7462051
1,1,1,0.5831469
1,1,1,0.6529745
1,1,1,0.6415428
1,0,1,0.59068716
1,0,0,0.3040688
1,0,1,0.5865851
1,1,1,0.8353123
1,0,0,0.31534222
1,0,1,0.7604041
1,0,0,0.47876638
1,0,1,0.711836
1,1,1,0.68883264
1,1,1,0.6424427
1,1,1,0.5985038
1,1,0,0.42626366
1,0,1,0.5795768
1,1,1,0.57785845
1,0,1,0.5333088
1,0,0,0.48212808
1,0,1,0.7257783
1,0,1,0.6372434
1,1,1,0.6825802
1,1,1,0.84759724
1,0,0,0.35690686
1,0,0,0.46452463
1,0,1,0.7365049
1,1,1,0.5981209
1,1,1,0.86370623
1,1,1,0.8156959
1,1,0,0.42693606
1,0,1,0.7593119
1,1,1,0.6933044
1,1,1,0.7521747
1,0,1,0.71188796
1,1,1,0.6269272
1,0,1,0.7586762
1,1,0,0.47971863
1,1,1,0.806835
1,1,1,0.67763716
1,1,1,0.819987
1,1,1,0.724266
1,0,0,0.37287647
1,1,1,0.84549284
1,1,1,0.6406771
1,1,0,0.45268092
1,1,1,0.691462
1,0,1,0.53320885
1,0,1,0.62865096
1,0,1,0.5350951
1,0,1,0.57589805
1,1,1,0.50393975
1,0,1,0.7013105
1,0,1,0.56028223
1,0,0,0.31417102
1,1,1,0.6915756
1,0,1,0.624019
1,0,1,0.50092036
1,0,0,0.14097361
1,0,1,0.67283225
1,0,1,0.6800141
1,1,1,0.74873155
1,0,0,0.37748057
1,1,1,0.5168996
1,0,0,0.3587131
1,1,1,0.6957911
1,0,0,0.18900917
1,1,1,0.5113835
1,1,1,0.62985367
1,1,1,0.5041137
1,1,1,0.56792223
1,1,1,0.55995035
1,1,1,0.5065482
1,1,1,0.6943773
1,0,1,0.54694927
1,1,1,0.648486
1,0,1,0.56219655
1,0,0,0.13957363
1,0,0,0.29068297
1,0,1,0.5246436
1,1,1,0.8014708
1,1,0,0.44653186
1,1,1,0.6710594
1,0,1,0.5423429
1,1,0,0.44273332
1,1,1,0.5255037
1,0,0,0.119875126
1,1,1,0.6612128
1,0,1,0.5118266
1,1,1,0.6010107
1,0,0,0.38452345
1,0,1,0.7345365
1,1,0,0.24706319
1,1,1,0.862041
1,1,1,0.5041017
1,0,1,0.75637305
1,0,0,0.08380882
1,0,1,0.55483127
1,1,1,0.738703
1,0,0,0.3294302
1,0,1,0.5581097
1,0,0,0.4605965
1,0,0,0.31812376
1,0,0,0.07939884
1,0,0,0.11693565
1,0,0,0.21771081
1,1,0,0.45883834
1,0,0,0.42654762
1,0,0,0.26515245
1,0,0,0.13356127
1,0,0,0.1364726
1,0,0,0.47343707
1,0,1,0.64025515
1,1,0,0.37128425
1,0,0,0.16865182
1,0,0,0.13707267
1,0,1,0.57238525
1,1,0,0.3833353
1,0,0,0.42070207
1,0,0,0.39245638
1,0,0,0.46583372
1,0,0,0.3962286
1,0,0,0.39130554
1,0,1,0.50870556
1,1,0,0.1950661
1,1,1,0.52552176
1,1,1,0.6851169
1,0,0,0.22014838
1,0,0,0.2841454
1,1,0,0.30748197
1,1,0,0.47418168
1,1,1,0.61563027
1,1,0,0.40498117
1,0,0,0.36413413
1,0,1,0.6170241
1,1,0,0.2672345
1,1,0,0.38142338
1,1,0,0.49705946
1,0,0,0.3255655
1,0,1,0.7372493
1,1,0,0.41570738
1,1,1,0.58669794
1,0,0,0.4365062
1,1,1,0.51082814
1,0,0,0.35903707
1,0,1,0.6658779
1,0,0,0.21017605
1,0,0,0.20493221
1,0,0,0.49892023
1,1,1,0.5252635
1,1,1,0.57289
1,0,1,0.6404767
1,1,1,0.6304251
1,0,1,0.5519912
1,1,0,0.12387125
1,1,1,0.8803965
1,0,1,0.6592642
1,1,1,0.544584
1,1,1,0.83851045
1,0,0,0.4453889
1,0,1,0.6915189
1,0,1,0.56743926
1,0,1,0.74641055
1,0,0,0.4840759
1,0,0,0.39854532
1,1,1,0.6249615
1,1,1,0.5537371
1,1,1,0.5034092
1,1,1,0.74540555
1,1,0,0.46405208
1,1,1,0.52804846
1,0,0,0.4165874
1,0,1,0.57828224
1,1,1,0.7272514
1,0,0,0.2677204
1,1,1,0.84598905
1,1,0,0.48932302
1,0,1,0.6182442
1,1,0,0.48980623
1,0,1,0.57399154
1,0,1,0.7063343
1,1,1,0.54968894
1,0,0,0.466346
1,1,1,0.6502316
1,1,1,0.81119466
1,0,0,0.48178318
1,1,1,0.5712912
1,1,1,0.5241911
1,1,1,0.50589305
1,0,0,0.33418602
1,1,1,0.72592795
1,1,1,0.81990033
1,0,1,0.75197154
1,1,1,0.6571822
1,1,1,0.6240696
1,1,1,0.6493928
1,0,1,0.7256563
1,1,0,0.290609
1,0,0,0.11844217
1,1,1,0.524794
1,1,0,0.4323506
1,1,1,0.7065831
1,1,1,0.67858785
1,1,1,0.56110173
1,0,0,0.4563691
1,1,1,0.5713282
1,1,1,0.7053887
1,1,0,0.45594943
1,1,1,0.761133
1,0,0,0.08522751
1,1,1,0.559391
1,0,0,0.24501841
1,1,1,0.6085739
1,0,0,0.06293282
1,0,0,0.29832476
1,0,0,0.09606945
1,0,1,0.5938249
1,0,1,0.5307279
1,0,0,0.4737616
1,1,1,0.5412806
1,1,1,0.76200247
1,0,0,0.07784201
1,0,0,0.34784377
1,0,1,0.7100729
1,0,0,0.4414647
1,0,1,0.52672136
1,1,0,0.3702231
1,1,1,0.59346735
1,0,1,0.70342076
1,0,1,0.54975545
1,1,1,0.82710123
1,1,1,0.80257404
1,0,1,0.66780496
1,1,1,0.58018196
1,0,0,0.35778442
1,0,0,0.16672741
1,0,0,0.2268166
1,0,0,0.14122994
1,0,0,0.1312008
1,0,0,0.11549636
1,0,0,0.14553891
1,0,1,0.67489254
1,1,1,0.7204767
1,1,1,0.5970395
1,1,1,0.58387387
1,0,1,0.54864126
1,0,1,0.6521939
1,0,1,0.59734297
1,0,1,0.5171969
1,0,1,0.62599385
1,0,0,0.29266846
1,1,0,0.25788885
1,0,0,0.28321475
1,1,1,0.6210901
1,0,0,0.2817698
1,0,1,0.5591073
1,1,1,0.66955703
1,1,1,0.80964994
1,1,0,0.4966657
1,1,1,0.54355067
1,0,0,0.41294238
1,1,0,0.26560742
1,0,0,0.41966942
1,0,0,0.34123775
1,1,1,0.57438296
1,0,1,0.6348683
1,1,0,0.3902183
1,1,1,0.60853314
1,0,1,0.5445237
1,1,0,0.44880047
1,0,0,0.47418416
1,1,1,0.5382554
1,0,1,0.67300856
1,1,0,0.47384694
1,0,0,0.40184656
1,1,0,0.288014
1,0,0,0.42153123
1,0,1,0.5751
1,1,1,0.8610194
1,0,1,0.5161566
1,1,1,0.67652017
1,1,1,0.58900476
1,0,1,0.633298
1,1,1,0.7175005
1,1,1,0.615554
1,0,0,0.35299122
1,1,1,0.68451667
1,0,0,0.23000589
1,0,1,0.6630436
1,0,0,0.46627435
1,1,1,0.59222704
1,0,1,0.59045297
1,0,1,0.53639334
1,1,1,0.519355
1,0,0,0.33420217
1,1,0,0.42018995
1,1,1,0.54974246
1,0,0,0.3835141
1,0,0,0.2691423
1,1,1,0.8251164
1,1,0,0.4289739
1,0,0,0.13820659
1,1,0,0.2712563
1,0,0,0.49648386
1,1,1,0.68861336
1,0,0,0.37265402
1,1,1,0.65801257
1,1,1,0.5306435
1,0,0,0.3293499
1,0,0,0.44961154
1,1,0,0.34251246
1,0,0,0.28403616
1,0,0,0.4987168
1,0,1,0.53667575
1,0,0,0.3649032
1,0,1,0.56793123
1,1,1,0.5899568
1,0,1,0.5527777
1,1,1,0.673656
1,0,1,0.66266334
1,1,0,0.40316632
1,1,0,0.34701133
1,1,1,0.53969145
1,0,0,0.3307107
1,0,0,0.388814
1,0,0,0.35941455
1,0,1,0.5577615
1,1,1,0.5721189
1,0,1,0.62524104
1,1,1,0.6632486
1,1,0,0.24725918
1,0,0,0.34959254
1,1,1,0.7044575
1,0,0,0.09220862
1,0,0,0.3821838
1,1,1,0.75725794
1,1,1,0.6420213
1,0,0,0.24530569
1,1,1,0.51155686
1,0,0,0.41007143
1,1,1,0.6616806
1,1,1,0.71743137
1,1,1,0.8931031
1,0,0,0.39066043
1,1,0,0.48863372
1,1,1,0.70608014
1,0,1,0.62117356
1,1,1,0.90559375
1,1,1,0.8544433
1,1,1,0.6697725
1,0,1,0.5115329
1,1,1,0.73341167
1,1,1,0.70247096
1,1,1,0.6489328
1,0,1,0.7662527
1,1,1,0.75403273
1,0,1,0.65055394
1,0,1,0.6667596
1,0,1,0.60555154
1,1,1,0.67365587
1,1,1,0.6175536
1,0,1,0.6760175
1,1,1,0.5156957
1,1,1,0.8640466
1,1,1,0.836085
1,0,1,0.6697281
1,0,0,0.28816575
1,1,1,0.5831441
1,0,1,0.5616529
1,0,0,0.26286688
1,0,0,0.23657049
1,0,0,0.28814894
1,1,0,0.3874374
1,1,1,0.5521541
1,0,0,0.35366514
1,0,0,0.14468108
1,1,1,0.61332446
1,0,0,0.46392775
1,1,1,0.50993
1,0,1,0.5114305
1,0,1,0.5343756
1,0,1,0.5751705
1,1,0,0.41217905
1,1,1,0.7527885
1,1,0,0.45392093
1,0,0,0.38220638
1,0,0,0.39187035
1,0,0,0.34634048
1,1,0,0.38806045
1,0,0,0.40500256
1,1,1,0.50525
1,1,0,0.2294047
1,0,0,0.1882174
1,0,0,0.09611928
1,0,0,0.12279129
1,1,0,0.2925969
1,0,0,0.3815344
1,0,0,0.38367826
1,0,0,0.15467629
1,1,1,0.57645136
1,1,1,0.54367435
1,1,1,0.5169111
1,0,0,0.42505762
1,1,0,0.28151312
1,0,0,0.39389077
1,0,0,0.28110573
1,0,0,0.38254446
1,1,0,0.35401908
1,1,0,0.44492695
1,0,1,0.6125765
1,0,1,0.7110808
1,0,0,0.45584226
1,0,0,0.14909308
1,0,0,0.43528464
1,0,1,0.5372385
1,0,1,0.5967933
1,1,1,0.59439766
1,0,0,0.40671363
1,1,1,0.6568998
1,0,0,0.15626976
1,1,1,0.68710047
1,0,1,0.58346176
1,0,0,0.35219613
1,0,0,0.32934505
1,1,1,0.66631675
1,1,1,0.64968294
1,1,1,0.6194046
1,0,0,0.41396618
1,1,1,0.70027566
1,1,1,0.66358536
1,1,1,0.7059291
1,1,1,0.63557774
1,1,0,0.40397465
1,1,1,0.6316425
1,0,1,0.5747085
1,0,1,0.5785513
1,0,0,0.14945704
1,0,1,0.7751157
1,1,1,0.6009338
1,0,1,0.5540159
1,1,1,0.62584114
1,0,0,0.48990905
1,0,1,0.71776193
1,1,1,0.6636978
1,0,0,0.47960243
1,1,1,0.7315285
1,1,1,0.7444002
1,1,1,0.6413773
1,1,1,0.6016664
1,1,0,0.35370135
1,0,1,0.61034805
1,0,1,0.6352316
1,0,0,0.27984437
1,0,1,0.55319214
1,0,0,0.14770496
1,0,0,0.47184262
1,0,1,0.67253417
1,0,0,0.26515594
1,0,1,0.6642501
1,0,0,0.24272272
1,1,1,0.5525181
1,1,0,0.4125148
1,0,1,0.52128166
1,1,1,0.79879516
1,1,1,0.8834691
1,1,1,0.6474129
1,0,1,0.5614844
1,0,0,0.25724185
1,0,0,0.2626946
1,1,1,0.72170573
1,0,1,0.82229614
1,0,1,0.57947123
1,1,1,0.8084302
1,1,0,0.46097454
1,1,1,0.7281819
1,0,1,0.59819525
1,1,1,0.8384221
1,1,1,0.8591305
1,1,1,0.768076
1,0,1,0.75098985
1,0,1,0.8286272
1,0,0,0.39243782
1,0,1,0.596799
1,1,1,0.65549016
1,0,0,0.39421728
1,0,0,0.39647853
1,1,1,0.77130353
1,1,1,0.54114974
1,1,0,0.3237277
1,1,0,0.35615176
1,1,1,0.50522983
1,0,0,0.48672694
1,1,1,0.7687748
1,1,1,0.7317759
1,1,1,0.73977864
1,0,0,0.36494127
1,0,0,0.4888862
1,1,1,0.6715169
1,0,1,0.51549506
1,0,0,0.18262024
1,1,1,0.7830163
1,1,1,0.8153936
1,0,0,0.4271151
1,0,0,0.49122846
1,0,1,0.6996457
1,0,0,0.30412453
1,0,0,0.15882264
1,1,1,0.86185706
1,0,0,0.45204347
1,0,0,0.3423301
1,1,0,0.46785116
1,1,1,0.823182
1,1,1,0.51432884
1,1,1,0.6576157
1,0,1,0.51543343
1,0,0,0.42880702
1,1,1,0.51767784
1,1,0,0.21622705
1,1,0,0.48535028
1,1,1,0.56551784
1,0,1,0.5658307
1,0,1,0.59921676
1,1,1,0.75187415
1,0,1,0.530799
1,1,1,0.5477811
1,0,0,0.49978366
1,0,1,0.79480267
1,0,1,0.55169755
1,0,1,0.58177805
1,1,0,0.45509592
1,0,1,0.65013427
1,0,1,0.55792665
1,1,0,0.49149835
1,0,1,0.50859547
1,0,1,0.5838156
1,0,0,0.32042748
1,1,0,0.42698154
1,1,1,0.6685637
1,1,1,0.80766594
1,0,1,0.7373854
1,1,1,0.76089025
1,1,0,0.39691848
1,1,1,0.5457501
1,0,0,0.37737182
1,1,0,0.44967055
1,0,0,0.34059137
1,0,0,0.29179016
1,0,0,0.26281288
1,0,0,0.2997992
1,0,0,0.48155552
1,0,0,0.27356294
1,0,0,0.17882337
1,1,1,0.5216591
1,0,0,0.46283233
1,1,0,0.30662635
1,1,0,0.35587308
1,1,1,0.5107363
1,0,1,0.61301696
1,1,0,0.46362802
1,1,1,0.64695644
1,0,0,0.05681749
1,0,1,0.59821796
1,1,0,0.2086382
1,0,0,0.06848698
1,1,1,0.6493695
1,0,0,0.26816112
1,1,0,0.25316125
1,1,1,0.5984244
1,0,0,0.26697007
1,0,0,0.23779282
1,0,0,0.13677125
1,1,0,0.19695054
1,1,1,0.5139977
1,0,0,0.052146107
1,0,0,0.2513666
1,0,0,0.36258867
1,0,0,0.22682096
1,1,1,0.8258785
1,0,1,0.6494803
1,1,0,0.49641755
1,1,1,0.7121362
1,0,1,0.69921964
1,1,1,0.65254927
1,1,0,0.48317116
1,1,1,0.68891305
1,0,1,0.6171172
1,0,1,0.548495
1,0,1,0.79735446
1,1,1,0.82672644
1,0,0,0.39799824
1,0,1,0.6088098
1,0,1,0.768391
1,1,1,0.65952855
1,0,1,0.67106396
1,1,1,0.70102173
1,1,1,0.7709109
1,1,1,0.7301582
1,1,1,0.88010335
1,0,1,0.8376215
1,1,1,0.51635367
1,0,1,0.5155022
1,0,1,0.8194847
1,1,1,0.6767803
1,0,1,0.6104829
1,1,1,0.73919916
1,0,1,0.84827614
1,1,1,0.73662156
1,1,1,0.7705611
1,1,0,0.47341564
1,0,1,0.69613427
1,0,1,0.55470407
1,0,0,0.2909554
1,0,1,0.5308622
1,1,1,0.5409932
1,1,1,0.5505904
1,1,0,0.44710505
1,1,0,0.44584244
1,0,0,0.32648897
1,0,0,0.32655945
1,0,0,0.41004893
1,1,0,0.3476809
1,0,0,0.14938971
1,0,0,0.11628951
1,0,0,0.26758447
1,0,0,0.30280495
1,0,0,0.42169026
1,1,0,0.37097737
1,1,0,0.384616
1,0,1,0.5403953
1,0,0,0.31001055
1,1,0,0.345913
1,1,0,0.44811907
1,0,0,0.2958374
1,0,1,0.59007007
1,1,1,0.5705395
1,1,1,0.6147393
1,1,1,0.5785956
1,0,0,0.25611046
1,0,1,0.6609228
1,1,1,0.56255054
1,0,0,0.33831748
1,0,0,0.15797569
1,1,1,0.6427737
1,1,0,0.49399316
1,1,0,0.44855228
1,0,0,0.27086908
1,1,1,0.63659936
1,0,0,0.14562722
1,0,0,0.20871322
1,1,0,0.48959535
1,0,0,0.46808112
1,0,0,0.45833784
1,0,1,0.6477143
1,1,1,0.87438285
1,0,1,0.6252461
1,1,1,0.6670039
1,0,0,0.35551363
1,1,1,0.5871142
1,0,1,0.59083927
1,1,1,0.80740434
1,1,1,0.7128143
1,1,1,0.74737924
1,1,1,0.67163306
1,1,1,0.8017773
1,1,1,0.7636465
1,1,1,0.52269167
1,1,1,0.528192
1,1,0,0.48429656
1,0,1,0.69197446
1,0,1,0.6501686
1,0,0,0.40716642
1,1,0,0.3935766
1,0,0,0.32645595
1,1,1,0.63060755
1,0,1,0.62347984
1,0,1,0.5199908
1,0,0,0.49947104
1,0,0,0.46649337
1,1,1,0.7514455
1,1,1,0.7262542
1,1,1,0.73386765
1,1,1,0.5784771
1,1,1,0.5096625
1,0,0,0.46581164
1,0,1,0.66612524
1,0,0,0.3384737
1,0,0,0.05801671
1,1,1,0.7474639
1,1,1,0.64571494
1,1,1,0.5179435
1,1,0,0.41546744
1,0,1,0.82700616
1,0,0,0.34295154
1,0,0,0.47495487
1,0,0,0.46190256
1,0,1,0.696121
1,1,0,0.45928106
1,0,0,0.22218002
1,1,1,0.6222428
1,1,1,0.7012857
1,0,1,0.5968565
1,1,1,0.90814793
1,0,1,0.5396542
1,0,1,0.6085551
1,0,0,0.45992014
1,1,1,0.63782966
1,0,0,0.49158788
1,1,1,0.6502187
1,0,0,0.46597666
1,1,1,0.5420611
1,0,1,0.63148963
1,1,1,0.8358702
1,1,1,0.7734505
1,1,1,0.77581334
1,1,1,0.66520315
1,0,0,0.352841
1,0,0,0.41235316
1,1,1,0.73188615
1,1,1,0.8291285
1,0,0,0.3731061
1,0,0,0.49490935
1,0,1,0.66663784
1,0,1,0.7531584
1,1,1,0.7240339
1,0,0,0.4982907
1,0,0,0.3097484
1,0,1,0.61749554
1,1,1,0.6543993
1,1,1,0.55306077
1,1,1,0.5085804
1,1,1,0.67463005
1,1,0,0.4584327
1,0,0,0.43134013
1,1,1,0.7221305
1,0,1,0.5324078
1,0,1,0.6297329
1,0,0,0.43455654
1,1,1,0.5275027
1,1,1,0.76074
1,0,0,0.4442074
1,0,1,0.50284606
1,0,1,0.50301313
1,0,1,0.78339607
1,1,1,0.55158585
1,1,1,0.88667595
1,0,0,0.14065109
1,0,1,0.6268079
1,0,0,0.44457734
1,0,0,0.1847772
1,0,1,0.7546661
1,1,1,0.8439654
1,0,0,0.4417642
1,1,1,0.58563006
1,1,0,0.22731052
1,1,1,0.5234268
1,1,1,0.6170315
1,1,1,0.6211471
1,1,1,0.70493597
1,1,1,0.6260813
1,0,0,0.25165692
1,1,0,0.36152145
1,1,1,0.71815956
1,1,1,0.66133493
1,1,1,0.6563022
1,0,0,0.38174343
1,0,0,0.27359846
1,1,1,0.87643087
1,0,0,0.38065168
1,0,0,0.15609382
1,0,1,0.7180715
1,0,0,0.29968664
1,0,0,0.16830276
1,1,1,0.7221797
1,0,1,0.67301834
1,0,0,0.44036385
1,0,0,0.45925218
1,1,1,0.7178334
1,0,1,0.7057311
1,0,1,0.59120625
1,0,1,0.54974675
1,0,1,0.5153704
1,1,1,0.83103263
1,0,1,0.52036756
1,1,0,0.4504729
1,0,0,0.46394852
1,1,1,0.6306987
1,0,1,0.5520017
1,0,1,0.5135159
1,0,1,0.66971534
1,1,1,0.64540327
1,0,0,0.38377804
1,1,1,0.59733254
1,1,1,0.6593785
1,1,1,0.5279367
1,1,0,0.49654928
1,1,1,0.5145521
1,0,0,0.180826
1,0,1,0.7816524
1,1,0,0.45493856
1,0,0,0.27447578
1,1,1,0.53270113
1,1,1,0.6005728
1,1,1,0.7721406
1,1,1,0.7090518
1,1,1,0.5437831
1,1,1,0.5819213
1,0,1,0.6991294
1,0,1,0.5991938
1,1,1,0.5851421
1,1,1,0.56140375
1,1,0,0.43654457
1,0,1,0.61728036
1,0,0,0.3169436
1,0,0,0.47115254
1,0,1,0.70172846
1,1,1,0.5566395
1,0,1,0.6450118
1,1,1,0.8678664
1,0,0,0.3056867
1,1,1,0.831325
1,0,1,0.6277152
1,0,1,0.583066
1,0,0,0.4415269
1,0,1,0.5399174
1,1,1,0.61631763
1,0,0,0.27046615
1,1,1,0.8933295
1,0,0,0.2115182
1,0,0,0.42855328
1,1,1,0.9042769
1,1,1,0.7510437
1,1,1,0.8926359
1,1,1,0.6426783
1,1,1,0.7445965
1,0,0,0.49257645
1,0,1,0.58972085
1,0,1,0.6758315
1,1,1,0.6937857
1,0,0,0.2535239
1,0,0,0.40660796
1,1,1,0.62329954
1,1,1,0.8011475
1,0,1,0.55117923
1,0,0,0.33058253
1,0,1,0.7044575
1,1,0,0.4067707
1,0,0,0.45190895
1,0,1,0.76958656
1,1,1,0.7530849
1,0,0,0.30795747
1,1,1,0.6412038
1,1,1,0.7180968
1,0,0,0.10417448
1,0,0,0.47167274
1,1,1,0.9044905
1,0,1,0.77291346
1,0,1,0.6447319
1,0,1,0.7445025
1,1,1,0.64756036
1,0,0,0.49987257
1,1,1,0.6745986
1,0,1,0.63634384
1,1,1,0.5890412
1,0,0,0.121891685
1,1,1,0.60072
1,0,1,0.63474065
1,1,1,0.76291424
1,0,1,0.7389565
1,1,1,0.7584371
1,1,1,0.5938136
1,0,1,0.5452184
1,0,1,0.6381451
1,1,1,0.82192457
1,1,1,0.5719676
1,0,0,0.4238767
1,1,0,0.40991575
1,1,1,0.78723675
1,0,0,0.45806363
1,1,0,0.32478568
1,1,0,0.36542088
1,1,1,0.56919956
1,0,0,0.4864609
1,1,1,0.6665871
1,0,1,0.5422856
1,1,0,0.2556833
1,0,1,0.77743864
1,0,0,0.19097449
1,0,1,0.5735896
1,0,0,0.218508
1,1,0,0.14386149
1,0,0,0.37468237
1,0,0,0.36196703
1,1,0,0.49810404
1,0,1,0.56182706
1,0,0,0.24170165
1,0,0,0.4074518
1,0,1,0.6984794
1,0,0,0.29283845
1,1,1,0.5405873
1,1,1,0.6964305
1,0,1,0.89106053
1,1,1,0.7765077
1,0,1,0.6927515
1,1,1,0.803036
1,0,1,0.6164286
1,1,1,0.705276
1,0,0,0.34073144
1,0,0,0.41981456
1,1,1,0.799136
1,0,0,0.40027985
1,1,0,0.46752012
1,1,1,0.8124047
1,0,1,0.56976753
1,0,0,0.26386294
1,1,1,0.8282711
1,0,0,0.36639178
1,0,1,0.64161897
1,0,0,0.34656656
1,1,1,0.74145937
1,0,1,0.5367842
1,1,1,0.86781186
1,1,1,0.55780643
1,0,1,0.6097615
1,1,1,0.6860153
1,1,0,0.44565088
1,0,0,0.43215495
1,0,0,0.2565026
1,0,1,0.58163303
1,0,1,0.56862205
1,1,1,0.67372715
1,0,1,0.6907356
1,1,1,0.67050093
1,0,0,0.4970661
1,0,1,0.5496225
1,1,1,0.84152347
1,0,1,0.7800617
1,0,1,0.607439
1,0,0,0.48555747
1,1,1,0.8562781
1,1,1,0.6864606
1,1,1,0.8259418
1,1,1,0.58187836
1,0,0,0.35068378
1,0,0,0.25470433
1,1,1,0.766674
1,0,1,0.631597
1,0,0,0.4923984
1,1,1,0.8110779
1,0,1,0.5962243
1,1,1,0.6269229
1,0,1,0.6748493
1,1,1,0.85326874
1,1,1,0.8055186
1,1,1,0.6786
1,1,0,0.4162311
1,1,1,0.68640447
1,0,1,0.5580046
1,1,1,0.6073103
1,1,1,0.58425254
1,0,0,0.19272527
1,1,1,0.868659
1,1,1,0.80407447
1,0,1,0.7769395
1,0,0,0.3427658
1,0,1,0.6438229
1,1,1,0.770623
1,0,0,0.4698205
1,1,1,0.6320539
1,1,1,0.564982
1,1,1,0.5501013
1,1,0,0.29191425
1,0,0,0.34886226
1,1,1,0.5421058
1,0,1,0.5686928
1,1,1,0.5086718
1,0,1,0.58692175
1,0,0,0.48300546
1,1,1,0.56797045
1,1,0,0.37552205
1,0,1,0.51659316
1,0,0,0.09283562
1,1,0,0.3366126
1,0,0,0.2652429
1,1,0,0.35918394
1,0,0,0.49731755
1,1,1,0.5581166
1,0,1,0.6600711
1,0,0,0.42850384
1,0,1,0.51702285
1,1,1,0.6973838
1,0,0,0.4915146
1,0,1,0.6607429
1,0,1,0.69938976
1,0,0,0.3138822
1,1,1,0.8447111
1,1,1,0.72502655
1,1,1,0.526092
1,0,0,0.4376754
1,1,1,0.63913316
1,0,0,0.4692351
1,0,1,0.6548023
1,0,1,0.52815765
1,1,0,0.37656638
1,0,1,0.638472
1,1,1,0.5670059
1,0,1,0.5853004
1,0,1,0.50976
1,1,1,0.61709255
1,0,1,0.53762466
1,1,1,0.6513053
1,0,0,0.42956886
1,1,1,0.9280913
1,1,1,0.6671898
1,0,0,0.4122249
1,1,1,0.6128535
1,0,0,0.4939168
1,1,1,0.6623009
1,0,1,0.5356726
1,1,1,0.6070615
1,0,0,0.47899878
1,0,1,0.66116434
1,0,1,0.65670294
1,1,1,0.65820086
1,1,1,0.56094
1,1,1,0.532763
1,1,1,0.6515498
1,0,1,0.7826849
1,0,1,0.6908546
1,0,1,0.64192224
1,1,1,0.6697228
1,1,1,0.68114483
1,0,1,0.6854765
1,1,1,0.7356779
1,0,0,0.40700555
1,0,1,0.51354456
1,1,1,0.67093056
1,1,1,0.5628058
1,0,0,0.35574865
1,0,1,0.54516476
1,0,0,0.15285556
1,1,1,0.7335531
1,1,1,0.6438008
1,0,0,0.24251659
1,0,0,0.41950795
1,1,1,0.6080897
1,1,1,0.61047375
1,1,1,0.75011253
1,0,0,0.16898535
1,1,0,0.42803878
1,1,1,0.5853858
1,1,1,0.5562572
1,1,1,0.6325708
1,0,0,0.33984974
1,0,0,0.25551915
1,0,0,0.17784974
1,0,0,0.47331613
1,1,1,0.74519324
1,0,1,0.622238
1,0,0,0.37179044
1,0,0,0.43728048
1,1,0,0.4220786
1,0,0,0.483664
1,1,1,0.6803133
1,1,1,0.51465887
1,1,1,0.58313525
1,1,1,0.545239
1,0,0,0.33766735
1,0,1,0.5475851
1,1,1,0.78940964
1,0,0,0.39167798
1,0,1,0.5226355
1,0,0,0.19885652
1,1,1,0.6170879
1,0,0,0.4244535
1,1,1,0.53567976
1,0,1,0.749206
1,0,0,0.41158485
1,1,1,0.8425258
1,1,1,0.65898836
1,1,1,0.5715559
1,1,1,0.6991978
1,1,1,0.6188959
1,0,0,0.4087147
1,1,1,0.59239674
1,0,1,0.6320155
1,1,1,0.714117
1,0,0,0.48560467
1,0,0,0.44168833
1,0,0,0.41716754
1,0,1,0.6562018
1,0,1,0.7033881
1,0,0,0.48127845
1,0,0,0.49821848
1,0,0,0.09161914
1,1,1,0.7074606
1,0,1,0.5300775
1,0,1,0.6843807
1,1,1,0.8224661
1,1,1,0.69515103
1,1,1,0.7695386
1,1,1,0.543115
1,0,0,0.47733405
1,1,1,0.68217224
1,0,1,0.5039652
1,0,0,0.3398157
1,0,0,0.39604065
1,1,1,0.7187918
1,1,1,0.6677435
1,1,1,0.78457284
1,0,0,0.29162806
1,0,0,0.327845
1,1,1,0.7844056
1,0,0,0.37943897
1,0,0,0.36688015
1,1,1,0.88522184
1,0,0,0.40897554
1,1,1,0.7332964
1,0,1,0.509459
1,1,1,0.87957263
1,0,1,0.76452774
1,1,1,0.7695726
1,0,0,0.42666358
1,0,1,0.6351057
1,1,1,0.61705196
1,1,1,0.6479481
1,0,0,0.33002836
1,0,0,0.46598658
1,1,1,0.71727073
1,0,1,0.7585823
1,0,1,0.64613205
1,1,1,0.5719714
1,0,1,0.5426682
1,1,1,0.7626996
1,1,1,0.69825786
1,1,1,0.8144123
1,1,1,0.6903375
1,1,1,0.85142916
1,0,1,0.7710112
1,0,1,0.52796155
1,0,1,0.69337744
1,0,1,0.7301713
1,1,1,0.87494594
1,1,1,0.7130938
1,1,1,0.7184061
1,1,1,0.8180948
1,1,1,0.8381375
1,1,1,0.59400505
1,0,0,0.4088805
1,0,1,0.619899
1,0,1,0.582988
1,0,1,0.5980209
1,1,1,0.7379496
1,0,1,0.51798373
1,0,1,0.6319364
1,1,1,0.64736056
1,1,1,0.50466806
1,1,0,0.4107885
1,1,1,0.80619806
1,1,1,0.5099646
1,1,1,0.61648685
1,0,0,0.39403078
1,0,1,0.50554484
1,1,0,0.41148448
1,1,1,0.6867124
1,0,0,0.29935488
1,1,1,0.8030653
1,1,0,0.490156
1,1,1,0.7101228
1,1,1,0.7041683
1,1,1,0.7669646
1,1,1,0.58734125
1,0,1,0.65508187
1,0,1,0.614712
1,1,1,0.68971294
1,0,1,0.5934344
1,1,1,0.6768111
1,0,0,0.4012891
1,1,1,0.77167654
1,0,1,0.5760835
1,1,1,0.550977
1,0,1,0.54654646
1,1,1,0.6596465
1,0,1,0.6270101
1,0,1,0.723434
1,0,0,0.2440115
1,1,1,0.5353691
1,1,1,0.6754633
1,0,1,0.56692296
1,1,1,0.8116175
1,0,0,0.18372546
1,1,1,0.6396027
1,1,1,0.789344
1,0,0,0.4829377
1,0,0,0.49746767
1,0,0,0.4057812
1,0,1,0.6558495
1,1,1,0.66181904
1,0,1,0.72560906
1,0,1,0.5215652
1,1,1,0.71176934
1,0,1,0.68774027
1,0,0,0.48080274
1,0,1,0.5432475
1,0,0,0.4503219
1,1,1,0.60863096
1,0,0,0.38882336
1,1,0,0.45922467
1,1,1,0.6112807
1,0,0,0.48470306
1,0,1,0.64723057
1,1,1,0.7337042
1,0,1,0.55200386
1,1,1,0.61333495
1,1,1,0.6835543
1,1,1,0.51361036
1,0,0,0.49313268
1,1,1,0.6728712
1,1,1,0.63052607
1,0,1,0.5481769
1,0,0,0.46441036
1,1,1,0.65736115
1,1,1,0.59745544
1,0,0,0.32231104
1,1,1,0.735876
1,0,1,0.53290963
1,0,1,0.5972204
1,0,1,0.6993969
1,1,1,0.6782977
1,1,1,0.61094195
1,0,1,0.59402966
1,1,1,0.7728151
1,1,1,0.5294005
1,1,1,0.5180849
1,0,1,0.6230201
1,1,1,0.60117537
1,1,1,0.7631747
1,1,0,0.4504473
1,1,1,0.6247413
1,1,0,0.46821252
1,1,0,0.40360647
1,1,1,0.63058555
1,0,1,0.58977956
1,0,0,0.4708845
1,0,0,0.36545217
1,0,1,0.6002844
1,0,0,0.30312973
1,0,0,0.4558743
1,0,1,0.75814915
1,1,1,0.7637519
1,0,1,0.7691557
1,0,1,0.8179836
1,0,0,0.21540366
1,1,1,0.85208446
1,0,0,0.282734
1,0,0,0.49729076
1,1,1,0.6977221
1,0,1,0.56535226
1,1,1,0.70129365
1,1,1,0.5178044
1,1,0,0.3635941
1,1,1,0.5232884
1,0,1,0.58839595
1,1,1,0.5359574
1,0,1,0.61487246
1,0,1,0.64903784
1,0,0,0.26674145
1,0,1,0.53818965
1,1,1,0.7076787
1,0,0,0.41099918
1,1,1,0.75988185
1,1,1,0.61881435
1,1,1,0.70443547
1,0,1,0.5531206
1,1,1,0.6840345
1,1,1,0.6749648
1,1,1,0.77881473
1,0,1,0.5050257
1,1,1,0.9131895
1,0,1,0.7719992
1,0,1,0.51409197
1,0,0,0.41510788
1,0,1,0.6862745
1,0,0,0.48648205
1,1,1,0.8389279
1,0,1,0.67350173
1,1,1,0.6836765
1,1,1,0.615936
1,0,1,0.6864917
1,1,1,0.6969066
1,0,1,0.6281217
1,0,1,0.6581801
1,1,1,0.9128113
1,0,1,0.6350468
1,1,1,0.56947154
1,0,1,0.63843155
1,0,0,0.43607455
1,1,1,0.8026494
1,1,1,0.7598707
1,0,1,0.79725534
1,0,0,0.30763882
1,1,1,0.8458121
1,0,1,0.8640076
1,0,0,0.40560415
1,0,1,0.69987375
1,1,1,0.662807
1,0,1,0.553501
1,0,1,0.5612181
1,0,1,0.56785065
1,0,1,0.6467198
1,1,1,0.50855595
1,0,0,0.4194591
1,0,1,0.5804867
1,1,1,0.6924596
1,0,1,0.7646118
1,1,0,0.3737556
1,1,1,0.6378287
1,1,1,0.6369473
1,0,0,0.46242434
1,1,1,0.8163128
1,0,1,0.6268395
1,0,1,0.78555197
1,0,1,0.5256906
1,1,1,0.82223827
1,1,1,0.8271763
1,1,1,0.5353363
1,1,1,0.80529004
1,0,1,0.53753376
1,1,1,0.91566616
1,0,0,0.4196747
1,0,0,0.1694896
1,1,1,0.73999536
1,0,1,0.658256
1,1,1,0.6082481
1,0,1,0.7053413
1,1,1,0.6320587
1,0,0,0.46853262
1,0,0,0.41341254
1,0,1,0.6660545
1,1,1,0.76435083
1,1,1,0.9171405
1,1,1,0.75594395
1,1,1,0.8109737
1,1,1,0.62506634
1,0,1,0.5806421
1,1,1,0.54329944
1,0,1,0.71976346
1,0,1,0.74096376
1,1,1,0.61664736
1,0,1,0.6123784
1,1,1,0.72231275
1,1,1,0.81634456
1,1,1,0.8122476
1,1,1,0.72257346
1,0,0,0.47255033
1,0,0,0.09207097
1,1,1,0.74398637
1,0,1,0.62689596
1,0,0,0.3745854
1,1,1,0.58856493
1,0,0,0.21388215
1,0,0,0.16623102
1,1,1,0.89361006
1,0,1,0.6755151
1,1,1,0.6906083
1,0,1,0.7046661
1,1,1,0.87289816
1,0,1,0.5473738
1,0,1,0.69501877
1,1,1,0.7584564
1,0,0,0.31755686
1,1,1,0.819256
1,1,1,0.6282054
1,0,1,0.61369514
1,0,1,0.66532004
1,0,0,0.25413436
1,1,1,0.84681785
1,1,1,0.73646635
1,1,1,0.5696037
1,1,1,0.9422608
1,1,1,0.83570975
1,1,1,0.7337332
1,0,0,0.37965098
1,1,0,0.46846136
1,1,1,0.6256278
1,1,1,0.6965952
1,1,0,0.27260762
1,1,0,0.40025854
1,0,0,0.3206796
1,0,0,0.27383217
1,0,0,0.31297088
1,0,1,0.6152018
1,0,1,0.5060807
1,1,1,0.6003845
1,0,0,0.39686355
1,0,0,0.24397309
1,1,1,0.6552668
1,0,1,0.60935044
1,1,1,0.63845164
1,0,0,0.37697893
1,1,1,0.7226475
1,0,0,0.36887628
1,0,0,0.3007032
1,1,0,0.4469405
1,0,1,0.6609131
1,0,1,0.7577013
1,0,1,0.6468134
1,1,1,0.52225006
1,0,1,0.63010055
1,0,1,0.666028
1,1,1,0.60932535
1,1,1,0.6310503
1,1,0,0.4205279
1,1,0,0.3606367
1,1,0,0.40133306
1,0,0,0.20689306
1,0,0,0.4618908
1,1,0,0.2822078
1,0,1,0.54358906
1,0,0,0.15970238
1,1,0,0.484035
1,0,1,0.6661623
1,0,1,0.63328
1,1,1,0.5114629
1,0,0,0.44410557
1,0,0,0.36149287
1,1,1,0.6899778
1,1,1,0.6012788
1,1,1,0.68528056
1,0,0,0.41669142
1,1,1,0.71038663
1,0,0,0.46349803
1,0,1,0.7638875
1,0,1,0.59682107
1,0,1,0.5795835
1,1,1,0.81732345
1,1,1,0.5704772
1,0,1,0.64266044
1,1,0,0.423307
1,1,1,0.70309323
1,0,1,0.51675904
1,0,0,0.45846048
1,0,0,0.3789782
1,0,0,0.4785816
1,1,1,0.64129746
1,0,1,0.6017084
1,0,1,0.52153546
1,1,1,0.60519856
1,0,1,0.5246436
1,1,1,0.6009791
1,1,1,0.6627188
1,1,1,0.64367634
1,1,0,0.47958964
1,1,1,0.58256847
1,1,0,0.47857323
1,1,1,0.5111277
1,1,1,0.70962745
1,0,1,0.5513119
1,0,1,0.6437947
1,0,0,0.16165413
1,0,1,0.7407318
1,0,0,0.41203177
1,0,0,0.0959099
1,1,1,0.6232842
1,0,0,0.22798978
1,0,1,0.60353696
1,0,1,0.5220449
1,0,1,0.5144799
1,1,1,0.6770693
1,1,1,0.6734446
1,0,1,0.52039325
1,1,1,0.6289652
1,0,0,0.45258096
1,0,0,0.2537861
1,0,1,0.55478156
1,1,0,0.30876938
1,0,0,0.3964359
1,0,0,0.1464157
1,0,0,0.34626856
1,0,1,0.61338687
1,0,0,0.087644525
1,1,1,0.6644915
1,1,1,0.64945877
1,0,0,0.4670085
1,1,1,0.641807
1,1,0,0.4925619
1,0,0,0.3161307
1,1,1,0.641137
1,1,1,0.85735285
1,0,1,0.6343188
1,1,1,0.51596856
1,1,1,0.68737537
1,1,1,0.69239444
1,0,1,0.66116
1,1,1,0.73550653
1,1,0,0.4307589
1,0,1,0.6468756
1,1,1,0.59238106
1,1,1,0.6683184
1,1,1,0.6944749
1,0,1,0.761008
1,0,0,0.3855386
1,1,1,0.6708669
1,0,1,0.6413558
1,0,1,0.6750826
1,0,1,0.6306259
1,0,1,0.63471925
1,1,1,0.7352141
1,1,1,0.7735656
1,0,1,0.69140613
1,0,0,0.407396
1,0,0,0.3209555
1,0,1,0.6042752
1,1,1,0.704185
1,0,1,0.7077487
1,0,1,0.5658212
1,1,0,0.37585324
1,0,1,0.53841996
1,0,1,0.8062981
1,0,1,0.5235434
1,0,0,0.39862913
1,0,0,0.4706754
1,1,1,0.532959
1,0,0,0.4240036
1,1,1,0.62100774
1,0,0,0.3489107
1,1,1,0.7578222
1,1,1,0.587922
1,0,0,0.46906674
1,0,0,0.4138736
1,1,1,0.7869705
1,1,1,0.66601795
1,1,1,0.6397092
1,1,1,0.6876919
1,1,1,0.72042644
1,1,1,0.83253604
1,0,1,0.58341044
1,0,0,0.43394464
1,0,1,0.68231803
1,1,1,0.87222105
1,1,1,0.83558863
1,0,1,0.6230063
1,0,1,0.5516133
1,0,1,0.6289087
1,0,0,0.30393907
1,1,1,0.75169754
1,1,1,0.7978197
1,0,1,0.654579
1,1,1,0.6634449
1,1,1,0.6223104
1,0,1,0.7476259
1,0,1,0.66561365
1,0,1,0.56964326
1,0,0,0.11872866
1,0,1,0.6108501
1,0,0,0.31820175
1,1,1,0.6924912
1,1,1,0.6068189
1,1,1,0.64003396
1,1,1,0.8230828
1,1,0,0.4766081
1,0,1,0.6483978
1,0,1,0.52218086
1,0,0,0.4524115
1,0,1,0.5931566
1,0,1,0.645178
1,0,0,0.23944215
1,0,1,0.76023084
1,1,1,0.8027981
1,1,1,0.6329457
1,1,1,0.63428813
1,1,1,0.61437047
1,0,0,0.35480708
1,0,0,0.09167658
1,1,1,0.5251885
1,0,1,0.71449965
1,0,0,0.19860359
1,1,1,0.5524719
1,1,1,0.77527016
1,0,1,0.50510216
1,1,1,0.8161344
1,0,1,0.6901939
1,1,1,0.78477645
1,0,1,0.6765393
1,1,1,0.81802523
1,0,1,0.5298351
1,1,1,0.77834463
1,1,0,0.48430356
1,1,1,0.61671174
1,0,1,0.80255884
1,0,0,0.4853904
1,1,1,0.634818
1,1,0,0.408558
1,0,1,0.5786669
1,1,1,0.79257894
1,0,1,0.60294074
1,1,1,0.9134521
1,1,1,0.7145742
1,1,1,0.64497036
1,0,0,0.23662812
1,0,1,0.9190087
1,1,1,0.64842826
1,0,0,0.13499945
1,0,1,0.66980976
1,0,1,0.5551561
1,1,1,0.67366475
1,0,0,0.2153049
1,1,1,0.79360515
1,1,1,0.5030555
1,0,0,0.4986952
1,0,1,0.5776559
1,0,0,0.44074473
1,1,1,0.62999755
1,0,0,0.47118598
1,1,1,0.58602023
1,0,0,0.31749913
1,1,1,0.7762303
1,0,1,0.664129
1,1,1,0.7127706
1,0,0,0.2643756
1,0,0,0.24707225
1,1,1,0.58506876
1,1,1,0.58834666
1,0,1,0.5316662
1,1,0,0.41695747
1,0,0,0.18472666
1,1,0,0.35523972
1,1,1,0.8031936
1,0,0,0.33419728
1,0,0,0.43723223
1,1,1,0.8039258
1,1,1,0.824098
1,0,0,0.47330934
1,0,0,0.12795486
1,0,0,0.1433267
1,0,0,0.45961386
1,1,1,0.5890931
1,1,1,0.7538117
1,1,1,0.7878953
1,1,1,0.62943935
1,0,1,0.5532577
1,0,1,0.6395496
1,1,1,0.5908085
1,1,1,0.69821167
1,1,1,0.81219476
1,1,1,0.77525306
1,0,0,0.0958461
1,1,1,0.55211055
1,1,1,0.71402496
1,0,1,0.66775435
1,0,0,0.3848075
1,1,1,0.8270572
1,1,0,0.4701312
1,0,1,0.634473
1,0,1,0.73134047
1,0,0,0.40693915
1,0,1,0.6196286
1,0,0,0.30279213
1,0,0,0.18758863
1,0,0,0.47244713
1,0,0,0.32221502
1,0,1,0.5723413
1,0,1,0.75705093
1,1,0,0.32135683
1,1,0,0.4955153
1,1,1,0.9103127
1,1,0,0.47631496
1,1,1,0.59894407
1,0,0,0.21407728
1,0,1,0.67024934
1,0,0,0.2307677
1,0,0,0.096073106
1,0,0,0.09583389
1,1,0,0.3900225
1,1,1,0.7097897
1,0,1,0.8812436
1,0,0,0.0786833
1,1,1,0.7378522
1,1,0,0.33218008
1,1,1,0.7174998
1,0,0,0.29537013
1,1,1,0.7637303
1,1,0,0.45115232
1,1,1,0.5428439
1,0,0,0.43487498
1,1,1,0.6992002
1,0,1,0.5842595
1,0,0,0.43558365
1,0,1,0.7359138
1,1,1,0.69342625
1,0,0,0.29127163
1,0,0,0.49887207
1,1,1,0.7462602
1,1,1,0.5989675
1,1,1,0.60338974
1,1,1,0.6023101
1,0,1,0.6463062
1,0,1,0.5599702
1,0,0,0.35183257
1,1,1,0.57590365
1,1,1,0.5743312
1,0,0,0.47489017
1,0,1,0.56599873
1,0,0,0.07103453
1,0,1,0.5835156
1,1,1,0.51511174
1,0,0,0.48556632
1,0,0,0.402311
1,1,1,0.51428175
1,0,0,0.35519084
1,0,1,0.712217
1,0,1,0.6911924
1,0,1,0.6105273
1,0,1,0.50638705
1,1,1,0.7838671
1,0,1,0.6460492
1,1,1,0.6974874
1,1,1,0.82482386
1,0,0,0.40015164
1,1,1,0.5343485
1,0,0,0.49368954
1,0,0,0.42337385
1,1,1,0.79852587
1,0,0,0.34032628
1,1,0,0.4399778
1,0,0,0.12009
1,0,0,0.3989224
1,1,1,0.8561802
1,1,1,0.53247356
1,0,1,0.51212806
1,1,1,0.543732
1,0,0,0.37870735
1,1,0,0.41650802
1,0,1,0.7987414
1,0,1,0.71202475
1,0,0,0.48828688
1,1,1,0.6443099
1,0,1,0.6450119
1,0,1,0.5630299
1,1,0,0.36791268
1,0,1,0.7796597
1,1,1,0.7067758
1,1,1,0.74355453
1,1,1,0.6228483
1,0,1,0.84944177
1,1,1,0.7684088
1,0,1,0.65610266
1,1,1,0.70268637
1,1,1,0.71686757
1,1,1,0.53388786
1,1,1,0.87828636
1,1,0,0.4709585
1,0,0,0.048701264
1,1,1,0.7439823
1,1,1,0.665649
1,1,1,0.52489525
1,0,1,0.53757226
1,1,1,0.5055855
1,0,1,0.69629025
1,1,1,0.5639941
1,0,0,0.19473125
1,1,1,0.6483741
1,1,1,0.7505273
1,0,0,0.3621282
1,1,1,0.7381055
1,0,1,0.77635247
1,0,0,0.119918086
1,0,0,0.2229335
1,0,1,0.55921113
1,0,1,0.78792167
1,0,1,0.76184237
1,0,0,0.4654959
1,0,0,0.24759957
1,0,0,0.47046405
1,1,1,0.6373768
1,0,1,0.50072163
1,1,0,0.48213693
1,0,1,0.5555852
1,0,0,0.17463411
1,0,1,0.61417925
1,1,1,0.69276166
1,0,1,0.6912744
1,1,1,0.57448107
1,1,1,0.5524224
1,0,0,0.45534897
1,1,1,0.6937816
1,0,0,0.45632654
1,1,0,0.4941774
1,1,0,0.39099678
1,1,1,0.5899504
1,1,0,0.37741852
1,1,1,0.6569077
1,0,0,0.37743625
1,0,0,0.24015908
1,1,1,0.8031044
1,1,1,0.7962164
1,0,1,0.7410622
1,1,1,0.70664316
1,1,1,0.77423495
1,0,1,0.6174339
1,0,0,0.2747419
1,1,1,0.7881909
1,0,1,0.57176137
1,0,1,0.7536455
1,0,1,0.5216172
1,1,1,0.7351098
1,0,1,0.74756277
1,1,1,0.67869633
1,0,0,0.37192515
1,0,1,0.73876506
1,1,1,0.74118704
1,1,0,0.44018126
1,1,0,0.22148292
1,1,1,0.7977337
1,0,0,0.37498602
1,0,0,0.45306033
1,1,1,0.71676964
1,0,0,0.39727238
1,1,1,0.5703805
1,0,1,0.5312708
1,1,1,0.71151644
1,1,1,0.77375764
1,1,1,0.69362736
1,1,1,0.7020411
1,0,1,0.6280214
2,1,1,0.6851212
2,0,1,0.5266106
2,1,1,0.7465713
2,1,0,0.4969225
2,0,1,0.83819735
2,0,0,0.47088537
2,1,0,0.4761104
2,1,1,0.6630831
2,0,1,0.60931456
2,0,1,0.5178028
2,1,1,0.63446605
2,0,1,0.57758826
2,1,1,0.55076486
2,0,0,0.34321502
2,1,0,0.45968333
2,0,1,0.51426876
2,0,0,0.36799848
2,0,1,0.6205225
2,0,1,0.5009728
2,0,1,0.5350578
2,1,1,0.87497616
2,1,1,0.74411446
2,1,1,0.76684684
2,0,1,0.5249675
2,1,1,0.73576915
2,1,1,0.65591383
2,0,0,0.47732526
2,0,0,0.44328123
2,1,1,0.6954267
2,0,1,0.6116473
2,1,1,0.6666778
2,0,1,0.5235313
2,1,1,0.79203624
2,0,1,0.50043917
2,1,1,0.6153352
2,1,0,0.3814703
2,1,1,0.54879665
2,0,0,0.49372914
2,1,1,0.7005836
2,0,1,0.5126067
2,1,0,0.43625087
2,1,0,0.4240933
2,1,0,0.48881876
2,1,0,0.42209238
2,0,0,0.36908415
2,0,0,0.47001466
2,1,0,0.35059753
2,0,1,0.51474506
2,0,0,0.49502534
2,0,0,0.3622925
2,0,0,0.48677024
2,1,1,0.7398764
2,1,1,0.55724335
2,0,0,0.2902204
2,0,0,0.19758746
2,1,1,0.64892673
2,0,0,0.3784931
2,1,1,0.7824637
2,1,1,0.69165134
2,0,0,0.4223652
2,1,1,0.68228674
2,1,1,0.7195925
2,0,0,0.39257857
2,0,1,0.67086375
2,0,1,0.7544591
2,0,1,0.624729
2,1,1,0.801687
2,0,0,0.38747427
2,1,1,0.5252617
2,1,1,0.5620342
2,1,1,0.64918303
2,0,0,0.08651777
2,0,0,0.495354
2,0,0,0.3004722
2,1,1,0.56126624
2,0,0,0.29989195
2,0,1,0.5253142
2,1,1,0.91368043
2,0,0,0.37316373
2,1,1,0.77780175
2,1,0,0.40979406
2,0,1,0.53801334
2,1,1,0.7036594
2,0,1,0.69447094
2,1,1,0.64386433
2,0,1,0.7029716
2,0,0,0.20853902
2,0,0,0.20685486
2,0,1,0.605803
2,0,0,0.4492306
2,1,1,0.6442778
2,1,1,0.7493482
2,1,1,0.64301336
2,0,0,0.26072907
2,0,0,0.2087871
2,0,0,0.4372826
2,0,1,0.65398896
2,1,1,0.5722558
2,0,0,0.29319134
2,1,1,0.6801532
2,0,1,0.7133265
2,1,0,0.25714475
2,0,0,0.31332815
2,1,1,0.5489368
2,0,0,0.34126887
2,0,1,0.6021587
2,0,0,0.34923205
2,1,1,0.5277932
2,1,1,0.5288475
2,0,0,0.124066845
2,1,0,0.3081816
2,0,0,0.26421833
2,0,0,0.4692897
2,1,1,0.7408825
2,1,1,0.505604
2,1,0,0.30046764
2,0,0,0.49729827
2,0,1,0.570913
2,0,0,0.46668234
2,1,1,0.5829462
2,1,1,0.6504093
2,0,0,0.21384089
2,1,0,0.4584815
2,1,0,0.42404482
2,1,0,0.37210172
2,0,0,0.3820272
2,1,1,0.63727784
2,1,1,0.50079936
2,0,0,0.44548425
2,0,1,0.6764414
2,1,1,0.7746402
2,0,1,0.5716205
2,0,1,0.5441546
2,1,0,0.42660886
2,1,1,0.7462894
2,1,1,0.7903149
2,0,0,0.23638956
2,0,0,0.49998462
2,0,0,0.21315987
2,0,0,0.28706938
2,1,1,0.5328819
2,1,1,0.90601027
2,1,1,0.6918436
2,0,1,0.5767336
2,1,1,0.6856558
2,0,0,0.47625798
2,1,1,0.7244594
2,0,1,0.59906095
2,0,0,0.24683131
2,0,1,0.5715156
2,0,0,0.4823336
2,1,1,0.7760872
2,0,1,0.70360595
2,1,1,0.59494144
2,0,1,0.6330915
2,0,0,0.3184852
2,1,1,0.6377772
2,1,1,0.60988206
2,0,1,0.58138484
2,1,1,0.6057085
2,0,0,0.4237629
2,0,0,0.22737439
2,1,0,0.34377292
2,1,0,0.23839158
2,1,1,0.8014525
2,1,1,0.59839207
2,0,0,0.14873473
2,1,1,0.75549716
2,0,0,0.49853158
2,1,1,0.65721315
2,0,0,0.2768589
2,0,1,0.73498064
2,0,0,0.22624134
2,1,1,0.64753926
2,0,1,0.5193267
2,1,1,0.67800987
2,0,1,0.5372632
2,0,1,0.7894193
2,1,1,0.7565749
2,1,1,0.8711281
2,1,1,0.750632
2,0,1,0.63191056
2,0,1,0.833051
2,0,1,0.6222741
2,1,1,0.8542381
2,0,1,0.7281779
2,0,1,0.64852357
2,1,1,0.66950375
2,1,1,0.5241102
2,0,1,0.5338696
2,1,0,0.31518027
2,0,0,0.45878917
2,1,1,0.6715293
2,0,1,0.6336957
2,1,1,0.67609596
2,0,1,0.6397463
2,1,1,0.5064236
2,0,1,0.7394935
2,0,0,0.2655869
2,1,1,0.5622544
2,1,1,0.6465892
2,0,0,0.38975415
2,0,0,0.28389794
2,1,1,0.8013442
2,1,1,0.68740064
2,0,0,0.4256321
2,0,1,0.6575926
2,1,1,0.60463065
2,1,1,0.6178617
2,1,1,0.5464503
2,0,1,0.6050973
2,0,1,0.67785573
2,0,0,0.24354501
2,1,1,0.7146199
2,0,0,0.04989035
2,0,0,0.4676339
2,0,0,0.23768099
2,0,0,0.40174535
2,1,1,0.8923594
2,1,1,0.6480637
2,0,1,0.53639185
2,1,1,0.74733716
2,1,1,0.59358764
2,0,1,0.52678156
2,0,0,0.47991592
2,0,1,0.74934876
2,0,0,0.38220328
2,1,1,0.594587
2,1,1,0.76316
2,0,0,0.3472145
2,1,0,0.47468117
2,0,0,0.4127923
2,1,1,0.56357735
2,1,1,0.5496628
2,0,0,0.33440697
2,0,1,0.54318404
2,0,0,0.3233581
2,0,0,0.39128944
2,0,0,0.35648975
2,1,1,0.6349052
2,1,1,0.6298653
2,0,0,0.482278
2,1,1,0.79756165
2,0,1,0.5202
2,1,1,0.8025367
2,0,1,0.6129721
2,1,1,0.64408505
2,0,1,0.6886387
2,1,1,0.52283096
2,1,1,0.5396837
2,0,1,0.71993095
2,0,1,0.5074528
2,0,1,0.6676774
2,1,1,0.7047465
2,1,1,0.55572677
2,1,0,0.4619612
2,1,1,0.577124
2,1,1,0.5941984
2,0,0,0.3553079
2,1,1,0.6249754
2,1,1,0.60042596
2,0,0,0.17729023
2,1,1,0.5467327
2,0,1,0.73672414
2,0,1,0.5569628
2,0,0,0.41462505
2,0,1,0.54531217
2,1,1,0.67750067
2,0,0,0.4375807
2,0,1,0.56644654
2,1,1,0.5767833
2,0,1,0.6929998
2,1,1,0.5541033
2,0,0,0.47212636
2,1,1,0.62868
2,1,1,0.68642735
2,0,1,0.5232701
2,0,0,0.3666998
2,1,1,0.6009004
2,0,1,0.6355205
2,0,0,0.4598794
2,1,1,0.58114374
2,0,1,0.6125678
2,1,1,0.561229
2,0,1,0.6678946
2,0,1,0.51588154
2,1,1,0.56330657
2,0,0,0.3522819
2,1,1,0.63752747
2,1,0,0.26342157
2,0,0,0.31791058
2,0,1,0.58206725
2,0,0,0.22567503
2,0,1,0.5394478
2,1,1,0.53526646
2,1,1,0.6974339
2,1,0,0.4999955
2,1,1,0.7539476
2,0,0,0.27706018
2,0,1,0.61000836
2,0,0,0.26832563
2,0,0,0.47426432
2,0,1,0.5173341
2,0,1,0.5034502
2,1,0,0.43658766
2,1,0,0.4865258
2,1,1,0.54147935
2,1,1,0.8064779
2,1,1,0.61503595
2,1,1,0.746519
2,1,1,0.6493097
2,0,1,0.6650036
2,0,0,0.41059792
2,1,1,0.740729
2,0,1,0.6285777
2,0,1,0.56185377
2,1,1,0.5227515
2,1,1,0.5493877
2,1,1,0.57961816
2,0,1,0.7627175
2,0,0,0.3569944
2,0,1,0.58839613
2,1,1,0.9075507
2,1,1,0.7894481
2,0,0,0.28656936
2,0,1,0.58771074
2,0,0,0.42826563
2,0,0,0.14846961
2,1,1,0.88078916
2,1,1,0.65044516
2,0,0,0.38167036
2,1,1,0.6782277
2,0,0,0.35729676
2,0,0,0.36490002
2,1,1,0.8477429
2,1,1,0.76744497
2,1,1,0.8551306
2,0,0,0.47457263
2,1,1,0.6103834
2,0,1,0.6356272
2,0,1,0.5601472
2,0,0,0.32604784
2,1,1,0.5502285
2,1,0,0.4362987
2,0,0,0.43313193
2,1,1,0.7120779
2,0,1,0.6361875
2,1,0,0.33151862
2,0,0,0.32822436
2,0,0,0.47108552
2,0,1,0.77845204
2,1,0,0.34813893
2,1,1,0.8726798
2,1,1,0.7421553
2,0,0,0.38096407
2,1,1,0.63174945
2,1,1,0.7695108
2,0,0,0.2985179
2,1,1,0.55196154
2,0,0,0.40094975
2,0,1,0.6925655
2,0,1,0.6155884
2,0,1,0.5377005
2,0,1,0.7770529
2,1,0,0.48260537
2,1,1,0.5303736
2,0,0,0.4843847
2,0,0,0.090197705
2,0,1,0.7239255
2,0,0,0.47733995
2,1,1,0.5526458
2,0,0,0.46926486
2,0,1,0.579425
2,0,0,0.12704286
2,0,1,0.58624285
2,1,1,0.5830366
2,1,0,0.44964874
2,1,1,0.5980771
2,1,1,0.69134325
2,1,1,0.55735016
2,0,1,0.6038168
2,1,0,0.48431972
2,1,1,0.60948306
2,0,0,0.41434354
2,0,1,0.6009744
2,0,1,0.5996127
2,0,1,0.5146961
2,0,1,0.6149623
2,1,1,0.6757631
2,1,1,0.90238684
2,1,1,0.728076
2,0,0,0.33330315
2,0,1,0.5935184
2,1,1,0.6970897
2,0,1,0.62352
2,0,1,0.54870415
2,1,1,0.80226624
2,1,1,0.7823275
2,0,1,0.69109106
2,0,1,0.54124665
2,0,0,0.36417612
2,1,1,0.7227341
2,0,0,0.45428535
2,1,0,0.23201267
2,1,0,0.4057812
2,1,1,0.52425116
2,1,1,0.7378607
2,1,1,0.6695462
2,1,1,0.54254556
2,1,1,0.6396987
2,0,0,0.26954052
2,1,1,0.7242535
2,0,0,0.24393515
2,0,0,0.4847061
2,1,1,0.74145836
2,1,0,0.41271776
2,1,0,0.44821164
2,0,1,0.5836839
2,0,1,0.6319336
2,0,0,0.16593415
2,1,1,0.5975049
2,0,0,0.30104518
2,0,0,0.34344682
2,1,1,0.9241758
2,0,0,0.48726878
2,1,1,0.81342965
2,1,1,0.5282289
2,0,1,0.65317076
2,1,1,0.7691256
2,1,1,0.60821146
2,0,1,0.7055972
2,1,1,0.6386913
2,0,0,0.44521576
2,0,0,0.3683029
2,1,1,0.6669378
2,1,1,0.72162217
2,0,0,0.32822973
2,0,0,0.39843893
2,0,1,0.76276207
2,1,1,0.71354985
2,0,0,0.38896215
2,0,1,0.5319686
2,0,1,0.74931574
2,0,0,0.3522997
2,1,1,0.5791979
2,0,0,0.4803563
2,0,1,0.51831305
2,1,1,0.86097103
2,0,1,0.501529
2,0,1,0.6120227
2,1,0,0.38255534
2,0,1,0.6890752
2,0,1,0.5252128
2,0,1,0.5063956
2,1,0,0.31921577
2,1,1,0.52780646
2,1,0,0.16730744
2,0,1,0.5357636
2,1,1,0.820514
2,1,1,0.7242691
2,0,1,0.58490694
2,1,1,0.65770453
2,0,1,0.6602979
2,0,1,0.5387668
2,1,1,0.6020507
2,0,0,0.4812377
2,0,0,0.074566826
2,1,1,0.5073969
2,1,1,0.8371847
2,1,1,0.5247107
2,0,0,0.47881278
2,0,0,0.25570017
2,0,0,0.2824936
2,0,1,0.50634503
2,1,1,0.9395958
2,1,1,0.774919
2,0,1,0.619365
2,1,1,0.5760831
2,1,1,0.56305283
2,1,1,0.5601781
2,0,0,0.4085316
2,1,1,0.59814084
2,1,1,0.71699077
2,0,0,0.23993565
2,1,1,0.78310704
2,0,1,0.6067505
2,1,1,0.68994313
2,0,0,0.35479626
2,0,1,0.73701787
2,1,1,0.6509458
2,0,1,0.52578366
2,0,0,0.48572472
2,1,1,0.74889916
2,0,1,0.6237931
2,1,0,0.39195958
2,0,1,0.64984673
2,0,1,0.53716695
2,1,1,0.51283306
2,0,1,0.5070881
2,1,0,0.47715345
2,1,1,0.57441074
2,1,1,0.5797086
2,1,1,0.6802044
2,1,1,0.6043595
2,1,1,0.60422266
2,0,0,0.2428057
2,0,1,0.5549701
2,0,1,0.5953383
2,0,1,0.6263429
2,1,1,0.6327714
2,1,1,0.78813833
2,0,0,0.35969266
2,0,1,0.5036872
2,1,0,0.4074945
2,0,1,0.88484937
2,1,0,0.49960077
2,1,1,0.62596625
2,0,0,0.2880978
2,1,1,0.55945057
2,1,1,0.6442154
2,1,0,0.40841886
2,0,0,0.24107288
2,0,0,0.43828645
2,1,1,0.61588055
2,0,1,0.57792115
2,0,1,0.5877292
2,1,1,0.6174442
2,0,0,0.4087101
2,0,0,0.4277507
2,0,1,0.51128304
2,0,0,0.38900217
2,0,0,0.47796384
2,1,1,0.55888987
2,0,1,0.7414978
2,1,1,0.9125782
2,0,0,0.38763955
2,1,0,0.46764764
2,1,1,0.51799613
2,0,0,0.4131937
2,1,1,0.6273287
2,0,1,0.71629775
2,0,0,0.41188082
2,1,1,0.735215
2,0,0,0.37742585
2,0,1,0.57809865
2,0,0,0.42400578
2,1,1,0.59388906
2,0,0,0.34892988
2,0,1,0.62456715
2,1,0,0.25225607
2,1,1,0.7990041
2,1,1,0.63414955
2,1,0,0.3696641
2,0,1,0.56213856
2,0,0,0.21669468
2,1,1,0.5212015
2,1,1,0.6107566
2,0,0,0.46924692
2,0,0,0.44805482
2,0,1,0.78008986
2,0,1,0.5506298
2,0,0,0.49312288
2,1,0,0.3567069
2,0,1,0.5617339
2,1,1,0.8349223
2,0,0,0.38264418
2,1,0,0.42104092
2,1,1,0.5114928
2,0,0,0.45594874
2,0,1,0.7600273
2,1,0,0.48422766
2,0,1,0.508713
2,1,1,0.69579345
2,1,1,0.633121
2,0,1,0.6280855
2,0,1,0.5633362
2,0,0,0.24327554
2,0,1,0.758117
2,0,0,0.46241403
2,1,1,0.7274394
2,1,1,0.60963684
2,1,1,0.7791087
2,0,0,0.4157898
2,0,0,0.47909874
2,1,1,0.5187602
2,0,1,0.6129024
2,1,1,0.56503487
2,1,0,0.4798818
2,0,0,0.44362727
2,1,1,0.5960257
2,0,0,0.43826416
2,1,1,0.6768776
2,0,0,0.29825926
2,1,0,0.32588276
2,1,1,0.5443427
2,0,0,0.35233212
2,1,1,0.5843517
2,0,0,0.2969735
2,0,0,0.24160655
2,0,1,0.53838176
2,0,0,0.36468244
2,0,0,0.2874078
2,1,1,0.69509095
2,1,1,0.73859954
2,0,1,0.5769318
2,0,1,0.5238068
2,0,0,0.4117424
2,1,1,0.6821432
2,1,0,0.43326294
2,0,1,0.53389233
2,0,1,0.6593532
2,1,1,0.7245613
2,0,1,0.6143775
2,0,1,0.70488507
2,1,0,0.45827547
2,0,1,0.5935037
2,0,1,0.5143364
2,0,1,0.70393085
2,0,1,0.6601444
2,1,1,0.6837047
2,0,0,0.37758592
2,1,1,0.64368033
2,1,1,0.5316701
2,1,1,0.53123295
2,0,0,0.38137388
2,1,1,0.72606474
2,1,1,0.6635841
2,1,1,0.50785935
2,0,0,0.39820126
2,0,1,0.50859034
2,0,0,0.43936217
2,0,1,0.5211606
2,1,1,0.64701164
2,1,1,0.7075603
2,0,0,0.37501985
2,1,1,0.723036
2,1,1,0.6332741
2,0,1,0.55753183
2,1,1,0.5790018
2,0,1,0.5343598
2,0,0,0.49515694
2,0,1,0.6652085
2,1,1,0.7970994
2,0,1,0.6694108
2,0,1,0.7341199
2,0,1,0.58964044
2,1,1,0.8662857
2,1,1,0.694411
2,0,1,0.63242024
2,0,0,0.3803435
2,0,0,0.16820143
2,1,0,0.40113354
2,0,1,0.8936391
2,0,0,0.19868723
2,1,1,0.5378123
2,0,0,0.2088796
2,1,1,0.69072187
2,0,0,0.22363348
2,1,1,0.6941288
2,0,0,0.25346714
2,1,1,0.7616304
2,1,0,0.44760093
2,0,1,0.6836252
2,0,0,0.36683
2,0,0,0.42896667
2,1,1,0.62742096
2,1,1,0.7719358
2,1,1,0.5689224
2,0,0,0.4902781
2,0,0,0.46474046
2,1,1,0.7335536
2,1,0,0.48734635
2,0,1,0.640108
2,0,1,0.67401594
2,1,1,0.7777096
2,0,1,0.5021423
2,1,1,0.7663751
2,0,1,0.5502395
2,0,1,0.52927655
2,1,1,0.7772591
2,1,0,0.4959536
2,0,1,0.50449866
2,0,0,0.38248298
2,0,1,0.5298688
2,0,1,0.60284853
2,1,1,0.8347479
2,0,0,0.3024369
2,1,1,0.76061296
2,1,0,0.46299613
2,0,0,0.079097785
2,1,1,0.75336283
2,1,0,0.4339096
2,1,0,0.482607
2,0,1,0.81816506
2,1,1,0.66412616
2,1,1,0.6245339
2,0,0,0.4893424
2,0,1,0.549816
2,0,0,0.2598176
2,0,1,0.5416308
2,0,0,0.3477523
2,1,1,0.5072333
2,1,1,0.71643656
2,0,1,0.7556166
2,0,0,0.27859658
2,1,1,0.8920209
2,1,1,0.81358784
2,1,1,0.8003421
2,0,1,0.51105285
2,0,1,0.8039293
2,1,1,0.7303594
2,1,1,0.7349278
2,1,1,0.5048637
2,1,1,0.78104573
2,0,1,0.6802789
2,0,0,0.45641974
2,1,1,0.76771355
2,1,0,0.4055872
2,0,1,0.5470234
2,1,1,0.6119146
2,1,1,0.60219574
2,0,0,0.4893424
2,0,1,0.549816
2,0,0,0.2598176
2,1,1,0.5416308
2,0,0,0.3971065
2,0,0,0.23137565
2,1,1,0.7393503
2,1,1,0.75561655
2,1,0,0.27859658
2,0,1,0.51093554
2,0,1,0.5838622
2,0,0,0.24797834
2,1,1,0.9011952
2,1,1,0.65076107
2,0,0,0.2513207
2,0,0,0.28404588
2,0,1,0.505038
2,1,1,0.7384204
2,0,0,0.22007132
2,1,1,0.50124514
2,1,1,0.60295343
2,1,1,0.63128334
2,0,0,0.34915698
2,0,1,0.5317274
2,1,1,0.5789496
2,1,1,0.79308057
2,1,1,0.7331471
2,1,0,0.3160857
2,1,1,0.70970595
2,0,0,0.47097751
2,0,0,0.279637
2,1,1,0.7925572
2,1,0,0.32125992
2,1,1,0.7298235
2,0,0,0.21437381
2,0,1,0.761076
2,0,0,0.4051679
2,1,1,0.8811793
2,0,0,0.44011638
2,1,1,0.57622004
2,0,1,0.5727844
2,0,0,0.24381065
2,0,1,0.5004398
2,0,1,0.51025337
2,0,1,0.62279546
2,1,1,0.5224851
2,0,1,0.5044516
2,1,1,0.75783914
2,1,1,0.6180271
2,1,1,0.6110242
2,0,0,0.28323343
2,0,1,0.6922377
2,1,1,0.8670374
2,0,1,0.6664707
2,0,1,0.5527182
2,0,1,0.6318608
2,1,1,0.7343446
2,0,1,0.54353774
2,0,0,0.46778125
2,0,1,0.6282169
2,0,1,0.70922685
2,1,1,0.6687737
2,0,1,0.52226734
2,1,1,0.6948831
2,1,0,0.43013418
2,1,1,0.5528642
2,1,1,0.5596732
2,0,1,0.5693062
2,0,1,0.66251224
2,1,1,0.7612507
2,1,0,0.4889918
2,1,1,0.52573943
2,0,0,0.40589118
2,0,0,0.36134616
2,1,0,0.40221903
2,0,1,0.5955821
2,1,0,0.44268087
2,1,1,0.68780166
2,1,1,0.7212464
2,1,1,0.81074435
2,0,1,0.52229714
2,1,1,0.5838615
2,0,1,0.5449961
2,1,1,0.72234994
2,0,1,0.5603102
2,0,0,0.48517022
2,1,1,0.75025105
2,1,1,0.66251266
2,1,1,0.69521207
2,0,1,0.5899744
2,1,1,0.5712694
2,0,1,0.5273564
2,0,1,0.65476334
2,1,1,0.6515712
2,0,1,0.7336619
2,0,1,0.52256525
2,1,1,0.83028144
2,1,1,0.7675968
2,0,0,0.44722652
2,1,1,0.8646593
2,1,1,0.5896093
2,1,1,0.7340562
2,1,0,0.43348122
2,0,1,0.66777444
2,0,1,0.62483525
2,0,1,0.5511974
2,0,1,0.70041996
2,1,1,0.65505826
2,1,1,0.7059407
2,0,0,0.33866507
2,1,1,0.7401456
2,1,1,0.6117374
2,0,1,0.5874605
2,1,1,0.76761764
2,1,1,0.57009745
2,0,0,0.4552908
2,0,0,0.44068956
2,0,1,0.54991055
2,1,1,0.7277302
2,0,0,0.34544322
2,0,1,0.5295513
2,0,0,0.18829566
2,0,1,0.5801574
2,1,1,0.8010836
2,0,1,0.6210348
2,1,1,0.75744116
2,1,1,0.67044175
2,1,1,0.7330493
2,1,1,0.76848024
2,0,0,0.44318804
2,1,1,0.81697893
2,1,1,0.8412632
2,0,1,0.84251815
2,1,1,0.9066883
2,1,0,0.38420805
2,0,1,0.61242706
2,0,1,0.5651905
2,1,1,0.55840194
2,1,1,0.7457942
2,1,0,0.47664472
2,1,1,0.71057624
2,1,1,0.63856435
2,1,1,0.60962117
2,0,0,0.3688979
2,1,0,0.49061292
2,0,0,0.2346331
2,1,1,0.7522832
2,0,1,0.81452465
2,0,1,0.7982243
2,0,0,0.34348458
2,0,0,0.027265903
2,0,0,0.366536
2,0,1,0.6532921
2,0,1,0.55795205
2,0,0,0.25063452
2,0,1,0.72834134
2,0,1,0.56663597
2,1,1,0.60150516
2,1,1,0.5458529
2,0,1,0.6267138
2,1,1,0.6089615
2,1,1,0.61177635
2,0,0,0.21413198
2,0,1,0.65137327
2,0,0,0.41400596
2,1,1,0.60774523
2,0,1,0.5089698
2,1,1,0.7339208
2,1,1,0.769507
2,1,1,0.574885
2,1,1,0.5416915
2,1,0,0.4528024
2,0,0,0.4966151
2,0,1,0.7456707
2,0,1,0.74814856
2,1,1,0.7553471
2,1,1,0.57313997
2,0,0,0.17837697
2,0,1,0.6843478
2,0,1,0.50180143
2,0,1,0.54214066
2,1,1,0.6266587
2,1,1,0.6212899
2,0,1,0.73982096
2,0,1,0.71739566
2,0,1,0.76752985
2,1,1,0.51285106
2,1,1,0.7563831
2,0,1,0.8021978
2,0,0,0.43676147
2,1,1,0.564363
2,0,0,0.39306763
2,1,1,0.5668077
2,0,0,0.08482093
2,1,0,0.31738007
2,0,0,0.49964413
2,0,0,0.49677238
2,1,0,0.2810633
2,0,0,0.29334626
2,0,0,0.43008164
2,1,1,0.5252828
2,0,1,0.56982994
2,1,0,0.49605852
2,1,0,0.42875516
2,0,0,0.2322692
2,0,0,0.40656358
2,1,1,0.830504
2,0,0,0.35778996
2,1,1,0.5510307
2,0,0,0.30317336
2,1,1,0.5643272
2,0,1,0.75836825
2,0,0,0.2947157
2,1,1,0.5097997
2,1,1,0.5700001
2,0,0,0.48815718
2,0,0,0.391497
2,0,0,0.48313192
2,1,1,0.7465063
2,0,1,0.5322511
2,1,1,0.91004086
2,1,0,0.48111594
2,0,1,0.61146396
2,1,0,0.4390431
2,1,1,0.6215107
2,0,0,0.27488646
2,1,0,0.43218923
2,1,0,0.3903992
2,0,1,0.5524241
2,0,1,0.55869144
2,1,1,0.50251174
2,0,0,0.27678886
2,1,1,0.737546
2,0,1,0.717084
2,0,1,0.6179069
2,0,0,0.4415767
2,1,1,0.5941296
2,0,1,0.6204442
2,1,1,0.6174254
2,0,0,0.47777894
2,0,1,0.5660563
2,1,1,0.8174933
2,0,1,0.6653668
2,1,1,0.72615457
2,0,0,0.1726566
2,1,1,0.7315104
2,1,1,0.75098544
2,1,1,0.5255208
2,1,1,0.7161002
2,1,1,0.7507764
2,1,1,0.8739161
2,0,1,0.5946566
2,0,1,0.50373966
2,0,0,0.29458454
2,0,1,0.59981763
2,0,1,0.61064357
2,1,1,0.92063624
2,1,1,0.54983294
2,0,0,0.4255449
2,1,1,0.64611995
2,1,1,0.69604886
2,1,1,0.64006644
2,0,0,0.4210671
2,0,0,0.42697546
2,0,0,0.47385243
2,0,1,0.63633347
2,1,0,0.36570817
2,0,1,0.67931896
2,0,0,0.3878005
2,1,1,0.7236779
2,1,1,0.6016382
2,1,1,0.53920084
2,0,0,0.39261577
2,0,0,0.44687897
2,0,0,0.48877332
2,0,1,0.50871056
2,1,1,0.6027919
2,1,1,0.5551265
2,1,1,0.5318281
2,0,1,0.56615907
2,0,0,0.14932442
2,1,1,0.60428023
2,0,0,0.24806316
2,1,1,0.50101584
2,1,0,0.37247002
2,0,0,0.32800004
2,1,1,0.6047867
2,0,1,0.6919429
2,1,0,0.4976367
2,0,0,0.41505802
2,0,0,0.36448777
2,0,1,0.53710014
2,0,1,0.6017333
2,0,0,0.34292614
2,1,0,0.44631463
2,1,1,0.70482045
2,0,1,0.5516776
2,1,1,0.7662659
2,0,0,0.06446233
2,1,1,0.7668681
2,0,1,0.6560768
2,1,1,0.5328689
2,1,1,0.6222618
2,0,0,0.33055404
2,0,0,0.4736046
2,1,0,0.4713611
2,0,1,0.93471396
2,0,0,0.3674627
2,1,1,0.57988554
2,0,0,0.37200794
2,0,1,0.57569855
2,0,1,0.5746182
2,0,0,0.36349064
2,1,1,0.6840976
2,1,1,0.5306122
2,0,0,0.41601056
2,0,0,0.35440466
2,0,0,0.22014834
2,1,1,0.6845306
2,1,0,0.49336484
2,0,0,0.49085048
2,1,1,0.6248917
2,1,1,0.7706854
2,1,1,0.56700563
2,1,1,0.56060976
2,0,0,0.46406177
2,0,0,0.43025762
2,1,0,0.46525016
2,1,0,0.406273
2,1,0,0.3892476
2,0,1,0.5840467
2,1,1,0.51016676
2,1,1,0.56062746
2,0,1,0.71870375
2,0,1,0.6007493
2,0,0,0.3838322
2,1,0,0.40871224
2,0,0,0.47122416
2,1,1,0.8268986
2,1,1,0.5726061
2,1,1,0.77788764
2,0,1,0.582004
2,1,1,0.84304595
2,0,0,0.40865675
2,0,0,0.2597302
2,0,1,0.6077469
2,0,1,0.56145996
2,0,0,0.40845066
2,1,0,0.413524
2,0,0,0.40631709
2,1,0,0.28319928
2,0,1,0.8100708
2,0,1,0.7192624
2,1,1,0.5661813
2,1,1,0.843376
2,0,0,0.47346658
2,0,0,0.38211355
2,1,1,0.5110213
2,0,1,0.6954725
2,0,0,0.27183166
2,1,1,0.72460765
2,0,0,0.2768021
2,1,1,0.72999424
2,0,1,0.55242586
2,1,1,0.8429053
2,0,1,0.6868008
2,0,0,0.18887173
2,0,0,0.1519726
2,0,1,0.6482954
2,1,1,0.7132819
2,0,0,0.30102956
2,0,0,0.41711396
2,0,0,0.45009395
2,1,1,0.6914036
2,1,1,0.7288208
2,1,1,0.7553114
2,1,1,0.82924694
2,1,1,0.8394572
2,1,1,0.92322224
2,1,1,0.60547507
2,0,0,0.33849493
2,0,0,0.34524497
2,1,1,0.70955807
2,0,0,0.1829658
2,0,0,0.45645365
2,1,1,0.51616234
2,1,1,0.5112801
2,1,1,0.5914408
2,0,0,0.41351432
2,1,1,0.6437278
2,0,1,0.6026536
2,0,1,0.8249953
2,1,1,0.631309
2,1,1,0.8070203
2,0,1,0.6496631
2,0,0,0.34058967
2,0,1,0.66242915
2,0,0,0.27437273
2,0,0,0.240311
2,1,1,0.6071394
2,1,0,0.43051493
2,1,1,0.62580115
2,0,1,0.589523
2,1,1,0.6548584
2,1,1,0.64845085
2,0,1,0.5755323
2,0,0,0.49935558
2,0,1,0.52086836
2,1,1,0.8940251
2,1,1,0.80687004
2,1,1,0.7280668
2,0,0,0.18539397
2,1,1,0.6268901
2,0,1,0.7548529
2,1,1,0.7823958
2,1,0,0.4017958
2,0,1,0.62877065
2,1,0,0.48986626
2,1,1,0.78792566
2,0,0,0.35970372
2,0,1,0.575068
2,1,1,0.8491106
2,1,1,0.5884082
2,0,1,0.80782014
2,1,1,0.60267717
2,0,0,0.23424637
2,1,1,0.5659491
2,0,1,0.5782379
2,0,0,0.49990165
2,1,1,0.6666904
2,1,0,0.44071513
2,1,1,0.77282256
2,0,0,0.25809428
2,0,0,0.34091568
2,0,1,0.7894402
2,1,1,0.66156405
2,1,0,0.37920824
2,0,1,0.7763663
2,1,1,0.8915043
2,1,1,0.7916823
2,1,1,0.7165552
2,1,1,0.7748275
2,1,1,0.8958639
2,0,1,0.5488682
2,1,0,0.46474552
2,0,1,0.64921296
2,1,1,0.69083047
2,0,0,0.49349433
2,1,1,0.7403654
2,1,1,0.7966415
2,0,1,0.5975663
2,1,1,0.80994034
2,0,0,0.4741086
2,1,0,0.41692746
2,0,1,0.73186034
2,0,1,0.60412747
2,0,1,0.6993686
2,0,1,0.8366617
2,0,0,0.22956786
2,0,1,0.9073662
2,1,1,0.6708669
2,0,0,0.28152466
2,0,1,0.6578432
2,1,1,0.8747584
2,1,1,0.67672265
2,0,1,0.55667865
2,1,1,0.6041095
2,1,1,0.5125015
2,0,0,0.49705026
2,1,1,0.60531634
2,0,1,0.5128831
2,0,0,0.20505388
2,0,0,0.04982665
2,1,1,0.79460555
2,1,0,0.43747836
2,0,0,0.3756157
2,0,1,0.64600426
2,1,1,0.7908335
2,1,1,0.7478713
2,1,1,0.8176066
2,1,0,0.48692456
2,0,0,0.2424949
2,1,1,0.5577092
2,1,1,0.60504884
2,0,1,0.51928073
2,1,1,0.6362637
2,0,0,0.37432274
2,0,1,0.6139576
2,0,0,0.36417103
2,1,0,0.4688409
2,1,1,0.9391084
2,1,1,0.639622
2,1,0,0.43929943
2,0,1,0.6145523
2,0,1,0.50546485
2,0,0,0.37065092
2,0,1,0.64250076
2,1,1,0.7126971
2,1,1,0.5332586
2,0,0,0.33894736
2,0,0,0.32207334
2,1,0,0.44975293
2,1,0,0.37701094
2,1,1,0.6842096
2,1,0,0.36820707
2,0,0,0.35311246
2,0,0,0.47784635
2,0,0,0.26332885
2,1,1,0.80337423
2,1,1,0.5737179
2,0,0,0.26874983
2,0,0,0.45163128
2,0,1,0.6488329
2,1,1,0.5364993
2,1,1,0.68819153
2,0,1,0.64183974
2,0,1,0.5633191
2,1,1,0.75648063
2,1,1,0.57151896
2,0,1,0.50337815
2,0,0,0.16715798
2,1,1,0.67031217
2,0,0,0.26767102
2,1,1,0.6452557
2,0,1,0.6411531
2,0,1,0.6384003
2,0,0,0.430655
2,1,1,0.6379368
2,0,0,0.38924947
2,0,0,0.29777437
2,1,0,0.2430331
2,1,0,0.306079
2,0,0,0.30841264
2,0,1,0.5116702
2,0,0,0.11777447
2,1,0,0.262383
2,1,0,0.13968238
2,0,0,0.092655756
2,0,0,0.14876868
2,1,0,0.431192
2,0,0,0.17488338
2,1,0,0.31139165
2,0,0,0.1521194
2,0,0,0.2788587
2,0,0,0.1703238
2,0,0,0.19775523
2,1,0,0.079078406
2,1,0,0.04798794
2,1,0,0.17863151
2,0,0,0.09752583
2,0,0,0.32191393
2,1,0,0.21380061
2,0,0,0.25862163
2,1,0,0.15294366
2,0,0,0.35721385
2,1,1,0.5267795
2,1,0,0.21058792
2,0,0,0.14096962
2,1,0,0.26832494
2,1,0,0.25026608
2,0,0,0.21472001
2,0,0,0.43157125
2,0,1,0.56498134
2,1,0,0.4347243
2,0,0,0.17598131
2,1,0,0.24987513
2,0,0,0.26566646
2,0,0,0.37624562
2,0,0,0.3665077
2,0,0,0.47321832
2,0,0,0.27432564
2,0,0,0.4144105
2,0,0,0.32817262
2,1,1,0.5941342
2,0,0,0.41568947
2,0,1,0.59848493
2,0,1,0.646031
2,0,0,0.3036136
2,1,0,0.49897373
2,0,0,0.3628041
2,0,0,0.21905272
2,1,1,0.6976211
2,1,1,0.5287688
2,1,1,0.5415765
2,1,0,0.42051527
2,0,1,0.5052094
2,0,0,0.39627364
2,0,0,0.41184607
2,0,0,0.32537442
2,1,1,0.55927217
2,0,1,0.5356705
2,1,0,0.4318108
2,0,1,0.6320558
2,1,0,0.20200315
2,1,1,0.5508146
2,1,1,0.84443897
2,1,1,0.6268473
2,0,1,0.57290393
2,1,1,0.61890215
2,1,0,0.49643344
2,0,0,0.39838985
2,1,1,0.62655884
2,0,1,0.5136868
2,0,1,0.7720226
2,0,0,0.48552874
2,1,1,0.74389195
2,0,1,0.5386237
2,0,0,0.21710733
2,0,1,0.5895502
2,0,0,0.42756918
2,0,1,0.79732096
2,0,0,0.46277195
2,1,1,0.6429365
2,0,0,0.4148438
2,1,1,0.6090734
2,1,1,0.7216913
2,1,1,0.70562685
2,1,1,0.71490973
2,0,1,0.62955517
2,0,0,0.48161948
2,0,0,0.34142125
2,0,0,0.4741706
2,1,1,0.7818386
2,1,0,0.44853652
2,0,0,0.28914174
2,0,0,0.2838344
2,0,0,0.22056736
2,0,1,0.5789491
2,1,0,0.25033942
2,1,1,0.5528055
2,1,1,0.50629294
2,1,0,0.48800033
2,0,1,0.6941889
2,0,0,0.49699682
2,0,0,0.3732114
2,1,1,0.54244554
2,1,1,0.76839256
2,1,0,0.4200542
2,1,1,0.89276546
2,0,0,0.45707712
2,1,1,0.61892635
2,1,1,0.51900375
2,1,1,0.5925779
2,1,1,0.53422433
2,0,0,0.3573176
2,0,0,0.4852738
2,0,1,0.61904144
2,0,1,0.6466349
2,1,1,0.51323014
2,0,1,0.5566425
2,0,0,0.13696891
2,0,0,0.20153792
2,0,1,0.504063
2,0,0,0.21845335
2,0,1,0.5236716
2,1,1,0.5997054
2,1,1,0.5685801
2,1,0,0.26917472
2,1,1,0.50554764
2,0,0,0.30348077
2,1,0,0.33763734
2,1,0,0.49635065
2,0,0,0.45116484
2,1,0,0.48615703
2,1,1,0.5349275
2,0,0,0.49811938
2,0,1,0.5649458
2,1,1,0.5097914
2,0,0,0.10024344
2,0,0,0.12808082
2,1,1,0.5169398
2,0,0,0.40535614
2,0,1,0.6520843
2,0,0,0.15187334
2,0,1,0.5136445
2,0,0,0.24664098
2,0,0,0.3577767
2,1,0,0.28229573
2,1,0,0.4338595
2,0,0,0.49721208
2,0,0,0.26444462
2,0,1,0.5744373
2,1,1,0.7143792
2,1,0,0.46779096
2,0,0,0.111089684
2,0,0,0.37351882
2,0,0,0.31336784
2,0,0,0.3841321
2,1,1,0.7172237
2,1,0,0.44101536
2,0,0,0.35284534
2,0,0,0.46030074
2,0,1,0.60185605
2,0,0,0.21291812
2,1,0,0.42803663
2,1,1,0.5882571
2,0,0,0.23589608
2,0,0,0.21943957
2,0,0,0.42329752
2,1,0,0.49111018
2,1,1,0.72937375
2,1,0,0.34039673
2,0,1,0.5634292
2,1,0,0.47441527
2,1,1,0.54394966
2,1,0,0.39760754
2,0,0,0.29946902
2,0,0,0.30243286
2,1,0,0.4788517
2,1,0,0.4477571
2,1,0,0.4040337
2,1,0,0.21177837
2,1,0,0.34137645
2,1,0,0.3499226
2,1,1,0.6182318
2,0,0,0.1763043
2,0,0,0.11558358
2,1,0,0.37132958
2,0,0,0.29393297
2,0,0,0.3400005
2,0,0,0.22441962
2,0,1,0.5287996
2,0,1,0.611792
2,0,0,0.4750349
2,0,0,0.31154168
2,0,0,0.48510596
2,0,1,0.50397724
2,0,0,0.35496366
2,0,0,0.09374316
2,1,0,0.4557832
2,0,0,0.26986787
2,1,1,0.8979761
2,1,1,0.6664991
2,0,1,0.61310035
2,1,0,0.45106676
2,0,0,0.27840152
2,0,1,0.6058419
2,0,0,0.19096185
2,1,1,0.6715596
2,0,0,0.48121926
2,1,0,0.49897078
2,0,1,0.5684716
2,0,1,0.6768891
2,0,1,0.62709
2,1,1,0.6756837
2,1,1,0.7968362
2,1,1,0.6752723
2,1,0,0.35546616
2,0,0,0.36422044
2,0,1,0.69226015
2,1,1,0.67692643
2,0,1,0.6919908
2,0,1,0.8258757
2,1,1,0.54628396
2,1,1,0.7086137
2,0,0,0.1934128
2,1,1,0.6164522
2,0,1,0.5062904
2,1,0,0.24583252
2,0,1,0.5913138
2,0,1,0.6407044
2,1,1,0.51896346
2,1,1,0.51046556
2,1,1,0.5216695
2,1,1,0.6671517
2,0,1,0.5358892
2,0,1,0.8137785
2,1,1,0.6568104
2,1,1,0.64483905
2,0,0,0.3846324
2,1,0,0.39561895
2,0,0,0.49512783
2,0,0,0.20034912
2,0,0,0.1523104
2,0,1,0.74682415
2,0,0,0.09005329
2,1,1,0.5439045
2,0,1,0.5885748
2,1,1,0.7517122
2,1,1,0.6552062
2,0,0,0.43048948
2,0,1,0.53205293
2,0,1,0.6865579
2,1,1,0.5065423
2,0,1,0.5474958
2,0,0,0.47621846
2,0,0,0.49901903
2,0,1,0.50166416
2,0,0,0.3279032
2,0,1,0.67533
2,1,0,0.4423002
2,1,1,0.5205423
2,0,1,0.53351974
2,0,1,0.5906334
2,1,1,0.64719284
2,1,1,0.64280343
2,0,0,0.24546362
2,1,1,0.76916564
2,1,0,0.40852138
2,1,1,0.9256707
2,1,1,0.6475827
2,0,0,0.25656813
2,1,1,0.5155049
2,0,0,0.29908165
2,0,0,0.39601904
2,0,1,0.5847808
2,1,1,0.6296203
2,1,1,0.56881773
2,0,0,0.13840698
2,0,0,0.40691817
2,0,0,0.40073347
2,1,1,0.78567266
2,1,1,0.62840253
2,0,0,0.4454815
2,1,1,0.6414483
2,0,0,0.46542734
2,1,1,0.61892295
2,0,1,0.5106105
2,1,1,0.6068956
2,0,1,0.71026856
2,0,1,0.55866456
2,0,0,0.34326845
2,1,1,0.51276505
2,0,1,0.79442817
2,1,1,0.7794728
2,1,0,0.43153444
2,0,0,0.38475618
2,0,0,0.22625324
2,0,0,0.46021983
2,1,1,0.7691403
2,1,1,0.6390504
2,1,0,0.39986268
2,0,0,0.047215506
2,0,1,0.5475376
2,0,0,0.46550962
2,1,0,0.42254335
2,0,0,0.2452398
2,1,1,0.9699439
2,1,1,0.6597737
2,0,1,0.5927216
2,0,1,0.61685383
2,1,1,0.6530636
2,0,1,0.56033117
2,1,1,0.50004894
2,0,0,0.3629032
2,1,1,0.5848737
2,0,1,0.5029717
2,0,0,0.42135966
2,0,1,0.60022056
2,0,1,0.67078537
2,1,0,0.48997822
2,0,0,0.48643327
2,0,0,0.2696086
2,0,0,0.34912488
2,0,1,0.6845867
2,1,1,0.61846626
2,1,1,0.5922874
2,0,1,0.51962584
2,0,0,0.33149183
2,0,1,0.69205874
2,0,1,0.5097222
2,0,0,0.40583605
2,0,0,0.20215662
2,0,1,0.7078342
2,1,0,0.4853069
2,0,1,0.516083
2,1,0,0.39909828
2,1,1,0.91973966
2,0,0,0.30049828
2,0,1,0.58884436
2,1,1,0.50547373
2,1,1,0.5496122
2,1,1,0.5481633
2,0,0,0.47772118
2,0,1,0.7081039
2,1,1,0.50713265
2,1,1,0.6046839
2,0,0,0.43668333
2,1,1,0.5311955
2,0,0,0.0357565
2,1,1,0.6074176
2,1,1,0.71458185
2,0,0,0.099187896
2,1,0,0.4127354
2,0,0,0.3034929
2,1,1,0.782732
2,1,0,0.46872345
2,0,0,0.47346184
2,0,0,0.49227563
2,1,1,0.5234539
2,0,1,0.61952037
2,0,0,0.45207003
2,0,0,0.30607715
2,0,0,0.41560778
2,0,0,0.46611458
2,0,0,0.2331703
2,1,1,0.61359125
2,1,0,0.38001704
2,1,0,0.19393104
2,0,1,0.529744
2,0,1,0.7251717
2,1,1,0.62889475
2,1,1,0.57390773
2,1,1,0.6428851
2,0,0,0.22106959
2,0,1,0.5548823
2,0,0,0.38755834
2,1,1,0.8734682
2,0,1,0.584207
2,0,1,0.6593369
2,1,1,0.60759664
2,1,1,0.7177473
2,0,1,0.64869463
2,1,1,0.6912494
2,1,1,0.83420676
2,1,1,0.7228929
2,0,1,0.6149534
2,0,0,0.34364814
2,0,1,0.64700854
2,0,0,0.36821643
2,1,1,0.66082793
2,0,1,0.6458122
2,0,0,0.23590687
2,0,0,0.44183534
2,0,0,0.45511165
2,0,1,0.66486806
2,1,0,0.48864147
2,1,1,0.75635326
2,0,0,0.328555
2,1,1,0.6466526
2,0,0,0.45190287
2,1,1,0.5989784
2,1,1,0.5779616
2,1,1,0.722569
2,0,1,0.6133152
2,0,1,0.6151127
2,0,1,0.6315167
2,0,1,0.54888743
2,0,1,0.58837736
2,0,1,0.6385586
2,1,1,0.57049525
2,0,0,0.49407655
2,1,1,0.69496524
2,1,1,0.8379128
2,1,1,0.72474307
2,0,1,0.61862147
2,1,1,0.74930876
2,1,1,0.70879614
2,1,1,0.5248769
2,0,1,0.835248
2,0,0,0.26800573
2,0,1,0.62653255
2,0,1,0.5719388
2,1,1,0.6306319
2,1,1,0.7947903
2,0,1,0.7067034
2,0,1,0.53012115
2,0,1,0.55917686
2,0,0,0.27104297
2,0,1,0.70376766
2,1,1,0.8347378
2,1,1,0.7509525
2,0,1,0.56884974
2,0,0,0.44376114
2,0,1,0.54975575
2,1,1,0.6035025
2,1,1,0.8214141
2,1,1,0.5983309
2,0,0,0.24195106
2,0,1,0.51269245
2,0,1,0.55159193
2,1,1,0.7813227
2,0,0,0.42766884
2,1,0,0.26806337
2,1,0,0.29029602
2,0,0,0.38072574
2,1,0,0.28962135
2,0,0,0.30463666
2,0,0,0.35362297
2,0,0,0.19136766
2,0,1,0.534247
2,1,1,0.6439043
2,0,1,0.7273963
2,1,1,0.6858353
2,1,1,0.7526446
2,0,1,0.5407463
2,1,1,0.6194039
2,0,0,0.3226205
2,1,0,0.4748598
2,0,0,0.44117966
2,0,0,0.33084184
2,0,1,0.6011142
2,0,0,0.4622475
2,1,1,0.8868787
2,0,1,0.5951275
2,1,0,0.3455458
2,1,1,0.5922873
2,1,1,0.6364715
2,0,1,0.58187264
2,0,1,0.5389505
2,1,1,0.7807542
2,0,0,0.4490081
2,1,0,0.21334651
2,0,0,0.13044393
2,0,1,0.7300508
2,0,0,0.35647467
2,0,1,0.54212177
2,1,1,0.8482091
2,0,0,0.21198305
2,1,1,0.67206734
2,1,1,0.5043449
2,0,1,0.5038618
2,1,1,0.5084369
2,0,0,0.4953865
2,1,1,0.7150321
2,1,1,0.7491878
2,1,1,0.6894235
2,0,1,0.638359
2,1,1,0.71373993
2,1,1,0.66308063
2,0,0,0.426439
2,1,1,0.8512385
2,0,1,0.68388945
2,1,0,0.46481895
2,1,1,0.75681454
2,1,1,0.74042475
2,0,1,0.6334713
2,0,0,0.2615885
2,0,0,0.49636462
2,1,1,0.8822176
2,0,1,0.60953575
2,0,0,0.38092345
2,0,0,0.25303444
2,1,1,0.57916576
2,0,1,0.5909788
2,1,0,0.47440922
2,0,0,0.20057337
2,0,0,0.39350364
2,1,1,0.72642416
2,1,0,0.403659
2,1,0,0.48072442
2,0,0,0.31575194
2,1,1,0.7840597
2,0,0,0.38056114
2,1,1,0.550335
2,0,0,0.41200334
2,1,0,0.32301462
2,0,0,0.44590282
2,1,1,0.7246479
2,1,1,0.60265344
2,0,1,0.87872815
2,1,0,0.38762686
2,0,1,0.70242065
2,1,1,0.6889401
2,0,0,0.37694016
2,1,1,0.64331305
2,0,0,0.17020993
2,0,0,0.40455982
2,1,1,0.53038853
2,1,0,0.42450425
2,0,1,0.6429941
2,1,1,0.93080765
2,0,0,0.22551508
2,1,1,0.70749813
2,1,1,0.52245444
2,0,0,0.42085618
2,0,0,0.293934
2,1,1,0.63434577
2,1,1,0.55520934
2,1,1,0.56347585
2,1,1,0.5945559
2,1,1,0.8343018
2,0,1,0.65869135
2,0,0,0.34463203
2,0,0,0.40866902
2,0,1,0.59614915
2,1,1,0.8838228
2,0,1,0.57392
2,1,1,0.6988487
2,0,0,0.21771485
2,1,1,0.8363575
2,0,0,0.286443
2,1,1,0.8633994
2,0,0,0.47899854
2,1,1,0.85455906
2,0,1,0.6948778
2,0,1,0.63108367
2,0,0,0.368163
2,0,1,0.87755585
2,0,1,0.54288644
2,0,0,0.363536
2,0,0,0.33794388
2,0,0,0.15158904
2,0,1,0.57604754
2,1,1,0.7845676
2,1,1,0.6690512
2,0,0,0.48184234
2,1,1,0.76949024
2,1,1,0.75915796
2,1,1,0.62519664
2,0,1,0.52725405
2,1,0,0.4659676
2,0,0,0.32291135
2,1,1,0.805725
2,1,1,0.73494095
2,1,1,0.8399896
2,1,1,0.9283301
2,1,1,0.70581496
2,0,0,0.3899467
2,0,0,0.30179316
2,0,1,0.51540685
2,1,1,0.6111348
2,0,0,0.43102053
2,1,1,0.7118183
2,0,1,0.6572977
2,1,1,0.6392266
2,0,1,0.5769059
2,1,1,0.5879227
2,1,1,0.86200196
2,0,1,0.8030547
2,0,1,0.65123546
2,0,0,0.42957824
2,0,0,0.31037277
2,1,0,0.33514446
2,0,0,0.26163825
2,1,1,0.7018017
2,0,1,0.62310755
2,1,0,0.4254962
2,1,0,0.49367443
2,0,1,0.61994845
2,0,0,0.20036337
2,1,1,0.7817314
2,1,1,0.819905
2,0,0,0.49073017
2,0,1,0.7083873
2,0,1,0.54593885
2,1,1,0.621801
2,1,1,0.5273948
2,1,1,0.74627006
2,0,1,0.6014474
2,1,1,0.66258955
2,1,0,0.19762972
2,0,0,0.12668498
2,0,1,0.5576933
2,0,1,0.6525418
2,0,0,0.45841423
2,0,0,0.22434947
2,0,0,0.37221897
2,0,0,0.07573301
2,0,0,0.2322345
2,0,1,0.55287474
2,1,1,0.6118839
2,1,0,0.4777579
2,1,1,0.71078646
2,1,1,0.62105066
2,1,0,0.48018056
2,1,1,0.73106295
2,1,0,0.21388945
2,1,1,0.5706222
2,1,1,0.6191669
2,1,1,0.68275684
2,0,0,0.49953818
2,0,0,0.38848713
2,0,0,0.14628561
2,0,0,0.49249002
2,0,0,0.23617561
2,0,1,0.77409774
2,0,1,0.64722836
2,1,1,0.6468302
2,1,1,0.57585317
2,1,1,0.64448243
2,0,0,0.3993267
2,0,0,0.27059883
2,0,0,0.15339515
2,0,0,0.42855802
2,0,0,0.12460327
2,1,1,0.6869956
2,1,1,0.6000145
2,0,0,0.4952451
2,1,1,0.6975578
2,0,1,0.65838605
2,1,0,0.23170438
2,0,0,0.22194557
2,1,1,0.54070604
2,0,0,0.41681117
2,0,1,0.62577355
2,0,0,0.13717628
2,1,1,0.5123048
2,0,1,0.5473284
2,1,1,0.5448206
2,0,1,0.640133
2,1,1,0.62048113
2,0,1,0.6758185
2,1,1,0.7539814
2,0,0,0.3218047
2,0,1,0.51363325
2,0,1,0.60359263
2,1,1,0.75433797
2,1,0,0.47002786
2,1,0,0.30477938
2,0,0,0.43787596
2,0,0,0.3633531
2,0,0,0.24218091
2,0,0,0.114801794
2,1,1,0.665279
2,0,0,0.35452577
2,1,0,0.35791612
2,1,1,0.81890404
2,1,1,0.8261875
2,0,0,0.42234176
2,0,0,0.39995444
2,0,0,0.4625162
2,0,1,0.8948295
2,1,1,0.67223144
2,0,1,0.7048283
2,1,0,0.46154952
2,1,1,0.80582243
2,0,1,0.6651351
2,0,0,0.11011162
2,0,1,0.7468446
2,1,1,0.6171319
2,1,0,0.20731379
2,1,1,0.82719195
2,1,1,0.67806476
2,0,1,0.5484372
2,1,0,0.34567153
2,0,1,0.77754456
2,1,1,0.73324585
2,0,0,0.27072117
2,0,1,0.64782226
2,1,1,0.5025634
2,0,0,0.44551107
2,0,1,0.608242
2,1,1,0.62435734
2,0,1,0.6102915
2,0,0,0.2709027
2,1,1,0.66504306
2,1,1,0.64835936
2,1,0,0.4820099
2,1,1,0.7392713
2,1,0,0.43460825
2,0,0,0.4707363
2,0,0,0.44929677
2,1,1,0.97204405
2,1,0,0.43817708
2,1,1,0.71861744
2,1,1,0.5425732
2,0,0,0.43312988
2,1,1,0.57739955
2,0,0,0.4248349
2,0,0,0.43868193
2,1,1,0.69242734
2,1,1,0.7662282
2,1,0,0.4837194
2,1,1,0.70693606
2,1,1,0.79991835
2,0,1,0.6192439
2,0,1,0.661654
2,1,1,0.6458283
2,1,1,0.76210326
2,0,1,0.5552016
2,0,0,0.11463342
2,0,0,0.10607659
2,1,1,0.7131255
2,1,1,0.76457757
2,1,1,0.8461727
2,1,1,0.679403
2,1,1,0.814836
2,1,1,0.7857439
2,1,1,0.72981685
2,0,1,0.5095767
2,1,1,0.6924135
2,0,1,0.59447116
2,0,0,0.2034735
2,0,1,0.52708334
2,0,1,0.52228206
2,0,0,0.45952886
2,0,1,0.6505758
2,0,0,0.18742853
2,0,1,0.8699367
2,1,1,0.55909157
2,0,0,0.28090426
2,0,0,0.43929932
2,1,0,0.38455817
2,1,1,0.5641548
2,0,0,0.30195543
2,1,1,0.6381188
2,0,0,0.39754683
2,1,1,0.7676249
2,1,0,0.4961035
2,1,1,0.87778467
2,1,0,0.47801894
2,1,1,0.5059015
2,0,0,0.37027466
2,0,1,0.60978913
2,0,1,0.6753779
2,1,1,0.6328538
2,1,1,0.64868355
2,1,1,0.5635927
2,0,1,0.60713446
2,1,0,0.36282492
2,0,0,0.31284913
2,0,1,0.5295846
2,1,0,0.47873124
2,0,0,0.23751098
2,0,0,0.3569954
2,0,1,0.72021776
2,1,0,0.48646155
2,1,0,0.44591427
2,1,1,0.8124157
2,0,1,0.7572474
2,0,1,0.5053456
2,1,1,0.7477516
2,1,1,0.5074279
2,1,0,0.28038186
2,1,1,0.6127391
2,1,0,0.410343
2,0,0,0.39625993
2,0,0,0.3915806
2,1,1,0.6927703
2,0,0,0.35632843
2,0,1,0.5150706
2,0,1,0.65017515
2,1,1,0.5736452
2,0,1,0.6535292
2,1,1,0.67220896
2,1,1,0.5291435
2,1,0,0.4856035
2,0,0,0.4720431
2,0,1,0.5048036
2,0,1,0.5295243
2,1,0,0.38809592
2,1,0,0.40526664
2,1,0,0.39292955
2,0,0,0.04378222
2,0,1,0.57034034
2,0,0,0.26229092
2,0,0,0.40402767
2,0,1,0.62905896
2,1,0,0.43227944
2,1,1,0.8124157
2,0,1,0.7572474
2,1,1,0.9050851
2,0,0,0.46486148
2,1,1,0.7828498
2,0,0,0.27561802
2,1,1,0.59433496
2,1,1,0.7949506
2,0,0,0.29843566
2,0,0,0.3219151
2,1,1,0.5710913
2,0,1,0.5792969
2,1,1,0.81489396
2,0,1,0.7098295
2,1,1,0.53187865
2,1,1,0.52075434
2,1,1,0.60366786
2,0,1,0.50502455
2,1,1,0.5698446
2,0,1,0.5100413
2,1,1,0.7503062
2,0,0,0.4864433
2,0,1,0.61889195
2,0,1,0.62360656
2,0,1,0.72612786
2,1,1,0.8159863
2,1,1,0.8653639
2,0,0,0.24904886
2,1,1,0.5911716
2,1,1,0.62716854
2,0,0,0.36598003
2,1,1,0.6478115
2,0,0,0.48052093
2,0,0,0.46248463
2,0,1,0.71801007
2,0,0,0.45862484
2,1,1,0.712579
2,0,0,0.3337539
2,0,1,0.6094345
2,1,1,0.5665648
2,0,0,0.24175595
2,1,0,0.4584364
2,1,1,0.8998922
2,1,0,0.31327972
2,0,0,0.23325275
2,0,0,0.36768505
2,1,0,0.4966528
2,0,1,0.50713325
2,0,0,0.29224247
2,1,1,0.7954755
2,1,1,0.79025173
2,0,1,0.50444645
2,0,0,0.4538688
2,0,0,0.32079825
2,0,0,0.49397072
2,1,1,0.6662159
2,1,0,0.42530322
2,1,1,0.67787075
2,0,0,0.20841646
2,1,1,0.6505651
2,0,1,0.52152437
2,1,1,0.8227805
2,1,1,0.789332
2,0,1,0.76788986
2,0,0,0.34579945
2,1,1,0.64848346
2,0,1,0.54883665
2,0,1,0.6845305
2,0,1,0.54357076
2,1,1,0.69000995
2,0,1,0.7520532
2,1,1,0.5326223
2,0,1,0.5050058
2,1,1,0.5726449
2,0,0,0.36853915
2,0,1,0.8009891
2,1,1,0.66630185
2,1,1,0.86361593
2,0,1,0.59935194
2,1,1,0.55185825
2,1,1,0.54279375
2,0,0,0.338688
2,0,0,0.4048207
2,0,1,0.5512866
2,1,1,0.57932615
2,0,0,0.3738249
2,0,0,0.32015324
2,1,0,0.49953756
2,1,1,0.601897
2,1,1,0.6490375
2,0,0,0.09165316
2,1,1,0.5428991
2,1,1,0.59977263
2,1,1,0.6958395
2,1,1,0.7289948
2,0,0,0.32991627
2,0,0,0.4710927
2,0,0,0.4095809
2,0,1,0.68992454
2,0,1,0.8347565
2,1,1,0.6769994
2,1,1,0.55803347
2,0,1,0.5961203
2,1,0,0.4335066
2,0,1,0.67245865
2,0,1,0.6049293
2,1,1,0.65950257
2,1,1,0.7629919
2,0,1,0.8400907
2,0,0,0.48111066
2,1,1,0.6137591
2,0,0,0.26513577
2,0,1,0.5141185
2,1,0,0.27713594
2,0,1,0.6646183
2,0,1,0.6098485
2,1,1,0.66582614
2,1,1,0.73015654
2,0,1,0.6087559
2,0,1,0.57442725
2,1,1,0.6319152
2,1,1,0.74983567
2,1,0,0.28631648
2,1,1,0.792836
2,1,1,0.8553764
2,0,1,0.5232772
2,0,0,0.42954493
2,1,1,0.65762097
2,1,0,0.38067296
2,1,1,0.5110611
2,0,1,0.53020775
2,0,1,0.53332144
2,1,0,0.47985733
2,0,1,0.60150003
2,1,1,0.7526111
2,1,1,0.6761194
2,0,0,0.3188315
2,0,1,0.55122
2,0,1,0.5638444
2,0,1,0.6972601
2,0,1,0.56591403
2,1,1,0.86840975
2,1,1,0.6385155
2,1,1,0.6844182
2,0,0,0.4511012
2,0,0,0.3130973
2,1,1,0.7150356
2,0,1,0.5584359
2,0,0,0.2092768
2,1,1,0.6483816
2,0,1,0.58358026
2,0,1,0.60715675
2,1,1,0.7748615
2,0,1,0.527468
2,0,1,0.5128836
2,1,0,0.46364915
2,1,1,0.86067414
2,1,1,0.8168307
2,1,1,0.56165445
2,0,0,0.41555712
2,1,1,0.65521276
2,1,1,0.52918804
2,0,1,0.5881904
2,0,1,0.60133475
2,0,1,0.6036592
2,0,0,0.28992054
2,1,1,0.560943
2,1,0,0.34566265
2,0,0,0.031507
2,0,1,0.69427925
2,1,0,0.24753796
2,0,1,0.8367342
2,1,1,0.7043791
2,1,0,0.20051996
2,0,0,0.42312962
2,1,1,0.6598502
2,0,1,0.6500259
2,0,1,0.52782536
2,0,0,0.093267165
2,0,0,0.10346949
2,1,1,0.6177488
2,1,1,0.561634
2,0,0,0.36666068
2,0,1,0.5862415
2,0,0,0.24436124
2,1,0,0.41210708
2,0,0,0.36443117
2,0,0,0.47639978
2,1,1,0.60453624
2,1,0,0.49550387
2,1,1,0.6545424
2,0,0,0.40153337
2,0,1,0.5140339
2,1,1,0.7729668
2,0,0,0.4059874
2,0,0,0.35984847
2,1,1,0.636372
2,1,1,0.60699123
2,1,1,0.6946781
2,1,1,0.52791584
2,1,1,0.5871705
2,0,1,0.7301524
2,0,0,0.4527848
2,0,1,0.5422507
2,0,1,0.5453923
2,1,1,0.7172092
2,1,1,0.7005259
2,0,0,0.4702208
2,1,0,0.43364134
2,0,0,0.4954313
2,1,1,0.5739867
2,0,0,0.4646482
2,0,0,0.29778528
2,0,0,0.29510197
2,0,1,0.5094383
2,0,0,0.46350107
2,1,1,0.71089375
2,1,1,0.56758535
2,1,1,0.58060306
2,0,0,0.29953963
2,0,0,0.046506535
2,1,1,0.54861826
2,1,1,0.58733934
2,1,1,0.50360817
2,0,1,0.6643347
2,1,1,0.6023662
2,1,1,0.65693974
2,1,0,0.24667639
2,0,1,0.515747
2,0,1,0.51699686
2,1,1,0.61062914
2,0,0,0.30584732
2,0,0,0.36148778
2,0,0,0.39657712
2,0,0,0.07050589
2,1,1,0.94775236
2,1,0,0.40634304
2,1,0,0.4623244
2,1,0,0.4956409
2,0,0,0.3309224
2,0,0,0.37207684
2,0,0,0.107031286
2,0,0,0.16284788
2,0,0,0.415834
2,0,1,0.5356332
2,1,1,0.6392159
2,0,0,0.4797657
2,1,1,0.5475776
2,0,1,0.5631302
2,0,0,0.4328047
2,1,1,0.9688821
2,1,1,0.6130482
2,0,0,0.2892436
2,1,1,0.5778392
2,0,0,0.16645168
2,1,1,0.7202385
2,0,0,0.11146895
2,1,1,0.55134666
2,0,0,0.4585022
2,0,1,0.83464444
2,0,1,0.6440181
2,1,1,0.602358
2,0,0,0.3214716
2,0,0,0.45738608
2,0,1,0.53256094
2,1,0,0.47758946
2,0,1,0.60357165
2,1,0,0.21280843
2,0,0,0.4507728
2,0,1,0.63055915
2,0,1,0.5816162
2,1,1,0.6031014
2,1,1,0.53530705
2,1,1,0.7069784
2,1,1,0.794396
2,1,1,0.64980304
2,0,0,0.41840914
2,1,1,0.56575423
2,0,0,0.47500774
2,1,1,0.5038881
2,1,0,0.4170795
2,0,1,0.5150233
2,0,0,0.38213235
2,0,0,0.42095864
2,0,0,0.26999676
2,0,1,0.5272893
2,0,1,0.54342085
2,0,0,0.48246
2,1,0,0.35473463
2,0,1,0.5498419
2,1,1,0.5927289
2,1,1,0.86537147
2,1,0,0.48030555
2,1,1,0.8049256
2,0,0,0.33764264
2,1,1,0.563523
2,0,0,0.37939933
2,1,1,0.78457636
2,1,1,0.73787165
2,1,1,0.6043453
2,0,0,0.099947445
2,0,0,0.32678023
2,0,0,0.44636932
2,1,1,0.7676234
2,0,0,0.097712085
2,1,0,0.4446836
2,0,1,0.5381892
2,1,1,0.69665843
2,1,1,0.6036009
2,1,1,0.60815036
2,0,0,0.30518898
2,1,1,0.76505697
2,1,1,0.65894365
2,0,1,0.613577
2,1,1,0.7671394
2,0,0,0.21201876
2,1,1,0.62423706
2,0,0,0.4809992
2,0,1,0.50879544
2,1,1,0.5470559
2,1,1,0.5890043
2,0,0,0.39117014
2,0,0,0.06448721
2,0,1,0.90500146
2,0,1,0.5639063
2,1,1,0.6450022
2,0,0,0.25611782
2,1,1,0.6942129
2,1,1,0.8202713
2,1,1,0.7324332
2,0,1,0.6281393
2,1,1,0.71583885
2,0,1,0.6907253
2,1,1,0.7873973
2,1,1,0.7568722
2,0,0,0.3494756
2,0,1,0.73515797
2,1,1,0.6123783
2,1,1,0.822682
2,1,1,0.742672
2,0,0,0.35992128
2,0,1,0.6112625
2,0,0,0.32593456
2,0,1,0.5506451
2,1,1,0.6856367
2,0,1,0.5269544
2,0,0,0.44601443
2,1,1,0.7339522
2,0,0,0.1789469
2,0,1,0.5662451
2,1,1,0.6251693
2,0,0,0.4703214
2,1,1,0.63748443
2,0,1,0.6055853
2,1,1,0.5994235
2,0,0,0.44827735
2,1,0,0.4248714
2,0,0,0.24815492
2,1,1,0.6197456
2,1,1,0.6833961
2,1,0,0.2249486
2,0,0,0.38465172
2,0,0,0.48619604
2,0,1,0.6616019
2,1,0,0.23304418
2,0,1,0.55102444
2,0,1,0.53519845
2,0,1,0.5633869
2,1,1,0.82671016
2,0,1,0.6460351
2,1,1,0.5642822
2,1,1,0.6340591
2,1,0,0.48622277
2,0,0,0.49142832
2,0,1,0.5181588
2,0,1,0.5541747
2,1,1,0.78575206
2,1,1,0.5776739
2,1,1,0.55836105
2,0,1,0.53295964
2,0,1,0.59638464
2,1,1,0.63946366
2,0,1,0.6014398
2,0,1,0.7520955
2,0,1,0.6208343
2,0,0,0.29737204
2,1,1,0.5844599
2,1,1,0.503541
2,0,1,0.59568524
2,0,1,0.5155196
2,0,1,0.56131005
2,1,1,0.82437235
2,0,0,0.48421216
2,0,1,0.6404881
2,0,1,0.58247215
2,1,0,0.470854
2,1,1,0.68233865
2,0,0,0.301342
2,1,1,0.807753
2,1,1,0.84349334
2,1,0,0.48578885
2,1,1,0.5894114
2,0,0,0.24805102
2,1,1,0.59755796
2,0,0,0.3717089
2,1,1,0.6465625
2,0,0,0.4944637
2,0,1,0.59261286
2,0,1,0.62670887
2,1,1,0.8083517
2,1,0,0.43178034
2,0,0,0.4166198
2,1,1,0.692746
2,0,1,0.5393828
2,1,1,0.57553405
2,1,0,0.38180825
2,0,1,0.5371817
2,1,1,0.6635865
2,1,1,0.8906637
2,1,1,0.7622138
2,1,1,0.81025004
2,0,0,0.47333035
2,0,0,0.28828266
2,1,1,0.8333319
2,1,1,0.57028514
2,1,1,0.666288
2,1,0,0.3299093
2,0,0,0.4270632
2,1,1,0.54317707
2,0,1,0.6886424
2,0,0,0.29814443
2,1,0,0.3833458
2,0,1,0.5204644
2,0,1,0.61584836
2,1,1,0.6456614
2,0,1,0.8212766
2,0,0,0.39876422
2,1,0,0.4527847
2,1,1,0.5820574
2,1,1,0.59651965
2,0,0,0.30724835
2,1,1,0.6606484
2,0,0,0.28003106
2,1,1,0.53998834
2,0,1,0.7554294
2,0,1,0.7023143
2,0,0,0.29814687
2,0,0,0.376543
2,1,0,0.49500692
2,0,0,0.46080643
2,0,0,0.08995437
2,1,1,0.65451896
2,0,1,0.5261078
2,1,0,0.45035815
2,1,1,0.62017864
2,0,1,0.55336076
2,1,1,0.76051134
2,1,1,0.5992705
2,1,1,0.75731325
2,0,1,0.6118763
2,0,1,0.5439105
2,0,0,0.48162395
2,0,0,0.31347954
2,1,1,0.68641084
2,1,0,0.480248
2,1,1,0.91565424
2,1,1,0.6441412
2,1,1,0.6693565
2,1,0,0.4015064
2,0,0,0.49190488
2,1,0,0.37199733
2,1,1,0.717466
2,0,1,0.63961655
2,0,0,0.25383762
2,0,1,0.59233344
2,0,0,0.27745
2,0,1,0.66415936
2,0,1,0.5029842
2,0,0,0.39881003
2,1,1,0.9150237
2,1,1,0.69268996
2,1,1,0.8028936
2,0,0,0.3377164
2,0,1,0.500502
2,0,1,0.75933886
2,1,1,0.8059314
2,1,0,0.351446
2,0,1,0.56935525
2,1,1,0.51552796
2,1,0,0.49615398
2,0,1,0.72298986
2,0,1,0.6930154
2,0,1,0.64776254
2,0,1,0.53426194
2,1,1,0.7365937
2,0,0,0.3397034
2,0,1,0.6522768
2,1,0,0.36799538
2,1,1,0.57038873
2,0,1,0.5516692
2,1,1,0.58415365
2,0,0,0.26203063
2,1,1,0.541131
2,1,1,0.5631614
2,0,0,0.42058513
2,1,1,0.5213903
2,0,1,0.53439194
2,0,0,0.37700865
2,0,1,0.5643861
2,1,0,0.24762793
2,0,0,0.39081663
2,0,0,0.13064282
2,1,1,0.7786627
2,1,0,0.46405053
2,1,0,0.4423096
2,1,1,0.67263365
2,1,1,0.6812561
2,1,0,0.31621045
2,1,1,0.70205694
2,0,0,0.28077266
2,1,0,0.4955522
2,0,1,0.6344906
2,1,0,0.2858389
2,1,0,0.12006801
2,0,0,0.4085219
2,1,1,0.5144065
2,0,1,0.6601163
2,0,0,0.2869035
2,0,0,0.2556606
2,0,1,0.55642307
2,1,1,0.61348605
2,1,1,0.5652613
2,0,0,0.20701747
2,0,0,0.12193879
2,0,0,0.40305123
2,0,1,0.58947206
2,0,1,0.6625899
2,0,1,0.55380726
2,0,1,0.59941685
2,1,1,0.58264893
2,1,1,0.58367074
2,1,1,0.61802155
2,1,0,0.09429382
2,1,1,0.58453304
2,0,1,0.61691517
2,1,1,0.7571773
2,1,1,0.80574816
2,1,1,0.63620716
2,0,1,0.62745154
2,1,1,0.7194908
2,0,0,0.2567189
2,1,1,0.6811341
2,1,0,0.19735652
2,1,1,0.6113978
2,0,0,0.47426212
2,1,1,0.5542029
2,1,0,0.36846152
2,0,0,0.14977291
2,0,0,0.27512902
2,0,1,0.7370183
2,1,1,0.6706833
2,0,1,0.6148067
2,0,0,0.21071392
2,0,0,0.24501762
2,1,0,0.3624596
2,1,1,0.84574056
2,1,0,0.42253852
2,1,1,0.5589824
2,0,0,0.23611479
2,0,1,0.56431115
2,0,1,0.50038826
2,0,0,0.026132455
2,0,0,0.33896175
2,0,0,0.3498508
2,0,0,0.40741065
2,0,1,0.7133413
2,1,1,0.544371
2,0,0,0.4667833
2,0,1,0.5125979
2,1,1,0.73925006
2,0,0,0.46188757
2,1,1,0.544951
2,0,0,0.2006584
2,0,0,0.42817602
2,1,1,0.52306753
2,1,0,0.24781826
2,0,0,0.13191774
2,1,1,0.7409567
2,1,1,0.78084946
2,1,1,0.60163313
2,0,0,0.3009372
2,1,1,0.65887654
2,1,0,0.46874735
2,1,0,0.28772858
2,0,1,0.6801931
2,0,1,0.53604305
2,0,1,0.6344722
2,1,1,0.5321921
2,1,1,0.7370834
2,1,0,0.43316785
2,1,1,0.7537693
2,0,0,0.48775074
2,0,1,0.69110525
2,0,0,0.43562657
2,1,0,0.40547994
2,0,0,0.37775654
2,0,1,0.65947294
2,1,1,0.8324139
2,0,0,0.478275
2,1,1,0.5710472
2,0,1,0.5015335
2,0,1,0.5795483
2,1,0,0.37195846
2,0,0,0.40287998
2,1,1,0.6295513
2,1,1,0.63488066
2,1,1,0.5675793
2,0,0,0.34430966
2,0,1,0.52203286
2,0,1,0.5981058
2,0,1,0.8765071
2,1,1,0.6956303
2,0,1,0.50413054
2,1,1,0.7928848
2,1,1,0.8417318
2,1,1,0.6826791
2,0,1,0.8827678
2,0,0,0.16018727
2,0,1,0.6811279
2,0,0,0.2514915
2,1,1,0.9215754
2,0,1,0.5416561
2,1,1,0.7985413
2,1,1,0.64314437
2,0,1,0.5897919
2,0,1,0.63268715
2,0,1,0.6635585
2,1,1,0.78733486
2,1,1,0.5066514
2,0,0,0.28157687
2,0,1,0.5189785
2,0,0,0.45689803
2,0,1,0.55227894
2,1,1,0.5858017
2,0,1,0.6299828
2,1,1,0.64525205
2,1,1,0.8675877
2,1,1,0.6194233
2,0,0,0.38888574
2,1,1,0.61396325
2,1,1,0.63724154
2,0,0,0.2728033
2,0,0,0.39170545
2,0,1,0.66110957
2,0,1,0.60413176
2,1,1,0.54999757
2,0,0,0.16373232
2,1,1,0.82492113
2,1,1,0.63712937
2,0,1,0.55089784
2,0,1,0.5714083
2,1,1,0.8494468
2,1,0,0.4244298
2,1,1,0.71681404
2,1,1,0.5099887
2,0,0,0.28975093
2,1,1,0.5584963
2,0,1,0.51548743
2,0,0,0.29379869
2,0,0,0.2886667
2,0,0,0.14946917
2,0,0,0.34873882
2,0,1,0.6257387
2,1,1,0.52612805
2,1,1,0.7261175
2,0,0,0.4273049
2,0,0,0.16153552
2,1,1,0.6117499
2,0,0,0.3223173
2,0,1,0.6486385
2,0,0,0.32154205
2,0,1,0.6672201
2,0,0,0.073465355
2,0,0,0.40261573
2,1,1,0.5593886
2,1,0,0.39039716
2,1,1,0.7139528
2,1,1,0.5805876
2,0,1,0.52744263
2,0,1,0.669774
2,0,0,0.27541298
2,1,1,0.5664608
2,0,0,0.4743329
2,1,0,0.40065402
2,0,1,0.69747716
2,0,1,0.5089751
2,1,0,0.49113074
2,0,0,0.29155016
2,1,1,0.8034919
2,0,1,0.55048084
2,0,0,0.467151
2,0,0,0.46181974
2,1,0,0.38601232
2,0,1,0.55409575
2,1,1,0.72659254
2,0,0,0.2996785
2,1,0,0.41392538
2,1,0,0.43000174
2,0,0,0.24524544
2,1,1,0.5954711
2,1,0,0.34155697
2,0,0,0.16746634
2,1,0,0.19566014
2,0,0,0.36650923
2,1,0,0.45746854
2,0,0,0.097385205
2,0,0,0.3490851
2,0,0,0.21128981
2,1,0,0.4844012
2,1,1,0.545671
2,1,0,0.18622522
2,0,0,0.37530974
2,0,0,0.110260725
2,1,1,0.6047306
2,0,0,0.058211446
2,1,1,0.6212378
2,0,0,0.44321314
2,1,0,0.36562186
2,0,1,0.6041992
2,0,0,0.27737543
2,1,0,0.44375277
2,0,0,0.21531932
2,1,0,0.34177998
2,0,0,0.11318409
2,0,0,0.094292276
2,0,0,0.20739013
2,0,0,0.21041779
2,0,0,0.30332837
2,1,0,0.378257
2,1,1,0.66089666
2,0,1,0.6612497
2,0,0,0.4107668
2,0,0,0.16945755
2,0,0,0.48226723
2,0,0,0.23465493
2,1,0,0.47493556
2,1,1,0.6279507
2,1,0,0.4509556
2,1,0,0.30262384
2,0,0,0.2129191
2,0,0,0.20528454
2,0,0,0.3545546
2,0,0,0.24608688
2,0,1,0.5069251
2,1,0,0.40368378
2,1,0,0.45826346
2,1,1,0.5043419
2,0,1,0.61389005
2,0,1,0.51780534
2,1,1,0.8789583
2,0,1,0.71373856
2,0,0,0.45296317
2,1,0,0.35227174
2,1,0,0.36168662
2,0,0,0.46205822
2,0,0,0.09624246
2,0,0,0.039438587
2,0,0,0.27444157
2,1,0,0.44144243
2,0,1,0.5157517
2,1,0,0.26190153
2,1,1,0.52925557
2,0,1,0.60451573
2,1,1,0.7392919
2,0,1,0.6551529
2,0,1,0.5865494
2,1,0,0.4743189
2,1,1,0.70238584
2,1,0,0.4686465
2,0,0,0.3515096
2,0,0,0.32974488
2,1,0,0.47174227
2,1,1,0.57708055
2,0,0,0.39253026
2,0,0,0.27975523
2,1,0,0.43179828
2,0,1,0.62832403
2,0,0,0.23093827
2,1,1,0.7991469
2,0,0,0.44739664
2,1,1,0.7468546
2,1,1,0.5652339
2,0,0,0.39953882
2,0,0,0.23469068
2,1,1,0.6841012
2,0,1,0.5813333
2,1,1,0.5471677
2,0,1,0.66006225
2,0,0,0.408609
2,0,0,0.44939843
2,0,1,0.5312946
2,0,1,0.5745764
2,0,0,0.27915773
2,0,0,0.35984093
2,0,0,0.4587138
2,1,1,0.6134266
2,1,0,0.36068138
2,1,1,0.50757104
2,1,1,0.619182
2,0,0,0.42662364
2,1,0,0.3991541
2,0,0,0.37081587
2,1,1,0.67617023
2,1,1,0.90892994
2,0,1,0.6798933
2,1,0,0.46373847
2,1,0,0.48864982
2,1,1,0.70893526
2,1,0,0.49601164
2,1,1,0.9043744
2,0,1,0.6565335
2,1,1,0.70520157
2,1,1,0.7119184
2,1,0,0.42642707
2,0,1,0.65875405
2,1,0,0.28077167
2,0,0,0.31328776
2,0,1,0.5773625
2,1,1,0.6692052
2,0,0,0.39089507
2,0,0,0.29461217
2,1,1,0.53916216
2,0,0,0.294102
2,1,1,0.557783
2,1,1,0.7707468
2,1,1,0.6091499
2,0,1,0.60284007
2,1,1,0.7630863
2,1,1,0.7191342
2,1,1,0.57078946
2,1,1,0.5094613
2,1,1,0.69294465
2,0,1,0.64446104
2,0,0,0.11746037
2,0,0,0.21436334
2,0,1,0.59221274
2,0,0,0.22531383
2,1,0,0.20884205
2,1,0,0.4065845
2,0,1,0.7416099
2,1,1,0.64084935
2,0,0,0.26662126
2,0,1,0.5746342
2,1,1,0.8625879
2,1,1,0.62943804
2,1,0,0.43030754
2,0,0,0.48433194
2,0,1,0.5236325
2,0,0,0.42430234
2,0,0,0.3215443
2,0,0,0.22231865
2,1,0,0.41795748
2,0,0,0.16855727
2,1,1,0.5435483
2,0,0,0.21809088
2,1,1,0.63683045
2,1,1,0.68607044
2,0,0,0.4600186
2,1,1,0.6346234
2,1,1,0.5056547
2,1,1,0.65243345
2,0,0,0.2074829
2,0,1,0.6231003
2,1,1,0.6257277
2,0,1,0.62496835
2,1,1,0.60652304
2,1,0,0.35924044
2,1,1,0.5888382
2,1,1,0.6417603
2,0,0,0.06848833
2,0,0,0.15233135
2,1,1,0.5037064
2,0,1,0.57079536
2,0,0,0.4141038
2,0,0,0.1762942
2,1,1,0.86954576
2,0,0,0.31000093
2,0,0,0.46839315
2,0,0,0.30598286
2,1,1,0.6490591
2,0,0,0.46063116
2,1,1,0.6641803
2,1,0,0.32145074
2,0,0,0.4571411
2,0,0,0.07546999
2,1,1,0.50590974
2,1,1,0.86994696
2,0,0,0.4270757
2,0,1,0.509165
2,1,0,0.37971568
2,0,0,0.24865636
2,0,0,0.33744803
2,1,1,0.5203642
2,0,1,0.552098
2,1,1,0.6493497
2,0,1,0.6938344
2,1,1,0.6250039
2,1,1,0.6661409
2,1,1,0.9269225
2,1,1,0.77000415
2,1,1,0.70456004
2,1,0,0.39775398
2,0,1,0.72152627
2,1,1,0.7122756
2,0,0,0.26240474
2,0,1,0.757345
2,1,1,0.5476802
2,1,1,0.6533924
2,1,1,0.6481042
2,0,0,0.40363964
2,0,1,0.5623255
2,0,0,0.2171586
2,1,1,0.7629575
2,0,0,0.48552552
2,1,1,0.5686917
2,0,0,0.25034806
2,1,1,0.5135583
2,1,0,0.406792
2,0,1,0.8179835
2,0,0,0.4530085
2,1,1,0.59265697
2,0,0,0.21221599
2,1,1,0.7345768
2,0,0,0.4446218
2,0,0,0.30376598
2,1,1,0.7560568
2,1,1,0.6040634
2,0,1,0.60811836
2,1,1,0.631162
2,0,1,0.61520267
2,1,1,0.53740454
2,0,0,0.3809548
2,0,0,0.23156963
2,0,0,0.42961973
2,0,0,0.11607764
2,1,1,0.5627193
2,1,1,0.7645216
2,0,1,0.63002807
2,0,1,0.61578786
2,1,1,0.88053644
2,1,1,0.7848927
2,1,1,0.59746736
2,0,0,0.47936103
2,1,1,0.71674675
2,0,1,0.70713425
2,1,0,0.19795412
2,0,0,0.40844628
2,1,1,0.5920555
2,1,1,0.50172734
2,1,1,0.83725923
2,1,0,0.3541661
2,1,0,0.24999338
2,0,0,0.18497244
2,0,1,0.5014107
2,0,1,0.6398942
2,0,1,0.627136
2,0,0,0.40941873
2,1,0,0.36899802
2,0,1,0.62258404
2,1,0,0.3800573
2,1,0,0.47927475
2,0,0,0.4107262
2,0,0,0.2825567
2,1,0,0.4838498
2,0,0,0.29011118
2,0,1,0.5690331
2,1,1,0.68099535
2,1,1,0.6093084
2,1,0,0.49343082
2,1,1,0.57549757
2,1,1,0.60892206
2,0,1,0.5745699
2,1,1,0.60981935
2,1,0,0.19678916
2,0,1,0.5713541
2,1,1,0.53502697
2,0,0,0.36097667
2,0,0,0.32973465
2,0,1,0.5334924
2,0,1,0.59449136
2,0,0,0.06558126
2,1,0,0.4759097
2,0,0,0.21229759
2,1,1,0.63262
2,0,0,0.32735795
2,1,1,0.8875119
2,0,0,0.1792938
2,1,0,0.44646725
2,0,0,0.40444493
2,1,0,0.48617253
2,1,0,0.41457313
2,0,0,0.41346171
2,0,0,0.39729607
2,0,0,0.42795965
2,0,0,0.40732932
2,1,1,0.6563481
2,1,1,0.5966879
2,1,1,0.57487524
2,0,0,0.2474765
2,1,0,0.48884758
2,0,0,0.33437422
2,1,1,0.53959304
2,0,0,0.36696053
2,0,0,0.34371623
2,0,0,0.4579425
2,0,0,0.3673896
2,1,0,0.20215492
2,0,1,0.5528143
2,1,0,0.49779785
2,1,1,0.80525416
2,1,1,0.5358468
2,1,1,0.5041424
2,1,1,0.62079054
2,0,1,0.648245
2,1,0,0.43104234
2,1,1,0.52944213
2,0,0,0.2874556
2,1,1,0.66120404
2,0,1,0.7301393
2,0,0,0.41741547
2,0,0,0.43287894
2,1,1,0.51897526
2,0,0,0.43005106
2,1,1,0.749499
2,1,1,0.7446711
2,1,1,0.7161844
2,0,1,0.723986
2,1,1,0.658946
2,0,0,0.19053596
2,1,0,0.43362755
2,0,0,0.46075228
2,1,0,0.3249432
2,0,0,0.34442994
2,0,0,0.3269657
2,1,1,0.7885536
2,0,0,0.24080642
2,0,0,0.49858978
2,1,0,0.33737215
2,1,0,0.45438686
2,0,1,0.7290576
2,0,1,0.53842396
2,1,0,0.26441264
2,1,1,0.8570546
2,1,1,0.7381568
2,0,1,0.5861509
2,1,1,0.6723585
2,0,1,0.75904465
2,1,1,0.7851221
2,0,1,0.6222563
2,0,0,0.4389663
2,0,1,0.65390426
2,1,1,0.73828286
2,0,0,0.38466513
2,1,1,0.72409433
2,1,1,0.6447791
2,0,1,0.5959902
2,0,0,0.08691626
2,1,1,0.73907465
2,1,0,0.44723043
2,1,1,0.7066179
2,0,0,0.33509663
2,1,1,0.67890185
2,0,1,0.6326833
2,1,1,0.70146126
2,0,0,0.40230688
2,1,1,0.6615862
2,1,1,0.5836102
2,1,1,0.6365998
2,0,0,0.48861924
2,0,1,0.53868514
2,0,1,0.51319706
2,1,1,0.7253599
2,0,0,0.25124186
2,0,0,0.442449
2,0,0,0.48745093
2,0,0,0.48144323
2,1,1,0.7268779
2,0,0,0.25523096
2,1,0,0.4493388
2,1,1,0.6905637
2,0,0,0.30603507
2,1,1,0.6940057
2,1,1,0.83164823
2,0,0,0.41587332
2,1,0,0.36084592
2,0,0,0.30911094
2,0,0,0.39815766
2,0,1,0.53062963
2,0,0,0.32550642
2,1,0,0.108106256
2,0,0,0.3005029
2,1,1,0.69029176
2,0,0,0.2882097
2,1,1,0.7164663
2,0,1,0.6792072
2,1,1,0.6228187
2,1,0,0.4582552
2,1,1,0.71097344
2,1,0,0.3843661
2,1,1,0.65079945
2,0,1,0.513442
2,0,1,0.58516103
2,1,1,0.7714769
2,1,0,0.47255284
2,1,1,0.7365084
2,1,1,0.7819062
2,1,1,0.67505
2,0,1,0.8881512
2,0,0,0.18527733
2,0,1,0.72284395
2,1,1,0.6498419
2,0,1,0.5071756
2,1,1,0.55972326
2,1,1,0.8925885
2,1,1,0.67819214
2,1,1,0.7953925
2,1,0,0.42652816
2,0,0,0.26638484
2,0,1,0.6703994
2,1,1,0.77528524
2,1,1,0.565747
2,0,1,0.6692764
2,1,1,0.6779541
2,0,0,0.4944903
2,0,1,0.6500047
2,0,0,0.47092143
2,0,0,0.26568496
2,1,1,0.78811985
2,0,0,0.43339443
2,0,0,0.35389048
2,1,1,0.71796143
2,1,0,0.36819404
2,0,0,0.2728598
2,0,0,0.3744456
2,1,0,0.2680342
2,0,1,0.5711145
2,0,0,0.46693653
2,1,1,0.9386418
2,1,1,0.79967505
2,1,1,0.750935
2,0,0,0.43512717
2,0,1,0.70313317
2,1,1,0.8512458
2,1,1,0.8474896
2,0,1,0.5806799
2,1,1,0.7105511
2,0,0,0.18189448
2,0,1,0.5980545
2,0,1,0.75250685
2,0,1,0.77249444
2,1,1,0.8398918
2,0,0,0.4523514
2,1,1,0.74518293
2,1,1,0.79202616
2,0,0,0.27436224
2,1,1,0.6506696
2,0,1,0.56058955
2,0,0,0.43116307
2,1,1,0.63058716
2,0,1,0.6094917
2,0,0,0.09520109
2,1,1,0.7944102
2,1,1,0.676224
2,1,1,0.69034827
2,1,1,0.7641902
2,1,1,0.557388
2,1,1,0.6794533
2,1,0,0.4587013
2,1,1,0.67906743
2,0,1,0.5997444
2,0,1,0.68417364
2,1,1,0.78035873
2,1,1,0.65724456
2,0,1,0.7623228
2,0,1,0.72251546
2,1,1,0.7436414
2,1,0,0.4663139
2,1,1,0.8089188
2,0,0,0.43834344
2,1,1,0.95631456
2,0,1,0.7755586
2,1,0,0.37697586
2,0,1,0.719839
2,1,1,0.7839014
2,0,0,0.49937344
2,1,1,0.5341382
2,0,0,0.4148072
2,0,0,0.4612156
2,0,1,0.5232893
2,1,1,0.9102947
2,0,0,0.19477552
2,0,0,0.31284273
2,1,0,0.35034353
2,1,1,0.7542472
2,1,1,0.84627944
2,0,1,0.53404975
2,1,0,0.26909375
2,1,1,0.6816851
2,1,1,0.7855287
2,1,0,0.30221498
2,1,0,0.29549754
2,1,0,0.49778008
2,0,0,0.07564531
2,0,0,0.14854263
2,0,1,0.5008416
2,1,0,0.42301518
2,0,1,0.78566366
2,0,0,0.49930567
2,1,0,0.42492417
2,0,0,0.23381534
2,1,0,0.3586573
2,0,0,0.36294308
2,1,1,0.50067204
2,1,0,0.4294831
2,1,1,0.6669596
2,0,0,0.10561169
2,0,0,0.12053989
2,0,0,0.25699776
2,1,1,0.55225575
2,1,0,0.4675232
2,1,1,0.6238673
2,1,0,0.12591575
2,0,0,0.27107242
2,1,0,0.13179317
2,0,1,0.6391485
2,0,0,0.29261252
2,1,1,0.63401574
2,1,1,0.6674493
2,1,1,0.8422859
2,0,0,0.31353706
2,0,1,0.5547938
2,0,0,0.37615654
2,1,0,0.32271177
2,0,0,0.28225175
2,0,0,0.4668215
2,1,1,0.61866426
2,0,0,0.24459305
2,0,0,0.08238541
2,0,0,0.4949048
2,1,1,0.5394555
2,0,0,0.181115
2,0,1,0.5271599
2,0,1,0.61797076
2,1,0,0.2729105
2,1,0,0.18705292
2,0,0,0.15575397
2,0,0,0.37265968
2,0,0,0.31826618
2,1,1,0.8392591
2,1,0,0.43359792
2,1,1,0.7041161
2,1,1,0.55561054
2,0,0,0.3451771
2,0,0,0.38683367
2,1,1,0.8068
2,0,1,0.52968067
2,1,0,0.2634782
2,1,0,0.47287753
2,1,0,0.41394967
2,0,1,0.6570053
2,0,1,0.63773245
2,0,0,0.31494328
2,0,0,0.41496024
2,1,0,0.4810927
2,0,1,0.72532094
2,0,1,0.6997325
2,0,1,0.6175168
2,0,0,0.49381357
2,0,0,0.43648985
2,0,0,0.3417869
2,1,1,0.87339294
2,0,0,0.41396812
2,0,1,0.6143175
2,1,1,0.5909096
2,1,0,0.38293803
2,1,0,0.32237026
2,1,0,0.48278934
2,1,1,0.5515048
2,1,1,0.5983417
2,0,0,0.44317123
2,0,1,0.58575225
2,1,0,0.47586888
2,0,1,0.57382554
2,0,1,0.6934643
2,1,0,0.43276986
2,0,0,0.369037
2,1,1,0.7513841
2,1,1,0.52956706
2,0,0,0.29431295
2,1,1,0.8222489
2,0,1,0.5383586
2,1,1,0.7248749
2,0,0,0.40608326
2,0,1,0.63984406
2,0,0,0.34644488
2,1,1,0.773058
2,0,0,0.4177672
2,1,1,0.7654437
2,0,1,0.6658344
2,1,0,0.48228306
2,1,1,0.8903075
2,1,1,0.65343034
2,1,1,0.70468104
2,0,0,0.4372781
2,0,1,0.53298205
2,1,1,0.784435
2,0,1,0.5029386
2,1,1,0.58192974
2,0,0,0.30519578
2,0,1,0.86031675
2,1,0,0.43319306
2,0,0,0.22482762
2,0,1,0.51204616
2,0,0,0.26881325
2,1,1,0.7883543
2,0,1,0.59787244
2,1,1,0.66077894
2,0,1,0.5539169
2,0,0,0.34586716
2,1,0,0.42709613
2,0,0,0.28758168
2,0,1,0.5089704
2,0,0,0.3918027
2,1,0,0.1403378
2,1,1,0.7814607
2,0,1,0.50565046
2,1,1,0.67989737
2,0,0,0.41909942
2,1,0,0.46654564
2,0,0,0.16068652
2,1,1,0.60021263
2,1,1,0.5489228
2,1,1,0.5496838
2,0,1,0.5515048
2,0,0,0.45427054
2,0,1,0.58575225
2,1,0,0.47586888
2,0,1,0.57382554
2,0,1,0.6934643
2,0,0,0.43276986
2,0,0,0.369037
2,1,1,0.6740697
2,0,0,0.36151743
2,1,1,0.6412707
2,1,1,0.67473197
2,1,0,0.44271126
2,0,0,0.313928
2,1,0,0.29633528
2,1,1,0.58557075
2,0,0,0.32414296
2,0,0,0.32762578
2,1,1,0.58108175
2,0,0,0.18061793
2,1,1,0.8037156
2,1,1,0.61749154
2,0,0,0.43313852
2,1,0,0.11325312
2,1,0,0.3998465
2,0,0,0.059423637
2,0,0,0.22837529
2,0,0,0.2881902
2,1,0,0.46692595
2,0,0,0.29807094
2,1,1,0.58796066
2,0,0,0.3118064
2,0,0,0.42421442
2,0,0,0.38739526
2,0,1,0.551542
2,0,0,0.3376347
2,1,1,0.5585408
2,0,1,0.832216
2,1,1,0.8084778
2,0,0,0.30505732
2,1,1,0.59088904
2,0,1,0.5207683
2,1,1,0.81390864
2,1,1,0.5869196
2,1,0,0.4601589
2,0,0,0.4590871
2,0,1,0.6845443
2,0,1,0.53256917
2,0,1,0.69587976
2,1,0,0.41669986
2,0,0,0.083087794
2,0,1,0.72257
2,1,1,0.72835696
2,1,1,0.7893272
2,1,1,0.8257658
2,0,0,0.47512487
2,1,1,0.82788885
2,0,1,0.62206453
2,0,0,0.4262525
2,0,0,0.39236495
2,0,0,0.4139391
2,1,1,0.8926703
2,1,1,0.780145
2,0,0,0.40073234
2,1,1,0.7015697
2,0,0,0.33131132
2,0,0,0.4206144
2,1,0,0.47573653
2,1,1,0.6104249
2,0,1,0.58586246
2,1,1,0.55769885
2,0,1,0.50373614
2,1,1,0.59269255
2,0,0,0.47778478
2,0,1,0.5494706
2,1,1,0.6508757
2,0,0,0.4579914
2,0,0,0.23679973
2,1,1,0.57318664
2,0,0,0.35468638
2,0,0,0.2410807
2,1,0,0.3036374
2,1,1,0.5370246
2,0,0,0.3769491
2,0,0,0.4739249
2,1,1,0.7783036
2,0,0,0.44383597
2,1,1,0.51405454
2,0,0,0.48075867
2,0,0,0.44956848
2,1,1,0.55366665
2,0,1,0.58503425
2,1,0,0.3809661
2,1,1,0.62753904
2,1,0,0.41696572
2,0,0,0.3222516
2,1,1,0.6981377
2,0,0,0.36085916
2,0,0,0.14081615
2,0,0,0.17851709
2,0,0,0.460038
2,0,0,0.20865662
2,1,0,0.27044296
2,0,0,0.3811019
2,0,0,0.38468987
2,0,0,0.39019015
2,1,1,0.66003686
2,1,1,0.6131125
2,0,0,0.14159752
2,0,0,0.30153763
2,0,0,0.15630847
2,0,0,0.17125033
2,1,1,0.55917376
2,0,0,0.30499914
2,0,0,0.4723121
2,0,0,0.2490622
2,1,0,0.35666826
2,0,0,0.44075215
2,1,0,0.17464802
2,0,0,0.15725894
2,0,0,0.41655555
2,1,1,0.6701589
2,0,0,0.38490608
2,1,1,0.7379318
2,1,1,0.861281
2,1,1,0.5700064
2,1,1,0.5520555
2,1,1,0.65040606
2,0,1,0.7374353
2,0,0,0.29382592
2,1,0,0.18281275
2,0,0,0.35342684
2,0,0,0.23007238
2,0,0,0.16942808
2,1,0,0.38516462
2,1,0,0.38619855
2,0,1,0.5841113
2,1,0,0.3642933
2,1,1,0.53097343
2,1,1,0.77627784
2,1,0,0.4734082
2,0,1,0.7565298
2,0,0,0.42022943
2,1,1,0.5490378
2,0,0,0.40364712
2,1,0,0.4314543
2,0,0,0.44656366
2,0,1,0.58064747
2,1,1,0.6533997
2,0,1,0.5136363
2,0,1,0.5071069
2,0,0,0.17058071
2,1,0,0.45052457
2,1,1,0.71074766
2,1,0,0.48981762
2,1,1,0.7419097
2,1,0,0.27809733
2,1,0,0.4671619
2,0,0,0.19008692
2,0,0,0.34710228
2,0,0,0.22820064
2,0,1,0.86271435
2,0,0,0.43205455
2,0,1,0.61648417
2,0,0,0.452087
2,1,1,0.5791356
2,0,0,0.42678973
2,1,1,0.51605463
2,1,0,0.21142708
2,1,0,0.422224
2,0,1,0.61659324
2,1,1,0.69611007
2,1,0,0.476359
2,0,0,0.25077906
2,0,1,0.7224337
2,1,1,0.62392306
2,0,1,0.710027
2,1,0,0.18847892
2,0,0,0.15915747
2,0,0,0.43084183
2,0,0,0.42856562
2,0,0,0.095769875
2,1,1,0.57877904
2,0,0,0.4284126
2,1,1,0.51902163
2,1,1,0.6014112
2,0,1,0.5663028
2,1,1,0.64614147
2,1,0,0.4656516
2,0,0,0.45006374
2,0,0,0.40263104
2,0,1,0.6204544
2,1,1,0.85592234
2,1,1,0.699234
2,1,1,0.5838015
2,1,1,0.52700263
2,0,0,0.44377464
2,0,1,0.5776986
2,1,0,0.21433242
2,0,1,0.6107291
2,1,1,0.562017
2,0,1,0.70180273
2,0,0,0.35206437
2,1,1,0.7867775
2,0,0,0.24880846
2,1,1,0.51244915
2,0,0,0.3973435
2,0,0,0.13562472
2,0,0,0.39492682
2,1,1,0.7616309
2,0,0,0.1353214
2,1,0,0.41556093
2,1,1,0.6531912
2,1,1,0.70308554
2,1,1,0.6392088
2,0,0,0.1311313
2,0,0,0.05783263
2,0,0,0.08401826
2,1,0,0.3985838
2,0,0,0.07941515
2,1,1,0.91500276
2,1,1,0.599529
2,0,0,0.27340525
2,0,0,0.38888165
2,0,0,0.2558898
2,1,0,0.33670563
2,1,1,0.5023552
2,0,0,0.35339397
2,0,0,0.38573626
2,1,1,0.5806508
2,0,0,0.38925508
2,1,1,0.50564235
2,0,1,0.6153852
2,1,1,0.9355687
2,0,1,0.6810691
2,0,1,0.64012706
2,1,1,0.65344244
2,0,0,0.47109795
2,0,0,0.4605628
2,1,1,0.6825644
2,1,0,0.46190643
2,1,1,0.8696246
2,0,0,0.35843933
2,1,1,0.5656523
2,0,1,0.6311023
2,0,1,0.5320823
2,1,1,0.515115
2,0,1,0.6689997
2,1,1,0.6572153
2,0,0,0.2885982
2,0,0,0.4247323
2,0,1,0.87486434
2,1,0,0.33371982
2,0,0,0.22182241
2,1,0,0.39054692
2,0,0,0.31661883
2,0,0,0.27352569
2,0,0,0.26720393
2,1,1,0.5079228
2,0,1,0.56045765
2,1,1,0.5610157
2,1,0,0.29683888
2,1,1,0.7990983
2,0,1,0.5891095
2,1,1,0.70345885
2,0,0,0.36740586
2,1,0,0.4434491
2,1,0,0.4472012
2,1,0,0.28922936
2,0,0,0.46928436
2,0,1,0.73033816
2,1,1,0.5608602
2,0,1,0.6690779
2,0,1,0.549003
2,0,0,0.31799075
2,0,0,0.29441938
2,1,1,0.8392591
2,1,0,0.43359792
2,1,1,0.7041161
2,1,1,0.55561054
2,0,0,0.3451771
2,0,0,0.38683367
2,1,1,0.8068
2,0,1,0.52968067
2,1,0,0.2634782
2,1,0,0.47287753
2,1,0,0.41394967
2,0,0,0.48945233
2,0,1,0.5277283
2,0,0,0.16461587
2,0,0,0.31494328
2,0,0,0.41496024
2,1,0,0.4810927
2,0,1,0.72532094
2,0,1,0.6997325
2,0,1,0.6175168
2,0,0,0.49381357
2,1,0,0.43648985
2,0,0,0.3417869
2,1,1,0.6958293
2,0,0,0.35079983
2,1,1,0.76248384
2,0,1,0.604775
2,0,0,0.49401903
2,0,1,0.6242445
2,0,0,0.24258187
2,1,1,0.65255034
2,0,0,0.43290576
2,1,1,0.55227786
2,1,0,0.46583673
2,1,1,0.51793766
2,1,1,0.53606254
2,0,0,0.14896375
2,1,1,0.70250463
2,1,1,0.61376745
2,1,1,0.87239
2,0,0,0.24629053
2,1,1,0.8691174
2,0,0,0.16659786
2,1,1,0.5112794
2,0,0,0.27883935
2,0,1,0.7666328
2,0,1,0.52023417
2,1,1,0.5233101
2,1,1,0.6842001
2,0,0,0.36917177
2,1,1,0.76509005
2,0,1,0.53898907
2,1,1,0.7528694
2,1,1,0.66912687
2,0,0,0.19896966
2,0,1,0.6113096
2,1,1,0.5702338
2,1,1,0.53365296
2,1,1,0.63429075
2,0,1,0.6866167
2,0,0,0.36570993
2,0,0,0.3928371
2,1,1,0.7357895
2,0,1,0.6549874
2,1,1,0.6940057
2,1,1,0.83164823
2,0,0,0.41587332
2,1,0,0.36084592
2,0,0,0.30911094
2,0,0,0.39815766
2,0,1,0.53062963
2,0,0,0.32550642
2,1,0,0.108106256
2,0,0,0.3005029
2,1,1,0.69029176
2,0,0,0.2882097
2,1,1,0.6413694
2,1,0,0.44706994
2,0,0,0.3110077
2,1,0,0.21761334
2,0,0,0.470484
2,1,0,0.4707426
2,0,0,0.34266597
2,0,0,0.0637413
2,0,1,0.63082004
2,1,0,0.48130512
2,1,1,0.6951836
2,1,1,0.51525
2,1,1,0.6949796
2,1,1,0.7265423
2,0,0,0.36591864
2,0,0,0.077899285
2,1,1,0.8987578
2,0,0,0.109883316
2,0,0,0.18668233
2,0,0,0.4923912
2,0,0,0.47443256
2,0,0,0.42423066
2,0,1,0.570787
2,1,1,0.56649005
2,0,1,0.65413433
2,0,0,0.45614055
2,1,1,0.8590465
2,1,0,0.1070842
2,0,1,0.6726948
2,1,1,0.8086337
2,0,0,0.4412155
2,1,1,0.69247746
2,1,0,0.41794962
2,0,0,0.471364
2,0,0,0.24613895
2,1,0,0.32830003
2,0,0,0.31320187
2,0,0,0.41189036
2,0,0,0.34887776
2,1,0,0.29338747
2,0,0,0.4172968
2,0,0,0.18273838
2,0,0,0.41919437
2,0,0,0.36194807
2,1,1,0.71594334
2,0,0,0.088318154
2,1,0,0.34625456
2,0,0,0.4728122
2,1,1,0.87493235
2,0,1,0.66641283
2,0,0,0.26302204
2,1,1,0.55884343
2,1,0,0.33466658
2,1,0,0.30271724
2,0,1,0.5829739
2,0,1,0.54682654
2,0,0,0.49372292
2,1,1,0.53233963
2,1,1,0.73173684
2,0,1,0.6403254
2,1,1,0.8477444
2,1,1,0.51622593
2,0,0,0.29930168
2,1,1,0.5584175
2,0,0,0.07491191
2,0,0,0.4101188
2,0,0,0.29258516
2,1,1,0.8152919
2,0,0,0.26344413
2,0,0,0.33384326
2,1,1,0.79834604
2,1,1,0.7208713
2,1,1,0.6160866
2,0,1,0.5449456
2,0,1,0.5170631
2,0,0,0.24632399
2,0,0,0.14096668
2,1,1,0.87450236
2,1,1,0.7620374
2,0,1,0.5871821
2,0,0,0.3860783
2,1,0,0.4468377
2,0,1,0.52503866
2,0,0,0.43785596
2,0,0,0.19874765
2,0,1,0.58000517
2,1,1,0.64748126
2,1,1,0.60822135
2,0,1,0.81033045
2,0,0,0.4476881
2,0,1,0.5732762
2,0,0,0.48042095
2,1,0,0.24872096
2,1,0,0.34327152
2,1,0,0.46288624
2,1,1,0.6661867
2,1,1,0.7595148
2,1,1,0.65758634
2,1,0,0.20331745
2,1,1,0.70708525
2,1,0,0.1587355
2,1,0,0.28132063
2,1,0,0.069553636
2,0,0,0.1907316
2,1,1,0.70815194
2,0,1,0.6333412
2,0,1,0.5732762
2,0,0,0.24872096
2,0,0,0.34327152
2,0,1,0.6852941
2,0,1,0.70096076
2,0,0,0.18961003
2,0,0,0.3650748
2,0,0,0.3526725
2,0,0,0.3998432
2,0,1,0.78180176
2,1,0,0.32905543
2,1,1,0.6820371
2,1,1,0.5520619
2,0,1,0.7071618
2,0,0,0.39861235
2,0,0,0.18540823
2,0,1,0.5687916
2,1,1,0.62718356
2,1,1,0.6961015
2,1,1,0.7044093
2,1,1,0.78444695
2,1,1,0.5846943
2,1,1,0.7249119
2,0,1,0.5356592
2,1,1,0.67920405
2,0,0,0.1779209
2,0,0,0.46409062
2,1,1,0.70708525
2,0,0,0.1587355
2,0,0,0.28132063
2,0,0,0.069553636
2,0,0,0.1907316
2,1,1,0.70815194
2,1,1,0.7637313
2,1,1,0.74046254
2,0,1,0.6253713
2,0,0,0.1865151
2,0,1,0.6062086
2,0,1,0.5001989
2,1,1,0.7574926
2,0,0,0.33207288
2,0,0,0.43618977
2,0,1,0.54607815
2,0,1,0.7317246
2,0,1,0.7269791
2,0,1,0.6072276
2,0,0,0.16092609
2,0,0,0.16846798
2,1,0,0.3791919
2,0,0,0.10499396
2,1,1,0.52260476
2,0,1,0.541888
2,0,0,0.18461527
2,1,0,0.31170848
2,0,0,0.22048561
2,0,0,0.4032465
2,0,0,0.16806601
2,0,0,0.2746346
2,0,0,0.0563786
2,0,0,0.29807812
2,1,0,0.32203752
2,0,0,0.09680797
2,0,0,0.43292984
2,1,0,0.44945145
2,0,0,0.4966288
2,0,1,0.50785995
2,0,0,0.24675502
2,0,0,0.29380545
2,0,0,0.47568485
2,1,0,0.25154218
2,0,0,0.078804575
2,0,0,0.37726006
2,1,0,0.2117061
2,1,0,0.4373254
2,1,0,0.47515085
2,0,0,0.094374046
2,0,0,0.2981511
2,1,1,0.5823892
2,0,0,0.32435596
2,1,1,0.6662399
2,1,0,0.21531987
2,0,0,0.08018733
2,1,0,0.4791216
2,1,1,0.6357026
2,1,1,0.5245292
2,1,1,0.55212027
2,0,0,0.25919676
2,1,0,0.37516293
2,0,0,0.111535184
2,1,0,0.48478615
2,0,1,0.7573444
2,1,0,0.37025172
2,1,0,0.09586885
2,0,0,0.31526628
2,0,1,0.58401513
2,0,0,0.26207405
2,0,0,0.15047666
2,0,0,0.43743646
2,0,0,0.4183142
2,0,1,0.55298734
2,0,0,0.319585
2,0,0,0.18904988
2,0,0,0.07361899
2,0,0,0.47930965
2,0,0,0.29103088
2,1,0,0.18916197
2,1,1,0.6876053
2,0,0,0.29105464
2,1,0,0.37334612
2,0,0,0.26311603
2,0,0,0.3145056
2,0,0,0.29630396
2,1,0,0.37012723
2,0,0,0.41084287
2,1,0,0.4726682
2,0,0,0.16799499
2,0,0,0.3374957
2,0,0,0.13485985
2,1,1,0.5521778
2,0,0,0.32691267
2,0,0,0.29357705
2,0,0,0.1162873
2,0,0,0.3945439
2,1,0,0.35417172
2,0,0,0.08725369
2,1,0,0.22515465
2,0,1,0.52538323
2,0,0,0.49668595
2,0,0,0.49522066
2,0,0,0.26185712
2,0,0,0.091031305
2,0,0,0.1630414
2,0,0,0.08955214
2,1,0,0.3128005
2,1,1,0.5687561
2,0,0,0.1183018
2,1,1,0.5001811
2,1,1,0.62420636
2,1,0,0.32364625
2,0,0,0.14557588
2,1,0,0.43916968
2,0,1,0.50620323
2,0,0,0.0861229
2,1,0,0.35155198
2,0,0,0.101794966
2,1,1,0.5180391
2,0,0,0.31020245
2,0,0,0.22449282
2,0,0,0.08547677
2,0,0,0.18403149
2,0,0,0.39213815
2,0,0,0.045513585
2,0,0,0.09314286
2,1,1,0.5202016
2,1,0,0.28303447
2,0,0,0.3844381
2,0,0,0.059252847
2,1,1,0.5621307
2,0,0,0.36499545
2,1,1,0.62635756
2,1,0,0.3729771
2,1,1,0.5243332
2,0,0,0.4190749
2,1,1,0.5717782
2,0,0,0.07840848
2,1,0,0.3957243
2,1,0,0.4197108
2,1,0,0.49844617
2,1,1,0.67492753
2,0,0,0.08780998
2,1,0,0.321541
2,0,1,0.5238026
2,0,0,0.37759468
2,0,0,0.34858245
2,1,0,0.32727274
2,1,0,0.40594274
2,0,0,0.1013213
2,0,0,0.10769849
2,0,0,0.07575562
2,0,0,0.25359315
2,1,1,0.57748187
2,0,0,0.4657338
2,1,0,0.3729194
2,0,0,0.43878207
2,0,1,0.65882397
2,0,0,0.11069058
2,0,0,0.2965738
2,0,0,0.41986233
2,1,1,0.5985631
2,1,0,0.2985062
2,1,1,0.5151497
2,1,0,0.43486542
2,0,0,0.17249818
2,0,0,0.18909949
2,1,0,0.39611536
2,0,0,0.119815744
2,0,0,0.123965256
2,1,0,0.48613873
2,0,0,0.26881057
2,0,0,0.2726316
2,0,0,0.06221687
2,0,0,0.070543215
2,0,0,0.42885756
2,1,0,0.363588
2,1,0,0.49539614
2,1,1,0.599846
2,1,0,0.3791919
2,0,0,0.121819444
2,0,0,0.10337907
2,0,0,0.27246308
2,1,1,0.6002058
2,0,0,0.12050948
2,1,0,0.18618712
2,0,1,0.63805354
2,0,0,0.12999833
2,0,0,0.15020962
2,1,0,0.22769281
2,1,0,0.42860627
2,0,0,0.28281268
2,0,0,0.48372573
2,1,0,0.30780193
2,1,1,0.53708583
2,0,1,0.57389563
2,0,1,0.66937685
2,0,0,0.16967236
2,0,0,0.11724601
2,0,0,0.15115187
2,1,0,0.49494487
2,0,0,0.10945278
2,1,0,0.19940099
2,0,0,0.27418128
2,0,0,0.1296384
2,1,0,0.16395873
2,0,0,0.4600525
2,0,0,0.3110632
2,0,0,0.1662605
2,0,0,0.30985343
2,0,0,0.19558388
2,0,0,0.19990312
2,1,0,0.46505046
2,0,0,0.49554577
2,0,0,0.2439975
2,1,1,0.62796605
2,1,1,0.51677084
2,0,0,0.20967357
2,1,1,0.71573067
2,0,0,0.129035
2,0,0,0.31989717
2,0,0,0.18375793
2,0,0,0.11263679
2,1,1,0.5569763
2,0,0,0.19655234
2,1,1,0.79245216
2,0,0,0.23980422
2,1,1,0.7744733
2,0,0,0.107219785
2,0,0,0.40846944
2,0,0,0.12378833
2,1,1,0.5311672
2,1,1,0.6584279
2,0,0,0.42150056
2,0,1,0.5214775
2,0,0,0.4671288
2,0,1,0.64098287
2,1,1,0.5857137
2,1,0,0.3814656
2,0,0,0.13754028
2,0,0,0.18088458
2,1,0,0.16444033
2,1,1,0.78737414
2,1,0,0.33702466
2,1,0,0.25368315
2,1,1,0.6506816
2,1,1,0.63272315
2,1,0,0.44185433
2,0,0,0.14492637
2,1,0,0.42507714
2,1,0,0.19536896
2,1,1,0.7262696
2,0,0,0.106306955
2,0,0,0.499749
2,0,0,0.1741013
2,1,0,0.28045014
2,0,0,0.3226728
2,1,1,0.6009567
2,0,0,0.4553353
2,0,0,0.30833992
2,0,1,0.72241175
2,0,1,0.5104485
2,0,1,0.78547174
2,0,0,0.34435463
2,1,0,0.2835604
2,0,0,0.42201066
2,1,1,0.5775494
2,1,1,0.7386817
2,0,1,0.53606004
2,0,0,0.13726942
2,0,0,0.1984637
2,1,1,0.6260793
2,0,1,0.6727241
2,1,1,0.69424844
2,0,0,0.41851726
2,0,0,0.4084032
2,1,0,0.3625406
2,0,0,0.35652497
2,0,0,0.33306867
2,0,0,0.31744316
2,1,1,0.6690455
2,1,0,0.49812612
2,0,0,0.25479993
2,1,0,0.32942632
2,0,0,0.2586954
2,0,1,0.5254379
2,0,0,0.13267462
2,0,0,0.11284987
2,0,0,0.2982604
2,1,0,0.24729982
2,0,1,0.7339878
2,1,1,0.5203123
2,0,1,0.7035308
2,1,1,0.7244779
2,1,1,0.6557503
2,0,0,0.13959093
2,0,0,0.19193634
2,0,0,0.13198076
2,0,0,0.19402047
2,0,0,0.060473528
2,0,0,0.14307113
2,0,1,0.5560672
2,0,0,0.22275528
2,0,1,0.6870794
2,0,1,0.50913817
2,1,0,0.3208718
2,1,0,0.36639565
2,0,0,0.4764614
2,0,0,0.08731685
2,1,1,0.636384
2,1,0,0.2822581
2,0,0,0.15677743
2,0,0,0.18918122
2,1,1,0.53917307
2,0,0,0.32804236
2,1,1,0.6103609
2,1,0,0.3643795
2,0,0,0.10359261
2,1,0,0.3474601
2,1,1,0.6551849
2,1,1,0.5489219
2,1,1,0.6493175
2,0,1,0.51788217
2,1,1,0.67632467
2,1,0,0.46884218
2,1,1,0.5452294
2,1,0,0.4066974
2,1,0,0.3599849
2,0,0,0.26764154
2,0,1,0.57715344
2,1,1,0.7338576
2,0,0,0.17148247
2,1,1,0.6375744
2,0,0,0.41310465
2,0,0,0.25183558
2,1,0,0.4903894
2,1,0,0.43710652
2,1,0,0.16923925
2,0,1,0.50919425
2,1,1,0.68739337
2,0,0,0.22438656
2,1,1,0.62782645
2,0,0,0.32370272
2,0,0,0.43006387
2,1,1,0.5532458
2,1,1,0.52923065
2,1,0,0.25461113
2,0,0,0.19208796
2,0,1,0.5984297
2,0,0,0.41377616
2,1,1,0.73147666
2,0,1,0.54400647
2,0,0,0.42753354
2,0,0,0.24846227
2,0,0,0.07433101
2,1,1,0.53522766
2,0,0,0.10750019
2,1,0,0.28811783
2,0,0,0.4284239
2,0,1,0.6945167
2,1,1,0.7047616
2,1,1,0.5820279
2,0,0,0.1538908
2,1,0,0.42566603
2,0,0,0.28322613
2,0,0,0.3623114
2,0,0,0.09819302
2,1,0,0.49324912
2,1,0,0.2448272
2,0,0,0.08716452
2,0,0,0.1920761
2,1,0,0.2615482
2,0,0,0.35222286
2,1,1,0.73825616
2,0,0,0.19566475
2,1,1,0.6377549
2,0,0,0.41069618
2,1,0,0.2497521
2,0,0,0.08577516
2,0,0,0.098884195
2,0,0,0.32152638
2,1,0,0.33552518
2,1,1,0.83017766
2,1,1,0.54266626
2,0,0,0.12451564
2,0,0,0.46124312
2,1,1,0.697033
2,0,0,0.07708971
2,0,1,0.6379981
2,1,1,0.6435825
2,0,0,0.27322918
2,1,1,0.87234014
2,0,0,0.48335063
2,0,1,0.6446638
2,1,0,0.44818136
2,0,1,0.7551576
2,0,1,0.66779256
2,0,0,0.35082793
2,1,1,0.7900953
2,1,1,0.6936943
2,0,1,0.5614903
2,0,1,0.57448405
2,1,1,0.83262163
2,1,1,0.69065917
2,1,1,0.792547
2,1,1,0.7153026
2,1,1,0.5470542
2,1,1,0.7695928
2,0,1,0.54480374
2,1,1,0.5971597
2,1,1,0.88940156
2,1,1,0.72807616
2,0,1,0.6513821
2,0,1,0.74138784
2,0,0,0.4579387
2,0,0,0.47356805
2,0,1,0.64237195
2,1,1,0.64615667
2,0,0,0.45295087
2,0,1,0.52423304
2,0,1,0.54811597
2,1,1,0.5796007
2,1,1,0.58080786
2,0,0,0.45971417
2,0,0,0.47757506
2,0,1,0.8402942
2,1,1,0.557388
2,0,1,0.5464342
2,1,1,0.64565957
2,0,0,0.4930645
2,1,1,0.81604207
2,1,1,0.7429276
2,0,0,0.2373342
2,1,1,0.7252123
2,0,0,0.24342722
2,0,0,0.12075684
2,0,1,0.76084304
2,1,1,0.630677
2,0,1,0.7392767
2,1,1,0.7529337
2,0,1,0.5087436
2,1,1,0.6279507
2,1,0,0.4509556
2,1,0,0.30262384
2,0,0,0.2129191
2,0,0,0.20528454
2,0,0,0.3545546
2,0,0,0.24608688
2,0,1,0.5069251
2,1,0,0.40368378
2,1,0,0.45826346
2,1,1,0.5043419
2,0,1,0.61389005
2,0,1,0.51780534
2,1,1,0.72058606
2,1,1,0.61818963
2,1,0,0.43573827
2,0,0,0.2706396
2,0,0,0.30305892
2,1,1,0.614738
2,1,1,0.6054861
2,1,1,0.5343495
2,1,1,0.5850313
2,0,1,0.61764693
2,0,1,0.5661766
2,0,0,0.44244593
2,0,1,0.51227605
2,0,1,0.50436836
2,1,1,0.60092384
2,0,0,0.35237932
2,0,1,0.579874
2,0,0,0.12205128
2,1,1,0.74411106
2,0,1,0.51788056
2,0,1,0.5038333
2,0,0,0.2798821
2,0,0,0.14753771
2,0,0,0.39831448
2,1,0,0.48643306
2,0,0,0.34652594
2,1,0,0.36034587
2,1,1,0.5634091
2,0,0,0.15305035
2,1,0,0.11869731
2,1,1,0.6084859
2,1,0,0.39443693
2,1,0,0.47458577
2,0,0,0.14533967
2,1,0,0.41144148
2,1,1,0.56192213
2,1,0,0.23778722
2,0,0,0.2643092
2,0,0,0.25362965
2,1,1,0.7361222
2,0,1,0.61886466
2,0,0,0.40278774
2,1,0,0.43110588
2,0,0,0.31743538
2,1,0,0.13113172
2,0,0,0.49167666
2,0,0,0.19563824
2,0,0,0.2728915
2,0,0,0.24060318
2,1,0,0.12458168
2,0,0,0.34113812
2,0,0,0.39793247
2,1,1,0.5683568
2,1,1,0.5417721
2,0,0,0.34160605
2,0,0,0.30800512
2,0,0,0.23654684
2,1,1,0.57580286
2,1,0,0.45428112
2,1,1,0.5942496
2,0,0,0.07369246
2,0,0,0.21834669
2,0,0,0.15564875
2,0,1,0.92756975
2,0,1,0.7214955
2,1,1,0.59099984
2,1,0,0.42088708
2,1,1,0.8630613
2,0,1,0.5147679
2,1,1,0.64159983
2,0,0,0.12738903
2,1,0,0.44993457
2,0,1,0.6015603
2,0,1,0.743174
2,0,0,0.37895006
2,1,1,0.87397313
2,0,1,0.52741253
2,1,1,0.6868445
2,1,1,0.5816326
2,1,1,0.6317998
2,0,0,0.27152163
2,0,1,0.6065532
2,1,1,0.79864794
2,1,1,0.7611384
2,0,0,0.49231726
2,1,1,0.8554405
2,0,0,0.3529427
2,0,1,0.5036832
2,1,0,0.4049954
2,1,0,0.48930883
2,1,1,0.6407674
2,1,1,0.64642817
2,0,1,0.52919817
2,0,0,0.44912973
2,0,1,0.7087069
2,1,1,0.6842881
2,0,0,0.43184775
2,0,0,0.40576738
2,0,0,0.30748197
2,1,1,0.89901525
2,1,1,0.5785095
2,1,1,0.8106218
2,0,0,0.34248576
2,0,1,0.6237552
2,0,0,0.15828201
2,1,1,0.69941366
2,1,1,0.5025461
2,0,0,0.15149051
2,1,1,0.6834673
2,0,1,0.545002
2,1,1,0.72121084
2,0,0,0.33049387
2,0,0,0.2902008
2,1,1,0.5554926
2,0,1,0.6739739
2,0,1,0.537426
2,1,1,0.762898
2,1,1,0.6029014
2,1,1,0.6171997
2,0,0,0.4929807
2,0,1,0.6159602
2,1,1,0.5669413
2,0,0,0.451531
2,0,1,0.6682202
2,1,1,0.8541072
2,0,1,0.5014389
2,1,1,0.60321766
2,1,0,0.4722675
2,0,1,0.6776617
2,0,0,0.03451108
2,0,1,0.6179833
2,1,0,0.38040543
2,0,0,0.475664
2,0,1,0.72226596
2,1,1,0.6387953
2,0,1,0.6092359
2,0,0,0.32144302
2,1,0,0.41555786
2,1,1,0.5419418
2,0,0,0.35060516
2,1,1,0.5495079
2,1,0,0.49732113
2,0,0,0.34208933
2,1,1,0.50005424
2,1,1,0.5401312
2,1,0,0.41565967
2,1,1,0.7927758
2,1,0,0.45369804
2,0,0,0.45726135
2,1,0,0.32936913
2,0,0,0.19813557
2,0,0,0.15716058
2,0,0,0.20760396
2,1,1,0.540263
2,1,0,0.29002818
2,1,1,0.6391557
2,0,0,0.3796559
2,0,1,0.71338606
2,1,1,0.7647607
2,0,1,0.5297718
2,1,0,0.40551737
2,0,0,0.08174323
2,0,0,0.11638824
2,1,0,0.49938524
2,0,1,0.5506953
2,0,1,0.6221708
2,1,1,0.70971507
2,0,0,0.122225255
2,0,0,0.4729449
2,1,0,0.30473158
2,1,0,0.2793653
2,1,1,0.5477006
2,0,0,0.3262301
2,1,1,0.54159796
2,0,0,0.32520223
2,0,0,0.29957056
2,1,1,0.5849572
2,0,0,0.21657033
2,0,0,0.43681192
2,1,1,0.6142766
2,1,1,0.570143
2,0,1,0.50640124
2,0,0,0.47098747
2,0,0,0.29754964
2,0,0,0.2650297
2,0,0,0.38094792
2,0,1,0.56674916
2,0,1,0.7389058
2,1,0,0.40332398
2,1,1,0.6451584
2,1,0,0.47383946
2,0,0,0.20189987
2,1,1,0.78086674
2,1,0,0.39281026
2,0,0,0.3103474
2,1,0,0.36311376
2,1,0,0.4003524
2,1,0,0.15556706
2,0,0,0.40086752
2,1,1,0.6589491
2,0,1,0.54545856
2,1,1,0.50660515
2,0,0,0.24993598
2,0,0,0.40479693
2,0,0,0.30535692
2,0,0,0.16226819
2,1,1,0.8711668
2,1,0,0.40810367
2,0,0,0.4425227
2,0,0,0.24103475
2,1,1,0.523905
2,1,0,0.23066354
2,1,1,0.5320132
2,0,0,0.26587394
2,0,0,0.42026505
2,0,0,0.49885663
2,0,0,0.4109576
2,1,1,0.6820968
2,1,1,0.55219
2,0,0,0.18501113
2,1,1,0.758346
2,0,0,0.10940636
2,1,0,0.45181912
2,1,1,0.5269594
2,0,0,0.4729454
2,0,0,0.39419928
2,1,0,0.4369819
2,1,0,0.33280477
2,0,0,0.15411307
2,1,1,0.81442416
2,1,0,0.30079514
2,0,0,0.27176666
2,0,0,0.25867367
2,0,0,0.19800037
2,1,0,0.3699356
2,0,0,0.3470569
2,1,0,0.30050802
2,0,1,0.5227228
2,0,0,0.2682766
2,0,0,0.32064834
2,0,0,0.08075863
2,1,1,0.75044286
2,0,0,0.3445588
2,1,0,0.46692905
2,0,0,0.2820966
2,1,1,0.6204326
2,0,0,0.27708307
2,0,1,0.61916304
2,1,1,0.6539773
2,1,1,0.9285838
2,1,1,0.84130937
2,0,0,0.37821138
2,1,1,0.682882
2,1,1,0.5025028
2,0,0,0.1811611
2,0,1,0.6810991
2,0,1,0.70786846
2,0,0,0.25509423
2,0,0,0.22876172
2,1,1,0.7726188
2,0,0,0.35435447
2,0,0,0.236073
2,1,1,0.5612275
2,0,0,0.25852597
2,0,1,0.5053771
2,0,0,0.37559986
2,0,0,0.4574428
2,0,1,0.642911
2,0,0,0.41931432
2,1,0,0.43517038
2,1,1,0.649285
2,1,1,0.70689404
2,0,0,0.21408102
2,0,0,0.2722051
2,0,0,0.39503357
2,1,1,0.65539986
2,1,1,0.5216452
2,1,0,0.438718
2,1,1,0.748546
2,1,1,0.54599977
2,0,0,0.49312595
2,0,1,0.5161994
2,0,1,0.56125873
2,1,1,0.63364583
2,0,1,0.6367781
2,0,0,0.4835517
2,0,1,0.55203193
2,1,1,0.5045578
2,1,1,0.8089097
2,0,0,0.35128742
2,1,1,0.691319
2,1,1,0.5703153
2,0,0,0.43676826
2,1,0,0.46922144
2,0,0,0.3412264
2,1,1,0.69951767
2,1,0,0.45680422
2,1,1,0.69388235
2,0,1,0.6003661
2,1,0,0.2337842
2,1,1,0.58769363
2,0,0,0.40528348
2,0,0,0.43901545
2,0,1,0.58644545
2,0,0,0.46200588
2,0,1,0.63729686
2,0,0,0.38864678
2,1,1,0.7578843
2,0,0,0.4058301
2,1,1,0.59797597
2,0,0,0.35991946
2,1,1,0.584747
2,1,0,0.31815583
2,1,1,0.72942895
2,0,1,0.5540834
2,0,1,0.6154206
2,0,0,0.2284956
2,1,1,0.6853404
2,0,1,0.65940243
2,0,0,0.30757624
2,1,1,0.80525416
2,1,1,0.5358468
2,1,1,0.5041424
2,1,1,0.62079054
2,0,1,0.648245
2,1,0,0.43104234
2,1,1,0.52944213
2,0,0,0.28745553
2,1,1,0.66120404
2,0,1,0.7301393
2,0,0,0.41741547
2,0,0,0.43287894
2,1,1,0.51897526
2,0,0,0.43005106
2,1,1,0.749499
2,1,1,0.8875119
2,0,0,0.1792938
2,1,0,0.44646725
2,0,0,0.40444493
2,1,0,0.48617253
2,1,0,0.41457313
2,0,0,0.41346171
2,0,0,0.39729607
2,0,0,0.42795965
2,0,0,0.20600751
2,1,1,0.6563481
2,1,1,0.80006707
2,1,1,0.5333911
2,1,1,0.53755003
2,1,0,0.47499052
2,0,0,0.4739515
2,0,0,0.4371574
2,0,1,0.6100023
2,1,1,0.60283124
2,1,1,0.68308884
2,1,1,0.6022298
2,0,0,0.40953684
2,1,1,0.5782681
2,0,0,0.4431098
2,1,1,0.8208936
2,1,0,0.42810917
2,0,0,0.30896425
2,1,0,0.38897675
2,1,0,0.3600021
2,0,0,0.34286487
2,0,0,0.28680712
2,1,1,0.71195424
2,1,1,0.67180204
2,0,1,0.59284663
2,0,0,0.3871168
2,1,1,0.8433617
2,0,0,0.42130867
2,0,1,0.5634086
2,1,1,0.6505455
2,0,0,0.29791445
2,0,0,0.25901902
2,1,0,0.28733638
2,0,0,0.4472533
2,1,0,0.46402746
2,1,1,0.6768405
2,1,0,0.3528116
2,1,1,0.6054717
2,0,1,0.6399538
2,1,1,0.6992406
2,0,0,0.4603379
2,1,0,0.39540824
2,1,0,0.4387964
2,0,1,0.7405776
2,0,0,0.3190943
2,1,1,0.56550556
2,0,1,0.59335554
2,0,0,0.09960712
2,1,1,0.6301802
2,1,1,0.6716747
2,0,0,0.41703925
2,0,1,0.52838093
2,0,1,0.5977616
2,1,1,0.91539794
2,0,0,0.4321519
2,1,0,0.4539741
2,1,1,0.5667186
2,0,1,0.50992775
2,0,0,0.14260614
2,0,0,0.17859414
2,0,0,0.14083043
2,0,0,0.26166958
2,0,0,0.23435573
2,0,0,0.23787975
2,1,1,0.77790004
2,1,0,0.45215693
2,1,0,0.3533276
2,0,0,0.4476372
2,1,1,0.5272922
2,1,1,0.88053644
2,1,1,0.7848927
2,1,1,0.59746736
2,0,0,0.47936103
2,1,1,0.71674675
2,0,1,0.70713425
2,1,0,0.19795412
2,0,0,0.40844628
2,1,1,0.5920555
2,1,1,0.50172734
2,1,1,0.6756828
2,1,0,0.3346266
2,1,1,0.5670935
2,0,1,0.621942
2,1,0,0.36068138
2,1,0,0.4671175
2,0,0,0.24372879
2,0,0,0.309977
2,0,0,0.36292797
2,1,1,0.5876259
2,0,0,0.17933713
2,1,1,0.619182
2,0,0,0.42662364
2,0,0,0.21735129
2,0,0,0.054910235
2,0,0,0.31836423
2,0,1,0.6468112
2,1,1,0.74656916
2,0,0,0.43353516
2,1,0,0.48929763
2,0,0,0.30006087
2,0,1,0.6703681
2,0,0,0.24645303
2,0,0,0.37081587
2,1,1,0.67617023
2,1,1,0.68731683
2,0,1,0.86574167
2,1,0,0.44647187
2,1,0,0.4293038
2,1,1,0.5568056
2,0,0,0.4111499
2,0,0,0.49130872
2,1,1,0.6504992
2,0,0,0.17715383
2,1,1,0.7623711
2,1,1,0.5479755
2,0,1,0.60768867
2,1,1,0.59293044
2,0,0,0.1721879
2,1,1,0.55444205
2,0,1,0.68093777
2,1,1,0.58815074
2,0,0,0.37171945
2,0,1,0.5344195
2,0,1,0.53576744
2,1,1,0.5284597
2,1,1,0.5045735
2,1,1,0.6211052
2,1,1,0.70776063
2,1,1,0.76111877
2,0,1,0.58009243
2,0,1,0.5504698
2,1,1,0.5063575
2,1,1,0.57013464
2,1,1,0.73438615
2,1,1,0.68578625
2,0,0,0.39067447
2,1,1,0.5511181
2,0,0,0.2278293
2,1,1,0.5154558
2,0,0,0.49917865
2,0,0,0.48558593
2,0,0,0.21417971
2,0,1,0.5720155
2,1,1,0.81956667
2,0,0,0.44960782
2,1,1,0.5400482
2,1,0,0.4711602
2,0,0,0.2527326
2,0,1,0.58766174
2,0,0,0.15594736
2,0,1,0.54152864
2,0,1,0.72259575
2,1,1,0.7233373
2,1,1,0.59325725
2,0,1,0.57840925
2,1,1,0.87345666
2,0,1,0.5659978
2,0,1,0.5501888
2,1,1,0.67499954
2,0,0,0.14041801
2,1,1,0.879899
2,1,1,0.7310908
2,1,1,0.833833
2,1,1,0.83160967
2,1,1,0.8113759
2,0,1,0.5188785
2,1,1,0.68489325
2,1,0,0.4585598
2,0,1,0.7704457
2,1,1,0.69540817
2,1,1,0.90871805
2,1,1,0.8437673
2,0,1,0.5068265
2,0,1,0.5222062
2,0,1,0.8176333
2,1,1,0.8292657
2,0,1,0.7489314
2,1,1,0.8739003
2,0,1,0.7292268
2,1,0,0.31396002
2,1,0,0.4526713
2,1,1,0.63734347
2,1,0,0.31300598
2,1,1,0.6399314
2,0,0,0.06759081
2,1,0,0.47150645
2,1,1,0.5181422
2,0,1,0.5764481
2,0,0,0.46699896
2,1,1,0.7588127
2,1,0,0.4958212
2,0,1,0.6328363
2,0,1,0.51355076
2,0,0,0.46356767
2,0,0,0.17916459
2,0,1,0.5495479
2,1,1,0.85980654
2,0,0,0.44152924
2,1,0,0.42542008
2,1,1,0.5711411
2,1,0,0.39526817
2,1,1,0.5926846
2,1,1,0.64816266
2,1,1,0.59992456
2,1,1,0.6656791
2,0,0,0.052057512
2,0,0,0.30920282
2,1,0,0.3831934
2,0,1,0.6624465
2,0,1,0.7159183
2,1,1,0.50661093
2,1,1,0.81667423
2,1,1,0.7543156
2,1,1,0.8686368
2,0,0,0.44316095
2,1,1,0.5000045
2,0,0,0.4490767
2,0,0,0.45198655
2,1,1,0.70391273
2,0,0,0.15968932
2,1,1,0.83355016
2,1,1,0.56784135
2,1,1,0.68072873
2,0,0,0.31841245
2,0,1,0.51675963
2,0,0,0.3581662
2,0,1,0.5868497
2,1,0,0.28391275
2,0,0,0.3915645
2,0,0,0.12981303
2,1,1,0.89037234
2,1,1,0.86510855
2,0,0,0.37691116
2,1,1,0.8242308
2,1,1,0.7981014
2,0,1,0.604452
2,1,1,0.65052897
2,1,0,0.3736729
2,0,0,0.19085802
2,1,1,0.82418716
2,0,0,0.07605722
2,0,0,0.26525062
2,1,1,0.8614647
2,1,1,0.8364684
2,0,0,0.48398453
2,1,1,0.7827328
2,1,1,0.8582308
2,0,1,0.68046105
2,1,0,0.3821074
2,0,1,0.6539794
2,1,0,0.34239766
2,0,0,0.27556235
2,0,0,0.30742407
2,1,1,0.572431
2,1,1,0.68717873
2,1,0,0.3615793
2,1,1,0.7879649
2,0,0,0.41271296
2,1,1,0.52929896
2,0,0,0.18215255
2,1,1,0.76543975
2,0,1,0.5467254
2,1,0,0.4058763
2,0,0,0.42269573
2,0,1,0.5831724
2,0,1,0.51178265
2,1,0,0.26392016
2,0,1,0.6151242
2,0,0,0.24914494
2,1,1,0.58122605
2,0,0,0.08539847
2,0,0,0.2684217
2,1,1,0.55765164
2,1,1,0.78136325
2,1,1,0.5281527
2,0,0,0.3082199
2,0,0,0.24225257
2,1,1,0.6668058
2,1,1,0.59791553
2,1,0,0.42488167
2,1,1,0.81624186
2,1,1,0.6625625
2,1,1,0.6410278
2,0,0,0.3448478
2,1,1,0.6630382
2,0,0,0.3603453
2,0,1,0.7398395
2,1,0,0.4218819
2,0,0,0.09271282
2,1,0,0.34677646
2,1,1,0.63755924
2,1,0,0.35367498
2,0,0,0.4477825
2,0,0,0.39828032
2,0,0,0.28552568
2,0,0,0.1835469
2,0,0,0.25845397
2,0,0,0.3593034
2,0,0,0.1597301
2,0,0,0.20860921
2,0,0,0.36441818
2,0,0,0.0608547
2,1,1,0.7863539
2,0,0,0.4661992
2,1,1,0.8689357
2,0,1,0.8234181
2,0,0,0.13159217
2,1,1,0.7714453
2,1,1,0.7699645
2,0,1,0.6381034
2,1,1,0.8084502
2,0,0,0.33412316
2,0,0,0.2674907
2,1,1,0.7456351
2,0,1,0.5573938
2,1,1,0.57452303
2,0,1,0.69359803
2,1,1,0.81312954
2,1,1,0.6769815
2,1,1,0.80743706
2,0,0,0.19434744
2,0,1,0.65828586
2,1,1,0.884992
2,0,0,0.4478678
2,1,1,0.63879055
2,1,0,0.46712476
2,0,0,0.14677833
2,0,0,0.3934162
2,0,0,0.116872795
2,0,0,0.3346183
2,0,1,0.7416338
2,0,0,0.41291097
2,0,0,0.24875788
2,1,1,0.7636811
2,0,0,0.37906882
2,0,0,0.46205902
2,0,1,0.8569565
2,1,1,0.82353246
2,1,1,0.6910676
2,1,1,0.8720507
2,0,1,0.89816403
2,0,0,0.22046512
2,1,1,0.6594047
2,0,0,0.43365204
2,1,0,0.37830856
2,1,1,0.7520581
2,1,1,0.71124756
2,0,1,0.5017162
2,0,0,0.41907874
2,0,0,0.3361684
2,1,1,0.66043895
2,1,1,0.8075186
2,1,1,0.513327
2,0,1,0.60572267
2,1,0,0.43903
2,1,0,0.3883619
2,1,0,0.121758394
2,1,0,0.38902873
2,0,1,0.5562287
2,1,0,0.29804748
2,1,0,0.27012363
2,1,0,0.38722166
2,1,1,0.7946608
2,0,1,0.5709039
2,1,0,0.35417458
2,0,1,0.66582096
2,1,1,0.65822965
2,0,0,0.19636713
2,0,0,0.33808106
2,0,0,0.43792462
2,1,0,0.25909021
2,0,0,0.33936727
2,1,0,0.44498986
2,0,1,0.61839515
2,1,1,0.90728587
2,1,1,0.65644264
2,0,0,0.46176812
2,1,1,0.8135721
2,0,0,0.33661366
2,1,1,0.6251285
2,0,1,0.63969237
2,0,0,0.3936067
2,0,1,0.5520003
2,0,1,0.5267262
2,0,0,0.34347996
2,1,1,0.785212
2,1,1,0.6825675
2,0,0,0.2751745
2,1,1,0.57897514
2,1,1,0.8551205
2,0,0,0.1932243
2,1,1,0.7195771
2,1,1,0.85739106
2,1,1,0.90663874
2,0,1,0.5396375
2,0,0,0.41382974
2,0,0,0.083115414
2,1,1,0.80158937
2,0,1,0.5080875
2,1,1,0.7787253
2,1,0,0.39090195
2,0,0,0.13601588
2,1,1,0.90194327
2,1,1,0.65399235
2,0,1,0.56722265
2,0,0,0.15478839
2,1,1,0.6965275
2,1,0,0.49281824
2,0,0,0.37288585
2,0,0,0.38316715
2,0,0,0.16314267
2,0,1,0.53090084
2,0,0,0.13290697
2,1,1,0.70355564
2,0,1,0.7507488
2,1,1,0.8972588
2,1,1,0.6426831
2,0,1,0.6709686
2,0,1,0.79502946
2,0,0,0.21291113
2,1,0,0.32744646
2,0,0,0.3044767
2,0,0,0.27951938
2,1,1,0.6382246
2,0,0,0.10610322
2,0,0,0.30718035
2,0,0,0.23407607
2,0,0,0.35662878
2,1,1,0.7866223
2,0,0,0.26629108
2,1,1,0.5741077
2,0,0,0.28729016
2,0,0,0.35475576
2,1,0,0.24805343
2,1,0,0.15129398
2,0,0,0.19919851
2,1,1,0.53459936
2,1,0,0.38628146
2,1,1,0.845188
2,1,1,0.6276112
2,0,0,0.44891107
2,1,0,0.46833625
2,0,0,0.24090114
2,1,0,0.4231491
2,1,1,0.5773202
2,0,0,0.44187567
2,1,1,0.95444417
2,0,1,0.5278652
2,0,1,0.81193227
2,0,1,0.5881256
2,0,0,0.44837537
2,0,1,0.60905385
2,1,1,0.7067884
2,1,1,0.6072607
2,0,0,0.4834806
2,1,0,0.4547826
2,1,1,0.67765695
2,0,0,0.46356738
2,1,1,0.8435438
2,0,0,0.19554858
2,0,0,0.4014155
2,1,0,0.45784467
2,0,1,0.5910453
2,1,0,0.44507408
2,0,1,0.67144907
2,0,1,0.6928624
2,1,0,0.20013943
2,1,1,0.7884932
2,1,1,0.64133334
2,0,1,0.53885967
2,0,1,0.68532133
2,1,1,0.70200175
2,1,1,0.6274125
2,1,1,0.65793496
2,1,1,0.7926651
2,0,1,0.79384804
2,0,0,0.2953907
2,0,0,0.1967593
2,1,0,0.43202174
2,1,1,0.5258747
2,0,0,0.13955924
2,0,0,0.41858995
2,0,0,0.39276275
2,1,1,0.7067705
2,0,0,0.32068214
2,1,1,0.5431451
2,0,0,0.30167404
2,1,0,0.24718365
2,0,0,0.077263385
2,0,0,0.19931923
2,0,1,0.71972394
2,1,0,0.3073623
2,0,0,0.49251944
2,0,0,0.27380034
2,0,0,0.49599123
2,1,1,0.8552491
2,1,1,0.7630279
2,1,1,0.5942472
2,0,0,0.43220696
2,0,1,0.7522964
2,0,0,0.13188092
2,1,1,0.7570884
2,1,0,0.28412434
2,1,1,0.5885912
2,1,1,0.53649354
2,0,1,0.6616408
2,0,0,0.46831492
2,1,1,0.855329
2,0,1,0.6360511
2,0,1,0.6134141
2,0,1,0.50017077
2,1,1,0.604123
2,1,1,0.8361192
2,0,0,0.3336535
2,1,1,0.9253166
2,0,1,0.63029796
2,0,0,0.4244856
2,0,1,0.7567515
2,1,1,0.7523121
2,0,1,0.50165
2,0,1,0.5825148
2,0,1,0.72519666
2,0,1,0.6553986
2,1,1,0.73304546
2,1,1,0.8131173
2,1,1,0.7719988
2,1,1,0.8155156
2,0,1,0.6399223
2,1,1,0.910789
2,1,1,0.5022956
2,1,1,0.8712051
2,0,0,0.30675283
2,1,1,0.87423235
2,1,1,0.55852586
2,0,0,0.40857425
2,0,0,0.24508098
2,0,1,0.63662916
2,0,1,0.607521
2,0,0,0.4473185
2,0,1,0.74293
2,0,0,0.30875617
2,0,0,0.09095458
2,1,0,0.45802745
2,1,1,0.76983845
2,1,1,0.8035606
2,0,0,0.4532058
2,0,1,0.5320935
2,0,0,0.21283023
2,1,0,0.49815306
2,1,1,0.731436
2,1,1,0.52606845
2,0,0,0.34150666
2,0,0,0.20334588
2,1,0,0.46630573
2,1,1,0.5917684
2,1,0,0.4844858
2,1,1,0.51716095
2,1,0,0.34664777
2,0,0,0.26827547
2,0,0,0.4985911
2,0,0,0.32000023
2,0,0,0.072671354
2,0,0,0.27922958
2,0,0,0.23073784
2,1,1,0.74538875
2,1,1,0.6079735
2,1,0,0.2942993
2,0,0,0.2219124
2,0,1,0.51353544
2,1,0,0.3231283
2,1,0,0.398296
2,1,0,0.28130382
2,0,0,0.3249802
2,1,1,0.5181425
2,0,0,0.28006092
2,1,0,0.33203405
2,1,1,0.80845433
2,0,0,0.07150971
2,0,0,0.1828754
2,1,1,0.70785266
2,0,0,0.15574194
2,0,0,0.23121716
2,0,0,0.4018337
2,0,1,0.6367727
2,1,1,0.75157744
2,0,0,0.3819254
2,0,1,0.6481011
2,0,0,0.17857367
2,0,0,0.20192745
2,1,1,0.8544043
2,0,0,0.3126418
2,0,0,0.22872713
2,1,1,0.8038571
2,1,1,0.53961766
2,1,1,0.5719323
2,0,0,0.3831184
2,0,1,0.74303234
2,0,1,0.8049407
2,0,1,0.53607064
2,0,0,0.058465343
2,1,0,0.27808166
2,1,0,0.24741584
2,1,0,0.26349136
2,0,0,0.31741935
2,1,1,0.7662261
2,0,0,0.34693637
2,0,0,0.3328914
2,0,0,0.46010774
2,1,1,0.7221765
2,0,1,0.6607662
2,1,1,0.59514517
2,0,0,0.31450903
2,1,1,0.8088129
2,0,0,0.3476924
2,1,1,0.6739754
2,1,0,0.46132615
2,1,1,0.56840193
2,1,1,0.5054138
2,1,1,0.7704876
2,0,0,0.47792345
2,1,1,0.6131663
2,1,1,0.66468567
2,0,1,0.5380431
2,0,0,0.39149573
2,0,1,0.6139633
2,0,1,0.53623635
2,0,1,0.5980641
2,1,1,0.5136066
2,1,1,0.5567699
2,0,0,0.4997448
2,1,0,0.2745872
2,0,0,0.19013825
2,1,0,0.45767722
2,0,1,0.77743596
2,0,0,0.3558597
2,0,0,0.28003883
2,1,1,0.63567567
2,0,0,0.2146333
2,1,0,0.17835073
2,1,0,0.47197
2,1,0,0.2694134
2,0,0,0.15256847
2,1,0,0.22756818
2,0,0,0.17303121
2,1,1,0.66784966
2,0,0,0.13101761
2,0,0,0.39778054
2,1,0,0.45144525
2,0,0,0.4647927
2,1,1,0.74421144
2,0,1,0.5391313
2,1,1,0.60723174
2,1,0,0.37891462
2,1,1,0.6894327
2,1,0,0.35591328
2,1,1,0.8122957
2,0,1,0.55753994
2,0,0,0.40437278
2,0,0,0.32676813
2,0,0,0.26508757
2,0,0,0.3419004
2,1,1,0.65818214
2,0,1,0.63547623
2,1,1,0.52661747
2,1,1,0.6247392
2,1,0,0.47667786
2,1,1,0.5468407
2,0,1,0.59376985
2,1,1,0.7110907
2,0,1,0.58727264
2,1,1,0.7278312
2,1,1,0.50464904
2,1,1,0.7989824
2,1,0,0.4369506
2,1,1,0.62566835
2,0,1,0.85553175
2,0,0,0.46044308
2,1,0,0.35521477
2,0,1,0.6399551
2,0,0,0.2641909
2,1,1,0.6182867
2,0,0,0.1721905
2,1,0,0.4221085
2,1,0,0.47949833
2,1,1,0.85815793
2,0,1,0.7976768
2,1,1,0.85949814
2,1,1,0.6974713
2,0,1,0.77605873
2,0,1,0.54562885
2,1,1,0.9035982
2,1,0,0.43129405
2,0,0,0.29941654
2,0,1,0.63089687
2,1,1,0.6711115
2,0,0,0.31499943
2,0,1,0.59865993
2,0,0,0.31926194
2,1,1,0.676529
2,1,1,0.8374385
2,0,0,0.32072482
2,0,0,0.21234913
2,1,0,0.3982361
2,1,1,0.6189781
2,0,0,0.36422634
2,1,1,0.5858982
2,1,1,0.840331
2,0,0,0.28752932
2,0,0,0.24401477
2,0,1,0.612865
2,0,1,0.50867707
2,0,0,0.24071768
2,1,0,0.48562112
2,0,0,0.22540626
2,1,1,0.5283716
2,1,0,0.43723035
2,0,0,0.059256673
2,0,1,0.8825944
2,0,0,0.47997192
2,1,0,0.46813887
2,1,0,0.28354403
2,0,0,0.36593089
2,0,1,0.5928545
2,0,0,0.39545467
2,1,1,0.52653915
2,1,0,0.46516636
2,1,1,0.5642864
2,0,0,0.33663622
2,1,1,0.61425287
2,1,1,0.5019221
2,1,1,0.56776416
2,0,0,0.073640354
2,1,1,0.5052756
2,0,0,0.23797783
2,0,0,0.3881456
2,0,0,0.43193936
2,1,1,0.82376325
2,0,1,0.6142273
2,0,0,0.32372612
2,0,0,0.40592524
2,0,1,0.5842068
2,0,1,0.59377044
2,0,1,0.8996771
2,1,1,0.5902641
2,0,0,0.16474919
2,0,0,0.17585978
2,0,1,0.6475159
2,1,1,0.7037078
2,1,1,0.55721486
2,0,1,0.5625872
2,0,0,0.36345097
2,1,1,0.69879395
2,0,1,0.58394396
2,0,0,0.34943312
2,0,1,0.5452626
2,1,0,0.38960066
2,1,0,0.35121006
2,0,1,0.5915294
2,1,1,0.76098144
2,0,1,0.8060674
2,1,1,0.90474606
2,1,1,0.6257456
2,0,0,0.36812374
2,1,0,0.43491146
2,0,1,0.6293399
2,0,0,0.2114802
2,0,0,0.43040144
2,0,0,0.29142
2,1,1,0.6957062
2,1,1,0.70470685
2,1,0,0.40812832
2,1,0,0.49468958
2,1,1,0.5659457
2,0,0,0.4794754
2,0,0,0.16844293
2,1,0,0.48089316
2,0,0,0.38522092
2,0,1,0.72867054
2,0,0,0.30875617
2,0,0,0.09095458
2,1,0,0.45802745
2,1,1,0.89752644
2,0,0,0.4562733
2,0,1,0.5725147
2,1,0,0.23935436
2,1,0,0.4990269
2,1,1,0.50851333
2,0,0,0.41019875
2,1,1,0.86382115
2,0,0,0.15437843
2,0,0,0.36953777
2,0,0,0.48703557
2,1,0,0.25275335
2,0,0,0.10560069
2,0,0,0.06029432
2,1,0,0.14142726
2,1,1,0.7804015
2,1,0,0.24679044
2,0,0,0.114955306
2,0,0,0.16286707
2,0,0,0.104157865
2,0,0,0.4662294
2,0,1,0.80013275
2,1,1,0.83979255
2,1,1,0.61439943
2,1,0,0.3087335
2,1,1,0.8580026
2,0,0,0.49046454
2,0,1,0.6975493
2,0,1,0.88583183
2,1,1,0.6464398
2,1,0,0.2275075
2,1,0,0.36816934
2,1,1,0.86058587
2,1,1,0.50385267
2,0,0,0.38949493
2,0,0,0.28001562
2,0,0,0.2741489
2,0,1,0.5737271
2,1,1,0.62538046
2,0,0,0.17411797
2,0,1,0.6126393
2,1,1,0.5410475
2,1,0,0.36346033
2,1,1,0.84173834
2,1,1,0.5414126
2,0,1,0.630736
2,0,0,0.37474477
2,0,1,0.72132593
2,1,1,0.59779686
2,0,0,0.40544912
2,1,1,0.7584103
2,0,1,0.5010231
2,0,0,0.076682754
2,1,1,0.7498162
2,0,0,0.44452584
2,0,1,0.68426436
2,0,0,0.36833975
2,0,0,0.3323875
2,1,1,0.6742521
2,1,0,0.48108166
2,1,0,0.3666619
2,0,1,0.65743494
2,1,1,0.5497743
2,1,1,0.64140534
2,1,1,0.54457766
2,0,1,0.5054274
2,0,1,0.7293076
2,1,1,0.57430637
2,0,1,0.7504847
2,0,0,0.18033217
2,0,1,0.71219337
2,0,0,0.1644488
2,1,0,0.27803698
2,0,0,0.059936106
2,1,1,0.66886276
2,1,1,0.7227278
2,1,1,0.54968834
2,1,0,0.31056422
2,1,1,0.8525301
2,1,1,0.68829155
2,0,0,0.31301978
2,1,0,0.45272654
2,0,0,0.48228666
2,1,1,0.55203426
2,1,1,0.62562054
2,0,1,0.71882886
2,0,1,0.5352756
2,0,0,0.27559328
2,0,0,0.4378359
2,1,1,0.7378913
2,1,0,0.42999962
2,1,1,0.564867
2,0,0,0.40093997
2,1,1,0.78361464
2,1,0,0.21523413
2,0,0,0.4135647
2,1,1,0.5216928
2,0,0,0.39294413
2,1,0,0.27391872
2,1,1,0.6146576
2,1,1,0.81641144
2,0,0,0.16356431
2,1,1,0.80084217
2,0,0,0.41329277
2,1,1,0.8063158
2,0,0,0.18368612
2,0,1,0.61956125
2,0,0,0.2552211
2,1,1,0.51264715
2,1,1,0.70984674
2,1,0,0.40121347
2,1,1,0.54566705
2,0,1,0.56108147
2,0,0,0.41772175
2,0,0,0.29933426
2,1,1,0.5073866
2,0,0,0.3914899
2,0,0,0.42400306
2,0,1,0.69097644
2,0,0,0.42315617
2,1,0,0.38852102
2,1,1,0.9172904
2,1,1,0.5514022
2,1,0,0.48227325
2,1,1,0.5480907
2,0,0,0.16567847
2,0,1,0.75229526
2,1,1,0.6351496
2,0,1,0.5473953
2,1,1,0.79952896
2,1,1,0.63001394
2,1,1,0.87189764
2,1,1,0.7945169
2,1,1,0.71688485
2,1,1,0.6234066
2,1,1,0.83193624
2,0,0,0.31460938
2,1,1,0.7657037
2,1,1,0.61871773
2,0,0,0.46278554
2,0,1,0.7019442
2,0,0,0.47290555
2,1,1,0.80733716
2,1,1,0.54493064
2,1,1,0.8295112
2,1,1,0.5903048
2,0,1,0.6230352
2,1,1,0.680564
2,0,0,0.17484903
2,0,0,0.24324057
2,0,0,0.28987893
2,1,0,0.30915335
2,0,0,0.2192164
2,0,0,0.38823086
2,0,0,0.16346219
2,0,0,0.45712796
2,0,0,0.21442206
2,1,1,0.77762747
2,0,0,0.3218005
2,1,0,0.2132053
2,0,0,0.44736242
2,0,0,0.3290765
2,0,0,0.053277686
2,1,0,0.4568216
2,1,1,0.7298811
2,1,1,0.67884004
2,1,0,0.45523542
2,1,0,0.30689391
2,0,0,0.47126174
2,1,1,0.54769903
2,1,1,0.53376716
2,1,1,0.66751933
2,0,0,0.4021411
2,1,1,0.5360461
2,0,1,0.6234576
2,1,1,0.7339804
2,1,0,0.4613314
2,0,0,0.40516403
2,0,1,0.58565885
2,0,0,0.18622535
2,1,0,0.19879262
2,1,0,0.3762926
2,1,0,0.34479842
2,0,1,0.65265334
2,0,1,0.66715693
2,0,0,0.1720287
2,0,1,0.5735133
2,0,1,0.794743
2,1,1,0.91289693
2,1,1,0.71498644
2,0,0,0.4728899
2,1,0,0.41227052
2,1,1,0.7030071
2,0,0,0.42493185
2,0,0,0.4898658
2,1,1,0.54632765
2,1,1,0.66253847
2,0,0,0.31461874
2,1,0,0.46689367
2,0,0,0.3711216
2,1,1,0.8834438
2,1,1,0.64186203
2,0,0,0.17569737
2,0,0,0.42619452
2,0,1,0.72181255
2,0,1,0.6915987
2,0,1,0.6498901
2,1,0,0.29461917
2,1,0,0.4473695
2,0,1,0.6682396
2,0,0,0.22625218
2,0,0,0.18606451
2,1,1,0.77906317
2,1,1,0.8350199
2,1,1,0.78692234
2,1,1,0.61953306
2,1,1,0.63754076
2,1,0,0.46089312
2,1,1,0.6780001
2,0,1,0.5688902
2,0,0,0.29454052
2,0,0,0.17941277
2,0,0,0.27176553
2,0,0,0.15618755
2,1,0,0.43349418
2,1,1,0.8382188
2,0,0,0.1644838
2,1,1,0.7241274
2,1,1,0.5824117
2,1,1,0.75740176
2,1,1,0.84923255
2,1,1,0.7095306
2,1,0,0.45010793
2,1,0,0.3828684
2,0,1,0.56307286
2,0,0,0.22282997
2,0,0,0.3436463
2,1,0,0.32184952
2,1,1,0.5102805
2,0,0,0.33559316
2,0,0,0.24818358
2,0,1,0.7498647
2,0,1,0.5615685
2,0,0,0.23549911
2,0,0,0.43855068
2,0,0,0.27719364
2,1,0,0.3806694
2,0,1,0.6380695
2,0,0,0.19604662
2,0,0,0.36732453
2,1,0,0.20109104
2,1,1,0.63205206
2,0,0,0.41461357
2,1,1,0.6393405
2,0,0,0.3363306
2,1,0,0.4351175
2,0,1,0.63875973
2,1,0,0.4059338
2,1,1,0.7624118
2,0,0,0.21986923
2,0,0,0.4537786
2,1,1,0.6927701
2,1,1,0.5022157
2,1,1,0.8190228
2,0,0,0.39126968
2,1,0,0.48457116
2,1,0,0.4301782
2,0,0,0.44394967
2,0,0,0.192079
2,0,1,0.5546048
2,0,1,0.6734643
2,1,1,0.6263457
2,1,0,0.42620572
2,1,0,0.4946456
2,0,0,0.12569918
2,1,1,0.67316616
2,1,1,0.89163685
2,0,0,0.30951238
2,0,1,0.50116885
2,0,0,0.40501034
2,0,0,0.48461303
2,1,1,0.89611226
2,0,0,0.42325306
2,1,1,0.7154997
2,0,1,0.7951408
2,0,0,0.32934046
2,0,0,0.25809202
2,0,0,0.4533844
2,1,0,0.35565326
2,0,0,0.43899405
2,1,1,0.53244984
2,1,1,0.54362875
2,0,0,0.3252715
2,1,0,0.38720462
2,1,1,0.5000842
2,0,0,0.30711803
2,0,0,0.17359443
2,1,0,0.24072306
2,0,0,0.35528576
2,1,0,0.47628656
2,1,1,0.8303047
2,1,1,0.8078227
2,1,1,0.58061105
2,0,1,0.57382685
2,0,1,0.69775623
2,1,1,0.791398
2,1,1,0.7121437
2,1,0,0.43047696
2,0,0,0.2451973
2,1,1,0.8860024
2,0,0,0.3505609
2,0,1,0.7113718
2,0,1,0.5634444
2,1,0,0.38262263
2,1,0,0.38930187
2,1,0,0.4552684
2,1,0,0.4960679
2,0,1,0.89132726
2,0,1,0.58134645
2,1,1,0.7949709
2,1,0,0.3658289
2,0,0,0.36413684
2,0,1,0.6623597
2,0,0,0.39721847
2,1,0,0.44848806
2,0,0,0.13948995
2,0,1,0.57695436
2,1,1,0.67577827
2,0,1,0.6458849
2,0,1,0.6688187
2,0,0,0.42206892
2,0,0,0.10931582
2,1,1,0.6078039
2,1,1,0.831213
2,1,1,0.61884725
2,0,0,0.37553248
2,1,1,0.665621
2,1,1,0.5358819
2,0,1,0.6081812
2,1,0,0.32674214
2,1,1,0.6215122
2,0,1,0.668093
2,1,0,0.3891171
2,0,0,0.42182526
2,0,1,0.81277645
2,1,1,0.552197
2,0,0,0.48716903
2,0,0,0.36327732
2,1,0,0.45106542
2,0,0,0.079225495
2,1,1,0.60056347
2,0,1,0.5882097
2,1,1,0.5603374
2,1,1,0.61118364
2,1,1,0.8955936
2,1,0,0.49776
2,0,1,0.7879426
2,0,0,0.49143922
2,0,1,0.6862188
2,1,1,0.7719662
2,0,0,0.08316804
2,1,1,0.69162494
2,0,0,0.20981055
2,0,0,0.19731091
2,1,0,0.35625196
2,1,1,0.8455081
2,0,0,0.14846042
2,0,0,0.47456178
2,0,0,0.22576904
2,0,1,0.52562076
2,1,1,0.8961914
2,0,1,0.5926133
2,0,1,0.606065
2,1,1,0.5362494
2,1,0,0.4584928
2,0,1,0.5502996
2,0,0,0.27782163
2,1,0,0.41345432
2,1,0,0.4303542
2,0,0,0.3759499
2,0,0,0.2538661
2,1,0,0.26230192
2,0,0,0.45132938
2,1,1,0.79560006
2,1,1,0.6034148
2,0,0,0.30591875
2,0,1,0.579097
2,0,0,0.36995497
2,1,1,0.5585612
2,0,0,0.4600501
2,0,0,0.39274386
2,0,0,0.084588535
2,0,0,0.43533543
2,1,1,0.69695824
2,1,0,0.36224547
2,0,0,0.23708715
2,1,0,0.4777052
2,1,1,0.5909807
2,0,1,0.59740007
2,1,1,0.56842536
2,1,0,0.39328802
2,0,1,0.6566501
2,1,1,0.5904373
2,1,1,0.5396104
2,0,0,0.10474513
2,0,0,0.21803765
2,1,1,0.7257229
2,0,1,0.7895334
2,0,1,0.7554051
2,0,0,0.3814476
2,1,1,0.90238744
2,1,1,0.7742342
2,0,1,0.67086554
2,0,0,0.4047243
2,1,0,0.45419973
2,1,1,0.58880335
2,0,1,0.51299906
2,1,1,0.85109097
2,1,1,0.5111414
2,0,1,0.77248156
2,1,1,0.5563341
2,0,0,0.4969054
2,1,1,0.5230586
2,1,1,0.73216707
2,0,0,0.4346281
2,1,0,0.43420014
2,1,1,0.75928175
2,1,1,0.6969231
2,1,1,0.64604056
2,1,1,0.7095268
2,1,1,0.69620436
2,0,0,0.2915042
2,0,0,0.25800166
2,0,0,0.11794121
2,1,1,0.88740355
2,0,0,0.42029253
2,1,1,0.58037186
2,0,0,0.36925346
2,0,0,0.38450387
2,1,1,0.638829
2,0,0,0.479637
2,0,0,0.37418053
2,1,1,0.8615379
2,0,0,0.4662646
2,0,0,0.15206836
2,1,1,0.82116574
2,0,0,0.2672767
2,1,1,0.5563235
2,0,0,0.47754598
2,0,1,0.82516164
2,0,1,0.5339811
2,1,1,0.794085
2,1,0,0.4027684
2,1,1,0.75710356
2,1,1,0.74568534
2,1,0,0.46839094
2,1,0,0.49679646
2,1,1,0.7497774
2,1,1,0.72959644
2,0,1,0.6130264
2,0,0,0.22855157
2,0,0,0.11423481
2,0,0,0.39273164
2,1,1,0.76745594
2,0,0,0.21104428
2,1,1,0.76638347
2,0,1,0.57855684
2,0,1,0.58714134
2,0,0,0.40908828
2,0,1,0.5235778
2,0,0,0.1320234
2,0,0,0.4149933
2,1,0,0.47025207
2,1,1,0.8265225
2,1,1,0.8761606
2,1,1,0.51735985
2,0,1,0.703409
2,1,1,0.54628515
2,1,1,0.54655707
2,0,0,0.36317512
2,0,1,0.5130325
2,0,1,0.6909387
2,0,1,0.58052135
2,0,1,0.6685149
2,0,0,0.48663762
2,1,1,0.88959634
2,1,1,0.8749044
2,0,1,0.5493323
2,1,1,0.8226278
2,1,1,0.6407585
2,0,1,0.52441424
2,0,1,0.601365
2,0,0,0.19923888
2,1,1,0.80068344
2,0,0,0.32012025
2,0,1,0.7535933
2,0,0,0.36399487
2,0,0,0.26996976
2,1,1,0.54119146
2,1,1,0.67606205
2,1,1,0.8425304
2,0,1,0.67338115
2,0,0,0.48958424
2,1,1,0.6327027
2,1,1,0.54160523
2,1,1,0.8721373
2,1,0,0.43017235
2,1,1,0.89273524
2,0,0,0.3103769
2,0,1,0.70145655
2,1,1,0.7273609
2,0,1,0.56447375
2,1,1,0.65702915
2,1,1,0.5880267
2,1,1,0.5344992
2,0,0,0.2890784
2,1,1,0.7697014
2,0,0,0.44796917
2,1,1,0.7874461
2,0,0,0.16317645
2,0,0,0.1409824
2,0,0,0.18732569
2,1,1,0.5992766
2,1,1,0.9098692
2,0,1,0.76713043
2,1,1,0.71782935
2,1,1,0.8217358
2,0,0,0.38404208
2,0,0,0.19709724
2,0,1,0.6580967
2,1,1,0.73146814
2,1,0,0.4581584
2,1,0,0.40728223
2,1,0,0.3887265
2,1,1,0.58751494
2,0,1,0.5857804
2,0,0,0.41681486
2,1,1,0.5336162
2,0,1,0.71161604
2,0,0,0.32172075
2,0,1,0.57890034
2,1,1,0.6813231
2,0,1,0.59589416
2,0,1,0.64491516
2,0,1,0.69716936
2,0,1,0.5206986
2,1,1,0.6840043
2,1,1,0.7507045
2,0,0,0.46879488
2,0,0,0.19216554
2,1,1,0.56148136
2,0,1,0.6071498
2,0,0,0.27832428
2,1,0,0.4014948
2,0,0,0.34580207
2,1,1,0.6791661
2,1,1,0.6244416
2,1,0,0.37649706
2,0,1,0.5762529
2,0,1,0.5329183
2,1,0,0.35342842
2,0,1,0.5546947
2,0,1,0.5809404
2,1,0,0.39037436
2,0,1,0.8597465
2,1,1,0.5715525
2,0,0,0.3987056
2,1,1,0.67108846
2,0,0,0.40552172
2,1,1,0.7480298
2,1,0,0.46694785
2,0,1,0.5774009
2,0,0,0.34172308
2,1,1,0.903871
2,1,1,0.7222384
2,0,0,0.48804897
2,1,1,0.6315721
2,0,1,0.69593275
2,1,1,0.6680874
2,1,1,0.6984982
2,1,1,0.91791636
2,0,0,0.4799864
2,1,1,0.80466497
2,0,1,0.5027108
2,0,0,0.24399373
2,1,1,0.5349171
2,1,1,0.57703614
2,1,1,0.72928375
2,0,0,0.27104977
2,0,0,0.14288935
2,1,1,0.5863136
2,0,0,0.42873672
2,0,0,0.48137143
2,1,0,0.40193912
2,1,1,0.6642087
2,1,1,0.8281906
2,1,1,0.5842349
2,0,1,0.6907729
2,0,0,0.410848
2,1,1,0.6785411
2,1,0,0.39126602
2,1,1,0.6155724
2,0,1,0.7250061
2,0,1,0.63900733
2,0,1,0.64266276
2,1,1,0.8364042
2,0,0,0.30095607
2,1,1,0.7630556
2,0,0,0.41364494
2,0,1,0.58381164
2,0,0,0.44241092
2,1,0,0.3230716
2,1,0,0.36276573
2,0,1,0.6653139
2,0,0,0.28067878
2,1,1,0.9219462
2,0,0,0.2695112
2,0,0,0.34299767
2,0,0,0.2742882
2,1,0,0.4648802
2,0,1,0.5888468
2,1,1,0.5090636
2,0,0,0.37952602
2,1,0,0.2750354
2,0,0,0.4191037
2,0,1,0.7825389
2,1,1,0.8457211
2,0,1,0.6343019
2,1,1,0.7510441
2,0,1,0.53750324
2,1,1,0.81030065
2,0,1,0.5199411
2,0,0,0.24124195
2,1,1,0.5028297
2,0,0,0.26254585
2,0,1,0.7078491
2,1,1,0.6653289
2,0,0,0.1380715
2,1,1,0.6044502
2,1,0,0.4940958
2,0,0,0.365025
2,1,1,0.6906075
2,0,0,0.26961643
2,0,0,0.19253355
2,0,1,0.832396
2,1,0,0.47690377
2,0,0,0.20606326
2,1,1,0.87080216
2,1,0,0.47008273
2,1,1,0.6419418
2,0,0,0.18380778
2,1,1,0.7620354
2,1,1,0.50200975
2,1,0,0.43601832
2,0,0,0.20910682
2,1,1,0.54201233
2,0,0,0.23692013
2,0,0,0.30838856
2,0,1,0.5497575
2,0,1,0.5234454
2,0,1,0.5943357
2,0,1,0.5114892
2,1,1,0.6100204
2,1,0,0.19500111
2,1,0,0.47836512
2,1,1,0.7818122
2,1,0,0.4041105
2,0,0,0.22461349
2,1,0,0.3682831
2,0,0,0.21089447
2,0,1,0.65433484
2,1,1,0.8270066
2,1,1,0.5641555
2,1,1,0.5965134
2,1,1,0.7667093
2,1,1,0.79090583
2,1,1,0.5078426
2,0,0,0.14786677
2,1,1,0.76641405
2,0,0,0.44636816
2,0,0,0.36144683
2,1,1,0.7048194
2,0,0,0.15710421
2,0,1,0.6800244
2,1,0,0.49015242
2,1,1,0.6334927
2,0,0,0.14300936
2,0,1,0.5933409
2,1,1,0.66616505
2,0,0,0.2576691
2,0,0,0.481158
2,0,0,0.32607204
2,1,1,0.6278184
2,0,1,0.74434584
2,1,1,0.58342236
2,0,1,0.7588362
2,1,1,0.7717703
2,1,0,0.42718667
2,1,1,0.7188149
2,1,1,0.67939425
2,0,1,0.5581448
2,1,1,0.6943537
2,0,1,0.5453886
2,0,0,0.17969805
2,0,0,0.34092617
2,0,0,0.33616263
2,0,0,0.07641867
2,1,1,0.8276286
2,1,1,0.83036673
2,1,1,0.8491234
2,1,1,0.58847684
2,0,0,0.45416215
2,0,0,0.28882766
2,0,1,0.513535
2,1,1,0.7837099
2,0,0,0.38298365
2,0,0,0.31826332
2,0,0,0.47574282
2,0,0,0.43277282
2,1,1,0.865089
2,1,1,0.81188345
2,0,1,0.54685223
2,0,1,0.71853554
2,0,0,0.37555358
2,1,1,0.7863874
2,1,1,0.8037179
2,1,1,0.86369926
2,1,1,0.65554345
2,0,1,0.6833909
2,1,1,0.51506704
2,1,1,0.7047608
2,0,1,0.7119133
2,0,1,0.60611284
2,0,1,0.70672673
2,0,1,0.8433517
2,0,1,0.6085635
2,1,1,0.8134963
2,1,1,0.7881402
2,1,1,0.7302995
2,1,0,0.3942857
2,1,1,0.5226441
2,1,1,0.72481626
2,0,1,0.6021039
2,0,1,0.6653734
2,1,1,0.80976343
2,1,1,0.7667836
2,0,0,0.31033525
2,0,0,0.29526287
2,0,1,0.52858746
2,1,1,0.55293345
2,0,0,0.48240605
2,0,0,0.15363294
2,1,1,0.60791916
2,0,0,0.26890737
2,0,0,0.49785763
2,0,0,0.2427868
2,1,0,0.2533436
2,0,0,0.22379443
2,1,0,0.4720851
2,1,1,0.77651244
2,1,1,0.7836143
2,1,1,0.5208858
2,1,1,0.8580806
2,1,0,0.3904341
2,0,0,0.2305038
2,0,1,0.5034173
2,0,0,0.233802
2,0,1,0.7284072
2,0,0,0.25471765
2,1,1,0.695596
2,0,0,0.3513684
2,1,1,0.75315565
2,0,1,0.75700575
2,0,1,0.5656044
2,0,0,0.31252697
2,0,1,0.6962687
2,1,1,0.8159964
2,0,1,0.524816
2,1,1,0.5504226
2,1,0,0.46118534
2,0,1,0.5094511
2,0,0,0.41659215
2,1,1,0.5941186
2,0,0,0.49761307
2,0,1,0.5962297
2,1,0,0.3548961
2,0,0,0.4910559
2,0,1,0.5802801
2,1,1,0.77827835
2,1,0,0.42497927
2,1,0,0.40926304
2,0,0,0.36666086
2,0,0,0.28323427
2,0,1,0.616961
2,0,1,0.822091
2,0,1,0.76022613
2,1,1,0.90221554
2,0,1,0.8065522
2,1,1,0.897905
2,1,1,0.84652543
2,0,1,0.70850307
2,1,1,0.88626426
2,1,1,0.93989754
2,0,0,0.20254765
2,1,0,0.44746965
2,1,1,0.6747064
2,0,1,0.5952048
2,1,1,0.6577245
2,0,0,0.18047255
2,0,1,0.73507357
2,1,1,0.62434065
2,1,0,0.49352953
2,0,0,0.34517124
2,0,1,0.5114395
2,0,1,0.83884454
2,1,1,0.8888304
2,1,1,0.73053986
2,0,1,0.5481297
2,1,1,0.7563004
2,1,1,0.78365785
2,1,1,0.85676426
2,0,1,0.5133423
2,1,1,0.76390254
2,0,0,0.14248666
2,0,0,0.46121413
2,0,0,0.4224567
2,0,0,0.27966598
2,0,0,0.22967082
2,1,1,0.7707001
2,0,0,0.1847752
2,0,0,0.17909123
2,1,1,0.5922042
2,1,1,0.7617216
2,1,1,0.6463244
2,1,1,0.6685807
2,1,1,0.6328806
2,0,0,0.2903328
2,0,0,0.32658425
2,1,1,0.56526613
2,1,0,0.44300485
2,0,0,0.20398341
2,1,1,0.6602843
2,1,0,0.34575635
2,1,1,0.5741438
2,0,0,0.38925532
2,0,1,0.5057032
2,1,1,0.6371136
2,1,0,0.19776559
2,0,0,0.1456947
2,0,0,0.2700186
2,1,0,0.36564022
2,0,0,0.37797302
2,1,0,0.20595875
2,0,0,0.2307148
2,0,1,0.59656554
2,0,0,0.49034557
2,0,0,0.25523743
2,0,0,0.44724935
2,1,1,0.86517644
2,1,1,0.855675
2,0,0,0.43857345
2,0,1,0.6883903
2,1,1,0.76925683
2,0,0,0.2652391
2,1,0,0.4815788
2,0,0,0.23081768
2,1,1,0.6698956
2,1,1,0.79156774
2,0,0,0.4534901
2,1,1,0.7882855
2,1,1,0.50019723
2,1,0,0.353241
2,1,1,0.69522196
2,0,0,0.48236516
2,1,1,0.5777722
2,0,1,0.6647357
2,1,1,0.5624947
2,1,1,0.806954
2,0,0,0.27274883
2,1,0,0.3849186
2,1,1,0.5647115
2,0,0,0.3933822
2,0,1,0.69790494
2,1,1,0.51920176
2,0,0,0.13732918
2,0,0,0.112403974
2,0,0,0.24319631
2,1,1,0.78618515
2,1,0,0.42877996
2,1,1,0.62228423
2,1,0,0.42470187
2,1,1,0.544958
2,0,0,0.08771042
2,0,1,0.6296596
2,1,0,0.22153752
2,1,0,0.3739867
2,0,0,0.40618005
2,1,0,0.46212178
2,1,1,0.6569027
2,0,1,0.6121854
2,1,0,0.26118034
2,1,1,0.56562287
2,0,0,0.251858
2,0,0,0.3946976
2,0,0,0.4046789
2,0,1,0.79234296
2,0,0,0.20263053
2,0,1,0.59734005
2,0,0,0.13400717
2,1,1,0.71089387
2,0,0,0.42351273
2,0,0,0.22912066
2,0,1,0.6585028
2,1,1,0.5824208
2,1,1,0.5267388
2,1,1,0.6263746
2,0,1,0.6288612
2,1,1,0.5761712
2,1,1,0.823433
2,0,0,0.17915604
2,1,0,0.21104763
2,0,0,0.19047102
2,1,1,0.7849182
2,1,1,0.7429835
2,1,1,0.6289788
2,0,0,0.4782016
2,1,1,0.6128999
2,0,0,0.3211453
2,0,1,0.6995829
2,0,0,0.3178713
2,0,0,0.20576143
2,1,1,0.6492009
2,1,1,0.8125795
2,0,0,0.44383588
2,0,0,0.40757123
2,1,0,0.43212757
2,1,0,0.3211872
2,0,0,0.3408481
2,1,1,0.9086027
2,0,0,0.43634546
2,1,1,0.66786253
2,0,0,0.4754209
2,1,1,0.7643311
2,1,0,0.47589913
2,0,1,0.7443221
2,1,1,0.63848394
2,0,0,0.26325724
2,1,1,0.6367105
2,0,1,0.6086985
2,1,1,0.5738872
2,0,1,0.65986824
2,1,1,0.6222592
2,1,1,0.6134823
2,1,1,0.70016617
2,1,0,0.3934027
2,1,0,0.28513765
2,0,1,0.5415353
2,0,0,0.27472657
2,0,0,0.4886244
2,0,1,0.72732294
2,0,0,0.43851665
2,0,0,0.30251825
2,0,1,0.5832896
2,1,1,0.5580559
2,1,1,0.5390923
2,1,0,0.48868886
2,1,1,0.57822955
2,0,0,0.39311218
2,1,1,0.7689231
2,1,0,0.18252955
2,0,0,0.32113764
2,0,0,0.2038305
2,0,1,0.72231513
2,0,1,0.58213294
2,0,0,0.39236078
2,1,1,0.6154255
2,1,1,0.7227692
2,1,0,0.36823028
2,1,1,0.8713612
2,1,1,0.53117245
2,1,1,0.5382651
2,0,0,0.21283002
2,0,0,0.24671015
2,1,1,0.7764506
2,0,0,0.44190726
2,0,0,0.12939472
2,1,0,0.30615333
2,1,0,0.14877294
2,1,0,0.14416651
2,0,0,0.3519009
2,0,1,0.5599935
2,1,1,0.60039705
2,0,0,0.41818962
2,0,0,0.10942809
2,1,0,0.30274898
2,0,0,0.25419763
2,0,0,0.20595895
2,1,1,0.890971
2,0,0,0.42690176
2,0,1,0.7620251
2,0,0,0.40113544
2,1,1,0.509549
2,1,0,0.42701623
2,0,0,0.433295
2,1,1,0.67746836
2,1,0,0.34875238
2,1,0,0.4738938
2,0,0,0.2967851
2,0,0,0.07559429
2,1,1,0.8296481
2,1,1,0.66881907
2,0,0,0.41124648
2,0,0,0.3517286
2,0,0,0.114703454
2,1,1,0.561954
2,0,0,0.2570466
2,0,0,0.24170795
2,1,0,0.2868838
2,1,0,0.35297215
2,0,0,0.293337
2,0,0,0.38211572
2,1,0,0.3056998
2,0,0,0.2999829
2,0,0,0.4743667
2,1,1,0.759675
2,0,0,0.42247748
2,1,1,0.62050235
2,0,0,0.30930972
2,1,0,0.45265904
2,0,0,0.49456584
2,1,1,0.91436195
2,1,0,0.48675686
2,1,1,0.78654945
2,1,1,0.8776797
2,1,1,0.5436161
2,0,0,0.42038608
2,0,0,0.08496629
2,0,0,0.33639675
2,0,1,0.7024398
2,1,1,0.7268908
2,1,1,0.76655954
2,0,0,0.38614365
2,0,1,0.50409096
2,0,0,0.13496311
2,0,0,0.4528251
2,1,1,0.7293009
2,0,0,0.07484092
2,0,0,0.22911072
2,0,0,0.29660115
2,1,1,0.6783488
2,0,0,0.17499459
2,1,1,0.5516805
2,1,1,0.88467765
2,1,1,0.54134697
2,0,0,0.26818338
2,1,1,0.8873957
2,0,0,0.22379656
2,1,1,0.91677773
2,1,1,0.91341966
2,0,0,0.3569368
2,0,1,0.50873315
2,1,1,0.81634796
2,1,1,0.7986912
2,1,1,0.633342
2,0,0,0.42038608
2,0,0,0.08496629
2,1,1,0.8235919
2,0,0,0.15668643
2,0,0,0.119120546
2,0,1,0.5233571
2,0,0,0.2225934
2,1,1,0.8689572
2,1,1,0.8945513
2,0,0,0.35434458
2,0,0,0.25990126
2,1,0,0.42453167
2,0,0,0.14695491
2,0,0,0.09016432
2,1,1,0.6522346
2,0,0,0.40706387
2,0,0,0.2936132
2,0,1,0.61832374
2,1,0,0.4799669
2,1,1,0.6783488
2,0,0,0.17499459
2,0,1,0.5516805
2,1,1,0.54134697
2,1,1,0.883119
2,1,1,0.7579454
2,1,1,0.700302
2,1,1,0.743989
2,0,1,0.75478816
2,1,1,0.8123482
2,0,0,0.4427095
2,1,1,0.791217
2,0,0,0.39711082
2,0,1,0.5539784
2,0,0,0.47609985
2,0,1,0.65058
2,0,0,0.3588469
2,1,1,0.780193
2,1,1,0.52039117
2,1,1,0.7848972
2,1,1,0.9380024
2,0,1,0.6078508
2,0,1,0.8845717
2,0,0,0.28456298
2,1,1,0.8533891
2,0,0,0.2911357
2,0,1,0.6412495
2,1,1,0.8292242
2,1,1,0.6578604
2,1,1,0.56700855
2,0,1,0.62301326
2,1,0,0.36904544
2,1,0,0.3764878
2,0,0,0.34048915
2,1,1,0.62709355
2,0,0,0.3750072
2,0,0,0.20631
2,0,0,0.4189528
2,1,1,0.57808584
2,0,0,0.14407001
2,0,0,0.4381609
2,1,1,0.7260147
2,0,0,0.31206074
2,0,0,0.27372074
2,1,1,0.634666
2,0,0,0.3542525
2,1,0,0.4748882
2,1,0,0.40798295
2,0,0,0.38210478
2,0,0,0.36828285
2,0,0,0.09338426
2,0,1,0.5837575
2,0,0,0.15121354
2,0,0,0.3459838
2,1,0,0.28594244
2,1,1,0.5114676
2,1,1,0.7830474
2,0,1,0.5709762
2,0,0,0.3686771
2,0,0,0.3790157
2,0,0,0.48913816
2,0,0,0.2240984
2,1,0,0.35921434
2,0,0,0.2441917
2,0,0,0.2919916
2,0,0,0.38997447
2,1,0,0.29881468
2,1,1,0.6283278
2,0,0,0.15032981
2,1,0,0.24692638
2,0,1,0.5650744
2,0,0,0.081137374
2,0,0,0.22616108
2,0,0,0.07953538
2,1,1,0.67545676
2,1,1,0.76474464
2,1,1,0.8132465
2,0,0,0.1284564
2,0,1,0.5594955
2,1,1,0.7038227
2,0,0,0.49057755
2,1,0,0.3391325
2,1,1,0.73924124
2,0,0,0.33870223
2,1,1,0.5894288
2,0,0,0.27854216
2,0,1,0.58354306
2,1,1,0.82145166
2,0,0,0.37408826
2,1,0,0.4042616
2,0,0,0.35450163
2,0,0,0.33961505
2,1,0,0.39438447
2,1,1,0.5418234
2,1,1,0.5541805
2,0,1,0.6440924
2,0,0,0.3466087
2,0,0,0.22116847
2,0,0,0.23430602
2,0,0,0.1776379
2,1,0,0.41498226
2,0,0,0.2394891
2,1,0,0.32988155
2,0,0,0.34948292
2,1,1,0.52108777
2,0,1,0.6616647
2,0,0,0.26817873
2,1,1,0.5098551
2,0,0,0.49238813
2,1,0,0.46904248
2,0,0,0.20341145
2,0,1,0.6024154
2,0,1,0.51082915
2,0,1,0.59724087
2,0,0,0.41910145
2,1,0,0.41649213
2,1,0,0.40246445
2,0,0,0.47095475
2,0,0,0.29016453
2,0,0,0.28828493
2,1,1,0.6577113
2,1,0,0.33678657
2,1,0,0.4752508
2,0,1,0.5846468
2,1,0,0.3506509
2,1,0,0.11108274
2,0,0,0.38857213
2,0,0,0.21995528
2,0,0,0.2930095
2,0,0,0.38098347
2,1,1,0.5660088
2,1,0,0.28895476
2,0,0,0.38533825
2,0,1,0.5841386
2,0,0,0.49483114
2,0,0,0.24763326
2,0,1,0.5431055
2,0,1,0.5335308
2,0,0,0.04696322
2,1,1,0.85351384
2,0,0,0.23835883
2,1,1,0.81528544
2,1,1,0.5242078
2,0,1,0.6939685
2,1,0,0.41792452
2,0,0,0.09057792
2,0,0,0.4353029
2,1,1,0.5788609
2,1,1,0.63233423
2,0,0,0.39748892
2,0,1,0.61427385
2,1,1,0.531139
2,0,0,0.25682145
2,1,0,0.2463415
2,0,0,0.05634187
2,1,0,0.44161177
2,0,1,0.5688581
2,0,0,0.0663122
2,1,0,0.46418622
2,1,1,0.7703319
2,0,0,0.12090018
2,1,1,0.529118
2,1,1,0.6485426
2,1,1,0.71119213
2,0,0,0.4439843
2,0,0,0.359031
2,1,1,0.88657707
2,0,0,0.3884199
2,1,0,0.43761265
2,1,1,0.74753106
2,0,0,0.47274208
2,1,1,0.5490096
2,1,1,0.59777886
2,0,0,0.072078586
2,0,0,0.29938415
2,1,1,0.613878
2,0,0,0.09410867
2,1,0,0.41314012
2,0,0,0.3748327
2,0,0,0.412615
2,1,1,0.5774112
2,1,1,0.7810478
2,0,1,0.50544095
2,0,0,0.16256359
2,1,1,0.76332223
2,1,0,0.45450637
2,0,0,0.38923097
2,1,0,0.37089464
2,1,0,0.41163462
2,0,0,0.27248508
2,1,0,0.37635437
2,0,0,0.05897196
2,1,0,0.32655942
2,0,0,0.4429861
2,0,0,0.12264015
2,0,1,0.67985475
2,1,0,0.16934201
2,0,0,0.26303834
2,0,0,0.15537633
2,0,0,0.2995483
2,1,1,0.61523414
2,1,0,0.35415864
2,1,1,0.7295204
2,0,0,0.37390068
2,1,0,0.4904491
2,0,1,0.7094372
2,1,1,0.58167964
2,0,0,0.21186167
2,1,1,0.5230332
2,1,1,0.67106736
2,1,0,0.3296145
2,0,0,0.08529296
2,1,1,0.8792509
2,0,0,0.39871424
2,0,0,0.07775152
2,0,0,0.3702036
2,0,0,0.44169325
2,0,0,0.36059773
2,1,1,0.57730144
2,0,0,0.4558033
2,1,0,0.4311772
2,1,1,0.7792315
2,1,1,0.67338574
2,1,0,0.47666207
2,0,0,0.254741
2,0,1,0.5955512
2,1,0,0.4066046
2,1,0,0.31010544
2,0,1,0.5998035
2,1,0,0.4311271
2,0,0,0.39674047
2,1,1,0.5474867
2,1,0,0.4875647
2,1,1,0.7950896
2,0,0,0.39317062
2,0,0,0.3069886
2,1,1,0.5272466
2,0,1,0.6379816
2,0,0,0.3928736
2,0,0,0.48726642
2,1,1,0.7475594
2,0,0,0.48151997
2,1,1,0.5252576
2,1,1,0.6112031
2,0,0,0.42373618
2,0,0,0.13950306
2,0,0,0.30050126
2,0,0,0.33173695
2,0,0,0.3196031
2,0,0,0.18315296
2,1,1,0.50605327
2,1,1,0.60100615
2,1,1,0.58868504
2,0,0,0.32867944
2,0,0,0.33245012
2,0,0,0.42094293
2,0,0,0.30462036
2,0,0,0.32755107
2,1,1,0.68248296
2,0,0,0.37953055
2,0,0,0.2935517
2,1,0,0.39697877
2,1,1,0.5982008
2,1,1,0.542301
2,1,1,0.51720804
2,0,0,0.22424555
2,0,0,0.07123638
2,1,0,0.47356442
2,1,1,0.60245895
2,0,0,0.36343235
2,1,1,0.9109881
2,1,1,0.8303965
2,0,0,0.38813952
2,0,1,0.5100151
2,0,0,0.223697
2,1,1,0.6487232
2,1,1,0.6656596
2,0,0,0.32859662
2,0,0,0.1260244
2,1,1,0.6754767
2,0,0,0.3354627
2,1,1,0.8828388
2,1,1,0.6540539
2,1,1,0.57463425
2,0,0,0.32880694
2,1,1,0.9172904
2,1,1,0.5514022
2,1,0,0.48227325
2,1,1,0.5480907
2,0,0,0.16567847
2,0,1,0.75229526
2,1,1,0.6351496
2,0,1,0.5473953
2,1,1,0.66709745
2,0,0,0.3740434
2,0,1,0.6584504
2,1,1,0.6509608
2,0,1,0.63632745
2,1,1,0.6747979
2,0,1,0.58894575
2,0,1,0.5798013
2,1,1,0.7714027
2,0,0,0.17053099
2,1,1,0.6602143
2,1,1,0.8897912
2,0,1,0.5644771
2,0,0,0.30970985
2,1,1,0.5670624
2,1,1,0.86984414
2,1,1,0.83036673
2,1,1,0.8491234
2,1,1,0.58847684
2,0,0,0.45416215
2,0,0,0.28882766
2,0,1,0.513535
2,1,1,0.7837099
2,0,0,0.38298365
2,0,0,0.31826332
2,0,0,0.47574282
2,0,0,0.43277282
2,1,1,0.865089
2,1,1,0.81188345
2,0,1,0.54685223
2,0,1,0.71853554
2,0,0,0.37555358
2,1,1,0.8088129
2,0,0,0.3476924
2,1,1,0.67397535
2,1,0,0.46132615
2,1,1,0.56840193
2,1,1,0.5054138
2,1,1,0.7704876
2,0,0,0.47792345
2,1,1,0.6131663
2,1,1,0.66468567
2,0,1,0.5380431
2,0,0,0.39149573
2,0,1,0.6139633
2,0,1,0.53623635
2,0,1,0.5980641
2,1,1,0.5136066
2,1,1,0.5567699
2,0,0,0.4997448
2,1,0,0.2745872
2,0,0,0.19013825
2,1,1,0.8298615
2,1,1,0.82153666
2,0,0,0.2642808
2,1,1,0.71650326
2,0,1,0.82451975
2,0,1,0.5895312
2,1,1,0.7766115
2,0,1,0.61107975
2,0,1,0.57164437
2,0,0,0.1274644
2,0,0,0.112794526
2,1,1,0.81310266
2,1,1,0.6041829
2,0,0,0.4515696
2,0,1,0.5097746
2,1,1,0.82684255
2,0,0,0.47682738
2,1,1,0.5274677
2,1,1,0.5908171
2,1,1,0.64352554
2,1,1,0.65664405
2,1,1,0.70801175
2,0,1,0.5589236
2,1,1,0.51417655
2,0,0,0.45058423
2,1,1,0.8853974
2,0,0,0.43715593
2,1,1,0.7891014
2,0,1,0.66249245
2,1,1,0.8043175
2,1,1,0.79329234
2,0,0,0.43247405
2,0,0,0.46054015
2,1,1,0.64998335
2,1,0,0.42029363
2,0,0,0.45928186
2,0,0,0.07108555
2,1,1,0.5114155
2,0,0,0.44391125
2,0,1,0.5473159
2,1,0,0.30108315
2,1,1,0.7440852
2,0,0,0.2076668
2,1,1,0.81371677
2,0,0,0.2843696
2,1,1,0.6170042
2,1,0,0.4714371
2,0,1,0.575433
2,0,0,0.4107364
2,0,0,0.06564375
2,0,1,0.6252547
2,1,1,0.7168239
2,0,0,0.24055117
2,0,1,0.95613396
2,1,1,0.7984935
2,0,0,0.43158215
2,1,1,0.63949305
2,1,1,0.87181795
2,0,0,0.18083455
2,0,0,0.45513946
2,0,0,0.37239692
2,1,0,0.41575795
2,0,1,0.83017635
2,1,1,0.62499535
2,0,0,0.40839243
2,0,1,0.6200297
2,1,1,0.7281028
2,0,0,0.31028628
2,0,0,0.29006568
2,1,1,0.75405574
2,0,1,0.7178404
2,1,1,0.8745065
2,0,0,0.42263213
2,0,1,0.5219778
2,1,1,0.7854842
2,1,1,0.5710571
2,1,1,0.8068856
2,0,0,0.47608122
2,0,1,0.630004
2,0,0,0.24987888
2,0,1,0.523778
2,1,1,0.80024874
2,0,0,0.4441616
2,0,0,0.2051277
2,1,1,0.9151467
2,0,1,0.71261543
2,1,1,0.80436873
2,1,1,0.6524567
2,0,0,0.20854273
2,1,1,0.89938587
2,1,1,0.8544915
2,0,0,0.31586286
2,0,1,0.8041726
2,0,1,0.5446259
2,1,1,0.6787465
2,1,1,0.80434054
2,0,1,0.61102104
2,1,1,0.78078526
2,1,1,0.73651797
2,1,0,0.3952674
2,1,0,0.48677772
2,0,0,0.4321744
2,1,1,0.5121199
2,0,0,0.30972368
2,1,1,0.5386037
2,1,1,0.84381306
2,1,0,0.38557783
2,0,0,0.3391646
2,1,1,0.5854799
2,1,1,0.63246614
2,0,0,0.38955256
2,0,0,0.27554753
2,0,1,0.6053711
2,1,0,0.38365805
2,0,0,0.36165166
2,1,1,0.52199775
2,1,0,0.4999027
2,1,0,0.4017988
2,0,0,0.08231135
2,0,1,0.859406
2,0,0,0.37696126
2,0,0,0.23682837
2,0,0,0.3250202
2,0,0,0.19932021
2,0,1,0.7891825
2,1,1,0.8471454
2,1,1,0.5946953
2,0,0,0.10321239
2,1,1,0.6554719
2,0,0,0.45027795
2,0,0,0.17511275
2,0,1,0.5785641
2,1,1,0.5546369
2,1,1,0.5339297
2,1,1,0.66400254
2,1,1,0.8468389
2,1,0,0.2831332
2,0,0,0.4311808
2,0,1,0.62782395
2,1,1,0.7020617
2,1,0,0.31333837
2,1,1,0.73018277
2,1,1,0.6227755
2,0,0,0.3702257
2,1,1,0.54204774
2,1,0,0.27894223
2,1,1,0.5334164
2,0,0,0.33154735
2,0,1,0.8667476
2,1,0,0.12572345
2,0,1,0.5878117
2,0,0,0.49237922
2,1,0,0.25570646
2,0,1,0.67149734
2,0,0,0.36128107
2,0,0,0.22012739
2,1,1,0.91437185
2,1,1,0.81000495
2,1,0,0.41842237
2,0,0,0.40236503
2,1,1,0.56469285
2,1,1,0.6753891
2,0,0,0.22718194
2,0,1,0.82067275
2,1,0,0.4226149
2,1,0,0.2555488
2,1,1,0.8383791
2,1,1,0.5028662
2,0,0,0.12833218
2,1,1,0.64478296
2,1,0,0.4468286
2,0,1,0.76200783
2,0,0,0.22887951
2,0,1,0.70356697
2,0,1,0.63987374
2,0,1,0.55011696
2,0,1,0.7213383
2,0,1,0.5793552
2,1,1,0.8027561
2,1,1,0.6902443
2,1,1,0.7562757
2,0,1,0.5407344
2,0,0,0.49992746
2,1,1,0.7605495
2,1,0,0.46416476
2,1,0,0.40132636
2,0,0,0.034776535
2,0,1,0.83544934
2,0,1,0.6977907
2,1,1,0.7220188
2,1,1,0.78984076
2,0,0,0.390223
2,1,1,0.7973852
2,1,1,0.74943227
2,0,0,0.36355153
2,1,1,0.7947225
2,1,1,0.58375263
2,1,0,0.15894976
2,1,0,0.41198984
2,1,1,0.5640671
2,0,0,0.4852063
2,1,0,0.38736787
2,1,0,0.49049237
2,1,1,0.92729926
2,0,0,0.3569602
2,1,1,0.797663
2,1,1,0.5124393
2,0,0,0.3079832
2,0,0,0.2186868
2,1,1,0.77886426
2,0,0,0.49386075
2,1,1,0.5378044
2,1,1,0.6558267
2,1,1,0.59517395
2,0,1,0.5341863
2,1,1,0.5551694
2,0,1,0.50492513
2,1,1,0.67643976
2,1,1,0.70098716
2,1,0,0.45833996
2,1,1,0.7123577
2,0,0,0.10113071
2,0,0,0.32294756
2,0,0,0.18941666
2,0,0,0.10586417
2,0,0,0.30107355
2,0,0,0.20461059
2,0,0,0.2549964
2,0,0,0.49950677
2,0,0,0.22489522
2,1,1,0.7224044
2,0,1,0.614186
2,1,1,0.70380163
2,1,1,0.69869924
2,0,0,0.19993429
2,1,1,0.6977358
2,0,0,0.19755168
2,1,0,0.26363376
2,1,1,0.7898912
2,0,1,0.5951157
2,1,1,0.8336324
2,0,0,0.43621495
2,0,0,0.4559371
2,1,0,0.49934414
2,0,1,0.61520886
2,0,1,0.6160253
2,0,0,0.39601457
2,0,1,0.6606741
2,1,1,0.73157364
2,1,0,0.40119824
2,0,0,0.2450243
2,1,0,0.38735718
2,0,0,0.06632161
2,1,1,0.5791678
2,1,1,0.6614695
2,0,0,0.3663265
2,1,1,0.62961966
2,1,0,0.4891923
2,0,0,0.3884813
2,0,1,0.5791905
2,1,1,0.6438345
2,0,0,0.4063366
2,1,1,0.54886186
2,1,1,0.86042523
2,0,1,0.528575
2,1,0,0.4837577
2,1,1,0.79469544
2,0,1,0.57771146
2,1,1,0.85817367
2,0,0,0.44751936
2,1,1,0.7016472
2,0,0,0.41824746
2,1,1,0.51405233
2,1,1,0.761718
2,0,1,0.65426815
2,0,0,0.4822326
2,0,0,0.4572741
2,1,1,0.55454785
2,1,0,0.41911414
2,0,1,0.50184923
2,0,1,0.70234525
2,1,1,0.58288634
2,0,0,0.47720605
2,0,1,0.5262852
2,1,1,0.5741653
2,0,0,0.35914576
2,1,1,0.74555016
2,0,0,0.31096363
2,1,1,0.50284475
2,1,1,0.8055727
2,0,0,0.24722053
2,1,1,0.62868977
2,0,0,0.3840899
2,1,0,0.29430538
2,1,0,0.37417787
2,0,1,0.5812001
2,0,1,0.55894977
2,1,1,0.6999936
2,1,1,0.61825603
2,1,1,0.61837935
2,1,0,0.4289012
2,1,0,0.12695053
2,0,0,0.07458527
2,0,0,0.3212578
2,0,0,0.1421569
2,0,0,0.20429994
2,1,1,0.5828631
2,1,1,0.72269994
2,0,0,0.33145392
2,1,0,0.35488707
2,0,1,0.6408267
2,1,0,0.4927742
2,0,0,0.36077383
2,1,1,0.6962397
2,0,1,0.6263455
2,0,0,0.07495358
2,0,0,0.11356218
2,1,0,0.44958368
2,1,0,0.42157337
2,1,1,0.6942954
2,0,1,0.5965962
2,0,1,0.61962974
2,0,1,0.6028135
2,0,0,0.2849939
2,1,1,0.8904395
2,1,0,0.41633987
2,0,0,0.31923333
2,1,1,0.8773243
2,0,0,0.22187498
2,1,1,0.87605405
2,0,1,0.5133419
2,1,1,0.56316143
2,1,1,0.9273619
2,0,1,0.69016
2,1,0,0.47587916
2,0,1,0.56701374
2,0,0,0.32260492
2,1,1,0.8242308
2,1,1,0.7981014
2,0,1,0.604452
2,1,1,0.65052897
2,1,0,0.3736729
2,0,0,0.19085802
2,1,1,0.8241872
2,0,0,0.07605722
2,0,0,0.26525062
2,1,1,0.8614647
2,1,1,0.8364684
2,0,0,0.48398453
2,1,1,0.7827328
2,1,1,0.8582308
2,0,1,0.68046105
2,1,0,0.3821074
2,0,1,0.6539794
2,1,0,0.34239766
2,0,0,0.27556235
2,0,0,0.30742407
2,1,1,0.572431
2,1,1,0.7806635
2,0,1,0.63057786
2,1,0,0.4457429
2,1,1,0.7317344
2,0,1,0.7523487
2,1,1,0.8475984
2,0,0,0.27897596
2,0,0,0.36302954
2,0,0,0.23830892
2,0,0,0.348099
2,1,1,0.66458
2,0,0,0.4447482
2,0,0,0.08095021
2,1,1,0.8376312
2,0,1,0.7963787
2,0,1,0.7354512
2,0,1,0.55148685
2,0,0,0.32037354
2,1,1,0.8895422
2,0,0,0.43691406
2,1,0,0.47900456
2,1,1,0.7016533
2,0,1,0.534365
2,0,0,0.20295821
2,0,0,0.31323856
2,1,1,0.8850969
2,1,1,0.71081537
2,1,1,0.5953077
2,0,1,0.66431105
2,1,1,0.84566414
2,1,1,0.58807415
2,1,1,0.6105003
2,1,1,0.9221464
2,0,0,0.30409583
2,0,0,0.289748
2,1,1,0.57743734
2,1,0,0.48669168
2,1,1,0.8131051
2,0,0,0.14907914
2,1,1,0.803939
2,0,0,0.47096437
2,0,0,0.28761312
2,0,0,0.47578853
2,0,0,0.18463631
2,1,1,0.8791016
2,0,1,0.5426102
2,1,1,0.6564306
2,1,1,0.751561
2,0,1,0.65846145
2,0,1,0.6691679
2,0,0,0.38495687
2,0,0,0.25178763
2,0,1,0.744948
2,1,1,0.86949897
2,0,0,0.38415596
2,1,1,0.7623853
2,0,0,0.37182346
2,0,1,0.70617753
2,0,1,0.5782153
2,0,0,0.24968529
2,1,1,0.68984234
2,0,0,0.4576553
2,0,1,0.55548775
2,1,1,0.6808185
2,0,1,0.54596853
2,1,1,0.72881323
2,1,1,0.69031656
2,0,1,0.69974166
2,1,1,0.74365884
2,0,0,0.40480107
2,1,0,0.36717787
2,1,0,0.4204237
2,0,0,0.2800296
2,1,0,0.32530427
2,0,0,0.42208233
2,0,1,0.63725305
2,0,0,0.17850989
2,1,1,0.61573386
2,0,0,0.38605782
2,0,1,0.810932
2,1,1,0.72042197
2,1,0,0.3995251
2,1,1,0.55055195
2,1,0,0.46650553
2,1,0,0.48900682
2,1,0,0.4978133
2,0,1,0.6200743
2,0,1,0.8135677
2,1,1,0.59342307
2,0,1,0.83520085
2,0,0,0.23761316
2,1,1,0.7668436
2,0,0,0.42843062
2,0,1,0.7496816
2,0,1,0.77315986
2,1,1,0.57020634
2,1,1,0.55121636
2,0,0,0.29632986
2,1,1,0.81947833
2,1,0,0.40001857
2,0,1,0.6037655
2,1,1,0.587495
2,1,0,0.4177339
2,0,1,0.6902267
2,1,1,0.7818607
2,1,1,0.50002456
2,0,1,0.512703
2,0,1,0.68043244
2,0,1,0.61129564
2,0,1,0.5932747
2,0,0,0.41677707
2,1,0,0.37529498
2,1,1,0.6480306
2,0,0,0.4504404
2,1,0,0.4731951
2,0,0,0.48841232
2,0,1,0.6852432
2,0,0,0.4034891
2,0,1,0.5755166
2,0,0,0.44111374
2,1,0,0.4865167
2,0,0,0.32586432
2,1,1,0.754362
2,0,0,0.38054553
2,0,0,0.46556246
2,1,1,0.6054386
2,1,1,0.79645103
2,1,1,0.6028703
2,1,1,0.75497943
2,0,0,0.19084136
2,1,1,0.82485753
2,1,1,0.5949955
2,1,1,0.6313904
2,1,1,0.73810565
2,0,1,0.6574706
2,0,0,0.048587505
2,0,0,0.1128363
2,1,1,0.66831285
2,0,0,0.403118
2,0,0,0.17261523
2,0,1,0.55401474
2,1,1,0.7234968
2,0,1,0.51205564
2,1,1,0.9288118
2,1,1,0.74668586
2,1,1,0.8584278
2,1,1,0.8527369
2,1,0,0.48106167
2,1,1,0.5406198
2,0,1,0.5119092
2,0,0,0.04906476
2,1,1,0.7206701
2,0,0,0.4332828
2,0,0,0.42135534
2,0,1,0.5644015
2,0,1,0.65310395
2,0,0,0.45341948
2,0,0,0.4189088
2,0,0,0.3692592
2,0,1,0.6557645
2,1,1,0.5368222
2,0,0,0.23386215
2,0,0,0.49815091
2,1,0,0.3488005
2,1,1,0.75361603
2,1,1,0.80677474
2,0,1,0.6667963
2,1,1,0.56957513
2,1,1,0.8186036
2,0,0,0.23974946
2,1,0,0.40132636
2,0,0,0.47716105
2,0,1,0.5900877
2,1,1,0.922646
2,1,1,0.7171227
2,0,0,0.38974008
2,0,1,0.5198981
2,0,0,0.4179022
2,0,0,0.33628604
2,0,0,0.30766732
2,0,1,0.8211436
2,0,1,0.88565695
2,0,0,0.32194096
2,0,1,0.5613364
2,1,1,0.7434541
2,1,0,0.37617165
2,1,1,0.54512644
2,0,0,0.38607052
2,1,1,0.70498264
2,0,0,0.4988765
2,0,1,0.5483653
2,1,1,0.648528
2,1,0,0.48438466
2,0,1,0.77818966
2,0,0,0.11470099
2,0,1,0.77552086
2,1,1,0.609757
2,0,0,0.07906405
2,0,1,0.527315
2,0,1,0.85705656
2,1,1,0.7171212
2,1,1,0.8327539
2,1,0,0.3188913
2,1,1,0.7852363
2,1,1,0.6096778
2,0,0,0.3593569
2,0,0,0.24921606
2,0,1,0.5415056
2,1,0,0.49690783
2,1,1,0.5831596
2,1,1,0.6733555
2,1,1,0.5813415
2,0,0,0.30291983
2,0,1,0.61188704
2,1,1,0.5495552
2,1,0,0.38824946
2,0,1,0.5648012
2,0,0,0.09479343
2,1,1,0.58869475
2,0,0,0.18996958
2,1,1,0.5972503
2,0,0,0.35558036
2,1,1,0.5656791
2,1,1,0.6511485
2,1,0,0.44163156
2,1,1,0.6227666
2,0,0,0.20769884
2,1,1,0.55894434
2,1,0,0.39678565
2,0,1,0.558255
2,1,0,0.2346054
2,0,1,0.61322206
2,1,1,0.7441252
2,0,0,0.25358233
2,0,1,0.5161205
2,0,0,0.4681841
2,0,1,0.51390606
2,0,0,0.31353456
2,0,1,0.6245981
2,1,1,0.64187574
2,1,0,0.3283481
2,0,0,0.4212713
2,0,1,0.78598595
2,1,1,0.7091362
2,0,0,0.24885912
2,1,1,0.6799473
2,1,1,0.8089719
2,1,1,0.7668238
2,0,0,0.3650608
2,1,1,0.6653359
2,1,1,0.76528883
2,0,0,0.35479045
2,0,1,0.6645592
2,0,0,0.48312548
2,1,1,0.6610159
2,0,1,0.6115357
2,0,0,0.10015939
2,0,1,0.5637785
2,1,1,0.50787365
2,0,0,0.3742494
2,0,1,0.8513356
2,0,0,0.42605713
2,1,1,0.8292698
2,0,0,0.12887307
2,1,1,0.7991609
2,0,0,0.49370068
2,0,1,0.82580435
2,1,1,0.7991209
2,1,1,0.79055786
2,0,0,0.23211731
2,0,1,0.6754178
2,0,0,0.47459397
2,0,0,0.4014863
2,1,1,0.79032695
2,1,1,0.58023113
2,0,0,0.37716526
2,1,0,0.48726168
2,1,1,0.81222314
2,1,1,0.733397
2,0,1,0.5157267
2,1,0,0.40129146
2,1,1,0.7969482
2,1,1,0.7135092
2,1,1,0.786924
2,0,0,0.49440172
2,0,1,0.75539637
2,1,1,0.5206294
2,1,0,0.43279672
2,0,0,0.431407
2,1,1,0.5939614
2,1,1,0.7311558
2,0,1,0.7259539
2,1,1,0.78120726
2,0,1,0.7434867
2,1,1,0.8561349
2,0,1,0.619222
2,0,1,0.7059519
2,0,1,0.7066749
2,1,1,0.80055857
2,0,1,0.6226844
2,1,0,0.49314576
2,1,1,0.592731
2,0,0,0.22880511
2,0,1,0.54057544
2,1,1,0.7253701
2,0,1,0.52634054
2,0,1,0.76419
2,1,0,0.23462597
2,0,1,0.5942462
2,0,0,0.31909585
2,1,1,0.5834079
2,0,1,0.522079
2,1,1,0.53067076
2,1,1,0.69699776
2,0,0,0.46445018
2,1,1,0.60666376
2,1,1,0.7435151
2,1,0,0.41755137
2,1,0,0.46367744
2,0,1,0.6289009
2,0,0,0.3449894
2,0,1,0.60363144
2,0,0,0.2640599
2,0,0,0.16928887
2,0,0,0.37667373
2,1,1,0.8426108
2,1,1,0.6668278
2,1,1,0.6263982
2,1,0,0.3929248
2,1,1,0.583829
2,1,1,0.6256658
2,0,0,0.3661964
2,0,1,0.55619955
2,0,1,0.66637135
2,1,1,0.5495821
2,1,0,0.3271999
2,1,0,0.3294586
2,1,0,0.46268338
2,1,0,0.28482985
2,1,1,0.6176507
2,1,1,0.6391338
2,0,0,0.31228802
2,1,1,0.5807996
2,1,1,0.69877243
2,1,1,0.7700313
2,0,0,0.47414973
2,0,0,0.08429675
2,0,0,0.38007352
2,0,0,0.38978997
2,1,0,0.444135
2,0,0,0.3548577
2,0,0,0.4051237
2,0,0,0.3561646
2,1,1,0.68328905
2,1,1,0.642097
2,0,0,0.1631871
2,1,1,0.5240175
2,0,0,0.34874055
2,1,1,0.69978255
2,0,0,0.19745784
2,1,1,0.5773927
2,0,1,0.6901023
2,1,1,0.75123763
2,1,1,0.8784076
2,0,1,0.6266708
2,0,1,0.72257555
2,0,0,0.43313083
2,1,0,0.33514595
2,1,1,0.5035266
2,0,0,0.4178314
2,1,1,0.75168234
2,1,0,0.49705422
2,1,0,0.3836549
2,1,1,0.6768248
2,0,1,0.75061405
2,0,1,0.54577935
2,0,0,0.36074874
2,1,1,0.6782954
2,0,0,0.4648427
2,1,0,0.41662538
2,0,0,0.44505227
2,1,1,0.73574805
2,1,1,0.8011609
2,0,1,0.71235585
2,1,1,0.5484428
2,0,0,0.24413691
2,0,0,0.14014643
2,1,1,0.8189162
2,1,1,0.7830434
2,1,0,0.48979884
2,0,1,0.5538884
2,1,1,0.78176904
2,1,1,0.6874648
2,1,1,0.7747611
2,0,1,0.7771993
2,0,1,0.6254038
2,0,0,0.35774252
2,1,1,0.80865276
2,0,0,0.29514292
2,0,0,0.3741374
2,1,1,0.8115596
2,1,1,0.84948903
2,0,1,0.6200627
2,1,1,0.88469666
2,0,0,0.36700615
2,0,0,0.2464817
2,1,1,0.7982404
2,0,1,0.53003174
2,0,1,0.6411433
2,1,1,0.8470941
2,0,1,0.90386486
2,1,1,0.5038316
2,1,0,0.37027574
2,1,1,0.7773538
2,1,0,0.4068459
2,1,0,0.38285732
2,1,0,0.19796322
2,0,0,0.21001016
2,1,1,0.6367375
2,1,0,0.41326523
2,0,1,0.7055899
2,0,0,0.384551
2,1,1,0.7117526
2,0,0,0.23275132
2,0,1,0.6090289
2,0,0,0.13650756
2,1,1,0.91424745
2,0,1,0.52465165
2,0,0,0.08384368
2,0,0,0.47781026
2,0,0,0.49305168
2,0,1,0.60870445
2,1,1,0.8487678
2,1,1,0.5806108
2,0,0,0.4509284
2,1,1,0.8119515
2,1,1,0.6816246
2,0,0,0.33129293
2,0,1,0.8236589
2,1,1,0.74054205
2,0,1,0.73344904
2,0,1,0.8339103
2,1,1,0.86594826
2,0,0,0.42869043
2,0,1,0.7453132
2,1,1,0.6981132
2,0,1,0.5348004
2,1,1,0.5565899
2,1,1,0.5577499
2,0,1,0.6037366
2,0,0,0.2934271
2,1,1,0.89906466
2,1,1,0.6958812
2,1,1,0.57173204
2,0,0,0.07180422
2,0,0,0.487897
2,1,1,0.6858868
2,0,1,0.5565799
2,0,0,0.44717467
2,0,0,0.1452676
2,0,0,0.28477678
2,1,0,0.3605588
2,0,1,0.5836744
2,0,1,0.69591
2,0,0,0.47409454
2,1,0,0.47973838
2,1,1,0.6298558
2,1,1,0.55302256
2,0,1,0.591818
2,0,1,0.5904767
2,0,1,0.5995125
2,0,1,0.5451415
2,1,1,0.71732444
2,1,0,0.4836358
2,1,1,0.89906466
2,1,1,0.6958812
2,1,1,0.57173204
2,0,0,0.07180422
2,0,0,0.487897
2,1,1,0.6858868
2,0,1,0.5565799
2,0,0,0.44717467
2,0,0,0.1452676
2,0,0,0.28477678
2,1,0,0.3605588
2,0,1,0.5836744
2,1,1,0.81497484
2,1,0,0.3026797
2,0,0,0.46145508
2,0,0,0.08733695
2,0,0,0.3144679
2,1,1,0.6734996
2,1,1,0.7342049
2,0,0,0.15999678
2,0,1,0.6711711
2,0,0,0.47628275
2,0,0,0.20704995
2,1,1,0.7333589
2,1,1,0.6171717
2,0,0,0.2208715
2,1,1,0.60251415
2,0,0,0.08811664
2,0,0,0.42346635
2,1,1,0.5766826
2,0,0,0.19267188
2,0,0,0.48343185
2,1,0,0.17350838
2,1,1,0.8256041
2,0,1,0.5622671
2,0,0,0.40237242
2,0,0,0.3671448
2,1,1,0.6623799
2,0,1,0.5920613
2,1,0,0.4411449
2,1,1,0.69391245
2,1,0,0.47850382
2,0,0,0.41981894
2,0,0,0.07720032
2,1,1,0.54409933
2,1,0,0.431135
2,0,0,0.40746638
2,1,0,0.4676943
2,1,1,0.6696342
2,0,0,0.43461987
2,0,0,0.4928442
2,0,0,0.09374884
2,1,1,0.6497181
2,1,1,0.64749026
2,1,1,0.7556014
2,1,1,0.57246125
2,0,1,0.53862846
2,0,0,0.40336853
2,1,1,0.7120595
2,0,1,0.7715865
2,1,1,0.5513732
2,0,1,0.51496834
2,1,1,0.78597754
2,1,1,0.71075
2,0,0,0.4712769
2,1,1,0.6860967
2,1,0,0.3238637
2,0,0,0.27949584
2,0,0,0.15792327
2,0,0,0.11333009
2,1,1,0.52284044
2,0,0,0.2976055
2,0,0,0.45621058
2,1,1,0.5791622
2,1,1,0.60275203
2,0,0,0.32454887
2,0,0,0.20088623
2,0,0,0.43957007
2,1,1,0.55024475
2,1,1,0.5785294
2,0,1,0.5209734
2,1,0,0.3703013
2,0,1,0.565379
2,1,1,0.5051956
2,0,1,0.5276717
2,0,1,0.6260742
2,0,0,0.49156892
2,1,0,0.4770381
2,0,1,0.5850866
2,1,1,0.5951804
2,0,0,0.12808457
2,1,0,0.4636908
2,0,0,0.10858479
2,0,0,0.2990478
2,0,0,0.26153648
2,1,0,0.43822703
2,0,1,0.57522506
2,0,0,0.39090025
2,1,1,0.567305
2,1,0,0.40379465
2,0,1,0.52759737
2,0,0,0.33618417
2,1,1,0.528488
2,0,0,0.1023325
2,1,1,0.52904075
2,1,1,0.6694871
2,1,1,0.52260566
2,0,1,0.5293731
2,0,0,0.3203175
2,1,0,0.40074864
2,0,0,0.32914767
2,0,0,0.19323096
2,0,1,0.5258948
2,1,0,0.45188406
2,0,0,0.25316986
2,0,1,0.6193462
2,0,1,0.56811726
2,1,1,0.8186374
2,0,1,0.7211389
2,1,1,0.6213452
2,0,0,0.3320115
2,1,1,0.73409283
2,0,0,0.40684077
2,1,1,0.74343526
2,0,0,0.43316358
2,1,1,0.59400123
2,0,0,0.48933944
2,0,0,0.17702125
2,0,0,0.39045045
2,1,1,0.7266634
2,0,1,0.73871744
2,1,1,0.5910824
2,0,0,0.46463546
2,0,0,0.07796531
2,1,1,0.783633
2,0,1,0.67710274
2,0,0,0.42073876
2,0,1,0.5922562
2,1,1,0.6254467
2,0,0,0.39595205
2,1,1,0.6310879
2,1,0,0.43429822
2,0,1,0.54937077
2,1,1,0.92868644
2,1,1,0.8227506
2,1,1,0.67550415
2,0,0,0.40346044
2,1,1,0.8176112
2,0,1,0.73185444
2,0,0,0.30647662
2,0,1,0.6381675
2,1,1,0.62611663
2,0,0,0.26961362
2,1,1,0.69225806
2,0,1,0.6158985
2,1,1,0.78221697
2,0,0,0.1309077
2,0,0,0.10922326
2,1,1,0.82600194
2,0,1,0.57748437
2,0,1,0.67832196
2,0,0,0.13777538
2,1,0,0.45879284
2,0,0,0.3754221
2,0,0,0.34011713
2,1,0,0.27935785
2,1,0,0.22080354
2,0,0,0.09589937
2,1,0,0.4982309
2,0,0,0.48941374
2,0,1,0.5758191
2,1,0,0.3360697
2,0,1,0.57565504
2,0,0,0.48343185
2,0,0,0.17350838
2,0,1,0.605331
2,1,0,0.48307905
2,1,1,0.7262523
2,0,0,0.3144805
2,1,0,0.3504541
2,0,0,0.42346635
2,0,0,0.38550997
2,0,0,0.32899582
2,0,0,0.12489174
2,0,0,0.3802675
2,1,1,0.69384336
2,1,1,0.59295213
2,1,0,0.17870669
2,1,1,0.8906928
2,0,1,0.54912156
2,1,1,0.64236283
2,0,0,0.39852673
2,0,1,0.531394
2,0,0,0.43647802
2,1,1,0.6822332
2,0,1,0.5196409
2,1,1,0.6699611
2,1,0,0.4787825
2,0,0,0.37819868
2,1,1,0.61797607
2,1,0,0.2729296
2,1,0,0.422435
2,1,1,0.7308935
2,1,1,0.5493103
2,1,1,0.7275592
2,0,1,0.5182578
2,0,0,0.45177093
2,0,0,0.2697725
2,1,1,0.88060886
2,0,1,0.68256927
2,0,0,0.43206865
2,1,1,0.7856009
2,1,0,0.43763337
2,0,0,0.3221446
2,0,0,0.22812548
2,0,0,0.18751551
2,1,1,0.64260024
2,0,0,0.3028466
2,1,1,0.6670457
2,0,1,0.6135954
2,0,0,0.43006945
2,0,0,0.3636291
2,1,1,0.6924453
2,1,0,0.40467438
2,1,1,0.76289696
2,0,0,0.36687014
2,1,0,0.49881333
2,0,0,0.45169204
2,1,1,0.5301074
2,0,1,0.51572144
2,0,0,0.44834015
2,0,1,0.66408306
2,1,1,0.64079493
2,0,0,0.34196374
2,0,1,0.5947083
2,1,1,0.6924453
2,0,0,0.38640222
2,1,1,0.67731816
2,1,1,0.6638157
2,1,0,0.38092077
2,0,1,0.79889846
2,0,0,0.32167557
2,1,0,0.49486527
2,1,1,0.69955045
2,1,0,0.26660335
2,1,1,0.59770024
2,1,0,0.16950187
2,1,1,0.6501769
2,1,0,0.43080172
2,1,0,0.4525683
2,1,1,0.7242005
2,0,0,0.39320442
2,0,1,0.5096743
2,0,0,0.06510168
2,1,0,0.44310144
2,0,0,0.35994214
2,0,0,0.1887641
2,1,1,0.6630027
2,0,0,0.076426595
2,1,0,0.48305503
2,0,1,0.52453893
2,1,0,0.37648013
2,0,0,0.26407465
2,1,0,0.46422789
2,0,0,0.3769284
2,0,0,0.38232931
2,1,1,0.6159355
2,0,1,0.60880256
2,0,1,0.6454257
2,0,0,0.16322489
2,1,0,0.47426707
2,0,0,0.27732605
2,1,0,0.21571071
2,0,0,0.46302396
2,1,1,0.5151615
2,0,0,0.4067176
2,1,0,0.30109128
2,0,0,0.41012484
2,0,0,0.109386876
2,0,0,0.19057141
2,0,0,0.1686335
2,1,0,0.4689942
2,0,0,0.3401587
2,0,1,0.77627724
2,0,0,0.48978686
2,0,1,0.63574016
2,0,1,0.5524588
2,1,1,0.5657901
2,0,1,0.507778
2,1,1,0.6927108
2,0,1,0.6230036
2,1,1,0.56280315
2,0,0,0.4276299
2,1,1,0.7690951
2,1,1,0.69767773
2,1,1,0.5450688
2,1,1,0.706055
2,1,1,0.64445955
2,0,1,0.5453029
2,0,0,0.46089178
2,0,1,0.6291622
2,1,1,0.83287007
2,1,1,0.5659436
2,1,1,0.53743774
2,1,1,0.5935492
2,0,1,0.5622687
2,0,0,0.44172487
2,1,1,0.56904095
2,0,1,0.6621879
2,0,1,0.5521356
2,0,1,0.6807168
2,0,1,0.57325256
2,1,1,0.6786473
2,1,1,0.5000369
2,1,1,0.5611112
2,0,0,0.24832594
2,0,1,0.522623
2,1,1,0.5798562
2,0,1,0.5614473
2,1,0,0.40971306
2,0,1,0.62748903
2,1,1,0.57538956
2,1,1,0.67494303
2,0,0,0.11582882
2,0,0,0.1646426
2,0,0,0.27157864
2,0,0,0.1462936
2,0,0,0.479594
2,1,1,0.501566
2,1,1,0.6282065
2,1,1,0.55114967
2,1,1,0.6710418
2,1,0,0.49806884
2,1,0,0.4195615
2,1,1,0.6421184
2,1,1,0.67549276
2,1,1,0.5412976
2,0,0,0.38627243
2,1,1,0.5164667
2,1,0,0.4962642
2,1,1,0.63297623
2,0,0,0.49846753
2,1,1,0.5468935
2,1,1,0.71787983
2,1,1,0.67677945
2,0,0,0.35381925
2,0,1,0.58647877
2,0,1,0.6142856
2,0,1,0.5328119
2,0,0,0.25905356
2,0,0,0.4718265
2,0,0,0.4664458
2,0,1,0.5638733
2,0,1,0.6528224
2,0,1,0.662402
2,0,1,0.6084539
2,0,1,0.6944223
2,0,1,0.5862561
2,1,1,0.5387133
2,1,1,0.7587301
2,0,1,0.6278813
2,0,1,0.52254075
2,0,0,0.25872362
2,0,1,0.50132376
2,1,1,0.59707046
2,0,0,0.30679798
2,0,0,0.42369094
2,0,1,0.8329561
2,0,1,0.5622469
2,0,1,0.7025338
2,0,0,0.41552767
2,0,0,0.1658039
2,0,0,0.15456456
2,0,0,0.17563759
2,1,1,0.58951515
2,0,0,0.41205922
2,0,1,0.72904336
2,0,0,0.13484372
2,0,0,0.15180397
2,1,1,0.7571799
2,0,0,0.38315344
2,0,0,0.39816818
2,0,0,0.4305522
2,0,0,0.3238342
2,1,1,0.6044537
2,0,1,0.688952
2,0,0,0.41638094
2,0,1,0.5581413
2,0,1,0.70139027
2,0,1,0.514674
2,0,0,0.45956206
2,1,1,0.51036304
2,1,1,0.6234081
2,1,0,0.15780957
2,1,0,0.44289812
2,0,1,0.5815919
2,1,0,0.3697697
2,1,1,0.52093565
2,1,0,0.33479142
2,0,0,0.18815915
2,1,1,0.5509608
2,1,1,0.61889434
2,1,1,0.5900839
2,1,1,0.56111795
2,0,0,0.1940941
2,1,0,0.25136948
2,1,1,0.52861387
2,1,0,0.39085433
2,1,1,0.55432904
2,1,1,0.598879
2,1,0,0.26800662
2,1,0,0.30099317
2,1,0,0.35838202
2,1,1,0.75297713
2,1,1,0.6227439
2,0,0,0.4102482
2,1,1,0.60242295
2,1,0,0.45067447
2,0,0,0.37134376
2,1,1,0.5406142
2,0,0,0.2577978
2,0,1,0.5151704
2,1,1,0.6293315
2,1,1,0.5288192
2,0,1,0.5184446
2,0,0,0.3053989
2,0,0,0.24788907
2,0,1,0.57406485
2,1,0,0.34184107
2,0,0,0.18176459
2,0,0,0.2435418
2,0,0,0.3914595
2,0,0,0.42704305
2,1,1,0.66799885
2,0,1,0.63917166
2,0,1,0.53357965
2,0,0,0.44137317
2,1,1,0.5456312
2,1,1,0.54516137
2,1,0,0.1943709
2,0,0,0.4200113
2,1,0,0.23961523
2,1,0,0.44664058
2,0,0,0.4460081
2,0,0,0.47725907
2,0,1,0.5332718
2,1,0,0.40559375
2,0,0,0.22512822
2,0,1,0.53575516
2,1,1,0.7282091
2,0,1,0.56890094
2,0,0,0.41390762
2,1,1,0.6821627
2,1,0,0.4164146
2,1,0,0.34522864
2,0,0,0.36540487
2,0,1,0.584066
2,0,1,0.65448093
2,0,0,0.19032806
2,1,0,0.37443382
2,0,0,0.3701527
2,1,0,0.47521794
2,0,0,0.4628118
2,0,1,0.51609594
2,0,0,0.2880581
2,0,0,0.14231749
2,1,0,0.3524982
2,1,0,0.2717822
2,1,0,0.45989564
2,0,1,0.7209409
2,0,1,0.6461457
2,1,1,0.5860951
2,0,0,0.33804485
2,0,0,0.48018882
2,0,1,0.52933943
2,1,1,0.62255937
2,1,1,0.5791109
2,1,1,0.621068
2,1,1,0.7773354
2,0,0,0.47196826
2,0,1,0.58536166
2,0,0,0.38959494
2,0,1,0.614458
2,0,0,0.37948066
2,1,1,0.7003897
2,1,0,0.4754971
2,1,1,0.6406381
2,0,1,0.60834706
2,1,1,0.77675337
2,1,1,0.5392998
2,1,1,0.6153292
2,0,0,0.48170832
2,0,1,0.51713806
2,0,1,0.61193764
2,1,0,0.46648353
2,0,1,0.6384834
2,1,1,0.6064962
2,1,1,0.5319677
2,0,0,0.3763595
2,0,0,0.18530653
2,0,0,0.37228027
2,1,1,0.6015694
2,1,1,0.9082697
2,1,1,0.5330136
2,1,1,0.6587292
2,1,0,0.49484643
2,0,0,0.09026886
2,0,1,0.83927506
2,1,1,0.55506617
2,0,0,0.067855306
2,0,0,0.3021834
2,0,0,0.17153206
2,0,0,0.06526436
2,0,1,0.7375366
2,1,1,0.53940463
2,0,0,0.41562253
2,1,1,0.58948237
2,0,0,0.19033504
2,1,0,0.2739768
2,0,0,0.41616192
2,1,0,0.20777436
2,1,0,0.16374563
2,1,1,0.566125
2,0,0,0.23663102
2,0,0,0.2622869
2,1,0,0.3252081
2,1,0,0.45591778
2,0,0,0.4093726
2,1,0,0.12774044
2,0,0,0.35478157
2,1,1,0.5512285
2,0,0,0.29211885
2,1,1,0.5057384
2,1,0,0.14185257
2,0,0,0.25118345
2,0,0,0.23213647
2,0,0,0.28332546
2,0,0,0.07406986
2,0,0,0.18078125
2,0,0,0.4204166
2,0,0,0.21235643
2,0,0,0.13636841
2,0,0,0.41010183
2,1,0,0.4827272
2,0,0,0.10039038
2,0,0,0.22257659
2,0,0,0.161408
2,1,0,0.25374177
2,0,0,0.21926083
2,0,0,0.09960113
2,0,0,0.1432386
2,1,0,0.075023554
2,0,0,0.11252065
2,0,0,0.10015073
2,1,0,0.113403365
2,1,1,0.71273744
2,0,0,0.48942947
2,0,0,0.49219793
2,0,1,0.69328314
2,1,1,0.6214726
2,1,0,0.21748002
2,1,1,0.66593504
2,0,1,0.5250685
2,0,0,0.48020887
2,1,1,0.657655
2,1,1,0.5944543
2,0,0,0.42247447
2,1,1,0.9092695
2,1,1,0.73461896
2,0,0,0.3427419
2,0,0,0.36919776
2,0,1,0.7279593
2,1,1,0.69844157
2,1,1,0.6349214
2,1,1,0.7943681
2,0,0,0.17911868
2,0,0,0.4774924
2,0,1,0.5822211
2,1,1,0.7728564
2,0,0,0.43996638
2,0,0,0.31721133
2,0,0,0.3208646
2,1,0,0.19915566
2,1,1,0.70482033
2,0,0,0.1250996
2,1,1,0.5056968
2,1,0,0.4665133
2,0,0,0.18486539
2,1,1,0.82943714
2,1,1,0.7438319
2,0,1,0.5643011
2,0,1,0.7271619
2,0,1,0.5810982
2,0,1,0.5836221
2,0,1,0.5826423
2,0,1,0.61413205
2,0,1,0.55705124
2,0,1,0.5546932
2,1,1,0.7082879
2,0,1,0.54829496
2,0,1,0.68155545
2,1,1,0.7364291
2,1,1,0.6612728
2,1,1,0.7267541
2,1,1,0.7265709
2,0,1,0.54264337
2,1,1,0.7397774
2,0,1,0.6611779
2,0,1,0.6479484
2,1,1,0.6987349
2,1,1,0.7112807
2,0,0,0.081741355
2,1,0,0.31014785
2,0,0,0.4072736
2,1,1,0.7828435
2,0,0,0.08285665
2,1,0,0.2963554
2,1,0,0.41434413
2,0,0,0.303449
2,1,1,0.67062443
2,1,1,0.5569641
2,0,1,0.5498825
2,1,1,0.63922477
2,0,0,0.2880758
2,1,1,0.61216056
2,0,0,0.46832183
2,0,0,0.37176242
2,0,0,0.4268197
2,1,0,0.4362882
2,0,0,0.40682593
2,0,1,0.5515139
2,0,1,0.610224
2,1,0,0.4507655
2,1,1,0.50143003
2,0,0,0.43067572
2,1,0,0.47506645
2,0,0,0.18092637
2,1,1,0.64614576
2,0,1,0.640258
2,1,0,0.36941603
2,0,0,0.35766602
2,0,0,0.10407595
2,0,1,0.6220073
2,0,0,0.48556593
2,0,0,0.33593372
2,0,0,0.33645865
2,1,0,0.33630213
2,0,0,0.42866185
2,1,1,0.68122476
2,0,0,0.14204961
2,1,1,0.795331
2,1,1,0.66765463
2,0,0,0.06603596
2,0,0,0.20812869
2,1,1,0.5703057
2,0,0,0.065679334
2,0,1,0.6485029
2,1,1,0.70675546
2,1,1,0.72141606
2,0,1,0.5088785
2,1,1,0.6034819
2,1,1,0.62218046
2,0,0,0.3431632
2,0,1,0.609325
2,0,1,0.6428932
2,1,1,0.7664388
2,1,1,0.5202178
2,1,0,0.45221254
2,1,1,0.5844231
2,0,1,0.6074154
2,1,1,0.61601114
2,1,1,0.6953512
2,0,1,0.52427125
2,0,0,0.46937847
2,0,0,0.2551995
2,1,1,0.66283447
2,0,0,0.21584316
2,0,0,0.11567314
2,1,1,0.7175974
2,1,1,0.8418796
2,0,0,0.1986194
2,0,0,0.14789155
2,0,1,0.5079227
2,0,0,0.2453996
2,0,1,0.67939675
2,1,1,0.6011655
2,0,1,0.6655347
2,1,1,0.5315598
2,1,0,0.42374575
2,1,1,0.7299415
2,1,1,0.56166804
2,1,1,0.5915212
2,0,1,0.5612591
2,1,1,0.66451454
2,0,1,0.63526934
2,0,1,0.64069164
2,0,0,0.41696087
2,0,1,0.75005966
2,0,1,0.64763564
2,1,1,0.7327965
2,1,1,0.6905979
2,0,1,0.6884171
2,0,1,0.8647134
2,0,0,0.24745347
2,0,0,0.20504026
2,1,1,0.85314
2,0,0,0.13630924
2,1,0,0.25502267
2,1,1,0.59597075
2,0,0,0.21258488
2,1,1,0.7660469
2,1,1,0.59408164
2,0,0,0.40003744
2,1,0,0.32820243
2,0,0,0.14095065
2,0,1,0.6745911
2,0,0,0.38407013
2,0,0,0.49660802
2,1,1,0.5867347
2,1,1,0.7030998
2,1,1,0.6755734
2,1,1,0.61206526
2,1,1,0.7702278
2,0,1,0.64413166
2,0,1,0.5342481
2,0,0,0.49985802
2,1,1,0.5356236
2,0,0,0.43944752
2,1,1,0.65366876
2,0,1,0.5818644
2,0,0,0.17793864
2,1,1,0.5546355
2,1,0,0.495796
2,1,0,0.45665246
2,1,1,0.60671693
2,1,0,0.4841104
2,0,1,0.5011075
2,1,0,0.48202753
2,1,0,0.3217612
2,0,1,0.50531393
2,0,0,0.11939669
2,1,0,0.44279486
2,1,1,0.6815532
2,1,0,0.41741616
2,0,0,0.48610556
2,0,0,0.37446943
2,1,1,0.71522963
2,0,0,0.4906873
2,0,0,0.116514325
2,0,0,0.3700845
2,0,1,0.52953756
2,0,1,0.5142474
2,0,1,0.6217487
2,0,0,0.44911054
2,0,0,0.33147252
2,1,1,0.77864844
2,1,1,0.79854846
2,1,0,0.45456198
2,1,1,0.5451279
2,0,0,0.37711164
2,1,0,0.18776268
2,1,1,0.8392869
2,1,1,0.6119665
2,0,1,0.6991761
2,1,1,0.5380773
2,1,1,0.86235267
2,1,1,0.7839027
2,1,1,0.8777583
2,1,0,0.30261964
2,0,0,0.248775
2,0,0,0.2554379
2,0,0,0.05675784
2,0,0,0.1520582
2,1,1,0.6329381
2,0,0,0.22297122
2,0,0,0.10146791
2,0,0,0.32019863
2,1,1,0.80801874
2,0,0,0.28801814
2,0,0,0.2113632
2,1,0,0.46696863
2,1,1,0.6012594
2,0,0,0.13075481
2,0,0,0.12199345
2,0,0,0.084053054
2,1,0,0.37835768
2,1,0,0.37227595
2,1,1,0.51100826
2,0,0,0.11128826
2,0,1,0.7120379
2,0,1,0.63227344
2,0,1,0.7507158
2,1,0,0.19546525
2,0,0,0.41626945
2,0,0,0.23535855
2,1,1,0.7908191
2,0,0,0.14656219
2,0,0,0.06202834
2,0,0,0.36102548
2,0,0,0.2240709
2,0,0,0.19746734
2,1,1,0.76656216
2,0,0,0.3569827
2,0,1,0.79840803
2,0,0,0.09797101
2,0,0,0.2716898
2,1,0,0.27910888
2,0,0,0.3601512
2,0,0,0.058593933
2,0,0,0.3153112
2,0,0,0.22855318
2,0,0,0.11273531
2,0,1,0.51946235
2,0,0,0.42926475
2,0,0,0.14707237
2,1,1,0.54280627
2,0,0,0.40603343
2,1,0,0.4661579
2,0,0,0.40264004
2,0,0,0.4861602
2,1,1,0.6457076
2,1,1,0.57306945
2,1,0,0.3758001
2,0,0,0.45601878
2,1,1,0.72544396
2,0,1,0.6235868
2,0,1,0.7187022
2,0,0,0.38239047
2,1,1,0.6255545
2,0,0,0.24808908
2,0,1,0.6059133
2,0,0,0.21876806
2,1,1,0.53628296
2,1,1,0.8527915
2,1,1,0.73386997
2,0,0,0.4004781
2,0,0,0.053763706
2,1,0,0.39582494
2,1,1,0.6072463
2,1,0,0.22982092
2,0,0,0.37350747
2,0,1,0.5227849
2,0,0,0.27251267
2,1,1,0.7915678
2,0,1,0.6604161
2,0,0,0.08447595
2,0,0,0.37600115
2,1,0,0.4042826
2,0,0,0.20551929
2,1,1,0.6345353
2,1,0,0.37118968
2,1,0,0.4874731
2,0,0,0.08021557
2,1,1,0.5323344
2,0,1,0.63699603
2,0,0,0.148289
2,1,1,0.67164165
2,1,1,0.63902956
2,1,1,0.7365839
2,1,1,0.6388558
2,1,1,0.6325005
2,1,1,0.5509721
2,0,1,0.75311816
2,0,0,0.38136196
2,0,1,0.68270624
2,0,0,0.30569932
2,0,0,0.36832812
2,0,0,0.4448644
2,1,1,0.6950368
2,0,1,0.67341524
2,0,1,0.52970374
2,0,1,0.61403155
2,0,0,0.34550327
2,0,1,0.5829918
2,1,0,0.41128364
2,0,1,0.6591738
2,0,1,0.52967113
2,1,1,0.50151896
2,1,1,0.51053715
2,1,0,0.4881125
2,1,0,0.49070027
2,1,0,0.36503085
2,1,0,0.33505592
2,1,0,0.3426048
2,1,0,0.4787163
2,1,0,0.41478875
2,1,0,0.47805944
2,1,0,0.41576976
2,1,1,0.5184281
2,1,1,0.51719815
2,1,0,0.38016823
2,1,1,0.88005257
2,0,1,0.6541082
2,1,1,0.6759944
2,1,1,0.7541608
2,1,0,0.44231546
2,0,0,0.41460422
2,0,1,0.5610618
2,0,1,0.8620873
2,1,1,0.70791686
2,0,1,0.69714105
2,1,1,0.7692909
2,1,1,0.57495826
2,0,0,0.13080238
2,1,1,0.773647
2,0,1,0.7714455
2,1,1,0.8883877
2,1,1,0.6966623
2,1,1,0.7378998
2,0,0,0.35945854
2,0,0,0.40886694
2,0,1,0.81819516
2,1,1,0.7173728
2,1,1,0.57031214
2,0,1,0.5240417
2,0,1,0.74485064
2,0,1,0.65324897
2,1,1,0.7598106
2,1,1,0.6149685
2,0,1,0.67146146
2,1,1,0.72438693
2,0,1,0.6214138
2,0,1,0.5977685
2,0,0,0.27890283
2,0,1,0.58320004
2,0,0,0.34595248
2,1,1,0.7004357
2,1,1,0.5392866
2,1,1,0.7614645
2,0,1,0.6776034
2,0,0,0.4666723
2,1,1,0.59733754
2,0,1,0.68972147
2,1,0,0.48538443
2,1,1,0.5990969
2,0,1,0.51362014
2,1,1,0.5881996
2,1,1,0.7043002
2,0,0,0.06538895
2,0,0,0.2606351
2,1,1,0.7209932
2,0,0,0.06261255
2,1,0,0.2999647
2,0,0,0.3450142
2,1,1,0.7883118
2,1,1,0.67191774
2,1,1,0.7899012
2,0,0,0.106028974
2,0,0,0.33180887
2,0,0,0.11368445
2,0,0,0.37364358
2,0,0,0.4144385
2,0,0,0.29843903
2,1,1,0.70170695
2,1,1,0.759706
2,0,0,0.46216634
2,1,1,0.6413517
2,0,0,0.039745875
2,0,0,0.20742829
2,0,0,0.33878312
2,1,0,0.45966035
2,0,0,0.49077374
2,1,0,0.48505956
2,1,1,0.66872287
2,1,1,0.55503505
2,0,0,0.27607948
2,0,1,0.6454368
2,0,0,0.23517138
2,0,0,0.43456805
2,1,0,0.49110925
2,0,0,0.4725532
2,0,1,0.9097506
2,0,1,0.71617514
2,1,0,0.41157895
2,1,1,0.5557679
2,0,0,0.4740322
2,1,1,0.7664175
2,0,0,0.41223183
2,0,0,0.2978753
2,1,0,0.4384482
2,0,1,0.611961
2,1,1,0.7916321
2,0,0,0.30231428
2,1,0,0.13780642
2,0,0,0.35852388
2,0,0,0.49641234
2,1,1,0.7446604
2,0,1,0.78540796
2,1,0,0.3007408
2,1,1,0.8509114
2,0,1,0.6781209
2,1,1,0.64157575
2,0,0,0.1375069
2,1,1,0.7327276
2,1,0,0.43542898
2,1,1,0.68858737
2,0,1,0.7834218
2,0,1,0.5606307
2,1,0,0.38916373
2,0,0,0.11093035
2,0,1,0.6382439
2,0,0,0.47688
2,0,1,0.56003624
2,1,0,0.49180788
2,0,0,0.4296513
2,0,0,0.27469972
2,0,0,0.42416117
2,1,1,0.59338844
2,1,1,0.76796025
2,1,1,0.81358105
2,0,0,0.2718849
2,1,0,0.35292688
2,0,0,0.14000112
2,1,1,0.8481997
2,1,1,0.6389532
2,0,1,0.6662264
2,0,0,0.3269796
2,1,1,0.6955294
2,0,1,0.65812606
2,0,1,0.67898434
2,1,1,0.5609606
2,0,0,0.47301072
2,1,1,0.73981166
2,1,1,0.8065789
2,0,1,0.51101184
2,0,1,0.51817745
2,0,0,0.4330609
2,1,1,0.8221041
2,0,1,0.7330558
2,1,1,0.68331575
2,1,1,0.81992334
2,0,0,0.43896025
2,0,0,0.15715282
2,1,1,0.5762462
2,0,0,0.19171043
2,1,1,0.5536175
2,1,1,0.62195593
2,0,0,0.4949467
2,0,0,0.46112406
2,1,0,0.35096225
2,0,0,0.06952271
2,1,0,0.33616763
2,1,0,0.31222755
2,0,0,0.30800185
2,0,0,0.20135492
2,0,1,0.5121835
2,0,0,0.38706842
2,1,1,0.63022935
2,1,1,0.6528438
2,1,1,0.50146705
2,1,1,0.81699866
2,1,1,0.52186966
2,0,1,0.55725646
2,0,0,0.33831486
2,1,1,0.63129485
2,0,1,0.5216629
2,0,0,0.4586595
2,1,1,0.6599246
2,0,0,0.44766778
2,1,1,0.8310121
2,0,0,0.47233024
2,0,1,0.6079183
2,1,1,0.6282783
2,1,1,0.7025811
2,1,1,0.5104795
2,0,0,0.058779433
2,1,1,0.8888303
2,0,1,0.6902331
2,1,1,0.7600027
2,1,0,0.47071517
2,0,0,0.08124032
2,1,1,0.5373012
2,0,1,0.7599594
2,0,1,0.72662336
2,1,1,0.7375302
2,0,0,0.12872468
2,0,0,0.15620573
2,1,0,0.40953347
2,0,1,0.5577971
2,0,1,0.52726364
2,1,1,0.7476158
2,0,0,0.25526682
2,1,1,0.8990856
2,1,1,0.72812426
2,0,0,0.37759966
2,1,1,0.5263997
2,0,1,0.611353
2,0,1,0.61044014
2,1,1,0.79847336
2,0,1,0.70981306
2,0,1,0.57017803
2,1,0,0.45146838
2,0,1,0.7887332
2,1,1,0.77620006
2,0,0,0.3628332
2,0,0,0.47403303
2,0,0,0.18579333
2,0,0,0.18554358
2,1,1,0.770039
2,1,1,0.7323422
2,1,0,0.4112478
2,1,1,0.7698907
2,1,1,0.64939004
2,0,0,0.3145567
2,1,0,0.48600894
2,0,1,0.66984105
2,0,0,0.21936215
2,0,0,0.13715854
2,1,1,0.57705873
2,0,0,0.44659784
2,1,1,0.75704867
2,0,0,0.14282237
2,0,1,0.5659383
2,1,1,0.9165197
2,0,1,0.73461896
2,1,1,0.65262884
2,0,0,0.073301315
2,1,0,0.41743717
2,0,0,0.062431138
2,0,0,0.24701427
2,1,0,0.2697081
2,0,1,0.6148336
2,0,0,0.3868569
2,0,0,0.12323236
2,0,1,0.57218075
2,1,0,0.34700844
2,1,0,0.18747069
2,1,1,0.80159515
2,1,1,0.5905267
2,0,0,0.34117007
2,0,0,0.342117
2,0,0,0.44669944
2,1,1,0.5840813
2,0,1,0.606771
2,0,0,0.48424053
2,1,1,0.77351326
2,0,1,0.5166736
2,0,0,0.44381776
2,0,0,0.06991431
2,0,0,0.17076097
2,1,1,0.58820736
2,0,0,0.42030665
2,0,1,0.56007516
2,0,1,0.60980076
2,1,1,0.7448384
2,0,0,0.12680908
2,1,1,0.5843046
2,1,1,0.63385034
2,1,1,0.51738065
2,0,0,0.4184384
2,0,0,0.49393693
2,1,0,0.48087016
2,0,0,0.43293852
2,1,0,0.4444747
2,1,1,0.83689904
2,1,1,0.6221592
2,1,1,0.57982475
2,1,0,0.42254737
2,0,0,0.29744488
2,0,1,0.7397136
2,0,1,0.63415426
2,1,0,0.46472612
2,1,1,0.72573286
2,0,0,0.4655392
2,0,0,0.38688
2,0,0,0.2954392
2,1,1,0.5007166
2,0,1,0.7152665
2,0,0,0.24426721
2,1,1,0.8062436
2,0,1,0.6422207
2,1,1,0.56840676
2,0,1,0.5950322
2,1,1,0.7708073
2,1,1,0.67011994
2,1,0,0.35316893
2,1,0,0.38862655
2,0,0,0.30838028
2,0,1,0.581054
2,1,1,0.8728824
2,0,0,0.21478042
2,1,1,0.6660134
2,0,0,0.07021676
2,1,0,0.14649925
2,0,1,0.65401566
2,0,1,0.6313636
2,0,0,0.18386526
2,0,0,0.14485133
2,1,1,0.5790385
2,1,1,0.7189774
2,0,0,0.052577518
2,0,0,0.49578586
2,0,0,0.30449575
2,0,0,0.43314794
2,0,0,0.45673695
2,1,0,0.27098772
2,1,1,0.53618294
2,1,1,0.5521201
2,0,0,0.457088
2,0,0,0.41387063
2,1,0,0.35778114
2,1,0,0.35040855
2,1,1,0.7749012
2,1,0,0.49661273
2,0,0,0.2223341
2,0,0,0.14565079
2,1,0,0.46493664
2,1,0,0.49357682
2,1,1,0.6018167
2,1,1,0.7307178
2,1,1,0.7445782
2,1,1,0.699286
2,0,1,0.6823691
2,1,1,0.6276105
2,1,1,0.7736043
2,0,0,0.25628588
2,1,1,0.6663619
2,0,0,0.40244642
2,0,1,0.5661656
2,0,0,0.123264216
2,1,1,0.5841716
2,1,0,0.24126075
2,0,1,0.64227414
2,0,0,0.14879905
2,0,0,0.24800527
2,0,1,0.5996345
2,0,1,0.783764
2,1,1,0.8452523
2,0,1,0.59381646
2,0,1,0.68849975
2,1,0,0.47192302
2,1,0,0.13743557
2,0,1,0.63617396
2,1,1,0.6333057
2,1,1,0.5256082
2,0,0,0.30444118
2,0,1,0.7640602
2,1,1,0.65262157
2,0,0,0.46928504
2,0,1,0.5729916
2,1,1,0.664267
2,0,0,0.4355025
2,1,0,0.19780576
2,1,1,0.63616586
2,0,1,0.53636026
2,1,1,0.52729523
2,0,1,0.6077832
2,0,1,0.6796575
2,1,1,0.8970428
2,0,0,0.38517863
2,0,1,0.72033143
2,1,1,0.6809747
2,0,1,0.63060635
2,1,1,0.59963775
2,0,0,0.1855451
2,1,1,0.7092654
2,1,1,0.5124634
2,0,0,0.45457417
2,0,1,0.58545905
2,1,1,0.6259626
2,0,1,0.7595889
2,0,1,0.53342223
2,0,1,0.92425054
2,0,1,0.5422872
2,1,0,0.3816699
2,1,0,0.45494536
2,1,1,0.8534291
2,0,0,0.42651105
2,1,1,0.7317137
2,1,1,0.8401038
2,1,1,0.6763134
2,0,0,0.3283535
2,0,1,0.62044126
2,1,1,0.57038015
2,0,0,0.15939568
2,0,1,0.8362533
2,1,1,0.9371174
2,1,1,0.7099248
2,1,1,0.6636366
2,0,0,0.32657802
2,1,1,0.51802194
2,0,0,0.16148914
2,0,0,0.43464008
2,0,1,0.6718371
2,0,0,0.34318316
2,0,0,0.18880379
2,1,0,0.4693846
2,1,1,0.61242294
2,0,0,0.3560427
2,0,0,0.0707502
2,0,0,0.16825202
2,0,1,0.7492728
2,0,1,0.5566912
2,0,0,0.08299784
2,1,1,0.54387915
2,0,1,0.5091529
2,0,1,0.6198753
2,1,0,0.48035768
2,1,1,0.5360566
2,1,1,0.688022
2,1,1,0.72479177
2,0,1,0.7906465
2,0,0,0.22027251
2,0,0,0.11788428
2,1,1,0.5991118
2,1,1,0.53058314
2,0,0,0.19917075
2,1,1,0.6350536
2,1,1,0.57961917
2,1,1,0.5136976
2,0,0,0.30429506
2,0,0,0.21867447
2,1,1,0.62066174
2,0,1,0.5515044
2,0,1,0.5353512
2,0,0,0.33656797
2,0,1,0.53302294
2,1,1,0.5146382
2,1,1,0.6334314
2,0,1,0.623743
2,0,1,0.6078188
2,1,0,0.439617
2,1,1,0.51660997
2,1,0,0.36757538
2,0,0,0.3662756
2,0,0,0.4129477
2,1,1,0.5169368
2,0,0,0.4117796
2,1,1,0.5705444
2,1,1,0.63509125
2,0,1,0.58811706
2,1,0,0.30046573
2,0,0,0.30294457
2,1,1,0.6431043
2,0,0,0.16593902
2,1,0,0.44833893
2,0,0,0.39888185
2,1,1,0.74751705
2,0,1,0.7761221
2,0,0,0.36969203
2,0,1,0.62524766
2,0,1,0.64015234
2,0,0,0.4747087
2,0,1,0.5468733
2,1,0,0.45414945
2,0,0,0.4928085
2,0,1,0.6014254
2,0,1,0.6608978
2,0,0,0.24544035
2,1,1,0.65130115
2,1,1,0.6231209
2,1,1,0.6373029
2,1,1,0.5692186
2,0,1,0.7282529
2,1,1,0.5770055
2,0,1,0.6648793
2,1,1,0.65068865
2,0,0,0.44203734
2,0,1,0.70491254
2,0,1,0.60003746
2,0,1,0.59606045
2,1,1,0.7826755
2,0,1,0.6863985
2,1,1,0.5312271
2,1,0,0.4837946
2,0,0,0.21003245
2,0,0,0.17684603
2,1,1,0.71946675
2,1,0,0.3303546
2,1,1,0.75209236
2,1,0,0.3709789
2,1,1,0.60159755
2,1,1,0.57132024
2,1,1,0.692564
2,0,1,0.6180946
2,0,0,0.3705379
2,0,0,0.30769762
2,1,1,0.6988069
2,0,0,0.4425866
2,0,0,0.217095
2,0,0,0.20709297
2,0,0,0.47113073
2,0,0,0.13076994
2,1,1,0.8213187
2,0,1,0.63607615
2,1,1,0.67583114
2,1,0,0.11217632
2,0,0,0.20281863
2,1,0,0.18946268
2,1,1,0.64768666
2,0,0,0.37002623
2,0,0,0.30951607
2,0,0,0.28068724
2,0,0,0.123984545
2,1,0,0.1738465
2,0,1,0.6692214
2,1,0,0.17192551
2,0,0,0.40630442
2,0,0,0.19200042
2,0,0,0.3094356
2,1,0,0.4044432
2,1,1,0.6514669
2,0,1,0.51428664
2,0,0,0.061522365
2,1,0,0.36881712
2,0,1,0.5650511
2,1,1,0.5098289
2,0,0,0.07682812
2,0,1,0.56577575
2,1,1,0.55734277
2,1,1,0.65916014
2,0,0,0.14694057
2,1,0,0.35298425
2,0,0,0.26873127
2,0,1,0.6077454
2,0,1,0.62548923
2,1,1,0.6584589
2,0,0,0.13958195
2,1,0,0.34216878
2,1,1,0.8800659
2,1,1,0.5559446
2,1,1,0.64204174
2,0,0,0.20676577
2,1,1,0.69868046
2,1,1,0.7540667
2,1,1,0.52937955
2,0,0,0.38490596
2,1,1,0.57563525
2,0,0,0.33175611
2,1,1,0.6668258
2,0,0,0.25218344
2,0,0,0.32242066
2,0,0,0.22996834
2,1,1,0.72446865
2,0,0,0.30803
2,0,0,0.16059779
2,0,1,0.68949
2,0,0,0.3920877
2,1,1,0.7135273
2,0,0,0.45291686
2,0,0,0.4659913
2,0,1,0.5551167
2,0,1,0.5454909
2,1,1,0.9013126
2,1,1,0.660678
2,0,1,0.5964492
2,0,0,0.38250476
2,0,1,0.7266449
2,0,1,0.5715825
2,1,1,0.6697534
2,1,1,0.7073426
2,1,0,0.27966177
2,1,1,0.6886755
2,0,0,0.23086154
2,1,1,0.7539269
2,1,1,0.7887769
2,0,0,0.378769
2,1,1,0.5235298
2,1,0,0.43294466
2,1,1,0.7671038
2,0,1,0.65135753
2,0,1,0.6927031
2,1,0,0.20117386
2,0,0,0.34157538
2,0,0,0.14169094
2,1,1,0.82823503
2,1,0,0.49804038
2,0,0,0.15334718
2,0,1,0.5020484
2,1,0,0.2594312
2,1,1,0.7058556
2,1,1,0.7695533
2,0,1,0.6681232
2,1,1,0.7561058
2,0,0,0.25989693
2,1,1,0.6268615
2,0,1,0.5336397
2,0,0,0.3516071
2,1,1,0.8855808
2,1,1,0.76477087
2,0,1,0.73579913
2,1,1,0.531064
2,0,0,0.07837469
2,0,0,0.078718975
2,1,1,0.7076313
2,0,0,0.28041473
2,0,1,0.56099397
2,0,0,0.100312814
2,0,0,0.31937274
2,0,0,0.4549571
2,0,1,0.81461626
2,1,1,0.74198514
2,1,0,0.42428246
2,0,0,0.3735402
2,0,0,0.24280775
2,0,1,0.54216516
2,0,0,0.25119823
2,1,1,0.79107
2,1,0,0.20042707
2,1,1,0.67377895
2,1,0,0.3549713
2,0,0,0.04294867
2,1,0,0.193046
2,1,1,0.83018035
2,0,1,0.6148778
2,1,1,0.648447
2,0,0,0.113065034
2,0,1,0.7401915
2,1,1,0.74837583
2,1,1,0.6551648
2,0,1,0.5079207
2,1,1,0.6845067
2,1,1,0.8056506
2,0,1,0.6434845
2,1,0,0.20207609
2,1,0,0.07852873
2,0,0,0.1744571
2,0,0,0.4791688
2,0,0,0.086414985
2,1,0,0.17551066
2,1,1,0.80840516
2,1,0,0.4471852
2,1,1,0.70991397
2,0,1,0.55336475
2,1,1,0.6891639
2,0,0,0.3577964
2,0,0,0.25852633
2,0,0,0.3821682
2,1,1,0.5881497
2,1,1,0.62014747
2,0,1,0.6011662
2,0,0,0.3275528
2,0,0,0.15582399
2,1,1,0.85918564
2,0,1,0.71784097
2,1,1,0.70079786
2,1,0,0.15885274
2,0,0,0.32161516
2,1,1,0.7513527
2,1,1,0.5808454
2,0,0,0.31937432
2,1,0,0.114439495
2,0,0,0.2830532
2,0,0,0.39740005
2,1,1,0.7923403
2,0,1,0.59817713
2,0,1,0.6780856
2,1,0,0.44169208
2,0,0,0.24806787
2,0,1,0.8289481
2,1,1,0.66233504
2,0,1,0.62979496
2,0,0,0.38835487
2,0,0,0.26482663
2,0,0,0.10834402
2,1,0,0.24552613
2,1,1,0.79841185
2,1,0,0.44319877
2,0,1,0.6177188
2,0,0,0.43147555
2,1,1,0.76630926
2,0,0,0.3957107
2,0,0,0.4480121
2,1,0,0.3558923
2,0,0,0.13832173
2,0,0,0.42962667
2,1,1,0.7791441
2,1,1,0.61055714
2,1,0,0.33718187
2,1,0,0.22690193
2,1,0,0.14566833
2,0,1,0.54125863
2,0,0,0.11846715
2,0,1,0.7573599
2,0,1,0.50606483
2,0,1,0.60080975
2,1,1,0.76655245
2,1,0,0.47697276
2,1,0,0.40985647
2,1,1,0.84567255
2,1,1,0.6276768
2,0,0,0.14529042
2,1,0,0.044709478
2,1,1,0.71639705
2,0,0,0.42319462
2,0,0,0.291852
2,0,1,0.52825016
2,0,0,0.23431909
2,0,0,0.19462357
2,1,1,0.8703415
2,0,1,0.629252
2,1,1,0.7570205
2,1,1,0.5845309
2,0,1,0.6415535
2,0,0,0.4393521
2,0,0,0.33759746
2,1,1,0.5724085
2,0,1,0.5126715
2,0,0,0.4902617
2,1,1,0.69626504
2,0,0,0.29562736
2,1,1,0.78709894
2,0,1,0.56792694
2,1,1,0.6725018
2,1,1,0.55179757
2,0,0,0.48792762
2,0,1,0.68362373
2,1,1,0.73490393
2,1,0,0.4419288
2,0,0,0.24449135
2,0,0,0.09267604
2,0,0,0.23454013
2,1,1,0.52632076
2,0,0,0.460163
2,1,1,0.675608
2,0,1,0.6665908
2,1,1,0.8537624
2,0,1,0.74704945
2,0,1,0.59381413
2,0,1,0.5301007
2,0,0,0.12817922
2,1,0,0.27462488
2,0,0,0.17117663
2,1,1,0.78090006
2,1,1,0.6508444
2,0,1,0.76022166
2,0,1,0.649921
2,1,0,0.45832637
2,0,0,0.08748764
2,1,1,0.6716463
2,1,1,0.7147806
2,0,1,0.74563444
2,1,1,0.57672834
2,0,0,0.3893486
2,1,1,0.5524425
2,1,1,0.8246128
2,1,1,0.5437947
2,0,0,0.4971715
2,0,0,0.15044215
2,0,0,0.3832632
2,1,1,0.6458445
2,1,1,0.5563056
2,0,0,0.31745338
2,0,0,0.39191902
2,0,1,0.8346423
2,0,1,0.5754281
2,1,1,0.5559822
2,0,0,0.10194336
2,0,0,0.121932365
2,1,1,0.5876196
2,1,1,0.5898763
2,0,0,0.2557228
2,0,0,0.340439
2,1,0,0.4668863
2,0,1,0.588647
2,0,1,0.5394528
2,0,1,0.52336806
2,0,0,0.09891385
2,1,0,0.45753977
2,1,0,0.454018
2,1,0,0.26414737
2,0,1,0.72559714
2,1,1,0.7287151
2,0,0,0.25062272
2,0,1,0.59628576
2,1,1,0.59014
2,1,1,0.60969746
2,1,0,0.43007183
2,0,0,0.0588922
2,1,1,0.720461
2,1,1,0.7524834
2,1,0,0.32298043
2,0,0,0.14402933
2,0,0,0.1747468
2,1,1,0.70770955
2,0,0,0.338297
2,0,0,0.18622348
2,0,0,0.09685511
2,1,1,0.6361242
2,1,1,0.63504934
2,1,1,0.54828
2,1,0,0.40132636
2,1,0,0.3476988
2,0,0,0.05044193
2,1,0,0.4755169
2,0,1,0.52413535
2,0,0,0.21866934
2,0,0,0.27012485
2,1,1,0.7641811
2,1,1,0.5864625
2,1,1,0.658503
2,1,0,0.3115312
2,0,0,0.11235747
2,0,0,0.07257619
2,0,0,0.2779998
2,0,1,0.82820857
2,1,1,0.6799438
2,0,1,0.596662
2,0,0,0.17838949
2,1,0,0.36403495
2,1,0,0.38930154
2,0,1,0.75317365
2,0,1,0.5545438
2,1,1,0.6437415
2,1,1,0.6585338
2,1,0,0.27005255
2,0,0,0.108967416
2,0,0,0.17107391
2,0,0,0.3758915
2,1,1,0.64987105
2,0,1,0.5395784
2,0,1,0.6446816
2,0,0,0.2784614
2,0,0,0.30187723
2,0,1,0.7374898
2,1,1,0.765255
2,0,0,0.09818623
2,0,0,0.2954804
2,1,1,0.77478945
2,0,0,0.3046347
2,1,1,0.7663692
2,1,1,0.7583924
2,1,1,0.6360559
2,0,0,0.37368256
2,1,0,0.40120688
2,0,1,0.7623474
2,0,1,0.53948456
2,0,1,0.77360505
2,0,1,0.5236046
2,0,0,0.077233896
2,1,0,0.26522776
2,1,1,0.62555665
2,1,1,0.6801532
2,0,1,0.7127605
2,0,0,0.36505494
2,1,1,0.57597196
2,0,1,0.51819444
2,0,1,0.64630777
2,0,1,0.63810736
2,1,1,0.62672585
2,0,0,0.48334548
2,0,1,0.65449816
2,1,1,0.7838236
2,1,1,0.5470743
2,1,1,0.6665507
2,1,1,0.75611913
2,0,0,0.3551254
2,0,1,0.7502481
2,0,0,0.32149303
2,1,1,0.65514004
2,0,1,0.5078592
2,1,1,0.72403646
2,1,0,0.44967264
2,1,1,0.6667825
2,1,1,0.6100439
2,0,0,0.2677942
2,1,0,0.42471412
2,0,1,0.73374516
2,0,1,0.6550362
2,0,0,0.45154893
2,0,0,0.17841038
2,1,1,0.62303233
2,0,1,0.5598681
2,1,1,0.804217
2,0,0,0.46571425
2,0,1,0.57720804
2,1,1,0.741251
2,1,1,0.6921815
2,0,1,0.58456683
2,0,0,0.23404068
2,1,1,0.7122847
2,1,1,0.6249638
2,1,1,0.6643765
2,1,1,0.5676966
2,0,0,0.10038501
2,0,0,0.3297793
2,1,1,0.76726264
2,0,0,0.47399074
2,1,0,0.43706635
2,0,0,0.48161325
2,0,0,0.066281825
2,1,1,0.7481326
2,1,1,0.53561616
2,0,0,0.11862424
2,0,0,0.42684937
2,0,0,0.16249987
2,1,1,0.5969188
2,0,0,0.32804886
2,0,0,0.20782498
2,0,0,0.4246103
2,1,1,0.62833965
2,1,0,0.4212871
2,1,1,0.50878763
2,1,1,0.7264057
2,1,1,0.6504805
2,0,0,0.48658708
2,0,1,0.7777894
2,0,0,0.457235
2,0,0,0.46510223
2,0,1,0.6329669
2,0,0,0.4813183
2,0,0,0.47475773
2,0,0,0.48943725
2,1,1,0.76488996
2,1,1,0.66150457
2,0,1,0.63048726
2,0,1,0.5407761
2,1,0,0.4055045
2,1,1,0.621463
2,0,1,0.5711857
2,0,1,0.5438464
2,1,1,0.59237266
2,0,0,0.48594514
2,1,1,0.58127785
2,1,1,0.8304325
2,1,0,0.47296688
2,1,0,0.367397
2,1,1,0.644148
2,1,0,0.46865624
2,0,1,0.5195811
2,1,1,0.66876787
2,0,0,0.35774997
2,0,0,0.46415368
2,0,1,0.5089292
2,0,0,0.36807564
2,0,1,0.6310188
2,0,1,0.8259633
2,0,0,0.26270825
2,1,1,0.630708
2,1,0,0.3790555
2,1,1,0.6315152
2,0,1,0.6065909
2,1,0,0.45327136
2,1,1,0.726153
2,0,1,0.52912825
2,0,1,0.63478345
2,0,0,0.34446082
2,1,1,0.69352025
2,0,1,0.69352466
2,1,1,0.7256855
2,0,1,0.5684501
2,1,1,0.72790265
2,1,1,0.6918407
2,1,1,0.6470387
2,0,1,0.53154707
2,0,1,0.59545076
2,1,1,0.67988014
2,0,1,0.5838323
2,0,0,0.40145802
2,1,0,0.4247831
2,0,0,0.42547137
2,0,0,0.44465044
2,1,0,0.3357524
2,0,0,0.3648462
2,1,1,0.55938923
2,0,0,0.44893938
2,0,0,0.30558723
2,1,1,0.6946598
2,1,0,0.43047696
2,0,0,0.24980307
2,0,1,0.5931433
2,0,0,0.11087836
2,0,1,0.51336443
2,0,0,0.22804363
2,1,1,0.5527844
2,1,0,0.40931472
2,1,0,0.47453368
2,0,1,0.58327883
2,0,1,0.52581733
2,0,0,0.31598464
2,1,0,0.4940484
2,1,1,0.5915729
2,0,0,0.1504835
2,1,1,0.6451463
2,0,1,0.5126034
2,0,1,0.591851
2,1,0,0.49571842
2,1,0,0.46549606
2,1,0,0.12781313
2,0,0,0.2574336
2,1,1,0.7045816
2,0,0,0.42783117
2,0,0,0.12504666
2,0,1,0.5940568
2,0,0,0.35700133
2,0,0,0.27105492
2,0,0,0.30482578
2,1,1,0.521384
2,1,1,0.8772761
2,0,1,0.62845933
2,0,0,0.4387304
2,1,1,0.71262836
2,1,1,0.5460312
2,0,1,0.5889455
2,0,1,0.52723175
2,0,1,0.71571237
2,1,1,0.7948726
2,0,0,0.2685526
2,0,0,0.10678111
2,1,0,0.4954335
2,1,1,0.65093213
2,0,1,0.5698185
2,0,1,0.5074115
2,1,0,0.4878973
2,0,1,0.7457083
2,0,0,0.46535325
2,1,1,0.7910687
2,1,0,0.34065643
2,1,1,0.78922856
2,1,1,0.5193568
2,1,0,0.35029373
2,0,0,0.38695076
2,0,0,0.17961939
2,1,0,0.22483478
2,0,1,0.5119345
2,1,1,0.7191443
2,0,0,0.4538874
2,1,0,0.41419554
2,0,0,0.23487991
2,0,0,0.4826091
2,0,0,0.059396334
2,0,0,0.10726607
2,1,1,0.531578
2,1,1,0.6343281
2,0,0,0.07009044
2,0,1,0.5167466
2,0,0,0.48184055
2,1,1,0.8707229
2,1,1,0.6086326
2,0,1,0.6074181
2,1,0,0.4588472
2,1,0,0.45596674
2,1,1,0.52821267
2,0,1,0.6207317
2,1,1,0.7760743
2,0,0,0.4014112
2,1,1,0.6461788
2,1,1,0.6735617
2,0,0,0.38164848
2,0,0,0.17441241
2,0,0,0.3816322
2,0,0,0.12782049
2,0,0,0.4791078
2,0,0,0.4505354
2,1,1,0.71303314
2,0,0,0.21869162
2,0,0,0.3597265
2,1,1,0.71604866
2,0,0,0.46873903
2,1,1,0.58541733
2,0,0,0.30046925
2,0,0,0.11716131
2,1,1,0.76115096
2,1,1,0.7730053
2,0,0,0.49088484
2,0,0,0.0879861
2,0,0,0.15964356
2,1,1,0.5122838
2,1,1,0.6949841
2,0,1,0.5367187
2,1,0,0.46745175
2,0,0,0.21299358
2,0,0,0.3079423
2,0,0,0.20824297
2,1,1,0.6805165
2,1,1,0.6773124
2,1,1,0.5779133
2,1,1,0.64817727
2,1,1,0.50656986
2,0,0,0.3217021
2,0,1,0.62092406
2,0,0,0.49009702
2,0,1,0.58333653
2,1,1,0.66038936
2,1,0,0.34826663
2,0,0,0.28693342
2,0,0,0.1379293
2,0,0,0.36484227
2,1,1,0.82620376
2,1,0,0.4828353
2,0,1,0.5501599
2,1,1,0.50449955
2,1,1,0.6648597
2,0,1,0.55031437
2,0,0,0.40570012
2,1,1,0.60053426
2,0,1,0.7780184
2,0,0,0.44479114
2,0,0,0.2601999
2,1,1,0.7433871
2,0,1,0.53229594
2,1,0,0.30574217
2,1,0,0.46640426
2,0,0,0.3516159
2,0,0,0.30070147
2,0,1,0.6452923
2,0,1,0.5341079
2,0,0,0.19024257
2,0,1,0.55976087
2,1,0,0.49388704
2,0,1,0.537043
2,1,1,0.823524
2,1,1,0.6793775
2,1,0,0.263486
2,1,0,0.42299148
2,0,0,0.2952214
2,0,0,0.08741393
2,1,0,0.15614124
2,0,0,0.49109945
2,1,1,0.74207413
2,1,1,0.5469682
2,1,1,0.6724239
2,0,1,0.5747538
2,0,0,0.43616444
2,0,1,0.69912195
2,1,1,0.64245313
2,1,1,0.53090495
2,0,1,0.54704356
2,0,0,0.4314312
2,0,0,0.39361948
2,0,0,0.11861598
2,0,0,0.29597563
2,1,1,0.74031925
2,1,1,0.72669977
2,1,1,0.8004443
2,1,1,0.6432256
2,1,0,0.47437665
2,0,0,0.2039087
2,0,0,0.34539136
2,1,1,0.77401376
2,0,1,0.6629291
2,1,1,0.51694614
2,1,1,0.5391175
2,0,0,0.36676675
2,1,0,0.35654762
2,1,1,0.5815722
2,0,0,0.12151595
2,0,0,0.32091728
2,1,1,0.8480897
2,0,0,0.49073803
2,0,0,0.40219808
2,1,1,0.5823243
2,0,0,0.329863
2,0,1,0.5501106
2,1,1,0.7870667
2,0,0,0.37198603
2,1,0,0.18584816
2,1,0,0.1649702
2,0,1,0.51482576
2,1,1,0.6844994
2,1,1,0.6576636
2,0,0,0.14889106
2,0,1,0.5484999
2,0,0,0.41313425
2,1,1,0.75752854
2,1,1,0.71935236
2,1,0,0.42858642
2,1,0,0.49011105
2,0,1,0.55332637
2,0,1,0.5525309
2,0,0,0.48587096
2,0,1,0.84756684
2,1,1,0.5650915
2,1,1,0.5254269
2,0,1,0.6352439
2,1,0,0.4443285
2,0,0,0.49394593
2,0,0,0.42309618
2,1,0,0.3014782
2,0,0,0.09595503
2,0,1,0.60978884
2,0,0,0.4448501
2,1,1,0.63694173
2,0,0,0.4738334
2,0,0,0.20396316
2,0,1,0.63173187
2,0,0,0.3578482
2,1,1,0.6550057
2,1,1,0.5800338
2,1,0,0.48130494
2,1,1,0.7303151
2,1,0,0.3313916
2,1,0,0.32836518
2,0,0,0.30860597
2,0,1,0.5708179
2,1,1,0.7061641
2,0,0,0.14422673
2,1,0,0.36929572
2,0,0,0.3817704
2,0,1,0.6337303
2,0,0,0.4223006
2,0,1,0.5841415
2,1,1,0.8201808
2,0,1,0.5204163
2,1,1,0.55252767
2,0,0,0.09117797
2,0,1,0.59098727
2,1,1,0.5656227
2,0,1,0.5928308
2,1,1,0.7634562
2,1,1,0.5251324
2,1,1,0.6337635
2,0,0,0.04390355
2,0,0,0.12149594
2,0,1,0.5724778
2,1,1,0.9239242
2,1,1,0.54610896
2,0,0,0.38086906
2,1,1,0.6203129
2,1,0,0.36690882
2,0,0,0.077906206
2,0,1,0.6535441
2,0,1,0.529987
2,1,1,0.7191863
2,0,1,0.58451766
2,1,1,0.82495534
2,1,1,0.6301272
2,1,0,0.20617881
2,0,0,0.10588606
2,1,1,0.55972695
2,0,1,0.75552636
2,0,1,0.70457083
2,0,1,0.54349214
2,0,0,0.41995075
2,0,1,0.5204378
2,0,0,0.048860345
2,1,0,0.40510675
2,0,0,0.16398494
2,1,1,0.58432424
2,0,0,0.12852038
2,1,1,0.6149537
2,0,0,0.46729216
2,0,1,0.51443726
2,1,1,0.82312447
2,1,1,0.55104226
2,0,0,0.076286934
2,0,0,0.33459198
2,1,1,0.6978831
2,1,1,0.9363869
2,1,1,0.55184287
2,1,0,0.28644264
2,1,1,0.7621546
2,0,0,0.18184757
2,1,1,0.7034824
2,1,1,0.589633
2,0,0,0.2843928
2,1,0,0.22815564
2,0,0,0.13481687
2,0,0,0.26922086
2,0,0,0.086604826
2,1,1,0.7862385
2,1,1,0.61382395
2,0,0,0.33392683
2,0,1,0.54703176
2,0,0,0.11958415
2,0,0,0.41473064
2,0,0,0.16557299
2,1,1,0.7739254
2,0,0,0.44483265
2,1,1,0.5704659
2,0,0,0.36893713
2,1,1,0.74284965
2,1,1,0.65546745
2,0,0,0.45965955
2,1,0,0.4669761
2,0,0,0.42962363
2,1,1,0.58605564
2,0,0,0.46993417
2,0,0,0.4524395
2,0,0,0.2908249
2,1,1,0.52497125
2,1,0,0.23815496
2,0,1,0.5483686
2,0,1,0.606202
2,1,1,0.55459523
2,0,0,0.38291675
2,1,0,0.44738513
2,1,0,0.46822086
2,1,1,0.5969694
2,1,1,0.65484476
2,0,1,0.5246458
2,0,0,0.47961277
2,1,1,0.56052434
2,0,0,0.08219932
2,1,1,0.7002986
2,0,0,0.4558166
2,0,0,0.3353814
2,0,1,0.56724244
2,0,0,0.45493886
2,1,1,0.54115355
2,1,1,0.5978285
2,0,0,0.37012103
2,1,0,0.43795046
2,0,1,0.50883275
2,1,1,0.8242004
2,1,1,0.59709555
2,1,1,0.5877176
2,1,1,0.680602
2,0,1,0.5034567
2,1,1,0.645887
2,0,1,0.6841834
2,1,1,0.6837965
2,0,0,0.38178205
2,1,1,0.66101843
2,0,1,0.5184622
2,1,1,0.6366959
2,0,0,0.105593435
2,1,1,0.6434994
2,0,1,0.56493145
2,0,0,0.31313747
2,0,0,0.13878214
2,1,1,0.7222057
2,0,0,0.3883001
2,1,0,0.47354266
2,0,0,0.3241828
2,1,1,0.57135785
2,1,1,0.62941235
2,0,1,0.54384315
2,0,1,0.5822256
2,1,1,0.6226395
2,0,0,0.49545103
2,0,0,0.30194262
2,1,1,0.54417497
2,0,0,0.41046378
2,0,0,0.49245742
2,1,1,0.74118227
2,0,0,0.41524196
2,1,1,0.5738606
2,0,0,0.443003
2,1,1,0.6878653
2,0,1,0.5665341
2,0,0,0.17063677
2,0,0,0.2240226
2,1,1,0.77402204
2,1,1,0.8524757
2,1,1,0.71363145
2,0,1,0.80008256
2,0,0,0.45582968
2,0,1,0.5950582
2,0,1,0.5883043
2,0,1,0.775754
2,1,1,0.78863925
2,0,1,0.638952
2,0,0,0.23820242
2,0,1,0.53247625
2,0,0,0.28300628
2,1,0,0.46419924
2,1,1,0.65576464
2,0,1,0.53474426
2,1,1,0.75851536
2,0,0,0.39817503
2,1,1,0.6336867
2,0,0,0.31822577
2,1,1,0.64921707
2,0,0,0.38428244
2,0,1,0.58527327
2,1,0,0.42973816
2,0,1,0.60783786
2,1,1,0.6675506
2,1,1,0.5919957
2,1,1,0.7955738
2,1,1,0.58113134
2,0,0,0.32621312
2,1,1,0.6503305
2,1,1,0.5794061
2,0,1,0.5501241
2,0,1,0.5922225
2,0,1,0.57639325
2,0,1,0.6783692
2,0,1,0.5425721
2,0,1,0.6108639
2,1,0,0.48266888
2,0,0,0.42081565
2,0,1,0.521148
2,0,1,0.55457014
2,1,1,0.6067558
2,1,1,0.50750047
2,0,0,0.26983616
2,1,1,0.62594634
2,0,0,0.3831978
2,0,1,0.52089274
2,0,1,0.5698553
2,1,0,0.4770414
2,1,0,0.35118628
2,0,1,0.5532
2,0,1,0.63842314
2,0,1,0.6549679
2,1,1,0.5985297
2,1,0,0.3410819
2,0,1,0.6075621
2,1,1,0.8873761
2,0,1,0.5503006
2,0,1,0.61928207
2,1,1,0.50206566
2,1,1,0.5894992
2,1,1,0.7110297
2,0,0,0.21763113
2,1,1,0.5073838
2,0,0,0.061125472
2,1,1,0.5081652
2,0,1,0.6034876
2,0,0,0.30837747
2,0,0,0.14687859
2,1,1,0.83946604
2,0,1,0.60905284
2,0,0,0.11993428
2,0,1,0.5506718
2,1,1,0.697289
2,0,1,0.50949174
2,0,0,0.43133968
2,0,0,0.4121448
2,0,1,0.5325117
2,1,1,0.5726891
2,1,0,0.49324217
2,1,1,0.8438057
2,0,1,0.685595
2,1,1,0.71468365
2,0,0,0.29741305
2,1,1,0.70190734
2,0,0,0.42599264
2,0,0,0.30474445
2,1,1,0.5551778
2,0,0,0.23169853
2,1,0,0.30620858
2,0,0,0.16805999
2,1,1,0.88815624
2,0,1,0.6212151
2,1,0,0.48240277
2,0,0,0.20151998
2,1,0,0.49362972
2,1,1,0.6666756
2,0,0,0.49231404
2,0,0,0.45783207
2,0,0,0.35822514
2,0,1,0.69323754
2,1,1,0.6203774
2,1,1,0.57278305
2,1,0,0.4939281
2,0,1,0.54836965
2,1,1,0.5994767
2,0,1,0.52487487
2,0,1,0.6212677
2,0,0,0.35853547
2,0,0,0.40189546
2,0,1,0.6079342
2,0,1,0.5953682
2,1,0,0.4646308
2,0,0,0.42143238
2,1,1,0.51242673
2,1,1,0.63099635
2,1,1,0.5807753
2,0,0,0.37933832
2,0,1,0.56185836
2,0,1,0.58303475
2,0,1,0.7324692
2,1,0,0.43910775
2,1,1,0.69212866
2,0,1,0.5682918
2,1,1,0.5407626
2,0,0,0.4923128
2,0,1,0.50241596
2,1,1,0.9404876
2,1,1,0.6782358
2,0,1,0.62051046
2,0,0,0.11125017
2,0,0,0.14975493
2,1,1,0.69488746
2,1,1,0.557726
2,0,0,0.3506158
2,0,0,0.33962044
2,1,1,0.92535686
2,1,1,0.75189835
2,1,1,0.52933335
2,0,0,0.12787695
2,0,0,0.14932473
2,1,1,0.7082261
2,0,1,0.7761351
2,1,1,0.53153974
2,0,0,0.35246688
2,0,0,0.32499346
2,0,0,0.14779346
2,1,1,0.73712486
2,1,1,0.6063073
2,1,0,0.41801906
2,0,0,0.1281516
2,0,0,0.38057324
2,1,1,0.95675546
2,1,1,0.66828144
2,1,1,0.7155214
2,0,0,0.25267303
2,0,1,0.5380358
2,1,0,0.48815584
2,1,0,0.21045502
2,0,0,0.11064716
2,1,1,0.7642077
2,0,0,0.42872205
2,1,0,0.15031947
2,0,0,0.46098992
2,1,1,0.8601391
2,0,0,0.40142873
2,0,0,0.18628705
2,0,0,0.24426936
2,0,0,0.34295154
2,0,0,0.16133282
2,0,1,0.8012734
2,0,0,0.25797307
2,0,1,0.503527
2,1,1,0.6722103
2,1,1,0.5661068
2,0,0,0.057043117
2,1,1,0.6649883
2,1,1,0.5441009
2,0,0,0.4277049
2,0,0,0.084945485
2,1,1,0.581357
2,0,1,0.60179937
2,0,1,0.60313994
2,0,0,0.4150133
2,0,0,0.11453632
2,1,1,0.60955864
2,1,0,0.47909957
2,1,0,0.43347108
2,0,0,0.40860394
2,1,1,0.66825193
2,0,0,0.29368266
2,0,0,0.17129062
2,1,1,0.5343148
2,1,1,0.5446314
2,0,1,0.52076155
2,1,1,0.6103897
2,1,0,0.3137309
2,0,0,0.47309357
2,1,0,0.43359068
2,1,1,0.52783537
2,0,0,0.3517727
2,0,1,0.5280308
2,0,0,0.47251388
2,0,1,0.64151764
2,0,0,0.32459778
2,1,1,0.7591968
2,1,1,0.6262336
2,1,1,0.6602042
2,0,1,0.5953727
2,0,0,0.48801145
2,0,1,0.63169837
2,0,1,0.582878
2,1,1,0.558282
2,1,1,0.68056136
2,0,0,0.47904366
2,1,1,0.6325533
2,1,1,0.6913214
2,1,1,0.5347407
2,1,1,0.60750633
2,1,1,0.53769344
2,0,0,0.38103864
2,0,1,0.6618083
2,1,1,0.6853989
2,0,1,0.6775445
2,0,1,0.63569355
2,0,0,0.26869857
2,0,1,0.5907129
2,1,1,0.6827922
2,0,1,0.5198746
2,0,1,0.5124532
2,0,1,0.5919622
2,1,1,0.563605
2,0,0,0.4614347
2,0,1,0.6013192
2,0,0,0.4319839
2,0,0,0.31116536
2,0,0,0.48279336
2,1,1,0.87148917
2,0,1,0.578331
2,1,1,0.64933556
2,0,1,0.7083916
2,0,1,0.5032835
2,1,1,0.5751936
2,1,1,0.54906446
2,0,1,0.7069296
2,0,1,0.5332417
2,1,1,0.62188643
2,0,1,0.67201984
2,1,1,0.86051923
2,0,1,0.56999415
2,1,1,0.66463333
2,1,1,0.5233098
2,1,1,0.59759843
2,1,0,0.46379146
2,1,1,0.7265321
2,0,1,0.56260055
2,0,0,0.46962047
2,0,1,0.5251648
2,0,0,0.3693417
2,0,0,0.41477343
2,0,0,0.43941838
2,1,1,0.8491209
2,1,1,0.6678598
2,0,1,0.7320667
2,0,1,0.72762334
2,1,1,0.5150461
2,0,0,0.27476048
2,0,0,0.49022987
2,1,1,0.6099344
2,0,1,0.507848
2,0,1,0.6771451
2,1,1,0.52538335
2,0,0,0.28783485
2,1,1,0.6184124
2,0,1,0.5333751
2,1,1,0.62268
2,0,1,0.53524107
2,1,1,0.8358582
2,0,1,0.5246092
2,0,1,0.5298209
2,0,1,0.5665508
2,1,1,0.6855492
2,0,1,0.87652737
2,1,1,0.51867074
2,0,0,0.17109367
2,1,0,0.41729242
2,1,0,0.44220343
2,0,1,0.5174779
2,0,0,0.4723924
2,0,1,0.6218269
2,1,1,0.54788786
2,0,0,0.47212082
2,1,1,0.6827645
2,1,1,0.5752751
2,1,1,0.75709283
2,0,1,0.57950705
2,1,1,0.7389704
2,0,0,0.49926618
2,1,1,0.6729927
2,1,1,0.6881026
2,1,1,0.51394296
2,0,1,0.6818739
2,0,1,0.66966283
2,1,0,0.38483268
2,0,0,0.24102834
2,0,0,0.27483004
2,1,1,0.7440106
2,0,1,0.5793357
2,0,1,0.64655167
2,1,1,0.67738646
2,1,1,0.6258554
2,0,1,0.6641416
2,0,1,0.5514904
2,0,0,0.3124691
2,1,1,0.6026413
2,0,0,0.41124392
2,0,1,0.5557445
2,1,0,0.3906235
2,1,0,0.251386
2,1,0,0.49830753
2,0,0,0.4429028
2,0,1,0.57344437
2,0,0,0.23818782
2,0,1,0.6547658
2,1,1,0.5552303
2,1,0,0.3219611
2,1,0,0.27172694
2,0,0,0.4287075
2,0,0,0.43611822
2,1,1,0.52020895
2,0,1,0.59236854
2,1,0,0.4103095
2,1,0,0.3623936
2,1,1,0.8342633
2,1,1,0.76411897
2,1,1,0.7130293
2,0,0,0.14401115
2,0,1,0.8061712
2,0,1,0.5935033
2,1,1,0.7620945
2,0,1,0.64007473
2,0,0,0.15210107
2,0,0,0.30784723
2,0,0,0.08669134
2,1,1,0.5439146
2,1,0,0.49198064
2,1,1,0.52599025
2,0,0,0.18898733
2,1,1,0.6463815
2,1,1,0.5717252
2,0,0,0.4148237
2,1,1,0.58160615
2,0,0,0.41317254
2,0,0,0.3005588
2,0,0,0.39473745
2,0,1,0.66146475
2,0,1,0.5394394
2,1,0,0.4605443
2,1,0,0.40099576
2,1,0,0.30171716
2,0,0,0.24157672
2,1,1,0.5335045
2,1,1,0.6126147
2,0,0,0.13842794
2,0,0,0.15118955
2,1,1,0.7209189
2,0,1,0.6610798
2,1,1,0.6005544
2,0,1,0.69678336
2,0,1,0.58992773
2,1,1,0.5930884
2,0,1,0.5374253
2,1,1,0.60270715
2,1,1,0.5125111
2,0,0,0.15220863
2,1,0,0.29288188
2,0,1,0.5179475
2,0,0,0.47610775
2,0,1,0.6460937
2,1,1,0.7312359
2,1,1,0.7596966
2,1,1,0.5540288
2,1,1,0.6969155
2,1,1,0.6754568
2,1,0,0.4904156
2,0,1,0.7390759
2,0,1,0.5558374
2,1,1,0.73390543
2,0,0,0.10838781
2,1,1,0.6948861
2,1,0,0.29816094
2,0,0,0.19987063
2,0,1,0.7949527
2,0,1,0.6498385
2,0,0,0.42391136
2,0,1,0.74370956
2,1,1,0.7271145
2,0,0,0.39946273
2,1,1,0.6638624
2,1,0,0.48616996
2,1,0,0.21074711
2,0,0,0.09005329
2,0,0,0.09005329
2,0,1,0.54673594
2,0,0,0.3068361
2,0,0,0.41328982
2,1,1,0.66179615
2,0,1,0.7262473
2,0,0,0.31965455
2,1,1,0.6846746
2,1,0,0.4198149
2,1,1,0.66831166
2,1,0,0.41421774
2,1,0,0.21621181
2,0,0,0.47344318
2,0,0,0.41823697
2,0,0,0.2784563
2,0,0,0.44220617
2,0,1,0.6024125
2,0,0,0.4109664
2,1,0,0.485348
2,0,0,0.4371517
2,1,1,0.5711767
2,1,1,0.5086265
2,0,1,0.7041149
2,1,0,0.38435742
2,1,0,0.38656506
2,1,0,0.2513416
2,0,0,0.4553578
2,1,1,0.67672414
2,0,0,0.3684985
2,1,0,0.28531507
2,0,1,0.7625912
2,0,1,0.7021412
2,1,0,0.43885767
2,0,0,0.23123881
2,1,1,0.6276963
2,0,1,0.54889804
2,1,1,0.6824691
2,0,1,0.575175
2,0,1,0.7246734
2,0,1,0.5617523
2,1,0,0.38051936
2,0,1,0.64799035
2,1,0,0.36898872
2,1,1,0.74300456
2,1,1,0.57345164
2,1,1,0.7356965
2,0,0,0.10912863
2,1,1,0.77511436
2,0,0,0.40293396
2,0,0,0.46329102
2,0,0,0.41500923
2,1,1,0.83810854
2,1,1,0.72324944
2,0,0,0.47381318
2,0,0,0.07255996
2,0,0,0.0878593
2,1,1,0.68532085
2,1,1,0.77465594
2,1,0,0.18824013
2,0,0,0.062089294
2,0,0,0.17088401
2,0,1,0.7290557
2,0,0,0.14536238
2,1,1,0.61494845
2,0,0,0.18970521
2,1,1,0.646063
2,0,1,0.64206904
2,1,1,0.6352856
2,0,1,0.71550745
2,1,0,0.3666955
2,0,0,0.29614544
2,1,1,0.5999984
2,1,1,0.6475719
2,1,1,0.6332117
2,0,0,0.15515555
2,0,0,0.27418685
2,0,0,0.20923774
2,0,0,0.11126313
2,1,1,0.7210499
2,1,1,0.5293964
2,0,1,0.5129034
2,0,1,0.5824607
2,1,1,0.6650583
2,0,0,0.34678087
2,0,1,0.7134806
2,1,1,0.598888
2,0,1,0.55369574
2,1,1,0.5260648
2,0,0,0.2567684
2,0,1,0.6113072
2,1,1,0.7101717
2,0,1,0.62097543
2,1,1,0.61444724
2,0,0,0.15244853
2,1,1,0.58383673
2,0,1,0.7832752
2,0,1,0.645173
2,1,1,0.7015457
2,1,1,0.60155046
2,0,0,0.39741647
2,0,0,0.3738651
2,1,1,0.8065975
2,1,1,0.5990053
2,0,1,0.51710296
2,0,0,0.2861858
2,0,1,0.55807984
2,0,0,0.43256202
2,0,1,0.6099249
2,0,1,0.60663235
2,0,0,0.16737866
2,0,0,0.42318165
2,1,0,0.4815792
2,0,1,0.5512864
2,1,0,0.40860438
2,1,1,0.51084423
2,0,1,0.61627686
2,1,1,0.6116015
2,1,1,0.57369304
2,1,1,0.54608506
2,1,1,0.6477522
2,0,0,0.4935425
2,1,1,0.5727653
2,0,0,0.39831686
2,0,1,0.61649185
2,1,1,0.829967
2,0,1,0.5084322
2,0,0,0.23368214
2,0,0,0.31106982
2,0,0,0.14337745
2,0,1,0.52006364
2,0,1,0.59954405
2,0,1,0.50907034
2,1,1,0.5487968
2,1,1,0.6678806
2,1,0,0.47014195
2,1,1,0.503972
2,0,1,0.6700867
2,0,1,0.5131061
2,0,1,0.582218
2,0,1,0.6123465
2,0,0,0.33473557
2,1,1,0.56101435
2,0,0,0.35122916
2,0,1,0.7965373
2,1,1,0.6702535
2,1,1,0.5806368
2,1,1,0.5957047
2,0,0,0.1837625
2,1,0,0.38357195
2,1,1,0.51316035
2,1,0,0.45768583
2,1,0,0.39550886
2,0,1,0.64146644
2,0,0,0.4988324
2,1,1,0.66722965
2,0,0,0.35026202
2,0,0,0.23381023
2,0,0,0.20255531
2,1,1,0.6817841
2,1,0,0.48788074
2,0,1,0.5950773
2,0,1,0.50629264
2,1,1,0.87946004
2,0,1,0.8112646
2,1,1,0.78938043
2,0,0,0.20841224
2,1,1,0.8309244
2,0,0,0.47953898
2,0,1,0.6574724
2,1,1,0.79321223
2,1,1,0.7801591
2,0,0,0.49650195
2,0,0,0.3342658
2,1,1,0.5477295
2,0,0,0.48087326
2,0,0,0.30957666
2,1,1,0.5731164
2,0,1,0.53336984
2,0,1,0.54231894
2,1,0,0.33919677
2,1,0,0.47390103
2,1,1,0.6479709
2,1,1,0.776877
2,0,0,0.1710457
2,0,1,0.8481323
2,0,1,0.61926544
2,1,1,0.5859178
2,0,0,0.49478617
2,1,1,0.6052788
2,1,1,0.70027596
2,1,1,0.77032864
2,0,0,0.36543453
2,1,1,0.579485
2,0,0,0.3484274
2,1,1,0.65910184
2,0,1,0.70690954
2,0,1,0.69119793
2,0,1,0.64155614
2,1,1,0.76738
2,1,1,0.71739084
2,1,1,0.74044645
2,1,1,0.589333
2,0,0,0.2613008
2,0,0,0.14336354
2,1,1,0.5873776
2,0,0,0.09295459
2,1,1,0.73268056
2,0,1,0.63540405
2,0,0,0.119256444
2,0,0,0.22789891
2,0,0,0.3782806
2,0,0,0.200373
2,0,1,0.5813073
2,1,1,0.62528795
2,0,1,0.79388905
2,1,1,0.76931185
2,1,0,0.41128954
2,0,0,0.21823294
2,1,1,0.7524957
2,0,0,0.37570152
2,1,1,0.63026464
2,0,1,0.64108527
2,0,0,0.46337017
2,1,1,0.67398757
2,1,1,0.7900117
2,1,1,0.85460544
2,0,0,0.1191206
2,0,0,0.283994
2,1,0,0.22891293
2,1,0,0.3021154
2,0,0,0.1965073
2,1,1,0.7769882
2,0,0,0.07568827
2,1,0,0.3139322
2,0,0,0.3280503
2,0,0,0.16151077
2,0,0,0.097858734
2,0,1,0.5375343
2,1,1,0.5571955
2,1,1,0.7006096
2,1,1,0.8063523
2,1,1,0.70938474
2,1,1,0.57452637
2,0,0,0.097673476
2,0,0,0.18927127
2,1,1,0.75840247
2,0,0,0.16964285
2,0,0,0.33724537
2,1,0,0.3298023
2,0,1,0.6552876
2,0,0,0.37909847
2,0,0,0.096618585
2,0,0,0.12461519
2,0,0,0.41040275
2,1,1,0.77898085
2,0,1,0.5080622
2,1,1,0.64139557
2,0,0,0.23978032
2,0,0,0.4499956
2,0,0,0.43199536
2,1,0,0.3430296
2,0,1,0.55614525
2,0,1,0.67910355
2,1,1,0.6132446
2,0,0,0.3936379
2,0,1,0.64903474
2,1,1,0.7104603
2,1,1,0.52519417
2,1,0,0.4039626
2,0,1,0.66527617
2,0,0,0.49674013
2,0,1,0.68682945
2,1,0,0.24445736
2,0,0,0.21129513
2,1,0,0.45613486
2,0,0,0.4811918
2,1,0,0.42817882
2,1,0,0.21759322
2,1,1,0.7173886
2,0,1,0.51575285
2,1,1,0.5514814
2,1,0,0.4622136
2,0,0,0.4636659
2,0,0,0.29042885
2,0,1,0.6894815
2,0,0,0.38709924
2,1,0,0.31207824
2,1,1,0.68913174
2,0,1,0.5286851
2,0,0,0.20712085
2,1,0,0.38851535
2,1,1,0.82153213
2,0,0,0.27625456
2,0,1,0.6285921
2,0,0,0.4006431
2,0,0,0.17926268
2,0,0,0.45351255
2,0,1,0.72524816
2,0,1,0.66381806
2,1,1,0.61773884
2,1,1,0.7054858
2,1,1,0.71943074
2,1,1,0.65507394
2,0,1,0.72688913
2,1,1,0.636234
2,1,1,0.91618806
2,0,0,0.3131377
2,1,1,0.71422845
2,1,1,0.58751994
2,0,0,0.49753007
2,0,0,0.2668052
2,0,0,0.2580801
2,0,1,0.71744233
2,0,1,0.60768
2,1,0,0.49552184
2,0,0,0.38222498
2,1,1,0.7722545
2,0,0,0.3813984
2,1,1,0.9149279
2,1,1,0.6086044
2,0,0,0.2570681
2,0,0,0.41659302
2,1,1,0.54997206
2,1,1,0.63319576
2,0,0,0.09848154
2,1,1,0.55781883
2,0,0,0.04243771
2,1,1,0.75607
2,1,1,0.58268195
2,1,1,0.56771785
2,1,0,0.34841993
2,0,0,0.39063278
2,1,0,0.4377955
2,0,1,0.5779357
2,0,0,0.17744905
2,0,0,0.48196208
2,0,0,0.45742872
2,0,0,0.22168206
2,1,0,0.43707675
2,0,1,0.67963594
2,0,0,0.47742015
2,1,1,0.66726804
2,0,1,0.55279374
2,0,0,0.39896765
2,1,1,0.59995425
2,0,1,0.57205063
2,0,1,0.62139624
2,1,1,0.63219726
2,0,0,0.27713263
2,1,1,0.7357732
2,1,1,0.5431811
2,0,0,0.1960435
2,1,1,0.6690907
2,0,0,0.4661904
2,0,0,0.37508214
2,0,1,0.6601975
2,0,0,0.13710111
2,1,0,0.38933092
2,0,0,0.13067013
2,0,1,0.55024385
2,1,1,0.7802774
2,0,0,0.45525885
2,1,1,0.54811144
2,0,0,0.4704015
2,0,0,0.4252792
2,1,0,0.20806274
2,1,1,0.5195461
2,1,1,0.54860777
2,0,0,0.34926686
2,1,1,0.53646195
2,1,0,0.4591139
2,0,0,0.27844334
2,1,0,0.34624496
2,0,0,0.08884469
2,1,1,0.70868
2,1,0,0.4789653
2,1,1,0.59898525
2,1,1,0.5653314
2,0,0,0.13859904
2,0,0,0.16444327
2,0,0,0.4039697
2,0,1,0.5227209
2,0,1,0.5154426
2,0,1,0.5046876
2,0,0,0.37762332
2,0,1,0.52011746
2,0,0,0.28359398
2,1,0,0.42039257
2,1,1,0.79221714
2,1,0,0.4611281
2,1,0,0.13867757
2,0,0,0.30218762
2,1,0,0.21180259
2,1,0,0.07362488
2,1,0,0.35020044
2,0,0,0.38045636
2,1,1,0.64199317
2,1,1,0.65840834
2,1,0,0.22118603
2,0,1,0.5093312
2,0,1,0.51961666
2,1,0,0.06626021
2,1,1,0.70639867
2,1,1,0.63629305
2,1,1,0.663742
2,0,1,0.52087843
2,1,1,0.87391347
2,0,1,0.61969167
2,0,0,0.47652352
2,0,0,0.32687902
2,1,1,0.5828785
2,0,0,0.36075863
2,1,1,0.622787
2,0,0,0.28806758
2,1,0,0.4935126
2,0,1,0.56176287
2,1,1,0.8866221
2,1,1,0.5433416
2,0,0,0.39248413
2,1,1,0.55733514
2,0,1,0.66867876
2,0,1,0.5310531
2,1,1,0.6702374
2,0,1,0.5894788
2,0,0,0.33545128
2,0,1,0.6211727
2,1,1,0.79838985
2,1,0,0.4560008
2,1,0,0.2747756
2,0,1,0.57882285
2,0,0,0.40048122
2,0,1,0.6567484
2,1,1,0.85707676
2,1,1,0.68377244
2,0,1,0.7550008
2,0,0,0.45741755
2,1,1,0.51079077
2,0,0,0.47763073
2,1,1,0.87594205
2,1,1,0.803128
2,1,0,0.36661133
2,1,1,0.70359755
2,1,1,0.72813493
2,1,1,0.76578975
2,1,0,0.4863531
2,0,1,0.6547989
2,0,1,0.58994013
2,1,1,0.6264382
2,0,1,0.6343392
2,1,1,0.66878796
2,0,1,0.50227916
2,1,1,0.82912236
2,1,1,0.66962427
2,1,0,0.341559
2,1,0,0.3269855
2,1,1,0.61735976
2,0,0,0.16288085
2,1,0,0.44045764
2,0,1,0.5204667
2,1,1,0.61296695
2,1,0,0.36795133
2,0,0,0.18202528
2,1,1,0.74368244
2,0,0,0.36894375
2,0,0,0.35765022
2,0,0,0.17545107
2,1,1,0.6379263
2,0,0,0.362797
2,0,0,0.39609087
2,0,0,0.45522836
2,0,0,0.19524387
2,0,0,0.2330881
2,0,1,0.5501056
2,0,1,0.6114363
2,1,1,0.82838553
2,1,1,0.5355569
2,1,1,0.7944198
2,0,1,0.57204705
2,0,0,0.42234102
2,0,0,0.31024358
2,1,1,0.798637
2,1,1,0.7293691
2,1,0,0.43996558
2,1,1,0.80670536
2,0,1,0.7489638
2,0,1,0.6719885
2,0,0,0.44581512
2,1,1,0.7319528
2,0,1,0.5047444
2,1,1,0.6978399
2,1,1,0.7810552
2,1,1,0.9023152
2,1,1,0.7692284
2,0,1,0.6999635
2,0,0,0.4827939
2,1,1,0.77732474
2,1,0,0.45273912
2,0,0,0.21401012
2,0,0,0.2896559
2,1,1,0.5865779
2,1,1,0.72790706
2,1,1,0.58871835
2,0,0,0.40540126
2,1,1,0.8716592
2,1,0,0.4652656
2,1,1,0.6144131
2,1,1,0.864596
2,1,1,0.5927725
2,1,0,0.2394733
2,1,0,0.45091867
2,0,0,0.30403385
2,0,0,0.4052101
2,0,1,0.53705204
2,0,0,0.3498752
2,0,1,0.7682299
2,0,1,0.750049
2,0,0,0.4911308
2,1,1,0.7458618
2,1,1,0.9048251
2,0,1,0.66263443
2,0,1,0.6794177
2,0,0,0.32382312
2,1,1,0.6110244
2,0,0,0.1703265
2,1,1,0.52428955
2,0,0,0.25111526
2,0,1,0.53029406
2,1,0,0.42434946
2,0,1,0.6271159
2,0,1,0.6553088
2,1,1,0.5005763
2,1,1,0.6863708
2,0,1,0.715872
2,1,0,0.4934681
2,1,1,0.8143159
2,1,1,0.6894521
2,0,0,0.26429772
2,1,1,0.8025219
2,0,0,0.4788522
2,0,0,0.47850463
2,0,0,0.43519485
2,1,0,0.34571147
2,1,1,0.5300924
2,0,0,0.3220371
2,0,0,0.32900947
2,0,0,0.4169555
2,1,1,0.5457285
2,1,0,0.350047
2,0,1,0.6008122
2,0,0,0.35952452
2,0,0,0.2163685
2,0,0,0.27264848
2,1,1,0.71989447
2,1,0,0.44864273
2,1,1,0.7266038
2,0,1,0.52232873
2,0,0,0.32219332
2,0,0,0.36555043
2,0,0,0.24173106
2,0,0,0.3862151
2,0,0,0.32857308
2,0,0,0.36048505
2,0,0,0.19451174
2,1,0,0.3962998
2,0,0,0.09703924
2,1,0,0.20557697
2,1,0,0.26865172
2,0,0,0.24155094
2,0,0,0.29260987
2,1,0,0.33426404
2,0,0,0.2899119
2,1,1,0.6015827
2,1,1,0.705763
2,1,1,0.62344146
2,0,1,0.5634388
2,0,0,0.39347243
2,0,0,0.4562746
2,1,1,0.52560294
2,1,1,0.64970475
2,0,1,0.5011564
2,1,1,0.5566585
2,1,1,0.6451172
2,1,1,0.7283605
2,1,1,0.57774633
2,0,0,0.36109436
2,1,1,0.6093518
2,0,0,0.13395387
2,1,1,0.5951081
2,0,0,0.31716806
2,0,1,0.6263628
2,0,0,0.38858217
2,1,1,0.6688334
2,1,0,0.46025267
2,1,1,0.6266202
2,0,1,0.55967915
2,0,1,0.61733085
2,1,1,0.52382296
2,1,0,0.44128284
2,1,1,0.56300634
2,1,1,0.6502995
2,1,1,0.6362647
2,0,0,0.293623
2,1,1,0.6012089
2,0,0,0.4993497
2,0,0,0.48046273
2,0,0,0.39982095
2,0,0,0.30536574
2,0,1,0.6970361
2,0,1,0.50291616
2,1,1,0.71750087
2,0,1,0.64146
2,1,0,0.45203778
2,1,1,0.6289178
2,1,1,0.5320158
2,1,1,0.72019285
2,0,1,0.6622563
2,0,1,0.5334979
2,1,1,0.57818156
2,0,0,0.44889286
2,1,0,0.48715845
2,0,0,0.114463896
2,1,0,0.47314265
2,1,1,0.53413004
2,0,1,0.67033046
2,0,1,0.5539538
2,0,1,0.6665583
2,1,1,0.8945112
2,0,1,0.72931033
2,1,1,0.73675305
2,1,1,0.8116054
2,1,1,0.532812
2,0,0,0.16248478
2,1,1,0.8616701
2,1,1,0.74004555
2,1,1,0.7021496
2,0,1,0.7306163
2,1,1,0.8035096
2,1,0,0.36033192
2,0,1,0.6554909
2,0,0,0.42114693
2,0,0,0.37111935
2,0,1,0.6220595
2,0,1,0.60186034
2,0,0,0.21120033
2,0,1,0.71357334
2,1,1,0.79197985
2,1,1,0.6520957
2,1,1,0.5950633
2,1,1,0.65350056
2,0,0,0.3395684
2,0,0,0.054608382
2,1,0,0.4500837
2,0,1,0.5128127
2,0,0,0.12254572
2,1,1,0.5171125
2,1,1,0.77776396
2,0,0,0.44029418
2,1,1,0.8826973
2,0,1,0.771445
2,1,1,0.6880279
2,0,0,0.34301472
2,0,0,0.4917273
2,1,1,0.5314449
2,1,1,0.5839415
2,0,0,0.28658974
2,0,0,0.49677587
2,1,1,0.64365727
2,0,1,0.6780173
2,0,1,0.6489706
2,1,1,0.5397339
2,0,1,0.5071257
2,1,1,0.8100277
2,1,1,0.65463865
2,1,1,0.68851376
2,1,1,0.6736046
2,1,1,0.54408133
2,0,1,0.6688025
2,0,0,0.29087564
2,0,1,0.63248336
2,1,1,0.57561785
2,0,0,0.49020392
2,1,0,0.4562328
2,0,1,0.75790775
2,0,1,0.68034494
2,0,1,0.81755066
2,0,1,0.533471
2,1,1,0.577989
2,0,0,0.41409358
2,1,1,0.59130365
2,0,1,0.7454398
2,1,1,0.55673623
2,1,1,0.55055594
2,1,1,0.70901024
2,0,0,0.4114999
2,1,1,0.62115043
2,1,1,0.5651065
2,0,1,0.61538905
2,0,0,0.41384745
2,0,0,0.46370575
2,0,0,0.2913818
2,1,0,0.4942577
2,1,0,0.43312523
2,0,1,0.51532626
2,0,0,0.20866716
2,1,0,0.49163985
2,1,1,0.7471333
2,0,1,0.536109
2,0,0,0.15918608
2,0,1,0.7236944
2,1,0,0.38753095
2,0,1,0.5247013
2,0,1,0.6268497
2,1,1,0.55311066
2,0,0,0.29534864
2,1,0,0.3750961
2,0,1,0.6669223
2,1,0,0.49630675
2,1,1,0.60372216
2,0,1,0.557131
2,0,0,0.25612846
2,0,1,0.5033416
2,0,1,0.5889466
2,1,1,0.8366752
2,0,1,0.5620164
2,1,1,0.5442427
2,1,1,0.7378208
2,0,1,0.7516228
2,0,0,0.1844486
2,1,1,0.8161669
2,0,1,0.6693133
2,0,1,0.7486448
2,1,1,0.7649229
2,1,1,0.69873637
2,1,1,0.7135749
2,1,1,0.8900232
2,0,0,0.4178671
2,1,1,0.55494493
2,0,0,0.29481068
2,1,1,0.80895853
2,0,0,0.2818782
2,1,1,0.5820335
2,1,1,0.78245765
2,1,1,0.6886759
2,0,1,0.62256557
2,0,0,0.25613067
2,1,0,0.30246738
2,0,1,0.7052833
2,0,1,0.539326
2,1,1,0.5389563
2,0,1,0.7573668
2,1,1,0.52110004
2,0,1,0.5197435
2,0,1,0.6559707
2,1,1,0.79528147
2,1,0,0.4611281
2,1,0,0.13867757
2,0,0,0.30218762
2,1,0,0.21180259
2,1,0,0.07362488
2,1,0,0.35020044
2,0,0,0.38045636
2,1,1,0.64199317
2,1,1,0.65840834
2,1,0,0.22118603
2,0,1,0.5093312
2,0,1,0.51961666
2,1,0,0.06626021
2,1,1,0.70639867
2,1,1,0.91618806
2,0,0,0.3131377
2,1,1,0.71422845
2,1,1,0.58751994
2,0,0,0.49753007
2,0,0,0.2668052
2,0,0,0.2580801
2,0,1,0.71744233
2,0,1,0.60768
2,1,0,0.49552184
2,0,0,0.38222498
2,1,1,0.7722545
2,0,0,0.3813984
2,1,1,0.9149279
2,1,1,0.6086044
2,0,0,0.2570681
2,0,0,0.41659302
2,1,1,0.54997206
2,1,1,0.63883156
2,1,1,0.57587075
2,0,0,0.47108555
2,0,0,0.2622078
2,1,1,0.61062324
2,0,0,0.41387376
2,0,0,0.37257776
2,1,1,0.54837084
2,0,0,0.2629622
2,0,0,0.31400895
2,0,0,0.41319063
2,1,0,0.41133326
2,1,0,0.4632383
2,0,0,0.28892082
2,1,1,0.58243823
2,0,0,0.4357732
2,0,0,0.29948932
2,1,1,0.5421248
2,1,1,0.6486116
2,0,0,0.40590206
2,1,0,0.49857783
2,1,1,0.5120157
2,1,1,0.73599243
2,1,1,0.51921546
2,1,1,0.50233305
2,0,1,0.78049767
2,1,1,0.7075393
2,0,0,0.39080733
2,0,0,0.32571045
2,0,0,0.27704963
2,1,1,0.6051007
2,0,0,0.43462336
2,1,1,0.5803374
2,0,0,0.20653391
2,0,0,0.44022626
2,1,1,0.5921799
2,0,1,0.5092076
2,0,1,0.68876326
2,0,0,0.27748388
2,0,1,0.6532266
2,1,1,0.9046065
2,1,1,0.5742187
2,1,1,0.62294424
2,1,1,0.73338854
2,1,1,0.54807574
2,0,0,0.4171827
2,0,0,0.27018905
2,0,1,0.6770168
2,0,1,0.6229589
2,1,1,0.70688236
2,0,0,0.18518893
2,1,1,0.52536595
2,1,1,0.7591014
2,1,0,0.28308386
2,1,1,0.526955
2,1,1,0.7323972
2,0,0,0.37922773
2,1,1,0.7216487
2,1,1,0.6474798
2,0,0,0.4756824
2,0,0,0.11723599
2,0,0,0.2306424
2,1,1,0.64531446
2,0,0,0.43189386
2,1,1,0.69624734
2,1,1,0.68707764
2,1,1,0.58054674
2,0,0,0.3190723
2,1,1,0.83462656
2,1,1,0.7354228
2,0,1,0.5325914
2,0,0,0.4984055
2,0,1,0.5183163
2,0,1,0.52417576
2,1,1,0.66615176
2,1,1,0.8355449
2,1,1,0.65310645
2,1,1,0.6907439
2,1,1,0.6287667
2,1,1,0.6336557
2,1,0,0.47021884
2,1,1,0.6389291
2,1,1,0.5807545
2,1,1,0.72001785
2,0,1,0.7924306
2,1,1,0.85581064
2,1,1,0.6090693
2,0,1,0.6302076
2,0,1,0.7084954
2,1,1,0.6756816
2,1,1,0.7211708
2,0,0,0.41866887
2,1,1,0.6026525
2,1,1,0.6850657
2,1,0,0.38738596
2,0,1,0.7004062
2,0,1,0.5086307
2,0,0,0.13435605
2,0,0,0.3956683
2,1,1,0.5759402
2,0,0,0.4539175
2,0,0,0.43722683
2,0,0,0.15595661
2,0,1,0.81014115
2,1,1,0.53437895
2,1,1,0.7311718
2,0,1,0.74369204
2,1,1,0.6376899
2,0,1,0.80309707
2,1,1,0.73607445
2,0,1,0.74162114
2,0,1,0.530091
2,1,1,0.70715016
2,0,1,0.88948184
2,1,1,0.5042194
2,1,0,0.42416933
2,0,1,0.5956061
2,0,0,0.3535528
2,1,0,0.49935472
2,1,0,0.43768135
2,0,0,0.34813085
2,0,0,0.3594161
2,0,1,0.6017503
2,1,1,0.55047315
2,0,1,0.6019351
2,0,0,0.4382486
2,1,1,0.5418111
2,1,0,0.2996213
2,1,0,0.33528033
2,0,0,0.35062888
2,0,1,0.64445126
2,0,0,0.4077502
2,1,1,0.903379
2,1,1,0.73677605
2,1,0,0.3620473
2,0,0,0.4476755
2,1,1,0.5971409
2,0,0,0.4813306
2,0,0,0.2713789
2,0,1,0.7241965
2,0,1,0.5857403
2,0,1,0.52407676
2,1,1,0.89774966
2,0,0,0.23408619
2,1,1,0.756586
2,0,0,0.1418091
2,1,0,0.4977745
2,1,0,0.30506113
2,0,1,0.51101863
2,1,1,0.8254206
2,1,1,0.69427115
2,0,1,0.54602337
2,1,1,0.73527163
2,1,1,0.83455825
2,0,1,0.7087782
2,0,1,0.5505085
2,1,1,0.64882845
2,0,0,0.3284009
2,1,1,0.52693164
2,1,1,0.7490839
2,1,1,0.74728143
2,1,1,0.73849803
2,0,1,0.60050184
2,0,0,0.48686272
2,0,0,0.45698288
2,0,1,0.6060787
2,1,0,0.34849694
2,1,0,0.3778791
2,0,0,0.20542234
2,1,0,0.4183201
2,0,0,0.3933202
2,1,0,0.34179413
2,0,1,0.6323493
2,0,0,0.30682507
2,0,0,0.31863746
2,1,1,0.6273467
2,0,0,0.49253863
2,1,0,0.4914918
2,1,1,0.62519205
2,1,1,0.76297396
2,0,1,0.65823144
2,0,1,0.6458511
2,0,0,0.190743
2,1,1,0.60825443
2,0,0,0.38051665
2,1,1,0.57489675
2,0,0,0.31074533
2,1,0,0.19964427
2,1,0,0.47509125
2,0,0,0.26739863
2,0,0,0.40907213
2,0,0,0.47348174
2,0,1,0.63840115
2,0,0,0.45758408
2,1,0,0.20950304
2,0,0,0.33421373
2,1,1,0.801796
2,0,0,0.26186126
2,0,0,0.23570047
2,0,0,0.419343
2,1,0,0.34223768
2,0,0,0.17081763
2,1,1,0.5766705
2,1,0,0.38830292
2,0,0,0.1180587
2,1,1,0.5362586
2,0,0,0.1905979
2,0,0,0.3175752
2,0,0,0.40300572
2,1,0,0.3734265
2,1,1,0.70479673
2,1,1,0.67976403
2,1,1,0.6732176
2,0,0,0.38571367
2,0,1,0.55989695
2,0,0,0.108803175
2,1,1,0.756746
2,1,1,0.53664726
2,1,0,0.4403388
2,0,0,0.11667217
2,0,0,0.3171111
2,0,1,0.51753354
2,1,1,0.5650725
2,0,0,0.28011212
2,1,1,0.50745344
2,1,0,0.29886946
2,0,0,0.47964555
2,0,1,0.51487637
2,0,0,0.46149436
2,0,0,0.32823765
2,0,1,0.5520319
2,1,0,0.45522836
2,1,1,0.5867939
2,1,1,0.6133012
2,1,1,0.78786004
2,1,1,0.64543086
2,1,0,0.39636138
2,1,1,0.7010413
2,1,1,0.5082692
2,1,1,0.6675261
2,1,1,0.54665637
2,1,1,0.58701307
2,1,1,0.7888469
2,0,1,0.7392896
2,1,1,0.6037286
2,1,1,0.78473985
2,0,1,0.68405896
2,1,1,0.75520974
2,0,1,0.5888901
2,1,1,0.79014444
2,0,1,0.54603755
2,1,1,0.60541433
2,1,1,0.7141539
2,0,1,0.69400597
2,1,1,0.6315623
2,0,1,0.60054487
2,0,1,0.5967459
2,0,0,0.40465096
2,1,1,0.69600725
2,0,0,0.42353433
2,1,1,0.6300329
2,1,1,0.76243865
2,0,1,0.65478295
2,0,1,0.7963198
2,0,0,0.37243047
2,1,1,0.71401876
2,1,1,0.52186614
2,1,1,0.53607196
2,1,0,0.37184137
2,0,0,0.4296441
2,0,0,0.38150322
2,1,1,0.57822037
2,0,0,0.4685875
2,1,1,0.7411369
2,0,1,0.72460145
2,0,0,0.4429434
2,1,1,0.53696746
2,0,1,0.78716266
2,1,1,0.5790096
2,1,1,0.5912011
2,1,1,0.65900654
2,0,1,0.5285256
2,0,0,0.37140587
2,0,1,0.5271397
2,0,0,0.06566002
2,0,0,0.4507451
2,1,1,0.8242339
2,1,1,0.63799506
2,0,0,0.4556069
2,1,0,0.34898484
2,1,0,0.40654704
2,0,1,0.6967658
2,0,0,0.2458719
2,0,1,0.5683236
2,1,0,0.44266158
2,1,0,0.29685318
2,0,1,0.7104066
2,0,1,0.5015396
2,0,0,0.30874258
2,0,0,0.33293045
2,1,1,0.54229534
2,0,0,0.27691472
2,1,1,0.6992183
2,1,0,0.40247804
2,1,0,0.4608097
2,0,1,0.59634674
2,1,1,0.5613702
2,1,1,0.51549375
2,1,1,0.6751299
2,0,1,0.65400934
2,0,1,0.57561564
2,1,0,0.43962353
2,0,1,0.5264997
2,1,0,0.45179632
2,0,1,0.6721958
2,1,1,0.6597032
2,1,0,0.47197923
2,1,1,0.5305629
2,0,1,0.6447064
2,1,0,0.3100917
2,0,0,0.31753734
2,0,0,0.42795655
2,0,0,0.3051458
2,1,1,0.5710738
2,0,1,0.6781772
2,1,1,0.53239745
2,0,1,0.7149116
2,1,0,0.40796193
2,0,0,0.36550823
2,0,1,0.6496528
2,0,1,0.720699
2,0,0,0.48952803
2,0,1,0.60963905
2,1,1,0.5750507
2,1,1,0.78810245
2,1,1,0.7231307
2,1,1,0.6342874
2,0,1,0.53087014
2,0,1,0.64421874
2,0,1,0.6397501
2,1,1,0.62514275
2,0,0,0.3736464
2,1,1,0.5007758
2,1,1,0.6683486
2,1,1,0.7179147
2,1,1,0.61081797
2,0,1,0.5391951
2,0,1,0.7400037
2,0,0,0.4874186
2,0,0,0.45119986
2,0,1,0.69327605
2,1,1,0.7811205
2,0,1,0.67701316
2,0,0,0.3130192
2,1,0,0.45375803
2,1,1,0.6195209
2,1,1,0.6987988
2,0,0,0.27914968
2,1,1,0.61776954
2,0,0,0.22291632
2,1,1,0.70773137
2,1,1,0.650067
2,1,1,0.73185486
2,0,1,0.53332484
2,0,1,0.5671516
2,0,0,0.41935465
2,0,1,0.6327397
2,1,1,0.5243032
2,1,1,0.6614619
2,1,0,0.45675668
2,1,1,0.6239527
2,1,1,0.60900724
2,1,1,0.81896365
2,0,0,0.48872524
2,0,0,0.21119978
2,0,1,0.7108911
2,1,1,0.7821114
2,0,1,0.72458965
2,1,0,0.4826911
2,0,1,0.518053
2,1,1,0.585458
2,1,0,0.44124097
2,0,0,0.32961443
2,1,1,0.8602863
2,0,0,0.29579577
2,0,0,0.18431108
2,1,1,0.6379164
2,0,0,0.44715247
2,0,1,0.6953051
2,1,1,0.71907187
2,0,0,0.29977158
2,1,1,0.5945055
2,0,1,0.53267545
2,1,1,0.57068557
2,1,0,0.19099616
2,1,0,0.32266915
2,1,0,0.47201797
2,0,0,0.4949112
2,0,0,0.3939635
2,1,1,0.5901846
2,1,1,0.5948608
2,0,0,0.3471278
2,1,0,0.46905205
2,0,0,0.2487575
2,1,1,0.62532496
2,0,1,0.5136298
2,1,0,0.4815658
2,0,0,0.4872259
2,0,0,0.29152182
2,1,1,0.7510227
2,1,0,0.2731066
2,0,0,0.3974931
2,0,0,0.38452247
2,0,0,0.23533863
2,0,0,0.33661452
2,0,0,0.22079007
2,0,0,0.17143144
2,1,1,0.60296375
2,0,0,0.24965203
2,1,1,0.55092525
2,1,0,0.15363854
2,1,1,0.6734047
2,1,1,0.54201394
2,0,0,0.4329541
2,0,0,0.42955703
2,1,1,0.6850752
2,1,0,0.38060793
2,1,1,0.6493949
2,1,0,0.33574033
2,0,0,0.34691137
2,0,1,0.6341128
2,1,0,0.3082575
2,1,0,0.3106421
2,0,0,0.38519865
2,0,0,0.45703632
2,0,1,0.53452617
2,1,0,0.4962386
2,0,0,0.14773059
2,0,0,0.0845972
2,1,0,0.45136687
2,1,0,0.49352345
2,0,0,0.09398049
2,1,0,0.30726418
2,0,1,0.6905445
2,0,0,0.13071363
2,0,0,0.10097143
2,0,1,0.60990584
2,0,0,0.34364405
2,0,0,0.47377655
2,1,1,0.7574064
2,1,1,0.5530925
2,1,1,0.6137542
2,0,1,0.5147537
2,1,1,0.764458
2,0,0,0.382927
2,1,1,0.7789748
2,0,0,0.07680719
2,1,1,0.67679733
2,1,0,0.30788302
2,1,1,0.64482653
2,1,1,0.55066586
2,0,0,0.36794904
2,1,0,0.33032584
2,1,1,0.5937592
2,0,1,0.5356015
2,0,1,0.5889178
2,0,1,0.5630225
2,0,0,0.41267967
2,0,0,0.14912939
2,0,0,0.11349951
2,0,0,0.21352656
2,0,0,0.3614302
2,0,0,0.2994316
2,0,0,0.30561486
2,0,1,0.56039
2,0,0,0.31892017
2,1,1,0.505759
2,0,0,0.3880857
2,1,0,0.3794477
2,0,0,0.49970856
2,0,0,0.37110013
2,0,1,0.5562656
2,0,0,0.084958114
2,1,1,0.5753206
2,1,1,0.64337903
2,0,0,0.20507026
2,1,1,0.6398123
2,1,1,0.8483725
2,1,1,0.7209082
2,0,1,0.63613826
2,1,1,0.6568933
2,1,1,0.72504425
2,0,1,0.5551996
2,0,0,0.21546093
2,1,1,0.7777243
2,0,0,0.42540488
2,0,1,0.7558647
2,0,1,0.52449805
2,1,1,0.6401746
2,0,1,0.66637826
2,1,1,0.6117546
2,0,0,0.40910634
2,1,1,0.73578614
2,1,1,0.6299095
2,1,0,0.3642208
2,1,0,0.3061683
2,1,0,0.47818175
2,0,0,0.3801319
2,1,1,0.7340931
2,1,0,0.17647031
2,0,0,0.17113097
2,1,0,0.41760948
2,1,0,0.373486
2,0,0,0.35535258
2,0,0,0.2278315
2,0,0,0.3022577
2,0,0,0.3231635
2,0,1,0.50175405
2,0,0,0.33684233
2,0,1,0.52795374
2,0,1,0.50208324
2,0,0,0.4910407
2,1,0,0.40865254
2,0,0,0.45748958
2,1,1,0.711991
2,0,1,0.5647017
2,1,1,0.6250795
2,1,1,0.5835251
2,0,0,0.04122819
2,1,0,0.49503443
2,0,0,0.4269174
2,0,0,0.22670935
2,1,1,0.6280663
2,1,0,0.2888877
2,0,0,0.48983812
2,0,0,0.3941616
2,1,0,0.36204576
2,0,1,0.5286972
2,1,0,0.4591804
2,0,0,0.46476877
2,0,1,0.6785924
2,1,1,0.67123044
2,0,1,0.5697017
2,0,0,0.45969853
2,1,0,0.30515552
2,1,1,0.6255574
2,0,1,0.5219736
2,1,0,0.41229293
2,0,0,0.33331454
2,0,0,0.40521002
2,1,1,0.7531357
2,1,1,0.7683613
2,0,0,0.4595421
2,0,0,0.46270993
2,0,0,0.29910222
2,1,0,0.23626977
2,1,1,0.670313
2,1,1,0.6540477
2,1,1,0.6923507
2,0,0,0.06435488
2,0,1,0.6076065
2,0,1,0.71039194
2,1,1,0.60939896
2,0,1,0.6967534
2,0,0,0.39474955
2,1,1,0.71237594
2,0,0,0.2718588
2,0,1,0.5640665
2,0,0,0.2242451
2,0,0,0.3821175
2,0,0,0.3940415
2,0,0,0.26100022
2,1,1,0.73546815
2,1,1,0.5919341
2,0,0,0.07426383
2,1,1,0.5413643
2,1,1,0.6601026
2,0,0,0.3666051
2,1,1,0.54162383
2,1,1,0.58539814
2,0,0,0.037057176
2,0,0,0.39361644
2,1,0,0.3399087
2,0,0,0.3203538
2,1,0,0.4546774
2,0,0,0.41037837
2,1,0,0.35853034
2,0,0,0.14947379
2,1,0,0.39369392
2,0,0,0.11664373
2,0,0,0.075076185
2,0,0,0.1993717
2,0,0,0.08912364
2,0,0,0.36421496
2,0,0,0.45464885
2,0,0,0.25308707
2,0,0,0.29311192
2,1,1,0.61809146
2,1,0,0.4202962
2,0,0,0.3362239
2,1,1,0.5566159
2,0,0,0.2569965
2,0,0,0.10852787
2,1,0,0.15972947
2,0,0,0.24877152
2,0,0,0.2730412
2,0,1,0.54307497
2,0,0,0.28833112
2,0,0,0.115912825
2,1,0,0.47009888
2,0,0,0.2997681
2,0,0,0.24310079
2,0,0,0.25826603
2,0,1,0.512812
2,0,0,0.3400099
2,0,0,0.2625705
2,1,0,0.38947242
2,0,0,0.2834043
2,0,0,0.4377766
2,1,0,0.31672195
2,1,0,0.31565607
2,0,0,0.18689643
2,1,1,0.63639253
2,1,0,0.3759698
2,1,0,0.15275835
2,1,0,0.3759566
2,0,0,0.20433882
2,1,0,0.46517202
2,1,0,0.46015075
2,1,1,0.68895894
2,1,1,0.7017956
2,1,1,0.7873242
2,1,1,0.5776732
2,0,0,0.48709887
2,1,1,0.73819846
2,1,1,0.6156195
2,1,0,0.48261383
2,1,1,0.62544775
2,1,1,0.7105385
2,1,1,0.68246347
2,0,1,0.5914788
2,0,1,0.58120555
2,0,1,0.6703273
2,0,1,0.6270575
2,1,0,0.4886965
2,1,1,0.67604584
2,1,1,0.69448924
2,1,1,0.74784815
2,0,0,0.33850047
2,0,0,0.39344227
2,0,1,0.5178575
2,1,0,0.4427127
2,1,0,0.4500141
2,0,0,0.4928072
2,0,0,0.35170653
2,1,0,0.42108664
2,1,1,0.5478296
2,0,1,0.57752055
2,1,1,0.78330445
2,0,1,0.79677296
2,0,0,0.4907761
2,1,1,0.57194644
2,0,1,0.5536937
2,1,1,0.7946619
2,1,1,0.60065496
2,1,1,0.55009013
2,1,1,0.63697314
2,1,1,0.8862
2,0,1,0.51687187
2,1,1,0.57880205
2,0,0,0.3268123
2,1,1,0.5570711
2,0,0,0.36576018
2,1,1,0.73086125
2,0,1,0.5046432
2,1,1,0.73101854
2,1,1,0.71003324
2,1,1,0.78610784
2,0,1,0.68598294
2,0,0,0.4749871
2,0,1,0.8078731
2,1,0,0.49061042
2,1,1,0.70332754
2,1,0,0.4209181
2,0,1,0.5322222
2,0,0,0.30070975
2,0,0,0.3677084
2,0,0,0.3878803
2,0,1,0.58500993
2,1,1,0.56200093
2,1,0,0.31409386
2,0,1,0.5388376
2,1,0,0.28541517
2,1,1,0.6815308
2,1,0,0.33515325
2,0,0,0.3208309
2,0,1,0.650646
2,1,1,0.608853
2,0,0,0.22847268
2,1,0,0.33812106
2,1,0,0.38902578
2,1,1,0.515166
2,0,0,0.3587136
2,1,1,0.5740159
2,0,1,0.5638835
2,1,1,0.56686497
2,1,1,0.53431773
2,1,1,0.523338
2,0,1,0.53859067
2,0,1,0.6187705
2,1,1,0.55053157
2,0,1,0.5056658
2,1,0,0.4990752
2,0,1,0.5082275
2,0,1,0.554801
2,1,1,0.6079372
2,0,0,0.48815194
2,0,1,0.61548775
2,1,1,0.58034366
2,0,0,0.29398775
2,0,0,0.38452983
2,0,0,0.19605242
2,1,1,0.83609366
2,0,1,0.640664
2,0,0,0.27407694
2,1,1,0.5508106
2,0,1,0.5465576
2,0,0,0.2902242
2,0,0,0.28140813
2,0,0,0.30007428
2,1,0,0.42803386
2,1,1,0.6143279
2,0,0,0.24593903
2,0,0,0.06549108
2,1,1,0.5649411
2,0,0,0.40171742
2,1,0,0.41834912
2,0,0,0.40058315
2,0,1,0.51336205
2,0,1,0.6394324
2,1,0,0.37167317
2,1,1,0.7049474
2,1,1,0.60884297
2,1,0,0.47203267
2,0,0,0.22301696
2,0,0,0.3723397
2,1,0,0.44265562
2,0,0,0.30591583
2,0,0,0.3934469
2,0,0,0.23809549
2,1,1,0.5754946
2,0,0,0.41657162
2,0,0,0.36846673
2,1,1,0.5287872
2,0,0,0.17799552
2,1,1,0.70510596
2,0,1,0.68935
2,1,1,0.7218406
2,1,1,0.7374294
2,1,1,0.70141006
2,0,0,0.28010443
2,0,0,0.25378567
2,0,1,0.5342281
2,0,1,0.614116
2,0,0,0.19590692
2,1,1,0.73854655
2,0,0,0.31047335
2,0,0,0.4631422
2,1,1,0.6011161
2,1,1,0.7161012
2,0,1,0.6224875
2,1,1,0.723186
2,0,0,0.30014017
2,1,1,0.6434635
2,0,0,0.22727184
2,1,1,0.6583312
2,1,1,0.5062853
2,0,1,0.5372695
2,1,0,0.49470025
2,1,1,0.60976434
2,1,1,0.6283133
2,0,0,0.46429563
2,0,1,0.54712236
2,0,0,0.19209035
2,1,1,0.67694366
2,0,0,0.23500548
2,0,1,0.5163995
2,1,0,0.21894027
2,1,1,0.5991006
2,0,0,0.15569212
2,0,0,0.39700297
2,1,1,0.5699422
2,0,0,0.46567604
2,0,0,0.40135938
2,0,0,0.47291088
2,1,0,0.32845768
2,0,0,0.46446487
2,0,0,0.493257
2,0,0,0.24150625
2,1,1,0.60414535
2,1,0,0.32647976
2,0,0,0.34351084
2,0,0,0.17538968
2,1,0,0.39721277
2,1,0,0.33936796
2,0,0,0.2677966
2,1,0,0.26239294
2,0,0,0.3383024
2,1,1,0.50153184
2,1,0,0.4101359
2,0,0,0.47162116
2,0,1,0.5453123
2,1,0,0.26781443
2,0,0,0.29883954
2,1,0,0.26373595
2,0,0,0.07206477
2,0,0,0.4271333
2,1,1,0.8859852
2,0,1,0.6801578
2,0,1,0.690195
2,1,1,0.5744796
2,0,0,0.40240064
2,0,0,0.27941412
2,1,1,0.651423
2,1,1,0.94090873
2,1,1,0.5768933
2,0,0,0.4683452
2,0,1,0.6372428
2,1,1,0.7797581
2,0,0,0.37471202
2,1,0,0.40139705
2,0,0,0.4272793
2,0,0,0.4767798
2,1,1,0.58946276
2,1,1,0.73706985
2,0,0,0.37109795
2,0,0,0.32031593
2,1,0,0.3967958
2,1,0,0.34836942
2,0,0,0.45896772
2,1,1,0.66549647
2,1,0,0.42773592
2,1,1,0.90118843
2,1,1,0.6831055
2,0,1,0.8563102
2,0,0,0.26243588
2,0,0,0.45207542
2,1,1,0.7303865
2,1,1,0.62375426
2,0,1,0.57135296
2,1,1,0.56353825
2,0,0,0.4823365
2,1,1,0.6048352
2,1,1,0.87886196
2,1,1,0.554683
2,1,1,0.6790051
2,0,0,0.36952847
2,0,0,0.32208323
2,1,1,0.6220367
2,0,0,0.42337492
2,1,1,0.7351727
2,0,0,0.46722513
2,1,0,0.41378757
2,1,1,0.6351401
2,1,1,0.5354144
2,1,0,0.325147
2,0,0,0.3268317
2,1,1,0.55875283
2,0,1,0.57585907
2,1,0,0.4918405
2,0,1,0.5732497
2,0,1,0.6333972
2,1,1,0.56725043
2,1,0,0.3516356
2,0,0,0.4988564
2,0,0,0.07809603
2,1,0,0.3855434
2,0,0,0.28908944
2,1,0,0.3826516
2,0,1,0.52323884
2,1,1,0.5882704
2,0,1,0.7465902
2,0,0,0.35202816
2,0,0,0.47773433
2,1,1,0.64524776
2,0,1,0.56697327
2,0,1,0.6415483
2,0,1,0.67392397
2,0,0,0.27749667
2,1,1,0.8014547
2,0,1,0.57252353
2,1,1,0.76815015
2,1,1,0.5530929
2,1,1,0.68070763
2,1,1,0.62182546
2,1,1,0.848235
2,0,1,0.5344534
2,0,1,0.6678469
2,0,0,0.20489822
2,1,1,0.54186237
2,0,0,0.19977875
2,0,1,0.5323516
2,0,1,0.66758037
2,1,1,0.67354393
2,1,1,0.74610966
2,1,1,0.7562896
2,1,1,0.5854812
2,1,1,0.74503714
2,1,1,0.69488126
2,1,1,0.548374
2,0,1,0.79316205
2,0,1,0.60825086
2,1,1,0.83785486
2,1,1,0.69984347
2,0,0,0.47660664
2,1,1,0.77146244
2,0,1,0.7811222
2,1,1,0.6662726
2,1,1,0.8116327
2,0,0,0.44557616
2,0,1,0.6474303
2,0,1,0.6581514
2,1,1,0.6488267
2,1,1,0.5936299
2,1,1,0.7406102
2,0,1,0.537207
2,0,0,0.4565822
2,1,0,0.49604338
2,1,1,0.81187946
2,1,1,0.8552478
2,1,1,0.6865489
2,1,1,0.7666384
2,0,1,0.7549362
2,1,1,0.57833916
2,1,1,0.7091184
2,1,1,0.6361355
2,1,1,0.6679328
2,0,0,0.27503917
2,0,1,0.7918943
2,1,1,0.7162015
2,1,1,0.61085796
2,0,1,0.51896393
2,0,1,0.51774514
2,0,1,0.5398786
2,0,1,0.5189588
2,1,1,0.63190895
2,1,1,0.61135155
2,0,0,0.46999553
2,0,1,0.5551197
2,1,1,0.6710071
2,0,1,0.7021709
2,0,1,0.5603286
2,1,1,0.6250648
2,1,1,0.6782374
2,1,1,0.6987415
2,1,1,0.58823246
2,0,1,0.63294214
2,1,1,0.65900135
2,0,1,0.5361288
2,1,1,0.5575011
2,0,1,0.69006115
2,0,1,0.55830866
2,0,1,0.5831553
2,0,1,0.62591
2,0,0,0.3555565
2,0,1,0.60721564
2,1,1,0.78683585
2,1,1,0.7563555
2,0,1,0.6401312
2,0,1,0.57070684
2,0,1,0.55931884
2,1,1,0.69411725
2,0,1,0.6914177
2,1,0,0.49214244
2,1,0,0.49728736
2,1,1,0.52104247
2,1,1,0.64036417
2,0,1,0.5283446
2,0,1,0.5298304
2,1,0,0.3577706
2,1,0,0.4227182
2,0,0,0.27253383
2,1,1,0.56017065
2,0,0,0.48812014
2,1,1,0.7319161
2,1,1,0.7700717
2,1,1,0.57465655
2,0,1,0.55591416
2,0,1,0.69314706
2,0,1,0.79644483
2,0,0,0.28211534
2,0,0,0.40599367
2,0,1,0.7765833
2,1,0,0.40660113
2,0,0,0.2818116
2,0,1,0.55361456
2,1,0,0.43095794
2,1,1,0.5468518
2,0,0,0.20219086
2,1,1,0.6742058
2,1,0,0.32965204
2,0,0,0.27502102
2,0,0,0.45812425
2,0,0,0.3591701
2,0,1,0.842802
2,0,0,0.47075182
2,0,1,0.5739518
2,1,1,0.5827631
2,0,0,0.38562456
2,0,0,0.31999698
2,1,1,0.75136185
2,1,1,0.5263061
2,1,0,0.32657108
2,1,0,0.35560143
2,1,0,0.44401914
2,0,0,0.41636395
2,1,1,0.74036825
2,1,1,0.6896826
2,1,1,0.72291964
2,0,0,0.3616686
2,0,0,0.41472545
2,1,1,0.618466
2,0,1,0.54387885
2,0,0,0.24487905
2,1,1,0.76135665
2,1,1,0.820718
2,0,0,0.35343176
2,0,1,0.50493824
2,0,1,0.63797826
2,0,0,0.2501289
2,0,0,0.18876919
2,1,1,0.83193237
2,0,0,0.47277737
2,0,0,0.34562418
2,1,0,0.46287826
2,1,1,0.7927091
2,1,1,0.8374646
2,1,1,0.57080036
2,0,0,0.48830122
2,0,0,0.15520616
2,0,0,0.1385426
2,1,1,0.70638025
2,0,1,0.6471902
2,0,1,0.59872
2,1,1,0.73710006
2,1,0,0.42958146
2,1,1,0.7009371
2,0,1,0.56801534
2,1,1,0.83338875
2,1,1,0.8500516
2,1,1,0.7323249
2,0,1,0.75676715
2,0,1,0.7480259
2,1,0,0.36515287
2,0,0,0.06167919
2,1,0,0.30814096
2,1,1,0.5935751
2,0,0,0.47250685
2,0,0,0.28358832
2,0,0,0.2904129
2,0,1,0.5272217
2,0,0,0.07469861
2,1,1,0.55812955
2,1,0,0.28299215
2,0,0,0.34298524
2,0,1,0.5154989
2,0,0,0.21469381
2,1,0,0.17726955
2,1,1,0.5710773
2,0,0,0.16646676
2,0,0,0.39785042
2,1,0,0.373478
2,1,0,0.48455843
2,0,1,0.53850526
2,0,1,0.5884538
2,1,0,0.46497223
2,1,0,0.27144328
2,1,0,0.33969924
2,0,0,0.31743738
2,0,0,0.33887345
2,1,1,0.5719634
2,0,0,0.36826792
2,1,0,0.43738744
2,1,1,0.56182784
2,0,0,0.1018438
2,0,1,0.7242684
2,1,1,0.5989399
2,1,0,0.47568044
2,0,0,0.41163084
2,1,0,0.38096437
2,0,0,0.059716225
2,1,0,0.44708925
2,1,1,0.71902025
2,0,0,0.23846464
2,1,1,0.5835046
2,1,0,0.46470913
2,0,0,0.2530749
2,1,1,0.52907765
2,0,0,0.3702423
2,0,0,0.26531175
2,0,0,0.36795235
2,0,0,0.31308705
2,0,0,0.3238282
2,0,0,0.26591545
2,0,0,0.23108955
2,1,0,0.39655203
2,1,1,0.60061044
2,1,0,0.48919204
2,1,1,0.73838013
2,1,0,0.29493228
2,1,0,0.32592618
2,1,1,0.8118489
2,0,1,0.5764225
2,1,0,0.3620858
2,0,1,0.58860433
2,0,0,0.22690465
2,0,0,0.3826864
2,1,1,0.7673091
2,1,1,0.8217149
2,1,0,0.41984418
2,0,0,0.30726185
2,1,1,0.5923982
2,1,1,0.5586804
2,1,0,0.46158835
2,0,0,0.18413585
2,0,1,0.5400198
2,0,0,0.331336
2,0,0,0.12956111
2,0,1,0.7636655
2,1,0,0.4140931
2,1,1,0.81299895
2,1,1,0.6651506
2,0,1,0.6568809
2,0,0,0.4972244
2,1,1,0.54893833
2,1,1,0.6239364
2,0,0,0.48087615
2,1,1,0.6437489
2,1,1,0.76563865
2,0,1,0.6487809
2,1,0,0.47714454
2,1,1,0.6364369
2,0,0,0.10065925
2,1,0,0.049901012
2,1,0,0.3133152
2,1,1,0.7164209
2,0,1,0.6598483
2,0,0,0.21499096
2,1,0,0.1835654
2,0,0,0.40727213
2,0,1,0.53794354
2,0,0,0.14810127
2,1,0,0.25013584
2,1,1,0.7975661
2,0,0,0.49755797
2,0,1,0.5891749
2,1,0,0.16690376
2,0,1,0.5967518
2,0,1,0.55896074
2,0,0,0.34379873
2,1,0,0.32200277
2,0,1,0.65301555
2,0,0,0.33004236
2,0,0,0.14620455
2,1,0,0.35794872
2,0,1,0.6562966
2,0,0,0.38541052
2,1,0,0.3818309
2,0,1,0.6346316
2,1,0,0.37547272
2,1,1,0.89557695
2,0,0,0.49099976
2,0,1,0.65471244
2,1,1,0.792211
2,1,1,0.8283423
2,0,1,0.54388136
2,0,1,0.638237
2,0,1,0.6840131
2,0,1,0.51998234
2,1,1,0.6960896
2,0,1,0.6431943
2,0,1,0.6172493
2,1,1,0.86413985
2,1,1,0.6382363
2,0,1,0.65086186
2,1,0,0.274546
2,1,0,0.49164006
2,0,1,0.5908569
2,1,1,0.523074
2,1,1,0.6328929
2,0,0,0.17872743
2,0,1,0.6067804
2,1,1,0.56914705
2,1,1,0.5764582
2,0,1,0.6610861
2,1,1,0.6861676
2,0,0,0.29501623
2,1,1,0.7074421
2,0,1,0.8267106
2,0,1,0.8377158
2,1,1,0.7673135
2,0,0,0.37972984
2,0,0,0.11703389
2,0,0,0.46742657
2,1,1,0.64976776
2,1,1,0.7189306
2,1,1,0.70451254
2,0,0,0.43526787
2,1,1,0.60444075
2,1,1,0.7819359
2,1,1,0.77697283
2,0,0,0.250238
2,0,0,0.13858923
2,1,1,0.8520906
2,0,0,0.36948472
2,1,0,0.1862498
2,0,0,0.33194152
2,1,1,0.57412326
2,0,0,0.13855912
2,1,0,0.40415385
2,1,0,0.4890082
2,0,1,0.5668955
2,0,0,0.26543283
2,0,0,0.20100947
2,1,1,0.68384314
2,0,0,0.42922908
2,1,1,0.53981805
2,0,1,0.56657904
2,0,1,0.53850526
2,1,1,0.86841786
2,1,1,0.5343893
2,1,0,0.3216847
2,1,1,0.64450085
2,1,1,0.60217947
2,1,1,0.6125161
2,1,1,0.5457907
2,0,1,0.673323
2,0,1,0.53763103
2,0,1,0.6604026
2,0,0,0.41263545
2,1,1,0.61565113
2,1,1,0.84123975
2,1,1,0.83778507
2,1,1,0.90553516
2,0,1,0.60934633
2,1,1,0.8104828
2,1,1,0.79336715
2,0,0,0.43990424
2,0,1,0.5969261
2,0,1,0.5242312
2,1,1,0.7779957
2,1,0,0.3733936
2,0,0,0.34236038
2,1,0,0.49773607
2,1,1,0.78111804
2,1,1,0.7231128
2,0,0,0.49188328
2,0,1,0.6414389
2,0,1,0.52884114
2,1,1,0.5070099
2,0,1,0.77850485
2,0,0,0.3237687
2,1,1,0.6160535
2,1,1,0.79259557
2,1,1,0.6087956
2,0,0,0.29432908
2,1,1,0.512581
2,1,1,0.623858
2,0,1,0.75094825
2,0,1,0.7076532
2,0,1,0.51868665
2,0,0,0.44973677
2,1,0,0.22170101
2,1,0,0.48409507
2,0,0,0.3255817
2,1,1,0.5743044
2,0,1,0.6849479
2,0,1,0.83277017
2,1,0,0.3238553
2,0,0,0.47296387
2,1,0,0.45650893
2,1,1,0.5018531
2,0,0,0.11485322
2,1,1,0.712518
2,1,1,0.6577904
2,1,1,0.56380755
2,1,1,0.7509011
2,0,1,0.5846455
2,1,1,0.68616754
2,0,1,0.63378495
2,1,1,0.5370831
2,0,0,0.34389126
2,0,1,0.625497
2,0,1,0.6880698
2,0,0,0.42100063
2,1,1,0.66555345
2,0,1,0.85764277
2,0,0,0.3846052
2,1,1,0.61838734
2,1,0,0.42664844
2,0,0,0.39633316
2,1,1,0.5819824
2,1,0,0.46260923
2,0,0,0.3583114
2,1,1,0.74518776
2,0,1,0.50906515
2,1,0,0.46524173
2,1,1,0.5083128
2,0,0,0.44284815
2,0,1,0.62348694
2,0,0,0.48766738
2,1,0,0.20613207
2,0,0,0.16736767
2,0,0,0.21083814
2,1,1,0.5398543
2,0,0,0.17648035
2,0,0,0.116182536
2,1,0,0.18181844
2,0,0,0.20642538
2,1,1,0.7500883
2,0,1,0.56313497
2,0,0,0.3335478
2,0,0,0.3608848
2,1,1,0.7051379
2,1,1,0.7378582
2,0,0,0.4671808
2,1,1,0.5663449
2,0,0,0.44417956
2,1,0,0.29178497
2,0,0,0.36453003
2,1,0,0.116057396
2,1,0,0.39602268
2,0,0,0.4425283
2,0,0,0.1643371
2,0,0,0.10753416
2,0,0,0.06499615
2,0,0,0.087239675
2,0,0,0.3455675
2,0,0,0.36839586
2,0,0,0.2316252
2,0,0,0.37035954
2,0,1,0.59286547
2,0,0,0.4174645
2,1,1,0.8429108
2,1,1,0.8124259
2,0,0,0.22111708
2,1,1,0.5744121
2,1,0,0.44566014
2,0,0,0.36312032
2,1,1,0.6820565
2,0,0,0.19373088
2,1,1,0.6727949
2,0,0,0.31710297
2,1,0,0.41856524
2,1,1,0.59783316
2,1,0,0.44550678
2,0,0,0.4169545
2,0,1,0.5934302
2,0,0,0.2763521
2,0,0,0.42437062
2,0,0,0.2898627
2,1,1,0.54970276
2,0,0,0.18070674
2,1,1,0.5335532
2,1,1,0.68015337
2,1,1,0.6612264
2,1,1,0.64674336
2,0,0,0.2816843
2,0,1,0.7234241
2,0,0,0.46261838
2,0,0,0.23837475
2,1,1,0.6725192
2,1,1,0.8171433
2,0,1,0.56851906
2,1,1,0.89445484
2,0,1,0.63963753
2,1,0,0.2558167
2,0,1,0.6902894
2,1,1,0.77543294
2,1,1,0.85351855
2,1,1,0.87239444
2,1,1,0.80497366
2,0,1,0.7373531
2,0,0,0.28713015
2,1,1,0.71221113
2,1,1,0.889246
2,0,1,0.7517544
2,0,1,0.5595122
2,0,0,0.44551498
2,0,1,0.73538053
2,0,1,0.69835186
2,1,1,0.6159151
2,1,1,0.67810875
2,0,1,0.54854965
2,0,1,0.7902531
2,0,0,0.22580194
2,0,1,0.6245109
2,0,1,0.5743342
2,1,1,0.870254
2,0,0,0.083339885
2,1,1,0.79615104
2,0,0,0.24554798
2,1,1,0.66815835
2,1,1,0.7778217
2,1,1,0.59816444
2,0,1,0.7366745
2,1,1,0.7510731
2,1,1,0.9065441
2,1,0,0.42098936
2,1,1,0.7677324
2,0,0,0.35407728
2,0,0,0.4434952
2,1,1,0.63539636
2,1,1,0.60691154
2,1,0,0.4163662
2,1,1,0.6471448
2,0,0,0.30248216
2,0,1,0.8320699
2,0,1,0.56756574
2,1,1,0.713486
2,1,1,0.693953
2,0,0,0.31215292
2,0,0,0.11052261
2,0,0,0.11677904
2,1,0,0.4776559
2,0,1,0.5523803
2,0,0,0.49439213
2,0,0,0.27775148
2,1,1,0.6907754
2,0,0,0.32326093
2,1,0,0.3433636
2,0,0,0.1331321
2,0,1,0.6779307
2,0,1,0.62685454
2,1,0,0.3007186
2,1,0,0.4847322
2,0,0,0.1262491
2,0,0,0.34061378
2,0,0,0.3437311
2,1,1,0.55152833
2,1,1,0.6658187
2,0,1,0.64198625
2,1,0,0.44295782
2,0,1,0.52928793
2,1,1,0.5250677
2,1,0,0.44370198
2,0,0,0.31480092
2,1,0,0.43788454
2,1,0,0.38644916
2,1,0,0.29551077
2,0,0,0.35365206
2,0,1,0.6519826
2,1,1,0.6957142
2,1,0,0.46823502
2,0,0,0.2588956
2,0,0,0.2983215
2,0,0,0.37198433
2,1,1,0.50644654
2,1,0,0.37315804
2,0,0,0.1631007
2,0,0,0.47319272
2,0,0,0.3473862
2,1,1,0.7586476
2,0,0,0.1631399
2,1,1,0.7576128
2,0,1,0.5472134
2,1,1,0.6209633
2,1,1,0.65673333
2,1,0,0.41423255
2,1,0,0.4576691
2,0,1,0.5479662
2,0,1,0.7158744
2,1,1,0.65778005
2,1,1,0.6625581
2,1,0,0.4270985
2,1,1,0.5043686
2,0,0,0.32926282
2,1,0,0.43027064
2,1,1,0.6612688
2,0,1,0.5112394
2,0,0,0.41614902
2,0,0,0.28965807
2,0,1,0.6231291
2,1,1,0.5558785
2,1,1,0.5963323
2,0,1,0.5162354
2,0,1,0.60964733
2,1,0,0.34208623
2,1,0,0.42678264
2,1,1,0.68895894
2,1,1,0.7017956
2,1,1,0.7873242
2,1,1,0.5776732
2,0,0,0.48709887
2,1,1,0.73819846
2,1,1,0.6156195
2,1,0,0.48261383
2,1,1,0.62544775
2,1,1,0.7105385
2,1,1,0.68246347
2,0,1,0.5914788
2,0,1,0.58120555
2,0,1,0.6703273
2,0,1,0.6270575
2,1,0,0.4886965
2,1,1,0.67604584
2,1,1,0.69448924
2,1,1,0.74784815
2,0,0,0.33850047
2,0,0,0.4245457
2,0,1,0.5178575
2,1,0,0.4427127
2,1,0,0.4500141
2,0,0,0.4928072
2,0,0,0.35170653
2,1,0,0.42108664
2,1,1,0.5478296
2,0,1,0.57752055
2,1,1,0.78330445
2,0,1,0.79677296
2,0,0,0.4907761
2,1,1,0.5719465
2,0,1,0.5536937
2,1,1,0.84752095
2,1,1,0.52539206
2,1,1,0.57531327
2,0,1,0.5188632
2,0,0,0.42289838
2,1,1,0.50158745
2,1,0,0.22407505
2,1,0,0.42076337
2,1,1,0.57671064
2,0,1,0.5063865
2,0,1,0.51203376
2,1,1,0.60135466
2,0,1,0.5239287
2,1,1,0.6102918
2,0,0,0.40362695
2,0,1,0.78315747
2,0,0,0.48678657
2,0,1,0.51341987
2,1,0,0.39820287
2,0,1,0.56784195
2,0,0,0.436468
2,1,0,0.44763854
2,0,0,0.48178637
2,0,1,0.51339567
2,0,0,0.24859557
2,1,0,0.41842434
2,1,1,0.6889355
2,1,1,0.77217984
2,0,1,0.66884476
2,1,1,0.90553516
2,0,1,0.60934633
2,1,1,0.8104828
2,1,1,0.79336715
2,0,0,0.43990424
2,0,1,0.5969261
2,0,1,0.5242312
2,1,1,0.7779957
2,1,0,0.3733936
2,0,0,0.34236038
2,1,0,0.49773607
2,1,1,0.78111804
2,1,1,0.7231128
2,0,0,0.49188328
2,0,1,0.6414389
2,0,1,0.52884114
2,1,1,0.5070099
2,0,1,0.77850485
2,0,0,0.3237687
2,1,1,0.6160535
2,1,1,0.79259557
2,1,1,0.8007055
2,1,1,0.7141294
2,1,1,0.78385395
2,1,1,0.6530578
2,0,0,0.46554703
2,0,1,0.68020284
2,0,1,0.6417944
2,1,0,0.31895757
2,0,0,0.11767304
2,0,1,0.5376987
2,0,1,0.60423267
2,0,1,0.72066337
2,0,1,0.5516275
2,0,1,0.6192689
2,1,1,0.77875537
2,0,0,0.31438348
2,1,1,0.69563
2,0,1,0.5837738
2,1,1,0.7481037
2,1,1,0.7090359
2,1,1,0.5932847
2,1,0,0.48330957
2,1,1,0.542003
2,1,1,0.7391061
2,0,0,0.2690153
2,0,0,0.15421692
2,0,1,0.6345796
2,1,1,0.8424832
2,0,0,0.35633326
2,1,1,0.58800685
2,1,1,0.54134345
2,0,0,0.37557164
2,1,1,0.55219644
2,1,1,0.83289444
2,1,1,0.5158988
2,0,0,0.25790304
2,1,1,0.7458984
2,0,0,0.33285108
2,0,0,0.30371836
2,1,1,0.6855221
2,0,1,0.5501498
2,0,1,0.55059844
2,0,1,0.51275474
2,0,1,0.5733407
2,1,1,0.5954128
2,0,0,0.3890911
2,1,1,0.67977405
2,1,1,0.5759961
2,0,0,0.313911
2,0,0,0.47350258
2,1,1,0.7339874
2,1,1,0.5951656
2,0,0,0.12254
2,0,0,0.33325917
2,0,0,0.4773339
2,1,0,0.20381276
2,1,1,0.64830405
2,1,0,0.3914097
2,0,1,0.56030345
2,1,0,0.4149842
2,1,0,0.41311106
2,0,0,0.18988845
2,1,0,0.44175094
2,1,1,0.6875063
2,0,0,0.33925226
2,1,0,0.24606909
2,1,0,0.40246072
2,0,0,0.23719342
2,1,0,0.32453242
2,0,0,0.36073476
2,1,0,0.41585854
2,0,0,0.33960733
2,1,0,0.28093013
2,1,0,0.20381276
2,0,0,0.18034402
2,0,0,0.1644855
2,0,1,0.5647474
2,0,0,0.30197257
2,0,0,0.32907605
2,1,1,0.6206768
2,1,0,0.3470702
2,1,1,0.750589
2,1,1,0.5532001
2,1,0,0.42966297
2,0,0,0.23951085
2,1,0,0.2862025
2,0,0,0.1488707
2,0,0,0.052016564
2,0,0,0.20157622
2,0,0,0.3578942
2,0,0,0.12261241
2,1,1,0.735333
2,0,1,0.6772572
2,0,0,0.28956604
2,0,0,0.35467675
2,1,1,0.5990322
2,0,0,0.10687566
2,0,0,0.41295972
2,0,0,0.1959171
2,0,0,0.16427106
2,0,0,0.47499573
2,0,0,0.21611291
2,0,0,0.19100451
2,0,0,0.3419157
2,0,0,0.21386477
2,1,1,0.6096598
2,0,0,0.42027166
2,0,0,0.2206201
2,1,1,0.56838703
2,1,1,0.6537831
2,0,1,0.50716275
2,1,0,0.37999564
2,0,0,0.11058024
2,1,0,0.4536108
2,1,1,0.63390476
2,0,0,0.44910526
2,0,0,0.357998
2,0,1,0.64191586
2,1,0,0.26130456
2,0,0,0.12443128
2,1,0,0.3742141
2,1,1,0.5216314
2,0,0,0.20787916
2,0,0,0.2516318
2,0,1,0.7714068
2,1,1,0.5157532
2,1,0,0.41170594
2,0,0,0.4200296
2,0,0,0.33536822
2,1,0,0.4998152
2,1,1,0.6132743
2,1,1,0.6281304
2,1,1,0.5652705
2,0,1,0.61236274
2,0,0,0.4936472
2,1,1,0.55969125
2,1,1,0.51574075
2,1,1,0.64452004
2,0,0,0.26680827
2,0,1,0.83431494
2,0,0,0.4195397
2,0,1,0.54425704
2,1,1,0.79019016
2,0,1,0.58576524
2,0,1,0.6982314
2,0,1,0.61564106
2,0,0,0.4038187
2,1,1,0.8898854
2,0,0,0.38123044
2,0,1,0.6026608
2,1,0,0.43954888
2,1,1,0.63271403
2,1,1,0.7923308
2,0,0,0.41307357
2,0,1,0.5997662
2,0,1,0.5293848
2,1,1,0.5502859
2,1,0,0.35759297
2,1,1,0.70379364
2,0,0,0.32582146
2,0,1,0.5144867
2,0,0,0.25098464
2,0,0,0.18744789
2,0,0,0.22535615
2,1,1,0.6348393
2,0,0,0.22948657
2,0,0,0.22694944
2,0,0,0.3068116
2,1,1,0.6272628
2,0,0,0.29740763
2,1,0,0.45428386
2,1,1,0.7048717
2,0,1,0.65792155
2,1,0,0.12669387
2,1,1,0.5364992
2,1,0,0.46084678
2,0,0,0.48378024
2,0,1,0.6329762
2,0,0,0.16951138
2,0,0,0.37050468
2,1,0,0.478599
2,0,0,0.4271333
2,0,0,0.3655101
2,1,1,0.6452542
2,0,0,0.21443473
2,1,1,0.58303875
2,1,1,0.5603052
2,1,1,0.6560687
2,0,0,0.17867452
2,1,1,0.82708967
2,1,1,0.6342962
2,0,1,0.6679595
2,0,1,0.55205137
2,0,0,0.42979813
2,1,0,0.44062907
2,0,0,0.40984598
2,0,1,0.77246773
2,0,0,0.407657
2,0,1,0.79892683
2,1,0,0.46972382
2,1,1,0.71717346
2,1,0,0.15524015
2,0,0,0.3670763
2,1,1,0.71923244
2,1,1,0.50953543
2,1,1,0.6055754
2,0,0,0.43127146
2,0,1,0.5284271
2,0,0,0.41141668
2,0,0,0.48856607
2,0,0,0.3375567
2,0,0,0.27441388
2,0,0,0.26134855
2,0,0,0.09474204
2,0,0,0.33329746
2,1,1,0.6817034
2,0,1,0.5196542
2,1,1,0.6474965
2,1,1,0.6820976
2,0,0,0.4194372
2,1,1,0.5544218
2,0,0,0.122988746
2,0,1,0.69606405
2,0,0,0.1348054
2,0,0,0.37198734
2,0,0,0.25494146
2,0,1,0.7571971
2,1,0,0.3319447
2,0,1,0.88948184
2,1,1,0.5042194
2,1,0,0.42416933
2,0,1,0.5956061
2,0,0,0.3535528
2,1,0,0.49935472
2,1,0,0.43768135
2,0,0,0.34813088
2,0,0,0.3594161
2,0,1,0.6017503
2,1,1,0.55047315
2,0,1,0.6019351
2,0,0,0.4382486
2,1,1,0.5418111
2,1,0,0.2996213
2,1,0,0.33528033
2,0,0,0.35062888
2,0,1,0.64445126
2,0,0,0.4077502
2,1,1,0.7180938
2,1,0,0.32373658
2,1,0,0.44239268
2,1,1,0.54013896
2,1,1,0.5113988
2,0,0,0.1745672
2,1,1,0.5071246
2,1,1,0.61699444
2,1,0,0.454718
2,0,0,0.11104708
2,1,1,0.7904477
2,0,1,0.51690114
2,0,1,0.5725636
2,1,1,0.55346656
2,0,0,0.32277104
2,0,0,0.36703992
2,0,0,0.18297766
2,0,0,0.3151862
2,0,0,0.4341035
2,1,1,0.5706265
2,0,0,0.29049736
2,0,0,0.28829128
2,1,1,0.70988375
2,1,1,0.7430991
2,0,0,0.26837742
2,0,1,0.5774787
2,0,1,0.63434285
2,0,1,0.5033742
2,1,0,0.24592191
2,0,0,0.39878133
2,0,1,0.5697355
2,1,1,0.65567034
2,1,1,0.78083825
2,0,0,0.33666405
2,0,0,0.45786014
2,1,1,0.57501245
2,0,1,0.5008364
2,1,1,0.6266856
2,0,0,0.09694511
2,0,0,0.16771917
2,0,0,0.48436663
2,1,1,0.6166573
2,0,0,0.47377655
2,0,1,0.6999635
2,0,0,0.4827939
2,1,1,0.77732474
2,1,0,0.45273912
2,0,0,0.21401012
2,0,0,0.2896559
2,1,1,0.5865779
2,1,1,0.72790706
2,1,1,0.58871835
2,0,0,0.40540123
2,1,1,0.8716592
2,1,0,0.4652656
2,1,1,0.6144131
2,1,1,0.864596
2,1,1,0.5927725
2,1,0,0.2394733
2,1,0,0.45091867
2,0,0,0.30403385
2,0,0,0.4052101
2,0,1,0.53705204
2,0,0,0.3498752
2,0,1,0.7682299
2,0,1,0.75004894
2,0,0,0.4911308
2,1,1,0.87812954
2,0,1,0.61237127
2,1,1,0.8911839
2,1,1,0.75625587
2,0,1,0.6147112
2,0,0,0.4476225
2,0,0,0.3294148
2,0,1,0.72723913
2,0,1,0.75696176
2,1,1,0.7742047
2,1,1,0.82101965
2,0,0,0.3062433
2,1,1,0.8612686
2,0,1,0.5626819
2,1,0,0.48108804
2,1,1,0.69827497
2,0,0,0.24866566
2,1,1,0.86637425
2,1,1,0.68147975
2,1,1,0.6034978
2,1,1,0.5333218
2,0,0,0.3955178
2,0,1,0.6206838
2,1,1,0.75537115
2,1,0,0.31309173
2,1,0,0.4329907
2,1,0,0.37243313
2,0,0,0.14907421
2,0,0,0.49215683
2,1,1,0.54380524
2,0,1,0.6435339
2,1,0,0.41816002
2,0,1,0.5353426
2,0,1,0.67265004
2,0,1,0.6638557
2,0,1,0.7384589
2,0,1,0.61510575
2,0,1,0.70995027
2,1,1,0.59961134
2,0,0,0.48407868
2,0,1,0.51808333
2,1,0,0.3075286
2,0,1,0.69400924
2,1,0,0.43280795
2,0,1,0.5894408
2,1,1,0.50125664
2,0,0,0.36476186
2,1,1,0.58988035
2,0,1,0.7222657
2,1,1,0.77892
2,1,1,0.6786877
2,0,1,0.5670651
2,0,1,0.81544656
2,1,1,0.8247301
2,1,1,0.7034355
2,0,0,0.22535686
2,0,0,0.31722242
2,0,1,0.5892739
2,0,1,0.57218504
2,1,1,0.68079865
2,0,1,0.52389985
2,0,0,0.33886394
2,0,1,0.6932977
2,1,1,0.5098787
2,1,1,0.5385093
2,1,1,0.7440791
2,1,1,0.5743453
2,1,1,0.7900459
2,1,0,0.47222498
2,0,1,0.55016106
2,1,1,0.6094544
2,1,1,0.5415831
2,1,1,0.7166629
2,0,0,0.45629558
2,0,0,0.21706218
2,0,0,0.3295846
2,1,1,0.71015596
2,1,0,0.49820837
2,1,1,0.6063138
2,1,1,0.5234574
2,0,0,0.47490034
2,0,1,0.58932173
2,0,1,0.70431244
2,1,1,0.6715058
2,0,0,0.45565122
2,1,1,0.67572516
2,0,0,0.18211697
2,1,1,0.50558835
2,0,1,0.5469938
2,1,0,0.41001335
2,1,0,0.49608973
2,0,0,0.15719697
2,0,0,0.34230915
2,0,1,0.72354084
2,0,0,0.3530582
2,1,1,0.85059077
2,0,0,0.16544828
2,1,1,0.68565154
2,0,0,0.26825327
2,1,1,0.83387893
2,0,0,0.073332645
2,0,0,0.34723803
2,1,0,0.3774027
2,1,1,0.78236973
2,0,0,0.25574017
2,1,0,0.35570273
2,1,1,0.8161605
2,0,0,0.24026887
2,0,0,0.21218356
2,0,0,0.49874
2,0,0,0.42724043
2,1,0,0.4999311
2,0,1,0.5079858
2,0,1,0.5424335
2,1,0,0.32406363
2,0,0,0.19667786
2,1,1,0.68109405
2,0,1,0.5052228
2,0,0,0.4224415
2,1,1,0.6007901
2,0,0,0.36660463
2,1,1,0.5211888
2,1,0,0.48294377
2,1,0,0.3047814
2,1,1,0.6421468
2,0,0,0.40669447
2,0,1,0.7039786
2,0,0,0.26194724
2,1,1,0.65303934
2,0,1,0.6872538
2,0,1,0.529173
2,1,1,0.65002865
2,0,1,0.5963409
2,0,1,0.55954754
2,0,0,0.4239279
2,1,0,0.43867272
2,1,1,0.5455165
2,1,1,0.63513374
2,1,1,0.7842286
2,0,0,0.43482694
2,1,1,0.59463346
2,0,1,0.54740655
2,1,0,0.46722648
2,0,1,0.70409983
2,0,1,0.50083774
2,1,1,0.5115956
2,0,0,0.48425066
2,0,0,0.24202262
2,1,0,0.36343634
2,0,1,0.65218854
2,1,1,0.79607993
2,1,1,0.9091518
2,1,1,0.88061017
2,1,1,0.6372536
2,1,1,0.6767586
2,1,0,0.44469002
2,1,1,0.8922598
2,1,1,0.51886225
2,1,1,0.7040203
2,0,0,0.2797038
2,1,1,0.68362963
2,1,1,0.5205598
2,0,0,0.31040978
2,1,0,0.4725914
2,0,1,0.5245948
2,1,1,0.5768153
2,1,1,0.5691695
2,0,0,0.115917854
2,1,1,0.89610523
2,1,1,0.8115809
2,0,0,0.49520043
2,0,0,0.31292927
2,0,0,0.070217386
2,0,0,0.3662187
2,0,1,0.6788044
2,0,1,0.6096242
2,0,1,0.54285705
2,0,1,0.6372873
2,1,1,0.9195311
2,1,0,0.36035877
2,0,1,0.5076327
2,1,1,0.720408
2,1,1,0.8558232
2,1,1,0.7647262
2,0,0,0.24503697
2,1,1,0.5956767
2,1,1,0.74266136
2,0,0,0.42338142
2,1,1,0.8708518
2,0,1,0.562799
2,1,1,0.8052614
2,1,1,0.6621404
2,0,1,0.62742805
2,1,1,0.56250733
2,0,1,0.7760089
2,0,1,0.5287048
2,1,1,0.7428453
2,0,0,0.48253143
2,1,1,0.6750747
2,1,0,0.28247488
2,0,0,0.44431618
2,1,0,0.4448085
2,0,0,0.42596662
2,1,1,0.7936405
2,1,1,0.5690404
2,1,1,0.6897271
2,1,0,0.3956952
2,0,1,0.5823253
2,0,0,0.47707295
2,1,1,0.66488093
2,0,1,0.50135994
2,1,1,0.7104486
2,0,0,0.07737387
2,0,1,0.67768997
2,0,0,0.47913587
2,1,0,0.44837794
2,0,0,0.24508098
2,1,1,0.87663865
2,0,0,0.3654841
2,1,0,0.34746593
2,1,1,0.69183266
2,1,1,0.59204423
2,1,0,0.20433822
2,1,0,0.08827284
2,0,0,0.22449623
2,0,1,0.7203671
2,0,0,0.29117
2,1,0,0.46832722
2,1,0,0.33053705
2,0,0,0.20436475
2,0,1,0.75429463
2,0,1,0.70296127
2,1,0,0.45997745
2,0,0,0.41233328
2,0,1,0.5938725
2,1,1,0.55194014
2,0,1,0.5987451
2,0,0,0.41477656
2,0,1,0.7202666
2,1,1,0.6402615
2,0,1,0.69768214
2,0,0,0.3030836
2,1,1,0.5616499
2,0,0,0.35384056
2,1,0,0.14287625
2,0,0,0.49816668
2,0,0,0.1313352
2,0,0,0.12867391
2,1,1,0.5404385
2,0,1,0.64241874
2,0,0,0.26555255
2,0,0,0.46072963
2,0,0,0.32340643
2,0,1,0.51192814
2,0,0,0.42041856
2,1,1,0.5875004
2,0,0,0.11377177
2,0,0,0.13943529
2,0,0,0.4902778
2,1,1,0.79085124
2,0,0,0.10230965
2,0,0,0.26018965
2,1,1,0.8462038
2,1,0,0.48803777
2,0,1,0.70371175
2,0,0,0.4988192
2,0,0,0.23876601
2,1,1,0.720694
2,1,1,0.77568734
2,1,0,0.35849437
2,0,0,0.33523422
2,0,0,0.25659132
2,1,1,0.7743791
2,1,0,0.3783727
2,1,1,0.6035591
2,0,1,0.5251253
2,0,0,0.2884152
2,0,0,0.2663864
2,0,0,0.49900076
2,1,1,0.7507232
2,0,0,0.23548771
2,1,0,0.2984998
2,1,1,0.56860447
2,0,0,0.2498581
2,1,1,0.6482182
2,1,1,0.8261935
2,0,0,0.09380739
2,0,0,0.3383254
2,1,1,0.55495155
2,0,0,0.4173013
2,1,0,0.49623904
2,0,0,0.4668257
2,1,1,0.6843445
2,1,0,0.392084
2,0,1,0.6374213
2,1,0,0.29969844
2,1,1,0.5004833
2,0,0,0.14534895
2,0,1,0.5972603
2,0,1,0.50155467
2,0,0,0.43202528
2,1,0,0.42947525
2,0,0,0.16563073
2,0,0,0.15241049
2,1,1,0.57016236
2,0,0,0.22553125
2,1,1,0.5169825
2,0,1,0.58465517
2,1,1,0.5718047
2,0,0,0.3751484
2,0,1,0.51782215
2,0,0,0.46390545
2,0,0,0.14722525
2,0,1,0.5051243
2,1,0,0.3269984
2,1,0,0.30198976
2,0,0,0.35781077
2,1,0,0.3859252
2,1,0,0.47423652
2,1,1,0.5103962
2,0,0,0.46324348
2,1,1,0.6055272
2,0,1,0.5058042
2,1,1,0.55452436
2,0,0,0.49958834
2,0,0,0.32690948
2,0,0,0.3998885
2,1,0,0.13164492
2,0,0,0.18287227
2,1,0,0.3664565
2,1,1,0.6290415
2,0,0,0.18641865
2,1,1,0.5376086
2,1,0,0.47407746
2,0,0,0.30531508
2,0,0,0.23198222
2,0,0,0.29651508
2,0,0,0.30361456
2,0,0,0.22678627
2,0,1,0.5427029
2,0,1,0.52503777
2,0,0,0.24898371
2,0,0,0.17609422
2,1,0,0.4430267
2,1,0,0.47840637
2,1,0,0.47616372
2,0,0,0.14831343
2,0,0,0.12828949
2,1,1,0.62733257
2,1,1,0.7027772
2,1,0,0.3389837
2,0,0,0.19094343
2,0,1,0.506949
2,1,0,0.32061046
2,0,0,0.4506709
2,0,0,0.13871975
2,0,0,0.29631996
2,0,0,0.43988633
2,0,1,0.64218
2,0,0,0.40914273
2,0,0,0.1833833
2,0,0,0.065375924
2,0,1,0.6957362
2,0,0,0.20221859
2,0,0,0.3069032
2,0,0,0.495275
2,1,0,0.47455168
2,1,1,0.5389438
2,0,0,0.12973541
2,1,1,0.54112595
2,0,0,0.22560662
2,1,0,0.4613557
2,1,1,0.7015158
2,0,0,0.440535
2,1,1,0.61836064
2,1,0,0.44210225
2,0,0,0.3831518
2,1,1,0.67308176
2,1,0,0.3740119
2,1,1,0.5033343
2,0,0,0.33851135
2,1,1,0.51921034
2,1,1,0.92416626
2,1,1,0.66841096
2,0,1,0.536284
2,0,0,0.31050488
2,0,0,0.4376421
2,0,0,0.23933482
2,0,0,0.3240684
2,0,0,0.40194824
2,0,0,0.21459529
2,0,0,0.4529795
2,1,1,0.8553992
2,0,0,0.45910457
2,1,1,0.6177714
2,1,1,0.74081737
2,1,1,0.55394393
2,1,1,0.5731897
2,1,1,0.68828017
2,0,1,0.5768863
2,0,1,0.7001976
2,1,1,0.64352596
2,0,0,0.30284035
2,0,1,0.5281586
2,0,0,0.37299275
2,1,1,0.6766026
2,0,1,0.62228405
2,0,0,0.33662227
2,0,0,0.23377168
2,1,0,0.34136313
2,1,1,0.69147885
2,0,0,0.44559655
2,0,1,0.60602957
2,0,0,0.49890572
2,0,1,0.6564308
2,1,0,0.27966085
2,1,1,0.5435546
2,0,1,0.5434167
2,0,0,0.36667162
2,0,1,0.6322875
2,1,1,0.6518434
2,0,1,0.5806772
2,0,0,0.45533687
2,1,1,0.67601657
2,1,1,0.72033215
2,0,0,0.33153275
2,1,0,0.45365185
2,0,0,0.46651575
2,1,0,0.43456233
2,1,0,0.332868
2,0,0,0.27772132
2,0,1,0.61427784
2,1,1,0.6981113
2,1,1,0.5388991
2,1,0,0.49813962
2,0,0,0.32364112
2,0,0,0.34179097
2,0,0,0.24078573
2,0,1,0.5113505
2,0,0,0.4297752
2,0,0,0.33477923
2,1,1,0.5099139
2,0,0,0.45248672
2,0,0,0.13108504
2,1,1,0.65635806
2,1,0,0.17996116
2,0,0,0.46219653
2,0,0,0.20976062
2,0,1,0.6386402
2,0,0,0.38317806
2,0,1,0.57636863
2,1,1,0.65289897
2,1,1,0.5691734
2,1,1,0.64607
2,0,0,0.3962827
2,1,0,0.4604721
2,1,0,0.31951803
2,0,0,0.462511
2,1,0,0.49129808
2,1,1,0.6683217
2,0,0,0.4996585
2,0,0,0.39375934
2,1,0,0.39610344
2,0,0,0.30102268
2,1,1,0.76325065
2,1,1,0.5161967
2,0,1,0.5829248
2,1,1,0.7105558
2,1,0,0.3124114
2,0,0,0.2600433
2,0,0,0.20997271
2,1,1,0.5807973
2,0,0,0.17664953
2,0,1,0.68015486
2,1,1,0.6279234
2,0,0,0.37268707
2,0,0,0.36945465
2,0,0,0.46309215
2,0,1,0.68129486
2,1,1,0.57989794
2,1,1,0.92478836
2,1,1,0.71634907
2,1,1,0.5940605
2,0,0,0.24089086
2,1,1,0.5338232
2,1,0,0.38466442
2,1,1,0.50850827
2,1,1,0.55292195
2,1,1,0.52712077
2,1,1,0.7405192
2,1,1,0.65386003
2,0,1,0.58755994
2,0,0,0.34026903
2,0,0,0.26544118
2,1,1,0.5062626
2,1,1,0.5684029
2,0,0,0.38986868
2,1,0,0.4618918
2,0,0,0.20656514
2,0,0,0.10960857
2,0,0,0.20159355
2,0,0,0.15974185
2,1,0,0.21137372
2,1,1,0.69198376
2,0,0,0.13881966
2,1,0,0.30614078
2,1,1,0.580556
2,0,0,0.18886332
2,1,0,0.18834266
2,0,0,0.35203338
2,1,0,0.46646583
2,0,0,0.19917117
2,1,0,0.34058568
2,1,1,0.6093367
2,1,0,0.37797552
2,1,0,0.25230438
2,0,0,0.23615605
2,0,0,0.32255384
2,0,0,0.33165547
2,0,0,0.18364078
2,0,0,0.44819787
2,0,0,0.37534073
2,0,0,0.27573258
2,1,0,0.30210167
2,0,0,0.08204531
2,1,1,0.6191783
2,0,0,0.11950447
2,0,0,0.312647
2,0,0,0.16243619
2,1,0,0.20494312
2,0,0,0.46183133
2,0,0,0.20041154
2,1,0,0.47858974
2,1,0,0.38484976
2,1,1,0.55930233
2,0,0,0.27302557
2,1,0,0.11373656
2,0,1,0.5763817
2,0,0,0.22849232
2,0,0,0.41751146
2,1,1,0.5474755
2,1,0,0.24578865
2,0,0,0.29799017
2,1,0,0.2699739
2,1,0,0.46341303
2,1,0,0.4919647
2,1,0,0.39811727
2,1,1,0.6063897
2,1,0,0.31628636
2,1,1,0.51020074
2,0,0,0.3430899
2,0,0,0.42935202
2,0,1,0.59221613
2,0,0,0.19630075
2,0,0,0.34701183
2,0,0,0.0715738
2,1,1,0.5526253
2,0,0,0.49147886
2,0,0,0.279802
2,0,0,0.2939535
2,0,0,0.08448151
2,0,1,0.66891754
2,0,1,0.5024357
2,1,0,0.41778696
2,0,0,0.29961035
2,0,0,0.27520543
2,1,0,0.24299066
2,0,0,0.25068477
2,0,0,0.077206604
2,0,0,0.09559693
2,0,0,0.40859142
2,0,0,0.36900342
2,0,0,0.3728882
2,0,0,0.2942644
2,1,1,0.7390041
2,0,0,0.22408041
2,1,0,0.31692418
2,0,0,0.40769428
2,0,0,0.077334955
2,1,0,0.43096977
2,0,0,0.4938265
2,0,0,0.25075346
2,0,0,0.3682713
2,1,1,0.5137952
2,0,0,0.27995774
2,0,0,0.33900768
2,0,0,0.33540824
2,0,1,0.5177444
2,0,1,0.6097264
2,0,0,0.36417004
2,0,0,0.046401557
2,0,0,0.19997223
2,1,1,0.72887975
2,1,1,0.62733394
2,1,1,0.72852385
2,1,1,0.57513976
2,0,1,0.6948682
2,1,0,0.19303268
2,1,1,0.5712869
2,0,1,0.6637488
2,1,1,0.68133646
2,0,1,0.6694262
2,0,0,0.25271222
2,0,1,0.54182786
2,1,1,0.604146
2,0,0,0.354233
2,1,1,0.7587651
2,1,1,0.5701363
2,1,0,0.48135403
2,1,0,0.4939063
2,0,0,0.3411889
2,1,0,0.46353194
2,0,0,0.4988907
2,0,1,0.5414773
2,0,0,0.20903936
2,0,0,0.48295218
2,1,1,0.52015334
2,1,0,0.46160632
2,1,1,0.5343773
2,1,1,0.7520763
2,1,0,0.37170568
2,0,0,0.21181957
2,0,0,0.08497421
2,0,0,0.27652568
2,0,1,0.5359443
2,0,0,0.13884608
2,1,0,0.14978513
2,0,0,0.0954516
2,1,0,0.4438939
2,0,0,0.4432079
2,0,0,0.3302618
2,0,0,0.16433717
2,0,0,0.13750847
2,0,0,0.19493501
2,1,0,0.46914268
2,0,0,0.18801945
2,1,0,0.2924124
2,0,0,0.22042546
2,1,1,0.60830647
2,0,0,0.40815848
2,1,0,0.38561216
2,1,0,0.41680047
2,0,1,0.6274715
2,0,1,0.693106
2,0,1,0.50570893
2,0,1,0.51253164
2,1,1,0.5002433
2,1,1,0.7905952
2,0,0,0.25639188
2,1,1,0.6888611
2,0,0,0.4703664
2,1,1,0.5896318
2,1,1,0.6327177
2,0,1,0.57300776
2,1,1,0.69879293
2,1,0,0.49193117
2,0,0,0.13769862
2,0,1,0.53434044
2,1,0,0.48454493
2,0,1,0.59305745
2,0,0,0.28297964
2,1,1,0.62007207
2,1,1,0.5611419
2,1,1,0.66549927
2,1,1,0.55163145
2,1,0,0.43242192
2,0,0,0.4464953
2,0,0,0.35196707
2,1,0,0.41807002
2,0,0,0.30398902
2,0,0,0.36020437
2,0,0,0.101493604
2,0,1,0.63944834
2,0,0,0.19617094
2,0,1,0.59606177
2,1,0,0.47333604
2,0,1,0.6908057
2,1,1,0.72384477
2,1,1,0.721318
2,0,0,0.39840615
2,0,1,0.59810126
2,1,1,0.53733367
2,1,1,0.791499
2,1,1,0.65386415
2,0,0,0.4174506
2,0,0,0.2812172
2,0,0,0.16423538
2,1,1,0.51301277
2,0,0,0.2896621
2,0,1,0.5269917
2,1,1,0.60367984
2,0,0,0.39148054
2,0,0,0.4129652
2,1,1,0.6806576
2,1,1,0.6119369
2,0,0,0.3828759
2,0,0,0.4870113
2,0,0,0.419012
2,0,0,0.43659896
2,0,0,0.23711635
2,0,0,0.42997378
2,1,0,0.26955333
2,0,1,0.5049759
2,1,1,0.80696446
2,1,1,0.7727894
2,0,0,0.45348895
2,0,1,0.6302027
2,1,1,0.6425079
2,0,1,0.526142
2,1,1,0.79854476
2,1,1,0.68219835
2,0,0,0.44494894
2,1,1,0.80106306
2,0,0,0.24974337
2,0,0,0.3761875
2,0,0,0.41324604
2,1,1,0.65886164
2,1,1,0.7516891
2,0,1,0.5536237
2,0,0,0.23593006
2,1,1,0.7221111
2,0,1,0.66473734
2,0,1,0.5057233
2,1,0,0.47833368
2,1,1,0.7511402
2,1,1,0.68572336
2,1,1,0.5963815
2,0,1,0.53319633
2,0,0,0.36836672
2,1,1,0.6017943
2,1,1,0.68536043
2,0,0,0.35846433
2,1,1,0.89575946
2,0,1,0.6274883
2,1,1,0.6494322
2,0,1,0.5851375
2,0,0,0.46834472
2,0,0,0.36799246
2,0,0,0.46875834
2,0,0,0.32509488
2,1,1,0.87739486
2,0,1,0.7949886
2,1,1,0.7695977
2,0,1,0.55312914
2,1,1,0.68639034
2,0,0,0.11973113
2,1,1,0.57915497
2,0,1,0.7942047
2,0,0,0.4001178
2,0,0,0.4683447
2,0,0,0.4325588
2,0,0,0.41750982
2,0,1,0.55994284
2,1,1,0.5599567
2,0,0,0.24626353
2,0,0,0.32745427
2,1,0,0.4580525
2,1,1,0.51210433
2,1,1,0.5868659
2,0,1,0.5016275
2,1,1,0.5969966
2,0,0,0.3620549
2,0,1,0.54685456
2,0,1,0.61172044
2,1,1,0.8195693
2,1,1,0.60553217
2,0,1,0.6428986
2,0,1,0.7060292
2,1,1,0.6068691
2,1,1,0.6065235
2,1,1,0.7927112
2,0,0,0.499637
3,1,1,0.8663402
3,0,1,0.5305004
3,0,0,0.4683655
3,1,0,0.4295749
3,0,1,0.70375246
3,1,0,0.47527257
3,1,0,0.28276703
3,0,0,0.34109464
3,1,1,0.5541034
3,0,0,0.3357287
3,0,0,0.44704875
3,0,1,0.5387524
3,0,0,0.4101027
3,1,0,0.48267543
3,0,0,0.37186
3,1,1,0.75958544
3,0,1,0.6647918
3,1,1,0.544735
3,1,1,0.6011132
3,0,1,0.5981261
3,0,0,0.37367994
3,1,0,0.49196047
3,0,1,0.8088945
3,0,0,0.3894911
3,0,0,0.32350272
3,0,0,0.39623836
3,1,1,0.6528365
3,1,1,0.78925997
3,1,1,0.68654627
3,0,1,0.5354368
3,0,0,0.3726764
3,1,1,0.6226571
3,1,0,0.41007307
3,0,0,0.4373892
3,0,0,0.48480064
3,1,1,0.74984646
3,1,0,0.49845806
3,0,0,0.44380218
3,0,0,0.24022408
3,1,0,0.48051366
3,0,0,0.13335976
3,1,1,0.9743969
3,0,1,0.51604164
3,0,1,0.66836727
3,1,1,0.7731111
3,1,1,0.75212485
3,0,1,0.68879724
3,0,1,0.81897926
3,1,1,0.5846277
3,0,0,0.2733089
3,1,1,0.7599058
3,0,1,0.77537656
3,0,0,0.4568128
3,0,0,0.3348341
3,0,0,0.29853258
3,1,0,0.36072737
3,0,0,0.17558935
3,0,0,0.15508227
3,1,1,0.5528377
3,1,1,0.7275194
3,1,0,0.24444705
3,1,0,0.1160957
3,1,1,0.7816435
3,0,1,0.54017264
3,1,0,0.22880228
3,1,1,0.79292077
3,0,0,0.35780117
3,0,1,0.57333434
3,0,0,0.4320138
3,1,1,0.612525
3,0,0,0.36568466
3,0,1,0.6413707
3,0,1,0.5416415
3,1,0,0.41595176
3,1,0,0.4222306
3,0,1,0.57946265
3,1,0,0.34455466
3,0,1,0.5475792
3,0,0,0.3921536
3,1,0,0.40662032
3,0,0,0.36493096
3,0,0,0.1654899
3,0,0,0.4422126
3,0,1,0.6038324
3,1,1,0.6061642
3,1,0,0.42866504
3,1,1,0.8740239
3,1,1,0.721979
3,0,1,0.7013511
3,1,1,0.52637404
3,1,1,0.58192915
3,0,0,0.4010153
3,1,0,0.39588764
3,0,0,0.48915935
3,0,0,0.42965797
3,0,0,0.36609092
3,1,1,0.6148337
3,0,1,0.6158243
3,0,0,0.48422214
3,0,1,0.5402998
3,1,1,0.73613536
3,0,0,0.4952546
3,1,1,0.7322466
3,0,1,0.56741095
3,1,1,0.5661223
3,1,1,0.6267714
3,1,1,0.54813266
3,1,0,0.49857256
3,0,0,0.45132864
3,1,1,0.74367315
3,0,0,0.20830157
3,1,1,0.5449827
3,1,0,0.26228607
3,0,1,0.66270787
3,0,0,0.2865824
3,0,0,0.31517726
3,0,1,0.5346
3,1,1,0.85966647
3,0,1,0.83340466
3,1,1,0.6975885
3,0,1,0.5929061
3,0,0,0.44359007
3,0,1,0.5592293
3,0,1,0.6808219
3,0,1,0.63873976
3,0,0,0.27828413
3,1,1,0.8467158
3,0,1,0.5947559
3,1,1,0.6115756
3,1,1,0.6209944
3,1,1,0.5161333
3,1,1,0.8954131
3,0,1,0.67171305
3,1,1,0.534755
3,1,1,0.80110633
3,0,0,0.4606228
3,0,1,0.7510973
3,1,1,0.6847139
3,0,1,0.8237301
3,1,0,0.3031203
3,1,1,0.74235016
3,0,1,0.6146412
3,1,1,0.6011763
3,0,1,0.59699315
3,0,1,0.55573815
3,1,0,0.38023323
3,0,1,0.5009123
3,0,0,0.4591602
3,1,1,0.70549345
3,1,0,0.45807156
3,1,0,0.25718144
3,0,1,0.6182774
3,1,1,0.59964305
3,0,0,0.47449785
3,0,0,0.20815653
3,1,1,0.7475839
3,0,0,0.4223979
3,1,0,0.29671353
3,0,0,0.34135476
3,1,1,0.5278575
3,1,0,0.4415501
3,1,0,0.4948323
3,0,0,0.42008904
3,1,1,0.5326247
3,0,0,0.37712833
3,0,0,0.23041597
3,1,1,0.5111449
3,0,0,0.43273273
3,0,0,0.40968814
3,0,0,0.35778952
3,1,1,0.79498196
3,0,0,0.35781252
3,0,0,0.19233559
3,1,1,0.50081
3,1,0,0.47093192
3,0,0,0.2335379
3,1,1,0.57505834
3,0,0,0.24900335
3,1,1,0.5717881
3,0,0,0.36132184
3,0,1,0.6676663
3,0,1,0.76510024
3,1,1,0.791644
3,0,0,0.26678467
3,0,0,0.46761546
3,0,0,0.3465132
3,1,1,0.5654586
3,0,0,0.26236072
3,1,1,0.7063778
3,0,0,0.287944
3,1,1,0.6155892
3,1,1,0.6579761
3,0,0,0.18751493
3,0,1,0.52508724
3,0,0,0.4663231
3,1,0,0.45214576
3,1,0,0.4640639
3,1,0,0.43393221
3,0,0,0.33958155
3,1,1,0.7890416
3,0,1,0.65527284
3,1,0,0.2991167
3,0,0,0.26965752
3,1,1,0.8129362
3,1,1,0.71526194
3,1,0,0.47193488
3,1,0,0.43517855
3,1,1,0.6107826
3,1,1,0.7418079
3,1,1,0.7544512
3,0,1,0.84822273
3,0,1,0.56103
3,1,1,0.5088872
3,0,0,0.49083796
3,0,0,0.35390526
3,1,1,0.6024225
3,1,1,0.5146144
3,1,0,0.4914489
3,0,0,0.3492961
3,1,1,0.8508204
3,1,1,0.69297785
3,0,0,0.37285453
3,0,0,0.18793732
3,0,0,0.23538426
3,1,1,0.74503833
3,0,0,0.42021412
3,1,0,0.44793516
3,1,1,0.5796785
3,0,1,0.5881706
3,0,0,0.10242663
3,1,1,0.8411914
3,0,1,0.6042904
3,0,0,0.31818584
3,1,1,0.79763
3,1,1,0.74926555
3,0,1,0.8283906
3,0,1,0.7943224
3,1,1,0.6942064
3,1,1,0.9210292
3,1,1,0.7797335
3,1,1,0.94015056
3,0,1,0.7172548
3,0,1,0.5743198
3,0,1,0.6000899
3,1,1,0.8574051
3,1,1,0.5041118
3,0,0,0.4849405
3,0,0,0.34075806
3,1,0,0.4447665
3,0,0,0.37253487
3,0,1,0.59811366
3,1,0,0.420082
3,0,0,0.4829596
3,0,0,0.44939098
3,1,1,0.89808494
3,0,0,0.43124154
3,1,0,0.31435612
3,1,0,0.40320408
3,0,0,0.23127316
3,1,0,0.45947477
3,0,0,0.47392115
3,0,1,0.5223827
3,1,1,0.5423876
3,0,0,0.05973194
3,0,1,0.6502014
3,1,0,0.08930393
3,0,1,0.5576697
3,0,0,0.18352468
3,0,1,0.50219464
3,1,1,0.6275547
3,0,1,0.7410555
3,0,1,0.6403779
3,1,0,0.40649277
3,0,0,0.33076543
3,0,0,0.1374739
3,1,1,0.67988855
3,0,0,0.15019849
3,1,1,0.63003516
3,0,0,0.15228814
3,1,0,0.41638002
3,1,1,0.64402246
3,1,1,0.833014
3,1,0,0.25291443
3,0,0,0.20504446
3,0,1,0.54570425
3,0,1,0.8033735
3,1,1,0.70268756
3,0,0,0.23683515
3,0,0,0.30058953
3,1,1,0.76789594
3,1,0,0.37593982
3,1,0,0.21065988
3,1,0,0.24525377
3,1,0,0.4759788
3,0,0,0.25624064
3,0,1,0.58472174
3,1,1,0.6595015
3,0,0,0.16260253
3,1,0,0.48358476
3,0,0,0.14810969
3,0,1,0.82981086
3,1,0,0.35691977
3,0,1,0.5133941
3,1,1,0.7795968
3,1,0,0.47189462
3,0,0,0.1886168
3,1,1,0.6360032
3,0,1,0.7823686
3,1,1,0.9686602
3,1,1,0.74772185
3,1,1,0.7797859
3,1,0,0.31590766
3,1,1,0.6385237
3,1,1,0.7661898
3,1,1,0.72280085
3,0,0,0.29533634
3,1,1,0.63638896
3,0,0,0.08911833
3,0,0,0.2971247
3,1,1,0.57019424
3,0,1,0.58831686
3,1,1,0.55929697
3,0,0,0.280197
3,0,0,0.40250793
3,1,1,0.5237042
3,0,0,0.38296676
3,0,0,0.47657627
3,0,0,0.30440712
3,0,1,0.62218595
3,0,0,0.16404003
3,1,1,0.59695494
3,1,1,0.56949705
3,1,1,0.60892385
3,0,0,0.39583448
3,0,0,0.40661162
3,1,1,0.6216136
3,1,1,0.55844915
3,1,1,0.64822304
3,1,1,0.6484588
3,1,1,0.5933818
3,0,1,0.6658248
3,0,0,0.48683208
3,1,1,0.90314287
3,1,1,0.67258126
3,0,0,0.46290228
3,0,1,0.538392
3,1,1,0.5396433
3,1,1,0.61490995
3,0,1,0.63623923
3,0,0,0.34434107
3,0,1,0.80397606
3,1,0,0.49335414
3,1,1,0.64245194
3,0,1,0.7696721
3,0,0,0.37999085
3,1,1,0.5321167
3,0,0,0.4409912
3,0,0,0.45919862
3,1,1,0.5579386
3,0,0,0.49677715
3,1,1,0.55787283
3,0,1,0.6717476
3,1,1,0.80224437
3,1,1,0.77919257
3,1,1,0.6423436
3,1,1,0.5014804
3,0,0,0.45533687
3,1,0,0.48344833
3,0,0,0.24442504
3,1,0,0.21474066
3,1,0,0.4831899
3,0,0,0.33393133
3,1,1,0.5713545
3,0,0,0.3501715
3,1,1,0.61263764
3,0,1,0.5512228
3,0,1,0.51196265
3,0,0,0.48019668
3,0,0,0.33106762
3,0,0,0.37173837
3,0,0,0.47121203
3,0,0,0.39269236
3,0,1,0.55318564
3,1,1,0.8968242
3,0,0,0.368899
3,1,1,0.526104
3,1,1,0.5195961
3,0,0,0.40605327
3,0,0,0.32578164
3,1,0,0.47510764
3,1,1,0.5758385
3,0,1,0.6971865
3,0,0,0.30963075
3,0,1,0.8323726
3,1,0,0.4323965
3,0,1,0.51468945
3,0,1,0.60096645
3,1,0,0.44252902
3,0,0,0.10810932
3,1,0,0.43771327
3,0,1,0.53976464
3,1,1,0.79602104
3,1,1,0.5422521
3,0,1,0.58599335
3,1,0,0.34439602
3,1,0,0.48380703
3,0,0,0.48743343
3,1,0,0.36269867
3,0,0,0.36197603
3,1,1,0.7252089
3,0,1,0.6959985
3,0,0,0.2839201
3,1,0,0.36250854
3,1,1,0.69147277
3,0,0,0.2007639
3,0,0,0.21961243
3,1,1,0.6007657
3,1,1,0.50906104
3,0,1,0.5332634
3,0,0,0.4888171
3,1,0,0.24394663
3,0,0,0.47601205
3,0,0,0.26924425
3,1,1,0.6039113
3,1,1,0.66920686
3,1,1,0.6793322
3,0,0,0.48591566
3,1,1,0.582623
3,0,0,0.35417762
3,1,1,0.5258781
3,0,0,0.43972936
3,0,0,0.367313
3,0,0,0.45834002
3,0,0,0.43621278
3,0,1,0.66024995
3,1,1,0.6148874
3,0,1,0.54571635
3,1,1,0.53357196
3,1,1,0.5565022
3,0,0,0.36097386
3,1,1,0.980754
3,1,1,0.5994043
3,1,1,0.6499398
3,0,1,0.6204486
3,1,1,0.6750592
3,0,0,0.3557194
3,1,1,0.8274621
3,0,0,0.42975548
3,1,1,0.69646245
3,0,1,0.7023299
3,0,0,0.31971464
3,0,1,0.68606377
3,0,1,0.73743194
3,0,0,0.4896329
3,1,1,0.6960506
3,1,1,0.5789061
3,1,1,0.78091633
3,0,1,0.56630796
3,0,1,0.5411739
3,1,1,0.54235286
3,1,1,0.6536106
3,0,0,0.4093693
3,0,1,0.71892136
3,1,1,0.7174885
3,0,0,0.47773165
3,1,1,0.61971074
3,0,1,0.75939107
3,1,1,0.88442224
3,0,1,0.70127016
3,1,1,0.7948021
3,1,1,0.5982895
3,0,0,0.43742508
3,0,0,0.38408434
3,1,1,0.8485022
3,0,0,0.3469704
3,0,1,0.6788659
3,1,1,0.5419842
3,1,0,0.479827
3,1,0,0.4378162
3,0,0,0.36757907
3,0,0,0.28505746
3,1,1,0.5126314
3,0,0,0.07897575
3,0,1,0.60922056
3,1,0,0.36646876
3,0,0,0.3490135
3,0,0,0.17911884
3,1,0,0.21839097
3,1,0,0.15216956
3,0,0,0.35946807
3,1,0,0.33827195
3,1,0,0.49668708
3,0,0,0.34937048
3,1,0,0.45745754
3,0,0,0.37655038
3,0,0,0.37479833
3,0,0,0.10919076
3,0,0,0.40766677
3,0,1,0.73539513
3,0,0,0.36431998
3,1,0,0.2089086
3,1,1,0.76766557
3,0,0,0.42247677
3,0,0,0.1607367
3,0,0,0.34689635
3,0,0,0.47954804
3,0,0,0.2984325
3,0,0,0.22394215
3,0,0,0.40508258
3,0,0,0.46472377
3,1,0,0.39203915
3,1,0,0.40064263
3,0,0,0.31404328
3,1,1,0.506524
3,0,0,0.12397434
3,0,0,0.19277881
3,1,1,0.77971053
3,1,1,0.84948325
3,0,0,0.23695856
3,1,1,0.65509963
3,1,1,0.5429034
3,1,1,0.7733085
3,1,1,0.5755354
3,1,1,0.8387473
3,1,1,0.70937407
3,0,0,0.47885412
3,0,1,0.7500638
3,1,1,0.58593476
3,0,1,0.64615947
3,0,0,0.07701247
3,1,1,0.8757231
3,0,1,0.5158154
3,1,1,0.83571935
3,1,1,0.7251971
3,1,1,0.6661721
3,1,1,0.64100426
3,1,1,0.7581808
3,0,0,0.44822234
3,0,1,0.6943263
3,0,0,0.2724537
3,0,1,0.9376847
3,1,1,0.7694665
3,1,1,0.74560595
3,0,0,0.17967744
3,0,0,0.4759724
3,1,1,0.7041527
3,1,1,0.6549884
3,1,1,0.7769805
3,0,0,0.06981134
3,1,1,0.6716435
3,1,1,0.8967777
3,1,1,0.90423167
3,1,0,0.3489934
3,1,1,0.8932203
3,1,1,0.892726
3,1,1,0.70384794
3,0,1,0.52566886
3,0,0,0.2612575
3,0,1,0.5743198
3,1,1,0.8530096
3,1,1,0.6664233
3,1,1,0.5570065
3,0,1,0.514158
3,1,1,0.60870486
3,1,0,0.35607564
3,1,0,0.48834455
3,1,1,0.72082984
3,1,1,0.67665946
3,0,1,0.72244114
3,0,1,0.5069625
3,0,0,0.48397097
3,0,1,0.5818181
3,1,1,0.5869148
3,0,1,0.6818618
3,1,1,0.6389712
3,0,1,0.5413279
3,0,1,0.69820964
3,0,1,0.67951155
3,0,0,0.29293716
3,0,0,0.4781962
3,1,1,0.65707797
3,1,1,0.6989504
3,0,1,0.5061303
3,1,0,0.40266272
3,1,0,0.30793077
3,1,0,0.3765132
3,0,1,0.669354
3,0,1,0.62270254
3,0,1,0.5184482
3,0,0,0.100470856
3,1,1,0.70435965
3,0,0,0.20721121
3,0,1,0.5925523
3,0,1,0.5229753
3,1,1,0.51780033
3,1,1,0.66501164
3,1,1,0.65166545
3,0,0,0.45058995
3,0,0,0.4493896
3,1,0,0.44090882
3,1,1,0.8443473
3,0,0,0.42396435
3,1,1,0.9138159
3,1,0,0.47361568
3,0,0,0.36484954
3,0,0,0.4215283
3,0,0,0.3669736
3,1,1,0.8464847
3,0,1,0.772827
3,1,0,0.27177954
3,1,0,0.37085614
3,1,0,0.47662932
3,1,1,0.77521527
3,0,0,0.3952456
3,0,1,0.50822407
3,1,1,0.7760686
3,1,1,0.5406125
3,0,0,0.3331917
3,1,1,0.87384
3,1,1,0.5404523
3,0,1,0.7691309
3,1,1,0.52144957
3,1,1,0.72853166
3,1,1,0.5795403
3,1,1,0.66437906
3,0,1,0.719116
3,1,1,0.5385449
3,0,1,0.70758647
3,0,0,0.4942556
3,0,0,0.050561417
3,0,1,0.53449404
3,0,1,0.6136483
3,0,0,0.18893097
3,0,0,0.2827265
3,1,1,0.5857238
3,1,0,0.4075889
3,0,0,0.39232844
3,0,0,0.15320177
3,0,1,0.6847082
3,1,0,0.44402224
3,1,1,0.67686826
3,0,1,0.5155114
3,0,0,0.3192359
3,1,1,0.80758387
3,0,0,0.18497887
3,1,0,0.43381515
3,1,0,0.20669855
3,1,1,0.54247636
3,1,1,0.7112152
3,0,0,0.31219822
3,0,0,0.39915186
3,0,0,0.08596516
3,0,1,0.59286016
3,0,1,0.5212721
3,0,0,0.17305723
3,0,1,0.5077689
3,1,1,0.55086637
3,0,0,0.40590608
3,1,1,0.7139376
3,0,1,0.64814514
3,0,0,0.36644837
3,1,1,0.6401741
3,0,0,0.38492444
3,1,1,0.7053925
3,1,1,0.82028913
3,1,1,0.5145673
3,1,1,0.587456
3,0,1,0.5006456
3,0,0,0.4065356
3,0,1,0.5041241
3,1,1,0.6785523
3,0,1,0.51464283
3,0,1,0.718413
3,0,0,0.16307178
3,1,1,0.6847804
3,1,1,0.68421686
3,0,0,0.46019128
3,0,1,0.5832673
3,0,0,0.24801223
3,1,1,0.9337193
3,1,1,0.8329866
3,1,1,0.74745524
3,0,0,0.4242804
3,1,0,0.413693
3,0,1,0.6277239
3,0,1,0.53721356
3,1,1,0.7112517
3,0,1,0.5409162
3,1,0,0.47564346
3,0,0,0.34580377
3,1,1,0.7998289
3,1,1,0.63454413
3,0,0,0.3377001
3,1,1,0.53214455
3,0,1,0.70026046
3,1,0,0.41396406
3,0,1,0.5371015
3,0,0,0.14950544
3,0,1,0.59777164
3,1,0,0.47417465
3,0,0,0.31959385
3,1,1,0.71223736
3,0,0,0.12130122
3,0,1,0.5335098
3,1,1,0.80963594
3,0,1,0.760131
3,1,1,0.77897346
3,1,0,0.49143833
3,0,0,0.16058141
3,1,0,0.42717865
3,1,1,0.6609386
3,1,0,0.45430368
3,0,0,0.31917986
3,1,1,0.5973017
3,0,0,0.26243213
3,0,1,0.69227934
3,1,0,0.32994738
3,0,0,0.14915976
3,1,0,0.46619767
3,1,1,0.8340742
3,0,1,0.54561174
3,1,0,0.40688986
3,1,1,0.58915544
3,1,1,0.7886209
3,0,0,0.3936273
3,1,1,0.5153266
3,0,1,0.5988559
3,0,1,0.61801773
3,0,1,0.52765775
3,1,1,0.86796594
3,1,1,0.8016595
3,0,0,0.3735316
3,0,0,0.2015187
3,1,1,0.6403663
3,0,0,0.26855367
3,1,1,0.5390914
3,1,1,0.7630214
3,0,0,0.12326861
3,1,1,0.68810314
3,1,1,0.55871564
3,0,1,0.91957915
3,0,0,0.46285453
3,0,1,0.6771213
3,1,0,0.26606432
3,1,1,0.68175876
3,1,0,0.44970056
3,1,1,0.6462089
3,0,1,0.8449345
3,1,1,0.6951759
3,0,1,0.5614376
3,1,0,0.4380711
3,0,1,0.66778326
3,1,1,0.76017755
3,1,1,0.88071835
3,0,0,0.42834538
3,0,0,0.304654
3,0,0,0.2677901
3,1,1,0.58440983
3,1,1,0.81928194
3,1,1,0.6863247
3,1,1,0.7886967
3,1,1,0.7025585
3,0,0,0.21876532
3,0,0,0.47545615
3,1,1,0.7312606
3,1,1,0.6210661
3,1,1,0.6910129
3,0,0,0.11966959
3,0,0,0.240267
3,0,1,0.75175565
3,1,1,0.92784166
3,1,1,0.69107336
3,0,0,0.42240462
3,0,1,0.5353052
3,0,1,0.5884576
3,0,0,0.38862908
3,1,1,0.5491065
3,1,0,0.3972779
3,0,0,0.3412211
3,0,0,0.4782194
3,1,1,0.5342394
3,1,1,0.7475287
3,0,1,0.6072342
3,1,1,0.80694735
3,1,0,0.31267226
3,0,1,0.57769203
3,0,0,0.43066928
3,0,1,0.91989934
3,0,1,0.71735096
3,1,1,0.6852808
3,1,1,0.6975499
3,0,0,0.27804908
3,1,1,0.7286828
3,1,1,0.8805914
3,1,1,0.82274187
3,0,0,0.13962662
3,1,1,0.81473315
3,1,1,0.8923793
3,1,1,0.95234346
3,0,0,0.44450355
3,1,1,0.6348363
3,0,1,0.5120609
3,1,1,0.750263
3,0,1,0.5676549
3,1,1,0.71825904
3,1,1,0.76648015
3,1,1,0.5221141
3,0,1,0.6408422
3,0,1,0.54221624
3,0,0,0.24624567
3,1,1,0.690389
3,1,1,0.7726724
3,0,0,0.39846265
3,0,0,0.39655355
3,0,0,0.36561048
3,0,0,0.41249982
3,1,1,0.7757933
3,1,1,0.6841838
3,1,0,0.20641682
3,0,0,0.48437232
3,0,1,0.62525696
3,1,1,0.5079228
3,0,1,0.7654989
3,0,0,0.34067592
3,0,0,0.09680064
3,1,0,0.42621553
3,1,1,0.9421624
3,1,0,0.41563234
3,0,0,0.3267087
3,1,1,0.65260994
3,0,0,0.3765638
3,1,1,0.6667347
3,0,0,0.3057644
3,1,1,0.6981518
3,0,1,0.5020338
3,1,1,0.74475074
3,1,1,0.66565996
3,1,1,0.7971872
3,0,1,0.5122589
3,0,0,0.46250007
3,0,0,0.4421933
3,0,0,0.21003999
3,1,1,0.55524576
3,0,1,0.586483
3,0,1,0.67887104
3,1,1,0.7837931
3,1,1,0.7784117
3,1,1,0.8541053
3,0,1,0.6330117
3,1,1,0.5603561
3,1,0,0.48182523
3,0,0,0.24293093
3,0,0,0.35671383
3,0,0,0.38426104
3,0,0,0.3554698
3,1,1,0.51994795
3,0,1,0.6298608
3,1,1,0.85030144
3,0,0,0.18936157
3,1,0,0.4033606
3,1,1,0.66119236
3,1,0,0.3566736
3,1,1,0.7378823
3,0,0,0.25671715
3,1,1,0.5789326
3,0,1,0.66539055
3,0,0,0.46019128
3,0,1,0.5832673
3,0,0,0.25965324
3,0,1,0.50100446
3,1,0,0.43932083
3,0,1,0.77708226
3,1,1,0.5034054
3,1,1,0.7032596
3,1,1,0.57005316
3,0,1,0.51047754
3,0,0,0.48379064
3,0,0,0.36514795
3,0,1,0.580917
3,0,0,0.25295419
3,1,0,0.1272481
3,1,0,0.38235262
3,0,1,0.5989256
3,0,1,0.6199644
3,0,0,0.13486238
3,0,0,0.13876767
3,1,0,0.15202451
3,1,1,0.52536505
3,0,0,0.4182527
3,1,0,0.47833782
3,1,0,0.47549215
3,1,1,0.5750688
3,0,0,0.369105
3,0,0,0.32095122
3,1,0,0.49164474
3,1,1,0.55130684
3,0,1,0.6081988
3,0,0,0.28883278
3,1,0,0.38209894
3,0,0,0.25256705
3,1,1,0.5279542
3,1,0,0.28789285
3,1,0,0.39971352
3,0,0,0.3187458
3,0,1,0.5015075
3,0,0,0.41774666
3,0,1,0.54738456
3,1,1,0.5022949
3,0,1,0.56789356
3,1,0,0.36047217
3,0,0,0.46147552
3,0,1,0.56048757
3,0,0,0.14110923
3,1,1,0.9609571
3,0,0,0.4615823
3,1,0,0.42077252
3,1,1,0.6158085
3,1,1,0.6857377
3,1,1,0.64226425
3,0,1,0.6715803
3,1,1,0.7021496
3,1,1,0.6770758
3,0,1,0.5651546
3,0,1,0.6386809
3,0,0,0.4396658
3,1,1,0.9075654
3,1,1,0.6720127
3,1,1,0.50049716
3,0,0,0.3866851
3,1,1,0.84872097
3,0,0,0.3020901
3,0,0,0.4201268
3,0,0,0.49382934
3,0,0,0.23845135
3,1,0,0.2832585
3,0,0,0.4535854
3,0,0,0.49305156
3,0,0,0.28375226
3,1,0,0.4389125
3,1,0,0.43260017
3,1,1,0.9010769
3,1,1,0.518068
3,1,1,0.7502499
3,1,1,0.7451166
3,0,0,0.3787455
3,0,1,0.58971936
3,1,1,0.58898383
3,1,1,0.648738
3,1,1,0.6739641
3,1,1,0.6190286
3,0,0,0.2132848
3,1,1,0.6539765
3,0,1,0.54466134
3,0,1,0.637994
3,0,0,0.23502
3,0,1,0.6713991
3,0,1,0.62277603
3,0,0,0.49342138
3,0,1,0.59760433
3,1,1,0.8556263
3,1,1,0.55369174
3,0,0,0.25664008
3,0,0,0.49916822
3,1,1,0.65360594
3,1,0,0.24405612
3,1,1,0.5265681
3,1,1,0.70078576
3,0,0,0.27512798
3,1,1,0.85077953
3,0,0,0.18412517
3,0,0,0.16381797
3,0,1,0.57925314
3,0,0,0.4260936
3,1,1,0.7401628
3,1,0,0.21604377
3,0,0,0.395921
3,0,1,0.52103645
3,1,1,0.9036099
3,1,1,0.55690455
3,0,1,0.6581589
3,0,0,0.21335506
3,1,1,0.79730016
3,1,1,0.58898383
3,1,1,0.57714903
3,0,1,0.8695106
3,0,1,0.76123047
3,0,0,0.3438296
3,0,0,0.3926641
3,1,0,0.18031614
3,0,0,0.4832073
3,0,0,0.32185403
3,1,1,0.6399579
3,0,1,0.62382424
3,1,1,0.89003015
3,1,1,0.8757791
3,1,1,0.6084623
3,0,0,0.4337831
3,0,0,0.24866296
3,1,1,0.8201232
3,1,1,0.60407287
3,0,0,0.12386555
3,0,1,0.6850113
3,0,0,0.17147468
3,1,1,0.8861938
3,0,0,0.3889427
3,0,1,0.6087435
3,1,1,0.65277016
3,1,1,0.5865504
3,1,1,0.50948876
3,0,0,0.4735167
3,1,1,0.65350425
3,1,1,0.56849617
3,1,0,0.46592355
3,1,0,0.41518986
3,0,0,0.38086936
3,0,1,0.5159205
3,1,1,0.8046865
3,0,0,0.4191166
3,0,1,0.6202294
3,0,0,0.27170584
3,1,1,0.7524686
3,1,1,0.5386209
3,0,0,0.48989066
3,0,0,0.17231862
3,1,1,0.6158035
3,0,0,0.20696323
3,1,1,0.68100476
3,0,1,0.5635571
3,0,1,0.64185387
3,0,0,0.37553367
3,1,1,0.62137496
3,0,0,0.26054302
3,1,1,0.8426284
3,1,0,0.47533163
3,1,1,0.7826776
3,1,1,0.62827724
3,1,0,0.4857043
3,0,0,0.36199266
3,0,0,0.40116504
3,1,0,0.45127755
3,0,1,0.70268786
3,0,1,0.6270899
3,0,0,0.40746504
3,0,1,0.64596546
3,1,1,0.7185643
3,1,1,0.79962486
3,1,1,0.5685351
3,0,0,0.3859699
3,0,1,0.525496
3,0,1,0.83266133
3,0,0,0.46299082
3,1,0,0.32479542
3,1,1,0.83296335
3,0,0,0.34116668
3,0,0,0.35973808
3,1,1,0.70339483
3,0,0,0.3859105
3,1,0,0.43175635
3,1,1,0.7528624
3,0,0,0.29837072
3,0,1,0.6767988
3,0,0,0.31487387
3,1,1,0.527473
3,1,1,0.6576546
3,0,1,0.6292645
3,0,0,0.04738154
3,0,0,0.06369236
3,1,1,0.8137641
3,0,0,0.14616823
3,0,0,0.4065992
3,1,1,0.7214252
3,1,1,0.6436883
3,1,1,0.97673815
3,1,1,0.73487955
3,1,1,0.8616796
3,0,0,0.47326824
3,1,1,0.81873345
3,1,1,0.8523609
3,0,0,0.4155763
3,0,1,0.6427081
3,0,1,0.69985926
3,0,0,0.27521163
3,1,1,0.80707574
3,1,1,0.75828815
3,0,1,0.7761739
3,0,0,0.42018837
3,0,1,0.7622485
3,0,1,0.6783502
3,0,0,0.35007092
3,0,0,0.25271618
3,0,0,0.44809058
3,0,0,0.12193935
3,0,0,0.43185207
3,0,0,0.08094957
3,0,0,0.44748667
3,0,0,0.16444337
3,0,0,0.18771403
3,0,0,0.22786406
3,1,0,0.39196283
3,1,1,0.8376253
3,1,0,0.47812888
3,1,1,0.69461703
3,1,1,0.70455664
3,1,1,0.65193814
3,1,0,0.20110688
3,1,0,0.49267632
3,1,1,0.9128205
3,1,1,0.744301
3,1,1,0.6340013
3,0,1,0.66392344
3,0,1,0.50675714
3,1,1,0.7309414
3,0,0,0.43986544
3,0,0,0.20892747
3,0,0,0.21642634
3,1,1,0.56152546
3,0,1,0.5248926
3,1,1,0.55311847
3,0,1,0.6192255
3,1,1,0.8007845
3,1,1,0.70515245
3,0,0,0.38653007
3,0,0,0.24472307
3,0,1,0.67599756
3,0,0,0.08568286
3,1,1,0.7660763
3,1,1,0.66784775
3,0,0,0.27893502
3,0,0,0.39561805
3,0,0,0.4167863
3,0,1,0.590029
3,1,0,0.3303965
3,1,1,0.5170432
3,1,1,0.8522664
3,1,1,0.9131674
3,1,1,0.5681253
3,0,1,0.5736771
3,1,1,0.74123144
3,0,0,0.35972267
3,0,0,0.16735308
3,0,1,0.6014637
3,1,0,0.47974542
3,1,1,0.8113305
3,0,1,0.6134328
3,1,1,0.7439719
3,1,0,0.47152925
3,1,0,0.35601184
3,0,1,0.6938529
3,1,1,0.65716493
3,0,0,0.3175627
3,0,1,0.7360655
3,0,0,0.2607671
3,0,1,0.6932423
3,1,1,0.80776113
3,1,0,0.41836315
3,1,1,0.7018493
3,1,1,0.53565645
3,0,1,0.6416483
3,0,1,0.7206471
3,1,1,0.58536017
3,0,1,0.52187216
3,1,1,0.8307782
3,1,1,0.8061982
3,1,0,0.4706488
3,1,1,0.6490712
3,1,1,0.6609043
3,1,1,0.8115941
3,0,1,0.5048371
3,0,0,0.4626816
3,0,0,0.42778915
3,1,1,0.69545907
3,1,1,0.6524383
3,1,1,0.5921466
3,0,0,0.40531778
3,1,1,0.77619934
3,1,1,0.6508397
3,0,1,0.7122841
3,0,1,0.6112053
3,0,1,0.59767073
3,0,1,0.6484277
3,1,1,0.79322076
3,1,1,0.7287403
3,0,1,0.53478634
3,1,1,0.8785407
3,1,0,0.38758674
3,1,1,0.8115827
3,1,0,0.35204947
3,0,0,0.29929316
3,0,0,0.37678054
3,1,1,0.5043227
3,0,1,0.5792733
3,0,0,0.25576067
3,0,0,0.17632228
3,0,0,0.29030514
3,0,0,0.17597744
3,0,1,0.58679247
3,1,1,0.8289662
3,1,1,0.6132441
3,0,1,0.79561514
3,0,0,0.24653894
3,1,1,0.7708131
3,1,1,0.83867747
3,1,0,0.498327
3,0,0,0.21886207
3,0,0,0.15162046
3,0,1,0.55203295
3,0,1,0.62389797
3,1,1,0.558128
3,0,1,0.5845868
3,0,0,0.36953324
3,0,1,0.84752566
3,0,0,0.2086414
3,1,1,0.503042
3,0,0,0.13674258
3,0,0,0.31038582
3,1,1,0.69814205
3,1,1,0.5215947
3,0,0,0.4783419
3,0,1,0.52408624
3,1,1,0.8219688
3,0,0,0.3279595
3,1,1,0.6668719
3,1,1,0.5497119
3,1,1,0.56591636
3,1,0,0.4056538
3,1,1,0.8813901
3,1,0,0.48285463
3,0,1,0.65797454
3,0,0,0.3827217
3,0,1,0.67805934
3,0,0,0.13419929
3,0,0,0.38386023
3,0,0,0.3700586
3,1,1,0.52839214
3,1,1,0.8126543
3,1,0,0.48466888
3,0,0,0.23446265
3,1,0,0.48650253
3,0,0,0.037871964
3,1,1,0.7528809
3,1,1,0.50481135
3,1,1,0.6615078
3,1,1,0.85867
3,0,0,0.29410365
3,1,1,0.76059574
3,0,0,0.3926065
3,0,0,0.44291413
3,1,1,0.8803939
3,1,1,0.75620395
3,1,1,0.8055007
3,1,1,0.8046394
3,0,1,0.5279448
3,0,0,0.18928997
3,1,1,0.86613274
3,1,1,0.86202097
3,1,1,0.7850671
3,1,1,0.81357646
3,1,1,0.8896625
3,1,1,0.8192282
3,1,1,0.7784406
3,0,0,0.28206226
3,0,0,0.17749041
3,1,1,0.808594
3,0,0,0.26423264
3,0,1,0.6695348
3,0,0,0.11129042
3,0,0,0.24882807
3,1,1,0.8032843
3,1,1,0.70384794
3,0,1,0.7411725
3,1,1,0.6907952
3,1,1,0.5325465
3,0,1,0.5179747
3,0,0,0.43309262
3,0,1,0.5429573
3,1,0,0.46966025
3,0,1,0.5568381
3,1,1,0.5497768
3,1,1,0.54691684
3,0,0,0.49600613
3,0,1,0.599653
3,0,0,0.3479787
3,1,1,0.707562
3,0,0,0.3648752
3,1,1,0.5743707
3,1,0,0.4122715
3,1,1,0.62260395
3,0,0,0.4400479
3,1,0,0.32102382
3,1,1,0.58709276
3,0,1,0.53963125
3,0,1,0.5441629
3,1,0,0.4872472
3,1,0,0.36836383
3,0,0,0.24376228
3,0,0,0.4016755
3,0,0,0.46119022
3,1,1,0.765552
3,1,1,0.68941903
3,0,1,0.58143973
3,1,1,0.8433653
3,0,0,0.15889345
3,1,1,0.56019306
3,0,0,0.41132116
3,0,0,0.412749
3,1,0,0.45565596
3,0,1,0.6022348
3,1,0,0.37910137
3,0,0,0.052032545
3,0,1,0.6059202
3,0,0,0.36420402
3,1,1,0.53390497
3,0,0,0.23409167
3,1,1,0.75329906
3,0,0,0.33441898
3,0,0,0.4000667
3,0,0,0.20430729
3,1,1,0.62474597
3,1,1,0.5742651
3,0,0,0.35537988
3,1,1,0.6345759
3,0,0,0.10647065
3,0,1,0.642557
3,0,0,0.48781765
3,0,0,0.42411995
3,1,1,0.6576169
3,0,0,0.3505863
3,0,1,0.5622876
3,1,1,0.65705264
3,1,1,0.7163186
3,0,0,0.3874948
3,0,0,0.20180008
3,1,1,0.6084639
3,1,1,0.68695754
3,1,1,0.5982288
3,0,1,0.6497112
3,0,1,0.5293239
3,0,0,0.4149307
3,1,1,0.5662229
3,0,0,0.24675572
3,1,1,0.7449019
3,1,0,0.2772998
3,1,1,0.6229347
3,0,0,0.47878513
3,0,0,0.4534333
3,1,1,0.62602353
3,0,0,0.44546652
3,0,1,0.55284834
3,0,0,0.21645859
3,0,0,0.4664587
3,1,1,0.542218
3,0,1,0.6040526
3,1,0,0.47519282
3,0,1,0.64757895
3,1,1,0.7299475
3,0,0,0.28816676
3,0,0,0.40618885
3,0,1,0.5635002
3,1,1,0.7128437
3,1,1,0.50860626
3,1,0,0.29688564
3,0,0,0.48022172
3,1,0,0.30423
3,0,0,0.24619101
3,0,0,0.10131165
3,1,1,0.6900206
3,0,0,0.31152785
3,1,0,0.32720754
3,0,0,0.2665953
3,1,0,0.4626906
3,0,0,0.28176782
3,1,1,0.56587327
3,0,0,0.21881452
3,1,0,0.25801742
3,1,0,0.4372216
3,0,0,0.29903412
3,0,0,0.43236324
3,0,0,0.31350693
3,1,0,0.35165757
3,1,0,0.32056317
3,1,1,0.5236355
3,0,0,0.45878634
3,0,0,0.24533333
3,0,0,0.39234433
3,1,1,0.5500316
3,1,0,0.32484826
3,0,0,0.36828893
3,0,0,0.09227671
3,1,1,0.5379014
3,0,1,0.65522933
3,0,0,0.120726906
3,0,1,0.5813279
3,0,0,0.2543442
3,0,1,0.5474073
3,0,1,0.5277569
3,0,1,0.70142573
3,0,0,0.4176622
3,1,0,0.42382243
3,1,0,0.42260474
3,1,0,0.26904726
3,0,0,0.3457092
3,0,1,0.6613979
3,1,1,0.66577154
3,1,1,0.68604606
3,1,1,0.81932193
3,1,1,0.6283196
3,1,0,0.4025924
3,1,1,0.6271434
3,1,0,0.49641803
3,1,0,0.44079596
3,1,1,0.6254517
3,0,0,0.14321509
3,0,1,0.56356436
3,1,1,0.80583256
3,0,0,0.40080795
3,0,0,0.3811542
3,0,0,0.30528876
3,0,0,0.060987223
3,1,1,0.5313774
3,0,0,0.1330539
3,0,0,0.26444885
3,0,0,0.15472372
3,1,1,0.69485235
3,1,1,0.7934627
3,1,1,0.54503125
3,0,0,0.38229603
3,0,0,0.41741416
3,1,0,0.239069
3,0,0,0.4998316
3,0,0,0.2766297
3,1,0,0.23827009
3,1,1,0.6648076
3,0,0,0.35332116
3,0,1,0.51950616
3,0,0,0.1547289
3,1,0,0.46863195
3,1,1,0.5164051
3,0,0,0.32874283
3,0,0,0.17017488
3,0,0,0.1758955
3,0,0,0.33737803
3,0,0,0.3004846
3,0,0,0.36249545
3,1,0,0.37163067
3,0,0,0.35139462
3,0,0,0.4283309
3,0,0,0.3474589
3,0,0,0.33344048
3,1,1,0.516477
3,0,1,0.535286
3,1,0,0.38134518
3,1,1,0.5685971
3,1,1,0.5261063
3,0,0,0.467152
3,0,0,0.45255437
3,0,1,0.6087773
3,0,0,0.40930098
3,1,1,0.6265095
3,0,0,0.032069754
3,1,0,0.35759237
3,0,0,0.33511153
3,1,0,0.45837256
3,0,0,0.1752774
3,0,0,0.13559185
3,0,0,0.11649139
3,0,0,0.05207352
3,1,0,0.35581675
3,1,0,0.40568364
3,1,1,0.7825073
3,1,0,0.47747064
3,1,0,0.4507051
3,0,0,0.4776646
3,0,0,0.10645065
3,1,1,0.5508515
3,0,0,0.43553004
3,1,0,0.34502107
3,1,1,0.84960854
3,1,1,0.506179
3,1,1,0.5637353
3,1,0,0.36065486
3,0,0,0.065771826
3,0,1,0.7310507
3,0,1,0.5268248
3,1,0,0.3022364
3,1,0,0.3495458
3,1,1,0.5606865
3,1,0,0.37578377
3,1,1,0.8201107
3,1,0,0.39441696
3,1,1,0.63891923
3,1,0,0.10877188
3,1,1,0.5127888
3,0,0,0.30077142
3,0,0,0.4706683
3,1,0,0.49216905
3,0,0,0.29671445
3,1,0,0.4841732
3,0,0,0.21772029
3,0,0,0.24027741
3,1,1,0.82568437
3,0,1,0.57801414
3,1,0,0.30946836
3,1,1,0.597166
3,0,0,0.4154057
3,0,1,0.62632024
3,0,0,0.2915472
3,1,1,0.50158715
3,0,0,0.13546903
3,1,1,0.5185623
3,1,0,0.49093276
3,1,1,0.58571035
3,0,1,0.64274716
3,0,0,0.20630185
3,0,0,0.3822622
3,0,0,0.36837444
3,1,1,0.8528841
3,0,0,0.45834783
3,0,0,0.44359866
3,1,1,0.6925392
3,1,0,0.2855851
3,1,0,0.4621496
3,0,0,0.49382737
3,0,0,0.42400834
3,1,0,0.42566344
3,0,1,0.56911796
3,1,1,0.7635768
3,1,1,0.70175785
3,0,0,0.19495179
3,0,1,0.58655256
3,0,0,0.45418397
3,0,1,0.6191044
3,0,1,0.54130083
3,1,1,0.9267127
3,1,1,0.52369404
3,1,1,0.67820495
3,0,0,0.15182997
3,1,1,0.78570956
3,0,1,0.64724934
3,0,0,0.29484713
3,1,1,0.6776181
3,0,0,0.35887685
3,1,1,0.5542729
3,0,0,0.0505774
3,0,1,0.5122395
3,0,1,0.5765173
3,0,0,0.26852968
3,1,0,0.41449878
3,0,0,0.0772687
3,0,1,0.83158904
3,1,0,0.36614642
3,1,1,0.7559729
3,0,1,0.6128813
3,1,1,0.5429564
3,1,1,0.64802504
3,1,0,0.3956008
3,0,0,0.36150345
3,0,1,0.6889827
3,1,1,0.5626091
3,0,0,0.30844295
3,0,1,0.75371
3,1,1,0.830987
3,0,0,0.45762473
3,1,1,0.57260966
3,0,0,0.44717458
3,1,0,0.37706387
3,0,0,0.44399074
3,1,0,0.41183832
3,0,0,0.40077168
3,0,1,0.5382618
3,1,1,0.898327
3,0,1,0.5523081
3,1,1,0.65994227
3,0,0,0.4719135
3,1,1,0.7721741
3,0,0,0.23749837
3,1,1,0.51571167
3,0,0,0.49314138
3,1,1,0.8788816
3,1,1,0.7762024
3,1,1,0.8740576
3,1,0,0.4352944
3,1,0,0.47041845
3,0,1,0.5844128
3,0,0,0.27178714
3,1,1,0.5476853
3,1,1,0.8979509
3,1,1,0.6239514
3,1,1,0.7260206
3,1,1,0.8071865
3,0,1,0.63664263
3,0,0,0.19673908
3,0,0,0.1691912
3,0,0,0.3209397
3,0,0,0.38499352
3,0,0,0.3418987
3,0,0,0.44493508
3,0,0,0.36747193
3,0,1,0.500163
3,1,1,0.62157804
3,0,0,0.44239697
3,1,1,0.6536152
3,1,1,0.90122503
3,1,1,0.84215057
3,0,0,0.3486285
3,1,0,0.43029162
3,1,1,0.6784393
3,0,1,0.6818992
3,1,1,0.63758975
3,1,1,0.63745433
3,0,1,0.53253746
3,1,1,0.60084033
3,0,1,0.5943397
3,1,1,0.57284576
3,0,0,0.46474582
3,0,1,0.508023
3,1,1,0.93642503
3,1,1,0.6668061
3,0,0,0.42009732
3,1,0,0.25136113
3,1,1,0.57199174
3,1,1,0.73971635
3,0,1,0.6515996
3,0,1,0.5695888
3,0,0,0.3690872
3,1,0,0.32474968
3,0,1,0.7444288
3,0,0,0.3225769
3,0,1,0.7022854
3,1,1,0.54739624
3,1,1,0.59955484
3,1,1,0.5464316
3,0,0,0.48750678
3,0,0,0.4010421
3,0,0,0.41307184
3,1,1,0.53496253
3,1,1,0.7806389
3,0,0,0.43748915
3,1,1,0.9541678
3,1,1,0.54507893
3,0,0,0.22563817
3,0,0,0.39021844
3,0,0,0.26008436
3,1,1,0.504721
3,0,0,0.28659934
3,1,1,0.76328146
3,0,1,0.5077871
3,0,0,0.461501
3,1,1,0.75245565
3,1,1,0.5623662
3,0,0,0.4320526
3,0,1,0.8104391
3,1,1,0.8413302
3,1,1,0.5462958
3,0,1,0.5713642
3,0,1,0.6057445
3,0,0,0.48435128
3,1,1,0.61143553
3,1,0,0.3805615
3,1,0,0.45275167
3,0,0,0.17335986
3,1,0,0.43058607
3,0,0,0.22828373
3,0,1,0.6852639
3,1,1,0.5374855
3,0,0,0.056054834
3,1,1,0.7670695
3,1,1,0.8397458
3,0,1,0.66530526
3,1,0,0.29965153
3,0,0,0.4542993
3,1,1,0.5582064
3,1,1,0.63001454
3,1,0,0.37739587
3,0,1,0.62653124
3,1,1,0.73600227
3,0,0,0.43574136
3,1,1,0.7662969
3,0,0,0.36185187
3,0,0,0.36629167
3,1,1,0.66813594
3,1,0,0.3755377
3,1,0,0.46135774
3,0,0,0.15839586
3,1,1,0.63186413
3,0,1,0.62197036
3,0,0,0.46421802
3,0,1,0.65531516
3,0,0,0.37927005
3,1,1,0.54408664
3,1,1,0.7766339
3,1,1,0.69651985
3,0,0,0.4025833
3,0,0,0.09117153
3,0,0,0.47900003
3,1,0,0.43244174
3,0,0,0.46708557
3,0,1,0.5601621
3,1,0,0.1998473
3,0,0,0.29626828
3,1,0,0.32654405
3,0,1,0.85228556
3,1,1,0.53997827
3,1,1,0.7090207
3,1,1,0.814249
3,1,1,0.7270081
3,0,1,0.5954358
3,1,1,0.7218779
3,1,1,0.6076526
3,1,1,0.6995378
3,0,1,0.61671865
3,0,1,0.6753163
3,0,1,0.6247396
3,1,1,0.8163585
3,0,0,0.22969767
3,0,1,0.5744838
3,0,0,0.26662418
3,0,1,0.5393056
3,1,0,0.42618334
3,1,1,0.50771266
3,0,1,0.5965173
3,0,0,0.25983548
3,1,1,0.8279864
3,1,1,0.51291734
3,0,1,0.7455972
3,0,1,0.52710617
3,0,0,0.4883801
3,1,1,0.65917784
3,0,1,0.65071905
3,1,1,0.5338841
3,0,1,0.51932126
3,0,0,0.35605255
3,0,0,0.25121966
3,1,0,0.46345404
3,1,1,0.5037515
3,1,0,0.29056507
3,0,1,0.67480963
3,0,0,0.42179117
3,1,1,0.8297595
3,1,1,0.679341
3,0,1,0.5350561
3,0,0,0.33796677
3,0,0,0.27361858
3,0,0,0.19689554
3,1,1,0.66654557
3,1,0,0.37073326
3,1,1,0.56725967
3,0,1,0.7341453
3,0,1,0.6046854
3,1,1,0.67235017
3,1,0,0.46565986
3,1,1,0.9393801
3,0,0,0.32371175
3,0,0,0.12056838
3,1,0,0.40620568
3,0,1,0.6141504
3,1,1,0.53806597
3,1,1,0.7225295
3,1,0,0.34304693
3,0,0,0.44273224
3,1,1,0.7489881
3,0,0,0.21157113
3,0,0,0.0574123
3,1,1,0.8979703
3,1,1,0.56037366
3,0,1,0.8304719
3,1,1,0.5385416
3,0,1,0.7942366
3,0,0,0.2504593
3,1,1,0.8872213
3,1,1,0.70341545
3,0,0,0.24851151
3,1,0,0.49992698
3,1,0,0.20043941
3,0,1,0.543793
3,0,0,0.44449088
3,1,1,0.79113466
3,1,0,0.37246194
3,1,0,0.31286734
3,0,1,0.6922414
3,1,1,0.6250727
3,0,0,0.1708604
3,0,1,0.55757326
3,0,0,0.08093874
3,0,1,0.60108036
3,0,0,0.3896478
3,1,0,0.12997603
3,1,1,0.572138
3,1,1,0.6525927
3,0,0,0.13632745
3,0,0,0.401421
3,0,1,0.62506384
3,1,1,0.88049716
3,1,1,0.75342923
3,1,0,0.3200592
3,1,1,0.61384857
3,0,0,0.30399927
3,0,0,0.3097009
3,1,1,0.5517603
3,0,1,0.67298925
3,0,1,0.5789697
3,0,1,0.5784177
3,0,1,0.63467807
3,0,0,0.25162515
3,1,1,0.61281115
3,0,1,0.5152377
3,0,0,0.49301583
3,1,1,0.5740907
3,1,0,0.4193706
3,0,0,0.14763385
3,0,0,0.07083321
3,1,0,0.36845726
3,1,0,0.41559497
3,0,0,0.41117296
3,0,0,0.3132867
3,0,0,0.4304775
3,1,0,0.37429672
3,0,0,0.043748364
3,0,0,0.38832843
3,1,0,0.20158765
3,0,0,0.35024783
3,0,0,0.38000715
3,1,0,0.44408426
3,0,0,0.38307542
3,1,1,0.7240558
3,0,0,0.2803378
3,1,1,0.65366966
3,1,0,0.3976784
3,0,1,0.5348723
3,1,1,0.7598853
3,1,1,0.50772876
3,1,1,0.70763
3,0,0,0.32529715
3,0,0,0.3872501
3,0,1,0.51825064
3,0,0,0.3519251
3,0,1,0.8560835
3,1,0,0.2695248
3,1,0,0.43680978
3,0,0,0.32646528
3,0,1,0.7271582
3,1,1,0.57135016
3,1,0,0.43780875
3,0,1,0.57495373
3,0,0,0.26089406
3,0,1,0.5578914
3,1,0,0.4491444
3,1,1,0.7640068
3,0,1,0.5482153
3,1,1,0.66091293
3,0,1,0.69041777
3,1,1,0.9268342
3,1,1,0.6862761
3,0,0,0.18474305
3,1,1,0.5476057
3,0,1,0.65126395
3,1,1,0.79564273
3,1,1,0.86092246
3,1,1,0.8573052
3,1,1,0.6367034
3,0,1,0.8016627
3,0,0,0.086869694
3,1,1,0.8673893
3,1,1,0.62746733
3,0,0,0.37893662
3,0,1,0.6370559
3,1,1,0.6329305
3,1,1,0.680606
3,1,1,0.64246476
3,1,1,0.57546824
3,1,1,0.69296485
3,0,0,0.3444445
3,1,1,0.5460812
3,1,1,0.5043203
3,1,0,0.47184148
3,0,0,0.3467307
3,0,0,0.44555664
3,0,1,0.5277404
3,0,1,0.586385
3,1,1,0.5908101
3,0,0,0.20675269
3,1,1,0.5043983
3,1,0,0.49388108
3,0,0,0.45074356
3,1,1,0.5075266
3,0,0,0.37067506
3,0,0,0.15629068
3,0,0,0.15202342
3,1,0,0.42264107
3,0,0,0.45393914
3,1,0,0.43782157
3,0,0,0.37390912
3,1,0,0.29182076
3,0,0,0.22414011
3,0,1,0.5369952
3,0,0,0.09435559
3,0,0,0.4445402
3,0,1,0.5662389
3,0,1,0.5464578
3,1,0,0.4342474
3,0,0,0.4441269
3,0,0,0.07431424
3,1,1,0.5125271
3,0,0,0.42776653
3,0,1,0.5563003
3,0,1,0.7212675
3,1,1,0.55864894
3,1,1,0.7179256
3,1,0,0.36927912
3,0,0,0.31596646
3,0,0,0.2558779
3,1,0,0.3660217
3,1,0,0.48867893
3,0,0,0.30834123
3,1,1,0.5930911
3,1,0,0.17876281
3,0,0,0.44843742
3,0,0,0.483685
3,1,0,0.17742883
3,0,0,0.4151991
3,0,0,0.27339977
3,1,1,0.8995291
3,0,1,0.67000806
3,1,0,0.34120768
3,0,0,0.14222884
3,1,0,0.34754756
3,0,1,0.6132216
3,1,1,0.8429641
3,0,0,0.24473862
3,1,0,0.21222909
3,1,0,0.40103364
3,0,0,0.29498374
3,0,0,0.17483996
3,0,0,0.3157771
3,0,0,0.16557981
3,0,0,0.079364896
3,1,1,0.9448494
3,1,1,0.76645803
3,1,1,0.8819561
3,0,1,0.69832057
3,1,1,0.79950905
3,1,1,0.7080543
3,0,0,0.42750415
3,0,1,0.5701054
3,0,0,0.3159789
3,1,1,0.77323437
3,1,1,0.56227636
3,0,1,0.7659472
3,1,1,0.6292338
3,1,1,0.6853903
3,1,1,0.81254256
3,1,1,0.8048831
3,0,1,0.6573535
3,0,0,0.10724462
3,0,0,0.32060903
3,0,0,0.48427737
3,1,1,0.8292883
3,1,1,0.5313057
3,0,1,0.60840327
3,0,1,0.5611852
3,0,0,0.23981266
3,0,0,0.19133277
3,0,1,0.55912685
3,1,1,0.61513925
3,1,0,0.33565736
3,0,1,0.7452017
3,1,1,0.6048079
3,1,1,0.7711973
3,1,0,0.3826499
3,0,0,0.20813543
3,1,0,0.36890113
3,1,0,0.38014963
3,0,0,0.14859395
3,0,0,0.28630197
3,1,0,0.35345796
3,0,0,0.3900035
3,0,0,0.45565465
3,0,0,0.18300185
3,0,1,0.6139951
3,1,1,0.79360265
3,1,1,0.6553865
3,1,1,0.5853216
3,1,0,0.35409027
3,0,0,0.43200207
3,0,0,0.02661059
3,0,1,0.85621554
3,0,0,0.077813625
3,1,1,0.6082405
3,1,0,0.38077974
3,0,0,0.28071296
3,1,1,0.7850434
3,1,0,0.43751132
3,0,1,0.54989403
3,1,0,0.43526533
3,0,1,0.5933711
3,0,0,0.12000725
3,0,0,0.44796067
3,1,1,0.524214
3,0,1,0.95691186
3,0,1,0.6788672
3,1,0,0.36179733
3,1,1,0.86634713
3,0,0,0.49242714
3,0,0,0.37759972
3,1,1,0.64700764
3,1,1,0.965465
3,1,1,0.70070195
3,1,1,0.5764084
3,1,1,0.5255654
3,0,1,0.6910366
3,0,0,0.3204728
3,0,1,0.5562773
3,1,1,0.5462525
3,0,1,0.85207814
3,0,1,0.68679416
3,1,0,0.48830694
3,1,1,0.65736836
3,1,0,0.35861182
3,1,0,0.19872424
3,0,1,0.5773326
3,1,0,0.3914995
3,0,0,0.36514768
3,0,0,0.07045688
3,0,0,0.0894862
3,1,1,0.52238286
3,0,1,0.5008732
3,0,1,0.51702476
3,1,1,0.82047933
3,1,0,0.46736538
3,1,1,0.72078645
3,0,0,0.33568388
3,1,0,0.32200244
3,1,0,0.4131553
3,1,0,0.37085736
3,1,1,0.735595
3,0,0,0.31552672
3,1,1,0.6507031
3,1,1,0.5652519
3,0,0,0.48906198
3,0,0,0.38135347
3,0,0,0.25804278
3,0,0,0.15241437
3,1,1,0.71785027
3,1,1,0.68164694
3,0,1,0.50319254
3,0,0,0.22063634
3,0,1,0.5204985
3,1,0,0.37543762
3,1,0,0.35462704
3,0,1,0.75439537
3,0,0,0.40068832
3,0,1,0.5872006
3,0,0,0.41536358
3,0,1,0.5308488
3,0,0,0.45846948
3,1,1,0.5125752
3,1,1,0.65527934
3,1,0,0.3519355
3,0,0,0.33080715
3,1,1,0.8596774
3,1,1,0.6549392
3,0,0,0.39687845
3,1,1,0.64321786
3,0,0,0.34308213
3,0,0,0.4644319
3,1,1,0.69887763
3,1,1,0.54743856
3,0,0,0.24373142
3,0,0,0.18877788
3,0,0,0.39095825
3,0,1,0.69900626
3,1,1,0.90650374
3,1,1,0.72093076
3,0,1,0.5489506
3,1,1,0.87315667
3,1,1,0.8806258
3,0,1,0.9085799
3,1,1,0.66536975
3,1,1,0.71344674
3,1,1,0.9581493
3,1,1,0.5895843
3,1,1,0.70352936
3,0,0,0.35902876
3,0,0,0.44598353
3,1,1,0.7300425
3,0,0,0.49498445
3,0,1,0.5768146
3,1,0,0.4602737
3,1,1,0.5971566
3,1,1,0.53273326
3,1,1,0.6998563
3,0,0,0.4624409
3,1,1,0.6412516
3,1,1,0.53725594
3,1,1,0.82561356
3,0,1,0.60989374
3,0,0,0.15475075
3,0,1,0.7906204
3,0,0,0.33320007
3,1,0,0.46581152
3,0,1,0.679603
3,1,0,0.3878397
3,0,0,0.20529263
3,1,1,0.51870656
3,0,0,0.2272946
3,0,1,0.8535384
3,1,0,0.34425735
3,1,1,0.84201074
3,0,1,0.7430443
3,0,0,0.31086633
3,1,1,0.89074385
3,1,0,0.353305
3,0,0,0.44702035
3,1,1,0.8042869
3,0,0,0.20404598
3,1,1,0.7033328
3,1,1,0.7163476
3,0,1,0.7372342
3,0,0,0.28113398
3,0,1,0.54756016
3,1,1,0.7238381
3,0,1,0.5849227
3,0,0,0.191051
3,1,1,0.6208149
3,1,1,0.6445248
3,1,0,0.48100507
3,0,0,0.26997054
3,0,0,0.21549053
3,0,0,0.3201667
3,0,0,0.35987052
3,1,0,0.15438513
3,1,1,0.61962306
3,1,1,0.5229746
3,0,1,0.5032712
3,0,1,0.66471124
3,0,1,0.6600507
3,1,1,0.9148742
3,0,0,0.18698862
3,1,1,0.8155195
3,0,1,0.56312776
3,1,1,0.64004123
3,0,0,0.30517995
3,1,0,0.27399477
3,0,1,0.7882919
3,0,0,0.279645
3,1,1,0.6945692
3,0,0,0.46156424
3,1,1,0.7298383
3,0,1,0.61384857
3,0,1,0.5517603
3,1,1,0.6711044
3,1,1,0.78380036
3,0,0,0.22741155
3,1,1,0.61045104
3,1,1,0.8715207
3,1,0,0.34076402
3,0,0,0.42926598
3,0,0,0.43881083
3,1,1,0.9373279
3,1,1,0.821567
3,0,1,0.57110566
3,1,0,0.49303356
3,1,1,0.5695635
3,1,1,0.6939345
3,1,1,0.56907165
3,1,1,0.6471164
3,0,1,0.51617724
3,1,1,0.5024981
3,0,0,0.43102428
3,1,1,0.6439822
3,0,1,0.5441295
3,0,0,0.3240286
3,1,1,0.65218085
3,1,0,0.33065173
3,0,0,0.31826213
3,0,0,0.4286468
3,0,1,0.5005459
3,1,1,0.8485111
3,1,1,0.82170767
3,0,1,0.5290775
3,0,1,0.5159888
3,1,0,0.49636468
3,0,0,0.33542916
3,0,0,0.17281242
3,0,0,0.4316561
3,0,0,0.48002282
3,0,0,0.45990163
3,1,0,0.49723193
3,1,0,0.48574027
3,1,1,0.8543524
3,1,1,0.74932057
3,0,1,0.5875029
3,0,1,0.58988106
3,0,0,0.2166467
3,0,0,0.42921957
3,1,1,0.7699214
3,0,0,0.22119503
3,1,1,0.8040711
3,0,1,0.5712211
3,1,1,0.6906619
3,1,1,0.7728079
3,1,0,0.45205694
3,0,0,0.44558904
3,1,0,0.49525952
3,1,0,0.3743673
3,1,0,0.20910734
3,0,0,0.47182286
3,0,1,0.61183393
3,1,1,0.6840231
3,1,1,0.5690518
3,1,1,0.69481874
3,1,0,0.44534162
3,0,1,0.5775223
3,0,0,0.37342903
3,0,0,0.2978053
3,1,0,0.41974196
3,0,0,0.38501716
3,0,1,0.59944844
3,0,1,0.5520401
3,1,1,0.81757563
3,1,0,0.35954455
3,0,0,0.03170072
3,0,1,0.5547479
3,0,0,0.4137329
3,0,0,0.12137658
3,1,1,0.6645711
3,0,0,0.22736481
3,1,0,0.26117498
3,1,0,0.38477445
3,1,0,0.21449181
3,1,0,0.31921816
3,0,0,0.15735136
3,0,0,0.40642694
3,0,1,0.6018493
3,0,1,0.5412578
3,0,0,0.33557397
3,0,1,0.6129064
3,0,1,0.6935308
3,1,0,0.46444103
3,1,0,0.4318693
3,1,0,0.3824235
3,0,0,0.17961966
3,1,1,0.5370261
3,0,0,0.42576677
3,1,1,0.65839404
3,0,0,0.29429
3,1,1,0.60505784
3,0,0,0.31350264
3,0,0,0.4453525
3,0,0,0.4644387
3,0,0,0.428742
3,1,1,0.92733115
3,0,1,0.5683945
3,0,0,0.3589713
3,0,1,0.61700356
3,1,1,0.63477254
3,1,1,0.8227123
3,0,1,0.6096653
3,0,0,0.3855112
3,0,1,0.600789
3,1,1,0.57708263
3,1,1,0.94204044
3,1,1,0.65588695
3,0,0,0.32371318
3,1,1,0.67695415
3,0,1,0.77853775
3,0,0,0.28344864
3,1,1,0.5659393
3,1,1,0.63155735
3,0,0,0.39204884
3,1,1,0.61925536
3,0,0,0.33374617
3,1,1,0.84156924
3,0,1,0.63619334
3,1,0,0.33565247
3,1,1,0.5648657
3,1,1,0.6608045
3,1,1,0.6970953
3,0,0,0.094148114
3,0,0,0.46223903
3,1,1,0.78077185
3,1,0,0.44236955
3,0,0,0.38930127
3,0,0,0.48990262
3,1,1,0.5347418
3,0,1,0.7355484
3,0,0,0.49382272
3,0,0,0.2611745
3,0,0,0.4042094
3,0,1,0.50241226
3,0,0,0.19661339
3,1,1,0.6041281
3,1,0,0.32290995
3,1,0,0.17854282
3,0,0,0.4696854
3,0,1,0.6545206
3,1,1,0.6116922
3,1,1,0.6263029
3,1,1,0.6116075
3,0,0,0.18889062
3,0,0,0.47482446
3,0,0,0.37088552
3,0,1,0.67498565
3,1,1,0.6884923
3,1,1,0.60598993
3,1,1,0.51993734
3,1,1,0.5384503
3,1,0,0.36290962
3,1,1,0.5128601
3,1,1,0.57119215
3,0,0,0.47516015
3,0,0,0.4334273
3,1,1,0.7146375
3,1,1,0.67011404
3,0,0,0.4461862
3,0,1,0.62465507
3,0,0,0.3317016
3,0,0,0.29585457
3,0,0,0.46465564
3,0,0,0.13888559
3,1,1,0.8516516
3,1,1,0.6757655
3,1,1,0.55536336
3,1,1,0.7228987
3,0,1,0.5389509
3,1,1,0.69095
3,0,0,0.09313575
3,0,0,0.18407156
3,1,1,0.7299346
3,0,0,0.41368166
3,0,0,0.33655754
3,0,1,0.6007309
3,0,0,0.18588732
3,1,1,0.57620966
3,0,1,0.8480378
3,1,0,0.46628812
3,0,0,0.29970858
3,1,0,0.4143106
3,1,1,0.5791626
3,0,0,0.3309858
3,0,1,0.9427437
3,0,0,0.40259477
3,1,1,0.61059207
3,0,0,0.4244089
3,0,0,0.4261119
3,0,1,0.6095471
3,1,1,0.59569377
3,0,1,0.79136765
3,1,0,0.4057785
3,0,1,0.53264034
3,0,1,0.57331717
3,1,1,0.5947641
3,1,1,0.71535933
3,0,1,0.6535533
3,1,1,0.75585383
3,1,1,0.56283593
3,1,0,0.4108176
3,0,1,0.5704287
3,1,0,0.40672448
3,1,0,0.48239595
3,1,1,0.63230324
3,0,0,0.3805161
3,1,1,0.57382596
3,0,1,0.6020305
3,0,0,0.18798558
3,0,1,0.58604676
3,1,1,0.57659435
3,0,0,0.40652215
3,1,0,0.29058418
3,0,0,0.34581763
3,0,0,0.46032146
3,0,1,0.65205127
3,0,0,0.16981345
3,1,1,0.8896157
3,1,1,0.5930289
3,1,1,0.5915996
3,0,0,0.26376826
3,1,1,0.7898647
3,0,1,0.6566056
3,1,1,0.5798203
3,0,1,0.55615956
3,1,1,0.65906686
3,1,1,0.69339234
3,0,0,0.15364228
3,0,1,0.73502874
3,0,0,0.090759255
3,1,1,0.5862787
3,0,1,0.68082684
3,0,0,0.38052872
3,0,1,0.86211056
3,1,1,0.88006556
3,0,1,0.6844919
3,0,1,0.59609306
3,1,1,0.6627538
3,0,1,0.51260495
3,1,1,0.65724295
3,1,1,0.7523526
3,0,1,0.61153793
3,0,0,0.17656985
3,1,1,0.8915713
3,0,1,0.58106345
3,0,1,0.6022931
3,1,0,0.1569403
3,0,1,0.73881173
3,0,0,0.46914005
3,1,0,0.30232823
3,0,1,0.7196564
3,0,0,0.28609306
3,1,1,0.746386
3,1,1,0.50969934
3,1,1,0.526329
3,0,0,0.39131948
3,0,1,0.6905911
3,0,0,0.3038623
3,1,1,0.6610153
3,1,0,0.3851258
3,1,0,0.4961785
3,0,0,0.34949455
3,1,1,0.651885
3,0,0,0.2600146
3,1,0,0.44580814
3,1,0,0.38730413
3,1,0,0.41544065
3,0,1,0.6950609
3,1,0,0.40123048
3,0,1,0.52548444
3,0,0,0.308261
3,0,1,0.6206283
3,0,1,0.7270013
3,0,0,0.31253657
3,0,1,0.58667356
3,0,1,0.6752844
3,1,1,0.63942057
3,1,0,0.4150719
3,0,0,0.41171673
3,1,1,0.6303369
3,0,1,0.57912624
3,0,0,0.23455033
3,1,1,0.6424417
3,1,1,0.64353055
3,1,1,0.61713314
3,1,1,0.69435734
3,1,0,0.470351
3,1,1,0.61063963
3,1,1,0.7285622
3,1,1,0.70135623
3,0,0,0.47347802
3,0,1,0.69594735
3,1,0,0.48111802
3,1,1,0.66391546
3,0,1,0.6048627
3,0,0,0.32761586
3,0,0,0.4359196
3,1,0,0.42748722
3,1,1,0.71731657
3,1,1,0.55779594
3,1,1,0.5722166
3,1,1,0.6756199
3,0,0,0.45647985
3,1,1,0.6329352
3,0,1,0.5058142
3,1,1,0.556963
3,1,1,0.81673855
3,0,1,0.5839026
3,0,0,0.32191476
3,1,1,0.8976314
3,0,0,0.4623995
3,1,0,0.49355432
3,0,0,0.10549042
3,0,0,0.33063236
3,0,1,0.7076505
3,1,0,0.22670695
3,0,0,0.08801153
3,1,0,0.39167896
3,1,1,0.51372886
3,0,1,0.54023963
3,0,0,0.42371994
3,1,0,0.38614577
3,0,1,0.67119807
3,1,1,0.6871488
3,0,1,0.6246923
3,1,1,0.7052511
3,1,1,0.612223
3,1,1,0.723143
3,0,1,0.54031485
3,1,1,0.77763194
3,0,0,0.33371451
3,0,0,0.48887074
3,0,0,0.15333043
3,0,1,0.63954586
3,0,1,0.67042065
3,0,0,0.1774779
3,0,0,0.11862418
3,0,1,0.5665946
3,1,0,0.12630063
3,1,1,0.7123895
3,0,0,0.47874805
3,1,0,0.41725364
3,0,0,0.484588
3,1,1,0.68699384
3,1,0,0.43324026
3,1,0,0.35374352
3,0,0,0.37141353
3,0,1,0.52109325
3,1,1,0.70767164
3,1,1,0.6488483
3,1,1,0.88827294
3,1,0,0.48862806
3,0,1,0.5424435
3,1,1,0.62902045
3,1,0,0.13486631
3,1,0,0.3687568
3,0,0,0.11798805
3,1,0,0.33581114
3,1,1,0.5311196
3,0,1,0.67416805
3,0,0,0.32939842
3,1,1,0.541628
3,0,0,0.49494764
3,1,1,0.85170704
3,0,0,0.45202255
3,1,1,0.75611526
3,1,0,0.28568763
3,1,0,0.41574988
3,1,1,0.74269783
3,0,1,0.62410766
3,0,1,0.57710963
3,0,0,0.24238475
3,0,0,0.4577982
3,0,0,0.3181603
3,1,0,0.44622728
3,0,0,0.13654025
3,1,1,0.85229236
3,1,1,0.5692201
3,1,1,0.6497268
3,1,1,0.63842005
3,1,1,0.6071253
3,1,1,0.75346136
3,1,1,0.58210516
3,1,0,0.47942644
3,0,1,0.5258807
3,1,1,0.7662355
3,0,0,0.4243259
3,0,0,0.1301851
3,0,1,0.54396945
3,1,0,0.34103104
3,0,1,0.6177541
3,0,0,0.36971715
3,0,0,0.46217927
3,1,0,0.48292837
3,1,0,0.48388574
3,1,0,0.38738543
3,0,0,0.36158773
3,0,0,0.35945117
3,0,0,0.45713314
3,1,1,0.6324454
3,1,1,0.78729725
3,1,1,0.5632783
3,1,1,0.7171278
3,1,0,0.24314047
3,1,1,0.58233356
3,0,1,0.54498595
3,0,0,0.23919745
3,1,1,0.7922278
3,0,0,0.41001666
3,1,0,0.3585212
3,0,1,0.6865518
3,1,1,0.78440726
3,0,1,0.6373981
3,1,1,0.6173216
3,1,1,0.5645519
3,1,1,0.70292604
3,1,0,0.10661917
3,1,0,0.43227416
3,1,1,0.5774977
3,0,0,0.11088415
3,0,0,0.27788332
3,0,1,0.6120391
3,1,1,0.95180404
3,0,1,0.55027825
3,1,1,0.646231
3,1,0,0.38694802
3,1,0,0.359225
3,0,0,0.4653091
3,0,1,0.7319255
3,1,1,0.9100767
3,0,0,0.38234472
3,1,0,0.4999301
3,1,1,0.8597726
3,0,0,0.15117441
3,1,0,0.3451916
3,0,0,0.30859318
3,1,1,0.89101297
3,0,0,0.3526309
3,1,0,0.43072587
3,1,1,0.68525165
3,0,0,0.28013542
3,1,1,0.8922695
3,0,0,0.42502248
3,1,1,0.56646895
3,0,0,0.39487192
3,1,0,0.47384533
3,0,1,0.5577607
3,0,0,0.30390376
3,1,0,0.37905058
3,0,1,0.75666887
3,0,0,0.3772727
3,0,1,0.60473305
3,1,1,0.6242436
3,1,0,0.27674782
3,0,0,0.44517833
3,0,0,0.2904197
3,0,0,0.4357584
3,0,0,0.12236971
3,0,1,0.5157276
3,0,0,0.31702718
3,1,0,0.3999808
3,1,0,0.2500458
3,1,1,0.7832157
3,1,1,0.5945027
3,1,1,0.54145414
3,1,1,0.644427
3,0,1,0.5833248
3,0,0,0.45612994
3,0,0,0.3368601
3,0,1,0.6910416
3,0,1,0.532733
3,0,1,0.76216096
3,1,1,0.6603582
3,1,1,0.58818096
3,1,1,0.7539761
3,0,1,0.5452087
3,1,0,0.23375627
3,0,0,0.22078581
3,0,0,0.24385941
3,1,1,0.896458
3,0,1,0.59754914
3,1,1,0.84344405
3,0,0,0.4811318
3,1,1,0.8405081
3,1,1,0.65646315
3,0,0,0.28554302
3,0,1,0.5017225
3,0,0,0.42369717
3,1,1,0.7618542
3,0,1,0.57273024
3,1,0,0.43645918
3,0,1,0.555064
3,1,1,0.6329012
3,0,0,0.13600342
3,1,1,0.9156804
3,1,1,0.56316876
3,1,1,0.62034583
3,0,0,0.24144739
3,1,0,0.41939542
3,1,0,0.4464131
3,0,0,0.38288787
3,0,0,0.15897179
3,0,0,0.37354216
3,0,1,0.7668348
3,1,1,0.56063163
3,0,0,0.33749232
3,1,0,0.44915047
3,1,0,0.42567602
3,1,1,0.57070744
3,0,0,0.46459106
3,0,1,0.5926876
3,0,1,0.57549495
3,1,1,0.8063105
3,0,1,0.65599203
3,0,0,0.24839047
3,0,1,0.67923313
3,0,0,0.34502718
3,1,1,0.66198444
3,0,1,0.577252
3,0,0,0.46275276
3,1,1,0.59444463
3,0,0,0.4689991
3,0,0,0.46347898
3,0,0,0.3051899
3,1,1,0.6712049
3,1,1,0.50214815
3,1,0,0.4697398
3,1,1,0.6462721
3,0,0,0.23112018
3,0,0,0.421635
3,0,0,0.35255298
3,0,0,0.19331676
3,1,1,0.85562235
3,1,1,0.559618
3,0,0,0.10133923
3,0,0,0.33623335
3,1,0,0.37568882
3,0,0,0.22340466
3,1,0,0.45426008
3,1,0,0.15369658
3,1,1,0.8343372
3,1,0,0.33133605
3,1,1,0.60408247
3,0,1,0.5418663
3,1,0,0.4935521
3,1,1,0.51378334
3,0,1,0.50781727
3,0,0,0.23728836
3,0,0,0.41530305
3,0,0,0.4772702
3,1,1,0.70221364
3,1,1,0.72362125
3,1,1,0.83640134
3,1,0,0.3526281
3,1,0,0.3107079
3,0,1,0.62327397
3,0,1,0.5037712
3,0,1,0.51468885
3,0,1,0.6320934
3,0,0,0.32942498
3,1,0,0.33409244
3,0,1,0.6925193
3,1,1,0.71794647
3,1,0,0.38646412
3,0,0,0.27061072
3,1,0,0.26203182
3,0,0,0.26210645
3,1,0,0.15340437
3,0,0,0.25617233
3,1,0,0.37064847
3,0,0,0.14285274
3,1,0,0.36138913
3,1,0,0.15669371
3,0,0,0.41260102
3,0,1,0.644258
3,1,0,0.42697224
3,0,0,0.4038883
3,0,0,0.18866183
3,1,0,0.2769621
3,1,1,0.6147384
3,1,1,0.50965375
3,0,1,0.51099867
3,0,0,0.09570292
3,1,0,0.4423998
3,0,0,0.25453752
3,0,0,0.18755141
3,0,0,0.24473228
3,1,0,0.37778458
3,0,1,0.61986846
3,0,1,0.62892747
3,0,1,0.6661351
3,0,1,0.5306367
3,1,1,0.596935
3,1,1,0.60530525
3,1,1,0.6444564
3,0,1,0.55390984
3,0,0,0.33770782
3,0,0,0.078715906
3,1,1,0.82954615
3,0,1,0.5214777
3,1,0,0.3896827
3,0,1,0.6855126
3,1,1,0.50198966
3,0,0,0.4933343
3,1,1,0.55133617
3,0,0,0.46285915
3,1,1,0.8948254
3,1,1,0.60025275
3,0,0,0.4514248
3,1,1,0.8045635
3,0,0,0.44719264
3,0,0,0.45473513
3,0,0,0.34327018
3,1,1,0.75192106
3,0,0,0.18599094
3,0,1,0.691114
3,0,1,0.5908344
3,1,1,0.6988897
3,1,1,0.6888556
3,0,1,0.70853496
3,1,1,0.63840574
3,0,1,0.7545669
3,1,1,0.78987914
3,1,1,0.6769661
3,1,1,0.6166938
3,1,1,0.6685512
3,1,1,0.781584
3,1,1,0.62981653
3,1,1,0.76328915
3,0,0,0.4177005
3,1,1,0.68056715
3,1,1,0.6747366
3,0,0,0.25983885
3,1,0,0.47151008
3,0,1,0.65731126
3,0,0,0.48543584
3,0,0,0.44461265
3,0,0,0.35160127
3,0,0,0.34093803
3,1,1,0.5089921
3,1,0,0.31095806
3,1,0,0.2562018
3,1,0,0.25422692
3,0,0,0.37915963
3,0,0,0.19354
3,0,0,0.27036187
3,1,1,0.79821277
3,1,1,0.7714914
3,1,0,0.45034322
3,1,1,0.8172464
3,1,1,0.5198789
3,1,1,0.6662464
3,0,0,0.36876178
3,0,1,0.63971984
3,0,0,0.37609679
3,0,1,0.6588994
3,0,0,0.41881743
3,0,1,0.70722014
3,0,0,0.29334602
3,0,0,0.33794072
3,1,1,0.69662315
3,1,1,0.68719035
3,1,1,0.9046862
3,0,0,0.36025962
3,0,0,0.32791758
3,0,1,0.689984
3,0,0,0.12108731
3,0,0,0.3226031
3,0,0,0.3350732
3,0,0,0.29185972
3,1,1,0.8631241
3,0,1,0.63516164
3,1,1,0.6049151
3,1,1,0.7883798
3,0,0,0.16190922
3,1,1,0.83224696
3,0,0,0.2924816
3,0,1,0.53842497
3,1,1,0.7245088
3,0,0,0.47484344
3,1,1,0.57388103
3,0,1,0.5038616
3,1,1,0.5258401
3,0,1,0.71604514
3,0,1,0.6958491
3,1,0,0.32329702
3,0,0,0.42497268
3,0,1,0.8378685
3,1,1,0.7760567
3,1,1,0.6845553
3,0,0,0.43925658
3,1,1,0.6563888
3,0,0,0.29858056
3,1,1,0.51050645
3,0,0,0.32616395
3,0,1,0.64280176
3,1,1,0.7656957
3,0,0,0.49045795
3,1,1,0.5952404
3,1,1,0.6176332
3,0,1,0.6370486
3,0,1,0.51464736
3,1,1,0.64733684
3,0,1,0.7411504
3,1,1,0.6809769
3,0,1,0.5376718
3,1,1,0.507292
3,1,1,0.90763986
3,1,1,0.5762875
3,1,1,0.61080736
3,1,1,0.52977115
3,0,0,0.292087
3,0,0,0.42287964
3,0,1,0.5846946
3,1,1,0.5530489
3,1,1,0.72347814
3,1,1,0.6268927
3,0,0,0.4116569
3,1,1,0.5417074
3,0,0,0.36145943
3,1,1,0.87889093
3,1,1,0.5417423
3,1,1,0.58812845
3,0,0,0.4965517
3,0,0,0.4522312
3,0,1,0.5577982
3,0,1,0.6952621
3,1,1,0.6509774
3,0,0,0.20157662
3,1,1,0.71783704
3,1,1,0.66551936
3,1,0,0.2739769
3,0,0,0.26156485
3,0,1,0.706527
3,0,0,0.25390333
3,0,0,0.3024181
3,1,0,0.44191268
3,1,1,0.7856891
3,1,0,0.38623995
3,1,1,0.69020355
3,1,1,0.7095074
3,1,1,0.62605387
3,1,1,0.5346252
3,0,0,0.4404423
3,1,0,0.2405975
3,0,0,0.3218949
3,0,0,0.2607384
3,0,0,0.28382352
3,1,0,0.40868884
3,1,1,0.7370903
3,0,0,0.29640976
3,0,0,0.27264145
3,1,1,0.5491307
3,0,0,0.39417028
3,0,0,0.153365
3,0,1,0.5491571
3,1,0,0.22074421
3,0,0,0.31512818
3,0,0,0.1957039
3,1,1,0.6764179
3,0,0,0.31053805
3,0,0,0.25419006
3,1,0,0.39486024
3,0,1,0.6323525
3,1,0,0.39859462
3,0,1,0.803434
3,0,0,0.4598048
3,1,1,0.6208406
3,0,0,0.2996035
3,1,0,0.32260507
3,0,1,0.6936215
3,0,0,0.36226296
3,1,1,0.61740696
3,1,1,0.7714301
3,0,0,0.4971885
3,0,0,0.4164775
3,1,1,0.8109641
3,0,1,0.54148304
3,0,0,0.4825497
3,0,0,0.30127877
3,0,0,0.13038412
3,1,1,0.8404932
3,1,1,0.50801253
3,1,1,0.5913152
3,0,0,0.48963678
3,1,1,0.89480615
3,1,1,0.50048566
3,0,0,0.33281568
3,0,0,0.21697405
3,1,1,0.58009076
3,1,0,0.25675628
3,1,1,0.55059946
3,0,0,0.3188341
3,0,0,0.4226665
3,0,1,0.51060915
3,0,0,0.4019205
3,1,1,0.70620465
3,1,1,0.5996232
3,1,1,0.62572086
3,0,0,0.45796385
3,1,1,0.59908795
3,0,0,0.25912923
3,0,1,0.6493843
3,1,0,0.46830022
3,1,1,0.55388945
3,0,0,0.41212836
3,1,0,0.47736436
3,0,0,0.48408237
3,0,0,0.46130237
3,1,1,0.81704754
3,0,1,0.73161805
3,0,0,0.3454758
3,0,0,0.2728195
3,0,0,0.2977887
3,1,1,0.64752996
3,1,0,0.48000085
3,0,0,0.19843127
3,1,0,0.40471062
3,0,0,0.21543589
3,0,0,0.32313672
3,0,1,0.5122923
3,1,0,0.49695393
3,0,1,0.67709166
3,1,0,0.42876
3,0,0,0.10638907
3,1,1,0.5996851
3,1,0,0.18062997
3,0,0,0.26133165
3,1,1,0.95673
3,0,1,0.6321321
3,1,1,0.551333
3,1,1,0.61409456
3,1,1,0.7391062
3,1,1,0.5733484
3,1,1,0.9078415
3,0,1,0.7065938
3,1,1,0.75788355
3,1,1,0.7607175
3,1,0,0.40155637
3,0,1,0.5966072
3,1,0,0.3284013
3,0,0,0.28653383
3,0,1,0.5244673
3,1,1,0.89118636
3,1,0,0.4914743
3,0,0,0.47360823
3,0,1,0.600119
3,1,0,0.44728398
3,0,0,0.2160898
3,1,1,0.6596839
3,0,0,0.39743674
3,1,0,0.3964717
3,0,0,0.23202664
3,0,0,0.107919864
3,1,0,0.24188414
3,0,1,0.64532936
3,1,1,0.62842697
3,0,1,0.79628
3,0,0,0.42673123
3,0,1,0.50708663
3,1,1,0.54443395
3,1,1,0.672786
3,0,1,0.58059484
3,1,1,0.86312455
3,0,0,0.37951556
3,1,1,0.6775738
3,0,1,0.5205205
3,1,1,0.788097
3,1,1,0.73802817
3,0,1,0.6213758
3,1,1,0.9214322
3,1,0,0.48767626
3,0,0,0.09381225
3,0,0,0.43626612
3,1,1,0.6107101
3,0,0,0.19088724
3,0,0,0.155887
3,0,1,0.57700634
3,1,1,0.8760224
3,0,1,0.556471
3,1,0,0.41499448
3,0,0,0.40453178
3,1,1,0.8405935
3,0,0,0.38046035
3,0,0,0.15929836
3,0,0,0.26155227
3,0,1,0.52103543
3,0,1,0.50232726
3,1,1,0.6589312
3,1,1,0.5073166
3,1,1,0.5229177
3,1,1,0.6336565
3,0,0,0.20088758
3,0,1,0.5825232
3,0,0,0.25951186
3,1,0,0.35637835
3,1,1,0.80851126
3,1,1,0.6118236
3,1,1,0.62950563
3,0,0,0.23083673
3,1,1,0.6346227
3,0,0,0.18569608
3,1,1,0.52161855
3,0,0,0.27447554
3,0,1,0.65725034
3,0,0,0.18464418
3,1,1,0.5004084
3,0,0,0.2860071
3,0,0,0.31036034
3,1,1,0.59910226
3,0,1,0.6091232
3,1,1,0.7999318
3,1,1,0.7736656
3,1,1,0.7610407
3,1,1,0.7279288
3,0,1,0.6327621
3,1,1,0.6661886
3,0,1,0.5737695
3,1,1,0.8074752
3,1,1,0.61252993
3,0,0,0.2714835
3,1,1,0.7950514
3,1,1,0.6944997
3,1,1,0.8610878
3,0,0,0.42557177
3,0,1,0.59537417
3,0,1,0.6477153
3,1,1,0.7556614
3,1,1,0.59942555
3,0,1,0.5730249
3,1,1,0.7188756
3,1,1,0.68711036
3,0,1,0.5840763
3,0,1,0.5914784
3,0,0,0.3351686
3,1,1,0.65640074
3,0,0,0.23976393
3,1,0,0.29412827
3,1,0,0.34604552
3,0,0,0.17695715
3,0,1,0.6266141
3,1,1,0.6712049
3,0,0,0.2953352
3,1,0,0.26763976
3,0,0,0.40451548
3,0,0,0.18671001
3,1,1,0.8992821
3,0,1,0.66721535
3,1,0,0.49241632
3,0,1,0.5078536
3,0,1,0.5261054
3,1,1,0.79158586
3,0,0,0.19545247
3,1,1,0.6128285
3,0,1,0.6613717
3,0,1,0.67792267
3,1,1,0.6961059
3,1,1,0.6698123
3,1,1,0.7237505
3,1,1,0.5024406
3,1,1,0.6563053
3,1,0,0.38233197
3,1,1,0.6019602
3,0,1,0.54410356
3,0,1,0.64612
3,1,1,0.73681647
3,1,1,0.56298196
3,0,1,0.75402695
3,0,1,0.68866825
3,1,1,0.67992824
3,1,0,0.44961292
3,1,1,0.75560683
3,0,0,0.46412495
3,0,1,0.8465285
3,1,1,0.70627743
3,0,0,0.34451976
3,1,1,0.5084584
3,1,0,0.47366357
3,0,0,0.2886699
3,0,0,0.45647085
3,0,0,0.4675762
3,1,1,0.70286816
3,1,1,0.5608055
3,0,0,0.34473312
3,0,0,0.32858968
3,1,1,0.780508
3,1,1,0.52321684
3,0,0,0.3553831
3,1,0,0.15268534
3,0,0,0.26006386
3,0,0,0.39922738
3,0,0,0.41863683
3,0,0,0.44928956
3,1,0,0.3674005
3,1,1,0.76097274
3,1,0,0.48097682
3,0,0,0.4049762
3,1,1,0.8150483
3,1,0,0.30145815
3,1,1,0.78542775
3,0,0,0.35457695
3,1,0,0.48838064
3,0,1,0.8454569
3,0,0,0.22986646
3,0,1,0.51860726
3,1,1,0.60052603
3,0,1,0.7234433
3,0,0,0.33709708
3,0,0,0.47794136
3,0,0,0.13815504
3,0,0,0.120703824
3,1,1,0.86786765
3,0,1,0.532492
3,1,1,0.7552638
3,0,1,0.5756102
3,0,1,0.6077553
3,0,0,0.31832188
3,0,0,0.49846458
3,0,1,0.5643087
3,1,1,0.55513024
3,1,0,0.41625333
3,1,1,0.8046836
3,0,1,0.5928304
3,1,1,0.88928014
3,1,0,0.45161253
3,0,0,0.19639531
3,0,1,0.8785304
3,1,1,0.8979821
3,0,0,0.24038962
3,0,1,0.56690836
3,1,0,0.14377193
3,0,0,0.48179188
3,1,1,0.74561334
3,1,1,0.58437663
3,0,1,0.537753
3,0,1,0.56115586
3,0,0,0.39059561
3,1,1,0.88425314
3,1,1,0.8405969
3,1,0,0.4781634
3,1,1,0.7723141
3,0,1,0.71179664
3,1,1,0.6240137
3,0,0,0.4052364
3,0,0,0.32521844
3,1,1,0.6970818
3,1,1,0.6410121
3,0,1,0.65509236
3,0,0,0.31180394
3,1,1,0.82582206
3,1,1,0.9589271
3,1,1,0.7523579
3,1,1,0.778537
3,0,0,0.4375933
3,0,1,0.6149665
3,1,0,0.3995571
3,1,1,0.8259243
3,1,1,0.82975197
3,1,1,0.77156687
3,1,1,0.67979336
3,0,1,0.7352641
3,0,0,0.3010051
3,0,1,0.7009342
3,0,0,0.22890955
3,1,1,0.89484614
3,1,1,0.584974
3,0,1,0.54695946
3,0,1,0.5000269
3,0,1,0.52067715
3,0,0,0.42522654
3,0,0,0.4715134
3,1,0,0.43986392
3,1,0,0.4837308
3,0,0,0.3143307
3,1,1,0.8361595
3,1,1,0.6050471
3,1,0,0.4010275
3,0,1,0.71136814
3,1,1,0.6130091
3,0,1,0.5736348
3,1,1,0.6582737
3,1,1,0.6274142
3,0,1,0.7217712
3,1,0,0.36347598
3,1,1,0.6311682
3,1,1,0.77252364
3,0,0,0.3469363
3,0,1,0.7788524
3,0,1,0.516158
3,1,1,0.6671129
3,0,0,0.34435475
3,1,0,0.2547018
3,0,0,0.27926892
3,0,0,0.24570373
3,0,1,0.75171715
3,0,0,0.265094
3,0,0,0.43668237
3,0,0,0.14133845
3,0,1,0.5038855
3,1,1,0.6567093
3,0,0,0.19640535
3,0,0,0.42577258
3,0,0,0.3672952
3,0,1,0.6191826
3,0,1,0.62725353
3,0,0,0.19710651
3,0,1,0.5065251
3,0,0,0.4335204
3,1,0,0.08407971
3,0,0,0.31235266
3,0,0,0.46311292
3,0,0,0.19113
3,1,1,0.6880291
3,1,1,0.6418586
3,1,1,0.69100374
3,0,0,0.386209
3,1,1,0.56814116
3,1,1,0.7053583
3,0,1,0.6012372
3,0,1,0.7629168
3,1,0,0.49722344
3,0,0,0.082204305
3,0,0,0.35886475
3,0,0,0.41267547
3,1,1,0.5008053
3,0,0,0.2676438
3,1,0,0.28515399
3,1,0,0.4850548
3,1,1,0.6046835
3,0,0,0.073689796
3,0,1,0.597179
3,1,1,0.66322196
3,1,1,0.7098789
3,0,0,0.45985436
3,0,0,0.11861573
3,0,0,0.150686
3,1,1,0.6421042
3,0,0,0.12831625
3,1,0,0.4556151
3,0,0,0.075695746
3,1,0,0.42407686
3,1,1,0.7351507
3,1,1,0.6888498
3,1,1,0.63812226
3,1,0,0.49343392
3,0,1,0.57123154
3,0,0,0.3946391
3,1,0,0.44439715
3,1,1,0.84159017
3,0,1,0.9100116
3,1,1,0.7121237
3,0,1,0.86827886
3,1,1,0.79511434
3,0,1,0.63778716
3,0,0,0.4084444
3,0,1,0.64177954
3,1,1,0.7529798
3,1,0,0.47339123
3,1,1,0.893667
3,1,1,0.58877903
3,1,1,0.5554936
3,1,1,0.6038695
3,0,1,0.6654598
3,0,1,0.5909113
3,0,0,0.3510889
3,0,1,0.5323641
3,0,1,0.60111856
3,0,0,0.41722104
3,1,1,0.5970761
3,0,0,0.36848775
3,1,1,0.74586457
3,1,1,0.5216602
3,0,1,0.58601433
3,0,0,0.45119742
3,1,0,0.4835938
3,1,0,0.45608574
3,0,1,0.5135223
3,0,0,0.42876962
3,1,0,0.21593484
3,0,1,0.5280427
3,1,0,0.37431586
3,0,0,0.3642628
3,0,0,0.485364
3,1,1,0.5428949
3,0,0,0.10654244
3,0,0,0.49281317
3,0,0,0.38576007
3,1,1,0.7358371
3,0,0,0.27402776
3,1,1,0.5606901
3,1,1,0.76722705
3,0,0,0.34503248
3,1,1,0.56917554
3,1,1,0.8059989
3,0,0,0.18430375
3,1,1,0.5318171
3,1,0,0.41241866
3,1,1,0.8570925
3,0,0,0.36896145
3,1,1,0.70994467
3,0,0,0.21680559
3,1,1,0.79663
3,0,0,0.30818325
3,0,0,0.39463964
3,1,1,0.57613194
3,1,1,0.8858094
3,1,1,0.7381747
3,1,1,0.75166494
3,0,1,0.5025223
3,0,0,0.49599674
3,1,1,0.87999123
3,0,1,0.7465157
3,1,1,0.6563699
3,1,1,0.886805
3,0,0,0.28869572
3,0,1,0.9078368
3,0,0,0.23015396
3,0,1,0.5765509
3,0,1,0.83727735
3,0,1,0.874966
3,0,1,0.6194807
3,1,1,0.5762845
3,0,1,0.5212462
3,1,1,0.6223472
3,1,1,0.66234785
3,0,0,0.16567738
3,1,0,0.2396186
3,0,0,0.14588699
3,1,1,0.7425292
3,0,1,0.70765406
3,1,1,0.6258968
3,0,0,0.302728
3,0,1,0.6591368
3,1,0,0.3969435
3,1,1,0.8529284
3,0,1,0.5563704
3,0,1,0.6304849
3,1,1,0.73448014
3,1,0,0.41139126
3,0,0,0.41663077
3,0,1,0.5404344
3,0,0,0.44192365
3,0,0,0.43091792
3,1,1,0.567625
3,1,1,0.8801786
3,0,1,0.5882198
3,0,1,0.5053296
3,0,1,0.6216498
3,1,1,0.79733413
3,1,1,0.5588999
3,1,1,0.7859394
3,1,1,0.92715997
3,1,1,0.71725816
3,1,1,0.64634
3,0,0,0.42930162
3,1,1,0.6156141
3,0,1,0.8866915
3,0,0,0.3421008
3,1,0,0.36626515
3,0,0,0.2833721
3,1,0,0.25120535
3,1,1,0.5124009
3,0,0,0.38288388
3,1,1,0.9227823
3,1,1,0.76359254
3,1,1,0.6527093
3,1,0,0.49205488
3,1,1,0.5567853
3,0,1,0.6301147
3,0,1,0.5437842
3,0,0,0.48623106
3,0,0,0.31997985
3,1,1,0.8657788
3,1,1,0.8745116
3,1,1,0.55193
3,0,0,0.4734265
3,1,1,0.57674295
3,0,1,0.5162346
3,0,0,0.3512706
3,1,1,0.5171107
3,1,1,0.8442982
3,0,1,0.7019387
3,1,1,0.5298083
3,0,0,0.46575812
3,1,0,0.41289842
3,0,0,0.06910839
3,1,1,0.5750577
3,0,0,0.30603594
3,0,1,0.515464
3,1,0,0.34483567
3,0,0,0.46192628
3,0,0,0.08593968
3,1,0,0.09529788
3,0,0,0.15874597
3,0,1,0.71442837
3,1,0,0.34625265
3,0,0,0.3135288
3,1,0,0.16567738
3,0,0,0.2122196
3,1,1,0.6675571
3,0,0,0.16747843
3,1,1,0.6354867
3,1,1,0.6674032
3,0,0,0.302728
3,0,1,0.6065706
3,1,1,0.87930995
3,1,0,0.44200376
3,0,0,0.21468358
3,1,1,0.75433594
3,1,0,0.46370384
3,0,1,0.5864756
3,0,0,0.21917534
3,1,0,0.33085743
3,0,1,0.7631179
3,1,0,0.4456217
3,0,0,0.32553563
3,1,1,0.7657354
3,1,1,0.62955254
3,0,0,0.25283986
3,0,0,0.40284768
3,0,0,0.3761568
3,0,1,0.7130236
3,1,1,0.6234628
3,1,0,0.45962936
3,1,1,0.87195915
3,1,0,0.4448337
3,0,1,0.61481607
3,0,0,0.29049638
3,1,1,0.81672174
3,0,0,0.23256706
3,0,0,0.44082808
3,1,1,0.65836805
3,0,0,0.38906354
3,1,1,0.74300027
3,0,0,0.3680962
3,0,0,0.37807044
3,1,0,0.3617462
3,1,1,0.5421776
3,0,0,0.33491006
3,1,1,0.5089876
3,0,0,0.34112713
3,0,0,0.25079113
3,1,0,0.32660443
3,0,0,0.08786667
3,1,1,0.5284102
3,0,1,0.84057295
3,1,0,0.4021245
3,1,0,0.3269887
3,1,1,0.6182417
3,1,0,0.41235536
3,1,1,0.53869414
3,0,0,0.46449083
3,0,0,0.15658155
3,0,0,0.0981552
3,0,1,0.8428497
3,1,1,0.6088953
3,1,1,0.5885411
3,1,1,0.57185346
3,1,0,0.33059287
3,1,0,0.3484593
3,0,0,0.17770717
3,0,0,0.13590346
3,0,0,0.46712705
3,0,0,0.37433687
3,1,1,0.5731847
3,1,0,0.49091113
3,1,0,0.45055544
3,1,1,0.5014904
3,0,0,0.08057675
3,0,0,0.3290537
3,0,0,0.39395365
3,0,0,0.22526774
3,1,1,0.6417445
3,1,1,0.6823897
3,0,0,0.32138884
3,0,0,0.46477133
3,0,0,0.4525553
3,0,0,0.284158
3,1,0,0.11970998
3,0,0,0.48377407
3,0,0,0.33192936
3,1,0,0.3204368
3,1,0,0.31781688
3,0,0,0.31991833
3,1,1,0.78166336
3,1,0,0.28781697
3,0,0,0.20307368
3,0,0,0.49388584
3,0,0,0.3263758
3,0,0,0.39256307
3,1,1,0.5882678
3,1,1,0.670724
3,0,0,0.22463636
3,1,0,0.24730538
3,1,0,0.2444841
3,0,1,0.5901602
3,0,0,0.38551152
3,0,0,0.30148733
3,0,0,0.234515
3,1,1,0.52476823
3,0,0,0.2514177
3,1,0,0.40102085
3,1,1,0.6855395
3,0,0,0.23070218
3,1,0,0.17467915
3,0,1,0.7222105
3,1,0,0.28636834
3,1,1,0.68864495
3,0,0,0.42560703
3,1,0,0.32393506
3,1,1,0.77483
3,1,1,0.5955816
3,1,0,0.35674325
3,0,0,0.31411695
3,1,1,0.6063186
3,0,1,0.62245
3,0,0,0.2760306
3,1,1,0.71141917
3,1,1,0.6289024
3,1,1,0.54728955
3,0,0,0.22025186
3,1,1,0.52295136
3,0,0,0.18643063
3,0,0,0.4398944
3,1,0,0.42603573
3,0,1,0.8097253
3,1,1,0.67236453
3,1,1,0.69679165
3,1,1,0.5450213
3,1,1,0.60407865
3,0,0,0.2120606
3,0,1,0.5723155
3,0,0,0.33650234
3,1,1,0.8029959
3,1,0,0.45244202
3,1,1,0.8187852
3,0,0,0.13883233
3,0,1,0.604873
3,0,1,0.6827542
3,0,0,0.13207018
3,1,1,0.6316376
3,1,1,0.7160682
3,1,1,0.72608125
3,1,1,0.8238471
3,0,1,0.6788582
3,0,1,0.5387188
3,0,1,0.7458139
3,1,1,0.81150675
3,1,1,0.7030803
3,1,1,0.6454354
3,1,1,0.5658947
3,1,1,0.7097558
3,0,0,0.3403014
3,0,1,0.80841947
3,1,1,0.65078396
3,1,1,0.7880997
3,0,0,0.1588511
3,0,0,0.43206495
3,1,1,0.7588572
3,0,1,0.70775867
3,0,0,0.36941272
3,1,1,0.92607164
3,0,1,0.7440238
3,1,0,0.36862344
3,0,0,0.114876695
3,0,1,0.6358276
3,1,1,0.8306622
3,0,0,0.44974488
3,0,0,0.42269728
3,1,1,0.57986027
3,1,1,0.50949717
3,0,1,0.5451278
3,0,0,0.30635384
3,0,1,0.56760746
3,1,1,0.57062024
3,0,1,0.5859662
3,1,0,0.4165569
3,1,1,0.54368883
3,0,0,0.4248148
3,1,0,0.420753
3,1,0,0.38680652
3,0,0,0.41759202
3,1,1,0.5063406
3,0,1,0.61774296
3,0,0,0.450719
3,1,0,0.40371773
3,0,0,0.34851873
3,0,0,0.098722056
3,0,0,0.18696
3,0,0,0.09122985
3,1,1,0.5334176
3,0,0,0.36581156
3,1,1,0.9669253
3,0,1,0.6945394
3,1,0,0.3568884
3,0,1,0.7415032
3,1,1,0.6005714
3,0,1,0.84204984
3,1,1,0.5841097
3,0,0,0.19108962
3,0,0,0.2742412
3,1,1,0.6405046
3,1,0,0.3688761
3,0,0,0.18992954
3,1,0,0.2909711
3,0,0,0.15100256
3,0,0,0.2861793
3,1,0,0.14513376
3,1,0,0.40211475
3,1,0,0.22262207
3,1,0,0.46006846
3,0,1,0.52956337
3,1,1,0.6912896
3,0,0,0.27460346
3,0,0,0.25753886
3,0,0,0.15577257
3,0,0,0.3248513
3,0,0,0.15627086
3,1,0,0.4590637
3,1,0,0.2605364
3,0,0,0.4190407
3,0,0,0.12425708
3,0,0,0.43597925
3,0,0,0.21141356
3,1,0,0.4637517
3,0,0,0.11672713
3,0,0,0.49520943
3,1,0,0.1492834
3,1,0,0.49416432
3,0,0,0.34950545
3,0,0,0.109742165
3,1,1,0.54297715
3,1,0,0.27505776
3,0,0,0.35350275
3,0,0,0.37404916
3,0,0,0.4133824
3,0,0,0.3434078
3,1,0,0.36653563
3,0,0,0.24947365
3,1,1,0.5265244
3,1,0,0.27413544
3,1,1,0.66155726
3,0,0,0.3471783
3,1,1,0.6034272
3,0,0,0.49421546
3,0,1,0.59182686
3,1,0,0.1494961
3,1,0,0.36103284
3,0,0,0.2965908
3,0,0,0.34904498
3,0,1,0.83539164
3,1,1,0.5194286
3,1,1,0.7539294
3,1,1,0.7871789
3,0,0,0.27080354
3,0,1,0.6076027
3,1,1,0.68659294
3,0,1,0.6979188
3,0,1,0.68885845
3,0,1,0.7854452
3,1,1,0.5402997
3,0,0,0.4362711
3,0,0,0.33737248
3,1,0,0.36715475
3,1,1,0.61309874
3,0,1,0.51335394
3,0,0,0.38155776
3,1,0,0.37926272
3,0,1,0.65101415
3,1,1,0.7990003
3,1,1,0.7867492
3,1,0,0.34907275
3,0,1,0.7480093
3,1,1,0.5130482
3,0,0,0.37715736
3,0,1,0.73642296
3,0,0,0.44966835
3,1,1,0.5845778
3,0,0,0.23510349
3,1,1,0.95256865
3,0,1,0.50225484
3,1,0,0.32749766
3,0,1,0.5038961
3,1,1,0.7946854
3,0,1,0.6336426
3,1,1,0.69037926
3,1,1,0.8842133
3,0,0,0.4176958
3,0,1,0.74859774
3,1,0,0.44198945
3,0,1,0.72722965
3,1,0,0.39227274
3,0,0,0.18381627
3,1,1,0.96590316
3,1,1,0.77128655
3,1,1,0.60785484
3,1,1,0.84281707
3,0,1,0.723712
3,1,1,0.8144739
3,1,0,0.45611694
3,0,0,0.44530836
3,0,0,0.4450143
3,1,1,0.7266084
3,0,0,0.38626355
3,1,1,0.7397898
3,0,1,0.69608384
3,0,0,0.34417164
3,0,0,0.3170214
3,0,0,0.47530594
3,1,1,0.6229332
3,1,1,0.69115514
3,0,0,0.32354224
3,1,1,0.53940415
3,0,1,0.59742415
3,1,1,0.8513627
3,1,1,0.6196256
3,0,0,0.34070903
3,0,0,0.42935386
3,0,0,0.49110496
3,1,1,0.65948445
3,0,1,0.53506863
3,1,1,0.6856945
3,1,1,0.7183709
3,1,1,0.9155935
3,0,1,0.6354244
3,0,0,0.31974784
3,1,1,0.773537
3,0,1,0.69034827
3,0,1,0.52065027
3,1,1,0.8733702
3,1,0,0.30281538
3,0,1,0.6197993
3,0,0,0.12818709
3,1,1,0.78378683
3,1,1,0.6313163
3,1,1,0.6574092
3,0,0,0.46032837
3,0,1,0.6661744
3,1,1,0.5765639
3,0,0,0.3562991
3,0,0,0.23996505
3,0,0,0.10850427
3,1,1,0.58353496
3,0,0,0.14532919
3,1,1,0.8643709
3,0,1,0.5657756
3,1,1,0.5697079
3,1,1,0.8845363
3,1,1,0.563113
3,0,0,0.45907712
3,1,1,0.84319663
3,1,0,0.34741345
3,0,0,0.4868045
3,0,0,0.103910126
3,0,0,0.16470683
3,0,0,0.16932207
3,1,1,0.70065665
3,1,1,0.7102321
3,0,0,0.45466498
3,0,0,0.09492923
3,1,1,0.61197877
3,0,0,0.33065903
3,1,1,0.77497756
3,0,0,0.37237483
3,0,1,0.6425638
3,1,0,0.40872929
3,1,1,0.91473734
3,1,1,0.77115905
3,0,1,0.8546411
3,1,1,0.7447035
3,1,1,0.87551457
3,0,0,0.4250419
3,1,1,0.79915965
3,0,1,0.5055241
3,0,1,0.6112544
3,0,0,0.45488304
3,0,1,0.51543117
3,1,1,0.5390442
3,0,1,0.56112146
3,0,0,0.27602944
3,0,0,0.20752965
3,0,0,0.14442396
3,1,0,0.11261271
3,1,0,0.34506285
3,0,1,0.7804633
3,0,0,0.18199691
3,1,1,0.65087086
3,0,0,0.14862041
3,1,1,0.67851925
3,1,1,0.57317483
3,0,0,0.38435996
3,1,0,0.1907029
3,1,0,0.4734386
3,0,0,0.051392365
3,1,0,0.4271106
3,0,0,0.05084335
3,1,0,0.2738383
3,0,1,0.70875823
3,0,0,0.06301761
3,0,1,0.53551817
3,0,0,0.47735432
3,0,0,0.2734892
3,0,1,0.5582491
3,0,0,0.21595362
3,0,0,0.049172986
3,0,0,0.07492513
3,0,0,0.33907527
3,1,0,0.3840231
3,1,1,0.5833215
3,0,0,0.1600791
3,1,1,0.5350554
3,0,0,0.27246264
3,1,0,0.4170148
3,1,0,0.14707531
3,0,0,0.45426074
3,0,0,0.28928986
3,1,0,0.3977762
3,1,0,0.11860452
3,1,1,0.62667453
3,1,0,0.32726607
3,0,0,0.43052799
3,0,0,0.16260976
3,1,1,0.67445964
3,0,1,0.5006427
3,1,1,0.6024681
3,0,0,0.48091918
3,0,0,0.42805576
3,0,0,0.33068776
3,1,1,0.53913295
3,0,0,0.2332997
3,0,0,0.47036776
3,0,1,0.5350106
3,0,0,0.32999638
3,0,0,0.35880193
3,1,1,0.53860337
3,1,1,0.6214972
3,0,1,0.6632356
3,1,1,0.70047784
3,0,0,0.3484016
3,1,1,0.52192616
3,1,1,0.9197666
3,0,0,0.25765592
3,1,1,0.59270793
3,0,1,0.62717944
3,1,1,0.6801972
3,0,0,0.363307
3,1,0,0.31076708
3,0,1,0.77063495
3,1,1,0.6441264
3,1,1,0.55092007
3,0,0,0.26519436
3,0,0,0.2915091
3,0,0,0.13706306
3,0,0,0.17203137
3,1,1,0.74700457
3,1,0,0.49312824
3,1,0,0.48174238
3,0,0,0.24390501
3,1,1,0.6734225
3,1,1,0.56376135
3,1,1,0.5522485
3,0,0,0.4562164
3,0,0,0.13210218
3,0,0,0.3167323
3,1,1,0.51720303
3,1,1,0.9111648
3,0,1,0.63294774
3,1,1,0.665509
3,1,0,0.3991343
3,0,0,0.40578514
3,1,1,0.63033134
3,0,0,0.39259082
3,1,1,0.7470132
3,0,0,0.3543842
3,0,0,0.16832481
3,0,0,0.35418501
3,0,0,0.4095769
3,1,1,0.5690956
3,1,1,0.9037713
3,1,1,0.71640503
3,0,0,0.34107187
3,1,0,0.48236108
3,1,0,0.33436406
3,1,1,0.5742099
3,0,0,0.3241055
3,0,0,0.47692004
3,0,1,0.70823175
3,0,1,0.7187251
3,0,0,0.19043177
3,1,1,0.6138679
3,0,0,0.36773905
3,1,0,0.352886
3,1,1,0.5744272
3,0,0,0.44245705
3,0,0,0.39944923
3,0,0,0.46694902
3,1,0,0.42988032
3,0,0,0.32974195
3,1,1,0.85987544
3,0,1,0.6393313
3,1,1,0.8754559
3,0,0,0.22775401
3,0,0,0.18691108
3,1,1,0.74594486
3,0,0,0.47865075
3,0,1,0.6359841
3,0,1,0.55390346
3,1,1,0.59799415
3,1,0,0.46308932
3,1,1,0.59799004
3,0,0,0.494014
3,1,1,0.55032474
3,0,0,0.380649
3,0,0,0.26447433
3,0,0,0.19399872
3,1,1,0.9750762
3,1,1,0.86985606
3,1,0,0.21860626
3,0,1,0.5143888
3,1,0,0.40155983
3,1,1,0.56312144
3,1,1,0.9391034
3,0,1,0.72518367
3,1,1,0.89686817
3,0,1,0.5599473
3,0,0,0.24892707
3,1,1,0.6266797
3,0,0,0.27403697
3,0,0,0.48482645
3,0,1,0.6535908
3,1,0,0.3454617
3,0,0,0.28367248
3,1,1,0.5116269
3,0,0,0.36958542
3,1,1,0.67259955
3,0,0,0.3687581
3,0,0,0.20469508
3,0,0,0.13300991
3,1,0,0.31209058
3,0,0,0.2729485
3,0,0,0.37189054
3,1,0,0.47847348
3,1,1,0.5843653
3,0,0,0.4005915
3,0,0,0.19292058
3,0,0,0.4739215
3,0,1,0.66729677
3,0,0,0.25012153
3,0,0,0.22470652
3,1,1,0.704137
3,1,0,0.3952992
3,0,0,0.4151542
3,1,1,0.5572747
3,0,1,0.55007803
3,1,1,0.6240338
3,0,0,0.2801509
3,0,0,0.36444542
3,1,1,0.52086455
3,0,1,0.55885684
3,1,0,0.30273503
3,0,0,0.15496087
3,1,1,0.94526416
3,1,0,0.4278923
3,0,1,0.59357846
3,1,0,0.4148131
3,1,1,0.54239637
3,1,1,0.8366226
3,1,1,0.8270399
3,1,1,0.53326666
3,0,1,0.65760577
3,0,0,0.24838023
3,0,0,0.32811633
3,1,1,0.81558126
3,1,0,0.3360197
3,1,1,0.6321396
3,0,0,0.44472894
3,1,1,0.6721689
3,0,1,0.5739533
3,0,1,0.6045651
3,1,1,0.6614765
3,0,1,0.57235354
3,0,1,0.50434387
3,0,1,0.591134
3,0,1,0.6361689
3,0,0,0.29213393
3,0,1,0.6132493
3,1,1,0.71365875
3,1,1,0.7151176
3,0,0,0.39420664
3,1,0,0.49443352
3,1,0,0.3761344
3,0,0,0.3307388
3,0,0,0.35485992
3,0,0,0.07350791
3,0,0,0.45197874
3,1,0,0.38667136
3,1,1,0.5451261
3,0,0,0.42426217
3,1,0,0.13961318
3,0,1,0.52412087
3,1,1,0.5638793
3,1,1,0.51210576
3,0,0,0.35500386
3,1,1,0.75050116
3,0,0,0.4304393
3,1,1,0.89645994
3,1,1,0.5463132
3,1,1,0.6260828
3,0,0,0.4013314
3,0,0,0.26049948
3,1,1,0.6595018
3,0,0,0.31398252
3,0,0,0.27408051
3,0,0,0.2631927
3,0,0,0.23944342
3,1,0,0.49145663
3,0,0,0.42835706
3,1,1,0.5124671
3,1,1,0.8854643
3,0,1,0.5345533
3,0,1,0.55384666
3,0,1,0.657753
3,1,1,0.5759901
3,0,1,0.60305566
3,0,0,0.37789747
3,1,1,0.749515
3,1,1,0.6826681
3,1,1,0.9370283
3,1,1,0.8158882
3,0,1,0.63860625
3,1,1,0.7861278
3,1,1,0.8272678
3,1,1,0.7664581
3,0,1,0.542392
3,1,1,0.579674
3,0,0,0.31972647
3,0,0,0.46242884
3,0,1,0.57758623
3,1,1,0.93501294
3,1,1,0.75050515
3,1,0,0.44242525
3,0,0,0.34632206
3,0,0,0.3671445
3,1,1,0.7414985
3,1,1,0.73820925
3,0,1,0.5278654
3,0,1,0.64754176
3,0,0,0.44709367
3,0,0,0.47436008
3,1,1,0.6201565
3,1,0,0.36738074
3,0,0,0.26157942
3,1,0,0.45811817
3,0,0,0.36703408
3,0,1,0.51327175
3,0,0,0.49713504
3,0,0,0.24049039
3,0,1,0.5188672
3,0,1,0.5272214
3,1,0,0.15092558
3,0,1,0.5806691
3,0,1,0.5686998
3,0,0,0.3172613
3,1,1,0.66328335
3,0,0,0.45063162
3,1,1,0.53172344
3,1,1,0.6985777
3,0,0,0.23482937
3,1,1,0.5973445
3,1,0,0.2861457
3,0,0,0.38151467
3,1,0,0.2160635
3,0,0,0.1618402
3,0,0,0.19149989
3,1,0,0.39776754
3,1,1,0.6207422
3,0,1,0.5335097
3,1,1,0.7218246
3,0,0,0.28111213
3,1,0,0.1980828
3,1,0,0.46251073
3,0,0,0.13505134
3,1,0,0.2692191
3,0,0,0.08783666
3,0,0,0.08859587
3,1,1,0.63258165
3,1,0,0.3322783
3,0,0,0.17006914
3,0,0,0.34445578
3,0,0,0.1975394
3,0,0,0.22319211
3,0,0,0.23783468
3,1,1,0.68655044
3,0,0,0.3114527
3,0,0,0.20271647
3,1,0,0.43706688
3,1,1,0.7667863
3,1,1,0.6671427
3,0,0,0.18108156
3,0,0,0.44342187
3,0,0,0.15662314
3,0,0,0.33007616
3,0,0,0.28501683
3,0,0,0.19551712
3,1,1,0.56542605
3,0,0,0.3932197
3,0,0,0.28558382
3,1,0,0.22170469
3,1,1,0.5641505
3,0,0,0.2092344
3,1,0,0.25538763
3,1,1,0.66918975
3,0,0,0.28805754
3,1,0,0.49739704
3,0,0,0.16965444
3,1,1,0.6820626
3,1,0,0.4446282
3,1,0,0.26049712
3,0,0,0.355271
3,0,0,0.24328093
3,0,0,0.26665065
3,0,0,0.24509111
3,0,0,0.32047114
3,1,0,0.20533635
3,0,0,0.40727937
3,0,0,0.42944822
3,1,1,0.59973216
3,0,0,0.26788113
3,1,0,0.47936988
3,0,0,0.23926494
3,1,0,0.3994959
3,0,0,0.34952092
3,1,0,0.37342978
3,1,0,0.35020915
3,0,0,0.38625193
3,1,0,0.11434148
3,0,0,0.16438942
3,1,1,0.5440798
3,1,0,0.3810933
3,0,0,0.47566646
3,1,0,0.46552774
3,0,1,0.5142375
3,0,0,0.44333026
3,0,0,0.41190144
3,0,1,0.65048766
3,0,0,0.26863083
3,0,0,0.4805029
3,0,0,0.21513282
3,0,1,0.6332217
3,1,0,0.16281268
3,0,0,0.20086168
3,0,0,0.47233003
3,1,0,0.438604
3,1,1,0.7092004
3,1,1,0.7492426
3,0,1,0.74674916
3,0,0,0.3566887
3,1,0,0.21412219
3,0,0,0.2723586
3,0,0,0.38606825
3,0,1,0.60984284
3,0,1,0.66096187
3,1,1,0.7833321
3,1,1,0.6294201
3,1,0,0.41150084
3,1,0,0.24177949
3,0,1,0.64133227
3,0,0,0.2288346
3,1,0,0.33221447
3,1,0,0.174715
3,1,1,0.7083797
3,0,0,0.43656075
3,0,0,0.4396783
3,0,0,0.25219133
3,1,1,0.5133553
3,1,0,0.24014986
3,0,0,0.46484482
3,0,0,0.31151858
3,0,0,0.24783324
3,0,0,0.28112292
3,1,0,0.30474147
3,0,1,0.5610257
3,0,0,0.22920725
3,1,0,0.49487042
3,0,1,0.5990811
3,0,0,0.46785152
3,1,1,0.85553795
3,0,0,0.45200777
3,0,0,0.3360441
3,0,1,0.54562765
3,0,1,0.6821443
3,1,0,0.32127702
3,1,1,0.5718508
3,1,0,0.26801574
3,1,1,0.74807835
3,1,1,0.5645593
3,1,1,0.6529664
3,1,1,0.5836356
3,1,1,0.62950474
3,0,1,0.519797
3,1,0,0.48172364
3,1,1,0.50187004
3,1,1,0.7297368
3,0,1,0.6770931
3,1,1,0.59069556
3,0,1,0.54092056
3,0,1,0.53982055
3,0,0,0.34662303
3,0,0,0.2031081
3,0,1,0.543957
3,0,0,0.20163915
3,0,0,0.28694358
3,0,1,0.82443076
3,1,1,0.6206398
3,0,0,0.43174124
3,1,1,0.50789356
3,0,0,0.33986142
3,0,0,0.27017403
3,0,0,0.49427447
3,0,1,0.66838217
3,1,1,0.6253978
3,0,0,0.07140809
3,1,1,0.5919031
3,1,1,0.51915747
3,1,0,0.3626467
3,0,0,0.2141323
3,0,1,0.8692917
3,1,1,0.6547335
3,1,1,0.7216649
3,0,1,0.5985482
3,1,1,0.70384866
3,0,1,0.64594764
3,1,1,0.74597114
3,1,1,0.5893083
3,0,0,0.34568012
3,0,0,0.11752619
3,0,1,0.63403535
3,1,1,0.6568301
3,0,0,0.14678814
3,0,0,0.211086
3,1,1,0.62589467
3,0,0,0.15124807
3,1,1,0.573888
3,1,1,0.6829588
3,1,1,0.6053841
3,0,1,0.637305
3,1,0,0.45921054
3,0,1,0.6319682
3,0,0,0.23889291
3,1,1,0.7548236
3,0,0,0.47054592
3,0,0,0.33885083
3,1,1,0.7946475
3,1,0,0.49245417
3,0,0,0.29647687
3,0,0,0.4624079
3,0,0,0.33087772
3,0,1,0.5484336
3,1,1,0.7003323
3,1,1,0.51564455
3,0,0,0.46623936
3,1,1,0.7656127
3,0,0,0.38963565
3,1,0,0.22796454
3,1,0,0.46224117
3,0,1,0.5673694
3,0,1,0.6684722
3,0,1,0.5635861
3,1,1,0.8131492
3,1,0,0.32949337
3,0,1,0.58053935
3,1,1,0.6068656
3,1,1,0.89835674
3,0,1,0.59061396
3,0,0,0.48253775
3,0,1,0.57745934
3,0,0,0.33418715
3,1,1,0.82613575
3,0,1,0.6148083
3,1,0,0.2713964
3,0,0,0.21454339
3,1,1,0.5195229
3,1,1,0.50404376
3,0,0,0.40772477
3,1,1,0.5517128
3,1,1,0.8376272
3,1,0,0.3427539
3,1,0,0.31430793
3,0,0,0.030515565
3,1,0,0.41762492
3,0,0,0.33447292
3,1,0,0.44922432
3,0,0,0.0997412
3,0,0,0.16787772
3,1,0,0.46347275
3,0,0,0.14108168
3,0,0,0.11026382
3,0,0,0.08950583
3,0,1,0.5049892
3,0,0,0.2871721
3,1,0,0.33241525
3,0,0,0.065684564
3,1,1,0.8554662
3,1,1,0.66811883
3,1,1,0.7056518
3,0,0,0.41956338
3,0,0,0.31345716
3,1,1,0.71260405
3,0,0,0.34944752
3,1,1,0.6234664
3,0,0,0.31484467
3,1,1,0.5348913
3,0,1,0.65175515
3,0,1,0.6178296
3,1,1,0.60140586
3,1,1,0.50608367
3,0,0,0.189126
3,1,1,0.69723165
3,0,1,0.54523027
3,0,0,0.43283278
3,0,1,0.6608693
3,1,1,0.59370023
3,1,1,0.52625644
3,0,0,0.06592967
3,0,0,0.04965975
3,0,0,0.18104695
3,1,0,0.3250065
3,0,0,0.29557627
3,0,0,0.085717015
3,0,0,0.41672212
3,1,1,0.52935773
3,1,1,0.6961335
3,1,1,0.73261404
3,0,1,0.5870382
3,1,1,0.66869235
3,0,0,0.27937955
3,1,1,0.65762585
3,0,0,0.37163982
3,0,0,0.40354383
3,1,1,0.6254158
3,1,1,0.66038245
3,1,0,0.15238363
3,0,0,0.4580113
3,0,0,0.111669175
3,0,0,0.37361917
3,1,1,0.76538783
3,0,0,0.25348935
3,0,0,0.44583616
3,0,0,0.48423952
3,0,0,0.484475
3,1,1,0.6992
3,0,0,0.35874522
3,1,0,0.41470253
3,1,1,0.7310158
3,0,0,0.3316737
3,1,1,0.844539
3,0,1,0.52368504
3,1,1,0.5966221
3,0,0,0.25557357
3,1,1,0.50304884
3,1,0,0.4055874
3,0,1,0.79173124
3,0,1,0.52965295
3,1,1,0.5193187
3,0,0,0.17009598
3,1,1,0.72802365
3,0,0,0.39002755
3,0,0,0.27052063
3,1,1,0.7649906
3,0,1,0.51925665
3,1,1,0.61575305
3,1,0,0.48728493
3,0,1,0.68436897
3,1,1,0.6396899
3,0,1,0.5790596
3,1,1,0.6248046
3,1,1,0.8220874
3,0,1,0.67335606
3,0,0,0.35003057
3,1,1,0.70656747
3,1,1,0.8373484
3,0,1,0.91562825
3,1,1,0.5452175
3,1,1,0.7072489
3,0,0,0.39070156
3,0,0,0.15319452
3,0,0,0.48780814
3,1,1,0.9427439
3,0,0,0.36908466
3,1,1,0.91653234
3,1,1,0.7267437
3,1,1,0.6685284
3,0,1,0.5132834
3,0,1,0.5735319
3,0,0,0.47895816
3,1,1,0.73204315
3,1,1,0.9508553
3,1,1,0.6545714
3,0,0,0.29234555
3,1,0,0.44540808
3,0,0,0.15482809
3,1,0,0.40433186
3,0,0,0.26536193
3,0,0,0.37933168
3,1,1,0.62898207
3,0,0,0.07481617
3,1,0,0.43218923
3,0,0,0.1411404
3,1,0,0.30188936
3,0,0,0.21023393
3,0,0,0.47626817
3,1,1,0.5736464
3,0,0,0.36679116
3,0,1,0.56543064
3,0,1,0.8356164
3,1,0,0.49970815
3,1,1,0.5192777
3,0,1,0.60606456
3,0,1,0.63428634
3,1,0,0.49571028
3,0,0,0.28801098
3,1,1,0.8529076
3,1,1,0.86927456
3,0,1,0.9197032
3,0,0,0.2720777
3,1,1,0.8114337
3,1,1,0.69716597
3,1,1,0.5059885
3,0,0,0.2819512
3,0,1,0.52628213
3,1,0,0.3631467
3,0,1,0.583386
3,0,0,0.38555098
3,1,1,0.51239544
3,1,0,0.45491117
3,0,1,0.61891574
3,0,0,0.1483372
3,1,1,0.5050408
3,0,0,0.3280551
3,1,1,0.64496815
3,0,0,0.44774446
3,1,1,0.6964085
3,0,0,0.47141963
3,0,1,0.549594
3,1,0,0.48326457
3,0,1,0.80133384
3,1,0,0.29157168
3,0,0,0.15278299
3,1,1,0.52564275
3,1,1,0.83824885
3,0,1,0.7551421
3,0,0,0.49012947
3,0,1,0.56709355
3,1,1,0.62733763
3,1,1,0.7280565
3,0,1,0.6677832
3,1,0,0.4788187
3,1,1,0.83299536
3,0,0,0.38649392
3,0,0,0.20763296
3,0,0,0.32439414
3,1,1,0.692356
3,0,1,0.5786068
3,0,0,0.19750302
3,0,0,0.1272064
3,0,1,0.61584926
3,1,1,0.64494574
3,0,0,0.29856488
3,0,0,0.4253597
3,0,1,0.5406853
3,1,1,0.753556
3,1,1,0.5308384
3,0,0,0.37874267
3,1,1,0.6291702
3,0,0,0.30439144
3,0,1,0.5330241
3,1,1,0.7347881
3,1,1,0.7576569
3,0,0,0.30785918
3,1,1,0.79608303
3,1,1,0.69002956
3,0,0,0.29139504
3,1,1,0.8574592
3,1,1,0.73632306
3,1,0,0.48491052
3,0,0,0.253901
3,0,1,0.76779723
3,1,1,0.6445264
3,1,1,0.6863763
3,0,0,0.46759173
3,1,1,0.79028195
3,1,1,0.6051492
3,0,0,0.29819715
3,1,1,0.5649415
3,1,1,0.61951846
3,0,0,0.18056738
3,0,0,0.24265288
3,0,0,0.15867998
3,1,1,0.7009082
3,0,0,0.24353336
3,0,0,0.19345228
3,1,1,0.59529394
3,0,1,0.6389247
3,0,0,0.31310827
3,0,0,0.23937239
3,0,0,0.47109988
3,1,1,0.7236155
3,0,0,0.40762305
3,0,0,0.43901825
3,0,0,0.48055264
3,1,1,0.5667152
3,0,0,0.45902297
3,1,0,0.37042904
3,0,0,0.09257852
3,0,0,0.15073308
3,0,0,0.22867751
3,1,1,0.6388843
3,0,1,0.7898272
3,1,1,0.811184
3,1,1,0.8545877
3,0,1,0.74060124
3,0,0,0.23509277
3,0,1,0.8661365
3,0,1,0.6673701
3,1,1,0.59519744
3,1,0,0.4227377
3,0,0,0.33216408
3,1,0,0.3595959
3,0,0,0.34742004
3,0,0,0.2333593
3,1,0,0.2530975
3,0,0,0.17510973
3,1,1,0.6359577
3,0,0,0.111403815
3,1,0,0.3874247
3,0,0,0.4927262
3,0,0,0.49263647
3,0,0,0.28934282
3,1,0,0.38858512
3,1,0,0.45294005
3,0,0,0.19671682
3,1,1,0.7007516
3,1,1,0.6199691
3,1,1,0.52953285
3,0,0,0.09384617
3,1,0,0.24191055
3,0,0,0.16344677
3,0,0,0.07483971
3,1,1,0.5041137
3,1,1,0.5202234
3,0,0,0.4582953
3,1,1,0.54400796
3,0,0,0.3639088
3,0,0,0.27580675
3,1,1,0.9007801
3,0,1,0.6216402
3,0,0,0.4472332
3,1,1,0.83432144
3,0,0,0.36380932
3,1,1,0.6724109
3,1,1,0.6280498
3,0,0,0.44170588
3,0,0,0.490306
3,0,1,0.66748154
3,1,0,0.3096745
3,0,0,0.122228965
3,1,1,0.6929136
3,1,0,0.4523688
3,1,1,0.65387243
3,0,1,0.64138436
3,0,0,0.38393164
3,0,0,0.3986808
3,1,1,0.5223727
3,0,1,0.5340714
3,0,0,0.110349104
3,0,1,0.5205563
3,1,1,0.8972453
3,1,1,0.65177363
3,0,1,0.63053685
3,0,1,0.52921826
3,1,1,0.7963299
3,0,0,0.4547674
3,0,1,0.6000017
3,0,0,0.3772267
3,1,1,0.7902979
3,0,0,0.42471007
3,1,1,0.70952934
3,1,1,0.8883909
3,0,1,0.5163839
3,0,1,0.6384602
3,0,0,0.3275956
3,0,1,0.6024835
3,0,0,0.3233811
3,1,1,0.8543143
3,1,0,0.20503181
3,1,1,0.6196886
3,1,1,0.69594604
3,1,0,0.237697
3,0,0,0.39182466
3,1,0,0.47324526
3,0,0,0.08295189
3,1,0,0.48520517
3,0,0,0.052392233
3,1,0,0.3852708
3,0,0,0.24188024
3,0,0,0.342097
3,1,0,0.28939503
3,1,0,0.23641996
3,0,0,0.31245023
3,0,0,0.35301507
3,0,1,0.7160906
3,0,1,0.61397564
3,0,0,0.35643607
3,1,1,0.8247663
3,1,1,0.7106305
3,0,1,0.63250893
3,0,0,0.18778636
3,0,0,0.3448804
3,1,1,0.64069086
3,1,0,0.41074002
3,1,0,0.31992525
3,0,1,0.7633485
3,1,0,0.4804634
3,0,0,0.4058131
3,0,0,0.07228344
3,0,1,0.5710914
3,0,0,0.15931293
3,1,1,0.54116404
3,1,1,0.8403228
3,1,0,0.38044408
3,1,1,0.7377143
3,1,1,0.8073972
3,1,1,0.8680732
3,1,1,0.7826654
3,1,1,0.8871932
3,1,1,0.8057394
3,0,1,0.52305347
3,1,1,0.85021406
3,0,0,0.06682966
3,0,0,0.088029556
3,1,1,0.73156637
3,0,0,0.47643158
3,0,1,0.58578324
3,0,0,0.2976955
3,0,1,0.7048421
3,0,1,0.6302348
3,1,1,0.7385973
3,1,1,0.5266842
3,1,1,0.67548126
3,1,0,0.44976783
3,1,0,0.46787947
3,1,1,0.81292117
3,0,0,0.24405633
3,0,0,0.3041004
3,0,0,0.14989622
3,0,0,0.4481464
3,1,1,0.75108945
3,1,0,0.28839812
3,1,0,0.44246545
3,1,1,0.7485333
3,0,0,0.25200105
3,1,0,0.45166168
3,1,1,0.64215106
3,1,1,0.601713
3,0,1,0.50738275
3,0,0,0.24422902
3,0,1,0.66181886
3,0,1,0.76340127
3,0,1,0.78565884
3,1,1,0.8436368
3,1,1,0.8564248
3,1,1,0.8695788
3,0,0,0.37948927
3,0,0,0.40890843
3,1,1,0.878286
3,0,0,0.28279996
3,1,1,0.9592636
3,1,0,0.40621868
3,0,1,0.8070463
3,0,0,0.46682575
3,1,0,0.30508065
3,0,1,0.6442366
3,1,1,0.84646845
3,0,0,0.41817373
3,1,0,0.3805365
3,0,0,0.2742798
3,1,1,0.87412614
3,1,1,0.7494101
3,1,1,0.9092253
3,1,1,0.75748235
3,1,1,0.6431035
3,1,1,0.8911128
3,1,1,0.67526156
3,0,0,0.13825557
3,0,1,0.5328759
3,0,0,0.34201127
3,0,1,0.7306873
3,1,0,0.45407015
3,1,0,0.49131957
3,0,0,0.11031028
3,1,1,0.8944542
3,0,0,0.45280203
3,0,0,0.2657219
3,1,1,0.5875173
3,0,1,0.7780552
3,0,0,0.12033811
3,1,1,0.64550775
3,0,0,0.35621145
3,1,1,0.5649144
3,1,0,0.30692142
3,0,0,0.22288723
3,1,1,0.80208415
3,0,0,0.380923
3,1,0,0.16606098
3,1,1,0.75608724
3,0,0,0.37215346
3,0,0,0.48965117
3,0,0,0.13056625
3,1,0,0.12755133
3,0,0,0.2660762
3,1,1,0.6765928
3,0,0,0.17032082
3,0,0,0.4453357
3,1,0,0.37769958
3,0,0,0.13974375
3,1,0,0.35892746
3,0,0,0.35946074
3,0,1,0.537059
3,1,1,0.6811172
3,1,1,0.5759489
3,1,1,0.91157734
3,1,1,0.76797754
3,1,1,0.6385469
3,1,0,0.40691885
3,1,0,0.49605975
3,0,1,0.7474511
3,0,0,0.48649743
3,0,1,0.7384336
3,0,0,0.39654663
3,0,0,0.48117903
3,0,1,0.5750339
3,1,1,0.74287266
3,0,1,0.7992198
3,1,1,0.8160105
3,0,1,0.6532197
3,1,1,0.5447899
3,1,1,0.7397839
3,0,1,0.56153965
3,0,1,0.72360724
3,1,1,0.82240254
3,1,0,0.36265883
3,0,1,0.7167789
3,1,1,0.8759775
3,1,1,0.68093604
3,1,1,0.535631
3,0,1,0.6040469
3,0,1,0.7475645
3,1,1,0.57185173
3,1,1,0.5786437
3,1,0,0.33786267
3,0,0,0.23564376
3,0,1,0.5335005
3,1,1,0.58976674
3,0,1,0.80566436
3,0,0,0.37625384
3,0,1,0.68221474
3,1,0,0.40206578
3,1,1,0.57804865
3,0,0,0.119316734
3,0,0,0.080649965
3,0,0,0.3524512
3,0,0,0.3445447
3,1,1,0.81836045
3,1,1,0.8126403
3,1,0,0.44307777
3,1,1,0.6732354
3,0,1,0.57969946
3,0,1,0.8253794
3,1,1,0.8132691
3,1,0,0.49047878
3,0,1,0.5855879
3,1,1,0.7503566
3,1,1,0.72064704
3,0,1,0.5878624
3,0,1,0.7581842
3,0,0,0.2812462
3,1,1,0.53082955
3,1,0,0.4265175
3,0,0,0.442753
3,0,0,0.47786707
3,1,1,0.8627607
3,1,1,0.7668366
3,0,1,0.711097
3,1,0,0.31680834
3,0,1,0.6968496
3,1,1,0.6268737
3,0,0,0.38131163
3,1,1,0.7112566
3,0,0,0.2826379
3,1,1,0.7562597
3,0,1,0.56605315
3,1,1,0.74412245
3,0,1,0.68067944
3,1,1,0.808508
3,0,0,0.4047472
3,0,0,0.40283018
3,0,0,0.4606305
3,1,1,0.6199024
3,1,1,0.83398455
3,0,0,0.2698538
3,1,1,0.80791974
3,0,0,0.40846264
3,0,0,0.34438086
3,1,1,0.75686985
3,0,0,0.19745906
3,1,1,0.7904722
3,0,0,0.2860401
3,1,1,0.84341174
3,0,0,0.3060479
3,0,0,0.30661744
3,0,0,0.09829999
3,0,0,0.32162032
3,1,1,0.50955975
3,1,1,0.62257
3,1,1,0.6484022
3,1,0,0.31489384
3,1,1,0.5359773
3,0,0,0.451943
3,0,0,0.2222867
3,0,0,0.17123327
3,1,1,0.6160781
3,0,0,0.16023655
3,1,0,0.3712175
3,0,0,0.2975734
3,1,1,0.5363066
3,0,1,0.61417514
3,0,0,0.31834194
3,0,0,0.3135764
3,1,0,0.4341967
3,1,1,0.7792771
3,0,1,0.64302564
3,0,0,0.37214878
3,0,0,0.11235346
3,0,0,0.1369613
3,1,1,0.9479513
3,1,1,0.6114859
3,0,1,0.90229267
3,1,1,0.73134506
3,1,1,0.7157713
3,1,0,0.3870853
3,0,1,0.710247
3,0,1,0.5991314
3,1,0,0.41752023
3,1,0,0.47150955
3,0,0,0.37574968
3,0,0,0.3665058
3,0,0,0.47561473
3,0,1,0.5359388
3,0,0,0.3501385
3,1,0,0.36710653
3,0,1,0.9150342
3,0,1,0.50308776
3,1,1,0.79026026
3,1,0,0.4080039
3,0,1,0.9182797
3,0,1,0.6792243
3,0,1,0.5352718
3,1,1,0.80584455
3,1,1,0.8100361
3,1,1,0.7958668
3,1,1,0.76924247
3,1,1,0.7291927
3,0,0,0.16867882
3,0,0,0.10739714
3,1,1,0.8485772
3,1,1,0.92331177
3,1,1,0.7551342
3,0,0,0.30347016
3,0,1,0.52006394
3,1,0,0.4023017
3,0,0,0.49912003
3,1,1,0.6661961
3,0,1,0.60805273
3,0,1,0.5047791
3,0,1,0.5883908
3,0,0,0.4461068
3,0,1,0.5510688
3,1,1,0.685716
3,0,0,0.3284586
3,1,1,0.55011666
3,1,1,0.63636607
3,0,0,0.17421693
3,1,0,0.3503183
3,0,1,0.86972094
3,0,0,0.3932341
3,1,1,0.78102744
3,1,1,0.6138324
3,1,1,0.9093253
3,1,1,0.57971025
3,1,1,0.64846367
3,1,1,0.8504159
3,1,1,0.5149189
3,0,1,0.5680868
3,0,0,0.40239358
3,0,0,0.3035536
3,0,0,0.24600446
3,1,1,0.73212
3,0,0,0.26659873
3,0,1,0.77707756
3,1,1,0.9802033
3,0,1,0.84468514
3,0,1,0.82025343
3,0,0,0.15438366
3,1,1,0.5025919
3,1,1,0.56750166
3,0,1,0.605389
3,0,0,0.13091148
3,1,1,0.62689936
3,0,1,0.5812156
3,0,1,0.84295183
3,1,1,0.85976255
3,0,1,0.6887027
3,0,1,0.8148238
3,1,1,0.5852276
3,0,0,0.3210501
3,1,1,0.6970397
3,0,0,0.33238557
3,1,0,0.24478917
3,1,0,0.14930303
3,1,1,0.87417287
3,0,1,0.59848803
3,0,0,0.16316278
3,0,1,0.62890834
3,1,1,0.71055746
3,0,0,0.44283637
3,1,0,0.37049502
3,0,0,0.39126983
3,0,0,0.30970296
3,1,1,0.5281024
3,0,0,0.36592007
3,1,0,0.3843538
3,1,0,0.33959457
3,1,0,0.2474539
3,1,0,0.28114957
3,1,1,0.55838466
3,0,1,0.7668101
3,1,0,0.2333891
3,0,0,0.32526097
3,0,0,0.25542825
3,0,1,0.7710441
3,0,1,0.7218383
3,0,0,0.28821498
3,1,0,0.45296338
3,1,0,0.3775455
3,0,0,0.4230185
3,0,0,0.4035289
3,0,0,0.469775
3,1,0,0.20138088
3,1,0,0.28146118
3,1,1,0.8120392
3,0,0,0.17304896
3,1,1,0.85279185
3,0,0,0.30176446
3,1,0,0.44688925
3,0,0,0.46724194
3,0,1,0.561472
3,0,0,0.4110511
3,0,0,0.06503372
3,0,1,0.53241575
3,1,1,0.64948744
3,0,0,0.20644866
3,0,1,0.85924643
3,1,1,0.619523
3,1,0,0.29912043
3,0,1,0.6919508
3,0,0,0.49176842
3,0,0,0.40185025
3,1,1,0.57149297
3,0,1,0.54615796
3,1,1,0.85203964
3,0,1,0.66378695
3,0,0,0.47999442
3,1,1,0.86900234
3,1,1,0.5243389
3,1,0,0.09227018
3,1,1,0.6375278
3,0,0,0.17251576
3,1,1,0.77497095
3,1,1,0.725246
3,0,0,0.38744232
3,0,1,0.57970536
3,0,1,0.6534151
3,0,0,0.10558528
3,1,1,0.6540981
3,0,0,0.19726934
3,1,0,0.430953
3,1,1,0.66220427
3,1,0,0.390312
3,0,1,0.5393446
3,1,0,0.48749202
3,1,0,0.38795534
3,0,0,0.23564093
3,0,1,0.7181427
3,0,0,0.4432159
3,0,1,0.5478622
3,1,1,0.587972
3,1,1,0.5497817
3,1,1,0.7597726
3,0,0,0.14855835
3,1,1,0.6859678
3,1,0,0.38288954
3,0,0,0.18067399
3,1,1,0.9390839
3,0,0,0.46150523
3,1,1,0.7732053
3,0,0,0.2910642
3,0,1,0.5234607
3,1,0,0.39926404
3,1,1,0.8207026
3,1,1,0.7200081
3,0,1,0.6102996
3,0,1,0.50456446
3,0,1,0.668499
3,1,1,0.68325734
3,0,0,0.37243614
3,0,0,0.41486904
3,1,1,0.9196293
3,0,0,0.37502217
3,1,0,0.49002558
3,0,1,0.6096496
3,0,1,0.8699812
3,0,1,0.65957844
3,1,1,0.5506877
3,1,1,0.8766667
3,1,1,0.91181684
3,1,1,0.72554845
3,1,1,0.6361456
3,0,1,0.7196881
3,0,1,0.86197215
3,0,0,0.32651833
3,1,1,0.67156166
3,0,0,0.06467455
3,0,0,0.15355471
3,1,1,0.7663208
3,1,1,0.69079906
3,0,0,0.42907378
3,0,0,0.22678739
3,1,1,0.83612865
3,0,0,0.47071272
3,1,1,0.70610654
3,1,0,0.4217529
3,0,1,0.76337475
3,1,0,0.43140593
3,0,1,0.75398797
3,1,0,0.410882
3,1,0,0.30856657
3,1,0,0.08726497
3,0,1,0.55561495
3,0,1,0.5074562
3,0,1,0.70223063
3,0,0,0.43639457
3,0,0,0.30154774
3,1,1,0.9316234
3,1,1,0.8338562
3,0,1,0.5694339
3,0,0,0.368622
3,0,1,0.8122969
3,0,1,0.7491594
3,1,1,0.72897553
3,1,0,0.45393986
3,0,0,0.43127105
3,1,1,0.8287278
3,0,1,0.70595765
3,1,1,0.50729424
3,0,0,0.453467
3,0,1,0.6060712
3,1,1,0.83462435
3,1,1,0.52646524
3,1,1,0.68897116
3,1,1,0.78448516
3,0,0,0.20936114
3,0,1,0.58708775
3,1,1,0.7279912
3,0,0,0.39991903
3,0,0,0.303209
3,0,1,0.8356002
3,0,1,0.82172674
3,0,0,0.46489495
3,0,1,0.7598774
3,1,1,0.64996594
3,0,1,0.86020005
3,0,0,0.3582131
3,1,1,0.6680963
3,0,1,0.8375691
3,0,0,0.38567778
3,1,1,0.81921774
3,1,1,0.60797817
3,1,1,0.61384845
3,0,0,0.4080039
3,1,1,0.77496094
3,0,0,0.08315149
3,0,0,0.3886849
3,0,0,0.28865373
3,1,1,0.94151145
3,0,1,0.59826916
3,0,1,0.6242335
3,0,1,0.56200653
3,0,1,0.84716487
3,1,1,0.9157877
3,0,0,0.13319299
3,1,1,0.8773386
3,1,1,0.80119944
3,0,1,0.5920299
3,1,1,0.8587276
3,0,0,0.29693717
3,0,0,0.4065523
3,1,1,0.7095637
3,1,1,0.7033088
3,0,0,0.2578035
3,1,1,0.54252315
3,1,1,0.66866595
3,0,1,0.683821
3,1,1,0.7244875
3,1,0,0.33218214
3,0,0,0.33327702
3,1,0,0.4954353
3,0,0,0.4354888
3,1,0,0.49236694
3,1,1,0.5699489
3,0,0,0.39964086
3,1,0,0.21366538
3,0,0,0.26484162
3,0,0,0.47988456
3,0,0,0.20520265
3,1,0,0.28382728
3,0,0,0.32136017
3,0,1,0.8387259
3,1,0,0.31752193
3,0,1,0.63278383
3,0,1,0.5577538
3,1,1,0.73784184
3,0,1,0.6720481
3,1,1,0.8551545
3,1,1,0.8023303
3,0,1,0.52619624
3,0,0,0.28208387
3,1,0,0.45160863
3,0,0,0.22523516
3,1,1,0.70318925
3,0,1,0.79871374
3,1,1,0.72915024
3,1,0,0.31631774
3,1,1,0.8901623
3,1,1,0.9234312
3,1,1,0.8164422
3,1,1,0.87375873
3,0,1,0.68774736
3,1,1,0.71362334
3,0,0,0.40203676
3,1,1,0.84256953
3,1,0,0.44093132
3,0,0,0.16070026
3,1,1,0.84328383
3,1,1,0.7531947
3,1,1,0.90713054
3,1,1,0.58859867
3,0,0,0.34762305
3,0,0,0.1402935
3,1,1,0.92422074
3,0,1,0.67737937
3,0,1,0.92434293
3,0,1,0.66655385
3,1,1,0.8075669
3,0,1,0.7812484
3,1,1,0.9010158
3,1,1,0.678622
3,1,1,0.9517058
3,1,1,0.81928986
3,1,1,0.92818385
3,1,1,0.8639027
3,0,1,0.5841398
3,1,1,0.78846467
3,0,1,0.7170401
3,0,0,0.47273502
3,0,1,0.8290516
3,0,0,0.43626684
3,0,0,0.24744149
3,1,1,0.5334734
3,1,1,0.87643087
3,0,0,0.35489202
3,0,0,0.13979672
3,0,0,0.46367398
3,1,1,0.78768677
3,0,0,0.29783073
3,1,1,0.87228286
3,1,0,0.21970664
3,0,0,0.44443735
3,0,0,0.44742528
3,1,1,0.809327
3,1,1,0.860446
3,1,0,0.4500986
3,1,1,0.8032167
3,1,1,0.87594956
3,1,1,0.86774784
3,1,1,0.7475385
3,1,1,0.74598175
3,0,0,0.2953174
3,0,1,0.7920817
3,0,1,0.58447987
3,0,0,0.12714356
3,0,1,0.5279123
3,1,1,0.82705444
3,0,1,0.59736615
3,0,0,0.4259935
3,1,1,0.7093916
3,0,0,0.18681589
3,0,1,0.6249169
3,1,1,0.5301701
3,1,1,0.5072139
3,0,0,0.10623822
3,1,1,0.8643944
3,1,1,0.6586628
3,1,1,0.7056195
3,1,0,0.37197295
3,1,0,0.4328676
3,0,1,0.57148445
3,1,1,0.80080044
3,0,0,0.27139083
3,0,1,0.79897004
3,1,1,0.52803344
3,1,1,0.7806239
3,0,0,0.28621653
3,1,1,0.5495092
3,0,0,0.10375396
3,0,0,0.45972085
3,0,0,0.38498324
3,0,0,0.15526973
3,1,1,0.57257825
3,0,1,0.70310795
3,0,1,0.7617697
3,1,1,0.5790598
3,0,0,0.47390607
3,0,0,0.3945984
3,1,1,0.57010853
3,0,1,0.5093531
3,0,1,0.88917947
3,1,1,0.88117176
3,1,1,0.5226069
3,0,1,0.54575646
3,1,1,0.90015334
3,0,1,0.81954205
3,1,1,0.65523607
3,0,1,0.5523391
3,1,1,0.92881817
3,1,1,0.7681145
3,1,1,0.8153653
3,1,1,0.7462888
3,1,1,0.58359593
3,0,1,0.62750024
3,0,0,0.36246786
3,0,1,0.5905151
3,1,1,0.9239764
3,1,1,0.9058392
3,1,1,0.92585504
3,1,1,0.87520736
3,0,0,0.34796077
3,0,0,0.44657344
3,0,0,0.18330453
3,1,1,0.53432596
3,1,1,0.63212603
3,0,0,0.28175363
3,0,0,0.13336818
3,1,1,0.5838467
3,0,0,0.29097468
3,1,1,0.90566903
3,1,1,0.5495283
3,1,1,0.5504685
3,0,0,0.32075903
3,1,1,0.6442288
3,1,1,0.8889796
3,0,0,0.38349384
3,0,0,0.19174483
3,0,0,0.4111002
3,1,1,0.69493496
3,0,0,0.20748597
3,1,0,0.27432656
3,0,0,0.32083958
3,0,0,0.070523515
3,1,1,0.8424969
3,0,0,0.47461405
3,0,0,0.47511294
3,0,0,0.30085418
3,1,1,0.7364542
3,0,0,0.32647628
3,0,1,0.59253716
3,1,1,0.9030743
3,1,1,0.86355716
3,0,0,0.34760043
3,1,1,0.7749279
3,0,0,0.27190372
3,0,0,0.41382492
3,1,1,0.76025003
3,0,0,0.31146416
3,0,0,0.35121617
3,0,0,0.24934918
3,1,1,0.6802339
3,1,1,0.64025414
3,1,0,0.40740955
3,0,0,0.081169315
3,1,1,0.862244
3,1,1,0.7467067
3,0,0,0.27589077
3,0,1,0.5789342
3,0,0,0.40910745
3,1,1,0.64572024
3,1,1,0.6399882
3,0,0,0.18556994
3,0,0,0.35637614
3,0,0,0.30955642
3,1,1,0.7544474
3,0,0,0.47669348
3,0,0,0.17965993
3,1,1,0.81409085
3,0,0,0.37338224
3,0,0,0.4133865
3,0,0,0.2667457
3,1,0,0.4141017
3,0,1,0.57031626
3,0,1,0.74269646
3,1,1,0.8412854
3,0,1,0.5092105
3,1,0,0.49165934
3,0,0,0.22004664
3,1,1,0.5084667
3,0,1,0.58107466
3,1,1,0.9131875
3,1,1,0.8220058
3,0,1,0.5307937
3,1,1,0.779145
3,0,0,0.13884684
3,1,1,0.8197909
3,1,1,0.70329756
3,1,1,0.70703566
3,0,1,0.76870084
3,0,0,0.40774488
3,0,0,0.36107004
3,1,1,0.674971
3,0,0,0.33934104
3,1,1,0.74986523
3,1,1,0.64355063
3,1,1,0.88659114
3,0,1,0.78330284
3,0,0,0.34803212
3,1,1,0.764388
3,0,1,0.5839043
3,0,0,0.3679975
3,0,0,0.066706665
3,1,1,0.8418525
3,0,0,0.2771658
3,1,1,0.5523294
3,0,1,0.749171
3,0,0,0.44382805
3,0,0,0.372559
3,0,0,0.29952386
3,0,0,0.42931166
3,1,1,0.6989356
3,0,1,0.5277909
3,1,1,0.85882187
3,0,0,0.19182973
3,1,1,0.8459529
3,1,0,0.47214487
3,1,1,0.5235283
3,1,1,0.66394335
3,0,0,0.24929333
3,0,0,0.3379189
3,0,0,0.18914449
3,0,1,0.7583283
3,1,1,0.84446967
3,0,0,0.37316528
3,1,0,0.32947683
3,0,0,0.2647804
3,0,0,0.22179389
3,0,1,0.5947141
3,0,0,0.20274283
3,1,1,0.5725688
3,0,0,0.234019
3,1,0,0.34073028
3,1,1,0.8231529
3,1,1,0.6793384
3,1,1,0.69156325
3,0,0,0.11703862
3,0,0,0.36505875
3,1,0,0.40973797
3,1,1,0.7792428
3,1,1,0.6929618
3,0,1,0.5924108
3,0,1,0.6806534
3,1,0,0.39159814
3,1,0,0.4051776
3,1,1,0.82900363
3,0,0,0.15111898
3,1,1,0.58422905
3,0,0,0.41730493
3,1,1,0.7892436
3,0,1,0.79960483
3,1,1,0.61957234
3,0,0,0.25763473
3,0,1,0.70265806
3,0,0,0.12081321
3,0,1,0.55282956
3,0,0,0.05426175
3,1,1,0.94404835
3,0,0,0.47151715
3,1,1,0.72491544
3,1,0,0.4751983
3,1,1,0.5651536
3,1,1,0.7774353
3,1,1,0.8248695
3,1,1,0.8788923
3,1,1,0.58663243
3,0,0,0.4029231
3,1,1,0.8428258
3,1,1,0.5729766
3,0,0,0.29837865
3,1,1,0.93134
3,1,0,0.17911284
3,0,0,0.37653023
3,1,0,0.28978303
3,1,0,0.22114174
3,0,0,0.37565815
3,0,0,0.24074881
3,1,0,0.1502732
3,1,0,0.3400018
3,0,0,0.08771168
3,0,0,0.3597987
3,0,1,0.6422433
3,1,1,0.8812208
3,0,0,0.31004557
3,1,0,0.39411297
3,0,0,0.38451484
3,1,0,0.3756627
3,0,1,0.8487727
3,0,0,0.27709126
3,1,1,0.64510626
3,1,1,0.5284953
3,0,1,0.537404
3,0,0,0.34666738
3,1,1,0.6764783
3,1,1,0.7891777
3,0,0,0.09096615
3,1,0,0.4817787
3,0,0,0.1931608
3,0,0,0.46525612
3,0,0,0.48992392
3,0,0,0.43580744
3,1,1,0.7427527
3,0,0,0.12403963
3,1,0,0.39051017
3,0,1,0.8473451
3,0,1,0.6597277
3,1,1,0.9585385
3,1,1,0.68320477
3,1,0,0.34687153
3,0,0,0.39914203
3,1,0,0.29636073
3,1,0,0.3926609
3,0,1,0.7930013
3,1,0,0.45109263
3,0,0,0.17957376
3,0,0,0.29102546
3,0,0,0.45019662
3,0,0,0.48865342
3,0,0,0.19103585
3,0,1,0.8206034
3,1,1,0.65774447
3,0,1,0.72126305
3,1,1,0.8471167
3,1,1,0.8480633
3,1,0,0.2906387
3,0,0,0.4729582
3,1,0,0.4902616
3,1,1,0.8668158
3,0,1,0.66542566
3,1,1,0.65416455
3,0,0,0.3777023
3,1,1,0.5969459
3,0,1,0.6014171
3,0,1,0.7386144
3,0,0,0.3678304
3,0,1,0.5567284
3,1,1,0.82534504
3,0,0,0.22768494
3,1,1,0.715935
3,1,1,0.9065206
3,0,1,0.83414215
3,1,1,0.8633196
3,1,1,0.82572526
3,0,0,0.28406477
3,0,0,0.32621628
3,1,1,0.5221401
3,1,1,0.60053647
3,1,1,0.66226405
3,0,0,0.2566858
3,1,1,0.5704896
3,0,1,0.552829
3,0,0,0.17260367
3,0,1,0.5848926
3,0,1,0.81032366
3,0,0,0.4244766
3,1,1,0.7423251
3,0,1,0.518606
3,1,1,0.9198151
3,1,1,0.56969786
3,1,1,0.8412177
3,0,0,0.28884628
3,1,1,0.76267076
3,1,1,0.85190934
3,1,1,0.9117422
3,0,0,0.37089285
3,0,0,0.136783
3,1,1,0.6523649
3,1,1,0.616718
3,0,1,0.8031651
3,0,1,0.73576057
3,0,1,0.7742214
3,0,0,0.03255358
3,0,0,0.22659492
3,0,0,0.11294266
3,0,0,0.1596405
3,0,0,0.18424791
3,1,1,0.65070486
3,0,0,0.35521132
3,1,1,0.6562899
3,1,1,0.6932554
3,1,1,0.55470204
3,1,1,0.7532119
3,0,1,0.8353032
3,0,0,0.110697106
3,1,1,0.8180755
3,1,1,0.77676994
3,0,0,0.38468704
3,1,1,0.8463298
3,1,1,0.7706708
3,0,1,0.7157762
3,1,1,0.5231977
3,1,1,0.5900441
3,0,1,0.56032556
3,0,0,0.23812783
3,1,1,0.8686735
3,0,0,0.18614376
3,0,1,0.7588535
3,0,1,0.61439747
3,1,0,0.45851725
3,0,0,0.14475752
3,1,1,0.6979768
3,1,0,0.18005258
3,0,0,0.44273204
3,0,0,0.33220404
3,1,1,0.66655487
3,0,1,0.8188666
3,1,1,0.86122334
3,1,1,0.73994833
3,0,0,0.17015748
3,1,0,0.4148306
3,0,0,0.49708444
3,0,0,0.25690857
3,0,0,0.41521475
3,1,1,0.7067299
3,0,0,0.07489841
3,0,1,0.59495586
3,0,0,0.21255164
3,1,0,0.33321324
3,1,1,0.84079605
3,0,0,0.17000422
3,1,0,0.48522368
3,0,0,0.28992075
3,1,1,0.8353297
3,0,1,0.7543175
3,1,0,0.42216772
3,0,1,0.62468827
3,1,1,0.8826839
3,0,0,0.16233078
3,1,0,0.41313472
3,0,1,0.5061786
3,0,1,0.6574206
3,0,1,0.54005045
3,1,1,0.9752505
3,1,1,0.78849506
3,1,0,0.32066143
3,0,0,0.4574057
3,1,1,0.8769244
3,0,1,0.5734871
3,0,0,0.46311137
3,1,0,0.48135498
3,1,1,0.8208634
3,0,0,0.32836482
3,0,0,0.13068049
3,0,0,0.1123869
3,0,1,0.6116608
3,0,1,0.58584994
3,1,0,0.30030364
3,1,1,0.8550113
3,0,1,0.6761421
3,0,0,0.34942597
3,0,0,0.20527443
3,1,1,0.7167151
3,1,1,0.72414726
3,0,0,0.47868514
3,1,1,0.8521677
3,0,1,0.87003654
3,0,0,0.4025937
3,1,1,0.5920605
3,1,1,0.7949814
3,1,1,0.5972536
3,0,1,0.7817539
3,0,0,0.44262832
3,1,1,0.5586876
3,1,1,0.73670435
3,1,1,0.5103586
3,0,0,0.23837529
3,0,0,0.4520666
3,0,0,0.4223661
3,0,0,0.2148958
3,0,1,0.62763095
3,1,0,0.49518698
3,0,1,0.9086826
3,1,1,0.6726612
3,1,1,0.7222488
3,0,1,0.72726125
3,0,0,0.0992317
3,1,1,0.5464718
3,0,0,0.28126875
3,1,1,0.6888574
3,1,0,0.40142593
3,0,1,0.6600153
3,0,0,0.19898939
3,0,0,0.41216773
3,1,0,0.41708755
3,1,0,0.26925895
3,1,1,0.6841182
3,1,0,0.4854514
3,1,1,0.78531146
3,0,0,0.36930597
3,1,1,0.6340609
3,0,0,0.32232395
3,0,0,0.3388747
3,0,0,0.2735364
3,0,0,0.43401396
3,1,0,0.252447
3,0,0,0.3141339
3,1,1,0.73852843
3,0,0,0.37815914
3,0,0,0.3716364
3,1,1,0.6508721
3,1,1,0.631727
3,0,0,0.37098864
3,0,0,0.26172274
3,1,1,0.9267104
3,0,0,0.47250107
3,1,1,0.55712897
3,1,1,0.59490895
3,0,1,0.7365304
3,0,0,0.4783216
3,0,0,0.355362
3,0,0,0.05222677
3,1,0,0.24946348
3,0,0,0.41210946
3,0,1,0.8328798
3,0,0,0.28339192
3,1,1,0.7513291
3,1,0,0.35588244
3,0,0,0.38373247
3,0,1,0.78398556
3,0,0,0.40064126
3,0,0,0.20207717
3,1,0,0.47929025
3,1,0,0.41568512
3,1,1,0.70331013
3,1,1,0.5448202
3,0,0,0.24410416
3,1,1,0.89786404
3,0,0,0.4159678
3,1,1,0.78821516
3,1,0,0.3373748
3,0,1,0.7166067
3,0,0,0.35052902
3,0,0,0.10855095
3,1,1,0.73185533
3,0,1,0.7347748
3,1,0,0.49044138
3,1,0,0.43490115
3,1,1,0.5452649
3,0,1,0.5878123
3,0,0,0.11443844
3,0,1,0.644579
3,1,1,0.9133274
3,1,1,0.70679814
3,0,0,0.07949629
3,0,0,0.16704716
3,1,1,0.6719921
3,0,0,0.15771452
3,0,0,0.24183734
3,0,1,0.7270551
3,0,1,0.6552069
3,0,1,0.5353099
3,1,1,0.8347834
3,1,1,0.7079573
3,1,1,0.8297268
3,0,1,0.7406843
3,0,0,0.2591568
3,0,1,0.59540915
3,1,1,0.5044807
3,0,0,0.14382842
3,1,0,0.08943134
3,0,1,0.5678095
3,0,0,0.26980287
3,0,1,0.6957755
3,0,1,0.51732713
3,0,0,0.32979903
3,1,0,0.3217741
3,1,1,0.6684848
3,1,1,0.81592536
3,1,0,0.34336102
3,0,1,0.872429
3,1,1,0.76706094
3,1,0,0.33702412
3,0,1,0.79892373
3,1,1,0.5680758
3,1,1,0.5624419
3,1,0,0.44942504
3,1,1,0.6503797
3,0,1,0.6091084
3,0,1,0.59585047
3,0,0,0.3735109
3,0,0,0.35521132
3,1,1,0.8072272
3,1,1,0.87399435
3,0,0,0.3934794
3,1,1,0.9395898
3,0,0,0.28131616
3,1,1,0.68005794
3,0,0,0.2853486
3,0,0,0.25359133
3,0,0,0.07183153
3,0,1,0.8310093
3,1,1,0.6728255
3,0,1,0.5923138
3,0,1,0.51971066
3,1,1,0.7899441
3,1,1,0.6079004
3,1,1,0.8021501
3,0,0,0.35150185
3,0,0,0.22044341
3,1,1,0.78025883
3,0,0,0.40940478
3,1,1,0.7443911
3,0,0,0.42470333
3,1,1,0.6841832
3,0,0,0.48654792
3,1,1,0.925964
3,1,1,0.83956224
3,0,1,0.6097714
3,0,1,0.64886785
3,1,1,0.8114807
3,0,0,0.3785846
3,1,1,0.6189213
3,0,0,0.13874803
3,0,0,0.09310619
3,0,0,0.23152445
3,0,1,0.62300575
3,1,1,0.8033125
3,0,0,0.19995685
3,0,0,0.1729629
3,1,1,0.81740165
3,1,1,0.56717587
3,0,0,0.29709342
3,1,1,0.8966211
3,0,0,0.49521393
3,1,1,0.8210263
3,1,1,0.69549155
3,1,1,0.59009975
3,0,1,0.52510434
3,0,0,0.39299572
3,0,0,0.18018733
3,0,0,0.113971926
3,1,1,0.7697144
3,1,1,0.8162273
3,0,0,0.47262594
3,1,1,0.8444067
3,0,0,0.41332173
3,0,0,0.3462973
3,1,1,0.69924235
3,1,1,0.6622436
3,1,1,0.75864637
3,0,1,0.6894171
3,0,0,0.4330918
3,1,1,0.52760315
3,0,1,0.7465754
3,0,0,0.21301442
3,0,1,0.7425308
3,0,0,0.30620122
3,1,1,0.8005397
3,1,1,0.7970868
3,0,0,0.17475267
3,0,0,0.10503802
3,1,1,0.6827555
3,1,1,0.9145627
3,0,0,0.10483786
3,0,0,0.44035128
3,0,0,0.44266486
3,0,0,0.4201666
3,1,1,0.8597137
3,0,1,0.6779361
3,0,1,0.5966764
3,1,1,0.6154795
3,1,1,0.69222987
3,1,1,0.87073445
3,1,1,0.8771655
3,0,0,0.40496683
3,0,0,0.46997312
3,1,1,0.63792026
3,0,1,0.63353056
3,0,0,0.06309441
3,0,0,0.15809375
3,0,1,0.5290111
3,0,0,0.336965
3,0,0,0.18977402
3,1,0,0.31867555
3,1,1,0.89719087
3,1,0,0.43532658
3,0,0,0.32013562
3,1,1,0.8373374
3,0,1,0.6129816
3,1,1,0.7436034
3,1,1,0.8399919
3,0,0,0.43186358
3,1,1,0.6317143
3,0,0,0.27727184
3,1,1,0.6970357
3,1,1,0.8122829
3,0,1,0.6895049
3,0,1,0.69760555
3,0,1,0.709492
3,1,1,0.74654895
3,1,1,0.71931535
3,1,1,0.7949569
3,1,0,0.43411833
3,0,0,0.32409072
3,0,0,0.16428171
3,1,1,0.7443811
3,0,0,0.3870092
3,1,1,0.63493466
3,1,0,0.43026876
3,1,1,0.58014524
3,0,0,0.3171252
3,0,1,0.5364955
3,0,0,0.49239063
3,0,0,0.4910368
3,1,0,0.31944984
3,1,0,0.48693284
3,0,0,0.33837685
3,0,0,0.056990378
3,0,1,0.7722407
3,1,0,0.4154154
3,0,1,0.5691386
3,0,0,0.17722802
3,1,0,0.2934123
3,1,1,0.70876765
3,0,1,0.5041853
3,0,1,0.5943013
3,0,0,0.33553427
3,0,1,0.8701545
3,0,1,0.7848361
3,1,1,0.6817649
3,1,1,0.82081294
3,0,0,0.4274652
3,1,1,0.6909125
3,1,1,0.82095414
3,0,0,0.4476967
3,1,1,0.8302292
3,1,1,0.7971067
3,1,0,0.48959863
3,0,0,0.30633646
3,1,1,0.5569326
3,0,1,0.67036307
3,0,0,0.41287655
3,1,1,0.6862102
3,1,0,0.16596913
3,1,0,0.4892213
3,0,0,0.18977852
3,0,1,0.92104167
3,1,1,0.5717503
3,0,1,0.71342456
3,1,0,0.25152418
3,1,0,0.23389407
3,0,1,0.61590993
3,0,1,0.5953687
3,1,1,0.590719
3,1,0,0.44434643
3,1,1,0.66567254
3,1,1,0.6080487
3,0,0,0.27297768
3,0,1,0.73153555
3,1,1,0.59411263
3,1,0,0.47829905
3,1,1,0.60145766
3,0,1,0.6003726
3,0,1,0.62576485
3,0,1,0.7908031
3,1,1,0.82089597
3,0,1,0.62152994
3,0,1,0.76997584
3,0,1,0.65448695
3,0,0,0.38781247
3,1,1,0.6567411
3,1,1,0.5270138
3,0,0,0.10980557
3,1,1,0.7484279
3,1,0,0.19518833
3,1,0,0.39917716
3,1,1,0.71832395
3,0,0,0.4909455
3,0,1,0.63294774
3,0,1,0.56882393
3,0,0,0.08335391
3,1,1,0.6453937
3,1,1,0.7067365
3,0,0,0.08486185
3,0,1,0.6698186
3,1,1,0.9052858
3,0,0,0.41180846
3,0,1,0.7079037
3,1,1,0.85897315
3,1,1,0.6147362
3,0,0,0.3474497
3,1,1,0.7629261
3,0,1,0.5372024
3,0,1,0.52160025
3,1,0,0.20195621
3,0,0,0.32673118
3,0,0,0.2765664
3,1,1,0.73208165
3,1,0,0.20630807
3,0,0,0.25956398
3,1,1,0.8978083
3,1,1,0.67225957
3,1,1,0.8814989
3,1,1,0.67134184
3,0,0,0.44033772
3,0,0,0.1413956
3,0,1,0.70936656
3,0,1,0.5960117
3,0,1,0.53853023
3,0,0,0.21753213
3,0,0,0.11821704
3,0,1,0.78167707
3,0,0,0.036894295
3,1,1,0.6193985
3,1,1,0.7309888
3,0,0,0.2812462
3,1,0,0.4965822
3,1,1,0.9140124
3,1,1,0.77365756
3,0,1,0.53082955
3,0,0,0.4265175
3,1,1,0.8106461
3,1,1,0.5515261
3,0,0,0.31959453
3,1,1,0.63533074
3,0,0,0.24042438
3,0,1,0.574968
3,0,1,0.8443665
3,0,1,0.65860564
3,1,1,0.53082955
3,1,0,0.4265175
3,0,0,0.442753
3,0,0,0.467081
3,1,1,0.7710953
3,1,1,0.7668366
3,0,0,0.31021318
3,1,1,0.8396928
3,1,1,0.6902814
3,1,1,0.9089864
3,0,1,0.711097
3,1,0,0.31680834
3,0,1,0.7499632
3,0,1,0.65410113
3,0,0,0.4381171
3,0,1,0.82187855
3,1,0,0.37624696
3,0,1,0.8150839
3,0,0,0.32385835
3,1,1,0.79176277
3,0,0,0.39929715
3,0,0,0.26335943
3,0,1,0.50295895
3,1,1,0.8235799
3,0,0,0.3170038
3,1,1,0.62677443
3,1,0,0.3891684
3,0,1,0.828131
3,0,1,0.5595353
3,1,1,0.6605357
3,1,1,0.9192975
3,1,1,0.8283112
3,1,1,0.89351887
3,1,0,0.4739528
3,1,0,0.3968856
3,0,0,0.25354457
3,1,1,0.5404738
3,0,0,0.1262036
3,1,0,0.22734267
3,1,1,0.51576716
3,0,1,0.6905175
3,0,0,0.32021108
3,0,0,0.47592342
3,1,0,0.45805386
3,0,0,0.13361275
3,0,0,0.27714485
3,0,0,0.1169651
3,1,0,0.12615556
3,1,0,0.4178863
3,1,1,0.62162614
3,1,1,0.9399588
3,1,1,0.7800102
3,0,0,0.27696624
3,1,0,0.43718034
3,0,0,0.17012501
3,0,0,0.43651897
3,0,1,0.7955572
3,1,0,0.38280526
3,1,1,0.70056784
3,1,1,0.87951803
3,0,1,0.91146636
3,1,1,0.880485
3,1,1,0.7002043
3,1,0,0.46144933
3,0,1,0.6746377
3,0,0,0.14052069
3,0,0,0.14480004
3,0,1,0.5900363
3,0,0,0.12210083
3,0,1,0.5360782
3,0,0,0.4911942
3,0,0,0.10943994
3,0,0,0.24227113
3,1,1,0.69651544
3,1,1,0.69752145
3,0,0,0.43522975
3,1,1,0.7519832
3,0,0,0.49015066
3,0,1,0.6268118
3,0,1,0.5345902
3,1,1,0.74928707
3,1,1,0.5561345
3,1,1,0.7751841
3,0,1,0.64833206
3,1,1,0.71805274
3,1,1,0.6683527
3,0,1,0.5828615
3,0,0,0.25104687
3,1,1,0.82210666
3,1,0,0.42651567
3,0,0,0.42119944
3,1,1,0.7189698
3,0,0,0.1960929
3,0,1,0.7206182
3,1,1,0.6386925
3,0,1,0.53066283
3,1,1,0.73465395
3,0,0,0.08472259
3,1,1,0.7561604
3,1,1,0.50956124
3,0,1,0.71705526
3,1,1,0.9497318
3,0,1,0.5659958
3,0,1,0.51253617
3,0,0,0.1361027
3,0,1,0.9237858
3,0,1,0.60161656
3,0,1,0.55487466
3,1,1,0.65313596
3,1,1,0.8550824
3,1,1,0.85822564
3,0,1,0.6491873
3,1,1,0.8384935
3,1,1,0.85254407
3,0,0,0.47156575
3,1,1,0.63183963
3,1,1,0.73212266
3,1,1,0.8456655
3,1,0,0.31288424
3,1,0,0.4791852
3,0,0,0.20155983
3,0,1,0.51990485
3,1,1,0.53198344
3,0,1,0.73985326
3,1,1,0.6280247
3,1,0,0.4482608
3,0,1,0.5985236
3,1,1,0.9177495
3,0,1,0.5522879
3,1,1,0.8053242
3,0,1,0.6260254
3,0,0,0.49859464
3,0,1,0.5169016
3,0,0,0.31479213
3,0,1,0.5880562
3,1,1,0.6648476
3,1,1,0.61792314
3,1,1,0.84356034
3,0,0,0.38636896
3,1,1,0.6849419
3,1,1,0.89055467
3,1,0,0.4997205
3,0,1,0.75217646
3,0,0,0.32140008
3,0,0,0.15425125
3,1,1,0.7281849
3,1,1,0.57971305
3,1,0,0.32104605
3,0,1,0.642495
3,1,1,0.67363083
3,0,0,0.092898525
3,0,1,0.7459185
3,1,1,0.6956085
3,0,1,0.88221127
3,0,0,0.40811723
3,0,0,0.42976674
3,0,1,0.54285944
3,1,1,0.77749634
3,0,1,0.5399756
3,1,1,0.69807124
3,1,0,0.34988686
3,1,0,0.2732475
3,0,0,0.085671246
3,0,0,0.36926544
3,0,0,0.06581461
3,0,1,0.5835163
3,0,1,0.61094636
3,1,0,0.24804671
3,1,0,0.17375472
3,0,0,0.4446351
3,0,1,0.6929155
3,1,1,0.7269343
3,1,0,0.3535336
3,0,0,0.41412485
3,0,0,0.18240605
3,1,1,0.73888844
3,1,0,0.41086298
3,0,1,0.51334697
3,1,1,0.7723734
3,0,0,0.3298678
3,0,0,0.45725992
3,1,1,0.5407959
3,0,0,0.19391504
3,1,1,0.70592725
3,0,0,0.45495105
3,1,0,0.20500807
3,1,1,0.87945616
3,1,0,0.49562415
3,0,1,0.8492638
3,0,0,0.47013244
3,0,0,0.18514349
3,1,1,0.9539435
3,1,1,0.5827612
3,1,1,0.5370287
3,1,1,0.86081505
3,1,1,0.84457046
3,1,1,0.7567337
3,1,1,0.8218016
3,0,1,0.5219428
3,1,0,0.4193903
3,1,1,0.56082076
3,0,0,0.16237383
3,0,1,0.50743216
3,0,0,0.21913195
3,1,1,0.59298587
3,0,0,0.14976129
3,0,1,0.5166124
3,0,0,0.14204663
3,0,1,0.77318615
3,1,1,0.92502636
3,0,1,0.5768432
3,0,0,0.312591
3,0,1,0.53217596
3,0,0,0.3394084
3,0,1,0.5800396
3,1,1,0.68557864
3,0,0,0.23703101
3,0,0,0.34912416
3,1,1,0.6831762
3,1,1,0.65939736
3,1,1,0.91478294
3,0,0,0.48154727
3,1,1,0.7166191
3,1,1,0.9212387
3,0,1,0.6331303
3,0,0,0.1736352
3,0,1,0.8074815
3,0,1,0.5719133
3,0,0,0.3891684
3,0,1,0.828131
3,0,1,0.5595353
3,1,1,0.6605357
3,1,1,0.9192975
3,1,1,0.8283112
3,1,1,0.70367616
3,0,0,0.323177
3,0,0,0.43319896
3,1,1,0.5377975
3,1,0,0.4096185
3,0,0,0.46159822
3,0,0,0.16019356
3,1,0,0.48933485
3,0,0,0.4390281
3,0,1,0.52292204
3,0,0,0.44882438
3,0,1,0.5459931
3,0,0,0.1724636
3,0,0,0.33492738
3,0,0,0.13399982
3,0,0,0.32431883
3,1,1,0.59868056
3,0,1,0.53471476
3,1,1,0.74452156
3,0,1,0.5247639
3,1,1,0.71351564
3,1,1,0.64750975
3,1,0,0.19794469
3,1,1,0.6730089
3,0,0,0.4789828
3,1,1,0.57516354
3,1,1,0.6889881
3,1,1,0.63598734
3,0,1,0.5088665
3,1,1,0.8331659
3,0,1,0.7597706
3,0,1,0.5180383
3,1,1,0.8620271
3,0,0,0.4646248
3,0,0,0.321693
3,1,1,0.79176277
3,0,1,0.51842386
3,1,1,0.8967891
3,0,1,0.6968385
3,1,1,0.9399702
3,1,1,0.8577655
3,0,1,0.56523114
3,0,0,0.44230008
3,0,1,0.5290648
3,0,0,0.20275483
3,0,0,0.31533477
3,1,1,0.9335384
3,1,1,0.6921144
3,1,1,0.73765266
3,0,1,0.62359893
3,0,0,0.12433915
3,1,1,0.5632733
3,1,1,0.68035376
3,1,1,0.8620478
3,1,0,0.41782025
3,0,0,0.4410433
3,1,1,0.9492059
3,0,1,0.6149658
3,0,0,0.40494987
3,0,0,0.042663384
3,1,1,0.7097123
3,1,1,0.5636519
3,0,0,0.16177289
3,1,1,0.787068
3,0,0,0.36637065
3,1,0,0.43037167
3,0,0,0.18099792
3,1,1,0.6465619
3,0,0,0.3755105
3,1,1,0.5663338
3,0,0,0.43464568
3,0,1,0.62168247
3,1,1,0.91955596
3,1,1,0.7625071
3,1,1,0.68945026
3,0,0,0.1836784
3,0,0,0.43820068
3,0,0,0.42172197
3,0,0,0.39517167
3,1,1,0.87057066
3,1,0,0.387315
3,1,1,0.7600147
3,0,0,0.33577734
3,1,1,0.9125891
3,0,0,0.33917096
3,1,1,0.71530056
3,1,1,0.68275696
3,0,0,0.36811244
3,1,1,0.94100904
3,0,0,0.38559818
3,0,0,0.256313
3,0,1,0.6017479
3,0,1,0.88020545
3,0,0,0.23823354
3,1,1,0.679394
3,1,1,0.5505859
3,0,1,0.8448223
3,1,1,0.56024796
3,1,0,0.21706758
3,1,0,0.36475992
3,0,0,0.18621458
3,0,0,0.38510397
3,0,0,0.20254979
3,1,1,0.62500983
3,1,0,0.4564981
3,1,0,0.4925676
3,0,0,0.41024
3,0,1,0.6200316
3,0,1,0.81247807
3,0,0,0.25478157
3,0,0,0.25771448
3,1,1,0.9274267
3,1,0,0.41464335
3,0,0,0.47380415
3,0,1,0.6093116
3,0,1,0.5791281
3,1,1,0.8630795
3,1,1,0.9497784
3,1,1,0.84244305
3,1,1,0.81258684
3,0,0,0.31949905
3,0,0,0.4620744
3,1,1,0.8261932
3,0,0,0.45643783
3,1,1,0.7265336
3,1,1,0.89214677
3,0,0,0.4032342
3,1,1,0.85517204
3,0,1,0.714126
3,0,0,0.47737747
3,0,0,0.3799352
3,1,1,0.84406406
3,1,1,0.6644003
3,1,1,0.7292935
3,0,0,0.17116883
3,1,0,0.24883702
3,0,0,0.30313438
3,0,0,0.20085089
3,0,1,0.5645117
3,0,0,0.29123053
3,0,0,0.20575893
3,1,1,0.58453083
3,0,0,0.22923724
3,1,0,0.27985436
3,0,0,0.4099293
3,1,1,0.71691155
3,1,1,0.6450419
3,1,1,0.7504274
3,1,0,0.27335748
3,1,1,0.90713674
3,0,0,0.48942646
3,0,0,0.41620657
3,1,1,0.91181684
3,1,1,0.72554845
3,1,1,0.6361456
3,0,1,0.7196881
3,0,1,0.86197215
3,0,0,0.32651833
3,1,1,0.67156166
3,0,0,0.06467455
3,0,0,0.15355471
3,1,1,0.7663208
3,1,1,0.69079906
3,0,0,0.42907378
3,0,0,0.22678739
3,1,1,0.83612865
3,0,0,0.47071272
3,1,1,0.89478874
3,0,1,0.5525516
3,0,1,0.5333315
3,1,1,0.6482026
3,1,0,0.41614634
3,0,0,0.41157842
3,0,1,0.75330377
3,0,0,0.18443835
3,0,0,0.12334892
3,0,0,0.45129463
3,1,0,0.49371177
3,0,1,0.92968714
3,0,0,0.19687335
3,0,0,0.10992873
3,0,1,0.6491508
3,1,1,0.6688165
3,0,0,0.44673342
3,1,1,0.8978705
3,1,0,0.4540869
3,1,1,0.56863815
3,1,1,0.93674725
3,0,1,0.71207446
3,0,0,0.1752249
3,1,1,0.8647103
3,1,1,0.7463584
3,1,1,0.9725001
3,1,1,0.6995746
3,0,0,0.17463031
3,1,1,0.8617947
3,1,1,0.79148734
3,0,0,0.11290479
3,0,0,0.42111677
3,1,1,0.5921006
3,1,1,0.9102128
3,1,1,0.90608263
3,0,0,0.34618205
3,1,1,0.8148674
3,1,1,0.8575294
3,0,1,0.50200635
3,0,1,0.78260535
3,1,1,0.71395105
3,1,0,0.45623443
3,1,1,0.68227535
3,1,1,0.83799607
3,1,1,0.59169465
3,1,1,0.52221483
3,0,0,0.23161618
3,0,0,0.15231921
3,0,0,0.07956876
3,1,1,0.91762286
3,1,1,0.82150626
3,1,1,0.8008792
3,1,1,0.6209812
3,1,1,0.74340343
3,1,1,0.89534795
3,0,0,0.16461104
3,0,0,0.22383729
3,1,1,0.77768224
3,0,1,0.50494206
3,0,0,0.28827387
3,0,0,0.41087168
3,1,1,0.5526159
3,1,0,0.34971464
3,1,1,0.5208426
3,0,1,0.5367019
3,0,0,0.09891972
3,0,0,0.180008
3,0,0,0.40324974
3,1,0,0.40328833
3,0,0,0.20229697
3,1,1,0.54369926
3,0,0,0.47687712
3,0,0,0.27927142
3,0,0,0.1990905
3,1,0,0.49686694
3,0,0,0.24047658
3,0,0,0.27722058
3,1,0,0.3277651
3,0,0,0.29917318
3,0,0,0.36786118
3,0,0,0.36622027
3,0,0,0.48149574
3,0,0,0.26922387
3,1,1,0.67448634
3,0,0,0.34666762
3,0,0,0.10747814
3,0,0,0.23558015
3,0,0,0.20624995
3,1,1,0.5441216
3,1,1,0.60787636
3,0,0,0.30869713
3,0,0,0.07749315
3,0,0,0.33962867
3,0,0,0.40845156
3,1,1,0.76262075
3,0,0,0.373218
3,0,1,0.81689095
3,1,1,0.54666144
3,0,0,0.07260527
3,1,1,0.64865834
3,0,1,0.65192115
3,0,0,0.16469271
3,0,0,0.33028567
3,1,1,0.565803
3,0,0,0.08895337
3,1,1,0.8087636
3,1,1,0.56545144
3,0,0,0.3515552
3,1,1,0.58658344
3,0,0,0.415558
3,1,1,0.79509866
3,0,0,0.28613764
3,0,0,0.2261931
3,1,0,0.3612545
3,0,0,0.41954705
3,0,0,0.040603057
3,0,0,0.06952919
3,0,0,0.26223654
3,0,0,0.20157854
3,0,0,0.04717665
3,0,0,0.455403
3,0,0,0.15407039
3,0,0,0.23312135
3,0,0,0.0745978
3,1,1,0.56497943
3,1,1,0.8213915
3,0,0,0.24491392
3,1,1,0.6654499
3,0,0,0.46452796
3,1,1,0.7541326
3,0,0,0.4585756
3,0,0,0.17403263
3,1,0,0.36345023
3,0,0,0.20241821
3,0,0,0.14074916
3,0,0,0.42084235
3,0,0,0.155592
3,0,0,0.35276845
3,1,1,0.57599384
3,1,0,0.28311577
3,1,1,0.626482
3,0,0,0.45240408
3,1,1,0.64922655
3,0,0,0.09299859
3,0,0,0.27865052
3,1,0,0.4363938
3,0,0,0.07471525
3,1,0,0.4481393
3,1,0,0.31211758
3,0,0,0.43652084
3,1,0,0.41513366
3,1,0,0.47858787
3,1,0,0.3926152
3,0,0,0.31721994
3,0,0,0.483124
3,1,1,0.51306397
3,0,0,0.2422793
3,0,0,0.23678824
3,0,0,0.12032475
3,1,0,0.39325306
3,0,0,0.17289525
3,0,0,0.45350724
3,1,0,0.40420935
3,0,0,0.16461104
3,0,0,0.04778443
3,0,0,0.46398884
3,0,1,0.51088506
3,1,1,0.88156563
3,1,0,0.4251011
3,1,0,0.4875799
3,1,1,0.70306534
3,1,0,0.47428456
3,0,1,0.561472
3,0,0,0.4110511
3,0,0,0.06503372
3,1,1,0.54758567
3,0,0,0.41779986
3,0,1,0.6660705
3,1,1,0.53241575
3,0,0,0.3752226
3,0,0,0.37955007
3,0,0,0.39748552
3,1,0,0.31653106
3,0,1,0.70755035
3,0,0,0.22867163
3,0,0,0.29564062
3,0,0,0.32114205
3,1,1,0.76607513
3,1,1,0.66234803
3,1,0,0.44518995
3,1,1,0.5815719
3,1,1,0.64331526
3,0,0,0.44930115
3,0,0,0.1766736
3,1,1,0.56662124
3,0,0,0.34014273
3,0,1,0.7809024
3,0,0,0.28004256
3,0,0,0.0625646
3,1,1,0.5217373
3,0,1,0.50520045
3,0,0,0.2063853
3,1,0,0.44872892
3,0,1,0.56177735
3,0,0,0.2363911
3,0,1,0.50542027
3,0,1,0.7113966
3,0,1,0.75352025
3,1,1,0.61640406
3,1,1,0.6395272
3,1,1,0.5264847
3,0,0,0.16062911
3,1,1,0.66592395
3,1,0,0.48428926
3,1,1,0.79728633
3,1,0,0.30824375
3,0,1,0.59939015
3,1,0,0.4173795
3,1,1,0.5339767
3,0,0,0.059801154
3,1,1,0.6093454
3,0,0,0.2874341
3,1,1,0.7390334
3,1,1,0.6092714
3,1,1,0.502392
3,1,1,0.8419736
3,1,1,0.8731762
3,1,1,0.86400133
3,0,0,0.22911271
3,0,0,0.43172723
3,1,1,0.7743013
3,0,0,0.49595004
3,1,1,0.79553586
3,0,0,0.41229966
3,0,0,0.1847919
3,1,1,0.9071351
3,1,1,0.8558736
3,1,1,0.65272975
3,0,0,0.3871886
3,1,1,0.86357003
3,0,0,0.46584585
3,1,1,0.8166995
3,0,0,0.42711616
3,1,0,0.44593117
3,0,0,0.3471596
3,1,1,0.8585207
3,1,1,0.77956057
3,0,1,0.5514339
3,1,1,0.93137366
3,0,1,0.8070134
3,0,1,0.6604366
3,0,0,0.44326162
3,1,1,0.7706376
3,1,0,0.2916944
3,0,0,0.44155166
3,0,1,0.570287
3,0,0,0.49821058
3,1,0,0.46323836
3,1,0,0.21424979
3,0,0,0.48109454
3,0,0,0.439938
3,0,0,0.23267496
3,0,1,0.6021816
3,0,1,0.6600533
3,1,0,0.43232602
3,1,0,0.3777475
3,0,1,0.62620986
3,1,1,0.5173427
3,0,1,0.72791344
3,1,0,0.49920708
3,1,1,0.75574803
3,1,1,0.80298835
3,1,0,0.4711283
3,0,0,0.32020515
3,0,1,0.88962144
3,1,0,0.25995082
3,0,0,0.32077336
3,1,0,0.3991423
3,0,0,0.33955723
3,0,0,0.28821498
3,1,0,0.45296338
3,1,0,0.3775455
3,0,0,0.4230185
3,0,0,0.4035289
3,0,0,0.469775
3,1,0,0.20138088
3,1,0,0.28146118
3,1,1,0.8120392
3,0,0,0.17304896
3,1,1,0.85279185
3,0,0,0.30176446
3,1,0,0.44688925
3,0,0,0.46724194
3,0,1,0.561472
3,0,0,0.4110511
3,0,0,0.06503372
3,0,1,0.53241575
3,1,1,0.64948744
3,0,0,0.20644866
3,1,1,0.9002075
3,1,1,0.86686236
3,1,1,0.69481784
3,0,0,0.47421172
3,1,1,0.83665836
3,0,0,0.15291815
3,1,1,0.80819654
3,1,0,0.262754
3,1,1,0.65667754
3,1,1,0.6187365
3,0,1,0.78381884
3,0,0,0.46708134
3,0,1,0.54010123
3,0,1,0.71175927
3,0,0,0.34492758
3,0,0,0.3433965
3,0,1,0.70868766
3,0,0,0.17846109
3,1,1,0.71762955
3,1,1,0.7229128
3,1,1,0.63223076
3,1,1,0.8796583
3,1,1,0.8252608
3,1,1,0.60989547
3,0,0,0.35182777
3,0,0,0.4303962
3,0,0,0.4837369
3,1,1,0.79833114
3,0,1,0.867137
3,0,0,0.05425087
3,1,0,0.30676386
3,0,0,0.13433468
3,1,1,0.82228297
3,0,0,0.43233097
3,1,1,0.76081574
3,1,1,0.5468852
3,0,1,0.67988765
3,1,1,0.898511
3,0,0,0.1085433
3,0,0,0.14829582
3,1,1,0.8280968
3,1,1,0.8037456
3,1,1,0.85897315
3,1,1,0.6147362
3,0,0,0.3474497
3,1,1,0.7629261
3,0,1,0.5372024
3,0,1,0.52160025
3,1,0,0.20195621
3,0,0,0.32673118
3,0,0,0.2765664
3,1,1,0.73208165
3,1,0,0.20630807
3,0,0,0.25956398
3,1,1,0.78702146
3,1,0,0.4533912
3,1,1,0.53827316
3,0,0,0.3907462
3,0,0,0.17531973
3,0,1,0.73000836
3,0,0,0.16961865
3,0,0,0.45302215
3,1,0,0.4312331
3,0,0,0.36977744
3,1,0,0.49800462
3,0,1,0.5795515
3,1,1,0.53162134
3,1,1,0.6347608
3,0,1,0.5193684
3,1,1,0.6096575
3,0,1,0.58451414
3,0,1,0.509824
3,0,1,0.5128678
3,0,0,0.30645597
3,1,1,0.6211481
3,0,1,0.6070548
3,1,1,0.8848207
3,0,0,0.45059678
3,1,0,0.3494895
3,1,0,0.43395308
3,1,0,0.33199903
3,1,1,0.58920616
3,1,1,0.5399195
3,1,0,0.4824187
3,1,1,0.710677
3,0,0,0.04578506
3,0,0,0.31387702
3,1,0,0.41508517
3,0,1,0.6224004
3,1,1,0.5812178
3,0,0,0.029518206
3,0,0,0.31573084
3,0,0,0.118404776
3,1,0,0.40785816
3,0,0,0.19149216
3,0,0,0.12833336
3,0,0,0.4571879
3,1,0,0.41706237
3,0,1,0.6087038
3,1,0,0.49947333
3,0,0,0.30178347
3,1,0,0.15250567
3,1,1,0.5403613
3,0,0,0.48562232
3,0,0,0.27726284
3,1,0,0.32580978
3,1,1,0.58603776
3,0,1,0.7177719
3,0,0,0.18663304
3,0,1,0.53562605
3,1,1,0.6715688
3,1,1,0.70385295
3,0,0,0.06917013
3,1,1,0.56053835
3,1,1,0.69564533
3,1,1,0.694525
3,0,0,0.13860022
3,1,1,0.927487
3,1,1,0.64093024
3,0,1,0.7399803
3,0,0,0.47305867
3,0,0,0.2509734
3,1,1,0.7794063
3,0,1,0.672577
3,0,0,0.32797876
3,0,0,0.46894622
3,0,1,0.7059354
3,0,0,0.3481874
3,1,1,0.9332138
3,0,0,0.47192857
3,0,1,0.82831484
3,0,0,0.4276066
3,1,1,0.63446426
3,1,1,0.53562605
3,1,1,0.6715688
3,1,1,0.56053835
3,1,1,0.69564533
3,1,1,0.7595083
3,0,0,0.47305867
3,0,0,0.2509734
3,1,0,0.36945158
3,1,1,0.58172697
3,1,0,0.20818081
3,0,0,0.3178077
3,0,0,0.4735385
3,1,1,0.748902
3,1,1,0.52868015
3,1,0,0.415765
3,1,0,0.3033564
3,1,0,0.4348007
3,1,1,0.5207519
3,1,1,0.89812845
3,1,0,0.21110773
3,0,0,0.3921608
3,0,1,0.54622203
3,1,0,0.26240218
3,0,1,0.70607847
3,0,0,0.33882305
3,0,1,0.6693571
3,0,1,0.5384211
3,0,0,0.2745328
3,1,1,0.6304956
3,1,1,0.5577476
3,0,1,0.61934525
3,0,0,0.23917668
3,1,1,0.93036956
3,1,1,0.9006815
3,1,1,0.51419437
3,0,0,0.47992018
3,0,0,0.27168477
3,1,1,0.8757467
3,1,1,0.5635543
3,0,0,0.44037437
3,0,0,0.14139166
3,1,1,0.87094855
3,1,1,0.70664996
3,0,0,0.26332873
3,0,1,0.86575484
3,0,0,0.40858403
3,1,1,0.5272582
3,1,1,0.65183544
3,1,1,0.6024801
3,0,0,0.30775538
3,0,0,0.34376436
3,1,1,0.7892799
3,1,1,0.72726125
3,0,0,0.0992317
3,0,1,0.5464718
3,0,0,0.31716192
3,0,0,0.21028078
3,0,0,0.29540327
3,0,0,0.34274492
3,0,0,0.41488135
3,0,0,0.28020447
3,0,0,0.18742125
3,1,1,0.7378578
3,0,0,0.0744033
3,0,0,0.15251805
3,0,0,0.26359585
3,1,0,0.38288948
3,1,1,0.6235371
3,1,1,0.7025382
3,0,0,0.42141807
3,1,0,0.35325918
3,0,1,0.646847
3,1,1,0.84748906
3,1,0,0.4959744
3,1,1,0.79354364
3,1,0,0.34789273
3,0,1,0.6760385
3,0,0,0.38712028
3,0,0,0.3667598
3,1,1,0.7987994
3,0,0,0.4011809
3,1,1,0.5198036
3,1,1,0.826602
3,0,0,0.31933296
3,0,0,0.33067623
3,0,0,0.26059127
3,0,1,0.609133
3,0,0,0.44410118
3,1,0,0.43655968
3,1,1,0.9007604
3,0,1,0.59080046
3,1,1,0.6106096
3,0,0,0.2633207
3,0,0,0.30578485
3,1,0,0.42085385
3,1,1,0.8519646
3,0,1,0.6507473
3,1,1,0.7990826
3,0,0,0.15637715
3,0,0,0.15413886
3,1,1,0.6355647
3,1,1,0.7243948
3,1,1,0.78657377
3,0,0,0.18370637
3,1,0,0.40344185
3,1,1,0.8238413
3,0,0,0.44764128
3,0,0,0.23116405
3,0,0,0.47936815
3,1,1,0.62496346
3,0,0,0.288621
3,1,1,0.83476114
3,0,0,0.2331133
3,0,0,0.075684294
3,0,0,0.4227322
3,0,1,0.7262462
3,1,1,0.51073265
3,1,1,0.842406
3,1,1,0.78478974
3,1,1,0.887275
3,0,0,0.47773165
3,1,1,0.596227
3,0,0,0.4353222
3,0,0,0.38408434
3,1,1,0.7658434
3,0,0,0.15008746
3,1,1,0.81126547
3,1,0,0.48201993
3,1,1,0.60499626
3,0,0,0.33389536
3,0,0,0.47771096
3,0,0,0.29437387
3,0,1,0.6072535
3,1,0,0.22069412
3,0,0,0.3536447
3,0,0,0.11232476
3,1,1,0.8713736
3,1,1,0.8925726
3,0,0,0.38135144
3,1,1,0.9306416
3,0,1,0.56386155
3,1,1,0.7637659
3,0,0,0.17786916
3,1,1,0.64638096
3,0,0,0.45454508
3,1,0,0.49793997
3,0,0,0.17125486
3,1,1,0.56949246
3,1,0,0.30925778
3,1,1,0.78187925
3,1,1,0.7807523
3,0,0,0.26301122
3,0,1,0.66407627
3,1,1,0.5473004
3,1,1,0.9049973
3,1,1,0.6925592
3,0,0,0.39862683
3,1,0,0.4952637
3,1,0,0.0828533
3,0,1,0.6775792
3,0,0,0.21477567
3,0,0,0.36805984
3,1,1,0.7825135
3,1,0,0.31545117
3,1,0,0.24699757
3,1,1,0.5021924
3,0,0,0.45877272
3,1,0,0.49385175
3,1,1,0.5870128
3,0,0,0.40350083
3,0,1,0.68967044
3,0,1,0.787948
3,0,1,0.5814214
3,1,1,0.73223346
3,1,1,0.76594996
3,1,1,0.63410217
3,0,0,0.3244027
3,0,0,0.11238849
3,0,0,0.24975817
3,1,1,0.92253804
3,1,0,0.29716665
3,1,1,0.695482
3,0,1,0.849934
3,0,1,0.68352145
3,0,1,0.5912501
3,0,1,0.52413464
3,1,1,0.9291284
3,1,1,0.6655707
3,1,1,0.74675506
3,1,1,0.9553562
3,1,1,0.72429013
3,0,1,0.7085793
3,0,1,0.6899354
3,0,1,0.60638
3,0,1,0.65154296
3,1,1,0.6424991
3,1,1,0.5712804
3,1,1,0.70359296
3,1,1,0.8147928
3,0,0,0.43478838
3,0,1,0.6410377
3,1,1,0.5271826
3,1,1,0.69743645
3,1,0,0.325201
3,0,0,0.4925669
3,0,0,0.3748524
3,0,0,0.23288316
3,0,0,0.19426456
3,1,1,0.51936334
3,0,0,0.35457933
3,1,1,0.7547015
3,1,1,0.78732246
3,1,1,0.97683847
3,1,1,0.77276206
3,0,0,0.3483028
3,1,1,0.63032764
3,0,1,0.91197956
3,0,1,0.6150717
3,0,0,0.11606547
3,0,1,0.5162658
3,0,0,0.34129843
3,0,0,0.28741676
3,1,1,0.88258696
3,1,1,0.60787266
3,1,0,0.3866398
3,0,0,0.26512805
3,0,0,0.13445713
3,1,0,0.3923573
3,1,1,0.7458727
3,0,0,0.42635897
3,1,1,0.59210545
3,0,1,0.63474333
3,0,0,0.36992833
3,1,1,0.6346879
3,0,0,0.41495383
3,1,0,0.4367264
3,1,1,0.70652467
3,0,0,0.33368427
3,0,0,0.14468966
3,0,0,0.3017713
3,0,1,0.74432325
3,0,1,0.8886996
3,1,1,0.59199876
3,1,0,0.40262634
3,1,0,0.44765595
3,1,1,0.58127826
3,1,1,0.6032237
3,0,1,0.52635944
3,0,0,0.23994376
3,1,1,0.5264821
3,0,1,0.5615998
3,1,1,0.5018453
3,0,1,0.7976405
3,0,0,0.46113637
3,0,1,0.6171986
3,0,1,0.6081671
3,1,1,0.5593929
3,0,0,0.31809956
3,0,1,0.5055559
3,0,0,0.052738182
3,0,0,0.42482972
3,1,0,0.42923412
3,1,0,0.46358448
3,1,0,0.29314202
3,0,0,0.45582044
3,0,0,0.06339118
3,1,0,0.46334702
3,0,0,0.121467024
3,1,0,0.19610237
3,1,1,0.5024619
3,0,0,0.21455142
3,0,0,0.057621844
3,1,0,0.4560902
3,0,0,0.24835798
3,0,0,0.29776484
3,0,0,0.12976275
3,1,0,0.13802627
3,0,0,0.27206492
3,0,1,0.5634791
3,1,1,0.63429916
3,1,0,0.16956443
3,0,0,0.092553854
3,1,0,0.49560446
3,0,0,0.28710532
3,1,1,0.58315784
3,1,0,0.42977497
3,0,0,0.43167397
3,0,0,0.21577598
3,1,0,0.10314382
3,0,0,0.29984117
3,1,1,0.52058345
3,0,0,0.4577664
3,1,1,0.60561967
3,1,0,0.38578185
3,1,0,0.32982305
3,0,0,0.16219582
3,0,0,0.16092129
3,0,0,0.3781574
3,0,0,0.074085094
3,0,0,0.46807325
3,0,0,0.16749352
3,0,0,0.13119502
3,1,0,0.19008507
3,0,0,0.42290935
3,0,0,0.22439556
3,1,1,0.524112
3,0,0,0.45946538
3,0,0,0.12874143
3,0,0,0.20926741
3,0,0,0.48640922
3,0,1,0.80097485
3,0,0,0.09441478
3,0,0,0.2684178
3,1,1,0.6546788
3,0,0,0.11204574
3,0,0,0.42148572
3,0,0,0.08759468
3,0,1,0.58473164
3,0,0,0.31446058
3,1,1,0.53613466
3,1,0,0.28805897
3,0,0,0.25278142
3,0,0,0.39399007
3,0,0,0.42712513
3,0,0,0.43666404
3,0,0,0.34824806
3,0,0,0.13532314
3,1,0,0.22295375
3,0,0,0.12793423
3,0,0,0.25360167
3,0,0,0.058599956
3,0,0,0.44034618
3,0,0,0.2114714
3,0,1,0.68106145
3,0,0,0.2045821
3,1,0,0.3167893
3,1,1,0.5039368
3,0,0,0.09940015
3,1,0,0.48211625
3,1,0,0.29293734
3,1,0,0.19931152
3,0,0,0.42136225
3,1,0,0.21303251
3,0,0,0.352396
3,0,0,0.29299074
3,1,1,0.57106715
3,0,0,0.4562741
3,0,0,0.15922278
3,1,1,0.814698
3,1,0,0.1763057
3,1,0,0.49113426
3,0,0,0.15845272
3,0,1,0.56161517
3,0,0,0.3820623
3,0,0,0.11653412
3,0,0,0.1121751
3,1,0,0.23304395
3,0,1,0.650246
3,0,0,0.37835255
3,1,1,0.5412902
3,0,0,0.3487535
3,1,0,0.28556636
3,0,0,0.37407672
3,1,1,0.56152934
3,0,0,0.1732943
3,0,0,0.23207003
3,1,1,0.55607086
3,0,0,0.058529172
3,0,0,0.21359129
3,0,0,0.123942755
3,1,1,0.8582282
3,1,1,0.5282292
3,0,1,0.66721535
3,0,0,0.44067755
3,1,0,0.4569848
3,0,1,0.5167462
3,0,1,0.51295215
3,1,0,0.406103
3,1,0,0.33979812
3,0,1,0.7509433
3,1,1,0.6171102
3,1,1,0.7839208
3,0,0,0.44463366
3,1,1,0.77301615
3,1,1,0.5890136
3,0,0,0.2718018
3,1,1,0.6031698
3,1,0,0.13065395
3,1,1,0.823885
3,1,1,0.6272604
3,0,1,0.631813
3,1,1,0.9283814
3,1,0,0.3284323
3,0,1,0.84341395
3,0,0,0.34547302
3,0,0,0.43188557
3,0,1,0.5018696
3,0,0,0.40472722
3,0,1,0.76251936
3,1,1,0.87814784
3,0,0,0.33077922
3,1,1,0.72945863
3,1,1,0.85754466
3,1,1,0.52323264
3,0,1,0.6224747
3,1,1,0.7794464
3,0,1,0.7608619
3,1,1,0.6881993
3,1,1,0.9383783
3,1,1,0.90056694
3,0,1,0.91207844
3,0,1,0.63325727
3,0,0,0.30143738
3,1,1,0.7104531
3,0,1,0.65666586
3,1,0,0.2902521
3,0,0,0.46300328
3,0,0,0.3984222
3,1,1,0.6852976
3,1,1,0.5994091
3,1,1,0.8547798
3,1,1,0.9030309
3,0,0,0.31968743
3,0,0,0.31279993
3,1,0,0.45136464
3,1,1,0.67001575
3,0,0,0.41889837
3,1,1,0.5544215
3,1,1,0.9086905
3,0,0,0.31854898
3,0,0,0.40019515
3,0,1,0.6928736
3,0,1,0.54779446
3,0,0,0.2120913
3,1,1,0.5698032
3,0,0,0.18524872
3,1,1,0.5336345
3,1,0,0.3327306
3,0,0,0.058649965
3,0,1,0.90057987
3,0,0,0.41279677
3,1,0,0.44879276
3,1,0,0.29384497
3,0,0,0.29105666
3,0,1,0.7047356
3,0,0,0.28892866
3,0,0,0.46314666
3,0,0,0.4104381
3,1,0,0.4300119
3,1,0,0.40115124
3,1,1,0.5753566
3,1,0,0.41977465
3,0,0,0.2594077
3,0,0,0.07082652
3,1,0,0.47713944
3,1,0,0.27434707
3,0,1,0.50182223
3,0,1,0.5644396
3,0,1,0.69458365
3,1,1,0.51268286
3,1,0,0.3630375
3,0,0,0.43001416
3,1,1,0.522501
3,0,0,0.44346842
3,0,1,0.60932004
3,1,0,0.41493294
3,0,0,0.1771964
3,0,1,0.5325216
3,0,0,0.4076867
3,1,0,0.4142203
3,0,0,0.34107646
3,1,1,0.5680686
3,0,1,0.5374104
3,0,0,0.47605494
3,0,0,0.48634332
3,1,1,0.52120066
3,0,0,0.3937191
3,1,1,0.7810891
3,0,0,0.42291656
3,0,0,0.3316692
3,0,0,0.39410222
3,0,1,0.5208062
3,0,0,0.42946866
3,1,0,0.17947553
3,1,1,0.58571994
3,1,1,0.50179476
3,1,1,0.83977795
3,0,0,0.050466895
3,1,1,0.5908629
3,0,1,0.582448
3,0,1,0.5564688
3,0,1,0.6559107
3,0,0,0.43274295
3,1,1,0.74256027
3,0,1,0.7398513
3,1,1,0.835297
3,1,1,0.72504663
3,1,1,0.86208576
3,0,0,0.42605528
3,0,1,0.6952935
3,0,0,0.49755517
3,1,1,0.6890101
3,1,1,0.85312384
3,1,0,0.15657575
3,0,1,0.53110534
3,1,1,0.8905478
3,1,1,0.72234684
3,0,1,0.6398739
3,1,1,0.78073835
3,1,1,0.81667763
3,0,1,0.54615206
3,0,1,0.84880435
3,1,1,0.60529846
3,0,1,0.7500365
3,1,1,0.89800024
3,0,1,0.6476961
3,0,0,0.49563754
3,0,1,0.6966661
3,1,1,0.86371505
3,1,1,0.8147274
3,0,1,0.5980528
3,0,0,0.39986685
3,1,1,0.7858519
3,1,1,0.86185616
3,1,1,0.9264018
3,1,1,0.8498677
3,1,1,0.8145948
3,1,1,0.655101
3,0,0,0.3751181
3,0,1,0.52758557
3,0,1,0.62021905
3,1,1,0.84307367
3,1,1,0.85286874
3,1,1,0.7653873
3,1,0,0.101440005
3,1,1,0.8578352
3,0,1,0.5249752
3,0,1,0.6803473
3,0,0,0.37606335
3,1,1,0.72117347
3,0,0,0.36537254
3,1,0,0.44663638
3,0,1,0.6625203
3,0,1,0.5441824
3,0,0,0.26843795
3,0,0,0.38698724
3,0,0,0.3662553
3,0,0,0.31388518
3,0,0,0.44474792
3,1,1,0.6872918
3,0,0,0.34943634
3,0,0,0.43900165
3,1,1,0.7910629
3,0,1,0.56077915
3,1,1,0.51417845
3,0,0,0.33496788
3,1,1,0.6217308
3,1,1,0.6968326
3,0,0,0.3161744
3,0,0,0.32443094
3,0,0,0.3669495
3,1,0,0.42564014
3,1,1,0.7231757
3,0,0,0.18743569
3,0,0,0.4541238
3,1,1,0.7181312
3,0,0,0.4397798
3,0,0,0.3786842
3,0,0,0.3859751
3,1,1,0.6574537
3,1,1,0.7666463
3,1,1,0.7557353
3,1,1,0.72780454
3,1,1,0.7937774
3,0,1,0.52493894
3,0,0,0.10660545
3,1,1,0.6662603
3,1,0,0.25879934
3,0,0,0.3223402
3,0,0,0.14362095
3,0,0,0.32042944
3,0,0,0.34832707
3,0,1,0.61107165
3,1,0,0.47712156
3,1,1,0.54467744
3,1,0,0.2727344
3,1,1,0.74195856
3,1,1,0.8521849
3,1,0,0.4093958
3,0,1,0.509119
3,0,0,0.30451736
3,0,0,0.38198912
3,0,0,0.37481338
3,0,0,0.3154374
3,1,1,0.5388882
3,1,1,0.54308015
3,0,0,0.15812595
3,0,0,0.31368646
3,0,0,0.33589956
3,0,0,0.45562592
3,0,0,0.23720466
3,0,0,0.15574011
3,1,0,0.43338054
3,0,0,0.48831522
3,0,1,0.6925953
3,0,0,0.14643802
3,0,0,0.11042626
3,0,0,0.150589
3,0,0,0.3181323
3,1,1,0.5544782
3,0,1,0.64286274
3,1,0,0.3894973
3,1,0,0.47187677
3,1,1,0.8046003
3,1,1,0.5028356
3,1,1,0.7361997
3,1,1,0.52826005
3,1,1,0.83981633
3,1,1,0.75580114
3,1,0,0.30679634
3,1,1,0.6385088
3,1,1,0.86547214
3,1,1,0.6403266
3,1,1,0.51119137
3,0,0,0.08753615
3,0,0,0.06324643
3,1,1,0.55899286
3,0,1,0.5381895
3,0,0,0.45064875
3,1,0,0.4019898
3,0,0,0.46220112
3,1,0,0.49124023
3,0,1,0.91478604
3,0,1,0.5697293
3,0,0,0.20870775
3,1,1,0.5390011
3,1,1,0.5348704
3,0,0,0.38777056
3,1,0,0.3413537
3,1,1,0.66114044
3,0,0,0.26175356
3,0,0,0.17622739
3,0,0,0.20150083
3,1,1,0.6839115
3,0,0,0.102244206
3,0,0,0.07208717
3,0,0,0.4591529
3,1,1,0.6523277
3,1,0,0.40314168
3,1,1,0.5591933
3,1,1,0.54105484
3,0,0,0.22713074
3,1,0,0.22502787
3,1,1,0.6639665
3,0,0,0.4234465
3,0,1,0.5461458
3,0,0,0.2876525
3,0,0,0.46886593
3,0,0,0.19055581
3,0,0,0.08014592
3,1,1,0.7260282
3,0,0,0.1165621
3,0,1,0.7836106
3,1,0,0.47543475
3,0,0,0.44056925
3,1,0,0.41186795
3,0,1,0.55001014
3,1,0,0.25221086
3,1,1,0.5598984
3,0,1,0.61740845
3,0,0,0.26616573
3,0,1,0.5086671
3,1,1,0.60555935
3,1,0,0.4444478
3,0,0,0.3213864
3,1,1,0.6203188
3,0,0,0.1525266
3,1,1,0.6544689
3,1,1,0.5079127
3,1,1,0.7297467
3,0,0,0.37189868
3,0,1,0.5100864
3,0,0,0.11560427
3,0,0,0.49010193
3,0,0,0.3375011
3,0,0,0.05773974
3,0,0,0.32309404
3,0,0,0.3999028
3,1,0,0.45697454
3,0,0,0.42900822
3,1,1,0.7351762
3,0,0,0.33283797
3,1,1,0.5866905
3,0,1,0.5710794
3,1,1,0.54105324
3,1,0,0.36409852
3,0,0,0.4638301
3,1,1,0.5612827
3,0,1,0.51957697
3,1,1,0.8195094
3,1,0,0.28315684
3,1,0,0.37570223
3,1,1,0.63395154
3,0,0,0.18997338
3,0,1,0.54099816
3,0,0,0.346423
3,1,0,0.43083635
3,0,0,0.45988995
3,1,1,0.53201133
3,0,1,0.56222504
3,0,0,0.30767572
3,1,1,0.7171737
3,0,0,0.35339445
3,1,1,0.65500456
3,1,0,0.3953225
3,0,0,0.40408152
3,1,1,0.5893329
3,1,1,0.5089471
3,0,1,0.60209155
3,1,1,0.5589643
3,0,0,0.2647629
3,0,0,0.1459753
3,0,1,0.6127964
3,0,0,0.44074273
3,0,1,0.58694786
3,0,0,0.4647621
3,0,0,0.17753011
3,0,0,0.46501842
3,1,1,0.5870482
3,0,0,0.2578546
3,1,0,0.19659323
3,1,0,0.07814401
3,1,1,0.89727724
3,1,0,0.13310936
3,0,0,0.085967675
3,0,0,0.3061026
3,0,1,0.65521705
3,1,0,0.45909607
3,1,1,0.75856096
3,0,0,0.4119637
3,0,0,0.2792261
3,1,1,0.5051564
3,0,0,0.20393422
3,0,0,0.19645649
3,1,1,0.79933757
3,0,1,0.7151601
3,0,0,0.45684192
3,0,0,0.118819214
3,0,1,0.52784127
3,1,1,0.58374625
3,1,1,0.5453923
3,1,1,0.833511
3,1,1,0.7989664
3,1,0,0.34110776
3,0,0,0.11340573
3,0,1,0.5850602
3,1,1,0.61015004
3,1,1,0.87152416
3,0,1,0.8396189
3,0,0,0.37049296
3,0,0,0.13253598
3,1,1,0.7683837
3,0,0,0.44927183
3,0,0,0.24403688
3,1,1,0.7649086
3,1,0,0.4399384
3,1,0,0.2066728
3,1,0,0.47066638
3,0,0,0.17444377
3,0,1,0.6496364
3,1,0,0.22113158
3,0,0,0.1312417
3,0,0,0.29821873
3,0,0,0.085337356
3,0,0,0.3065424
3,0,0,0.44857237
3,1,1,0.5497515
3,0,1,0.55420554
3,0,1,0.7254544
3,1,1,0.65634894
3,0,0,0.4735541
3,1,0,0.08849363
3,0,0,0.102710806
3,0,0,0.33534476
3,1,1,0.64249474
3,0,0,0.4935877
3,1,1,0.54389435
3,1,1,0.5589385
3,1,0,0.46136644
3,1,1,0.70093215
3,0,0,0.42321452
3,0,0,0.27753544
3,0,0,0.14407389
3,1,1,0.6555149
3,0,0,0.37504464
3,1,1,0.7702076
3,0,0,0.23939319
3,1,1,0.5057229
3,0,0,0.25372395
3,0,0,0.16000779
3,0,0,0.32196233
3,1,0,0.44806844
3,1,1,0.7202913
3,1,1,0.7232638
3,0,0,0.36703536
3,1,1,0.53582144
3,1,1,0.62239105
3,0,0,0.19496937
3,0,1,0.6358265
3,1,1,0.58079433
3,0,1,0.5667164
3,0,0,0.44561523
3,0,1,0.55486053
3,1,1,0.61838824
3,0,0,0.42487255
3,1,1,0.5788343
3,0,0,0.4822934
3,1,0,0.38479868
3,1,0,0.4064883
3,1,0,0.48407823
3,0,0,0.3992272
3,1,1,0.51089823
3,1,1,0.6706392
3,1,1,0.5869911
3,0,0,0.44706967
3,0,1,0.63922787
3,0,0,0.30612448
3,0,1,0.5098828
3,0,1,0.59574914
3,0,0,0.37197506
3,0,0,0.47924802
3,1,1,0.7816161
3,0,0,0.3568838
3,0,1,0.5255079
3,1,0,0.32098758
3,0,0,0.4281766
3,1,0,0.3854681
3,1,1,0.56229234
3,1,1,0.53397363
3,0,0,0.24776855
3,0,1,0.5405054
3,0,1,0.5913648
3,0,0,0.34200823
3,1,1,0.93198895
3,0,1,0.6506639
3,1,1,0.84417987
3,0,1,0.5064687
3,0,1,0.50490576
3,1,1,0.72793245
3,0,0,0.452704
3,0,1,0.7305226
3,1,0,0.48464838
3,0,1,0.57677823
3,1,1,0.70502424
3,1,1,0.73209834
3,0,0,0.24314713
3,0,1,0.5011871
3,0,1,0.554647
3,0,1,0.7578273
3,1,0,0.49594486
3,1,1,0.5286714
3,0,0,0.2668743
3,1,0,0.392255
3,1,1,0.75391805
3,0,0,0.27234438
3,0,0,0.1838141
3,0,0,0.19618662
3,0,0,0.039200503
3,1,1,0.9201402
3,1,1,0.68886757
3,1,0,0.4910932
3,0,0,0.10619995
3,1,1,0.7685483
3,0,0,0.41323835
3,0,0,0.29273584
3,0,1,0.6849261
3,0,0,0.49159712
3,0,1,0.55433524
3,1,1,0.6390017
3,1,1,0.6731505
3,0,1,0.5773245
3,0,1,0.5898145
3,1,1,0.8232138
3,0,1,0.54481703
3,0,1,0.5358247
3,1,1,0.5599359
3,1,0,0.25320354
3,1,1,0.63745964
3,0,0,0.22633682
3,1,1,0.8325145
3,0,1,0.62511593
3,0,0,0.11851845
3,1,1,0.5416686
3,0,0,0.20393422
3,1,1,0.86299
3,1,1,0.54224414
3,0,0,0.3445829
3,1,1,0.7393112
3,0,0,0.32881334
3,0,0,0.16709307
3,1,1,0.7114257
3,1,1,0.6903144
3,0,0,0.09061377
3,0,0,0.16001207
3,1,1,0.5046025
3,1,0,0.28292513
3,0,0,0.10805455
3,1,1,0.761237
3,0,1,0.50765926
3,0,0,0.1598077
3,0,0,0.29243383
3,0,1,0.6250967
3,1,1,0.7146295
3,1,1,0.7304572
3,0,0,0.27542388
3,1,0,0.48869324
3,1,0,0.3918254
3,0,1,0.8120165
3,1,1,0.6135329
3,1,1,0.5780522
3,0,0,0.45725742
3,0,0,0.18662186
3,0,0,0.09988262
3,1,1,0.70256746
3,0,1,0.6379911
3,1,1,0.51818055
3,1,0,0.3476226
3,0,0,0.43331903
3,0,0,0.43071878
3,1,0,0.49807248
3,0,0,0.46791533
3,0,0,0.07671237
3,1,1,0.55537647
3,0,1,0.5158026
3,0,1,0.61153686
3,1,0,0.47955686
3,0,1,0.69027454
3,1,1,0.52119446
3,0,1,0.51816124
3,0,0,0.4003169
3,0,1,0.60461295
3,0,0,0.087361485
3,0,0,0.45971614
3,0,0,0.45265806
3,1,0,0.48575202
3,0,0,0.39010245
3,0,1,0.54033005
3,0,0,0.27249163
3,0,0,0.20812686
3,0,0,0.4473568
3,0,0,0.28623804
3,0,1,0.7007426
3,0,1,0.5012905
3,1,1,0.5534882
3,0,1,0.6053589
3,1,0,0.4907502
3,1,0,0.4708139
3,0,1,0.5437909
3,0,0,0.34522077
3,1,1,0.5562286
3,1,0,0.4630839
3,1,1,0.59786475
3,1,1,0.5737834
3,1,1,0.65977603
3,1,0,0.4021956
3,0,1,0.518842
3,1,0,0.24860686
3,1,0,0.3734063
3,1,1,0.5888665
3,0,0,0.34289747
3,1,1,0.50451446
3,1,1,0.675992
3,0,0,0.30636913
3,1,0,0.45224932
3,0,1,0.5758484
3,0,1,0.5729418
3,1,0,0.49771622
3,1,0,0.49083823
3,1,1,0.61351186
3,0,0,0.26183322
3,0,1,0.5455115
3,1,0,0.46289206
3,0,1,0.5698945
3,0,0,0.22349611
3,0,0,0.49137807
3,0,1,0.61600924
3,0,1,0.5087312
3,0,0,0.38861308
3,0,0,0.46832162
3,1,1,0.56776905
3,0,0,0.4173148
3,0,1,0.5013423
3,0,1,0.57396764
3,0,0,0.36318764
3,1,0,0.35578984
3,0,0,0.26514816
3,1,1,0.87818485
3,0,1,0.69488674
3,0,0,0.46003988
3,0,0,0.10878317
3,1,1,0.65773475
3,0,1,0.6962054
3,1,1,0.73824155
3,0,0,0.11129761
3,0,0,0.15540309
3,0,0,0.08633394
3,1,1,0.80128264
3,1,1,0.6723271
3,1,0,0.46981648
3,1,0,0.11547606
3,0,0,0.100371435
3,0,0,0.1460732
3,0,0,0.41505194
3,0,1,0.62965244
3,0,1,0.6359226
3,1,1,0.78720653
3,0,0,0.4969259
3,1,0,0.42062357
3,1,0,0.40954238
3,0,0,0.461407
3,1,1,0.5002452
3,0,0,0.4272496
3,0,0,0.362553
3,1,1,0.8282703
3,0,1,0.60969967
3,1,1,0.6607161
3,0,0,0.08657247
3,0,1,0.5497637
3,0,0,0.28742987
3,1,1,0.5947745
3,1,0,0.10880672
3,0,0,0.069340914
3,0,0,0.06991725
3,1,0,0.35474545
3,0,1,0.7332339
3,0,0,0.46585193
3,0,0,0.35255238
3,0,1,0.5122291
3,0,0,0.46737257
3,0,0,0.29454863
3,1,0,0.4899449
3,1,0,0.2546022
3,0,0,0.11860034
3,0,1,0.61575925
3,1,1,0.677487
3,1,1,0.681958
3,0,1,0.62379843
3,0,0,0.4697341
3,1,1,0.6318
3,0,1,0.5212005
3,1,1,0.57186323
3,0,1,0.57012105
3,1,1,0.5781178
3,1,1,0.75677663
3,0,1,0.54610085
3,1,1,0.71930915
3,1,1,0.6163659
3,1,1,0.63128585
3,1,1,0.5380718
3,0,1,0.6886212
3,0,0,0.45706293
3,1,1,0.5346841
3,0,1,0.6315249
3,1,0,0.43228045
3,1,1,0.5580754
3,1,1,0.9253798
3,0,0,0.46973053
3,1,1,0.7079981
3,0,0,0.4307987
3,1,1,0.7015985
3,0,0,0.33351284
3,0,0,0.19175589
3,1,1,0.6499432
3,1,1,0.80954427
3,0,0,0.29923898
3,1,1,0.6514248
3,0,0,0.16265804
3,1,1,0.7903628
3,1,0,0.29995516
3,1,1,0.61044544
3,0,0,0.20275109
3,0,0,0.45525336
3,0,0,0.06369017
3,1,0,0.4158208
3,0,1,0.5150965
3,0,0,0.31954095
3,1,0,0.49209476
3,0,1,0.5093593
3,1,1,0.58980685
3,1,0,0.38766134
3,0,0,0.3873954
3,1,0,0.42259303
3,1,0,0.4803514
3,0,0,0.4720693
3,0,0,0.22706257
3,0,0,0.29263932
3,1,1,0.53088194
3,1,1,0.7703104
3,0,0,0.43701166
3,1,1,0.65158135
3,0,0,0.41518155
3,1,1,0.64177895
3,0,0,0.09639461
3,1,0,0.31514427
3,1,1,0.6020843
3,0,0,0.23780568
3,1,1,0.8199654
3,0,0,0.46163008
3,0,0,0.45257977
3,1,1,0.66852564
3,1,0,0.3846704
3,0,1,0.543958
3,1,1,0.6178698
3,0,1,0.5779074
3,0,1,0.59620994
3,0,0,0.3016455
3,1,0,0.107204475
3,0,0,0.25482658
3,1,0,0.35050556
3,1,1,0.72227156
3,0,0,0.46952322
3,1,1,0.51563704
3,0,0,0.19663249
3,0,1,0.5864449
3,1,0,0.47591785
3,0,0,0.3228724
3,0,1,0.54838216
3,0,1,0.5068904
3,0,1,0.64114463
3,1,1,0.5158035
3,0,0,0.48186803
3,1,0,0.47924566
3,1,1,0.57928073
3,0,1,0.74156886
3,0,1,0.7539358
3,0,0,0.14284919
3,1,0,0.49018854
3,0,1,0.53195256
3,1,1,0.71012366
3,0,0,0.2802219
3,1,1,0.7425002
3,1,0,0.22177753
3,1,1,0.53114116
3,1,1,0.50168645
3,1,1,0.68560773
3,0,0,0.4428113
3,1,1,0.7005787
3,1,1,0.69027406
3,1,1,0.6369995
3,0,1,0.6134564
3,0,0,0.32774088
3,1,1,0.53140604
3,1,1,0.7209413
3,1,1,0.6067264
3,1,0,0.49204057
3,1,1,0.58887416
3,0,1,0.53634584
3,1,1,0.6536288
3,0,1,0.632686
3,0,1,0.57567143
3,1,0,0.41259903
3,0,0,0.3599664
3,0,1,0.5383812
3,1,1,0.64334404
3,0,0,0.40077445
3,0,0,0.45899972
3,0,0,0.32057118
3,0,0,0.05225312
3,0,0,0.12318082
3,0,1,0.60905665
3,0,0,0.05379219
3,1,1,0.54552937
3,1,1,0.5483884
3,0,0,0.059694342
3,0,0,0.31948414
3,0,0,0.36595273
3,0,0,0.2625711
3,0,1,0.65325314
3,1,0,0.4930785
3,1,1,0.5435303
3,1,1,0.52715045
3,1,0,0.49998888
3,1,1,0.63820475
3,0,0,0.3161843
3,1,1,0.50672454
3,1,0,0.38811308
3,1,1,0.5753336
3,1,0,0.42758927
3,0,0,0.47305644
3,0,0,0.1267774
3,0,1,0.5228592
3,0,1,0.5595551
3,1,0,0.4407451
3,1,1,0.7234807
3,0,0,0.36870682
3,0,1,0.6306287
3,1,1,0.71984357
3,0,0,0.19210322
3,0,0,0.1989653
3,1,1,0.52133036
3,1,1,0.665515
3,0,0,0.10280768
3,0,0,0.23487204
3,1,0,0.18930255
3,0,0,0.2873431
3,0,1,0.9430183
3,0,0,0.31973487
3,0,0,0.12719789
3,0,0,0.18459636
3,1,0,0.36642474
3,1,1,0.5915632
3,1,1,0.5866472
3,1,0,0.43161234
3,0,0,0.077963434
3,1,0,0.27092847
3,1,0,0.15692429
3,0,1,0.5485904
3,1,1,0.72828674
3,0,1,0.6454652
3,1,1,0.61981153
3,1,1,0.51751935
3,1,1,0.510618
3,0,1,0.6102169
3,1,1,0.6092985
3,1,0,0.46317866
3,0,1,0.5299244
3,0,0,0.48902595
3,0,1,0.5413018
3,1,1,0.54785395
3,1,1,0.74308556
3,0,0,0.40444985
3,0,0,0.27846485
3,1,1,0.74375165
3,0,0,0.10329313
3,1,0,0.48780814
3,0,0,0.1508655
3,0,0,0.17608593
3,0,0,0.098146535
3,0,0,0.4003921
3,1,1,0.56700224
3,1,1,0.5177991
3,1,1,0.6915842
3,1,1,0.56675357
3,1,1,0.57440066
3,0,0,0.3355984
3,1,0,0.16178669
3,1,1,0.74386984
3,1,1,0.557789
3,0,1,0.62653506
3,1,0,0.37407577
3,1,1,0.80847365
3,1,1,0.77346116
3,1,1,0.8597315
3,1,0,0.2666562
3,0,0,0.27637786
3,0,0,0.18367043
3,0,0,0.086308904
3,0,0,0.16263929
3,1,1,0.61607975
3,0,0,0.14278089
3,0,0,0.12130602
3,0,0,0.2492672
3,1,1,0.7050666
3,0,0,0.25084877
3,0,0,0.17937288
3,1,0,0.33209944
3,1,1,0.6641381
3,0,0,0.13749647
3,0,0,0.086693615
3,0,0,0.06866756
3,1,0,0.3020158
3,1,0,0.35817328
3,1,0,0.48117632
3,0,0,0.10008025
3,0,1,0.5198256
3,0,1,0.5482368
3,0,1,0.7598554
3,1,0,0.17193148
3,0,0,0.33613193
3,0,0,0.21824393
3,1,1,0.7457037
3,0,0,0.19200529
3,0,0,0.048753627
3,0,0,0.3272275
3,0,0,0.2221724
3,0,0,0.20310363
3,1,1,0.6450931
3,0,0,0.2654713
3,0,1,0.827262
3,0,0,0.098214
3,0,0,0.18117186
3,1,0,0.23913911
3,0,0,0.27829304
3,0,0,0.055938087
3,0,0,0.25208643
3,0,0,0.2025145
3,0,0,0.14300847
3,0,0,0.4772506
3,0,0,0.38614276
3,0,0,0.14831692
3,1,1,0.5332136
3,0,0,0.44037306
3,1,0,0.4970841
3,1,0,0.40149486
3,0,0,0.37945393
3,1,1,0.50236034
3,1,0,0.49392757
3,1,0,0.30080527
3,0,0,0.47699076
3,1,1,0.64043593
3,0,1,0.51736856
3,0,1,0.6241608
3,0,0,0.3754765
3,1,1,0.6040192
3,0,0,0.19122279
3,0,1,0.5731959
3,0,0,0.20532736
3,1,1,0.5202637
3,1,1,0.68957543
3,1,1,0.6860856
3,0,1,0.54973227
3,0,0,0.23611856
3,0,0,0.3599348
3,1,0,0.41359547
3,0,0,0.29419744
3,0,0,0.06934728
3,1,1,0.56154615
3,0,1,0.60879844
3,0,0,0.19452159
3,1,0,0.4662658
3,0,1,0.51613706
3,1,1,0.70645744
3,0,1,0.56479055
3,1,0,0.44928023
3,1,1,0.74658275
3,1,0,0.49449444
3,1,1,0.5932118
3,0,0,0.3694749
3,0,0,0.45229128
3,0,0,0.49180138
3,1,0,0.48167518
3,0,1,0.5189063
3,0,0,0.38973573
3,0,0,0.32132724
3,0,1,0.6185062
3,1,0,0.40287063
3,0,0,0.33158404
3,0,0,0.4173003
3,0,0,0.11616766
3,1,1,0.6390405
3,1,1,0.6290472
3,0,0,0.4067598
3,0,0,0.45690805
3,0,0,0.47583565
3,1,1,0.70265275
3,0,1,0.66684145
3,1,0,0.4539733
3,0,0,0.18768813
3,0,0,0.23670317
3,1,1,0.52407897
3,1,1,0.6177622
3,1,1,0.59168214
3,1,1,0.53912127
3,1,1,0.6156078
3,1,1,0.6645871
3,0,1,0.5332136
3,0,0,0.44037306
3,1,0,0.4970841
3,0,0,0.40149486
3,0,0,0.37945393
3,1,1,0.50236034
3,1,0,0.49392757
3,0,0,0.30080527
3,0,0,0.47699076
3,0,1,0.64043593
3,0,1,0.51736856
3,1,1,0.6241608
3,0,0,0.3754765
3,1,1,0.6040192
3,0,0,0.19122279
3,0,1,0.5731959
3,0,0,0.20532736
3,0,1,0.5202637
3,0,1,0.5633356
3,1,0,0.46806443
3,0,1,0.59943867
3,0,0,0.4485815
3,0,1,0.5823289
3,0,1,0.5553881
3,1,0,0.44529718
3,1,1,0.57334346
3,1,1,0.59223646
3,0,0,0.43878397
3,1,1,0.8452474
3,0,0,0.47190347
3,1,0,0.40175453
3,1,1,0.7592597
3,0,0,0.122643925
3,1,1,0.52122164
3,0,0,0.30392367
3,0,0,0.12069283
3,0,0,0.12864968
3,1,0,0.21592307
3,0,0,0.31291908
3,0,0,0.3729242
3,1,0,0.17918247
3,0,0,0.3277313
3,1,1,0.5221802
3,0,0,0.47784203
3,1,0,0.42385572
3,1,1,0.8519667
3,1,1,0.82702804
3,1,1,0.513912
3,1,1,0.533428
3,0,0,0.060323805
3,0,1,0.68606424
3,1,1,0.50425005
3,1,0,0.42453647
3,0,0,0.31623152
3,0,0,0.4204262
3,1,1,0.5195558
3,1,1,0.6729141
3,0,1,0.5307076
3,0,0,0.25449356
3,0,0,0.27990285
3,0,0,0.16440801
3,0,0,0.16979025
3,1,0,0.1594558
3,0,1,0.65688765
3,1,1,0.5669954
3,0,0,0.47169477
3,0,0,0.07439328
3,1,1,0.67106247
3,1,1,0.59760594
3,0,1,0.5124478
3,1,1,0.806961
3,0,0,0.4950038
3,0,1,0.6366385
3,1,1,0.71728516
3,1,0,0.4976799
3,0,0,0.3591736
3,1,0,0.23527624
3,1,0,0.47332218
3,1,1,0.76381034
3,1,1,0.5082246
3,1,0,0.33158273
3,1,1,0.6412498
3,0,0,0.47702077
3,0,1,0.59054154
3,0,0,0.48626873
3,1,1,0.584764
3,0,0,0.41656932
3,1,0,0.30286628
3,0,0,0.4211553
3,0,1,0.9689612
3,0,0,0.40354338
3,0,1,0.5195464
3,0,1,0.7576413
3,1,1,0.54793555
3,1,1,0.68793046
3,1,0,0.4480192
3,1,0,0.42677838
3,0,0,0.17358348
3,0,0,0.10893065
3,0,0,0.20888607
3,1,1,0.6016033
3,0,0,0.4563876
3,1,1,0.7504534
3,1,1,0.53280306
3,1,1,0.73365766
3,0,1,0.51614124
3,1,1,0.59339726
3,0,0,0.18929395
3,1,1,0.6067334
3,1,1,0.5487705
3,1,1,0.67547625
3,1,0,0.45408863
3,0,1,0.5033773
3,0,0,0.46639153
3,1,1,0.62096816
3,1,1,0.60378474
3,1,1,0.79183894
3,0,0,0.3759192
3,1,1,0.6434748
3,0,0,0.13078885
3,0,0,0.10552328
3,0,0,0.13932134
3,0,1,0.6598284
3,0,0,0.1797489
3,1,0,0.3990351
3,0,1,0.7495846
3,0,0,0.18263736
3,0,0,0.10576688
3,1,1,0.7776852
3,1,1,0.723172
3,0,0,0.33400902
3,0,1,0.7183839
3,1,1,0.6496857
3,0,0,0.39041924
3,0,1,0.70006555
3,1,1,0.7673213
3,0,0,0.4270657
3,0,1,0.73742634
3,1,1,0.8325996
3,1,1,0.7980683
3,1,1,0.71267384
3,0,1,0.70209336
3,0,0,0.13190694
3,0,1,0.74265504
3,1,1,0.509288
3,1,0,0.49426544
3,1,1,0.6936613
3,0,0,0.33919245
3,1,1,0.71522695
3,1,1,0.6208497
3,0,0,0.21037918
3,0,0,0.16197258
3,0,0,0.07439912
3,1,1,0.688954
3,1,0,0.4338182
3,1,1,0.52564514
3,0,0,0.08706553
3,1,0,0.45031068
3,0,0,0.49036193
3,0,1,0.566937
3,0,1,0.5019487
3,1,1,0.559684
3,0,0,0.4194383
3,0,0,0.47166273
3,1,0,0.34373245
3,0,1,0.7287014
3,1,1,0.65485245
3,0,0,0.24745312
3,0,0,0.28978398
3,0,0,0.21214984
3,1,1,0.7089463
3,0,0,0.44171932
3,0,0,0.3380401
3,0,0,0.11805037
3,0,0,0.25856632
3,0,0,0.45218065
3,0,0,0.4044489
3,1,0,0.47453448
3,1,0,0.41060454
3,1,1,0.68446493
3,0,0,0.2271226
3,1,0,0.18000598
3,1,0,0.19393362
3,1,0,0.30809262
3,0,0,0.0613225
3,1,1,0.8816459
3,0,0,0.46329695
3,1,1,0.7649019
3,1,1,0.6098504
3,0,0,0.41150945
3,0,0,0.13170892
3,1,1,0.56946504
3,1,1,0.7511629
3,1,1,0.7406437
3,0,0,0.18410568
3,1,1,0.7547625
3,0,0,0.14689861
3,0,0,0.25491467
3,0,0,0.32742688
3,0,0,0.12282276
3,0,0,0.07985331
3,1,0,0.400707
3,1,1,0.66848075
3,0,1,0.7175531
3,1,0,0.1587279
3,0,0,0.08097333
3,0,0,0.1765186
3,0,0,0.3493353
3,1,1,0.68424064
3,0,0,0.44187906
3,1,1,0.5983936
3,0,0,0.14211933
3,0,0,0.3997966
3,0,1,0.5727823
3,1,0,0.38949648
3,1,1,0.801806
3,0,1,0.5681717
3,0,0,0.31140527
3,0,0,0.45106545
3,1,1,0.67262006
3,1,1,0.7305577
3,1,1,0.52575105
3,1,0,0.311391
3,0,0,0.1841
3,1,1,0.74716765
3,0,0,0.19819154
3,0,0,0.21478517
3,0,0,0.35798228
3,1,1,0.5539446
3,0,0,0.29550406
3,1,0,0.18639877
3,0,0,0.46288082
3,0,0,0.12736762
3,0,0,0.34331948
3,0,0,0.26604015
3,0,0,0.3450618
3,1,1,0.767869
3,0,0,0.38805974
3,1,1,0.5986199
3,0,0,0.1625932
3,1,1,0.7351653
3,1,1,0.5527546
3,0,1,0.5291993
3,0,0,0.24685724
3,0,0,0.1499661
3,0,0,0.40051696
3,0,0,0.10255257
3,0,0,0.13134843
3,1,1,0.74179286
3,0,0,0.3319527
3,1,0,0.22443482
3,1,0,0.21573521
3,0,0,0.1210595
3,1,0,0.2389089
3,1,1,0.717351
3,1,0,0.41637006
3,0,0,0.29059568
3,1,1,0.70926523
3,0,0,0.1570756
3,0,0,0.14238176
3,0,0,0.4473222
3,1,0,0.4596241
3,0,0,0.48224366
3,0,0,0.42711774
3,1,1,0.63567424
3,0,1,0.6740828
3,1,0,0.3221156
3,0,1,0.6647271
3,0,1,0.5983996
3,0,0,0.36929613
3,1,1,0.7707213
3,1,1,0.7139524
3,1,0,0.4637062
3,1,1,0.6406268
3,1,0,0.09639419
3,1,0,0.38697624
3,0,1,0.689204
3,0,1,0.68321514
3,0,0,0.46727663
3,0,1,0.55306196
3,1,1,0.6501303
3,0,1,0.638574
3,0,0,0.34753
3,0,1,0.5018718
3,0,0,0.3159357
3,1,1,0.9489942
3,0,1,0.6668897
3,1,1,0.75404155
3,0,0,0.3148865
3,1,1,0.72077036
3,0,1,0.57976264
3,0,1,0.60280913
3,0,0,0.38095662
3,1,0,0.39692074
3,0,1,0.67687035
3,1,1,0.5245272
3,0,0,0.13558832
3,1,1,0.5410249
3,0,1,0.74082804
3,0,0,0.24136873
3,1,1,0.56562567
3,0,0,0.2512555
3,1,0,0.36882693
3,0,1,0.5849803
3,1,1,0.58805394
3,0,0,0.12046624
3,0,0,0.10929884
3,0,0,0.14463796
3,0,1,0.6497136
3,0,0,0.19170499
3,0,0,0.18032518
3,1,0,0.45653462
3,0,1,0.5698701
3,1,1,0.5470937
3,1,1,0.54217017
3,1,0,0.41538146
3,1,1,0.6241314
3,0,1,0.5779708
3,0,0,0.39739075
3,1,0,0.4327348
3,0,1,0.56558275
3,0,0,0.35326183
3,1,1,0.58276916
3,1,0,0.35272515
3,0,1,0.5221172
3,1,1,0.63456947
3,0,0,0.36195233
3,1,1,0.85776716
3,1,1,0.6083744
3,0,0,0.3244636
3,0,0,0.27595702
3,0,0,0.39659014
3,1,1,0.5680515
3,0,1,0.5271264
3,0,0,0.3971839
3,1,1,0.7801724
3,0,1,0.503104
3,0,0,0.42038763
3,0,0,0.06837733
3,0,0,0.14154063
3,1,0,0.49944142
3,0,0,0.38500243
3,0,0,0.4375829
3,0,1,0.55371785
3,1,1,0.70113784
3,0,0,0.12839249
3,1,0,0.48407784
3,1,1,0.6259519
3,1,0,0.44783232
3,0,0,0.29123005
3,0,0,0.42302823
3,1,0,0.37677816
3,0,0,0.42217144
3,1,0,0.35276425
3,0,1,0.60481554
3,1,1,0.66284496
3,0,1,0.57524896
3,0,1,0.58275783
3,0,1,0.5725115
3,1,1,0.7338408
3,1,1,0.61844
3,1,1,0.65509236
3,1,1,0.7442855
3,1,1,0.9062529
3,1,1,0.77678293
3,0,0,0.42840216
3,0,1,0.57552
3,1,1,0.6816793
3,1,1,0.85154957
3,1,1,0.83435315
3,0,0,0.18505971
3,1,1,0.84456897
3,1,1,0.5277904
3,0,0,0.10722179
3,0,0,0.20196335
3,0,1,0.6993626
3,0,1,0.71401525
3,0,1,0.6941784
3,1,1,0.72268397
3,1,1,0.76409936
3,1,1,0.5623517
3,1,1,0.6669537
3,1,1,0.52320164
3,1,1,0.67249537
3,1,1,0.8789762
3,1,1,0.84960973
3,1,1,0.73190373
3,0,0,0.13428968
3,1,1,0.5796368
3,0,0,0.48947087
3,0,1,0.51089686
3,0,1,0.5694703
3,0,0,0.46271604
3,1,1,0.63282764
3,1,1,0.6059367
3,1,1,0.66946363
3,0,0,0.30713573
3,0,0,0.3043614
3,0,0,0.08057691
3,0,0,0.1813369
3,1,1,0.9494821
3,0,1,0.8020266
3,1,1,0.7398004
3,1,0,0.2858942
3,0,0,0.19072048
3,0,0,0.13475014
3,0,0,0.44477808
3,0,0,0.45799997
3,1,1,0.8153852
3,1,0,0.07907976
3,1,0,0.23925172
3,0,0,0.21868818
3,0,0,0.08661875
3,1,0,0.18682088
3,1,1,0.7373885
3,0,1,0.5578405
3,1,0,0.37190986
3,0,1,0.6699126
3,1,1,0.5818596
3,0,0,0.3832292
3,1,0,0.16446558
3,1,1,0.77584314
3,0,1,0.5032128
3,0,0,0.48206013
3,0,1,0.72884893
3,1,1,0.9242356
3,1,1,0.93570393
3,0,1,0.5526465
3,1,1,0.56276375
3,0,0,0.2635751
3,1,0,0.16334355
3,1,1,0.65875113
3,0,0,0.2754822
3,0,0,0.13905849
3,0,0,0.08580159
3,0,0,0.10917937
3,0,1,0.5240218
3,1,0,0.3048515
3,0,1,0.67725915
3,0,0,0.08294329
3,1,1,0.86866075
3,1,1,0.6600029
3,0,0,0.06378994
3,1,0,0.47359964
3,0,1,0.56023395
3,1,1,0.63126916
3,0,0,0.12915388
3,1,1,0.6428214
3,0,0,0.20405848
3,0,0,0.09296387
3,1,1,0.8776773
3,0,0,0.32724285
3,0,0,0.22753231
3,0,0,0.3876812
3,0,1,0.560477
3,0,0,0.43289816
3,1,1,0.6926302
3,1,1,0.6482757
3,1,1,0.603395
3,1,1,0.62365454
3,0,0,0.1834133
3,0,0,0.43935892
3,0,0,0.34165397
3,1,0,0.33347604
3,1,1,0.52585155
3,0,1,0.52054083
3,1,0,0.4394226
3,1,0,0.39285392
3,0,0,0.27277312
3,0,0,0.44655427
3,0,0,0.38498622
3,0,0,0.22865391
3,1,0,0.49040303
3,1,1,0.54454803
3,0,1,0.6647141
3,0,0,0.46808183
3,0,0,0.46193275
3,1,0,0.4327424
3,0,0,0.30875996
3,1,0,0.28003606
3,0,0,0.10368108
3,0,0,0.332386
3,0,0,0.22628887
3,0,0,0.386936
3,1,1,0.5820394
3,0,0,0.12176433
3,1,1,0.80777264
3,1,0,0.40825987
3,1,1,0.63418067
3,0,0,0.3600697
3,0,1,0.7431476
3,0,0,0.39016882
3,0,0,0.25807455
3,0,0,0.17491518
3,1,0,0.2993917
3,0,0,0.09245374
3,1,1,0.5754508
3,0,1,0.6948281
3,1,1,0.55145746
3,1,0,0.18402927
3,1,1,0.8902967
3,0,1,0.5883468
3,0,0,0.18289913
3,1,1,0.8853227
3,1,1,0.6279453
3,0,0,0.095879994
3,1,1,0.60271233
3,0,0,0.39811635
3,0,1,0.6443984
3,0,0,0.3047203
3,1,0,0.48082358
3,1,1,0.51559
3,1,1,0.58922493
3,1,1,0.63712937
3,0,0,0.28900212
3,1,0,0.2926856
3,1,1,0.59547675
3,0,0,0.22693796
3,0,0,0.25803444
3,0,0,0.49261403
3,0,0,0.46418357
3,0,1,0.601302
3,1,0,0.23777449
3,0,0,0.19625308
3,0,0,0.09226103
3,1,1,0.8516691
3,1,1,0.68606216
3,1,0,0.43781868
3,0,0,0.3659912
3,0,0,0.28557745
3,1,0,0.1881921
3,0,0,0.31302428
3,0,0,0.3384451
3,0,1,0.51599187
3,0,1,0.80190516
3,0,1,0.5557951
3,1,0,0.46596622
3,0,1,0.69935995
3,1,1,0.69420534
3,1,0,0.057137664
3,0,0,0.14303029
3,1,0,0.42307016
3,0,1,0.706218
3,0,0,0.12988168
3,1,0,0.2505387
3,0,0,0.30622825
3,1,1,0.8142821
3,0,1,0.5052427
3,1,1,0.568126
3,1,0,0.4865184
3,0,1,0.5866954
3,0,0,0.3737226
3,1,1,0.6136274
3,0,0,0.41425797
3,0,0,0.40781665
3,1,0,0.41532058
3,0,0,0.47752297
3,0,1,0.77314943
3,1,1,0.7007449
3,0,0,0.14055099
3,0,0,0.30638984
3,1,1,0.6001892
3,1,1,0.68174714
3,0,1,0.5241627
3,1,1,0.9162122
3,1,1,0.7228157
3,0,0,0.49517924
3,1,1,0.7629822
3,1,1,0.61086893
3,1,1,0.64143234
3,0,0,0.25564367
3,1,1,0.84877276
3,0,0,0.31465566
3,0,0,0.47208783
3,1,0,0.31155628
3,1,1,0.6711796
3,0,0,0.3746384
3,0,0,0.15203996
3,0,1,0.5028582
3,0,0,0.13009569
3,0,0,0.06317338
3,0,0,0.2780882
3,0,0,0.26481527
3,0,0,0.4460567
3,0,0,0.4300537
3,0,0,0.27041873
3,1,0,0.28148177
3,1,0,0.40050364
3,1,1,0.52652776
3,0,0,0.09363595
3,1,0,0.21359809
3,0,0,0.13572037
3,1,0,0.3722211
3,1,1,0.5250739
3,0,0,0.44867238
3,1,0,0.30101028
3,1,0,0.16238528
3,0,1,0.7825251
3,1,1,0.7272016
3,0,1,0.7017247
3,0,0,0.19209118
3,0,1,0.57193416
3,0,0,0.23518974
3,1,0,0.4871685
3,1,1,0.82134193
3,0,1,0.776041
3,1,1,0.59714943
3,0,0,0.2186369
3,1,1,0.6183136
3,0,1,0.5149155
3,0,0,0.19488555
3,0,0,0.22945292
3,0,1,0.5935022
3,1,1,0.5155237
3,1,1,0.644383
3,1,0,0.40040398
3,1,1,0.59188133
3,0,0,0.39141634
3,1,1,0.80127746
3,1,1,0.73736775
3,0,1,0.61624706
3,0,0,0.4630849
3,1,1,0.5201529
3,0,1,0.55908155
3,0,1,0.7532047
3,1,1,0.59953505
3,0,1,0.60939604
3,0,1,0.5072533
3,0,1,0.5777289
3,1,1,0.7055896
3,0,0,0.046425976
3,0,0,0.2025269
3,1,1,0.8322202
3,0,0,0.093590714
3,1,1,0.71751326
3,0,0,0.14479508
3,0,0,0.31740966
3,1,1,0.8405082
3,1,1,0.589862
3,1,1,0.70709974
3,0,1,0.54910094
3,0,1,0.50501144
3,0,0,0.3045132
3,0,0,0.054332234
3,0,0,0.38225874
3,1,1,0.55403763
3,0,0,0.37755683
3,1,1,0.8769112
3,1,1,0.72205055
3,1,1,0.7545665
3,0,0,0.16663541
3,1,1,0.5947352
3,0,0,0.32016373
3,0,1,0.634268
3,1,1,0.87127155
3,1,0,0.31533465
3,0,0,0.39237335
3,0,0,0.116752826
3,1,1,0.7952329
3,1,1,0.5238802
3,1,1,0.5809955
3,1,1,0.70337373
3,0,0,0.3851001
3,0,1,0.58796096
3,0,0,0.40517956
3,1,1,0.7235113
3,0,0,0.48338383
3,0,0,0.48758873
3,1,1,0.5756478
3,0,1,0.6227641
3,0,0,0.40621576
3,0,0,0.4795854
3,1,1,0.59864825
3,0,1,0.52131796
3,1,1,0.6211455
3,0,1,0.5778979
3,0,0,0.2367516
3,1,0,0.49551165
3,1,1,0.54515076
3,0,1,0.5098503
3,0,1,0.718974
3,1,0,0.41122985
3,0,0,0.06494114
3,0,0,0.14672834
3,1,0,0.33703724
3,1,1,0.69700485
3,0,0,0.046181947
3,1,0,0.28057122
3,0,1,0.52754724
3,0,0,0.46126664
3,1,1,0.7079508
3,1,0,0.4406464
3,1,0,0.2050945
3,0,1,0.59710866
3,1,1,0.6112761
3,1,0,0.2650628
3,0,0,0.29333842
3,1,1,0.83159524
3,0,1,0.5494479
3,0,0,0.42419237
3,0,1,0.5423628
3,1,1,0.5708502
3,0,1,0.5595355
3,0,0,0.36949828
3,1,1,0.8647615
3,0,1,0.50346434
3,1,1,0.6293828
3,0,0,0.1241374
3,0,0,0.12634996
3,0,0,0.16703524
3,1,1,0.76030666
3,1,0,0.38431215
3,1,1,0.7464419
3,1,0,0.2582618
3,0,0,0.44456995
3,1,0,0.40064415
3,1,1,0.57786363
3,0,0,0.4985085
3,0,0,0.46279463
3,1,0,0.1771429
3,0,0,0.40092373
3,0,1,0.56740516
3,1,1,0.668069
3,1,0,0.44802058
3,0,0,0.39794207
3,0,1,0.58334446
3,0,0,0.4627582
3,1,1,0.893575
3,1,0,0.46094123
3,0,0,0.45969638
3,1,1,0.6182794
3,0,0,0.22796045
3,0,1,0.5877556
3,0,1,0.68426913
3,0,0,0.31969014
3,0,0,0.17493954
3,1,0,0.20070048
3,1,1,0.7756738
3,1,1,0.59540987
3,1,1,0.6658648
3,0,1,0.5021272
3,0,0,0.19815104
3,1,1,0.5204328
3,0,0,0.40176564
3,0,0,0.45206314
3,1,1,0.61877483
3,0,0,0.416155
3,0,0,0.48408285
3,0,0,0.42172942
3,0,0,0.19092211
3,0,0,0.28335193
3,0,0,0.41434684
3,0,0,0.13261169
3,1,1,0.6673446
3,0,1,0.5144347
3,1,1,0.68428695
3,1,0,0.36091268
3,1,0,0.48984826
3,1,1,0.80816126
3,1,1,0.85313755
3,0,1,0.6789668
3,1,0,0.16750504
3,1,0,0.37841147
3,1,1,0.6974682
3,1,0,0.48921987
3,0,1,0.5621127
3,1,0,0.4664036
3,1,1,0.5624157
3,0,1,0.520308
3,0,0,0.36372268
3,0,0,0.25236824
3,1,1,0.8002701
3,0,1,0.67829037
3,0,0,0.13640182
3,0,0,0.1316064
3,1,0,0.44376695
3,0,1,0.6025942
3,0,1,0.67000884
3,0,1,0.58826256
3,0,0,0.2554
3,0,0,0.10314579
3,0,0,0.4336325
3,1,1,0.8675133
3,1,1,0.5436442
3,1,1,0.7032152
3,0,1,0.5406564
3,1,1,0.62219125
3,0,0,0.35261604
3,0,0,0.21081753
3,0,0,0.31512186
3,1,1,0.6437208
3,1,1,0.5860031
3,0,1,0.54141986
3,0,0,0.37062073
3,0,0,0.19617873
3,0,1,0.75611037
3,1,1,0.55438495
3,0,0,0.42746535
3,1,0,0.45274833
3,0,0,0.11172619
3,1,0,0.1578579
3,1,1,0.51459277
3,0,0,0.40657347
3,1,1,0.7292988
3,1,0,0.093008295
3,1,1,0.61097205
3,0,0,0.18774877
3,0,0,0.22883512
3,0,1,0.73443335
3,0,1,0.55599153
3,1,0,0.4896523
3,0,1,0.54474866
3,0,0,0.19238035
3,0,1,0.7135126
3,0,0,0.27378958
3,0,0,0.116616525
3,1,1,0.75901395
3,1,0,0.34458515
3,0,0,0.1153538
3,1,0,0.35214916
3,1,1,0.7716022
3,1,1,0.5351859
3,1,1,0.61967385
3,0,0,0.32290068
3,0,0,0.25414464
3,0,0,0.3915495
3,1,1,0.6286665
3,1,1,0.55863386
3,0,1,0.5129821
3,1,1,0.80658585
3,0,0,0.4210948
3,0,0,0.39193195
3,0,0,0.22854574
3,1,0,0.39756283
3,1,0,0.4339818
3,0,1,0.53276795
3,1,1,0.6870287
3,1,1,0.80732864
3,1,1,0.6386118
3,0,0,0.20050544
3,1,0,0.47404617
3,0,1,0.54193616
3,1,1,0.6605489
3,0,0,0.32706487
3,0,1,0.5210156
3,0,1,0.5264295
3,0,0,0.4997043
3,0,0,0.13219614
3,0,1,0.56319463
3,0,1,0.55734926
3,1,1,0.6004932
3,0,0,0.24094126
3,0,0,0.20394932
3,1,1,0.53775233
3,0,1,0.67125714
3,1,0,0.31650993
3,1,1,0.5961796
3,1,0,0.34321862
3,0,1,0.5680083
3,1,1,0.767843
3,1,1,0.5912752
3,1,1,0.59266967
3,0,0,0.48311293
3,0,1,0.5030054
3,1,1,0.54426146
3,1,1,0.5474916
3,0,0,0.34352463
3,0,1,0.5480116
3,0,0,0.46287757
3,1,1,0.6297717
3,0,1,0.54820454
3,0,0,0.4524881
3,1,0,0.49049374
3,1,0,0.48636308
3,1,1,0.58652925
3,0,0,0.08818368
3,0,0,0.09729389
3,1,1,0.63336116
3,0,0,0.08753946
3,1,0,0.38932407
3,1,0,0.49858317
3,0,0,0.30280256
3,1,1,0.8016408
3,1,1,0.5467439
3,1,0,0.29728428
3,0,0,0.27219808
3,0,1,0.73075247
3,1,1,0.6303883
3,1,0,0.29101843
3,0,0,0.19755813
3,1,1,0.71611047
3,1,1,0.60698414
3,1,1,0.53141344
3,0,0,0.09060923
3,0,0,0.2192674
3,0,0,0.29831845
3,0,0,0.19270313
3,0,1,0.64079094
3,0,1,0.6615899
3,1,0,0.39261758
3,1,1,0.52611816
3,0,0,0.4655646
3,0,0,0.15975235
3,1,0,0.25369567
3,0,0,0.29799935
3,0,1,0.5043253
3,1,1,0.6674767
3,1,0,0.49327314
3,1,1,0.81076527
3,1,1,0.62255377
3,1,1,0.77930534
3,0,0,0.442869
3,1,1,0.5196268
3,0,0,0.14354236
3,0,1,0.7020169
3,0,0,0.11326363
3,1,0,0.42766026
3,0,1,0.60846174
3,1,1,0.72349894
3,1,0,0.469256
3,0,0,0.36190256
3,0,1,0.69225043
3,1,1,0.50052434
3,0,0,0.21147412
3,1,1,0.69408715
3,0,1,0.5924244
3,0,0,0.11606419
3,0,0,0.14400063
3,1,1,0.6829075
3,1,0,0.119443975
3,0,0,0.11903333
3,1,1,0.6726344
3,1,1,0.6992622
3,1,1,0.7638016
3,0,0,0.12799577
3,0,0,0.1785241
3,0,0,0.19680527
3,0,0,0.25458732
3,0,0,0.08478431
3,0,0,0.32281688
3,1,0,0.25043616
3,0,0,0.4472353
3,0,0,0.10619613
3,0,0,0.452446
3,0,0,0.47730252
3,0,0,0.3252166
3,1,1,0.57770467
3,1,0,0.26670435
3,1,1,0.6509218
3,1,1,0.8613503
3,0,0,0.27206683
3,1,1,0.7333871
3,0,1,0.58837813
3,0,1,0.61443627
3,0,0,0.34034944
3,0,0,0.15839083
3,0,1,0.59266424
3,1,1,0.7344934
3,1,0,0.4607903
3,0,0,0.2904681
3,1,1,0.5827592
3,1,1,0.69725984
3,1,1,0.69040805
3,0,0,0.12771423
3,0,1,0.5428342
3,1,0,0.47699454
3,0,0,0.14740822
3,0,1,0.5745839
3,0,0,0.36676356
3,1,0,0.41518623
3,0,1,0.7512154
3,1,1,0.6833
3,0,0,0.43291605
3,0,0,0.27707252
3,0,0,0.33922076
3,0,1,0.50416857
3,0,0,0.10806169
3,1,1,0.542392
3,0,0,0.39325586
3,0,0,0.47596508
3,1,0,0.0812417
3,1,1,0.84724575
3,1,0,0.083003655
3,1,0,0.14450797
3,0,0,0.34113094
3,1,1,0.5007343
3,0,0,0.13781165
3,1,1,0.73966765
3,1,1,0.59136504
3,0,1,0.6367111
3,0,1,0.531446
3,1,1,0.56575054
3,0,1,0.7436593
3,1,0,0.45256436
3,1,1,0.57393414
3,0,0,0.4537544
3,0,1,0.6325465
3,0,1,0.60551476
3,0,0,0.3972294
3,1,1,0.6407507
3,1,1,0.6350086
3,1,0,0.32533497
3,0,0,0.41220042
3,0,0,0.37963963
3,1,0,0.37412974
3,0,0,0.4632154
3,1,0,0.41032335
3,1,0,0.4339684
3,1,0,0.1714377
3,1,1,0.7085345
3,0,0,0.41334412
3,0,0,0.17704006
3,0,0,0.30233905
3,1,0,0.43677905
3,1,1,0.91178274
3,1,1,0.829131
3,1,1,0.74008924
3,0,0,0.19026254
3,1,1,0.69419885
3,1,0,0.4907008
3,1,1,0.67057145
3,0,1,0.5158979
3,0,0,0.15672731
3,0,0,0.34376332
3,1,0,0.32861114
3,1,1,0.6783314
3,1,1,0.61965555
3,1,1,0.6138792
3,0,0,0.22551042
3,0,1,0.54666704
3,0,0,0.2473491
3,0,1,0.72422045
3,0,0,0.05399604
3,0,0,0.09857192
3,0,0,0.142374
3,0,0,0.101292394
3,0,0,0.42409128
3,0,0,0.15302587
3,1,0,0.44719604
3,0,0,0.10777917
3,1,0,0.4344333
3,1,0,0.24847457
3,1,1,0.6275971
3,1,1,0.6802858
3,1,1,0.6083083
3,0,0,0.19793332
3,0,0,0.38045397
3,1,1,0.8590641
3,1,1,0.60870785
3,1,0,0.39674363
3,0,0,0.42960703
3,1,1,0.50293756
3,1,0,0.36722544
3,0,0,0.48321307
3,0,0,0.43512475
3,1,1,0.94363844
3,1,1,0.5759343
3,1,1,0.74864554
3,1,1,0.5376287
3,0,1,0.69104034
3,1,1,0.8300251
3,1,1,0.7899623
3,1,1,0.67304724
3,1,1,0.71878004
3,0,1,0.5884967
3,0,1,0.59656596
3,0,1,0.6069909
3,0,0,0.14634992
3,0,0,0.49109894
3,1,1,0.518649
3,0,1,0.6737843
3,0,0,0.46877834
3,0,0,0.31951737
3,0,0,0.47935826
3,1,1,0.57062995
3,0,1,0.54112065
3,1,0,0.40523362
3,1,0,0.21611303
3,0,0,0.42086178
3,0,0,0.35119283
3,1,0,0.38123408
3,0,0,0.19247647
3,1,0,0.33393204
3,0,0,0.21962856
3,0,0,0.32002857
3,1,0,0.31712094
3,0,1,0.50109476
3,0,0,0.18735659
3,1,1,0.6364777
3,1,1,0.5019161
3,0,0,0.3270178
3,1,0,0.29588553
3,0,1,0.5368394
3,1,0,0.37789175
3,1,0,0.36163035
3,0,0,0.11124494
3,0,0,0.15785335
3,0,0,0.101352416
3,1,1,0.6825275
3,0,0,0.17510442
3,0,0,0.109079555
3,0,0,0.09178264
3,1,1,0.8008895
3,1,0,0.3707379
3,1,1,0.7752268
3,0,1,0.526779
3,1,1,0.64085174
3,1,1,0.6475607
3,0,0,0.4979948
3,1,0,0.48086596
3,1,1,0.6193188
3,0,0,0.48592818
3,1,1,0.61283416
3,1,1,0.659617
3,0,0,0.4840973
3,1,1,0.6188358
3,0,0,0.4008848
3,1,1,0.7786468
3,0,0,0.42293504
3,0,0,0.4921857
3,0,0,0.4592133
3,0,0,0.28806764
3,1,1,0.5438414
3,0,1,0.5810791
3,0,0,0.37452683
3,1,1,0.62883186
3,1,1,0.568475
3,0,0,0.2245617
3,0,1,0.5728008
3,0,0,0.23981617
3,0,0,0.4985849
3,1,1,0.694935
3,1,1,0.97052425
3,0,1,0.56543434
3,0,0,0.3813153
3,0,0,0.39289767
3,1,1,0.61394197
3,0,1,0.63347113
3,1,1,0.51326907
3,0,0,0.27991536
3,0,0,0.07794347
3,0,0,0.12584732
3,1,1,0.72593546
3,0,0,0.19761486
3,1,0,0.26438794
3,1,0,0.13820358
3,1,0,0.24429171
3,0,0,0.46960047
3,1,1,0.8782646
3,1,1,0.81331426
3,1,1,0.62109935
3,0,0,0.17634685
3,0,1,0.6731258
3,0,1,0.74757516
3,0,1,0.7309324
3,0,1,0.6632331
3,1,0,0.28897423
3,1,1,0.65694755
3,0,0,0.45178062
3,0,0,0.44960377
3,1,1,0.6287917
3,1,1,0.80289966
3,0,0,0.17721851
3,1,0,0.25381467
3,0,0,0.4270985
3,0,0,0.44562393
3,0,0,0.35298225
3,1,0,0.43544835
3,0,0,0.32969248
3,0,0,0.230031
3,1,1,0.54638964
3,1,0,0.4998141
3,1,1,0.80647767
3,1,1,0.61675036
3,1,1,0.6836721
3,0,0,0.19689149
3,1,0,0.4375178
3,0,1,0.5049762
3,0,0,0.3647826
3,0,0,0.33837163
3,1,0,0.44330406
3,0,0,0.35111
3,0,0,0.31916964
3,0,1,0.7493727
3,1,1,0.5149695
3,1,0,0.45718098
3,1,1,0.6028303
3,1,1,0.6645706
3,1,0,0.13551755
3,0,0,0.29167947
3,0,0,0.1911395
3,0,1,0.5038819
3,0,0,0.46726644
3,0,0,0.44651872
3,0,1,0.6648961
3,1,1,0.5901843
3,1,0,0.4755841
3,1,0,0.39036506
3,0,1,0.53125185
3,0,0,0.41887367
3,0,0,0.40410268
3,0,0,0.32685122
3,1,1,0.7063591
3,0,1,0.67009026
3,1,0,0.41565013
3,0,1,0.57035935
3,0,1,0.7750524
3,1,0,0.3719933
3,1,1,0.64549243
3,0,0,0.33234257
3,1,1,0.8236138
3,1,1,0.85221183
3,0,0,0.4968942
3,0,0,0.06366682
3,0,0,0.14235252
3,1,0,0.45775244
3,1,1,0.61343044
3,0,1,0.51154417
3,1,1,0.5875983
3,0,0,0.21554355
3,0,0,0.3984094
3,0,0,0.17967927
3,1,1,0.707619
3,1,1,0.6061924
3,1,1,0.51983553
3,1,1,0.6718361
3,1,0,0.4811519
3,0,0,0.32811445
3,0,1,0.67461765
3,0,0,0.3558258
3,0,1,0.5689961
3,1,1,0.7118265
3,1,0,0.33711275
3,0,0,0.33669677
3,0,0,0.11626261
3,0,0,0.26833284
3,0,1,0.79499656
3,1,0,0.1411785
3,1,1,0.570969
3,0,0,0.302479
3,1,0,0.4728838
3,0,0,0.396004
3,0,1,0.5431525
3,0,1,0.76798034
3,1,1,0.7387583
3,0,1,0.50837964
3,1,1,0.8199851
3,1,1,0.7076788
3,0,0,0.37687805
3,0,0,0.2949732
3,1,1,0.8016137
3,0,0,0.16381383
3,0,1,0.5385083
3,0,1,0.62693363
3,1,1,0.5853967
3,1,0,0.38387355
3,0,0,0.30855438
3,0,1,0.52153766
3,1,1,0.6149307
3,0,1,0.58534414
3,0,1,0.5923828
3,0,0,0.38792396
3,0,0,0.37998787
3,1,0,0.32433882
3,1,0,0.43176204
3,1,1,0.86549306
3,1,1,0.5351557
3,0,0,0.36173603
3,0,0,0.25902015
3,1,1,0.73689187
3,1,1,0.669733
3,0,1,0.6620359
3,1,1,0.71459854
3,0,1,0.6161119
3,1,0,0.4082937
3,1,1,0.5959227
3,1,1,0.7691692
3,1,1,0.50775164
3,0,1,0.61767536
3,0,1,0.7697731
3,0,0,0.34583718
3,0,0,0.40426055
3,1,0,0.35012075
3,1,1,0.62192684
3,1,1,0.5862146
3,0,1,0.72616696
3,1,1,0.8552207
3,1,1,0.672069
3,1,1,0.93832725
3,1,0,0.3838597
3,1,0,0.37501806
3,0,0,0.41970733
3,0,0,0.27838778
3,0,1,0.5678329
3,0,1,0.575978
3,1,1,0.64096856
3,0,0,0.07328463
3,1,1,0.5583539
3,1,1,0.73409367
3,1,1,0.71938777
3,1,1,0.5665566
3,0,1,0.51411957
3,1,1,0.62604374
3,0,0,0.46333387
3,1,0,0.13721846
3,0,0,0.3031021
3,0,1,0.6779819
3,1,1,0.50987065
3,0,0,0.4696042
3,0,0,0.33949167
3,0,1,0.5250106
3,0,0,0.1382162
3,1,0,0.38976887
3,0,0,0.3535284
3,1,0,0.26043034
3,0,0,0.47730848
3,0,0,0.39200372
3,0,0,0.49347556
3,1,0,0.22108461
3,1,0,0.23236883
3,0,0,0.48072574
3,0,0,0.1801267
3,0,0,0.02761986
3,0,1,0.5147787
3,0,0,0.24455555
3,0,0,0.17192851
3,1,0,0.389491
3,1,0,0.1568224
3,1,0,0.4721509
3,1,0,0.36110967
3,1,0,0.30486202
3,1,1,0.92854047
3,1,0,0.39874214
3,0,1,0.6582526
3,1,0,0.2300067
3,0,1,0.56357217
3,1,0,0.4735028
3,1,1,0.5858768
3,1,0,0.46936977
3,0,0,0.13277775
3,1,1,0.61447966
3,1,1,0.53197056
3,1,1,0.8388068
3,1,0,0.28125358
3,1,1,0.78235734
3,1,0,0.39366087
3,1,1,0.6064424
3,1,1,0.71847993
3,0,0,0.15954244
3,0,0,0.19999206
3,0,0,0.16744317
3,0,0,0.12524788
3,0,0,0.08572692
3,0,1,0.6427303
3,0,0,0.2770505
3,1,0,0.47769737
3,0,0,0.42984423
3,0,0,0.07406903
3,0,0,0.27674285
3,1,1,0.7195821
3,1,1,0.7165835
3,0,1,0.625838
3,0,0,0.43709517
3,1,1,0.6633701
3,1,1,0.5632324
3,0,1,0.6724308
3,1,1,0.6990675
3,1,1,0.6995297
3,0,1,0.69142234
3,0,1,0.80781734
3,1,0,0.42535713
3,0,0,0.30588865
3,0,1,0.5054631
3,0,1,0.5625529
3,1,0,0.45976508
3,0,1,0.63267106
3,0,1,0.8137807
3,1,1,0.7788361
3,1,1,0.7400375
3,0,1,0.62296414
3,0,1,0.5717324
3,1,1,0.76398814
3,1,1,0.7622212
3,0,1,0.6313624
3,0,1,0.70774007
3,1,1,0.6323177
3,0,1,0.8191214
3,0,0,0.41988024
3,1,0,0.47308335
3,0,1,0.5581352
3,0,1,0.7451112
3,1,1,0.60099477
3,1,1,0.614948
3,1,1,0.6516347
3,1,1,0.8364082
3,1,1,0.72178036
3,0,1,0.6726713
3,0,0,0.49743393
3,1,0,0.49686688
3,1,1,0.58194786
3,1,1,0.7406454
3,1,1,0.53725386
3,1,1,0.6690019
3,0,1,0.72387815
3,1,1,0.6536524
3,0,0,0.4591676
3,1,1,0.5294558
3,0,1,0.628922
3,0,1,0.6147319
3,1,1,0.583342
3,0,0,0.41396865
3,0,1,0.5561285
3,0,0,0.13350266
3,0,1,0.8753825
3,1,0,0.46480379
3,0,0,0.3273593
3,0,1,0.6865397
3,1,0,0.4594761
3,1,0,0.30229893
3,0,1,0.53385586
3,1,0,0.3379333
3,0,0,0.3952962
3,0,0,0.074535765
3,1,1,0.7293439
3,1,1,0.58898336
3,1,1,0.5291292
3,1,1,0.5676457
3,0,0,0.42487702
3,0,1,0.5361585
3,0,1,0.5467802
3,0,1,0.58115196
3,1,1,0.7215839
3,0,1,0.74887186
3,0,1,0.69706273
3,1,1,0.7023398
3,1,1,0.78181475
3,1,1,0.6173235
3,1,1,0.5014724
3,1,1,0.59418166
3,1,1,0.6327192
3,1,1,0.7742925
3,0,1,0.5401433
3,1,1,0.5059509
3,1,1,0.62793124
3,1,1,0.62665236
3,0,1,0.5098268
3,0,1,0.50080836
3,0,1,0.67473036
3,0,0,0.28608543
3,0,0,0.33587906
3,0,1,0.8083008
3,1,1,0.56021494
3,0,0,0.27355948
3,0,0,0.16805637
3,1,0,0.45798296
3,1,0,0.38586006
3,1,1,0.74706346
3,1,1,0.6939986
3,1,1,0.523522
3,0,0,0.09712255
3,0,1,0.73306715
3,0,0,0.4648961
3,0,1,0.5741129
3,0,1,0.67803216
3,1,1,0.5284492
3,1,0,0.47029278
3,0,1,0.5295154
3,0,0,0.39588472
3,0,0,0.2861093
3,1,1,0.78108007
3,1,0,0.29265186
3,0,0,0.47462237
3,0,0,0.19102761
3,0,1,0.63740337
3,0,1,0.5355988
3,0,0,0.40964213
3,0,0,0.10760157
3,0,0,0.34033617
3,0,0,0.49101228
3,0,0,0.46262786
3,1,0,0.48942527
3,1,0,0.21023104
3,1,1,0.60083014
3,0,1,0.62022656
3,0,1,0.6094832
3,0,0,0.061042078
3,1,1,0.77794594
3,1,1,0.7819284
3,1,1,0.74765545
3,1,1,0.9227798
3,0,1,0.60355276
3,0,1,0.66516054
3,0,0,0.052543994
3,1,0,0.38758695
3,0,0,0.48728544
3,0,0,0.3308452
3,1,1,0.6587243
3,0,1,0.5957679
3,0,0,0.3115843
3,0,0,0.48306635
3,1,1,0.52273744
3,0,0,0.34976062
3,1,1,0.5900389
3,0,0,0.41120797
3,1,0,0.3544074
3,0,1,0.6377154
3,0,0,0.48358017
3,1,1,0.5605064
3,0,0,0.2708905
3,1,1,0.60221416
3,1,1,0.6151728
3,1,1,0.7043786
3,1,1,0.5445129
3,0,0,0.35770887
3,0,1,0.5994208
3,1,1,0.5430379
3,1,1,0.72685856
3,0,1,0.58516777
3,1,1,0.5255813
3,0,0,0.44014573
3,0,0,0.48573732
3,1,0,0.43644834
3,0,0,0.39040762
3,1,1,0.521793
3,0,0,0.31515577
3,1,1,0.62156004
3,0,0,0.43995848
3,0,0,0.1570795
3,1,1,0.6471785
3,1,1,0.50292766
3,0,1,0.5615516
3,0,1,0.554181
3,0,0,0.4536051
3,1,0,0.37258688
3,0,0,0.36078182
3,0,0,0.33961952
3,1,1,0.8035699
3,1,1,0.6398834
3,1,0,0.34092182
3,0,0,0.1949958
3,1,1,0.7677756
3,0,0,0.33246943
3,1,0,0.48191223
3,0,0,0.25314286
3,0,0,0.09190508
3,1,0,0.3887658
3,0,0,0.38185367
3,1,1,0.51811844
3,0,1,0.6097802
3,1,1,0.7242884
3,1,1,0.5021139
3,1,1,0.6670031
3,0,0,0.34355393
3,1,1,0.5364453
3,0,0,0.2948579
3,0,0,0.3286684
3,0,0,0.32835075
3,0,0,0.3474232
3,0,0,0.23590681
3,0,0,0.40988514
3,1,0,0.47573918
3,1,1,0.60068935
3,1,1,0.5739975
3,1,1,0.77317554
3,0,0,0.36139727
3,1,1,0.6369362
3,0,0,0.2938951
3,0,1,0.5165799
3,1,1,0.79017997
3,0,0,0.4298974
3,0,0,0.4907309
3,0,0,0.1964107
3,0,0,0.07835692
3,1,1,0.75617516
3,1,1,0.88968635
3,1,1,0.87105244
3,0,0,0.324847
3,0,0,0.1324528
3,1,1,0.58603156
3,0,1,0.5978766
3,1,1,0.5791221
3,1,0,0.32899514
3,1,1,0.9358886
3,1,1,0.58639604
3,0,0,0.29411572
3,1,0,0.39656833
3,1,0,0.37637553
3,0,0,0.43373853
3,0,0,0.42797327
3,0,0,0.43229792
3,0,1,0.5532405
3,0,0,0.10573629
3,1,1,0.54670113
3,1,1,0.5915908
3,1,1,0.5559699
3,0,0,0.22738388
3,0,0,0.3798946
3,0,0,0.13148654
3,0,0,0.05902668
3,1,0,0.07698565
3,1,1,0.8695142
3,1,0,0.28248256
3,1,1,0.6530702
3,0,1,0.62658656
3,1,1,0.6664465
3,0,0,0.3055939
3,1,1,0.80781955
3,1,1,0.6406406
3,0,0,0.27011734
3,0,0,0.23143977
3,1,1,0.62985086
3,1,1,0.51691926
3,0,0,0.36931995
3,1,1,0.5429291
3,0,1,0.5633866
3,0,1,0.5579753
3,1,1,0.80761135
3,1,0,0.37091103
3,1,1,0.74839604
3,0,0,0.17177927
3,1,1,0.7469912
3,1,1,0.57855004
3,0,1,0.8333816
3,0,1,0.57967794
3,1,1,0.5585341
3,0,0,0.46726918
3,1,1,0.7651607
3,0,1,0.6811453
3,1,1,0.66244674
3,0,0,0.09343522
3,1,1,0.7240769
3,0,0,0.35998052
3,0,0,0.17715539
3,1,1,0.5041968
3,0,0,0.4189721
3,0,0,0.120346
3,1,1,0.7714334
3,0,0,0.43306464
3,1,1,0.62614137
3,0,1,0.5179364
3,0,0,0.37583134
3,0,0,0.34405586
3,0,0,0.37953296
3,1,1,0.5014647
3,1,0,0.44429728
3,1,1,0.52641344
3,1,0,0.46553814
3,0,0,0.4447888
3,1,0,0.14209752
3,0,0,0.04335396
3,0,0,0.44059962
3,1,0,0.49358246
3,0,1,0.5333674
3,1,0,0.4881188
3,1,1,0.8258154
3,0,0,0.4201005
3,1,1,0.78543633
3,0,1,0.58689135
3,1,1,0.5844279
3,0,0,0.33988106
3,0,0,0.33635095
3,1,1,0.7059586
3,1,1,0.63949746
3,1,1,0.71102333
3,0,0,0.49009585
3,0,0,0.47349527
3,1,1,0.65084124
3,0,0,0.4460617
3,1,1,0.69348615
3,1,0,0.4330952
3,0,1,0.6906466
3,0,1,0.53125185
3,0,0,0.41887367
3,0,0,0.40410268
3,0,0,0.32685122
3,1,1,0.8970782
3,1,0,0.47327086
3,0,0,0.49342036
3,1,0,0.4452237
3,1,1,0.62034434
3,0,1,0.5394658
3,0,0,0.30588397
3,1,1,0.7021698
3,0,1,0.79174405
3,0,0,0.4499549
3,0,0,0.21649547
3,1,1,0.82833934
3,0,0,0.47726545
3,1,1,0.73132414
3,1,1,0.6860442
3,0,1,0.53018963
3,0,0,0.41788396
3,0,0,0.3420863
3,1,1,0.5318457
3,1,0,0.46787933
3,1,1,0.5613896
3,0,1,0.5320961
3,0,1,0.6197627
3,0,0,0.41129556
3,1,0,0.4919989
3,1,0,0.48150027
3,1,1,0.7544221
3,0,1,0.5768165
3,0,0,0.30546007
3,1,0,0.4564677
3,1,1,0.51888645
3,0,1,0.5570906
3,0,0,0.38053694
3,1,1,0.70296884
3,1,0,0.4250847
3,1,1,0.5015486
3,0,0,0.44296426
3,1,0,0.4152017
3,0,1,0.6008853
3,0,0,0.3879266
3,0,0,0.22449489
3,0,0,0.41739374
3,0,1,0.8422468
3,1,1,0.8181495
3,1,1,0.6884058
3,0,0,0.071904294
3,0,0,0.3680742
3,1,0,0.4826259
3,0,0,0.49379885
3,0,0,0.4358963
3,0,0,0.27401125
3,1,1,0.8064975
3,0,0,0.3476784
3,1,0,0.46897942
3,0,0,0.4013913
3,1,1,0.5912525
3,0,1,0.63118136
3,1,1,0.6673458
3,0,1,0.58122265
3,1,0,0.3104042
3,1,1,0.51786727
3,0,1,0.5649001
3,1,0,0.3690317
3,0,0,0.35610664
3,1,1,0.5719746
3,0,1,0.5892796
3,0,0,0.4711489
3,0,0,0.316087
3,0,0,0.16227996
3,0,1,0.5140157
3,0,0,0.26345575
3,0,0,0.4257033
3,0,1,0.61004007
3,1,0,0.46883294
3,0,0,0.17616604
3,1,0,0.41980565
3,1,1,0.5754866
3,0,1,0.7159476
3,1,0,0.2082381
3,0,0,0.297614
3,1,0,0.45011172
3,1,0,0.19832492
3,1,1,0.7263806
3,1,1,0.64646053
3,0,1,0.64733374
3,1,0,0.42260212
3,1,1,0.50356376
3,1,1,0.7126018
3,0,0,0.36080918
3,0,0,0.4424413
3,1,0,0.46235427
3,1,1,0.65253615
3,0,0,0.16497117
3,1,0,0.17091939
3,0,1,0.6326813
3,0,1,0.5425339
3,0,0,0.48393035
3,0,0,0.12299342
3,1,0,0.22456187
3,1,0,0.25763127
3,0,0,0.16771603
3,0,0,0.1796307
3,0,0,0.0704028
3,1,0,0.09925628
3,1,1,0.6768316
3,1,1,0.6561573
3,0,0,0.43706176
3,0,0,0.42726532
3,1,1,0.58388364
3,0,0,0.44084373
3,0,0,0.24768439
3,1,0,0.25346306
3,0,0,0.26215813
3,1,1,0.7767293
3,0,1,0.555367
3,0,0,0.21484287
3,0,0,0.13616046
3,1,1,0.53571486
3,0,0,0.20313862
3,1,1,0.5761457
3,1,1,0.53438944
3,1,1,0.5420486
3,1,0,0.30982587
3,0,0,0.4426832
3,0,1,0.60425943
3,0,1,0.5036011
3,0,0,0.3498899
3,0,0,0.15404895
3,0,0,0.22654237
3,1,1,0.8748776
3,1,0,0.4740022
3,1,0,0.35677874
3,0,1,0.54791063
3,1,0,0.47668892
3,1,1,0.5533205
3,1,0,0.48753613
3,0,0,0.4343995
3,0,0,0.4528392
3,0,1,0.7308097
3,0,0,0.4777193
3,0,0,0.11617574
3,1,0,0.17782024
3,1,1,0.6194954
3,0,1,0.57544297
3,0,1,0.55919826
3,1,1,0.6740259
3,1,1,0.5668193
3,0,1,0.59550476
3,0,1,0.5096763
3,0,0,0.32607737
3,1,1,0.5588861
3,0,0,0.3757044
3,0,1,0.55756843
3,1,0,0.3180687
3,1,0,0.29598057
3,1,0,0.43252206
3,0,0,0.39750183
3,0,1,0.5196148
3,0,0,0.1935998
3,1,1,0.6455788
3,0,0,0.36304572
3,1,1,0.5914007
3,1,1,0.57229155
3,0,0,0.3317624
3,1,0,0.46641326
3,1,0,0.44494498
3,0,0,0.20130223
3,0,0,0.37113032
3,0,0,0.33682463
3,0,0,0.20538294
3,0,0,0.092607014
3,1,1,0.66491956
3,0,1,0.6250057
3,0,1,0.501721
3,1,0,0.27432647
3,1,1,0.520299
3,0,0,0.49831674
3,0,0,0.32266724
3,1,1,0.83137757
3,0,0,0.39350918
3,1,1,0.55250555
3,0,0,0.08645395
3,0,0,0.1316742
3,0,0,0.45495388
3,0,0,0.10866639
3,1,1,0.70922697
3,1,0,0.47000518
3,0,0,0.25936905
3,0,0,0.21518296
3,0,1,0.6836639
3,1,1,0.7612215
3,1,0,0.37219077
3,1,0,0.2134865
3,0,0,0.05129383
3,0,0,0.0713775
3,0,0,0.17360634
3,0,0,0.2524991
3,1,1,0.90103334
3,1,1,0.7788796
3,1,1,0.6112257
3,1,1,0.55881935
3,0,0,0.37005147
3,0,0,0.11935031
3,0,0,0.14708968
3,1,1,0.59808636
3,1,1,0.6101737
3,1,1,0.7198257
3,0,0,0.13776638
3,0,0,0.22534285
3,1,1,0.8556645
3,0,1,0.7624894
3,0,0,0.2653384
3,0,0,0.34646893
3,0,0,0.39720622
3,1,1,0.576553
3,1,1,0.8282509
3,0,0,0.17875804
3,1,1,0.6196769
3,0,0,0.05868617
3,0,1,0.51188034
3,0,0,0.270372
3,0,0,0.46977133
3,0,0,0.07649796
3,1,1,0.5826487
3,1,1,0.7174542
3,0,1,0.52538633
3,1,1,0.7409994
3,0,0,0.24110004
3,0,1,0.57523376
3,0,0,0.46541643
3,1,0,0.36719346
3,1,1,0.598665
3,0,1,0.6011292
3,1,0,0.3365081
3,0,1,0.50439113
3,0,0,0.42584166
3,1,1,0.72609365
3,0,0,0.22265132
3,0,0,0.08797686
3,0,0,0.3250621
3,0,1,0.553341
3,1,1,0.73745304
3,0,0,0.077670485
3,1,1,0.7558523
3,1,1,0.7839601
3,1,1,0.56654704
3,1,1,0.53544414
3,0,0,0.19146493
3,0,0,0.18233451
3,0,0,0.20046045
3,1,1,0.6820675
3,1,0,0.39183396
3,0,0,0.3270815
3,0,0,0.46871504
3,1,1,0.5116658
3,0,0,0.39558202
3,0,0,0.18052268
3,0,1,0.50964355
3,1,1,0.5792643
3,1,1,0.8151711
3,1,0,0.47348738
3,0,0,0.32376793
3,0,0,0.09192585
3,1,0,0.14634024
3,0,0,0.12501264
3,1,1,0.5670954
3,0,1,0.5414512
3,0,1,0.8232808
3,0,0,0.31034026
3,1,0,0.4543093
3,1,1,0.615291
3,0,1,0.561555
3,0,0,0.41065514
3,0,0,0.2573478
3,0,1,0.5445794
3,0,0,0.29187495
3,1,1,0.5131479
3,1,1,0.6100425
3,1,0,0.48007143
3,1,1,0.66347075
3,0,0,0.26532704
3,0,1,0.6274608
3,0,1,0.6370291
3,0,1,0.69005996
3,1,1,0.68362385
3,0,0,0.33802444
3,1,1,0.6465544
3,0,0,0.21350849
3,1,0,0.21833873
3,1,1,0.50288117
3,0,1,0.5802648
3,0,0,0.42548493
3,1,1,0.7737814
3,0,1,0.5771301
3,1,0,0.22569644
3,1,0,0.23786768
3,0,1,0.7132172
3,0,1,0.67677754
3,0,1,0.68477535
3,0,0,0.14303261
3,0,0,0.44733182
3,0,0,0.27069852
3,1,1,0.5457453
3,0,1,0.57496816
3,1,1,0.52039236
3,1,0,0.3349369
3,0,1,0.77318776
3,1,0,0.43054074
3,0,1,0.67160624
3,0,0,0.16672194
3,0,0,0.25921017
3,0,0,0.14465784
3,1,1,0.56628555
3,0,1,0.529986
3,0,0,0.45509797
3,1,0,0.34397116
3,1,0,0.34220386
3,0,0,0.43741772
3,1,1,0.83808404
3,1,0,0.36999464
3,0,1,0.6923218
3,0,0,0.13314049
3,0,0,0.09186056
3,0,0,0.29038125
3,1,1,0.6324125
3,1,0,0.23481373
3,0,0,0.32144243
3,1,1,0.8105397
3,1,0,0.3365893
3,1,0,0.378828
3,1,0,0.12827949
3,0,0,0.20403004
3,1,1,0.6483861
3,0,0,0.33994544
3,0,0,0.35208124
3,0,0,0.24335426
3,0,0,0.24440253
3,0,0,0.13586213
3,0,1,0.5792842
3,0,0,0.11644899
3,1,1,0.78268176
3,0,1,0.74081993
3,0,0,0.47072676
3,1,0,0.43296474
3,0,0,0.41707945
3,1,1,0.6590295
3,0,1,0.6133609
3,1,0,0.4969556
3,0,0,0.3837229
3,0,0,0.091838405
3,1,1,0.5068524
3,0,1,0.7086984
3,0,0,0.24796647
3,1,0,0.3191709
3,1,0,0.08902768
3,0,1,0.6031864
3,1,1,0.8030083
3,0,1,0.5754698
3,0,0,0.30354908
3,1,0,0.1440263
3,0,0,0.30510762
3,1,0,0.1749153
3,1,1,0.80054444
3,1,0,0.13684562
3,1,0,0.3490257
3,0,0,0.16369355
3,0,0,0.3186795
3,0,0,0.25173393
3,0,1,0.6156724
3,1,1,0.5976474
3,0,0,0.08536487
3,0,0,0.27495733
3,0,0,0.115697846
3,1,1,0.8773471
3,0,1,0.52410716
3,0,0,0.20284143
3,0,0,0.3297452
3,0,0,0.13514881
3,0,0,0.47296986
3,0,1,0.5480279
3,0,1,0.5060517
3,1,0,0.45777735
3,1,1,0.63115185
3,1,0,0.42840752
3,1,1,0.50536805
3,1,1,0.8868298
3,1,1,0.54863834
3,0,1,0.6104285
3,0,0,0.31113234
3,1,1,0.5438641
3,0,0,0.23929432
3,1,1,0.58606184
3,0,1,0.7026221
3,1,1,0.82533985
3,0,0,0.4263467
3,0,1,0.6265905
3,1,1,0.6700274
3,1,1,0.6069867
3,0,1,0.65791315
3,1,1,0.6686293
3,0,0,0.32568944
3,1,1,0.57269156
3,1,1,0.6730152
3,0,0,0.32575485
3,0,0,0.2473748
3,0,0,0.3154209
3,0,1,0.55342406
3,1,1,0.6774717
3,0,1,0.6707812
3,0,0,0.41850433
3,1,0,0.24451199
3,1,1,0.787402
3,1,1,0.8531353
3,0,0,0.09683061
3,0,0,0.28826377
3,1,0,0.25446695
3,1,0,0.3507398
3,0,0,0.21535577
3,1,1,0.7004955
3,0,0,0.08428342
3,1,0,0.28193578
3,0,0,0.35934773
3,0,0,0.13415143
3,0,0,0.10111879
3,0,1,0.51828873
3,1,1,0.58927345
3,1,1,0.6913073
3,1,1,0.8020783
3,1,1,0.7594101
3,1,1,0.6261456
3,0,0,0.1073382
3,0,0,0.21673307
3,1,1,0.78705084
3,0,0,0.12558901
3,0,0,0.26169088
3,1,0,0.37011442
3,0,1,0.6027043
3,0,0,0.26710504
3,0,0,0.09252704
3,0,0,0.13515945
3,0,0,0.3679843
3,1,1,0.80737936
3,0,1,0.62197816
3,1,1,0.599822
3,1,1,0.6762043
3,1,1,0.5936735
3,1,0,0.4600225
3,0,1,0.64856637
3,1,0,0.48557225
3,1,0,0.45574743
3,0,0,0.43164465
3,1,1,0.65855587
3,1,0,0.4613231
3,1,0,0.4142327
3,0,1,0.595276
3,1,1,0.5618668
3,1,1,0.551494
3,1,1,0.7118383
3,1,1,0.5895336
3,0,0,0.26053837
3,1,1,0.56136364
3,0,0,0.4847715
3,1,1,0.5399112
3,1,1,0.57720995
3,1,0,0.48983115
3,0,0,0.39882955
3,0,0,0.4827056
3,1,0,0.45476618
3,0,0,0.29671296
3,1,1,0.65638214
3,0,0,0.4176334
3,0,1,0.5687993
3,1,1,0.6634436
3,1,1,0.6466289
3,1,1,0.5341797
3,1,1,0.63248336
3,0,0,0.1602791
3,1,1,0.5408329
3,0,0,0.41698283
3,0,0,0.40794775
3,1,0,0.42270863
3,0,1,0.5436358
3,1,0,0.38674587
3,0,1,0.6448639
3,1,0,0.32190397
3,0,1,0.5585524
3,1,0,0.28506485
3,1,1,0.6149755
3,1,0,0.40159148
3,0,0,0.34709853
3,1,1,0.66988987
3,1,1,0.6190813
3,1,1,0.5831071
3,1,0,0.38031894
3,1,0,0.4607777
3,1,1,0.6558704
3,0,0,0.37034446
3,0,1,0.56171316
3,1,0,0.49134195
3,1,0,0.4782964
3,1,1,0.54549664
3,0,1,0.5815807
3,1,1,0.64840394
3,0,0,0.3605476
3,1,0,0.29199013
3,1,1,0.53516364
3,0,0,0.35526067
3,1,0,0.4380627
3,1,0,0.39278919
3,1,1,0.52146655
3,0,1,0.54355294
3,1,0,0.27269703
3,0,0,0.38744056
3,0,0,0.33427566
3,0,1,0.51357293
3,1,1,0.6307281
3,1,1,0.5357591
3,0,1,0.5758909
3,1,0,0.41427517
3,1,1,0.587439
3,0,1,0.50409365
3,1,0,0.4998704
3,1,1,0.6089376
3,0,0,0.10310828
3,0,0,0.07575803
3,1,1,0.5024783
3,0,1,0.6515087
3,0,1,0.56940675
3,1,1,0.6841585
3,1,0,0.20256004
3,0,0,0.18612759
3,0,1,0.6497365
3,0,0,0.46490106
3,1,1,0.7900987
3,0,0,0.08872855
3,0,0,0.41627
3,1,0,0.3270906
3,0,0,0.12045342
3,0,1,0.5095927
3,1,1,0.6083961
3,0,0,0.18899739
3,0,1,0.5914266
3,1,0,0.36159968
3,0,0,0.07746839
3,0,0,0.20505378
3,1,1,0.6596243
3,1,1,0.753921
3,0,0,0.101103745
3,0,0,0.3168003
3,1,1,0.5473384
3,0,0,0.13776138
3,1,0,0.39783892
3,0,0,0.24786913
3,0,0,0.26349345
3,1,1,0.62855256
3,1,0,0.25486737
3,1,1,0.5588394
3,0,0,0.39093933
3,0,0,0.0792879
3,1,1,0.8914115
3,0,1,0.6449211
3,1,1,0.58872896
3,1,1,0.60322034
3,0,1,0.88301325
3,0,0,0.28742126
3,1,1,0.5732161
3,0,1,0.70486003
3,0,1,0.66539305
3,0,0,0.4765163
3,0,0,0.23971915
3,1,1,0.7194398
3,1,1,0.62830067
3,0,0,0.2521207
3,1,0,0.4962182
3,1,1,0.68158436
3,1,1,0.581076
3,0,1,0.61260533
3,0,0,0.36025897
3,0,1,0.674607
3,1,1,0.6501731
3,1,1,0.52454
3,1,0,0.48242578
3,1,1,0.5388064
3,0,0,0.40200305
3,0,0,0.47993988
3,0,1,0.6700022
3,0,0,0.06906842
3,1,1,0.53192466
3,0,0,0.059166215
3,0,0,0.16244875
3,0,0,0.4142103
3,0,0,0.48045382
3,1,1,0.5019458
3,1,1,0.6200916
3,1,1,0.7636801
3,1,0,0.36080918
3,1,1,0.65253615
3,0,0,0.13891555
3,1,0,0.3565154
3,1,1,0.6326813
3,0,1,0.5425339
3,0,0,0.48393035
3,0,0,0.12299342
3,1,0,0.22456187
3,0,0,0.25763127
3,0,0,0.16771603
3,0,0,0.1796307
3,0,0,0.0704028
3,0,0,0.09925628
3,1,0,0.38443848
3,0,0,0.27200153
3,1,0,0.30965886
3,0,0,0.3930398
3,0,0,0.29922172
3,1,1,0.55113786
3,1,0,0.27264068
3,1,0,0.24164972
3,0,0,0.15867585
3,0,0,0.27503875
3,1,0,0.4267661
3,1,1,0.6052935
3,0,0,0.3478084
3,1,0,0.3323317
3,1,0,0.18367444
3,0,0,0.13338953
3,1,0,0.49217606
3,0,0,0.14407317
3,0,0,0.2551109
3,0,0,0.16773218
3,1,0,0.341408
3,1,1,0.5238583
3,1,0,0.39864793
3,0,0,0.109550364
3,0,0,0.3321071
3,0,0,0.21106426
3,0,0,0.17697105
3,0,0,0.12944442
3,1,0,0.43908376
3,0,0,0.3220952
3,0,0,0.13523659
3,0,1,0.52529997
3,1,1,0.9491231
3,1,1,0.6496371
3,1,1,0.6945153
3,1,1,0.50246733
3,1,1,0.59180325
3,0,1,0.52611977
3,1,1,0.55639774
3,1,1,0.64038676
3,1,0,0.42701128
3,0,1,0.58779836
3,1,1,0.6889871
3,1,1,0.66906434
3,1,1,0.6465246
3,0,0,0.27214637
3,1,1,0.7278605
3,1,1,0.6415502
3,1,1,0.79476905
3,0,0,0.4136481
3,0,1,0.7354766
3,1,1,0.8879812
3,1,1,0.6284353
3,1,1,0.63452506
3,0,0,0.31636834
3,1,1,0.580402
3,1,0,0.41228467
3,0,0,0.47142476
3,0,1,0.5364678
3,0,1,0.581585
3,0,1,0.5441631
3,0,0,0.1751298
3,0,0,0.30031675
3,1,1,0.5094508
3,1,1,0.7210959
3,1,1,0.7070022
3,0,0,0.37170553
3,1,0,0.2594476
3,1,1,0.50974756
3,1,1,0.6467164
3,0,1,0.52733546
3,0,0,0.48393297
3,0,1,0.67804986
3,1,1,0.5416081
3,1,0,0.44019845
3,0,1,0.90100926
3,1,1,0.65551275
3,0,0,0.3374871
3,0,1,0.6886242
3,0,1,0.56408226
3,0,1,0.5877152
3,1,1,0.77274776
3,0,1,0.536016
3,1,1,0.5652029
3,1,1,0.71893317
3,1,1,0.6430426
3,1,0,0.44010723
3,1,1,0.860908
3,1,1,0.537006
3,1,1,0.6907975
3,0,0,0.45965514
3,0,1,0.61407155
3,1,0,0.45555183
3,1,1,0.7418184
3,0,0,0.30401233
3,1,1,0.883398
3,0,0,0.047175907
3,0,0,0.2889266
3,1,0,0.37833902
3,1,1,0.82248574
3,0,0,0.16525246
3,1,0,0.2407383
3,1,1,0.84850836
3,0,0,0.23247913
3,0,0,0.09885353
3,0,0,0.4770854
3,0,0,0.46304256
3,1,0,0.4774325
3,0,1,0.5525699
3,0,1,0.62388974
3,1,0,0.26745054
3,0,0,0.23710017
3,1,1,0.8044046
3,1,1,0.68656766
3,1,1,0.7542403
3,1,1,0.6279855
3,0,1,0.6607258
3,0,0,0.19860147
3,1,1,0.6259235
3,0,1,0.66260177
3,1,1,0.7281879
3,0,1,0.7229469
3,0,0,0.17442302
3,1,1,0.61391985
3,1,1,0.6443536
3,0,0,0.27550012
3,1,1,0.81017077
3,1,1,0.8904293
3,0,1,0.5455776
3,1,1,0.66010654
3,0,0,0.33164814
3,0,1,0.6249447
3,1,1,0.6982004
3,1,1,0.74177146
3,1,1,0.7407945
3,0,0,0.34761137
3,0,1,0.6788927
3,1,1,0.76994264
3,0,0,0.17422229
3,0,1,0.52270144
3,0,1,0.7468797
3,0,1,0.70550865
3,0,0,0.3816241
3,1,0,0.46913788
3,0,1,0.6996469
3,1,0,0.29803067
3,1,0,0.42017308
3,1,1,0.6150689
3,1,1,0.5117614
3,0,0,0.261615
3,0,1,0.57145643
3,1,0,0.43448168
3,1,0,0.48477694
3,0,0,0.26072094
3,0,0,0.39602944
3,0,0,0.41910383
3,0,1,0.8342087
3,1,1,0.5947641
3,0,1,0.77457166
3,1,1,0.80655736
3,1,0,0.41206914
3,1,0,0.37080398
3,1,1,0.58140856
3,0,0,0.2657655
3,0,0,0.16639614
3,0,0,0.25372246
3,1,1,0.61411095
3,0,1,0.6611825
3,0,1,0.7564962
3,0,0,0.2584557
3,0,1,0.5242483
3,1,1,0.61934054
3,1,1,0.9252606
3,1,0,0.46999642
3,1,0,0.34683645
3,0,0,0.40154454
3,0,0,0.3345616
3,0,0,0.4887338
3,1,1,0.67720497
3,0,0,0.45408535
3,1,0,0.26430836
3,1,1,0.515996
3,1,1,0.61735874
3,1,1,0.7109845
3,1,0,0.34160778
3,0,0,0.38370526
3,0,0,0.1346849
3,0,0,0.34770817
3,1,0,0.2951319
3,1,1,0.7289194
3,0,1,0.69939643
3,0,1,0.5635677
3,0,1,0.63979274
3,0,1,0.6009765
3,0,0,0.25047567
3,0,0,0.37041003
3,1,1,0.5664267
3,1,1,0.8750057
3,0,1,0.5255452
3,1,1,0.6238761
3,0,1,0.5107124
3,1,1,0.7244719
3,0,1,0.71909827
3,0,1,0.8045002
3,0,0,0.12270278
3,1,0,0.49158052
3,1,1,0.6764991
3,0,1,0.6126537
3,0,1,0.76732177
3,1,1,0.9256676
3,1,1,0.6502268
3,1,0,0.47677255
3,0,1,0.91373587
3,0,1,0.52948844
3,1,1,0.66399306
3,0,0,0.41204426
3,1,0,0.42782414
3,0,0,0.3466365
3,1,1,0.8204018
3,0,1,0.5375564
3,1,1,0.53001684
3,1,1,0.6904161
3,0,0,0.45817363
3,0,1,0.6210642
3,0,0,0.28659353
3,0,0,0.4001354
3,1,1,0.7096872
3,0,1,0.5471965
3,0,0,0.4719277
3,1,1,0.72680795
3,0,0,0.47633892
3,1,1,0.54448557
3,1,1,0.5678139
3,1,0,0.3369387
3,1,1,0.74598783
3,0,0,0.3784692
3,0,1,0.74158436
3,0,0,0.3626584
3,1,1,0.7769638
3,0,0,0.22543822
3,1,1,0.77178043
3,0,1,0.58140856
3,1,1,0.6563606
3,1,0,0.3266106
3,1,0,0.3807677
3,1,0,0.34914076
3,0,0,0.4563535
3,0,0,0.45303628
3,0,1,0.6611825
3,0,1,0.7564962
3,0,0,0.2584557
3,0,1,0.5242483
3,1,1,0.61934054
3,1,1,0.9028751
3,1,1,0.6044095
3,1,1,0.77027375
3,0,0,0.44459057
3,1,1,0.70850533
3,1,1,0.602392
3,0,0,0.3067654
3,1,1,0.54174465
3,0,1,0.64325494
3,1,1,0.5886896
3,1,1,0.64433897
3,0,0,0.17097057
3,1,1,0.9368157
3,1,1,0.8683445
3,0,1,0.63483614
3,0,0,0.34494895
3,0,0,0.060813844
3,0,0,0.44620374
3,0,1,0.6499382
3,0,1,0.687524
3,0,0,0.43055263
3,0,1,0.69196475
3,1,1,0.7955716
3,0,1,0.52098083
3,1,1,0.76432
3,0,0,0.19190918
3,1,1,0.5874094
3,0,1,0.66997313
3,1,0,0.44198385
3,1,1,0.56712705
3,0,0,0.23935786
3,0,0,0.27336434
3,0,1,0.7962005
3,0,0,0.43043035
3,1,1,0.87978524
3,0,0,0.20489708
3,1,1,0.7255394
3,0,0,0.37132853
3,1,1,0.8610025
3,1,0,0.33987805
3,0,0,0.4522721
3,1,1,0.69078463
3,1,1,0.69874424
3,0,1,0.7307188
3,0,1,0.515362
3,1,1,0.7910949
3,0,1,0.7052415
3,1,1,0.7654838
3,0,1,0.6585711
3,0,1,0.7815736
3,1,1,0.58217895
3,0,0,0.48579124
3,0,1,0.65899634
3,0,1,0.57968444
3,1,1,0.5722533
3,0,1,0.56828856
3,1,1,0.915363
3,1,1,0.6445683
3,1,0,0.37183613
3,0,1,0.5157235
3,0,1,0.5895522
3,1,0,0.45844162
3,0,0,0.2643826
3,0,0,0.29587954
3,0,0,0.24240099
3,0,0,0.18972896
3,0,1,0.5251359
3,0,1,0.5419788
3,1,1,0.6821617
3,1,1,0.7445499
3,0,1,0.83843964
3,1,1,0.86867416
3,1,1,0.77097505
3,0,0,0.19560044
3,0,0,0.34077752
3,0,1,0.60336703
3,0,1,0.66306126
3,1,1,0.759584
3,0,0,0.4860187
3,0,0,0.40098497
3,0,1,0.7533453
3,1,0,0.42949075
3,1,1,0.61700004
3,1,1,0.7635753
3,1,1,0.5502145
3,1,1,0.7871748
3,1,1,0.50161654
3,0,1,0.563422
3,1,1,0.6370487
3,1,1,0.5522988
3,1,1,0.75897044
3,0,0,0.36837035
3,0,0,0.18502158
3,0,0,0.41934848
3,1,1,0.65263766
3,1,1,0.55982673
3,1,1,0.6726875
3,1,1,0.6134566
3,0,0,0.42954794
3,0,1,0.5738603
3,0,1,0.7428606
3,1,1,0.90505755
3,0,1,0.70089674
3,1,1,0.94909656
3,1,1,0.8248568
3,0,1,0.6723056
3,0,1,0.57221264
3,0,0,0.31286967
3,0,1,0.7431906
3,0,1,0.80962664
3,1,1,0.8726329
3,1,1,0.89145154
3,0,0,0.3841907
3,1,1,0.90048265
3,0,1,0.6372998
3,1,1,0.52138436
3,1,1,0.6798914
3,0,0,0.20601247
3,1,1,0.9063562
3,1,1,0.7248776
3,1,1,0.6490987
3,1,1,0.7443758
3,0,1,0.7277714
3,0,1,0.52761984
3,1,1,0.67084295
3,0,1,0.69003195
3,0,1,0.60045296
3,0,0,0.3362222
3,1,0,0.4512284
3,1,1,0.58775777
3,1,1,0.6706533
3,1,1,0.86299986
3,0,1,0.50230926
3,1,1,0.66278446
3,0,1,0.5750792
3,1,0,0.46661678
3,0,1,0.7739487
3,0,1,0.63872457
3,1,1,0.59685874
3,0,0,0.45691422
3,0,0,0.23235245
3,1,0,0.33522424
3,0,1,0.67279655
3,1,1,0.8451751
3,1,1,0.91955376
3,1,1,0.9043589
3,1,1,0.6250724
3,1,1,0.6726801
3,1,0,0.4488448
3,1,1,0.672373
3,0,0,0.27331838
3,1,1,0.62153673
3,1,1,0.67393994
3,1,0,0.3256267
3,0,0,0.2845874
3,0,0,0.17955144
3,1,0,0.4425298
3,0,0,0.38649836
3,0,0,0.28294608
3,0,0,0.32474238
3,1,1,0.5856129
3,1,0,0.32033557
3,0,0,0.32239065
3,0,0,0.18478559
3,0,0,0.18219467
3,1,1,0.53931135
3,1,1,0.62266773
3,0,0,0.3305345
3,0,0,0.27394298
3,1,1,0.7314205
3,1,1,0.69298524
3,1,1,0.51518476
3,0,1,0.6114838
3,0,0,0.27689055
3,0,0,0.25770253
3,1,1,0.9110843
3,1,1,0.84472775
3,0,0,0.4211534
3,1,1,0.78380215
3,1,1,0.68762946
3,1,0,0.4901693
3,0,0,0.46204284
3,0,0,0.2926738
3,0,0,0.3575847
3,0,1,0.5842416
3,1,1,0.61475056
3,0,1,0.59441143
3,1,1,0.8735816
3,0,0,0.3132365
3,1,1,0.65313345
3,1,1,0.70614
3,1,1,0.8875933
3,0,0,0.45198026
3,1,1,0.65524244
3,1,1,0.55972284
3,0,0,0.4277446
3,0,1,0.676297
3,0,1,0.66451734
3,1,1,0.9417653
3,0,1,0.7487172
3,1,1,0.66517466
3,0,1,0.59224343
3,1,0,0.4629786
3,0,0,0.44870555
3,0,1,0.56306076
3,1,1,0.73340243
3,0,0,0.32065338
3,0,0,0.2064085
3,0,0,0.30358437
3,0,1,0.8097906
3,0,0,0.4602793
3,1,1,0.7219865
3,0,1,0.7312136
3,1,0,0.36457452
3,1,1,0.64377564
3,0,1,0.67969
3,0,1,0.59837794
3,1,1,0.5311309
3,1,1,0.6578247
3,1,1,0.5275044
3,0,0,0.18570635
3,1,1,0.75804365
3,0,1,0.57284087
3,1,0,0.35975543
3,1,1,0.6011423
3,1,1,0.52163327
3,0,1,0.8370059
3,1,1,0.58799535
3,1,1,0.69175875
3,0,0,0.3970711
3,1,1,0.66160434
3,1,1,0.6482799
3,0,1,0.5981003
3,0,1,0.7457678
3,0,0,0.32829633
3,0,0,0.4124579
3,0,0,0.4349648
3,0,0,0.23526806
3,0,1,0.6407388
3,0,1,0.60058343
3,0,1,0.6215112
3,0,1,0.6521701
3,0,1,0.5285465
3,1,1,0.86883056
3,0,0,0.47089556
3,0,1,0.8005936
3,1,1,0.56746686
3,0,0,0.23591448
3,0,0,0.47819957
3,0,0,0.40166032
3,1,0,0.223824
3,1,1,0.6680491
3,0,0,0.1706288
3,1,1,0.5683753
3,1,0,0.47701246
3,0,0,0.33016455
3,1,0,0.49912432
3,0,0,0.45406544
3,1,1,0.7494181
3,0,0,0.22181982
3,0,0,0.16460171
3,0,0,0.048588213
3,1,0,0.17906472
3,1,1,0.6524721
3,1,1,0.5292233
3,1,1,0.78345406
3,1,1,0.7580844
3,1,1,0.7508681
3,1,0,0.38405764
3,1,1,0.6702213
3,0,1,0.60245246
3,0,1,0.5633947
3,1,1,0.568271
3,0,0,0.37617552
3,0,0,0.33928713
3,1,1,0.70027053
3,0,1,0.7561258
3,0,1,0.50935864
3,1,0,0.4932525
3,0,1,0.50939345
3,0,1,0.5495912
3,1,1,0.7805821
3,1,1,0.5337917
3,1,1,0.7027588
3,0,0,0.21749164
3,1,1,0.52057195
3,0,0,0.47615463
3,1,0,0.4711505
3,1,0,0.31041986
3,0,0,0.17475279
3,0,1,0.6563906
3,1,1,0.74225533
3,1,1,0.566619
3,1,1,0.5887799
3,0,0,0.45276368
3,0,0,0.35625887
3,0,0,0.31560123
3,0,0,0.4904688
3,0,0,0.42085218
3,0,0,0.440536
3,1,1,0.6239898
3,0,1,0.83184063
3,1,0,0.37099743
3,1,0,0.41896096
3,1,0,0.48301306
3,0,0,0.14654489
3,0,1,0.50378615
3,0,0,0.2595515
3,1,1,0.77957493
3,0,0,0.43894312
3,0,0,0.4665994
3,1,1,0.52856946
3,0,1,0.6611825
3,0,1,0.7500373
3,1,0,0.47154835
3,1,1,0.5665323
3,1,1,0.83866304
3,0,1,0.51445127
3,1,1,0.6605004
3,1,1,0.52921504
3,1,1,0.7307917
3,0,1,0.6292819
3,1,0,0.36696962
3,1,1,0.62495774
3,0,1,0.59582335
3,0,0,0.27611575
3,0,1,0.5180702
3,1,1,0.66615945
3,0,0,0.47017312
3,0,0,0.0981522
3,0,0,0.49495474
3,0,0,0.25984555
3,0,0,0.43998915
3,1,1,0.7982098
3,1,1,0.7729946
3,0,1,0.58269817
3,0,0,0.45934734
3,1,1,0.7577284
3,0,1,0.68505746
3,1,1,0.804976
3,1,1,0.65157694
3,1,1,0.6420823
3,0,1,0.5717509
3,0,0,0.4788986
3,1,0,0.41083705
3,0,0,0.4523163
3,1,0,0.43688467
3,1,0,0.103312664
3,0,0,0.232056
3,0,1,0.6143975
3,0,1,0.7906962
3,1,1,0.64635754
3,0,1,0.6917293
3,1,1,0.5940631
3,1,1,0.55265445
3,0,1,0.5656101
3,1,0,0.42749697
3,0,0,0.3613273
3,1,1,0.5931207
3,0,1,0.63600063
3,1,1,0.8152123
3,0,0,0.26632378
3,1,1,0.5186656
3,1,1,0.6164876
3,1,1,0.73859715
3,0,1,0.5932106
3,0,1,0.56486875
3,0,1,0.5353408
3,1,0,0.47378805
3,0,0,0.12302724
3,0,1,0.66240114
3,1,1,0.6377242
3,1,0,0.28153569
3,0,1,0.5603232
3,1,1,0.6624483
3,1,1,0.8884103
3,1,0,0.2767051
3,0,0,0.43706623
3,0,1,0.5380104
3,0,1,0.63286847
3,0,1,0.62549174
3,0,0,0.40296367
3,1,0,0.45759666
3,1,1,0.73583496
3,0,0,0.4099799
3,0,0,0.107491285
3,1,1,0.7523788
3,1,0,0.40817362
3,1,1,0.520207
3,1,1,0.64968246
3,1,1,0.5601979
3,0,0,0.13776611
3,1,1,0.5518251
3,1,1,0.6557711
3,1,0,0.4492209
3,0,0,0.1660608
3,1,1,0.7896902
3,0,1,0.5488221
3,0,1,0.5958023
3,1,1,0.59576786
3,0,0,0.4239566
3,0,0,0.36585853
3,0,0,0.13859287
3,0,0,0.35363713
3,0,1,0.51007867
3,1,1,0.68781996
3,0,0,0.3293678
3,0,0,0.27608484
3,1,1,0.72630244
3,1,1,0.71621287
3,0,0,0.2642758
3,0,1,0.63700396
3,0,1,0.68580323
3,0,1,0.5237249
3,1,0,0.3007858
3,0,0,0.3949247
3,0,1,0.58482325
3,1,1,0.76376987
3,1,1,0.7809407
3,0,0,0.29264563
3,0,1,0.51892585
3,1,1,0.7264804
3,0,1,0.5455358
3,1,1,0.5612993
3,0,0,0.105415724
3,0,0,0.25272438
3,0,1,0.5320162
3,1,1,0.6214235
3,0,0,0.44443995
3,1,0,0.37111002
3,0,0,0.42999268
3,1,1,0.5269668
3,0,1,0.53969115
3,0,0,0.22781624
3,1,1,0.611372
3,1,0,0.44758502
3,0,0,0.49774006
3,1,1,0.5870829
3,1,1,0.58261293
3,0,0,0.310069
3,1,0,0.23822735
3,0,1,0.5126121
3,1,1,0.57418245
3,0,1,0.8110307
3,0,1,0.7828551
3,0,0,0.31668997
3,0,0,0.18839449
3,1,0,0.36795586
3,0,0,0.49370757
3,1,1,0.53071356
3,1,1,0.55604607
3,1,1,0.6406034
3,0,1,0.8377107
3,1,1,0.62717426
3,0,1,0.53228134
3,0,1,0.7437409
3,1,1,0.87829244
3,0,0,0.465763
3,0,0,0.39067218
3,0,0,0.26413807
3,0,0,0.34504095
3,0,0,0.20887518
3,0,0,0.41326118
3,1,1,0.8170756
3,0,0,0.37750083
3,0,0,0.36779824
3,1,1,0.6772387
3,1,0,0.33808982
3,0,0,0.24178761
3,0,0,0.4739394
3,0,0,0.109608494
3,1,1,0.71995145
3,1,1,0.70451885
3,0,0,0.24944548
3,0,0,0.22336566
3,1,1,0.5768019
3,1,1,0.5056582
3,1,1,0.6376566
3,0,0,0.15303078
3,1,0,0.24020733
3,1,1,0.5324715
3,1,1,0.5746587
3,1,1,0.5987727
3,0,0,0.19545566
3,0,0,0.1661027
3,0,0,0.118696205
3,0,0,0.39086962
3,1,1,0.626869
3,0,1,0.5446201
3,0,0,0.2509118
3,0,0,0.3803384
3,1,0,0.39338306
3,0,0,0.39087147
3,1,1,0.68829566
3,1,0,0.4464866
3,1,1,0.60324544
3,1,1,0.53413486
3,0,0,0.301966
3,0,0,0.37154612
3,1,1,0.7589747
3,0,0,0.31893197
3,0,0,0.41176385
3,0,0,0.14758843
3,1,1,0.5857848
3,0,0,0.45987272
3,1,0,0.49045584
3,0,1,0.69570136
3,0,0,0.4263355
3,1,1,0.8142665
3,0,0,0.25699383
3,1,1,0.59670633
3,1,1,0.6537826
3,1,1,0.7336161
3,0,1,0.6413315
3,1,0,0.3249993
3,0,0,0.4889714
3,0,1,0.5249645
3,0,0,0.35481125
3,0,0,0.38689902
3,1,0,0.19740912
3,1,1,0.6138273
3,0,0,0.32694083
3,1,0,0.491922
3,1,1,0.61256343
3,1,0,0.4027406
3,0,0,0.33883765
3,1,1,0.5124831
3,1,1,0.5311786
3,1,1,0.5919192
3,0,0,0.20066315
3,1,1,0.61440253
3,1,0,0.44884762
3,1,0,0.25327867
3,0,0,0.24142946
3,1,0,0.28332686
3,0,0,0.17970932
3,1,0,0.38912073
3,0,1,0.68909115
3,0,0,0.46579507
3,1,0,0.35679972
3,0,0,0.1408154
3,0,0,0.28133935
3,0,0,0.4679688
3,0,0,0.45747373
3,0,1,0.512856
3,0,0,0.21421872
3,0,0,0.14902662
3,0,0,0.13539134
3,0,0,0.1670349
3,0,0,0.3922802
3,1,0,0.32766947
3,0,0,0.33196607
3,1,1,0.67676944
3,1,1,0.65114665
3,1,1,0.6123014
3,0,1,0.63335586
3,1,1,0.70994085
3,1,1,0.60931486
3,0,0,0.38781875
3,1,1,0.65825975
3,1,0,0.45049062
3,1,1,0.75970143
3,0,0,0.25618762
3,0,0,0.086353384
3,1,0,0.45492154
3,0,1,0.62989575
3,0,0,0.34865144
3,0,0,0.39940447
3,1,1,0.6004553
3,1,1,0.76329803
3,0,0,0.32016358
3,0,0,0.41748598
3,0,1,0.51359075
3,0,1,0.7360129
3,0,1,0.9423197
3,1,1,0.7434584
3,0,1,0.5967232
3,1,0,0.3315434
3,1,1,0.6923102
3,0,0,0.42569643
3,1,1,0.5827211
3,0,0,0.24443904
3,0,0,0.2944626
3,0,0,0.33750102
3,1,1,0.6406041
3,0,1,0.66739357
3,0,1,0.58075
3,1,1,0.6147725
3,0,0,0.37245744
3,1,1,0.5471698
3,1,1,0.57357806
3,0,0,0.26008394
3,0,0,0.08742547
3,0,0,0.21601336
3,1,1,0.6486206
3,0,0,0.4551014
3,1,1,0.66365075
3,0,0,0.29179594
3,1,0,0.41693753
3,0,0,0.2140377
3,1,1,0.6455994
3,0,1,0.54954046
3,0,1,0.789699
3,0,0,0.4095252
3,1,0,0.3268359
3,0,1,0.56750375
3,0,1,0.83402514
3,0,0,0.1636493
3,1,1,0.661202
3,0,0,0.42662218
3,1,1,0.78444034
3,1,0,0.48084924
3,1,1,0.5735071
3,0,0,0.35078517
3,0,0,0.15848464
3,1,1,0.85010755
3,0,0,0.20810203
3,1,1,0.7189816
3,0,0,0.4741212
3,1,1,0.6123054
3,1,1,0.72077435
3,0,1,0.60213375
3,1,1,0.7559664
3,1,1,0.57390034
3,0,0,0.07549428
3,0,1,0.63471377
3,1,0,0.4334673
3,0,1,0.65558946
3,0,0,0.33353433
3,1,1,0.6164229
3,1,1,0.61591226
3,1,1,0.7009316
3,1,1,0.57204354
3,1,0,0.4245546
3,0,0,0.38197505
3,0,0,0.24735169
3,1,1,0.50217855
3,0,0,0.29251882
3,0,0,0.34290245
3,0,0,0.1063937
3,0,1,0.57165915
3,0,0,0.27466366
3,0,1,0.6280993
3,1,0,0.46096292
3,0,1,0.7513049
3,1,1,0.78652054
3,1,1,0.8789776
3,0,1,0.69283086
3,1,1,0.692336
3,1,1,0.6754189
3,1,1,0.683764
3,1,1,0.6733026
3,1,1,0.6845327
3,0,0,0.4893386
3,0,1,0.6048449
3,1,1,0.7771052
3,0,1,0.6598501
3,1,1,0.6975083
3,0,0,0.49271652
3,0,1,0.5533781
3,0,0,0.3839779
3,1,1,0.75511914
3,0,1,0.5501934
3,0,0,0.37887937
3,0,0,0.14978689
3,0,0,0.2338786
3,1,1,0.8310584
3,0,0,0.32575813
3,1,1,0.68409306
3,0,1,0.53011066
3,1,1,0.81607985
3,0,1,0.65780634
3,1,1,0.60133505
3,1,1,0.9124053
3,0,1,0.53469175
3,1,1,0.70498234
3,1,1,0.7094932
3,0,1,0.7796202
3,1,1,0.5353718
3,0,0,0.23179562
3,1,1,0.82064086
3,0,1,0.7656654
3,0,0,0.465806
3,1,1,0.50420403
3,1,1,0.60650015
3,1,0,0.23173136
3,1,0,0.29009318
3,0,0,0.40127012
3,0,0,0.34718278
3,1,0,0.38556346
3,1,0,0.32866237
3,0,0,0.34282988
3,0,0,0.23540738
3,0,0,0.17877163
3,0,0,0.15295912
3,0,0,0.42833295
3,0,0,0.29917842
3,1,0,0.4790429
3,1,0,0.44112903
3,0,0,0.16883278
3,0,0,0.40710795
3,0,0,0.36958358
3,0,0,0.33753824
3,1,0,0.34300402
3,1,1,0.62269455
3,0,0,0.25907493
3,0,0,0.18855703
3,0,1,0.6756515
3,1,0,0.38148406
3,1,0,0.11957238
3,1,1,0.8773311
3,1,1,0.5878946
3,1,1,0.7768562
3,1,1,0.76835304
3,1,1,0.8032522
3,0,0,0.09228164
3,1,1,0.72138906
3,0,0,0.47959903
3,0,0,0.34821415
3,1,1,0.5078754
3,0,0,0.20076297
3,1,1,0.5542603
3,1,1,0.607572
3,1,1,0.92843986
3,0,0,0.17285004
3,0,0,0.36940473
3,0,0,0.48720402
3,0,1,0.527093
3,1,0,0.39713156
3,0,1,0.5480223
3,0,1,0.5540365
3,1,1,0.7787865
3,1,0,0.48885104
3,1,1,0.6979575
3,0,0,0.43687427
3,1,0,0.4437013
3,0,0,0.27197737
3,1,0,0.4069364
3,0,0,0.45046902
3,1,1,0.5861412
3,1,1,0.6186994
3,0,1,0.69209194
3,0,0,0.46871644
3,1,1,0.7961673
3,0,1,0.7408195
3,0,1,0.5143861
3,1,1,0.7133649
3,1,0,0.45193112
3,1,0,0.4456806
3,1,0,0.39361817
3,0,1,0.58939415
3,0,0,0.49112934
3,0,0,0.28461042
3,1,0,0.48011044
3,1,0,0.46440545
3,0,0,0.29535732
3,0,1,0.55107635
3,0,0,0.055265423
3,0,1,0.5464022
3,1,0,0.40874392
3,0,0,0.3390464
3,0,0,0.29996583
3,1,0,0.3710135
3,0,0,0.33499825
3,1,1,0.7463975
3,1,1,0.56517357
3,1,0,0.49451897
3,0,0,0.35082874
3,1,1,0.69136477
3,0,0,0.3695874
3,1,1,0.5525849
3,1,1,0.56367296
3,0,0,0.47959903
3,0,0,0.32843968
3,1,0,0.37686756
3,1,1,0.5066087
3,1,0,0.48612386
3,0,0,0.43503273
3,0,0,0.14429247
3,1,1,0.9186023
3,0,0,0.27785546
3,0,0,0.24304569
3,0,0,0.41674715
3,1,1,0.7274546
3,1,1,0.66008496
3,1,1,0.5262053
3,0,1,0.58724165
3,1,1,0.51564693
3,0,0,0.19344702
3,1,0,0.41164702
3,1,1,0.7292682
3,1,1,0.52887565
3,0,0,0.40834203
3,1,1,0.650338
3,0,1,0.61212647
3,0,0,0.2519273
3,1,1,0.6246244
3,1,1,0.67829823
3,0,0,0.18250585
3,0,0,0.2788014
3,1,1,0.6481817
3,0,1,0.5703552
3,1,1,0.6586758
3,0,0,0.41281885
3,0,1,0.5362129
3,0,1,0.6911419
3,1,1,0.57927066
3,0,1,0.7484505
3,0,1,0.7669125
3,1,1,0.67083573
3,1,1,0.86673945
3,1,1,0.68628514
3,1,1,0.6289353
3,1,1,0.57486653
3,1,1,0.79066753
3,1,0,0.3243183
3,1,0,0.45268264
3,0,1,0.8267066
3,1,1,0.81183404
3,1,1,0.6932514
3,1,0,0.4822215
3,0,0,0.19610551
3,0,1,0.5359322
3,0,1,0.51742667
3,1,1,0.638037
3,0,0,0.41541952
3,0,1,0.70469683
3,0,0,0.49813792
3,0,1,0.60565615
3,1,1,0.70256764
3,1,1,0.72760767
3,1,1,0.6806148
3,1,0,0.48639676
3,0,1,0.66534615
3,1,1,0.7501083
3,1,1,0.5766036
3,1,1,0.7040861
3,1,1,0.69256854
3,0,1,0.62188
3,0,0,0.18555933
3,0,1,0.54501
3,1,1,0.82694274
3,0,0,0.23479769
3,0,1,0.717422
3,0,0,0.4394251
3,0,1,0.6414816
3,1,1,0.609137
3,1,1,0.6137724
3,1,1,0.6251666
3,1,0,0.35185793
3,0,0,0.46595484
3,1,0,0.40906632
3,0,0,0.48921886
3,0,0,0.34384274
3,0,1,0.7372239
3,0,1,0.641325
3,1,1,0.65656006
3,1,1,0.8417948
3,0,0,0.23786142
3,0,0,0.31042454
3,0,1,0.68460315
3,1,1,0.5534523
3,1,1,0.9498653
3,1,1,0.8119431
3,0,0,0.23086414
3,1,0,0.2870775
3,1,1,0.8160526
3,0,0,0.20775248
3,0,0,0.25437346
3,0,0,0.11625684
3,1,0,0.40073916
3,0,0,0.3708965
3,0,0,0.18590392
3,1,1,0.9228773
3,1,0,0.3741221
3,0,1,0.58171237
3,1,1,0.5350745
3,0,0,0.4972891
3,1,1,0.5337937
3,0,0,0.25399503
3,1,1,0.6216953
3,0,0,0.48564902
3,0,1,0.5181251
3,0,0,0.37095803
3,0,1,0.6043874
3,0,1,0.5641402
3,1,0,0.40552434
3,0,1,0.5984887
3,1,1,0.65386283
3,1,0,0.32801327
3,0,0,0.37095115
3,0,0,0.18899977
3,1,0,0.16546278
3,1,0,0.34730396
3,0,0,0.086648785
3,0,0,0.2705706
3,1,0,0.38553643
3,1,0,0.17684893
3,1,0,0.38676408
3,0,0,0.16435482
3,0,0,0.2254383
3,0,0,0.22451767
3,0,0,0.3511019
3,0,0,0.21259923
3,0,0,0.32534382
3,0,0,0.27942038
3,0,0,0.23864223
3,0,0,0.233263
3,0,0,0.2105335
3,0,0,0.14449942
3,0,0,0.2775606
3,1,0,0.42863
3,1,0,0.31296307
3,0,0,0.3534458
3,0,0,0.18579793
3,1,0,0.31508636
3,0,0,0.4480965
3,0,0,0.19317721
3,1,1,0.54619604
3,1,0,0.42525026
3,0,0,0.2773492
3,1,0,0.27642822
3,0,0,0.2249862
3,0,0,0.1434622
3,1,0,0.39180377
3,1,0,0.2404615
3,0,0,0.042531822
3,1,1,0.67048955
3,0,1,0.5707523
3,1,1,0.5331989
3,1,1,0.54263395
3,0,0,0.22077437
3,0,0,0.48325077
3,1,1,0.7072716
3,0,0,0.4677052
3,0,0,0.21063323
3,0,0,0.33300063
3,1,1,0.76906323
3,1,1,0.5441974
3,1,0,0.4085018
3,0,0,0.28403458
3,0,0,0.23986146
3,0,0,0.32651302
3,1,0,0.38909122
3,0,0,0.06719433
3,0,1,0.51530254
3,1,0,0.446041
3,0,1,0.6050354
3,0,0,0.45845383
3,0,0,0.12109414
3,1,1,0.6332943
3,1,0,0.42247435
3,0,0,0.304796
3,1,1,0.645817
3,0,0,0.25812393
3,1,0,0.3855786
3,1,1,0.54576164
3,0,1,0.67572784
3,0,1,0.5166736
3,1,1,0.5959829
3,1,0,0.299678
3,0,0,0.078521304
3,1,0,0.4308086
3,0,0,0.22260925
3,0,0,0.08533985
3,0,0,0.4626906
3,0,1,0.596319
3,1,1,0.61819834
3,1,0,0.24817094
3,1,1,0.69502604
3,1,0,0.39383158
3,0,0,0.048116203
3,0,0,0.108217776
3,0,0,0.124153346
3,1,1,0.8098581
3,0,0,0.42505023
3,1,0,0.47315967
3,1,0,0.45041466
3,1,1,0.7487532
3,1,1,0.79934573
3,1,0,0.4950715
3,0,0,0.40384594
3,1,1,0.5447081
3,0,1,0.74466383
3,1,1,0.785518
3,1,1,0.7236597
3,0,0,0.18130095
3,0,0,0.48628047
3,1,1,0.85585463
3,1,1,0.76050407
3,0,1,0.5105039
3,0,0,0.35573092
3,0,0,0.49194476
3,0,1,0.7547819
3,0,0,0.40312713
3,1,1,0.5737981
3,1,1,0.5414202
3,0,0,0.24382861
3,1,0,0.35701755
3,0,0,0.1547528
3,0,0,0.4138913
3,1,1,0.7230942
3,0,0,0.2506996
3,1,1,0.85795844
3,1,1,0.6383588
3,1,1,0.62057304
3,1,1,0.66355026
3,1,1,0.888278
3,0,0,0.4956726
3,1,1,0.55539495
3,0,0,0.22213526
3,1,1,0.58489543
3,0,0,0.3261119
3,1,1,0.75098234
3,0,0,0.47291976
3,1,1,0.8350067
3,1,1,0.7944118
3,1,1,0.78786993
3,0,1,0.68244416
3,0,1,0.5206793
3,1,1,0.98357576
3,0,1,0.8237106
3,1,1,0.72416735
3,0,1,0.50231487
3,1,1,0.78209597
3,1,1,0.8473359
3,0,1,0.5828159
3,1,1,0.8653532
3,1,1,0.55923283
3,1,1,0.8217693
3,1,1,0.9145505
3,0,0,0.49316132
3,1,1,0.72893006
3,0,1,0.60357225
3,0,0,0.43644005
3,0,1,0.7814303
3,1,1,0.5409005
3,1,1,0.73433614
3,1,1,0.528541
3,0,1,0.61800563
3,0,0,0.2801106
3,0,0,0.3496909
3,0,0,0.39019665
3,0,1,0.6273123
3,1,1,0.6260027
3,1,0,0.4633798
3,0,1,0.60056955
3,1,0,0.32533652
3,1,1,0.90659964
3,1,1,0.6723606
3,1,0,0.32737094
3,0,1,0.59906846
3,0,1,0.73099446
3,1,1,0.591383
3,1,1,0.87012917
3,0,0,0.08568778
3,0,1,0.6494267
3,1,1,0.7281329
3,1,0,0.36024237
3,0,0,0.45702878
3,1,0,0.39061373
3,1,0,0.29664543
3,0,0,0.47083315
3,1,0,0.49898067
3,0,0,0.24768178
3,0,0,0.12535644
3,0,1,0.5964891
3,0,0,0.45451137
3,0,0,0.098551326
3,1,0,0.37799785
3,0,0,0.16260372
3,1,1,0.6140835
3,1,0,0.38523427
3,1,0,0.4468612
3,0,0,0.31196943
3,0,0,0.38161877
3,1,0,0.46117806
3,0,1,0.52322173
3,0,0,0.27864718
3,0,1,0.56831276
3,0,0,0.31629112
3,0,1,0.53830636
3,0,1,0.5504971
3,1,0,0.4494021
3,1,0,0.44020367
3,0,1,0.53535014
3,0,0,0.35144424
3,0,0,0.441044
3,0,1,0.6225977
3,1,1,0.6275621
3,0,1,0.54725415
3,0,0,0.44591904
3,1,1,0.6870982
3,1,0,0.49249983
3,1,1,0.6052463
3,0,0,0.3229745
3,0,0,0.18673372
3,0,0,0.18844578
3,1,0,0.46743473
3,1,0,0.38125184
3,1,1,0.57228714
3,0,1,0.5000865
3,0,0,0.46047488
3,1,1,0.84842104
3,1,1,0.5860444
3,1,1,0.70896614
3,0,0,0.2713793
3,0,1,0.56692845
3,1,1,0.7890013
3,0,0,0.30817065
3,1,1,0.5744566
3,0,0,0.22481377
3,1,1,0.6114831
3,0,1,0.6078486
3,0,0,0.48070097
3,1,1,0.68578416
3,0,1,0.51266146
3,0,0,0.29636568
3,1,1,0.64293385
3,0,1,0.8936428
3,0,1,0.5600771
3,1,1,0.60936624
3,1,0,0.326643
3,0,0,0.10479754
3,0,0,0.31355292
3,1,1,0.7491734
3,0,1,0.5918713
3,0,0,0.4913972
3,0,0,0.2749603
3,1,1,0.74677163
3,0,1,0.54704416
3,1,1,0.7533951
3,1,1,0.67668927
3,1,1,0.7419469
3,0,1,0.65143305
3,0,1,0.59707236
3,1,1,0.9005822
3,1,1,0.6297614
3,1,1,0.6550465
3,1,1,0.7372862
3,1,1,0.59104234
3,1,1,0.7572032
3,0,0,0.38970354
3,0,0,0.37616265
3,1,0,0.44774106
3,0,0,0.26521492
3,0,0,0.38165167
3,0,0,0.4716752
3,1,1,0.76086384
3,1,1,0.6683237
3,1,1,0.79361963
3,0,1,0.5053604
3,0,1,0.61853004
3,1,1,0.5610494
3,1,0,0.44459403
3,1,1,0.79162234
3,1,1,0.6768986
3,0,0,0.38294667
3,1,0,0.4178321
3,1,1,0.69512826
3,0,0,0.3400303
3,0,1,0.72257155
3,1,0,0.48219216
3,1,1,0.65240043
3,1,1,0.66836613
3,0,0,0.37006038
3,0,1,0.5719727
3,0,1,0.51459044
3,1,1,0.7543304
3,1,1,0.72264826
3,0,0,0.3198377
3,1,1,0.85466796
3,0,1,0.5051467
3,1,1,0.58500874
3,1,1,0.52839774
3,0,1,0.6192245
3,1,1,0.60851085
3,1,1,0.94380397
3,1,1,0.6268332
3,1,0,0.1336208
3,1,1,0.7734132
3,1,1,0.72051877
3,0,0,0.35313368
3,1,1,0.6052775
3,0,1,0.55792576
3,1,1,0.65484416
3,0,1,0.6655673
3,0,0,0.46441972
3,1,1,0.6434614
3,1,0,0.45170677
3,0,0,0.27132657
3,0,0,0.2788384
3,1,1,0.5053494
3,0,0,0.3994063
3,0,0,0.1864578
3,1,1,0.6330643
3,0,0,0.17951107
3,1,1,0.6486206
3,1,1,0.6849923
3,0,0,0.3155217
3,0,0,0.3706008
3,0,0,0.49895084
3,0,0,0.20090988
3,1,1,0.81588006
3,0,0,0.21695197
3,0,1,0.8158957
3,1,1,0.8815177
3,0,1,0.5598054
3,0,0,0.46734443
3,1,1,0.72906613
3,0,1,0.60062945
3,1,1,0.68728197
3,0,0,0.38010308
3,1,1,0.8004811
3,1,1,0.73900473
3,0,0,0.43226245
3,0,0,0.39960843
3,0,0,0.44084126
3,1,1,0.7591683
3,1,1,0.77934384
3,0,0,0.4678325
3,0,0,0.3644764
3,0,0,0.35383698
3,1,0,0.24578919
3,1,1,0.5734265
3,1,1,0.5719023
3,1,1,0.56081754
3,0,0,0.0661283
3,0,1,0.51942104
3,0,1,0.5828644
3,1,0,0.45203328
3,0,1,0.6540624
3,0,0,0.38999242
3,1,1,0.6509731
3,0,0,0.28690615
3,0,0,0.37174937
3,0,0,0.20935664
3,0,0,0.28446203
3,0,0,0.22983685
3,0,0,0.42206758
3,1,1,0.5685001
3,1,1,0.61437607
3,0,0,0.09176322
3,1,0,0.49620202
3,1,1,0.64011616
3,0,0,0.37201902
3,1,1,0.95671564
3,0,1,0.5079291
3,1,1,0.75808585
3,1,1,0.5652021
3,0,1,0.62255716
3,0,1,0.53842217
3,0,0,0.4145296
3,0,1,0.74160653
3,1,1,0.87557197
3,0,1,0.8555411
3,0,0,0.48984253
3,1,1,0.7687317
3,1,1,0.6374816
3,0,0,0.29692668
3,0,0,0.3840108
3,1,1,0.613746
3,1,0,0.4575062
3,1,1,0.8444923
3,1,1,0.81205606
3,1,1,0.7183145
3,0,0,0.43589696
3,0,1,0.6084262
3,1,0,0.44044092
3,1,1,0.5803116
3,1,1,0.6439503
3,1,1,0.5105949
3,0,0,0.48589176
3,0,1,0.8208282
3,0,0,0.34753937
3,0,1,0.60998404
3,1,0,0.43003947
3,0,1,0.7417512
3,0,0,0.37382543
3,0,1,0.6658668
3,1,1,0.6668538
3,1,1,0.5532416
3,0,0,0.42200604
3,0,0,0.38247865
3,0,1,0.54589933
3,1,1,0.5914918
3,0,1,0.5323725
3,0,1,0.5053928
3,1,0,0.46506116
3,1,0,0.480304
3,0,0,0.42766044
3,0,0,0.48469672
3,1,1,0.7719539
3,1,1,0.5698458
3,0,0,0.28276792
3,1,1,0.5551728
3,0,1,0.59002596
3,0,0,0.4861435
3,1,1,0.6509437
3,0,0,0.34812707
3,0,0,0.32862782
3,1,0,0.41287547
3,1,1,0.70314336
3,1,0,0.47667137
3,0,1,0.6670778
3,0,0,0.4936095
3,0,1,0.5001776
3,1,0,0.36173788
3,1,0,0.4793193
3,0,1,0.5893654
3,0,0,0.47145423
3,1,1,0.65216315
3,0,0,0.059061646
3,0,0,0.39359078
3,0,0,0.46047488
3,1,0,0.4540059
3,1,1,0.6562065
3,1,0,0.35591158
3,1,1,0.5469363
3,1,1,0.79424655
3,0,0,0.4876601
3,0,1,0.6300515
3,0,0,0.27025357
3,1,1,0.54543555
3,1,0,0.30042124
3,0,0,0.4574316
3,0,0,0.27979606
3,1,1,0.5148055
3,0,0,0.40823507
3,0,0,0.34552073
3,1,1,0.9540521
3,1,1,0.85400414
3,0,1,0.74183685
3,0,0,0.4812364
3,1,1,0.823997
3,0,1,0.55102897
3,1,1,0.818716
3,1,1,0.58467394
3,1,1,0.5242226
3,1,0,0.46400246
3,0,0,0.26020154
3,1,0,0.49557963
3,1,1,0.520555
3,1,1,0.53005856
3,0,1,0.5202332
3,1,1,0.6749363
3,0,1,0.66366315
3,0,1,0.5374632
3,0,1,0.7473108
3,0,1,0.545
3,0,1,0.52742106
3,1,0,0.24226381
3,0,1,0.5027209
3,1,0,0.30048728
3,0,0,0.15551761
3,0,1,0.61287487
3,1,0,0.38428727
3,1,1,0.6067755
3,1,1,0.53039956
3,0,0,0.37952083
3,1,1,0.6894444
3,1,1,0.5161693
3,0,0,0.24961406
3,0,0,0.37669015
3,0,0,0.13450801
3,1,1,0.70670485
3,1,1,0.6367266
3,1,0,0.40756932
3,1,1,0.64594716
3,1,1,0.71126086
3,0,0,0.29923835
3,1,1,0.5099336
3,1,1,0.53547376
3,0,1,0.6141841
3,1,0,0.42277542
3,0,0,0.20790175
3,0,0,0.30288526
3,1,0,0.4741788
3,1,1,0.8940895
3,0,1,0.5879143
3,0,0,0.34495437
3,1,1,0.9044559
3,1,1,0.8501567
3,1,1,0.6241847
3,0,1,0.8657152
3,0,1,0.6931775
3,0,1,0.8365767
3,1,1,0.6549401
3,0,0,0.44780943
3,1,1,0.81372744
3,1,1,0.6782614
3,0,1,0.5122843
3,1,0,0.40041625
3,0,1,0.55764085
3,1,1,0.7399189
3,1,0,0.40793446
3,0,1,0.5017754
3,0,1,0.5341292
3,1,0,0.49353507
3,1,1,0.6699057
3,0,0,0.44164047
3,0,0,0.1352982
3,0,1,0.6798311
3,0,0,0.4405867
3,1,1,0.62054414
3,1,1,0.7590153
3,1,1,0.7206671
3,0,1,0.7766985
3,1,1,0.5319942
3,0,0,0.27483624
3,0,0,0.4562531
3,1,1,0.91398793
3,1,0,0.3692763
3,0,1,0.7863533
3,0,1,0.5284739
3,1,1,0.7007834
3,0,1,0.5576264
3,1,1,0.6718237
3,1,1,0.5400834
3,1,1,0.5840688
3,0,1,0.77848715
3,0,1,0.58651257
3,1,1,0.5342249
3,1,1,0.720162
3,1,1,0.7740953
3,0,1,0.6666976
3,1,1,0.67653424
3,1,1,0.684902
3,0,0,0.23415828
3,1,1,0.70270455
3,0,0,0.4262564
3,1,0,0.43089917
3,1,1,0.6742798
3,1,1,0.51413447
3,1,0,0.4513565
3,1,0,0.38570943
3,0,1,0.5286245
3,1,0,0.4524769
3,0,1,0.52222645
3,0,0,0.47306556
3,0,0,0.44089293
3,0,0,0.47143492
3,0,1,0.5250976
3,0,1,0.5153607
3,0,0,0.3769941
3,1,1,0.84196573
3,1,1,0.85475516
3,0,1,0.64507735
3,0,0,0.20601234
3,0,0,0.30774692
3,1,1,0.6146425
3,0,1,0.82632506
3,0,0,0.13466667
3,0,0,0.4930094
3,1,1,0.56520635
3,1,1,0.6651521
3,1,1,0.58225787
3,0,0,0.3988131
3,0,1,0.5509037
3,1,0,0.4045848
3,1,1,0.6270992
3,1,1,0.7008541
3,1,1,0.5655909
3,1,1,0.8002552
3,1,1,0.8128228
3,0,1,0.7897905
3,1,1,0.55706495
3,0,1,0.6022434
3,1,0,0.46157295
3,0,0,0.15654847
3,1,1,0.54270625
3,1,1,0.61990446
3,1,1,0.93747866
3,0,0,0.29817653
3,1,0,0.47070885
3,0,0,0.49328604
3,0,1,0.5231476
3,0,0,0.42839846
3,1,1,0.64762104
3,1,0,0.37424412
3,1,1,0.7933672
3,0,1,0.71712375
3,1,1,0.586956
3,1,0,0.34133717
3,1,1,0.61178136
3,0,0,0.27205092
3,1,1,0.5883321
3,1,0,0.4167253
3,0,0,0.40110514
3,1,1,0.5378443
3,0,1,0.57449865
3,0,0,0.41832396
3,0,0,0.2427176
3,1,1,0.6535598
3,0,1,0.6022362
3,0,0,0.41276333
3,1,1,0.81372744
3,1,1,0.6782614
3,0,1,0.5122843
3,1,0,0.40041625
3,0,1,0.55764085
3,1,1,0.7399189
3,1,0,0.40793446
3,0,1,0.5017754
3,0,1,0.5341292
3,1,0,0.49353507
3,1,1,0.6699057
3,0,0,0.44164047
3,0,0,0.1352982
3,0,1,0.6798311
3,0,0,0.4405867
3,1,1,0.62054414
3,1,1,0.7590153
3,1,1,0.7206671
3,0,1,0.7766985
3,1,1,0.5319942
3,0,0,0.27483624
3,0,0,0.4562531
3,1,1,0.7549709
3,1,0,0.41858298
3,0,0,0.4825502
3,0,1,0.63619566
3,0,1,0.66698116
3,0,0,0.40992808
3,0,0,0.3722231
3,1,1,0.78228027
3,1,1,0.7463822
3,1,0,0.4750911
3,0,1,0.6343102
3,1,1,0.7046748
3,1,1,0.7598467
3,0,1,0.6472047
3,0,0,0.34523866
3,1,1,0.70099664
3,1,0,0.42659917
3,0,0,0.4339969
3,0,1,0.5692739
3,1,0,0.49952197
3,1,1,0.6895649
3,1,1,0.6684682
3,0,1,0.7512591
3,1,1,0.6471304
3,1,0,0.3947352
3,1,0,0.32145765
3,0,1,0.6620358
3,1,0,0.34562975
3,0,0,0.41338357
3,0,0,0.28567314
3,1,1,0.56741273
3,0,0,0.30638877
3,0,1,0.5629228
3,0,1,0.64357483
3,0,1,0.511308
3,0,1,0.6722847
3,1,0,0.45202896
3,1,0,0.4823017
3,0,0,0.26272342
3,0,0,0.33246273
3,1,0,0.35026333
3,0,0,0.19318478
3,0,0,0.13850519
3,0,0,0.11669352
3,1,1,0.5046007
3,0,0,0.25197816
3,0,0,0.3515333
3,1,1,0.55070806
3,0,0,0.19382727
3,1,1,0.6328445
3,0,1,0.7498899
3,0,1,0.7717399
3,0,1,0.64184266
3,0,0,0.49623603
3,1,1,0.7763865
3,0,1,0.6562305
3,1,1,0.69696957
3,1,1,0.81365806
3,0,0,0.44503155
3,1,1,0.60292596
3,0,1,0.5333535
3,0,0,0.40359998
3,1,1,0.8430556
3,0,0,0.35981494
3,1,0,0.48780814
3,0,0,0.12778
3,0,0,0.42616138
3,1,1,0.83941615
3,1,0,0.47064167
3,0,1,0.5112153
3,1,1,0.5015425
3,0,0,0.47540784
3,1,0,0.47710034
3,0,1,0.8227715
3,0,1,0.7566839
3,0,1,0.5029488
3,1,1,0.6648758
3,0,1,0.66037005
3,0,1,0.53972006
3,1,0,0.3478787
3,1,1,0.64070207
3,1,1,0.62165123
3,1,1,0.5066379
3,0,0,0.4553984
3,1,1,0.6828624
3,1,1,0.67182904
3,1,1,0.63987267
3,1,1,0.631319
3,0,1,0.6931691
3,1,1,0.92921424
3,1,1,0.5457882
3,1,1,0.5969724
3,1,1,0.5381223
3,0,0,0.45189032
3,0,1,0.58317393
3,1,1,0.8573998
3,0,1,0.5199649
3,0,1,0.5107542
3,1,1,0.7244278
3,1,1,0.5909147
3,0,0,0.06586005
3,0,0,0.30117252
3,0,0,0.11682124
3,0,0,0.39402267
3,0,1,0.7461155
3,0,1,0.65938807
3,0,1,0.6221371
3,0,0,0.4172041
3,0,0,0.43679795
3,0,1,0.5467526
3,0,1,0.51270366
3,1,1,0.5594056
3,0,1,0.7616645
3,1,1,0.71777856
3,1,1,0.50761986
3,1,0,0.16810165
3,0,0,0.426264
3,1,1,0.7404884
3,1,1,0.521144
3,0,0,0.28914067
3,0,1,0.5486907
3,0,0,0.46939674
3,0,0,0.35976198
3,0,1,0.56481135
3,0,1,0.5052596
3,0,0,0.17526908
3,0,0,0.35637328
3,1,0,0.38086513
3,0,1,0.52524525
3,0,1,0.6927972
3,1,0,0.41253203
3,1,1,0.6642349
3,1,1,0.6276472
3,0,0,0.42098108
3,1,1,0.52750856
3,0,0,0.46667817
3,1,0,0.4615421
3,1,0,0.40072706
3,1,0,0.42504832
3,0,0,0.24369487
3,0,0,0.12844813
3,1,1,0.742196
3,1,1,0.5927117
3,0,0,0.25344977
3,1,0,0.4291282
3,1,1,0.6199947
3,1,1,0.66535383
3,0,0,0.3252942
3,0,1,0.723169
3,0,1,0.71265644
3,1,0,0.36816287
3,1,1,0.6276787
3,0,0,0.17637117
3,0,0,0.35384214
3,0,1,0.5766245
3,0,0,0.18983528
3,1,1,0.59948134
3,0,1,0.7181665
3,1,1,0.8060763
3,1,1,0.70220226
3,0,1,0.655346
3,0,1,0.50761765
3,1,1,0.87218034
3,0,0,0.43900955
3,1,1,0.75428283
3,1,1,0.61951923
3,1,1,0.83542496
3,1,1,0.8171852
3,1,1,0.6884845
3,0,1,0.56877
3,0,1,0.53087544
3,1,0,0.4692786
3,0,1,0.6193516
3,0,1,0.5099913
3,0,0,0.19309005
3,0,1,0.72795105
3,0,0,0.36838064
3,1,1,0.8029648
3,1,1,0.8247158
3,1,1,0.6229472
3,1,1,0.57264364
3,1,1,0.80136687
3,1,0,0.400452
3,1,1,0.6359678
3,0,1,0.6480914
3,0,0,0.47829938
3,0,0,0.31158838
3,0,0,0.33408192
3,0,1,0.7085837
3,1,1,0.6192429
3,0,1,0.6118126
3,0,0,0.3192027
3,1,1,0.58202827
3,0,1,0.8060746
3,0,0,0.11430382
3,1,1,0.72100735
3,1,0,0.4732345
3,1,1,0.6256341
3,1,0,0.35218787
3,0,1,0.53243464
3,0,0,0.37512597
3,1,0,0.335282
3,1,0,0.31019607
3,1,0,0.43953818
3,1,1,0.6180412
3,1,1,0.6035588
3,0,0,0.48617277
3,0,1,0.68162274
3,1,1,0.8688151
3,1,1,0.74789923
3,1,0,0.46208438
3,0,0,0.34733889
3,0,1,0.6384018
3,0,0,0.16215897
3,1,0,0.2635915
3,1,1,0.6990329
3,1,1,0.6753598
3,0,1,0.62188
3,0,0,0.18555933
3,1,1,0.8119138
3,0,0,0.30531213
3,1,1,0.6922397
3,1,1,0.8878945
3,1,0,0.4973898
3,1,0,0.32460123
3,0,0,0.39143223
3,0,1,0.71192336
3,1,1,0.684578
3,0,1,0.74305725
3,1,1,0.51224756
3,0,1,0.8457503
3,0,0,0.27743033
3,1,0,0.36749044
3,0,0,0.17204313
3,0,1,0.7689924
3,1,1,0.78317547
3,1,1,0.629637
3,0,1,0.68536794
3,0,1,0.55615425
3,1,1,0.68994
3,1,1,0.6027837
3,0,1,0.66697705
3,0,1,0.59980077
3,1,1,0.7084892
3,0,1,0.67213535
3,0,0,0.13374425
3,0,0,0.24532445
3,1,1,0.64303565
3,0,0,0.4991421
3,0,0,0.3809993
3,0,0,0.2301494
3,1,1,0.62993866
3,0,0,0.15950689
3,1,1,0.63650984
3,0,1,0.6898955
3,0,1,0.5307271
3,1,1,0.821845
3,1,1,0.5131476
3,1,1,0.5713235
3,1,1,0.7139117
3,0,0,0.41965967
3,0,1,0.6378835
3,1,1,0.5405696
3,0,0,0.41792765
3,0,1,0.5320928
3,0,0,0.42756492
3,1,1,0.7249782
3,1,1,0.6929819
3,0,0,0.21983008
3,1,1,0.7102188
3,1,0,0.48453027
3,1,1,0.52482927
3,0,1,0.61312747
3,0,0,0.22003938
3,0,0,0.37303495
3,1,1,0.82792586
3,0,0,0.3905137
3,0,0,0.34628165
3,0,0,0.23720215
3,1,0,0.24708326
3,0,0,0.31013438
3,1,0,0.16330568
3,1,0,0.27498183
3,1,0,0.39644733
3,1,0,0.23031537
3,1,0,0.31339774
3,0,0,0.23581311
3,0,0,0.41282013
3,0,0,0.21239701
3,0,1,0.50152
3,1,1,0.5878623
3,1,1,0.68578905
3,1,0,0.40637118
3,0,0,0.27670676
3,1,0,0.15394124
3,1,0,0.36775553
3,0,0,0.34669718
3,1,0,0.18567012
3,1,0,0.4037713
3,0,0,0.2627399
3,1,0,0.33077702
3,1,0,0.31528655
3,0,0,0.18244642
3,0,0,0.37958646
3,1,0,0.24786197
3,1,1,0.671901
3,0,1,0.70033133
3,0,0,0.39578208
3,1,0,0.4158153
3,0,1,0.5822883
3,0,0,0.24152057
3,0,0,0.47610134
3,0,1,0.80946755
3,1,1,0.72704375
3,0,1,0.6541626
3,1,0,0.45372394
3,0,1,0.6777003
3,1,0,0.45160565
3,1,1,0.59290713
3,0,0,0.31316575
3,0,1,0.50636095
3,1,0,0.3369059
3,1,1,0.62088203
3,0,0,0.16901791
3,0,0,0.40047762
3,0,0,0.43495002
3,0,0,0.40696797
3,1,1,0.51697826
3,0,1,0.7472322
3,0,1,0.50487876
3,0,0,0.14676917
3,0,1,0.70872587
3,1,1,0.77228534
3,0,1,0.5194135
3,1,1,0.5297551
3,1,1,0.5784761
3,0,0,0.16038395
3,1,1,0.85216784
3,1,1,0.78067815
3,1,1,0.50369364
3,0,0,0.3546412
3,1,1,0.62316996
3,0,0,0.4110201
3,0,1,0.63962907
3,0,0,0.41087905
3,1,0,0.30087683
3,0,1,0.7175739
3,1,1,0.55754554
3,0,1,0.5717615
3,0,0,0.42420715
3,1,1,0.65507823
3,0,1,0.58494484
3,1,1,0.6671117
3,0,0,0.30334333
3,1,1,0.69864047
3,0,0,0.35730684
3,1,1,0.5369954
3,0,0,0.38825455
3,1,1,0.51308763
3,1,0,0.39112553
3,0,1,0.57177645
3,1,1,0.6114481
3,0,0,0.30524758
3,0,0,0.4007963
3,0,0,0.2011123
3,1,0,0.32263798
3,1,0,0.42567506
3,1,0,0.436585
3,0,1,0.51292
3,1,1,0.756689
3,1,0,0.46907264
3,0,1,0.69723916
3,1,1,0.55959827
3,1,1,0.7809934
3,1,0,0.43217674
3,0,0,0.3887402
3,1,1,0.6948875
3,1,1,0.68312067
3,0,1,0.5328273
3,0,1,0.54817873
3,0,0,0.4096969
3,1,0,0.483099
3,0,1,0.8155656
3,1,0,0.47762445
3,1,0,0.3759761
3,0,0,0.44196457
3,0,0,0.34832963
3,1,1,0.5692421
3,1,1,0.61749524
3,1,1,0.7186025
3,1,1,0.55439603
3,0,1,0.55065036
3,0,0,0.38267767
3,1,0,0.45672974
3,1,0,0.43312803
3,1,1,0.72688806
3,0,0,0.3207435
3,0,1,0.88307464
3,0,0,0.46527255
3,0,0,0.49220833
3,1,1,0.846541
3,0,1,0.6871196
3,0,1,0.768512
3,0,1,0.7239248
3,0,0,0.43839958
3,1,1,0.9362576
3,0,0,0.4156656
3,0,1,0.62447244
3,1,0,0.47977227
3,1,1,0.6897031
3,1,1,0.81839514
3,0,0,0.4052037
3,1,1,0.68091017
3,1,0,0.44007054
3,0,1,0.5632241
3,1,0,0.4646139
3,0,1,0.5835194
3,1,1,0.5179372
3,0,0,0.17919956
3,1,1,0.6848554
3,1,1,0.6465225
3,0,0,0.2702127
3,1,1,0.73986566
3,0,1,0.73096925
3,0,0,0.081813745
3,0,0,0.14054656
3,0,1,0.5538376
3,0,1,0.7802766
3,0,1,0.78359574
3,0,0,0.36886355
3,0,0,0.20893636
3,0,0,0.39267087
3,1,1,0.5310133
3,0,0,0.4688042
3,1,0,0.33553028
3,0,0,0.4657556
3,0,0,0.17270285
3,0,1,0.5810623
3,1,1,0.7282019
3,0,1,0.6627748
3,1,1,0.5421278
3,1,1,0.5534511
3,0,0,0.28177777
3,1,1,0.63636035
3,0,0,0.44097438
3,1,0,0.46928144
3,1,0,0.47322068
3,1,1,0.59504104
3,1,0,0.33833697
3,1,1,0.6522464
3,0,0,0.34534556
3,0,0,0.19189653
3,1,1,0.5918027
3,1,0,0.49533755
3,1,1,0.5678597
3,1,0,0.16929632
3,1,0,0.28211892
3,1,0,0.43458766
3,0,0,0.2298465
3,0,0,0.20296079
3,1,0,0.22631271
3,0,0,0.38058957
3,0,0,0.05367693
3,0,0,0.28125256
3,0,0,0.18938926
3,1,0,0.48157907
3,1,0,0.30020115
3,0,0,0.45831448
3,0,0,0.35848093
3,0,0,0.18400083
3,0,0,0.32415137
3,0,0,0.2668837
3,0,1,0.5291319
3,1,1,0.6529749
3,1,0,0.40890434
3,0,0,0.31763634
3,0,0,0.26493406
3,0,0,0.23402576
3,1,0,0.39309716
3,0,0,0.45050144
3,0,0,0.19120213
3,0,0,0.11958378
3,0,0,0.3412317
3,1,0,0.31183988
3,0,0,0.31969574
3,1,1,0.59840196
3,1,0,0.28063634
3,0,0,0.097364664
3,1,1,0.67676944
3,1,1,0.65114665
3,1,1,0.6123014
3,0,1,0.63335586
3,1,1,0.70994085
3,1,1,0.60931486
3,0,0,0.38781875
3,1,1,0.65825975
3,1,0,0.45049062
3,1,1,0.75970143
3,0,0,0.25618762
3,0,0,0.086353384
3,1,0,0.45492157
3,0,1,0.62989575
3,0,0,0.34865144
3,0,0,0.39940447
3,1,1,0.6004553
3,1,1,0.76329803
3,0,0,0.32016358
3,0,0,0.41748598
3,0,1,0.51359075
3,0,1,0.7360129
3,0,1,0.9423197
3,1,1,0.7350925
3,1,1,0.5972713
3,1,1,0.56867933
3,1,0,0.47912747
3,0,1,0.6436375
3,1,1,0.60506856
3,1,1,0.6087939
3,0,0,0.3279048
3,0,1,0.50779784
3,0,1,0.5695862
3,1,1,0.846849
3,0,0,0.45309368
3,0,1,0.87498087
3,0,1,0.6827263
3,0,1,0.5598796
3,1,1,0.69408697
3,1,0,0.28003925
3,0,0,0.14479287
3,0,1,0.5211102
3,1,1,0.5808068
3,0,0,0.23253125
3,1,0,0.20816118
3,1,0,0.3386511
3,1,1,0.5965519
3,0,0,0.34733814
3,1,1,0.5940253
3,0,1,0.5641402
3,1,1,0.50826275
3,1,0,0.42569408
3,1,1,0.5190749
3,0,1,0.5107633
3,0,1,0.6200782
3,1,1,0.5135461
3,0,0,0.34545833
3,1,0,0.42475247
3,0,0,0.42999145
3,0,0,0.46150002
3,1,1,0.5664818
3,0,0,0.3338696
3,0,1,0.6578579
3,1,1,0.58029413
3,0,0,0.22754452
3,0,0,0.38497445
3,0,0,0.15857583
3,1,1,0.9005822
3,1,1,0.6297614
3,1,1,0.6550465
3,1,1,0.7372862
3,1,1,0.59104234
3,1,1,0.7572032
3,0,0,0.38970354
3,0,0,0.37616265
3,1,0,0.44774106
3,0,0,0.26521492
3,0,0,0.38165167
3,0,0,0.4716752
3,1,1,0.76086384
3,1,1,0.6683237
3,1,1,0.79361963
3,0,1,0.5053604
3,0,1,0.61853004
3,1,1,0.5610494
3,1,0,0.44459403
3,1,1,0.79162234
3,1,1,0.6594094
3,0,0,0.25536752
3,1,1,0.55256873
3,1,1,0.67207104
3,0,1,0.8215944
3,0,1,0.67598504
3,0,0,0.4800983
3,0,0,0.2782666
3,1,0,0.20918515
3,1,0,0.43430904
3,0,0,0.3275921
3,1,1,0.59762144
3,0,1,0.7410883
3,0,1,0.8417984
3,1,0,0.28767106
3,0,0,0.4671731
3,1,0,0.49796852
3,1,1,0.51156735
3,0,0,0.22179297
3,0,0,0.30762374
3,0,0,0.28913042
3,0,0,0.21174176
3,0,0,0.29136005
3,0,1,0.6372105
3,0,0,0.4073302
3,1,1,0.88435996
3,1,1,0.856936
3,0,0,0.27107504
3,1,1,0.66128623
3,1,0,0.4828741
3,0,0,0.34325078
3,1,1,0.726722
3,0,0,0.18920039
3,1,1,0.7511613
3,0,0,0.23297091
3,1,0,0.43020976
3,1,1,0.56037563
3,1,0,0.49423927
3,0,0,0.41133624
3,0,1,0.6405541
3,0,0,0.25594053
3,0,0,0.29920572
3,0,0,0.2414796
3,1,1,0.5784824
3,0,0,0.1923628
3,1,0,0.48673108
3,1,1,0.6595279
3,1,1,0.68630975
3,1,1,0.6357118
3,0,0,0.32816952
3,0,1,0.78240883
3,0,0,0.43022984
3,0,0,0.31226784
3,1,1,0.71332175
3,0,1,0.701281
3,0,1,0.59825486
3,1,1,0.8291275
3,0,1,0.6915258
3,1,1,0.8322976
3,0,1,0.5653768
3,1,0,0.49568483
3,1,0,0.49556246
3,1,0,0.37790078
3,0,0,0.27739474
3,0,0,0.4235272
3,0,0,0.37553003
3,1,1,0.5575694
3,0,0,0.19377497
3,0,1,0.55825067
3,0,0,0.13615863
3,0,1,0.6486573
3,0,1,0.7592376
3,1,1,0.51687276
3,1,1,0.60479003
3,1,0,0.49485937
3,0,0,0.41783318
3,1,1,0.56218475
3,0,0,0.39810848
3,1,1,0.6198149
3,0,1,0.5192022
3,0,1,0.59050345
3,1,0,0.42036358
3,0,0,0.3221703
3,0,1,0.52220297
3,0,1,0.55255604
3,0,0,0.34083378
3,0,1,0.5280144
3,1,1,0.6585587
3,1,0,0.36409545
3,0,0,0.34992668
3,1,0,0.21631247
3,0,1,0.723759
3,0,0,0.49546024
3,0,0,0.432001
3,0,1,0.7001568
3,0,0,0.35394615
3,0,0,0.40380117
3,1,1,0.5688488
3,1,0,0.4470694
3,0,0,0.48149917
3,1,1,0.7727094
3,0,1,0.61299515
3,0,0,0.20709674
3,0,0,0.38666567
3,0,0,0.40571195
3,1,0,0.32660067
3,1,0,0.32556373
3,1,1,0.6485713
3,1,1,0.6096687
3,1,1,0.5484713
3,0,0,0.18152148
3,1,0,0.47586468
3,0,0,0.3235932
3,1,0,0.42338946
3,1,1,0.70550793
3,1,1,0.8142665
3,0,0,0.25699383
3,0,0,0.10166556
3,0,0,0.43733802
3,1,1,0.6537826
3,1,1,0.7336161
3,0,1,0.6413315
3,1,0,0.3249993
3,0,0,0.4889714
3,0,1,0.5249645
3,0,0,0.35481125
3,0,0,0.38689902
3,1,0,0.19740912
3,1,1,0.6138273
3,0,0,0.32694083
3,1,0,0.491922
3,1,1,0.61256343
3,1,0,0.4027406
3,0,0,0.33883765
3,1,1,0.5124831
3,1,1,0.53117865
3,1,1,0.5919192
3,0,0,0.20066315
3,1,1,0.61440253
3,1,0,0.44884762
3,1,0,0.25327864
3,0,0,0.24142946
3,1,0,0.28332686
3,0,0,0.17970932
3,1,0,0.38912073
3,0,1,0.68909115
3,0,0,0.46579507
3,1,0,0.35679972
3,0,0,0.1408154
3,0,0,0.28133935
3,0,0,0.4679688
3,0,0,0.45747373
3,0,1,0.512856
3,0,0,0.21421872
3,0,0,0.14902662
3,0,0,0.13539134
3,0,0,0.1670349
3,0,0,0.3922802
3,1,0,0.32766947
3,0,0,0.33196607
3,0,1,0.7619448
3,1,1,0.5357372
3,1,1,0.5708745
3,1,1,0.7725417
3,0,0,0.40706643
3,1,1,0.7298037
3,1,1,0.6200927
3,0,1,0.5995654
3,0,0,0.39146158
3,0,0,0.44040072
3,0,0,0.27961603
3,1,1,0.61733234
3,1,1,0.66668236
3,1,1,0.71183246
3,1,1,0.6360877
3,0,0,0.34963828
3,1,1,0.58203703
3,0,0,0.42933533
3,1,1,0.8118277
3,0,0,0.35779256
3,0,1,0.61420786
3,0,1,0.60853857
3,1,0,0.18333872
3,1,1,0.6539446
3,0,1,0.7075438
3,0,0,0.48172244
3,1,0,0.3769119
3,0,1,0.6472552
3,0,0,0.40667078
3,1,1,0.7583906
3,1,0,0.4089445
3,0,0,0.30340838
3,1,1,0.7928345
3,0,0,0.27798927
3,0,0,0.26584446
3,0,0,0.38789466
3,0,0,0.39862514
3,1,1,0.7428947
3,1,1,0.7807045
3,1,1,0.8904293
3,0,1,0.5455776
3,1,1,0.66010654
3,0,0,0.33164814
3,0,1,0.6249447
3,1,1,0.6982004
3,1,1,0.74177146
3,1,1,0.7407945
3,0,0,0.34761137
3,0,1,0.6788927
3,1,1,0.6919208
3,1,0,0.30564746
3,0,0,0.28775263
3,1,1,0.5241047
3,1,1,0.8323766
3,1,1,0.63000697
3,1,1,0.8361238
3,1,0,0.26495636
3,0,0,0.48208007
3,1,1,0.77101916
3,0,1,0.714203
3,1,1,0.7904806
3,0,0,0.44750535
3,0,0,0.16229866
3,1,0,0.34040794
3,1,1,0.6405276
3,0,1,0.65514237
3,1,1,0.72984755
3,1,0,0.22417264
3,0,0,0.064655885
3,1,1,0.6681938
3,0,0,0.2508712
3,0,0,0.37828448
3,1,1,0.5083405
3,0,0,0.25857398
3,0,0,0.34221902
3,0,1,0.72553337
3,0,1,0.69684553
3,0,0,0.39793336
3,1,0,0.46085173
3,1,0,0.33636284
3,0,0,0.19549073
3,1,1,0.8781979
3,1,1,0.80978316
3,1,1,0.81415987
3,1,1,0.7190989
3,1,1,0.7679314
3,0,1,0.5544995
3,0,1,0.5404553
3,0,1,0.64349955
3,1,0,0.4763045
3,0,0,0.4440776
3,0,0,0.39124942
3,0,0,0.29017076
3,0,1,0.6490579
3,0,1,0.69915223
3,0,1,0.60004646
3,1,1,0.70593023
3,0,0,0.36986777
3,1,1,0.8840246
3,1,0,0.49835318
3,1,0,0.43980134
3,0,1,0.5694635
3,0,1,0.69419074
3,1,1,0.65974057
3,1,1,0.7233247
3,0,1,0.6735856
3,1,0,0.28914705
3,0,0,0.21137802
3,0,0,0.38511422
3,1,0,0.47610265
3,0,1,0.5897883
3,1,1,0.8779394
3,1,0,0.4760668
3,1,1,0.7249654
3,1,0,0.3920254
3,0,0,0.3859366
3,1,1,0.6404535
3,1,1,0.6188816
3,0,1,0.5829572
3,0,1,0.66917104
3,0,0,0.3845572
3,0,0,0.19434676
3,0,0,0.49572414
3,0,1,0.74500376
3,0,0,0.40013617
3,0,0,0.32303798
3,1,1,0.8089533
3,1,1,0.6810361
3,0,1,0.6270508
3,1,1,0.704463
3,1,1,0.6812264
3,0,0,0.18351007
3,0,0,0.4667647
3,0,0,0.48373014
3,1,1,0.8595921
3,1,1,0.6287263
3,1,1,0.96446633
3,1,1,0.66147393
3,0,1,0.5423721
3,1,1,0.5970118
3,1,1,0.7215131
3,1,1,0.8007566
3,1,1,0.69352615
3,0,0,0.3968136
3,1,1,0.68961364
3,0,0,0.13047984
3,1,1,0.6759777
3,0,0,0.26680648
3,0,1,0.6650065
3,0,0,0.32874444
3,1,1,0.75069916
3,1,1,0.57098633
3,1,1,0.6834194
3,0,1,0.5100005
3,0,1,0.64347184
3,0,1,0.5314311
3,1,0,0.41510552
3,0,1,0.63619214
3,1,1,0.6822048
3,1,1,0.67441446
3,0,0,0.36117217
3,1,1,0.6293409
3,1,1,0.6302944
3,0,0,0.48192978
3,0,0,0.32140666
3,0,0,0.36144754
3,0,1,0.7406474
3,0,1,0.5302595
3,1,1,0.8224135
3,1,1,0.52991617
3,1,1,0.5662451
3,1,1,0.784289
3,1,0,0.4103648
3,0,0,0.31125924
3,1,0,0.497385
3,1,0,0.41751984
3,0,1,0.7213152
3,0,1,0.51909024
3,0,1,0.53434736
3,1,1,0.7049323
3,1,1,0.8684151
3,1,0,0.48603305
3,1,1,0.62114006
3,1,1,0.53802496
3,1,1,0.52921164
3,1,0,0.29570153
3,0,0,0.43733406
3,0,1,0.64412636
3,0,0,0.2517727
3,0,0,0.4589059
3,0,0,0.20770736
3,1,0,0.40779275
3,0,1,0.7936693
3,0,0,0.39208117
3,1,1,0.8513458
3,1,1,0.7595121
3,1,1,0.558766
3,0,0,0.45091623
3,1,1,0.8566608
3,1,1,0.7680389
3,0,0,0.45372394
3,0,1,0.6777003
3,0,0,0.45160565
3,1,1,0.7699518
3,0,1,0.512612
3,1,0,0.47727293
3,1,0,0.2745795
3,0,1,0.59290713
3,0,0,0.31316575
3,1,1,0.8542129
3,1,1,0.79384345
3,0,0,0.23549405
3,1,0,0.36105505
3,0,0,0.47680175
3,0,1,0.57466096
3,0,1,0.5677585
3,1,1,0.51731735
3,0,0,0.49843588
3,1,0,0.40074944
3,1,0,0.18421388
3,1,1,0.7636233
3,1,1,0.7723174
3,0,1,0.74152416
3,0,1,0.7937552
3,1,1,0.68277204
3,0,0,0.43453342
3,1,0,0.4849432
3,1,0,0.38505852
3,0,1,0.78499454
3,1,1,0.6487042
3,0,1,0.67338276
3,0,1,0.5576277
3,1,1,0.586769
3,0,0,0.4555129
3,0,1,0.7487602
3,0,1,0.5785636
3,0,1,0.6944161
3,1,0,0.4685579
3,1,0,0.36513215
3,1,1,0.59312993
3,1,1,0.81489044
3,0,0,0.41892484
3,0,0,0.41357094
3,1,0,0.42533234
3,0,1,0.68576723
3,1,1,0.6967263
3,1,0,0.27573547
3,1,0,0.34524104
3,1,0,0.31005338
3,1,0,0.36699426
3,0,0,0.2518563
3,0,1,0.69719476
3,1,0,0.43198574
3,0,1,0.53269476
3,1,1,0.77453476
3,0,1,0.6589902
3,0,1,0.7996771
3,0,0,0.45851135
3,0,0,0.34427378
3,1,1,0.7302402
3,1,0,0.3838494
3,0,0,0.48392916
3,1,1,0.6146278
3,0,0,0.421986
3,1,0,0.21833162
3,0,0,0.3248648
3,0,1,0.53901
3,1,0,0.33388922
3,0,0,0.48293293
3,0,0,0.45499215
3,1,0,0.44790667
3,1,0,0.29897213
3,1,1,0.7859978
3,0,0,0.3972043
3,0,1,0.6385891
3,0,1,0.6391477
3,1,1,0.58179015
3,1,0,0.39654195
3,0,1,0.6502899
3,1,0,0.3599263
3,1,1,0.9001246
3,1,1,0.72920835
3,1,1,0.6044495
3,1,1,0.5390562
3,1,1,0.6470177
3,0,0,0.34365326
3,1,1,0.63544965
3,0,0,0.41756803
3,0,1,0.6106085
3,0,0,0.3567456
3,0,1,0.55131483
3,1,1,0.72234464
3,0,1,0.5142748
3,0,1,0.6724127
3,0,1,0.703233
3,1,1,0.90615815
3,1,1,0.62494713
3,0,0,0.1365085
3,0,0,0.22678795
3,1,1,0.5814819
3,1,1,0.8790507
3,0,1,0.55745935
3,0,1,0.51105934
3,1,1,0.5649814
3,0,0,0.416742
3,1,1,0.6916448
3,0,1,0.5397853
3,0,0,0.30857033
3,1,1,0.6435712
3,0,1,0.73908085
3,1,0,0.39498383
3,1,1,0.7335805
3,0,1,0.65337926
3,0,0,0.49890694
3,1,0,0.40819168
3,0,1,0.6110013
3,1,1,0.5292698
3,0,1,0.656342
3,1,0,0.30865577
3,1,1,0.64057726
3,0,0,0.49940845
3,0,1,0.5321914
3,0,1,0.860222
3,0,0,0.39175838
3,0,0,0.3733217
3,1,0,0.3562431
3,0,0,0.44079807
3,0,1,0.7565538
3,0,1,0.6512247
3,1,1,0.68250245
3,1,1,0.58335495
3,0,0,0.34093353
3,0,1,0.6005747
3,0,0,0.15771526
3,0,0,0.39869347
3,1,1,0.5412323
3,1,1,0.8085735
3,1,1,0.7640692
3,1,1,0.5307043
3,1,1,0.64280736
3,1,1,0.6364247
3,1,1,0.55484176
3,0,0,0.3750017
3,1,1,0.5136297
3,1,1,0.7713494
3,0,0,0.17754325
3,0,0,0.25410438
3,0,1,0.55722237
3,1,0,0.4908194
3,1,1,0.6204941
3,1,0,0.38955066
3,1,0,0.20322815
3,0,0,0.390862
3,1,1,0.5102943
3,0,1,0.60083425
3,0,0,0.05143828
3,0,0,0.40070134
3,1,0,0.23730752
3,0,0,0.21707179
3,0,0,0.056721807
3,1,0,0.46952403
3,0,1,0.6053059
3,1,0,0.41249955
3,1,0,0.30767384
3,0,0,0.119367346
3,1,1,0.6106007
3,0,0,0.3968106
3,0,0,0.4033912
3,1,1,0.50723
3,1,0,0.43083957
3,1,1,0.56171745
3,0,0,0.39522445
3,0,0,0.29695964
3,0,0,0.11521894
3,0,0,0.28645098
3,1,0,0.28868365
3,0,0,0.44095
3,0,1,0.56737095
3,0,1,0.57004464
3,0,0,0.12751278
3,0,0,0.29967785
3,1,0,0.26215157
3,0,0,0.084445275
3,0,0,0.1582849
3,0,0,0.057560496
3,0,0,0.08737957
3,1,1,0.80019766
3,1,1,0.63103527
3,1,0,0.49256796
3,1,1,0.685401
3,0,0,0.18212976
3,1,1,0.66238886
3,1,1,0.6978728
3,0,1,0.55037457
3,0,0,0.2552722
3,1,1,0.8251446
3,0,1,0.50741386
3,1,1,0.57460904
3,0,1,0.7778424
3,0,1,0.5930283
3,1,1,0.56511563
3,0,0,0.41491404
3,0,0,0.339649
3,1,1,0.6791531
3,1,1,0.799879
3,1,1,0.7639529
3,1,1,0.66730255
3,0,1,0.785481
3,0,0,0.4337055
3,0,1,0.8474806
3,0,0,0.31208232
3,1,0,0.30523032
3,1,1,0.6663255
3,1,1,0.7814248
3,1,1,0.64468473
3,1,0,0.45151836
3,1,0,0.48009315
3,0,0,0.3192074
3,1,0,0.43242076
3,1,1,0.6289586
3,0,1,0.5678898
3,0,0,0.49851024
3,0,0,0.2862314
3,0,1,0.6979712
3,1,1,0.6136779
3,1,1,0.58403355
3,0,1,0.5680771
3,0,1,0.6770908
3,1,0,0.38231137
3,1,0,0.4316053
3,1,1,0.8021997
3,0,1,0.6784251
3,0,0,0.19920643
3,1,0,0.43774027
3,1,1,0.65353185
3,1,1,0.7055791
3,0,0,0.22313313
3,1,1,0.62675095
3,0,0,0.11289256
3,1,1,0.5754795
3,1,1,0.51096326
3,1,1,0.664783
3,0,0,0.39859888
3,0,1,0.5900803
3,0,0,0.3025324
3,1,1,0.672373
3,0,0,0.27331838
3,1,1,0.62153673
3,1,1,0.67393994
3,1,0,0.3256267
3,0,0,0.2845874
3,0,0,0.17955144
3,1,0,0.4425298
3,0,0,0.38649836
3,0,0,0.28294608
3,0,0,0.32474238
3,1,1,0.5856129
3,1,0,0.32033557
3,0,0,0.32239065
3,0,0,0.18478559
3,0,0,0.18219467
3,1,1,0.53931135
3,1,1,0.62266773
3,0,0,0.3305345
3,0,0,0.27394298
3,1,1,0.7314205
3,1,1,0.69298524
3,1,1,0.51518476
3,0,1,0.6114838
3,0,0,0.27689055
3,0,0,0.25770253
3,1,1,0.65539944
3,1,0,0.3336517
3,0,0,0.44185135
3,0,0,0.29416662
3,1,0,0.4921348
3,1,0,0.496705
3,0,1,0.56231385
3,0,1,0.5137295
3,0,0,0.4595961
3,0,0,0.3659183
3,0,1,0.5690355
3,0,0,0.40990803
3,1,0,0.45616895
3,1,1,0.5376524
3,1,0,0.41138038
3,0,0,0.47896728
3,1,0,0.3410382
3,1,0,0.32891893
3,0,0,0.37448204
3,1,0,0.47974646
3,0,1,0.70415133
3,0,1,0.5198956
3,0,1,0.56180423
3,0,1,0.52846575
3,0,0,0.35691005
3,1,1,0.51956356
3,0,0,0.46759093
3,1,1,0.50388145
3,1,1,0.7276215
3,1,1,0.7918446
3,1,1,0.7344236
3,0,0,0.25821024
3,1,1,0.8509998
3,1,1,0.7722938
3,0,1,0.6202566
3,0,1,0.5294757
3,0,1,0.57321554
3,0,1,0.5963743
3,1,1,0.76504385
3,1,1,0.90214986
3,1,1,0.73507833
3,1,1,0.73979187
3,1,1,0.6661008
3,1,1,0.675321
3,1,1,0.57216996
3,1,1,0.6567302
3,1,1,0.6007483
3,1,1,0.79444927
3,0,1,0.82094175
3,0,1,0.5825669
3,0,1,0.56403595
3,0,0,0.49211887
3,0,0,0.2667618
3,0,1,0.54797506
3,0,0,0.33206168
3,0,0,0.17511496
3,0,0,0.4104676
3,1,0,0.25537544
3,1,1,0.64667004
3,1,1,0.7584637
3,1,1,0.5846954
3,1,0,0.4999674
3,1,0,0.4535713
3,0,0,0.28611055
3,1,1,0.6657491
3,0,0,0.14536148
3,0,0,0.4701471
3,1,1,0.7071049
3,1,0,0.46245047
3,0,1,0.81501824
3,1,1,0.7474803
3,0,1,0.6881966
3,0,0,0.3795539
3,0,1,0.75147074
3,1,0,0.3670661
3,0,0,0.43802696
3,0,0,0.44763553
3,1,0,0.1913811
3,1,1,0.8005448
3,0,1,0.6879587
3,1,1,0.58483833
3,0,0,0.3252114
3,0,0,0.1423764
3,0,0,0.40120903
3,0,0,0.2860641
3,0,0,0.29004213
3,1,1,0.68810815
3,0,0,0.25351265
3,0,0,0.25318435
3,0,0,0.23357509
3,0,0,0.40607926
3,1,1,0.9353953
3,1,1,0.6403108
3,1,0,0.4765641
3,1,1,0.5600283
3,0,0,0.3347421
3,0,1,0.7432228
3,1,1,0.77383626
3,0,0,0.39247394
3,0,0,0.16303103
3,1,1,0.83587706
3,0,0,0.4696028
3,0,0,0.48763227
3,0,1,0.5993088
3,1,1,0.76319253
3,1,1,0.777306
3,1,0,0.4264986
3,0,1,0.5308564
3,0,0,0.26564923
3,1,1,0.7549709
3,1,0,0.41858298
3,0,0,0.48255026
3,0,1,0.63619566
3,0,1,0.66698116
3,0,0,0.4099281
3,0,0,0.37222314
3,1,1,0.78228027
3,1,1,0.7463822
3,1,0,0.4750911
3,0,1,0.6343102
3,1,1,0.7046748
3,1,1,0.7598467
3,0,1,0.6472047
3,0,0,0.34523866
3,1,1,0.51919556
3,1,1,0.66851115
3,0,0,0.40962595
3,0,0,0.3933581
3,1,1,0.5747526
3,0,1,0.50069493
3,1,0,0.45755193
3,1,0,0.37437007
3,0,1,0.7916248
3,1,1,0.60059464
3,0,0,0.1366642
3,1,0,0.41276377
3,0,0,0.09103689
3,0,0,0.1667848
3,0,0,0.24501745
3,0,0,0.28682494
3,0,1,0.6458804
3,0,0,0.2896355
3,0,0,0.07587867
3,0,0,0.09892903
3,0,0,0.18853694
3,1,0,0.46760735
3,0,0,0.32179275
3,1,0,0.46851042
3,0,1,0.58000404
3,0,1,0.50694263
3,1,1,0.75550723
3,0,0,0.48921418
3,1,1,0.7676138
3,1,0,0.2710422
3,0,1,0.5922561
3,0,0,0.19493659
3,1,0,0.4834636
3,1,0,0.29766962
3,0,1,0.75740194
3,0,0,0.11760481
3,1,1,0.6086962
3,1,1,0.62671304
3,0,0,0.327152
3,1,1,0.5054233
3,0,0,0.34393734
3,1,0,0.3740403
3,0,0,0.30852234
3,0,0,0.24023822
3,0,0,0.46047488
3,1,0,0.39426595
3,0,0,0.22358839
3,1,1,0.55201554
3,1,1,0.55175537
3,1,1,0.6154848
3,1,1,0.6153292
3,0,1,0.60967165
3,1,1,0.623665
3,1,0,0.39806885
3,0,0,0.380556
3,1,0,0.25207424
3,0,0,0.20871922
3,1,0,0.47036833
3,1,0,0.3874285
3,0,0,0.29831168
3,0,0,0.41433668
3,1,1,0.66701293
3,1,0,0.18079862
3,1,1,0.69970745
3,1,1,0.5558237
3,1,1,0.75527734
3,0,0,0.08659693
3,1,1,0.6308549
3,0,0,0.41626447
3,0,0,0.112741806
3,0,0,0.45746943
3,0,0,0.40292743
3,1,0,0.47267917
3,0,0,0.40382916
3,0,0,0.23673514
3,0,0,0.19677396
3,0,1,0.5915309
3,0,0,0.21242622
3,1,0,0.2786695
3,0,0,0.29531223
3,1,0,0.36306557
3,0,0,0.24237949
3,0,0,0.36454186
3,0,0,0.37376225
3,1,0,0.26469037
3,1,0,0.4949491
3,1,0,0.2950901
3,0,0,0.4288334
3,0,0,0.29580393
3,0,0,0.20347963
3,0,0,0.3804817
3,1,0,0.32275054
3,1,0,0.38028446
3,1,0,0.26945445
3,1,1,0.58655685
3,1,0,0.23741785
3,1,0,0.4453948
3,0,0,0.38548347
3,0,0,0.23201041
3,1,0,0.49264708
3,1,0,0.42654866
3,0,0,0.18255791
3,0,0,0.08132214
3,0,0,0.42216614
3,0,0,0.20389538
3,0,0,0.23429534
3,0,0,0.34265187
3,0,0,0.4506634
3,1,1,0.53758574
3,0,0,0.13497242
3,0,0,0.465664
3,0,1,0.53721714
3,1,0,0.47854313
3,0,0,0.16998936
3,0,1,0.5286849
3,0,1,0.65697914
3,1,0,0.4199076
3,0,1,0.5028596
3,1,0,0.35946772
3,0,0,0.28134644
3,1,1,0.58016163
3,0,0,0.2762221
3,0,0,0.31674302
3,1,0,0.39324257
3,0,0,0.2276523
3,0,0,0.2694667
3,0,0,0.3071462
3,1,1,0.57999665
3,0,1,0.5589005
3,0,0,0.42751068
3,1,1,0.54392636
3,0,0,0.05964611
3,0,0,0.20950863
3,0,0,0.21651144
3,0,0,0.14804877
3,0,0,0.120499134
3,1,0,0.46603042
3,1,0,0.42693007
3,0,0,0.16191013
3,0,1,0.5813465
3,0,1,0.5154287
3,1,0,0.2087976
3,0,0,0.3378514
3,0,1,0.54161114
3,1,0,0.2759752
3,1,0,0.48178694
3,0,0,0.3899585
3,1,1,0.67261046
3,0,0,0.05412762
3,1,1,0.529672
3,0,1,0.55830973
3,1,0,0.37967768
3,0,0,0.20624028
3,0,0,0.12176149
3,0,0,0.046832763
3,0,0,0.14913659
3,0,0,0.07147801
3,1,0,0.4698578
3,0,0,0.31714973
3,0,0,0.19694969
3,0,1,0.6077325
3,0,1,0.5123872
3,0,0,0.27015492
3,0,0,0.31947732
3,0,0,0.10591207
3,0,0,0.09273363
3,0,0,0.18458316
3,1,1,0.60343647
3,1,0,0.3824465
3,0,0,0.18580973
3,1,1,0.5084659
3,1,1,0.5125162
3,0,1,0.5809342
3,0,0,0.40953
3,1,1,0.5885355
3,0,0,0.27512693
3,0,0,0.1435402
3,0,0,0.4162335
3,0,0,0.21274284
3,1,0,0.25033665
3,1,0,0.21154055
3,0,1,0.6250075
3,0,1,0.5346348
3,0,1,0.56829876
3,0,0,0.104274616
3,1,0,0.20188229
3,1,1,0.5939347
3,0,0,0.34369424
3,1,1,0.6202277
3,0,1,0.57987696
3,0,0,0.053242322
3,0,0,0.40292594
3,1,1,0.5165219
3,0,0,0.04811126
