fold,label,prediction,probability
1,1,1,0.6618141
1,1,0,0.47040367
1,1,0,0.25314808
1,1,0,0.4745103
1,0,0,0.38758507
1,0,0,0.43991834
1,0,0,0.30468655
1,0,0,0.37155902
1,0,1,0.58514154
1,0,1,0.89116895
1,1,1,0.79347426
1,0,0,0.34916064
1,1,0,0.39218426
1,1,1,0.65998775
1,1,1,0.6360396
1,0,0,0.35374698
1,1,1,0.67396814
1,1,1,0.62130046
1,0,1,0.6804796
1,0,0,0.37649494
1,0,0,0.3032931
1,1,1,0.8801427
1,0,0,0.2882816
1,0,0,0.4697946
1,0,1,0.57952416
1,1,1,0.60271424
1,1,1,0.6815898
1,0,0,0.36696702
1,1,1,0.59273255
1,0,1,0.7218247
1,0,1,0.784635
1,0,1,0.53457785
1,1,1,0.74332035
1,1,1,0.640565
1,0,1,0.5737079
1,0,1,0.8175395
1,1,0,0.27299517
1,0,0,0.2223103
1,1,1,0.60743254
1,1,0,0.4428411
1,1,1,0.6590521
1,1,0,0.38456354
1,0,1,0.7080906
1,0,1,0.53575146
1,0,0,0.40348166
1,0,0,0.40401924
1,1,1,0.81969464
1,0,0,0.31651148
1,1,0,0.4939108
1,1,1,0.6648036
1,1,1,0.6100841
1,0,0,0.4857929
1,0,1,0.730592
1,1,0,0.44454393
1,0,1,0.8116319
1,0,0,0.46628955
1,1,1,0.6353659
1,0,1,0.5278647
1,1,0,0.22355373
1,1,0,0.3532125
1,0,1,0.5102032
1,0,0,0.41657454
1,1,1,0.7431357
1,1,1,0.56399524
1,0,1,0.54754823
1,0,0,0.34210753
1,0,1,0.66013664
1,0,0,0.26880258
1,0,0,0.23257898
1,0,1,0.5338466
1,0,0,0.41113165
1,1,1,0.5329391
1,1,0,0.3096777
1,0,0,0.2541872
1,1,0,0.4309036
1,1,1,0.8972458
1,0,1,0.5123019
1,0,1,0.71532047
1,1,0,0.14915183
1,1,1,0.5020122
1,1,1,0.60223454
1,1,1,0.5071027
1,0,0,0.408842
1,0,0,0.20669317
1,0,1,0.73392355
1,0,1,0.5815391
1,1,0,0.4895912
1,0,1,0.5234007
1,0,0,0.2214734
1,0,0,0.46288472
1,1,1,0.886998
1,1,1,0.51211685
1,1,1,0.5044095
1,0,0,0.40844598
1,0,1,0.6865532
1,0,0,0.36317357
1,0,0,0.389323
1,0,0,0.3829054
1,1,1,0.7203511
1,1,1,0.55350405
1,0,0,0.1296777
1,1,1,0.68617684
1,1,1,0.51146406
1,1,1,0.5908855
1,0,0,0.46180508
1,0,0,0.22965372
1,1,1,0.77424014
1,0,1,0.623485
1,1,1,0.52121085
1,0,0,0.30117705
1,0,0,0.25784135
1,0,0,0.16213788
1,0,0,0.16031148
1,1,1,0.828593
1,0,0,0.42693722
1,1,1,0.6923275
1,0,0,0.45240653
1,1,1,0.76784015
1,0,0,0.2234464
1,1,1,0.56347007
1,1,1,0.7769556
1,0,1,0.5326092
1,1,1,0.680858
1,0,1,0.5927778
1,1,0,0.3904416
1,0,0,0.1527816
1,0,0,0.14074393
1,1,1,0.88184595
1,1,1,0.73457736
1,0,0,0.28422007
1,1,1,0.625194
1,1,1,0.6745342
1,0,0,0.40149435
1,0,0,0.40741596
1,0,1,0.58385295
1,0,0,0.3015124
1,0,1,0.60702753
1,0,0,0.1363952
1,0,0,0.44575194
1,0,1,0.5117393
1,1,1,0.66635007
1,0,1,0.655786
1,0,1,0.6113288
1,1,1,0.6264076
1,1,0,0.4155397
1,1,1,0.56741595
1,0,1,0.62496334
1,1,1,0.66781557
1,1,1,0.54909515
1,0,1,0.60738325
1,1,1,0.6255633
1,0,1,0.6964113
1,0,1,0.5439989
1,1,0,0.44217494
1,0,0,0.17032763
1,0,0,0.42876998
1,0,1,0.6024
1,1,1,0.62160593
1,1,1,0.802861
1,1,1,0.5552817
1,1,0,0.3267037
1,1,0,0.33067
1,1,1,0.5480978
1,0,0,0.15997583
1,0,0,0.37160018
1,1,0,0.4408705
1,0,1,0.80136806
1,0,1,0.84245014
1,0,1,0.71645737
1,1,1,0.53903776
1,0,0,0.08833899
1,0,0,0.28302068
1,1,1,0.5322883
1,0,0,0.40952542
1,0,0,0.30092072
1,0,1,0.6050583
1,0,1,0.67618495
1,0,1,0.8535241
1,0,1,0.6112911
1,1,0,0.38838175
1,1,0,0.4787254
1,1,1,0.51397836
1,1,1,0.52168983
1,0,1,0.7270716
1,0,0,0.19693436
1,0,1,0.6288923
1,0,1,0.5187368
1,1,1,0.7212433
1,1,0,0.27189305
1,1,1,0.51105374
1,0,0,0.44928646
1,0,0,0.2930169
1,0,0,0.23271392
1,0,1,0.65300083
1,0,0,0.40114507
1,0,0,0.27016154
1,1,0,0.2898215
1,1,0,0.24355488
1,0,1,0.5027931
1,1,0,0.35316962
1,0,1,0.5186654
1,0,1,0.710524
1,0,1,0.85870695
1,0,0,0.48508206
1,1,1,0.61813736
1,0,1,0.584397
1,1,1,0.85787815
1,0,0,0.31781387
1,1,0,0.42513183
1,0,0,0.22496408
1,1,1,0.74042785
1,1,1,0.81154907
1,0,0,0.1150922
1,0,0,0.49369925
1,1,1,0.69045264
1,1,1,0.93339205
1,0,0,0.3081406
1,0,1,0.51124716
1,0,0,0.21703184
1,1,1,0.69157404
1,1,1,0.51183563
1,0,1,0.5731567
1,1,1,0.7558839
1,1,0,0.29039982
1,1,1,0.921017
1,1,1,0.6634838
1,1,1,0.8127066
1,0,1,0.5242175
1,0,1,0.6189854
1,1,1,0.8599891
1,1,1,0.6043585
1,1,1,0.6702918
1,1,1,0.6558924
1,1,0,0.44098103
1,0,1,0.52959204
1,1,1,0.89713645
1,1,1,0.8206382
1,1,1,0.7117834
1,1,1,0.6574142
1,0,1,0.7145806
1,1,1,0.7046858
1,0,1,0.70115924
1,1,1,0.73300093
1,0,0,0.45685893
1,1,1,0.7474188
1,0,1,0.53009206
1,1,1,0.7448557
1,0,1,0.51980066
1,0,1,0.6449305
1,0,1,0.643602
1,1,1,0.52421516
1,1,1,0.8232984
1,1,1,0.6684963
1,1,1,0.50193113
1,1,1,0.5961985
1,1,0,0.44615933
1,0,0,0.42578593
1,1,1,0.78464013
1,1,1,0.6934891
1,0,0,0.4654273
1,1,1,0.56648004
1,0,1,0.5132217
1,0,1,0.5801171
1,1,1,0.8131335
1,1,1,0.6416879
1,1,1,0.5945204
1,0,0,0.46243355
1,0,0,0.472682
1,0,0,0.36076534
1,1,1,0.8659354
1,1,1,0.60057354
1,0,1,0.7474559
1,1,1,0.79629153
1,1,1,0.64513075
1,0,0,0.4479473
1,0,1,0.57101023
1,1,1,0.6863773
1,0,0,0.4582043
1,1,1,0.8530697
1,1,1,0.590213
1,0,1,0.57225615
1,0,0,0.39780483
1,1,1,0.7634604
1,1,1,0.75062364
1,0,1,0.51449865
1,1,1,0.6442153
1,1,1,0.6750043
1,0,1,0.66313916
1,1,1,0.69848603
1,0,1,0.6666173
1,0,0,0.49214602
1,0,1,0.5742679
1,1,1,0.87446356
1,1,1,0.7823035
1,0,1,0.71945554
1,0,0,0.40987042
1,1,0,0.2027437
1,1,1,0.55057716
1,1,1,0.8136183
1,0,0,0.49928126
1,1,1,0.6431245
1,1,1,0.79660654
1,0,0,0.43620217
1,0,0,0.25119823
1,1,1,0.70160323
1,1,1,0.63459575
1,1,0,0.45409933
1,0,0,0.3792709
1,1,1,0.5808846
1,0,0,0.2779547
1,0,0,0.45644483
1,0,0,0.40332648
1,0,0,0.23007795
1,1,1,0.6986001
1,0,0,0.36007184
1,0,0,0.4169548
1,1,0,0.41796285
1,0,0,0.24612796
1,1,1,0.79550016
1,1,1,0.7383705
1,0,1,0.694203
1,1,1,0.8252966
1,1,1,0.64308643
1,0,0,0.4947168
1,0,0,0.22935627
1,1,0,0.49862972
1,0,0,0.16839504
1,1,1,0.553787
1,0,0,0.28409988
1,0,1,0.6352474
1,0,0,0.43714377
1,1,1,0.6379813
1,0,1,0.6380659
1,0,1,0.5056644
1,1,1,0.6817956
1,0,1,0.6216627
1,1,1,0.7098174
1,0,1,0.51066023
1,1,1,0.71472406
1,0,1,0.63723606
1,1,1,0.50040334
1,1,1,0.6381376
1,1,1,0.50161016
1,1,1,0.7372602
1,0,0,0.47475228
1,0,1,0.60262555
1,1,1,0.6897392
1,0,1,0.81564367
1,0,1,0.67421854
1,1,1,0.69437575
1,0,1,0.6516371
1,0,0,0.1735853
1,0,1,0.66093653
1,1,0,0.4077761
1,1,1,0.7787412
1,1,1,0.59914935
1,1,1,0.74567395
1,0,1,0.5620299
1,0,0,0.24981809
1,0,1,0.7704645
1,0,1,0.58909726
1,1,1,0.8080518
1,0,1,0.6830169
1,0,0,0.47275877
1,1,1,0.8181141
1,1,1,0.517349
1,0,0,0.33265108
1,0,0,0.39861
1,0,1,0.71445113
1,1,1,0.7798349
1,1,1,0.7618115
1,0,1,0.77169716
1,1,1,0.7834318
1,0,0,0.49692255
1,1,1,0.57912934
1,1,1,0.58907145
1,0,0,0.4897385
1,1,1,0.5290166
1,0,1,0.6477174
1,0,0,0.4178522
1,0,1,0.5016679
1,0,0,0.4814671
1,1,1,0.6431848
1,1,1,0.9122336
1,1,1,0.5024097
1,1,1,0.8195422
1,0,1,0.62890774
1,1,1,0.7353768
1,0,1,0.5850668
1,1,1,0.7091068
1,1,1,0.57782763
1,1,1,0.7169301
1,1,1,0.800155
1,0,1,0.6791763
1,1,1,0.80806863
1,1,1,0.5555761
1,1,1,0.79481304
1,1,1,0.6493206
1,0,0,0.46390662
1,0,1,0.6205937
1,0,1,0.6408744
1,1,0,0.4275264
1,0,1,0.8184987
1,1,1,0.68744636
1,1,1,0.6116836
1,0,1,0.52734977
1,1,1,0.66091436
1,1,1,0.790774
1,1,1,0.7702948
1,0,0,0.44282535
1,1,1,0.59623647
1,0,1,0.53805685
1,0,1,0.5891857
1,1,1,0.6798109
1,0,1,0.67423457
1,0,0,0.26738015
1,1,1,0.8541608
1,1,1,0.7666347
1,0,0,0.49905738
1,1,1,0.73251283
1,0,1,0.6732286
1,1,1,0.7612138
1,1,0,0.4989903
1,1,1,0.55055976
1,0,0,0.41718698
1,0,0,0.32303643
1,1,1,0.76657325
1,1,1,0.7689002
1,0,0,0.47129163
1,0,1,0.5990325
1,0,0,0.41136396
1,0,0,0.3766554
1,0,1,0.69990146
1,0,0,0.13867283
1,1,1,0.87787867
1,1,1,0.5349029
1,1,1,0.6892983
1,0,1,0.64859515
1,0,1,0.53209877
1,1,0,0.2055792
1,1,1,0.55292696
1,0,0,0.42149878
1,1,0,0.39907202
1,1,0,0.39880705
1,0,0,0.3690313
1,0,1,0.7338363
1,0,1,0.75009567
1,0,0,0.48106414
1,1,1,0.8576303
1,0,0,0.47387716
1,1,1,0.73280805
1,1,1,0.6156525
1,1,1,0.7034097
1,1,1,0.6707334
1,0,1,0.55601746
1,1,1,0.91832834
1,1,1,0.75254875
1,0,0,0.31656823
1,0,0,0.20346713
1,1,1,0.82904243
1,1,1,0.8169597
1,1,1,0.75438505
1,0,1,0.5542928
1,0,1,0.6436087
1,0,0,0.060847037
1,1,1,0.8133049
1,1,1,0.6579651
1,0,1,0.60297704
1,0,0,0.1616129
1,0,0,0.49649763
1,0,1,0.5764734
1,1,1,0.72162145
1,1,0,0.49521
1,0,0,0.32562175
1,1,1,0.6344175
1,1,1,0.6189405
1,0,0,0.35002732
1,1,1,0.60740656
1,1,0,0.25590584
1,0,1,0.5620627
1,0,1,0.70185345
1,0,1,0.74059397
1,1,1,0.83912134
1,1,1,0.7378398
1,1,1,0.81374705
1,1,1,0.7148513
1,1,1,0.8882834
1,0,1,0.64986914
1,1,1,0.7663413
1,1,1,0.70769876
1,1,1,0.7985859
1,1,1,0.7704368
1,1,0,0.30894047
1,0,0,0.19934897
1,0,0,0.14977959
1,0,1,0.6585527
1,0,1,0.54057765
1,0,0,0.35894614
1,1,1,0.8170079
1,1,1,0.51024413
1,1,1,0.73188585
1,0,1,0.5173831
1,0,1,0.6307644
1,0,1,0.7780889
1,0,0,0.41578144
1,0,0,0.24257809
1,1,0,0.46820626
1,0,1,0.6464381
1,1,1,0.6382034
1,0,0,0.39472637
1,1,1,0.9456142
1,0,1,0.54608846
1,1,1,0.79810226
1,1,1,0.80913746
1,1,1,0.7077858
1,0,1,0.60878754
1,1,1,0.75626516
1,0,0,0.46169114
1,1,1,0.555489
1,0,0,0.35927287
1,0,0,0.46045718
1,0,0,0.3883833
1,1,1,0.77837616
1,0,1,0.60475105
1,0,1,0.82598996
1,1,1,0.8657197
1,0,1,0.7567453
1,0,1,0.6404663
1,1,1,0.65069354
1,1,1,0.581051
1,1,1,0.7583182
1,0,0,0.36220288
1,1,1,0.6160899
1,0,1,0.65983003
1,0,1,0.5763431
1,0,0,0.2551404
1,0,1,0.8383969
1,0,0,0.4893212
1,1,1,0.77812684
1,1,1,0.7492921
1,1,0,0.41946742
1,1,0,0.4866873
1,0,0,0.34759018
1,1,1,0.6875838
1,1,1,0.58854157
1,1,1,0.5480778
1,0,0,0.32675204
1,0,0,0.33043706
1,1,1,0.6648504
1,0,1,0.61729157
1,0,1,0.6251486
1,0,1,0.56362134
1,0,0,0.31995007
1,0,0,0.43948564
1,0,1,0.71012145
1,0,1,0.536363
1,0,1,0.61499137
1,1,0,0.48308557
1,1,0,0.32012147
1,1,0,0.48375577
1,1,1,0.71926033
1,0,0,0.43970427
1,0,0,0.09242274
1,0,1,0.59393406
1,1,1,0.87263167
1,1,1,0.5859293
1,1,1,0.7130912
1,0,1,0.6336617
1,1,1,0.6074398
1,0,0,0.430833
1,0,1,0.53165
1,1,1,0.6570253
1,1,1,0.61919194
1,0,0,0.07796212
1,1,1,0.7616706
1,0,0,0.4833908
1,0,1,0.6749033
1,1,1,0.52230453
1,0,1,0.6750979
1,0,0,0.34107316
1,0,1,0.5868317
1,0,0,0.43403396
1,0,0,0.24708125
1,1,1,0.63998866
1,0,0,0.14647834
1,1,1,0.8761317
1,0,0,0.4691546
1,0,0,0.29000103
1,1,1,0.717791
1,1,1,0.68777156
1,0,1,0.5107646
1,0,0,0.36468053
1,0,0,0.3752698
1,0,0,0.48685214
1,0,0,0.4677646
1,1,1,0.853903
1,0,0,0.41160014
1,0,0,0.35413536
1,1,1,0.7926107
1,1,1,0.6411078
1,1,1,0.8183527
1,1,1,0.85254246
1,1,0,0.3855069
1,0,0,0.4959993
1,0,0,0.44097996
1,1,1,0.7239813
1,1,0,0.3562886
1,0,0,0.32668158
1,0,0,0.29258332
1,1,1,0.5241617
1,1,1,0.81636244
1,0,1,0.60664076
1,1,0,0.25136822
1,0,1,0.7971805
1,1,0,0.33404052
1,0,1,0.69023967
1,0,0,0.14054862
1,0,1,0.8153138
1,0,1,0.6813469
1,1,1,0.6907451
1,0,1,0.6271647
1,1,1,0.5694701
1,1,1,0.5701805
1,0,1,0.68000025
1,1,1,0.9242647
1,0,1,0.6584433
1,1,1,0.61564577
1,0,0,0.42898706
1,1,1,0.64955246
1,0,0,0.48256424
1,1,1,0.9234424
1,1,1,0.6873814
1,1,1,0.6612233
1,1,1,0.6449238
1,1,1,0.5672572
1,1,1,0.7928204
1,0,0,0.33547667
1,1,1,0.6757297
1,0,0,0.4869578
1,1,1,0.7349253
1,0,1,0.54063296
1,0,0,0.20807211
1,1,0,0.37265494
1,0,1,0.7463614
1,1,1,0.5255306
1,1,0,0.26221833
1,1,1,0.74382687
1,0,1,0.75323445
1,0,1,0.6253744
1,1,1,0.50306183
1,0,0,0.40389168
1,0,1,0.5022232
1,0,0,0.37714124
1,1,1,0.905371
1,1,1,0.5772908
1,0,0,0.4678372
1,0,1,0.6915309
1,0,1,0.51878005
1,0,0,0.38270178
1,0,1,0.5044155
1,0,0,0.26967913
1,0,1,0.69128394
1,0,0,0.13808861
1,1,1,0.5934421
1,1,0,0.45788276
1,1,1,0.6358087
1,1,1,0.5520499
1,0,1,0.5553529
1,1,1,0.6949799
1,1,1,0.8731884
1,0,0,0.19329607
1,0,1,0.6333701
1,0,0,0.39874277
1,1,1,0.7221055
1,0,0,0.34030357
1,1,0,0.28902325
1,0,0,0.29837975
1,1,1,0.63347703
1,1,0,0.4005485
1,1,1,0.68890256
1,0,0,0.37138686
1,1,0,0.18411781
1,1,1,0.5542105
1,0,1,0.6512567
1,0,1,0.5873654
1,1,1,0.7203485
1,1,1,0.62489444
1,0,1,0.50886065
1,0,1,0.5277202
1,1,1,0.6404061
1,1,1,0.7452753
1,1,1,0.55957544
1,0,0,0.38135526
1,0,0,0.36907142
1,1,1,0.611272
1,0,1,0.6748986
1,1,0,0.44503057
1,0,1,0.57104987
1,1,1,0.6843351
1,0,1,0.66882783
1,1,1,0.56822807
1,1,0,0.26261547
1,0,0,0.10694423
1,0,1,0.76682705
1,0,1,0.59785616
1,0,0,0.48379058
1,1,1,0.59595656
1,0,0,0.35298482
1,1,1,0.6493781
1,1,1,0.749505
1,1,0,0.43816465
1,0,1,0.85067636
1,0,1,0.7718544
1,0,0,0.44136068
1,1,0,0.3969464
1,1,1,0.85538626
1,1,1,0.6410418
1,1,1,0.64060986
1,0,1,0.54384434
1,0,0,0.3370144
1,1,0,0.49712986
1,0,1,0.7168068
1,1,0,0.38707593
1,1,1,0.76083434
1,1,1,0.7294105
1,1,1,0.5450586
1,0,0,0.2803822
1,0,1,0.6598
1,1,0,0.4064987
1,0,0,0.3784677
1,1,1,0.67485636
1,0,0,0.30380642
1,1,1,0.690748
1,0,0,0.34300488
1,1,1,0.715976
1,1,0,0.31723818
1,1,0,0.4237797
1,0,0,0.31187674
1,0,0,0.44341958
1,1,1,0.54480314
1,0,0,0.10399815
1,1,0,0.33164805
1,0,0,0.083684005
1,0,1,0.6980669
1,0,0,0.31894106
1,1,1,0.6988782
1,0,1,0.64438796
1,1,0,0.42848256
1,1,0,0.2929245
1,1,0,0.48690775
1,1,0,0.21640132
1,1,1,0.5836687
1,0,1,0.6138409
1,1,1,0.5607961
1,0,0,0.2471196
1,0,0,0.29941237
1,0,0,0.298446
1,0,0,0.15276526
1,1,0,0.24915434
1,1,0,0.4018651
1,0,0,0.37580645
1,0,0,0.14101948
1,1,1,0.517891
1,0,0,0.09263454
1,1,1,0.57492816
1,0,0,0.4269642
1,0,1,0.5324404
1,0,0,0.09217872
1,1,1,0.7894912
1,1,1,0.60097206
1,0,0,0.23498045
1,1,0,0.39900503
1,0,0,0.46026728
1,0,0,0.20702606
1,0,0,0.10851387
1,1,0,0.42081183
1,0,0,0.39808843
1,0,0,0.3755351
1,0,1,0.51681966
1,0,1,0.71165985
1,0,0,0.19516021
1,1,1,0.90169096
1,1,0,0.4386742
1,1,1,0.6448182
1,1,1,0.718574
1,0,1,0.5573918
1,0,1,0.54964054
1,0,0,0.40693137
1,0,0,0.36041206
1,1,1,0.63590115
1,0,1,0.57764614
1,0,0,0.19692366
1,1,1,0.6977417
1,0,0,0.4520499
1,0,0,0.42263836
1,1,1,0.5133184
1,0,0,0.35665023
1,1,1,0.6871037
1,0,1,0.66950965
1,0,1,0.7091054
1,1,1,0.666601
1,1,1,0.55044
1,0,0,0.20377533
1,1,1,0.7200779
1,0,0,0.46388644
1,0,1,0.6950648
1,0,0,0.44950506
1,1,0,0.45353422
1,0,1,0.764114
1,1,1,0.81728256
1,0,1,0.68702924
1,0,0,0.21233632
1,0,1,0.5384086
1,0,1,0.55552995
1,1,1,0.6723941
1,0,0,0.438206
1,1,1,0.51247114
1,0,1,0.534567
1,0,0,0.073636554
1,1,1,0.7441966
1,1,0,0.4871052
1,1,1,0.9054971
1,1,1,0.5516591
1,1,1,0.711627
1,0,1,0.63972104
1,0,0,0.14513956
1,0,1,0.7149509
1,1,0,0.48963854
1,1,0,0.44580546
1,0,0,0.48202583
1,0,1,0.6911676
1,1,1,0.6316609
1,0,0,0.23217925
1,0,0,0.2572577
1,0,1,0.6022971
1,1,1,0.5061397
1,0,0,0.37459162
1,1,1,0.718946
1,1,0,0.4211228
1,1,1,0.8469016
1,1,1,0.6031945
1,0,1,0.6202405
1,1,0,0.39861134
1,1,1,0.5766432
1,0,0,0.275389
1,1,0,0.47896716
1,1,1,0.6407717
1,1,1,0.63546884
1,0,0,0.2813541
1,0,0,0.38730186
1,1,0,0.4682901
1,0,1,0.61247694
1,1,0,0.46892044
1,0,1,0.57000583
1,0,1,0.59464425
1,0,1,0.6577139
1,0,0,0.4016388
1,0,0,0.4707984
1,1,1,0.8421606
1,1,0,0.4762022
1,1,1,0.54787666
1,1,1,0.54682046
1,0,0,0.40324017
1,0,1,0.5543466
1,0,1,0.6370114
1,0,0,0.4199818
1,0,1,0.5841101
1,1,1,0.7000267
1,1,1,0.6599722
1,1,1,0.7639436
1,1,0,0.3849896
1,0,0,0.32677484
1,0,0,0.18778764
1,0,1,0.619777
1,0,1,0.70726115
1,1,1,0.90630466
1,0,1,0.59443396
1,1,1,0.69635695
1,0,1,0.77885145
1,1,1,0.6423836
1,1,0,0.3556593
1,0,1,0.5230702
1,0,0,0.26213047
1,0,0,0.3656893
1,1,0,0.45137444
1,0,0,0.3407822
1,0,1,0.5214746
1,0,1,0.79242694
1,1,1,0.71345013
1,1,1,0.6851085
1,0,0,0.19403927
1,1,1,0.817129
1,0,1,0.5031782
1,0,0,0.2526206
1,1,1,0.68091035
1,0,1,0.5075824
1,0,0,0.4244547
1,1,1,0.57169384
1,1,1,0.68629384
1,1,1,0.5603541
1,1,1,0.5174814
1,0,0,0.34619173
1,0,1,0.6495692
1,0,0,0.14646983
1,0,0,0.47274438
1,1,1,0.70861226
1,1,1,0.6102121
1,0,1,0.77816606
1,0,0,0.27888837
1,1,1,0.75091916
1,1,1,0.6428138
1,0,0,0.4325508
1,1,1,0.64692163
1,1,1,0.7216448
1,0,0,0.3820275
1,0,1,0.6593341
1,1,1,0.8443374
1,1,0,0.39266434
1,0,1,0.58320767
1,0,1,0.65509397
1,1,0,0.43152544
1,0,0,0.35314715
1,0,0,0.23671755
1,1,1,0.6440245
1,0,0,0.41300267
1,0,0,0.32548803
1,1,1,0.5063054
1,0,0,0.22966635
1,1,1,0.53004056
1,1,1,0.5376253
1,0,1,0.8471153
1,0,1,0.6595448
1,1,1,0.5125432
1,1,0,0.4765376
1,0,0,0.29873505
1,1,1,0.701011
1,0,0,0.29785818
1,1,1,0.5632555
1,0,1,0.52291226
1,0,1,0.775467
1,0,1,0.69921136
1,0,1,0.60745835
1,0,0,0.23756544
1,1,1,0.6765194
1,1,1,0.6329138
1,1,1,0.9385602
1,1,1,0.51555103
1,1,1,0.8162232
1,0,0,0.43588358
1,1,1,0.650593
1,0,0,0.21909714
1,0,1,0.78266215
1,1,1,0.520764
1,0,1,0.5851449
1,0,0,0.4088441
1,0,1,0.7094242
1,0,0,0.339885
1,1,1,0.91138303
1,0,0,0.4435622
1,1,0,0.41746154
1,1,1,0.6974926
1,0,1,0.5018128
1,1,1,0.73501766
1,0,1,0.6007647
1,0,0,0.4929497
1,1,1,0.59930754
1,0,1,0.57517785
1,0,1,0.6558529
1,0,0,0.37023923
1,0,1,0.7033426
1,0,0,0.19773416
1,1,1,0.7203308
1,0,1,0.63465524
1,0,1,0.6907205
1,1,1,0.7137115
1,1,1,0.5410469
1,1,1,0.7428511
1,1,1,0.9157431
1,0,1,0.5486151
1,1,1,0.5755859
1,1,1,0.79598176
1,1,1,0.70839345
1,0,0,0.4427114
1,0,0,0.39531222
1,1,1,0.71110165
1,1,1,0.80827
1,1,1,0.69471824
1,0,1,0.65164787
1,0,1,0.67319524
1,1,0,0.46989593
1,0,1,0.55521935
1,0,0,0.48550352
1,1,1,0.5240168
1,1,1,0.8564866
1,1,1,0.7824927
1,1,1,0.8098232
1,1,1,0.7517513
1,1,1,0.73136836
1,1,1,0.77519095
1,0,0,0.47572553
1,1,0,0.30456635
1,1,1,0.8525049
1,0,1,0.60001034
1,1,1,0.9282462
1,1,1,0.5833062
1,1,1,0.6465581
1,1,1,0.7121757
1,0,1,0.6562149
1,0,1,0.6952065
1,1,1,0.75988626
1,0,0,0.49084562
1,0,1,0.59933615
1,0,0,0.43779737
1,0,1,0.56401855
1,1,1,0.63101506
1,0,0,0.4512642
1,1,1,0.81782025
1,1,1,0.8229661
1,0,1,0.61729723
1,1,1,0.614139
1,1,1,0.5983632
1,1,1,0.6539434
1,0,1,0.50112593
1,1,1,0.7573989
1,0,1,0.60956657
1,0,0,0.49743962
1,0,1,0.5891015
1,0,1,0.5452909
1,0,0,0.19524865
1,0,0,0.46519
1,0,0,0.14337228
1,1,1,0.8535226
1,1,1,0.6246828
1,1,0,0.44948012
1,1,1,0.58483464
1,0,0,0.18002856
1,0,1,0.5031227
1,1,0,0.4715826
1,1,1,0.50944316
1,1,1,0.5606751
1,1,1,0.67982996
1,0,1,0.7103232
1,1,1,0.66314745
1,0,0,0.09139361
1,0,0,0.4075648
1,1,1,0.7379453
1,1,0,0.25976697
1,1,0,0.4731108
1,1,1,0.7448799
1,1,1,0.7139462
1,1,1,0.8012779
1,0,0,0.23773135
1,1,0,0.4240551
1,0,0,0.14491515
1,0,0,0.3047794
1,0,0,0.097176954
1,1,1,0.8206897
1,0,0,0.3727314
1,0,0,0.44178966
1,0,0,0.46546927
1,1,1,0.6152062
1,0,1,0.6770966
1,0,0,0.10549937
1,0,0,0.19232464
1,1,1,0.8689097
1,0,0,0.3938233
1,1,1,0.527494
1,1,1,0.78440255
1,0,0,0.2531928
1,1,0,0.37756392
1,0,0,0.3354986
1,1,1,0.79798996
1,0,0,0.3520769
1,1,0,0.4156479
1,1,1,0.6741445
1,0,0,0.27950323
1,1,1,0.80606025
1,0,0,0.378836
1,1,0,0.39515448
1,0,0,0.42874226
1,1,1,0.5646259
1,0,1,0.6173564
1,0,0,0.4495951
1,1,0,0.47087765
1,0,1,0.76472056
1,0,1,0.5048847
1,0,1,0.6200413
1,1,1,0.7519916
1,1,0,0.4440614
1,0,0,0.4573312
1,1,1,0.5209196
1,0,1,0.62339616
1,0,0,0.45566434
1,1,1,0.5858845
1,0,0,0.45361206
1,1,0,0.31267604
1,1,1,0.6523786
1,1,1,0.60483164
1,1,1,0.5993124
1,1,0,0.4410714
1,0,1,0.52460986
1,1,1,0.8857372
1,1,1,0.8264262
1,1,1,0.5743303
1,0,0,0.36010593
1,0,1,0.630834
1,1,1,0.7700929
1,1,1,0.8809618
1,0,1,0.5245663
1,0,0,0.46387887
1,1,1,0.6382354
1,0,0,0.4596802
1,1,0,0.46766838
1,1,1,0.6112454
1,0,1,0.8173028
1,1,1,0.79225826
1,0,0,0.42569047
1,0,1,0.6162855
1,1,1,0.7011946
1,1,1,0.5429758
1,1,1,0.6952079
1,0,0,0.4230707
1,0,0,0.2183117
1,1,1,0.7139823
1,0,1,0.5289866
1,1,1,0.72975975
1,1,1,0.67029274
1,0,0,0.14923875
1,0,0,0.4444353
1,1,0,0.38950297
1,0,1,0.5059192
1,0,0,0.37290874
1,0,0,0.17575027
1,1,0,0.33865863
1,0,1,0.89909583
1,0,1,0.6217553
1,1,1,0.8117044
1,1,1,0.6473099
1,0,0,0.47529
1,0,1,0.5463151
1,1,1,0.7810515
1,0,0,0.24312393
1,1,1,0.75664306
1,0,1,0.6264147
1,1,1,0.8492906
1,0,1,0.6711645
1,0,0,0.2625317
1,0,0,0.17116015
1,0,1,0.68055314
1,1,1,0.7663105
1,0,0,0.26694077
1,0,0,0.4231298
1,0,1,0.5161553
1,1,1,0.72754216
1,1,1,0.7292809
1,1,1,0.81087273
1,1,1,0.7819031
1,1,1,0.8344372
1,1,1,0.8683408
1,0,1,0.54299736
1,1,1,0.74405795
1,0,1,0.52638626
1,1,1,0.6533901
1,1,0,0.49303702
1,0,1,0.5788986
1,1,0,0.49749234
1,0,0,0.24708125
1,0,0,0.26203582
1,1,1,0.71650296
1,0,0,0.4768811
1,0,1,0.6756913
1,1,1,0.811649
1,1,1,0.8252077
1,0,0,0.28911713
1,1,1,0.6261517
1,1,0,0.3615711
1,0,0,0.21674356
1,0,1,0.63123316
1,1,1,0.6825795
1,0,0,0.32886
1,0,0,0.29536536
1,0,0,0.42817003
1,1,0,0.39182094
1,1,1,0.67119336
1,1,1,0.6395388
1,0,0,0.42464927
1,1,1,0.5040148
1,0,0,0.34899217
1,1,0,0.3148811
1,1,0,0.39885476
1,1,1,0.6571339
1,1,0,0.34384775
1,1,1,0.5834184
1,0,1,0.5338072
1,1,0,0.38752118
1,1,1,0.55001634
1,1,0,0.34035188
1,1,0,0.46064308
1,0,0,0.18840712
1,0,0,0.48781124
1,0,0,0.19408225
1,0,0,0.33321777
1,0,0,0.09715765
1,0,0,0.33073854
1,0,0,0.22580288
1,1,0,0.32295388
1,0,0,0.14327489
1,0,0,0.11623753
1,0,0,0.081615746
1,1,0,0.44407585
1,1,0,0.47337088
1,0,0,0.31068772
1,0,0,0.39024407
1,1,1,0.53664166
1,1,0,0.3675452
1,0,0,0.37526113
1,0,0,0.19332348
1,1,0,0.41021293
1,0,0,0.090966664
1,1,0,0.31151715
1,0,0,0.2796194
1,1,1,0.66137373
1,1,0,0.2982258
1,0,1,0.55236334
1,0,0,0.27946094
1,0,0,0.14609706
1,0,0,0.13762899
1,0,0,0.4365034
1,0,1,0.5611154
1,0,0,0.15435904
1,0,0,0.44368982
1,0,0,0.2915608
1,0,0,0.32968798
1,1,0,0.44681326
1,1,1,0.80008775
1,1,1,0.7116019
1,1,0,0.4156123
1,1,0,0.49208558
1,1,1,0.6828132
1,1,0,0.15306643
1,1,1,0.56805557
1,1,1,0.75431377
1,1,1,0.7774344
1,1,1,0.7179135
1,0,0,0.3428735
1,1,0,0.48020914
1,0,1,0.691124
1,1,1,0.79532045
1,1,1,0.67827475
1,1,1,0.60634774
1,1,1,0.69813436
1,0,0,0.37259153
1,1,1,0.7652544
1,0,0,0.4934806
1,0,1,0.75766146
1,0,1,0.69579184
1,1,0,0.35377216
1,1,1,0.7089559
1,0,0,0.37229356
1,0,0,0.43818858
1,0,0,0.3412756
1,0,0,0.29045808
1,0,0,0.4578269
1,0,0,0.48236436
1,1,1,0.8754712
1,1,1,0.7724736
1,0,1,0.6355304
1,0,1,0.72467726
1,0,1,0.6821129
1,0,0,0.2263318
1,1,1,0.8178895
1,1,1,0.7163328
1,1,0,0.27228388
1,0,1,0.5779147
1,0,1,0.66786027
1,1,1,0.6750219
1,0,0,0.49553668
1,1,0,0.4862852
1,0,1,0.636793
1,1,1,0.68078387
1,0,1,0.7139884
1,1,1,0.5552749
1,1,1,0.6266038
1,0,1,0.7754155
1,1,0,0.481097
1,0,1,0.72128457
1,1,1,0.74094373
1,0,1,0.69726557
1,0,1,0.5167452
1,0,0,0.3469856
1,1,1,0.79697657
1,1,1,0.69657886
1,0,1,0.59651333
1,0,0,0.3730392
1,1,1,0.65065247
1,1,0,0.32931706
1,0,0,0.46892074
1,0,0,0.49399704
1,1,1,0.6943453
1,1,1,0.51714665
1,0,1,0.59134287
1,0,0,0.26459965
1,1,1,0.5635157
1,0,0,0.2073027
1,1,1,0.8178269
1,0,1,0.782705
1,0,1,0.686915
1,0,0,0.45691028
1,0,1,0.6458391
1,1,1,0.6996154
1,1,1,0.7370959
1,0,1,0.6488091
1,1,1,0.76804423
1,1,1,0.8675929
1,1,1,0.5691992
1,1,1,0.5327185
1,0,1,0.5582738
1,0,1,0.6782898
1,0,1,0.5885014
1,1,0,0.46614325
1,1,0,0.16590756
1,0,0,0.48192602
1,0,0,0.48317546
1,1,1,0.6368304
1,1,1,0.8101472
1,1,0,0.4678327
1,0,0,0.2586114
1,0,0,0.22070673
1,1,0,0.4419439
1,1,1,0.68620086
1,0,1,0.58328545
1,0,0,0.40703154
1,1,1,0.6244784
1,1,0,0.2846501
1,1,0,0.46964782
1,0,1,0.6656314
1,0,0,0.26070806
1,0,1,0.55621636
1,0,0,0.37602976
1,0,1,0.6499142
1,0,0,0.30084506
1,1,1,0.704539
1,0,0,0.20284793
1,0,0,0.2490448
1,1,1,0.7648204
1,0,0,0.115525685
1,0,1,0.60079277
1,1,0,0.30225107
1,1,1,0.69135255
1,1,0,0.1347745
1,1,1,0.7138322
1,0,0,0.33597684
1,1,0,0.29684028
1,1,1,0.5099121
1,0,1,0.6097098
1,0,1,0.50104564
1,1,0,0.31747895
1,1,0,0.37732822
1,0,1,0.6848906
1,0,0,0.30901363
1,0,1,0.72812206
1,0,0,0.2003222
1,1,0,0.41678768
1,0,1,0.6350926
1,0,0,0.3994474
1,0,1,0.51678234
1,0,0,0.4168056
1,1,1,0.6740764
1,0,0,0.39498425
1,1,0,0.29184595
1,0,0,0.22168416
1,0,0,0.11174538
1,1,0,0.38748977
1,0,0,0.40206397
1,1,1,0.6159656
1,1,1,0.53427887
1,0,0,0.3382047
1,0,0,0.13878101
1,0,0,0.12027413
1,1,1,0.73201376
1,1,1,0.6887035
1,0,1,0.5581848
1,0,0,0.49801576
1,0,0,0.404689
1,1,1,0.65909773
1,0,0,0.1834108
1,1,1,0.5475581
1,1,1,0.5175954
1,1,1,0.68657345
1,0,1,0.78296554
1,0,0,0.36442277
1,1,0,0.4758621
1,0,0,0.28587067
1,1,1,0.5608656
1,0,1,0.68267757
1,1,1,0.67856824
1,1,1,0.6651162
1,1,1,0.7831648
1,0,1,0.7199478
1,0,1,0.5973261
1,0,1,0.608118
1,1,1,0.59052974
1,1,0,0.19525935
1,1,0,0.41322547
1,0,1,0.59225214
1,0,1,0.6875066
1,1,0,0.35242733
1,0,0,0.47969648
1,0,0,0.3738388
1,1,0,0.3296917
1,1,1,0.54466385
1,0,0,0.12669563
1,1,0,0.4338011
1,0,1,0.8578268
1,0,0,0.23737027
1,1,0,0.33234385
1,1,1,0.7981429
1,0,0,0.43790537
1,1,1,0.6184732
1,1,0,0.4227121
1,1,1,0.73209935
1,0,1,0.7897233
1,0,0,0.40789932
1,0,1,0.7387455
1,0,1,0.5188682
1,1,1,0.8843417
1,0,1,0.5761933
1,0,1,0.651659
1,0,1,0.5722801
1,0,0,0.45055497
1,0,1,0.624694
1,1,1,0.54873455
1,1,1,0.69937795
1,1,1,0.7032172
1,1,1,0.6131543
1,1,1,0.7963369
1,1,1,0.7358242
1,0,1,0.62600124
1,1,0,0.29291382
1,1,1,0.62856746
1,0,0,0.39104474
1,0,1,0.52105206
1,0,1,0.5560792
1,1,1,0.8036885
1,0,0,0.333812
1,0,1,0.5564291
1,1,0,0.2364802
1,1,1,0.57821244
1,0,1,0.51916593
1,1,1,0.6079577
1,0,0,0.32402328
1,1,1,0.5076042
1,1,1,0.5629888
1,0,0,0.4828596
1,1,0,0.45996067
1,0,1,0.5008345
1,0,0,0.31178948
1,0,1,0.5532418
1,1,0,0.1816526
1,0,1,0.50469404
1,0,0,0.19835329
1,0,0,0.20074731
1,0,1,0.60634714
1,1,1,0.6217931
1,1,0,0.41772187
1,1,0,0.30914727
1,1,1,0.52693135
1,1,0,0.42044377
1,0,1,0.5156282
1,0,0,0.49956244
1,0,0,0.3442347
1,0,0,0.1346086
1,0,0,0.36198616
1,1,1,0.58375674
1,1,1,0.6925944
1,1,0,0.471071
1,0,1,0.53020084
1,0,1,0.65984935
1,0,0,0.38419375
1,0,1,0.5511694
1,1,1,0.7646047
1,1,0,0.21611425
1,1,1,0.69464207
1,1,0,0.17662503
1,1,0,0.19491161
1,0,0,0.260674
1,0,0,0.15782711
1,0,0,0.3334048
1,0,1,0.56573766
1,1,0,0.35018542
1,1,1,0.5497812
1,1,0,0.36279732
1,0,1,0.59335804
1,0,0,0.41791654
1,0,1,0.64507586
1,0,0,0.49328646
1,1,1,0.5601388
1,0,1,0.76745284
1,0,0,0.41514438
1,0,0,0.25922334
1,1,1,0.78652525
1,1,1,0.5358906
1,0,0,0.32431915
1,1,1,0.5974022
1,0,0,0.17943183
1,0,0,0.3633112
1,0,0,0.309847
1,0,1,0.7876793
1,1,0,0.40364048
1,0,1,0.5561097
1,1,1,0.5563053
1,1,0,0.39219457
1,0,1,0.6655861
1,0,0,0.26423916
1,1,1,0.5738662
1,1,1,0.6319184
1,1,1,0.60473794
1,0,0,0.41222045
1,0,1,0.5878979
1,1,1,0.6513931
1,0,1,0.5139422
1,1,1,0.711859
1,0,1,0.71930903
1,0,1,0.59940636
1,1,0,0.39048848
1,0,0,0.34646508
1,0,1,0.68397593
1,0,1,0.5692225
1,0,1,0.56083786
1,1,0,0.48929828
1,0,1,0.6579201
1,1,0,0.41579476
1,0,1,0.60471183
1,1,1,0.6640563
1,1,0,0.35639367
1,0,0,0.4253038
1,0,0,0.1697764
1,1,0,0.33732632
1,1,1,0.54350305
1,1,1,0.53314143
1,0,0,0.29015446
1,0,1,0.5661604
1,1,1,0.6293954
1,0,0,0.3194705
1,1,1,0.7560724
1,1,1,0.61822176
1,1,1,0.69527775
1,0,0,0.39295968
1,0,1,0.5599411
1,1,1,0.6946943
1,0,0,0.31138286
1,1,0,0.45409194
1,0,0,0.31644925
1,0,1,0.72755206
1,1,1,0.5193691
1,1,1,0.5510559
1,1,1,0.5554992
1,1,1,0.5537489
1,1,1,0.6851264
1,0,0,0.18134041
1,0,0,0.18903816
1,1,1,0.57017666
1,0,0,0.4632887
1,1,1,0.7415977
1,0,1,0.5618808
1,1,1,0.8497561
1,0,1,0.5452538
1,0,1,0.60784125
1,1,1,0.83451617
1,1,0,0.48514345
1,1,0,0.47140113
1,0,0,0.40131274
1,0,0,0.31241038
1,1,1,0.8003883
1,1,0,0.41091415
1,0,1,0.6140199
1,0,0,0.36995447
1,1,1,0.869906
1,1,1,0.87669593
1,1,1,0.79732263
1,1,0,0.4634136
1,0,1,0.5708829
1,0,1,0.6616393
1,0,0,0.09618377
1,1,1,0.7235216
1,0,0,0.19816352
1,1,0,0.47016197
1,0,1,0.8788287
1,0,0,0.43602654
1,0,1,0.5800138
1,0,1,0.7261605
1,0,1,0.5912321
1,1,1,0.66827464
1,1,1,0.5530745
1,0,0,0.3193874
1,0,1,0.6756519
1,1,0,0.4481595
1,0,1,0.52060544
1,0,0,0.30347455
1,1,0,0.44910312
1,0,1,0.63792133
1,1,1,0.8114784
1,0,0,0.43907169
1,1,1,0.5887531
1,1,1,0.59798527
1,1,1,0.7284521
1,0,1,0.7659146
1,1,1,0.7658782
1,1,1,0.6364757
1,0,0,0.4815631
1,0,1,0.6979993
1,0,0,0.3066246
1,0,1,0.5572398
1,0,0,0.24476708
1,0,0,0.24453227
1,1,0,0.35736433
1,1,0,0.46239474
1,1,1,0.9520698
1,1,1,0.830035
1,0,0,0.46947277
1,0,1,0.7670102
1,0,1,0.55840653
1,1,1,0.7595112
1,1,1,0.53718245
1,1,1,0.8044625
1,0,1,0.7054174
1,0,1,0.5888134
1,1,1,0.7525845
1,1,1,0.8471719
1,0,0,0.4997999
1,0,1,0.6162116
1,1,1,0.8480904
1,0,1,0.8212151
1,1,1,0.78589433
1,1,1,0.6678157
1,1,0,0.47803566
1,0,1,0.5010604
1,1,1,0.59313786
1,1,1,0.70946753
1,0,0,0.39874518
1,1,1,0.64829856
1,0,0,0.48285192
1,1,1,0.53884935
1,1,1,0.6684497
1,0,1,0.6812759
1,0,1,0.7110951
1,0,0,0.1927909
1,1,0,0.43925402
1,0,1,0.5808564
1,0,0,0.49331704
1,0,0,0.21367134
1,1,1,0.690291
1,0,0,0.4102599
1,0,0,0.46545973
1,0,0,0.104739815
1,0,0,0.43967956
1,0,1,0.5630382
1,0,1,0.6303279
1,0,1,0.5518097
1,1,1,0.58712435
1,1,0,0.42609942
1,0,1,0.6196373
1,0,0,0.4515394
1,1,1,0.6638729
1,1,1,0.59196514
1,1,1,0.5526198
1,1,1,0.5577618
1,1,1,0.70392126
1,0,0,0.3754706
1,1,1,0.5376012
1,0,0,0.20516077
1,0,0,0.29263082
1,1,0,0.42160812
1,1,0,0.3879528
1,1,0,0.37528637
1,0,0,0.36813903
1,1,1,0.6080006
1,1,0,0.45391127
1,0,0,0.4331344
1,0,0,0.27561125
1,1,1,0.79962176
1,1,1,0.59431195
1,1,0,0.33742854
1,0,0,0.49689153
1,1,1,0.8052283
1,1,1,0.65398324
1,0,1,0.7371811
1,1,1,0.5520246
1,0,0,0.19555365
1,0,1,0.58067757
1,1,0,0.33208767
1,0,1,0.59905505
1,1,1,0.8180756
1,1,1,0.7100515
1,1,1,0.69727665
1,0,0,0.35662043
1,1,1,0.6471387
1,1,1,0.6229224
1,1,1,0.57959527
1,1,1,0.67018527
1,0,0,0.45667812
1,0,1,0.5529467
1,0,0,0.2854324
1,0,0,0.4219036
1,0,1,0.77496696
1,0,1,0.6233046
1,1,1,0.61286426
1,0,0,0.24955785
1,1,1,0.7714781
1,1,1,0.5080213
1,1,1,0.8143612
1,0,0,0.2794533
1,0,1,0.63330173
1,1,1,0.5978384
1,0,0,0.19800447
1,1,1,0.6390446
1,0,1,0.53047764
1,1,1,0.7705864
1,1,1,0.6458364
1,0,0,0.1530509
1,1,1,0.7016454
1,1,1,0.62403804
1,0,0,0.4091567
1,0,0,0.49774605
1,1,1,0.69532996
1,0,1,0.5150183
1,0,1,0.5853915
1,0,1,0.75467837
1,1,1,0.83172953
1,1,0,0.4814124
1,1,0,0.46451747
1,0,0,0.3143585
1,0,1,0.5175255
1,0,0,0.3853406
1,1,1,0.6406094
1,0,1,0.56758815
1,0,0,0.40330547
1,0,0,0.13315228
1,0,0,0.28466034
1,1,1,0.644101
1,1,1,0.69904983
1,1,0,0.23734471
1,0,0,0.35361078
1,0,0,0.38996306
1,0,0,0.37405342
1,1,0,0.36444753
1,1,0,0.45157397
1,0,0,0.26346228
1,0,0,0.25392327
1,1,0,0.45229232
1,0,0,0.18779327
1,0,1,0.54233265
1,1,0,0.44529787
1,1,1,0.7653197
1,0,0,0.2335384
1,0,1,0.59180105
1,0,0,0.083874226
1,1,1,0.51010543
1,0,0,0.28361773
1,1,1,0.6122212
1,0,1,0.6008693
1,0,0,0.36539572
1,0,1,0.73838234
1,0,0,0.13758296
1,0,0,0.18417172
1,0,0,0.4663142
1,1,0,0.26759622
1,0,0,0.117676005
1,0,0,0.30790514
1,0,0,0.49710238
1,1,1,0.7202234
1,1,1,0.8051805
1,0,0,0.37318206
1,0,0,0.27289006
1,1,1,0.5180515
1,0,0,0.24395546
1,0,0,0.3012135
1,1,1,0.8159171
1,1,1,0.6177271
1,1,1,0.8418824
1,0,1,0.55187666
1,1,1,0.5829152
1,1,0,0.4753515
1,1,1,0.5743135
1,1,1,0.50531197
1,0,0,0.3855295
1,0,1,0.50130194
1,0,1,0.5197322
1,0,1,0.52358717
1,1,1,0.52182543
1,0,1,0.55783445
1,0,0,0.22153723
1,1,1,0.6875311
1,1,1,0.72733086
1,0,1,0.57527655
1,1,0,0.4915294
1,0,1,0.6336447
1,0,1,0.5353804
1,1,0,0.27251425
1,0,1,0.5627128
1,0,1,0.6090471
1,0,1,0.61262256
1,1,0,0.32788596
1,0,0,0.4538757
1,1,1,0.83361405
1,1,1,0.7574997
1,1,1,0.7934014
1,0,1,0.7152067
1,0,1,0.7417427
1,1,1,0.56760687
1,0,1,0.6440567
1,0,1,0.7302807
1,1,1,0.733301
1,0,0,0.4739573
1,1,1,0.8556803
1,1,1,0.7951616
1,0,0,0.48663026
1,0,1,0.85998505
1,0,0,0.26739243
1,1,1,0.87791264
1,0,0,0.3785751
1,1,1,0.64738065
1,0,0,0.32580245
1,1,1,0.5895104
1,0,0,0.35730347
1,1,1,0.79801184
1,0,1,0.574051
1,1,1,0.56617534
1,1,1,0.6273844
1,0,1,0.7011332
1,1,1,0.739954
1,0,1,0.6623056
1,1,1,0.7374297
1,0,1,0.80839384
1,0,0,0.45836994
1,1,1,0.64674777
1,1,1,0.6252245
1,0,1,0.65926003
1,0,1,0.525419
1,0,0,0.2609995
1,1,0,0.4055654
1,0,1,0.69355756
1,1,1,0.7695449
1,1,1,0.76528585
1,1,1,0.60639817
1,0,0,0.4940683
1,0,0,0.22983815
1,0,1,0.52326506
1,1,1,0.6740845
1,1,1,0.77289516
1,1,0,0.4949454
1,0,0,0.4128158
1,0,1,0.59765404
1,1,1,0.80546427
1,1,1,0.6982829
1,0,1,0.61955094
1,0,1,0.63260347
1,1,1,0.58190155
1,0,1,0.6434112
1,0,1,0.52555424
1,0,1,0.82404596
1,1,1,0.5179371
1,1,0,0.42888576
1,1,0,0.27975026
1,0,0,0.4543611
1,0,1,0.54122174
1,0,0,0.25034195
1,0,0,0.49590546
1,1,0,0.47154438
1,0,0,0.42716578
1,1,0,0.36113378
1,1,1,0.7866205
1,0,0,0.39440632
1,0,0,0.414033
1,0,0,0.35785213
1,1,1,0.6606815
1,1,1,0.5539618
1,0,0,0.42429504
1,1,1,0.715228
1,0,0,0.12744541
1,0,1,0.6880296
1,0,1,0.5800662
1,0,1,0.50678736
1,1,1,0.69682014
1,0,0,0.38284147
1,0,1,0.5322186
1,1,1,0.6144431
1,1,1,0.75031066
1,0,1,0.6041376
1,0,0,0.39197305
1,1,1,0.6204209
1,1,1,0.7959227
1,1,1,0.76877975
1,0,1,0.57054836
1,0,1,0.69982374
1,1,1,0.69548106
1,0,0,0.3812672
1,0,0,0.30026647
1,1,0,0.24912849
1,0,0,0.46544728
1,1,1,0.74800396
1,0,0,0.4007912
1,1,1,0.7836558
1,1,1,0.5634408
1,0,0,0.14823784
1,0,0,0.35029665
1,0,0,0.3144406
1,0,0,0.42855015
1,1,1,0.7864679
1,1,1,0.5637471
1,0,0,0.37663084
1,0,0,0.4458834
1,0,1,0.59895355
1,1,1,0.70165426
1,1,1,0.6675061
1,1,1,0.76084536
1,0,0,0.1690158
1,0,0,0.39255342
1,0,1,0.66038716
1,1,1,0.6284227
1,0,0,0.40140715
1,0,0,0.34748352
1,0,1,0.57817084
1,1,1,0.60498273
1,1,1,0.8675929
1,1,1,0.5691992
1,1,1,0.5327185
1,0,1,0.5582738
1,0,1,0.6782898
1,0,1,0.5885014
1,1,0,0.46614325
1,1,0,0.16590756
1,0,0,0.48192602
1,0,0,0.48317546
1,1,1,0.6368304
1,1,1,0.8212528
1,0,1,0.52396065
1,1,1,0.6695854
1,1,1,0.64489156
1,1,1,0.8597465
1,0,0,0.3072595
1,0,1,0.767464
1,0,1,0.5588116
1,0,0,0.4501835
1,0,1,0.506574
1,1,1,0.75023973
1,1,1,0.6924949
1,0,1,0.5910964
1,1,1,0.5690776
1,1,1,0.5121583
1,1,1,0.7770839
1,0,1,0.5376413
1,1,1,0.6926834
1,0,0,0.43120316
1,0,0,0.31647852
1,0,0,0.2930466
1,0,0,0.49324524
1,1,1,0.5304065
1,1,1,0.6382026
1,0,0,0.1821806
1,1,1,0.6784734
1,1,1,0.8674265
1,1,1,0.66112465
1,1,1,0.50345683
1,0,1,0.5039446
1,0,1,0.6226315
1,0,0,0.43997923
1,0,0,0.4713411
1,1,0,0.24473567
1,1,1,0.6946353
1,0,1,0.5581539
1,1,0,0.45865345
1,0,1,0.5302626
1,0,1,0.54031247
1,0,0,0.097602494
1,1,1,0.74196
1,1,0,0.46765777
1,0,1,0.5797554
1,0,1,0.5644474
1,1,1,0.5237351
1,0,1,0.74498826
1,0,1,0.84368515
1,1,1,0.6959534
1,0,1,0.6053669
1,1,1,0.7487423
1,1,1,0.63437533
1,1,1,0.50905967
1,0,1,0.5322266
1,0,0,0.36351085
1,0,0,0.42603758
1,0,0,0.44038227
1,0,1,0.69953686
1,1,1,0.78728527
1,1,1,0.6740865
1,1,1,0.7806326
1,0,1,0.58819574
1,1,0,0.46832028
1,0,1,0.6523426
1,0,0,0.35641894
1,0,1,0.6161662
1,1,1,0.86401254
1,0,0,0.39373848
1,1,1,0.6690063
1,1,1,0.57043326
1,1,1,0.50759065
1,0,0,0.40653557
1,0,1,0.52785313
1,0,1,0.6794949
1,1,1,0.8236284
1,1,1,0.7614549
1,0,1,0.5450925
1,1,0,0.37597075
1,1,1,0.54126066
1,0,0,0.36916262
1,1,0,0.36324745
1,0,0,0.12536633
1,0,1,0.53177404
1,0,1,0.55482095
1,0,1,0.6157837
1,1,1,0.7007555
1,1,1,0.6170674
1,1,1,0.66693795
1,1,1,0.6113717
1,0,0,0.47233573
1,0,1,0.63246405
1,1,1,0.5911487
1,0,0,0.47321194
1,1,1,0.60430413
1,0,1,0.6748685
1,0,1,0.5689077
1,0,1,0.6395398
1,0,1,0.79210466
1,0,1,0.65647
1,0,1,0.58115727
1,1,1,0.64674026
1,1,1,0.72660583
1,0,0,0.38709787
1,1,1,0.5176804
1,1,1,0.6226436
1,1,1,0.7805763
1,0,1,0.6252305
1,0,1,0.62583816
1,0,1,0.64081603
1,1,1,0.85465324
1,1,1,0.71547896
1,0,1,0.8363762
1,1,0,0.49852076
1,0,1,0.789721
1,0,0,0.14200991
1,1,1,0.7997171
1,0,1,0.6437819
1,1,0,0.25119182
1,1,0,0.40446788
1,1,1,0.72809285
1,0,0,0.19328438
1,0,0,0.21859245
1,1,1,0.6599795
1,0,0,0.33757183
1,1,1,0.5413779
1,0,1,0.60521734
1,1,1,0.9154851
1,1,1,0.679159
1,0,0,0.49892074
1,1,1,0.7084504
1,1,1,0.7866097
1,0,0,0.25614056
1,1,1,0.6290749
1,0,0,0.42348635
1,0,0,0.17938693
1,1,1,0.7167775
1,1,1,0.66912633
1,1,1,0.58885056
1,0,1,0.6280145
1,0,1,0.7849446
1,0,0,0.48376513
1,0,0,0.4433259
1,0,1,0.5002489
1,0,0,0.41198757
1,0,0,0.14346436
1,0,1,0.67370456
1,1,1,0.80159557
1,1,1,0.6217035
1,1,1,0.57188845
1,0,1,0.6211016
1,1,0,0.46494222
1,0,0,0.24663074
1,1,0,0.27219772
1,1,0,0.32662967
1,1,1,0.72703576
1,1,1,0.72469085
1,1,0,0.44318196
1,0,1,0.5515167
1,0,1,0.6406447
1,1,1,0.5690076
1,0,0,0.3156464
1,0,0,0.23698026
1,0,1,0.5666038
1,0,0,0.43757004
1,1,1,0.5402907
1,1,1,0.9324486
1,1,1,0.7537796
1,1,1,0.7855851
1,0,1,0.68709344
1,1,1,0.6409678
1,0,1,0.77464706
1,0,1,0.7141377
1,0,1,0.5365532
1,1,1,0.61477864
1,1,1,0.76609033
1,0,1,0.61427796
1,0,1,0.6616571
1,1,1,0.7879973
1,0,1,0.8256757
1,1,1,0.54611164
1,1,1,0.6903524
1,1,1,0.64331454
1,0,0,0.4116123
1,1,1,0.6222721
1,1,1,0.68683606
1,0,1,0.7015935
1,1,0,0.4703746
1,1,1,0.9291625
1,1,0,0.3981309
1,0,1,0.67057014
1,1,0,0.45584542
1,1,1,0.64157975
1,0,1,0.74306786
1,0,0,0.32411566
1,0,1,0.79892814
1,1,1,0.6944014
1,0,1,0.7537796
1,0,0,0.4278306
1,1,1,0.6568205
1,1,1,0.65378374
1,1,1,0.6937287
1,1,1,0.69426465
1,0,1,0.5403384
1,1,0,0.42197928
1,1,1,0.6348405
1,1,1,0.872714
1,1,1,0.6818206
1,1,1,0.741689
1,0,0,0.38649896
1,0,1,0.79796684
1,1,1,0.71147954
1,0,0,0.4167634
1,1,1,0.74042976
1,0,1,0.7415423
1,0,1,0.57498366
1,0,0,0.2127104
1,0,0,0.4935233
1,1,1,0.9168454
1,1,1,0.63860214
1,0,0,0.45055336
1,0,1,0.8122416
1,0,1,0.63809997
1,1,1,0.71952266
1,0,1,0.71054345
1,1,1,0.89065886
1,0,1,0.62942374
1,1,1,0.7338182
1,0,1,0.5148181
1,1,1,0.91851455
1,1,1,0.68556386
1,0,1,0.6168618
1,1,1,0.85145456
1,1,1,0.6510569
1,0,0,0.29642275
1,0,1,0.7430314
1,1,1,0.8058478
1,0,0,0.40300074
1,0,1,0.6545272
1,0,0,0.45753697
1,1,1,0.73142385
1,0,1,0.69721997
1,1,1,0.7555527
1,0,1,0.6326119
1,0,1,0.69088215
1,1,1,0.8345661
1,0,0,0.48801535
1,1,1,0.5304953
1,0,1,0.6788303
1,0,1,0.59683716
1,0,1,0.53363353
1,0,0,0.47353873
1,0,1,0.55611384
1,1,1,0.6297479
1,1,1,0.7846595
1,1,1,0.67348695
1,1,1,0.7758595
1,0,0,0.432724
1,0,0,0.029014405
1,1,1,0.73851556
1,0,1,0.5706114
1,1,0,0.19804902
1,0,1,0.6754441
1,1,0,0.4625946
1,0,1,0.61762947
1,1,1,0.88712126
1,1,1,0.5947542
1,1,1,0.66345066
1,1,1,0.5874398
1,0,0,0.37676612
1,0,1,0.60244787
1,0,0,0.3396568
1,0,0,0.39341506
1,1,1,0.8084548
1,1,1,0.5548941
1,0,0,0.2842897
1,1,1,0.5424608
1,0,1,0.5771949
1,0,0,0.4697052
1,1,1,0.66686755
1,0,1,0.66238576
1,0,1,0.6470491
1,0,1,0.58476174
1,1,1,0.52989155
1,1,1,0.6139973
1,0,1,0.6484093
1,1,1,0.6521727
1,1,0,0.43932274
1,0,0,0.44123098
1,1,0,0.44209415
1,0,1,0.64186025
1,0,1,0.5742386
1,0,0,0.16960874
1,1,1,0.6404851
1,0,0,0.28068632
1,0,1,0.5753916
1,1,1,0.7336986
1,0,1,0.6315027
1,0,1,0.5678389
1,0,0,0.28351194
1,1,1,0.88646215
1,1,1,0.84056544
1,0,1,0.50672877
1,1,1,0.5283639
1,0,1,0.72125596
1,0,1,0.5225775
1,0,1,0.68684024
1,1,1,0.739323
1,0,1,0.78476846
1,0,1,0.69820994
1,1,0,0.4315599
1,0,1,0.5945639
1,0,0,0.11135388
1,1,1,0.6575866
1,1,1,0.64444095
1,0,0,0.2747506
1,0,1,0.57599205
1,0,0,0.37055612
1,1,1,0.6188095
1,1,0,0.4689728
1,0,0,0.37940434
1,1,1,0.50658727
1,0,0,0.43460464
1,0,1,0.6054864
1,1,1,0.8833978
1,1,1,0.808431
1,1,1,0.59058124
1,0,0,0.46154588
1,1,1,0.76416636
1,1,0,0.41011536
1,1,1,0.73806566
1,0,0,0.41720036
1,0,0,0.34480488
1,1,1,0.6989859
1,1,1,0.6289356
1,0,0,0.4327211
1,0,0,0.11877997
1,0,0,0.29513222
1,1,1,0.680043
1,1,0,0.4443903
1,0,0,0.29206285
1,1,1,0.77908486
1,0,0,0.34631726
1,1,0,0.36742118
1,0,0,0.34375477
1,0,1,0.5408248
1,0,1,0.602805
1,0,0,0.36815584
1,0,0,0.46321017
1,1,1,0.77454937
1,1,1,0.6898695
1,1,0,0.22251871
1,0,1,0.6238742
1,1,0,0.28829542
1,0,1,0.6576404
1,0,1,0.65013725
1,0,0,0.31477845
1,1,1,0.56675225
1,1,0,0.37659308
1,0,0,0.37958124
1,0,0,0.40574968
1,0,0,0.2543642
1,1,1,0.87121916
1,0,1,0.6463125
1,0,1,0.5697993
1,0,0,0.49933842
1,1,1,0.7937286
1,0,1,0.64077806
1,0,0,0.22707714
1,0,1,0.64916784
1,0,1,0.5837949
1,1,1,0.5140746
1,1,1,0.7171212
1,1,1,0.6318161
1,1,1,0.7079955
1,1,0,0.34024495
1,1,1,0.84831554
1,1,1,0.65030813
1,0,1,0.5942878
1,0,0,0.45923784
1,0,0,0.4050936
1,1,1,0.61426884
1,1,1,0.729547
1,0,1,0.6894909
1,0,1,0.5576609
1,1,1,0.8833639
1,1,1,0.80136555
1,0,0,0.35722086
1,0,1,0.5077345
1,0,1,0.5273145
1,1,1,0.6352642
1,0,1,0.754726
1,1,1,0.792925
1,0,0,0.3573077
1,1,1,0.75661564
1,1,1,0.8100917
1,1,1,0.7322681
1,0,0,0.16717061
1,0,1,0.598899
1,0,0,0.30781454
1,1,1,0.8547747
1,0,0,0.3388064
1,1,1,0.5909558
1,0,0,0.39006263
1,0,1,0.6170994
1,1,1,0.5790509
1,0,0,0.4967346
1,1,0,0.35829267
1,0,1,0.59540844
1,0,0,0.24314456
1,0,0,0.2707862
1,0,0,0.48645246
1,0,0,0.4509181
1,1,1,0.5941234
1,1,0,0.3695428
1,0,0,0.46454978
1,1,0,0.26097533
1,1,1,0.5778536
1,0,0,0.2115449
1,1,1,0.83651453
1,1,1,0.6680109
1,0,0,0.17365476
1,1,1,0.58903915
1,0,0,0.29739344
1,1,1,0.58914244
1,0,1,0.5260198
1,0,0,0.2289906
1,0,0,0.37492484
1,0,0,0.48046026
1,0,0,0.32101947
1,0,0,0.12732017
1,1,1,0.6398746
1,1,1,0.74061847
1,0,0,0.32826227
1,1,1,0.76808316
1,1,1,0.57862055
1,1,1,0.77002126
1,1,1,0.7673854
1,0,1,0.57044405
1,1,0,0.47081557
1,1,1,0.51342016
1,0,0,0.26407158
1,0,1,0.5489897
1,1,1,0.5525549
1,0,1,0.52939737
1,1,1,0.55591404
1,0,1,0.5381887
1,0,0,0.4143886
1,0,1,0.6702254
1,0,1,0.73348546
1,1,1,0.7587019
1,1,1,0.7697454
1,0,0,0.28660834
1,1,1,0.67275554
1,0,1,0.66816497
1,1,1,0.6706231
1,0,0,0.49758467
1,1,0,0.43951163
1,0,0,0.4986323
1,1,1,0.66565585
1,1,1,0.64758897
1,1,1,0.5036822
1,1,1,0.81683725
1,0,1,0.52598304
1,0,0,0.3114925
1,1,1,0.71767384
1,0,0,0.44755316
1,1,1,0.6322257
1,0,1,0.5924647
1,1,1,0.7541618
1,1,1,0.69298065
1,0,1,0.7076697
1,1,1,0.7934647
1,1,1,0.64583105
1,0,0,0.4993029
1,0,1,0.56144994
1,0,1,0.5867478
1,1,1,0.6281935
1,1,1,0.6714479
1,0,0,0.41855907
1,1,1,0.6938809
1,0,1,0.55514485
1,1,0,0.4611068
1,1,1,0.5280953
1,0,1,0.59299767
1,0,1,0.7145292
1,1,0,0.29995018
1,0,0,0.25003657
1,0,1,0.67482406
1,0,0,0.45021334
1,1,1,0.81770897
1,0,0,0.44134322
1,1,1,0.72634625
1,1,1,0.56688255
1,0,1,0.77420896
1,1,1,0.5778398
1,0,0,0.42607692
1,1,1,0.6705805
1,0,0,0.41865423
1,0,0,0.4717603
1,0,0,0.38293532
1,1,1,0.5566137
1,1,1,0.7494873
1,1,1,0.6486345
1,1,1,0.72850496
1,1,1,0.69475657
1,0,0,0.17628512
1,1,1,0.56606394
1,0,0,0.13867283
1,1,1,0.6170056
1,0,0,0.31320527
1,0,1,0.5149331
1,1,1,0.55460227
1,0,0,0.27496403
1,0,0,0.39164227
1,1,1,0.8073307
1,0,1,0.556945
1,0,0,0.43161526
1,1,1,0.66045904
1,1,1,0.5617617
1,1,1,0.600147
1,0,1,0.5025201
1,1,0,0.19866095
1,0,0,0.20095211
1,0,1,0.53450835
1,0,0,0.3426065
1,0,0,0.2913009
1,1,1,0.5436345
1,0,1,0.6156613
1,1,1,0.5957071
1,0,0,0.28633663
1,1,1,0.6969921
1,1,1,0.5197422
1,0,0,0.1764892
1,1,1,0.50962204
1,0,1,0.5124476
1,0,1,0.6161412
1,0,1,0.6859155
1,1,1,0.8596247
1,0,0,0.49885502
1,0,1,0.52860427
1,1,1,0.7662736
1,1,0,0.44839424
1,1,1,0.6587509
1,0,1,0.8193261
1,1,1,0.7849983
1,0,0,0.42617178
1,0,0,0.4682849
1,1,0,0.42587897
1,0,0,0.35387495
1,1,1,0.7659072
1,0,0,0.24539678
1,1,1,0.6884083
1,0,1,0.63550246
1,0,0,0.44887543
1,1,1,0.71848613
1,0,1,0.6242287
1,1,1,0.66875434
1,1,1,0.6895542
1,0,1,0.5706233
1,1,0,0.44640863
1,1,1,0.61517894
1,1,1,0.540013
1,1,0,0.41520298
1,0,0,0.43414176
1,0,0,0.3963753
1,0,1,0.56679416
1,0,0,0.2995931
1,0,1,0.66775703
1,1,1,0.7510576
1,1,1,0.5697346
1,0,1,0.8110391
1,1,1,0.7085574
1,0,0,0.23786952
1,1,1,0.84440833
1,0,0,0.47010863
1,1,0,0.4169108
1,0,0,0.14471348
1,0,0,0.4131214
1,1,0,0.45234755
1,0,0,0.45098272
1,1,1,0.7090655
1,0,1,0.5306188
1,0,0,0.2611502
1,1,1,0.8960178
1,1,1,0.86062163
1,0,1,0.5774073
1,1,0,0.48382866
1,1,1,0.5968193
1,0,1,0.6826411
1,0,0,0.32901183
1,0,0,0.2921403
1,1,1,0.5735011
1,1,1,0.64433664
1,0,1,0.769752
1,0,0,0.08488697
1,0,0,0.17729634
1,0,1,0.65028185
1,1,1,0.518121
1,0,0,0.22996685
1,1,0,0.33567742
1,0,0,0.2833615
1,0,0,0.30796415
1,1,1,0.5966742
1,0,1,0.6034125
1,1,0,0.44680104
1,0,0,0.31469646
1,0,1,0.5801886
1,1,0,0.3163885
1,0,0,0.22210294
1,0,0,0.27239865
1,1,0,0.40651846
1,0,0,0.3604868
1,0,0,0.27156696
1,0,0,0.26039088
1,1,0,0.3992329
1,0,0,0.46438178
1,0,0,0.2990208
1,0,1,0.5722552
1,0,1,0.51618266
1,1,1,0.6393149
1,0,1,0.5073499
1,1,0,0.48587632
1,1,1,0.60807186
1,0,0,0.44751322
1,1,1,0.7014442
1,1,1,0.6999268
1,0,1,0.7942583
1,1,0,0.35928795
1,1,1,0.8199607
1,1,1,0.5499176
1,1,1,0.7108515
1,0,0,0.43472704
1,1,1,0.70513904
1,0,1,0.55500805
1,0,1,0.602158
1,1,0,0.42062882
1,1,1,0.59956545
1,0,0,0.4687192
1,0,0,0.3385389
1,0,0,0.22464292
1,0,1,0.5542233
1,0,0,0.48557112
1,0,0,0.46769205
1,1,1,0.85551536
1,1,1,0.6081124
1,0,0,0.35396224
1,1,0,0.45847473
1,1,1,0.55794346
1,0,1,0.63578564
1,0,1,0.5339686
1,0,0,0.3571508
1,0,1,0.50139844
1,1,1,0.85327905
1,0,0,0.4548103
1,0,0,0.28558642
1,0,1,0.7495906
1,1,1,0.79143506
1,0,0,0.36119926
1,1,0,0.3692241
1,0,1,0.58446985
1,1,1,0.5899171
1,1,1,0.71196866
1,0,1,0.6255548
1,0,0,0.37150818
1,1,1,0.91455454
1,1,1,0.61919457
1,1,1,0.7016448
1,0,1,0.60112774
1,0,1,0.86248374
1,0,0,0.48836982
1,1,1,0.5389975
1,1,1,0.6873643
1,1,1,0.81003195
1,0,0,0.2986254
1,1,1,0.81598806
1,1,1,0.67275465
1,1,0,0.4754131
1,1,1,0.78469896
1,0,1,0.83688825
1,0,0,0.23347618
1,1,1,0.7985103
1,0,0,0.49295586
1,0,1,0.5601182
1,0,0,0.24999817
1,1,0,0.31258258
1,1,1,0.7222854
1,0,0,0.4850451
1,0,0,0.17068322
1,0,1,0.50913817
1,0,1,0.76754636
1,1,1,0.7534393
1,1,0,0.35508022
1,0,1,0.57040876
1,0,0,0.45729244
1,1,1,0.76320785
1,0,1,0.6410811
1,0,0,0.47264543
1,0,0,0.26667932
1,1,1,0.5266066
1,0,0,0.35417524
1,1,1,0.53903854
1,0,0,0.2833615
1,0,0,0.30796415
1,1,0,0.48452035
1,1,0,0.37974706
1,1,1,0.6629598
1,0,0,0.3191086
1,0,0,0.21989843
1,1,1,0.5841226
1,1,1,0.7298691
1,0,1,0.67423487
1,0,0,0.3227154
1,0,0,0.4763799
1,1,1,0.63131726
1,0,0,0.4576447
1,0,1,0.59285563
1,0,0,0.4415908
1,1,1,0.67797965
1,1,1,0.7053832
1,0,1,0.5298676
1,1,1,0.79492676
1,0,0,0.13379318
1,0,0,0.43191516
1,1,1,0.51903594
1,0,0,0.4106937
1,0,0,0.4681195
1,0,0,0.4503061
1,0,0,0.2634576
1,0,1,0.6225383
1,1,0,0.47411215
1,1,1,0.65463895
1,1,1,0.5453504
1,0,1,0.64518225
1,0,1,0.81349
1,1,1,0.5903204
1,1,1,0.8126997
1,1,0,0.48355204
1,1,0,0.46471918
1,1,1,0.59513444
1,0,0,0.38319427
1,0,0,0.39268854
1,0,0,0.21053512
1,0,1,0.55856997
1,0,0,0.36292922
1,1,0,0.11025586
1,0,0,0.26774687
1,1,1,0.7579222
1,0,0,0.48501974
1,0,0,0.30270705
1,1,1,0.6097573
1,0,0,0.14576665
1,0,0,0.3086044
1,0,0,0.30734345
1,0,0,0.44677046
1,1,0,0.45606044
1,1,1,0.50660676
1,1,0,0.3847677
1,1,1,0.50523233
1,0,0,0.15416011
1,1,1,0.86502826
1,0,1,0.6017702
1,1,1,0.7250543
1,1,1,0.71009874
1,1,1,0.67698634
1,0,1,0.6321092
1,1,1,0.7095095
1,0,0,0.49401426
1,1,1,0.7745959
1,1,1,0.86774194
1,0,1,0.7519746
1,1,1,0.60446036
1,0,1,0.6533101
1,0,0,0.35046545
1,1,1,0.71637094
1,0,1,0.61432296
1,1,1,0.5922537
1,1,1,0.6012943
1,0,1,0.6337141
1,1,1,0.69598633
1,1,1,0.69242847
1,0,0,0.2939209
1,0,1,0.53145385
1,0,0,0.4736005
1,1,1,0.8096281
1,1,1,0.7063142
1,1,1,0.635819
1,1,1,0.8379553
1,0,1,0.6190706
1,0,0,0.17335321
1,0,1,0.6742205
1,0,0,0.36881092
1,0,0,0.4038423
1,1,1,0.5077143
1,0,0,0.3891267
1,0,0,0.44379166
1,0,1,0.6757589
1,1,1,0.7284139
1,1,1,0.54156613
1,0,1,0.6484658
1,1,0,0.19427563
1,0,0,0.3128962
1,0,0,0.23831159
1,0,0,0.19721429
1,0,0,0.30351457
1,1,1,0.7791419
1,1,1,0.5412066
1,0,0,0.34254348
1,1,0,0.4707565
1,1,0,0.41036323
1,0,0,0.3236429
1,0,0,0.3903272
1,0,1,0.5994853
1,0,0,0.4261586
1,0,1,0.8196917
1,1,1,0.65555024
1,0,0,0.37290648
1,0,1,0.6271372
1,0,1,0.60175973
1,1,1,0.6800967
1,1,0,0.19394125
1,0,0,0.3220877
1,0,1,0.58208126
1,1,0,0.32507044
1,0,0,0.30157855
1,1,0,0.37738234
1,1,1,0.6278911
1,1,1,0.5173432
1,0,0,0.2981726
1,1,1,0.5378709
1,1,1,0.6076247
1,0,1,0.6978856
1,0,0,0.26334164
1,0,0,0.48465073
1,0,0,0.41125357
1,0,0,0.21491244
1,0,1,0.650202
1,1,1,0.6833448
1,0,0,0.27949432
1,0,0,0.2799616
1,1,1,0.80812025
1,0,0,0.1554363
1,0,0,0.45888695
1,0,0,0.16416083
1,1,1,0.57127017
1,1,1,0.5063379
1,0,0,0.41424394
1,1,1,0.5925622
1,1,0,0.3828094
1,1,1,0.5810808
1,1,1,0.5348095
1,0,0,0.35659918
1,0,0,0.17912236
1,1,0,0.30113712
1,1,1,0.8107688
1,1,1,0.5674969
1,0,1,0.64761055
1,0,0,0.35667762
1,1,1,0.7271439
1,1,0,0.43846235
1,1,1,0.74399
1,1,1,0.6168844
1,1,1,0.76776505
1,0,0,0.4964565
1,0,1,0.75262356
1,0,1,0.62810826
1,1,1,0.52199626
1,0,1,0.8077004
1,1,1,0.5520117
1,1,0,0.4123728
1,1,1,0.6532328
1,1,0,0.4889377
1,0,0,0.44775584
1,0,0,0.45640764
1,0,0,0.33659613
1,1,0,0.3450348
1,0,0,0.20264795
1,1,1,0.67304695
1,1,1,0.57387125
1,0,0,0.279871
1,0,1,0.608842
1,0,0,0.39995492
1,0,1,0.53130496
1,1,1,0.84575677
1,1,1,0.65996397
1,1,1,0.66497505
1,1,0,0.45298988
1,0,0,0.41296718
1,0,0,0.4954264
1,1,1,0.7275172
1,0,1,0.7196797
1,1,0,0.29310602
1,0,1,0.5578464
1,1,1,0.64675695
1,0,0,0.46773025
1,0,1,0.51827216
1,0,0,0.3994337
1,0,0,0.3874834
1,0,0,0.16825101
1,1,1,0.73042
1,1,1,0.6304597
1,1,0,0.2531385
1,0,0,0.42681855
1,1,0,0.24013613
1,1,0,0.35394797
1,1,0,0.45996657
1,1,1,0.65380496
1,0,0,0.48741385
1,1,1,0.6146813
1,0,0,0.27313545
1,0,0,0.09036947
1,1,0,0.26183042
1,0,0,0.18997794
1,0,0,0.16531259
1,0,0,0.08453326
1,0,0,0.4601119
1,0,0,0.3392633
1,1,0,0.36315817
1,0,0,0.2347171
1,1,1,0.7448571
1,0,0,0.29700255
1,0,1,0.71977
1,1,0,0.3168453
1,1,1,0.8602791
1,0,1,0.5433971
1,0,0,0.3929349
1,1,1,0.7371086
1,1,0,0.43614477
1,0,0,0.1604378
1,0,1,0.54056585
1,1,0,0.38153452
1,1,1,0.8178035
1,0,0,0.19523966
1,0,0,0.19041558
1,0,1,0.50473535
1,0,0,0.37964085
1,1,1,0.6877103
1,0,0,0.48460218
1,1,1,0.5745641
1,1,1,0.52204317
1,0,0,0.3524893
1,1,0,0.25231817
1,0,1,0.7520292
1,0,0,0.10289332
1,0,1,0.5478882
1,0,0,0.40923586
1,0,1,0.54554665
1,1,0,0.47208425
1,1,0,0.4864182
1,0,0,0.101388216
1,1,1,0.55552846
1,1,0,0.29677054
1,0,1,0.5511992
1,0,0,0.4628708
1,1,0,0.45144632
1,0,0,0.12814924
1,1,1,0.6913583
1,1,1,0.66431314
1,0,0,0.46195507
1,1,1,0.6145929
1,1,1,0.66682357
1,0,0,0.37367117
1,1,1,0.6786102
1,0,0,0.103769116
1,0,1,0.5081179
1,0,0,0.4248687
1,1,1,0.61310583
1,1,1,0.65965766
1,1,1,0.82650846
1,1,1,0.7259421
1,0,1,0.6187265
1,0,1,0.8691066
1,1,1,0.82775915
1,0,1,0.6186753
1,0,1,0.7628254
1,1,1,0.7987439
1,0,1,0.7874366
1,0,1,0.682934
1,1,1,0.7141606
1,0,1,0.80461586
1,1,1,0.6310343
1,0,0,0.39344645
1,1,1,0.61532193
1,1,1,0.7633458
1,0,1,0.51167154
1,1,0,0.36393943
1,0,0,0.25386783
1,1,0,0.19992703
1,1,0,0.4164731
1,0,1,0.6692849
1,0,1,0.61184496
1,0,1,0.699458
1,1,1,0.8070766
1,1,1,0.6350152
1,0,1,0.521871
1,0,1,0.51763904
1,1,0,0.36991817
1,0,0,0.46971217
1,0,0,0.43169188
1,0,0,0.39144254
1,1,1,0.6955471
1,0,1,0.5066035
1,1,0,0.48815933
1,0,1,0.5111212
1,1,1,0.52251744
1,0,0,0.48130915
1,0,0,0.21341218
1,1,1,0.74855816
1,0,1,0.7738867
1,0,1,0.5018361
1,1,0,0.46371567
1,0,1,0.57558906
1,1,1,0.7494586
1,0,1,0.50687206
1,0,1,0.5316248
1,1,1,0.70500326
1,0,1,0.572487
1,1,0,0.4216858
1,1,1,0.5986106
1,1,1,0.7013027
1,1,1,0.7565366
1,1,1,0.5576243
1,0,0,0.4827681
1,0,0,0.22666496
1,1,1,0.60534155
1,1,0,0.44235802
1,1,1,0.6709549
1,1,1,0.57712674
1,1,1,0.60184085
1,1,1,0.63971984
1,0,1,0.6828938
1,0,1,0.9077474
1,1,0,0.3215536
1,1,1,0.6813805
1,1,0,0.45925283
1,1,0,0.488284
1,1,1,0.5267126
1,0,0,0.36529148
1,0,1,0.52118456
1,0,0,0.28138638
1,1,1,0.86580795
1,1,1,0.63413733
1,1,1,0.7892343
1,1,1,0.75271577
1,1,1,0.6248951
1,0,0,0.39655727
1,0,1,0.7088838
1,0,1,0.5763541
1,0,1,0.5211877
1,0,0,0.33811882
1,0,1,0.629791
1,1,1,0.62552315
1,1,1,0.8895533
1,1,1,0.70076257
1,0,0,0.29197603
1,1,1,0.51804477
1,0,0,0.21804589
1,1,1,0.7402302
1,1,1,0.5547116
1,0,0,0.28313324
1,0,0,0.1372645
1,1,1,0.57391006
1,0,0,0.20076954
1,0,0,0.36063388
1,0,1,0.5501573
1,1,1,0.8210485
1,1,0,0.38938147
1,0,0,0.36790925
1,1,1,0.59946185
1,0,0,0.1187332
1,0,1,0.6888434
1,0,1,0.59760755
1,0,0,0.3112046
1,0,1,0.8132937
1,1,1,0.6775258
1,0,0,0.48938137
1,0,1,0.7139493
1,0,1,0.5768586
1,1,1,0.63442487
1,1,1,0.59953225
1,1,1,0.7420973
1,1,1,0.7519599
1,1,1,0.80379254
1,0,1,0.6897328
1,0,1,0.66796154
1,1,1,0.6584193
1,1,1,0.9015212
1,0,1,0.67587185
1,1,1,0.66203207
1,1,1,0.50755775
1,1,1,0.73625636
1,0,1,0.80037045
1,1,1,0.6613647
1,0,1,0.7839826
1,1,1,0.6677738
1,0,0,0.48448244
1,0,1,0.54566705
1,0,1,0.7977515
1,0,0,0.24480751
1,0,1,0.72479326
1,1,1,0.8292155
1,0,1,0.78518116
1,0,1,0.6148536
1,1,1,0.74036616
1,0,0,0.45820412
1,1,1,0.6316183
1,0,1,0.64884144
1,1,1,0.56094617
1,1,1,0.76852006
1,0,0,0.46152183
1,1,1,0.70502317
1,1,1,0.6707492
1,1,1,0.6733747
1,0,0,0.28984037
1,0,1,0.67646986
1,1,1,0.70228606
1,0,1,0.61463666
1,1,1,0.7119228
1,1,0,0.37069032
1,1,1,0.5662957
1,1,1,0.6233439
1,0,0,0.12480551
1,0,0,0.24827145
1,1,1,0.51838374
1,0,1,0.5969818
1,0,0,0.4636617
1,0,0,0.21607696
1,1,1,0.94333327
1,0,0,0.43506196
1,1,1,0.84926873
1,1,1,0.7709517
1,1,1,0.70172966
1,0,1,0.5265914
1,0,1,0.52249414
1,0,0,0.26729274
1,0,0,0.1893652
1,0,1,0.6644961
1,1,1,0.8070903
1,0,1,0.7854523
1,1,1,0.7942112
1,0,0,0.42354047
1,0,0,0.26921937
1,0,0,0.29857752
1,0,1,0.57558554
1,0,1,0.60917956
1,1,1,0.67968845
1,1,1,0.6016382
1,1,1,0.66257596
1,1,1,0.7016805
1,0,0,0.39578766
1,0,1,0.6991218
1,0,0,0.34681192
1,1,0,0.4142271
1,1,1,0.8053431
1,0,0,0.42928192
1,1,1,0.71625805
1,0,1,0.61650395
1,1,1,0.5586735
1,0,1,0.63723165
1,1,1,0.64369655
1,0,1,0.6753538
1,0,1,0.62965727
1,1,1,0.69687873
1,1,1,0.91616285
1,1,1,0.6810129
1,1,1,0.6258735
1,1,0,0.4239383
1,1,1,0.58968943
1,0,1,0.70605093
1,0,0,0.28005648
1,1,1,0.8089501
1,0,0,0.28113577
1,0,1,0.6016414
1,0,1,0.71699536
1,1,1,0.77770764
1,0,1,0.73834217
1,0,0,0.44654074
1,1,0,0.1850397
1,1,1,0.51040775
1,0,0,0.23320615
1,1,1,0.5624747
1,1,1,0.88625777
1,0,1,0.65758884
1,0,1,0.50362587
1,0,1,0.57303715
1,0,0,0.15932287
1,0,1,0.56784797
1,1,1,0.5251974
1,1,1,0.58191675
1,0,0,0.2876052
1,1,0,0.40976226
1,1,1,0.64370906
1,1,1,0.77415395
1,0,1,0.72943884
1,0,0,0.35144296
1,0,1,0.7725704
1,1,1,0.8765492
1,0,1,0.7137958
1,0,1,0.78499067
1,0,0,0.34352857
1,0,1,0.58007294
1,1,1,0.624486
1,1,1,0.7802571
1,1,1,0.653142
1,0,1,0.6085573
1,0,0,0.4580786
1,1,1,0.8803881
1,1,1,0.7000225
1,1,0,0.23346435
1,1,1,0.6216609
1,0,0,0.48529345
1,1,1,0.76957744
1,0,1,0.5870771
1,0,0,0.4819302
1,0,0,0.23101126
1,1,0,0.22936326
1,1,1,0.83955556
1,0,0,0.4605114
1,0,0,0.076043926
1,1,1,0.51519245
1,0,0,0.25810838
1,1,1,0.5819618
1,0,1,0.6611634
1,1,1,0.6848677
1,0,0,0.30434972
1,1,1,0.8585571
1,1,0,0.48709884
1,1,0,0.3832261
1,0,0,0.07590579
1,1,1,0.5297838
1,0,0,0.49013644
1,1,1,0.56859356
1,0,0,0.1203208
1,0,0,0.29251462
1,1,1,0.5451487
1,0,0,0.30327886
1,0,0,0.330377
1,0,0,0.18307859
1,0,1,0.54510856
1,0,0,0.49029478
1,1,0,0.46052977
1,0,0,0.1547113
1,1,1,0.7961644
1,1,1,0.72458166
1,1,1,0.57474047
1,0,0,0.44964808
1,0,1,0.50656325
1,1,1,0.60648507
1,1,1,0.559541
1,1,1,0.67598134
1,0,1,0.700285
1,1,1,0.60203224
1,0,1,0.56449556
1,0,1,0.67785513
1,0,1,0.70720005
1,0,1,0.62992984
1,1,1,0.820891
1,0,1,0.6155989
1,0,1,0.5486887
1,0,0,0.30099005
1,0,1,0.5161988
1,1,1,0.67155486
1,1,1,0.7502844
1,0,0,0.31814867
1,1,0,0.30600697
1,0,0,0.29826486
1,1,1,0.8081061
1,0,0,0.28798726
1,1,0,0.28478217
1,0,1,0.6852245
1,1,1,0.5062933
1,0,0,0.4018766
1,1,0,0.35031214
1,0,0,0.3518033
1,0,0,0.27431738
1,0,1,0.50192344
1,1,0,0.2802672
1,1,1,0.6915409
1,0,0,0.4114756
1,1,1,0.754295
1,1,1,0.5766487
1,1,1,0.70480686
1,1,0,0.35340863
1,0,0,0.47485253
1,0,1,0.6281226
1,1,1,0.7116572
1,0,0,0.38015136
1,0,0,0.29917535
1,1,1,0.6246431
1,0,1,0.6089954
1,1,0,0.49220034
1,0,0,0.46069092
1,0,0,0.22662799
1,1,1,0.6880693
1,0,0,0.31040362
1,1,1,0.532121
1,1,1,0.51172066
1,0,0,0.209403
1,1,0,0.3486061
1,0,1,0.54849213
1,1,0,0.48532224
1,1,1,0.63157845
1,1,1,0.8086738
1,0,1,0.65872353
1,0,1,0.6670018
1,0,1,0.828343
1,1,0,0.27765408
1,0,1,0.5117121
1,1,0,0.2430844
1,0,0,0.49398592
1,1,1,0.5645946
1,0,0,0.11376754
1,1,1,0.6133015
1,1,0,0.24205318
1,0,0,0.10226555
1,1,0,0.49752417
1,0,0,0.15078776
1,0,1,0.57442015
1,0,0,0.24081643
1,0,1,0.5562196
1,1,0,0.41689116
1,0,0,0.17189085
1,0,1,0.50700486
1,1,0,0.30459288
1,0,1,0.6738826
1,1,0,0.44183588
1,0,1,0.5916224
1,1,0,0.15214998
1,0,0,0.16530842
1,0,1,0.5871493
1,1,0,0.39714175
1,0,1,0.5030604
1,0,0,0.43611488
1,0,0,0.4269003
1,1,0,0.41061896
1,0,1,0.61771417
1,0,1,0.6748649
1,0,0,0.27254146
1,1,1,0.66182196
1,0,0,0.2789712
1,0,0,0.3059992
1,1,0,0.3316134
1,1,0,0.19068639
1,1,1,0.51163346
1,0,0,0.3238768
1,0,0,0.4082847
1,1,1,0.58255774
1,1,1,0.83938086
1,0,0,0.3893164
1,0,1,0.5483918
1,0,1,0.57271945
1,1,1,0.57474905
1,0,0,0.33446497
1,0,0,0.39027056
1,1,1,0.580129
1,1,1,0.7374664
1,0,1,0.66617876
1,0,0,0.3004302
1,1,1,0.7019755
1,1,1,0.9326966
1,1,0,0.48414415
1,1,1,0.8611981
1,1,0,0.41009143
1,1,1,0.7763337
1,1,1,0.53993845
1,0,0,0.2840132
1,1,1,0.5023455
1,0,1,0.7571248
1,0,0,0.42448735
1,1,1,0.7452693
1,1,1,0.6014474
1,0,0,0.33594152
1,0,0,0.41799313
1,0,0,0.25202918
1,0,0,0.29662287
1,0,1,0.5079246
1,0,1,0.5677797
1,0,0,0.33979973
1,1,0,0.3510029
1,1,0,0.432659
1,0,0,0.17347108
1,1,1,0.7767241
1,1,0,0.40382528
1,0,0,0.25443462
1,0,0,0.37879863
1,1,1,0.7557462
1,0,0,0.14458974
1,1,0,0.3218947
1,0,1,0.7906879
1,0,0,0.4557727
1,0,0,0.40545353
1,1,1,0.86476856
1,0,0,0.45906374
1,0,1,0.53925633
1,0,0,0.3632794
1,0,0,0.2658354
1,0,1,0.556767
1,1,0,0.46935573
1,0,0,0.41097662
1,1,0,0.490746
1,1,1,0.6860477
1,1,1,0.7958104
1,0,0,0.22424623
1,0,1,0.58672595
1,0,1,0.74579835
1,1,1,0.7097381
1,0,1,0.66493064
1,1,1,0.6168726
1,1,1,0.6835357
1,1,1,0.5457024
1,1,1,0.7957338
1,1,1,0.54178506
1,0,0,0.49348524
1,0,1,0.7379539
1,0,0,0.36353865
1,1,1,0.6902253
1,1,1,0.87667066
1,0,1,0.60627
1,1,1,0.6826894
1,1,1,0.73898846
1,0,1,0.5398207
1,1,1,0.81000805
1,0,0,0.33297706
1,1,1,0.69846094
1,0,1,0.6981487
1,1,1,0.7345429
1,1,1,0.6377806
1,1,1,0.6198945
1,1,1,0.6977368
1,0,1,0.51425886
1,1,0,0.43571237
1,0,1,0.683456
1,0,0,0.439217
1,0,1,0.7516388
1,1,1,0.73117447
1,0,0,0.38177028
1,0,0,0.32880485
1,0,1,0.52566886
1,1,1,0.6204622
1,1,1,0.64831364
1,1,0,0.26215485
1,1,1,0.7076877
1,0,0,0.115380086
1,0,0,0.37573552
1,0,0,0.3292601
1,1,1,0.71602935
1,1,1,0.610184
1,0,0,0.4979495
1,0,0,0.35547504
1,1,1,0.5194768
1,1,1,0.513146
1,0,1,0.536564
1,0,0,0.4437646
1,1,0,0.18326636
1,0,0,0.4896138
1,1,0,0.30968115
1,0,0,0.4042531
1,0,1,0.50075364
1,1,1,0.6128519
1,0,0,0.11281511
1,0,1,0.52796495
1,0,0,0.40014812
1,1,1,0.90668386
1,1,0,0.41874284
1,0,1,0.7585067
1,1,1,0.6210519
1,0,0,0.39955807
1,0,1,0.64557254
1,0,0,0.20976613
1,0,1,0.71076214
1,1,1,0.586207
1,1,1,0.7699383
1,0,0,0.48261857
1,0,1,0.53879577
1,1,0,0.17999052
1,0,0,0.4051353
1,0,0,0.3545309
1,0,0,0.37840396
1,1,1,0.8611348
1,0,0,0.3200278
1,0,0,0.43874264
1,1,0,0.4275838
1,1,1,0.6077492
1,1,1,0.888845
1,0,1,0.5623298
1,0,1,0.5256752
1,0,1,0.598584
1,1,1,0.59929156
1,0,0,0.38190016
1,1,1,0.6057005
1,1,1,0.575803
1,0,1,0.5112692
1,1,1,0.6127797
1,1,1,0.7265725
1,1,1,0.53238815
1,0,0,0.3106876
1,0,0,0.3536315
1,0,1,0.5626983
1,1,1,0.5834877
1,0,1,0.6804946
1,1,1,0.64808387
1,1,1,0.6071713
1,0,1,0.55322564
1,0,1,0.6391653
1,1,1,0.52364993
1,0,1,0.5138812
1,0,1,0.50992113
1,1,1,0.84685534
1,0,1,0.6642899
1,0,0,0.35754752
1,0,1,0.57712954
1,0,0,0.44603762
1,1,1,0.7717102
1,1,1,0.7481601
1,1,0,0.43344918
1,1,1,0.84462076
1,1,1,0.62254536
1,0,0,0.29341567
1,1,1,0.76483184
1,1,1,0.6793351
1,0,0,0.2954912
1,0,1,0.7264381
1,0,1,0.60927963
1,0,1,0.512367
1,0,0,0.31127936
1,0,0,0.0842911
1,1,1,0.5778502
1,1,1,0.7452351
1,1,1,0.7841728
1,1,1,0.64123017
1,0,0,0.3500382
1,1,1,0.64277196
1,0,1,0.5637165
1,0,1,0.50115395
1,0,1,0.6275331
1,1,1,0.5800748
1,1,1,0.6408432
1,0,0,0.47251013
1,1,1,0.8245236
1,1,1,0.681299
1,0,1,0.77554536
1,0,1,0.5210553
1,0,0,0.3598586
1,0,1,0.63371676
1,0,1,0.67007965
1,1,1,0.91048807
1,1,1,0.6316061
1,1,1,0.51708704
1,1,1,0.71598953
1,0,1,0.6653844
1,0,1,0.57489663
1,0,0,0.45778945
1,0,1,0.549311
1,0,1,0.68942904
1,0,1,0.53381175
1,1,1,0.54109854
1,0,0,0.46949074
1,0,1,0.7744995
1,1,1,0.6039736
1,1,1,0.569587
1,1,1,0.59511065
1,0,0,0.46697947
1,1,1,0.656249
1,1,1,0.69865566
1,0,1,0.67569864
1,0,0,0.2997994
1,0,0,0.41858947
1,0,1,0.6556898
1,1,1,0.72309154
1,1,1,0.66086733
1,0,0,0.2579397
1,1,1,0.6763433
1,1,1,0.63073885
1,0,0,0.20633407
1,1,0,0.46051398
1,1,0,0.4465465
1,1,1,0.5260631
1,0,0,0.40432036
1,0,1,0.60641843
1,0,0,0.17005993
1,1,1,0.75955623
1,1,0,0.46821636
1,0,1,0.654107
1,0,1,0.76748234
1,0,1,0.8039811
1,0,0,0.3132462
1,1,1,0.8714911
1,0,1,0.5384497
1,1,1,0.78774184
1,1,1,0.6437003
1,0,0,0.38734686
1,1,1,0.64143723
1,0,0,0.45873812
1,0,0,0.3678722
1,0,0,0.22479062
1,0,1,0.8312034
1,0,1,0.5834279
1,1,1,0.71330047
1,1,1,0.5521382
1,1,1,0.59522796
1,0,1,0.6421364
1,1,1,0.71676695
1,0,0,0.39025384
1,0,0,0.40590602
1,0,0,0.2022408
1,1,1,0.9334414
1,0,0,0.42148986
1,1,0,0.31295082
1,0,1,0.5628906
1,0,0,0.40114933
1,1,1,0.5914408
1,0,0,0.3240255
1,1,1,0.52616554
1,0,0,0.36815116
1,0,1,0.66784996
1,1,1,0.60578537
1,1,1,0.8422921
1,0,0,0.43870765
1,1,1,0.50293195
1,1,1,0.5926427
1,0,0,0.36467123
1,1,0,0.3955222
1,0,1,0.63697124
1,0,0,0.40807092
1,0,1,0.6857759
1,1,1,0.5767717
1,0,1,0.67355686
1,1,1,0.7970091
1,0,0,0.1999143
1,1,1,0.7792571
1,0,1,0.6325452
1,1,0,0.43040812
1,0,0,0.4843865
1,1,1,0.5707587
1,1,1,0.5616175
1,0,0,0.24606699
1,0,0,0.47632208
1,0,1,0.581707
1,0,0,0.4845817
1,0,1,0.61764985
1,0,0,0.34990487
1,1,1,0.5626635
1,0,0,0.46710828
1,1,1,0.63677746
1,1,1,0.89447236
1,0,1,0.52727973
1,1,1,0.5816948
1,1,0,0.47868633
1,0,1,0.51549345
1,1,1,0.6108761
1,0,0,0.45941377
1,0,0,0.28825927
1,0,0,0.2650738
1,0,0,0.2638236
1,1,1,0.7319427
1,0,1,0.53109187
1,1,1,0.7653951
1,1,1,0.5299185
1,1,1,0.670272
1,0,1,0.5777567
1,1,1,0.56666994
1,1,1,0.54260087
1,0,1,0.55389524
1,1,1,0.8901314
1,0,1,0.50969785
1,1,0,0.3623758
1,0,1,0.51602817
1,0,0,0.4519161
1,0,0,0.3166435
1,1,1,0.6735341
1,1,1,0.523495
1,1,1,0.7225931
1,1,1,0.5174608
1,1,0,0.48545587
1,0,1,0.5709536
1,0,1,0.6078852
1,1,1,0.7308405
1,0,0,0.46492818
1,0,0,0.3797097
1,0,1,0.6248373
1,1,1,0.6003072
1,0,0,0.26660615
1,1,1,0.7105898
1,0,0,0.29606616
1,0,1,0.5562222
1,0,1,0.5361457
1,0,1,0.57399935
1,1,1,0.6190784
1,1,1,0.7436444
1,1,1,0.5722312
1,1,1,0.6264706
1,1,1,0.70323575
1,0,1,0.6459539
1,1,1,0.5290786
1,0,1,0.8469904
1,0,1,0.54748166
1,0,0,0.45636466
1,0,1,0.70553106
1,1,1,0.7712329
1,1,0,0.4387196
1,1,0,0.43059102
1,0,0,0.34915116
1,0,0,0.41990182
1,1,0,0.2948029
1,1,1,0.67978954
1,0,0,0.40739915
1,0,1,0.738925
1,0,1,0.55639434
1,1,1,0.73364156
1,0,0,0.3747422
1,0,0,0.24668233
1,0,0,0.12714542
1,1,1,0.7397044
1,1,0,0.39552435
1,0,0,0.32396823
1,0,0,0.398086
1,1,1,0.54018235
1,0,0,0.4168361
1,0,0,0.42552468
1,1,1,0.76929283
1,1,1,0.80736786
1,0,1,0.5473108
1,0,0,0.44930762
1,0,0,0.23348309
1,0,1,0.70249397
1,1,1,0.6086715
1,0,1,0.7800603
1,0,0,0.42728254
1,1,1,0.5048692
1,0,0,0.34993023
1,0,0,0.44485888
1,1,1,0.70171666
1,1,1,0.6757851
1,1,1,0.67817324
1,1,1,0.7037221
1,1,1,0.51668453
1,1,1,0.5355575
1,0,0,0.46405137
1,1,1,0.8171806
1,0,1,0.5677822
1,1,0,0.45430052
1,1,1,0.6980773
1,0,1,0.59078085
1,0,1,0.5737091
1,0,0,0.25111508
1,1,1,0.5919529
1,0,1,0.75844926
1,1,1,0.7036227
1,1,1,0.67777157
1,0,0,0.12886383
1,1,1,0.6358148
1,0,0,0.47716343
1,0,0,0.27082777
1,0,1,0.6127974
1,0,1,0.69317573
1,1,0,0.4617432
1,0,1,0.7897193
1,1,1,0.8874505
1,1,1,0.71157527
1,1,0,0.3233527
1,0,0,0.49309364
1,0,0,0.35785547
1,0,0,0.2357914
1,0,0,0.40651876
1,1,0,0.32458013
1,0,1,0.6041094
1,1,1,0.70975304
1,0,0,0.22192225
1,0,1,0.5615205
1,1,1,0.6338551
1,0,1,0.5845258
1,0,0,0.40261993
1,0,1,0.5595947
1,0,0,0.2613498
1,1,1,0.55090326
1,0,1,0.6580485
1,1,0,0.39840645
1,1,1,0.7076023
1,1,1,0.64716464
1,1,1,0.76475304
1,1,1,0.7706797
1,0,1,0.7414399
1,1,0,0.4264385
1,1,1,0.6760979
1,0,0,0.4921225
1,0,1,0.520468
1,1,1,0.5762306
1,0,0,0.16181467
1,1,1,0.8357387
1,1,1,0.7809521
1,0,0,0.455048
1,0,1,0.54357994
1,0,0,0.49136987
1,1,1,0.6927439
1,0,1,0.5416682
1,0,1,0.6919891
1,1,1,0.832303
1,0,0,0.4813233
1,0,0,0.35527572
1,0,0,0.48528638
1,1,1,0.7913999
1,0,1,0.5763948
1,1,0,0.40192136
1,1,0,0.3718922
1,0,0,0.40971118
1,0,1,0.58542
1,1,1,0.824178
1,0,1,0.5172643
1,1,1,0.63732386
1,0,0,0.48317903
1,0,0,0.48329
1,1,1,0.590024
1,0,1,0.6150451
1,1,0,0.398479
1,1,1,0.87756187
1,1,1,0.7029178
1,0,1,0.55971164
1,1,0,0.4171757
1,1,0,0.4671835
1,1,1,0.61132795
1,1,1,0.5436242
1,0,0,0.17331481
1,0,1,0.53847003
1,0,1,0.6037197
1,1,1,0.6568216
1,0,0,0.39771247
1,1,1,0.7346326
1,0,0,0.3451029
1,1,1,0.5135682
1,0,0,0.3448015
1,1,1,0.5960266
1,1,1,0.71694326
1,1,0,0.32890376
1,0,0,0.2375439
1,1,0,0.46558428
1,0,0,0.25735626
1,0,0,0.45159274
1,1,1,0.80943096
1,0,1,0.519498
1,1,0,0.44108993
1,0,0,0.29645187
1,0,0,0.27788082
1,1,1,0.6602853
1,0,1,0.51754075
1,1,1,0.5245919
1,0,1,0.8447162
1,1,1,0.75324667
1,1,1,0.57829297
1,0,1,0.68286884
1,1,1,0.7563481
1,1,1,0.76441705
1,1,1,0.5473226
1,0,0,0.3889362
1,1,1,0.5236722
1,1,1,0.6363111
1,1,0,0.44237915
1,0,0,0.45360005
1,0,1,0.7175458
1,0,1,0.63075554
1,0,0,0.1907468
1,1,1,0.752003
1,1,0,0.12846734
1,1,1,0.56405014
1,0,0,0.12478832
1,0,1,0.5168926
1,0,1,0.5241322
1,1,1,0.66230816
1,0,0,0.43270642
1,0,0,0.15963987
1,0,1,0.8040519
1,0,0,0.47380075
1,0,1,0.8414052
1,0,0,0.4091344
1,0,0,0.49588755
1,1,0,0.42657837
1,1,1,0.5458004
1,0,0,0.13492757
1,0,0,0.43777812
1,1,1,0.8072027
1,0,0,0.3955891
1,1,0,0.47502783
1,1,0,0.44642812
1,1,1,0.5376664
1,1,1,0.6535442
1,0,0,0.4642773
1,1,1,0.7691977
1,0,0,0.4916147
1,0,0,0.45189595
1,1,0,0.49856123
1,1,0,0.32320848
1,0,0,0.42542225
1,0,0,0.4367751
1,0,0,0.32281315
1,0,0,0.28325164
1,1,0,0.46597075
1,1,0,0.4177409
1,1,1,0.86717117
1,1,1,0.773567
1,0,0,0.46604815
1,1,1,0.8057771
1,1,1,0.5076521
1,0,1,0.72707266
1,1,1,0.5603952
1,0,1,0.5171403
1,1,1,0.70213944
1,0,0,0.4818923
1,0,1,0.6551975
1,0,1,0.52603686
1,0,0,0.28397498
1,1,1,0.712452
1,0,1,0.56067735
1,1,1,0.76853484
1,1,1,0.68434393
1,1,1,0.6220492
1,0,1,0.528468
1,1,1,0.82346785
1,1,1,0.6349525
1,0,0,0.11108309
1,0,1,0.6431968
1,1,1,0.71513206
1,1,1,0.57663935
1,1,1,0.77203137
1,0,0,0.19792375
1,0,0,0.4531498
1,0,1,0.73703164
1,0,0,0.2041857
1,1,0,0.4099613
1,0,0,0.40158394
1,1,0,0.30061126
1,1,1,0.8725409
1,1,1,0.75313973
1,1,1,0.83680725
1,0,0,0.41732702
1,0,0,0.4465054
1,0,1,0.8097869
1,0,0,0.34126216
1,1,1,0.8211721
1,1,1,0.7106247
1,1,1,0.69805026
1,1,1,0.7655353
1,0,0,0.29791325
1,0,0,0.4289467
1,1,1,0.51321775
1,1,1,0.62716204
1,0,0,0.44642937
1,1,1,0.51463026
1,1,0,0.44618315
1,0,0,0.3509716
1,1,1,0.62504715
1,0,0,0.35283247
1,0,1,0.65219694
1,0,0,0.37230626
1,0,1,0.5680384
1,0,0,0.09322179
1,0,0,0.3443078
1,1,1,0.58458227
1,1,1,0.7215185
1,0,1,0.61136085
1,0,0,0.36952016
1,0,1,0.7857623
1,1,1,0.57631797
1,0,0,0.28259552
1,1,1,0.6604164
1,0,0,0.114100575
1,1,1,0.588642
1,0,1,0.67953974
1,0,1,0.57521296
1,1,1,0.6256235
1,0,0,0.047769744
1,0,1,0.6641375
1,1,1,0.7550287
1,0,1,0.79463756
1,1,1,0.53589463
1,1,1,0.7372357
1,0,1,0.50985885
1,1,1,0.88476014
1,1,0,0.43637562
1,0,0,0.4581208
1,1,1,0.5851907
1,0,0,0.3364298
1,1,1,0.6658645
1,1,1,0.56815183
1,0,0,0.4879123
1,0,0,0.38775662
1,0,0,0.34655973
1,1,1,0.77998966
1,1,1,0.63761944
1,0,0,0.13722683
1,1,1,0.746253
1,0,1,0.6509936
1,1,1,0.7752172
1,0,0,0.4934608
1,0,1,0.69033754
1,0,0,0.09087438
1,1,1,0.7996626
1,0,0,0.4651526
1,0,0,0.20815207
1,0,1,0.56890893
1,0,1,0.7744995
1,1,1,0.6039736
1,1,1,0.569587
1,1,1,0.59511065
1,0,0,0.46697947
1,1,1,0.656249
1,1,1,0.69865566
1,0,1,0.67569864
1,0,0,0.2997994
1,0,0,0.41858947
1,0,1,0.6556898
1,1,1,0.77285004
1,1,1,0.6271423
1,1,1,0.5502718
1,0,1,0.5205374
1,0,1,0.70063925
1,1,1,0.6785151
1,1,1,0.60254836
1,0,1,0.68268555
1,1,1,0.59763914
1,1,1,0.5868619
1,0,0,0.49057513
1,0,1,0.61186445
1,1,1,0.5215452
1,0,0,0.34073648
1,0,1,0.5498355
1,0,0,0.2237676
1,0,0,0.22567594
1,0,1,0.55644834
1,1,1,0.51045156
1,0,0,0.16779919
1,1,0,0.319251
1,1,0,0.48896626
1,0,0,0.44225618
1,1,0,0.38835213
1,0,1,0.680851
1,0,0,0.4543638
1,0,0,0.40355012
1,0,0,0.11900893
1,1,0,0.424254
1,1,0,0.2699612
1,0,0,0.45100626
1,0,0,0.41920996
1,1,1,0.5112394
1,0,0,0.2741749
1,0,0,0.3534719
1,0,0,0.36318064
1,1,1,0.65874285
1,0,1,0.5535226
1,0,0,0.42597687
1,0,1,0.51234305
1,1,1,0.72136575
1,1,1,0.6072257
1,1,1,0.83585906
1,1,1,0.62553114
1,1,0,0.47431976
1,0,1,0.76772016
1,1,1,0.652351
1,0,1,0.6747231
1,1,1,0.73419124
1,1,1,0.61720234
1,0,1,0.7843351
1,1,0,0.4588251
1,1,1,0.6875598
1,1,1,0.89653087
1,1,1,0.6697851
1,0,0,0.3331201
1,0,1,0.53373855
1,0,1,0.6359341
1,0,0,0.33806196
1,0,0,0.4870206
1,0,0,0.26048246
1,0,0,0.38756722
1,0,0,0.26621234
1,1,1,0.6535692
1,0,0,0.23994702
1,1,1,0.571092
1,1,0,0.36832026
1,1,1,0.7771078
1,1,1,0.68688196
1,0,1,0.5888434
1,0,0,0.3650642
1,0,0,0.27465415
1,1,1,0.5831094
1,1,1,0.68803453
1,0,0,0.19980685
1,1,1,0.6737216
1,0,0,0.32497102
1,0,1,0.7498502
1,1,1,0.7584606
1,0,1,0.59277344
1,1,0,0.32934594
1,0,0,0.32111037
1,0,0,0.2765421
1,1,1,0.8734203
1,0,1,0.6647395
1,1,1,0.8246229
1,0,1,0.5268379
1,1,1,0.87939066
1,0,1,0.63030934
1,0,0,0.4486763
1,0,1,0.52250195
1,1,1,0.6556316
1,0,0,0.18531756
1,1,1,0.6835264
1,1,1,0.7707185
1,1,1,0.57536674
1,1,1,0.6324153
1,0,1,0.7066326
1,1,1,0.55996066
1,1,0,0.43527615
1,0,0,0.43577886
1,1,1,0.5265409
1,1,1,0.66813815
1,0,1,0.50915307
1,0,0,0.3040392
1,1,1,0.75964135
1,0,1,0.7116863
1,1,1,0.8004226
1,1,1,0.7790481
1,0,1,0.52590966
1,1,1,0.72562635
1,1,1,0.8631636
1,1,1,0.5956856
1,1,1,0.5084421
1,0,1,0.6478261
1,1,1,0.7465862
1,0,0,0.35766754
1,0,0,0.1562351
1,0,0,0.33730552
1,1,1,0.58539695
1,0,0,0.30817047
1,1,1,0.6106293
1,1,1,0.6696546
1,1,1,0.8578398
1,1,1,0.61768746
1,1,1,0.5601983
1,0,0,0.2093633
1,1,1,0.59789324
1,1,1,0.5075279
1,0,0,0.4548875
1,0,0,0.27310598
1,1,1,0.71343136
1,1,1,0.5757877
1,0,0,0.3923388
1,1,1,0.71876943
1,0,1,0.59619844
1,1,1,0.5886961
1,0,1,0.5343654
1,1,1,0.68254095
1,0,1,0.5870203
1,0,0,0.25569323
1,1,1,0.7559224
1,1,1,0.58278507
1,0,0,0.10194722
1,0,0,0.3415439
1,0,0,0.15518354
1,0,0,0.20818739
1,0,0,0.103822164
1,1,1,0.54068446
1,1,1,0.65290433
1,1,0,0.33372542
1,0,0,0.47326228
1,0,1,0.56239074
1,0,0,0.49800017
1,0,0,0.3903615
1,1,1,0.6022412
1,1,1,0.6382563
1,1,1,0.65022415
1,1,0,0.48928392
1,1,1,0.51043534
1,1,1,0.7521354
1,1,1,0.62075794
1,1,1,0.53202325
1,0,1,0.54552025
1,1,1,0.7475442
1,0,0,0.4886019
1,0,1,0.62783355
1,1,1,0.71197677
1,1,0,0.3111551
1,1,1,0.62658775
1,0,1,0.5518908
1,0,0,0.2398228
1,0,0,0.22063367
1,0,0,0.40033394
1,0,0,0.48343888
1,1,1,0.66174906
1,0,0,0.17398341
1,1,1,0.8795004
1,1,1,0.6382306
1,1,1,0.7931894
1,1,1,0.6088823
1,1,1,0.8234711
1,1,1,0.73259073
1,0,0,0.35863948
1,1,1,0.84722614
1,1,1,0.62435377
1,1,1,0.5942411
1,0,1,0.6556301
1,0,0,0.2966027
1,0,0,0.22090065
1,1,1,0.84213316
1,1,1,0.5945965
1,1,0,0.49711925
1,0,1,0.5091739
1,0,0,0.1236947
1,1,1,0.63307536
1,1,0,0.45025787
1,0,0,0.46853772
1,1,1,0.7175614
1,0,0,0.15976714
1,0,0,0.39671755
1,1,1,0.6738778
1,0,0,0.35165715
1,0,1,0.55005974
1,0,0,0.4497199
1,1,0,0.408544
1,0,0,0.20512292
1,0,0,0.1707055
1,0,1,0.74885213
1,1,1,0.719469
1,1,1,0.68485904
1,0,1,0.5230908
1,0,1,0.5457664
1,0,1,0.6272451
1,1,1,0.77103585
1,1,1,0.58521867
1,0,1,0.57186437
1,0,1,0.77069753
1,0,1,0.564083
1,1,1,0.64041245
1,0,1,0.59970266
1,0,1,0.6033608
1,1,0,0.31339043
1,0,1,0.5481146
1,0,1,0.5317016
1,1,1,0.56077814
1,0,1,0.61503357
1,1,0,0.15828238
1,1,1,0.72373235
1,0,0,0.13681062
1,0,0,0.32236856
1,1,1,0.56246173
1,0,0,0.48230517
1,1,1,0.8852248
1,1,1,0.7445492
1,0,0,0.36623538
1,1,1,0.54081714
1,1,1,0.77808726
1,0,1,0.50412613
1,0,0,0.49409354
1,0,1,0.56173676
1,0,0,0.07227232
1,0,1,0.6118183
1,1,1,0.76272124
1,0,0,0.37663165
1,1,1,0.879832
1,1,1,0.5091769
1,1,1,0.64440054
1,1,1,0.7570609
1,0,1,0.621495
1,1,1,0.57846934
1,1,1,0.8489824
1,1,1,0.6447697
1,1,1,0.6073573
1,0,0,0.35039935
1,0,1,0.75307775
1,0,1,0.60399723
1,0,1,0.75006527
1,1,1,0.73470116
1,1,1,0.86002815
1,0,1,0.6379689
1,1,1,0.63103724
1,1,1,0.5074855
1,0,0,0.42018223
1,1,0,0.46462455
1,0,0,0.3223582
1,0,0,0.45830637
1,1,0,0.43768883
1,1,1,0.87477374
1,1,1,0.5370975
1,1,1,0.60784537
1,1,1,0.50036657
1,1,1,0.6415586
1,0,1,0.61856157
1,0,1,0.5536255
1,0,1,0.6773241
1,0,1,0.5859041
1,1,0,0.4133815
1,0,0,0.19361188
1,1,1,0.7368132
1,1,0,0.41132477
1,1,1,0.8692076
1,0,0,0.27365118
1,0,0,0.41605765
1,0,1,0.66664964
1,0,0,0.24757673
1,1,0,0.38781762
1,1,1,0.58211505
1,1,1,0.6157526
1,0,0,0.4026612
1,1,1,0.79603267
1,0,0,0.3800977
1,1,1,0.75732857
1,1,1,0.79314935
1,1,1,0.653871
1,1,1,0.675432
1,0,1,0.5591141
1,0,0,0.29387316
1,0,0,0.45686108
1,1,1,0.5710574
1,0,0,0.17257792
1,0,1,0.56909895
1,0,0,0.39404953
1,0,0,0.18846339
1,1,1,0.6730675
1,1,0,0.34480235
1,0,0,0.24869646
1,0,0,0.41561717
1,0,0,0.42723238
1,0,0,0.14408404
1,1,1,0.59943455
1,1,1,0.5090538
1,1,1,0.87991875
1,0,1,0.57440305
1,1,1,0.77378213
1,0,0,0.4014984
1,1,1,0.653084
1,0,0,0.46107128
1,1,1,0.7487502
1,0,1,0.53882647
1,0,0,0.4198374
1,0,0,0.089296915
1,1,1,0.79083663
1,0,1,0.52187794
1,1,0,0.4917969
1,0,1,0.6461798
1,0,0,0.48025683
1,1,1,0.82194614
1,0,1,0.6322722
1,1,1,0.89461994
1,1,1,0.5076819
1,0,0,0.39910167
1,0,0,0.27057147
1,1,0,0.35917282
1,0,1,0.52015984
1,0,1,0.6171144
1,1,1,0.65829027
1,1,1,0.7112077
1,1,1,0.62067956
1,0,1,0.5605732
1,0,1,0.52881724
1,0,1,0.6947984
1,1,1,0.90402585
1,0,1,0.7392999
1,1,1,0.6957055
1,0,1,0.7387371
1,1,1,0.6732514
1,0,1,0.6647591
1,1,1,0.8366599
1,0,1,0.6466878
1,1,1,0.5633799
1,0,1,0.56091195
1,1,1,0.82650846
1,1,1,0.7259421
1,0,1,0.6187265
1,0,1,0.8691066
1,1,1,0.82775915
1,0,1,0.6186753
1,0,1,0.7628254
1,1,1,0.7987439
1,0,1,0.7874366
1,0,1,0.682934
1,1,1,0.7141606
1,1,1,0.82401615
1,0,0,0.37475103
1,1,0,0.275968
1,1,0,0.35650158
1,0,0,0.40093076
1,0,1,0.6074774
1,1,0,0.44203144
1,0,0,0.21864322
1,0,0,0.26233295
1,1,0,0.4124273
1,0,0,0.3658332
1,1,1,0.63198674
1,1,0,0.37210882
1,1,1,0.887604
1,0,0,0.34470797
1,0,0,0.46940097
1,0,0,0.31911227
1,1,1,0.8906058
1,1,0,0.35534644
1,0,0,0.464627
1,1,1,0.62448746
1,1,1,0.7282512
1,1,1,0.6278935
1,0,0,0.360372
1,0,0,0.36302552
1,0,0,0.32995346
1,1,1,0.6137304
1,0,0,0.3938546
1,0,1,0.5512363
1,1,1,0.7344369
1,0,0,0.34990078
1,1,1,0.7274818
1,1,1,0.9085338
1,1,1,0.53842455
1,0,1,0.6316376
1,1,1,0.73614806
1,0,0,0.33439875
1,1,1,0.8256634
1,0,1,0.8678874
1,0,1,0.5127392
1,0,1,0.6257813
1,0,1,0.5886002
1,1,1,0.7072958
1,0,0,0.2969093
1,0,0,0.4522054
1,1,1,0.6240828
1,0,1,0.8248056
1,1,1,0.74312246
1,1,0,0.15429007
1,0,1,0.57051015
1,0,0,0.17826508
1,1,1,0.87717587
1,1,1,0.5410786
1,1,0,0.28415298
1,1,1,0.6093472
1,1,1,0.5172147
1,1,1,0.7053394
1,1,1,0.5825094
1,1,0,0.49026456
1,0,1,0.53015786
1,1,1,0.82265025
1,0,0,0.3037925
1,0,0,0.13325447
1,0,0,0.20138027
1,0,0,0.4057646
1,0,0,0.38241047
1,1,1,0.81785244
1,0,0,0.27657568
1,0,0,0.47556752
1,1,1,0.5222319
1,0,0,0.3686733
1,1,1,0.58979464
1,0,0,0.3895928
1,0,1,0.51410174
1,0,0,0.21518819
1,0,0,0.4143291
1,0,0,0.10045647
1,0,1,0.7461013
1,1,1,0.60746753
1,1,1,0.7391477
1,0,0,0.29818636
1,0,0,0.17627291
1,0,0,0.29502556
1,1,1,0.59663135
1,0,1,0.52046776
1,0,1,0.7478617
1,0,1,0.6257137
1,0,1,0.55034333
1,0,0,0.28942743
1,0,1,0.61671907
1,0,1,0.59888965
1,0,0,0.28222725
1,1,1,0.59017086
1,0,0,0.37028825
1,0,0,0.4327126
1,0,0,0.2730371
1,0,0,0.24212888
1,1,0,0.24793392
1,0,0,0.12469403
1,0,0,0.10813383
1,0,0,0.101528294
1,1,1,0.6715014
1,0,1,0.5463004
1,0,1,0.5630888
1,0,0,0.38306648
1,0,0,0.41504407
1,1,1,0.7346796
1,0,0,0.14970233
1,0,0,0.3000002
1,0,0,0.38615227
1,0,0,0.23973337
1,0,0,0.4989774
1,0,1,0.5755195
1,1,1,0.59829223
1,0,0,0.3517262
1,0,0,0.26249763
1,1,1,0.8341291
1,0,0,0.4386793
1,0,0,0.3110469
1,1,1,0.58744127
1,0,0,0.13461569
1,1,1,0.56788725
1,0,1,0.5898851
1,1,1,0.5668369
1,1,1,0.58538926
1,0,1,0.59504616
1,0,0,0.46058637
1,1,1,0.70023143
1,1,1,0.6154632
1,1,1,0.56117815
1,0,1,0.6209438
1,0,1,0.7357267
1,0,1,0.6058568
1,1,1,0.50554144
1,0,1,0.6564759
1,1,1,0.57041645
1,0,0,0.3552745
1,0,1,0.54145813
1,0,1,0.60750246
1,0,0,0.3090896
1,1,1,0.7542384
1,0,1,0.7526888
1,0,0,0.26198015
1,0,1,0.5247147
1,0,1,0.74256426
1,0,0,0.2538169
1,1,1,0.5382467
1,0,0,0.4102627
1,1,0,0.181
1,0,0,0.22897977
1,0,0,0.2690395
1,0,1,0.5190978
1,0,1,0.6642167
1,0,0,0.36879262
1,1,0,0.49326232
1,0,0,0.4974765
1,0,0,0.35938075
1,1,1,0.73062944
1,0,1,0.53032655
1,0,1,0.7035711
1,1,0,0.4613583
1,0,1,0.6838601
1,1,1,0.63359255
1,0,0,0.1945508
1,1,1,0.8003899
1,1,0,0.47859418
1,1,1,0.51931036
1,0,1,0.5574087
1,0,0,0.11051331
1,0,0,0.10302927
1,0,0,0.3854472
1,1,1,0.82041687
1,0,1,0.6877021
1,1,0,0.46745268
1,1,0,0.4604074
1,0,0,0.3243857
1,0,0,0.25208578
1,0,1,0.62696713
1,1,0,0.4825963
1,0,0,0.13101718
1,0,0,0.3806097
1,1,1,0.6661302
1,0,0,0.2691772
1,0,0,0.07520018
1,0,0,0.076044455
1,1,1,0.7650785
1,1,1,0.62148595
1,0,1,0.5054868
1,1,1,0.7803332
1,1,0,0.38476345
1,0,0,0.416941
1,1,1,0.64646196
1,1,1,0.56130046
1,1,1,0.51417536
1,0,1,0.59229827
1,0,0,0.36778885
1,0,0,0.26042214
1,0,0,0.42432296
1,0,1,0.5205298
1,1,1,0.747131
1,0,1,0.5381535
1,1,1,0.7288644
1,1,1,0.7440789
1,0,1,0.7321871
1,0,0,0.33906284
1,0,0,0.3725777
1,0,0,0.11019091
1,1,0,0.2616743
1,1,0,0.29232973
1,0,0,0.12827487
1,0,1,0.68474776
1,0,0,0.46397763
1,1,0,0.4316347
1,0,1,0.57587886
1,1,1,0.71631616
1,0,0,0.3220804
1,1,0,0.30582923
1,0,0,0.43625033
1,1,1,0.52278054
1,1,1,0.69556284
1,0,0,0.33409324
1,1,1,0.59799016
1,0,1,0.51187414
1,1,1,0.6836678
1,1,1,0.5508571
1,0,1,0.59590447
1,0,0,0.13284118
1,1,1,0.6472848
1,0,0,0.42431602
1,0,1,0.5912454
1,1,1,0.5745641
1,1,1,0.52204317
1,0,0,0.3524893
1,1,0,0.25231817
1,0,1,0.7520292
1,0,0,0.10289332
1,0,1,0.5478882
1,0,0,0.40923586
1,0,1,0.54554665
1,1,0,0.47208425
1,1,0,0.4864182
1,0,0,0.101388216
1,1,1,0.55552846
1,1,0,0.29677054
1,0,1,0.5511992
1,0,0,0.4628708
1,1,0,0.45144632
1,0,0,0.12814924
1,1,1,0.87270546
1,1,1,0.6986932
1,1,1,0.747325
1,1,1,0.76120377
1,0,0,0.36484954
1,1,1,0.67133915
1,0,1,0.6858596
1,0,0,0.10499616
1,0,1,0.82985395
1,0,1,0.55390435
1,0,0,0.34495908
1,1,1,0.6653806
1,0,1,0.5489861
1,0,0,0.10168362
1,1,1,0.68250424
1,1,1,0.75244284
1,0,0,0.24541104
1,0,1,0.65899897
1,1,1,0.58258015
1,0,0,0.32521012
1,0,0,0.33564794
1,0,0,0.38698813
1,1,1,0.7579392
1,0,0,0.35948488
1,0,1,0.53791654
1,1,1,0.6659099
1,1,1,0.80420065
1,0,1,0.87360895
1,0,1,0.75523007
1,1,1,0.8256539
1,0,1,0.6190763
1,1,1,0.50552535
1,0,0,0.3386381
1,1,1,0.6226165
1,0,0,0.38753626
1,0,0,0.2763535
1,1,1,0.692831
1,0,0,0.3752456
1,0,0,0.12761103
1,0,1,0.5402631
1,0,0,0.24323612
1,0,0,0.2303779
1,0,0,0.26421374
1,1,1,0.64477164
1,1,1,0.7657331
1,0,1,0.5878214
1,1,0,0.45566413
1,0,0,0.40546775
1,1,1,0.6323735
1,0,0,0.41413713
1,1,0,0.47517705
1,1,1,0.8944364
1,1,1,0.55604327
1,1,1,0.62788767
1,0,1,0.71996504
1,0,0,0.31106243
1,1,1,0.85215926
1,1,1,0.6010831
1,1,1,0.55319345
1,0,0,0.25351417
1,0,0,0.4532439
1,0,0,0.22254802
1,0,1,0.5314612
1,1,1,0.91613346
1,1,1,0.6757421
1,1,1,0.6841139
1,0,0,0.49261788
1,1,0,0.44522575
1,1,1,0.63178337
1,0,1,0.6497001
1,0,0,0.34096232
1,0,1,0.65210867
1,0,0,0.49753746
1,1,1,0.69765955
1,1,0,0.36346996
1,0,1,0.66745
1,0,1,0.711593
1,0,1,0.6545575
1,0,0,0.098908395
1,1,1,0.8764828
1,1,1,0.76827985
1,1,1,0.5761157
1,0,1,0.54207426
1,0,0,0.38325095
1,1,1,0.7024843
1,0,1,0.6909318
1,0,0,0.4774763
1,1,1,0.70214766
1,0,1,0.6244832
1,1,1,0.7076711
1,0,1,0.5183373
1,0,1,0.76685774
1,0,0,0.2439623
1,1,1,0.65694207
1,0,1,0.51269186
1,0,1,0.7872001
1,0,0,0.2736296
1,0,0,0.16044259
1,1,1,0.7926289
1,1,0,0.22734332
1,0,1,0.6917546
1,0,1,0.703176
1,0,1,0.7163377
1,1,1,0.7982257
1,1,1,0.66964334
1,0,0,0.472753
1,0,1,0.50366086
1,0,0,0.36886638
1,0,0,0.37247613
1,0,0,0.12276971
1,0,1,0.56213796
1,0,0,0.44311836
1,0,0,0.34100312
1,0,1,0.70290405
1,1,1,0.6420655
1,1,1,0.6547489
1,1,1,0.6151366
1,1,1,0.637887
1,1,1,0.59467804
1,1,1,0.6872317
1,1,1,0.6237642
1,1,1,0.66313046
1,1,1,0.62150776
1,1,1,0.63366765
1,1,1,0.61736065
1,1,1,0.60308343
1,1,1,0.60731274
1,1,1,0.7036312
1,1,1,0.66538036
1,1,1,0.69986314
1,1,1,0.9336902
1,0,0,0.30437315
1,0,1,0.52608323
1,0,1,0.5505182
1,1,1,0.6323755
1,1,1,0.7493019
1,0,1,0.5093512
1,1,0,0.4696375
1,1,1,0.6038353
1,0,0,0.30966157
1,0,1,0.53943706
1,0,0,0.12212948
1,0,0,0.18397592
1,1,0,0.33620656
1,1,0,0.483588
1,1,1,0.5912522
1,0,1,0.5403224
1,1,0,0.12576917
1,0,0,0.09282389
1,0,0,0.2373964
1,0,0,0.078177184
1,0,0,0.38093853
1,0,0,0.21795417
1,0,1,0.66261744
1,0,0,0.088457316
1,1,1,0.6161282
1,1,1,0.7898687
1,1,1,0.7766405
1,0,1,0.7473748
1,0,1,0.75507957
1,1,1,0.6826372
1,0,1,0.56072044
1,0,0,0.37789524
1,0,0,0.20207272
1,1,1,0.7285282
1,0,1,0.7151331
1,0,0,0.13946143
1,0,1,0.7763726
1,0,1,0.73446786
1,0,1,0.7877883
1,1,1,0.68869674
1,0,1,0.6317383
1,1,1,0.78725874
1,0,1,0.6999262
1,0,1,0.6504657
1,1,1,0.6505241
1,1,1,0.6308166
1,0,0,0.4292544
1,1,1,0.7933727
1,1,1,0.54809296
1,1,1,0.689246
1,0,0,0.4888511
1,1,1,0.5070133
1,1,0,0.4432353
1,1,0,0.4884781
1,1,1,0.5289292
1,1,0,0.39093924
1,0,0,0.24011892
1,0,1,0.6460889
1,0,0,0.18971969
1,1,0,0.3629833
1,0,1,0.5594244
1,0,1,0.586335
1,1,1,0.7982175
1,0,1,0.6812721
1,0,0,0.3893572
1,1,1,0.7571382
1,0,1,0.70369023
1,0,1,0.80156004
1,1,1,0.7509528
1,0,1,0.63807714
1,1,1,0.77295303
1,1,1,0.7748338
1,0,1,0.69241375
1,1,1,0.8755761
1,0,1,0.6776324
1,1,1,0.5138469
1,0,0,0.3283017
1,1,1,0.60537356
1,0,1,0.82212967
1,1,1,0.66339916
1,0,0,0.38845554
1,0,0,0.12392194
1,0,1,0.6504401
1,1,1,0.8377175
1,0,1,0.5486558
1,1,1,0.64778554
1,0,1,0.65451616
1,1,1,0.5902302
1,0,0,0.4190327
1,0,1,0.60229826
1,0,1,0.6121202
1,1,0,0.3921184
1,1,1,0.8249418
1,0,0,0.47565562
1,0,1,0.61844075
1,0,1,0.7424163
1,1,1,0.6908586
1,0,1,0.7299462
1,0,1,0.6316897
1,0,0,0.4899292
1,0,0,0.1565074
1,1,1,0.72868496
1,1,0,0.46838644
1,1,1,0.6578771
1,1,1,0.9301138
1,1,1,0.6467059
1,0,0,0.28209445
1,0,0,0.15876265
1,1,1,0.5461826
1,1,1,0.63715625
1,0,1,0.5471185
1,1,1,0.7556859
1,1,1,0.6007645
1,1,1,0.6639097
1,0,0,0.48064342
1,0,0,0.4632564
1,0,0,0.19866832
1,0,0,0.28754783
1,0,1,0.89839154
1,1,1,0.66169816
1,1,1,0.8672435
1,0,0,0.25034708
1,0,1,0.6632208
1,0,1,0.62668616
1,1,1,0.7325714
1,1,1,0.51518685
1,1,1,0.78498185
1,1,1,0.79468673
1,1,1,0.7103952
1,1,1,0.8653329
1,0,0,0.21182598
1,0,0,0.26267612
1,0,0,0.06726768
1,0,1,0.6571223
1,0,0,0.28351212
1,0,0,0.29052675
1,0,0,0.28769815
1,0,1,0.85598576
1,1,0,0.41946995
1,1,1,0.8976813
1,0,0,0.364907
1,0,0,0.25917572
1,1,0,0.47596645
1,1,1,0.6821216
1,0,0,0.2226064
1,1,0,0.47208968
1,0,0,0.43569383
1,1,0,0.3079088
1,0,1,0.5555328
1,1,0,0.4608635
1,1,0,0.2296324
1,1,1,0.7896855
1,1,1,0.9157286
1,0,0,0.38727576
1,1,1,0.6990382
1,1,1,0.59405947
1,0,0,0.49675757
1,1,0,0.31304997
1,0,1,0.5762055
1,0,0,0.2426739
1,1,1,0.7688932
1,1,1,0.55249375
1,0,0,0.45342717
1,1,1,0.57349896
1,0,1,0.5250799
1,1,1,0.7945201
1,0,1,0.6621058
1,0,1,0.687049
1,0,1,0.851922
1,1,1,0.7880266
1,1,1,0.7589483
1,0,0,0.48881817
1,1,1,0.73298794
1,1,0,0.39189053
1,1,1,0.80483127
1,1,1,0.72704446
1,0,0,0.13517275
1,1,0,0.40262362
1,1,1,0.8495135
1,0,0,0.15370296
1,0,0,0.10359296
1,1,1,0.91158587
1,1,1,0.57527274
1,1,1,0.64625645
1,0,0,0.2595879
1,0,0,0.32297945
1,1,1,0.5146284
1,1,1,0.86715466
1,1,1,0.61271936
1,0,0,0.2541245
1,1,1,0.6928043
1,0,0,0.37568817
1,0,1,0.62701565
1,0,0,0.0885827
1,0,0,0.44929153
1,1,1,0.68856764
1,1,1,0.565442
1,0,0,0.4201238
1,1,0,0.37311924
1,1,0,0.34060073
1,1,0,0.4227261
1,1,1,0.56147325
1,1,0,0.2750526
1,0,0,0.19576587
1,0,0,0.22023804
1,1,1,0.5644996
1,0,1,0.55612135
1,0,0,0.37978917
1,0,0,0.363427
1,1,0,0.4726452
1,0,0,0.22014819
1,1,1,0.70485854
1,0,0,0.23996094
1,0,0,0.23387621
1,0,1,0.5912479
1,0,0,0.30912843
1,0,1,0.6051602
1,1,1,0.54237777
1,1,1,0.507203
1,0,1,0.5063193
1,1,1,0.83849055
1,1,1,0.5664603
1,0,0,0.44558954
1,1,1,0.79500395
1,0,0,0.47763467
1,0,0,0.17706867
1,1,1,0.75527865
1,1,1,0.7776066
1,1,0,0.47145635
1,0,0,0.26240945
1,1,1,0.54222673
1,1,1,0.77666056
1,0,0,0.45170012
1,0,1,0.52674615
1,0,1,0.71642
1,0,0,0.13688447
1,1,1,0.718097
1,0,0,0.1978883
1,0,1,0.7268191
1,0,1,0.8137502
1,1,1,0.65045524
1,1,1,0.85182005
1,0,1,0.7353112
1,0,0,0.43591803
1,1,0,0.4754551
1,1,1,0.7180439
1,1,0,0.46069157
1,0,0,0.23776378
1,1,1,0.799587
1,0,0,0.46209887
1,0,0,0.42954284
1,0,0,0.40686068
1,0,1,0.73734015
1,0,1,0.7465684
1,1,1,0.7969117
1,1,0,0.49988252
1,0,0,0.47196168
1,0,0,0.1487167
1,1,1,0.8634374
1,1,1,0.5560663
1,0,0,0.108564794
1,0,0,0.112246305
1,1,1,0.62924635
1,1,1,0.77259856
1,0,1,0.6980935
1,1,1,0.64319557
1,1,1,0.6063282
1,0,1,0.5202772
1,1,1,0.6008063
1,0,1,0.6495223
1,1,1,0.7063602
1,0,1,0.5379703
1,1,0,0.39586598
1,0,1,0.69414884
1,0,1,0.65430176
1,0,1,0.77961266
1,0,0,0.3270491
1,0,0,0.19104135
1,0,0,0.18770818
1,1,1,0.6080163
1,0,0,0.40531972
1,1,1,0.7169926
1,0,1,0.65444136
1,0,1,0.563857
1,1,1,0.79154074
1,1,1,0.6092098
1,0,1,0.5672094
1,0,0,0.46433064
1,1,1,0.6461779
1,1,1,0.70705706
1,1,1,0.80221236
1,0,1,0.56377715
1,0,0,0.1722921
1,0,1,0.56294686
1,1,1,0.83758456
1,0,0,0.29078552
1,0,1,0.5085182
1,1,1,0.8638019
1,0,0,0.4362272
1,1,1,0.8901715
1,1,1,0.8527716
1,1,0,0.4529768
1,0,1,0.5689724
1,0,1,0.741439
1,0,1,0.5495787
1,0,1,0.66368455
1,0,1,0.56088364
1,1,0,0.41648933
1,1,1,0.68781984
1,1,0,0.40060064
1,0,0,0.48077753
1,1,0,0.16001387
1,1,1,0.5762396
1,1,1,0.6825928
1,0,0,0.14440763
1,0,0,0.43494952
1,0,0,0.13971095
1,1,1,0.6943001
1,1,0,0.37484145
1,1,1,0.71268845
1,1,0,0.49286497
1,1,1,0.5019075
1,1,0,0.35011423
1,1,1,0.8331954
1,1,0,0.44324717
1,1,1,0.71759266
1,1,1,0.58656615
1,1,1,0.79129505
1,1,1,0.71862876
1,1,1,0.6540935
1,1,1,0.7790079
1,1,1,0.7596892
1,0,0,0.4818123
1,1,1,0.52316684
1,1,1,0.79204005
1,1,1,0.73289
1,0,0,0.4785318
1,1,1,0.8920722
1,1,1,0.70328957
1,1,1,0.62950695
1,1,1,0.62112796
1,1,0,0.2142286
1,1,1,0.60083246
1,0,0,0.4004075
1,0,1,0.61498153
1,1,1,0.75281197
1,0,0,0.49747035
1,1,1,0.5510288
1,0,0,0.3735709
1,1,1,0.801464
1,0,1,0.57168925
1,1,0,0.28130162
1,0,0,0.280199
1,0,1,0.54961395
1,1,1,0.5010912
1,0,0,0.24613388
1,0,0,0.43673697
1,0,1,0.5209669
1,1,0,0.48722002
1,0,0,0.24097821
1,1,1,0.55286735
1,0,1,0.68515986
1,0,1,0.6393912
1,1,0,0.42761463
1,1,1,0.83509976
1,1,1,0.61993825
1,1,0,0.35767287
1,0,0,0.38551557
1,0,0,0.15391709
1,0,1,0.63630855
1,0,0,0.09681946
1,1,1,0.5517725
1,1,1,0.65543514
1,1,0,0.4097065
1,1,1,0.6404541
1,0,1,0.6431834
1,0,0,0.19434325
1,0,0,0.2586014
1,0,0,0.091443054
1,0,0,0.17166404
1,1,0,0.35753554
1,0,0,0.27279213
1,1,0,0.33178824
1,0,1,0.6759078
1,1,0,0.21400133
1,0,0,0.49023226
1,1,0,0.38213614
1,1,1,0.5140228
1,1,1,0.61266136
1,1,1,0.5981262
1,1,0,0.39837167
1,0,1,0.760113
1,1,0,0.48926723
1,0,1,0.6601635
1,1,0,0.32480896
1,1,0,0.36989313
1,1,1,0.59243804
1,0,1,0.6531499
1,0,0,0.15521167
1,0,1,0.5469291
1,1,1,0.9119296
1,0,0,0.38516557
1,0,1,0.80400187
1,1,1,0.5472985
1,1,1,0.6462534
1,0,1,0.531783
1,0,0,0.3363796
1,1,1,0.67742157
1,0,0,0.3693534
1,1,1,0.6548369
1,1,1,0.71275437
1,1,0,0.32560572
1,1,1,0.76724994
1,1,1,0.50159574
1,0,0,0.26528537
1,0,1,0.53715456
1,1,1,0.66890734
1,0,1,0.69142336
1,1,1,0.90116286
1,1,1,0.87592113
1,0,1,0.60785
1,1,1,0.6891808
1,0,1,0.7039685
1,0,1,0.553486
1,0,0,0.36433244
1,0,1,0.7725027
1,0,1,0.70724756
1,1,1,0.6297213
1,1,1,0.618866
1,0,0,0.12005766
1,0,0,0.30750793
1,0,0,0.41633284
1,1,1,0.66773057
1,0,1,0.6922739
1,1,1,0.5791592
1,1,1,0.8714195
1,1,1,0.7274235
1,0,1,0.7446399
1,1,1,0.8097848
1,1,0,0.27403113
1,0,0,0.4640037
1,1,1,0.6216786
1,0,1,0.6193397
1,1,1,0.77438575
1,1,1,0.5310384
1,1,0,0.485078
1,0,0,0.10360758
1,1,0,0.31108898
1,0,0,0.0977482
1,0,1,0.63094336
1,0,1,0.67904335
1,0,0,0.14929402
1,1,1,0.6716618
1,0,1,0.5111486
1,0,1,0.55954856
1,0,0,0.25311852
1,0,0,0.3461966
1,0,0,0.32022166
1,1,1,0.6886794
1,0,1,0.6344582
1,0,0,0.3704063
1,1,1,0.7327843
1,0,0,0.37776884
1,1,1,0.5610986
1,1,1,0.76705897
1,0,0,0.31818762
1,0,0,0.30618376
1,1,1,0.6994866
1,0,1,0.6045601
1,0,0,0.07463662
1,1,1,0.64047146
1,1,0,0.20619419
1,1,1,0.7689754
1,0,0,0.434962
1,0,0,0.1984249
1,1,0,0.38297513
1,1,1,0.7871065
1,1,1,0.8209217
1,0,0,0.38461193
1,0,1,0.5848178
1,1,1,0.593731
1,1,1,0.66155034
1,0,1,0.5168118
1,0,1,0.6874278
1,1,1,0.8762618
1,0,0,0.48824245
1,0,1,0.79059213
1,0,1,0.5329739
1,0,0,0.22750765
1,1,1,0.7555344
1,1,1,0.6686039
1,1,0,0.44463778
1,1,1,0.86919034
1,0,0,0.12364124
1,0,0,0.17999928
1,1,1,0.7341472
1,1,1,0.6879762
1,0,0,0.25317878
1,0,1,0.504696
1,0,0,0.19368997
1,0,0,0.22040944
1,1,1,0.7415507
1,0,1,0.51975346
1,1,1,0.72351885
1,1,1,0.6560076
1,1,1,0.57830614
1,0,1,0.64417964
1,0,0,0.43696782
1,1,1,0.76050484
1,1,1,0.5734268
1,0,1,0.5084049
1,1,1,0.52318877
1,1,0,0.39411476
1,1,1,0.7579775
1,1,1,0.70733714
1,1,1,0.71654916
1,0,1,0.6814784
1,1,1,0.639776
1,1,1,0.742628
1,0,1,0.5609924
1,1,1,0.83104336
1,0,0,0.4671404
1,0,0,0.32360083
1,1,1,0.86310977
1,1,1,0.69628775
1,1,1,0.81106526
1,0,0,0.42406365
1,0,1,0.62469625
1,1,1,0.77467126
1,0,0,0.3700098
1,1,1,0.861321
1,1,0,0.38791093
1,0,0,0.3519815
1,0,0,0.30468923
1,0,1,0.6417107
1,1,0,0.46715784
1,0,1,0.54879975
1,1,1,0.6753492
1,0,1,0.6596967
1,0,1,0.72556406
1,1,1,0.8620356
1,0,0,0.48196688
1,0,1,0.57165223
1,1,1,0.64009017
1,1,1,0.60863864
1,0,0,0.48268652
1,0,0,0.33772463
1,0,0,0.47621924
1,0,0,0.44585976
1,0,0,0.3735579
1,0,0,0.49283913
1,1,1,0.65006787
1,0,1,0.714001
1,0,1,0.50033915
1,0,0,0.4055853
1,1,0,0.2907404
1,1,1,0.6848163
1,1,1,0.7276081
1,1,1,0.59736544
1,1,1,0.56489813
1,1,1,0.6189941
1,0,1,0.5123733
1,1,0,0.4257205
1,1,1,0.69038266
1,1,1,0.7192377
1,1,1,0.5126151
1,1,0,0.4235491
1,0,1,0.6339264
1,1,1,0.85929316
1,1,1,0.5996853
1,1,0,0.3402991
1,1,0,0.41156942
1,1,0,0.49461964
1,0,0,0.3241697
1,1,0,0.14368257
1,0,0,0.45565432
1,0,1,0.58279806
1,0,0,0.14978471
1,0,0,0.4715241
1,0,0,0.33706772
1,0,0,0.39706582
1,0,0,0.36789635
1,0,0,0.4668967
1,1,0,0.45786828
1,0,1,0.6210156
1,0,1,0.5463331
1,0,1,0.5388649
1,1,0,0.38723928
1,0,0,0.23425977
1,0,0,0.43584883
1,1,1,0.5163818
1,1,1,0.6391984
1,1,1,0.72914815
1,0,0,0.39109296
1,0,1,0.6355177
1,0,1,0.7518458
1,1,1,0.67817277
1,0,0,0.2559338
1,1,1,0.65613985
1,1,1,0.7708842
1,1,1,0.75676054
1,0,0,0.38662523
1,1,1,0.5828887
1,1,1,0.6726931
1,0,0,0.21703468
1,0,1,0.69977856
1,0,0,0.38512367
1,1,1,0.60318434
1,0,1,0.52214223
1,0,0,0.11016648
1,0,1,0.557604
1,1,1,0.5719195
1,0,0,0.4151134
1,0,1,0.7998964
1,0,0,0.44553998
1,1,1,0.808597
1,0,0,0.15304703
1,1,1,0.79805183
1,0,0,0.3411121
1,0,1,0.7491012
1,1,1,0.74900204
1,1,1,0.7818872
1,1,1,0.72571
1,1,0,0.33385867
1,0,0,0.29426134
1,1,0,0.44204688
1,1,0,0.40523264
1,1,0,0.486102
1,0,0,0.1323553
1,0,0,0.332924
1,0,0,0.3734204
1,0,1,0.61599636
1,1,1,0.8245111
1,0,0,0.4193937
1,0,0,0.22358939
1,1,1,0.7526103
1,1,1,0.8248346
1,0,1,0.76487124
1,0,1,0.5373068
1,0,1,0.7640897
1,1,1,0.63810724
1,0,0,0.4958113
1,0,1,0.56461746
1,0,1,0.7581211
1,1,0,0.47043127
1,0,0,0.37427545
1,0,1,0.69953567
1,0,0,0.4349563
1,1,1,0.563727
1,0,1,0.5082359
1,1,0,0.36116126
1,0,1,0.56046104
1,1,1,0.6638551
1,0,0,0.46439692
1,1,1,0.5014458
1,0,0,0.27849254
1,1,1,0.5956043
1,1,1,0.56844586
1,1,0,0.40664572
1,0,0,0.19419609
1,1,1,0.7657572
1,1,1,0.62419736
1,1,0,0.39447153
1,1,1,0.70801884
1,0,0,0.44482642
1,0,0,0.16835536
1,0,0,0.30998114
1,0,0,0.17108968
1,0,1,0.62888557
1,1,0,0.43901652
1,0,0,0.17460378
1,1,1,0.87348676
1,1,1,0.8363008
1,1,0,0.43668464
1,1,0,0.45239115
1,0,1,0.5082632
1,1,1,0.53273684
1,0,1,0.56656533
1,1,1,0.6517591
1,0,0,0.46262854
1,1,1,0.71896785
1,0,0,0.38142112
1,0,0,0.31466708
1,1,0,0.36292395
1,0,0,0.4176156
1,0,0,0.42767507
1,1,1,0.7589884
1,0,0,0.33401194
1,1,1,0.83967584
1,1,1,0.6006932
1,1,1,0.7964585
1,0,1,0.5875967
1,0,1,0.6673365
1,1,1,0.8585045
1,0,0,0.22695352
1,1,0,0.38551217
1,0,1,0.62975466
1,1,1,0.8330698
1,1,1,0.8178633
1,0,0,0.47546878
1,0,1,0.66877365
1,1,1,0.7974206
1,0,0,0.146434
1,0,0,0.3657786
1,1,1,0.8232004
1,0,1,0.52774674
1,0,0,0.21199584
1,0,0,0.27535707
1,1,1,0.75553334
1,1,0,0.47366875
1,1,1,0.7631901
1,0,0,0.47647628
1,1,1,0.75687504
1,0,0,0.2340185
1,0,0,0.2632661
1,1,1,0.5891047
1,0,0,0.3753098
1,0,0,0.48998252
1,0,0,0.3218061
1,0,0,0.49208507
1,1,1,0.7496732
1,0,1,0.6982493
1,1,1,0.8852775
1,1,1,0.87080026
1,1,1,0.86709756
1,1,1,0.7859805
1,0,1,0.6637078
1,0,0,0.25479743
1,0,1,0.6866482
1,1,0,0.29787496
1,0,0,0.3470423
1,0,0,0.27101246
1,1,1,0.5056711
1,0,0,0.46378
1,0,1,0.64419353
1,1,0,0.2077661
1,0,0,0.16798197
1,0,0,0.16714905
1,0,1,0.5890941
1,1,1,0.7516178
1,0,0,0.2901374
1,1,0,0.34379447
1,1,1,0.7537111
1,1,1,0.5942717
1,1,1,0.71473163
1,0,0,0.36310184
1,0,1,0.66832316
1,1,1,0.6543144
1,1,1,0.7633563
1,1,1,0.7356446
1,0,1,0.6458028
1,0,0,0.33088878
1,1,1,0.81509286
1,0,0,0.47876832
1,0,0,0.11233588
1,0,0,0.18558602
1,1,0,0.45981792
1,0,0,0.08149259
1,1,0,0.25221732
1,1,1,0.8021864
1,0,0,0.2368489
1,0,0,0.36218834
1,1,1,0.5351722
1,0,0,0.39351362
1,0,1,0.5245086
1,0,0,0.2532197
1,0,0,0.17099203
1,0,0,0.41190913
1,1,1,0.7526878
1,1,1,0.68951946
1,1,1,0.71622247
1,1,0,0.3164332
1,0,0,0.4314858
1,1,1,0.7219236
1,1,1,0.8223588
1,0,1,0.660371
1,1,1,0.66922474
1,1,1,0.708192
1,1,1,0.72877884
1,0,0,0.38052222
1,1,1,0.8417994
1,0,0,0.38526192
1,1,1,0.72349155
1,1,1,0.9143454
1,1,1,0.8917094
1,0,1,0.52182704
1,0,0,0.48298147
1,0,1,0.5107191
1,1,1,0.82171166
1,1,1,0.8328708
1,1,1,0.82745457
1,0,0,0.22999847
1,1,1,0.8029082
1,1,1,0.80624336
1,0,1,0.5263064
1,1,0,0.31594077
1,0,0,0.43071374
1,0,1,0.55910957
1,1,1,0.708805
1,1,1,0.85298556
1,0,0,0.1600429
1,0,0,0.48423752
1,1,0,0.4410697
1,0,0,0.24782859
1,0,0,0.199003
1,0,0,0.111049905
1,1,1,0.86992186
1,1,1,0.7240346
1,1,1,0.6301847
1,1,1,0.5698338
1,1,1,0.67464435
1,1,1,0.8093298
1,0,0,0.31240073
1,1,1,0.6885116
1,0,0,0.34377754
1,1,1,0.59025264
1,0,1,0.5521294
1,1,1,0.6524855
1,1,0,0.11245213
1,0,0,0.35060555
1,1,1,0.5652309
1,0,0,0.15458678
1,0,1,0.6137168
1,1,0,0.2888935
1,0,0,0.33072168
1,1,0,0.4308327
1,0,0,0.4324604
1,0,0,0.33731303
1,1,0,0.28424975
1,0,0,0.41653538
1,0,0,0.47032943
1,0,0,0.2061743
1,0,0,0.28432217
1,0,0,0.118202776
1,1,0,0.419479
1,0,0,0.14643688
1,0,1,0.5109387
1,1,0,0.48499587
1,0,0,0.19043055
1,0,0,0.064077385
1,0,0,0.39827964
1,0,0,0.45608208
1,1,1,0.90671605
1,1,1,0.7173748
1,0,1,0.65090334
1,1,1,0.57362264
1,1,0,0.4945557
1,0,0,0.36260504
1,1,1,0.7623238
1,1,1,0.53419524
1,0,0,0.16828045
1,0,0,0.22353746
1,1,1,0.51771575
1,0,0,0.3873331
1,0,1,0.6114449
1,1,1,0.85320246
1,1,1,0.5106677
1,1,1,0.6261308
1,0,0,0.45763594
1,0,0,0.27037558
1,0,1,0.55538106
1,1,1,0.5815839
1,0,1,0.7390755
1,1,0,0.24653627
1,1,1,0.5667
1,0,1,0.5882843
1,0,0,0.48894662
1,1,1,0.56637824
1,0,0,0.36029172
1,0,1,0.8361384
1,0,0,0.4420351
1,0,0,0.4140802
1,1,1,0.7207515
1,0,0,0.46470028
1,1,1,0.64314526
1,0,0,0.30913886
1,1,1,0.7509687
1,1,1,0.71218455
1,1,1,0.60295314
1,1,1,0.6039262
1,0,0,0.33827543
1,1,1,0.65332353
1,1,1,0.7125795
1,0,0,0.28688002
1,0,1,0.7813419
1,1,1,0.708997
1,0,0,0.13515991
1,1,1,0.8561681
1,1,1,0.68281305
1,1,1,0.70662177
1,0,0,0.47911528
1,1,0,0.47652015
1,1,1,0.55213237
1,0,0,0.1751516
1,0,1,0.6943556
1,0,1,0.6981381
1,0,1,0.57305026
1,0,1,0.7417986
1,0,0,0.3225945
1,0,1,0.587743
1,0,0,0.37574092
1,0,1,0.8115147
1,1,1,0.52476835
1,1,1,0.7804844
1,1,1,0.602473
1,0,0,0.30563474
1,0,1,0.8159118
1,1,0,0.22583188
1,0,0,0.17619875
1,1,0,0.36029735
1,0,0,0.3061528
1,1,1,0.8578465
1,0,1,0.61462724
1,1,1,0.8051221
1,1,1,0.7687002
1,1,1,0.7604696
1,1,1,0.73059267
1,0,1,0.6979557
1,0,0,0.4939772
1,1,1,0.6804221
1,0,1,0.5957261
1,0,0,0.31851816
1,1,1,0.58505183
1,1,1,0.8032422
1,1,1,0.5118918
1,0,0,0.3953472
1,0,1,0.6365988
1,1,1,0.8484462
1,0,1,0.6387879
1,1,1,0.9204439
1,0,1,0.6548442
1,0,1,0.7522264
1,1,1,0.8756421
1,1,1,0.79777163
1,0,1,0.6885797
1,0,0,0.27555642
1,1,1,0.7497909
1,0,0,0.4652403
1,1,1,0.8165619
1,0,0,0.45246866
1,0,0,0.27182555
1,1,1,0.9081771
1,1,1,0.791794
1,0,0,0.46284208
1,0,0,0.20702328
1,0,0,0.14583391
1,0,0,0.13584617
1,1,1,0.7927774
1,1,1,0.85292083
1,0,0,0.18359156
1,1,1,0.78270996
1,0,0,0.2971473
1,1,1,0.797721
1,0,0,0.32350916
1,0,0,0.3251436
1,1,1,0.79783046
1,0,1,0.67293346
1,1,1,0.5089301
1,1,1,0.8295248
1,1,0,0.4127663
1,0,0,0.23553179
1,0,0,0.13940686
1,1,1,0.73666966
1,0,0,0.39173248
1,0,1,0.66479397
1,0,1,0.6324619
1,0,0,0.46014515
1,1,1,0.94070965
1,0,1,0.55678266
1,1,1,0.5331236
1,0,0,0.4783826
1,0,1,0.535343
1,0,0,0.49769747
1,1,1,0.7465999
1,1,1,0.7816367
1,1,1,0.89758915
1,0,0,0.35339245
1,1,1,0.6345953
1,0,0,0.12974128
1,0,0,0.3226086
1,0,0,0.3827214
1,1,1,0.7257356
1,0,0,0.47100058
1,1,1,0.5269094
1,1,1,0.51232797
1,0,0,0.38875148
1,0,0,0.473216
1,1,0,0.41630188
1,0,1,0.7185641
1,0,0,0.29627258
1,0,0,0.0976799
1,1,0,0.38485467
1,1,1,0.71577615
1,0,0,0.35792467
1,1,1,0.9358653
1,1,1,0.78141814
1,1,0,0.49662462
1,0,1,0.61098504
1,1,1,0.5466166
1,0,1,0.9022537
1,1,0,0.48841888
1,0,0,0.41418156
1,1,1,0.5856466
1,1,1,0.7645981
1,0,0,0.19513756
1,1,1,0.7934955
1,0,1,0.54764247
1,1,1,0.7680333
1,1,1,0.6325496
1,1,1,0.7029301
1,1,0,0.4061432
1,1,1,0.80443233
1,1,1,0.7084445
1,1,1,0.6053771
1,0,0,0.46354926
1,1,1,0.7969163
1,1,1,0.5772571
1,1,1,0.67755115
1,0,0,0.44974267
1,1,1,0.6524406
1,1,1,0.5805774
1,1,1,0.7774549
1,0,0,0.42555308
1,0,1,0.7203357
1,0,0,0.08124541
1,0,0,0.41660434
1,0,0,0.46094894
1,0,1,0.68087727
1,1,0,0.4630485
1,1,1,0.90956193
1,1,0,0.4934297
1,0,0,0.42223498
1,0,1,0.5105888
1,0,1,0.58775353
1,1,1,0.67467296
1,1,1,0.56905276
1,0,1,0.5731414
1,0,0,0.20280972
1,0,1,0.55228055
1,1,1,0.57742226
1,0,0,0.32407653
1,1,1,0.603811
1,0,0,0.1523604
1,0,0,0.42219657
1,1,1,0.65010715
1,0,0,0.40336618
1,0,0,0.1699016
1,1,1,0.6620435
1,1,0,0.4345511
1,1,1,0.69638604
1,1,1,0.6864143
1,1,1,0.7793937
1,0,0,0.090742886
1,1,1,0.75160503
1,1,1,0.80143046
1,1,1,0.75470215
1,0,1,0.5294114
1,0,0,0.2625092
1,0,0,0.16849348
1,0,0,0.09836499
1,1,1,0.79767126
1,0,1,0.5750813
1,0,1,0.661395
1,0,1,0.5373823
1,1,0,0.41624495
1,1,1,0.92424935
1,1,1,0.6557025
1,0,0,0.48452175
1,1,1,0.5369586
1,0,1,0.6195047
1,1,1,0.60277504
1,0,0,0.4129888
1,1,1,0.76808596
1,1,0,0.14600997
1,0,0,0.42312178
1,0,0,0.16491836
1,0,0,0.14343387
1,1,1,0.8223034
1,0,0,0.43479577
1,1,1,0.6046107
1,1,1,0.6252185
1,1,1,0.72702134
1,0,0,0.47432342
1,0,1,0.7214859
1,1,0,0.48130795
1,1,1,0.7200348
1,1,1,0.5672079
1,1,1,0.7487212
1,1,1,0.7920561
1,1,1,0.6410372
1,1,0,0.2982374
1,0,0,0.13038744
1,1,0,0.42722872
1,0,1,0.5447773
1,1,0,0.41028082
1,1,0,0.4745079
1,1,0,0.38660294
1,0,0,0.38267842
1,0,0,0.19859898
1,0,0,0.16345428
1,0,1,0.50270426
1,1,1,0.8063294
1,0,0,0.24490315
1,0,0,0.1870091
1,0,1,0.5386564
1,0,1,0.6966453
1,0,0,0.10448607
1,1,1,0.58215725
1,1,1,0.8262128
1,1,1,0.64325446
1,1,1,0.55158865
1,1,1,0.8387467
1,1,1,0.7749375
1,1,1,0.7140257
1,0,0,0.20595035
1,1,1,0.72761124
1,0,0,0.41284063
1,0,0,0.25118837
1,0,0,0.4341926
1,1,1,0.781507
1,0,0,0.35205287
1,0,0,0.38489425
1,1,1,0.81451315
1,1,0,0.27034664
1,0,1,0.51180804
1,1,1,0.60474473
1,0,0,0.24324304
1,1,1,0.82660186
1,0,0,0.3236416
1,0,1,0.79820895
1,0,0,0.22438522
1,0,0,0.3873702
1,1,1,0.8658966
1,0,0,0.09085223
1,0,1,0.5606284
1,0,0,0.2494265
1,0,1,0.6827128
1,1,1,0.84922385
1,0,0,0.43197843
1,0,0,0.2680202
1,1,1,0.74245876
1,0,1,0.6035464
1,1,1,0.74828905
1,1,1,0.5532735
1,0,1,0.58344394
1,0,1,0.6171106
1,1,1,0.6047746
1,1,1,0.6687487
1,1,1,0.7466484
1,0,0,0.4909528
1,0,0,0.4781588
1,0,0,0.2874201
1,1,1,0.7105707
1,1,1,0.8579794
1,0,1,0.6541237
1,0,0,0.10315639
1,1,0,0.3459812
1,0,1,0.7545339
1,1,1,0.7827607
1,0,0,0.46653402
1,0,0,0.2649272
1,0,1,0.5420219
1,1,1,0.5586291
1,1,1,0.90392524
1,0,0,0.2102691
1,1,1,0.85154665
1,0,0,0.43019578
1,0,0,0.18333942
1,0,0,0.06830734
1,1,1,0.71187013
1,0,1,0.8019317
1,1,0,0.4218838
1,1,1,0.6988354
1,0,0,0.46368
1,0,0,0.3934422
1,0,0,0.468684
1,1,1,0.6153606
1,1,1,0.83723766
1,1,1,0.5962844
1,1,0,0.28255934
1,1,1,0.56826645
1,0,1,0.7682424
1,1,1,0.56995857
1,1,1,0.6060529
1,0,1,0.8595954
1,1,1,0.9115244
1,1,1,0.8339347
1,1,0,0.45633236
1,0,0,0.15856168
1,1,0,0.3577796
1,0,1,0.72140545
1,0,0,0.14635678
1,0,0,0.129924
1,0,1,0.5462799
1,1,1,0.5411043
1,1,0,0.29920116
1,1,1,0.81009704
1,1,1,0.73522675
1,1,1,0.8711293
1,0,0,0.27346665
1,1,1,0.73558164
1,0,1,0.7024153
1,1,0,0.28410777
1,1,1,0.8128151
1,1,1,0.63724226
1,1,1,0.8131051
1,0,0,0.3302845
1,1,1,0.80201125
1,0,0,0.1042752
1,1,0,0.32055035
1,1,1,0.84777874
1,0,1,0.7735972
1,1,1,0.64064664
1,1,0,0.23474926
1,1,0,0.248547
1,0,0,0.3231469
1,1,0,0.36556998
1,1,1,0.6906004
1,0,0,0.12676324
1,1,1,0.5427936
1,0,0,0.2509483
1,1,0,0.39542502
1,0,0,0.4053044
1,0,0,0.14883974
1,0,1,0.64937013
1,0,1,0.5056793
1,0,1,0.60502523
1,1,1,0.7410423
1,0,0,0.49955174
1,0,0,0.36630204
1,0,0,0.30245072
1,1,1,0.7461714
1,0,1,0.55659854
1,0,1,0.5947708
1,1,1,0.56875044
1,1,1,0.63476723
1,0,1,0.65514004
1,1,1,0.7679848
1,0,1,0.7710403
1,0,0,0.45310405
1,0,1,0.55284923
1,0,1,0.83482295
1,1,1,0.74266714
1,1,1,0.5484571
1,0,0,0.37428057
1,0,0,0.31132293
1,0,0,0.13262102
1,1,1,0.6573443
1,0,1,0.5841
1,1,1,0.75096005
1,1,1,0.71132165
1,0,0,0.2923997
1,1,1,0.5873898
1,1,1,0.5230419
1,1,0,0.361013
1,1,0,0.3382561
1,0,1,0.75406724
1,0,0,0.15578696
1,0,1,0.52193373
1,0,0,0.21761167
1,0,1,0.8317948
1,0,1,0.80429024
1,1,1,0.6293851
1,0,0,0.3701325
1,1,1,0.60592085
1,0,1,0.51989365
1,0,0,0.30903628
1,1,1,0.68161225
1,0,0,0.18373355
1,1,0,0.35994282
1,0,0,0.20446798
1,1,1,0.5926019
1,0,0,0.43365645
1,1,1,0.5860944
1,0,0,0.27183565
1,0,1,0.52024853
1,1,1,0.6627702
1,1,1,0.5742227
1,1,0,0.14857456
1,1,0,0.4429768
1,0,1,0.6247317
1,0,0,0.24979648
1,1,0,0.4071807
1,0,1,0.5432146
1,1,1,0.58764017
1,0,1,0.6251628
1,0,0,0.45795065
1,1,1,0.69984424
1,1,0,0.4213983
1,1,1,0.7223453
1,1,1,0.7091294
1,0,1,0.5044861
1,0,1,0.6018567
1,1,0,0.46305537
1,0,1,0.619492
1,1,1,0.68635327
1,0,1,0.56587577
1,1,1,0.5827449
1,1,1,0.7738025
1,1,0,0.47286886
1,0,1,0.7348476
1,0,0,0.28583628
1,1,1,0.71254146
1,0,0,0.29461053
1,0,1,0.8062313
1,0,1,0.5738838
1,0,0,0.3545881
1,1,1,0.69870687
1,0,0,0.35100314
1,1,1,0.72306275
1,1,1,0.81826425
1,1,1,0.59457684
1,1,1,0.7913945
1,1,1,0.76826066
1,0,1,0.5475997
1,0,1,0.50438106
1,0,1,0.59407747
1,1,1,0.6846369
1,1,0,0.3814539
1,1,1,0.8948576
1,1,1,0.5562045
1,1,1,0.5983522
1,1,1,0.55734205
1,1,1,0.75504315
1,1,0,0.12871183
1,0,0,0.32393014
1,1,1,0.69525194
1,0,1,0.6414847
1,1,1,0.5300003
1,0,0,0.300151
1,0,0,0.34042054
1,0,1,0.51754093
1,0,1,0.7276438
1,0,1,0.69785374
1,0,0,0.21741802
1,0,0,0.24967667
1,1,1,0.70203525
1,1,1,0.716833
1,0,1,0.5516195
1,1,1,0.8803815
1,1,0,0.30340934
1,1,1,0.6584675
1,0,1,0.70598704
1,1,1,0.6102069
1,1,0,0.21248142
1,0,1,0.6120176
1,0,0,0.48720297
1,1,1,0.85986125
1,1,0,0.16392483
1,1,1,0.6508778
1,0,1,0.82586545
1,0,0,0.41469246
1,1,0,0.33418787
1,0,1,0.6080422
1,0,0,0.39308834
1,0,1,0.5782695
1,0,1,0.554355
1,0,1,0.5843111
1,0,1,0.58836204
1,1,0,0.4109987
1,1,1,0.9192289
1,1,0,0.41365638
1,0,0,0.23568995
1,0,0,0.37966594
1,1,1,0.6582053
1,0,0,0.26221845
1,0,0,0.25755683
1,1,1,0.78925115
1,1,1,0.7487365
1,1,0,0.49139708
1,0,0,0.33070663
1,1,0,0.43394423
1,0,0,0.20829771
1,0,0,0.30998075
1,0,0,0.4958825
1,0,1,0.75942785
1,0,0,0.42517337
1,1,0,0.3941714
1,0,0,0.24522023
1,1,1,0.52275425
1,1,1,0.81064236
1,0,0,0.4211623
1,0,1,0.54677457
1,0,0,0.20728922
1,0,0,0.12445457
1,1,1,0.7832776
1,0,1,0.57441294
1,1,1,0.810779
1,1,1,0.752953
1,0,1,0.68549484
1,1,1,0.8964847
1,0,0,0.23751305
1,0,0,0.20751974
1,0,0,0.19663388
1,1,1,0.6067225
1,1,1,0.54754996
1,1,1,0.780167
1,0,0,0.19092794
1,1,1,0.6305649
1,0,0,0.33758867
1,1,0,0.1405848
1,0,0,0.24317412
1,0,0,0.4085384
1,1,1,0.82078
1,1,1,0.55818295
1,1,0,0.48723727
1,0,0,0.31422696
1,0,0,0.18947293
1,1,1,0.7967986
1,1,1,0.6661937
1,1,1,0.7067318
1,0,1,0.5628546
1,1,1,0.6201737
1,1,1,0.6971846
1,0,0,0.4125362
1,0,0,0.30993247
1,1,1,0.50341177
1,1,1,0.707494
1,1,1,0.72581595
1,0,0,0.48547727
1,0,0,0.46012855
1,0,0,0.30520678
1,0,0,0.44088867
1,0,0,0.1437377
1,0,0,0.48328623
1,0,1,0.6941474
1,1,1,0.71987444
1,0,0,0.4819182
1,0,1,0.63004035
1,1,0,0.47106206
1,0,1,0.5963673
1,0,1,0.67340267
1,0,0,0.23201896
1,1,1,0.6727063
1,0,1,0.68176365
1,1,1,0.802091
1,1,0,0.15452598
1,1,0,0.17145345
1,1,1,0.75651425
1,1,1,0.7353109
1,1,1,0.663537
1,0,0,0.23874712
1,1,1,0.7771387
1,0,1,0.6790413
1,0,1,0.5886094
1,1,1,0.6497023
1,1,1,0.7640807
1,0,0,0.18411182
1,1,1,0.5009261
1,0,0,0.2716731
1,1,1,0.6286813
1,0,0,0.19639154
1,1,1,0.6245058
1,0,0,0.3950078
1,1,1,0.7439011
1,1,1,0.5290224
1,1,1,0.52352005
1,1,0,0.49962994
1,1,1,0.5731881
1,1,0,0.29413092
1,0,1,0.7370643
1,0,0,0.35065454
1,0,0,0.31366932
1,0,1,0.5449996
1,0,0,0.4634489
1,1,0,0.2699669
1,1,1,0.7883758
1,1,0,0.24849722
1,0,0,0.4049593
1,0,1,0.6599757
1,0,1,0.7035348
1,0,0,0.3817206
1,1,0,0.37518543
1,0,0,0.40020683
1,0,0,0.42700052
1,0,0,0.18999389
1,0,0,0.1759547
1,0,0,0.1340483
1,1,1,0.62515193
1,1,0,0.36247635
1,1,1,0.74105495
1,1,1,0.7160928
1,1,1,0.56893843
1,1,1,0.7255347
1,1,1,0.7655367
1,0,0,0.1380314
1,1,1,0.7323569
1,0,1,0.6678735
1,1,0,0.36946556
1,0,0,0.20707247
1,0,1,0.5800758
1,1,0,0.4328284
1,1,1,0.8080718
1,0,1,0.70713747
1,0,0,0.30393457
1,0,0,0.43538588
1,0,1,0.73851883
1,0,0,0.3086209
1,1,1,0.90262824
1,1,1,0.608956
1,1,1,0.79526615
1,1,1,0.82519954
1,1,1,0.50466967
1,0,0,0.408438
1,0,0,0.099876456
1,0,1,0.5070703
1,0,1,0.6866882
1,1,1,0.6667202
1,1,1,0.76816034
1,0,0,0.31032544
1,0,1,0.571688
1,0,0,0.18544187
1,0,0,0.37999532
1,1,1,0.72989565
1,0,0,0.09986549
1,0,0,0.2220441
1,0,0,0.3258931
1,1,1,0.6963967
1,0,0,0.17492396
1,1,1,0.54832745
1,1,1,0.8857179
1,1,1,0.60333496
1,0,0,0.32513762
1,1,1,0.8710258
1,0,0,0.18363468
1,1,1,0.873014
1,1,1,0.9090375
1,0,0,0.4834436
1,1,1,0.82542586
1,0,1,0.61421305
1,0,1,0.71945876
1,1,1,0.705546
1,1,0,0.3635402
1,1,0,0.3459696
1,1,1,0.6484516
1,1,0,0.3232781
1,1,1,0.7859415
1,0,1,0.7493018
1,0,0,0.28882128
1,0,1,0.7417703
1,0,0,0.49194425
1,0,0,0.37935284
1,1,1,0.77686673
1,1,1,0.8062976
1,1,1,0.5886124
1,0,1,0.81113386
1,0,0,0.37057087
1,1,0,0.4923033
1,1,1,0.5028546
1,1,1,0.5034171
1,0,1,0.5081315
1,1,1,0.5036209
1,0,1,0.5061076
1,0,1,0.52505624
1,1,0,0.42495137
1,1,1,0.57922065
1,1,0,0.46477067
1,1,0,0.41029847
1,1,1,0.8579279
1,1,1,0.5390247
1,0,0,0.37094808
1,0,0,0.3358005
1,1,1,0.8108136
1,1,0,0.46923715
1,0,0,0.38151205
1,0,0,0.12977453
1,1,1,0.7235666
1,1,1,0.59543014
1,0,0,0.25077766
1,0,1,0.76020867
1,0,0,0.49708977
1,1,1,0.599095
1,1,1,0.87066686
1,0,1,0.5798907
1,1,1,0.7299241
1,1,0,0.48829523
1,0,0,0.31036168
1,1,1,0.6214558
1,0,0,0.26198828
1,1,1,0.68159604
1,0,1,0.54629636
1,0,1,0.8322575
1,1,1,0.5331236
1,0,0,0.44689023
1,0,0,0.24121174
1,1,0,0.4279671
1,0,0,0.36543342
1,0,0,0.39734188
1,0,1,0.53544885
1,1,1,0.64139044
1,1,0,0.47127068
1,0,1,0.5175255
1,1,1,0.8270132
1,1,1,0.51333183
1,1,1,0.7529063
1,1,0,0.36165252
1,0,0,0.26663706
1,0,0,0.33397648
1,0,0,0.41837734
1,1,0,0.29052675
1,0,1,0.60439116
1,0,0,0.46791488
1,1,1,0.51212436
1,1,1,0.5595941
1,1,0,0.44927025
1,1,0,0.3637334
1,1,0,0.288549
1,1,1,0.8835897
1,0,0,0.4904524
1,1,1,0.5916192
1,1,0,0.43923396
1,0,0,0.4219057
1,0,0,0.23818423
1,1,1,0.8519082
1,1,1,0.5151843
1,0,1,0.58423257
1,1,1,0.52465576
1,0,0,0.45381314
1,1,1,0.74274945
1,1,1,0.6658565
1,0,0,0.20066346
1,0,1,0.7746462
1,1,1,0.89762914
1,0,1,0.6543364
1,0,1,0.6269529
1,1,0,0.44426405
1,0,1,0.5392295
1,0,0,0.3842374
1,0,1,0.73268545
1,1,1,0.5594175
1,0,0,0.3723941
1,1,1,0.80064535
1,1,1,0.5574347
1,1,1,0.7329884
1,0,0,0.19432066
1,1,1,0.7865119
1,0,1,0.69217443
1,0,0,0.4241756
1,0,0,0.38072494
1,1,1,0.83625937
1,1,1,0.639846
1,0,0,0.48182738
1,0,0,0.40454808
1,0,0,0.41803962
1,0,1,0.561236
1,0,0,0.34161332
1,1,1,0.65964335
1,1,1,0.7841264
1,0,0,0.29277623
1,0,0,0.20444949
1,0,1,0.7276041
1,0,0,0.09935572
1,1,1,0.6142951
1,1,1,0.705378
1,1,0,0.40155277
1,1,0,0.4864801
1,0,1,0.6102106
1,0,0,0.20353144
1,1,1,0.69647497
1,1,1,0.588993
1,0,0,0.40997306
1,0,0,0.3958149
1,1,1,0.6730861
1,0,0,0.44281262
1,0,0,0.4588418
1,1,0,0.44767347
1,1,1,0.5114533
1,0,1,0.8099291
1,1,1,0.7985765
1,1,1,0.7453388
1,0,0,0.49483326
1,0,0,0.32098603
1,1,1,0.7638609
1,0,1,0.5066139
1,0,1,0.6519225
1,0,0,0.45943975
1,0,0,0.3073288
1,0,0,0.4033505
1,1,0,0.39005098
1,1,0,0.4918436
1,0,0,0.18834814
1,0,1,0.6258284
1,1,1,0.69261134
1,0,1,0.5363973
1,1,1,0.67112786
1,1,1,0.5220726
1,0,1,0.6469049
1,1,1,0.72897345
1,0,0,0.28657058
1,1,1,0.8877711
1,0,0,0.4866395
1,0,0,0.43455318
1,1,0,0.19612716
1,1,0,0.487746
1,0,0,0.29312748
1,1,1,0.7477392
1,0,0,0.15401675
1,0,0,0.45170954
1,1,1,0.53920686
1,0,0,0.34681123
1,0,0,0.32835016
1,1,0,0.3982351
1,0,0,0.25943232
1,0,0,0.15888378
1,1,1,0.5843986
1,0,1,0.5202522
1,0,0,0.30935332
1,1,1,0.53802335
1,0,0,0.1439245
1,1,1,0.61310524
1,0,1,0.62382907
1,0,1,0.5103912
1,1,0,0.29540887
1,0,0,0.27517992
1,0,0,0.20650885
1,0,0,0.14519264
1,1,0,0.45398888
1,0,0,0.19148676
1,0,0,0.29702377
1,0,0,0.22239637
1,1,0,0.35077712
1,0,1,0.546323
1,0,0,0.2926309
1,0,0,0.20444451
1,0,0,0.23447089
1,0,1,0.69013876
1,0,0,0.21345675
1,0,0,0.37744546
1,0,0,0.4841732
1,0,0,0.25196826
1,1,0,0.23661785
1,1,0,0.2680659
1,1,0,0.326502
1,0,0,0.442309
1,0,0,0.33515185
1,0,0,0.3199647
1,1,1,0.5387173
1,1,0,0.4424106
1,1,1,0.62626946
1,1,0,0.46678808
1,1,0,0.23152137
1,0,0,0.3022048
1,0,0,0.15084738
1,1,0,0.36754566
1,1,0,0.4299424
1,1,0,0.30599344
1,0,0,0.27819523
1,1,0,0.38859352
1,1,1,0.52804327
1,1,1,0.60340583
1,1,0,0.43926695
1,0,0,0.22853412
1,0,0,0.24741498
1,0,0,0.1711572
1,0,0,0.3253485
1,0,0,0.171131
1,0,0,0.30787614
1,0,0,0.12753952
1,0,0,0.3292782
1,1,0,0.26633576
1,0,1,0.61460567
1,0,1,0.7419762
1,1,1,0.6900517
1,0,0,0.4406895
1,0,0,0.20136993
1,0,0,0.2257315
1,0,0,0.35412592
1,0,0,0.34344512
1,0,0,0.32158595
1,1,0,0.23654431
1,1,1,0.5561819
1,0,0,0.19293006
1,1,0,0.4167273
1,0,0,0.2751557
1,0,0,0.17280646
1,1,0,0.26859498
1,0,0,0.13230169
1,1,1,0.5908563
1,0,0,0.45209923
1,0,0,0.16291328
1,1,1,0.8435783
1,0,0,0.27935967
1,1,0,0.20740895
1,0,0,0.17483297
1,1,0,0.27379274
1,1,0,0.28442717
1,0,0,0.17750056
1,1,1,0.80233896
1,1,1,0.75539863
1,0,1,0.54397434
1,1,1,0.7926542
1,0,0,0.05482562
1,0,0,0.17848486
1,0,0,0.17952403
1,1,0,0.19854063
1,0,1,0.6412754
1,0,0,0.19271672
1,0,0,0.21778789
1,0,1,0.6086581
1,1,0,0.12207455
1,1,0,0.3590662
1,0,0,0.33456516
1,0,0,0.123600684
1,0,0,0.45889807
1,1,0,0.19422303
1,0,0,0.19884284
1,1,1,0.6589032
1,0,0,0.4469486
1,0,1,0.6331663
1,1,1,0.65961266
1,0,0,0.4306054
1,1,1,0.7388228
1,1,1,0.82022464
1,0,0,0.33487034
1,1,1,0.8064901
1,1,1,0.7670932
1,1,1,0.6874996
1,1,1,0.8511467
1,1,1,0.8108746
1,0,0,0.27332848
1,1,1,0.7228564
1,1,1,0.7175389
1,1,1,0.86943066
1,0,1,0.6103996
1,1,1,0.62435836
1,0,0,0.35365245
1,1,1,0.87383026
1,0,1,0.56892973
1,0,1,0.6025845
1,0,0,0.11243523
1,0,0,0.22602312
1,1,0,0.36574626
1,0,0,0.24571237
1,1,0,0.20331365
1,1,0,0.097210094
1,0,0,0.38337457
1,0,0,0.1887763
1,0,0,0.3589878
1,0,0,0.4332536
1,1,0,0.32922062
1,0,0,0.25008446
1,1,0,0.22558403
1,0,0,0.25043058
1,0,0,0.36348307
1,1,0,0.28047585
1,1,0,0.35898077
1,1,0,0.12430424
1,1,0,0.13284689
1,1,0,0.28163493
1,1,0,0.38418868
1,1,0,0.22168529
1,0,1,0.5725685
1,0,0,0.19025715
1,0,0,0.2872219
1,0,1,0.5980986
1,0,0,0.3261867
1,0,0,0.31774017
1,1,0,0.27443323
1,0,0,0.12503839
1,0,1,0.5088922
1,0,0,0.2212937
1,0,0,0.37745142
1,1,0,0.23983411
1,1,0,0.27796173
1,0,0,0.22844647
1,1,1,0.6045265
1,1,1,0.5900983
1,0,0,0.41560772
1,1,1,0.55876875
1,0,0,0.28545275
1,0,0,0.29392827
1,1,1,0.5525497
1,0,1,0.6222814
1,0,0,0.33572742
1,0,0,0.4539153
1,1,0,0.37610024
1,0,0,0.17955783
1,0,0,0.29486158
1,0,0,0.1460535
1,1,0,0.10037842
1,1,0,0.45892116
1,0,0,0.43547884
1,1,0,0.48517817
1,0,0,0.33060113
1,1,1,0.70833474
1,0,1,0.57638395
1,0,1,0.8262129
1,1,0,0.45645145
1,1,0,0.443997
1,0,0,0.46393585
1,0,1,0.61147445
1,0,0,0.15806484
1,1,1,0.55301607
1,0,0,0.318444
1,0,0,0.24839152
1,1,0,0.4450871
1,1,0,0.4820834
1,0,1,0.5699839
1,1,0,0.4740794
1,1,1,0.8337775
1,1,0,0.32940206
1,1,1,0.7524511
1,1,1,0.7257107
1,1,0,0.47623706
1,1,1,0.86962724
1,1,0,0.29289302
1,0,1,0.68707496
1,0,1,0.5636367
1,0,1,0.57819253
1,0,0,0.19925013
1,0,1,0.73673195
1,1,1,0.7665133
1,1,1,0.83979565
1,0,0,0.2264692
1,1,1,0.68398255
1,1,0,0.49066702
1,0,0,0.23115155
1,0,0,0.10942958
1,0,0,0.13688035
1,0,0,0.16465598
1,0,1,0.764525
1,0,1,0.51554734
1,1,1,0.5628948
1,0,1,0.7563267
1,0,0,0.48071778
1,0,1,0.6188328
1,1,0,0.45755282
1,0,1,0.6075122
1,1,1,0.77490634
1,0,1,0.57630336
1,0,1,0.55606395
1,1,0,0.34542698
1,0,1,0.62951285
1,1,0,0.3534619
1,0,1,0.61837953
1,1,1,0.52868384
1,0,1,0.526169
1,0,0,0.3159278
1,1,0,0.34167993
1,0,0,0.2801834
1,0,1,0.63498837
1,0,0,0.48927966
1,1,1,0.53051203
1,1,1,0.5987065
1,0,0,0.4362935
1,1,0,0.33475146
1,1,0,0.28128842
1,0,0,0.3824294
1,0,0,0.42652008
1,0,0,0.35729557
1,0,0,0.34362
1,1,0,0.23758401
1,1,1,0.6437915
1,0,0,0.31525058
1,1,1,0.7342257
1,1,1,0.8301521
1,1,0,0.4793173
1,1,1,0.6105915
1,1,1,0.7656388
1,0,0,0.23369958
1,0,1,0.5854024
1,1,1,0.5496169
1,0,1,0.5662952
1,1,1,0.750475
1,0,0,0.42464545
1,0,1,0.559073
1,0,0,0.3703278
1,0,0,0.37677634
1,0,0,0.21787016
1,0,1,0.6468781
1,0,1,0.73613054
1,0,0,0.37677482
1,1,1,0.84146774
1,1,1,0.5906022
1,1,1,0.7257969
1,1,1,0.6623578
1,0,1,0.5234468
1,1,1,0.86991626
1,1,1,0.5068583
1,1,1,0.84056634
1,0,0,0.24419461
1,1,1,0.8227399
1,0,1,0.8044486
1,0,1,0.5056184
1,0,0,0.26265433
1,1,1,0.6983859
1,1,1,0.86727446
1,0,0,0.48260528
1,1,1,0.6660453
1,1,1,0.75712705
1,1,1,0.8936702
1,1,1,0.7557154
1,0,1,0.56094205
1,0,1,0.61977684
1,1,1,0.7145878
1,0,0,0.42644364
1,1,1,0.6326929
1,0,1,0.5977528
1,0,1,0.78425026
1,1,1,0.8118306
1,1,1,0.71279573
1,1,1,0.8323969
1,1,1,0.66624147
1,1,1,0.6517996
1,1,1,0.7943544
1,1,1,0.6297793
1,1,1,0.64388824
1,1,1,0.6875671
1,1,1,0.7744156
1,1,1,0.7594736
1,0,0,0.3856666
1,0,0,0.20369859
1,1,1,0.60991573
1,0,1,0.6024757
1,0,1,0.67379344
1,0,0,0.37190723
1,0,0,0.14638057
1,1,1,0.52352184
1,0,0,0.37295336
1,1,1,0.8571949
1,0,0,0.36971498
1,0,0,0.33589393
1,1,1,0.72453576
1,0,1,0.6956347
1,0,0,0.08577201
1,0,1,0.8119343
1,1,1,0.5535431
1,0,1,0.6755099
1,1,0,0.48103943
1,1,1,0.8611693
1,0,1,0.6885797
1,0,0,0.27555642
1,1,1,0.7497909
1,0,0,0.4652403
1,1,1,0.8165619
1,0,0,0.45246866
1,0,0,0.27182555
1,1,1,0.9081771
1,1,1,0.791794
1,0,0,0.46284208
1,0,0,0.20702328
1,0,0,0.14583391
1,0,0,0.13584617
1,1,1,0.7927774
1,1,1,0.85292083
1,0,0,0.18359156
1,1,1,0.78270996
1,0,0,0.2971473
1,1,1,0.815369
1,1,1,0.7780968
1,1,1,0.7783432
1,1,1,0.8385617
1,1,1,0.5657251
1,0,1,0.5139748
1,0,1,0.6885797
1,1,1,0.7240346
1,1,1,0.7742768
1,1,1,0.8090934
1,1,1,0.72742105
1,0,1,0.8165619
1,0,0,0.45246866
1,0,0,0.27182555
1,1,1,0.8687855
1,1,1,0.81245124
1,1,1,0.5080023
1,1,1,0.62911904
1,1,0,0.3608497
1,1,1,0.51286405
1,0,0,0.21288665
1,1,1,0.6321672
1,1,0,0.45931986
1,0,0,0.26608604
1,0,0,0.3738554
1,0,0,0.4132048
1,0,0,0.19824517
1,0,0,0.34470773
1,0,0,0.13201007
1,0,0,0.31220853
1,0,0,0.2272967
1,0,0,0.20729372
1,1,0,0.4421263
1,1,1,0.66948485
1,1,1,0.59708583
1,0,0,0.45907193
1,0,0,0.2319681
1,0,1,0.56721145
1,0,0,0.1297484
1,0,0,0.14285974
1,0,0,0.17509677
1,0,0,0.26405743
1,0,0,0.40867937
1,0,0,0.35645857
1,1,0,0.2556203
1,1,0,0.43900803
1,0,0,0.36183771
1,1,0,0.4077179
1,0,0,0.26301345
1,0,0,0.21758229
1,0,0,0.30984366
1,0,0,0.18238036
1,0,1,0.5246232
1,0,0,0.11967941
1,0,0,0.3103747
1,0,0,0.16944009
1,0,0,0.37604678
1,0,0,0.29532292
1,0,0,0.27392203
1,0,0,0.13362609
1,0,0,0.11288517
1,0,0,0.16762504
1,0,0,0.3502626
1,0,0,0.1693361
1,0,1,0.52520746
1,0,1,0.5718729
1,0,0,0.2277247
1,0,0,0.28058523
1,0,0,0.33733386
1,0,0,0.30892956
1,0,1,0.506529
1,1,0,0.25985038
1,0,0,0.34713933
1,0,0,0.3537429
1,0,0,0.2818557
1,0,0,0.3726643
1,0,0,0.47535682
1,0,0,0.16448337
1,0,0,0.117797285
1,0,0,0.48124003
1,1,0,0.20331469
1,1,0,0.252629
1,0,0,0.1805955
1,0,0,0.16469648
1,0,0,0.22886127
1,0,0,0.28292534
1,0,0,0.39035982
1,0,0,0.19992931
1,1,0,0.23951201
1,0,0,0.36972433
1,0,0,0.24333715
1,1,0,0.3110646
1,0,0,0.27165726
1,0,0,0.33660826
1,0,0,0.34740564
1,1,0,0.36262056
1,1,0,0.49526507
1,1,0,0.45939407
1,0,1,0.6563822
1,1,0,0.07667121
1,0,0,0.112644516
1,1,1,0.7154639
1,1,0,0.33415824
1,0,1,0.56680006
1,0,0,0.38008752
1,1,0,0.32907858
1,0,0,0.42367855
1,0,0,0.22537056
1,0,1,0.58256066
1,0,0,0.32976827
1,0,0,0.11762417
1,0,0,0.19132045
1,0,1,0.5018177
1,1,1,0.5566889
1,0,0,0.4859366
1,0,0,0.48755628
1,1,0,0.15422289
1,1,0,0.37429678
1,0,0,0.18644437
1,1,0,0.124009974
1,1,0,0.26986328
1,0,0,0.30514118
1,1,0,0.14592691
1,0,0,0.4530444
1,0,1,0.5917456
1,1,0,0.40543455
1,1,0,0.48607537
1,0,0,0.37210214
1,1,0,0.26777548
1,1,0,0.3377955
1,0,0,0.36670467
1,0,1,0.59328604
1,1,0,0.3085468
1,1,0,0.38124
1,1,1,0.5969831
1,0,0,0.15611258
1,0,0,0.17130631
1,1,0,0.40247002
1,1,0,0.12243051
1,1,1,0.62692153
1,0,0,0.17461832
1,1,0,0.45566583
1,0,0,0.11543556
1,0,0,0.19196628
1,0,1,0.52320594
1,0,0,0.37926713
1,0,0,0.37439752
1,1,0,0.2863207
1,1,0,0.37506703
1,0,1,0.6904585
1,0,0,0.34947827
1,0,1,0.54136217
1,0,0,0.065521844
1,1,1,0.6918886
1,1,1,0.6228624
1,0,0,0.11321818
1,1,1,0.71460193
1,0,0,0.31891677
1,0,0,0.16580339
1,0,0,0.1282361
1,1,0,0.2381488
1,1,0,0.22975485
1,1,0,0.16352852
1,0,0,0.30224434
1,0,0,0.11967363
1,0,0,0.1493144
1,0,0,0.30896857
1,0,0,0.33592206
1,0,0,0.08255921
1,0,1,0.65691835
1,1,1,0.7396693
1,1,1,0.64896727
1,1,0,0.26777548
1,1,0,0.3316536
1,1,0,0.38586438
1,0,0,0.20348945
1,0,0,0.2641729
1,0,0,0.08482136
1,0,0,0.10905151
1,1,1,0.57195675
1,1,0,0.37958428
1,0,0,0.41336024
1,0,0,0.11453247
1,0,0,0.31714103
1,0,0,0.33727607
1,1,0,0.49816832
1,0,0,0.28154522
1,0,0,0.25891402
1,1,0,0.17319113
1,0,0,0.09172706
1,0,0,0.3611999
1,1,0,0.33444723
1,0,0,0.28563082
1,0,0,0.1362752
1,0,0,0.20145783
1,0,0,0.44277957
1,0,0,0.073703624
1,0,0,0.20384695
1,0,0,0.057001073
1,1,0,0.23919792
1,1,0,0.3458206
1,0,0,0.10145741
1,0,0,0.22060028
1,1,0,0.3082464
1,0,0,0.122170076
1,0,0,0.21414965
1,0,0,0.4321344
1,0,1,0.5256951
1,1,0,0.23539898
1,1,0,0.18262565
1,0,0,0.16251631
1,1,1,0.53369206
1,1,1,0.56556886
1,0,1,0.56078357
1,1,0,0.21182029
1,0,0,0.17349322
1,0,0,0.22190124
1,0,0,0.13804998
1,0,0,0.15622103
1,1,1,0.77521056
1,1,1,0.7106292
1,1,1,0.5172183
1,0,1,0.6225425
1,1,0,0.2650173
1,1,0,0.24525826
1,0,0,0.45210245
1,0,0,0.15252323
1,0,0,0.4021872
1,0,0,0.25237423
1,1,0,0.29523697
1,0,0,0.36768675
1,0,0,0.10456272
1,1,1,0.69986105
1,0,0,0.29993626
1,0,0,0.2643486
1,0,0,0.15498625
1,0,0,0.2614634
1,0,0,0.1790864
1,0,0,0.09017645
1,0,0,0.26783556
1,0,0,0.11668352
1,0,0,0.10531846
1,0,0,0.1864187
1,0,0,0.19818616
1,0,0,0.3413188
1,0,0,0.18134595
1,1,0,0.3683016
1,1,0,0.378876
1,0,0,0.26392087
1,0,0,0.29461193
1,0,0,0.10896326
1,0,0,0.16772158
1,1,0,0.19478112
1,1,0,0.29553005
1,0,0,0.16950594
1,0,0,0.33745778
1,1,0,0.42495918
1,0,0,0.28206638
1,1,0,0.48373035
1,1,0,0.4408827
1,0,0,0.15197474
1,0,0,0.38885897
1,0,0,0.13379143
1,1,1,0.714445
1,1,1,0.70668185
1,0,0,0.17092818
1,0,1,0.5812061
1,0,0,0.33648446
1,0,0,0.41747206
1,1,1,0.62230915
1,0,0,0.07164107
1,0,0,0.12817098
1,1,1,0.6725083
1,1,0,0.4314221
1,0,1,0.6391725
1,0,0,0.4625713
1,0,1,0.5374905
1,0,1,0.6215344
1,0,0,0.32236132
1,0,0,0.2128682
1,0,0,0.31329566
1,1,1,0.8172399
1,0,1,0.7056255
1,1,1,0.58930176
1,0,0,0.38753375
1,1,1,0.70071244
1,0,0,0.28434584
1,1,1,0.78271055
1,0,0,0.3159264
1,0,0,0.3965953
1,1,1,0.8343663
1,0,0,0.25909382
1,1,1,0.52923244
1,0,0,0.3630379
1,0,0,0.10068292
1,1,1,0.58572793
1,0,0,0.36796346
1,1,1,0.94070965
1,0,1,0.55678266
1,1,1,0.5331236
1,0,0,0.4783826
1,0,1,0.535343
1,0,0,0.49769747
1,1,1,0.7465999
1,1,1,0.7816367
1,1,1,0.89758915
1,0,0,0.35339245
1,1,1,0.6345953
1,0,0,0.1297413
1,0,0,0.32260856
1,0,0,0.3827214
1,1,1,0.7257356
1,0,0,0.47100058
1,1,1,0.5269094
1,1,1,0.51232797
1,0,0,0.38875148
1,0,0,0.473216
1,1,0,0.41630188
1,0,1,0.7185641
1,0,0,0.29627258
1,0,0,0.0976799
1,1,0,0.38485467
1,1,1,0.71577615
1,0,0,0.35792467
1,1,1,0.82776845
1,0,1,0.732497
1,1,1,0.5999955
1,0,0,0.20944963
1,0,1,0.66245687
1,0,1,0.6105118
1,1,1,0.82747644
1,1,0,0.38551217
1,0,0,0.09488799
1,0,0,0.2111903
1,0,0,0.4452668
1,0,0,0.48459697
1,1,0,0.47393325
1,1,1,0.66319627
1,1,1,0.59414524
1,1,1,0.54629093
1,1,1,0.72383016
1,1,0,0.39227027
1,0,0,0.33431217
1,1,1,0.82124317
1,0,0,0.44408205
1,1,1,0.6048926
1,0,0,0.2735364
1,1,1,0.8097489
1,1,1,0.73564094
1,1,1,0.7594694
1,1,1,0.7914243
1,0,1,0.65399426
1,0,1,0.5095121
1,0,0,0.1437828
1,1,1,0.6268821
1,1,1,0.6560997
1,0,0,0.46784207
1,1,0,0.41301158
1,1,1,0.5768209
1,0,0,0.1270036
1,0,1,0.67798877
1,0,0,0.4949872
1,1,1,0.71648586
1,0,1,0.50290835
1,1,1,0.74309224
1,0,1,0.5876722
1,1,1,0.76999474
1,0,1,0.8185624
1,1,1,0.63176775
1,1,1,0.579146
1,0,1,0.60799134
1,1,1,0.53755784
1,0,0,0.113951005
1,1,1,0.763535
1,0,0,0.27727428
1,1,1,0.51708955
1,0,0,0.28802964
1,0,0,0.37786925
1,0,1,0.74705374
1,1,1,0.7649571
1,1,1,0.71726394
1,0,1,0.6242491
1,1,0,0.4461612
1,1,1,0.6010867
1,0,0,0.32599887
1,1,0,0.4236428
1,0,1,0.7468621
1,1,0,0.43502626
1,1,1,0.6836974
1,0,1,0.60499513
1,1,1,0.5864449
1,1,1,0.54338557
1,1,1,0.6327637
1,1,1,0.6189201
1,0,0,0.35969913
1,0,1,0.50278556
1,1,1,0.7612171
1,0,0,0.46009877
1,0,0,0.2252949
1,1,1,0.6220432
1,0,0,0.48748893
1,1,1,0.8430975
1,1,0,0.18245971
1,0,0,0.18672432
1,0,0,0.118819155
1,0,0,0.08422924
1,1,0,0.26088673
1,0,0,0.14531204
1,1,0,0.31644776
1,0,0,0.29668328
1,1,1,0.8396709
1,1,1,0.7375755
1,1,1,0.5612437
1,1,1,0.60595447
1,1,1,0.5712271
1,1,1,0.59457684
1,0,1,0.7272896
1,1,1,0.7359241
1,1,1,0.8390837
1,0,1,0.8446361
1,0,0,0.44018665
1,1,1,0.7630493
1,1,1,0.7946775
1,1,0,0.42750165
1,0,0,0.08747098
1,0,0,0.18436742
1,1,1,0.6803397
1,0,0,0.23525012
1,1,1,0.69989055
1,0,0,0.24583188
1,0,0,0.4417197
1,0,1,0.6390761
1,1,1,0.6868412
1,1,1,0.8141603
1,1,1,0.8754225
1,1,1,0.5518237
1,1,1,0.74763405
1,1,1,0.8749918
1,0,1,0.6889713
1,1,1,0.5569517
1,1,0,0.22749454
1,1,1,0.860184
1,1,1,0.6102151
1,1,1,0.81633806
1,0,0,0.21423264
1,0,1,0.7040253
1,1,1,0.7455075
1,1,0,0.3201664
1,1,1,0.63976127
1,1,1,0.77039665
1,1,0,0.49432808
1,1,0,0.484145
1,0,0,0.20435
1,0,0,0.48357213
1,0,0,0.17965424
1,1,1,0.58480567
1,0,0,0.19891857
1,1,1,0.5724607
1,0,0,0.19010377
1,0,1,0.63888216
1,0,1,0.6246283
1,1,0,0.20282969
1,0,0,0.24714164
1,0,1,0.54427284
1,0,0,0.20145041
1,0,1,0.90911484
1,0,0,0.43902376
1,1,1,0.6630617
1,0,0,0.41098604
1,0,0,0.43407694
1,0,0,0.4425326
1,1,1,0.6533153
1,1,1,0.5764012
1,1,1,0.59876025
1,1,1,0.6614597
1,0,0,0.19202185
1,1,0,0.34509552
1,1,0,0.21078427
1,1,1,0.7880908
1,1,0,0.38077646
1,0,0,0.12584552
1,1,1,0.69577634
1,1,1,0.6171007
1,0,1,0.7348476
1,0,0,0.17593004
1,0,1,0.6633248
1,0,1,0.5738838
1,0,0,0.3545881
1,0,1,0.68795276
1,1,1,0.8613516
1,1,1,0.64434683
1,1,1,0.83019143
1,0,1,0.7336388
1,1,0,0.49786282
1,1,0,0.42771927
1,1,0,0.40044028
1,0,1,0.5305914
1,1,1,0.5047139
1,1,1,0.57886153
1,0,1,0.5263497
1,1,0,0.49179822
1,1,1,0.67876446
1,0,0,0.23161554
1,0,1,0.7851653
1,0,1,0.52179724
1,0,0,0.37039736
1,1,1,0.77902085
1,1,1,0.623518
1,1,1,0.84372985
1,0,0,0.35672715
1,0,0,0.49095342
1,1,1,0.6325563
1,0,1,0.7368799
1,0,0,0.35944423
1,1,1,0.7236424
1,0,0,0.34985018
1,0,1,0.71751773
1,1,1,0.70725197
1,0,0,0.365647
1,0,0,0.31422484
1,0,1,0.58646786
1,1,1,0.8087811
1,0,1,0.693212
1,1,1,0.78097814
1,0,1,0.708805
1,1,1,0.8043234
1,0,0,0.48423752
1,1,1,0.69649166
1,1,1,0.67464435
1,1,1,0.8093298
1,0,1,0.7581211
1,1,0,0.47043124
1,0,0,0.37427545
1,0,1,0.8022233
1,0,0,0.4349563
1,1,1,0.563727
1,0,1,0.5082359
1,0,0,0.36116126
1,1,1,0.56046104
1,1,1,0.6638551
1,0,0,0.46439692
1,1,1,0.5014458
1,0,0,0.27849254
1,1,1,0.5956043
1,1,1,0.56844586
1,1,0,0.40664572
1,0,0,0.19419609
1,1,1,0.7833851
1,0,0,0.4000664
1,1,1,0.81148505
1,1,1,0.50328857
1,1,0,0.4457866
1,1,1,0.7943325
1,0,1,0.50212854
1,0,0,0.43901652
1,0,0,0.17460378
1,1,1,0.87348676
1,1,1,0.8223588
1,0,1,0.660371
1,1,1,0.66922474
1,1,1,0.708192
1,1,1,0.72877884
1,0,0,0.38052222
1,1,1,0.8417994
1,0,0,0.38526192
1,1,1,0.72349155
1,1,1,0.9143454
1,1,1,0.8917094
1,0,1,0.52182704
1,0,0,0.48298147
1,0,1,0.5107191
1,1,1,0.82171166
1,1,1,0.7227307
1,1,1,0.5574347
1,1,1,0.7329884
1,0,0,0.19432066
1,1,1,0.7865119
1,0,1,0.69217443
1,0,0,0.4241756
1,0,0,0.38072494
1,1,0,0.2880629
1,1,0,0.4605237
1,1,0,0.48508605
1,0,0,0.23566899
1,0,0,0.24674164
1,0,0,0.4634415
1,1,1,0.5074289
1,0,1,0.6235727
1,1,1,0.6311981
1,0,1,0.65447235
1,1,1,0.56053895
1,0,1,0.59367704
1,1,1,0.7610575
1,1,0,0.45767307
1,1,1,0.5594467
1,0,1,0.534847
1,0,0,0.46344045
1,0,1,0.5983552
1,0,1,0.5467052
1,1,1,0.52008206
1,0,0,0.31227463
1,0,1,0.6282123
1,0,0,0.45385063
1,1,1,0.60022914
1,1,1,0.7175184
1,1,1,0.66143155
1,1,0,0.27783042
1,0,1,0.6080947
1,0,0,0.3707067
1,1,1,0.7996581
1,1,1,0.58148044
1,1,1,0.50071895
1,1,1,0.661289
1,0,0,0.39986637
1,1,1,0.6437439
1,0,0,0.43807366
1,1,1,0.561359
1,0,0,0.34271944
1,1,0,0.20257075
1,0,0,0.09868651
1,0,0,0.2854073
1,1,1,0.6246906
1,1,0,0.30046263
1,0,0,0.10017574
1,1,0,0.45922974
1,1,0,0.2759671
1,0,1,0.6114312
1,0,0,0.11650463
1,1,1,0.7467881
1,0,0,0.3213054
1,1,1,0.60234153
1,1,0,0.45774263
1,0,0,0.49737743
1,1,1,0.5528943
1,0,0,0.36514044
1,0,1,0.60934544
1,0,1,0.5732222
1,0,1,0.6167061
1,1,1,0.6066087
1,0,0,0.20565902
1,1,0,0.4774376
1,0,0,0.4385558
1,0,0,0.38201317
1,0,1,0.61735284
1,0,0,0.44337818
1,0,0,0.42593402
1,1,0,0.19713421
1,0,0,0.30156204
1,1,1,0.6904289
1,0,1,0.59837687
1,1,0,0.35513642
1,1,0,0.22200267
1,1,0,0.4037878
1,0,1,0.5702184
1,0,0,0.24681433
1,0,0,0.31204382
1,1,0,0.25960112
1,1,1,0.74255735
1,1,1,0.8223974
1,0,0,0.2409787
1,1,1,0.75933075
1,0,0,0.3146714
1,0,1,0.861321
1,1,0,0.42398378
1,0,0,0.3519815
1,1,1,0.5146993
1,1,0,0.14396739
1,0,1,0.64202946
1,1,0,0.46715784
1,0,1,0.54879975
1,1,1,0.6753492
1,1,1,0.73448753
1,0,1,0.6596967
1,0,1,0.72556406
1,1,1,0.83849055
1,1,1,0.5664603
1,0,0,0.44558954
1,1,1,0.79500395
1,0,0,0.47763467
1,0,0,0.17706867
1,1,1,0.75527865
1,1,1,0.7776066
1,1,0,0.47145635
1,0,0,0.26240945
1,1,1,0.54222673
1,1,1,0.77666056
1,0,0,0.45170012
1,0,1,0.52674615
1,0,1,0.71642
1,0,0,0.13688447
1,1,1,0.718097
1,0,0,0.1978883
1,0,1,0.7268191
1,0,1,0.8137502
1,1,1,0.65045524
1,1,1,0.79895705
1,1,0,0.22834049
1,0,0,0.3129278
1,1,1,0.74587876
1,0,0,0.15150422
1,0,0,0.21323761
1,0,0,0.241732
1,1,0,0.44502598
1,0,1,0.6326121
1,0,0,0.42996094
1,0,0,0.23535632
1,1,0,0.17955044
1,1,0,0.31359628
1,0,1,0.6556641
1,1,1,0.66922647
1,0,1,0.6794009
1,0,1,0.7599216
1,0,0,0.22718875
1,0,0,0.36706242
1,1,1,0.5163839
1,1,1,0.85116756
1,0,1,0.60224545
1,1,1,0.7217117
1,0,0,0.31941682
1,1,1,0.80552125
1,0,0,0.3767873
1,0,1,0.6270014
1,0,1,0.6872801
1,1,1,0.77922267
1,1,1,0.88570315
1,0,0,0.35142744
1,1,1,0.7383357
1,1,1,0.56908774
1,0,1,0.52961475
1,1,1,0.58518386
1,0,0,0.21030258
1,1,1,0.7527424
1,1,1,0.8998363
1,1,0,0.41385925
1,1,1,0.7648221
1,1,1,0.8582786
1,0,1,0.55545974
1,0,0,0.2786137
1,1,0,0.17897585
1,0,0,0.28439078
1,1,0,0.15586089
1,1,1,0.72576785
1,0,0,0.4667415
1,0,0,0.3230551
1,0,0,0.30982858
1,1,1,0.92061037
1,0,1,0.62143254
1,1,1,0.6516833
1,0,0,0.16429421
1,0,0,0.4169473
1,1,1,0.86406827
1,1,1,0.5277133
1,1,1,0.7818113
1,1,1,0.5786961
1,0,1,0.5892328
1,1,1,0.643043
1,0,0,0.15745768
1,0,0,0.2667023
1,0,0,0.19180705
1,1,0,0.27653444
1,0,0,0.19206443
1,0,0,0.39614943
1,0,0,0.16381657
1,0,0,0.3689227
1,0,0,0.17220433
1,1,1,0.7158803
1,0,0,0.21733658
1,1,0,0.19454943
1,0,0,0.40355426
1,0,0,0.23243126
1,0,0,0.07152375
1,1,0,0.32775643
1,1,1,0.6872051
1,1,1,0.6486608
1,1,0,0.41930488
1,1,0,0.26424417
1,0,1,0.5164887
1,1,1,0.9074976
1,0,1,0.559249
1,1,0,0.29730567
1,0,1,0.65167624
1,0,1,0.7822644
1,0,0,0.32322997
1,1,1,0.6305744
1,1,1,0.70191187
1,1,1,0.736015
1,1,1,0.505478
1,0,1,0.6213994
1,0,0,0.28266013
1,0,1,0.5436538
1,0,1,0.5218752
1,0,0,0.41752657
1,1,1,0.5587229
1,0,0,0.34745425
1,1,1,0.8543153
1,0,0,0.35903844
1,0,0,0.39151105
1,0,1,0.5589782
1,0,0,0.12858969
1,1,1,0.75101155
1,1,0,0.46978635
1,0,0,0.45269328
1,1,1,0.76021016
1,0,0,0.2897176
1,0,1,0.5923243
1,1,1,0.5355281
1,1,1,0.6640221
1,0,0,0.49525398
1,1,1,0.7842431
1,1,1,0.5351437
1,0,1,0.82083654
1,0,0,0.41022706
1,0,0,0.40550214
1,0,1,0.6267401
1,0,1,0.7193929
1,1,0,0.15586089
1,0,0,0.31686318
1,0,1,0.757832
1,0,0,0.40321258
1,0,0,0.24926013
1,1,1,0.89304894
1,1,1,0.76789796
1,1,0,0.28209907
1,0,0,0.22713476
1,1,1,0.65410084
1,0,1,0.6409575
1,1,1,0.88594526
1,1,1,0.76916826
1,0,0,0.24285708
1,0,1,0.6095206
1,1,1,0.6467592
1,0,1,0.6633709
1,0,0,0.46260214
1,1,1,0.6070895
1,1,1,0.857232
1,0,0,0.47163492
1,0,1,0.7527704
1,0,0,0.35960108
1,1,1,0.869467
1,0,1,0.6028119
1,0,1,0.7648643
1,1,1,0.72464216
1,1,1,0.7945187
1,1,1,0.67365706
1,1,0,0.28769588
1,1,0,0.3214575
1,1,0,0.36192703
1,0,0,0.4831809
1,1,1,0.7951028
1,1,0,0.28350884
1,0,0,0.38721928
1,1,0,0.4037276
1,0,0,0.052088477
1,1,1,0.7954706
1,0,1,0.60929817
1,1,1,0.58326167
1,1,1,0.54141265
1,1,1,0.5933183
1,0,1,0.5274319
1,0,1,0.5089108
1,0,1,0.60073733
1,1,1,0.6351108
1,0,1,0.6527747
1,0,1,0.56615245
1,0,0,0.44805264
1,0,0,0.3223984
1,0,0,0.23842694
1,1,1,0.78144467
1,1,1,0.56046945
1,0,0,0.4954663
1,1,1,0.6251421
1,0,1,0.55224705
1,0,1,0.6895158
1,1,1,0.6312781
1,1,1,0.7278903
1,1,1,0.802451
1,0,1,0.530078
1,1,1,0.8509275
1,0,0,0.15661784
1,0,0,0.48296976
1,0,0,0.40327
1,1,1,0.8456489
1,1,1,0.68731153
1,0,0,0.39962354
1,0,1,0.6459836
1,0,0,0.13263601
1,0,0,0.34622744
1,1,0,0.4074697
1,0,1,0.50420177
1,1,1,0.60407144
1,0,1,0.61492014
1,0,0,0.46799025
1,0,0,0.25257677
1,1,1,0.83445
1,1,1,0.8176209
1,1,1,0.55723846
1,1,1,0.77769977
1,0,1,0.5212018
1,1,1,0.6798342
1,0,1,0.501875
1,1,1,0.8351622
1,1,0,0.329435
1,1,0,0.41610357
1,0,1,0.7134011
1,1,1,0.8064053
1,1,0,0.4713895
1,0,1,0.6178957
1,1,1,0.58124954
1,0,1,0.7711273
1,0,1,0.58250064
1,1,1,0.5054273
1,0,0,0.29877636
1,0,0,0.45571733
1,1,1,0.81975985
1,1,1,0.7854169
1,1,0,0.48122948
1,0,0,0.4806076
1,1,0,0.24883322
1,1,1,0.6175542
1,0,1,0.7763575
1,0,1,0.6378974
1,0,0,0.3678266
1,1,1,0.69994706
1,0,1,0.66752535
1,1,1,0.6285338
1,0,0,0.31751782
1,0,1,0.7991666
1,1,0,0.4768723
1,0,1,0.72374487
1,1,1,0.52662253
1,1,1,0.6394768
1,0,0,0.48578462
1,1,1,0.60246176
1,0,1,0.64143556
1,0,0,0.497274
1,1,1,0.6935993
1,0,1,0.63271314
1,0,0,0.124281734
1,1,1,0.68205935
1,1,1,0.5873925
1,0,0,0.48130128
1,0,1,0.6900309
1,0,1,0.6492804
1,1,1,0.56867903
1,0,0,0.13539232
1,1,1,0.81813866
1,0,0,0.28600988
1,1,1,0.813851
1,0,0,0.26939878
1,0,0,0.3073822
1,1,0,0.40363368
1,0,0,0.39463383
1,1,1,0.51916426
1,1,0,0.49917412
1,1,0,0.4566204
1,0,0,0.29366368
1,0,0,0.24539115
1,1,1,0.6971717
1,0,0,0.37574753
1,0,0,0.40355965
1,0,0,0.38175157
1,1,1,0.66353464
1,0,0,0.1039799
1,1,1,0.6671994
1,0,0,0.11106438
1,0,0,0.3449793
1,0,0,0.32148102
1,0,0,0.17940578
1,1,0,0.1190477
1,0,0,0.36185697
1,0,0,0.27057448
1,0,0,0.48522747
1,0,1,0.6142421
1,0,0,0.3415282
1,1,0,0.07856671
1,1,1,0.6446642
1,1,0,0.47146255
1,1,1,0.50035566
1,1,1,0.79708886
1,0,1,0.72035706
1,1,1,0.7339974
1,1,0,0.27285838
1,1,1,0.6942065
1,1,0,0.39286274
1,0,0,0.37742558
1,0,0,0.48479685
1,1,1,0.8220992
1,1,0,0.16718203
1,0,0,0.4308714
1,1,0,0.41489896
1,0,1,0.64239764
1,1,0,0.48684883
1,0,1,0.5486398
1,1,1,0.7118619
1,0,0,0.3294697
1,0,0,0.272567
1,1,1,0.6120526
1,0,0,0.18727826
1,0,1,0.72525537
1,1,0,0.13504852
1,1,1,0.78817654
1,1,1,0.7659433
1,0,1,0.60123116
1,0,1,0.64358735
1,0,0,0.29417905
1,1,0,0.4182215
1,1,1,0.62625927
1,0,0,0.38771296
1,0,1,0.71687454
1,1,0,0.181251
1,0,1,0.5210598
1,0,0,0.12623154
1,1,1,0.75668734
1,0,0,0.10334288
1,0,0,0.48859224
1,1,1,0.8521459
1,1,1,0.8386653
1,1,1,0.6578189
1,1,1,0.8172666
1,1,0,0.4751554
1,1,1,0.8479697
1,1,1,0.70890725
1,1,1,0.73437166
1,0,0,0.28258035
1,1,1,0.8335676
1,0,0,0.36095893
1,0,0,0.45305666
1,0,0,0.18007226
1,1,1,0.7827589
1,0,1,0.56118506
1,1,1,0.736644
1,1,0,0.24658187
1,1,1,0.74143046
1,0,1,0.6822941
1,0,1,0.5621064
1,1,1,0.7749506
1,0,0,0.18780221
1,0,0,0.15143113
1,0,1,0.52976674
1,0,0,0.23456854
1,0,0,0.21582368
1,0,0,0.35834008
1,0,0,0.18404713
1,0,0,0.27783242
1,0,0,0.25520533
1,1,1,0.6968037
1,1,1,0.80676174
1,0,0,0.32389742
1,1,0,0.4694682
1,0,1,0.5298281
1,1,1,0.6380088
1,0,0,0.46045035
1,1,0,0.39313334
1,0,0,0.44256508
1,0,1,0.62593913
1,0,1,0.6584633
1,1,0,0.34963557
1,0,0,0.31409392
1,0,0,0.21025239
1,1,1,0.76926225
1,0,1,0.9082054
1,0,1,0.68587786
1,0,1,0.687902
1,0,1,0.6267609
1,1,1,0.74399376
1,0,1,0.5349173
1,1,1,0.537161
1,1,1,0.8134036
1,0,0,0.4922923
1,1,1,0.8446241
1,1,1,0.68789476
1,0,0,0.28616878
1,1,1,0.7553985
1,0,0,0.1680633
1,1,1,0.6670446
1,1,0,0.4450564
1,1,0,0.3269702
1,0,1,0.5520852
1,0,0,0.2929903
1,0,0,0.3665746
1,1,1,0.6102685
1,0,0,0.3960938
1,0,1,0.7294158
1,1,0,0.27140984
1,0,1,0.5970163
1,1,1,0.6219896
1,1,1,0.7202908
1,0,0,0.43431845
1,1,0,0.4858959
1,1,1,0.56025666
1,0,1,0.7127805
1,0,0,0.3381313
1,0,0,0.43393528
1,0,0,0.22678988
1,0,0,0.34672552
1,1,1,0.7186113
1,1,0,0.42831588
1,0,0,0.2986408
1,1,1,0.8126833
1,1,0,0.1925202
1,0,0,0.4485447
1,0,0,0.24537691
1,1,1,0.87117285
1,0,1,0.644785
1,0,0,0.38316366
1,1,0,0.1658819
1,1,0,0.3117181
1,0,1,0.55293095
1,0,1,0.753245
1,0,1,0.5461092
1,0,1,0.5615699
1,1,1,0.76015335
1,0,0,0.31636465
1,0,0,0.216994
1,0,0,0.40085348
1,1,1,0.774042
1,1,1,0.5445751
1,1,1,0.6521008
1,1,1,0.78021014
1,0,0,0.44967207
1,1,0,0.35148984
1,1,1,0.8385405
1,0,0,0.426523
1,0,0,0.33992383
1,1,0,0.47705734
1,0,0,0.23082678
1,0,0,0.43734556
1,1,1,0.570818
1,0,0,0.2481349
1,1,0,0.22579932
1,1,1,0.79492754
1,1,1,0.5963755
1,0,1,0.5068763
1,1,0,0.48984239
1,0,1,0.6997605
1,0,0,0.094304085
1,1,1,0.5402735
1,0,0,0.17796607
1,0,0,0.46974644
1,0,1,0.65599686
1,1,1,0.7745937
1,0,1,0.58987325
1,1,1,0.80158794
1,0,0,0.17879875
1,0,1,0.5019236
1,1,1,0.5608247
1,1,1,0.6386658
1,0,0,0.4672817
1,0,0,0.1567992
1,0,0,0.075486034
1,1,1,0.66112155
1,0,0,0.47550622
1,1,1,0.8733776
1,1,1,0.74762964
1,0,0,0.087566465
1,1,1,0.61971617
1,0,0,0.44076043
1,1,1,0.7315633
1,0,0,0.4542921
1,0,0,0.4491811
1,0,0,0.14063731
1,1,0,0.34870416
1,1,0,0.44955626
1,0,0,0.14888585
1,0,1,0.51454014
1,0,1,0.5572007
1,1,0,0.40327778
1,1,1,0.7644901
1,0,0,0.3680278
1,1,1,0.8521944
1,0,1,0.5710817
1,1,1,0.6275197
1,0,0,0.38389066
1,0,0,0.08522017
1,0,1,0.7107389
1,1,1,0.6103404
1,1,1,0.87643385
1,1,1,0.7946942
1,1,1,0.57598996
1,0,0,0.2966427
1,1,1,0.63554335
1,0,0,0.33572662
1,0,1,0.50051403
1,0,1,0.62879056
1,1,1,0.7529866
1,0,1,0.66970855
1,0,0,0.37401247
1,0,1,0.6059948
1,1,1,0.79710305
1,1,1,0.5332459
1,0,1,0.62796664
1,0,1,0.71850663
1,0,1,0.5718082
1,0,1,0.5787569
1,1,0,0.48198414
1,1,0,0.48691857
1,1,1,0.7197792
1,1,0,0.49835005
1,0,1,0.5070738
1,1,0,0.28034624
1,0,1,0.55806637
1,1,1,0.7311879
1,0,0,0.3842446
1,0,0,0.45597062
1,0,0,0.31295598
1,1,1,0.6768482
1,1,1,0.61761767
1,0,0,0.49713054
1,1,0,0.31236264
1,0,0,0.12829873
1,0,1,0.65270776
1,0,0,0.29682517
1,0,1,0.5098658
1,1,0,0.47999734
1,0,0,0.28595895
1,1,0,0.326523
1,0,0,0.1594087
1,1,0,0.3375122
1,0,0,0.44494045
1,1,1,0.6726821
1,1,0,0.43119076
1,1,0,0.25171483
1,1,1,0.6381797
1,0,0,0.23264495
1,0,0,0.32753342
1,0,0,0.28455696
1,0,0,0.18874803
1,0,0,0.48313916
1,0,0,0.20100975
1,0,0,0.32132602
1,1,1,0.68559563
1,1,1,0.84250385
1,0,1,0.59544927
1,1,0,0.46390584
1,1,1,0.56830436
1,0,0,0.23787573
1,1,1,0.6882398
1,0,1,0.61921585
1,0,1,0.5935603
1,1,1,0.650977
1,1,0,0.43172133
1,1,1,0.5608195
1,0,0,0.42066193
1,0,0,0.2517714
1,0,0,0.428559
1,0,1,0.5347509
1,1,1,0.60916334
1,1,1,0.5975463
1,0,0,0.24222696
1,0,0,0.12328795
1,0,0,0.14336284
1,1,0,0.48193976
1,0,0,0.310932
1,0,0,0.10805584
1,0,0,0.494583
1,0,0,0.4660671
1,0,0,0.06771143
1,1,1,0.5743964
1,1,1,0.60780066
1,0,0,0.12969302
1,1,1,0.5349354
1,1,1,0.5553485
1,1,0,0.39938858
1,0,0,0.4687302
1,0,0,0.24191897
1,0,1,0.5361142
1,0,0,0.43238255
1,1,1,0.65432966
1,1,1,0.6056857
1,0,0,0.14502071
1,0,0,0.32246107
1,0,0,0.13735624
1,1,0,0.4802052
1,0,0,0.39187187
1,1,0,0.23257908
1,1,1,0.5591744
1,1,0,0.36590677
1,0,0,0.284091
1,0,0,0.13226114
1,1,0,0.38091192
1,0,0,0.2263528
1,0,1,0.75684416
1,0,1,0.6097199
1,0,0,0.3399391
1,1,0,0.46050444
1,0,0,0.10864573
1,1,1,0.5919827
1,0,0,0.33791602
1,1,0,0.42711776
1,1,0,0.39028087
1,0,0,0.3766944
1,1,1,0.60369056
1,1,1,0.9069312
1,1,1,0.6188909
1,0,0,0.42548972
1,0,0,0.42153975
1,0,0,0.11846045
1,0,0,0.31098416
1,1,0,0.48147047
1,0,0,0.40058002
1,0,1,0.5915685
1,1,0,0.4606233
1,1,1,0.57399404
1,0,1,0.5932658
1,1,1,0.6701762
1,0,0,0.32466558
1,0,0,0.49607745
1,0,0,0.3356137
1,0,1,0.5570687
1,1,1,0.6179837
1,1,1,0.56003547
1,0,1,0.6409192
1,0,0,0.4528685
1,1,0,0.4589123
1,1,1,0.80193627
1,1,1,0.5461195
1,0,0,0.446133
1,1,0,0.49834317
1,0,0,0.22453244
1,1,1,0.7446515
1,0,0,0.24201268
1,1,1,0.5839061
1,1,1,0.5752621
1,0,1,0.5396532
1,0,0,0.13144772
1,0,0,0.23334286
1,0,0,0.15183505
1,1,1,0.64214045
1,0,0,0.46559078
1,0,1,0.69669515
1,1,1,0.62641084
1,1,1,0.5395751
1,0,0,0.3921767
1,0,0,0.2511457
1,0,0,0.46487594
1,1,1,0.68467844
1,1,1,0.68168443
1,0,1,0.5497926
1,0,1,0.5835425
1,1,1,0.5111113
1,0,1,0.6529557
1,0,1,0.614714
1,0,0,0.3911052
1,0,0,0.48194966
1,0,0,0.4476774
1,0,1,0.59247905
1,1,1,0.5028495
1,0,0,0.4607103
1,1,0,0.4941056
1,1,0,0.48847514
1,0,1,0.59572285
1,1,0,0.4790088
1,0,0,0.4666922
1,0,1,0.53479034
1,0,0,0.4924413
1,1,0,0.48126817
1,0,1,0.66816205
1,1,1,0.6433516
1,1,1,0.561369
1,1,1,0.65002686
1,1,0,0.48492393
1,0,0,0.40823504
1,1,1,0.6438039
1,1,1,0.611756
1,0,0,0.442107
1,0,1,0.59381884
1,1,1,0.70582306
1,1,1,0.69592947
1,1,1,0.53755057
1,0,0,0.42516336
1,1,1,0.5703343
1,0,1,0.50744545
1,0,0,0.34892192
1,0,0,0.11933348
1,1,0,0.29215586
1,0,1,0.5970878
1,1,1,0.62509346
1,0,0,0.4594855
1,1,1,0.7074472
1,1,0,0.3975293
1,0,0,0.38524237
1,0,0,0.29247394
1,0,0,0.175818
1,0,0,0.20346797
1,0,0,0.2696351
1,0,1,0.6537644
1,0,1,0.51524115
1,1,1,0.64716035
1,0,1,0.6749877
1,0,1,0.50675416
1,0,0,0.17352924
1,0,1,0.5157325
1,1,1,0.5077715
1,1,0,0.3639648
1,0,0,0.47031015
1,1,1,0.6166134
1,1,1,0.6070861
1,0,0,0.32804543
1,0,1,0.58805674
1,1,1,0.51044685
1,1,1,0.5176574
1,0,0,0.4039661
1,1,1,0.6285519
1,1,1,0.6011536
1,0,1,0.6105221
1,0,1,0.6728773
1,1,1,0.54052526
1,0,0,0.24326381
1,1,1,0.6258767
1,0,0,0.38087335
1,0,1,0.57552856
1,1,1,0.51803166
1,0,1,0.65979135
1,1,1,0.5995349
1,1,1,0.537255
1,0,0,0.16136754
1,0,0,0.17174456
1,1,0,0.47054586
1,1,1,0.6936539
1,1,0,0.44095108
1,0,0,0.3879167
1,0,0,0.258883
1,0,0,0.43891403
1,1,0,0.48972392
1,0,1,0.51857
1,0,1,0.5435938
1,1,1,0.59877574
1,1,1,0.7645751
1,1,1,0.5967764
1,1,0,0.47794485
1,0,0,0.17624965
1,0,1,0.7235626
1,0,0,0.46347535
1,1,1,0.7580679
1,0,0,0.44842786
1,0,0,0.34613237
1,1,1,0.544974
1,0,1,0.5014269
1,0,1,0.643495
1,1,1,0.58098847
1,1,1,0.5435358
1,0,1,0.6933835
1,0,0,0.30270296
1,1,1,0.863022
1,1,1,0.74014664
1,1,0,0.1251892
1,1,1,0.5540282
1,0,1,0.677585
1,1,1,0.7320825
1,0,1,0.52293545
1,0,0,0.26760185
1,1,0,0.13249388
1,0,1,0.5747878
1,0,1,0.7597091
1,1,1,0.78147393
1,0,0,0.47805068
1,1,0,0.40075377
1,1,1,0.51551825
1,0,0,0.4058654
1,0,0,0.10107681
1,1,0,0.4456152
1,0,1,0.6283898
1,1,1,0.7036636
1,0,0,0.4217517
1,0,1,0.6948597
1,0,0,0.44520152
1,0,1,0.51271564
1,0,0,0.09924363
1,1,1,0.6774672
1,0,0,0.25383645
1,1,0,0.33271232
1,1,1,0.6317017
1,1,1,0.7799746
1,0,0,0.39307997
1,1,1,0.55958295
1,1,0,0.38854828
1,0,0,0.4486368
1,0,0,0.3955786
1,0,0,0.20324595
1,1,1,0.8654959
1,0,1,0.5982014
1,1,1,0.5979266
1,0,0,0.29186141
1,0,0,0.49982333
1,0,0,0.36652797
1,1,1,0.6532903
1,0,0,0.3935965
1,1,1,0.7295067
1,1,0,0.45939627
1,0,0,0.3543694
1,1,1,0.61920524
1,1,0,0.23599513
1,1,0,0.29174277
1,1,1,0.60625994
1,1,1,0.536759
1,1,1,0.78857094
1,0,0,0.43895546
1,0,0,0.399345
1,0,0,0.24621242
1,1,1,0.85600793
1,0,1,0.6862222
1,0,0,0.43503335
1,1,1,0.88271666
1,1,0,0.4633438
1,1,1,0.78472
1,0,0,0.21578442
1,1,1,0.5497923
1,0,0,0.17961723
1,1,0,0.4325043
1,1,1,0.6250315
1,0,1,0.56086737
1,0,1,0.51442266
1,0,1,0.6604994
1,1,0,0.19644488
1,0,0,0.33635095
1,0,0,0.40975067
1,0,0,0.14665546
1,1,0,0.10933382
1,0,1,0.780995
1,1,1,0.50436383
1,1,0,0.46424657
1,1,1,0.5910379
1,0,1,0.509638
1,1,1,0.58826727
1,0,1,0.6342401
1,1,1,0.62495524
1,0,0,0.32992196
1,0,0,0.28423437
1,1,0,0.29183686
1,0,0,0.24911939
1,0,0,0.23623788
1,1,0,0.1932215
1,0,1,0.6700347
1,1,1,0.5313283
1,0,0,0.08814665
1,0,0,0.3064247
1,0,1,0.5115472
1,0,0,0.23797704
1,1,1,0.84371775
1,0,1,0.5241611
1,1,0,0.07288689
1,1,1,0.5502474
1,0,0,0.47096694
1,1,1,0.71505296
1,0,1,0.5401643
1,0,1,0.66188586
1,0,1,0.76568824
1,1,1,0.62084484
1,1,1,0.5596829
1,0,1,0.51987976
1,0,1,0.60801905
1,1,1,0.6122783
1,0,0,0.43832693
1,1,1,0.62882096
1,1,0,0.35371256
1,1,0,0.41661713
1,0,0,0.15833372
1,0,0,0.27679124
1,0,0,0.29455337
1,1,1,0.5607974
1,0,0,0.34492147
1,0,0,0.16939475
1,0,0,0.16980535
1,0,1,0.7931824
1,0,1,0.6034276
1,1,1,0.7100487
1,1,1,0.7391867
1,0,1,0.5709461
1,0,0,0.36896366
1,0,1,0.58172137
1,1,1,0.65833235
1,1,1,0.64445096
1,0,0,0.4802434
1,0,1,0.60827863
1,1,1,0.662739
1,1,1,0.7116979
1,1,1,0.66068655
1,1,1,0.6811757
1,0,1,0.5593692
1,1,1,0.5970561
1,1,1,0.84668094
1,1,1,0.748972
1,0,1,0.75410604
1,0,1,0.5704456
1,0,0,0.08889635
1,0,0,0.46035823
1,1,1,0.7278797
1,0,0,0.2218118
1,1,1,0.794138
1,0,0,0.26943064
1,0,0,0.4508443
1,0,1,0.9241873
1,0,0,0.4367775
1,1,0,0.35465586
1,1,0,0.21909013
1,0,0,0.10857175
1,1,1,0.70969397
1,0,0,0.11086114
1,0,0,0.33658117
1,0,0,0.20119438
1,1,0,0.43718702
1,1,0,0.14519681
1,1,1,0.93609047
1,0,1,0.57410604
1,1,1,0.7977677
1,0,0,0.43356228
1,0,1,0.6092101
1,1,1,0.6146872
1,0,1,0.74459517
1,0,0,0.49801233
1,0,0,0.32981536
1,0,0,0.20731066
1,1,1,0.6140846
1,1,1,0.8137011
1,1,1,0.8641877
1,0,0,0.46703345
1,1,1,0.7757719
1,1,1,0.76303315
1,0,1,0.53100884
1,1,1,0.59856224
1,0,1,0.67018163
1,1,0,0.33577782
1,0,0,0.36186385
1,0,0,0.31426293
1,0,1,0.51802903
1,0,0,0.48790523
1,1,1,0.77951396
1,0,1,0.58560807
1,0,0,0.23003924
1,1,1,0.58310443
1,1,0,0.47865024
1,1,1,0.7870282
1,1,1,0.5073129
1,1,1,0.7107169
1,1,1,0.5790565
1,0,1,0.6004319
1,0,1,0.5904897
1,1,1,0.7473548
1,0,0,0.2467139
1,1,1,0.7855092
1,0,1,0.76691175
1,0,0,0.20950489
1,0,0,0.37025693
1,0,1,0.6431127
1,1,1,0.5735512
1,0,0,0.1899787
1,0,0,0.28272936
1,1,1,0.82448775
1,0,0,0.15151866
1,1,1,0.6224557
1,1,1,0.6586493
1,0,0,0.24194516
1,1,1,0.9067855
1,1,1,0.75023305
1,1,1,0.5833157
1,1,0,0.2519019
1,1,1,0.5488805
1,1,1,0.7712836
1,0,0,0.22432588
1,0,0,0.43950307
1,0,0,0.16065976
1,1,1,0.8644114
1,0,0,0.095680386
1,0,0,0.30611494
1,1,0,0.48761088
1,1,0,0.48957896
1,0,1,0.6867326
1,0,0,0.33299744
1,0,0,0.29940486
1,1,1,0.87502396
1,1,1,0.69015163
1,1,1,0.79782295
1,0,1,0.6633255
1,1,1,0.71321154
1,1,1,0.6847049
1,1,1,0.59645003
1,0,0,0.48837048
1,0,0,0.46696842
1,1,1,0.77514625
1,1,1,0.59156317
1,0,0,0.4922306
1,1,1,0.75223047
1,0,1,0.71753526
1,1,1,0.76883554
1,1,1,0.82034856
1,0,0,0.3139008
1,0,0,0.42715737
1,0,1,0.6456383
1,0,1,0.572287
1,0,1,0.62565655
1,0,0,0.14734796
1,1,1,0.79581076
1,0,1,0.6982063
1,0,0,0.39328423
1,0,0,0.28400576
1,0,0,0.49838018
1,1,1,0.641641
1,0,1,0.60056615
1,0,1,0.68707585
1,1,1,0.5355036
1,1,0,0.32574677
1,0,1,0.7542117
1,1,1,0.57454014
1,0,1,0.81319594
1,1,0,0.4195439
1,0,1,0.6085429
1,0,0,0.46460053
1,1,1,0.63780916
1,1,1,0.9356606
1,1,1,0.5873193
1,0,1,0.69669956
1,0,0,0.11794474
1,0,1,0.64687365
1,0,0,0.12615088
1,0,0,0.17278522
1,0,0,0.2670979
1,1,1,0.7358392
1,1,1,0.7175453
1,0,0,0.075278096
1,1,1,0.7261648
1,1,0,0.37545854
1,0,1,0.51356864
1,0,1,0.5817225
1,1,1,0.89194965
1,1,1,0.6212298
1,1,1,0.70840305
1,0,0,0.34537527
1,1,0,0.19625728
1,0,1,0.55815834
1,0,0,0.09367444
1,1,1,0.50327325
1,0,1,0.7046554
1,0,0,0.29034436
1,0,0,0.40066597
1,0,1,0.6634916
1,0,1,0.7430992
1,1,1,0.6068689
1,1,0,0.31199834
1,0,1,0.57282174
1,1,1,0.5912864
1,0,1,0.64472157
1,0,0,0.40868828
1,1,1,0.77656084
1,1,1,0.915121
1,1,1,0.7319985
1,0,1,0.6435223
1,0,1,0.66704035
1,0,1,0.68382496
1,0,0,0.20442022
1,1,1,0.5720131
1,0,1,0.5075392
1,1,1,0.68045276
1,0,0,0.1651607
1,0,1,0.51704186
1,1,1,0.56118757
1,0,0,0.18451977
1,0,1,0.65070635
1,1,1,0.57387275
1,0,0,0.27380413
1,1,1,0.7181957
1,1,1,0.5695513
1,1,1,0.56142074
1,1,0,0.39081097
1,0,1,0.7729445
1,0,0,0.11977232
1,1,0,0.4277573
1,1,1,0.93686527
1,1,0,0.44695058
1,1,0,0.3000984
1,1,0,0.20197296
1,0,0,0.23414755
1,0,1,0.73885554
1,0,1,0.6076652
1,1,0,0.45192215
1,0,0,0.27656537
1,0,0,0.27798155
1,0,0,0.29603216
1,1,0,0.2933416
1,1,1,0.7785432
1,1,0,0.3909517
1,0,0,0.1864361
1,1,1,0.8215103
1,1,0,0.4265706
1,0,0,0.44008517
1,1,0,0.31641975
1,0,0,0.24770561
1,0,1,0.57911605
1,1,1,0.82236296
1,0,1,0.673372
1,0,0,0.14881802
1,0,1,0.5456935
1,0,0,0.17944457
1,0,0,0.3987306
1,1,1,0.7039043
1,1,1,0.53067344
1,1,0,0.239679
1,0,1,0.78120255
1,0,1,0.51047397
1,0,1,0.59260714
1,1,1,0.51125586
1,0,1,0.6936437
1,1,1,0.61722773
1,1,0,0.49166068
1,1,0,0.31996366
1,0,1,0.5884551
1,1,0,0.4126155
1,0,0,0.3696985
1,1,1,0.73603374
1,1,1,0.58897805
1,1,1,0.6614253
1,1,1,0.5290913
1,0,1,0.6123472
1,0,1,0.5744809
1,0,1,0.54847986
1,1,0,0.40458098
1,0,1,0.5878702
1,1,0,0.42948902
1,1,1,0.7261435
1,0,1,0.6769903
1,1,1,0.76190263
1,1,1,0.6933814
1,0,1,0.5110036
1,1,1,0.6750851
1,1,1,0.5191216
1,0,1,0.58771944
1,0,1,0.66203433
1,1,1,0.53067887
1,0,0,0.3715314
1,1,0,0.40445277
1,0,0,0.306755
1,0,0,0.3365922
1,1,1,0.79124457
1,1,1,0.63472074
1,0,1,0.73864114
1,1,0,0.42860675
1,1,1,0.72967947
1,0,1,0.70778924
1,1,1,0.7617718
1,0,1,0.7610757
1,0,0,0.1711773
1,1,1,0.5105509
1,0,1,0.743469
1,1,1,0.7336706
1,0,1,0.602944
1,0,1,0.6013048
1,1,0,0.4308286
1,1,1,0.6477121
1,1,0,0.42823252
1,0,0,0.13971494
1,0,0,0.41126946
1,1,0,0.3718073
1,0,1,0.80280393
1,1,1,0.51331675
1,0,0,0.31053314
1,0,1,0.51483405
1,1,1,0.74877435
1,0,1,0.56045943
1,1,1,0.54950446
1,0,0,0.3193662
1,0,1,0.56759495
1,0,1,0.5238874
1,0,1,0.65037996
1,1,1,0.72843283
1,0,1,0.633496
1,1,0,0.3848345
1,0,0,0.2811425
1,1,1,0.6844721
1,1,1,0.5589952
1,1,1,0.69918585
1,1,1,0.615143
1,1,1,0.658726
1,0,0,0.12599722
1,1,0,0.40568814
1,1,0,0.1330601
1,0,1,0.5265764
1,0,0,0.4106461
1,1,0,0.46428466
1,0,0,0.2520637
1,1,0,0.4965667
1,0,1,0.54607195
1,1,1,0.5504421
1,0,0,0.45299622
1,0,1,0.53782994
1,0,0,0.20875098
1,0,0,0.4687208
1,0,0,0.12164438
1,0,1,0.84358287
1,1,1,0.66518795
1,0,1,0.5195098
1,1,1,0.59608513
1,0,0,0.12052076
1,0,1,0.5371003
1,1,0,0.4482309
1,1,1,0.78793144
1,1,1,0.6667667
1,0,0,0.19009708
1,1,1,0.59657663
1,0,0,0.21628547
1,0,1,0.7152523
1,0,0,0.2616064
1,1,1,0.771579
1,1,1,0.6377553
1,1,1,0.65983015
1,0,0,0.47064817
1,1,0,0.45749614
1,0,0,0.17374745
1,1,1,0.5290841
1,0,1,0.6443293
1,0,0,0.4157504
1,1,1,0.66111857
1,0,1,0.5293663
1,0,0,0.42083335
1,1,1,0.5741671
1,1,1,0.5217392
1,1,1,0.62891203
1,0,1,0.6300852
1,0,1,0.6335333
1,0,1,0.5229871
1,0,1,0.62904364
1,0,1,0.7169385
1,1,0,0.45546228
1,0,0,0.24888892
1,0,0,0.19932663
1,1,0,0.38184634
1,0,0,0.14687878
1,0,0,0.20736064
1,0,0,0.38094282
1,1,1,0.9163289
1,0,1,0.61430323
1,1,1,0.7883752
1,0,0,0.20631085
1,0,1,0.7875886
1,1,1,0.57860076
1,0,1,0.54413414
1,1,1,0.5760138
1,1,1,0.7892882
1,0,1,0.64537394
1,0,1,0.78011334
1,1,1,0.7368162
1,1,1,0.6274938
1,0,0,0.40760195
1,0,0,0.2197042
1,0,1,0.67327636
1,1,1,0.7564943
1,0,0,0.31983748
1,1,1,0.5905938
1,0,1,0.7891174
1,1,0,0.34272978
1,0,0,0.47356054
1,1,1,0.6677475
1,0,1,0.5145393
1,1,1,0.5521786
1,1,1,0.91419476
1,0,1,0.6479806
1,1,1,0.6791491
1,0,0,0.25670284
1,1,1,0.7015836
1,0,1,0.6306002
1,1,1,0.7296382
1,1,1,0.7959236
1,0,1,0.5295946
1,0,0,0.47440213
1,1,1,0.7155305
1,0,0,0.41237414
1,0,0,0.31235018
1,1,1,0.52599394
1,0,1,0.6377981
1,0,0,0.40907624
1,0,0,0.35010013
1,0,0,0.26099476
1,0,0,0.1895446
1,0,1,0.7259449
1,1,1,0.71431607
1,1,1,0.5276906
1,0,1,0.51161975
1,1,1,0.66352695
1,1,0,0.3689145
1,1,1,0.65857935
1,1,1,0.6110864
1,1,1,0.6784993
1,0,0,0.42039937
1,0,1,0.6588307
1,1,1,0.5974073
1,1,1,0.5724291
1,1,1,0.727709
1,0,0,0.34470245
1,0,0,0.44150105
1,0,0,0.3998352
1,1,1,0.68067455
1,0,0,0.46317393
1,0,0,0.3307822
1,1,1,0.60733765
1,0,0,0.11740033
1,0,0,0.27284423
1,1,0,0.41515023
1,1,1,0.500525
1,0,0,0.16704702
1,0,1,0.5962787
1,0,0,0.22947967
1,1,1,0.6561133
1,0,0,0.43660057
1,1,1,0.53736293
1,1,0,0.4856513
1,1,1,0.8841576
1,1,1,0.679176
1,0,1,0.80782056
1,0,1,0.7923159
1,0,1,0.584497
1,1,1,0.5378207
1,1,1,0.6002398
1,1,1,0.7338518
1,0,0,0.34257516
1,0,0,0.17497835
1,0,1,0.50732696
1,1,1,0.8588078
1,0,1,0.70606464
1,0,0,0.19531155
1,1,1,0.5439342
1,1,1,0.56300753
1,0,0,0.26346168
1,1,1,0.64870036
1,1,1,0.7377524
1,0,1,0.6531612
1,0,0,0.12597977
1,0,0,0.16337124
1,0,1,0.7394978
1,1,1,0.7701506
1,0,1,0.6364338
1,1,1,0.9138852
1,0,1,0.7827367
1,1,1,0.74346024
1,1,1,0.6284317
1,1,0,0.26436663
1,1,1,0.84200644
1,0,1,0.66666615
1,0,1,0.73359424
1,1,1,0.76505405
1,1,0,0.3335136
1,1,0,0.29459
1,1,1,0.7206235
1,0,0,0.34547737
1,0,0,0.3622299
1,0,0,0.482603
1,0,0,0.15706225
1,0,1,0.7315228
1,0,0,0.18071182
1,0,0,0.43575096
1,0,0,0.06766346
1,1,1,0.6382007
1,0,0,0.12432222
1,0,0,0.4072025
1,1,1,0.8106038
1,1,1,0.63330686
1,1,0,0.47689575
1,0,0,0.26607805
1,0,0,0.31691834
1,0,1,0.62994957
1,0,0,0.25708067
1,1,1,0.570012
1,1,1,0.6651433
1,1,0,0.265192
1,1,1,0.62799424
1,0,0,0.40325615
1,0,0,0.2983357
1,1,1,0.6264725
1,0,0,0.23109187
1,0,1,0.56160456
1,1,1,0.8848516
1,0,1,0.68629503
1,0,1,0.705648
1,1,1,0.6872695
1,1,0,0.49428788
1,1,1,0.8540177
1,0,0,0.14679264
1,1,1,0.7539147
1,0,0,0.36511406
1,1,0,0.20291021
1,1,0,0.4941732
1,0,1,0.6106886
1,0,1,0.5474212
1,0,1,0.55739176
1,0,0,0.27760994
1,0,1,0.8098927
1,1,1,0.61272764
1,1,1,0.86653274
1,1,1,0.80313224
1,0,1,0.54175526
1,1,0,0.20245862
1,0,0,0.30783904
1,1,1,0.5747677
1,1,1,0.7843627
1,1,1,0.80909187
1,0,0,0.35952783
1,0,0,0.20152044
1,1,0,0.39866063
1,0,0,0.11271421
1,0,0,0.11782789
1,0,0,0.23998962
1,0,0,0.14233845
1,0,1,0.61700594
1,0,0,0.29022628
1,0,0,0.4637421
1,0,0,0.13335083
1,1,0,0.15342917
1,1,0,0.10968189
1,1,1,0.86638695
1,0,1,0.643922
1,0,1,0.504301
1,0,0,0.36930308
1,1,1,0.63867384
1,1,0,0.29788837
1,1,1,0.7312347
1,0,0,0.35801688
1,1,0,0.33375195
1,1,1,0.93712807
1,0,1,0.7486882
1,0,0,0.22364269
1,0,1,0.6100856
1,1,1,0.7745498
1,0,1,0.5121346
1,0,0,0.14157903
1,0,1,0.78065735
1,1,0,0.47210485
1,1,1,0.7197692
1,1,1,0.7460348
1,1,1,0.6214201
1,1,0,0.29263175
1,0,0,0.48892865
1,1,1,0.71026003
1,1,1,0.6146229
1,1,0,0.47229385
1,0,1,0.76267415
1,1,1,0.83500725
1,0,1,0.61261153
1,1,0,0.48401976
1,1,1,0.5382519
1,0,0,0.13947918
1,0,0,0.47128376
1,0,0,0.3274624
1,1,1,0.5244738
1,1,1,0.53297555
1,1,1,0.77239144
1,0,1,0.6689239
1,0,1,0.531596
1,0,0,0.4331395
1,0,1,0.60084206
1,0,1,0.69895566
1,1,1,0.68798053
1,0,0,0.3914974
1,1,1,0.7039415
1,0,0,0.3237818
1,1,1,0.61063874
1,1,0,0.43617782
1,0,0,0.19573487
1,0,1,0.52673775
1,1,1,0.67282355
1,1,1,0.56451523
1,1,0,0.284843
1,1,1,0.68410313
1,0,0,0.313071
1,0,1,0.6418033
1,0,1,0.5297643
1,1,1,0.72327197
1,0,0,0.15963215
1,0,0,0.3518663
1,0,0,0.41815826
1,1,0,0.42801818
1,1,0,0.25156423
1,1,1,0.6289923
1,0,0,0.48857215
1,0,0,0.13309161
1,1,0,0.18467112
1,1,1,0.7234767
1,1,1,0.6227891
1,1,1,0.5760684
1,0,1,0.5979708
1,0,0,0.46422538
1,0,0,0.25317448
1,1,1,0.5482653
1,0,0,0.28827706
1,1,0,0.27294987
1,0,0,0.3726934
1,0,1,0.62882906
1,0,1,0.6580183
1,0,0,0.30092457
1,0,0,0.15761189
1,0,1,0.6784696
1,1,1,0.62386125
1,1,1,0.7163879
1,0,0,0.16625199
1,0,0,0.28514758
1,1,0,0.20349266
1,1,1,0.83376664
1,0,0,0.06554119
1,0,0,0.23720433
1,0,1,0.6283565
1,0,1,0.54483163
1,1,0,0.23187207
1,0,1,0.55699486
1,1,1,0.5366601
1,0,0,0.1730703
1,0,0,0.3364362
1,1,1,0.67401713
1,1,1,0.7226813
1,0,0,0.424604
1,0,1,0.6779074
1,1,1,0.71668446
1,1,0,0.15941791
1,0,1,0.623827
1,1,1,0.68959713
1,0,0,0.3515453
1,1,0,0.27029783
1,1,1,0.637024
1,1,1,0.6827147
1,0,0,0.19777346
1,0,0,0.34324047
1,0,0,0.15991026
1,1,1,0.6312404
1,0,0,0.27862763
1,0,0,0.17556086
1,0,0,0.18369077
1,1,1,0.67467743
1,1,1,0.739902
1,1,1,0.7918666
1,1,1,0.8038788
1,1,0,0.29347113
1,0,0,0.32390603
1,0,0,0.21830265
1,1,1,0.815378
1,0,0,0.145432
1,1,1,0.7842529
1,0,1,0.6221444
1,1,1,0.6133612
1,0,0,0.41922647
1,0,0,0.140153
1,1,1,0.8101565
1,1,0,0.49650365
1,0,1,0.54139555
1,1,0,0.37760872
1,0,0,0.26873827
1,0,1,0.6003213
1,1,0,0.44722545
1,1,1,0.6730592
1,1,1,0.52580136
1,0,1,0.6572092
1,0,0,0.4245591
1,1,1,0.7590845
1,1,0,0.45524433
1,1,0,0.304736
1,1,0,0.35895076
1,0,1,0.7242859
1,0,1,0.60851735
1,0,1,0.68584305
1,0,1,0.5599802
1,1,1,0.6917543
1,0,0,0.4978119
1,1,1,0.5921239
1,1,0,0.14458477
1,0,0,0.16948675
1,1,0,0.2524725
1,1,0,0.4876342
1,0,0,0.1770583
1,1,0,0.26783046
1,0,0,0.299759
1,0,0,0.42655417
1,1,1,0.77281296
1,1,1,0.7099504
1,0,1,0.7789233
1,0,0,0.16101162
1,1,0,0.4246166
1,1,0,0.4442491
1,1,1,0.7533951
1,0,1,0.66596484
1,0,0,0.36731485
1,1,1,0.61965656
1,1,0,0.45758718
1,0,1,0.5221341
1,1,1,0.61979705
1,0,1,0.6229518
1,0,1,0.80680287
1,0,0,0.29924303
1,0,0,0.42432696
1,0,1,0.7155872
1,1,1,0.5649389
1,0,0,0.4881949
1,0,0,0.34547898
1,1,1,0.51881564
1,0,0,0.35878485
1,1,0,0.14592248
1,1,1,0.7901484
1,1,1,0.8733812
1,1,0,0.23422678
1,1,0,0.42079192
1,1,0,0.4428943
1,0,1,0.597248
1,1,1,0.6230458
1,0,1,0.7653868
1,1,1,0.9080645
1,1,1,0.7938754
1,1,1,0.78442985
1,0,0,0.17953889
1,0,0,0.13721818
1,1,1,0.6229637
1,1,1,0.68718547
1,0,0,0.23134749
1,0,0,0.32489926
1,0,0,0.48299733
1,1,0,0.42862642
1,0,0,0.22253798
1,0,0,0.3105967
1,1,0,0.21845743
1,1,1,0.78967404
1,0,0,0.48457778
1,0,0,0.26420462
1,1,1,0.60407495
1,0,0,0.35728228
1,0,0,0.279211
1,1,1,0.73021984
1,0,1,0.5779847
1,0,0,0.21238457
1,0,1,0.58261216
1,0,0,0.11430303
1,1,1,0.7199208
1,0,0,0.4087616
1,0,1,0.65896916
1,1,1,0.6050417
1,0,1,0.5801798
1,1,1,0.77599585
1,1,1,0.7063581
1,0,0,0.4280196
1,1,1,0.6816269
1,1,1,0.7598432
1,0,0,0.30452833
1,1,1,0.5469131
1,0,1,0.611827
1,1,1,0.7176577
1,0,0,0.45426154
1,0,1,0.6299904
1,0,1,0.7619478
1,0,1,0.52631986
1,0,0,0.4642044
1,1,1,0.5240403
1,0,1,0.63812166
1,1,0,0.40239206
1,0,1,0.65537405
1,1,0,0.4237434
1,1,1,0.5465657
1,1,1,0.702387
1,1,0,0.44726834
1,1,1,0.8720043
1,1,1,0.8248661
1,1,0,0.4479869
1,1,0,0.34465957
1,0,0,0.24311875
1,1,1,0.6246197
1,0,0,0.23877233
1,0,0,0.11365228
1,0,0,0.247313
1,0,0,0.21203926
1,0,0,0.14046809
1,0,0,0.23799758
1,1,0,0.36946675
1,0,1,0.6588505
1,0,0,0.15077153
1,1,1,0.8596136
1,1,1,0.5373016
1,0,0,0.4163989
1,0,0,0.4877528
1,0,1,0.7521061
1,0,1,0.6767812
1,0,1,0.78437304
1,0,0,0.42041883
1,1,0,0.08812768
1,1,0,0.35146365
1,0,0,0.42036897
1,1,1,0.7125881
1,1,1,0.69946104
1,0,0,0.23257875
1,0,1,0.58548516
1,0,1,0.5762172
1,1,1,0.6692088
1,0,0,0.11205244
1,0,1,0.7208369
1,1,1,0.68333924
1,0,1,0.5754064
1,0,0,0.43822393
1,1,1,0.6042845
1,0,1,0.56797737
1,1,1,0.5962758
1,1,0,0.41276935
1,1,1,0.84526765
1,1,1,0.6257777
1,0,0,0.16076638
1,1,1,0.6646968
1,1,0,0.4203282
1,0,0,0.19998997
1,1,1,0.6068099
1,0,0,0.15101032
1,0,0,0.11731641
1,0,0,0.26914874
1,0,0,0.16261236
1,0,1,0.69212186
1,0,1,0.7541033
1,1,1,0.7721181
1,1,0,0.41756272
1,0,0,0.23605046
1,0,1,0.6145048
1,0,0,0.16184649
1,0,1,0.5605788
1,0,0,0.24565053
1,1,1,0.7172511
1,1,0,0.3805123
1,0,0,0.29710197
1,1,0,0.21992494
1,1,1,0.8328338
1,1,1,0.71005654
1,0,0,0.37549073
1,1,1,0.7216316
1,0,0,0.22653055
1,1,0,0.41483757
1,1,1,0.52962315
1,0,1,0.5801591
1,0,1,0.5450164
1,0,0,0.09481398
1,0,1,0.7302992
1,0,0,0.32537898
1,1,1,0.64718276
1,1,1,0.79965657
1,0,1,0.58630353
1,0,0,0.3332603
1,1,1,0.6326046
1,1,1,0.70171964
1,0,0,0.35231623
1,0,0,0.44153005
1,1,1,0.85461503
1,0,1,0.58767086
1,1,1,0.654757
1,0,0,0.10458833
1,0,1,0.62120396
1,1,1,0.70942307
1,1,1,0.58758956
1,0,0,0.4207851
1,1,1,0.6598776
1,1,1,0.8221732
1,0,1,0.6029625
1,1,1,0.7651528
1,1,1,0.5221788
1,0,0,0.17658041
1,1,1,0.61033183
1,0,0,0.29280064
1,1,0,0.41798794
1,1,1,0.8218909
1,1,1,0.75420636
1,0,1,0.7151924
1,0,0,0.1350877
1,1,1,0.5986069
1,1,1,0.775604
1,0,1,0.54622495
1,1,1,0.5450561
1,1,1,0.60579246
1,1,1,0.78728145
1,0,0,0.25825942
1,0,0,0.15320243
1,0,1,0.5337194
1,0,1,0.79744494
1,0,0,0.29049218
1,1,0,0.4688608
1,0,0,0.12026382
1,1,0,0.16022103
1,1,1,0.9081033
1,1,1,0.5305706
1,0,0,0.27273402
1,0,1,0.72741646
1,1,1,0.71605873
1,1,1,0.6823028
1,0,0,0.48766866
1,0,0,0.3418826
1,1,0,0.38110405
1,0,0,0.15019394
1,0,0,0.17670819
1,1,1,0.74121976
1,1,1,0.67476267
1,1,1,0.5841838
1,0,0,0.21338354
1,0,1,0.5237002
1,0,0,0.46247813
1,0,1,0.7207293
1,0,1,0.5422494
1,1,1,0.54289746
1,1,1,0.7055567
1,1,1,0.5464552
1,0,1,0.51318645
1,1,1,0.6133154
1,1,0,0.37834263
1,0,0,0.26070312
1,1,1,0.57895523
1,0,1,0.60751575
1,0,1,0.5413711
1,1,0,0.35388684
1,0,1,0.5193491
1,1,0,0.4276441
1,1,1,0.5232333
1,0,1,0.51497567
1,1,0,0.4812434
1,0,1,0.53393596
1,0,0,0.16829166
1,1,0,0.46985877
1,0,0,0.1770058
1,0,0,0.19257858
1,0,0,0.42192432
1,0,0,0.15945952
1,0,0,0.345126
1,0,1,0.71718556
1,1,1,0.5848736
1,1,1,0.63730454
1,0,1,0.6263514
1,1,1,0.6307229
1,0,1,0.5413625
1,0,1,0.5239967
1,0,1,0.5829067
1,1,1,0.5633715
1,1,1,0.60717094
1,1,1,0.70048213
1,0,0,0.49575725
1,1,1,0.58859676
1,0,1,0.6353792
1,1,1,0.60368514
1,0,1,0.5551919
1,0,0,0.14251542
1,0,0,0.34850875
1,1,0,0.4699123
1,0,0,0.19108249
1,1,0,0.3248051
1,1,0,0.15052934
1,0,0,0.2730343
1,0,0,0.21391599
1,0,0,0.32058033
1,1,1,0.8123684
1,0,1,0.6305298
1,1,1,0.63659954
1,0,0,0.47785866
1,0,0,0.41128498
1,0,0,0.17296386
1,1,0,0.44930238
1,0,0,0.3579123
1,1,0,0.42260566
1,1,0,0.4601197
1,1,0,0.43499961
1,0,0,0.45738927
1,0,0,0.13987902
1,1,1,0.8189821
1,1,1,0.80707914
1,0,0,0.2504782
1,0,0,0.43611217
1,0,0,0.102872886
1,0,0,0.10821307
1,1,1,0.925088
1,0,1,0.76863176
1,0,0,0.48219833
1,0,0,0.41447815
1,0,0,0.25101942
1,1,1,0.6780859
1,0,1,0.5177311
1,0,1,0.58458674
1,1,1,0.5247943
1,1,0,0.4780907
1,1,1,0.71298754
1,1,1,0.5267807
1,0,0,0.097966
1,1,1,0.75025624
1,0,1,0.59667647
1,1,1,0.70876735
1,0,0,0.32167515
1,0,1,0.5379914
1,1,0,0.48637357
1,0,0,0.15302306
1,1,1,0.8219613
1,1,1,0.5906163
1,1,0,0.40332237
1,1,1,0.75847673
1,1,1,0.54096234
1,0,1,0.67381334
1,0,0,0.49460956
1,0,0,0.41109148
1,1,1,0.61606187
1,1,1,0.7217979
1,0,1,0.55317783
1,0,1,0.7110823
1,0,1,0.6846991
1,0,1,0.77458036
1,0,0,0.4760496
1,0,0,0.47581783
1,0,1,0.72572696
1,0,1,0.79154974
1,0,1,0.6501154
1,1,0,0.49617058
1,0,1,0.5629093
1,0,0,0.45019865
1,0,1,0.50458837
1,1,1,0.5174871
1,0,0,0.30256692
1,0,1,0.56012434
1,0,0,0.12652351
1,1,1,0.66680133
1,1,1,0.5135101
1,1,1,0.592248
1,1,0,0.12750064
1,1,1,0.59716797
1,1,1,0.8037042
1,1,1,0.5475192
1,1,1,0.6117495
1,0,1,0.50209016
1,0,0,0.15357584
1,0,1,0.57676804
1,1,1,0.82614005
1,0,1,0.5289752
1,1,1,0.5768972
1,0,0,0.16072106
1,0,0,0.4728628
1,0,0,0.45039794
1,0,0,0.19801964
1,1,1,0.70122397
1,1,0,0.41438678
1,1,1,0.7448871
1,0,1,0.76617247
1,0,1,0.7052177
1,0,0,0.39515275
1,0,1,0.5462839
1,1,1,0.5132217
1,1,1,0.6624456
1,1,0,0.4817746
1,1,1,0.75461894
1,1,1,0.53188527
1,0,0,0.45892477
1,1,0,0.353144
1,1,1,0.67290413
1,1,1,0.59813434
1,1,1,0.5925966
1,0,1,0.7008216
1,0,0,0.29947007
1,0,0,0.29994473
1,0,0,0.44685766
1,0,0,0.39901578
1,0,0,0.26202068
1,1,1,0.6110757
1,0,1,0.59018534
1,0,0,0.49370253
1,0,0,0.3480279
1,1,0,0.4376255
1,0,1,0.5122147
1,1,1,0.7052653
1,1,0,0.46141893
1,1,1,0.75576234
1,0,1,0.5142604
1,1,1,0.6210781
1,1,1,0.68132895
1,0,1,0.54780483
1,1,0,0.49946064
1,1,1,0.677585
1,0,0,0.47327316
1,1,1,0.639246
1,1,1,0.6456753
1,0,0,0.4880116
1,1,1,0.6396964
1,0,1,0.5077894
1,1,1,0.76606065
1,0,0,0.49099505
1,0,1,0.50763
1,0,0,0.3757092
1,0,0,0.2646436
1,1,1,0.54022396
1,0,1,0.51044625
1,0,0,0.39222947
1,1,1,0.8055935
1,1,1,0.6079559
1,0,1,0.6302809
1,1,0,0.48690304
1,1,1,0.55611783
1,0,1,0.629773
1,1,1,0.6881941
1,0,1,0.5540004
1,0,0,0.29557216
1,0,0,0.3404148
1,0,0,0.3155072
1,1,1,0.8138929
1,0,1,0.56206805
1,1,1,0.7523905
1,0,0,0.44073346
1,0,0,0.3848475
1,1,1,0.62915367
1,1,0,0.3347611
1,0,1,0.5066631
1,0,0,0.15992226
1,0,0,0.15032385
1,0,1,0.7952635
1,1,0,0.42677996
1,1,1,0.5411504
1,1,1,0.51336515
1,0,0,0.4975337
1,0,0,0.38826945
1,0,1,0.5932229
1,0,1,0.5994615
1,1,1,0.65241843
1,0,1,0.67345774
1,0,0,0.4067547
1,0,0,0.43659684
1,1,1,0.6252876
1,1,1,0.7679441
1,1,1,0.70622814
1,0,1,0.7076677
1,1,1,0.6653858
1,0,0,0.48936173
1,0,1,0.56165093
1,1,1,0.5365966
1,1,0,0.48627034
1,1,0,0.39965475
1,0,1,0.6636831
1,1,1,0.54195267
1,1,0,0.49958822
1,0,0,0.4048787
1,0,0,0.37363386
1,0,0,0.29815924
1,1,0,0.47795266
1,0,0,0.39739534
1,0,0,0.27261415
1,0,1,0.8058755
1,1,1,0.71395
1,0,1,0.6972744
1,1,1,0.58931524
1,1,1,0.8167086
1,1,1,0.7268399
1,0,1,0.63126624
1,0,0,0.39572418
1,1,0,0.27099252
1,1,0,0.3572218
1,0,0,0.4223899
1,0,0,0.27790532
1,0,0,0.45097315
1,0,0,0.28538355
1,0,1,0.7066323
1,1,0,0.4084012
1,1,1,0.7376911
1,1,1,0.7003503
1,1,0,0.46851996
1,1,1,0.7205222
1,0,1,0.6247711
1,1,0,0.22204672
1,0,0,0.39663017
1,0,0,0.39729318
1,1,0,0.47795194
1,1,0,0.4660533
1,1,1,0.6180946
1,0,0,0.28503186
1,1,0,0.28082463
1,0,1,0.5566018
1,0,1,0.5619526
1,1,1,0.6240378
1,1,1,0.72171146
1,0,0,0.41428512
1,0,0,0.44768256
1,0,0,0.21988977
1,0,0,0.18436132
1,0,0,0.23442969
1,0,1,0.6044401
1,0,0,0.44861242
1,0,0,0.42453024
1,0,1,0.51482457
1,1,1,0.8542731
1,1,1,0.57659614
1,1,1,0.73324525
1,0,0,0.21260777
1,0,0,0.20169662
1,0,1,0.775681
1,1,0,0.4645331
1,0,0,0.21480277
1,1,1,0.6143595
1,1,1,0.6827987
1,1,1,0.6102991
1,0,0,0.35079154
1,0,0,0.22908022
1,1,1,0.78010505
1,1,0,0.49955094
1,1,1,0.5159811
1,0,0,0.109720066
1,0,0,0.15677303
1,0,0,0.2826748
1,1,1,0.65485615
1,0,1,0.5386784
1,0,1,0.6969584
1,1,1,0.5823798
1,0,0,0.25935596
1,1,1,0.6822234
1,0,0,0.48997492
1,0,0,0.24670169
1,0,1,0.52066654
1,1,1,0.81823444
1,0,1,0.63801247
1,0,1,0.66781485
1,0,1,0.56887394
1,0,0,0.4594812
1,1,0,0.41340476
1,1,1,0.58034474
1,0,1,0.7062937
1,0,1,0.6217885
1,1,1,0.5857798
1,0,0,0.39879063
1,1,1,0.601716
1,0,1,0.62045246
1,0,1,0.56121373
1,0,0,0.31879285
1,1,1,0.64888185
1,1,1,0.6461726
1,1,1,0.57236975
1,0,1,0.5342701
1,1,1,0.8616383
1,1,1,0.5974184
1,0,1,0.5132094
1,0,0,0.35251456
1,1,1,0.7546446
1,1,1,0.68177074
1,0,1,0.6926059
1,1,1,0.7384083
1,0,1,0.7079397
1,1,0,0.4271563
1,1,1,0.6731778
1,1,1,0.7123228
1,1,1,0.58345985
1,0,1,0.5068489
1,0,1,0.8796347
1,0,1,0.5814543
1,0,1,0.5561803
1,1,1,0.5515798
1,0,1,0.6754114
1,0,1,0.6857463
1,1,1,0.61172557
1,1,1,0.66225415
1,0,0,0.45423502
1,0,0,0.23388763
1,1,1,0.69967824
1,0,0,0.4163587
1,0,0,0.4190242
1,0,0,0.4704264
1,1,1,0.5536746
1,1,1,0.7160286
1,1,1,0.6640635
1,1,1,0.73863554
1,1,1,0.6157009
1,0,0,0.4983109
1,1,0,0.3308073
1,0,1,0.57682
1,0,1,0.5861251
1,0,1,0.6497045
1,0,0,0.19183521
1,1,0,0.39946496
1,0,0,0.2916093
1,1,1,0.72830015
1,1,1,0.71951497
1,1,1,0.6267817
1,1,1,0.9072349
1,0,1,0.5957432
1,1,1,0.5397576
1,0,0,0.25118798
1,1,1,0.60473627
1,0,0,0.24451979
1,0,0,0.31051078
1,0,0,0.21791047
1,1,1,0.5006123
1,1,1,0.6204878
1,1,0,0.47294706
1,0,0,0.19843793
1,0,0,0.18749969
1,0,0,0.24613123
1,1,0,0.40450302
1,1,0,0.3515956
1,0,0,0.19343011
1,0,0,0.44777903
1,0,0,0.41125304
1,0,0,0.38042125
1,1,0,0.40070468
1,0,0,0.25135258
1,0,0,0.27872893
1,0,0,0.3477805
1,1,0,0.45013765
1,1,1,0.81519544
1,1,0,0.44386685
1,0,0,0.3659695
1,1,0,0.4485084
1,1,0,0.43515655
1,1,0,0.4470084
1,0,0,0.054250766
1,0,0,0.34857872
1,0,0,0.46435505
1,0,0,0.40571204
1,0,0,0.22188534
1,1,1,0.519482
1,1,0,0.31672832
1,1,1,0.58342314
1,0,0,0.456554
1,0,1,0.64222807
1,1,1,0.6168916
1,0,1,0.6405759
1,0,0,0.27539206
1,0,0,0.43288338
1,0,1,0.60053986
1,1,0,0.3033131
1,1,1,0.54912275
1,0,1,0.5149745
1,0,0,0.11404553
1,0,0,0.16786005
1,0,0,0.10840833
1,1,1,0.7717321
1,1,1,0.5847372
1,1,1,0.76880497
1,0,0,0.3323684
1,0,0,0.39578962
1,0,1,0.74232465
1,0,1,0.52198964
1,1,0,0.43973643
1,0,1,0.54263204
1,1,1,0.6253555
1,0,0,0.36072668
1,1,1,0.7784828
1,1,1,0.5179757
1,1,0,0.11630904
1,1,1,0.7533372
1,1,1,0.6416219
1,0,0,0.19752568
1,0,0,0.282657
1,0,1,0.61708003
1,0,1,0.5489226
1,0,0,0.24855475
1,0,0,0.27898878
1,0,0,0.18527286
1,0,0,0.4199662
1,1,1,0.57435614
1,0,0,0.107708104
1,1,1,0.7531434
1,1,0,0.44538373
1,1,1,0.741537
1,0,1,0.59541637
1,0,1,0.70233107
1,1,1,0.71615946
1,0,0,0.13744362
1,1,0,0.44929317
1,0,0,0.4211525
1,0,0,0.11406039
1,0,1,0.5110698
1,1,1,0.8337339
1,1,1,0.7752524
1,0,1,0.6016306
1,1,1,0.8657431
1,1,1,0.7339894
1,0,1,0.70717
1,1,1,0.8428933
1,0,1,0.5902219
1,0,1,0.6173482
1,1,1,0.6673748
1,0,1,0.75587416
1,0,1,0.6408044
1,1,1,0.8702278
1,1,1,0.71121526
1,0,0,0.3392149
1,1,1,0.81725454
1,1,1,0.6768877
1,0,1,0.6245693
1,1,1,0.8339243
1,0,0,0.15701059
1,0,0,0.3341518
1,1,1,0.7979716
1,0,0,0.26965657
1,0,0,0.27816018
1,0,0,0.2874307
1,1,0,0.41135573
1,0,1,0.5224492
1,0,0,0.10811155
1,1,1,0.77673924
1,0,1,0.59555864
1,0,1,0.7298702
1,1,1,0.61339694
1,1,1,0.7233718
1,0,1,0.65053105
1,1,1,0.652747
1,1,1,0.8870962
1,1,0,0.48997268
1,0,0,0.34540161
1,1,1,0.6642131
1,0,0,0.35494387
1,0,1,0.5048081
1,1,1,0.63864225
1,0,1,0.5453443
1,0,0,0.3547362
1,1,1,0.8039375
1,1,0,0.487667
1,0,0,0.47935316
1,0,1,0.5081852
1,1,0,0.47876552
1,1,1,0.8527085
1,0,0,0.1558412
1,0,0,0.21683247
1,1,1,0.5500816
1,0,1,0.6545781
1,0,1,0.5739549
1,1,0,0.4483644
1,0,1,0.5907632
1,1,1,0.51929164
1,0,0,0.38421825
1,0,1,0.5491426
1,1,1,0.53378123
1,1,1,0.6676313
1,0,0,0.4448308
1,0,0,0.42660496
1,0,1,0.7257679
1,0,1,0.6424244
1,0,1,0.55160314
1,0,1,0.5174769
1,1,1,0.5729716
1,1,0,0.49990228
1,0,1,0.5426206
1,1,1,0.7222864
1,0,1,0.60751456
1,1,1,0.62963253
1,1,1,0.59211886
1,0,1,0.5164924
1,1,1,0.70581436
1,0,0,0.4974534
1,0,1,0.60602653
1,0,1,0.5866252
1,1,1,0.5109717
1,1,1,0.72715247
1,0,1,0.5825893
1,1,1,0.7244805
1,0,1,0.56900895
1,0,0,0.24226636
1,1,1,0.8803081
1,0,1,0.53440785
1,1,1,0.8654176
1,0,0,0.23156036
1,0,0,0.13464323
1,0,0,0.120657526
1,1,0,0.38449052
1,0,0,0.27051842
1,0,0,0.10428778
1,1,1,0.69267035
1,0,0,0.23828423
1,0,0,0.23017149
1,1,1,0.5215342
1,1,0,0.41769662
1,0,0,0.0748921
1,0,0,0.46731687
1,0,0,0.47571328
1,1,1,0.50550896
1,0,0,0.24348038
1,1,1,0.70376337
1,1,1,0.86649704
1,0,0,0.43830633
1,1,0,0.24460778
1,0,0,0.1106816
1,0,0,0.43646598
1,1,1,0.701613
1,1,0,0.18341193
1,0,0,0.3807812
1,1,1,0.6867981
1,0,0,0.14995393
1,1,0,0.46108168
1,1,1,0.5377432
1,0,0,0.22383535
1,0,1,0.7087384
1,1,1,0.7037039
1,0,0,0.25806627
1,1,0,0.39143047
1,0,1,0.6882577
1,0,0,0.13005085
1,1,1,0.8820589
1,1,1,0.6601788
1,0,1,0.6793523
1,0,1,0.50015956
1,1,0,0.47593674
1,0,1,0.5729103
1,0,1,0.51703054
1,1,1,0.6059393
1,0,1,0.6117977
1,1,1,0.5983014
1,1,0,0.48168862
1,0,0,0.34917018
1,0,0,0.32241806
1,0,1,0.65533197
1,1,1,0.6503367
1,1,1,0.755199
1,0,0,0.41449788
1,0,0,0.25445524
1,1,1,0.8554901
1,0,0,0.36088067
1,0,1,0.6508493
1,1,1,0.6994967
1,1,1,0.6872266
1,1,1,0.86272424
1,1,1,0.7458256
1,0,0,0.2869307
1,0,1,0.7316544
1,0,1,0.62938076
1,1,1,0.8180355
1,0,0,0.46427923
1,0,1,0.68293196
1,0,0,0.39113533
1,1,1,0.83719236
1,1,0,0.46532017
1,0,1,0.67236465
1,1,1,0.70783037
1,0,0,0.44847822
1,1,1,0.6962268
1,1,1,0.82127297
1,0,1,0.68223035
1,0,0,0.21239
1,0,0,0.49175322
1,1,0,0.436724
1,0,1,0.65412307
1,0,1,0.65781444
1,1,1,0.90717083
1,1,1,0.6942152
1,0,1,0.74397296
1,0,1,0.7058214
1,0,1,0.51543236
1,0,0,0.08853167
1,1,0,0.34840533
1,0,1,0.7259394
1,0,1,0.53642136
1,1,1,0.6167268
1,1,1,0.7768547
1,0,1,0.50689775
1,1,1,0.72432107
1,1,1,0.6247069
1,1,1,0.54665655
1,1,0,0.46508324
1,0,1,0.5797934
1,1,0,0.42691386
1,1,1,0.5383556
1,0,1,0.6056517
1,0,1,0.5119114
1,1,1,0.6240859
1,0,1,0.7487561
1,1,0,0.4828899
1,0,0,0.21041717
1,0,0,0.27402782
1,0,0,0.2724747
1,0,1,0.6034008
1,0,0,0.39153054
1,1,0,0.48882818
1,0,0,0.407383
1,0,0,0.41642097
1,1,1,0.50463504
1,0,0,0.38965625
1,1,1,0.91902876
1,0,1,0.602639
1,0,1,0.5727784
1,1,0,0.491188
1,1,1,0.665182
1,1,1,0.7644995
1,0,0,0.22128072
1,1,1,0.63851815
1,0,0,0.10260139
1,1,1,0.61243886
1,0,1,0.58697665
1,0,0,0.36503088
1,0,0,0.1845963
1,1,1,0.81892955
1,0,1,0.6365623
1,0,0,0.11459004
1,0,1,0.5336317
1,1,1,0.70813304
1,0,0,0.45618013
1,0,0,0.43726957
1,0,0,0.48469526
1,0,1,0.56370187
1,1,1,0.6540115
1,1,1,0.5329992
1,1,1,0.70351446
1,1,1,0.6612135
1,1,0,0.46401235
1,0,1,0.77483034
1,1,1,0.5041141
1,0,0,0.48097366
1,0,1,0.6439844
1,1,0,0.49485072
1,1,1,0.7448123
1,0,0,0.42614895
1,1,1,0.6857613
1,1,0,0.29537678
1,0,1,0.6547055
1,1,0,0.33713624
1,0,1,0.6349653
1,0,1,0.5058068
1,0,0,0.0757447
1,1,1,0.67991436
1,1,1,0.56807107
1,0,0,0.3671271
1,0,0,0.4567399
1,0,1,0.77568626
1,0,0,0.29535714
1,0,0,0.472996
1,1,1,0.7712477
1,1,1,0.72071266
1,0,0,0.1543838
1,1,1,0.9009655
1,0,1,0.6478019
1,1,0,0.43529797
1,0,0,0.14460586
1,0,1,0.51383764
1,1,1,0.8029335
1,1,1,0.57951444
1,1,1,0.68377304
1,0,1,0.55168086
1,0,0,0.15660079
1,0,0,0.20417966
1,1,1,0.687036
1,0,0,0.33116767
1,0,1,0.56777567
1,0,0,0.3791131
1,0,0,0.4044808
1,0,0,0.39967015
1,0,1,0.5962536
1,1,1,0.5712192
1,0,1,0.5939992
1,0,0,0.17404705
1,1,0,0.33026528
1,0,1,0.6252408
1,1,1,0.5645453
1,0,1,0.60158396
1,1,1,0.6639932
1,1,0,0.15116914
1,0,1,0.5571227
1,1,1,0.55265605
1,1,1,0.6742398
1,0,0,0.40645635
1,0,0,0.45074505
1,0,0,0.19804637
1,0,0,0.22484723
1,1,0,0.44671902
1,1,1,0.5222643
1,0,0,0.4347429
1,1,0,0.40083274
1,1,1,0.7536919
1,0,1,0.6814276
1,0,0,0.15219754
1,0,0,0.13989663
1,1,1,0.65759003
1,1,0,0.16813157
1,0,0,0.1337859
1,1,1,0.668855
1,1,1,0.7154853
1,1,1,0.75909126
1,0,0,0.17040637
1,0,0,0.242586
1,0,0,0.22573538
1,0,0,0.30710393
1,0,0,0.1290924
1,0,0,0.35714433
1,1,0,0.2644845
1,0,0,0.47178587
1,0,0,0.1112357
1,0,0,0.47038987
1,0,0,0.45105174
1,0,0,0.38226482
1,1,1,0.5440469
1,1,0,0.25939244
1,1,1,0.71406996
1,1,1,0.7201033
1,1,1,0.7158991
1,0,0,0.3125416
1,0,0,0.22694263
1,0,0,0.121350184
1,1,0,0.2845126
1,0,0,0.4739309
1,1,0,0.14444181
1,1,1,0.762251
1,0,0,0.48498106
1,0,1,0.5999293
1,0,0,0.1197344
1,1,1,0.52237004
1,0,0,0.21355787
1,0,0,0.39020622
1,0,0,0.49342975
1,0,0,0.17635775
1,1,1,0.6806208
1,1,1,0.50021285
1,1,0,0.22515325
1,0,0,0.4935961
1,1,1,0.6986039
1,0,0,0.40671372
1,1,1,0.87193406
1,0,0,0.3650889
1,0,0,0.1345223
1,1,0,0.4212103
1,1,0,0.34187832
1,1,0,0.09171022
1,0,1,0.5930541
1,0,1,0.57153535
1,1,0,0.39767945
1,0,0,0.15891711
1,1,1,0.7986241
1,1,0,0.28525367
1,0,0,0.2469338
1,0,0,0.38741156
1,0,0,0.08423661
1,1,1,0.88228935
1,1,1,0.7276996
1,1,1,0.58165276
1,0,0,0.3836258
1,1,1,0.5674286
1,0,1,0.64067554
1,1,1,0.55833554
1,1,1,0.6566898
1,0,0,0.24063778
1,0,0,0.41268405
1,0,0,0.49100935
1,0,1,0.6127183
1,0,0,0.2075661
1,0,1,0.6332795
1,0,0,0.36971423
1,1,1,0.5037462
1,1,1,0.6352309
1,0,0,0.117492944
1,0,0,0.17663434
1,1,0,0.45938104
1,1,1,0.6557113
1,1,0,0.34690118
1,1,1,0.76743954
1,1,0,0.42677996
1,1,1,0.5411504
1,1,1,0.51336515
1,0,0,0.4975337
1,0,0,0.38826945
1,0,1,0.5932229
1,0,1,0.5994615
1,1,1,0.65241843
1,0,1,0.67345774
1,0,0,0.4067547
1,0,0,0.43659684
1,1,1,0.6252876
1,1,1,0.7679441
1,1,1,0.70622814
1,0,1,0.7076677
1,1,1,0.6653858
1,0,0,0.48936173
1,0,1,0.56165093
1,1,1,0.5365966
1,1,0,0.48627034
1,1,0,0.39965475
1,0,1,0.6636831
1,1,1,0.54195267
1,1,0,0.49958822
1,0,0,0.4048787
1,0,0,0.37363386
1,0,0,0.29815924
1,1,0,0.47795266
1,0,0,0.39739534
1,0,0,0.27261415
1,1,1,0.8542979
1,0,0,0.35593203
1,0,0,0.41039824
1,1,0,0.4927738
1,1,1,0.5570591
1,0,1,0.7060732
1,0,0,0.25170222
1,0,0,0.3874182
1,1,1,0.5888319
1,1,1,0.5978338
1,0,1,0.71605414
1,1,1,0.52845055
1,0,0,0.4784482
1,1,1,0.76975024
1,0,0,0.3546884
1,1,1,0.7435348
1,0,0,0.43220407
1,1,0,0.3339747
1,0,0,0.42073384
1,1,1,0.6980366
1,0,0,0.28033102
1,0,0,0.3598038
1,1,1,0.6951794
1,0,1,0.7012798
1,0,1,0.5458803
1,1,1,0.5175507
1,1,0,0.42508507
1,0,0,0.19397208
1,0,0,0.40005517
1,1,1,0.6610256
1,1,1,0.5736851
1,1,1,0.50443226
1,0,0,0.16509
1,1,0,0.15924026
1,0,0,0.085137255
1,0,0,0.2912622
1,0,1,0.5169569
1,0,1,0.5912753
1,1,1,0.6250853
1,0,1,0.50908023
1,0,1,0.60296065
1,0,1,0.6469826
1,1,1,0.7273185
1,1,1,0.6397653
1,0,0,0.42948028
1,1,1,0.60609
1,0,1,0.5278383
1,0,0,0.42100352
1,0,1,0.50634897
1,0,1,0.60065985
1,0,0,0.47119516
1,1,0,0.4773342
1,1,0,0.41838956
1,1,0,0.35344884
1,0,0,0.20533758
1,1,1,0.60630465
1,1,1,0.58506507
1,0,0,0.14612481
1,0,0,0.18785197
1,1,1,0.6857115
1,0,0,0.47623074
1,1,1,0.5014344
1,0,0,0.41152054
1,1,0,0.49588698
1,0,0,0.3834385
1,1,1,0.52358395
1,1,0,0.45586416
1,0,0,0.48437548
1,0,0,0.25930154
1,1,1,0.60618216
1,0,1,0.51847667
1,1,1,0.5839002
1,0,0,0.19182812
1,0,0,0.19679868
1,0,1,0.5559863
1,0,1,0.65862775
1,0,0,0.32927105
1,1,1,0.8791122
1,1,0,0.39642927
1,0,1,0.5233899
1,1,1,0.6278258
1,0,1,0.6548863
1,0,1,0.8403632
1,0,1,0.8067462
1,0,0,0.2014321
1,1,1,0.65204674
1,0,1,0.70580477
1,1,0,0.44925278
1,1,0,0.4444994
1,1,1,0.8486435
1,1,1,0.7768875
1,1,1,0.72870755
1,0,0,0.1243609
1,0,1,0.75071263
1,0,1,0.57793254
1,1,1,0.7432632
1,0,1,0.62872034
1,0,0,0.17027485
1,0,0,0.29158646
1,0,0,0.13262305
1,1,1,0.5846692
1,1,0,0.46053064
1,1,1,0.5194704
1,0,0,0.19033523
1,1,1,0.6539555
1,0,1,0.5781344
1,0,1,0.51578885
1,0,1,0.63823843
1,1,1,0.63835686
1,0,0,0.09397335
1,1,1,0.61438113
1,0,0,0.217442
1,1,0,0.48339134
1,1,0,0.4466196
1,0,0,0.4058299
1,1,0,0.39802238
1,0,0,0.23833601
1,0,0,0.4987676
1,0,1,0.80770534
1,0,0,0.41581413
1,0,0,0.21341348
1,1,0,0.4604517
1,1,0,0.37014192
1,0,1,0.6541097
1,1,0,0.14330296
1,0,0,0.44983682
1,1,1,0.5096838
1,0,0,0.36475238
1,0,1,0.6936421
1,1,0,0.4891296
1,1,1,0.5754037
1,1,0,0.46276313
1,0,0,0.47726548
1,1,1,0.5794615
1,0,0,0.4296665
1,1,0,0.2318088
1,0,1,0.62663597
1,1,1,0.597778
1,1,1,0.5386031
1,0,1,0.6267978
1,1,1,0.52881664
1,0,0,0.30742866
1,0,0,0.22935632
1,0,0,0.23773113
1,0,0,0.46017143
1,0,1,0.536106
1,1,1,0.6240437
1,0,0,0.46248725
1,0,0,0.37564194
1,0,1,0.51373494
1,1,0,0.41262358
1,0,1,0.60779583
1,0,0,0.38356632
1,0,0,0.40509284
1,1,0,0.4031284
1,1,1,0.5984323
1,0,0,0.38042995
1,1,0,0.2720891
1,0,0,0.40634596
1,0,1,0.59285694
1,0,1,0.51353824
1,1,1,0.56032205
1,0,1,0.6651145
1,1,1,0.54854906
1,1,1,0.59748286
1,1,1,0.54039973
1,0,1,0.8678422
1,1,0,0.42989606
1,0,1,0.5177595
1,0,1,0.6721037
1,1,1,0.72268564
1,1,0,0.39830503
1,0,1,0.6031065
1,1,1,0.6748359
1,0,1,0.7265579
1,1,1,0.72557145
1,0,1,0.5816096
1,1,1,0.6119952
1,0,0,0.3324591
1,1,1,0.7347279
1,0,1,0.8012059
1,1,0,0.45011896
1,0,1,0.7724476
1,0,0,0.4789786
1,0,1,0.5709861
1,0,1,0.5881449
1,1,1,0.65981424
1,1,1,0.6572734
1,1,0,0.2243255
1,1,0,0.22275567
1,1,1,0.7497263
1,0,1,0.55796903
1,0,1,0.66504914
1,1,0,0.18121785
1,1,1,0.6426427
1,0,0,0.47420537
1,1,0,0.4278661
1,0,0,0.059742574
1,1,0,0.4461202
1,1,1,0.5240605
1,0,0,0.42933106
1,0,1,0.6230627
1,0,0,0.4536864
1,0,0,0.2160539
1,0,0,0.28115302
1,1,0,0.1920505
1,1,1,0.8772906
1,1,1,0.6182496
1,1,1,0.6433355
1,0,1,0.680818
1,1,1,0.5846526
1,0,1,0.5805083
1,1,1,0.5332331
1,0,1,0.61014473
1,1,1,0.6482554
1,1,0,0.48285532
1,0,0,0.08704346
1,0,1,0.53987634
1,1,1,0.5653893
1,0,0,0.13324374
1,0,0,0.112250954
1,1,1,0.6853652
1,0,1,0.55843234
1,1,1,0.544021
1,1,1,0.72694665
1,0,0,0.2562419
1,0,0,0.18857425
1,0,0,0.2828511
1,0,0,0.093571536
1,0,0,0.09896227
1,1,1,0.7903117
1,0,1,0.71325296
1,0,1,0.5748292
1,1,1,0.55263287
1,0,0,0.44070363
1,1,1,0.6241532
1,1,1,0.6685163
1,0,1,0.5674054
1,0,1,0.51677793
1,0,1,0.5278464
1,1,1,0.59239
1,1,1,0.555283
1,1,0,0.41591486
1,0,0,0.24595961
1,0,0,0.33286524
1,0,0,0.17451766
1,0,0,0.46425176
1,1,1,0.6832766
1,0,0,0.23067394
1,0,0,0.19757135
1,0,1,0.69618756
1,1,0,0.3620159
1,0,0,0.20404623
1,1,0,0.24002193
1,1,0,0.29401314
1,1,1,0.586523
1,1,1,0.5829875
1,1,1,0.5563302
1,1,1,0.83585966
1,1,1,0.7203394
1,0,1,0.56543887
1,0,0,0.11423945
1,0,0,0.15398262
1,1,1,0.68590504
1,1,1,0.75931925
1,1,0,0.24545716
1,0,0,0.167227
1,0,0,0.17149112
1,0,1,0.71563625
1,0,0,0.1873005
1,1,1,0.5717262
1,0,0,0.15060857
1,1,1,0.6199086
1,0,1,0.702092
1,1,1,0.5494931
1,0,1,0.78886974
1,1,0,0.34204742
1,0,0,0.2895354
1,1,1,0.53605735
1,1,1,0.63767934
1,1,1,0.5967923
1,0,0,0.14908648
1,0,0,0.36797434
1,0,0,0.19422603
1,0,0,0.122533135
1,1,1,0.8040292
1,0,1,0.60430294
1,1,0,0.13612847
1,1,0,0.4733899
1,0,0,0.31143364
1,1,0,0.48335916
1,0,0,0.11548745
1,0,0,0.09910497
1,0,1,0.56765443
1,0,0,0.28972504
1,0,1,0.79895234
1,1,0,0.39604732
1,0,0,0.28168303
1,1,0,0.37596774
1,0,0,0.1729959
1,1,1,0.57299477
1,1,1,0.6321767
1,0,0,0.1280699
1,1,0,0.41481182
1,0,0,0.22324604
1,1,1,0.56564444
1,0,0,0.4643093
1,1,1,0.57224613
1,1,0,0.30061436
1,0,0,0.25546506
1,0,0,0.08306213
1,0,1,0.56486833
1,0,0,0.4424594
1,1,1,0.7509519
1,0,1,0.6904795
1,1,0,0.40667564
1,0,1,0.6208208
1,1,1,0.6442226
1,0,0,0.46192735
1,1,0,0.31621534
1,0,0,0.26595375
1,0,0,0.14237341
1,0,1,0.6181699
1,1,0,0.271213
1,0,0,0.109170265
1,1,1,0.7909645
1,0,1,0.59089977
1,1,1,0.56388915
1,0,0,0.46078333
1,1,1,0.6073544
1,1,1,0.7162195
1,0,0,0.13501096
1,0,0,0.19839135
1,1,1,0.60165393
1,1,0,0.14878948
1,1,1,0.5831953
1,0,0,0.360809
1,0,1,0.62505656
1,1,1,0.50716233
1,0,0,0.19972248
1,0,0,0.17438164
1,0,1,0.5441332
1,1,1,0.63116014
1,0,0,0.4861474
1,1,1,0.69896996
1,0,0,0.40656134
1,1,1,0.62759084
1,1,1,0.6866038
1,0,1,0.5202927
1,1,1,0.6475808
1,0,1,0.67986226
1,1,1,0.5281513
1,1,1,0.6594821
1,0,0,0.49441016
1,0,0,0.27705672
1,0,0,0.18526348
1,1,1,0.69387835
1,0,0,0.18580544
1,0,0,0.37622166
1,0,0,0.28938475
1,1,0,0.2270971
1,1,1,0.8422962
1,0,1,0.5837945
1,1,1,0.67931515
1,1,1,0.62361896
1,1,1,0.746212
1,0,1,0.5998429
1,0,1,0.5412971
1,1,1,0.71774924
1,0,0,0.46853575
1,1,0,0.35728577
1,1,1,0.54652274
1,0,1,0.7643341
1,0,1,0.68542844
1,1,1,0.563312
1,0,0,0.31475157
1,1,1,0.6297402
1,0,1,0.5147759
1,0,0,0.45827588
1,1,1,0.6786379
1,0,1,0.66496366
1,1,1,0.51888037
1,1,1,0.50487876
1,0,1,0.6102559
1,0,1,0.70052063
1,0,1,0.6214533
1,1,1,0.65064615
1,1,1,0.5975211
1,0,1,0.58573925
1,0,0,0.28366753
1,0,1,0.541385
1,0,1,0.5642493
1,0,1,0.5585501
1,1,1,0.5851822
1,1,1,0.53099626
1,0,1,0.55210763
1,1,1,0.586353
1,0,1,0.6441845
1,1,1,0.57937676
1,1,1,0.58125
1,0,1,0.6078462
1,0,0,0.4819906
1,1,1,0.7304991
1,0,1,0.50015956
1,1,0,0.48210078
1,1,1,0.6610076
1,0,0,0.19326985
1,1,1,0.5825416
1,1,0,0.42587245
1,0,0,0.18539579
1,0,0,0.3641245
1,0,0,0.1286481
1,0,0,0.38376394
1,1,1,0.7676079
1,0,1,0.5679563
1,0,0,0.2803251
1,1,1,0.88595665
1,0,1,0.56102574
1,0,1,0.6835899
1,1,1,0.6554533
1,1,1,0.57934415
1,1,1,0.5990759
1,1,1,0.6608951
1,1,1,0.59717375
1,0,1,0.5254878
1,0,0,0.3466272
1,0,1,0.52941793
1,0,1,0.5081067
1,1,1,0.94261235
1,1,1,0.8159564
1,1,1,0.5142146
1,0,0,0.46692112
1,0,0,0.23991562
1,0,1,0.63845515
1,0,0,0.44264078
1,1,1,0.7261449
1,0,1,0.54518247
1,1,1,0.94225174
1,1,1,0.58233935
1,1,0,0.397594
1,0,0,0.49177548
1,1,1,0.7934362
1,0,1,0.6487313
1,0,0,0.32065383
1,1,1,0.7571181
1,1,0,0.3632145
1,1,1,0.7937947
1,0,0,0.30925775
1,1,1,0.63669616
1,0,1,0.75563806
1,0,0,0.2855885
1,1,1,0.64792454
1,0,1,0.60274774
1,0,1,0.55574566
1,1,1,0.70200026
1,0,1,0.68381864
1,0,0,0.32981458
1,1,1,0.7049123
1,0,0,0.39334124
1,1,1,0.67010564
1,0,1,0.607345
1,1,1,0.5991328
1,0,1,0.6662541
1,1,1,0.8550266
1,0,1,0.7873997
1,1,0,0.29231134
1,0,0,0.27462828
1,0,1,0.5345807
1,1,1,0.6443295
1,0,1,0.74237674
1,1,1,0.6874289
1,1,0,0.33644226
1,0,0,0.2255229
1,1,1,0.5763935
1,0,0,0.47162166
1,0,0,0.1752731
1,0,1,0.5161871
1,0,0,0.08393325
1,1,1,0.67040384
1,0,0,0.13777828
1,1,0,0.42960438
1,1,1,0.53208
1,0,0,0.34315068
1,0,0,0.16348189
1,1,1,0.69354826
1,1,1,0.5985245
1,0,1,0.5153933
1,0,1,0.54336923
1,1,1,0.5597446
1,0,0,0.3844243
1,0,0,0.2904191
1,1,0,0.21710907
1,0,0,0.21683912
1,1,1,0.69774145
1,0,1,0.5418163
1,0,0,0.21256688
1,0,0,0.14335267
1,1,0,0.38973814
1,0,0,0.19470994
1,1,1,0.8205069
1,0,1,0.719631
1,1,1,0.75572824
1,1,1,0.8102009
1,1,1,0.5339753
1,0,0,0.3705704
1,1,1,0.8613567
1,1,1,0.7649098
1,1,1,0.74270993
1,0,1,0.754708
1,1,1,0.951139
1,1,1,0.6967062
1,1,1,0.60606897
1,0,0,0.36873114
1,1,1,0.5835077
1,1,0,0.48169473
1,1,1,0.55211586
1,1,1,0.5897953
1,1,1,0.54057205
1,1,1,0.7544121
1,1,1,0.7080093
1,0,1,0.633563
1,0,0,0.35024783
1,0,0,0.2951289
1,1,1,0.5712522
1,1,1,0.61649907
1,0,0,0.49242988
1,1,0,0.2824782
1,0,1,0.512625
1,0,0,0.36411205
1,0,0,0.32829455
1,0,0,0.22189422
1,0,1,0.5710675
1,0,0,0.4375213
1,0,0,0.39779994
1,1,0,0.3490797
1,0,0,0.14631063
1,0,1,0.59549236
1,0,0,0.17115803
1,0,0,0.3646479
1,0,0,0.23916832
1,0,0,0.40028107
1,0,1,0.5629411
1,0,0,0.2048136
1,1,0,0.45983276
1,1,1,0.54784316
1,1,1,0.5284337
1,0,0,0.25851062
1,1,0,0.14570843
1,0,1,0.56914496
1,0,0,0.40603065
1,0,1,0.5567663
1,0,1,0.684004
1,1,0,0.33223227
1,0,0,0.44296423
1,1,1,0.5035751
1,1,0,0.4639572
1,1,1,0.52216
1,0,1,0.5322616
1,1,1,0.6910503
1,1,0,0.4186298
1,1,1,0.5585801
1,0,1,0.57938224
1,0,1,0.50732803
1,0,1,0.6575774
1,0,0,0.28670892
1,0,0,0.2929941
1,0,0,0.08653937
1,1,1,0.6296298
1,1,0,0.44266063
1,0,0,0.25319278
1,0,0,0.37703148
1,0,0,0.13550621
1,0,1,0.72028065
1,0,1,0.58051753
1,1,0,0.46144208
1,0,0,0.31047943
1,0,0,0.3524703
1,1,0,0.29810768
1,0,0,0.33459213
1,0,0,0.21391167
1,0,0,0.105863646
1,0,1,0.51294076
1,0,1,0.5921667
1,0,1,0.5202284
1,0,0,0.3398392
1,1,1,0.7465791
1,0,0,0.2338855
1,1,0,0.3405572
1,0,1,0.5972654
1,0,0,0.08580893
1,1,1,0.5665009
1,0,0,0.48493773
1,0,0,0.29866633
1,0,0,0.48831943
1,1,1,0.5425271
1,0,0,0.42260155
1,0,0,0.49175104
1,0,0,0.3498142
1,0,1,0.61767197
1,0,1,0.6242504
1,0,0,0.41752538
1,0,0,0.07343203
1,0,0,0.234981
1,1,1,0.87331927
1,1,1,0.74395734
1,1,1,0.87761724
1,0,1,0.7546637
1,1,1,0.7485393
1,1,1,0.65264755
1,1,1,0.5681881
1,1,1,0.6546353
1,0,1,0.7924424
1,0,0,0.4224086
1,0,0,0.28686094
1,1,1,0.5258997
1,0,0,0.35159194
1,1,1,0.5507329
1,0,0,0.39035222
1,0,0,0.39054
1,0,0,0.41113308
1,0,0,0.44302723
1,1,1,0.54975176
1,0,0,0.37224886
1,0,0,0.43881974
1,1,1,0.6526322
1,0,1,0.8846737
1,1,1,0.8134331
1,0,1,0.7537112
1,1,1,0.71304095
1,0,0,0.19700415
1,0,1,0.653688
1,0,1,0.6008454
1,1,1,0.85154796
1,1,0,0.49708843
1,1,1,0.58455086
1,0,1,0.5665525
1,0,1,0.715235
1,1,1,0.5124398
1,1,1,0.6803808
1,0,1,0.6201742
1,1,0,0.3562436
1,0,0,0.35873595
1,0,1,0.5104981
1,1,1,0.60840297
1,0,1,0.6588108
1,1,1,0.8571456
1,1,0,0.47024474
1,0,1,0.6325924
1,1,1,0.68877625
1,1,1,0.6009664
1,0,0,0.43140498
1,1,0,0.40114963
1,1,0,0.3776626
1,1,0,0.45062894
1,0,1,0.5015677
1,0,0,0.29033148
1,0,1,0.7563291
1,1,1,0.6422222
1,0,1,0.60218275
1,0,1,0.5322105
1,1,1,0.8709066
1,1,1,0.78081757
1,0,1,0.7301519
1,0,1,0.5358019
1,0,0,0.33273634
1,1,0,0.40838003
1,1,1,0.67296064
1,1,1,0.5202385
1,1,1,0.5728924
1,1,1,0.79283774
1,0,0,0.26868057
1,0,0,0.12931915
1,0,0,0.17694321
1,1,1,0.7138422
1,0,0,0.49472567
1,1,1,0.7799394
1,1,1,0.5075632
1,0,1,0.5365083
1,1,0,0.3894278
1,0,0,0.24720415
1,1,1,0.5467143
1,0,0,0.3854121
1,0,0,0.1349776
1,0,1,0.57538605
1,1,0,0.4896449
1,0,1,0.50583136
1,0,1,0.55087245
1,0,0,0.2067978
1,1,1,0.5393099
1,1,0,0.49146953
1,1,1,0.8565727
1,0,0,0.38773927
1,0,0,0.46099895
1,0,0,0.09324218
1,0,1,0.6167691
1,0,0,0.25657278
1,1,1,0.6683211
1,1,1,0.7518027
1,1,1,0.6984401
1,0,1,0.6219109
1,1,1,0.76046836
1,1,1,0.5653532
1,0,1,0.6699449
1,1,1,0.69866455
1,0,1,0.7126855
1,0,0,0.4757244
1,0,1,0.70189345
1,1,1,0.69309753
1,1,1,0.70708144
1,1,1,0.74839425
1,0,1,0.6510533
1,0,0,0.44160095
1,1,1,0.84777933
1,0,0,0.46368834
1,1,1,0.73139495
1,0,0,0.15894923
1,1,1,0.5112898
1,1,1,0.8926268
1,1,0,0.4728035
1,1,0,0.47496924
1,1,1,0.83519006
1,1,1,0.67040604
1,1,1,0.54353195
1,1,1,0.56101966
1,1,1,0.8363198
1,0,1,0.76545507
1,0,1,0.7019483
1,0,1,0.592218
1,0,1,0.7091456
1,1,0,0.4744159
1,0,0,0.051737018
1,0,1,0.53269184
1,1,1,0.56945974
1,1,1,0.7417761
1,0,1,0.5548068
1,0,1,0.68592954
1,0,1,0.8337976
1,0,0,0.45464507
1,1,1,0.79551756
1,0,0,0.48379895
1,1,1,0.7350041
1,1,1,0.59462595
1,0,1,0.6726915
1,0,1,0.7894184
1,0,0,0.3284485
1,1,1,0.6531067
1,1,1,0.6214074
1,0,1,0.62008566
1,0,0,0.4603357
1,0,0,0.3781214
1,1,1,0.78897953
1,1,0,0.4228587
1,1,1,0.6694773
1,1,1,0.6746746
1,0,1,0.6368136
1,1,1,0.58480346
1,0,1,0.5785547
1,0,1,0.73233634
1,0,0,0.4527494
1,0,0,0.4915953
1,0,1,0.73842204
1,1,1,0.89846736
1,0,1,0.5151573
1,1,1,0.54774886
1,1,1,0.583775
1,0,1,0.56325966
1,0,1,0.6797457
1,0,0,0.2798603
1,0,0,0.46919265
1,1,0,0.4982057
1,0,1,0.51342446
1,0,1,0.63962084
1,1,1,0.65968645
1,1,0,0.18772948
1,0,0,0.36262843
1,0,1,0.88885874
1,1,1,0.78797674
1,1,1,0.80171335
1,1,0,0.2654983
1,0,1,0.5940589
1,0,1,0.6802143
1,1,1,0.74013823
1,0,0,0.41741297
1,0,0,0.18827401
1,1,1,0.7441263
1,1,1,0.6600091
1,0,1,0.60072523
1,1,1,0.69668686
1,1,1,0.7098473
1,0,1,0.64271665
1,1,0,0.2828632
1,0,1,0.6462034
1,1,1,0.78636473
1,1,1,0.52131283
1,0,0,0.30233628
1,1,1,0.8597224
1,1,1,0.573571
1,1,1,0.8067221
1,1,1,0.57793486
1,0,0,0.48331928
1,1,1,0.6225949
1,1,1,0.6554055
1,0,1,0.6555071
1,0,1,0.74342954
1,0,1,0.5007264
1,0,0,0.11348906
1,0,0,0.496978
1,0,1,0.73333
1,0,1,0.5195749
1,0,1,0.522539
1,1,1,0.7183763
1,1,1,0.71421856
1,0,1,0.6989616
1,1,1,0.70001656
1,1,1,0.6898388
1,0,0,0.3063038
1,0,1,0.56213975
1,0,1,0.5850588
1,1,1,0.8121945
1,1,1,0.6608219
1,1,1,0.95387894
1,1,1,0.81532276
1,1,1,0.6638117
1,1,1,0.68122107
1,1,1,0.8163582
1,1,1,0.54745597
1,0,0,0.44430926
1,1,1,0.557882
1,1,1,0.6100705
1,0,1,0.7512745
1,0,1,0.65978414
1,0,1,0.66273385
1,1,1,0.7582238
1,1,1,0.8060796
1,1,1,0.7360465
1,1,1,0.8342453
1,1,1,0.70109683
1,1,1,0.88670903
1,0,1,0.5865799
1,0,1,0.713967
1,0,1,0.7609259
1,1,1,0.8606406
1,0,1,0.7140017
1,0,0,0.42106226
1,1,1,0.8960594
1,1,1,0.73821974
1,1,1,0.71710056
1,1,1,0.8212005
1,1,1,0.8561069
1,1,1,0.6109524
1,1,1,0.702775
1,1,1,0.61672163
1,1,1,0.54202443
1,1,0,0.35923594
1,0,1,0.5301331
1,0,1,0.60775936
1,0,0,0.31028485
1,0,1,0.53230774
1,0,0,0.19187352
1,1,0,0.4879334
1,0,1,0.8459851
1,0,1,0.526651
1,1,1,0.870571
1,1,1,0.7673575
1,1,1,0.7692158
1,1,1,0.7239842
1,1,1,0.75068337
1,0,1,0.50728214
1,0,1,0.6185614
1,0,1,0.6823341
1,1,1,0.50608337
1,0,0,0.4236749
1,0,0,0.3171095
1,0,0,0.24966188
1,0,1,0.69375855
1,0,1,0.67276186
1,0,1,0.60150176
1,1,1,0.71887743
1,0,0,0.45801362
1,1,1,0.8070362
1,1,1,0.6470878
1,0,0,0.42347085
1,0,0,0.46960935
1,1,1,0.84432185
1,0,0,0.4379639
1,1,1,0.6679813
1,1,1,0.7265515
1,1,1,0.5713661
1,0,1,0.5854122
1,1,1,0.711836
1,0,1,0.81313545
1,0,0,0.16130678
1,1,1,0.8496025
1,0,1,0.5899504
1,0,1,0.50261366
1,0,1,0.73336273
1,0,1,0.6500065
1,1,1,0.7429754
1,1,1,0.6630215
1,1,1,0.58334553
1,1,1,0.65168077
1,1,1,0.60733795
1,0,1,0.5435162
1,0,1,0.6173667
1,1,1,0.6017405
1,1,1,0.61746
1,0,1,0.5265688
1,1,1,0.6627827
1,0,1,0.6965103
1,0,0,0.44096068
1,0,1,0.6318386
1,1,1,0.7157903
1,0,1,0.62642103
1,0,1,0.61149263
1,0,0,0.36288288
1,0,1,0.5644533
1,0,1,0.77103424
1,1,1,0.7724887
1,0,1,0.67906606
1,1,1,0.7749208
1,1,1,0.55530596
1,0,1,0.5304707
1,1,1,0.7110731
1,0,1,0.5460635
1,0,0,0.35510552
1,0,0,0.47493514
1,1,1,0.7167617
1,1,1,0.6165413
1,1,1,0.8076333
1,0,0,0.2539631
1,0,0,0.33724394
1,1,1,0.768543
1,0,1,0.5003853
1,0,0,0.44097316
1,1,1,0.8735065
1,0,0,0.3594115
1,1,1,0.7690084
1,0,0,0.4411482
1,1,1,0.8180475
1,1,1,0.54418415
1,0,0,0.43576956
1,0,1,0.62079126
1,0,0,0.46425414
1,1,1,0.68771154
1,0,0,0.45826623
1,1,1,0.6387109
1,0,0,0.42210525
1,1,1,0.76579046
1,0,1,0.6576522
1,1,1,0.6438776
1,0,0,0.23744021
1,0,0,0.2179772
1,1,1,0.61985713
1,1,1,0.6321619
1,0,1,0.5260042
1,1,0,0.34629014
1,0,0,0.19692181
1,1,0,0.2874176
1,1,1,0.80819505
1,0,0,0.31804746
1,0,0,0.3886703
1,1,1,0.8063965
1,1,1,0.806597
1,0,0,0.3506113
1,0,0,0.09303089
1,0,0,0.13998522
1,0,1,0.55272996
1,1,1,0.5783407
1,1,1,0.7004771
1,1,1,0.7109609
1,1,1,0.73054826
1,1,1,0.8465462
1,0,0,0.32525125
1,0,1,0.70960987
1,0,1,0.7064379
1,0,0,0.33542308
1,1,1,0.5338977
1,1,1,0.7876233
1,1,0,0.4669452
1,1,0,0.29904285
1,0,0,0.48909232
1,0,0,0.39997116
1,1,0,0.3740827
1,1,1,0.698411
1,0,0,0.4694949
1,1,1,0.9035213
1,0,1,0.5695197
1,0,1,0.60065806
1,0,0,0.40388313
1,0,1,0.8794709
1,0,1,0.67780167
1,0,1,0.640699
1,0,1,0.778476
1,1,1,0.6096855
1,1,1,0.59131414
1,1,1,0.6529713
1,0,0,0.47596005
1,1,1,0.9003098
1,1,1,0.7717126
1,0,1,0.5676263
1,0,1,0.62337434
1,1,1,0.69245034
1,0,1,0.5659056
1,0,1,0.61145043
1,1,1,0.6858227
1,1,1,0.7979627
1,0,1,0.7045306
1,0,1,0.61660784
1,0,1,0.8258445
1,1,1,0.8387434
1,1,1,0.5160155
1,1,1,0.7025698
1,0,1,0.61729467
1,1,0,0.39467147
1,0,0,0.16897415
1,1,1,0.591216
1,1,1,0.616823
1,0,1,0.61274564
1,0,0,0.45763713
1,0,1,0.6072813
1,1,0,0.3881028
1,0,0,0.1496105
1,1,0,0.39832842
1,1,1,0.5971635
1,0,0,0.21723801
1,0,0,0.2822657
1,1,1,0.9026944
1,1,1,0.72368336
1,1,1,0.6498676
1,0,0,0.469279
1,1,1,0.7214107
1,1,1,0.6789792
1,0,1,0.71345836
1,0,0,0.36051223
1,1,1,0.8128519
1,0,1,0.5983138
1,1,1,0.7894113
1,1,1,0.56317157
1,1,1,0.6621325
1,1,1,0.7187568
1,0,1,0.5824275
1,0,1,0.6757948
1,0,1,0.5292445
1,1,0,0.47365913
1,1,0,0.37272614
1,0,0,0.4070848
1,0,0,0.32629842
1,1,0,0.39765665
1,1,0,0.47967634
1,0,1,0.5467797
1,1,0,0.35503948
1,0,1,0.66204137
1,0,1,0.51570827
1,1,1,0.70219266
1,1,1,0.5480791
1,0,1,0.609671
1,0,0,0.48327577
1,0,1,0.57270473
1,1,0,0.49280164
1,1,0,0.4286249
1,1,1,0.7838469
1,1,1,0.7563742
1,0,0,0.4747177
1,0,0,0.4625684
1,0,0,0.21635751
1,0,1,0.6421061
1,0,1,0.8943496
1,1,0,0.44081214
1,0,1,0.573234
1,1,1,0.7713102
1,0,1,0.77962524
1,1,1,0.76040065
1,0,1,0.6510885
1,0,1,0.62368757
1,0,1,0.75909686
1,1,1,0.64035493
1,1,1,0.68056864
1,1,1,0.5293906
1,1,0,0.28910413
1,1,1,0.6649058
1,0,0,0.4083996
1,1,1,0.6792405
1,1,1,0.6193798
1,0,0,0.28566432
1,0,0,0.1477884
1,1,1,0.5526101
1,0,1,0.5445304
1,0,0,0.401607
1,0,0,0.107815556
1,1,1,0.56379414
1,0,1,0.6470306
1,0,0,0.22838987
1,1,1,0.8277931
1,0,1,0.51754737
1,0,0,0.26412627
1,1,1,0.9061485
1,1,1,0.72195804
1,0,0,0.4299396
1,1,1,0.5895778
1,0,1,0.540721
1,1,1,0.6799349
1,0,1,0.54681253
1,1,1,0.5999576
1,0,0,0.46248075
1,0,1,0.59355783
1,0,1,0.6132759
1,1,1,0.7154859
1,1,1,0.5326749
1,1,1,0.57005626
1,1,1,0.6248753
1,0,1,0.75095797
1,0,1,0.6298017
1,0,1,0.65780425
1,1,1,0.7162994
1,1,1,0.7024903
1,0,1,0.60884005
1,1,1,0.73980147
1,1,1,0.7038229
1,1,0,0.3606922
1,0,1,0.5077631
1,1,0,0.48722285
1,1,0,0.36390325
1,0,0,0.49624005
1,0,0,0.3099096
1,0,1,0.60678065
1,1,0,0.39467087
1,0,1,0.56627107
1,0,0,0.28068808
1,0,0,0.35912135
1,0,0,0.39682803
1,0,0,0.39785025
1,0,0,0.36705008
1,0,0,0.49381727
1,1,1,0.79205674
1,0,0,0.4540439
1,1,1,0.701081
1,1,1,0.77006793
1,1,1,0.57457995
1,0,1,0.58545035
1,1,1,0.7501031
1,1,0,0.43200514
1,0,0,0.44240582
1,0,0,0.2289154
1,1,1,0.5841669
1,0,0,0.26122943
1,0,1,0.6437465
1,1,1,0.6507461
1,0,0,0.4699471
1,0,0,0.40256593
1,0,1,0.5040333
1,0,1,0.73975354
1,1,1,0.59582597
1,1,1,0.74242514
1,1,1,0.68894714
1,1,1,0.73072684
1,0,0,0.2701849
1,1,1,0.5995341
1,0,0,0.3631497
1,1,1,0.5681151
1,1,0,0.42392766
1,0,1,0.5445399
1,0,0,0.4370371
1,0,0,0.25080582
1,1,1,0.72098345
1,1,0,0.45620427
1,0,0,0.47737923
1,1,1,0.842806
1,0,0,0.27455375
1,1,1,0.57458216
1,0,1,0.6486798
1,0,1,0.663976
1,0,0,0.48217377
1,1,1,0.82744193
1,1,0,0.36776012
1,1,1,0.56147087
1,0,1,0.55701935
1,0,1,0.6663863
1,1,1,0.5978863
1,1,1,0.560284
1,1,1,0.54950213
1,0,1,0.64858
1,0,1,0.5064167
1,0,0,0.43782517
1,1,1,0.69501
1,0,1,0.62142044
1,1,1,0.55238426
1,0,0,0.48484877
1,0,1,0.5455156
1,0,1,0.7402914
1,1,1,0.51971775
1,1,1,0.6430679
1,1,1,0.5775899
1,0,0,0.36605656
1,1,0,0.44526556
1,1,0,0.49581155
1,0,0,0.40711436
1,0,1,0.58896255
1,1,1,0.56217706
1,1,1,0.55713844
1,0,1,0.5199356
1,0,0,0.43205315
1,0,1,0.56905025
1,0,0,0.4905819
1,0,1,0.5147142
1,0,0,0.31530046
1,0,0,0.47323534
1,0,0,0.38309285
1,1,0,0.46148697
1,0,1,0.5190422
1,0,0,0.43796018
1,0,1,0.6520869
1,0,1,0.5943629
1,1,0,0.41973862
1,0,1,0.5816177
1,1,1,0.67928594
1,1,1,0.7143914
1,1,1,0.66765344
1,0,0,0.35745987
1,0,0,0.08912408
1,1,0,0.2765801
1,0,0,0.28105637
1,0,0,0.40179506
1,1,1,0.66655403
1,1,0,0.3341074
1,0,0,0.27739075
1,0,0,0.2850106
1,1,1,0.81713074
1,1,1,0.601854
1,1,0,0.20962618
1,0,0,0.14368173
1,0,0,0.45164222
1,0,1,0.7954305
1,1,1,0.6623639
1,0,0,0.4568618
1,0,1,0.5914272
1,0,1,0.7571557
1,1,1,0.52685124
1,0,0,0.32204968
1,0,1,0.6227857
1,1,1,0.78719395
1,0,0,0.365383
1,1,1,0.6385063
1,1,0,0.42962998
1,1,0,0.43945098
1,0,0,0.18754819
1,0,0,0.37275645
1,1,1,0.67968786
1,0,0,0.12372409
1,0,0,0.31415403
1,0,0,0.49862522
1,1,0,0.26950684
1,0,0,0.25890034
1,0,1,0.637148
1,1,1,0.78767025
1,1,1,0.75170326
1,1,1,0.72968704
1,1,1,0.5233435
1,1,1,0.7437249
1,1,1,0.8254951
1,1,1,0.5397978
1,0,0,0.14875023
1,1,1,0.63177145
1,1,1,0.70943815
1,1,1,0.8548889
1,0,1,0.50698215
1,1,1,0.5328196
1,0,1,0.55097556
1,0,1,0.83053774
1,0,1,0.61882275
1,1,1,0.6687859
1,0,1,0.6681629
1,0,0,0.11133567
1,0,1,0.653258
1,0,0,0.2852505
1,1,1,0.5379972
1,0,1,0.7451317
1,0,1,0.80873245
1,0,0,0.3028099
1,1,1,0.6053225
1,1,1,0.5839916
1,1,1,0.5416196
1,0,1,0.6796828
1,0,1,0.7229555
1,0,0,0.33464172
1,0,1,0.7465738
1,0,0,0.41778016
1,1,1,0.54895914
1,1,1,0.7537511
1,1,1,0.5846327
1,0,0,0.310134
1,1,0,0.4093605
1,1,1,0.65433186
1,1,1,0.5248551
1,1,1,0.611177
1,1,1,0.6325721
1,0,0,0.30477628
1,0,1,0.5903435
1,0,0,0.3294221
1,1,1,0.7221853
1,1,1,0.59483725
1,0,0,0.40223098
1,0,0,0.4446948
1,0,0,0.32455632
1,0,0,0.20256262
1,0,0,0.48757765
1,1,1,0.53499556
1,0,1,0.6219812
1,1,1,0.52186215
1,0,0,0.3930453
1,0,0,0.37686265
1,1,1,0.5728495
1,1,1,0.7463508
1,0,0,0.24206087
1,0,0,0.2467513
1,0,1,0.5029524
1,0,1,0.6368898
1,0,0,0.38020197
1,0,1,0.73972315
1,1,1,0.50646424
1,1,1,0.6938517
1,1,0,0.4668979
1,0,0,0.25779662
1,0,0,0.48667437
1,1,1,0.7923119
1,1,1,0.69374627
1,0,0,0.435208
1,0,0,0.48895574
1,1,1,0.5090788
1,0,1,0.74790305
1,1,0,0.4034886
1,1,1,0.62660027
1,1,0,0.49623662
1,0,0,0.3859986
1,0,0,0.15926458
1,0,0,0.19142503
1,0,0,0.1548159
1,0,0,0.17137314
1,0,1,0.637148
1,1,1,0.6092601
1,0,0,0.38003775
1,1,0,0.3915878
1,0,0,0.2533094
1,1,0,0.49652794
1,0,1,0.6634348
1,0,1,0.52675384
1,0,0,0.38537037
1,1,0,0.48013142
1,1,0,0.41193014
1,0,1,0.5220432
1,0,1,0.6532332
1,0,1,0.5626025
1,1,1,0.6156758
1,1,0,0.37010455
1,0,1,0.5627066
1,1,1,0.699841
1,0,0,0.316372
1,1,1,0.74540824
1,1,1,0.62147605
1,1,1,0.5922856
1,1,1,0.5905005
1,0,1,0.6371955
1,1,1,0.57808167
1,1,1,0.6778754
1,0,0,0.3258878
1,0,1,0.57083595
1,0,1,0.5964701
1,1,1,0.8551683
1,0,0,0.4842051
1,0,1,0.81162864
1,0,1,0.66891974
1,0,1,0.6725075
1,1,1,0.5334829
1,0,0,0.42633656
1,0,0,0.38148764
1,0,0,0.2693219
1,1,0,0.49996966
1,0,0,0.3512148
1,0,1,0.5792095
1,1,0,0.22964732
1,0,0,0.1588272
1,0,0,0.28606382
1,1,0,0.39598224
1,1,0,0.34386405
1,0,1,0.63057727
1,0,0,0.384076
1,1,0,0.3004308
1,1,1,0.59697026
1,1,0,0.22129036
1,0,0,0.33027166
1,1,1,0.70519423
1,0,0,0.30180237
1,0,0,0.2360204
1,0,0,0.24597822
1,0,1,0.62882215
1,1,1,0.61234754
1,0,0,0.25843605
1,1,0,0.38518855
1,0,1,0.65143806
1,0,1,0.67518544
1,1,1,0.75938207
1,1,1,0.78483415
1,1,1,0.75822407
1,0,0,0.32215044
1,0,0,0.31959513
1,0,1,0.5823415
1,0,1,0.6784295
1,0,0,0.2726795
1,1,1,0.80613
1,0,0,0.49270672
1,0,0,0.42451927
1,1,1,0.7712077
1,1,1,0.83837163
1,0,1,0.70309275
1,1,1,0.7046123
1,0,0,0.37459332
1,1,1,0.6837535
1,0,0,0.25505996
1,1,1,0.74803627
1,0,1,0.5074492
1,1,0,0.4535913
1,1,1,0.7176023
1,0,0,0.3694759
1,0,1,0.7965315
1,1,1,0.65419924
1,1,1,0.6748084
1,1,1,0.7069902
1,0,0,0.48540258
1,0,1,0.65564066
1,0,1,0.69446313
1,1,1,0.79008585
1,1,1,0.7667988
1,0,0,0.35898942
1,1,1,0.8634334
1,0,1,0.61072415
1,1,1,0.6299313
1,1,1,0.6208246
1,0,1,0.675081
1,1,1,0.74630624
1,0,1,0.82009536
1,0,0,0.47843036
1,1,1,0.5047984
1,1,0,0.2784323
1,0,0,0.14475253
1,0,0,0.29260218
1,1,1,0.65374106
1,0,1,0.61242616
1,0,0,0.49876338
1,0,0,0.2891534
1,1,1,0.5949821
1,0,0,0.49417162
1,1,1,0.6409847
1,1,1,0.56422037
1,1,1,0.55574334
1,0,0,0.46837103
1,0,1,0.61223334
1,1,1,0.8909064
1,1,1,0.5669664
1,1,0,0.18846467
1,1,1,0.6632749
1,1,1,0.69976985
1,0,0,0.36255798
1,1,1,0.5979718
1,0,1,0.5170357
1,1,1,0.7250231
1,0,1,0.5938774
1,0,0,0.39561328
1,1,1,0.6333454
1,1,1,0.61391157
1,0,0,0.31136835
1,0,0,0.32581392
1,1,1,0.5930353
1,0,0,0.41034976
1,0,0,0.24498267
1,1,1,0.6516583
1,0,0,0.17644396
1,1,1,0.6280676
1,1,1,0.6739834
1,0,0,0.39396092
1,0,0,0.4861132
1,0,0,0.485263
1,0,0,0.37802553
1,1,1,0.78299516
1,0,0,0.37604094
1,0,1,0.74912775
1,1,1,0.89085674
1,1,1,0.6289456
1,0,1,0.67625815
1,1,1,0.7830232
1,1,1,0.76140046
1,0,1,0.68677264
1,1,1,0.7032557
1,0,1,0.80096185
1,0,0,0.41714478
1,1,1,0.77310276
1,0,1,0.59474105
1,1,1,0.6888984
1,1,1,0.8358251
1,1,1,0.73576087
1,1,0,0.4382299
1,1,1,0.81211966
1,1,0,0.40722504
1,1,1,0.7041357
1,0,1,0.5074416
1,0,1,0.58067316
1,0,1,0.5515037
1,0,1,0.542366
1,0,1,0.6278932
1,0,1,0.6401473
1,0,0,0.2727831
1,0,0,0.20021184
1,1,0,0.4551758
1,0,0,0.18410952
1,0,0,0.16145079
1,1,0,0.4511694
1,1,1,0.5793945
1,1,1,0.6034587
1,0,0,0.46154362
1,1,1,0.6805379
1,1,1,0.68529063
1,0,1,0.6235665
1,1,1,0.5932909
1,1,1,0.5691306
1,1,1,0.5417746
1,0,0,0.4406636
1,0,0,0.3946739
1,0,1,0.5178909
1,0,1,0.64376134
1,0,0,0.42025605
1,0,1,0.6944901
1,0,0,0.22387184
1,1,1,0.70550454
1,1,1,0.7038437
1,1,0,0.47616374
1,0,0,0.435159
1,0,1,0.57470584
1,0,0,0.23386154
1,1,0,0.34319994
1,0,1,0.58945423
1,0,0,0.34666365
1,1,0,0.37296525
1,0,0,0.40294084
1,0,0,0.21528234
1,0,0,0.08804307
1,0,0,0.23200929
1,0,0,0.12114625
1,0,1,0.61557907
1,0,0,0.38987437
1,0,0,0.18768121
1,0,1,0.68034446
1,1,1,0.5197379
1,0,0,0.3662875
1,1,1,0.6322717
1,1,1,0.7519402
1,1,0,0.43933243
1,1,1,0.58449507
1,0,0,0.3764692
1,1,0,0.13894182
1,1,1,0.6632209
1,1,0,0.4473815
1,1,1,0.7997493
1,1,1,0.7839873
1,0,0,0.47258142
1,1,1,0.5416637
1,1,1,0.67453176
1,1,0,0.20922233
1,1,1,0.82858795
1,0,0,0.3423797
1,1,1,0.67323923
1,0,0,0.46274674
1,0,1,0.5232051
1,0,1,0.54948586
1,1,1,0.5801102
1,0,0,0.30447844
1,0,0,0.4912046
1,0,1,0.65366787
1,0,1,0.62395585
1,0,0,0.4686009
1,0,1,0.71010536
1,0,0,0.3362855
1,1,1,0.76035655
1,1,1,0.6057889
1,1,1,0.80172324
1,1,1,0.8923647
1,1,1,0.64016527
1,1,0,0.45449215
1,0,1,0.63030523
1,0,1,0.7323364
1,1,1,0.6188389
1,1,1,0.8497193
1,0,0,0.13755251
1,0,1,0.6653921
1,1,1,0.6409002
1,1,0,0.29579923
1,0,0,0.4455091
1,1,0,0.4268897
1,1,0,0.41429526
1,0,0,0.49452066
1,1,1,0.53060037
1,0,0,0.27278855
1,0,0,0.12565374
1,0,1,0.6049896
1,0,0,0.45032495
1,0,1,0.69524235
1,1,1,0.668187
1,0,0,0.4893713
1,0,1,0.54600465
1,1,1,0.8258638
1,0,1,0.747684
1,0,1,0.62020886
1,0,0,0.4726866
1,1,1,0.8171817
1,1,1,0.6435526
1,1,1,0.8023469
1,1,1,0.6132998
1,0,0,0.38510197
1,0,0,0.26721093
1,1,1,0.73006636
1,0,1,0.610702
1,0,0,0.48842633
1,1,1,0.7674842
1,0,1,0.5880635
1,1,1,0.61014205
1,0,1,0.6527125
1,1,1,0.8294482
1,1,1,0.7798525
1,1,1,0.6600605
1,1,0,0.37884024
1,1,1,0.6405278
1,0,1,0.5699363
1,1,1,0.5969603
1,1,1,0.52070075
1,0,0,0.17967877
1,1,1,0.8596402
1,1,1,0.7665563
1,0,1,0.73914313
1,0,0,0.32777032
1,0,1,0.63611
1,1,1,0.6290486
1,0,1,0.5536113
1,1,1,0.63595915
1,1,1,0.6563218
1,0,1,0.5710487
1,0,0,0.40079153
1,1,0,0.32673433
1,1,1,0.701396
1,1,0,0.48081818
1,0,0,0.49580535
1,0,0,0.29604957
1,0,1,0.51812935
1,1,1,0.77658814
1,0,1,0.5778169
1,1,0,0.40264866
1,0,1,0.6232759
1,0,0,0.35485035
1,0,0,0.22241834
1,1,1,0.5009633
1,0,0,0.42486647
1,0,0,0.2960286
1,1,1,0.68690985
1,0,0,0.21159883
1,1,0,0.22203958
1,0,1,0.82945347
1,1,1,0.6797992
1,1,1,0.6155555
1,1,1,0.61054945
1,0,1,0.6366868
1,0,1,0.5229918
1,0,0,0.46191755
1,0,1,0.5400438
1,1,0,0.49869135
1,1,1,0.54877365
1,0,1,0.51866
1,1,1,0.80265844
1,0,1,0.68258554
1,0,1,0.62374073
1,0,1,0.8516988
1,0,1,0.6128105
1,1,1,0.582918
1,0,0,0.4540372
1,0,1,0.7664273
1,1,0,0.21304403
1,0,0,0.35201496
1,0,0,0.46356905
1,1,0,0.37522975
1,1,0,0.2507108
1,0,0,0.43561298
1,1,0,0.45438513
1,1,1,0.73935395
1,0,0,0.31325215
1,0,0,0.17989956
1,1,0,0.49724376
1,1,0,0.3904546
1,1,1,0.63051695
1,1,1,0.69095796
1,1,0,0.10545577
1,0,0,0.39065495
1,1,1,0.6006807
1,0,1,0.51402926
1,0,0,0.42024708
1,0,1,0.5107659
1,0,0,0.3120741
1,0,0,0.44899732
1,0,0,0.39098954
1,0,0,0.17767721
1,0,0,0.47430438
1,0,0,0.4856361
1,1,0,0.42146584
1,1,0,0.49866942
1,0,1,0.6500222
1,0,0,0.085889295
1,1,0,0.33946282
1,0,0,0.13840795
1,0,0,0.26773047
1,1,0,0.30413264
1,1,0,0.42268056
1,0,1,0.52949554
1,0,1,0.5150166
1,0,0,0.31726164
1,0,0,0.289716
1,1,1,0.7964284
1,1,1,0.5807615
1,1,1,0.66311675
1,0,0,0.21260707
1,0,1,0.5804723
1,1,1,0.73544836
1,0,0,0.3636194
1,1,0,0.4732213
1,0,0,0.27295265
1,1,1,0.5635891
1,0,1,0.58811146
1,0,1,0.5417776
1,1,1,0.55839515
1,0,0,0.44216603
1,0,0,0.32052606
1,1,1,0.6479874
1,1,1,0.61722237
1,0,1,0.71062624
1,1,1,0.63560146
1,1,1,0.6179825
1,1,0,0.31845853
1,0,0,0.4892262
1,1,1,0.6669997
1,0,0,0.32421526
1,1,1,0.6054641
1,0,0,0.2495048
1,1,0,0.4378406
1,1,1,0.57192993
1,0,0,0.4701233
1,1,1,0.72680986
1,1,1,0.55064976
1,1,0,0.4836298
1,0,0,0.19720915
1,0,0,0.17174047
1,1,1,0.74569404
1,0,0,0.39779818
1,0,0,0.36844856
1,0,1,0.5198465
1,1,1,0.5513413
1,0,1,0.6314043
1,1,1,0.5734739
1,1,1,0.6945135
1,0,0,0.29866078
1,1,1,0.5885951
1,0,1,0.5326182
1,1,1,0.7257615
1,0,1,0.58700186
1,1,1,0.7263858
1,0,0,0.4881116
1,0,1,0.52993995
1,1,1,0.6264225
1,1,1,0.7322509
1,1,0,0.44447902
1,1,1,0.6554609
1,1,1,0.7100003
1,0,1,0.73511606
1,0,1,0.61669374
1,0,1,0.5709716
1,0,1,0.5992352
1,1,1,0.561415
1,1,1,0.56305766
1,1,1,0.63207
1,1,1,0.7661
1,0,0,0.33980328
1,0,1,0.57579184
1,1,1,0.8216829
1,1,1,0.75564635
1,1,1,0.6186605
1,0,1,0.623191
1,0,1,0.6662351
1,0,1,0.7039425
1,1,1,0.5471754
1,0,0,0.37451872
1,1,1,0.5226856
1,1,1,0.7687544
1,1,1,0.70758986
1,1,1,0.5265038
1,0,1,0.59029657
1,0,1,0.78768146
1,0,1,0.51345086
1,0,0,0.48470804
1,0,1,0.73035306
1,1,1,0.8431242
1,0,0,0.37994125
1,1,1,0.67548066
1,1,1,0.50567394
1,1,1,0.6890563
1,0,0,0.3417799
1,0,1,0.5399117
1,1,1,0.716899
1,1,0,0.38670823
1,0,0,0.32509464
1,0,0,0.21068013
1,1,1,0.67667055
1,0,0,0.28489405
1,0,1,0.5614722
1,0,1,0.532336
1,0,0,0.47954378
1,0,0,0.3399479
1,1,1,0.7814938
1,0,0,0.44486657
1,0,1,0.50340146
1,0,1,0.51145536
1,1,1,0.6256303
1,0,1,0.5583359
1,0,0,0.40558457
1,1,1,0.75276
1,1,0,0.44764286
1,0,1,0.75649446
1,0,0,0.20951883
1,1,1,0.56084335
1,1,0,0.38897753
1,0,0,0.32708418
1,0,0,0.23127283
1,0,0,0.36135334
1,0,0,0.45216614
1,1,1,0.63069284
1,1,1,0.5223306
1,1,1,0.53550786
1,1,1,0.5793468
1,0,0,0.49218386
1,0,0,0.39357427
1,1,1,0.7117494
1,0,1,0.53605205
1,0,1,0.54040414
1,1,1,0.65156835
1,0,1,0.5946558
1,1,1,0.5779682
1,1,1,0.6973022
1,0,0,0.30393696
1,0,1,0.6517751
1,0,1,0.5369165
1,0,1,0.77558285
1,0,0,0.48007977
1,1,1,0.56539595
1,0,1,0.6909686
1,0,1,0.6445441
1,1,1,0.6355525
1,1,1,0.57740283
1,0,1,0.71386003
1,0,1,0.5083519
1,0,1,0.51609945
1,0,1,0.6389016
1,0,0,0.26014832
1,0,1,0.59135807
1,0,0,0.22239326
1,1,1,0.619845
1,0,1,0.7297038
1,1,1,0.6479149
1,1,1,0.7761616
1,1,0,0.47009367
1,0,0,0.44535586
1,1,0,0.4421214
1,1,1,0.5837367
1,0,0,0.2763731
1,1,1,0.68636906
1,0,0,0.43568805
1,1,1,0.7131671
1,1,1,0.5746969
1,0,1,0.59086096
1,0,1,0.5193519
1,0,1,0.67476183
1,0,0,0.39621127
1,1,1,0.6681341
1,0,1,0.54602426
1,1,1,0.6649766
1,0,0,0.39791337
1,1,0,0.4833838
1,0,1,0.5299511
1,1,0,0.35502833
1,1,1,0.7132981
1,1,1,0.7910904
1,1,1,0.71223176
1,1,1,0.5065212
1,0,1,0.7008837
1,1,1,0.80015314
1,1,1,0.65507513
1,1,1,0.70487595
1,1,1,0.69417113
1,0,1,0.6806146
1,0,0,0.38267344
1,0,1,0.63255066
1,1,1,0.8875886
1,0,0,0.24308398
1,0,1,0.79996496
1,0,1,0.54243416
1,0,1,0.7607467
1,1,1,0.6731717
1,1,1,0.6680746
1,1,1,0.64084053
1,1,0,0.4038602
1,0,1,0.53275067
1,1,1,0.51293486
1,0,1,0.5838195
1,0,0,0.46199763
1,0,1,0.7453442
1,0,1,0.6886643
1,1,1,0.6870725
1,1,1,0.78306067
1,0,0,0.35652918
1,0,0,0.42171377
1,0,1,0.69842875
1,1,1,0.5559563
1,1,1,0.87775004
1,1,1,0.84304935
1,1,0,0.4239597
1,0,1,0.7771032
1,1,1,0.7135014
1,1,1,0.76896214
1,0,1,0.7360035
1,1,1,0.67674387
1,0,1,0.7948236
1,1,0,0.4792513
1,1,1,0.8142415
1,1,1,0.7208357
1,1,1,0.85821736
1,1,1,0.7626867
1,0,0,0.35846525
1,1,1,0.85764414
1,1,1,0.65700036
1,1,0,0.4723498
1,1,1,0.7102199
1,0,1,0.51101357
1,0,1,0.5800849
1,0,1,0.50597423
1,0,1,0.5553889
1,1,0,0.41884255
1,0,1,0.6726953
1,0,1,0.50183314
1,0,0,0.26904994
1,1,1,0.669595
1,0,1,0.5805248
1,0,1,0.5027556
1,0,0,0.14328241
1,0,1,0.6620381
1,0,1,0.66357577
1,1,1,0.73172283
1,0,0,0.3539108
1,1,0,0.49319294
1,0,0,0.2933386
1,1,1,0.72865206
1,0,0,0.19958125
1,1,1,0.54232556
1,1,1,0.67302966
1,1,0,0.48868018
1,1,1,0.62467825
1,1,1,0.58093506
1,1,1,0.56822217
1,1,1,0.75209206
1,0,1,0.5784322
1,1,1,0.69154394
1,0,1,0.5440427
1,0,0,0.2003137
1,0,0,0.28613418
1,0,0,0.49067956
1,1,1,0.7871199
1,1,0,0.45319533
1,1,1,0.6469939
1,0,0,0.44648972
1,1,0,0.4854397
1,1,1,0.63445586
1,0,0,0.13240562
1,1,1,0.65137845
1,0,0,0.45344642
1,1,1,0.52122253
1,0,0,0.30259988
1,0,1,0.6935094
1,1,0,0.27523166
1,1,1,0.86592174
1,1,1,0.5641479
1,0,1,0.7738911
1,0,0,0.106059074
1,0,1,0.54147714
1,1,1,0.7498793
1,0,0,0.38134187
1,0,1,0.5541893
1,0,0,0.42542785
1,0,0,0.34535322
1,0,0,0.13624874
1,0,0,0.1743629
1,0,0,0.2565881
1,1,0,0.45132694
1,0,0,0.42474002
1,0,0,0.24375848
1,0,0,0.15157312
1,0,0,0.16456753
1,0,0,0.48013726
1,0,1,0.63201725
1,1,0,0.3042913
1,0,0,0.14897484
1,0,0,0.17738765
1,0,1,0.6218289
1,1,0,0.30583388
1,0,0,0.38665962
1,0,0,0.33970088
1,0,0,0.4437378
1,0,0,0.3994826
1,0,0,0.4112482
1,0,0,0.46255708
1,1,0,0.1648511
1,1,0,0.47606185
1,1,1,0.6769455
1,0,0,0.18674561
1,0,0,0.30435213
1,1,0,0.21926887
1,1,0,0.48200357
1,1,1,0.5683843
1,1,0,0.44664076
1,0,0,0.2881782
1,0,1,0.58903825
1,1,0,0.30485317
1,1,0,0.41722172
1,1,0,0.42984295
1,0,0,0.33411583
1,0,1,0.7273472
1,1,0,0.45208448
1,1,1,0.612124
1,0,0,0.42653587
1,1,0,0.43094513
1,0,0,0.440809
1,0,1,0.6469846
1,0,0,0.20009482
1,0,0,0.22104315
1,0,0,0.47634235
1,1,1,0.5584397
1,1,1,0.6118674
1,0,1,0.6872793
1,1,1,0.59819967
1,0,1,0.52823377
1,1,0,0.1361599
1,1,1,0.88005966
1,0,1,0.7138709
1,1,1,0.53095424
1,1,1,0.8371235
1,0,1,0.5331901
1,0,1,0.6672132
1,0,1,0.5563947
1,0,1,0.7237494
1,0,1,0.5546254
1,0,0,0.43137148
1,1,1,0.61289984
1,1,1,0.59892553
1,1,1,0.594726
1,1,1,0.70532155
1,1,0,0.46922305
1,1,1,0.60678303
1,0,0,0.48733434
1,0,1,0.65384114
1,1,1,0.74224997
1,0,0,0.29176578
1,1,1,0.8529009
1,1,0,0.4220365
1,0,1,0.61062825
1,1,0,0.48853335
1,0,1,0.53191465
1,0,1,0.72340447
1,1,1,0.5731819
1,0,1,0.51456255
1,1,1,0.6175955
1,1,1,0.75728965
1,0,0,0.3824345
1,1,1,0.60360324
1,1,1,0.55528694
1,1,1,0.5734058
1,0,0,0.42114776
1,1,1,0.6845304
1,1,1,0.7853761
1,0,1,0.75074154
1,1,1,0.65372723
1,1,1,0.54926735
1,1,1,0.6888229
1,0,1,0.7777806
1,1,0,0.31005326
1,0,0,0.14444219
1,1,1,0.60889506
1,1,0,0.40762097
1,1,1,0.68803185
1,1,1,0.70191944
1,1,0,0.46755755
1,0,0,0.46712074
1,1,1,0.5623507
1,1,1,0.65092397
1,1,0,0.44107068
1,1,1,0.7795364
1,0,0,0.14779013
1,1,1,0.54258615
1,0,0,0.23370688
1,1,1,0.63619876
1,0,0,0.08580893
1,0,0,0.24156667
1,0,0,0.114853166
1,0,1,0.5995116
1,0,1,0.5952483
1,0,0,0.48161626
1,1,1,0.5627406
1,1,1,0.7332677
1,0,0,0.09666546
1,0,0,0.37725997
1,0,1,0.7187126
1,0,1,0.5463881
1,0,1,0.60152113
1,1,0,0.3724526
1,1,1,0.59208304
1,0,1,0.6801698
1,0,1,0.5458733
1,1,1,0.85495543
1,1,1,0.8176464
1,0,1,0.65774965
1,1,1,0.6311896
1,0,0,0.29699975
1,0,0,0.18031597
1,0,0,0.19523826
1,0,0,0.17602882
1,0,0,0.15814112
1,0,0,0.1441645
1,0,0,0.12180493
1,0,1,0.6852764
1,1,1,0.71639997
1,1,1,0.5977388
1,1,1,0.6467045
1,0,1,0.57321614
1,0,1,0.6178091
1,0,1,0.59987193
1,0,0,0.47313288
1,0,1,0.65029526
1,0,0,0.2517735
1,1,0,0.23019587
1,0,0,0.27159736
1,1,1,0.62667805
1,0,0,0.24831358
1,0,1,0.5840871
1,1,1,0.6503011
1,1,1,0.7941831
1,1,1,0.54014057
1,1,1,0.56592697
1,0,0,0.47301242
1,1,0,0.27484605
1,0,0,0.4346325
1,0,0,0.3374926
1,1,1,0.6060357
1,0,1,0.64523023
1,1,0,0.41300055
1,1,1,0.5700659
1,0,0,0.49912295
1,1,0,0.43407503
1,0,0,0.35706738
1,1,1,0.56177807
1,0,1,0.6585002
1,1,1,0.50834084
1,0,0,0.4114693
1,1,0,0.35761037
1,0,0,0.43170723
1,0,1,0.5953776
1,1,1,0.87589735
1,0,0,0.46025681
1,1,1,0.6074675
1,1,1,0.5945996
1,0,1,0.5692106
1,1,1,0.7108937
1,1,1,0.53831047
1,0,0,0.42114532
1,1,1,0.68693626
1,0,0,0.23873384
1,0,1,0.63895667
1,0,0,0.43403563
1,1,1,0.56991845
1,0,1,0.6476076
1,0,1,0.5077476
1,1,0,0.44382894
1,0,0,0.34998772
1,1,0,0.38422966
1,1,1,0.58393717
1,0,0,0.39022103
1,0,0,0.27441135
1,1,1,0.8340689
1,1,0,0.45374358
1,0,0,0.15713139
1,1,0,0.33388224
1,0,0,0.4759365
1,1,1,0.6829536
1,0,0,0.3063764
1,1,1,0.6009685
1,1,1,0.56456506
1,0,0,0.28238112
1,0,0,0.4896748
1,1,0,0.32832927
1,0,0,0.24795942
1,0,0,0.4815871
1,0,1,0.54763466
1,0,0,0.26865584
1,0,1,0.55471236
1,1,1,0.5351199
1,0,1,0.63131726
1,1,1,0.63064647
1,0,1,0.61939377
1,1,0,0.41775715
1,1,0,0.29285362
1,1,1,0.600732
1,0,0,0.3959745
1,0,0,0.3977284
1,0,0,0.4399389
1,0,1,0.57700896
1,1,1,0.5403229
1,0,1,0.58612174
1,1,1,0.64895976
1,1,0,0.25151423
1,0,0,0.2668525
1,1,1,0.6762094
1,0,0,0.08289356
1,0,0,0.39452332
1,1,1,0.72964513
1,1,1,0.6433177
1,0,0,0.25492468
1,1,1,0.5609044
1,0,0,0.43613526
1,1,1,0.68677706
1,1,1,0.65878767
1,1,1,0.8583047
1,0,0,0.37315595
1,1,0,0.4733414
1,1,1,0.7357857
1,0,1,0.6247591
1,1,1,0.8820891
1,1,1,0.83684677
1,1,1,0.6649766
1,0,0,0.46969858
1,1,1,0.778278
1,1,1,0.70970714
1,1,1,0.6468491
1,0,1,0.7380193
1,1,1,0.75168955
1,0,1,0.6214945
1,0,1,0.6761728
1,0,1,0.60066646
1,1,1,0.6571902
1,1,1,0.58482987
1,0,1,0.6495035
1,1,1,0.51492256
1,1,1,0.8554228
1,1,1,0.8642138
1,0,1,0.6973822
1,0,0,0.3530533
1,1,1,0.62483275
1,0,1,0.5995066
1,0,0,0.34317127
1,0,0,0.24826875
1,0,0,0.33264768
1,1,0,0.3559391
1,1,1,0.52955866
1,0,0,0.39840963
1,0,0,0.1927791
1,1,1,0.61871797
1,0,1,0.5389149
1,1,1,0.5030198
1,0,1,0.55100334
1,0,1,0.58867174
1,0,1,0.6521828
1,1,0,0.40562293
1,1,1,0.74782586
1,1,0,0.37634948
1,0,0,0.43416443
1,0,0,0.3775118
1,0,0,0.31713936
1,1,0,0.41300794
1,0,0,0.3700439
1,1,0,0.4764251
1,1,0,0.2237129
1,0,0,0.22737123
1,0,0,0.10839398
1,0,0,0.107264705
1,1,0,0.32363123
1,0,0,0.3514435
1,0,0,0.35939616
1,0,0,0.16992746
1,1,1,0.57207155
1,1,1,0.5251468
1,1,0,0.49262702
1,0,0,0.42975402
1,1,0,0.2704503
1,0,0,0.37443602
1,0,0,0.2824813
1,0,0,0.3285437
1,1,0,0.3243359
1,1,1,0.50453496
1,0,1,0.57339203
1,0,1,0.7457365
1,0,0,0.48387706
1,0,0,0.16564508
1,0,0,0.42048475
1,0,1,0.5567639
1,0,1,0.66089624
1,1,1,0.58685887
1,0,0,0.40464786
1,1,1,0.68241495
1,0,0,0.1641119
1,1,1,0.71968555
1,0,1,0.64556897
1,0,0,0.3595338
1,0,0,0.39468318
1,1,1,0.68818945
1,1,1,0.6915864
1,1,1,0.596656
1,0,0,0.46036845
1,1,1,0.71612775
1,1,1,0.6986555
1,1,1,0.7587048
1,1,1,0.6323823
1,1,0,0.41542995
1,1,1,0.66313654
1,0,1,0.6251581
1,0,1,0.6112845
1,0,0,0.1837354
1,0,1,0.79344106
1,1,1,0.61803484
1,0,1,0.62910897
1,1,1,0.64716583
1,0,1,0.5409299
1,0,1,0.6944387
1,1,1,0.73285437
1,0,1,0.54302865
1,1,1,0.78748363
1,1,1,0.7395976
1,1,1,0.68782765
1,1,1,0.6109944
1,1,0,0.4189199
1,0,1,0.61705005
1,0,1,0.6466924
1,0,0,0.30757162
1,0,1,0.5799893
1,0,0,0.12749918
1,0,0,0.4489813
1,0,1,0.7197334
1,0,0,0.2267163
1,0,1,0.7182769
1,0,0,0.31270918
1,1,1,0.6242358
1,1,0,0.4748037
1,0,1,0.5335422
1,1,1,0.8339134
1,1,1,0.89863956
1,1,1,0.68104863
1,0,1,0.6241834
1,0,0,0.32505998
1,0,0,0.37534365
1,1,1,0.7754534
1,0,1,0.7866654
1,0,1,0.63238007
1,1,1,0.8243475
1,1,1,0.5194631
1,1,1,0.77124727
1,0,1,0.6615234
1,1,1,0.8531494
1,1,1,0.8699328
1,1,1,0.7852006
1,0,1,0.7722018
1,0,1,0.86217594
1,0,0,0.4205947
1,0,1,0.68635917
1,1,1,0.68479824
1,0,0,0.3141788
1,0,0,0.42617512
1,1,1,0.77408963
1,1,0,0.4664718
1,1,0,0.34345534
1,1,0,0.31543157
1,1,1,0.5183529
1,0,0,0.48226905
1,1,1,0.7874137
1,1,1,0.75284773
1,1,1,0.70156455
1,0,0,0.3295689
1,0,1,0.52664346
1,1,1,0.6991654
1,0,1,0.5963437
1,0,0,0.2524753
1,1,1,0.80879503
1,1,1,0.8384188
1,0,0,0.3888345
1,0,1,0.53411543
1,0,1,0.74761957
1,0,0,0.3705984
1,0,0,0.17013696
1,1,1,0.8471955
1,0,0,0.47190237
1,0,0,0.36954823
1,1,0,0.41322863
1,1,1,0.84521425
1,1,1,0.5412854
1,1,1,0.61220795
1,0,1,0.5336192
1,0,0,0.34535167
1,1,0,0.454979
1,1,0,0.15707575
1,1,0,0.4787365
1,1,1,0.5941119
1,0,1,0.5657112
1,0,1,0.60463405
1,1,1,0.72074276
1,0,1,0.60670257
1,1,1,0.62408197
1,0,1,0.5401471
1,0,1,0.81838256
1,0,1,0.6328698
1,0,1,0.6399381
1,1,0,0.49043408
1,0,1,0.7184496
1,0,1,0.63348067
1,1,1,0.5803506
1,0,1,0.5576158
1,0,1,0.5782234
1,0,0,0.2915897
1,1,1,0.5310236
1,1,1,0.68365824
1,1,1,0.81516564
1,0,1,0.76110184
1,1,1,0.773662
1,1,0,0.45737723
1,1,1,0.5740368
1,0,0,0.48270616
1,1,1,0.57489455
1,0,0,0.35342538
1,0,0,0.41681457
1,0,0,0.40449646
1,0,0,0.33689058
1,0,1,0.54678607
1,0,0,0.26558003
1,0,0,0.18686529
1,1,1,0.6063546
1,0,0,0.4760905
1,1,0,0.37577495
1,1,0,0.37452248
1,1,1,0.6005912
1,0,1,0.587967
1,1,0,0.49473003
1,1,1,0.7187955
1,0,0,0.06486628
1,0,1,0.5485016
1,1,0,0.22786686
1,0,0,0.10735362
1,1,1,0.6748185
1,0,0,0.27198696
1,1,0,0.27790046
1,1,1,0.5776356
1,0,0,0.24886653
1,0,0,0.29848355
1,0,0,0.17080198
1,1,0,0.31018874
1,1,0,0.4961942
1,0,0,0.06267588
1,0,0,0.2899412
1,0,0,0.36061668
1,0,0,0.26881522
1,1,1,0.8215591
1,0,1,0.64188266
1,1,0,0.48043874
1,1,1,0.7330773
1,0,1,0.71643984
1,1,1,0.6469483
1,1,1,0.50088036
1,1,1,0.7032807
1,0,1,0.610562
1,0,1,0.5676131
1,0,1,0.8230762
1,1,1,0.85656184
1,0,0,0.43746725
1,0,1,0.6738877
1,0,1,0.80216855
1,1,1,0.6793464
1,0,1,0.6917131
1,1,1,0.7028356
1,1,1,0.7855892
1,1,1,0.74726856
1,1,1,0.86217684
1,0,1,0.8460809
1,1,1,0.58762515
1,0,1,0.5842094
1,0,1,0.756086
1,1,1,0.72907555
1,0,1,0.6341034
1,1,1,0.7531784
1,0,1,0.8242814
1,1,1,0.78893274
1,1,1,0.78529227
1,1,0,0.4742436
1,0,1,0.70025
1,0,0,0.4620342
1,0,0,0.2653632
1,0,1,0.5476575
1,1,1,0.5213491
1,1,1,0.56022257
1,1,1,0.5123273
1,1,0,0.4528083
1,0,0,0.35230857
1,0,0,0.2894529
1,0,0,0.37859204
1,1,0,0.29977304
1,0,0,0.15410449
1,0,0,0.1270276
1,0,0,0.29483423
1,0,0,0.2994241
1,0,0,0.4095492
1,1,0,0.34133106
1,1,0,0.3924291
1,0,1,0.52962875
1,0,0,0.2949526
1,1,0,0.3457056
1,1,0,0.41838297
1,0,0,0.3185202
1,0,1,0.55275774
1,1,1,0.5364865
1,1,1,0.64441895
1,1,1,0.64344496
1,0,0,0.2539779
1,0,1,0.67926794
1,1,1,0.57061845
1,0,0,0.3540935
1,0,0,0.16726685
1,1,1,0.6585442
1,1,1,0.513057
1,1,1,0.50811994
1,0,0,0.27401182
1,1,1,0.6357218
1,0,0,0.13979955
1,0,0,0.19676587
1,1,0,0.44786128
1,0,1,0.53372806
1,0,0,0.46539918
1,0,1,0.6888572
1,1,1,0.87975025
1,0,1,0.63340205
1,1,1,0.50545037
1,0,0,0.290133
1,1,1,0.65501755
1,0,1,0.6003506
1,1,1,0.7598634
1,1,1,0.58597636
1,1,1,0.77112055
1,1,1,0.6752062
1,1,1,0.7940769
1,1,1,0.80243117
1,1,1,0.5197431
1,1,1,0.5263252
1,1,1,0.55906814
1,0,1,0.7142674
1,0,1,0.6266169
1,0,0,0.41316465
1,1,0,0.40349808
1,0,0,0.32305703
1,1,1,0.60720694
1,0,1,0.6671986
1,0,1,0.5799467
1,0,0,0.48389
1,0,1,0.5046242
1,1,1,0.7805324
1,1,1,0.73648393
1,1,1,0.78672546
1,1,1,0.56545883
1,1,1,0.50406873
1,0,1,0.51669085
1,0,1,0.689519
1,0,0,0.3397589
1,0,0,0.06542368
1,1,1,0.76903707
1,1,1,0.6336004
1,1,1,0.52304316
1,1,0,0.3549445
1,0,1,0.83225214
1,0,0,0.35923526
1,0,0,0.32968444
1,0,0,0.38494205
1,0,1,0.7177143
1,1,0,0.4071723
1,0,0,0.26763907
1,1,1,0.65709186
1,1,1,0.66029745
1,0,1,0.57785344
1,1,1,0.86527133
1,0,1,0.521378
1,0,1,0.6295364
1,0,0,0.4385663
1,1,1,0.5637683
1,0,0,0.48367667
1,1,1,0.6058001
1,0,0,0.47184289
1,1,1,0.5128833
1,0,1,0.5929212
1,1,1,0.8444679
1,1,1,0.73400044
1,1,1,0.7329608
1,1,1,0.6925976
1,0,0,0.4143063
1,0,0,0.4113691
1,1,1,0.71321493
1,1,1,0.8219489
1,0,0,0.40660837
1,0,0,0.47729382
1,0,1,0.67782545
1,0,1,0.73819816
1,1,1,0.7614151
1,0,1,0.5180624
1,0,0,0.2702074
1,0,1,0.6317908
1,1,1,0.7023056
1,1,1,0.5690713
1,1,1,0.50433004
1,1,1,0.6238728
1,1,0,0.47845954
1,0,0,0.41326752
1,1,1,0.76019067
1,0,1,0.53176266
1,0,1,0.6278671
1,0,0,0.41046414
1,1,1,0.52721375
1,1,1,0.7365899
1,0,0,0.43947515
1,0,1,0.5408077
1,0,0,0.49287227
1,0,1,0.80488354
1,1,0,0.47008523
1,1,1,0.8696644
1,0,0,0.1100486
1,0,1,0.5894471
1,0,1,0.5037223
1,0,0,0.14576355
1,0,1,0.7155602
1,1,1,0.85842377
1,0,1,0.55661595
1,1,1,0.6351489
1,1,0,0.27748492
1,1,1,0.58606786
1,1,1,0.597974
1,1,1,0.59069437
1,1,1,0.6912854
1,1,1,0.66579515
1,0,0,0.26812163
1,1,0,0.39703217
1,1,1,0.7065463
1,1,1,0.6410409
1,1,1,0.67058265
1,0,0,0.33335721
1,0,0,0.2764055
1,1,1,0.86870956
1,0,0,0.30473995
1,0,0,0.15047768
1,0,1,0.7350815
1,0,0,0.2647594
1,0,0,0.17201772
1,1,1,0.65351474
1,0,1,0.5831167
1,0,0,0.41947442
1,0,0,0.47808212
1,1,1,0.7628327
1,0,1,0.67328876
1,0,1,0.57514995
1,0,1,0.57704973
1,0,1,0.53458506
1,1,1,0.84158325
1,0,1,0.56932217
1,1,1,0.51470095
1,0,1,0.5099337
1,1,1,0.6380595
1,0,1,0.53961957
1,0,0,0.47995368
1,0,1,0.654887
1,1,1,0.6921816
1,0,0,0.39624956
1,1,1,0.6094553
1,1,1,0.6663033
1,1,1,0.56289154
1,1,1,0.53697217
1,1,1,0.5043892
1,0,0,0.24141537
1,0,1,0.7694477
1,1,0,0.40060326
1,0,0,0.26362097
1,1,1,0.52961105
1,1,1,0.63174975
1,1,1,0.76330715
1,1,1,0.69142663
1,1,0,0.48404396
1,1,1,0.60200334
1,0,1,0.6690693
1,0,1,0.5908297
1,1,1,0.61084855
1,1,1,0.5165288
1,1,0,0.44480723
1,0,1,0.5920641
1,0,0,0.3972704
1,0,0,0.47620347
1,0,1,0.6854646
1,1,1,0.5736981
1,0,1,0.58500177
1,1,1,0.83079517
1,0,0,0.23635937
1,1,1,0.74731034
1,0,1,0.5027083
1,0,0,0.4392816
1,0,0,0.45498848
1,0,0,0.4779119
1,1,1,0.5360574
1,0,0,0.2723156
1,1,1,0.85389185
1,0,0,0.1690703
1,0,0,0.37107843
1,1,1,0.8429949
1,1,1,0.62426376
1,1,1,0.84410495
1,1,1,0.6225324
1,1,1,0.6462604
1,0,0,0.465872
1,0,1,0.51689607
1,0,1,0.6749448
1,1,1,0.6822249
1,0,0,0.274169
1,0,0,0.3894278
1,1,1,0.61711943
1,1,1,0.7898462
1,0,0,0.44979903
1,0,0,0.3025148
1,0,1,0.6209614
1,1,0,0.33288434
1,0,0,0.45547444
1,0,1,0.75353825
1,1,1,0.70191777
1,0,0,0.2880331
1,1,1,0.6192809
1,1,1,0.6439024
1,0,0,0.12200763
1,0,0,0.41429695
1,1,1,0.86893004
1,0,1,0.752559
1,0,1,0.5964438
1,0,1,0.71987855
1,1,1,0.57126915
1,0,1,0.5007821
1,1,1,0.64673936
1,0,1,0.5993819
1,1,1,0.50008756
1,0,0,0.12917985
1,1,1,0.6030265
1,0,1,0.6056368
1,1,1,0.7320273
1,0,1,0.7600275
1,1,1,0.74354804
1,1,0,0.49420783
1,0,0,0.4890759
1,0,1,0.6064502
1,1,1,0.8064612
1,1,1,0.5849374
1,0,0,0.41323647
1,1,0,0.3965671
1,1,1,0.77157944
1,0,0,0.40963876
1,1,0,0.2878894
1,1,0,0.39631206
1,1,1,0.54078764
1,0,0,0.48252106
1,1,1,0.70016825
1,0,1,0.50521845
1,1,0,0.21772459
1,0,1,0.73541266
1,0,0,0.14828001
1,0,0,0.4438419
1,0,0,0.24703674
1,1,0,0.13822365
1,0,0,0.38136563
1,0,0,0.34135327
1,1,0,0.48431075
1,0,1,0.57896346
1,0,0,0.26699144
1,0,0,0.42815802
1,0,1,0.64581716
1,0,0,0.3005226
1,1,1,0.5216504
1,1,1,0.6812829
1,0,1,0.87658507
1,1,1,0.77097833
1,0,1,0.6754412
1,1,1,0.8026064
1,0,1,0.622413
1,1,1,0.65221816
1,0,0,0.27373806
1,0,0,0.38920838
1,1,1,0.7642475
1,0,0,0.34942085
1,1,0,0.4330242
1,1,1,0.80064315
1,0,1,0.59688896
1,0,0,0.2710853
1,1,1,0.80564564
1,0,0,0.37649658
1,0,1,0.6313221
1,0,0,0.34011582
1,1,1,0.7289821
1,0,1,0.6248132
1,1,1,0.8534152
1,1,1,0.58960396
1,0,1,0.5896301
1,1,1,0.6742722
1,1,1,0.5144365
1,0,0,0.43114173
1,0,0,0.21568167
1,0,1,0.6153006
1,0,1,0.5187892
1,1,1,0.6473
1,0,1,0.69524235
1,1,1,0.668187
1,0,0,0.4893713
1,0,1,0.54600465
1,1,1,0.8258638
1,0,1,0.747684
1,0,1,0.62020886
1,0,0,0.4726866
1,1,1,0.8171817
1,1,1,0.6435526
1,1,1,0.8023469
1,1,1,0.6132998
1,0,0,0.38510197
1,0,0,0.26721093
1,1,1,0.73006636
1,0,1,0.610702
1,0,0,0.48842633
1,1,1,0.7674842
1,0,1,0.5880635
1,1,1,0.61014205
1,0,1,0.6527125
1,1,1,0.8294482
1,1,1,0.7798525
1,1,1,0.6600605
1,1,0,0.37884024
1,1,1,0.6405278
1,0,1,0.5699363
1,1,1,0.5969603
1,1,1,0.52070075
1,0,0,0.17967877
1,1,1,0.8596402
1,1,1,0.7665563
1,0,1,0.73914313
1,0,0,0.32777032
1,0,1,0.63611
1,1,1,0.8067048
1,0,0,0.48267865
1,1,1,0.65219045
1,1,1,0.5977567
1,1,1,0.54845333
1,1,0,0.30697495
1,0,0,0.3096361
1,1,1,0.5429004
1,0,1,0.56389517
1,1,0,0.49583083
1,0,1,0.6422414
1,0,0,0.49916753
1,1,1,0.6185279
1,1,0,0.34472954
1,0,1,0.59564036
1,0,0,0.12710781
1,1,0,0.35093147
1,0,0,0.29384384
1,1,0,0.34794137
1,0,0,0.44525406
1,1,1,0.57741785
1,0,1,0.70452726
1,0,0,0.44748712
1,0,1,0.5363768
1,1,1,0.7433122
1,0,0,0.49648905
1,0,1,0.6846716
1,0,1,0.75751793
1,0,0,0.26133555
1,1,1,0.86877275
1,1,1,0.7701888
1,1,1,0.56430614
1,0,1,0.5294868
1,1,1,0.6800952
1,0,1,0.51761585
1,0,1,0.7232239
1,0,1,0.60583323
1,1,0,0.42627963
1,0,1,0.6561724
1,1,1,0.6135503
1,0,1,0.625755
1,0,1,0.5493729
1,1,1,0.6746414
1,0,1,0.58865625
1,1,1,0.69490856
1,0,0,0.48831835
1,1,1,0.9061485
1,1,1,0.72195804
1,0,0,0.4299396
1,1,1,0.5895778
1,0,1,0.540721
1,1,1,0.6799349
1,0,1,0.54681253
1,1,1,0.5999576
1,0,0,0.46248075
1,0,1,0.59355783
1,0,1,0.6132759
1,1,1,0.7154859
1,1,1,0.5326749
1,1,1,0.57005626
1,1,1,0.6248753
1,0,1,0.75095797
1,0,1,0.6298017
1,0,1,0.65780425
1,1,1,0.7162994
1,1,1,0.7024903
1,0,1,0.60884005
1,1,1,0.78099227
1,0,0,0.44606265
1,0,1,0.52835274
1,1,1,0.6854658
1,1,1,0.5617532
1,0,0,0.3434562
1,0,1,0.51354545
1,0,0,0.14501089
1,1,1,0.7614497
1,1,1,0.6638125
1,0,0,0.2523322
1,0,0,0.42404386
1,1,1,0.6270302
1,1,1,0.68551266
1,1,1,0.7360617
1,0,0,0.16222718
1,1,0,0.48844334
1,1,1,0.6191234
1,1,1,0.61979204
1,1,1,0.6581401
1,0,0,0.32030144
1,0,0,0.28267923
1,0,0,0.19629483
1,0,1,0.5540873
1,1,1,0.76680243
1,0,1,0.6199832
1,0,0,0.4540742
1,0,0,0.45231798
1,1,1,0.50616413
1,0,1,0.5329564
1,1,1,0.73079747
1,1,1,0.59642816
1,1,1,0.53281015
1,1,1,0.5874243
1,0,0,0.34282842
1,0,1,0.54707384
1,1,1,0.73447233
1,0,0,0.4334976
1,0,0,0.45526046
1,0,0,0.2469469
1,1,1,0.63058233
1,0,0,0.43760803
1,1,1,0.566813
1,0,1,0.79096156
1,0,0,0.37564662
1,1,1,0.8554838
1,1,1,0.6913142
1,1,1,0.56101966
1,1,1,0.72024184
1,1,1,0.6519809
1,0,0,0.4700418
1,1,1,0.6631179
1,0,1,0.66764367
1,1,1,0.76893
1,0,1,0.5157551
1,0,1,0.5060674
1,0,1,0.5197179
1,0,1,0.69350284
1,0,1,0.7122185
1,0,1,0.5076839
1,0,0,0.4644758
1,0,0,0.13572164
1,1,1,0.7329798
1,0,1,0.564042
1,0,1,0.7090308
1,1,1,0.82559043
1,1,1,0.72587866
1,1,1,0.8017354
1,1,1,0.55530596
1,0,1,0.5304707
1,1,1,0.7110731
1,0,1,0.5460635
1,0,0,0.35510552
1,0,0,0.47493514
1,1,1,0.7167617
1,1,1,0.6165413
1,1,1,0.8076333
1,0,0,0.2539631
1,0,0,0.33724394
1,1,1,0.768543
1,0,1,0.5003853
1,0,0,0.44097316
1,1,1,0.8735065
1,0,0,0.3594115
1,1,1,0.7690084
1,0,0,0.4411482
1,1,1,0.8589798
1,0,1,0.80827606
1,1,1,0.7260139
1,0,0,0.31901675
1,0,0,0.4766637
1,1,1,0.6460528
1,1,1,0.65071607
1,0,0,0.21283053
1,0,0,0.42220947
1,1,1,0.6725874
1,0,1,0.7408988
1,0,1,0.65285933
1,1,1,0.5435327
1,0,1,0.56728613
1,1,1,0.8060796
1,1,1,0.7360465
1,1,1,0.8342453
1,1,1,0.70109683
1,1,1,0.88670903
1,0,1,0.789485
1,0,1,0.5865799
1,0,1,0.713967
1,0,1,0.7609259
1,1,1,0.8960594
1,1,1,0.73821974
1,1,1,0.71710056
1,1,1,0.8212005
1,1,1,0.8530376
1,1,1,0.56951094
1,0,1,0.5054356
1,0,1,0.64294404
1,0,1,0.57141095
1,0,1,0.5912384
1,1,1,0.7658448
1,0,1,0.5491908
1,0,1,0.6315062
1,1,1,0.6603353
1,1,1,0.6006895
1,1,0,0.4745034
1,1,1,0.78048426
1,1,1,0.5036102
1,1,1,0.6108934
1,0,0,0.40429446
1,0,0,0.49670696
1,1,1,0.54095
1,1,1,0.69778246
1,0,0,0.3076532
1,1,1,0.8364071
1,1,1,0.6014787
1,1,1,0.7393316
1,1,1,0.7366749
1,1,1,0.7947578
1,1,1,0.6446264
1,0,1,0.7034484
1,0,1,0.66798973
1,1,1,0.6978186
1,0,1,0.6088144
1,1,1,0.66962814
1,0,0,0.3944863
1,1,1,0.82241374
1,0,1,0.62859845
1,1,1,0.5225896
1,0,1,0.5126271
1,1,1,0.70964795
1,0,1,0.64831024
1,0,1,0.7231027
1,0,0,0.21514738
1,1,1,0.5602808
1,1,1,0.7417885
1,0,1,0.63764
1,1,1,0.8526224
1,0,0,0.23818539
1,1,1,0.67414564
1,1,1,0.8074634
1,0,1,0.5436444
1,0,1,0.5965009
1,0,1,0.5025661
1,0,1,0.72196203
1,1,1,0.7220005
1,0,1,0.70808697
1,0,1,0.5308787
1,1,1,0.7489388
1,0,1,0.68239623
1,0,0,0.4440106
1,0,1,0.5530822
1,0,1,0.51560044
1,1,1,0.6408094
1,0,0,0.4982321
1,1,0,0.47627965
1,1,1,0.67341864
1,0,1,0.6102027
1,0,1,0.6764483
1,1,1,0.7591121
1,0,1,0.5680094
1,1,1,0.71075994
1,1,1,0.7268822
1,1,1,0.5501719
1,0,0,0.43554994
1,1,1,0.6799625
1,1,1,0.66868126
1,0,1,0.5950516
1,0,1,0.51852816
1,1,1,0.67617136
1,1,1,0.6497043
1,0,0,0.37401947
1,1,1,0.72613746
1,0,1,0.5000439
1,0,1,0.61894447
1,0,1,0.72017926
1,1,1,0.66847116
1,1,1,0.62049854
1,0,1,0.6054386
1,1,1,0.76528496
1,1,0,0.46687707
1,1,0,0.4921592
1,0,1,0.6286489
1,1,1,0.6195941
1,1,1,0.7368738
1,1,0,0.43482253
1,1,1,0.6588432
1,1,0,0.49076402
1,1,0,0.34293827
1,1,1,0.62990856
1,0,1,0.61058724
1,0,0,0.49347198
1,0,0,0.4097817
1,0,1,0.5442387
1,0,0,0.29901043
1,0,0,0.43303227
1,0,1,0.754213
1,1,1,0.7951861
1,0,1,0.80160457
1,0,1,0.83466417
1,0,0,0.228853
1,1,1,0.8315998
1,0,0,0.25540873
1,0,1,0.54677945
1,1,1,0.6481067
1,0,1,0.5642414
1,1,1,0.6810565
1,1,0,0.4339233
1,1,0,0.341386
1,1,1,0.50187385
1,0,0,0.46822256
1,1,0,0.3355312
1,0,1,0.6363517
1,0,1,0.72568
1,0,0,0.2696085
1,0,1,0.54413337
1,1,1,0.69677746
1,0,0,0.4073885
1,1,1,0.75469005
1,1,1,0.6544894
1,1,1,0.68544334
1,0,1,0.57222974
1,1,1,0.7450592
1,1,1,0.67230576
1,1,1,0.75977135
1,0,1,0.5253459
1,1,1,0.9041678
1,0,1,0.7360489
1,0,1,0.5263753
1,0,0,0.42834437
1,0,1,0.66819334
1,0,0,0.42673707
1,1,1,0.85671765
1,0,1,0.6930347
1,1,1,0.6993097
1,1,1,0.6656041
1,0,1,0.7260872
1,1,1,0.7127775
1,0,1,0.6476144
1,0,1,0.7029375
1,1,1,0.9065118
1,0,1,0.6777496
1,1,1,0.6093065
1,0,1,0.6915857
1,0,0,0.47877494
1,1,1,0.8062444
1,1,1,0.77725834
1,0,1,0.7817283
1,0,0,0.26632234
1,1,1,0.8639706
1,0,1,0.8751787
1,0,0,0.35214636
1,0,1,0.74150157
1,1,1,0.7206241
1,0,1,0.58639306
1,0,1,0.6219056
1,0,1,0.6252378
1,0,1,0.69589895
1,1,1,0.59745187
1,0,0,0.49739894
1,0,1,0.6667575
1,1,1,0.76879144
1,0,1,0.7946618
1,1,1,0.50262344
1,1,1,0.66464865
1,1,1,0.64720875
1,0,1,0.5109259
1,1,1,0.83661175
1,0,1,0.69567937
1,0,1,0.79222727
1,0,1,0.5678015
1,1,1,0.8604627
1,1,1,0.8507074
1,1,1,0.60263467
1,1,1,0.8148933
1,0,1,0.61671275
1,1,1,0.9078366
1,0,0,0.43309
1,0,0,0.22529934
1,1,1,0.80761623
1,0,1,0.72257817
1,1,1,0.67574304
1,0,1,0.76446915
1,1,1,0.66361785
1,0,1,0.56716365
1,0,0,0.4451007
1,0,1,0.7079689
1,1,1,0.7892638
1,1,1,0.9083768
1,1,1,0.7778603
1,1,1,0.8165745
1,1,1,0.68579215
1,0,1,0.67111385
1,1,1,0.6336471
1,0,1,0.75450516
1,0,1,0.632634
1,1,1,0.6347404
1,0,1,0.6619207
1,1,1,0.738382
1,1,1,0.83710295
1,1,1,0.83794177
1,1,1,0.73264754
1,0,0,0.4927968
1,0,0,0.09646335
1,1,1,0.77041185
1,0,1,0.6785652
1,0,0,0.45760548
1,1,1,0.6078597
1,0,0,0.14154737
1,0,0,0.16524379
1,1,1,0.88747525
1,0,1,0.67146146
1,1,1,0.6951816
1,0,1,0.56818473
1,1,1,0.8359746
1,0,1,0.6055014
1,0,1,0.7503494
1,1,1,0.7305974
1,0,0,0.3106274
1,1,1,0.8308075
1,1,1,0.52422065
1,0,1,0.62108827
1,0,1,0.66419315
1,0,0,0.26548612
1,1,1,0.7694361
1,1,1,0.72486323
1,1,0,0.4607618
1,1,1,0.88556784
1,1,1,0.85475326
1,1,1,0.7430433
1,0,0,0.42197683
1,1,0,0.49099675
1,1,1,0.6812456
1,1,1,0.7020183
1,1,0,0.31374526
1,1,0,0.32561103
1,0,0,0.45861804
1,0,0,0.30034477
1,0,0,0.35745886
1,0,1,0.59490913
1,0,1,0.5637469
1,1,1,0.52474344
1,0,0,0.36862215
1,0,0,0.27646163
1,1,1,0.6988115
1,0,1,0.58892864
1,1,1,0.6779267
1,0,0,0.40342978
1,1,1,0.74447644
1,0,0,0.41372594
1,0,0,0.38466832
1,1,0,0.42121384
1,0,1,0.69708705
1,0,1,0.784021
1,0,1,0.72372895
1,1,1,0.5497319
1,0,1,0.67071325
1,0,1,0.68834347
1,1,1,0.61401737
1,1,1,0.64313227
1,1,0,0.44985628
1,1,0,0.36923325
1,1,1,0.5025801
1,0,0,0.19798002
1,0,0,0.49516723
1,1,0,0.35345578
1,0,1,0.5869216
1,0,0,0.16597508
1,1,0,0.48873603
1,0,1,0.63918024
1,0,1,0.5937214
1,1,1,0.53701717
1,0,0,0.4849487
1,0,0,0.4426222
1,1,1,0.70190364
1,1,1,0.6358313
1,1,1,0.7027926
1,0,0,0.47008917
1,1,1,0.75008506
1,0,0,0.43208033
1,0,1,0.80618125
1,0,1,0.64104944
1,0,1,0.63176984
1,1,1,0.8387533
1,1,1,0.57729757
1,0,1,0.6260701
1,1,0,0.4953312
1,1,1,0.72235703
1,0,1,0.55404997
1,0,0,0.4925616
1,0,0,0.39943895
1,0,1,0.5525239
1,1,1,0.67649686
1,0,1,0.6532446
1,0,1,0.5701656
1,1,1,0.59747064
1,0,0,0.49067956
1,1,1,0.58461636
1,1,1,0.6944166
1,1,1,0.67323554
1,1,0,0.45168346
1,1,1,0.5920067
1,1,1,0.5471885
1,1,1,0.54565376
1,1,1,0.7574296
1,0,1,0.6244578
1,0,1,0.6897971
1,0,0,0.14135814
1,0,1,0.6783924
1,0,0,0.43862778
1,0,0,0.14036018
1,1,1,0.67306423
1,0,0,0.22689164
1,0,1,0.6241834
1,0,1,0.5973203
1,0,1,0.5714426
1,1,1,0.7121375
1,1,1,0.7214492
1,0,0,0.49342522
1,1,1,0.6132946
1,0,0,0.4365618
1,0,0,0.2557417
1,0,1,0.5878772
1,1,0,0.40137988
1,0,0,0.4173933
1,0,0,0.16612001
1,0,0,0.42497504
1,0,1,0.5773589
1,0,0,0.10329161
1,1,1,0.7106226
1,1,1,0.6738463
1,0,1,0.53810877
1,1,1,0.69604886
1,1,1,0.5418409
1,0,0,0.3142734
1,1,1,0.68945867
1,1,1,0.87449926
1,0,1,0.714114
1,1,1,0.5556045
1,1,1,0.72359186
1,1,1,0.6946829
1,0,1,0.65272844
1,1,1,0.7768832
1,1,0,0.4353132
1,0,1,0.588302
1,1,1,0.5889613
1,1,1,0.74312186
1,1,1,0.75420374
1,0,1,0.80755347
1,0,0,0.46746013
1,1,1,0.72870153
1,0,1,0.67995423
1,0,1,0.6986761
1,0,1,0.6749145
1,0,1,0.6016936
1,1,1,0.77737594
1,1,1,0.83821154
1,0,1,0.70520216
1,0,0,0.37278506
1,0,0,0.41552785
1,0,1,0.64933515
1,1,1,0.71631926
1,0,1,0.7280086
1,0,1,0.62848216
1,1,0,0.4687544
1,0,1,0.5014106
1,0,1,0.8208107
1,0,1,0.5501691
1,0,0,0.4243244
1,0,0,0.48019767
1,1,1,0.58275825
1,0,0,0.4462423
1,1,1,0.6104406
1,0,0,0.3283928
1,1,1,0.7849407
1,1,1,0.6024977
1,0,1,0.50244564
1,0,0,0.46034867
1,1,1,0.8048049
1,1,1,0.67374355
1,1,1,0.6982206
1,1,1,0.72262174
1,1,1,0.77003247
1,1,1,0.85598993
1,0,1,0.61855453
1,0,1,0.51113963
1,0,1,0.63624626
1,1,1,0.8816534
1,1,1,0.8622795
1,0,1,0.63889086
1,0,1,0.59033424
1,0,1,0.63214076
1,0,0,0.32275632
1,1,1,0.7470883
1,1,1,0.82202715
1,0,1,0.6430313
1,1,1,0.67073536
1,1,1,0.6189943
1,0,1,0.73863226
1,0,1,0.63790435
1,0,1,0.58503664
1,0,0,0.1387113
1,0,1,0.5968708
1,0,0,0.34519076
1,1,1,0.6702373
1,1,1,0.57361645
1,1,1,0.6263305
1,1,1,0.84937954
1,1,1,0.503853
1,0,1,0.6757782
1,0,1,0.5809415
1,0,1,0.51469964
1,0,1,0.6309538
1,0,1,0.6789961
1,0,0,0.21663156
1,0,1,0.81010705
1,1,1,0.8195497
1,1,1,0.6576368
1,1,1,0.6634518
1,1,1,0.6516402
1,0,0,0.39072618
1,0,0,0.09436297
1,1,1,0.555035
1,0,1,0.74691933
1,0,0,0.23397315
1,1,1,0.6070488
1,1,1,0.81084687
1,0,1,0.511486
1,1,1,0.8416328
1,0,1,0.7278995
1,1,1,0.8206419
1,0,1,0.71509975
1,1,1,0.8465438
1,0,1,0.57876706
1,1,1,0.80377066
1,1,1,0.55064774
1,1,1,0.6865339
1,0,1,0.83312666
1,0,0,0.4422764
1,1,1,0.62299025
1,1,1,0.50283825
1,0,1,0.5605635
1,1,1,0.8139623
1,0,1,0.6296111
1,1,1,0.92497176
1,1,1,0.7671583
1,1,1,0.69294345
1,0,0,0.22655815
1,0,1,0.9112353
1,1,1,0.6698338
1,0,0,0.13692649
1,0,1,0.70824754
1,0,1,0.5643267
1,1,1,0.68702364
1,0,0,0.26607847
1,1,1,0.8180475
1,1,1,0.54418415
1,0,0,0.43576956
1,0,1,0.62079126
1,0,0,0.46425414
1,1,1,0.68771154
1,0,0,0.45826623
1,1,1,0.6387109
1,0,0,0.42210525
1,1,1,0.76579046
1,0,1,0.6576522
1,1,1,0.6438776
1,0,0,0.2374402
1,0,0,0.2179772
1,1,1,0.61985713
1,1,1,0.6321619
1,0,1,0.5260042
1,1,0,0.34629014
1,0,0,0.19692181
1,1,0,0.2874176
1,1,1,0.80819505
1,0,0,0.31804746
1,0,0,0.3886703
1,1,1,0.8063965
1,1,1,0.806597
1,0,0,0.3506113
1,0,0,0.09303089
1,0,0,0.13998522
1,0,1,0.55272996
1,1,1,0.5783407
1,1,1,0.7004771
1,1,1,0.83209485
1,1,1,0.64672303
1,0,1,0.56637067
1,0,1,0.6621372
1,1,1,0.5941974
1,1,1,0.72407585
1,1,1,0.82623076
1,1,1,0.8245071
1,0,0,0.114233
1,1,1,0.64174676
1,1,1,0.7486736
1,0,1,0.7107439
1,0,0,0.3787148
1,1,1,0.8334232
1,1,1,0.5338319
1,0,1,0.7147974
1,0,1,0.7641521
1,0,1,0.51959383
1,0,1,0.6709064
1,0,0,0.2064334
1,0,0,0.16820395
1,0,0,0.43182462
1,0,0,0.32767558
1,0,1,0.6386735
1,0,1,0.7707604
1,1,0,0.29435885
1,1,0,0.48906055
1,1,1,0.9174976
1,1,0,0.44385418
1,1,1,0.5912191
1,0,0,0.2634096
1,0,1,0.6883955
1,0,0,0.2570662
1,0,0,0.14795014
1,0,0,0.14453976
1,1,0,0.3944684
1,1,1,0.69842374
1,0,1,0.87524265
1,0,0,0.096579276
1,1,1,0.7190936
1,1,0,0.30448756
1,1,1,0.73457605
1,0,0,0.28554967
1,1,1,0.69571406
1,1,0,0.4377829
1,1,1,0.5615158
1,0,1,0.53124577
1,1,1,0.63389903
1,0,1,0.5148229
1,0,0,0.4412506
1,0,1,0.73554176
1,1,1,0.64818275
1,0,0,0.3418362
1,0,0,0.42940995
1,1,1,0.7453148
1,1,1,0.57129335
1,1,1,0.53260916
1,1,1,0.5735604
1,0,1,0.655782
1,0,1,0.60682684
1,0,0,0.40513796
1,1,1,0.5339697
1,1,1,0.53175706
1,0,0,0.45920467
1,0,1,0.5536875
1,0,0,0.08991495
1,0,1,0.58258295
1,1,0,0.46313152
1,0,0,0.47748533
1,0,0,0.43375093
1,1,1,0.51429254
1,0,0,0.35194695
1,0,1,0.755242
1,0,1,0.7310567
1,0,1,0.6718285
1,0,1,0.50960845
1,1,1,0.8087266
1,0,1,0.692392
1,1,1,0.75842726
1,1,1,0.8150907
1,0,0,0.4342348
1,1,0,0.4983515
1,0,0,0.47688898
1,0,0,0.37395385
1,1,1,0.7813228
1,0,0,0.37899995
1,1,0,0.38551217
1,0,0,0.14416124
1,0,0,0.43117496
1,1,1,0.8371377
1,1,1,0.5141094
1,0,1,0.5880882
1,1,1,0.53249604
1,0,0,0.47072995
1,1,1,0.5023015
1,0,1,0.80543786
1,0,1,0.7314705
1,0,1,0.56562483
1,1,1,0.6714765
1,0,1,0.6762149
1,0,1,0.5963835
1,1,0,0.42496225
1,0,1,0.7625892
1,1,1,0.6625992
1,1,1,0.72217846
1,1,1,0.5629494
1,0,1,0.7912187
1,1,1,0.6745516
1,0,1,0.56163895
1,1,1,0.6571652
1,1,1,0.6951032
1,1,1,0.51058733
1,1,1,0.86450344
1,1,0,0.41878694
1,0,0,0.062029447
1,1,1,0.7573562
1,1,1,0.684522
1,1,1,0.5522732
1,0,1,0.58457524
1,1,0,0.4897152
1,0,1,0.6448148
1,1,1,0.572116
1,0,0,0.21148345
1,1,1,0.6718171
1,1,1,0.7569907
1,0,0,0.42303893
1,1,1,0.74153465
1,0,1,0.7653256
1,0,0,0.10562798
1,0,0,0.23168044
1,0,1,0.57425946
1,0,1,0.74638355
1,0,1,0.73863393
1,0,1,0.50469565
1,0,0,0.3783853
1,0,1,0.5438481
1,1,1,0.69160956
1,0,1,0.515933
1,1,1,0.51773924
1,0,1,0.5591518
1,0,0,0.1799506
1,0,1,0.7126854
1,1,1,0.71230835
1,0,1,0.7392585
1,1,1,0.648959
1,1,1,0.64771056
1,0,1,0.5564954
1,1,1,0.69197065
1,0,0,0.49070653
1,1,1,0.54099023
1,1,0,0.47626498
1,1,1,0.61385775
1,1,0,0.36409715
1,1,1,0.6836558
1,0,0,0.34365812
1,0,0,0.24105912
1,1,1,0.8306115
1,1,1,0.81917137
1,0,1,0.72343487
1,1,1,0.7664865
1,1,1,0.7772695
1,0,1,0.57989156
1,0,0,0.22009595
1,1,1,0.80416965
1,0,1,0.53965336
1,0,1,0.78939986
1,0,1,0.52411807
1,1,1,0.75215155
1,0,1,0.7954727
1,1,1,0.6969616
1,0,0,0.4108564
1,0,1,0.71106184
1,1,1,0.67434585
1,1,0,0.3615168
1,1,0,0.18647757
1,1,1,0.7375054
1,0,0,0.3658545
1,0,0,0.38005048
1,1,1,0.67737395
1,0,0,0.36302957
1,1,1,0.5290776
1,0,0,0.49374387
1,1,1,0.6554942
1,1,1,0.7057265
1,1,1,0.6618436
1,1,1,0.63544756
1,0,1,0.5675115
2,1,1,0.6373909
2,0,1,0.5575366
2,1,1,0.7639621
2,1,0,0.49374476
2,0,1,0.89474046
2,0,0,0.45185584
2,1,0,0.41762474
2,1,1,0.7095405
2,0,1,0.75126
2,0,1,0.585023
2,1,1,0.5643328
2,0,0,0.47215262
2,1,1,0.5483122
2,0,0,0.31374437
2,1,0,0.46455914
2,0,1,0.5941188
2,0,0,0.38143173
2,0,1,0.6022894
2,0,0,0.4976927
2,0,1,0.5720315
2,1,1,0.82484114
2,1,1,0.7156566
2,1,1,0.7706645
2,0,0,0.47190237
2,1,1,0.6255666
2,1,1,0.63640785
2,0,0,0.45619586
2,0,0,0.37781334
2,1,1,0.68257654
2,0,1,0.54871786
2,1,1,0.5916929
2,0,0,0.40781048
2,1,1,0.7778715
2,0,0,0.4579575
2,1,1,0.5644349
2,1,0,0.34940243
2,1,1,0.5333868
2,0,0,0.41013166
2,1,1,0.68467206
2,0,0,0.44167608
2,1,0,0.41014978
2,1,0,0.37736577
2,1,0,0.47567728
2,1,0,0.40137148
2,0,0,0.32206324
2,0,0,0.41641897
2,1,0,0.3715678
2,0,0,0.47713682
2,0,1,0.5377794
2,0,0,0.3625096
2,0,0,0.4554483
2,1,1,0.7304098
2,1,0,0.4974098
2,0,0,0.2267512
2,0,0,0.15362671
2,1,1,0.59236795
2,0,0,0.33651012
2,1,1,0.8514923
2,1,1,0.6579738
2,0,0,0.35374728
2,1,1,0.6741367
2,1,1,0.68245894
2,0,0,0.35338274
2,0,1,0.69544804
2,0,1,0.73281693
2,0,1,0.58187586
2,1,1,0.8612001
2,0,0,0.32040426
2,1,1,0.50956017
2,1,1,0.557269
2,1,1,0.65165484
2,0,0,0.07951655
2,0,1,0.50903726
2,0,0,0.2561386
2,1,1,0.5221139
2,0,0,0.25106645
2,0,1,0.5244695
2,1,1,0.903967
2,0,0,0.37167898
2,1,1,0.7723672
2,1,0,0.3897507
2,0,1,0.5148985
2,1,1,0.65530545
2,0,1,0.6635889
2,1,1,0.57589144
2,0,1,0.7023476
2,0,0,0.2243762
2,0,0,0.209144
2,0,1,0.6177337
2,0,0,0.45856073
2,1,1,0.58316875
2,1,1,0.66439843
2,1,1,0.60076
2,0,0,0.24724917
2,0,0,0.20326631
2,0,0,0.46512613
2,0,1,0.6914729
2,1,1,0.5618813
2,0,0,0.24825336
2,1,1,0.69490474
2,0,1,0.7341929
2,1,0,0.269804
2,0,0,0.28710642
2,1,1,0.51646566
2,0,0,0.28004912
2,0,1,0.5664505
2,0,0,0.29188874
2,1,0,0.4791084
2,1,0,0.4990708
2,0,0,0.1315249
2,1,0,0.32385418
2,0,0,0.27868754
2,0,0,0.37221757
2,1,1,0.71146536
2,1,0,0.47645584
2,1,0,0.30578822
2,0,0,0.4713902
2,0,1,0.52997977
2,0,0,0.44235036
2,1,1,0.56764406
2,1,1,0.60225916
2,0,0,0.23282938
2,1,0,0.42732775
2,1,0,0.3972798
2,1,0,0.34937793
2,0,0,0.34882972
2,1,1,0.58976245
2,1,0,0.4715162
2,0,0,0.37206507
2,0,1,0.62402546
2,1,1,0.7812997
2,0,1,0.55747765
2,0,1,0.5584395
2,1,0,0.47206315
2,1,1,0.73566484
2,1,1,0.83157927
2,0,0,0.26161307
2,0,0,0.45404965
2,0,0,0.20413257
2,0,0,0.30671257
2,1,1,0.5560447
2,1,1,0.92281914
2,1,1,0.69894254
2,0,1,0.58187574
2,1,1,0.7028982
2,0,0,0.35360137
2,1,1,0.7582283
2,0,1,0.5819587
2,0,0,0.22204614
2,0,1,0.56811583
2,0,0,0.4227134
2,1,1,0.8087352
2,0,1,0.7000254
2,1,1,0.55934083
2,0,1,0.6295478
2,0,0,0.29061794
2,1,1,0.63627434
2,1,1,0.5689826
2,0,1,0.56802344
2,1,1,0.5914544
2,0,0,0.39032167
2,0,0,0.20188697
2,1,0,0.31891665
2,1,0,0.21133465
2,1,1,0.77719074
2,1,1,0.55121344
2,0,0,0.1834082
2,1,1,0.7867069
2,0,0,0.47620535
2,1,1,0.64022
2,0,0,0.29873928
2,0,1,0.7179463
2,0,0,0.31376225
2,1,1,0.69619966
2,0,0,0.48131385
2,1,1,0.6777758
2,0,0,0.4944825
2,0,1,0.75808066
2,1,1,0.7403504
2,1,1,0.8142511
2,1,1,0.730492
2,0,1,0.5140315
2,0,1,0.83219576
2,0,1,0.5507125
2,1,1,0.7935499
2,0,1,0.65114194
2,0,1,0.66635424
2,1,1,0.6578893
2,1,1,0.5111597
2,0,1,0.5108984
2,1,0,0.26784652
2,0,0,0.41273424
2,1,1,0.67425156
2,0,1,0.67486465
2,1,1,0.63811177
2,0,1,0.6008495
2,1,0,0.42432252
2,0,1,0.7552824
2,0,0,0.27311727
2,1,1,0.59995526
2,1,1,0.65069556
2,0,0,0.30988503
2,0,0,0.24637869
2,1,1,0.758741
2,1,1,0.6061914
2,0,0,0.32728785
2,0,1,0.58856976
2,1,0,0.44092014
2,1,1,0.5296264
2,1,0,0.41899043
2,0,1,0.5079001
2,0,1,0.57704234
2,0,0,0.21967323
2,1,1,0.59606075
2,0,0,0.07065531
2,0,0,0.41543776
2,0,0,0.21800837
2,0,0,0.35470632
2,1,1,0.927663
2,1,1,0.60418487
2,0,1,0.5159053
2,1,1,0.7937193
2,1,1,0.56851804
2,0,1,0.5625364
2,0,1,0.5500745
2,0,1,0.76797366
2,0,0,0.39665604
2,1,1,0.5536336
2,1,1,0.7784819
2,0,0,0.35960042
2,1,0,0.42005223
2,0,0,0.43730885
2,1,1,0.58571756
2,1,1,0.54576904
2,0,0,0.37534037
2,0,1,0.58170605
2,0,0,0.3303695
2,0,0,0.43550572
2,0,0,0.31246042
2,1,1,0.64692485
2,1,1,0.6359676
2,0,0,0.4877489
2,1,1,0.8405434
2,0,1,0.5384211
2,1,1,0.77177495
2,0,1,0.6048925
2,1,1,0.59560734
2,0,1,0.627808
2,1,0,0.49626184
2,1,1,0.524348
2,0,1,0.74256516
2,0,1,0.506271
2,0,1,0.63591194
2,1,1,0.6696495
2,1,1,0.5312441
2,1,0,0.4391551
2,1,0,0.4891269
2,1,1,0.55198073
2,0,0,0.35273144
2,1,1,0.59055525
2,1,1,0.57632786
2,0,0,0.16775043
2,1,0,0.46448663
2,0,1,0.7648658
2,0,1,0.5293479
2,0,0,0.3727099
2,0,0,0.493082
2,1,1,0.6369434
2,0,0,0.37817088
2,0,1,0.54670644
2,1,0,0.47235072
2,0,1,0.7105887
2,1,1,0.51385397
2,0,0,0.38230452
2,1,1,0.656749
2,1,1,0.6325861
2,0,1,0.5095641
2,0,0,0.33437085
2,1,1,0.5554333
2,0,1,0.59902483
2,0,0,0.41333345
2,1,1,0.5543452
2,0,1,0.5936125
2,1,1,0.55105406
2,0,1,0.66155523
2,0,1,0.5020659
2,1,1,0.5514744
2,0,0,0.31505474
2,1,1,0.65496224
2,1,0,0.2569601
2,0,0,0.29717508
2,0,1,0.5152054
2,0,0,0.21144667
2,0,1,0.5222092
2,1,1,0.50978786
2,1,1,0.718739
2,1,0,0.45977044
2,1,1,0.77350646
2,0,0,0.23541178
2,0,1,0.5500759
2,0,0,0.25331742
2,0,0,0.4423089
2,0,0,0.47732016
2,0,0,0.47081107
2,1,0,0.40541878
2,1,0,0.42728648
2,1,1,0.51758444
2,1,1,0.7979156
2,1,1,0.5850688
2,1,1,0.7176438
2,1,1,0.60692465
2,0,1,0.6399345
2,0,0,0.43443534
2,1,1,0.6812785
2,0,1,0.5436934
2,0,1,0.5521148
2,1,0,0.49391264
2,1,1,0.5055994
2,1,1,0.5324488
2,0,1,0.73290116
2,0,0,0.3063344
2,0,1,0.55890876
2,1,1,0.8742982
2,1,1,0.75396115
2,0,0,0.26931995
2,0,1,0.5375908
2,0,0,0.385976
2,0,0,0.17673971
2,1,1,0.8746937
2,1,1,0.544859
2,0,0,0.3105296
2,1,1,0.66765624
2,0,0,0.29633912
2,0,0,0.34868503
2,1,1,0.8719721
2,1,1,0.7637729
2,1,1,0.8425885
2,0,0,0.40138307
2,1,1,0.564324
2,0,1,0.67136794
2,0,1,0.6220743
2,0,0,0.30097225
2,1,1,0.5237865
2,1,0,0.49029535
2,0,0,0.40783298
2,1,1,0.7452634
2,0,1,0.68050635
2,1,0,0.261716
2,0,0,0.34754536
2,0,0,0.48367324
2,0,1,0.7681956
2,1,0,0.32371944
2,1,1,0.89604115
2,1,1,0.76761705
2,0,0,0.32030186
2,1,1,0.6492192
2,1,1,0.7877457
2,0,0,0.27606386
2,1,1,0.5188148
2,0,0,0.35647035
2,0,1,0.7250399
2,0,1,0.6457803
2,0,1,0.5318408
2,0,1,0.8304994
2,1,0,0.41549867
2,1,1,0.52995443
2,0,0,0.42414746
2,0,0,0.09886699
2,0,1,0.74133533
2,0,0,0.4482354
2,1,1,0.51489884
2,0,0,0.4794896
2,0,1,0.5167341
2,0,0,0.1190531
2,0,1,0.5701347
2,1,1,0.54419607
2,1,0,0.39047793
2,1,1,0.6196067
2,1,1,0.6644416
2,1,1,0.5178273
2,0,1,0.59827435
2,1,0,0.44310212
2,1,1,0.5593877
2,0,0,0.36079666
2,0,1,0.53715944
2,0,1,0.61184967
2,0,0,0.4918554
2,0,1,0.61781424
2,1,1,0.62999076
2,1,1,0.90257275
2,1,1,0.703258
2,0,0,0.3082723
2,0,1,0.57652134
2,1,1,0.6659971
2,0,1,0.5940987
2,0,1,0.54547143
2,1,1,0.8086935
2,1,1,0.7899288
2,0,1,0.62243783
2,0,1,0.5434198
2,0,0,0.29821506
2,1,1,0.68827313
2,0,0,0.39029825
2,1,0,0.25859764
2,1,0,0.35747224
2,1,0,0.44909826
2,1,1,0.76394135
2,1,1,0.6475697
2,1,0,0.48123586
2,1,1,0.62817377
2,0,0,0.23932344
2,1,1,0.7590863
2,0,0,0.21376537
2,0,0,0.4340054
2,1,1,0.72382474
2,1,0,0.36680394
2,1,0,0.4142893
2,0,1,0.5480018
2,0,1,0.5878499
2,0,0,0.14851283
2,1,1,0.5271457
2,0,0,0.30923674
2,0,0,0.41560978
2,1,1,0.89922446
2,0,0,0.42673653
2,1,1,0.7479942
2,1,0,0.4995584
2,0,1,0.6528878
2,1,1,0.7165742
2,1,1,0.5832378
2,0,1,0.67133266
2,1,1,0.52965385
2,0,0,0.43600738
2,0,0,0.32900345
2,1,1,0.64760286
2,1,1,0.66522413
2,0,0,0.31386685
2,0,0,0.3232498
2,0,1,0.67794514
2,1,1,0.6995379
2,0,0,0.4013988
2,0,1,0.5357828
2,0,1,0.6563166
2,0,0,0.35790816
2,1,1,0.5220503
2,0,0,0.37897658
2,0,0,0.4783448
2,1,1,0.85808396
2,0,0,0.47865686
2,0,1,0.5876602
2,1,0,0.40683314
2,0,1,0.7192822
2,0,1,0.602115
2,0,0,0.46808437
2,1,0,0.34694293
2,1,1,0.5145559
2,1,0,0.16842008
2,0,1,0.5106918
2,1,1,0.8440381
2,1,1,0.75066185
2,0,1,0.5064756
2,1,1,0.6610905
2,0,1,0.66616213
2,0,0,0.48052117
2,1,1,0.5796929
2,0,0,0.36929318
2,0,0,0.085537545
2,1,1,0.5170712
2,1,1,0.85557276
2,1,1,0.5184654
2,0,1,0.53998494
2,0,0,0.20669945
2,0,0,0.23719299
2,0,0,0.41201362
2,1,1,0.9290155
2,1,1,0.7756482
2,0,1,0.59343004
2,1,1,0.6374396
2,1,1,0.53263664
2,1,1,0.58010924
2,0,0,0.40130785
2,1,1,0.5616908
2,1,1,0.7548367
2,0,0,0.22819707
2,1,1,0.77864265
2,0,1,0.56917053
2,1,1,0.7466387
2,0,0,0.2831728
2,0,1,0.7461167
2,1,1,0.6580753
2,0,0,0.4873571
2,0,0,0.4185251
2,1,1,0.7704848
2,0,1,0.6080488
2,1,0,0.3698285
2,0,1,0.69947034
2,0,1,0.52160466
2,1,0,0.48413235
2,0,1,0.51546806
2,1,0,0.44471106
2,1,1,0.52667123
2,1,1,0.579487
2,1,1,0.6291198
2,1,1,0.62374604
2,1,1,0.6219582
2,0,0,0.26776204
2,0,1,0.53244156
2,0,1,0.5565384
2,0,1,0.6127431
2,1,1,0.67695516
2,1,1,0.80713415
2,0,0,0.2985912
2,0,0,0.43560037
2,1,0,0.44060075
2,0,1,0.85804856
2,1,0,0.46047935
2,1,1,0.61134875
2,0,0,0.26424828
2,1,1,0.5497954
2,1,1,0.6076881
2,1,0,0.34481102
2,0,0,0.2149084
2,0,0,0.46274444
2,1,1,0.6041604
2,0,1,0.5761394
2,0,1,0.5795957
2,1,1,0.61620706
2,0,0,0.39618114
2,0,0,0.38258174
2,0,0,0.4732061
2,0,0,0.367197
2,0,1,0.50833845
2,1,1,0.6246475
2,0,1,0.74645036
2,1,1,0.9062413
2,0,0,0.36530727
2,1,0,0.45412523
2,1,1,0.50285405
2,0,0,0.38345972
2,1,1,0.5804703
2,0,1,0.6474439
2,0,0,0.35868603
2,1,1,0.7225463
2,0,0,0.39452603
2,0,1,0.53116393
2,0,0,0.38953438
2,1,1,0.5514854
2,0,0,0.31142804
2,0,1,0.6477463
2,1,0,0.22750042
2,1,1,0.83154655
2,1,1,0.5678286
2,1,0,0.33828068
2,0,0,0.46118027
2,0,0,0.18954188
2,1,0,0.45167604
2,1,1,0.6051948
2,0,0,0.44360515
2,0,0,0.4910278
2,0,1,0.8348845
2,0,0,0.4686489
2,0,1,0.5792731
2,1,0,0.31237015
2,0,1,0.54914635
2,1,1,0.8575829
2,0,0,0.36557144
2,1,0,0.39898017
2,1,1,0.52368766
2,0,0,0.48415455
2,0,1,0.79388875
2,1,0,0.4533518
2,0,0,0.4108008
2,1,1,0.661933
2,1,1,0.57937145
2,0,1,0.59578705
2,0,1,0.5777835
2,0,0,0.25944874
2,0,1,0.7563178
2,0,0,0.41127473
2,1,1,0.70474726
2,1,1,0.58616847
2,1,1,0.81789297
2,0,0,0.37989286
2,0,0,0.4573529
2,1,0,0.44884473
2,0,1,0.65728474
2,1,1,0.55802274
2,1,0,0.48850974
2,0,0,0.40575463
2,1,1,0.5871648
2,0,0,0.40000445
2,1,1,0.67698365
2,0,0,0.26917908
2,1,0,0.31570745
2,1,1,0.51587605
2,0,0,0.28284943
2,1,1,0.50840664
2,0,0,0.24952783
2,0,0,0.2350912
2,0,0,0.49965507
2,0,0,0.300126
2,0,0,0.2250141
2,1,1,0.70319754
2,1,1,0.73612225
2,0,0,0.4739351
2,0,1,0.5056065
2,0,0,0.3509181
2,1,1,0.659276
2,1,0,0.44909346
2,0,0,0.49603936
2,0,1,0.6502089
2,1,1,0.7065294
2,0,1,0.5400195
2,0,1,0.74960876
2,1,0,0.4015554
2,0,1,0.5208992
2,0,0,0.489831
2,0,1,0.69573385
2,0,1,0.6679796
2,1,1,0.7039815
2,0,0,0.3305523
2,1,1,0.6621744
2,1,0,0.49010995
2,1,1,0.50383186
2,0,0,0.32514665
2,1,1,0.7536081
2,1,1,0.6846627
2,1,0,0.47672775
2,0,0,0.4370592
2,0,0,0.45476863
2,0,0,0.45412737
2,0,0,0.44276688
2,1,1,0.66185296
2,1,1,0.70120573
2,0,0,0.31551242
2,1,1,0.72481304
2,1,1,0.5825597
2,0,1,0.6132676
2,1,1,0.5802588
2,0,0,0.49737537
2,0,0,0.46697414
2,0,1,0.6431625
2,1,1,0.76570266
2,0,1,0.7197759
2,0,1,0.76568884
2,0,1,0.5754164
2,1,1,0.88253385
2,1,1,0.66620374
2,0,1,0.6025734
2,0,0,0.3716568
2,0,0,0.16653782
2,1,0,0.41632548
2,0,1,0.89945745
2,0,0,0.18872894
2,1,0,0.48177698
2,0,0,0.20547056
2,1,1,0.7363715
2,0,0,0.22874095
2,1,1,0.71521986
2,0,0,0.24592684
2,1,1,0.754484
2,1,0,0.48796016
2,0,1,0.6945972
2,0,0,0.32501832
2,0,0,0.40025157
2,1,1,0.6628903
2,1,1,0.752673
2,1,1,0.52925485
2,0,0,0.43308404
2,0,0,0.4637621
2,1,1,0.7007899
2,1,0,0.4814116
2,0,1,0.6477221
2,0,1,0.6897752
2,1,1,0.80983984
2,0,0,0.48983926
2,1,1,0.7176276
2,0,0,0.4808183
2,0,1,0.54227895
2,1,1,0.8110625
2,1,0,0.49830598
2,0,0,0.4276625
2,0,0,0.3864346
2,0,1,0.5199031
2,0,1,0.5686798
2,1,1,0.84282875
2,0,0,0.24727574
2,1,1,0.8110856
2,1,0,0.46364304
2,0,0,0.08453211
2,1,1,0.72214
2,1,0,0.3583451
2,1,0,0.41504174
2,0,1,0.7520447
2,1,1,0.5865987
2,1,1,0.5400287
2,0,0,0.47228584
2,0,0,0.4411248
2,0,0,0.23442619
2,0,0,0.4784977
2,0,0,0.32796124
2,1,0,0.42465234
2,1,1,0.6332752
2,0,1,0.76169634
2,0,0,0.26525426
2,1,1,0.9118936
2,1,1,0.7832455
2,1,1,0.7869875
2,0,0,0.4843067
2,0,1,0.77471846
2,1,1,0.6739127
2,1,1,0.7426012
2,1,0,0.46571556
2,1,1,0.7718724
2,0,1,0.58144385
2,0,1,0.51713735
2,1,1,0.75641334
2,1,0,0.42545727
2,0,1,0.5289223
2,1,1,0.52344406
2,1,1,0.5512189
2,0,0,0.47228584
2,0,0,0.4411248
2,0,0,0.23442619
2,1,0,0.4784977
2,0,0,0.35513037
2,0,0,0.21573307
2,1,1,0.66932946
2,1,1,0.76169634
2,1,0,0.26525426
2,0,1,0.5288529
2,0,1,0.5627886
2,0,0,0.25494188
2,1,1,0.8738492
2,1,1,0.6390635
2,0,0,0.25331458
2,0,0,0.21116444
2,0,0,0.43435425
2,1,1,0.71867377
2,0,0,0.21981552
2,1,0,0.44435468
2,1,1,0.5839662
2,1,1,0.605468
2,0,0,0.29041955
2,0,0,0.47691682
2,1,1,0.6261555
2,1,1,0.7540011
2,1,1,0.72466594
2,1,0,0.272875
2,1,1,0.7511229
2,0,0,0.45554522
2,0,0,0.25857592
2,1,1,0.79936033
2,1,0,0.28204075
2,1,1,0.73246706
2,0,0,0.18183172
2,0,1,0.71420884
2,0,0,0.35441944
2,1,1,0.88999826
2,0,0,0.3764339
2,1,1,0.56565964
2,0,1,0.5560179
2,0,0,0.22457479
2,0,0,0.43618917
2,0,1,0.5008864
2,0,1,0.5780242
2,1,1,0.5270242
2,0,0,0.49620453
2,1,1,0.7733569
2,1,1,0.6599281
2,1,1,0.6131349
2,0,0,0.2724736
2,0,1,0.7505881
2,1,1,0.8763385
2,0,1,0.693772
2,0,0,0.4979164
2,0,1,0.6347534
2,1,1,0.77181286
2,0,1,0.5154668
2,0,0,0.45207912
2,0,1,0.6016516
2,0,1,0.72732836
2,1,1,0.6547522
2,0,1,0.58083624
2,1,1,0.7487073
2,1,0,0.42492786
2,1,1,0.5138021
2,1,1,0.56049925
2,0,1,0.5570263
2,0,1,0.6192847
2,1,1,0.821814
2,1,0,0.47264236
2,1,1,0.5054733
2,0,0,0.3950708
2,0,0,0.34041807
2,1,0,0.40322968
2,0,1,0.5705013
2,1,0,0.42689803
2,1,1,0.7096796
2,1,1,0.7424989
2,1,1,0.8248901
2,0,0,0.4977374
2,1,1,0.5504968
2,0,1,0.50012267
2,1,1,0.73487735
2,0,1,0.5530929
2,0,0,0.41386658
2,1,1,0.7682034
2,1,1,0.63721055
2,1,1,0.689841
2,0,1,0.5609038
2,1,1,0.5071681
2,0,0,0.44974318
2,0,1,0.6663782
2,1,1,0.5844593
2,0,1,0.7398164
2,0,0,0.47888243
2,1,1,0.8435496
2,1,1,0.77887136
2,0,0,0.40280575
2,1,1,0.85717344
2,1,1,0.6035674
2,1,1,0.719775
2,1,0,0.3849395
2,0,1,0.61510134
2,0,1,0.60740006
2,0,0,0.4876823
2,0,1,0.71702355
2,1,1,0.6416891
2,1,1,0.69270885
2,0,0,0.3084728
2,1,1,0.7478472
2,1,1,0.6190428
2,0,1,0.5868717
2,1,1,0.78591424
2,1,1,0.5545165
2,0,0,0.37039366
2,0,0,0.34620985
2,0,0,0.47946906
2,1,1,0.7393059
2,0,0,0.28762245
2,0,0,0.49750102
2,0,0,0.16675586
2,0,1,0.59479004
2,1,1,0.80861986
2,0,1,0.513759
2,1,1,0.77727485
2,1,1,0.6483732
2,1,1,0.7310668
2,1,1,0.7887922
2,0,0,0.42323855
2,1,1,0.85435766
2,1,1,0.86961854
2,0,1,0.8524547
2,1,1,0.9132252
2,1,0,0.3352768
2,0,1,0.6144896
2,0,0,0.46912542
2,1,0,0.48799354
2,1,1,0.7043391
2,1,0,0.3994637
2,1,1,0.5545468
2,1,1,0.5547571
2,1,1,0.6053621
2,0,0,0.2974885
2,1,1,0.5195044
2,0,0,0.21641275
2,1,1,0.70907193
2,0,1,0.81903905
2,0,1,0.740811
2,0,0,0.31253716
2,0,0,0.032277912
2,0,0,0.34420043
2,0,1,0.58678854
2,0,0,0.49381083
2,0,0,0.24743602
2,0,1,0.7047682
2,0,1,0.55806935
2,1,1,0.5206824
2,1,1,0.502484
2,0,1,0.51795495
2,1,1,0.5563198
2,1,1,0.5889566
2,0,0,0.19053385
2,0,1,0.67806524
2,0,0,0.3409238
2,1,1,0.57644814
2,0,1,0.50938433
2,1,1,0.6880414
2,1,1,0.7563622
2,1,1,0.54623944
2,1,0,0.4598072
2,1,0,0.3929882
2,0,0,0.42007527
2,0,1,0.7299871
2,0,1,0.7115262
2,1,1,0.73220694
2,1,1,0.5511142
2,0,0,0.14576995
2,0,1,0.66723377
2,0,0,0.4149092
2,0,1,0.5004762
2,1,1,0.5619501
2,1,1,0.5408739
2,0,1,0.7202243
2,0,1,0.6632715
2,0,1,0.7253202
2,1,0,0.48160046
2,1,1,0.81034714
2,0,1,0.7959088
2,0,0,0.41825226
2,1,1,0.50323963
2,0,0,0.36848173
2,1,1,0.5362067
2,0,0,0.08988176
2,1,0,0.26728204
2,0,0,0.49731
2,0,0,0.46107718
2,1,0,0.2861394
2,0,0,0.27291468
2,0,0,0.38105035
2,1,0,0.48693916
2,0,1,0.5144511
2,1,0,0.45821387
2,1,0,0.35492283
2,0,0,0.22312963
2,0,0,0.38294208
2,1,1,0.8068783
2,0,0,0.32546675
2,1,0,0.4718212
2,0,0,0.2581095
2,1,0,0.49539357
2,0,1,0.75157034
2,0,0,0.2674508
2,1,0,0.4886082
2,1,1,0.51346844
2,0,0,0.42947847
2,0,0,0.39223462
2,0,0,0.44996133
2,1,1,0.72428167
2,0,1,0.5827418
2,1,1,0.93335134
2,1,0,0.49352255
2,0,1,0.60239583
2,1,0,0.38237056
2,1,1,0.6292352
2,0,0,0.28861013
2,1,0,0.393995
2,1,0,0.41525316
2,0,1,0.5029791
2,0,0,0.48748893
2,1,0,0.4822618
2,0,0,0.2723911
2,1,1,0.72646487
2,0,1,0.6701281
2,0,1,0.6032082
2,0,0,0.3745807
2,1,1,0.56744367
2,0,1,0.6217771
2,1,1,0.5635848
2,0,0,0.44552034
2,0,1,0.5127417
2,1,1,0.81572765
2,0,1,0.6567969
2,1,1,0.75623864
2,0,0,0.20066316
2,1,1,0.77334523
2,1,1,0.7510984
2,1,1,0.57727545
2,1,1,0.7424135
2,1,1,0.7435875
2,1,1,0.8999235
2,0,1,0.65554845
2,0,1,0.5243076
2,0,0,0.2702843
2,0,1,0.55896604
2,0,1,0.61364335
2,1,1,0.92277735
2,1,0,0.4779328
2,0,0,0.3718264
2,1,1,0.6548156
2,1,1,0.65312845
2,1,1,0.61043644
2,0,0,0.3812084
2,0,0,0.39015844
2,0,0,0.44475207
2,0,1,0.56575924
2,1,0,0.29187056
2,0,1,0.7152534
2,0,0,0.28728086
2,1,1,0.6767796
2,1,1,0.5734822
2,1,1,0.5066407
2,0,0,0.35336518
2,0,0,0.42483965
2,0,0,0.45217133
2,0,0,0.48812458
2,1,1,0.6224161
2,1,1,0.62196475
2,1,0,0.4991755
2,0,1,0.5667396
2,0,0,0.1409784
2,1,1,0.62695277
2,0,0,0.29417938
2,1,0,0.45950925
2,1,0,0.3926212
2,0,0,0.28294772
2,1,1,0.5723482
2,0,1,0.6951822
2,1,0,0.4474956
2,0,0,0.41724968
2,0,0,0.35618412
2,0,0,0.49239135
2,0,1,0.51959246
2,0,0,0.3037273
2,1,0,0.46499223
2,1,1,0.72315174
2,0,1,0.5595078
2,1,1,0.83518064
2,0,0,0.07938551
2,1,1,0.80297273
2,0,1,0.63012016
2,1,1,0.50230217
2,1,1,0.5921849
2,0,0,0.3344187
2,0,0,0.42825782
2,1,0,0.4835718
2,0,1,0.9508635
2,0,0,0.40209225
2,1,1,0.5175082
2,0,0,0.37249795
2,0,1,0.56517065
2,0,1,0.5517553
2,0,0,0.34494597
2,1,1,0.66998523
2,1,1,0.5298712
2,0,0,0.42848846
2,0,0,0.37801197
2,0,0,0.21197996
2,1,1,0.6774049
2,1,0,0.46456262
2,0,0,0.46032375
2,1,1,0.5966472
2,1,1,0.778491
2,1,1,0.5408465
2,1,1,0.5684314
2,0,0,0.40051854
2,0,0,0.4120752
2,1,0,0.4367773
2,1,0,0.33733165
2,1,0,0.3473787
2,0,1,0.52888143
2,1,0,0.49141237
2,1,0,0.49669063
2,0,1,0.77985036
2,0,1,0.623519
2,0,0,0.33561608
2,1,0,0.39592588
2,0,0,0.44879425
2,1,1,0.85159945
2,1,0,0.47309992
2,1,1,0.80426866
2,0,1,0.60505813
2,1,1,0.8548365
2,0,0,0.38229862
2,0,0,0.23269068
2,0,1,0.5727499
2,0,1,0.51927674
2,0,0,0.3758735
2,1,0,0.3607253
2,0,0,0.33994743
2,1,0,0.30146262
2,0,1,0.8584622
2,0,1,0.7123978
2,1,1,0.63804865
2,1,1,0.8433581
2,0,0,0.48212585
2,0,0,0.39055496
2,1,0,0.48869336
2,0,1,0.67947847
2,0,0,0.26760054
2,1,1,0.7161104
2,0,0,0.31027955
2,1,1,0.7709179
2,0,0,0.4922944
2,1,1,0.86434543
2,0,1,0.69306195
2,0,0,0.25188088
2,0,0,0.18966909
2,0,1,0.64400667
2,1,1,0.75900376
2,0,0,0.26607248
2,0,0,0.35435542
2,0,0,0.45356622
2,1,1,0.71611345
2,1,1,0.7319523
2,1,1,0.81919473
2,1,1,0.8372167
2,1,1,0.8703813
2,1,1,0.93994164
2,1,1,0.6034928
2,0,0,0.33673054
2,0,0,0.30964142
2,1,1,0.7321234
2,0,0,0.19659573
2,0,0,0.44541997
2,1,1,0.5262838
2,1,1,0.5516411
2,1,1,0.58558965
2,0,0,0.39990005
2,1,1,0.6808493
2,0,1,0.5884747
2,0,1,0.8542888
2,1,1,0.6195681
2,1,1,0.8728519
2,0,1,0.64777493
2,0,0,0.25525704
2,0,1,0.6660099
2,0,0,0.25208533
2,0,0,0.23925467
2,1,1,0.59608734
2,1,1,0.510098
2,1,1,0.67848843
2,0,1,0.52653164
2,1,1,0.621068
2,1,1,0.6252298
2,0,0,0.4883787
2,0,0,0.49423367
2,0,1,0.5431355
2,1,1,0.8972946
2,1,1,0.7753806
2,1,1,0.61672896
2,0,0,0.17941087
2,1,1,0.54677296
2,0,1,0.70927566
2,1,1,0.79406595
2,1,0,0.38131294
2,0,1,0.5389842
2,1,0,0.454312
2,1,1,0.789028
2,0,0,0.32268244
2,0,1,0.545501
2,1,1,0.87215245
2,1,1,0.5592341
2,0,1,0.77696234
2,1,1,0.5896804
2,0,0,0.28681776
2,1,0,0.4803438
2,0,1,0.5135819
2,0,0,0.45867583
2,1,1,0.6480467
2,1,1,0.510606
2,1,1,0.7641371
2,0,0,0.2994991
2,0,0,0.31518403
2,0,1,0.75727654
2,1,1,0.67679393
2,1,0,0.34623548
2,0,1,0.75387436
2,1,1,0.9365043
2,1,1,0.80478776
2,1,1,0.74776804
2,1,1,0.74720716
2,1,1,0.9141261
2,0,0,0.42702192
2,1,0,0.3860415
2,0,1,0.6460952
2,1,1,0.7721023
2,0,0,0.48105013
2,1,1,0.73515344
2,1,1,0.81741714
2,0,1,0.6024003
2,1,1,0.82787937
2,0,0,0.46685904
2,1,0,0.3938846
2,0,1,0.7149568
2,0,1,0.58439827
2,0,1,0.65487427
2,0,1,0.8573535
2,0,0,0.21345513
2,0,1,0.9109703
2,1,1,0.69703263
2,0,0,0.23752742
2,0,1,0.6532489
2,1,1,0.8804522
2,1,1,0.6770413
2,0,1,0.50407743
2,1,1,0.52814746
2,1,0,0.47794294
2,0,0,0.4476203
2,1,1,0.5685945
2,0,0,0.47596076
2,0,0,0.24573554
2,0,0,0.056841366
2,1,1,0.7303129
2,1,0,0.34351224
2,0,0,0.4236813
2,0,1,0.6048381
2,1,1,0.79770833
2,1,1,0.7417756
2,1,1,0.8746658
2,1,0,0.45921436
2,0,0,0.24413517
2,1,1,0.5637128
2,1,1,0.5584512
2,0,1,0.5148396
2,1,1,0.6943732
2,0,0,0.35879558
2,0,1,0.54623467
2,0,0,0.34676236
2,1,0,0.4784092
2,1,1,0.9538788
2,1,1,0.61961335
2,1,0,0.47482488
2,0,1,0.743172
2,0,0,0.45896477
2,0,0,0.3916124
2,0,1,0.6870846
2,1,1,0.7818767
2,1,1,0.5045551
2,0,0,0.33832124
2,0,0,0.32981837
2,1,0,0.42458028
2,1,0,0.37584832
2,1,1,0.69216657
2,1,0,0.42874223
2,0,0,0.4325124
2,0,1,0.50292486
2,0,0,0.24253556
2,1,1,0.8591469
2,1,1,0.56388575
2,0,0,0.27130464
2,0,0,0.3973054
2,0,1,0.6616337
2,1,1,0.54466695
2,1,1,0.69235903
2,0,1,0.6757365
2,0,1,0.5420206
2,1,1,0.80974275
2,1,1,0.51975036
2,0,1,0.5493204
2,0,0,0.14624219
2,1,1,0.7024707
2,0,0,0.26662198
2,1,1,0.6610624
2,0,1,0.6394019
2,0,1,0.64927304
2,0,0,0.38427547
2,1,1,0.5603248
2,0,0,0.35751393
2,0,0,0.353829
2,1,0,0.2605293
2,1,0,0.32719848
2,0,0,0.33142024
2,0,1,0.6260071
2,0,0,0.12850815
2,1,0,0.39131784
2,1,0,0.1752525
2,0,0,0.123959385
2,0,0,0.18115894
2,1,1,0.54535115
2,0,0,0.21152914
2,1,0,0.45924655
2,0,0,0.21981138
2,0,0,0.32039207
2,0,0,0.14081928
2,0,0,0.21240562
2,1,0,0.08402373
2,1,0,0.04498876
2,1,0,0.17877206
2,0,0,0.1146464
2,0,0,0.4326982
2,1,0,0.31743202
2,0,0,0.30291992
2,1,0,0.19072081
2,0,0,0.4398614
2,1,1,0.5767405
2,1,0,0.27964196
2,0,0,0.17967358
2,1,0,0.31031153
2,1,0,0.2551857
2,0,0,0.21733212
2,0,1,0.5051749
2,0,1,0.63393545
2,1,1,0.51648164
2,0,0,0.22625035
2,1,0,0.27566022
2,0,0,0.29185063
2,0,1,0.51208586
2,0,0,0.41094992
2,0,1,0.52604955
2,0,0,0.4234199
2,0,0,0.38926712
2,0,0,0.35101613
2,1,1,0.5282162
2,0,0,0.38647223
2,0,1,0.5340087
2,0,1,0.55040133
2,0,0,0.31928286
2,1,0,0.49336013
2,0,0,0.33608627
2,0,0,0.18877801
2,1,1,0.70486057
2,1,1,0.51187724
2,1,1,0.62595314
2,1,0,0.3645109
2,0,1,0.5255001
2,0,0,0.37734535
2,0,0,0.4116324
2,0,0,0.29985937
2,1,1,0.61762047
2,0,1,0.50052327
2,1,0,0.3913614
2,0,1,0.6179395
2,1,0,0.22020048
2,1,1,0.567126
2,1,1,0.8878293
2,1,1,0.61383176
2,0,1,0.5781535
2,1,1,0.5874844
2,1,0,0.4793126
2,0,0,0.41177383
2,1,1,0.6266098
2,0,1,0.5277292
2,0,1,0.81935
2,0,1,0.52199197
2,1,1,0.7884363
2,0,1,0.51081645
2,0,0,0.23413292
2,0,1,0.596134
2,0,0,0.3767761
2,0,1,0.7675569
2,0,0,0.48064357
2,1,1,0.64663905
2,0,0,0.41421092
2,1,1,0.64544874
2,1,1,0.7090888
2,1,1,0.70404595
2,1,1,0.7053974
2,0,1,0.63156784
2,0,0,0.46488377
2,0,0,0.3112689
2,0,0,0.47383097
2,1,1,0.80683744
2,1,0,0.4166891
2,0,0,0.25645164
2,0,0,0.24471284
2,0,0,0.17883152
2,0,1,0.58373445
2,1,0,0.26358154
2,1,1,0.55423504
2,1,0,0.4651055
2,1,1,0.54138356
2,0,1,0.7457636
2,0,0,0.45845497
2,0,0,0.32457426
2,1,0,0.48250782
2,1,1,0.795343
2,1,0,0.4588573
2,1,1,0.8973302
2,0,0,0.48256332
2,1,1,0.72583723
2,1,1,0.5622143
2,1,1,0.62139136
2,1,0,0.4767433
2,0,0,0.37721705
2,0,0,0.49928588
2,0,1,0.5714955
2,0,1,0.6497406
2,1,1,0.5316629
2,0,1,0.5217445
2,0,0,0.15733592
2,0,0,0.22331311
2,0,1,0.59405786
2,0,0,0.28886962
2,0,0,0.49288636
2,1,1,0.57864165
2,1,1,0.60184556
2,1,0,0.29844725
2,1,0,0.48902875
2,0,0,0.26033956
2,1,0,0.32904255
2,1,1,0.5906298
2,0,0,0.40806815
2,1,0,0.4480268
2,1,1,0.53279144
2,0,0,0.40055642
2,0,0,0.48777106
2,1,0,0.43603522
2,0,0,0.1425004
2,0,0,0.14550698
2,1,0,0.47942805
2,0,0,0.35417297
2,0,1,0.61342734
2,0,0,0.21108988
2,0,1,0.56804305
2,0,0,0.2310602
2,0,0,0.35413736
2,1,0,0.25913405
2,1,0,0.47021848
2,0,1,0.50762975
2,0,0,0.22605598
2,0,1,0.5327287
2,1,1,0.7705283
2,1,0,0.45467523
2,0,0,0.11441258
2,0,0,0.39050385
2,0,0,0.27536717
2,0,0,0.35518
2,1,1,0.75053257
2,1,0,0.4457714
2,0,0,0.33933336
2,0,0,0.43013492
2,0,1,0.714988
2,0,0,0.1707636
2,1,1,0.51257664
2,1,1,0.67865497
2,0,0,0.2028731
2,0,0,0.20674028
2,0,1,0.50176233
2,1,1,0.55524266
2,1,1,0.7875663
2,1,0,0.38885584
2,0,1,0.65580326
2,1,0,0.4901657
2,1,1,0.5912838
2,1,0,0.49866027
2,0,0,0.3803587
2,0,0,0.4174103
2,1,1,0.5445822
2,1,1,0.5203647
2,1,0,0.48399007
2,1,0,0.2861922
2,1,0,0.3690489
2,1,0,0.4207971
2,1,1,0.7067437
2,0,0,0.17257886
2,0,0,0.11413785
2,1,0,0.39664617
2,0,0,0.3186637
2,0,0,0.3404735
2,0,0,0.28633416
2,0,1,0.5055555
2,0,1,0.7132128
2,0,1,0.60753953
2,0,0,0.34258822
2,0,1,0.5366338
2,0,1,0.56286967
2,0,0,0.46051425
2,0,0,0.16102482
2,1,1,0.51109546
2,0,0,0.32605127
2,1,1,0.9070499
2,1,1,0.66597855
2,0,1,0.60944664
2,1,0,0.45534766
2,0,0,0.22110045
2,0,1,0.635692
2,0,0,0.20062721
2,1,1,0.6803183
2,0,0,0.4823407
2,1,1,0.5173514
2,0,1,0.5741704
2,0,1,0.63940567
2,0,1,0.54343116
2,1,1,0.62250006
2,1,1,0.8101502
2,1,1,0.6229283
2,1,0,0.32982835
2,0,0,0.3171465
2,0,1,0.6721206
2,1,1,0.65406233
2,0,1,0.62190515
2,0,1,0.7776668
2,1,1,0.5024573
2,1,1,0.6953937
2,0,0,0.14811304
2,1,1,0.58111906
2,0,0,0.46230382
2,1,0,0.2169667
2,0,1,0.55418664
2,0,1,0.68427265
2,1,0,0.4289643
2,1,0,0.45512015
2,1,0,0.4423648
2,1,1,0.64406425
2,0,1,0.5109913
2,0,1,0.8407164
2,1,1,0.58132344
2,1,1,0.6494819
2,0,0,0.30990693
2,1,0,0.38325664
2,0,1,0.5291457
2,0,0,0.22985199
2,0,0,0.17080699
2,0,1,0.7292799
2,0,0,0.09444889
2,1,0,0.4742932
2,0,1,0.5359579
2,1,1,0.74201375
2,1,1,0.68472075
2,0,0,0.36648297
2,0,0,0.42676285
2,0,1,0.6200349
2,1,0,0.48479396
2,0,1,0.54425067
2,0,0,0.44883403
2,0,0,0.46417114
2,0,0,0.43272865
2,0,0,0.27386877
2,0,1,0.7107595
2,1,0,0.46748644
2,1,0,0.4686206
2,0,1,0.5145521
2,0,1,0.6045706
2,1,1,0.6454107
2,1,1,0.6595361
2,0,0,0.19126724
2,1,1,0.81515604
2,1,0,0.3908409
2,1,1,0.9176073
2,1,1,0.6623161
2,0,0,0.26512423
2,1,0,0.4720928
2,0,0,0.24418929
2,0,0,0.37970072
2,0,1,0.5680828
2,1,1,0.6017774
2,1,1,0.63002366
2,0,0,0.15198317
2,0,0,0.36951688
2,0,0,0.36133748
2,1,1,0.79806226
2,1,1,0.53461343
2,0,0,0.35736316
2,1,1,0.6321953
2,0,0,0.41557673
2,1,1,0.5390651
2,0,0,0.45036104
2,1,1,0.56088436
2,0,1,0.6720973
2,0,0,0.47951257
2,0,0,0.31299254
2,1,0,0.4262656
2,0,1,0.8140473
2,1,1,0.7942874
2,1,0,0.39619824
2,0,0,0.40633607
2,0,0,0.17539471
2,0,0,0.41714528
2,1,1,0.76300395
2,1,1,0.6417219
2,1,0,0.46855167
2,0,0,0.056165174
2,0,0,0.4906945
2,0,0,0.47130913
2,1,0,0.3502149
2,0,0,0.2189602
2,1,1,0.9581256
2,1,1,0.6948774
2,0,1,0.59289926
2,0,1,0.6644606
2,1,1,0.564965
2,0,1,0.53558403
2,1,1,0.50449604
2,0,0,0.34680432
2,1,1,0.5721773
2,0,0,0.48603082
2,0,0,0.3878043
2,0,1,0.58974755
2,0,1,0.7072369
2,1,1,0.5121985
2,0,0,0.42568514
2,0,0,0.24740273
2,0,0,0.3360172
2,0,1,0.72457397
2,1,1,0.6167963
2,1,1,0.59880066
2,0,0,0.45527136
2,0,0,0.3317083
2,0,1,0.7081429
2,0,0,0.48400444
2,0,0,0.34924436
2,0,0,0.2092446
2,0,1,0.7437088
2,1,0,0.46335924
2,0,1,0.5484841
2,1,0,0.3598604
2,1,1,0.92264855
2,0,0,0.27096084
2,0,1,0.58263355
2,1,1,0.5525406
2,1,1,0.5620399
2,1,1,0.5937234
2,0,0,0.46391106
2,0,1,0.7732874
2,1,1,0.50460744
2,1,1,0.66113025
2,0,0,0.3808308
2,1,1,0.59606427
2,0,0,0.045419414
2,1,1,0.6925565
2,1,1,0.7322872
2,0,0,0.11954473
2,1,0,0.43574166
2,0,0,0.31378987
2,1,1,0.8349715
2,1,0,0.41873372
2,0,0,0.4460126
2,0,0,0.45708945
2,1,1,0.5237689
2,0,1,0.58505154
2,0,0,0.44259626
2,0,0,0.2604771
2,0,0,0.38379613
2,0,0,0.38842317
2,0,0,0.19552365
2,1,1,0.6088417
2,1,0,0.3053866
2,1,0,0.17266959
2,0,0,0.47856545
2,0,1,0.6726018
2,1,1,0.6124124
2,1,1,0.605087
2,1,1,0.6356544
2,0,0,0.18466908
2,0,1,0.57144487
2,0,0,0.3483627
2,1,1,0.8722754
2,0,1,0.51517206
2,0,1,0.6606759
2,1,1,0.6576548
2,1,1,0.63841295
2,0,1,0.6009567
2,1,1,0.69996154
2,1,1,0.85135233
2,1,1,0.71138877
2,0,1,0.5715656
2,0,0,0.2902703
2,0,1,0.61938727
2,0,0,0.35696974
2,1,1,0.63288295
2,0,1,0.6501162
2,0,0,0.2745779
2,0,0,0.42138484
2,0,0,0.4824576
2,0,1,0.680015
2,1,0,0.44256076
2,1,1,0.7893806
2,0,0,0.2799125
2,1,1,0.6681661
2,0,0,0.39810008
2,1,1,0.61372703
2,1,1,0.53170186
2,1,1,0.76435345
2,0,1,0.5944302
2,0,1,0.5761116
2,0,1,0.6825531
2,0,1,0.5266796
2,0,1,0.5536403
2,0,1,0.5648035
2,1,1,0.5460938
2,0,0,0.48202708
2,1,1,0.70353675
2,1,1,0.80975515
2,1,1,0.6773533
2,0,1,0.63025904
2,1,1,0.70411325
2,1,1,0.6569841
2,1,0,0.46951836
2,0,1,0.81907666
2,0,0,0.29271367
2,0,1,0.6142787
2,0,1,0.5421063
2,1,1,0.57881373
2,1,1,0.8254335
2,0,1,0.67010516
2,0,0,0.4459537
2,0,1,0.53325224
2,0,0,0.20836148
2,0,1,0.65776205
2,1,1,0.8811369
2,1,1,0.7820764
2,0,1,0.507901
2,0,0,0.44770676
2,0,1,0.62801665
2,1,1,0.5789039
2,1,1,0.8457092
2,1,1,0.56720203
2,0,0,0.2069233
2,0,1,0.51904154
2,0,1,0.50778246
2,1,1,0.82125866
2,0,0,0.36695048
2,1,0,0.22438379
2,1,0,0.29564095
2,0,0,0.39144716
2,1,0,0.34423968
2,0,0,0.36291286
2,0,0,0.2891538
2,0,0,0.13198753
2,0,0,0.45423234
2,1,1,0.668429
2,0,1,0.7353091
2,1,1,0.6572012
2,1,1,0.7185127
2,0,1,0.50934017
2,1,1,0.6000007
2,0,0,0.2960242
2,1,0,0.40630427
2,0,0,0.40089184
2,0,0,0.2674652
2,0,1,0.579953
2,0,0,0.47224125
2,1,1,0.87599885
2,0,1,0.5261511
2,1,0,0.33922264
2,1,1,0.6293181
2,1,1,0.6370852
2,0,1,0.6380158
2,0,1,0.5393281
2,1,1,0.76401407
2,0,0,0.40166166
2,1,0,0.2843784
2,0,0,0.16533206
2,0,1,0.6746948
2,0,0,0.32109424
2,0,0,0.45165578
2,1,1,0.87877595
2,0,0,0.19464849
2,1,1,0.6618256
2,1,0,0.43670774
2,0,0,0.46983877
2,1,0,0.4923753
2,0,0,0.39812005
2,1,1,0.71000403
2,1,1,0.7032835
2,1,1,0.6364236
2,0,1,0.6364746
2,1,1,0.6810164
2,1,1,0.63206
2,0,0,0.3574205
2,1,1,0.8724016
2,0,1,0.71966094
2,1,0,0.4373383
2,1,1,0.76144034
2,1,1,0.75250447
2,0,1,0.5929603
2,0,0,0.20872492
2,0,0,0.4071115
2,1,1,0.8736166
2,0,1,0.54802793
2,0,0,0.335407
2,0,0,0.2602623
2,1,1,0.621143
2,0,1,0.5948563
2,1,0,0.399197
2,0,0,0.2140937
2,0,0,0.39155075
2,1,1,0.6406348
2,1,0,0.31426913
2,1,0,0.3853243
2,0,0,0.30196008
2,1,1,0.78125626
2,0,0,0.32635316
2,1,0,0.48987138
2,0,0,0.38870028
2,1,0,0.3181467
2,0,0,0.43788636
2,1,1,0.70404917
2,1,1,0.5583562
2,0,1,0.91393447
2,1,0,0.3328327
2,0,1,0.74420255
2,1,1,0.6476684
2,0,0,0.35410827
2,1,1,0.6273167
2,0,0,0.19461165
2,0,0,0.40934867
2,1,1,0.55586493
2,1,0,0.41857812
2,0,1,0.61297745
2,1,1,0.93974614
2,0,0,0.23013775
2,1,1,0.7348236
2,1,1,0.5723126
2,0,1,0.5019092
2,0,0,0.3409606
2,1,1,0.6985075
2,1,1,0.6181009
2,1,1,0.5306404
2,1,1,0.6219056
2,1,1,0.85727
2,0,1,0.7403474
2,0,0,0.35662287
2,0,0,0.4282244
2,0,1,0.6655464
2,1,1,0.89034253
2,0,1,0.5364953
2,1,1,0.6395119
2,0,0,0.2489236
2,1,1,0.862592
2,0,0,0.21536727
2,1,1,0.86699754
2,0,1,0.63378346
2,1,1,0.8440571
2,0,1,0.61548513
2,0,1,0.67269737
2,0,0,0.35107514
2,0,1,0.9019131
2,0,1,0.5362971
2,0,0,0.37970975
2,0,0,0.32245865
2,0,0,0.15743364
2,0,1,0.6150182
2,1,1,0.82416236
2,1,1,0.70097655
2,0,0,0.49130058
2,1,1,0.79746485
2,1,1,0.81360644
2,1,1,0.6111982
2,0,1,0.546317
2,1,1,0.5040236
2,0,0,0.29910216
2,1,1,0.8300647
2,1,1,0.7550504
2,1,1,0.89150184
2,1,1,0.93471414
2,1,1,0.6746887
2,0,0,0.3580935
2,0,0,0.28458092
2,0,0,0.4771547
2,1,1,0.5899194
2,0,0,0.3558025
2,1,1,0.6410804
2,0,1,0.6094611
2,1,1,0.5342116
2,0,1,0.52641445
2,1,1,0.54440767
2,1,1,0.8873632
2,0,1,0.8019671
2,0,1,0.642054
2,0,0,0.43488565
2,0,0,0.31147122
2,1,0,0.4217162
2,0,0,0.27007872
2,1,1,0.7627204
2,0,1,0.6131614
2,1,0,0.3838903
2,1,1,0.51590014
2,0,1,0.6511603
2,0,0,0.29359344
2,1,1,0.7922649
2,1,1,0.8400247
2,0,0,0.47466385
2,0,1,0.7025548
2,0,1,0.55737877
2,1,1,0.6108383
2,1,1,0.52161556
2,1,1,0.77513576
2,0,1,0.6416542
2,1,1,0.6773334
2,1,0,0.18761006
2,0,0,0.116835475
2,0,1,0.50765383
2,0,1,0.6569723
2,0,0,0.46614796
2,0,0,0.25255412
2,0,0,0.4209761
2,0,0,0.082788326
2,0,0,0.2604743
2,0,1,0.50777596
2,1,1,0.56342125
2,1,0,0.4707156
2,1,1,0.70308745
2,1,1,0.59881264
2,1,0,0.47936258
2,1,1,0.7282478
2,1,0,0.19542076
2,1,1,0.5298053
2,1,1,0.6269176
2,1,1,0.65029085
2,0,0,0.45469582
2,0,0,0.437249
2,0,0,0.13948561
2,0,1,0.507382
2,0,0,0.24974787
2,0,1,0.79805064
2,0,1,0.6857279
2,1,1,0.6199553
2,1,1,0.52355504
2,1,1,0.5760001
2,0,0,0.32641453
2,0,0,0.23537025
2,0,0,0.15314569
2,0,0,0.4287746
2,0,0,0.11375758
2,1,1,0.6544205
2,1,1,0.504947
2,0,0,0.4395122
2,1,1,0.67635936
2,0,1,0.6268322
2,1,0,0.22305149
2,0,0,0.2298884
2,1,0,0.4951155
2,0,0,0.39597422
2,0,1,0.5897829
2,0,0,0.16693293
2,1,0,0.48274013
2,0,0,0.45808014
2,1,0,0.48014095
2,0,1,0.67768395
2,1,1,0.62498593
2,0,1,0.66631484
2,1,1,0.7472375
2,0,0,0.30303556
2,0,0,0.43739057
2,0,1,0.58025205
2,1,1,0.7658661
2,1,0,0.451279
2,1,0,0.23938392
2,0,0,0.43096966
2,0,0,0.3540578
2,0,0,0.23665021
2,0,0,0.13979234
2,1,1,0.631265
2,0,0,0.3574623
2,1,0,0.3409923
2,1,1,0.82007563
2,1,1,0.81338143
2,0,0,0.40402895
2,0,0,0.36632773
2,0,0,0.45495087
2,0,1,0.9017002
2,1,1,0.6323779
2,0,1,0.6449853
2,1,0,0.46954015
2,1,1,0.8237361
2,0,1,0.6791315
2,0,0,0.094951116
2,0,1,0.70786357
2,1,1,0.59856445
2,1,0,0.18438563
2,1,1,0.8915402
2,1,1,0.7140067
2,0,1,0.52998394
2,1,0,0.32033908
2,0,1,0.73733324
2,1,1,0.7123071
2,0,0,0.29408607
2,0,1,0.69014555
2,1,1,0.50092566
2,0,0,0.42965266
2,0,1,0.5567968
2,1,1,0.6416332
2,0,1,0.60566896
2,0,0,0.25008848
2,1,1,0.7603479
2,1,1,0.7185516
2,1,0,0.48694152
2,1,1,0.76503927
2,1,0,0.403441
2,0,1,0.51784676
2,0,0,0.44048917
2,1,1,0.9679249
2,1,0,0.39350384
2,1,1,0.7663126
2,1,1,0.52582526
2,0,0,0.3602929
2,1,1,0.5659219
2,0,0,0.47515523
2,0,0,0.4073538
2,1,1,0.72235435
2,1,1,0.74949133
2,1,0,0.41888115
2,1,1,0.70808357
2,1,1,0.82161623
2,0,1,0.64605767
2,0,1,0.60463995
2,1,1,0.64303464
2,1,1,0.76331645
2,0,1,0.565963
2,0,0,0.11089903
2,0,0,0.12605372
2,1,1,0.7159667
2,1,1,0.806783
2,1,1,0.89289856
2,1,1,0.6587344
2,1,1,0.8163028
2,1,1,0.80746114
2,1,1,0.7155106
2,0,0,0.39705178
2,1,1,0.7383619
2,0,1,0.5405531
2,0,0,0.18065372
2,0,0,0.47609016
2,0,0,0.48225963
2,0,0,0.39464945
2,0,1,0.5804587
2,0,0,0.16965812
2,0,1,0.8534175
2,1,1,0.5308528
2,0,0,0.25430563
2,0,0,0.41620618
2,1,0,0.31311435
2,1,1,0.60288864
2,0,0,0.27552828
2,1,1,0.6672202
2,0,0,0.38475809
2,1,1,0.7661005
2,1,1,0.5067272
2,1,1,0.8789115
2,1,0,0.42624652
2,1,0,0.449019
2,0,0,0.32933962
2,0,1,0.58592045
2,0,1,0.6081319
2,1,1,0.6509289
2,1,1,0.68204963
2,1,1,0.5273668
2,0,1,0.5612434
2,1,0,0.36944023
2,0,0,0.32180962
2,0,1,0.5522825
2,1,0,0.40537006
2,0,0,0.20384976
2,0,0,0.33193815
2,0,1,0.71176517
2,1,0,0.46714538
2,1,0,0.37227443
2,1,1,0.8206848
2,0,1,0.79518986
2,0,1,0.5304854
2,1,1,0.77500886
2,1,0,0.48894414
2,1,0,0.2609182
2,1,1,0.58826786
2,1,0,0.3975773
2,0,0,0.36686924
2,0,0,0.31548476
2,1,1,0.72348493
2,0,0,0.35554036
2,0,0,0.4811828
2,0,1,0.58310956
2,1,1,0.568799
2,0,1,0.63349706
2,1,1,0.67442375
2,1,0,0.45667204
2,1,0,0.45536527
2,0,0,0.45432192
2,0,0,0.4966136
2,0,1,0.51050067
2,1,0,0.31717557
2,1,0,0.3724532
2,1,0,0.32379636
2,0,0,0.04541124
2,0,1,0.571503
2,0,0,0.22827733
2,0,0,0.3650565
2,0,1,0.615773
2,1,0,0.34205824
2,1,1,0.8206848
2,0,1,0.79518986
2,1,1,0.90283227
2,0,0,0.47998175
2,1,1,0.80108225
2,0,0,0.3036174
2,1,1,0.5726345
2,1,1,0.7824925
2,0,0,0.26004803
2,0,0,0.30689797
2,1,0,0.4789252
2,0,1,0.5305414
2,1,1,0.7950796
2,0,1,0.711764
2,1,1,0.52360505
2,1,0,0.47250292
2,1,1,0.58909434
2,0,0,0.45717865
2,1,1,0.60328555
2,0,0,0.48542222
2,1,1,0.8032943
2,0,0,0.46762487
2,0,1,0.630904
2,0,1,0.6045262
2,0,1,0.78617924
2,1,1,0.85743904
2,1,1,0.8875062
2,0,0,0.25399455
2,1,1,0.59207076
2,1,1,0.6988748
2,0,0,0.32479343
2,1,1,0.665879
2,0,0,0.44483477
2,0,0,0.38679323
2,0,1,0.6957148
2,0,0,0.41000015
2,1,1,0.698152
2,0,0,0.29920796
2,0,1,0.5988055
2,1,1,0.589968
2,0,0,0.2632802
2,1,0,0.44335413
2,1,1,0.90572464
2,1,0,0.33174798
2,0,0,0.21334052
2,0,0,0.40807164
2,1,0,0.45487195
2,0,0,0.45096385
2,0,0,0.26457617
2,1,1,0.7578697
2,1,1,0.8036132
2,0,0,0.45598432
2,0,0,0.44607812
2,0,0,0.31503147
2,0,0,0.48512104
2,1,1,0.6061081
2,1,0,0.45083874
2,1,1,0.6481927
2,0,0,0.21426395
2,1,1,0.5958563
2,0,0,0.45971796
2,1,1,0.8096415
2,1,1,0.8063028
2,0,1,0.71762985
2,0,0,0.36630625
2,1,1,0.6761892
2,0,1,0.5326703
2,0,1,0.6174255
2,0,1,0.5477912
2,1,1,0.612738
2,0,1,0.71676135
2,1,0,0.47399634
2,0,1,0.50897294
2,1,1,0.5239321
2,0,0,0.4239817
2,0,1,0.7867372
2,1,1,0.55489165
2,1,1,0.86894554
2,0,1,0.5389625
2,1,0,0.4987385
2,1,1,0.5086016
2,0,0,0.29563978
2,0,0,0.30814573
2,0,0,0.47626993
2,1,1,0.5680082
2,0,0,0.3799386
2,0,0,0.3013167
2,1,1,0.5144521
2,1,1,0.5633602
2,1,1,0.6371466
2,0,0,0.08909625
2,1,0,0.49261576
2,1,1,0.5442234
2,1,1,0.6373935
2,1,1,0.74569285
2,0,0,0.31658345
2,0,0,0.45224097
2,0,1,0.5034411
2,0,1,0.73246324
2,0,1,0.8522758
2,1,1,0.6110029
2,1,0,0.49824744
2,0,0,0.46546406
2,1,0,0.37661594
2,0,1,0.65761167
2,0,1,0.56346935
2,1,1,0.63119054
2,1,1,0.7976252
2,0,1,0.83101505
2,0,0,0.46707278
2,1,1,0.62224054
2,0,0,0.19745119
2,0,0,0.4111351
2,1,0,0.25637296
2,0,1,0.65604836
2,0,1,0.5149825
2,1,1,0.60873014
2,1,1,0.7180598
2,0,1,0.5660229
2,0,1,0.5784714
2,1,1,0.5827006
2,1,1,0.7808554
2,1,0,0.24287911
2,1,1,0.8313634
2,1,1,0.86111796
2,0,1,0.5054984
2,0,0,0.40937507
2,1,1,0.6619974
2,1,0,0.35145473
2,1,1,0.5089031
2,0,0,0.48065057
2,0,1,0.5160262
2,1,0,0.4670472
2,0,1,0.63766444
2,1,1,0.76345897
2,1,1,0.6755669
2,0,0,0.28113753
2,0,1,0.55384374
2,0,1,0.5331634
2,0,1,0.7214072
2,0,1,0.5884609
2,1,1,0.87699443
2,1,1,0.6107996
2,1,1,0.6201972
2,0,1,0.50360924
2,0,0,0.26338333
2,1,1,0.67471015
2,0,1,0.590999
2,0,0,0.2070591
2,1,1,0.6729525
2,0,1,0.57681555
2,0,1,0.5291887
2,1,1,0.7967123
2,0,1,0.5835675
2,0,1,0.5670323
2,1,0,0.34310284
2,1,1,0.86382324
2,1,1,0.8555905
2,1,1,0.5046644
2,0,0,0.3698445
2,1,1,0.69159526
2,1,0,0.46557704
2,0,1,0.55770946
2,0,1,0.55252373
2,0,1,0.59110713
2,0,0,0.3227313
2,1,1,0.5125017
2,1,0,0.3455647
2,0,0,0.04225175
2,0,1,0.6991785
2,1,0,0.2276877
2,0,1,0.85295695
2,1,1,0.64686143
2,1,0,0.15015791
2,0,0,0.3783631
2,1,1,0.5972289
2,0,1,0.5514171
2,0,0,0.42813253
2,0,0,0.10317971
2,0,0,0.11253241
2,1,1,0.52703005
2,1,0,0.42976955
2,0,0,0.31028217
2,0,1,0.5232209
2,0,0,0.2271638
2,1,0,0.31650424
2,0,0,0.3402044
2,0,0,0.47815758
2,1,1,0.59970903
2,1,0,0.4310759
2,1,1,0.66942513
2,0,0,0.3796974
2,0,0,0.43729857
2,1,1,0.7641314
2,0,0,0.3325303
2,0,0,0.36962232
2,1,1,0.64122707
2,1,1,0.59930986
2,1,1,0.6391063
2,1,1,0.50285125
2,1,1,0.63454103
2,0,1,0.7176528
2,0,0,0.44032982
2,0,1,0.5187545
2,0,0,0.49027458
2,1,1,0.7041848
2,1,1,0.68871194
2,0,0,0.3943272
2,1,0,0.40498576
2,0,0,0.45800564
2,1,1,0.50825244
2,0,0,0.40515015
2,0,0,0.25396594
2,0,0,0.21650101
2,0,1,0.56101316
2,0,0,0.41545752
2,1,1,0.7385018
2,1,1,0.57309043
2,1,1,0.60011375
2,0,0,0.2612739
2,0,0,0.044672646
2,1,1,0.5473672
2,1,1,0.6062224
2,1,1,0.50716424
2,0,1,0.7237918
2,1,1,0.6522076
2,1,1,0.65907466
2,1,0,0.2067338
2,0,0,0.47387895
2,0,0,0.45391196
2,1,1,0.60278875
2,0,0,0.27665925
2,0,0,0.30793783
2,0,0,0.40708175
2,0,0,0.0872837
2,1,1,0.92595094
2,1,0,0.4188783
2,1,0,0.41726664
2,1,0,0.46933505
2,0,0,0.28512272
2,0,0,0.36890796
2,0,0,0.10608585
2,0,0,0.15949038
2,0,0,0.4004177
2,0,1,0.5272747
2,1,1,0.5446848
2,0,0,0.4317891
2,1,1,0.543957
2,0,1,0.5426976
2,0,0,0.42023447
2,1,1,0.9684146
2,1,1,0.61755276
2,0,0,0.26840946
2,1,1,0.54559684
2,0,0,0.1824499
2,1,1,0.7019839
2,0,0,0.10883955
2,1,1,0.5439036
2,0,0,0.3573641
2,0,1,0.89653796
2,0,1,0.65962887
2,1,1,0.58387977
2,0,0,0.2597295
2,0,0,0.38576114
2,0,1,0.52034885
2,1,0,0.469426
2,0,1,0.5459412
2,1,0,0.21170676
2,0,0,0.40933943
2,0,1,0.5832136
2,0,1,0.5906009
2,1,1,0.5947674
2,1,0,0.48880255
2,1,1,0.70935255
2,1,1,0.7498973
2,1,1,0.59622455
2,0,0,0.3609055
2,1,1,0.5559667
2,0,0,0.40602714
2,1,0,0.47001588
2,1,0,0.37881088
2,0,0,0.4765078
2,0,0,0.35755983
2,0,0,0.37549657
2,0,0,0.2645901
2,0,1,0.5044519
2,0,1,0.5149557
2,0,0,0.4663299
2,1,0,0.31307042
2,0,1,0.50505465
2,1,1,0.52634037
2,1,1,0.8635154
2,1,0,0.41488597
2,1,1,0.7880918
2,0,0,0.33052227
2,1,1,0.5105875
2,0,0,0.33759746
2,1,1,0.74762005
2,1,1,0.6850885
2,1,1,0.66850317
2,0,0,0.12390769
2,0,0,0.33764768
2,0,0,0.39971387
2,1,1,0.7469135
2,0,0,0.11485123
2,1,0,0.4635587
2,0,0,0.48709607
2,1,1,0.6724595
2,1,1,0.6062047
2,1,1,0.5769185
2,0,0,0.3379656
2,1,1,0.7887655
2,1,1,0.6503646
2,0,1,0.6017394
2,1,1,0.8364849
2,0,0,0.20502648
2,1,1,0.6078121
2,0,0,0.42051822
2,0,1,0.55484235
2,1,1,0.5476192
2,1,1,0.5518367
2,0,0,0.3646584
2,0,0,0.066205636
2,0,1,0.92073536
2,0,1,0.50996405
2,1,1,0.5706817
2,0,0,0.23912144
2,1,1,0.61052257
2,1,1,0.83577394
2,1,1,0.68297434
2,0,1,0.6430208
2,1,1,0.7422664
2,0,1,0.742424
2,1,1,0.7644794
2,1,1,0.76911896
2,0,0,0.28490973
2,0,1,0.75025344
2,1,1,0.5723812
2,1,1,0.8535802
2,1,1,0.7857627
2,0,0,0.3549383
2,0,1,0.61327267
2,0,0,0.36060524
2,0,1,0.55914444
2,1,1,0.6849475
2,0,0,0.48570788
2,0,0,0.41349328
2,1,1,0.79157823
2,0,0,0.17987747
2,0,1,0.5526285
2,1,1,0.65815234
2,0,0,0.46888995
2,1,1,0.656966
2,0,1,0.6111678
2,1,1,0.61139214
2,0,0,0.4183667
2,1,0,0.48495737
2,0,0,0.25104195
2,1,1,0.6535128
2,1,1,0.7552624
2,1,0,0.3044894
2,0,0,0.39974257
2,0,0,0.48200488
2,0,1,0.7270132
2,1,0,0.28052005
2,0,1,0.6396536
2,0,1,0.5201831
2,0,1,0.5760926
2,1,1,0.8398204
2,0,1,0.66432035
2,1,1,0.57032126
2,1,1,0.657588
2,1,0,0.4008843
2,0,0,0.47673416
2,0,1,0.5010074
2,0,0,0.49615985
2,1,1,0.8082058
2,1,1,0.55640113
2,1,1,0.506135
2,0,0,0.46548477
2,0,1,0.5721288
2,1,1,0.6133175
2,0,1,0.52293354
2,0,1,0.72570276
2,0,1,0.5628536
2,0,0,0.3252015
2,1,1,0.54114014
2,1,0,0.4669926
2,0,1,0.5696378
2,0,0,0.4919746
2,0,1,0.55448544
2,1,1,0.8190626
2,0,0,0.44154152
2,0,1,0.61421305
2,0,0,0.47790232
2,1,0,0.3977412
2,1,1,0.6080371
2,0,0,0.24278453
2,1,1,0.7913588
2,1,1,0.8297579
2,1,0,0.48726586
2,1,1,0.51042753
2,0,0,0.24261622
2,1,1,0.56057936
2,0,0,0.32438752
2,1,1,0.67862284
2,0,0,0.44924766
2,0,1,0.5788132
2,0,1,0.587706
2,1,1,0.811834
2,1,0,0.43010333
2,0,0,0.36308968
2,1,1,0.6684531
2,0,1,0.5046935
2,1,1,0.591884
2,1,0,0.37860137
2,0,1,0.5017349
2,1,1,0.6469765
2,1,1,0.90048224
2,1,1,0.77939284
2,1,1,0.8131964
2,0,0,0.4151458
2,0,0,0.28207636
2,1,1,0.86491585
2,1,1,0.6258589
2,1,1,0.6520752
2,1,0,0.32058343
2,0,0,0.4011593
2,1,1,0.5402974
2,0,1,0.7123033
2,0,0,0.28235278
2,1,0,0.31750977
2,0,1,0.56218296
2,0,1,0.6527428
2,1,1,0.68526095
2,0,1,0.8626584
2,0,0,0.46124494
2,1,0,0.4718842
2,1,1,0.6054551
2,1,1,0.65239406
2,0,0,0.30968317
2,1,1,0.6926278
2,0,0,0.280207
2,1,1,0.5280223
2,0,1,0.7966173
2,0,1,0.76071525
2,0,0,0.32991686
2,0,0,0.3791442
2,1,0,0.4959291
2,0,0,0.4526846
2,0,0,0.10211257
2,1,1,0.68664414
2,0,1,0.53856033
2,1,0,0.4872567
2,1,1,0.6685067
2,0,1,0.54316556
2,1,1,0.82314694
2,1,1,0.65870976
2,1,1,0.8232877
2,0,1,0.73361397
2,0,1,0.62852776
2,0,0,0.4856063
2,0,0,0.31921375
2,1,1,0.6891289
2,1,0,0.48977044
2,1,1,0.93012816
2,1,1,0.6680053
2,1,1,0.70514596
2,1,0,0.32642946
2,0,0,0.47751707
2,1,0,0.31053162
2,1,1,0.76565963
2,0,1,0.65560603
2,0,0,0.24029069
2,0,1,0.52120745
2,0,0,0.2374574
2,0,1,0.72119707
2,0,0,0.45488846
2,0,0,0.45628905
2,1,1,0.93489164
2,1,1,0.68872243
2,1,1,0.8529258
2,0,0,0.39043483
2,0,0,0.4788169
2,0,1,0.7533006
2,1,1,0.8231167
2,1,0,0.3415101
2,0,1,0.6179525
2,1,1,0.520911
2,1,0,0.44656613
2,0,1,0.662467
2,0,1,0.715443
2,0,1,0.73894924
2,0,1,0.56847394
2,1,1,0.7235846
2,0,0,0.33221725
2,0,1,0.63622165
2,1,0,0.29571232
2,1,1,0.5223602
2,0,0,0.49606103
2,1,1,0.55334824
2,0,0,0.25862774
2,1,1,0.5165331
2,1,0,0.49864775
2,0,0,0.40917802
2,1,0,0.46725553
2,0,0,0.49181598
2,0,0,0.36636525
2,0,1,0.54704034
2,1,0,0.22301129
2,0,0,0.41492665
2,0,0,0.122243375
2,1,1,0.8208792
2,1,0,0.4236658
2,1,0,0.4044684
2,1,1,0.6776044
2,1,1,0.70554525
2,1,0,0.26781622
2,1,1,0.7522991
2,0,0,0.21864484
2,1,0,0.4956766
2,0,1,0.6272856
2,1,0,0.24948175
2,1,0,0.11325567
2,0,0,0.37742573
2,1,0,0.47632408
2,0,1,0.6844938
2,0,0,0.29564694
2,0,0,0.18719347
2,0,1,0.5856424
2,1,1,0.6134772
2,1,1,0.54999083
2,0,0,0.17485951
2,0,0,0.14505209
2,0,0,0.3673911
2,0,1,0.60116255
2,0,1,0.68101656
2,0,0,0.458893
2,0,1,0.57841384
2,1,1,0.57302815
2,1,1,0.60885704
2,1,1,0.6160154
2,1,0,0.09523264
2,1,1,0.60909736
2,0,1,0.65418047
2,1,1,0.7340727
2,1,1,0.83400005
2,1,1,0.6705402
2,0,1,0.62656957
2,1,1,0.68863404
2,0,0,0.24901934
2,1,1,0.73484457
2,1,0,0.1877824
2,1,1,0.6488392
2,0,0,0.43280515
2,1,1,0.5808404
2,1,0,0.33575332
2,0,0,0.14250685
2,0,0,0.2404409
2,0,1,0.72572476
2,1,1,0.6304889
2,0,1,0.6260875
2,0,0,0.22010855
2,0,0,0.22054695
2,1,0,0.33487988
2,1,1,0.8583665
2,1,0,0.39230594
2,1,1,0.52032894
2,0,0,0.2042943
2,0,1,0.5539337
2,0,0,0.4495223
2,0,0,0.029782379
2,0,0,0.30578935
2,0,0,0.34454918
2,0,0,0.3393384
2,0,1,0.6992013
2,1,1,0.52195066
2,0,0,0.4371482
2,0,0,0.45462975
2,1,1,0.75704867
2,0,0,0.45150855
2,1,1,0.5075346
2,0,0,0.21210901
2,0,0,0.3710278
2,1,1,0.514926
2,1,0,0.286474
2,0,0,0.15965736
2,1,1,0.7789993
2,1,1,0.7712624
2,1,1,0.5948807
2,0,0,0.27515462
2,1,1,0.6350288
2,1,0,0.46646464
2,1,0,0.330664
2,0,1,0.63337326
2,0,0,0.4860661
2,0,1,0.6705137
2,1,0,0.48981732
2,1,1,0.738024
2,1,0,0.42095122
2,1,1,0.77525
2,0,1,0.53888124
2,0,1,0.71513194
2,0,0,0.35623842
2,1,0,0.36330268
2,0,0,0.34085026
2,0,1,0.59893715
2,1,1,0.8372381
2,0,0,0.47453845
2,1,1,0.58303887
2,0,0,0.41822878
2,0,1,0.5300139
2,1,0,0.31303868
2,0,0,0.3560016
2,1,1,0.5670989
2,1,1,0.5924992
2,1,1,0.5915548
2,0,0,0.30725107
2,0,1,0.6164367
2,0,1,0.5714796
2,0,1,0.8638063
2,1,1,0.7165669
2,0,0,0.47335058
2,1,1,0.8239449
2,1,1,0.8545967
2,1,1,0.6870558
2,0,1,0.9163319
2,0,0,0.17769301
2,0,1,0.6867829
2,0,0,0.24694508
2,1,1,0.9304911
2,0,1,0.50086886
2,1,1,0.7570942
2,1,1,0.624969
2,0,1,0.58337444
2,0,1,0.658179
2,0,1,0.6746219
2,1,1,0.8254078
2,1,0,0.4555176
2,0,0,0.25062773
2,0,0,0.46136895
2,0,0,0.35088113
2,0,1,0.5793472
2,1,1,0.59700966
2,0,1,0.60215145
2,1,1,0.6785573
2,1,1,0.8639497
2,1,1,0.64583135
2,0,0,0.35782796
2,1,1,0.67185116
2,1,1,0.6541296
2,0,0,0.2892024
2,0,0,0.38497764
2,0,1,0.66374785
2,0,1,0.6614566
2,1,1,0.64204264
2,0,0,0.2193549
2,1,1,0.8926559
2,1,1,0.6375605
2,0,1,0.5867888
2,0,1,0.61069334
2,1,1,0.9272385
2,1,0,0.4570962
2,1,1,0.80629086
2,1,0,0.48720205
2,0,0,0.24499947
2,1,1,0.566068
2,0,1,0.5054539
2,0,0,0.35777348
2,0,0,0.28493544
2,0,0,0.16051151
2,0,0,0.3432046
2,0,1,0.66944975
2,1,1,0.65490973
2,1,1,0.8029835
2,0,1,0.51877576
2,0,0,0.20416468
2,1,1,0.7251535
2,0,0,0.30132595
2,0,1,0.69683737
2,0,0,0.33615002
2,0,1,0.7416813
2,0,0,0.07697699
2,0,0,0.4840491
2,1,1,0.6155805
2,1,0,0.4666128
2,1,1,0.797633
2,1,1,0.6453823
2,0,1,0.5397031
2,0,1,0.74406546
2,0,0,0.28974593
2,1,1,0.60754746
2,0,0,0.4673806
2,1,0,0.46724766
2,0,1,0.7196409
2,0,1,0.56720984
2,1,1,0.5189432
2,0,0,0.29605
2,1,1,0.86224675
2,0,1,0.5590028
2,0,0,0.47488096
2,0,0,0.49566323
2,1,0,0.3588142
2,0,1,0.5642605
2,1,1,0.7872611
2,0,0,0.28109843
2,1,0,0.39463094
2,1,0,0.46431044
2,0,0,0.24784178
2,1,1,0.57305115
2,1,0,0.38057604
2,0,0,0.15016012
2,1,0,0.20393732
2,0,0,0.38109502
2,1,0,0.43204448
2,0,0,0.10383963
2,0,0,0.30907798
2,0,0,0.24557702
2,1,1,0.52167296
2,1,1,0.518952
2,1,0,0.17834318
2,0,0,0.3955875
2,0,0,0.11689179
2,1,1,0.63392997
2,0,0,0.056782875
2,1,1,0.66375303
2,0,0,0.42835376
2,1,0,0.35899964
2,0,1,0.59657043
2,0,0,0.23486781
2,1,0,0.40850878
2,0,0,0.15553069
2,1,0,0.31141174
2,0,0,0.13930842
2,0,0,0.11292184
2,0,0,0.2538761
2,0,0,0.20214117
2,0,0,0.23507762
2,1,0,0.33717042
2,1,1,0.70116824
2,0,1,0.6431145
2,0,0,0.40572697
2,0,0,0.1839575
2,0,0,0.45258337
2,0,0,0.29587388
2,1,1,0.5015082
2,1,1,0.7023846
2,1,0,0.46811724
2,1,0,0.2639572
2,0,0,0.18190725
2,0,0,0.1987868
2,0,0,0.42744502
2,0,0,0.24844109
2,0,1,0.50521064
2,1,0,0.3768959
2,1,0,0.40749362
2,1,1,0.505433
2,0,1,0.6369306
2,0,1,0.5140346
2,1,1,0.9192847
2,0,1,0.80130994
2,0,0,0.40127575
2,1,0,0.28583378
2,1,0,0.34005338
2,0,0,0.39787948
2,0,0,0.13386384
2,0,0,0.040130574
2,0,0,0.29807112
2,1,1,0.5747892
2,0,0,0.4822811
2,1,0,0.30935487
2,1,0,0.48317182
2,0,1,0.59563553
2,1,1,0.80854845
2,0,1,0.7023808
2,0,1,0.6759419
2,1,1,0.5305773
2,1,1,0.7495519
2,1,0,0.44549513
2,0,0,0.3708671
2,0,0,0.34356782
2,1,0,0.4661269
2,1,1,0.5371467
2,0,0,0.37332854
2,0,0,0.22621027
2,1,0,0.42858425
2,0,1,0.6793932
2,0,0,0.19683072
2,1,1,0.8510727
2,0,0,0.3794947
2,1,1,0.81607157
2,1,1,0.6289293
2,0,0,0.33937442
2,0,0,0.1983546
2,1,1,0.7267478
2,0,1,0.6124092
2,1,1,0.6665801
2,0,1,0.6643102
2,0,0,0.41134116
2,0,0,0.45864242
2,0,1,0.5707543
2,0,1,0.57211435
2,0,0,0.21493295
2,0,0,0.3568735
2,0,0,0.4692517
2,1,1,0.6987712
2,1,0,0.4504168
2,1,1,0.6177935
2,1,1,0.71001303
2,0,0,0.44170734
2,1,0,0.41628185
2,0,0,0.40240058
2,1,1,0.7454893
2,1,1,0.9334553
2,0,1,0.673085
2,1,1,0.51292753
2,1,1,0.5150107
2,1,1,0.7411249
2,1,1,0.5079336
2,1,1,0.92043996
2,0,1,0.6716504
2,1,1,0.7432043
2,1,1,0.7007074
2,1,0,0.39709386
2,0,1,0.64622706
2,1,0,0.3699912
2,0,0,0.26673457
2,0,1,0.65258956
2,1,1,0.7731318
2,0,0,0.35627195
2,0,0,0.27977684
2,1,1,0.59756076
2,0,0,0.23793954
2,1,1,0.6129891
2,1,1,0.85305715
2,1,1,0.67659515
2,0,1,0.6426034
2,1,1,0.8315092
2,1,1,0.7581678
2,1,1,0.60218215
2,1,1,0.50793326
2,1,1,0.7433085
2,0,1,0.6691086
2,0,0,0.11633549
2,0,0,0.1975779
2,0,1,0.6613214
2,0,0,0.26677218
2,1,0,0.19745508
2,1,0,0.3995768
2,0,1,0.8145485
2,1,1,0.7053437
2,0,0,0.22561161
2,0,1,0.6746803
2,1,1,0.905697
2,1,1,0.6487115
2,1,0,0.4554496
2,0,0,0.452835
2,0,1,0.6239223
2,0,0,0.39016083
2,0,0,0.38963008
2,0,0,0.17314363
2,1,0,0.44588742
2,0,0,0.1704162
2,1,0,0.4939425
2,0,0,0.20535941
2,1,1,0.5437462
2,1,1,0.7536838
2,0,0,0.4387397
2,1,1,0.70027745
2,1,1,0.54763955
2,1,1,0.70733184
2,0,0,0.21849644
2,0,1,0.6572572
2,1,1,0.67387074
2,0,1,0.6147225
2,1,1,0.65721816
2,1,0,0.4519624
2,1,1,0.6118739
2,1,1,0.6951516
2,0,0,0.088568844
2,0,0,0.21118212
2,1,0,0.46596423
2,0,1,0.60847414
2,0,0,0.37349513
2,0,0,0.15173802
2,1,1,0.8945448
2,0,0,0.2902333
2,0,0,0.4757972
2,0,0,0.24489847
2,1,1,0.6616383
2,0,0,0.43583432
2,1,1,0.7283344
2,1,0,0.31360883
2,0,0,0.43301907
2,0,0,0.09303616
2,1,1,0.6464173
2,1,1,0.8601628
2,0,0,0.32011843
2,0,0,0.47172722
2,1,0,0.35071427
2,0,0,0.26041174
2,0,0,0.36702082
2,1,0,0.47123405
2,0,0,0.46917388
2,1,1,0.5962891
2,0,1,0.6955811
2,1,1,0.57835853
2,1,1,0.6423206
2,1,1,0.92586875
2,1,1,0.78473306
2,1,1,0.72064656
2,1,0,0.29025602
2,0,1,0.7483927
2,1,1,0.7077065
2,0,0,0.33021134
2,0,1,0.7539057
2,1,1,0.5742766
2,1,1,0.6018423
2,1,1,0.59587467
2,0,0,0.3712084
2,0,1,0.5286143
2,0,0,0.23173177
2,1,1,0.81506854
2,0,1,0.5066816
2,1,1,0.58608013
2,0,0,0.21054558
2,1,1,0.5558894
2,1,0,0.45222095
2,0,1,0.82616514
2,0,1,0.5057472
2,1,1,0.61292404
2,0,0,0.17351946
2,1,1,0.79667044
2,0,0,0.41896722
2,0,0,0.31120318
2,1,1,0.7675006
2,1,1,0.5376088
2,0,1,0.5734197
2,1,1,0.62990004
2,0,1,0.57289964
2,1,1,0.5042142
2,0,0,0.36213985
2,0,0,0.20823072
2,0,0,0.35292673
2,0,0,0.103131644
2,1,1,0.53781635
2,1,1,0.8351299
2,0,1,0.6795545
2,0,1,0.68326235
2,1,1,0.8948065
2,1,1,0.7651607
2,1,1,0.71764284
2,0,0,0.47217685
2,1,1,0.7420651
2,0,1,0.7499105
2,1,0,0.20112634
2,0,0,0.4122501
2,1,1,0.68357146
2,1,1,0.5201617
2,1,1,0.8671696
2,1,0,0.3410172
2,1,0,0.30508253
2,0,0,0.15808772
2,0,1,0.53166175
2,0,1,0.67379093
2,0,1,0.68467253
2,0,0,0.3634877
2,1,0,0.452836
2,0,1,0.6896911
2,1,0,0.40044364
2,1,1,0.57702214
2,0,0,0.43982452
2,0,0,0.29635784
2,1,0,0.43074733
2,0,0,0.2860378
2,0,1,0.61406505
2,1,1,0.73805046
2,1,1,0.5837681
2,1,1,0.5171323
2,1,1,0.65199953
2,1,1,0.641267
2,0,1,0.58464736
2,1,1,0.6899632
2,1,0,0.2340913
2,0,1,0.604766
2,1,0,0.4838436
2,0,0,0.45147267
2,0,0,0.3673736
2,0,1,0.56937927
2,0,1,0.6767066
2,0,0,0.068341196
2,1,1,0.5020819
2,0,0,0.2397199
2,1,1,0.6976746
2,0,0,0.28920516
2,1,1,0.9171994
2,0,0,0.1603262
2,1,0,0.48131788
2,0,0,0.404629
2,1,0,0.47438344
2,1,0,0.4232589
2,0,0,0.39497852
2,0,0,0.35058412
2,0,0,0.41134837
2,0,0,0.33005622
2,1,1,0.7324323
2,1,1,0.5893261
2,1,1,0.6038247
2,0,0,0.23796535
2,1,1,0.5146459
2,0,0,0.3159212
2,1,1,0.58136636
2,0,0,0.4131371
2,0,0,0.29127353
2,0,0,0.45135745
2,0,0,0.37675408
2,1,0,0.20763634
2,0,1,0.55424184
2,1,1,0.51633346
2,1,1,0.86745864
2,1,1,0.56706876
2,1,0,0.49325228
2,1,1,0.6526509
2,0,1,0.6783449
2,1,0,0.42218986
2,1,1,0.5802648
2,0,0,0.35597154
2,1,1,0.76409614
2,0,1,0.82678014
2,0,0,0.40938818
2,0,0,0.44585192
2,1,0,0.4846007
2,0,0,0.37673706
2,1,1,0.71709526
2,1,1,0.7784369
2,1,1,0.6725028
2,0,1,0.7741408
2,1,1,0.7357525
2,0,0,0.17481667
2,1,0,0.45171255
2,0,0,0.41428265
2,1,0,0.31204134
2,0,0,0.3176134
2,0,0,0.28782457
2,1,1,0.8539905
2,0,0,0.22467604
2,0,1,0.6133356
2,1,0,0.30227876
2,1,0,0.407967
2,0,1,0.81792575
2,0,1,0.53957176
2,1,0,0.23456495
2,1,1,0.892777
2,1,1,0.7506193
2,0,1,0.6305573
2,1,1,0.7295091
2,0,1,0.82269436
2,1,1,0.82574064
2,0,1,0.6728041
2,0,0,0.3738714
2,0,1,0.66765845
2,1,1,0.759501
2,0,0,0.35596204
2,1,1,0.78119624
2,1,1,0.6442718
2,0,1,0.6464273
2,0,0,0.10444927
2,1,1,0.7782728
2,1,0,0.37585133
2,1,1,0.6722377
2,0,0,0.33372065
2,1,1,0.6556582
2,0,1,0.66051424
2,1,1,0.6766267
2,0,0,0.41670665
2,1,1,0.63197714
2,1,1,0.55912566
2,1,1,0.61629283
2,0,0,0.47772047
2,0,0,0.44010198
2,0,0,0.4688253
2,1,1,0.80972815
2,0,0,0.24267282
2,0,0,0.41142285
2,0,0,0.48981637
2,0,1,0.5826205
2,1,1,0.8176203
2,0,0,0.25103453
2,1,0,0.4609147
2,1,1,0.7417024
2,0,0,0.27510977
2,1,1,0.6565299
2,1,1,0.85230315
2,0,0,0.39949214
2,1,0,0.34985104
2,0,0,0.33093417
2,0,0,0.34924823
2,0,0,0.4850814
2,0,0,0.27740282
2,1,0,0.09549097
2,0,0,0.2994549
2,1,1,0.66857094
2,0,0,0.32451406
2,1,1,0.7621857
2,0,1,0.67559135
2,1,1,0.6364736
2,1,0,0.43919957
2,1,1,0.7161455
2,1,0,0.3613076
2,1,1,0.61403364
2,0,1,0.5549048
2,0,1,0.5355412
2,1,1,0.7046672
2,1,0,0.46294317
2,1,1,0.7740783
2,1,1,0.80634797
2,1,1,0.6636199
2,0,1,0.9057231
2,0,0,0.21699575
2,0,1,0.8056356
2,1,1,0.6419548
2,0,0,0.4392112
2,1,1,0.5226801
2,1,1,0.90151393
2,1,1,0.74341506
2,1,1,0.75113904
2,1,0,0.4219088
2,0,0,0.31317046
2,0,1,0.6956778
2,1,1,0.8164098
2,1,1,0.59542036
2,0,1,0.6698224
2,1,1,0.69951993
2,0,0,0.49714285
2,0,1,0.6891185
2,0,1,0.5091092
2,0,0,0.23799402
2,1,1,0.80182624
2,0,0,0.36496434
2,0,0,0.368946
2,1,1,0.6957724
2,1,0,0.3276654
2,0,0,0.24355726
2,0,0,0.31795013
2,1,0,0.21357183
2,0,0,0.46475756
2,0,0,0.43059918
2,1,1,0.9329579
2,1,1,0.8052346
2,1,1,0.729302
2,0,0,0.36210448
2,0,1,0.71377254
2,1,1,0.84823465
2,1,1,0.8702159
2,0,1,0.5029021
2,1,1,0.7326417
2,0,0,0.21815501
2,0,1,0.59270966
2,0,1,0.7985389
2,0,1,0.69388425
2,1,1,0.8734625
2,0,0,0.45283642
2,1,1,0.78536886
2,1,1,0.8116563
2,0,0,0.22042646
2,1,1,0.72820044
2,0,1,0.5303267
2,0,0,0.369856
2,1,1,0.5727393
2,0,1,0.5272023
2,0,0,0.12737858
2,1,1,0.8277761
2,1,1,0.70456254
2,1,1,0.72067314
2,1,1,0.7471767
2,1,1,0.54330045
2,1,1,0.7159777
2,1,0,0.48921558
2,1,1,0.6720233
2,0,1,0.5671277
2,0,1,0.66777796
2,1,1,0.78150725
2,1,1,0.61623627
2,0,1,0.8089689
2,0,1,0.7090686
2,1,1,0.73262435
2,1,1,0.51879996
2,1,1,0.8086944
2,0,0,0.44668382
2,1,1,0.9676404
2,0,1,0.7684952
2,1,0,0.41147408
2,0,1,0.7761601
2,1,1,0.784909
2,0,0,0.45380685
2,1,1,0.5529267
2,0,0,0.42595237
2,0,0,0.406321
2,0,0,0.46219242
2,1,1,0.9334772
2,0,0,0.1742723
2,0,0,0.380605
2,1,0,0.33728525
2,1,1,0.7943221
2,1,1,0.9121409
2,0,1,0.5644139
2,1,0,0.17756854
2,1,1,0.6525808
2,1,1,0.8240626
2,1,0,0.3059089
2,1,0,0.29909575
2,1,1,0.50803053
2,0,0,0.098713286
2,0,0,0.18600821
2,0,0,0.47287342
2,1,0,0.39868665
2,0,1,0.8262147
2,0,1,0.59470564
2,1,0,0.4278103
2,0,0,0.18642157
2,1,0,0.36542332
2,0,0,0.24206764
2,1,0,0.45225695
2,1,0,0.38893327
2,1,1,0.71758497
2,0,0,0.11598396
2,0,0,0.12817976
2,0,0,0.2405223
2,1,1,0.5360177
2,1,0,0.40963867
2,1,1,0.6856874
2,1,0,0.13322887
2,0,0,0.30159882
2,1,0,0.14008163
2,0,1,0.62979597
2,0,0,0.31497738
2,1,1,0.6227819
2,1,1,0.68401164
2,1,1,0.855802
2,0,0,0.30145338
2,0,1,0.58709556
2,0,0,0.33196804
2,1,0,0.34509847
2,0,0,0.41585308
2,0,0,0.41954553
2,1,1,0.6386607
2,0,0,0.2592541
2,0,0,0.09999803
2,0,1,0.5308158
2,1,1,0.6045579
2,0,0,0.1972108
2,0,0,0.49584115
2,0,1,0.52752113
2,1,0,0.2510861
2,1,0,0.19245097
2,0,0,0.1787898
2,0,0,0.3378748
2,0,0,0.3237501
2,1,1,0.8584928
2,1,0,0.430339
2,1,1,0.687331
2,1,1,0.5728151
2,0,0,0.23494738
2,0,0,0.2744883
2,1,1,0.83320713
2,0,1,0.60887384
2,1,0,0.20847483
2,1,0,0.4011601
2,1,0,0.48843688
2,0,1,0.6571665
2,0,1,0.626556
2,0,0,0.20262404
2,0,0,0.3801916
2,1,0,0.43717077
2,0,1,0.7321042
2,0,1,0.68973976
2,0,1,0.5181702
2,0,0,0.48064542
2,0,0,0.44145152
2,0,0,0.35046253
2,1,1,0.9126622
2,0,0,0.392767
2,0,1,0.60666233
2,1,1,0.54633623
2,1,0,0.36583656
2,1,0,0.3205056
2,1,1,0.50863975
2,1,1,0.5416121
2,1,1,0.63165706
2,0,0,0.34771127
2,0,1,0.5846455
2,1,0,0.4747063
2,0,1,0.5393198
2,0,1,0.61480564
2,1,0,0.41653508
2,0,0,0.28485447
2,1,1,0.78853846
2,1,1,0.5169777
2,0,0,0.28774408
2,1,1,0.81486845
2,0,0,0.48895937
2,1,1,0.7436514
2,0,0,0.38500455
2,0,1,0.62124336
2,0,0,0.3600558
2,1,1,0.7816109
2,0,0,0.4725002
2,1,1,0.78277177
2,0,1,0.7523574
2,1,0,0.43674427
2,1,1,0.8890468
2,1,1,0.64609677
2,1,1,0.6949428
2,0,0,0.4641223
2,0,0,0.45737308
2,1,1,0.7555376
2,0,1,0.513353
2,1,1,0.50476885
2,0,0,0.2757701
2,0,1,0.8709689
2,1,0,0.38063315
2,0,0,0.22712429
2,0,1,0.55491817
2,0,0,0.23778015
2,1,1,0.83489496
2,0,1,0.55678385
2,1,1,0.58457506
2,0,1,0.5033909
2,0,0,0.22333646
2,1,0,0.30164745
2,0,0,0.29834285
2,0,0,0.49039862
2,0,0,0.3984163
2,1,0,0.19405636
2,1,1,0.7916247
2,0,0,0.36913058
2,1,1,0.745935
2,0,0,0.48433805
2,1,1,0.51005954
2,0,0,0.114914164
2,1,1,0.56437075
2,1,1,0.539179
2,1,1,0.5912075
2,0,1,0.5416121
2,0,0,0.3628098
2,0,1,0.5846455
2,1,0,0.4747063
2,0,1,0.5393198
2,0,1,0.61480564
2,0,0,0.41653508
2,0,0,0.28485447
2,1,1,0.7261624
2,0,0,0.42248252
2,1,1,0.660769
2,1,1,0.72334194
2,1,1,0.5291084
2,0,0,0.32112277
2,1,0,0.27407932
2,1,1,0.683853
2,0,0,0.36933723
2,0,0,0.30849564
2,1,1,0.64872676
2,0,0,0.18458973
2,1,1,0.81331956
2,1,1,0.5847396
2,0,0,0.43265045
2,1,0,0.11053504
2,1,0,0.32881677
2,0,0,0.067454174
2,0,0,0.22479032
2,0,0,0.2797325
2,1,1,0.50179136
2,0,0,0.36826643
2,1,1,0.58954173
2,0,0,0.26918516
2,0,0,0.42484495
2,0,0,0.41999388
2,0,1,0.5487494
2,0,0,0.33646888
2,1,1,0.54643047
2,0,1,0.84102154
2,1,1,0.7966941
2,0,0,0.30021092
2,1,1,0.6524312
2,0,1,0.5236745
2,1,1,0.7898626
2,1,1,0.5479124
2,1,0,0.47338524
2,0,0,0.45590612
2,0,1,0.68908006
2,0,1,0.5295297
2,0,1,0.77870685
2,1,0,0.46977705
2,0,0,0.09108324
2,0,1,0.7875097
2,1,1,0.78225994
2,1,1,0.84022105
2,1,1,0.86772186
2,0,1,0.5226399
2,1,1,0.88314235
2,0,1,0.6392134
2,0,0,0.49232233
2,0,0,0.38073123
2,0,0,0.44457644
2,1,1,0.9249912
2,1,1,0.808399
2,0,0,0.35553348
2,1,1,0.71182734
2,0,0,0.25657913
2,0,0,0.4465581
2,1,0,0.41577902
2,1,1,0.5848576
2,0,1,0.55319077
2,1,1,0.5898247
2,0,0,0.48033908
2,1,1,0.57388884
2,0,1,0.52400804
2,0,1,0.53754765
2,1,1,0.6882494
2,0,1,0.5157613
2,0,0,0.2082881
2,1,1,0.5987387
2,0,0,0.34278664
2,0,0,0.26816288
2,1,0,0.31856623
2,1,1,0.61082095
2,0,0,0.32224506
2,0,0,0.46399316
2,1,1,0.81823593
2,0,0,0.44411138
2,1,1,0.5416043
2,0,0,0.46406966
2,0,0,0.40181768
2,1,1,0.5895068
2,0,1,0.5812311
2,1,0,0.34726822
2,1,1,0.6794399
2,1,0,0.3326727
2,0,0,0.27822515
2,1,1,0.723799
2,0,0,0.40129948
2,0,0,0.17400196
2,0,0,0.21942279
2,0,0,0.40924868
2,0,0,0.19118722
2,1,0,0.27851444
2,0,0,0.36114606
2,0,0,0.34216523
2,0,0,0.41475156
2,1,1,0.6477146
2,1,1,0.6298032
2,0,0,0.16862643
2,0,0,0.41413277
2,0,0,0.20756666
2,0,0,0.19360402
2,1,1,0.55070925
2,0,0,0.22405668
2,0,0,0.4145174
2,0,0,0.2024944
2,1,0,0.33096406
2,0,0,0.3697999
2,1,0,0.20195936
2,0,0,0.19906951
2,0,0,0.38502046
2,1,1,0.71758276
2,0,1,0.55072856
2,1,1,0.7207375
2,1,1,0.90475035
2,1,1,0.6304978
2,1,1,0.52259797
2,1,1,0.6883919
2,0,1,0.7846853
2,0,0,0.28488576
2,1,0,0.19851749
2,0,0,0.36867422
2,0,0,0.26546744
2,0,0,0.20298246
2,1,0,0.35943174
2,1,0,0.34389678
2,0,1,0.55992746
2,1,0,0.3499033
2,1,1,0.5322954
2,1,1,0.88074684
2,1,1,0.51778597
2,0,1,0.81756026
2,0,0,0.42091733
2,1,1,0.63701427
2,0,0,0.48604146
2,1,0,0.43441036
2,0,0,0.4455855
2,0,1,0.64557976
2,1,1,0.67248595
2,0,0,0.43510583
2,0,1,0.5090841
2,0,0,0.19398643
2,1,1,0.5217507
2,1,1,0.72774243
2,1,1,0.5334862
2,1,1,0.7592653
2,1,0,0.3069865
2,1,0,0.45305204
2,0,0,0.18921326
2,0,0,0.4265722
2,0,0,0.22261423
2,0,1,0.88638306
2,0,0,0.4621058
2,0,1,0.6325279
2,0,0,0.43873775
2,1,1,0.63247865
2,0,0,0.37384492
2,1,1,0.51956594
2,1,0,0.20653988
2,1,0,0.4196876
2,0,1,0.5814383
2,1,1,0.7792753
2,1,1,0.5861189
2,0,0,0.24101402
2,0,1,0.78226304
2,1,1,0.64849055
2,0,1,0.777036
2,1,0,0.19644614
2,0,0,0.18781188
2,0,0,0.43465546
2,0,0,0.41808927
2,0,0,0.12398635
2,1,1,0.6111248
2,0,0,0.43577144
2,1,1,0.56579316
2,1,1,0.6438261
2,0,1,0.6111991
2,1,1,0.6445715
2,1,0,0.48524693
2,0,0,0.45938855
2,0,0,0.36255273
2,0,1,0.6862372
2,1,1,0.86782163
2,1,1,0.7034738
2,1,1,0.6112227
2,1,1,0.6073444
2,0,0,0.4279048
2,0,1,0.5995434
2,1,0,0.19265026
2,0,1,0.6465784
2,1,1,0.53950304
2,0,1,0.65828055
2,0,0,0.3229305
2,1,1,0.81581974
2,0,0,0.25661343
2,1,0,0.49385527
2,0,0,0.37700066
2,0,0,0.14203398
2,0,0,0.39997104
2,1,1,0.74630624
2,0,0,0.15690488
2,1,0,0.369676
2,1,1,0.6683199
2,1,1,0.74044204
2,1,1,0.69603264
2,0,0,0.16268055
2,0,0,0.06089147
2,0,0,0.11166994
2,1,1,0.5575618
2,0,0,0.09512193
2,1,1,0.919292
2,1,1,0.6492422
2,0,0,0.30690837
2,0,0,0.38964364
2,0,0,0.24774723
2,1,0,0.29550886
2,1,1,0.5075882
2,0,0,0.34711206
2,0,0,0.34061855
2,1,1,0.5729496
2,0,0,0.37693062
2,1,1,0.5456541
2,0,1,0.58992046
2,1,1,0.9505817
2,0,1,0.6874323
2,0,1,0.629119
2,1,1,0.5832368
2,0,0,0.41043818
2,0,0,0.39129084
2,1,1,0.7322966
2,1,0,0.38467202
2,1,1,0.90289277
2,0,0,0.32511085
2,1,1,0.6061779
2,0,1,0.65972674
2,0,1,0.52739924
2,1,0,0.44463173
2,0,1,0.67439264
2,1,1,0.65462655
2,0,0,0.30111074
2,0,0,0.3820059
2,0,1,0.9155328
2,1,0,0.33851448
2,0,0,0.2400721
2,1,0,0.39587465
2,0,0,0.3312616
2,0,0,0.2413151
2,0,0,0.24078901
2,1,1,0.6075824
2,0,1,0.6077566
2,1,1,0.5597442
2,1,0,0.33517137
2,1,1,0.8682907
2,0,1,0.632215
2,1,1,0.70611584
2,0,0,0.3249127
2,1,1,0.52003276
2,1,1,0.5081061
2,1,0,0.27871332
2,0,1,0.5328802
2,0,1,0.70811236
2,1,1,0.6099275
2,0,1,0.7218978
2,0,1,0.54394656
2,0,0,0.27735466
2,0,0,0.31097555
2,1,1,0.8584928
2,1,0,0.430339
2,1,1,0.687331
2,1,1,0.5728151
2,0,0,0.23494738
2,0,0,0.2744883
2,1,1,0.83320713
2,0,1,0.60887384
2,1,0,0.20847483
2,1,0,0.4011601
2,1,0,0.48843688
2,0,0,0.44756943
2,0,1,0.5684018
2,0,0,0.17278154
2,0,0,0.20262404
2,0,0,0.3801916
2,1,0,0.43717077
2,0,1,0.7321042
2,0,1,0.68973976
2,0,1,0.5181702
2,0,0,0.48064542
2,1,0,0.44145152
2,0,0,0.35046253
2,1,1,0.7164295
2,0,0,0.3245486
2,1,1,0.7520887
2,0,1,0.6770658
2,0,0,0.48546252
2,0,1,0.58671737
2,0,0,0.23754227
2,1,1,0.73486567
2,0,0,0.4992246
2,1,0,0.48951694
2,1,0,0.495707
2,1,1,0.5092543
2,1,1,0.610367
2,0,0,0.18970221
2,1,1,0.7847287
2,1,1,0.5715537
2,1,1,0.89074284
2,0,0,0.27200833
2,1,1,0.91873777
2,0,0,0.16689286
2,1,1,0.50581765
2,0,0,0.3208108
2,0,1,0.85475296
2,0,1,0.53418404
2,1,1,0.55442256
2,1,1,0.7287085
2,0,0,0.37213972
2,1,1,0.7931231
2,0,1,0.51830125
2,1,1,0.7363307
2,1,1,0.6465397
2,0,0,0.1748888
2,0,1,0.63408977
2,1,1,0.5550909
2,1,1,0.5382002
2,1,1,0.6032388
2,0,1,0.6618983
2,0,0,0.37638757
2,0,0,0.38742703
2,1,1,0.70986396
2,0,1,0.600483
2,1,1,0.6565299
2,1,1,0.85230315
2,0,0,0.39949214
2,1,0,0.34985104
2,0,0,0.33093417
2,0,0,0.34924823
2,0,0,0.4850814
2,0,0,0.27740282
2,1,0,0.09549097
2,0,0,0.2994549
2,1,1,0.66857094
2,0,0,0.32451406
2,1,1,0.6552104
2,1,0,0.4116917
2,0,0,0.34442195
2,1,0,0.17700124
2,0,0,0.44746944
2,1,0,0.4574954
2,0,0,0.2988881
2,0,0,0.07235433
2,0,1,0.5994568
2,1,0,0.477035
2,1,1,0.70271087
2,1,0,0.4227837
2,1,1,0.7229498
2,1,1,0.7276782
2,0,0,0.35860533
2,0,0,0.09477699
2,1,1,0.9333736
2,0,0,0.132982
2,0,0,0.19626565
2,0,0,0.36956328
2,0,0,0.38582933
2,0,0,0.38568538
2,0,1,0.5260842
2,1,1,0.5059016
2,0,1,0.6970159
2,0,0,0.35311586
2,1,1,0.88034356
2,1,0,0.08663584
2,0,1,0.6066375
2,1,1,0.84858996
2,0,0,0.4444032
2,1,1,0.64308983
2,1,0,0.3655834
2,0,0,0.4238884
2,0,0,0.2270005
2,1,0,0.2776125
2,0,0,0.29298502
2,0,0,0.41835278
2,0,0,0.29584917
2,1,0,0.2299753
2,0,0,0.32178408
2,0,0,0.17972502
2,0,0,0.2953111
2,0,0,0.31956816
2,1,1,0.7626053
2,0,0,0.09138997
2,1,0,0.28111452
2,0,0,0.40305775
2,1,1,0.9220928
2,0,1,0.6892517
2,0,0,0.25877148
2,1,1,0.5878834
2,1,0,0.38036564
2,1,0,0.27796736
2,0,1,0.6180015
2,0,1,0.6137669
2,0,1,0.5633671
2,1,1,0.5551328
2,1,1,0.73901737
2,0,1,0.51592076
2,1,1,0.8837135
2,1,0,0.48772445
2,0,0,0.29956558
2,1,1,0.54790235
2,0,0,0.10327818
2,0,0,0.4880516
2,0,0,0.2981464
2,1,1,0.8410557
2,0,0,0.3512649
2,0,0,0.3471843
2,1,1,0.8419059
2,1,1,0.7208978
2,1,1,0.53158647
2,0,0,0.45714092
2,0,1,0.53935605
2,0,0,0.29540682
2,0,0,0.14758083
2,1,1,0.88212943
2,1,1,0.7365186
2,0,1,0.6648866
2,0,0,0.41921967
2,1,0,0.42819998
2,0,0,0.48224413
2,0,0,0.4197234
2,0,0,0.25523487
2,0,1,0.5088527
2,1,1,0.6090643
2,1,1,0.6163279
2,0,1,0.86335933
2,0,0,0.41659316
2,0,1,0.58607244
2,0,1,0.5727946
2,1,0,0.3107506
2,1,0,0.31610233
2,1,1,0.52253526
2,1,1,0.5995748
2,1,1,0.79543275
2,1,1,0.62702084
2,1,0,0.2114536
2,1,1,0.72055715
2,1,0,0.20839635
2,1,0,0.299045
2,1,0,0.088263966
2,0,0,0.2216384
2,1,1,0.744904
2,0,1,0.6451633
2,0,1,0.58607244
2,0,0,0.3107506
2,0,0,0.31610233
2,0,1,0.68622005
2,0,1,0.760318
2,0,0,0.23073553
2,0,0,0.32149792
2,0,0,0.30568323
2,0,0,0.34227434
2,0,1,0.8110232
2,1,0,0.33965707
2,1,1,0.67533153
2,1,1,0.53197986
2,0,1,0.75436455
2,0,0,0.42723638
2,0,0,0.2539025
2,0,1,0.54931235
2,1,1,0.6431731
2,1,1,0.68696624
2,1,1,0.7317177
2,1,1,0.8160906
2,1,1,0.6131473
2,1,1,0.71976686
2,0,1,0.5582538
2,1,1,0.69952005
2,0,0,0.17152852
2,0,0,0.43981493
2,1,1,0.72055715
2,0,0,0.20839635
2,0,0,0.299045
2,0,0,0.088263966
2,0,0,0.2216384
2,1,1,0.744904
2,1,1,0.777466
2,1,1,0.7945998
2,0,1,0.628416
2,0,0,0.15795279
2,0,1,0.53701204
2,0,1,0.5480756
2,1,1,0.83489573
2,0,0,0.29764357
2,0,0,0.40558892
2,0,1,0.54951364
2,0,1,0.7628056
2,0,1,0.7496479
2,0,1,0.5969049
2,0,0,0.1298073
2,0,0,0.19717675
2,1,0,0.45904493
2,0,0,0.11919701
2,1,1,0.5621451
2,0,1,0.61419505
2,0,0,0.21882086
2,1,0,0.4163494
2,0,0,0.35421553
2,0,0,0.36939692
2,0,0,0.20732763
2,0,0,0.3661792
2,0,0,0.07708204
2,0,0,0.33324176
2,1,0,0.4353413
2,0,0,0.123159476
2,0,0,0.47648227
2,1,1,0.5544664
2,0,0,0.48699987
2,0,1,0.5125831
2,0,0,0.28727302
2,0,0,0.27588236
2,0,1,0.57594
2,1,0,0.25600025
2,0,0,0.08961139
2,0,0,0.45578936
2,1,0,0.23124199
2,1,1,0.5511026
2,1,1,0.54427236
2,0,0,0.12989089
2,0,0,0.3052728
2,1,1,0.6685244
2,0,0,0.37878835
2,1,1,0.7609935
2,1,0,0.2251904
2,0,0,0.099696286
2,1,1,0.5816748
2,1,1,0.6703339
2,1,1,0.6612588
2,1,1,0.6767634
2,0,0,0.32763508
2,1,0,0.46278283
2,0,0,0.13693433
2,1,1,0.62033206
2,0,1,0.8389137
2,1,0,0.42069253
2,1,0,0.10256875
2,0,0,0.41361946
2,0,1,0.64858353
2,0,0,0.35426345
2,0,0,0.20006438
2,0,0,0.48884797
2,0,1,0.5289004
2,0,1,0.6023425
2,0,0,0.37044698
2,0,0,0.21912122
2,0,0,0.094769545
2,0,1,0.6118697
2,0,0,0.35114408
2,1,0,0.23591584
2,1,1,0.76928145
2,0,0,0.28359127
2,1,0,0.4371654
2,0,0,0.25128275
2,0,0,0.4807654
2,0,0,0.403259
2,1,1,0.50799537
2,0,1,0.5141662
2,1,1,0.6311075
2,0,0,0.19572112
2,0,0,0.33341634
2,0,0,0.18304518
2,1,1,0.6979746
2,0,0,0.35782072
2,0,0,0.33955443
2,0,0,0.12743662
2,0,0,0.49677214
2,1,0,0.4368745
2,0,0,0.09684322
2,1,0,0.25728634
2,0,1,0.5992885
2,0,0,0.49781325
2,0,1,0.5160643
2,0,0,0.24656858
2,0,0,0.09002336
2,0,0,0.1761949
2,0,0,0.10309379
2,1,0,0.3897585
2,1,1,0.6333104
2,0,0,0.13518092
2,1,1,0.58224493
2,1,1,0.7442766
2,1,0,0.3593771
2,0,0,0.17801546
2,1,1,0.51298255
2,0,1,0.5871115
2,0,0,0.11072576
2,1,0,0.41060805
2,0,0,0.104191154
2,1,1,0.64105
2,0,0,0.28262037
2,0,0,0.2332294
2,0,0,0.09796676
2,0,0,0.25346687
2,0,0,0.40948755
2,0,0,0.046806075
2,0,0,0.12237854
2,1,1,0.6603007
2,1,0,0.3747835
2,0,0,0.49698207
2,0,0,0.056759592
2,1,1,0.59776115
2,0,0,0.33348295
2,1,1,0.70581675
2,1,0,0.4959071
2,1,1,0.68294525
2,0,0,0.3886318
2,1,1,0.59223866
2,0,0,0.095955044
2,1,1,0.5330554
2,1,0,0.41129118
2,1,0,0.47618195
2,1,1,0.7297792
2,0,0,0.098935425
2,1,0,0.43658075
2,0,1,0.56016415
2,0,0,0.45124635
2,0,0,0.38242656
2,1,0,0.3889508
2,1,0,0.46380275
2,0,0,0.123431675
2,0,0,0.12750882
2,0,0,0.08102621
2,0,0,0.27719715
2,1,1,0.5812423
2,0,1,0.58410627
2,1,0,0.476976
2,0,0,0.4380751
2,0,1,0.7385827
2,0,0,0.14348815
2,0,0,0.32808167
2,0,0,0.42864588
2,1,1,0.6641475
2,1,0,0.3946828
2,1,1,0.6390467
2,1,1,0.5336541
2,0,0,0.25702056
2,0,0,0.23747152
2,1,1,0.50410926
2,0,0,0.12410515
2,0,0,0.14957206
2,1,1,0.6083956
2,0,0,0.31494373
2,0,0,0.3425372
2,0,0,0.08729946
2,0,0,0.06740102
2,0,1,0.51102424
2,1,0,0.42050537
2,1,0,0.4564623
2,1,1,0.6677634
2,1,0,0.45904493
2,0,0,0.12096267
2,0,0,0.10541549
2,0,0,0.24977502
2,1,1,0.66033936
2,0,0,0.13506207
2,1,0,0.18394892
2,0,1,0.6361035
2,0,0,0.1723511
2,0,0,0.17683794
2,1,0,0.3113844
2,1,1,0.50415224
2,0,0,0.27408564
2,0,0,0.43224084
2,1,0,0.36405215
2,1,1,0.65362674
2,0,1,0.5841252
2,0,1,0.7194916
2,0,0,0.22596511
2,0,0,0.14126194
2,0,0,0.19087322
2,1,1,0.5603855
2,0,0,0.11890941
2,1,0,0.2994413
2,0,0,0.34287843
2,0,0,0.1725032
2,1,0,0.15786399
2,0,0,0.4668999
2,0,0,0.3715841
2,0,0,0.1939558
2,0,0,0.35826993
2,0,0,0.22810449
2,0,0,0.2444392
2,1,1,0.5377121
2,0,1,0.5798863
2,0,0,0.3504715
2,1,1,0.5996249
2,1,1,0.53666216
2,0,0,0.18232296
2,1,1,0.71267295
2,0,0,0.15470451
2,0,0,0.4275709
2,0,0,0.22606114
2,0,0,0.109550826
2,1,1,0.5753067
2,0,0,0.13888246
2,1,1,0.84762
2,0,0,0.1686767
2,1,1,0.83959216
2,0,0,0.1364374
2,0,0,0.34477088
2,0,0,0.1817245
2,1,0,0.47476593
2,1,1,0.64466906
2,0,0,0.31399298
2,0,0,0.44694352
2,0,0,0.34893706
2,0,1,0.5459708
2,1,1,0.6157632
2,1,0,0.43946737
2,0,0,0.19424862
2,0,0,0.30247545
2,1,0,0.19506596
2,1,1,0.7833472
2,1,0,0.37119678
2,1,0,0.2977437
2,1,1,0.7765499
2,1,1,0.7123371
2,1,0,0.47886133
2,0,0,0.18756993
2,1,1,0.5341633
2,1,0,0.271884
2,1,1,0.8137427
2,0,0,0.14524384
2,0,1,0.5843776
2,0,0,0.23965576
2,1,0,0.27945894
2,0,0,0.3541322
2,1,1,0.7137135
2,0,0,0.48972994
2,0,0,0.37266922
2,0,1,0.8224558
2,0,1,0.666608
2,0,1,0.8186212
2,0,0,0.3553866
2,1,0,0.44209746
2,0,1,0.50155705
2,1,1,0.73508835
2,1,1,0.8363998
2,0,1,0.6170475
2,0,0,0.18404475
2,0,0,0.30756515
2,1,1,0.69042873
2,0,1,0.740345
2,1,1,0.7784953
2,0,1,0.5361326
2,0,0,0.45908704
2,1,0,0.36993888
2,0,0,0.3905071
2,0,0,0.37854597
2,0,0,0.49321255
2,1,1,0.7334127
2,1,1,0.6059294
2,0,0,0.36740404
2,1,0,0.3630819
2,0,0,0.3406001
2,0,1,0.60063964
2,0,0,0.15433313
2,0,0,0.14610542
2,0,0,0.32599148
2,1,0,0.26667973
2,0,1,0.8509951
2,1,1,0.533753
2,0,1,0.80973643
2,1,1,0.8052761
2,1,1,0.7793925
2,0,0,0.21516632
2,0,0,0.24748375
2,0,0,0.18451622
2,0,0,0.30367383
2,0,0,0.06422733
2,0,0,0.13667352
2,0,1,0.6544335
2,0,0,0.19887188
2,0,1,0.73358387
2,0,1,0.52739084
2,1,0,0.31469402
2,1,0,0.48338237
2,0,1,0.5922475
2,0,0,0.099460565
2,1,1,0.785102
2,1,0,0.27883413
2,0,0,0.2089388
2,0,0,0.23491158
2,1,1,0.59956187
2,0,0,0.39681524
2,1,1,0.6177708
2,1,0,0.45628148
2,0,0,0.110712446
2,1,0,0.46425954
2,1,1,0.7889131
2,1,1,0.64840835
2,1,1,0.7563076
2,0,1,0.6031514
2,1,1,0.7360472
2,1,1,0.50831336
2,1,1,0.58868235
2,1,0,0.45240572
2,1,0,0.41318983
2,0,0,0.2930727
2,0,1,0.647606
2,1,1,0.8328302
2,0,0,0.19437265
2,1,1,0.72464985
2,0,0,0.4130889
2,0,0,0.29488456
2,1,1,0.50017834
2,1,0,0.48758012
2,1,0,0.23738739
2,0,1,0.5281568
2,1,1,0.781722
2,0,0,0.26638782
2,1,1,0.7214836
2,0,0,0.36865586
2,0,0,0.49492332
2,1,1,0.67358476
2,1,1,0.614094
2,1,0,0.3736022
2,0,0,0.16506946
2,0,1,0.6009326
2,0,1,0.52334476
2,1,1,0.8569571
2,0,1,0.6124014
2,0,0,0.49472722
2,0,0,0.27394184
2,0,0,0.088412814
2,1,1,0.7134671
2,0,0,0.13067949
2,1,0,0.3436111
2,0,0,0.38929346
2,0,1,0.74079925
2,1,1,0.7750929
2,1,1,0.69963104
2,0,0,0.19987482
2,1,0,0.45566913
2,0,0,0.4191523
2,0,1,0.5157657
2,0,0,0.13631414
2,1,1,0.60863864
2,1,0,0.41295996
2,0,0,0.10428077
2,0,0,0.20932774
2,1,0,0.305501
2,0,0,0.40157664
2,1,1,0.78877234
2,0,0,0.2393079
2,1,1,0.68743086
2,0,0,0.47658274
2,1,0,0.32248795
2,0,0,0.10346994
2,0,0,0.16426073
2,0,0,0.38077244
2,1,0,0.4441848
2,1,1,0.8790679
2,1,1,0.5450321
2,0,0,0.1281798
2,0,0,0.45668057
2,1,1,0.6805387
2,0,0,0.09805279
2,0,1,0.6854228
2,1,1,0.6275529
2,0,0,0.2595934
2,1,1,0.89170974
2,0,0,0.47787556
2,0,1,0.6743571
2,1,0,0.37650752
2,0,1,0.76490873
2,0,1,0.6605016
2,0,0,0.33011064
2,1,1,0.84321344
2,1,1,0.681688
2,0,1,0.56831914
2,0,1,0.61241746
2,1,1,0.84652054
2,1,1,0.7162272
2,1,1,0.7843259
2,1,1,0.71282226
2,1,1,0.51686656
2,1,1,0.8276157
2,0,1,0.5255514
2,1,1,0.63051426
2,1,1,0.8939448
2,1,1,0.7547778
2,0,1,0.7234089
2,0,1,0.740416
2,0,0,0.40265688
2,0,0,0.40044847
2,0,1,0.58236897
2,1,1,0.65275973
2,0,0,0.4931723
2,0,1,0.54425794
2,0,1,0.57217145
2,1,1,0.68837994
2,1,1,0.63495535
2,0,1,0.54191345
2,0,0,0.47052032
2,0,1,0.8785439
2,1,1,0.54330045
2,0,1,0.5943173
2,1,1,0.73832405
2,0,1,0.532357
2,1,1,0.8435104
2,1,1,0.76615214
2,0,0,0.20732088
2,1,1,0.68905467
2,0,0,0.24737655
2,0,0,0.1367261
2,0,1,0.7565025
2,1,1,0.61186624
2,0,1,0.71818197
2,1,1,0.731138
2,0,0,0.4810677
2,1,1,0.7023846
2,1,0,0.46811724
2,1,0,0.2639572
2,0,0,0.18190725
2,0,0,0.1987868
2,0,0,0.42744502
2,0,0,0.24844109
2,0,1,0.50521064
2,1,0,0.3768959
2,1,0,0.40749362
2,1,1,0.505433
2,0,1,0.6369306
2,0,1,0.5140346
2,1,1,0.73042077
2,1,1,0.5481798
2,1,0,0.36388916
2,0,0,0.25526884
2,0,0,0.30208078
2,1,1,0.5825747
2,1,1,0.64539254
2,1,0,0.37323096
2,1,0,0.46420383
2,0,0,0.49772415
2,0,1,0.5372375
2,0,0,0.37874934
2,0,0,0.43641862
2,0,0,0.4495454
2,1,1,0.59100205
2,0,0,0.32383338
2,0,1,0.5464454
2,0,0,0.11404601
2,1,1,0.7631735
2,0,1,0.54552114
2,0,1,0.6152155
2,0,0,0.30207664
2,0,0,0.16201487
2,0,0,0.4530782
2,1,1,0.5010938
2,0,0,0.3763592
2,1,0,0.36287042
2,1,1,0.597035
2,0,0,0.2109784
2,1,0,0.13414955
2,1,1,0.6522005
2,1,0,0.39867675
2,1,0,0.4851496
2,0,0,0.1890998
2,1,1,0.51095843
2,1,1,0.5688792
2,1,0,0.28399134
2,0,0,0.33487016
2,0,0,0.2630733
2,1,1,0.83114403
2,0,1,0.6831897
2,0,0,0.47017008
2,1,1,0.5457909
2,0,0,0.32233122
2,1,0,0.15979773
2,0,1,0.54776305
2,0,0,0.18800363
2,0,0,0.3306145
2,0,0,0.390087
2,1,0,0.1480069
2,0,0,0.4742577
2,0,0,0.470022
2,1,1,0.5342817
2,1,1,0.5187204
2,0,0,0.41444036
2,0,0,0.32216027
2,0,0,0.21645534
2,1,1,0.6060064
2,1,0,0.4531738
2,1,1,0.6714281
2,0,0,0.085234836
2,0,0,0.26000357
2,0,0,0.17773373
2,0,1,0.92884403
2,0,1,0.68340254
2,1,1,0.6651126
2,1,0,0.42741802
2,1,1,0.87850094
2,0,0,0.46873355
2,1,1,0.67705256
2,0,0,0.1302076
2,1,0,0.40632883
2,0,1,0.6198746
2,0,1,0.7103489
2,0,0,0.4777124
2,1,1,0.8754167
2,0,0,0.40435234
2,1,1,0.69951236
2,1,0,0.43788975
2,1,1,0.5697342
2,0,0,0.21209696
2,0,1,0.63552034
2,1,1,0.80483216
2,1,1,0.7542234
2,0,0,0.4590798
2,1,1,0.8660206
2,0,0,0.36532095
2,0,0,0.43863133
2,1,0,0.41037813
2,1,1,0.5096843
2,1,1,0.6523305
2,1,1,0.6826902
2,0,1,0.5651787
2,0,0,0.32503986
2,0,1,0.6957342
2,1,1,0.69692355
2,0,0,0.4420345
2,0,0,0.39177456
2,0,0,0.30361706
2,1,1,0.8985128
2,1,0,0.46370563
2,1,1,0.7354124
2,0,0,0.31815907
2,0,1,0.68026793
2,0,0,0.17913261
2,1,1,0.66863954
2,1,0,0.4477807
2,0,0,0.14900164
2,1,1,0.6567643
2,0,1,0.59190136
2,1,1,0.67853594
2,0,0,0.36339977
2,0,0,0.33085206
2,1,0,0.4428265
2,0,1,0.6097222
2,0,1,0.5689939
2,1,1,0.7892602
2,1,1,0.57649523
2,1,1,0.63176596
2,0,1,0.50029653
2,0,1,0.53643274
2,1,0,0.49843058
2,0,0,0.4221741
2,0,1,0.7106549
2,1,1,0.9127965
2,0,1,0.60373586
2,1,1,0.71159285
2,1,0,0.47813445
2,0,1,0.77586836
2,0,0,0.031014267
2,0,1,0.62577534
2,1,0,0.4526678
2,0,1,0.54699177
2,0,1,0.7745825
2,1,1,0.6910497
2,0,1,0.6222092
2,0,0,0.27955717
2,1,1,0.51201767
2,1,1,0.58834726
2,0,0,0.3770488
2,1,1,0.54027444
2,1,0,0.49772948
2,0,0,0.38263544
2,1,1,0.5810981
2,1,1,0.6307652
2,1,0,0.49955228
2,1,1,0.7903231
2,1,0,0.4336581
2,0,0,0.44920215
2,1,0,0.2956653
2,0,0,0.19849132
2,0,0,0.14389426
2,0,0,0.17540139
2,1,1,0.50413954
2,1,0,0.33296174
2,1,1,0.6112255
2,0,0,0.3061605
2,0,1,0.69479346
2,1,1,0.8023854
2,0,0,0.47139624
2,1,0,0.41825673
2,0,0,0.072232045
2,0,0,0.105395935
2,1,0,0.45518303
2,0,0,0.4948288
2,0,1,0.6107735
2,1,1,0.74809325
2,0,0,0.12581027
2,0,0,0.42827657
2,1,0,0.30337214
2,1,0,0.40114993
2,1,1,0.55793357
2,0,0,0.25932622
2,1,0,0.47642148
2,0,0,0.26757717
2,0,0,0.2608878
2,1,1,0.57234895
2,0,0,0.23341152
2,0,0,0.43619645
2,1,1,0.5140968
2,1,0,0.48937806
2,0,0,0.4183529
2,0,0,0.41750237
2,0,0,0.3385431
2,0,0,0.23555805
2,0,0,0.41816074
2,0,1,0.5353766
2,0,1,0.69483393
2,1,0,0.3976202
2,1,1,0.7654039
2,1,0,0.4982638
2,0,0,0.19990194
2,1,1,0.8497988
2,1,0,0.42164847
2,0,0,0.31711343
2,1,0,0.40854082
2,1,0,0.42283762
2,1,0,0.18245794
2,0,0,0.44857827
2,1,1,0.6688868
2,0,1,0.63136214
2,1,1,0.5324892
2,0,0,0.30897382
2,0,0,0.4413722
2,0,0,0.33388108
2,0,0,0.15064399
2,1,1,0.906255
2,1,0,0.43998742
2,0,0,0.4776467
2,0,0,0.2751649
2,1,1,0.58256614
2,1,0,0.25634006
2,1,1,0.5638684
2,0,0,0.26760182
2,0,0,0.39207193
2,0,0,0.45757633
2,0,0,0.4299716
2,1,1,0.7304676
2,1,1,0.6133557
2,0,0,0.19271575
2,1,1,0.74367976
2,0,0,0.1300642
2,1,0,0.46310765
2,1,1,0.6265257
2,0,1,0.5439497
2,0,0,0.45722717
2,1,0,0.45333314
2,1,0,0.35778734
2,0,0,0.15971144
2,1,1,0.8326445
2,1,0,0.36089602
2,0,0,0.25592583
2,0,0,0.26458892
2,0,0,0.2343422
2,1,0,0.43441555
2,0,0,0.30317527
2,1,0,0.31434828
2,0,1,0.51427734
2,0,0,0.33501872
2,0,0,0.36155954
2,0,0,0.09022683
2,1,1,0.7519402
2,0,0,0.3312512
2,1,0,0.4372712
2,0,0,0.27208877
2,1,1,0.5015377
2,0,0,0.21877725
2,0,1,0.540355
2,1,1,0.6270659
2,1,1,0.9459464
2,1,1,0.8460386
2,0,0,0.47768578
2,1,1,0.67609197
2,1,0,0.497904
2,0,0,0.16608001
2,0,1,0.7115219
2,0,1,0.7555928
2,0,0,0.24052931
2,0,0,0.20872438
2,1,1,0.8711871
2,0,0,0.33911735
2,0,0,0.25902066
2,1,1,0.5996359
2,0,0,0.2520378
2,0,1,0.5519416
2,0,0,0.3877183
2,0,0,0.46144533
2,0,1,0.66948336
2,0,0,0.3960968
2,1,0,0.45070574
2,1,1,0.6841797
2,1,1,0.74827576
2,0,0,0.21925414
2,0,0,0.22928436
2,0,0,0.44568464
2,1,1,0.7300776
2,1,1,0.613463
2,1,0,0.45653957
2,1,1,0.7861737
2,1,1,0.5026537
2,0,0,0.44386667
2,0,1,0.5124838
2,0,1,0.57235223
2,1,1,0.63675666
2,0,1,0.64339465
2,0,0,0.46784505
2,0,1,0.5319208
2,1,0,0.48106027
2,1,1,0.8437246
2,0,0,0.42035228
2,1,1,0.65634274
2,1,1,0.6046633
2,0,0,0.45097873
2,1,0,0.4774764
2,0,0,0.30480617
2,1,1,0.7411389
2,1,0,0.42227072
2,1,1,0.7836024
2,0,1,0.58441585
2,1,0,0.29525772
2,1,1,0.62184083
2,0,1,0.5121898
2,0,1,0.508732
2,0,1,0.6694291
2,0,1,0.5096931
2,0,1,0.5631798
2,0,0,0.43558064
2,1,1,0.8256433
2,0,0,0.43265012
2,1,1,0.60554343
2,0,0,0.48985264
2,1,1,0.61777866
2,1,0,0.30581057
2,1,1,0.7452098
2,0,1,0.5544159
2,0,1,0.6951025
2,0,0,0.25430778
2,1,1,0.68636805
2,0,1,0.7372325
2,0,0,0.32400325
2,1,1,0.86745864
2,1,1,0.56706876
2,1,0,0.49325228
2,1,1,0.6526509
2,0,1,0.6783449
2,1,0,0.42218986
2,1,1,0.5802648
2,0,0,0.35597154
2,1,1,0.76409614
2,0,1,0.82678014
2,0,0,0.40938818
2,0,0,0.44585192
2,1,0,0.4846007
2,0,0,0.37673706
2,1,1,0.71709526
2,1,1,0.9171994
2,0,0,0.1603262
2,1,0,0.48131788
2,0,0,0.404629
2,1,0,0.47438344
2,1,0,0.4232589
2,0,0,0.39497852
2,0,0,0.35058412
2,0,0,0.41134837
2,0,0,0.15826009
2,1,1,0.7324323
2,1,1,0.8384825
2,1,0,0.48403642
2,1,1,0.6419615
2,1,0,0.47264406
2,0,1,0.5103433
2,0,0,0.36298364
2,0,1,0.5914241
2,1,1,0.5577543
2,1,1,0.70051634
2,1,1,0.6152333
2,0,0,0.39147535
2,1,1,0.57448924
2,0,0,0.41769674
2,1,1,0.83991545
2,1,0,0.3953118
2,0,0,0.28232566
2,1,0,0.34728596
2,1,0,0.29149416
2,0,0,0.3256862
2,0,0,0.28053778
2,1,1,0.6695189
2,1,1,0.7013253
2,0,1,0.584964
2,0,0,0.33019024
2,1,1,0.8582622
2,0,0,0.43070227
2,0,1,0.5052852
2,1,1,0.705415
2,0,0,0.27430958
2,0,0,0.2504572
2,1,0,0.2123506
2,0,1,0.5196912
2,1,0,0.49004534
2,1,1,0.7737116
2,1,0,0.45109528
2,1,1,0.65437984
2,0,1,0.70705914
2,1,1,0.77698284
2,0,1,0.5455623
2,1,0,0.4902843
2,1,0,0.36423674
2,0,1,0.7904167
2,0,0,0.24741296
2,1,1,0.57057816
2,0,0,0.49116728
2,0,0,0.09124836
2,1,1,0.5814843
2,1,1,0.7054545
2,0,0,0.39436224
2,0,1,0.5475056
2,0,1,0.6003315
2,1,1,0.913364
2,0,0,0.4209334
2,1,0,0.4277796
2,1,1,0.610956
2,0,1,0.54816294
2,0,0,0.18436524
2,0,0,0.18377542
2,0,0,0.19109651
2,0,0,0.28337887
2,0,0,0.28868333
2,0,0,0.2745548
2,1,1,0.82576126
2,1,1,0.5125257
2,1,0,0.3858856
2,0,0,0.42141163
2,1,1,0.5384835
2,1,1,0.8948065
2,1,1,0.7651607
2,1,1,0.71764284
2,0,0,0.47217685
2,1,1,0.7420651
2,0,1,0.7499105
2,1,0,0.20112634
2,0,0,0.4122501
2,1,1,0.68357146
2,1,1,0.5201617
2,1,1,0.73394895
2,1,0,0.30471265
2,1,1,0.59570235
2,0,1,0.7081154
2,1,0,0.4504168
2,1,1,0.57518333
2,0,0,0.22663721
2,0,0,0.37561807
2,0,0,0.38669842
2,1,1,0.5970559
2,0,0,0.19759494
2,1,1,0.71001303
2,0,0,0.44170734
2,0,0,0.18936875
2,0,0,0.06692423
2,0,0,0.29221377
2,0,1,0.7124744
2,1,1,0.7963361
2,0,0,0.49017355
2,1,1,0.55845773
2,0,0,0.2906371
2,0,1,0.72177684
2,0,0,0.2870425
2,0,0,0.40240058
2,1,1,0.7454893
2,1,1,0.7631887
2,0,1,0.88730544
2,1,1,0.5438398
2,1,0,0.44688982
2,1,1,0.5988653
2,0,0,0.3044276
2,0,0,0.4287093
2,1,1,0.68297935
2,0,0,0.13033235
2,1,1,0.74178773
2,1,1,0.55738795
2,0,1,0.58435184
2,1,1,0.6514975
2,0,0,0.16109608
2,1,1,0.54042244
2,0,1,0.75764626
2,1,1,0.6215215
2,0,0,0.3989772
2,0,1,0.6566162
2,0,1,0.53134644
2,1,1,0.5503488
2,1,1,0.60734254
2,1,1,0.68270445
2,1,1,0.77237535
2,1,1,0.78359413
2,0,1,0.6030941
2,0,1,0.5715215
2,1,1,0.55725056
2,1,1,0.66044223
2,1,1,0.80262315
2,1,1,0.7245103
2,0,0,0.361683
2,1,1,0.5806253
2,0,0,0.22217098
2,1,1,0.6060917
2,0,0,0.4341411
2,0,0,0.49725536
2,0,0,0.26962316
2,0,1,0.570666
2,1,1,0.8563029
2,0,0,0.4213615
2,1,1,0.50414765
2,1,0,0.42596635
2,0,0,0.23770313
2,0,1,0.6146741
2,0,0,0.1670743
2,0,0,0.49554497
2,0,1,0.67408705
2,1,1,0.6636156
2,1,1,0.5926328
2,0,1,0.5620061
2,1,1,0.9006824
2,0,1,0.6247746
2,0,1,0.5364999
2,1,1,0.7647816
2,0,0,0.1428416
2,1,1,0.8978422
2,1,1,0.7547423
2,1,1,0.8823742
2,1,1,0.8912591
2,1,1,0.8484358
2,0,1,0.64736533
2,1,1,0.79098696
2,1,0,0.47518006
2,0,1,0.82575816
2,1,1,0.7499536
2,1,1,0.94168633
2,1,1,0.8822743
2,0,1,0.5338317
2,0,1,0.53075624
2,0,1,0.8541534
2,1,1,0.83009773
2,0,1,0.76039666
2,1,1,0.87173617
2,0,1,0.8128432
2,1,0,0.29320553
2,1,0,0.38331014
2,1,1,0.64036703
2,1,0,0.29386073
2,1,1,0.6491537
2,0,0,0.08789074
2,1,1,0.5431125
2,1,1,0.51170516
2,0,1,0.52840185
2,0,0,0.4764351
2,1,1,0.76869327
2,1,1,0.55502814
2,0,1,0.6494288
2,0,0,0.39063466
2,0,0,0.4759323
2,0,0,0.15616839
2,0,1,0.617323
2,1,1,0.9002751
2,0,0,0.4237231
2,1,0,0.43081173
2,1,1,0.5431592
2,1,0,0.29131168
2,1,1,0.6305998
2,1,1,0.58003616
2,1,1,0.54823875
2,1,1,0.66775703
2,0,0,0.06859624
2,0,0,0.32039392
2,1,0,0.33263987
2,0,1,0.6888111
2,0,1,0.737178
2,1,0,0.45232838
2,1,1,0.82862675
2,1,1,0.75709826
2,1,1,0.8966149
2,0,0,0.4320991
2,1,0,0.45215502
2,0,0,0.45466176
2,0,0,0.41496515
2,1,1,0.76097447
2,0,0,0.17902437
2,1,1,0.8575669
2,1,1,0.55833894
2,1,1,0.6563508
2,0,0,0.2411032
2,0,0,0.47297922
2,0,0,0.40794188
2,0,1,0.6445378
2,1,0,0.27926642
2,0,0,0.4538369
2,0,0,0.16733006
2,1,1,0.9271666
2,1,1,0.8937906
2,0,0,0.34297028
2,1,1,0.8442817
2,1,1,0.8406039
2,0,1,0.6392116
2,1,1,0.59210545
2,1,0,0.33028454
2,0,0,0.16276582
2,1,1,0.83003694
2,0,0,0.06571079
2,0,0,0.19050683
2,1,1,0.8892281
2,1,1,0.8671994
2,0,1,0.50038636
2,1,1,0.7993847
2,1,1,0.8825315
2,0,1,0.6774645
2,1,0,0.37002066
2,0,1,0.7155857
2,1,0,0.2820722
2,0,0,0.24493806
2,0,0,0.27825454
2,1,1,0.6116474
2,1,1,0.728172
2,1,0,0.3263671
2,1,1,0.84299076
2,0,0,0.3875189
2,1,1,0.5526881
2,0,0,0.17238969
2,1,1,0.80009747
2,0,1,0.5915722
2,1,0,0.41641298
2,0,1,0.57485527
2,0,1,0.5875291
2,0,1,0.54890627
2,1,0,0.25313437
2,0,1,0.62462103
2,0,0,0.29093897
2,1,1,0.64083695
2,0,0,0.103503026
2,0,0,0.24953704
2,1,1,0.57406104
2,1,1,0.81245095
2,1,1,0.55261624
2,0,0,0.29499942
2,0,0,0.23092699
2,1,1,0.68776774
2,1,1,0.62528676
2,1,0,0.44811946
2,1,1,0.87402016
2,1,1,0.66900647
2,1,1,0.628923
2,0,0,0.22222917
2,1,1,0.6641797
2,0,0,0.4193066
2,0,1,0.8019513
2,1,0,0.44459882
2,0,0,0.11318762
2,1,0,0.37087345
2,1,1,0.63389474
2,1,0,0.3848239
2,0,1,0.5754289
2,0,0,0.42983598
2,0,0,0.31346846
2,0,0,0.18403158
2,0,0,0.2910137
2,0,0,0.32340154
2,0,0,0.17927618
2,0,0,0.25902596
2,0,0,0.39518768
2,0,0,0.07137526
2,1,1,0.8242907
2,0,0,0.4941411
2,1,1,0.8597894
2,0,1,0.8391173
2,0,0,0.14371912
2,1,1,0.8068257
2,1,1,0.8137994
2,0,1,0.6411865
2,1,1,0.8325476
2,0,0,0.3223762
2,0,0,0.25317702
2,1,1,0.757161
2,0,1,0.5949281
2,1,1,0.5546172
2,0,1,0.74064994
2,1,1,0.8411465
2,1,1,0.6750345
2,1,1,0.86900747
2,0,0,0.20186323
2,0,1,0.67237616
2,1,1,0.9174912
2,0,1,0.55258834
2,1,1,0.65667695
2,1,0,0.39614126
2,0,0,0.18897115
2,0,0,0.4143923
2,0,0,0.14803363
2,0,0,0.32791284
2,0,1,0.79752797
2,0,0,0.42453453
2,0,0,0.2828219
2,1,1,0.815193
2,0,0,0.3263972
2,0,0,0.48703048
2,0,1,0.887541
2,1,1,0.85644096
2,1,1,0.69927084
2,1,1,0.9000606
2,0,1,0.9366364
2,0,0,0.20348462
2,1,1,0.7095757
2,0,0,0.3653202
2,1,0,0.4142656
2,1,1,0.7706254
2,1,1,0.6940804
2,0,0,0.47439495
2,0,0,0.4082418
2,0,0,0.3266581
2,1,1,0.6177373
2,1,1,0.85951465
2,1,1,0.50461584
2,0,1,0.6161171
2,1,0,0.39594793
2,1,0,0.3872426
2,1,0,0.13951574
2,1,0,0.31246373
2,0,1,0.5392598
2,1,0,0.2640548
2,1,0,0.25698137
2,1,0,0.3712682
2,1,1,0.88855624
2,0,1,0.5805033
2,1,0,0.3520868
2,0,1,0.6448316
2,1,1,0.6479707
2,0,0,0.20470086
2,0,0,0.2800916
2,0,0,0.37935522
2,1,0,0.24892946
2,0,0,0.24963711
2,1,0,0.36883238
2,0,1,0.60111576
2,1,1,0.9189265
2,1,1,0.64386666
2,0,0,0.37711003
2,1,1,0.8272221
2,0,0,0.26173973
2,1,1,0.647732
2,0,1,0.68325675
2,0,0,0.35656494
2,0,1,0.53703856
2,0,1,0.5835141
2,0,0,0.34964216
2,1,1,0.79284525
2,1,1,0.6892066
2,0,0,0.23246056
2,1,1,0.6278305
2,1,1,0.86843896
2,0,0,0.1588601
2,1,1,0.74088514
2,1,1,0.8818623
2,1,1,0.92497706
2,0,1,0.56649995
2,0,0,0.33993602
2,0,0,0.098516524
2,1,1,0.80815464
2,0,0,0.48008898
2,1,1,0.7955424
2,1,0,0.3635939
2,0,0,0.17331076
2,1,1,0.9342583
2,1,1,0.63016057
2,0,1,0.56705683
2,0,0,0.17243992
2,1,1,0.7420012
2,1,0,0.46601063
2,0,0,0.33709314
2,0,0,0.35956904
2,0,0,0.1686486
2,0,1,0.54389346
2,0,0,0.15577005
2,1,1,0.70863974
2,0,1,0.76541066
2,1,1,0.9193016
2,1,1,0.64019686
2,0,1,0.70976526
2,0,1,0.81155884
2,0,0,0.22193326
2,1,0,0.31594428
2,0,0,0.36558896
2,0,0,0.31080872
2,1,1,0.63927865
2,0,0,0.09670119
2,0,0,0.32784405
2,0,0,0.27445993
2,0,0,0.32636145
2,1,1,0.7455117
2,0,0,0.22376022
2,1,1,0.64596325
2,0,0,0.35358968
2,0,0,0.355362
2,1,0,0.2670242
2,1,0,0.16601287
2,0,0,0.18947828
2,1,1,0.5472343
2,1,0,0.36194587
2,1,1,0.87159884
2,1,1,0.63985664
2,0,0,0.42535684
2,1,0,0.47905198
2,0,0,0.24894714
2,1,0,0.44084504
2,1,0,0.46694148
2,0,0,0.443533
2,1,1,0.9664236
2,0,0,0.4893103
2,0,1,0.7988605
2,0,1,0.5901718
2,0,0,0.45022792
2,0,1,0.57686406
2,1,1,0.7565407
2,1,1,0.5119046
2,0,0,0.46769932
2,1,0,0.4605667
2,1,1,0.65145516
2,0,0,0.39798495
2,1,1,0.88260937
2,0,0,0.13948885
2,0,0,0.34835026
2,1,0,0.4304992
2,0,1,0.5281617
2,1,0,0.42669076
2,0,1,0.6976451
2,0,1,0.70642763
2,1,0,0.19377801
2,1,1,0.7747
2,1,1,0.7233819
2,0,0,0.49884805
2,0,1,0.7736536
2,1,1,0.7187141
2,1,1,0.553113
2,1,1,0.6963732
2,1,1,0.8317047
2,0,1,0.8361376
2,0,0,0.28539842
2,0,0,0.2341118
2,1,0,0.45286343
2,1,1,0.52161473
2,0,0,0.15411936
2,0,0,0.42689902
2,0,0,0.42230093
2,1,1,0.75657564
2,0,0,0.2943504
2,1,1,0.58152974
2,0,0,0.28612387
2,1,0,0.25744006
2,0,0,0.10348697
2,0,0,0.25395605
2,0,1,0.7342749
2,1,0,0.25652224
2,0,1,0.5991113
2,0,0,0.3551506
2,0,1,0.5322036
2,1,1,0.904738
2,1,1,0.845371
2,1,1,0.5813448
2,0,0,0.4034481
2,0,1,0.8133605
2,0,0,0.09990691
2,1,1,0.823205
2,1,0,0.24499983
2,1,1,0.6175299
2,1,1,0.5184612
2,0,1,0.7132902
2,0,0,0.4047794
2,1,1,0.9068585
2,0,1,0.6365952
2,0,1,0.66866
2,0,0,0.49208972
2,1,1,0.6841335
2,1,1,0.8660711
2,0,0,0.28690696
2,1,1,0.9333378
2,0,1,0.5879599
2,0,0,0.4556453
2,0,1,0.7836165
2,1,1,0.7862895
2,0,1,0.54536986
2,0,1,0.6107625
2,0,1,0.8044384
2,0,1,0.7511061
2,1,1,0.7674631
2,1,1,0.8503513
2,1,1,0.8030702
2,1,1,0.8798554
2,0,1,0.6536379
2,1,1,0.9365954
2,1,1,0.5303026
2,1,1,0.9026869
2,0,0,0.22756581
2,1,1,0.90482557
2,1,1,0.563668
2,0,0,0.41878277
2,0,0,0.31529948
2,0,1,0.6614779
2,0,1,0.5976697
2,0,0,0.41862285
2,0,1,0.75617045
2,0,0,0.3048758
2,0,0,0.10165784
2,1,0,0.4914867
2,1,1,0.8102462
2,1,1,0.8491019
2,0,0,0.4559052
2,0,1,0.54853255
2,0,0,0.22851546
2,1,0,0.48038828
2,1,1,0.7792763
2,1,1,0.5134276
2,0,0,0.30348033
2,0,0,0.2651172
2,1,0,0.41438124
2,1,1,0.63624567
2,1,0,0.4633774
2,1,1,0.51725584
2,1,0,0.3413231
2,0,0,0.23891169
2,0,0,0.4794848
2,0,0,0.30092606
2,0,0,0.08987137
2,0,0,0.2939647
2,0,0,0.2470614
2,1,1,0.8137259
2,1,1,0.6908397
2,1,0,0.3532945
2,0,0,0.22676878
2,0,1,0.5104973
2,1,0,0.3362331
2,1,0,0.43727472
2,1,0,0.26430663
2,0,0,0.34328416
2,1,1,0.6295504
2,0,0,0.2749414
2,1,0,0.34532622
2,1,1,0.87874585
2,0,0,0.07881411
2,0,0,0.15546715
2,1,1,0.7526333
2,0,0,0.17724945
2,0,0,0.23081253
2,0,0,0.4052513
2,0,1,0.6801876
2,1,1,0.82235646
2,0,0,0.36551598
2,0,1,0.6972812
2,0,0,0.23956701
2,0,0,0.1903906
2,1,1,0.9089837
2,0,0,0.34157437
2,0,0,0.24764195
2,1,1,0.8752626
2,1,1,0.5258952
2,1,1,0.5787582
2,0,0,0.38817784
2,0,1,0.74351865
2,0,1,0.827559
2,0,1,0.57059956
2,0,0,0.059640575
2,1,0,0.2489311
2,1,0,0.28422803
2,1,0,0.2599944
2,0,0,0.31314933
2,1,1,0.8083862
2,0,0,0.28538296
2,0,0,0.28707302
2,0,0,0.49171335
2,1,1,0.76418114
2,0,1,0.6563169
2,1,1,0.62994176
2,0,0,0.3415642
2,1,1,0.8554391
2,0,0,0.31844974
2,1,1,0.7002379
2,1,0,0.44404435
2,1,1,0.56411624
2,1,1,0.5885224
2,1,1,0.82202005
2,0,1,0.51231706
2,1,1,0.6683208
2,1,1,0.67457056
2,0,1,0.5322648
2,0,0,0.39987746
2,0,1,0.6443926
2,0,1,0.5281741
2,0,1,0.6124836
2,1,1,0.53956276
2,1,1,0.5015821
2,0,0,0.494816
2,1,0,0.23416516
2,0,0,0.15424396
2,1,0,0.461349
2,0,1,0.8177322
2,0,0,0.32676637
2,0,0,0.23637037
2,1,1,0.59923846
2,0,0,0.20729215
2,1,0,0.16842517
2,1,0,0.45511767
2,1,0,0.24765077
2,0,0,0.15959038
2,1,0,0.20010528
2,0,0,0.15622005
2,1,1,0.6071154
2,0,0,0.14177081
2,0,0,0.41819692
2,1,0,0.4483647
2,0,0,0.4814671
2,1,1,0.7725308
2,0,1,0.6246617
2,1,1,0.5299315
2,1,0,0.35473412
2,1,1,0.7122667
2,1,0,0.30949998
2,1,1,0.8295235
2,0,1,0.6149569
2,0,0,0.3680865
2,0,0,0.2950878
2,0,0,0.24484147
2,0,0,0.31183177
2,1,1,0.60382336
2,0,1,0.64037925
2,1,0,0.48432207
2,1,1,0.6714073
2,1,0,0.4412908
2,1,1,0.53758216
2,0,1,0.62445986
2,1,1,0.751355
2,0,1,0.5790398
2,1,1,0.77537143
2,1,0,0.4197716
2,1,1,0.853637
2,1,0,0.49020448
2,1,1,0.6141058
2,0,1,0.85330105
2,0,0,0.4662196
2,1,0,0.3228232
2,0,1,0.6661598
2,0,0,0.23507053
2,1,1,0.67192924
2,0,0,0.16187003
2,1,0,0.40267792
2,1,1,0.50016874
2,1,1,0.8677015
2,0,1,0.83976734
2,1,1,0.8922107
2,1,1,0.64915025
2,0,1,0.7677352
2,0,1,0.5346564
2,1,1,0.9169914
2,1,0,0.39075056
2,0,0,0.27891573
2,0,1,0.61874545
2,1,1,0.6593555
2,0,0,0.32373753
2,0,1,0.5673469
2,0,0,0.3019333
2,1,1,0.6841525
2,1,1,0.88534343
2,0,0,0.27409393
2,0,0,0.16864389
2,1,0,0.41273072
2,1,1,0.62329376
2,0,0,0.31641498
2,1,1,0.60998994
2,1,1,0.8840558
2,0,0,0.25728348
2,0,0,0.24055798
2,0,1,0.6478574
2,0,1,0.55667365
2,0,0,0.2130351
2,1,0,0.44535974
2,0,0,0.22128733
2,1,0,0.49016774
2,1,0,0.41511628
2,0,0,0.059309084
2,0,1,0.9228617
2,0,0,0.4395505
2,1,0,0.41848692
2,1,0,0.24608648
2,0,0,0.4231106
2,0,1,0.6159574
2,0,0,0.3686653
2,1,1,0.5542832
2,1,0,0.49280703
2,1,1,0.6003421
2,0,0,0.367345
2,1,1,0.6007653
2,1,1,0.5138774
2,1,1,0.5945593
2,0,0,0.06325151
2,1,0,0.46522716
2,0,0,0.21444279
2,0,0,0.38023934
2,0,0,0.4486281
2,1,1,0.8516464
2,0,1,0.58257836
2,0,0,0.31403092
2,0,0,0.42998835
2,0,1,0.54364705
2,0,1,0.56757534
2,0,1,0.9399908
2,1,1,0.6358437
2,0,0,0.16102885
2,0,0,0.16572787
2,0,1,0.70712954
2,1,1,0.7366783
2,1,1,0.6295809
2,0,1,0.6282992
2,0,0,0.38533562
2,1,1,0.7369941
2,0,1,0.54564047
2,0,0,0.3232849
2,0,1,0.5339758
2,1,0,0.3660072
2,1,0,0.37977004
2,0,1,0.59283525
2,1,1,0.78791976
2,0,1,0.8158668
2,1,1,0.9288568
2,1,1,0.6918024
2,0,0,0.41954428
2,1,0,0.38821596
2,0,1,0.66625524
2,0,0,0.18816634
2,0,0,0.3815495
2,0,0,0.2733143
2,1,1,0.72131366
2,1,1,0.74212366
2,1,0,0.33821473
2,1,0,0.40714
2,1,1,0.5327418
2,0,0,0.46532825
2,0,0,0.16539322
2,1,0,0.39213237
2,0,0,0.3365435
2,0,1,0.7048291
2,0,0,0.3048758
2,0,0,0.10165784
2,1,0,0.4914867
2,1,1,0.93297595
2,0,0,0.4307175
2,0,1,0.5422483
2,1,0,0.24446757
2,1,1,0.5876392
2,1,1,0.58011293
2,0,1,0.5832484
2,1,1,0.9070614
2,0,0,0.15945888
2,0,0,0.30565095
2,0,0,0.4359518
2,1,0,0.23939241
2,0,0,0.12642741
2,0,0,0.07425972
2,1,0,0.12811522
2,1,1,0.8089691
2,1,0,0.20443387
2,0,0,0.1396677
2,0,0,0.21810894
2,0,0,0.110463426
2,0,0,0.42981115
2,0,1,0.8458374
2,1,1,0.89333415
2,1,1,0.62692463
2,1,0,0.23638994
2,1,1,0.90051454
2,0,0,0.4655474
2,0,1,0.74795157
2,0,1,0.93440866
2,1,1,0.65075296
2,1,0,0.183267
2,1,0,0.37452552
2,1,1,0.9068847
2,1,1,0.60808545
2,0,0,0.33045408
2,0,0,0.29572392
2,0,0,0.2623667
2,0,1,0.5395754
2,1,1,0.6297297
2,0,0,0.16013648
2,0,1,0.64045244
2,1,1,0.58980626
2,1,0,0.36681965
2,1,1,0.8205671
2,1,1,0.5023015
2,0,1,0.672388
2,0,0,0.35369006
2,0,1,0.7501958
2,1,1,0.5731817
2,0,0,0.41388962
2,1,1,0.80728537
2,0,0,0.4705319
2,0,0,0.0960708
2,1,1,0.7839707
2,0,0,0.42191082
2,0,1,0.76027685
2,0,0,0.3638433
2,0,0,0.31606796
2,1,1,0.7048099
2,1,0,0.4621651
2,1,0,0.40112028
2,0,1,0.6919755
2,1,1,0.5622475
2,1,1,0.66121995
2,1,1,0.5660832
2,0,1,0.5623474
2,0,1,0.74677825
2,1,1,0.6319872
2,0,1,0.74636525
2,0,0,0.19975059
2,0,1,0.770239
2,0,0,0.18112999
2,1,0,0.30305547
2,0,0,0.07715302
2,1,1,0.65695786
2,1,1,0.75393885
2,1,1,0.53463566
2,1,0,0.3225901
2,1,1,0.89440393
2,1,1,0.68489355
2,0,0,0.29228747
2,1,0,0.43243134
2,0,0,0.45808625
2,1,1,0.515389
2,1,1,0.56654054
2,0,1,0.69638187
2,0,1,0.60800743
2,0,0,0.29046184
2,0,0,0.4243158
2,1,1,0.7424124
2,1,0,0.37809595
2,1,1,0.5823876
2,0,0,0.43937144
2,1,1,0.81491697
2,1,0,0.18280396
2,0,0,0.31034395
2,1,0,0.43808508
2,0,0,0.38510638
2,1,0,0.23416731
2,1,1,0.6081101
2,1,1,0.8439997
2,0,0,0.16952923
2,1,1,0.8017054
2,0,0,0.30435193
2,1,1,0.832514
2,0,0,0.1625123
2,0,1,0.602326
2,0,0,0.28716758
2,1,1,0.57065874
2,1,1,0.7528494
2,1,0,0.35379073
2,1,1,0.5718146
2,0,1,0.6054909
2,0,0,0.40494692
2,0,0,0.3886187
2,1,1,0.52276933
2,0,0,0.39544347
2,0,0,0.39787894
2,0,1,0.6948449
2,0,0,0.35899517
2,1,0,0.39622584
2,1,1,0.92447895
2,1,1,0.51872534
2,1,0,0.45647576
2,1,0,0.49012062
2,0,0,0.19080606
2,0,1,0.73368216
2,1,1,0.59674937
2,0,1,0.60037637
2,1,1,0.8245744
2,1,1,0.6867404
2,1,1,0.89229995
2,1,1,0.80758756
2,1,1,0.75720584
2,1,1,0.65290785
2,1,1,0.8703569
2,0,0,0.30271757
2,1,1,0.7928173
2,1,1,0.7519028
2,0,0,0.4108561
2,0,1,0.7375267
2,0,1,0.5056466
2,1,1,0.82920706
2,1,0,0.49820828
2,1,1,0.8529015
2,1,1,0.5386671
2,0,1,0.64799833
2,1,1,0.70989805
2,0,0,0.1661503
2,0,0,0.3017746
2,0,0,0.28106248
2,1,0,0.30507025
2,0,0,0.15813474
2,0,0,0.32740566
2,0,0,0.18649228
2,0,1,0.5066215
2,0,0,0.22892132
2,1,1,0.813055
2,0,0,0.23705308
2,1,0,0.20279351
2,0,0,0.38453966
2,0,0,0.28872603
2,0,0,0.064800166
2,1,0,0.44114807
2,1,1,0.7724287
2,1,1,0.6503239
2,1,0,0.35018212
2,1,0,0.2612614
2,0,0,0.47304147
2,1,1,0.56187105
2,1,1,0.5777711
2,1,1,0.7618318
2,0,0,0.3814722
2,1,1,0.6180021
2,0,1,0.63052917
2,1,1,0.78985584
2,1,0,0.44219628
2,0,0,0.43226573
2,0,1,0.6074744
2,0,0,0.23092973
2,1,0,0.20618527
2,1,0,0.41441122
2,1,0,0.40472844
2,0,1,0.6906222
2,0,1,0.67590946
2,0,0,0.19655447
2,0,1,0.62061095
2,0,1,0.8288505
2,1,1,0.925576
2,1,1,0.77866286
2,0,1,0.52206117
2,1,0,0.46173906
2,1,1,0.7502664
2,0,0,0.4151776
2,0,0,0.49276313
2,1,1,0.5715835
2,1,1,0.7545319
2,0,0,0.308597
2,1,0,0.45422313
2,0,0,0.36785516
2,1,1,0.9042033
2,1,1,0.65061057
2,0,0,0.15652892
2,0,0,0.39048812
2,0,1,0.65881526
2,0,1,0.6741371
2,0,1,0.70314014
2,1,0,0.28600678
2,1,0,0.40309346
2,0,1,0.6892126
2,0,0,0.20047757
2,0,0,0.21756423
2,1,1,0.8123496
2,1,1,0.8853179
2,1,1,0.7876411
2,1,1,0.6443701
2,1,1,0.63712436
2,1,1,0.5064175
2,1,1,0.7145737
2,0,1,0.50506526
2,0,0,0.24875881
2,0,0,0.18545249
2,0,0,0.25542143
2,0,0,0.19712353
2,1,0,0.39884523
2,1,1,0.8551819
2,0,0,0.13516775
2,1,1,0.75358915
2,1,1,0.5844276
2,1,1,0.79881203
2,1,1,0.86141044
2,1,1,0.73932165
2,1,0,0.479299
2,1,0,0.3609718
2,0,1,0.5954251
2,0,0,0.26857322
2,0,0,0.36731192
2,1,0,0.29007244
2,1,1,0.50208986
2,0,0,0.34078264
2,0,0,0.22769573
2,0,1,0.7289569
2,0,1,0.64120626
2,0,0,0.21561207
2,0,0,0.494012
2,0,0,0.27592197
2,1,0,0.33476475
2,0,1,0.6303915
2,0,0,0.23453383
2,0,0,0.31822324
2,1,0,0.17538106
2,1,1,0.6033092
2,0,0,0.44464862
2,1,1,0.7303796
2,0,0,0.28786907
2,1,0,0.4604426
2,0,1,0.7127211
2,1,0,0.42360798
2,1,1,0.8099777
2,0,0,0.24229662
2,0,0,0.45729324
2,1,1,0.75248903
2,1,0,0.41448697
2,1,1,0.8537752
2,0,0,0.39930224
2,1,1,0.5691458
2,1,0,0.43615103
2,0,0,0.4933546
2,0,0,0.18370833
2,0,0,0.47748128
2,0,1,0.6945898
2,1,1,0.59385186
2,1,0,0.3596575
2,1,0,0.4694917
2,0,0,0.15379587
2,1,1,0.7334779
2,1,1,0.9276572
2,0,0,0.28816095
2,0,0,0.49960208
2,0,0,0.34906554
2,0,0,0.4495065
2,1,1,0.9375544
2,0,0,0.37434033
2,1,1,0.76203144
2,0,1,0.82343894
2,0,0,0.330442
2,0,0,0.23019554
2,0,0,0.4587833
2,1,0,0.29193014
2,0,0,0.43266928
2,1,1,0.5096375
2,1,1,0.5254774
2,0,0,0.36428133
2,1,0,0.36325568
2,1,0,0.44992337
2,0,0,0.2802226
2,0,0,0.16082072
2,1,0,0.1969889
2,0,0,0.29703662
2,1,0,0.41413835
2,1,1,0.87835675
2,1,1,0.8482243
2,1,1,0.59762555
2,0,1,0.56034166
2,0,1,0.7027139
2,1,1,0.8376654
2,1,1,0.7562837
2,1,0,0.40249464
2,0,0,0.21836714
2,1,1,0.93120146
2,0,0,0.27013868
2,0,1,0.7692412
2,0,1,0.5330724
2,1,0,0.29914743
2,1,0,0.32319966
2,1,0,0.4241408
2,1,0,0.48220587
2,0,1,0.92376393
2,0,1,0.5676798
2,1,1,0.84661216
2,1,0,0.32830998
2,0,0,0.23515236
2,0,1,0.66552746
2,0,0,0.37739325
2,1,0,0.46231776
2,0,0,0.17358208
2,0,1,0.60627073
2,1,1,0.7671469
2,0,1,0.5685284
2,0,1,0.7209276
2,0,0,0.39530036
2,0,0,0.12543014
2,1,1,0.7088045
2,1,1,0.85573536
2,1,1,0.685239
2,0,0,0.35092905
2,1,1,0.60475045
2,1,1,0.5964348
2,0,1,0.65231067
2,1,0,0.2832602
2,1,1,0.7697305
2,0,1,0.7355615
2,1,0,0.42111832
2,0,0,0.4004029
2,0,1,0.8512822
2,1,1,0.5225676
2,0,1,0.5434602
2,0,0,0.37663883
2,1,0,0.47583812
2,0,0,0.09845195
2,1,1,0.679638
2,0,1,0.56395257
2,1,1,0.5277276
2,1,1,0.60658664
2,1,1,0.9188066
2,1,0,0.48075116
2,0,1,0.81367004
2,0,1,0.543275
2,0,1,0.7076241
2,1,1,0.82279545
2,0,0,0.0850393
2,1,1,0.6842128
2,0,0,0.2060589
2,0,0,0.18622074
2,1,0,0.3624697
2,1,1,0.8930157
2,0,0,0.18232983
2,0,0,0.46781737
2,0,0,0.19065872
2,0,0,0.47910392
2,1,1,0.93014526
2,0,1,0.58846444
2,0,0,0.49908054
2,1,0,0.47482082
2,1,0,0.4798764
2,0,1,0.6787608
2,0,0,0.28682557
2,1,0,0.43653828
2,1,0,0.4536034
2,0,0,0.3969195
2,0,0,0.22925384
2,1,0,0.22562206
2,0,1,0.5499907
2,1,1,0.84094536
2,1,1,0.5224248
2,0,0,0.3131355
2,0,1,0.52776676
2,0,0,0.37160543
2,1,1,0.5214326
2,0,0,0.43525073
2,0,0,0.3934363
2,0,0,0.07366649
2,0,0,0.42012194
2,1,1,0.70283586
2,1,0,0.36718193
2,0,0,0.23486438
2,1,0,0.4246143
2,1,1,0.60714656
2,0,1,0.6343403
2,1,1,0.54894495
2,1,0,0.36209542
2,0,1,0.6615787
2,1,1,0.61750984
2,1,0,0.49185857
2,0,0,0.115163445
2,0,0,0.20148847
2,1,1,0.74185675
2,0,1,0.8068295
2,0,1,0.8175884
2,0,0,0.3824804
2,1,1,0.9051036
2,1,1,0.78711885
2,0,1,0.69048715
2,0,0,0.39356157
2,1,0,0.4213313
2,1,1,0.60649866
2,0,1,0.53333133
2,1,1,0.8616159
2,1,0,0.48911
2,0,1,0.7995521
2,1,1,0.558411
2,0,0,0.4606582
2,1,1,0.51187384
2,1,1,0.72599596
2,0,0,0.43073905
2,1,0,0.49610516
2,1,1,0.778872
2,1,1,0.69520444
2,1,1,0.5894492
2,1,1,0.694508
2,1,1,0.7240909
2,0,0,0.41711307
2,0,0,0.27921218
2,0,0,0.12753312
2,1,1,0.92427236
2,0,0,0.386293
2,1,1,0.54536253
2,0,0,0.31630346
2,0,0,0.34670672
2,1,1,0.62932533
2,0,0,0.4292354
2,0,0,0.3432658
2,1,1,0.90409076
2,0,0,0.38091883
2,0,0,0.1557896
2,1,1,0.83712316
2,0,0,0.21231519
2,1,1,0.59777147
2,0,1,0.5126776
2,0,1,0.8445275
2,0,0,0.4604102
2,1,1,0.8133011
2,1,0,0.36422473
2,1,1,0.7795546
2,1,1,0.7559242
2,1,0,0.45484588
2,1,1,0.53180903
2,1,1,0.7811921
2,1,1,0.7688641
2,0,1,0.62210286
2,0,0,0.23736024
2,0,0,0.13870235
2,0,0,0.4099955
2,1,1,0.8053083
2,0,0,0.21176282
2,1,1,0.7960059
2,0,1,0.56846654
2,0,1,0.647517
2,0,0,0.35794944
2,0,1,0.5185941
2,0,0,0.14853418
2,0,0,0.34859076
2,1,0,0.47457284
2,1,1,0.8547852
2,1,1,0.9187704
2,1,0,0.44052207
2,0,1,0.73929787
2,1,0,0.46081173
2,1,1,0.5310176
2,0,0,0.3242015
2,0,0,0.43808705
2,0,1,0.72987294
2,0,1,0.5784981
2,0,1,0.6464002
2,0,0,0.40407127
2,1,1,0.91010004
2,1,1,0.8605531
2,0,1,0.54673076
2,1,1,0.83103204
2,1,1,0.6536593
2,0,1,0.5170192
2,0,1,0.5674008
2,0,0,0.16200425
2,1,1,0.84211516
2,0,0,0.27706775
2,0,1,0.7939138
2,0,0,0.31560647
2,0,0,0.29411143
2,1,1,0.5360291
2,1,1,0.65767676
2,1,1,0.89510673
2,0,1,0.6391302
2,0,0,0.47042146
2,1,1,0.63136405
2,1,1,0.54133224
2,1,1,0.8944631
2,1,0,0.40124792
2,1,1,0.90760106
2,0,0,0.26439977
2,0,1,0.7263733
2,1,1,0.8383258
2,0,1,0.5464272
2,1,1,0.67504644
2,1,1,0.6363768
2,1,1,0.5789302
2,0,0,0.2695924
2,1,1,0.79994947
2,0,0,0.48278812
2,1,1,0.8049034
2,0,0,0.20971715
2,0,0,0.17377542
2,0,0,0.2571527
2,1,1,0.68071413
2,1,1,0.94866264
2,0,1,0.8170403
2,1,1,0.77067834
2,1,1,0.8774566
2,0,1,0.507893
2,0,0,0.19835377
2,0,1,0.6668866
2,1,1,0.77427995
2,1,0,0.4481645
2,1,0,0.36710873
2,1,0,0.3671356
2,1,1,0.62063265
2,0,1,0.58824116
2,0,0,0.36458763
2,1,1,0.56959534
2,0,1,0.73338956
2,0,0,0.2859896
2,0,1,0.5953647
2,1,1,0.6994118
2,0,1,0.5992189
2,0,1,0.68843347
2,0,1,0.74564797
2,0,1,0.55303764
2,1,1,0.6573401
2,1,1,0.81172407
2,0,0,0.4432904
2,0,0,0.16352601
2,1,1,0.59268606
2,0,1,0.61518544
2,0,0,0.26945794
2,1,0,0.43805587
2,0,0,0.3530216
2,1,1,0.7193545
2,1,1,0.64638406
2,1,0,0.28379026
2,0,1,0.5799493
2,0,1,0.58192927
2,1,0,0.3209892
2,0,1,0.5150187
2,0,1,0.59582394
2,1,0,0.394863
2,0,1,0.88910955
2,1,1,0.58550525
2,0,0,0.35668617
2,1,1,0.65909016
2,0,0,0.39052397
2,1,1,0.780044
2,1,0,0.46288753
2,0,1,0.57899374
2,0,0,0.31856298
2,1,1,0.89303184
2,1,1,0.74849916
2,0,0,0.46338168
2,1,1,0.65622866
2,0,1,0.6343638
2,1,1,0.6822583
2,1,1,0.72282195
2,1,1,0.92706245
2,0,0,0.43788463
2,1,1,0.8187235
2,0,1,0.53192884
2,0,0,0.23400965
2,1,1,0.5212297
2,1,1,0.58068603
2,1,1,0.77671885
2,0,0,0.23790023
2,0,0,0.14379017
2,1,0,0.49435467
2,0,0,0.45182264
2,0,0,0.4910963
2,1,0,0.39316127
2,1,1,0.6409876
2,1,1,0.86292565
2,1,1,0.6693743
2,0,1,0.64020234
2,0,0,0.36917946
2,1,1,0.6627399
2,1,0,0.4122412
2,1,1,0.5981434
2,0,1,0.7532844
2,0,1,0.5858242
2,0,1,0.7383074
2,1,1,0.86896265
2,0,0,0.28134134
2,1,1,0.8383364
2,0,0,0.40313488
2,0,1,0.5859444
2,0,0,0.42302787
2,1,0,0.3193313
2,1,0,0.35738304
2,0,1,0.6221168
2,0,0,0.26466447
2,1,1,0.9521557
2,0,0,0.26141647
2,0,0,0.3078064
2,0,0,0.27326956
2,1,0,0.41539413
2,0,1,0.6032414
2,1,1,0.53505045
2,0,0,0.3941471
2,1,0,0.26651648
2,0,0,0.41487876
2,0,1,0.78660953
2,1,1,0.8895353
2,0,1,0.5768025
2,1,1,0.8169618
2,0,0,0.49187535
2,1,1,0.88154966
2,0,1,0.5430567
2,0,0,0.2372089
2,1,0,0.46569914
2,0,0,0.19738145
2,0,1,0.6506388
2,1,1,0.597862
2,0,0,0.108798765
2,1,1,0.66069245
2,1,0,0.46947113
2,0,0,0.30978316
2,1,1,0.763403
2,0,0,0.23014584
2,0,0,0.14487457
2,0,1,0.86021197
2,1,0,0.46848214
2,0,0,0.17539904
2,1,1,0.82731676
2,1,0,0.42389628
2,1,1,0.64353806
2,0,0,0.20022953
2,1,1,0.7873772
2,1,0,0.4456884
2,1,0,0.3708477
2,0,0,0.20788737
2,1,1,0.54314387
2,0,0,0.21201657
2,0,0,0.25690326
2,0,0,0.49480438
2,0,1,0.5672347
2,0,1,0.5614123
2,0,1,0.58571345
2,1,1,0.60466295
2,1,0,0.1976652
2,1,0,0.37945613
2,1,1,0.8587169
2,1,0,0.36503467
2,0,0,0.2434131
2,1,0,0.3485013
2,0,0,0.22427523
2,0,1,0.6109595
2,1,1,0.83314556
2,1,1,0.5435867
2,1,1,0.6077669
2,1,1,0.7937595
2,1,1,0.78262407
2,1,1,0.54925936
2,0,0,0.1743442
2,1,1,0.78097886
2,0,0,0.42948613
2,0,0,0.34036097
2,1,1,0.7530135
2,0,0,0.18948366
2,0,1,0.6746215
2,1,0,0.47237453
2,1,1,0.66550606
2,0,0,0.15866905
2,0,1,0.6309028
2,1,1,0.64777696
2,0,0,0.24195708
2,0,1,0.56319195
2,0,0,0.3242178
2,1,1,0.6050593
2,0,1,0.7942234
2,1,1,0.64817077
2,0,1,0.816845
2,1,1,0.83383894
2,1,0,0.4446047
2,1,1,0.79839677
2,1,1,0.74744487
2,0,1,0.6194929
2,1,1,0.7568914
2,0,1,0.5745661
2,0,0,0.15071982
2,0,0,0.420112
2,0,0,0.3865095
2,0,0,0.099144824
2,1,1,0.8643398
2,1,1,0.85827184
2,1,1,0.87040216
2,1,1,0.5838863
2,0,0,0.49587533
2,0,0,0.25747195
2,0,0,0.43021598
2,1,1,0.8091987
2,0,0,0.2980574
2,0,0,0.29389605
2,0,0,0.45948586
2,0,0,0.45506054
2,1,1,0.9142857
2,1,1,0.8390239
2,0,1,0.5183974
2,0,1,0.74165034
2,0,0,0.42213213
2,1,1,0.8087694
2,1,1,0.8656072
2,1,1,0.8945086
2,1,1,0.66024345
2,0,1,0.7079615
2,1,1,0.5018294
2,1,1,0.7230485
2,0,1,0.7446647
2,0,1,0.6116229
2,0,1,0.70837486
2,0,1,0.86346394
2,0,1,0.60904527
2,1,1,0.86958987
2,1,1,0.8461107
2,1,1,0.79663426
2,1,0,0.49366686
2,1,1,0.5498083
2,1,1,0.7468288
2,0,1,0.6098335
2,0,1,0.6434136
2,1,1,0.8568458
2,1,1,0.7937908
2,0,0,0.30541494
2,0,0,0.28596506
2,0,1,0.5637806
2,1,1,0.54954845
2,0,1,0.53025746
2,0,0,0.16813779
2,1,1,0.6805568
2,0,0,0.29978368
2,0,0,0.45612174
2,0,0,0.26516947
2,1,0,0.27362686
2,0,0,0.28221217
2,1,0,0.43294302
2,1,1,0.83681655
2,1,1,0.78500473
2,1,0,0.48579207
2,1,1,0.88381743
2,1,0,0.30333704
2,0,0,0.173875
2,0,0,0.40954715
2,0,0,0.21476036
2,0,1,0.74303544
2,0,0,0.19432703
2,1,1,0.71425796
2,0,0,0.3166634
2,1,1,0.7302626
2,0,1,0.7459775
2,0,1,0.6315868
2,0,0,0.24743165
2,0,1,0.6978994
2,1,1,0.8088499
2,0,0,0.49659798
2,1,1,0.55973786
2,1,0,0.41218978
2,0,1,0.510627
2,0,0,0.43868592
2,1,1,0.5590746
2,0,0,0.49557337
2,0,1,0.7137657
2,1,0,0.41355014
2,0,0,0.48241013
2,0,1,0.6412354
2,1,1,0.8340561
2,1,0,0.3856604
2,1,0,0.3883158
2,0,0,0.32485533
2,0,0,0.2508611
2,0,1,0.61036986
2,0,1,0.8395641
2,0,1,0.7773844
2,1,1,0.9165107
2,0,1,0.83286005
2,1,1,0.926359
2,1,1,0.88108253
2,0,1,0.6981441
2,1,1,0.91526353
2,1,1,0.95069665
2,0,0,0.17619766
2,1,0,0.41205916
2,1,1,0.7053694
2,0,1,0.56598556
2,1,1,0.70351017
2,0,0,0.21673948
2,0,1,0.71945316
2,1,1,0.5957205
2,1,1,0.5162318
2,0,0,0.37800768
2,0,0,0.49911022
2,0,1,0.8584058
2,1,1,0.9190562
2,1,1,0.7034851
2,0,1,0.537263
2,1,1,0.82504404
2,1,1,0.82879436
2,1,1,0.8687832
2,0,0,0.45749372
2,1,1,0.72795373
2,0,0,0.15598568
2,0,0,0.44522354
2,0,0,0.35701212
2,0,0,0.27993837
2,0,0,0.19954705
2,1,1,0.7995864
2,0,0,0.1911943
2,0,0,0.15715288
2,1,1,0.6021953
2,1,1,0.7842328
2,1,1,0.69706964
2,1,1,0.71991366
2,1,1,0.6575613
2,0,0,0.26676124
2,0,0,0.36426848
2,1,1,0.59628564
2,1,0,0.41500202
2,0,0,0.17939419
2,1,1,0.6472188
2,1,0,0.3109571
2,1,1,0.55780214
2,0,0,0.338385
2,0,0,0.48480833
2,1,1,0.61064786
2,1,0,0.19919251
2,0,0,0.13939784
2,0,0,0.25517005
2,1,0,0.35854006
2,0,0,0.3599633
2,1,0,0.19938152
2,0,0,0.21809492
2,0,1,0.5678286
2,0,0,0.43283075
2,0,0,0.22970118
2,0,0,0.4429092
2,1,1,0.9050137
2,1,1,0.9027432
2,0,0,0.4590174
2,0,1,0.72744125
2,1,1,0.87469137
2,0,0,0.23437314
2,1,0,0.4695164
2,0,0,0.21516113
2,1,1,0.72725207
2,1,1,0.8608994
2,0,0,0.4585621
2,1,1,0.87814903
2,1,1,0.53427553
2,1,0,0.3646274
2,1,1,0.7374414
2,0,1,0.51308733
2,1,1,0.6854489
2,0,1,0.7223114
2,1,1,0.5783935
2,1,1,0.7871331
2,0,0,0.18146047
2,1,0,0.3205823
2,1,0,0.4917455
2,0,0,0.41236848
2,0,1,0.7330039
2,1,1,0.5106643
2,0,0,0.1730132
2,0,0,0.1261425
2,0,0,0.21784784
2,1,1,0.8021077
2,1,0,0.37790093
2,1,1,0.5937686
2,1,0,0.48479152
2,1,1,0.51095504
2,0,0,0.09289463
2,0,1,0.6518857
2,1,0,0.2768662
2,1,0,0.3882391
2,0,0,0.42667145
2,1,1,0.55199325
2,1,1,0.6911368
2,0,1,0.6744213
2,1,0,0.299887
2,1,1,0.5520729
2,0,0,0.19923535
2,0,0,0.3932628
2,0,0,0.38724834
2,0,1,0.7917512
2,0,0,0.26427236
2,0,1,0.5912206
2,0,0,0.09777419
2,1,1,0.7398463
2,0,0,0.35649016
2,0,0,0.22974522
2,0,1,0.7173229
2,1,1,0.57414556
2,1,1,0.50175846
2,1,1,0.7036662
2,0,1,0.7095357
2,1,1,0.55057436
2,1,1,0.8444203
2,0,0,0.18617876
2,1,0,0.19364949
2,0,0,0.17058633
2,1,1,0.8584569
2,1,1,0.79159
2,1,1,0.63198
2,0,1,0.5620422
2,1,1,0.6054381
2,0,0,0.2794234
2,0,1,0.7440481
2,0,0,0.3060564
2,0,0,0.18657644
2,1,1,0.65698975
2,1,1,0.8262117
2,0,0,0.4521091
2,0,0,0.38491565
2,1,0,0.4809847
2,1,0,0.35579878
2,0,0,0.4064749
2,1,1,0.9299444
2,0,0,0.42940322
2,1,1,0.6783064
2,0,0,0.49193683
2,1,1,0.7706818
2,1,0,0.45808905
2,0,1,0.8111379
2,1,1,0.63106245
2,0,0,0.25766543
2,1,1,0.5842935
2,0,1,0.6213758
2,1,1,0.60356903
2,0,1,0.7724462
2,1,1,0.6555554
2,1,1,0.5873811
2,1,1,0.7036013
2,1,0,0.36919355
2,1,0,0.27626336
2,0,0,0.46651477
2,0,0,0.2796982
2,0,0,0.48665628
2,0,1,0.7890916
2,0,0,0.44315985
2,0,0,0.30485275
2,0,1,0.5616633
2,1,1,0.5625939
2,1,1,0.50938296
2,1,0,0.45420167
2,1,1,0.6216581
2,0,0,0.34809837
2,1,1,0.7628412
2,1,0,0.18432401
2,0,0,0.2922714
2,0,0,0.18473022
2,0,1,0.78461325
2,0,1,0.570637
2,0,0,0.38567397
2,1,1,0.70203704
2,1,1,0.76396614
2,1,0,0.41079172
2,1,1,0.9199303
2,1,1,0.55149335
2,1,1,0.5691738
2,0,0,0.20927943
2,0,0,0.2597779
2,1,1,0.8231642
2,0,0,0.42167002
2,0,0,0.16353133
2,1,0,0.3129902
2,1,0,0.18007267
2,1,0,0.17041409
2,0,0,0.3226789
2,0,1,0.612908
2,1,1,0.6341957
2,0,0,0.398762
2,0,0,0.11977265
2,1,0,0.30117622
2,0,0,0.30692902
2,0,0,0.24242464
2,1,1,0.93615985
2,0,0,0.45581344
2,0,1,0.78752756
2,0,0,0.386929
2,1,0,0.4838863
2,1,0,0.42456472
2,0,0,0.39596885
2,1,1,0.6546884
2,1,0,0.38093123
2,1,0,0.453122
2,0,0,0.27532983
2,0,0,0.107172735
2,1,1,0.83336884
2,1,1,0.69268036
2,0,0,0.3969624
2,0,0,0.34116864
2,0,0,0.1269126
2,1,1,0.5416414
2,0,0,0.20457835
2,0,0,0.21467413
2,1,0,0.25396714
2,1,0,0.3688496
2,0,0,0.3710621
2,0,0,0.40481868
2,1,0,0.29661348
2,0,0,0.2832469
2,0,0,0.4602055
2,1,1,0.789603
2,0,0,0.36323363
2,1,1,0.5892434
2,0,0,0.34180662
2,1,0,0.382076
2,0,1,0.52058303
2,1,1,0.9435308
2,1,1,0.5123424
2,1,1,0.8185405
2,1,1,0.903122
2,1,1,0.50625503
2,0,1,0.56444675
2,0,0,0.09646605
2,0,0,0.30823046
2,0,1,0.69265366
2,1,1,0.7297269
2,1,1,0.825513
2,0,0,0.34818408
2,0,0,0.48488662
2,0,0,0.16292745
2,0,1,0.50149333
2,1,1,0.72643816
2,0,0,0.09608573
2,0,0,0.22609358
2,0,0,0.2991269
2,1,1,0.700365
2,0,0,0.14732292
2,1,1,0.54782706
2,1,1,0.9142621
2,1,1,0.5161126
2,0,0,0.2154695
2,1,1,0.91562736
2,0,0,0.19068225
2,1,1,0.9368485
2,1,1,0.9437106
2,0,0,0.3299901
2,0,0,0.4197063
2,1,1,0.83761936
2,1,1,0.82022274
2,1,1,0.64205235
2,0,1,0.56444675
2,0,0,0.09646605
2,1,1,0.83228344
2,0,0,0.23276494
2,0,0,0.15252607
2,0,1,0.54383636
2,0,0,0.2492495
2,1,1,0.8920552
2,1,1,0.9054203
2,0,0,0.32884055
2,0,0,0.19191681
2,1,0,0.43109503
2,0,0,0.1680534
2,0,0,0.10131198
2,1,1,0.62705094
2,0,0,0.38208464
2,0,0,0.27802464
2,0,1,0.6060566
2,1,1,0.50197345
2,1,1,0.700365
2,0,0,0.14732292
2,0,1,0.54782706
2,1,1,0.5161126
2,1,1,0.9117005
2,1,1,0.76447326
2,1,1,0.7114509
2,1,1,0.8043968
2,0,1,0.8137357
2,1,1,0.82165146
2,0,0,0.4086683
2,1,1,0.8224841
2,0,0,0.39020732
2,0,1,0.51818204
2,0,0,0.4447868
2,0,1,0.5869634
2,0,0,0.46028498
2,1,1,0.8049656
2,1,0,0.45566118
2,1,1,0.80385166
2,1,1,0.9631742
2,0,1,0.57345104
2,0,1,0.8980544
2,0,0,0.26643956
2,1,1,0.8793871
2,0,0,0.22965586
2,0,1,0.6286272
2,1,1,0.8342482
2,1,1,0.6195411
2,1,1,0.6112809
2,0,1,0.6388294
2,1,0,0.3377878
2,1,0,0.37828812
2,0,0,0.36400065
2,1,1,0.6298097
2,0,0,0.26295125
2,0,0,0.18077695
2,0,0,0.37092462
2,1,1,0.55449975
2,0,0,0.21303405
2,0,0,0.49007732
2,1,1,0.7122587
2,0,0,0.31213108
2,0,0,0.24767786
2,1,1,0.6827965
2,0,0,0.33074743
2,1,0,0.45495567
2,1,0,0.4059515
2,0,0,0.35018444
2,0,0,0.3958811
2,0,0,0.10676267
2,0,1,0.62778693
2,0,0,0.16714379
2,0,0,0.29841954
2,1,0,0.35832596
2,1,1,0.51961994
2,1,1,0.8174517
2,0,1,0.6257402
2,0,0,0.2664658
2,0,0,0.35471496
2,0,0,0.43588585
2,0,0,0.18760817
2,1,0,0.25264284
2,0,0,0.23736894
2,0,0,0.27743778
2,0,0,0.3460845
2,1,0,0.2912745
2,1,1,0.6817527
2,0,0,0.13563876
2,1,0,0.26464766
2,0,1,0.5315073
2,0,0,0.08775081
2,0,0,0.21916136
2,0,0,0.09314202
2,1,1,0.73419887
2,1,1,0.80092895
2,1,1,0.84647244
2,0,0,0.1503692
2,0,1,0.5667381
2,1,1,0.7208834
2,0,1,0.50968045
2,1,0,0.27087572
2,1,1,0.716037
2,0,0,0.3472021
2,1,1,0.6460936
2,0,0,0.27373245
2,0,1,0.58287585
2,1,1,0.8865544
2,0,0,0.42587724
2,1,0,0.33429757
2,0,0,0.30487084
2,0,0,0.2862747
2,1,0,0.3009097
2,1,0,0.45188585
2,1,0,0.4617127
2,0,1,0.64890885
2,0,0,0.25788096
2,0,0,0.17236486
2,0,0,0.2743179
2,0,0,0.20551172
2,1,0,0.349775
2,0,0,0.27433738
2,1,0,0.32537985
2,0,0,0.25882155
2,1,0,0.44583634
2,0,1,0.64645183
2,0,0,0.24549273
2,1,1,0.54512036
2,0,0,0.44462073
2,1,0,0.49491948
2,0,0,0.18295802
2,0,1,0.5991065
2,0,1,0.55042386
2,0,1,0.7088817
2,0,0,0.43439743
2,1,1,0.5465509
2,1,0,0.39261687
2,0,1,0.5254382
2,0,0,0.30086735
2,0,0,0.37526327
2,1,1,0.70973694
2,1,0,0.34022892
2,1,0,0.43220085
2,0,1,0.6090382
2,1,0,0.34002933
2,1,0,0.11864396
2,0,0,0.3318084
2,0,0,0.20445222
2,0,0,0.29675642
2,0,0,0.31793872
2,1,1,0.5816602
2,1,0,0.2629543
2,0,0,0.28436524
2,0,1,0.624622
2,0,0,0.49601844
2,0,0,0.33479872
2,0,0,0.486294
2,0,1,0.5322787
2,0,0,0.055728365
2,1,1,0.8843204
2,0,0,0.27396384
2,1,1,0.859942
2,1,1,0.54943424
2,0,1,0.8201787
2,1,0,0.45420998
2,0,0,0.102496326
2,0,0,0.45206097
2,1,1,0.56419826
2,1,1,0.64701074
2,0,0,0.39989847
2,0,1,0.70971006
2,1,0,0.4980017
2,0,0,0.26863295
2,1,0,0.23355171
2,0,0,0.067924164
2,1,0,0.36767438
2,0,1,0.5798369
2,0,0,0.09750808
2,1,0,0.4381877
2,1,1,0.81075174
2,0,0,0.17224967
2,1,0,0.4881195
2,1,1,0.64869505
2,1,1,0.70663226
2,0,0,0.42476773
2,0,0,0.29619202
2,1,1,0.92273563
2,0,0,0.38597172
2,1,0,0.42515817
2,1,1,0.78632265
2,0,0,0.46878222
2,1,1,0.60994244
2,1,1,0.57068616
2,0,0,0.080784075
2,0,0,0.31547645
2,1,1,0.6376069
2,0,0,0.13213545
2,1,0,0.4323879
2,0,0,0.37607098
2,0,0,0.4767041
2,1,1,0.5854658
2,1,1,0.8112892
2,0,1,0.50377095
2,0,0,0.17688128
2,1,1,0.85170734
2,1,1,0.51679033
2,0,0,0.37749258
2,1,0,0.442495
2,1,1,0.50051093
2,0,0,0.34378934
2,1,0,0.49070868
2,0,0,0.06991548
2,1,0,0.4078114
2,0,0,0.45634043
2,0,0,0.15585332
2,0,1,0.72713405
2,1,0,0.20976755
2,0,0,0.33887076
2,0,0,0.20872736
2,0,0,0.33253965
2,1,1,0.63959616
2,1,0,0.37146807
2,1,1,0.68833095
2,0,0,0.30788717
2,1,0,0.42015517
2,0,1,0.7060869
2,1,1,0.57381356
2,0,0,0.21825424
2,1,0,0.47234747
2,1,1,0.6576743
2,1,0,0.2949935
2,0,0,0.10791604
2,1,1,0.91306347
2,0,0,0.36469543
2,0,0,0.098162346
2,0,0,0.3187547
2,0,0,0.3722756
2,0,0,0.3016387
2,1,1,0.5538384
2,0,0,0.36161885
2,1,0,0.39683297
2,1,1,0.8186359
2,1,1,0.6987096
2,1,0,0.472394
2,0,0,0.24094243
2,0,1,0.6355761
2,1,0,0.40946776
2,1,0,0.310079
2,0,1,0.68223894
2,1,0,0.4596478
2,0,0,0.33540046
2,1,1,0.56199574
2,1,1,0.52106756
2,1,1,0.8298127
2,0,0,0.36274776
2,0,0,0.3364827
2,1,0,0.469345
2,0,1,0.616269
2,0,0,0.36913005
2,0,0,0.45089397
2,1,1,0.77287066
2,0,0,0.47931647
2,1,1,0.5504629
2,1,1,0.61417764
2,0,0,0.43179438
2,0,0,0.19356811
2,0,0,0.3204217
2,0,0,0.26988456
2,0,0,0.3215784
2,0,0,0.21465178
2,1,0,0.490988
2,1,1,0.60825753
2,1,1,0.611056
2,0,0,0.29463378
2,0,0,0.26923656
2,0,0,0.32880348
2,0,0,0.22449164
2,0,0,0.28126663
2,1,1,0.7132834
2,0,0,0.30388835
2,0,0,0.20035669
2,1,0,0.34541553
2,1,1,0.59707475
2,1,1,0.5096688
2,1,1,0.57775545
2,0,0,0.24580304
2,0,0,0.09173656
2,1,0,0.45603332
2,1,1,0.61820394
2,0,0,0.4602275
2,1,1,0.9442374
2,1,1,0.8679267
2,0,0,0.41168723
2,0,0,0.44776827
2,0,0,0.21955113
2,1,1,0.6301013
2,1,1,0.70261765
2,0,0,0.3322577
2,0,0,0.12287796
2,1,1,0.6920283
2,0,0,0.32894155
2,1,1,0.9128852
2,1,1,0.6923936
2,1,1,0.5812601
2,0,0,0.3874273
2,1,1,0.92447895
2,1,1,0.51872534
2,1,0,0.45647576
2,1,0,0.49012062
2,0,0,0.19080606
2,0,1,0.73368216
2,1,1,0.59674937
2,0,1,0.60037637
2,1,1,0.63849825
2,0,0,0.34450793
2,0,1,0.67775816
2,1,1,0.635677
2,0,1,0.6592226
2,1,1,0.7021129
2,0,1,0.59083873
2,0,1,0.6113819
2,1,1,0.7839729
2,0,0,0.1442719
2,1,1,0.60826355
2,1,1,0.913904
2,0,0,0.499006
2,0,0,0.2707856
2,1,1,0.529896
2,1,1,0.90214556
2,1,1,0.85827184
2,1,1,0.87040216
2,1,1,0.5838863
2,0,0,0.49587533
2,0,0,0.25747195
2,0,0,0.43021598
2,1,1,0.8091987
2,0,0,0.2980574
2,0,0,0.29389605
2,0,0,0.45948586
2,0,0,0.45506054
2,1,1,0.9142857
2,1,1,0.8390239
2,0,1,0.5183974
2,0,1,0.74165034
2,0,0,0.42213213
2,1,1,0.8554391
2,0,0,0.31844974
2,1,1,0.7002379
2,1,0,0.44404435
2,1,1,0.56411624
2,1,1,0.5885224
2,1,1,0.82202005
2,0,1,0.51231706
2,1,1,0.6683208
2,1,1,0.67457056
2,0,1,0.5322648
2,0,0,0.3998775
2,0,1,0.6443926
2,0,1,0.5281741
2,0,1,0.6124836
2,1,1,0.53956276
2,1,1,0.5015821
2,0,0,0.494816
2,1,0,0.23416516
2,0,0,0.15424396
2,1,1,0.9044862
2,1,1,0.8701064
2,0,0,0.19747159
2,1,1,0.7694943
2,0,1,0.8461898
2,0,1,0.56592274
2,1,1,0.829629
2,0,1,0.67350525
2,0,1,0.65440243
2,0,0,0.1587928
2,0,0,0.14147532
2,1,1,0.85907006
2,1,1,0.5863803
2,0,0,0.42673504
2,0,0,0.48475263
2,1,1,0.85317224
2,0,0,0.45437285
2,1,1,0.5179152
2,1,1,0.660962
2,1,1,0.6514861
2,1,1,0.6112061
2,1,1,0.74168676
2,0,0,0.48243713
2,1,0,0.4324761
2,0,0,0.34786353
2,1,1,0.90101206
2,0,0,0.3750968
2,1,1,0.8240552
2,0,1,0.61620486
2,1,1,0.81536174
2,1,1,0.8596342
2,0,0,0.43435565
2,0,0,0.4405443
2,1,1,0.60819846
2,1,0,0.36985463
2,0,0,0.4450955
2,0,0,0.06828632
2,1,0,0.47693384
2,0,0,0.40984553
2,0,1,0.5641089
2,1,0,0.25743064
2,1,1,0.79353404
2,0,0,0.19418962
2,1,1,0.8585763
2,0,0,0.34278175
2,1,1,0.590163
2,1,0,0.4477416
2,0,1,0.58843964
2,0,0,0.46396548
2,0,0,0.074349925
2,0,1,0.572777
2,1,1,0.73581684
2,0,0,0.20914844
2,0,1,0.97698396
2,1,1,0.8261516
2,0,0,0.44530937
2,1,1,0.7378968
2,1,1,0.89655375
2,0,0,0.24626945
2,0,0,0.43599442
2,0,0,0.39100435
2,1,0,0.4732148
2,0,1,0.83037317
2,1,1,0.6343348
2,0,0,0.39979762
2,0,1,0.6677871
2,1,1,0.73571575
2,0,0,0.27673122
2,0,0,0.3069006
2,1,1,0.8059862
2,0,1,0.7363892
2,1,1,0.90218073
2,0,0,0.41058517
2,0,1,0.5679517
2,1,1,0.83415574
2,1,1,0.6441222
2,1,1,0.84224975
2,0,1,0.5137382
2,0,1,0.64680076
2,0,0,0.24060276
2,0,0,0.48697764
2,1,1,0.77983814
2,0,0,0.4403308
2,0,0,0.22932191
2,1,1,0.9503122
2,0,1,0.6859446
2,1,1,0.8305146
2,1,1,0.6615909
2,0,0,0.2246375
2,1,1,0.9284637
2,1,1,0.871411
2,0,0,0.3433803
2,0,1,0.86611986
2,0,1,0.62715757
2,1,1,0.66494644
2,1,1,0.87766117
2,0,1,0.61021507
2,1,1,0.8133414
2,1,1,0.7581584
2,1,0,0.3607376
2,1,0,0.43912846
2,0,0,0.4061481
2,1,1,0.5251137
2,0,0,0.29170647
2,1,1,0.50111187
2,1,1,0.8786919
2,1,0,0.37795365
2,0,0,0.3205974
2,1,1,0.6669283
2,1,1,0.6198601
2,0,0,0.32442012
2,0,0,0.23882356
2,0,1,0.6148821
2,1,0,0.3790619
2,0,0,0.3106194
2,1,1,0.5366581
2,1,0,0.4746974
2,1,0,0.3455278
2,0,0,0.086064026
2,0,1,0.908597
2,0,0,0.3204747
2,0,0,0.21605395
2,0,0,0.30644888
2,0,0,0.1919317
2,0,1,0.8174563
2,1,1,0.86630034
2,1,1,0.61387134
2,0,0,0.095369704
2,1,1,0.7179402
2,0,0,0.43098444
2,0,0,0.16080457
2,0,1,0.59345275
2,1,1,0.54853684
2,1,0,0.4811179
2,1,1,0.6498105
2,1,1,0.88173574
2,1,0,0.21391334
2,0,0,0.38900754
2,0,1,0.5846987
2,1,1,0.70021397
2,1,0,0.2687083
2,1,1,0.66413665
2,1,1,0.60402006
2,0,0,0.41886026
2,1,0,0.49151403
2,1,0,0.21408476
2,1,1,0.54055226
2,0,0,0.33194023
2,0,1,0.90733886
2,1,0,0.1364288
2,0,1,0.59476835
2,0,0,0.45401013
2,1,0,0.25188464
2,0,1,0.67659354
2,0,0,0.3655173
2,0,0,0.20603503
2,1,1,0.9319357
2,1,1,0.84498286
2,1,0,0.34987515
2,0,0,0.4314056
2,1,1,0.5386368
2,1,1,0.7213403
2,0,0,0.25473815
2,0,1,0.8202459
2,1,0,0.44879407
2,1,0,0.26271188
2,1,1,0.86372405
2,1,1,0.5377047
2,0,0,0.1790076
2,1,1,0.6475853
2,1,0,0.47676003
2,0,1,0.7731353
2,0,0,0.20092107
2,0,1,0.7158442
2,0,1,0.65095913
2,0,1,0.51087314
2,0,1,0.7440387
2,0,1,0.6248625
2,1,1,0.85210395
2,1,1,0.71412027
2,1,1,0.80939275
2,0,1,0.5448459
2,0,0,0.49606898
2,1,1,0.7758051
2,1,0,0.40462524
2,1,1,0.5249687
2,0,0,0.041398402
2,0,1,0.8740406
2,0,1,0.7575022
2,1,1,0.75699395
2,1,1,0.8217213
2,0,0,0.36783198
2,1,1,0.82974833
2,1,1,0.7610801
2,0,0,0.31969863
2,1,1,0.7910932
2,1,1,0.58250326
2,1,0,0.12550505
2,1,0,0.35671887
2,1,1,0.6234792
2,0,0,0.4794479
2,1,0,0.36047772
2,1,1,0.51097596
2,1,1,0.94177884
2,0,0,0.30884805
2,1,1,0.80116004
2,1,0,0.4695107
2,0,0,0.26761886
2,0,0,0.243247
2,1,1,0.78277737
2,0,1,0.5276
2,1,1,0.52078
2,1,1,0.6588436
2,1,1,0.6174165
2,0,1,0.52282035
2,1,1,0.57350624
2,0,1,0.55207574
2,1,1,0.6767292
2,1,1,0.7297067
2,1,0,0.47221133
2,1,1,0.75614
2,0,0,0.12633787
2,0,0,0.35560513
2,0,0,0.23338501
2,0,0,0.12307691
2,0,0,0.25830477
2,0,0,0.21709497
2,0,0,0.24705788
2,0,0,0.49120945
2,0,0,0.27958947
2,1,1,0.7800139
2,0,1,0.62701464
2,1,1,0.7439076
2,1,1,0.6956087
2,0,0,0.26612586
2,1,1,0.6679166
2,0,0,0.24244934
2,1,0,0.20251943
2,1,1,0.82873607
2,0,1,0.6096456
2,1,1,0.8419207
2,0,0,0.38173148
2,0,0,0.4623424
2,1,0,0.46135744
2,0,1,0.63884294
2,0,1,0.52765685
2,0,0,0.3087967
2,0,1,0.7344759
2,1,1,0.7241701
2,1,0,0.37219173
2,0,0,0.25407964
2,1,0,0.39253068
2,0,0,0.07660064
2,1,1,0.5639126
2,1,1,0.6287568
2,0,0,0.44900844
2,1,1,0.62717825
2,1,0,0.4944586
2,0,0,0.33434486
2,0,1,0.6148634
2,1,1,0.66621464
2,0,0,0.4086053
2,1,0,0.45159605
2,1,1,0.9124333
2,0,0,0.49750715
2,1,1,0.54657173
2,1,1,0.84023947
2,0,1,0.52836674
2,1,1,0.9120444
2,0,0,0.45174757
2,1,1,0.7851883
2,0,0,0.4408477
2,1,1,0.6075299
2,1,1,0.815563
2,0,1,0.6882991
2,0,1,0.5198903
2,0,0,0.47531235
2,1,1,0.5157697
2,1,0,0.41188973
2,0,0,0.4385942
2,0,1,0.6350003
2,1,1,0.61000496
2,0,0,0.49384764
2,0,1,0.5161746
2,1,1,0.5768967
2,0,0,0.36614043
2,1,1,0.7988945
2,0,0,0.27783605
2,1,0,0.4785259
2,1,1,0.851412
2,0,0,0.21667689
2,1,1,0.63726354
2,0,0,0.36787122
2,1,0,0.29467902
2,1,0,0.3842087
2,0,1,0.6330307
2,0,1,0.57459795
2,1,1,0.76391107
2,1,1,0.64936215
2,1,1,0.651
2,1,0,0.49677205
2,1,0,0.11179838
2,0,0,0.09655109
2,0,0,0.3264228
2,0,0,0.15032734
2,0,0,0.2675768
2,1,1,0.58868
2,1,1,0.74623656
2,0,0,0.32321605
2,1,0,0.30681026
2,0,1,0.61431706
2,1,0,0.43239853
2,0,0,0.31335706
2,1,1,0.7025534
2,0,1,0.59405583
2,0,0,0.08399844
2,0,0,0.1377717
2,1,0,0.4210232
2,1,0,0.38166037
2,1,1,0.70142376
2,0,1,0.53715396
2,0,1,0.56095254
2,0,1,0.6059848
2,0,0,0.2826313
2,1,1,0.9170727
2,1,0,0.37576798
2,0,0,0.40900052
2,1,1,0.9082517
2,0,0,0.22540946
2,1,1,0.90701383
2,0,0,0.48003182
2,1,0,0.47432926
2,1,1,0.94865155
2,0,1,0.7049649
2,1,0,0.3935711
2,0,1,0.5647457
2,0,0,0.2716597
2,1,1,0.8442817
2,1,1,0.8406039
2,0,1,0.6392116
2,1,1,0.59210545
2,1,0,0.33028454
2,0,0,0.16276582
2,1,1,0.83003694
2,0,0,0.06571079
2,0,0,0.19050683
2,1,1,0.8892281
2,1,1,0.8671994
2,0,1,0.50038636
2,1,1,0.7993847
2,1,1,0.8825315
2,0,1,0.6774645
2,1,0,0.37002066
2,0,1,0.7155857
2,1,0,0.2820722
2,0,0,0.24493806
2,0,0,0.27825454
2,1,1,0.6116474
2,1,1,0.82937026
2,0,1,0.59600145
2,1,0,0.37515944
2,1,1,0.7425923
2,0,1,0.7502181
2,1,1,0.8797132
2,0,0,0.31721115
2,0,0,0.3620667
2,0,0,0.22779681
2,0,0,0.34239477
2,1,1,0.7090114
2,0,0,0.33194238
2,0,0,0.098268956
2,1,1,0.83999664
2,0,1,0.8310369
2,0,1,0.64307654
2,0,0,0.4881698
2,0,0,0.38334897
2,1,1,0.92667377
2,0,0,0.3881469
2,1,0,0.42583385
2,1,1,0.69462186
2,0,1,0.5009863
2,0,0,0.15599164
2,0,0,0.26409698
2,1,1,0.9181825
2,1,1,0.685877
2,1,1,0.5732027
2,0,1,0.5802496
2,1,1,0.8566034
2,1,1,0.5961717
2,1,1,0.6796477
2,1,1,0.94452584
2,0,0,0.2921316
2,0,0,0.23137833
2,1,1,0.5404109
2,1,0,0.42128894
2,1,1,0.84071964
2,0,0,0.15428749
2,1,1,0.851019
2,0,0,0.43703538
2,0,0,0.21518654
2,0,0,0.4542827
2,0,0,0.18701912
2,1,1,0.8968375
2,0,1,0.5056007
2,1,1,0.6754501
2,1,1,0.8049895
2,0,1,0.6677039
2,0,1,0.6298857
2,0,0,0.39449415
2,0,0,0.22364151
2,0,1,0.7706541
2,1,1,0.9024918
2,0,0,0.3628754
2,1,1,0.75929666
2,0,0,0.38858798
2,0,1,0.70158726
2,0,1,0.5087099
2,0,0,0.24752593
2,1,1,0.7375681
2,0,0,0.4886429
2,0,1,0.54698443
2,1,1,0.7166208
2,0,1,0.56821084
2,1,1,0.803988
2,1,1,0.6947174
2,0,1,0.7098019
2,1,1,0.78019965
2,0,0,0.33399564
2,1,0,0.36233875
2,1,0,0.3744061
2,0,0,0.27680588
2,1,0,0.31726536
2,0,0,0.47377548
2,0,1,0.62561816
2,0,0,0.15584075
2,1,1,0.55928403
2,0,0,0.34876457
2,0,1,0.83916575
2,1,1,0.74672896
2,1,0,0.3596109
2,1,1,0.51668805
2,1,0,0.4393241
2,1,0,0.40284625
2,1,0,0.45528752
2,0,1,0.5582813
2,0,1,0.78149086
2,1,1,0.5476584
2,0,1,0.86208093
2,0,0,0.21944122
2,1,1,0.7801792
2,0,0,0.38472757
2,0,1,0.71851
2,0,1,0.7106704
2,1,1,0.5242206
2,1,0,0.47273675
2,0,0,0.24733692
2,1,1,0.8362974
2,1,0,0.37829635
2,0,1,0.54522824
2,1,1,0.56323457
2,1,0,0.37328056
2,0,1,0.67346853
2,1,1,0.7903493
2,1,0,0.41062146
2,0,0,0.49747846
2,0,1,0.65514594
2,0,1,0.54475206
2,0,1,0.66567665
2,0,0,0.4628996
2,1,0,0.36787218
2,1,1,0.6690902
2,0,0,0.40538228
2,1,0,0.4368049
2,0,0,0.45628637
2,0,1,0.6903558
2,0,0,0.4085533
2,0,1,0.559372
2,0,0,0.47090974
2,1,0,0.4788361
2,0,0,0.37378544
2,1,1,0.73970145
2,0,0,0.30628946
2,0,0,0.4122595
2,1,1,0.59782225
2,1,1,0.833157
2,1,1,0.6007506
2,1,1,0.7044856
2,0,0,0.14410184
2,1,1,0.8644435
2,1,1,0.57163715
2,1,1,0.6017404
2,1,1,0.76501185
2,0,1,0.6393559
2,0,0,0.06634005
2,0,0,0.13424297
2,1,1,0.68709135
2,0,0,0.3984947
2,0,0,0.1761761
2,0,1,0.58488935
2,1,1,0.7656135
2,0,0,0.48388648
2,1,1,0.9492902
2,1,1,0.76455927
2,1,1,0.90174615
2,1,1,0.8764372
2,1,0,0.46007502
2,1,1,0.51135945
2,0,0,0.49355686
2,0,0,0.062611096
2,1,1,0.7277069
2,0,0,0.4461799
2,0,0,0.40034372
2,0,1,0.5695494
2,0,1,0.65127385
2,0,0,0.41109532
2,0,0,0.34394577
2,0,0,0.3458141
2,0,1,0.64987856
2,1,0,0.46320215
2,0,0,0.2545436
2,0,0,0.4762181
2,1,0,0.28793654
2,1,1,0.79698014
2,1,1,0.8092497
2,0,1,0.70053244
2,1,1,0.5142209
2,1,1,0.8685844
2,0,0,0.24277703
2,1,1,0.5249687
2,0,1,0.5322988
2,0,1,0.57521373
2,1,1,0.94788396
2,1,1,0.7580867
2,0,0,0.2940828
2,0,0,0.44228265
2,0,0,0.39092323
2,0,0,0.29871476
2,0,0,0.28292504
2,0,1,0.8760791
2,0,1,0.9126747
2,0,0,0.35970253
2,0,1,0.5239705
2,1,1,0.7767769
2,1,0,0.37555882
2,1,1,0.5986329
2,0,0,0.43082252
2,1,1,0.6832117
2,0,0,0.4929181
2,0,1,0.5549908
2,1,1,0.72215044
2,1,1,0.503841
2,0,1,0.8454298
2,0,0,0.14395921
2,0,1,0.7978709
2,1,1,0.57702106
2,0,0,0.08751222
2,0,0,0.4468052
2,0,1,0.88520396
2,1,1,0.7894081
2,1,1,0.84505904
2,1,0,0.3181228
2,1,1,0.8532548
2,1,1,0.6593213
2,0,0,0.32538053
2,0,0,0.20957962
2,0,0,0.4970345
2,1,0,0.4116202
2,1,1,0.59241885
2,1,1,0.66817355
2,1,1,0.5929845
2,0,0,0.3118645
2,0,1,0.65265095
2,1,1,0.6408828
2,1,0,0.38294694
2,0,1,0.56540483
2,0,0,0.08049829
2,1,1,0.6087256
2,0,0,0.20151398
2,1,1,0.64886034
2,0,0,0.3552389
2,1,1,0.57236075
2,1,1,0.6468853
2,1,0,0.40150657
2,1,1,0.6126685
2,0,0,0.20344186
2,1,1,0.6961843
2,1,0,0.39170885
2,0,1,0.5714544
2,1,0,0.23665498
2,0,1,0.62344193
2,1,1,0.81455547
2,0,0,0.20478359
2,0,1,0.54439324
2,0,0,0.45638016
2,0,1,0.5308113
2,0,0,0.28058058
2,0,1,0.63445723
2,1,1,0.6653978
2,1,0,0.29153028
2,0,0,0.3543212
2,0,1,0.81145847
2,1,1,0.7002917
2,0,0,0.20521066
2,1,1,0.6940797
2,1,1,0.8491318
2,1,1,0.76420414
2,0,0,0.3204541
2,1,1,0.59396863
2,1,1,0.6989424
2,0,0,0.3111266
2,0,1,0.71202916
2,0,0,0.4359634
2,1,1,0.63695204
2,0,1,0.5982366
2,0,0,0.10637853
2,0,1,0.5994874
2,1,0,0.49714872
2,0,0,0.32434604
2,0,1,0.88887477
2,0,0,0.3842943
2,1,1,0.87852275
2,0,0,0.16653976
2,1,1,0.81463903
2,0,0,0.4086752
2,0,1,0.8312462
2,1,1,0.8339544
2,1,1,0.8226615
2,0,0,0.19225086
2,0,1,0.7825341
2,0,0,0.48007166
2,0,0,0.3988458
2,1,1,0.8030504
2,1,1,0.62976646
2,0,0,0.44149733
2,1,0,0.4462081
2,1,1,0.84624386
2,1,1,0.7714871
2,0,0,0.4291579
2,1,0,0.2952266
2,1,1,0.8245815
2,1,1,0.72547174
2,1,1,0.82347345
2,0,0,0.4773247
2,0,1,0.7599758
2,1,0,0.47803372
2,1,0,0.4108496
2,0,0,0.3984435
2,1,1,0.52647597
2,1,1,0.77754897
2,0,1,0.7212978
2,1,1,0.8441251
2,0,1,0.72138834
2,1,1,0.90566695
2,0,1,0.56825536
2,0,1,0.69075584
2,0,1,0.6980738
2,1,1,0.8405044
2,0,1,0.6782671
2,1,0,0.4581667
2,1,1,0.6053905
2,0,0,0.21218245
2,0,0,0.49135864
2,1,1,0.71403843
2,0,1,0.5072958
2,0,1,0.80357695
2,1,0,0.2508949
2,0,1,0.6291202
2,0,0,0.306777
2,1,1,0.52807945
2,0,0,0.46730024
2,1,1,0.56425244
2,1,1,0.67010075
2,0,0,0.41259825
2,1,1,0.6110456
2,1,1,0.7348345
2,1,0,0.383751
2,1,0,0.42015776
2,0,1,0.62556136
2,0,0,0.34755495
2,0,1,0.63087124
2,0,0,0.24424687
2,0,0,0.19894744
2,0,0,0.39084664
2,1,1,0.87268364
2,1,1,0.7187123
2,1,1,0.6622064
2,1,0,0.32115874
2,1,1,0.6929856
2,1,1,0.6845779
2,0,0,0.36974385
2,0,1,0.56079197
2,0,1,0.67380494
2,1,1,0.5823498
2,1,0,0.2947252
2,1,0,0.3445733
2,1,0,0.45338076
2,1,0,0.34375474
2,1,1,0.61469465
2,1,1,0.62425566
2,0,0,0.32654202
2,1,1,0.63590294
2,1,1,0.72211397
2,1,1,0.8222614
2,0,1,0.57521087
2,0,0,0.10186145
2,0,0,0.38667113
2,0,0,0.39563218
2,1,0,0.43855003
2,0,0,0.42763177
2,0,0,0.37782246
2,0,0,0.36360404
2,1,1,0.68593276
2,1,1,0.64509314
2,0,0,0.21799392
2,1,1,0.5883104
2,0,0,0.33312526
2,1,1,0.7667412
2,0,0,0.15998405
2,1,1,0.5520667
2,0,1,0.70497406
2,1,1,0.8002711
2,1,1,0.9297314
2,0,1,0.644267
2,0,1,0.732988
2,0,0,0.42497686
2,1,0,0.36443982
2,1,1,0.5088101
2,0,0,0.4338854
2,1,1,0.7606144
2,1,0,0.44998404
2,1,0,0.36428198
2,1,1,0.6978568
2,0,1,0.7993077
2,0,1,0.6152872
2,0,0,0.3036514
2,1,1,0.696844
2,0,1,0.5082997
2,1,0,0.39317304
2,0,0,0.38936937
2,1,1,0.76301444
2,1,1,0.8318803
2,0,1,0.684846
2,1,1,0.5265593
2,0,0,0.2357849
2,0,0,0.17120355
2,1,1,0.8659786
2,1,1,0.79527605
2,1,0,0.45556915
2,0,1,0.61273265
2,1,1,0.8099936
2,1,1,0.666418
2,1,1,0.7997466
2,0,1,0.7521052
2,0,1,0.6943513
2,0,0,0.37818888
2,1,1,0.8535347
2,0,0,0.28080228
2,0,0,0.3712749
2,1,1,0.8294942
2,1,1,0.87652963
2,0,1,0.61362916
2,1,1,0.9142095
2,0,0,0.36136732
2,0,0,0.2477703
2,1,1,0.86438924
2,0,0,0.43964902
2,0,1,0.64385855
2,1,1,0.8865757
2,0,1,0.9414811
2,1,1,0.52293456
2,1,0,0.37423754
2,1,1,0.83863896
2,1,0,0.33976617
2,1,0,0.3156125
2,1,0,0.21755442
2,0,0,0.20667475
2,1,1,0.5859046
2,1,1,0.51428443
2,0,1,0.735851
2,0,0,0.3676184
2,1,1,0.75617504
2,0,0,0.16317098
2,0,1,0.65178204
2,0,0,0.16955292
2,1,1,0.9413842
2,0,1,0.52302396
2,0,0,0.07776121
2,0,1,0.50251734
2,0,0,0.4778295
2,0,1,0.5959109
2,1,1,0.9120007
2,1,1,0.56231964
2,0,0,0.38784233
2,1,1,0.8417284
2,1,1,0.6892005
2,0,0,0.3079303
2,0,1,0.8611983
2,1,1,0.7397761
2,0,1,0.7385023
2,0,1,0.8524236
2,1,1,0.90085435
2,0,0,0.4163368
2,0,1,0.80834085
2,1,1,0.7440391
2,0,1,0.5731917
2,1,1,0.59651685
2,1,1,0.5580697
2,0,1,0.6477149
2,0,0,0.35197294
2,1,1,0.94617087
2,1,1,0.7677085
2,1,1,0.669524
2,0,0,0.072955206
2,0,1,0.57422227
2,1,1,0.7650769
2,0,1,0.5892637
2,0,0,0.49061924
2,0,0,0.18963413
2,0,0,0.30154586
2,1,0,0.3616804
2,0,1,0.66872746
2,0,1,0.80269825
2,0,1,0.5180921
2,1,1,0.5392902
2,1,1,0.6587014
2,1,1,0.5682045
2,0,1,0.5841172
2,0,1,0.624164
2,0,1,0.6244074
2,0,1,0.61192274
2,1,1,0.78223854
2,1,1,0.5272536
2,1,1,0.94617087
2,1,1,0.7677085
2,1,1,0.669524
2,0,0,0.072955206
2,0,1,0.57422227
2,1,1,0.7650768
2,0,1,0.5892637
2,0,0,0.49061924
2,0,0,0.18963413
2,0,0,0.30154586
2,1,0,0.3616804
2,0,1,0.66872746
2,1,1,0.8187278
2,1,0,0.26198578
2,0,0,0.4461116
2,0,0,0.07756904
2,0,0,0.30549845
2,1,1,0.6304556
2,1,1,0.7298379
2,0,0,0.22516339
2,0,1,0.7446963
2,0,0,0.4768717
2,0,0,0.1835407
2,1,1,0.7475233
2,1,1,0.6604059
2,0,0,0.26529774
2,1,1,0.59787494
2,0,0,0.088573
2,0,0,0.4141253
2,1,1,0.54396474
2,0,0,0.2238142
2,0,1,0.5095859
2,1,0,0.20050406
2,1,1,0.9165708
2,0,1,0.6171968
2,0,1,0.5389791
2,0,0,0.37131244
2,1,1,0.72039086
2,0,1,0.67684686
2,1,1,0.5354966
2,1,1,0.82025737
2,1,1,0.52716374
2,0,0,0.46727163
2,0,0,0.08144271
2,1,1,0.6083565
2,1,1,0.5376157
2,0,0,0.470969
2,1,1,0.57969713
2,1,1,0.74799865
2,0,0,0.48156446
2,0,1,0.5105106
2,0,0,0.10428599
2,1,1,0.7645623
2,1,1,0.73649
2,1,1,0.8253419
2,1,1,0.60181034
2,0,1,0.62567234
2,0,0,0.47552767
2,1,1,0.755891
2,0,1,0.8123979
2,1,1,0.58470947
2,0,1,0.5001023
2,1,1,0.8745884
2,1,1,0.76921135
2,0,0,0.43984672
2,1,1,0.751123
2,1,0,0.2847773
2,0,0,0.34447384
2,0,0,0.19587249
2,0,0,0.15552165
2,1,1,0.53886294
2,0,0,0.31802705
2,0,1,0.53977966
2,1,1,0.6547008
2,1,1,0.6733977
2,0,0,0.36981186
2,0,0,0.17235716
2,0,1,0.52718484
2,1,1,0.66645896
2,1,1,0.62624717
2,0,1,0.56579614
2,1,0,0.4075339
2,0,1,0.6779095
2,1,1,0.5309495
2,0,1,0.57685983
2,0,1,0.72326314
2,0,1,0.5706069
2,1,1,0.5409474
2,0,1,0.5819578
2,1,1,0.6128345
2,0,0,0.15455869
2,1,1,0.5451824
2,0,0,0.11320567
2,0,0,0.35103863
2,0,0,0.37240663
2,1,1,0.6634277
2,0,1,0.662777
2,0,0,0.4963044
2,1,1,0.6353494
2,1,0,0.43310538
2,0,1,0.6172287
2,0,0,0.40067425
2,1,1,0.5825224
2,0,0,0.124232665
2,1,1,0.58519346
2,1,1,0.77065736
2,1,1,0.66656154
2,0,1,0.65018415
2,0,0,0.33070356
2,1,0,0.45131168
2,0,0,0.35621628
2,0,0,0.22595716
2,0,1,0.72173464
2,1,1,0.5242169
2,0,0,0.2816557
2,0,1,0.72225994
2,0,1,0.7326366
2,1,1,0.87210095
2,0,1,0.7886912
2,1,1,0.7049925
2,0,0,0.3080709
2,1,1,0.76247543
2,0,0,0.4581186
2,1,1,0.8108282
2,0,0,0.44033632
2,1,1,0.64146394
2,0,1,0.52618885
2,0,0,0.20038205
2,0,0,0.3905269
2,1,1,0.77164227
2,0,1,0.760621
2,1,1,0.60568655
2,0,0,0.47630042
2,0,0,0.07697302
2,1,1,0.8807879
2,0,1,0.7615061
2,0,0,0.473674
2,0,1,0.68077904
2,1,1,0.69853145
2,0,0,0.4351792
2,1,1,0.6841222
2,1,1,0.5561242
2,0,1,0.63613933
2,1,1,0.9527491
2,1,1,0.8605039
2,1,1,0.73082566
2,0,0,0.44591564
2,1,1,0.8836109
2,0,1,0.76422334
2,0,0,0.32120582
2,0,1,0.7100761
2,1,1,0.6778735
2,0,0,0.35626435
2,1,1,0.77057564
2,0,1,0.7064761
2,1,1,0.8386011
2,0,0,0.16355291
2,0,0,0.11948362
2,1,1,0.8936942
2,0,1,0.6672436
2,0,1,0.71108276
2,0,0,0.18306014
2,1,0,0.48582774
2,0,0,0.40572622
2,0,0,0.3778564
2,1,0,0.30591595
2,1,0,0.23493852
2,0,0,0.13098474
2,1,0,0.49698266
2,0,0,0.48735803
2,0,1,0.5938063
2,1,0,0.31525692
2,0,1,0.5562338
2,0,1,0.5095859
2,0,0,0.20050406
2,0,1,0.58020014
2,1,1,0.5087487
2,1,1,0.7585571
2,0,0,0.32183614
2,1,0,0.33822024
2,0,0,0.4141253
2,0,0,0.38676006
2,0,0,0.33178788
2,0,0,0.14244658
2,0,0,0.37050906
2,1,1,0.69747156
2,1,1,0.6044123
2,1,0,0.19180244
2,1,1,0.92600757
2,0,1,0.61852133
2,1,1,0.6585202
2,0,0,0.36152697
2,0,1,0.5686475
2,0,1,0.5591782
2,1,1,0.699185
2,0,0,0.4987655
2,1,1,0.67997795
2,1,1,0.5036215
2,0,0,0.3796275
2,1,1,0.62487906
2,1,0,0.28472185
2,1,0,0.4282659
2,1,1,0.74875075
2,1,1,0.54441863
2,1,1,0.7974127
2,0,1,0.58134836
2,0,0,0.4578779
2,0,0,0.2893431
2,1,1,0.93122613
2,0,1,0.7874975
2,0,0,0.4048138
2,1,1,0.80348426
2,1,0,0.43108392
2,0,0,0.30433372
2,0,0,0.22170912
2,0,0,0.15154602
2,1,1,0.639149
2,0,0,0.2735806
2,1,1,0.68793494
2,0,1,0.6768938
2,0,0,0.4385254
2,0,0,0.41532722
2,1,1,0.71510196
2,1,0,0.421062
2,1,1,0.79305595
2,0,0,0.39976105
2,1,0,0.4659123
2,0,0,0.47459784
2,1,1,0.51668924
2,0,0,0.4885263
2,0,0,0.4636931
2,0,1,0.72754097
2,1,1,0.6775518
2,0,0,0.35900477
2,0,1,0.5664929
2,1,1,0.71510196
2,0,0,0.39810276
2,1,1,0.7398433
2,1,1,0.73333555
2,1,0,0.40367788
2,0,1,0.8304546
2,0,0,0.38704634
2,1,1,0.5204342
2,1,1,0.79742485
2,1,0,0.2909323
2,1,1,0.6654275
2,1,0,0.26313943
2,1,1,0.78183675
2,1,0,0.41170454
2,1,1,0.5332433
2,1,1,0.799019
2,0,1,0.524135
2,0,1,0.5298143
2,0,0,0.10100501
2,1,0,0.49083322
2,0,0,0.41843855
2,0,0,0.21880801
2,1,1,0.73803616
2,0,0,0.09267741
2,1,1,0.5028819
2,0,1,0.5378881
2,1,0,0.3963521
2,0,0,0.3269054
2,1,1,0.50115186
2,0,0,0.38090232
2,0,0,0.43194842
2,1,1,0.62596077
2,0,1,0.732749
2,0,1,0.73134106
2,0,0,0.21199258
2,1,1,0.50992584
2,0,0,0.35423765
2,1,0,0.27630007
2,0,1,0.57664204
2,1,0,0.47401798
2,0,0,0.45019698
2,1,0,0.34216505
2,0,0,0.47489834
2,0,0,0.14709726
2,0,0,0.24038069
2,0,0,0.2487944
2,1,1,0.57787937
2,0,0,0.40024093
2,0,1,0.8915076
2,0,0,0.4511737
2,0,1,0.7098706
2,0,1,0.6363048
2,1,1,0.6169775
2,0,1,0.51771957
2,1,1,0.75210416
2,0,1,0.7035665
2,1,1,0.5756358
2,0,0,0.49677247
2,1,1,0.8226731
2,1,1,0.74332386
2,1,1,0.59352547
2,1,1,0.7502521
2,1,1,0.71312296
2,0,1,0.57506585
2,0,0,0.4768347
2,0,1,0.70689553
2,1,1,0.89632607
2,1,1,0.6590745
2,1,1,0.66350013
2,1,1,0.7118682
2,0,1,0.61778915
2,0,1,0.5225668
2,1,1,0.6048501
2,0,1,0.78109217
2,0,1,0.62628096
2,0,1,0.70852995
2,0,1,0.59862196
2,1,1,0.80977094
2,1,1,0.55180246
2,1,1,0.54930365
2,0,0,0.34633565
2,0,1,0.5938688
2,1,1,0.65509486
2,0,1,0.6124652
2,1,0,0.41290677
2,0,1,0.69395983
2,1,1,0.58432716
2,1,1,0.68995744
2,0,0,0.15340796
2,0,0,0.23176768
2,0,0,0.33259562
2,0,0,0.18479453
2,0,0,0.42896897
2,1,1,0.587732
2,1,1,0.7278241
2,1,1,0.61401683
2,1,1,0.71671456
2,1,1,0.52785015
2,1,0,0.45278388
2,1,1,0.72068006
2,1,1,0.76348954
2,1,1,0.5621177
2,0,0,0.40932462
2,1,1,0.5914158
2,1,1,0.5674796
2,1,1,0.673259
2,0,1,0.5033913
2,1,1,0.5888949
2,1,1,0.79163945
2,1,1,0.7441711
2,0,0,0.43201795
2,0,1,0.6480335
2,0,1,0.691066
2,0,0,0.49816388
2,0,0,0.3532898
2,0,0,0.45401987
2,0,0,0.48797533
2,0,1,0.5481755
2,0,1,0.66847837
2,0,1,0.70621514
2,0,1,0.6245631
2,0,1,0.6552652
2,0,1,0.6113621
2,1,1,0.5705003
2,1,1,0.7663153
2,0,1,0.6983635
2,0,1,0.5377727
2,0,0,0.2756477
2,0,0,0.49490935
2,1,1,0.67088753
2,0,0,0.26829305
2,0,0,0.45312992
2,0,1,0.89530754
2,0,1,0.64844966
2,0,1,0.77302134
2,0,0,0.43926263
2,0,0,0.2371323
2,0,0,0.20535731
2,0,0,0.19499753
2,1,1,0.705694
2,0,0,0.44351226
2,0,1,0.74641716
2,0,0,0.17330143
2,0,0,0.18507884
2,1,1,0.8362978
2,0,1,0.5265556
2,0,0,0.46493423
2,0,1,0.51981133
2,0,0,0.35182634
2,1,1,0.7031092
2,0,1,0.79058963
2,0,1,0.5082648
2,0,1,0.60130674
2,0,1,0.7612437
2,0,1,0.5911912
2,0,1,0.51241255
2,1,0,0.4983698
2,1,1,0.6270743
2,1,0,0.16607077
2,1,0,0.3509189
2,0,1,0.50580716
2,1,0,0.3859694
2,1,1,0.5316263
2,1,0,0.39184734
2,0,0,0.2512507
2,1,1,0.51639354
2,1,1,0.62304527
2,1,1,0.5897558
2,1,0,0.4976067
2,0,0,0.19575052
2,1,0,0.23644912
2,1,0,0.4065781
2,1,0,0.36968726
2,1,0,0.46427876
2,1,0,0.49137792
2,1,0,0.23413609
2,1,0,0.3142469
2,1,0,0.36210892
2,1,1,0.7293272
2,1,1,0.7157427
2,0,1,0.5060034
2,1,1,0.68112236
2,1,1,0.6106849
2,0,0,0.48639458
2,1,1,0.63281965
2,0,0,0.33304855
2,0,1,0.6121907
2,1,1,0.66458493
2,1,1,0.64377564
2,0,1,0.6027247
2,0,0,0.30126795
2,0,0,0.31490332
2,0,1,0.5914151
2,1,0,0.3658631
2,0,0,0.23893337
2,0,0,0.33267584
2,0,0,0.48261756
2,0,0,0.44700888
2,1,1,0.7291178
2,0,1,0.69346017
2,0,1,0.64925504
2,0,0,0.49117276
2,1,1,0.6113921
2,1,1,0.5775099
2,1,0,0.25781745
2,0,0,0.4227376
2,1,0,0.35994068
2,1,0,0.41495875
2,0,0,0.47045496
2,0,0,0.4958259
2,0,1,0.5935203
2,1,1,0.5483653
2,0,0,0.29843912
2,0,1,0.595623
2,1,1,0.7524333
2,0,1,0.55854446
2,0,1,0.5002849
2,1,1,0.78727347
2,1,0,0.45123616
2,1,0,0.4067177
2,0,0,0.40443814
2,0,1,0.60091555
2,0,1,0.65375227
2,0,0,0.26401386
2,1,0,0.49314442
2,0,0,0.41007084
2,1,1,0.62483233
2,0,1,0.51022714
2,0,1,0.54522943
2,0,0,0.42654878
2,0,0,0.22472495
2,1,0,0.43973026
2,1,0,0.3104093
2,1,0,0.4940419
2,0,1,0.8348238
2,0,1,0.72428894
2,1,1,0.6124694
2,0,0,0.35144928
2,0,1,0.5055823
2,0,1,0.5572965
2,1,1,0.7080629
2,1,1,0.64089537
2,1,1,0.66459006
2,1,1,0.822836
2,0,0,0.4894402
2,0,1,0.5410426
2,0,0,0.35605982
2,0,1,0.5469675
2,0,0,0.34309357
2,1,1,0.7031487
2,1,0,0.47472024
2,1,1,0.6525543
2,0,1,0.5885853
2,1,1,0.8043975
2,1,1,0.6213043
2,1,1,0.6562118
2,0,1,0.5298389
2,0,1,0.52989095
2,0,1,0.68089086
2,1,1,0.6029202
2,0,1,0.74544287
2,1,1,0.74337184
2,1,1,0.5805799
2,0,0,0.48490193
2,0,0,0.25255957
2,0,0,0.4118004
2,1,1,0.6932515
2,1,1,0.94976926
2,1,1,0.5881018
2,1,1,0.7739536
2,1,1,0.53147805
2,0,0,0.10371029
2,0,1,0.9150261
2,1,1,0.59521693
2,0,0,0.0926264
2,0,0,0.36077857
2,0,0,0.3286578
2,0,0,0.08919032
2,0,1,0.8650517
2,1,1,0.6603677
2,0,0,0.4379511
2,1,1,0.7083493
2,0,0,0.23246275
2,1,0,0.33009678
2,0,0,0.40768316
2,1,0,0.28418735
2,1,0,0.2480149
2,1,1,0.5712341
2,0,0,0.27575156
2,0,0,0.30193436
2,1,0,0.3350136
2,1,0,0.45572585
2,0,0,0.38475728
2,1,0,0.15638383
2,0,0,0.3539708
2,1,1,0.66182905
2,0,0,0.33426598
2,1,1,0.50363904
2,1,0,0.16156363
2,0,0,0.2954693
2,0,0,0.2555606
2,0,0,0.30142114
2,0,0,0.08643744
2,0,0,0.19044116
2,0,1,0.52132314
2,0,0,0.20630457
2,0,0,0.16942742
2,0,0,0.48019478
2,1,1,0.53505623
2,0,0,0.13052502
2,0,0,0.23174049
2,0,0,0.21126969
2,1,0,0.32789963
2,0,0,0.2996686
2,0,0,0.12715499
2,0,0,0.15229684
2,1,0,0.11699384
2,0,0,0.16142185
2,0,0,0.117676154
2,1,0,0.10779883
2,1,1,0.7232087
2,0,0,0.4655974
2,0,0,0.43864566
2,0,1,0.68328017
2,1,1,0.6642254
2,1,0,0.28237292
2,1,1,0.63529354
2,0,1,0.5713447
2,0,0,0.4436579
2,1,1,0.70096326
2,1,1,0.5325559
2,0,0,0.396362
2,1,1,0.91709507
2,1,1,0.7379812
2,0,0,0.44884267
2,0,0,0.38680738
2,0,1,0.7457719
2,1,1,0.75363237
2,1,1,0.6470806
2,1,1,0.81706667
2,0,0,0.22883044
2,0,1,0.5518874
2,0,1,0.62724257
2,1,1,0.7969084
2,0,0,0.47830084
2,0,0,0.41629192
2,0,0,0.3079043
2,1,0,0.20827423
2,1,1,0.68323517
2,0,0,0.15860598
2,1,1,0.51795906
2,1,1,0.53081447
2,0,0,0.20284836
2,1,1,0.83588487
2,1,1,0.73507625
2,0,1,0.5048491
2,0,1,0.71408844
2,0,1,0.52878845
2,0,1,0.56859654
2,0,1,0.5236205
2,0,1,0.57843894
2,0,1,0.51505876
2,0,0,0.4734116
2,1,1,0.69057167
2,0,0,0.49368307
2,0,1,0.6208303
2,1,1,0.6986063
2,1,1,0.59787244
2,1,1,0.6915057
2,1,1,0.7255786
2,0,1,0.5199931
2,1,1,0.7467889
2,0,1,0.7168874
2,0,1,0.6317786
2,1,1,0.65057844
2,1,1,0.5905179
2,0,0,0.11143044
2,1,0,0.24632242
2,0,0,0.31037915
2,1,1,0.671466
2,0,0,0.10649814
2,1,0,0.24301778
2,1,0,0.2789533
2,0,0,0.3087849
2,1,1,0.6511674
2,1,1,0.5189026
2,0,0,0.4860515
2,1,1,0.63356954
2,0,0,0.26627636
2,1,1,0.5689224
2,0,0,0.49687803
2,0,0,0.32277521
2,0,0,0.37471107
2,1,0,0.40515202
2,0,0,0.3374894
2,0,1,0.5140536
2,0,1,0.5974093
2,1,0,0.43323177
2,1,0,0.47216207
2,0,0,0.38752508
2,1,0,0.48368046
2,0,0,0.16619423
2,1,1,0.6466143
2,0,1,0.6312267
2,1,0,0.3402816
2,0,0,0.3686185
2,0,0,0.11655077
2,0,1,0.57443297
2,0,1,0.5119641
2,0,0,0.3161973
2,0,1,0.5171454
2,1,0,0.3542183
2,0,0,0.46884546
2,1,1,0.63497424
2,0,0,0.15937749
2,1,1,0.6198364
2,1,1,0.6073253
2,0,0,0.08205939
2,0,0,0.20058566
2,1,1,0.5205778
2,0,0,0.06564709
2,0,1,0.61249435
2,1,1,0.6722603
2,1,1,0.6992263
2,0,1,0.5241375
2,1,1,0.61608046
2,1,1,0.5976091
2,0,0,0.3172403
2,0,1,0.5699588
2,0,1,0.65657836
2,1,1,0.7631614
2,1,0,0.47164476
2,1,0,0.43987682
2,1,1,0.5308967
2,0,1,0.5990339
2,1,1,0.59436244
2,1,1,0.6895564
2,0,0,0.46982697
2,0,0,0.41950038
2,0,0,0.22366408
2,1,1,0.5825903
2,0,0,0.1917612
2,0,0,0.12064587
2,1,1,0.51846373
2,1,1,0.78602815
2,0,0,0.2039004
2,0,0,0.14424168
2,0,0,0.4318051
2,0,0,0.2512427
2,0,1,0.6573014
2,1,1,0.5435129
2,0,1,0.6728576
2,1,0,0.4609787
2,1,0,0.3578905
2,1,1,0.76325184
2,1,1,0.5494483
2,1,1,0.5976715
2,0,1,0.51430714
2,1,1,0.6984131
2,0,1,0.63781947
2,0,1,0.600807
2,0,0,0.39556676
2,0,1,0.73926157
2,0,1,0.661448
2,1,1,0.75715375
2,1,1,0.6895558
2,0,1,0.69217265
2,0,1,0.8309132
2,0,0,0.2099129
2,0,0,0.20515378
2,1,1,0.7831797
2,0,0,0.13582066
2,1,0,0.2240324
2,1,1,0.53209275
2,0,0,0.23602863
2,1,1,0.78338027
2,1,1,0.6061926
2,0,0,0.4654599
2,1,0,0.35611632
2,0,0,0.18326709
2,0,1,0.7155676
2,0,0,0.29737768
2,0,1,0.5202416
2,1,1,0.586894
2,1,1,0.64276123
2,1,1,0.68066746
2,1,1,0.6092989
2,1,1,0.7719702
2,0,1,0.6117427
2,0,1,0.51527774
2,0,0,0.4682015
2,1,0,0.46745127
2,0,1,0.5012087
2,1,1,0.65411526
2,0,1,0.55400395
2,0,0,0.18111664
2,1,1,0.6418263
2,1,1,0.61361086
2,1,1,0.53516674
2,1,1,0.7226164
2,1,0,0.47409686
2,0,1,0.609637
2,1,1,0.6349523
2,1,0,0.36790434
2,0,1,0.59107286
2,0,0,0.11717128
2,1,1,0.52563
2,1,1,0.7393407
2,1,0,0.46567303
2,0,1,0.53268707
2,0,0,0.3655659
2,1,1,0.80858856
2,0,1,0.5867293
2,0,0,0.13023584
2,0,1,0.53316134
2,0,1,0.5818463
2,0,1,0.52106947
2,0,1,0.70959896
2,0,0,0.42105797
2,0,0,0.36190048
2,1,1,0.8569633
2,1,1,0.82985806
2,1,0,0.39458808
2,1,1,0.6424896
2,0,0,0.34570822
2,1,0,0.21310443
2,1,1,0.82485867
2,1,1,0.58051616
2,0,1,0.6805832
2,1,0,0.41999277
2,1,1,0.86120725
2,1,1,0.7979068
2,1,1,0.90184367
2,1,0,0.36324745
2,0,0,0.28480637
2,0,0,0.29153484
2,0,0,0.07614142
2,0,0,0.20649925
2,1,1,0.64195806
2,0,0,0.26706433
2,0,0,0.1658976
2,0,0,0.33325386
2,1,1,0.8099989
2,0,0,0.29202962
2,0,0,0.18774183
2,1,0,0.4939495
2,1,1,0.56557107
2,0,0,0.16186447
2,0,0,0.1307059
2,0,0,0.10368438
2,1,0,0.4111224
2,1,0,0.40262547
2,1,1,0.5403288
2,0,0,0.13904846
2,0,1,0.6765475
2,0,1,0.6145642
2,0,1,0.7818047
2,1,0,0.196829
2,0,0,0.46264637
2,0,0,0.23030417
2,1,1,0.80477726
2,0,0,0.16652705
2,0,0,0.068040624
2,0,0,0.36361828
2,0,0,0.27578998
2,0,0,0.20715255
2,1,1,0.71739876
2,0,0,0.31658098
2,0,1,0.79855275
2,0,0,0.12449347
2,0,0,0.23360077
2,1,0,0.25532636
2,0,0,0.3212481
2,0,0,0.07844873
2,0,0,0.31917286
2,0,0,0.24772775
2,0,0,0.15075062
2,0,1,0.54238385
2,0,0,0.38489723
2,0,0,0.16342343
2,1,1,0.50815946
2,0,0,0.480101
2,1,0,0.44618806
2,0,1,0.53949666
2,0,0,0.4641806
2,1,1,0.64535946
2,1,0,0.4749886
2,1,0,0.36618516
2,0,0,0.4814542
2,1,1,0.77247703
2,0,1,0.5614164
2,0,1,0.7158906
2,0,0,0.4735046
2,1,1,0.65819263
2,0,0,0.24283229
2,0,1,0.6351379
2,0,0,0.24359924
2,1,1,0.5890514
2,1,1,0.86869067
2,1,1,0.75949055
2,0,0,0.46080518
2,0,0,0.058422334
2,1,0,0.44713458
2,1,1,0.5831951
2,1,0,0.23122273
2,0,0,0.44669104
2,0,1,0.5238477
2,0,0,0.32446858
2,1,1,0.78620887
2,0,1,0.69460166
2,0,0,0.09586737
2,0,0,0.3155853
2,1,0,0.46327156
2,0,0,0.22268395
2,1,1,0.60780084
2,1,0,0.44385424
2,1,0,0.47262973
2,0,0,0.08590589
2,1,1,0.57409924
2,0,1,0.7795922
2,0,0,0.19717799
2,1,1,0.7251941
2,1,1,0.68584025
2,1,1,0.78600115
2,1,1,0.65970165
2,1,1,0.62364894
2,1,1,0.5311639
2,0,1,0.81824017
2,0,0,0.41765
2,0,1,0.7474204
2,0,0,0.3195919
2,0,0,0.46039152
2,0,1,0.5243048
2,1,1,0.7806885
2,0,1,0.69192475
2,0,1,0.51110774
2,0,1,0.591387
2,0,0,0.3171311
2,0,1,0.60506344
2,1,0,0.37451598
2,0,1,0.681127
2,0,0,0.47122213
2,1,0,0.4785098
2,1,0,0.48371902
2,1,0,0.46784344
2,1,1,0.5000317
2,1,0,0.38643602
2,1,0,0.3052062
2,1,0,0.2984229
2,1,0,0.4443761
2,1,0,0.4645251
2,1,0,0.47889388
2,1,0,0.36884248
2,1,0,0.49835068
2,1,0,0.49193695
2,1,0,0.3388269
2,1,1,0.9320857
2,0,1,0.66672546
2,1,1,0.7007389
2,1,1,0.80802536
2,1,0,0.43126252
2,0,0,0.4098396
2,0,1,0.5854289
2,0,1,0.8953272
2,1,1,0.7416777
2,0,1,0.69980645
2,1,1,0.77895373
2,1,1,0.6160873
2,0,0,0.14813308
2,1,1,0.82861483
2,0,1,0.7834427
2,1,1,0.9195781
2,1,1,0.69892496
2,1,1,0.7832679
2,0,0,0.38765037
2,0,0,0.41669378
2,0,1,0.80636317
2,1,1,0.71495473
2,1,1,0.6205056
2,0,1,0.54523456
2,0,1,0.8079099
2,0,1,0.64778227
2,1,1,0.79747874
2,1,1,0.5048546
2,0,1,0.6222377
2,1,1,0.7278994
2,0,1,0.62868726
2,0,1,0.5325319
2,0,0,0.27602044
2,0,1,0.6035917
2,0,0,0.36131096
2,1,1,0.7202198
2,1,1,0.5050155
2,1,1,0.76728576
2,0,1,0.6695968
2,0,0,0.4096083
2,1,1,0.5744915
2,0,1,0.707439
2,1,0,0.48398012
2,1,1,0.625172
2,0,0,0.4908524
2,1,1,0.5810898
2,1,1,0.59749055
2,0,0,0.08314633
2,0,0,0.27063566
2,1,1,0.713028
2,0,0,0.083791465
2,1,0,0.31160918
2,0,0,0.31374857
2,1,1,0.80431885
2,1,1,0.6923086
2,1,1,0.8295197
2,0,0,0.12073786
2,0,0,0.31746614
2,0,0,0.12401254
2,0,0,0.31579304
2,0,0,0.47252157
2,0,0,0.31209627
2,1,1,0.7311453
2,1,1,0.82198083
2,0,0,0.41765767
2,1,1,0.652926
2,0,0,0.04926797
2,0,0,0.22733414
2,0,0,0.48493367
2,1,0,0.44078252
2,0,0,0.44599974
2,1,1,0.5346567
2,1,1,0.63383114
2,1,1,0.5040641
2,0,0,0.303166
2,0,1,0.59185797
2,0,0,0.2604653
2,0,1,0.54624677
2,1,1,0.5357888
2,0,1,0.570014
2,0,1,0.93857586
2,0,1,0.6386575
2,1,0,0.4009482
2,1,1,0.6034302
2,0,0,0.42977718
2,1,1,0.751276
2,0,0,0.37604862
2,0,0,0.2879628
2,1,0,0.47134462
2,0,1,0.6449064
2,1,1,0.8339404
2,0,0,0.30858982
2,1,0,0.16011468
2,0,0,0.3353664
2,0,1,0.5323791
2,1,1,0.7115318
2,0,1,0.8001612
2,1,0,0.35366425
2,1,1,0.8793172
2,0,1,0.6716366
2,1,1,0.6494145
2,0,0,0.15007992
2,1,1,0.7168052
2,1,0,0.47198924
2,1,1,0.7628898
2,0,1,0.8430454
2,0,1,0.6625509
2,1,0,0.4254335
2,0,0,0.1447228
2,0,1,0.609306
2,0,1,0.5526404
2,0,1,0.52730495
2,1,0,0.4735022
2,0,0,0.42505923
2,0,0,0.29886442
2,0,0,0.45635402
2,1,1,0.55576736
2,1,1,0.77131766
2,1,1,0.83968955
2,0,0,0.29210195
2,1,0,0.42918754
2,0,0,0.18704228
2,1,1,0.82818127
2,1,1,0.66889226
2,0,1,0.66774875
2,0,0,0.33582553
2,1,1,0.7485475
2,0,1,0.6701938
2,0,1,0.6828457
2,1,1,0.61645764
2,0,1,0.5142961
2,1,1,0.73824877
2,1,1,0.84083146
2,0,0,0.46667638
2,0,1,0.57130593
2,0,0,0.48443475
2,1,1,0.8253943
2,0,1,0.75179636
2,1,1,0.69198674
2,1,1,0.8564662
2,0,0,0.4816505
2,0,0,0.1792811
2,1,1,0.5952473
2,0,0,0.20352152
2,1,1,0.60087496
2,1,1,0.67512655
2,0,0,0.48579252
2,0,1,0.5169002
2,1,0,0.39450634
2,0,0,0.08693602
2,1,0,0.27714103
2,1,0,0.3158584
2,0,0,0.3546447
2,0,0,0.26435393
2,0,1,0.5908131
2,0,0,0.43452758
2,1,1,0.7017769
2,1,1,0.71148545
2,1,1,0.5055898
2,1,1,0.88370985
2,1,1,0.5118169
2,0,1,0.5617203
2,0,0,0.3549447
2,1,1,0.63078547
2,0,0,0.4672127
2,0,0,0.37106562
2,1,1,0.6833094
2,0,0,0.38768467
2,1,1,0.8745498
2,0,0,0.45737323
2,0,1,0.539294
2,1,1,0.62297744
2,1,1,0.78502256
2,1,0,0.48732513
2,0,0,0.060454685
2,1,1,0.9290291
2,0,1,0.5959663
2,1,1,0.80449015
2,1,0,0.46623996
2,0,0,0.09806484
2,1,1,0.5738996
2,0,1,0.7143612
2,0,1,0.75090617
2,1,1,0.8001375
2,0,0,0.16635315
2,0,0,0.18499638
2,1,0,0.43743557
2,0,0,0.4691616
2,0,0,0.47126427
2,1,1,0.72286546
2,0,0,0.25393558
2,1,1,0.94109684
2,1,1,0.7222878
2,0,0,0.35505262
2,1,0,0.48897547
2,0,1,0.54970795
2,0,1,0.5657132
2,1,1,0.7971278
2,0,1,0.66037637
2,0,1,0.55791366
2,1,0,0.39426786
2,0,1,0.72411436
2,1,1,0.7988064
2,0,0,0.3205649
2,0,1,0.5301945
2,0,0,0.22241879
2,0,0,0.28244337
2,1,1,0.77928376
2,1,1,0.72298396
2,1,0,0.39084223
2,1,1,0.7598141
2,1,1,0.6974955
2,0,0,0.42041203
2,1,0,0.45448366
2,0,1,0.68999904
2,0,0,0.26810956
2,0,0,0.16113202
2,1,1,0.6007503
2,0,0,0.4394996
2,1,1,0.7570636
2,0,0,0.18785916
2,0,1,0.5695838
2,1,1,0.95021755
2,0,1,0.7527563
2,1,1,0.6915062
2,0,0,0.075378716
2,1,0,0.42898238
2,0,0,0.07747664
2,0,0,0.3547403
2,1,0,0.2955623
2,0,1,0.59060353
2,0,0,0.39025223
2,0,0,0.14829856
2,0,1,0.54763263
2,1,0,0.3741777
2,1,0,0.18415068
2,1,1,0.8087511
2,1,1,0.61367005
2,0,0,0.30739886
2,0,0,0.37128305
2,0,0,0.44677258
2,1,1,0.5630541
2,0,1,0.57059795
2,0,0,0.45027015
2,1,1,0.8437785
2,0,1,0.56544524
2,0,0,0.4871281
2,0,0,0.08237764
2,0,0,0.22020636
2,1,1,0.5773696
2,0,0,0.34537753
2,0,1,0.5272414
2,0,1,0.6341468
2,1,1,0.8038637
2,0,0,0.16121721
2,1,1,0.5831409
2,1,1,0.7001138
2,1,0,0.48453438
2,0,0,0.4052762
2,0,0,0.44850215
2,1,1,0.55825776
2,0,0,0.4923615
2,1,1,0.522138
2,1,1,0.8507105
2,1,1,0.6370914
2,1,1,0.56578785
2,1,0,0.46674535
2,0,0,0.34149042
2,0,1,0.7405529
2,0,1,0.65765107
2,1,0,0.46545166
2,1,1,0.72133565
2,0,0,0.47491977
2,0,0,0.45789117
2,0,0,0.3092737
2,1,0,0.4782754
2,0,1,0.7621499
2,0,0,0.24656858
2,1,1,0.8044419
2,0,1,0.60184276
2,1,1,0.6127952
2,0,1,0.6038113
2,1,1,0.76834536
2,1,1,0.7403069
2,1,0,0.35921216
2,1,0,0.4128041
2,0,0,0.2808764
2,0,1,0.59796286
2,1,1,0.8952267
2,0,0,0.1567195
2,1,1,0.6613105
2,0,0,0.080614306
2,1,0,0.21238941
2,0,1,0.5611966
2,0,1,0.61022675
2,0,0,0.21688816
2,0,0,0.16180412
2,1,1,0.57277143
2,1,1,0.77432483
2,0,0,0.060478274
2,0,1,0.51122826
2,0,0,0.38656318
2,0,0,0.47562537
2,0,1,0.50181776
2,1,0,0.31652093
2,1,1,0.5013043
2,1,1,0.6206695
2,0,0,0.49577838
2,0,0,0.4483105
2,1,0,0.325092
2,1,0,0.33126277
2,1,1,0.80426985
2,1,0,0.45275378
2,0,0,0.21833725
2,0,0,0.14630298
2,1,0,0.43892622
2,1,0,0.44462547
2,1,1,0.6811519
2,1,1,0.72392964
2,1,1,0.6820083
2,1,1,0.67681026
2,0,1,0.60949004
2,1,1,0.5923625
2,1,1,0.8336837
2,0,0,0.35578603
2,1,1,0.5983295
2,0,0,0.35592258
2,0,1,0.57274365
2,0,0,0.15854475
2,1,0,0.48605728
2,1,0,0.2828859
2,0,1,0.7084084
2,0,0,0.16885436
2,0,0,0.27897185
2,0,1,0.67839104
2,0,1,0.79479975
2,1,1,0.86389756
2,0,1,0.7033907
2,0,1,0.71387607
2,1,0,0.47772235
2,1,0,0.16635762
2,0,1,0.7051222
2,1,1,0.64733833
2,1,1,0.54279524
2,0,0,0.3406511
2,0,1,0.8330554
2,1,1,0.60052896
2,0,0,0.40260205
2,0,1,0.65100795
2,1,1,0.6713495
2,0,0,0.4211858
2,1,0,0.24671759
2,1,1,0.60946697
2,0,1,0.6019126
2,1,1,0.5373787
2,0,1,0.608222
2,0,1,0.6882877
2,1,1,0.9190835
2,0,0,0.37677243
2,0,1,0.71143645
2,1,1,0.6556624
2,0,1,0.5777205
2,1,1,0.6166425
2,0,0,0.2246074
2,1,1,0.75639784
2,1,1,0.51853657
2,0,0,0.44812867
2,0,1,0.6046031
2,1,1,0.6882108
2,0,1,0.7749801
2,0,0,0.49021187
2,0,1,0.95624787
2,0,1,0.55899656
2,1,0,0.37635404
2,1,0,0.4474332
2,1,1,0.8608121
2,0,0,0.40552688
2,1,1,0.7627555
2,1,1,0.8851487
2,1,1,0.70932066
2,0,0,0.33960235
2,0,1,0.633108
2,1,1,0.57728565
2,0,0,0.15734729
2,0,1,0.9026269
2,1,1,0.9583499
2,1,1,0.7116522
2,1,1,0.7505412
2,0,0,0.35414708
2,1,1,0.5014537
2,0,0,0.18457165
2,0,0,0.43171823
2,0,1,0.6942911
2,0,0,0.37072375
2,0,0,0.22824623
2,1,1,0.50945854
2,1,1,0.6741618
2,0,0,0.43378425
2,0,0,0.0842833
2,0,0,0.21008447
2,0,1,0.7835163
2,0,1,0.56948197
2,0,0,0.11406711
2,1,1,0.5885314
2,0,1,0.53107506
2,0,1,0.6319432
2,1,0,0.49697885
2,1,1,0.5580867
2,1,1,0.6865938
2,1,1,0.77872074
2,0,1,0.8613443
2,0,0,0.26760006
2,0,0,0.19625942
2,1,1,0.6094873
2,1,1,0.62294835
2,0,0,0.23741022
2,1,1,0.67997855
2,1,1,0.52320236
2,1,0,0.4782808
2,0,0,0.32669047
2,0,0,0.2432189
2,1,1,0.5877815
2,0,1,0.6018415
2,0,1,0.5241204
2,0,0,0.36564595
2,0,1,0.5157302
2,1,0,0.41484427
2,1,1,0.60454714
2,0,1,0.569593
2,0,1,0.58345467
2,1,0,0.37680817
2,1,0,0.4577025
2,1,0,0.34874877
2,0,0,0.40805137
2,0,0,0.41946754
2,1,1,0.5057
2,0,0,0.40775478
2,1,1,0.60122925
2,1,1,0.6797752
2,0,1,0.54485536
2,1,0,0.28275788
2,0,0,0.286691
2,1,1,0.6529096
2,0,0,0.19844113
2,1,0,0.4272319
2,0,0,0.4186561
2,1,1,0.79190177
2,0,1,0.78953516
2,0,0,0.37466088
2,0,1,0.64114225
2,0,1,0.6351693
2,0,0,0.48406613
2,0,1,0.54975444
2,1,0,0.43038523
2,0,0,0.49120516
2,0,1,0.5698617
2,0,1,0.65699786
2,0,0,0.29054207
2,1,1,0.5479647
2,1,1,0.6392779
2,1,1,0.6217096
2,1,1,0.52900296
2,0,1,0.7436841
2,1,1,0.5015618
2,0,1,0.7261418
2,1,1,0.62677693
2,0,0,0.4223812
2,0,1,0.6954261
2,0,1,0.5810141
2,0,1,0.5776408
2,1,1,0.8004038
2,0,1,0.64525986
2,1,0,0.46608704
2,1,1,0.5400791
2,0,0,0.21469955
2,0,0,0.19855052
2,1,1,0.72082174
2,1,0,0.37425372
2,1,1,0.7500842
2,1,0,0.39588937
2,1,1,0.6276555
2,1,1,0.57932353
2,1,1,0.6761571
2,0,1,0.61387664
2,0,0,0.47771427
2,0,0,0.31686762
2,1,1,0.6662802
2,0,0,0.46009883
2,0,0,0.24878234
2,0,0,0.21314058
2,0,0,0.4975573
2,0,0,0.14803112
2,1,1,0.8702845
2,0,1,0.6121338
2,1,1,0.714024
2,1,0,0.13979048
2,0,0,0.25557017
2,1,0,0.23488681
2,1,1,0.6699927
2,0,0,0.4586061
2,0,0,0.38827926
2,0,0,0.37042323
2,0,0,0.14834084
2,1,0,0.25688624
2,0,1,0.68522036
2,1,0,0.19093132
2,0,0,0.49974588
2,0,0,0.2847987
2,0,0,0.40879998
2,1,0,0.4437556
2,1,1,0.65159667
2,0,0,0.488968
2,0,0,0.077858016
2,1,0,0.362828
2,0,1,0.51303464
2,1,1,0.58268523
2,0,0,0.086708106
2,0,1,0.52353233
2,1,1,0.53909075
2,1,1,0.7052996
2,0,0,0.18789254
2,1,0,0.39642256
2,0,0,0.33295828
2,0,1,0.582348
2,0,1,0.6364693
2,1,1,0.6763856
2,0,0,0.20985
2,1,0,0.39404187
2,1,1,0.92822355
2,1,1,0.5816064
2,1,1,0.6091886
2,0,0,0.19427136
2,1,1,0.7356179
2,1,1,0.8030122
2,1,1,0.53729016
2,0,0,0.39681065
2,1,1,0.59199053
2,0,0,0.31926402
2,1,1,0.6780791
2,0,0,0.25767916
2,0,0,0.28357115
2,0,0,0.23682347
2,1,1,0.7767108
2,0,0,0.35056403
2,0,0,0.18074821
2,0,1,0.6882932
2,0,0,0.32654732
2,1,1,0.7135519
2,0,0,0.37657776
2,0,0,0.4233026
2,0,1,0.5084542
2,0,0,0.49300268
2,1,1,0.9111796
2,1,1,0.6199481
2,0,1,0.51367396
2,0,0,0.35906973
2,0,1,0.6486169
2,0,1,0.5897468
2,1,1,0.6402624
2,1,1,0.73975
2,1,0,0.23887575
2,1,1,0.7261998
2,0,0,0.22115548
2,1,1,0.7053503
2,1,1,0.7905613
2,0,0,0.4315525
2,1,1,0.53459615
2,1,0,0.44784236
2,1,1,0.73800594
2,0,1,0.6345664
2,0,1,0.7570468
2,1,0,0.32042024
2,0,0,0.36562237
2,0,0,0.15468286
2,1,1,0.8301997
2,1,0,0.45674422
2,0,0,0.20405355
2,0,1,0.58516973
2,1,0,0.28398034
2,1,1,0.6915811
2,1,1,0.7825911
2,0,1,0.65864366
2,1,1,0.7634164
2,0,0,0.30616832
2,1,1,0.59534496
2,0,0,0.4896893
2,0,0,0.42002627
2,1,1,0.8877113
2,1,1,0.7438292
2,0,1,0.78220016
2,1,1,0.5506763
2,0,0,0.09502265
2,0,0,0.09384947
2,1,1,0.6774244
2,0,0,0.28080377
2,0,1,0.54175407
2,0,0,0.12266809
2,0,0,0.43081447
2,0,0,0.4707952
2,0,1,0.817506
2,1,1,0.7798331
2,1,0,0.46137527
2,0,0,0.39820307
2,0,0,0.27452648
2,0,1,0.58363944
2,0,0,0.2821926
2,1,1,0.82108563
2,1,0,0.2632971
2,1,1,0.73390627
2,1,0,0.45500875
2,0,0,0.05913048
2,1,0,0.25424978
2,1,1,0.8352631
2,0,1,0.5185058
2,1,1,0.62751305
2,0,0,0.12559873
2,0,1,0.7109049
2,1,1,0.7312953
2,1,1,0.66854346
2,0,1,0.5288205
2,1,1,0.6776375
2,1,1,0.86655205
2,0,1,0.66300714
2,1,0,0.22631152
2,1,0,0.0791764
2,0,0,0.18423954
2,0,0,0.48423484
2,0,0,0.11791255
2,1,0,0.2122616
2,1,1,0.84178525
2,1,0,0.34063992
2,1,1,0.7412845
2,0,0,0.4824289
2,1,1,0.65494716
2,0,0,0.40519837
2,0,0,0.27003452
2,0,0,0.40614069
2,1,1,0.61058384
2,1,1,0.61528397
2,0,1,0.55455947
2,0,0,0.3325302
2,0,0,0.16525826
2,1,1,0.87562066
2,0,1,0.6890415
2,1,1,0.6989905
2,1,0,0.17463799
2,0,0,0.3438813
2,1,1,0.7291741
2,1,1,0.53136307
2,0,0,0.447054
2,1,0,0.1324575
2,0,0,0.3022181
2,0,0,0.4067291
2,1,1,0.79342073
2,0,1,0.6027151
2,0,1,0.6475661
2,1,1,0.55980474
2,0,0,0.26026875
2,0,1,0.8454682
2,1,1,0.6923319
2,0,1,0.6598662
2,0,0,0.37409803
2,0,0,0.1954912
2,0,0,0.12881765
2,1,0,0.22808029
2,1,1,0.8004235
2,1,0,0.45040062
2,0,1,0.68456155
2,0,0,0.38481817
2,1,1,0.8245515
2,0,0,0.38646653
2,0,1,0.50628716
2,1,0,0.35297635
2,0,0,0.14558738
2,0,0,0.42654836
2,1,1,0.7650728
2,1,1,0.686553
2,1,0,0.38333303
2,1,0,0.27895707
2,1,0,0.17983766
2,0,1,0.62821156
2,0,0,0.13991125
2,0,1,0.7465982
2,0,0,0.48340768
2,0,1,0.58144313
2,1,1,0.7888873
2,1,0,0.47861952
2,1,0,0.4116471
2,1,1,0.88283163
2,1,1,0.6062642
2,0,0,0.17902982
2,1,0,0.056364033
2,1,1,0.7548047
2,0,0,0.4147521
2,0,0,0.36630067
2,0,1,0.5157581
2,0,0,0.24585438
2,0,0,0.21416968
2,1,1,0.8883179
2,0,1,0.5613674
2,1,1,0.79014117
2,1,1,0.5701229
2,0,1,0.6257965
2,0,1,0.58189255
2,0,0,0.34708568
2,1,1,0.6348768
2,0,1,0.5239377
2,0,0,0.43694237
2,1,1,0.7530849
2,0,0,0.20075214
2,1,1,0.7828786
2,0,0,0.4994308
2,1,1,0.6581647
2,1,0,0.49346498
2,0,0,0.4812059
2,0,1,0.6415432
2,1,1,0.7420349
2,1,0,0.48112956
2,0,0,0.25454548
2,0,0,0.109849624
2,0,0,0.26478544
2,1,1,0.5968264
2,0,0,0.48795584
2,1,1,0.60991335
2,0,1,0.681111
2,1,1,0.85972154
2,0,1,0.74816716
2,0,1,0.5623631
2,0,1,0.5670501
2,0,0,0.15970379
2,1,0,0.2697494
2,0,0,0.2354919
2,1,1,0.7942504
2,1,1,0.60001826
2,0,1,0.83263576
2,0,1,0.6980222
2,1,0,0.48741597
2,0,0,0.10655433
2,1,1,0.6712489
2,1,1,0.71972877
2,0,1,0.79235405
2,1,1,0.5996877
2,0,0,0.40776923
2,1,1,0.6064977
2,1,1,0.83338994
2,1,0,0.4962833
2,0,0,0.39981347
2,0,0,0.18221898
2,0,0,0.43239507
2,1,1,0.63368547
2,1,1,0.5694974
2,0,0,0.43600458
2,0,0,0.36325637
2,0,1,0.8873297
2,0,1,0.52985406
2,1,1,0.56847435
2,0,0,0.13874914
2,0,0,0.13938579
2,1,1,0.5442434
2,1,1,0.5925767
2,0,0,0.2433854
2,0,0,0.39566648
2,1,1,0.562195
2,0,1,0.5613817
2,0,1,0.5078396
2,0,0,0.4813518
2,0,0,0.15292731
2,1,0,0.46465123
2,1,1,0.62886757
2,1,0,0.33858022
2,0,1,0.74505615
2,1,1,0.74205995
2,0,0,0.31694934
2,0,1,0.6112819
2,1,1,0.53568155
2,1,1,0.6079058
2,1,0,0.43661436
2,0,0,0.07787867
2,1,1,0.7999518
2,1,1,0.7810232
2,1,0,0.34386986
2,0,0,0.2180887
2,0,0,0.22981699
2,1,1,0.6997883
2,0,0,0.39177734
2,0,0,0.2544591
2,0,0,0.10779384
2,1,1,0.68432456
2,1,1,0.7046231
2,1,1,0.66383564
2,1,1,0.5249687
2,1,0,0.3603406
2,0,0,0.06261607
2,1,0,0.48583192
2,0,1,0.5531843
2,0,0,0.25038537
2,0,0,0.29817325
2,1,1,0.8258848
2,1,1,0.546521
2,1,1,0.7308759
2,1,0,0.33384714
2,0,0,0.11834003
2,0,0,0.08447626
2,0,0,0.3182138
2,0,1,0.8907502
2,1,1,0.74285287
2,0,1,0.6665692
2,0,0,0.19898064
2,1,0,0.39512554
2,1,0,0.47564662
2,0,1,0.792778
2,0,1,0.61450195
2,1,1,0.637174
2,1,1,0.72104037
2,1,0,0.28662008
2,0,0,0.12772429
2,0,0,0.21562952
2,0,0,0.4577501
2,1,1,0.6928793
2,0,1,0.53963864
2,0,1,0.66360044
2,0,0,0.3102589
2,0,0,0.33622545
2,0,1,0.7865268
2,1,1,0.79189485
2,0,0,0.11457361
2,0,0,0.3538743
2,1,1,0.79934657
2,0,0,0.41917026
2,1,1,0.8243289
2,1,1,0.8403638
2,1,1,0.6716154
2,0,0,0.42807317
2,1,1,0.5430874
2,0,1,0.8054285
2,0,1,0.63194233
2,0,1,0.81240577
2,0,1,0.5852527
2,0,0,0.11119714
2,1,0,0.3135161
2,1,1,0.70308286
2,1,1,0.71188736
2,0,1,0.7633821
2,0,0,0.35685176
2,1,1,0.61590296
2,0,0,0.4575268
2,0,1,0.63945377
2,0,1,0.7070003
2,1,1,0.6712314
2,0,0,0.49053556
2,0,1,0.6681877
2,1,1,0.834935
2,1,1,0.62145454
2,1,1,0.6726138
2,1,1,0.66120964
2,0,0,0.34591398
2,0,1,0.682174
2,0,0,0.32766113
2,1,1,0.70945543
2,0,1,0.5234901
2,1,1,0.77750516
2,1,0,0.42942488
2,1,1,0.71299434
2,1,1,0.6466853
2,0,0,0.2552669
2,1,0,0.48676792
2,0,1,0.8129965
2,0,1,0.71798396
2,0,0,0.4591435
2,0,0,0.20527837
2,1,1,0.71419597
2,0,1,0.5239815
2,1,1,0.8680506
2,0,0,0.4869141
2,0,1,0.5323748
2,1,1,0.6420386
2,1,1,0.65398693
2,0,1,0.5326398
2,0,0,0.29366267
2,1,1,0.82436556
2,1,1,0.66775566
2,1,1,0.664693
2,1,1,0.6273227
2,0,0,0.14535333
2,0,0,0.25670683
2,1,1,0.7893248
2,0,0,0.4723563
2,1,0,0.41008344
2,0,1,0.5085112
2,0,0,0.086548544
2,1,1,0.83493346
2,1,1,0.56457144
2,0,0,0.16889587
2,0,1,0.5184399
2,0,0,0.17562771
2,1,1,0.70284635
2,0,0,0.41609997
2,0,0,0.2833069
2,0,0,0.48360482
2,1,1,0.64310336
2,1,1,0.5305375
2,1,1,0.6142826
2,1,1,0.7976316
2,1,1,0.70590335
2,0,0,0.4935298
2,0,1,0.8732036
2,0,0,0.46808696
2,0,0,0.48783463
2,0,1,0.6147508
2,0,1,0.58868283
2,0,0,0.4564881
2,0,1,0.5521744
2,1,1,0.7976967
2,1,1,0.73970574
2,0,1,0.6913729
2,0,1,0.63938653
2,1,0,0.44593167
2,1,1,0.69193983
2,0,1,0.5810328
2,0,1,0.61057085
2,1,1,0.5912683
2,0,1,0.50692534
2,1,1,0.6551612
2,1,1,0.9038381
2,1,1,0.5267742
2,1,0,0.3930128
2,1,1,0.68238235
2,1,1,0.5562598
2,0,0,0.4666136
2,1,1,0.70945346
2,0,0,0.34021226
2,0,1,0.5164797
2,0,1,0.51453567
2,0,0,0.3963557
2,0,1,0.6749521
2,0,1,0.89313215
2,0,0,0.28606614
2,1,1,0.6134873
2,1,0,0.388785
2,1,1,0.63774467
2,0,1,0.65099925
2,1,0,0.47463417
2,1,1,0.78140384
2,0,1,0.5355008
2,0,1,0.6995846
2,0,0,0.32164523
2,1,1,0.7686643
2,0,1,0.7412367
2,1,1,0.78678817
2,0,1,0.5797174
2,1,1,0.78143513
2,1,1,0.76837456
2,1,1,0.70842
2,0,1,0.54391396
2,0,1,0.6633267
2,1,1,0.74077207
2,0,1,0.5974547
2,0,0,0.36451814
2,1,0,0.43308398
2,0,0,0.42595384
2,0,0,0.467399
2,1,0,0.28624725
2,0,0,0.34701145
2,1,1,0.6228769
2,0,0,0.48149094
2,0,0,0.37803146
2,1,1,0.74361736
2,1,1,0.52856535
2,0,0,0.3007373
2,0,1,0.6064655
2,0,0,0.13385874
2,0,1,0.57345223
2,0,0,0.30541807
2,1,1,0.6173237
2,1,1,0.53851116
2,1,0,0.4995942
2,0,1,0.6049807
2,0,1,0.55039626
2,0,0,0.3636026
2,1,1,0.53496873
2,1,1,0.6821597
2,0,0,0.17077503
2,1,1,0.7884041
2,0,1,0.5172547
2,0,1,0.6632034
2,1,1,0.60908264
2,1,0,0.45837426
2,1,0,0.17271143
2,0,0,0.35750106
2,1,1,0.80864835
2,0,0,0.42692968
2,0,0,0.13412637
2,0,1,0.59726316
2,0,0,0.42944697
2,0,0,0.32183954
2,0,0,0.2898405
2,1,1,0.6089249
2,1,1,0.9407917
2,0,1,0.6903536
2,0,0,0.4947168
2,1,1,0.7721096
2,1,1,0.5653993
2,0,1,0.63533175
2,0,1,0.5944378
2,0,1,0.79492867
2,1,1,0.85746443
2,0,0,0.3598555
2,0,0,0.12558906
2,1,1,0.5017439
2,1,1,0.7582168
2,0,1,0.57369107
2,0,0,0.4600783
2,1,1,0.53784585
2,0,1,0.66906273
2,0,0,0.45619535
2,1,1,0.6841849
2,1,0,0.3609128
2,1,1,0.8374166
2,1,1,0.5165232
2,1,0,0.27002764
2,0,1,0.52426183
2,0,0,0.22755453
2,1,0,0.27883682
2,0,1,0.5153695
2,1,1,0.80316657
2,0,1,0.5502788
2,1,0,0.47326466
2,0,0,0.24911463
2,0,0,0.48542288
2,0,0,0.07133062
2,0,0,0.135396
2,1,1,0.5398366
2,1,1,0.68358284
2,0,0,0.09528729
2,0,1,0.67093015
2,0,1,0.5686225
2,1,1,0.9155701
2,1,1,0.6633088
2,0,1,0.69019955
2,1,1,0.51950186
2,1,1,0.5279068
2,1,1,0.54910326
2,0,1,0.6473679
2,1,1,0.8423669
2,0,0,0.4072412
2,1,1,0.63359076
2,1,1,0.7352324
2,0,0,0.43848908
2,0,0,0.17857991
2,0,0,0.4577782
2,0,0,0.16584769
2,0,1,0.5700866
2,0,0,0.46063703
2,1,1,0.73051697
2,0,0,0.25460243
2,0,0,0.3887942
2,1,1,0.77832586
2,0,1,0.5031502
2,1,1,0.5955409
2,0,0,0.30814824
2,0,0,0.14021784
2,1,1,0.84181464
2,1,1,0.84345686
2,0,0,0.4344686
2,0,0,0.107087106
2,0,0,0.1817535
2,1,1,0.54077876
2,1,1,0.70934933
2,0,1,0.50504375
2,1,1,0.534487
2,0,0,0.2323267
2,0,0,0.41655838
2,0,0,0.21262953
2,1,1,0.7791307
2,1,1,0.7716012
2,1,1,0.6322943
2,1,1,0.6413174
2,1,1,0.5057169
2,0,0,0.39965388
2,0,1,0.6944246
2,0,0,0.4747424
2,0,1,0.5744724
2,1,1,0.73359823
2,1,0,0.3652087
2,0,0,0.3300812
2,0,0,0.17425016
2,0,0,0.40061453
2,1,1,0.87553376
2,1,0,0.4775363
2,0,1,0.55875653
2,1,1,0.5790625
2,1,1,0.7019063
2,0,1,0.5158563
2,0,0,0.35050622
2,1,1,0.6381353
2,0,1,0.8199292
2,0,0,0.45300215
2,0,0,0.291874
2,1,1,0.8158424
2,0,1,0.53443724
2,1,0,0.34640646
2,1,1,0.5500565
2,0,0,0.34816536
2,0,0,0.36877024
2,0,1,0.6512908
2,0,1,0.6222326
2,0,0,0.21728732
2,0,1,0.5927394
2,1,1,0.50076115
2,0,1,0.59319854
2,1,1,0.877017
2,1,1,0.73077565
2,1,0,0.3223915
2,1,0,0.4895497
2,0,0,0.3818638
2,0,0,0.12419392
2,1,0,0.25436088
2,0,1,0.6059667
2,1,1,0.81522524
2,1,1,0.5952302
2,1,1,0.66274893
2,0,1,0.62689376
2,0,1,0.51058805
2,0,1,0.75264555
2,1,1,0.7143158
2,1,1,0.6002175
2,0,1,0.5971256
2,0,0,0.47524017
2,0,0,0.38036397
2,0,0,0.13024718
2,0,0,0.30951935
2,1,1,0.8452454
2,1,1,0.81464154
2,1,1,0.862917
2,1,1,0.6832351
2,1,0,0.4950496
2,0,0,0.23627156
2,0,0,0.35912338
2,1,1,0.83872926
2,0,1,0.70108545
2,1,1,0.5638119
2,1,1,0.6170894
2,0,0,0.3257855
2,1,0,0.34950796
2,1,1,0.569881
2,0,0,0.15744662
2,0,0,0.36580887
2,1,1,0.9179955
2,0,1,0.58177006
2,0,0,0.40553033
2,1,1,0.60587674
2,0,0,0.42942554
2,0,1,0.5246785
2,1,1,0.8618713
2,0,0,0.42504066
2,1,0,0.23735234
2,1,0,0.20392807
2,0,0,0.48367062
2,1,1,0.7902848
2,1,1,0.7272316
2,0,0,0.19279614
2,0,1,0.6518266
2,0,0,0.46996364
2,1,1,0.8078732
2,1,1,0.7263923
2,1,0,0.41964334
2,1,0,0.49401602
2,0,1,0.637702
2,0,1,0.6177948
2,0,0,0.45840865
2,0,1,0.8807767
2,1,1,0.6636519
2,1,1,0.5687368
2,0,1,0.6703265
2,1,0,0.4780275
2,0,1,0.50628054
2,0,0,0.40490884
2,1,0,0.30752197
2,0,0,0.099865325
2,0,1,0.59600055
2,0,0,0.36916387
2,1,1,0.71076643
2,0,1,0.51450986
2,0,0,0.22168933
2,0,1,0.6447582
2,0,0,0.42652136
2,1,1,0.6928396
2,1,1,0.6086006
2,1,0,0.45115942
2,1,1,0.7932117
2,1,0,0.3785901
2,1,0,0.32994127
2,0,0,0.34820333
2,0,1,0.60811806
2,1,1,0.76191974
2,0,0,0.13782877
2,1,0,0.35517707
2,0,0,0.38827044
2,0,1,0.6938628
2,0,0,0.4092192
2,0,1,0.61751044
2,1,1,0.88731533
2,0,1,0.5532452
2,1,1,0.6352431
2,0,0,0.11480915
2,0,1,0.62975687
2,1,1,0.5362255
2,0,1,0.65475774
2,1,1,0.81489015
2,1,1,0.5659252
2,1,1,0.6796016
2,0,0,0.053497985
2,0,0,0.13689592
2,0,1,0.6270614
2,1,1,0.9604926
2,1,1,0.55674624
2,0,0,0.39292318
2,1,1,0.6146194
2,1,0,0.35564175
2,0,0,0.08484013
2,0,1,0.6921821
2,0,0,0.491342
2,1,1,0.77653545
2,0,1,0.64429456
2,1,1,0.88673353
2,1,1,0.65282714
2,1,0,0.23116073
2,0,0,0.15860812
2,1,1,0.5961984
2,0,1,0.7890454
2,0,1,0.7853059
2,0,1,0.5452772
2,0,0,0.40199935
2,0,1,0.5658081
2,0,0,0.06269976
2,1,0,0.42154023
2,0,0,0.20718397
2,1,1,0.63993
2,0,0,0.14868034
2,1,1,0.6489836
2,0,0,0.4931186
2,0,1,0.5309439
2,1,1,0.88967323
2,1,1,0.66379476
2,0,0,0.07908756
2,0,0,0.35485715
2,1,1,0.7562344
2,1,1,0.9701157
2,1,1,0.6255266
2,1,0,0.36282313
2,1,1,0.84524274
2,0,0,0.28030628
2,1,1,0.7833981
2,1,1,0.6567352
2,0,0,0.2691357
2,1,0,0.26303795
2,0,0,0.1726015
2,0,0,0.35175675
2,0,0,0.0890564
2,1,1,0.86079216
2,1,1,0.6796464
2,0,0,0.37411064
2,0,1,0.6364533
2,0,0,0.13270584
2,0,0,0.42556238
2,0,0,0.18463382
2,1,1,0.8281207
2,0,0,0.48714828
2,1,1,0.62260914
2,0,0,0.35452414
2,1,1,0.80525315
2,1,1,0.6991292
2,0,0,0.49917194
2,1,1,0.5057094
2,0,0,0.42602894
2,1,1,0.5959771
2,0,0,0.43801275
2,0,0,0.48851126
2,0,0,0.2965173
2,1,1,0.5590105
2,1,0,0.2719928
2,0,1,0.6293643
2,0,1,0.6685477
2,1,1,0.62357527
2,0,0,0.41093254
2,1,0,0.471051
2,1,0,0.44656432
2,1,1,0.66940624
2,1,1,0.6835545
2,0,1,0.5328639
2,0,1,0.5083978
2,1,1,0.5990454
2,0,0,0.09717549
2,1,1,0.7842817
2,0,0,0.4411627
2,0,0,0.37339625
2,0,1,0.5677826
2,0,1,0.50503784
2,1,1,0.5997783
2,1,1,0.6239591
2,0,0,0.34170386
2,1,0,0.4186674
2,0,1,0.5476521
2,1,1,0.8975456
2,1,1,0.6924543
2,1,1,0.6269132
2,1,1,0.73582965
2,0,1,0.53725755
2,1,1,0.6194932
2,0,1,0.6805397
2,1,1,0.7637679
2,0,0,0.48245388
2,1,1,0.6717283
2,0,1,0.590659
2,1,1,0.6441499
2,0,0,0.12172836
2,1,1,0.7005856
2,0,1,0.616807
2,0,0,0.3758421
2,0,0,0.15834676
2,1,1,0.765244
2,0,0,0.36981988
2,1,1,0.5756558
2,0,0,0.31689367
2,1,1,0.53686374
2,1,1,0.6948669
2,0,1,0.53762025
2,0,1,0.6140825
2,1,1,0.7080382
2,0,1,0.52397406
2,0,0,0.25750345
2,1,1,0.5848403
2,0,0,0.41262108
2,0,0,0.4254491
2,1,1,0.7449559
2,0,0,0.35785285
2,1,1,0.5459332
2,0,0,0.40519086
2,1,1,0.69636554
2,0,1,0.5890065
2,0,0,0.1571775
2,0,0,0.21352391
2,1,1,0.804929
2,1,1,0.8894904
2,1,1,0.75354743
2,0,1,0.8332156
2,0,0,0.46494898
2,0,1,0.6211889
2,0,1,0.641376
2,0,1,0.834776
2,1,1,0.82728094
2,0,1,0.70302606
2,0,0,0.22960961
2,0,1,0.5198244
2,0,0,0.23405702
2,1,0,0.48032606
2,1,1,0.7326893
2,0,1,0.50691956
2,1,1,0.82178116
2,0,0,0.39849412
2,1,1,0.636865
2,0,0,0.33489808
2,1,1,0.6574215
2,0,0,0.33470476
2,0,1,0.6153894
2,1,0,0.43780953
2,0,1,0.6039129
2,1,1,0.6884197
2,1,1,0.63028413
2,1,1,0.81659085
2,1,1,0.60251254
2,0,0,0.3046987
2,1,1,0.6069129
2,1,1,0.6053654
2,0,1,0.5428452
2,0,1,0.6191753
2,0,1,0.64412117
2,0,1,0.6657427
2,0,1,0.50880265
2,0,1,0.5980872
2,1,1,0.5513181
2,0,0,0.36982533
2,0,1,0.57811904
2,0,1,0.6458279
2,1,1,0.6049032
2,1,1,0.574782
2,0,0,0.32946438
2,1,1,0.72194636
2,0,0,0.37812462
2,0,0,0.49271128
2,0,1,0.55665004
2,1,0,0.46749264
2,1,0,0.32512486
2,0,1,0.588332
2,0,1,0.7121358
2,0,1,0.71477604
2,1,1,0.6335491
2,1,0,0.3756465
2,0,1,0.71073556
2,1,1,0.93605065
2,0,1,0.5278998
2,0,1,0.70007914
2,1,1,0.5723624
2,1,1,0.67520225
2,1,1,0.77857983
2,0,0,0.2381775
2,1,1,0.6224259
2,0,0,0.07480341
2,1,1,0.6005103
2,0,1,0.6312058
2,0,0,0.41226903
2,0,0,0.15926558
2,1,1,0.9078086
2,0,1,0.7082761
2,0,0,0.1268297
2,0,1,0.5885582
2,1,1,0.70258605
2,0,1,0.5201152
2,0,0,0.4774835
2,0,0,0.42550117
2,0,1,0.59138113
2,1,1,0.621781
2,1,1,0.55049586
2,1,1,0.9120351
2,0,1,0.79362136
2,1,1,0.70803237
2,0,0,0.20227583
2,1,1,0.7780426
2,0,0,0.3948674
2,0,0,0.29505932
2,1,1,0.59185255
2,0,0,0.26151732
2,1,0,0.3306355
2,0,0,0.20704155
2,1,1,0.9461522
2,0,1,0.67727304
2,1,1,0.59184027
2,0,0,0.20277937
2,1,1,0.53300494
2,1,1,0.7029448
2,0,0,0.4970665
2,0,0,0.46518397
2,0,0,0.44588345
2,0,1,0.7531297
2,1,1,0.6428834
2,1,1,0.6282821
2,1,0,0.46354756
2,0,1,0.59533966
2,1,1,0.5823888
2,0,1,0.5452736
2,0,1,0.6518097
2,0,0,0.3270268
2,0,0,0.42185438
2,0,1,0.67433923
2,0,1,0.5915997
2,1,1,0.5188118
2,0,1,0.5070699
2,1,1,0.55578977
2,1,1,0.7061197
2,1,1,0.6076406
2,0,0,0.46424314
2,0,1,0.612926
2,0,1,0.51915365
2,0,1,0.83817476
2,1,0,0.4237343
2,1,1,0.72468466
2,0,1,0.67654115
2,1,1,0.5793225
2,0,0,0.47036818
2,0,1,0.55098885
2,1,1,0.96951073
2,1,1,0.78754914
2,0,1,0.6557131
2,0,0,0.156631
2,0,0,0.1604892
2,1,1,0.727861
2,1,1,0.66125184
2,0,0,0.3670232
2,0,0,0.38296098
2,1,1,0.9620847
2,1,1,0.80711937
2,1,1,0.59998554
2,0,0,0.12674987
2,0,0,0.1568993
2,1,1,0.7583283
2,0,1,0.8225932
2,1,1,0.6237051
2,0,0,0.34758246
2,0,0,0.3895443
2,0,0,0.1680827
2,1,1,0.7617491
2,1,1,0.6462673
2,1,0,0.43754563
2,0,0,0.14424889
2,0,0,0.45329383
2,1,1,0.97279674
2,1,1,0.7146549
2,1,1,0.80325913
2,0,0,0.33375406
2,0,1,0.5799019
2,1,1,0.5606626
2,1,0,0.2543464
2,0,0,0.12722485
2,1,1,0.7761903
2,0,0,0.36814043
2,1,0,0.16671517
2,0,0,0.49451676
2,1,1,0.91617906
2,0,0,0.4371925
2,0,0,0.22208488
2,0,0,0.38178858
2,0,0,0.35692224
2,0,0,0.2095201
2,0,1,0.8603768
2,0,0,0.30522048
2,0,1,0.5836989
2,1,1,0.6711679
2,1,1,0.5387386
2,0,0,0.0780556
2,1,1,0.70693696
2,1,1,0.5377242
2,0,0,0.43996486
2,0,0,0.11149056
2,1,1,0.60000235
2,0,1,0.55871856
2,0,1,0.64925015
2,0,0,0.45798695
2,0,0,0.15570608
2,1,1,0.63822895
2,1,1,0.5013525
2,1,1,0.51527935
2,0,0,0.49467
2,1,1,0.6986137
2,0,0,0.30279082
2,0,0,0.21355802
2,1,1,0.584426
2,1,1,0.5074015
2,0,1,0.55640745
2,1,1,0.6486746
2,1,0,0.3154311
2,0,1,0.54467255
2,1,0,0.36985397
2,1,0,0.4914629
2,0,0,0.35291696
2,0,1,0.509838
2,0,0,0.48636928
2,0,1,0.7212619
2,0,0,0.43087533
2,1,1,0.77849114
2,1,1,0.6678596
2,1,1,0.69668067
2,0,1,0.61060715
2,0,0,0.4697332
2,0,1,0.65113956
2,0,1,0.604084
2,1,1,0.5578475
2,1,1,0.69471765
2,0,1,0.5007737
2,1,1,0.6941634
2,1,1,0.7170681
2,1,1,0.5352051
2,1,1,0.6852786
2,1,1,0.5875426
2,0,0,0.37372646
2,0,1,0.6808094
2,1,1,0.7205638
2,0,1,0.71985507
2,0,1,0.6208496
2,0,0,0.24229318
2,0,1,0.6154819
2,1,1,0.7071622
2,0,1,0.5077637
2,0,1,0.5456998
2,0,1,0.6565549
2,1,1,0.5098503
2,0,0,0.45123369
2,0,1,0.6554579
2,0,0,0.44554824
2,0,0,0.2880486
2,0,1,0.55154514
2,1,1,0.922933
2,0,1,0.5502352
2,1,1,0.73838454
2,0,1,0.76684004
2,0,1,0.53301954
2,1,1,0.6240676
2,1,1,0.54946125
2,0,1,0.8010047
2,0,1,0.61206
2,1,1,0.68443424
2,0,1,0.7653661
2,1,1,0.9190905
2,0,1,0.5510176
2,1,1,0.7210607
2,1,1,0.60805345
2,1,1,0.62442476
2,1,0,0.46157542
2,1,1,0.80101883
2,0,1,0.58769
2,0,1,0.5146681
2,0,1,0.60699666
2,0,0,0.39939785
2,0,1,0.5220562
2,0,0,0.47024184
2,1,1,0.9263351
2,1,1,0.73564535
2,0,1,0.78681475
2,0,1,0.7911301
2,1,1,0.6062945
2,0,0,0.3684854
2,0,1,0.55494046
2,1,1,0.6678517
2,0,1,0.5927654
2,0,1,0.73918205
2,1,1,0.57380444
2,0,0,0.39205003
2,1,1,0.68429476
2,0,1,0.6318052
2,1,1,0.7027755
2,0,1,0.56269693
2,1,1,0.88927394
2,0,1,0.670697
2,0,1,0.5937619
2,0,1,0.58357686
2,1,1,0.7047455
2,0,1,0.93416256
2,1,1,0.53523797
2,0,0,0.19124004
2,1,0,0.46790588
2,1,0,0.43932936
2,0,1,0.54319334
2,0,1,0.52681094
2,0,1,0.719691
2,1,1,0.5255185
2,0,0,0.45119736
2,1,1,0.74422157
2,1,1,0.60361147
2,1,1,0.8056903
2,0,1,0.54530996
2,1,1,0.7705143
2,0,0,0.46053597
2,1,1,0.6723899
2,1,1,0.73257124
2,1,0,0.48268548
2,0,1,0.75230914
2,0,1,0.7172901
2,1,0,0.46932262
2,0,0,0.275422
2,0,0,0.29106045
2,1,1,0.8040671
2,0,1,0.55672157
2,0,1,0.6582247
2,1,1,0.6974993
2,1,1,0.64699805
2,0,1,0.7023065
2,0,1,0.5883345
2,0,0,0.39930093
2,1,1,0.60768706
2,0,0,0.46805698
2,0,1,0.6121585
2,1,0,0.40153414
2,1,0,0.30875197
2,1,1,0.53852105
2,0,0,0.43973777
2,0,1,0.6054518
2,0,0,0.26031965
2,0,1,0.73223794
2,1,1,0.56515586
2,1,0,0.330842
2,1,0,0.33325574
2,0,0,0.41829368
2,0,0,0.41971508
2,1,1,0.55162966
2,0,1,0.67149144
2,1,0,0.42007455
2,1,0,0.36042365
2,1,1,0.91185737
2,1,1,0.7957399
2,1,1,0.77803844
2,0,0,0.18356258
2,0,1,0.84483606
2,0,1,0.63646424
2,1,1,0.8350173
2,0,1,0.7291941
2,0,0,0.1901223
2,0,0,0.40260231
2,0,0,0.10300455
2,1,1,0.55734485
2,1,1,0.51818854
2,1,1,0.60203665
2,0,0,0.21527155
2,1,1,0.76860845
2,1,1,0.61652166
2,0,0,0.44167948
2,1,1,0.62306684
2,0,0,0.4183502
2,0,0,0.32472727
2,0,0,0.39340493
2,0,1,0.7702636
2,0,1,0.65079105
2,1,0,0.47496012
2,1,1,0.51516646
2,1,0,0.3545812
2,0,0,0.27820548
2,1,1,0.58048177
2,1,1,0.6947801
2,0,0,0.16009714
2,0,0,0.18441114
2,1,1,0.8050568
2,0,1,0.7114956
2,1,1,0.6371798
2,0,1,0.7125379
2,0,1,0.6541439
2,1,1,0.6702305
2,0,1,0.5717337
2,1,1,0.7019787
2,1,1,0.60514915
2,0,0,0.18091764
2,1,0,0.29754
2,0,1,0.5219365
2,0,0,0.4910575
2,0,1,0.69209176
2,1,1,0.7788154
2,1,1,0.84526825
2,1,1,0.55509114
2,1,1,0.73469216
2,1,1,0.7381562
2,1,1,0.5386799
2,0,1,0.79529923
2,0,1,0.5552822
2,1,1,0.8184221
2,0,0,0.13270248
2,1,1,0.76286834
2,1,0,0.33216885
2,0,0,0.23628193
2,0,1,0.8334152
2,0,1,0.63882464
2,0,1,0.5305326
2,0,1,0.8009813
2,1,1,0.7775027
2,0,0,0.35534447
2,1,1,0.69636875
2,1,0,0.47102332
2,1,0,0.2394717
2,0,0,0.09444889
2,0,0,0.09444889
2,0,1,0.58790606
2,0,0,0.3161015
2,0,0,0.44312176
2,1,1,0.73634106
2,0,1,0.81226766
2,0,0,0.3699281
2,1,1,0.7028439
2,1,0,0.46194312
2,1,1,0.7007574
2,1,0,0.43557552
2,1,0,0.25070223
2,0,1,0.5007944
2,0,0,0.48657063
2,0,0,0.31499106
2,0,0,0.49244687
2,0,1,0.667465
2,0,0,0.38659453
2,1,1,0.5737479
2,0,0,0.40902573
2,1,1,0.5524408
2,1,1,0.5189631
2,0,1,0.7636016
2,1,0,0.3523558
2,1,0,0.44295505
2,1,0,0.30316576
2,0,0,0.4145361
2,1,1,0.73772264
2,0,0,0.4801008
2,1,0,0.29622975
2,0,1,0.80439615
2,0,1,0.78237814
2,1,0,0.47368845
2,0,0,0.2554017
2,1,1,0.67734426
2,0,1,0.5277854
2,1,1,0.7035202
2,0,1,0.60958076
2,0,1,0.74967897
2,0,1,0.6135783
2,1,0,0.37703684
2,0,1,0.6301578
2,1,0,0.401584
2,1,1,0.8287414
2,1,1,0.64934456
2,1,1,0.808599
2,0,0,0.13731284
2,1,1,0.8734712
2,0,1,0.50014126
2,0,1,0.57185477
2,0,0,0.48994854
2,1,1,0.91194665
2,1,1,0.781502
2,0,1,0.52496046
2,0,0,0.09896976
2,0,0,0.113903806
2,1,1,0.74659836
2,1,1,0.8052429
2,1,0,0.25413907
2,0,0,0.08284247
2,0,0,0.21407895
2,0,1,0.74744195
2,0,0,0.19475152
2,1,1,0.6494023
2,0,0,0.22533844
2,1,1,0.6546782
2,0,1,0.71548986
2,1,1,0.6472313
2,0,1,0.82916945
2,1,0,0.46946043
2,0,0,0.324534
2,1,1,0.68550026
2,1,1,0.6816282
2,1,1,0.679693
2,0,0,0.17121805
2,0,0,0.33811155
2,0,0,0.20998107
2,0,0,0.13807134
2,1,1,0.78610253
2,1,1,0.5074768
2,0,0,0.47476935
2,0,1,0.63540405
2,1,1,0.6715816
2,0,0,0.38240257
2,0,1,0.72863656
2,1,1,0.61687964
2,0,1,0.5691896
2,1,1,0.5560058
2,0,0,0.26537055
2,0,1,0.6073385
2,1,1,0.6856457
2,0,1,0.61554146
2,1,1,0.6679212
2,0,0,0.1755859
2,1,1,0.6849464
2,0,1,0.7901617
2,0,1,0.736235
2,1,1,0.7698597
2,1,1,0.6460414
2,0,0,0.35727683
2,0,0,0.386123
2,1,1,0.8775362
2,1,1,0.6085545
2,0,1,0.69467515
2,0,0,0.32932714
2,0,1,0.57261014
2,0,0,0.3995277
2,0,1,0.6300766
2,0,1,0.6352526
2,0,0,0.23816244
2,0,0,0.48603547
2,1,0,0.43494567
2,0,1,0.57879746
2,1,0,0.4225013
2,1,1,0.53536963
2,0,1,0.68485916
2,1,1,0.6363067
2,1,1,0.5860283
2,1,1,0.58085316
2,1,1,0.7121895
2,0,1,0.5302274
2,1,1,0.5814768
2,0,0,0.43725404
2,0,1,0.7141447
2,1,1,0.9024001
2,0,1,0.5229101
2,0,0,0.20847994
2,0,0,0.30131125
2,0,0,0.1710491
2,0,1,0.53728706
2,0,1,0.6757076
2,0,1,0.60107636
2,1,1,0.6224376
2,1,1,0.7307654
2,1,0,0.48762244
2,1,1,0.53076327
2,0,1,0.6852355
2,0,0,0.47524428
2,0,1,0.5111002
2,0,1,0.6403146
2,0,0,0.32869494
2,1,1,0.58332455
2,0,0,0.3753156
2,0,1,0.8569356
2,1,1,0.7113465
2,1,1,0.58314186
2,1,1,0.68822855
2,0,0,0.21369655
2,1,0,0.4064125
2,1,1,0.6294192
2,1,0,0.3763334
2,1,0,0.34662423
2,0,1,0.65973324
2,0,1,0.58375263
2,1,1,0.66634786
2,0,0,0.42918855
2,0,0,0.24491528
2,0,0,0.22556184
2,1,1,0.78544146
2,1,0,0.45719078
2,0,1,0.59988
2,0,1,0.6273447
2,1,1,0.9458505
2,0,1,0.87208635
2,1,1,0.843217
2,0,0,0.2766469
2,1,1,0.8897256
2,0,1,0.5317855
2,0,1,0.682284
2,1,1,0.8626285
2,1,1,0.8536816
2,0,1,0.5395656
2,0,0,0.38780108
2,1,1,0.5876065
2,0,1,0.5607494
2,0,0,0.3577943
2,1,1,0.6781888
2,0,1,0.5878791
2,0,1,0.64206266
2,1,0,0.37185627
2,1,1,0.5029854
2,1,1,0.71283674
2,1,1,0.8279535
2,0,0,0.17778
2,0,1,0.92543066
2,0,1,0.6743478
2,1,1,0.6690068
2,0,1,0.5251837
2,1,1,0.6681199
2,1,1,0.7761994
2,1,1,0.8339912
2,0,0,0.35005933
2,1,1,0.603845
2,0,0,0.41642618
2,1,1,0.71757853
2,0,1,0.7897374
2,0,1,0.70983905
2,0,1,0.6735928
2,1,1,0.7963546
2,1,1,0.71470237
2,1,1,0.8034713
2,1,1,0.6512519
2,0,0,0.2683282
2,0,0,0.1882207
2,1,1,0.6413431
2,0,0,0.104024515
2,1,1,0.76630116
2,0,1,0.690467
2,0,0,0.1273763
2,0,0,0.27687007
2,0,0,0.40242642
2,0,0,0.23774758
2,0,1,0.6007676
2,1,1,0.6295216
2,0,1,0.86642385
2,1,1,0.82457334
2,1,1,0.5026293
2,0,0,0.20957835
2,1,1,0.81507283
2,0,0,0.41766518
2,1,1,0.68937653
2,0,1,0.65378857
2,0,1,0.561741
2,1,1,0.77464217
2,1,1,0.83836204
2,1,1,0.9066593
2,0,0,0.1233813
2,0,0,0.36572546
2,1,0,0.2958407
2,1,0,0.42147404
2,0,0,0.28055394
2,1,1,0.8190766
2,0,0,0.09901035
2,1,0,0.3380144
2,0,0,0.45965287
2,0,0,0.18944488
2,0,0,0.11337443
2,0,1,0.6609269
2,1,1,0.573062
2,1,1,0.71520305
2,1,1,0.8463377
2,1,1,0.7702735
2,1,1,0.6174908
2,0,0,0.113511436
2,0,0,0.24060614
2,1,1,0.8108367
2,0,0,0.20082846
2,0,0,0.3623111
2,1,0,0.41300744
2,0,1,0.713806
2,0,0,0.47345728
2,0,0,0.13116977
2,0,0,0.1609072
2,0,1,0.5078662
2,1,1,0.8430305
2,0,0,0.49807984
2,1,1,0.7119002
2,0,0,0.31206295
2,0,1,0.5165782
2,0,0,0.4563686
2,1,0,0.39269117
2,0,1,0.68827224
2,0,1,0.7179714
2,1,1,0.6596249
2,0,0,0.44018513
2,0,1,0.6512992
2,1,1,0.8035832
2,1,1,0.6177451
2,1,1,0.5091406
2,0,1,0.77687776
2,0,0,0.47625148
2,0,1,0.78556955
2,1,0,0.30658945
2,0,0,0.24829835
2,1,0,0.44284016
2,0,1,0.51353127
2,1,1,0.5039338
2,1,0,0.2795243
2,1,1,0.8137956
2,0,0,0.47006434
2,1,1,0.55534196
2,1,0,0.42028707
2,0,0,0.43739563
2,0,0,0.28703818
2,0,1,0.7442254
2,0,0,0.34388694
2,1,0,0.3287201
2,1,1,0.70755094
2,0,1,0.5732988
2,0,0,0.2091897
2,1,0,0.3651933
2,1,1,0.90690416
2,0,0,0.25317687
2,0,1,0.63807476
2,0,1,0.52799314
2,0,0,0.24784483
2,0,1,0.51617306
2,0,1,0.79849327
2,0,1,0.75284487
2,1,1,0.6374646
2,1,1,0.75685704
2,1,1,0.74672115
2,1,1,0.7071015
2,0,1,0.7765508
2,1,1,0.6771516
2,1,1,0.9407257
2,0,0,0.32697168
2,1,1,0.8099649
2,1,1,0.6577297
2,0,1,0.5171881
2,0,0,0.3941565
2,0,0,0.34707865
2,0,1,0.69511414
2,0,1,0.6876588
2,1,1,0.5795147
2,0,0,0.42897204
2,1,1,0.8360414
2,0,0,0.49847293
2,1,1,0.9313833
2,1,1,0.6999459
2,0,0,0.28664848
2,0,0,0.43241277
2,1,1,0.623022
2,1,1,0.7491327
2,0,0,0.11515866
2,1,1,0.61032623
2,0,0,0.04697705
2,1,1,0.84845454
2,1,1,0.6253613
2,1,1,0.57773
2,1,0,0.37048516
2,0,0,0.4732966
2,1,0,0.48624274
2,0,1,0.6076727
2,0,0,0.15959363
2,0,0,0.4551539
2,0,0,0.43802184
2,0,0,0.2117889
2,1,0,0.36568546
2,0,1,0.70272446
2,0,1,0.50860894
2,1,1,0.74756026
2,0,1,0.5493808
2,0,0,0.47314873
2,1,1,0.68988687
2,0,1,0.648265
2,0,1,0.69553846
2,1,1,0.75928843
2,0,0,0.39205834
2,1,1,0.8002148
2,1,0,0.4905458
2,0,0,0.24802873
2,1,1,0.7583676
2,0,0,0.49819136
2,0,0,0.4272078
2,0,1,0.76691157
2,0,0,0.19840154
2,1,1,0.53799736
2,0,0,0.17227583
2,0,1,0.56571585
2,1,1,0.8434865
2,0,0,0.47013354
2,1,1,0.60772043
2,0,0,0.46730232
2,0,1,0.50084776
2,1,0,0.26061133
2,1,1,0.5049101
2,1,1,0.5879812
2,0,0,0.43527973
2,1,1,0.5997702
2,1,1,0.52737534
2,0,0,0.27857813
2,1,0,0.36863062
2,0,0,0.11037551
2,1,1,0.8021391
2,1,1,0.5526134
2,1,1,0.6462042
2,1,1,0.6139939
2,0,0,0.1612531
2,0,0,0.14994283
2,0,0,0.42648694
2,0,1,0.5994158
2,0,1,0.54396456
2,0,1,0.544527
2,0,0,0.39568332
2,0,1,0.55559254
2,0,0,0.27890685
2,1,0,0.4063518
2,1,1,0.83442914
2,1,1,0.50467384
2,1,0,0.17308944
2,0,0,0.3779687
2,1,0,0.19371766
2,1,0,0.05673709
2,1,0,0.46755326
2,0,1,0.5379354
2,1,1,0.73424876
2,1,1,0.7049638
2,1,0,0.34751698
2,0,1,0.59329134
2,0,1,0.56036776
2,1,0,0.067456506
2,1,1,0.7148279
2,1,1,0.6839263
2,1,1,0.6984922
2,0,1,0.6179629
2,1,1,0.9176671
2,0,1,0.65567464
2,0,1,0.6241528
2,0,0,0.3952056
2,1,1,0.6125698
2,0,0,0.39829686
2,1,1,0.70483124
2,0,0,0.35554126
2,1,0,0.48326308
2,0,1,0.5946504
2,1,1,0.9182368
2,1,1,0.6840876
2,0,0,0.49056336
2,1,1,0.6686471
2,0,1,0.74500865
2,0,1,0.67024577
2,1,1,0.75305545
2,0,1,0.70942855
2,0,0,0.41482648
2,0,1,0.67904365
2,1,1,0.8868261
2,1,1,0.565696
2,1,0,0.37192857
2,0,1,0.70101196
2,0,0,0.4249892
2,0,1,0.74376905
2,1,1,0.9008478
2,1,1,0.76296073
2,0,1,0.81608087
2,0,1,0.51683307
2,1,1,0.57574296
2,0,1,0.53560925
2,1,1,0.91162366
2,1,1,0.8374561
2,1,1,0.5463832
2,1,1,0.7415382
2,1,1,0.7585103
2,1,1,0.82135046
2,1,1,0.6050518
2,0,1,0.7836201
2,0,1,0.7037597
2,1,1,0.6903905
2,0,1,0.7014108
2,1,1,0.7319721
2,0,1,0.50244075
2,1,1,0.86068493
2,1,1,0.74647
2,1,0,0.46978647
2,1,0,0.43506324
2,1,1,0.67471886
2,0,0,0.17018877
2,1,0,0.41777763
2,0,1,0.56093323
2,1,1,0.6536545
2,1,0,0.47231686
2,0,0,0.25407454
2,1,1,0.8087072
2,0,0,0.44378743
2,0,0,0.36423457
2,0,0,0.22411422
2,1,1,0.7379798
2,0,0,0.42263547
2,0,0,0.41361982
2,0,0,0.44314298
2,0,0,0.20711228
2,0,0,0.22470339
2,0,1,0.63767666
2,0,1,0.70517963
2,1,1,0.84654796
2,1,1,0.66961384
2,1,1,0.8459561
2,0,1,0.6644664
2,0,1,0.5135262
2,0,0,0.3648029
2,1,1,0.8517078
2,1,1,0.77659786
2,1,1,0.6087041
2,1,1,0.8513432
2,0,1,0.7933605
2,0,1,0.7363893
2,0,0,0.46050188
2,1,1,0.7838025
2,0,1,0.50824386
2,1,1,0.7683539
2,1,1,0.8281164
2,1,1,0.92568946
2,1,1,0.83582526
2,0,1,0.74916714
2,0,1,0.56998503
2,1,1,0.8233007
2,1,1,0.5251468
2,0,0,0.27080405
2,0,0,0.3188664
2,1,1,0.7039702
2,1,1,0.7773067
2,1,1,0.70419174
2,0,0,0.4718347
2,1,1,0.9124725
2,1,1,0.5290857
2,1,1,0.685532
2,1,1,0.9178753
2,1,1,0.6489058
2,1,0,0.26198348
2,1,1,0.5671558
2,0,0,0.34368086
2,0,0,0.46635085
2,0,1,0.5364085
2,0,0,0.36866814
2,0,1,0.7888539
2,0,1,0.7624895
2,0,1,0.5766301
2,1,1,0.7571048
2,1,1,0.9105328
2,0,1,0.70749855
2,0,1,0.74962676
2,0,1,0.5000469
2,1,1,0.66917396
2,0,0,0.16030654
2,1,1,0.63628554
2,0,0,0.30963895
2,0,1,0.61511105
2,1,0,0.48485073
2,0,1,0.6813366
2,0,1,0.68146753
2,1,1,0.56257284
2,1,1,0.76965564
2,0,1,0.7738565
2,1,1,0.513481
2,1,1,0.8763411
2,1,1,0.72076213
2,0,0,0.32155052
2,1,1,0.8640952
2,0,0,0.47856626
2,0,1,0.53743875
2,0,0,0.44145152
2,1,0,0.38963115
2,1,1,0.5807072
2,0,0,0.31614715
2,0,0,0.3982628
2,0,1,0.60433364
2,1,1,0.6672846
2,1,0,0.479464
2,0,1,0.66901773
2,0,0,0.47202933
2,0,0,0.30607828
2,0,0,0.39221424
2,1,1,0.8026816
2,1,1,0.5955423
2,1,1,0.8333018
2,0,1,0.651287
2,0,0,0.49324015
2,0,0,0.4909467
2,0,0,0.28333572
2,0,0,0.496872
2,0,0,0.3123434
2,0,0,0.45118502
2,0,0,0.29616466
2,1,1,0.58121586
2,0,0,0.13304488
2,1,0,0.32506287
2,1,0,0.27588686
2,0,0,0.25621808
2,0,0,0.35289457
2,1,0,0.4174028
2,0,0,0.3982437
2,1,1,0.6694039
2,1,1,0.7862805
2,1,1,0.7050191
2,0,1,0.68954754
2,0,0,0.47612447
2,0,1,0.61751163
2,1,1,0.59790426
2,1,1,0.7300506
2,0,1,0.5453741
2,1,1,0.64411455
2,1,1,0.72052974
2,1,1,0.78097415
2,1,1,0.6717408
2,0,0,0.44164237
2,1,1,0.7206073
2,0,0,0.15902686
2,1,1,0.65270686
2,0,0,0.37781644
2,0,1,0.7238278
2,0,0,0.46668172
2,1,1,0.76056355
2,1,1,0.5715707
2,1,1,0.65809363
2,0,1,0.5742801
2,0,1,0.68024904
2,1,1,0.59423983
2,1,1,0.5546895
2,1,1,0.5995103
2,1,1,0.71679443
2,1,1,0.6762977
2,0,0,0.44482106
2,1,1,0.66031075
2,0,1,0.6069441
2,0,1,0.57882047
2,0,0,0.4545974
2,0,0,0.42084578
2,0,1,0.7554383
2,0,1,0.5289281
2,1,1,0.73359704
2,0,1,0.65630233
2,1,0,0.42026836
2,1,1,0.6476214
2,1,1,0.52767426
2,1,1,0.7737825
2,0,1,0.7142348
2,0,1,0.5791022
2,1,1,0.6120707
2,0,0,0.4249995
2,1,1,0.53758025
2,0,0,0.105588034
2,1,0,0.47168666
2,1,1,0.548064
2,0,1,0.7140647
2,0,1,0.586894
2,0,1,0.67691356
2,1,1,0.90360785
2,0,1,0.7801233
2,1,1,0.77792346
2,1,1,0.86764634
2,1,1,0.6078049
2,0,0,0.27691835
2,1,1,0.9143041
2,1,1,0.78986996
2,1,1,0.7669491
2,0,1,0.79782516
2,1,1,0.8731756
2,1,0,0.47474372
2,0,1,0.7049608
2,0,0,0.49213693
2,0,0,0.47157928
2,0,1,0.60560596
2,0,1,0.6303282
2,0,0,0.2126165
2,0,1,0.7761552
2,1,1,0.82546467
2,1,1,0.6430234
2,1,1,0.66415054
2,1,1,0.61163783
2,0,0,0.36218643
2,0,0,0.054680236
2,1,0,0.44066074
2,0,1,0.5429631
2,0,0,0.16307637
2,1,0,0.4927917
2,1,1,0.8150278
2,0,1,0.5009898
2,1,1,0.9025943
2,0,1,0.82708263
2,1,1,0.72463375
2,0,0,0.3377444
2,0,1,0.52547204
2,1,1,0.5984733
2,1,1,0.61179245
2,0,0,0.25595352
2,0,0,0.4764027
2,1,1,0.65796345
2,0,1,0.7052154
2,0,1,0.6782966
2,1,1,0.5443611
2,0,0,0.488176
2,1,1,0.8675709
2,1,1,0.72584075
2,1,1,0.73919207
2,1,1,0.73697
2,1,1,0.5833081
2,0,1,0.7106954
2,0,0,0.2769503
2,0,1,0.57825756
2,1,1,0.566059
2,0,1,0.5272848
2,1,0,0.43294498
2,0,1,0.818201
2,0,1,0.71590817
2,0,1,0.85819054
2,0,1,0.52695215
2,1,1,0.56754416
2,0,0,0.40248898
2,1,1,0.5445046
2,0,1,0.80081445
2,1,1,0.6155439
2,1,1,0.63921106
2,1,1,0.7688296
2,0,0,0.46096465
2,1,1,0.6978508
2,1,1,0.66429645
2,0,1,0.6891494
2,0,0,0.41125572
2,0,0,0.47188193
2,0,0,0.24237353
2,1,1,0.52550983
2,1,0,0.37995055
2,0,1,0.5072824
2,0,0,0.27472
2,1,0,0.4609525
2,1,1,0.73393494
2,0,0,0.43337923
2,0,0,0.16941887
2,0,1,0.6931695
2,1,0,0.41446236
2,0,1,0.61928713
2,0,1,0.6838303
2,1,1,0.61511505
2,0,0,0.28695226
2,1,0,0.30901194
2,0,1,0.69108796
2,1,0,0.4481231
2,1,1,0.6494788
2,0,0,0.48532566
2,0,0,0.2749589
2,0,1,0.50485474
2,0,1,0.6008586
2,1,1,0.8932012
2,0,0,0.47415084
2,1,0,0.47779945
2,1,1,0.7644067
2,0,1,0.7727818
2,0,0,0.228122
2,1,1,0.8114965
2,0,1,0.7369228
2,0,1,0.7911047
2,1,1,0.82079995
2,1,1,0.79040146
2,1,1,0.768621
2,1,1,0.919252
2,0,1,0.515465
2,1,1,0.6757548
2,0,0,0.33678076
2,1,1,0.8281395
2,0,0,0.25936323
2,1,1,0.64239603
2,1,1,0.8504108
2,1,1,0.7022405
2,0,1,0.68624425
2,0,0,0.28417966
2,1,0,0.4232265
2,0,1,0.70421284
2,0,1,0.6718166
2,1,1,0.5598001
2,0,1,0.8149718
2,1,1,0.5523581
2,0,1,0.5471142
2,0,1,0.7070808
2,1,1,0.83931965
2,1,1,0.50467384
2,1,0,0.17308944
2,0,0,0.3779687
2,1,0,0.19371766
2,1,0,0.05673709
2,1,0,0.46755326
2,0,1,0.5379354
2,1,1,0.73424876
2,1,1,0.7049638
2,1,0,0.34751698
2,0,1,0.59329134
2,0,1,0.56036776
2,1,0,0.067456506
2,1,1,0.7148279
2,1,1,0.9407257
2,0,0,0.32697168
2,1,1,0.8099649
2,1,1,0.6577297
2,0,1,0.5171881
2,0,0,0.3941565
2,0,0,0.34707865
2,0,1,0.69511414
2,0,1,0.6876588
2,1,1,0.5795147
2,0,0,0.42897204
2,1,1,0.8360414
2,0,0,0.49847293
2,1,1,0.9313833
2,1,1,0.6999459
2,0,0,0.28664848
2,0,0,0.43241277
2,1,1,0.623022
2,1,1,0.7214309
2,1,1,0.6102338
2,0,0,0.49602005
2,0,0,0.27155846
2,1,1,0.62686807
2,0,0,0.37250435
2,0,0,0.3839348
2,1,0,0.44227332
2,0,0,0.19942012
2,0,0,0.30936843
2,0,0,0.4575804
2,1,0,0.42393017
2,1,0,0.4783604
2,0,0,0.37883535
2,1,1,0.6265363
2,0,0,0.43969446
2,0,0,0.354643
2,1,1,0.6016552
2,1,1,0.71840984
2,0,0,0.41680318
2,1,1,0.56941605
2,1,1,0.5751216
2,1,1,0.8366442
2,1,1,0.58302397
2,1,1,0.52903634
2,0,1,0.85674345
2,1,1,0.78649426
2,0,0,0.4805377
2,0,0,0.40839097
2,0,0,0.38539752
2,1,1,0.6592011
2,0,1,0.54883766
2,1,1,0.6842888
2,0,0,0.24394193
2,0,1,0.5627254
2,1,1,0.74004364
2,0,1,0.61688614
2,0,1,0.75960004
2,0,0,0.2665079
2,0,1,0.7601557
2,1,1,0.93197995
2,1,1,0.66145915
2,1,1,0.6892293
2,1,1,0.8060548
2,1,1,0.62114346
2,0,1,0.5382771
2,0,0,0.34740275
2,0,1,0.74833417
2,0,1,0.71011823
2,1,1,0.80336785
2,0,0,0.26160985
2,1,1,0.53707707
2,1,1,0.8690077
2,1,0,0.3473963
2,1,1,0.63674885
2,1,1,0.82292354
2,0,0,0.3683925
2,1,1,0.8083767
2,1,1,0.75468594
2,0,1,0.5320453
2,0,0,0.113702744
2,0,0,0.28231487
2,1,1,0.6986709
2,0,1,0.5560635
2,1,1,0.7972045
2,1,1,0.7584511
2,1,1,0.6870959
2,0,0,0.41698167
2,1,1,0.8891705
2,1,1,0.79337466
2,0,1,0.6184871
2,0,1,0.6132678
2,0,1,0.55859345
2,0,1,0.6897718
2,1,1,0.7547626
2,1,1,0.87934005
2,1,1,0.6866097
2,1,1,0.75895756
2,1,1,0.6334757
2,1,1,0.67131895
2,1,1,0.5693928
2,1,1,0.672048
2,1,1,0.69193244
2,1,1,0.7959944
2,0,1,0.8664946
2,1,1,0.8732225
2,1,1,0.6430811
2,0,1,0.6307038
2,0,1,0.7133977
2,1,1,0.7353268
2,1,1,0.7209096
2,0,0,0.41103193
2,1,1,0.6602954
2,1,1,0.7754369
2,1,0,0.44836283
2,0,1,0.76375026
2,0,1,0.57378757
2,0,0,0.15063359
2,0,0,0.33695891
2,1,1,0.645448
2,0,1,0.50445837
2,0,1,0.56036025
2,0,0,0.17249109
2,0,1,0.8498288
2,1,1,0.5477686
2,1,1,0.7761235
2,0,1,0.7984645
2,1,1,0.6510125
2,0,1,0.8502383
2,1,1,0.7729296
2,0,1,0.7873685
2,0,1,0.5813527
2,1,1,0.794412
2,0,1,0.9269678
2,1,1,0.661288
2,1,0,0.47396645
2,0,1,0.7278575
2,0,0,0.4834261
2,1,1,0.613807
2,1,0,0.4512188
2,0,0,0.33944416
2,0,0,0.44306296
2,0,1,0.69274247
2,1,1,0.68185896
2,0,1,0.66864985
2,0,1,0.53051054
2,1,1,0.63126785
2,1,0,0.39239207
2,1,0,0.41460833
2,0,0,0.4428703
2,0,1,0.6832271
2,0,1,0.53116596
2,1,1,0.9278549
2,1,1,0.79816085
2,1,1,0.5119737
2,0,0,0.4710162
2,1,1,0.64262706
2,0,1,0.52815956
2,0,0,0.2829049
2,0,1,0.751144
2,0,1,0.52885103
2,0,1,0.6122764
2,1,1,0.93226045
2,0,0,0.24373092
2,1,1,0.76196194
2,0,0,0.13319787
2,1,1,0.53463155
2,1,0,0.2836775
2,0,0,0.44823706
2,1,1,0.85750484
2,1,1,0.680276
2,0,1,0.59869957
2,1,1,0.76318246
2,1,1,0.8520511
2,0,1,0.7621458
2,0,1,0.54875344
2,1,1,0.6913909
2,0,0,0.39232272
2,1,1,0.5203647
2,1,1,0.73524624
2,1,1,0.76044935
2,1,1,0.7777565
2,0,1,0.55565184
2,0,0,0.49992713
2,0,0,0.46825066
2,0,1,0.73266405
2,1,0,0.42140138
2,1,0,0.45732227
2,0,0,0.20095894
2,1,1,0.54515254
2,0,0,0.4630514
2,1,0,0.33988446
2,0,1,0.67431754
2,0,0,0.33686206
2,0,0,0.42341113
2,1,1,0.75913316
2,0,0,0.4749612
2,1,1,0.62506324
2,1,1,0.7321947
2,1,1,0.84822613
2,0,1,0.81384957
2,0,1,0.72963655
2,0,0,0.19544865
2,1,1,0.7004175
2,0,0,0.35603476
2,1,1,0.6749274
2,0,0,0.42123127
2,1,0,0.21078774
2,1,1,0.508635
2,0,0,0.24472523
2,0,1,0.53196365
2,0,1,0.518848
2,0,1,0.6462522
2,0,1,0.51077455
2,1,0,0.22044523
2,0,0,0.26656407
2,1,1,0.7980342
2,0,0,0.26977563
2,0,0,0.30228394
2,0,0,0.43339226
2,1,0,0.30875808
2,0,0,0.19038506
2,1,1,0.63040066
2,1,0,0.36000755
2,0,0,0.12558056
2,1,1,0.58429414
2,0,0,0.21596086
2,0,0,0.30719915
2,0,0,0.49432397
2,1,0,0.4548938
2,1,1,0.74358314
2,1,1,0.77544576
2,1,1,0.73420656
2,0,0,0.43611914
2,0,1,0.6205358
2,0,0,0.1451304
2,1,1,0.8340753
2,1,1,0.61447173
2,1,0,0.42943618
2,0,0,0.15357223
2,0,0,0.3628409
2,0,1,0.6274998
2,1,1,0.63127583
2,0,0,0.31205657
2,1,1,0.58433884
2,1,0,0.33262178
2,0,0,0.4943679
2,0,1,0.58038306
2,0,1,0.54082686
2,0,0,0.397332
2,0,1,0.5990625
2,1,1,0.57662827
2,1,1,0.70125145
2,1,1,0.73084867
2,1,1,0.83824235
2,1,1,0.70821583
2,1,0,0.44454965
2,1,1,0.7554174
2,1,1,0.5502409
2,1,1,0.7177244
2,1,1,0.53740996
2,1,1,0.62589705
2,1,1,0.8122401
2,0,1,0.7934382
2,1,1,0.5930949
2,1,1,0.82698923
2,0,1,0.7663418
2,1,1,0.8017568
2,0,1,0.5845003
2,1,1,0.79662424
2,0,1,0.5407054
2,1,1,0.5816476
2,1,1,0.67911047
2,0,1,0.7185922
2,1,1,0.60621
2,0,1,0.52656966
2,0,1,0.54816514
2,0,0,0.33243418
2,1,1,0.6733381
2,0,0,0.41960227
2,1,1,0.5919922
2,1,1,0.7359117
2,0,1,0.5777058
2,0,1,0.775528
2,0,0,0.36805543
2,1,1,0.7488324
2,1,1,0.52987677
2,1,1,0.5560338
2,1,0,0.33652833
2,0,0,0.4413538
2,0,0,0.430194
2,1,1,0.6067595
2,0,0,0.4819519
2,1,1,0.73609984
2,0,1,0.7342711
2,0,0,0.45822072
2,1,1,0.56920904
2,0,1,0.79956275
2,1,1,0.6338728
2,1,1,0.65468365
2,1,1,0.65594894
2,0,1,0.5023715
2,0,0,0.4202681
2,0,1,0.5037228
2,0,0,0.07463049
2,0,0,0.39405525
2,1,1,0.84407395
2,1,1,0.71617395
2,0,1,0.5552554
2,1,0,0.464966
2,1,0,0.4632314
2,0,1,0.69822603
2,0,0,0.19986236
2,0,1,0.6621746
2,1,0,0.47560504
2,1,0,0.29999286
2,0,1,0.7747721
2,0,1,0.6280559
2,0,1,0.5055855
2,0,0,0.4729783
2,1,1,0.6221823
2,0,0,0.34207052
2,1,1,0.7699234
2,1,1,0.50116694
2,1,1,0.588265
2,0,1,0.6832392
2,1,1,0.6341972
2,1,1,0.5435454
2,1,1,0.74260694
2,0,1,0.6747312
2,0,1,0.6575561
2,1,0,0.49448043
2,0,1,0.56732327
2,1,1,0.52357554
2,0,1,0.6839446
2,1,1,0.75700486
2,1,0,0.48977685
2,1,1,0.5409209
2,0,1,0.6293753
2,1,0,0.30144542
2,0,0,0.3800441
2,0,0,0.43965533
2,0,0,0.3312044
2,1,1,0.65553933
2,0,1,0.75763977
2,1,1,0.5702306
2,0,1,0.7297678
2,1,0,0.45798331
2,0,0,0.4291814
2,0,1,0.71921384
2,0,1,0.77374077
2,0,1,0.56638396
2,0,1,0.69860715
2,1,1,0.65294284
2,1,1,0.8229996
2,1,1,0.6917122
2,1,1,0.5604927
2,0,0,0.4956476
2,0,1,0.62473035
2,0,1,0.6103971
2,1,1,0.52227014
2,0,0,0.3469924
2,1,0,0.49638063
2,1,1,0.71020645
2,1,1,0.71530807
2,1,1,0.5297097
2,0,0,0.44579375
2,0,1,0.7532945
2,0,0,0.48946387
2,0,0,0.49065122
2,0,1,0.6937191
2,1,1,0.78774744
2,0,1,0.65256906
2,0,0,0.2628948
2,1,0,0.46350855
2,1,1,0.6516277
2,1,1,0.65994716
2,0,0,0.22582309
2,1,1,0.58004683
2,0,0,0.1739695
2,1,1,0.61237323
2,1,1,0.5639119
2,1,1,0.69973093
2,0,0,0.42549792
2,0,1,0.60983026
2,0,0,0.37967432
2,0,1,0.6714658
2,1,1,0.50712585
2,1,1,0.6659775
2,1,0,0.45314947
2,1,1,0.63367903
2,1,1,0.64964306
2,1,1,0.8689845
2,0,1,0.5394063
2,0,0,0.24909177
2,0,1,0.79077965
2,1,1,0.848125
2,0,1,0.64803165
2,1,1,0.50826216
2,0,1,0.51280445
2,1,1,0.62782
2,1,0,0.45868826
2,0,0,0.32091728
2,1,1,0.9176602
2,0,0,0.3403287
2,0,0,0.18516111
2,1,1,0.7171204
2,0,0,0.45799187
2,0,1,0.5732927
2,1,1,0.7519235
2,0,0,0.32322174
2,1,1,0.6354352
2,0,0,0.47652778
2,1,1,0.5749824
2,1,0,0.28955767
2,1,0,0.34963426
2,1,0,0.4772518
2,0,1,0.53681606
2,0,1,0.52367914
2,1,1,0.55637544
2,1,1,0.6229362
2,0,0,0.38729733
2,1,0,0.38815713
2,0,0,0.29507574
2,1,1,0.6671163
2,0,1,0.5138223
2,1,1,0.5508368
2,0,1,0.57076126
2,0,0,0.33510214
2,1,1,0.81097645
2,1,0,0.35026786
2,0,1,0.529012
2,0,1,0.50722325
2,0,0,0.243024
2,0,0,0.35132524
2,0,0,0.18490624
2,0,0,0.14526725
2,1,1,0.63425624
2,0,0,0.26450115
2,1,1,0.5870164
2,1,0,0.14217626
2,1,1,0.7049447
2,1,1,0.60824364
2,0,0,0.47062188
2,0,0,0.4196818
2,1,1,0.77017623
2,1,0,0.3957411
2,1,1,0.7041378
2,1,0,0.43510833
2,0,0,0.32992175
2,0,1,0.6747501
2,1,0,0.3051235
2,1,0,0.29667303
2,0,0,0.42537928
2,0,1,0.5714514
2,0,1,0.60784304
2,1,1,0.58508176
2,0,0,0.17924191
2,0,0,0.0939384
2,1,1,0.6119379
2,1,1,0.5518946
2,0,0,0.11165926
2,1,0,0.46211612
2,0,1,0.80657476
2,0,0,0.1760111
2,0,0,0.10575089
2,0,1,0.69530237
2,0,0,0.36928132
2,0,1,0.6126084
2,1,1,0.8285616
2,1,1,0.61535454
2,1,1,0.58716637
2,0,1,0.5566979
2,1,1,0.7483755
2,0,0,0.39264736
2,1,1,0.7585022
2,0,0,0.10897662
2,1,1,0.7007456
2,1,0,0.37349972
2,1,1,0.7218397
2,1,1,0.62291944
2,0,0,0.3888584
2,1,0,0.39176035
2,1,1,0.6924678
2,0,1,0.60091054
2,0,1,0.63597476
2,0,1,0.5567301
2,0,0,0.4914442
2,0,0,0.18313585
2,0,0,0.12446583
2,0,0,0.25318158
2,0,0,0.44386488
2,0,0,0.2606833
2,0,0,0.31952402
2,0,1,0.6269808
2,0,0,0.29645088
2,1,1,0.5323364
2,0,0,0.34490043
2,1,0,0.4453649
2,0,1,0.55409354
2,0,0,0.39895275
2,0,1,0.5699698
2,0,0,0.122351944
2,1,1,0.643634
2,1,1,0.7113842
2,0,0,0.20875546
2,1,1,0.7423036
2,1,1,0.8943464
2,1,1,0.8041419
2,0,1,0.72708446
2,1,1,0.77605677
2,1,1,0.7863635
2,0,1,0.6051999
2,0,0,0.20672466
2,1,1,0.8457229
2,0,0,0.499011
2,0,1,0.7972372
2,0,1,0.57785445
2,1,1,0.7166609
2,0,1,0.75947416
2,1,1,0.71133727
2,0,0,0.4239138
2,1,1,0.81235874
2,1,1,0.6898445
2,1,0,0.40748954
2,1,0,0.26294804
2,1,1,0.5387129
2,0,0,0.48176667
2,1,1,0.81797695
2,1,0,0.19785014
2,0,0,0.20936549
2,1,0,0.4185408
2,1,1,0.50461686
2,0,0,0.4193564
2,0,0,0.2553296
2,0,0,0.38130328
2,0,0,0.34914818
2,0,0,0.4802652
2,0,0,0.28877202
2,0,1,0.53342247
2,0,1,0.5373663
2,0,0,0.46677172
2,1,0,0.43752742
2,0,1,0.5902926
2,1,1,0.7848932
2,0,1,0.6937745
2,1,1,0.67780644
2,1,1,0.6335946
2,0,0,0.044159003
2,1,1,0.588802
2,0,0,0.42309994
2,0,0,0.21738207
2,1,1,0.7175541
2,1,0,0.27182487
2,0,1,0.5805407
2,0,0,0.37813193
2,1,0,0.35657823
2,0,1,0.51257503
2,1,0,0.48134625
2,0,0,0.47584373
2,0,1,0.6878325
2,1,1,0.7613822
2,0,1,0.6491539
2,0,1,0.54930466
2,1,0,0.31905887
2,1,1,0.6653724
2,0,1,0.58505267
2,1,1,0.5982405
2,0,0,0.331856
2,0,0,0.4254017
2,1,1,0.7688432
2,1,1,0.7809587
2,0,0,0.47319147
2,0,0,0.43092534
2,0,0,0.36465865
2,1,0,0.26104927
2,1,1,0.6582352
2,1,1,0.59992975
2,1,1,0.61005014
2,0,0,0.08394514
2,0,1,0.61410624
2,0,1,0.68758017
2,1,1,0.5298551
2,0,1,0.6327828
2,0,0,0.40076855
2,1,1,0.65950686
2,0,0,0.32543606
2,0,1,0.5202939
2,0,0,0.30245876
2,0,0,0.34033492
2,0,0,0.3268175
2,0,0,0.44983724
2,1,1,0.6803514
2,1,1,0.6205184
2,0,0,0.0872513
2,1,1,0.6186391
2,1,1,0.68025476
2,0,0,0.43662697
2,1,1,0.630986
2,1,1,0.5400592
2,0,0,0.048397303
2,0,0,0.48264077
2,1,0,0.33977073
2,0,0,0.3874365
2,1,0,0.38858396
2,0,0,0.41027555
2,1,0,0.3325959
2,0,0,0.12654023
2,1,0,0.36880553
2,0,0,0.11763943
2,0,0,0.09002375
2,0,0,0.30443224
2,0,0,0.13001664
2,0,1,0.5407954
2,0,0,0.45821905
2,0,0,0.24463579
2,0,0,0.35182127
2,1,1,0.55031085
2,1,0,0.44068146
2,0,0,0.4644701
2,1,1,0.57740915
2,0,0,0.28661588
2,0,0,0.08664041
2,1,0,0.18489712
2,0,0,0.3160067
2,0,0,0.2885612
2,0,0,0.43225023
2,0,0,0.4328341
2,0,0,0.12398883
2,1,0,0.47502097
2,0,0,0.36902353
2,0,0,0.2717809
2,0,0,0.21191597
2,0,0,0.463067
2,0,0,0.32610184
2,0,0,0.25432962
2,1,0,0.4090619
2,0,0,0.288057
2,0,1,0.5466129
2,1,0,0.3680801
2,1,0,0.34583595
2,0,0,0.19874087
2,1,1,0.6907891
2,1,0,0.49558908
2,1,0,0.23974591
2,1,0,0.37168738
2,0,0,0.2309442
2,1,1,0.5059445
2,1,1,0.5421338
2,1,1,0.70192915
2,1,1,0.7026128
2,1,1,0.7771269
2,1,1,0.58724415
2,0,1,0.51915336
2,1,1,0.68549186
2,1,1,0.6351375
2,1,1,0.60793704
2,1,1,0.5859036
2,1,1,0.73646766
2,1,1,0.63351876
2,0,1,0.70129764
2,0,1,0.57963705
2,0,1,0.6887273
2,0,1,0.5517127
2,1,1,0.5026201
2,1,1,0.6783954
2,1,1,0.7066769
2,1,1,0.7627351
2,0,0,0.35701016
2,0,0,0.3553473
2,0,1,0.57605326
2,1,1,0.55804014
2,1,0,0.49642387
2,0,1,0.5749214
2,0,0,0.41520354
2,1,0,0.44688216
2,1,1,0.60450226
2,0,1,0.5612224
2,1,1,0.79194707
2,0,1,0.85255456
2,0,1,0.50055707
2,1,1,0.64196223
2,0,1,0.57145876
2,1,1,0.8372851
2,1,1,0.68909466
2,1,1,0.62258637
2,1,1,0.70103645
2,1,1,0.9035899
2,0,0,0.47899157
2,1,1,0.566211
2,0,0,0.34493333
2,1,1,0.6201875
2,0,0,0.43803874
2,1,1,0.7878629
2,0,1,0.607804
2,1,1,0.7831243
2,1,1,0.79076475
2,1,1,0.80172735
2,0,1,0.7045864
2,0,1,0.5168092
2,0,1,0.8165249
2,1,1,0.63771456
2,1,1,0.77980524
2,1,0,0.43552798
2,0,1,0.7130546
2,0,0,0.4055221
2,0,0,0.49276567
2,0,0,0.41690028
2,0,1,0.6050663
2,1,1,0.6536614
2,1,0,0.41008925
2,0,1,0.58983064
2,1,0,0.32506615
2,1,1,0.7256546
2,1,0,0.37809256
2,0,0,0.33729568
2,0,1,0.64378196
2,1,1,0.66891074
2,0,0,0.24349532
2,1,0,0.33440307
2,1,0,0.37047037
2,1,1,0.582987
2,0,0,0.4259788
2,1,1,0.54917145
2,0,1,0.5300045
2,1,1,0.51098424
2,1,1,0.50278777
2,1,1,0.54489356
2,0,1,0.64930767
2,0,1,0.719394
2,1,1,0.6083735
2,0,1,0.6017599
2,1,1,0.50706303
2,0,1,0.50137097
2,0,0,0.49870995
2,1,1,0.621489
2,0,0,0.42116442
2,0,1,0.64489406
2,1,1,0.5931009
2,0,0,0.3683512
2,0,0,0.46588892
2,0,0,0.2102973
2,1,1,0.8517604
2,0,1,0.66661686
2,0,0,0.36258435
2,1,1,0.6360849
2,0,1,0.5721784
2,0,0,0.31774348
2,0,0,0.28544006
2,0,0,0.3164125
2,1,0,0.39788717
2,1,1,0.6466399
2,0,0,0.40851024
2,0,0,0.12041892
2,1,1,0.68908525
2,0,1,0.5274862
2,1,1,0.5391496
2,0,1,0.5313392
2,0,1,0.61800605
2,0,1,0.6931587
2,1,0,0.4168197
2,1,1,0.7635174
2,1,1,0.5882946
2,1,0,0.34945995
2,0,0,0.27338085
2,0,0,0.40573278
2,1,0,0.43602976
2,0,0,0.27877158
2,0,0,0.28442848
2,0,0,0.18917964
2,1,1,0.56081116
2,0,0,0.37434396
2,0,0,0.42151138
2,1,1,0.57654786
2,0,0,0.21188417
2,1,1,0.65088093
2,0,1,0.74132794
2,1,1,0.76739824
2,1,1,0.81453884
2,1,1,0.7684858
2,0,0,0.30969873
2,0,0,0.23145498
2,0,1,0.5697456
2,0,1,0.64044154
2,0,0,0.19705181
2,1,1,0.78163177
2,0,0,0.38586685
2,0,1,0.501626
2,1,1,0.7151538
2,1,1,0.7977602
2,0,1,0.6902769
2,1,1,0.81770396
2,0,0,0.357197
2,1,1,0.7238826
2,0,0,0.24243632
2,1,1,0.690866
2,1,1,0.6053747
2,0,0,0.48696333
2,1,1,0.60087943
2,1,1,0.75274944
2,1,1,0.7486392
2,0,1,0.5208236
2,0,1,0.5811698
2,0,0,0.19710974
2,1,1,0.73790985
2,0,0,0.2681494
2,0,1,0.61009586
2,1,0,0.25844693
2,1,1,0.67637366
2,0,0,0.15948276
2,0,0,0.4018324
2,1,1,0.61962247
2,0,0,0.45612288
2,0,0,0.4235446
2,0,1,0.53810066
2,1,0,0.39386937
2,0,0,0.4976818
2,0,1,0.51647377
2,0,0,0.28460917
2,1,1,0.66724783
2,1,0,0.36669856
2,0,0,0.39763317
2,0,0,0.32718745
2,1,1,0.5482559
2,1,0,0.41753578
2,0,0,0.37523246
2,1,0,0.29530156
2,0,0,0.3226128
2,1,0,0.4815138
2,1,0,0.4780105
2,0,1,0.5245177
2,0,1,0.643681
2,1,0,0.36353904
2,0,0,0.25596347
2,1,0,0.27360186
2,0,0,0.08046448
2,0,0,0.47057068
2,1,1,0.9038979
2,0,1,0.77654225
2,0,1,0.8030364
2,1,1,0.60792303
2,0,0,0.4214559
2,0,0,0.315576
2,1,1,0.7368725
2,1,1,0.9626534
2,1,1,0.61608064
2,0,1,0.5117476
2,0,1,0.7111657
2,1,1,0.8160077
2,0,1,0.5368547
2,1,0,0.45301795
2,0,1,0.56651056
2,0,1,0.646261
2,1,1,0.69972605
2,1,1,0.7904272
2,0,0,0.4842648
2,0,0,0.39113417
2,1,1,0.5607639
2,1,0,0.46705478
2,0,1,0.58035487
2,1,1,0.7404454
2,1,0,0.48249543
2,1,1,0.92468536
2,1,1,0.6677448
2,0,1,0.8664737
2,0,0,0.254447
2,0,0,0.49027222
2,1,1,0.75375706
2,1,1,0.58242786
2,0,1,0.62046665
2,1,1,0.6065113
2,0,1,0.52410144
2,1,1,0.6087199
2,1,1,0.90875536
2,1,1,0.65120625
2,1,1,0.6897994
2,0,0,0.37943435
2,0,0,0.32185546
2,1,1,0.7045333
2,0,0,0.41458818
2,1,1,0.79891884
2,0,0,0.49943277
2,1,0,0.4520833
2,1,1,0.6477097
2,1,1,0.5285742
2,1,0,0.3593711
2,0,0,0.30668786
2,1,1,0.58016807
2,0,1,0.56979287
2,1,0,0.48669842
2,0,1,0.6151507
2,0,1,0.6632765
2,1,1,0.6199454
2,1,0,0.32631686
2,0,1,0.5566643
2,0,0,0.095493704
2,1,0,0.33867273
2,0,0,0.22838181
2,1,0,0.3728144
2,0,0,0.38226563
2,1,1,0.51928115
2,0,1,0.70397496
2,0,0,0.3350348
2,0,1,0.50861216
2,1,1,0.69306225
2,0,1,0.5707505
2,0,1,0.6794918
2,0,1,0.7556797
2,0,0,0.26328275
2,1,1,0.8558531
2,0,1,0.67845637
2,1,1,0.8600642
2,1,1,0.6406446
2,1,1,0.74329525
2,1,1,0.71063244
2,1,1,0.88073635
2,0,1,0.5557792
2,0,1,0.68136024
2,0,0,0.23803717
2,1,1,0.66501135
2,0,0,0.2169791
2,0,1,0.5959874
2,0,1,0.72031903
2,1,1,0.7547772
2,1,1,0.8047688
2,1,1,0.7665542
2,1,1,0.5508317
2,1,1,0.74823916
2,1,1,0.6634836
2,1,1,0.59033024
2,0,1,0.84644693
2,0,1,0.68189806
2,1,1,0.8326796
2,1,1,0.6914989
2,0,0,0.4544081
2,1,1,0.7725302
2,0,1,0.8305065
2,1,1,0.6677633
2,1,1,0.8452372
2,0,0,0.49582663
2,0,1,0.6892632
2,0,1,0.6524696
2,1,1,0.71955264
2,1,1,0.65049165
2,1,1,0.80367494
2,0,1,0.6167645
2,0,1,0.54911375
2,1,1,0.5077468
2,1,1,0.8554625
2,1,1,0.8968187
2,1,1,0.7400805
2,1,1,0.8361809
2,0,1,0.79771954
2,1,1,0.6370166
2,1,1,0.7897357
2,1,1,0.7007891
2,1,1,0.71871394
2,0,0,0.2636939
2,0,1,0.851101
2,1,1,0.77636456
2,1,1,0.72597486
2,0,1,0.68211275
2,0,1,0.6162824
2,0,1,0.6209733
2,0,1,0.55686706
2,1,1,0.6966275
2,1,1,0.6444529
2,0,1,0.54073685
2,0,1,0.60375583
2,1,1,0.63745195
2,0,1,0.7251133
2,0,0,0.4882917
2,1,1,0.5882813
2,1,1,0.65743047
2,1,1,0.62931484
2,1,1,0.548863
2,0,1,0.6047358
2,1,1,0.6370891
2,0,1,0.51829123
2,1,0,0.4774712
2,0,1,0.7341508
2,0,0,0.4815279
2,0,1,0.52386165
2,0,1,0.5362943
2,0,0,0.28250095
2,0,1,0.59589344
2,1,1,0.80372894
2,1,1,0.755605
2,0,1,0.6036613
2,0,0,0.4854793
2,0,0,0.4928605
2,1,1,0.6724408
2,0,1,0.75709337
2,1,1,0.6176216
2,1,1,0.6079599
2,1,1,0.57804626
2,1,1,0.73735595
2,0,1,0.66177666
2,0,1,0.62591964
2,1,0,0.420215
2,1,1,0.51198095
2,0,0,0.31539065
2,1,1,0.65399
2,0,1,0.57175505
2,1,1,0.81940407
2,1,1,0.8251736
2,1,1,0.66463715
2,0,1,0.61432415
2,0,1,0.76389253
2,0,1,0.86056703
2,0,0,0.3072382
2,0,0,0.46021774
2,0,1,0.7724029
2,1,0,0.42552555
2,0,0,0.20647237
2,0,1,0.5850416
2,1,0,0.41138116
2,1,1,0.57296145
2,0,0,0.17512436
2,1,1,0.72558546
2,1,0,0.32860178
2,0,0,0.26937285
2,0,1,0.522039
2,0,0,0.3583025
2,0,1,0.882522
2,0,1,0.5120677
2,0,1,0.6869556
2,1,1,0.65997547
2,0,0,0.40833858
2,0,0,0.31245828
2,1,1,0.8137245
2,1,1,0.54527575
2,1,0,0.380913
2,1,0,0.35801116
2,1,1,0.5015466
2,0,1,0.5101638
2,1,1,0.81347334
2,1,1,0.7679478
2,1,1,0.73633164
2,0,0,0.3609828
2,0,1,0.5106925
2,1,1,0.700682
2,0,1,0.66106915
2,0,0,0.25641683
2,1,1,0.7843926
2,1,1,0.86091274
2,0,0,0.3284505
2,0,1,0.5321268
2,0,1,0.7153382
2,0,0,0.2789643
2,0,0,0.16658807
2,1,1,0.8804279
2,0,1,0.5060768
2,0,0,0.34734324
2,1,0,0.4402467
2,1,1,0.82341754
2,1,1,0.84741557
2,1,0,0.49991
2,0,1,0.5923951
2,0,0,0.18034177
2,0,0,0.20714453
2,1,1,0.7053255
2,0,1,0.66608196
2,0,1,0.6247754
2,1,1,0.70116353
2,1,0,0.41935194
2,1,1,0.66011596
2,0,1,0.59711057
2,1,1,0.84166294
2,1,1,0.8693926
2,1,1,0.7340722
2,0,1,0.7148607
2,0,1,0.79446286
2,1,0,0.43413305
2,0,0,0.08816331
2,1,0,0.41129407
2,1,1,0.6794628
2,0,1,0.53959566
2,0,0,0.3504209
2,0,0,0.37869677
2,0,1,0.5994517
2,0,0,0.131611
2,1,1,0.671216
2,1,0,0.3534328
2,0,0,0.46207124
2,0,1,0.57900584
2,0,0,0.32116777
2,1,0,0.26183602
2,1,1,0.62928265
2,0,0,0.16486251
2,0,0,0.45118976
2,1,0,0.40368775
2,1,1,0.533653
2,0,1,0.69180036
2,0,1,0.64173734
2,1,0,0.49412015
2,1,0,0.24179988
2,1,0,0.2956707
2,0,0,0.33404216
2,0,0,0.3448022
2,1,1,0.558125
2,0,0,0.375358
2,1,1,0.5171066
2,1,1,0.689453
2,0,0,0.13220702
2,0,1,0.8094693
2,1,1,0.6854621
2,1,1,0.52143794
2,0,0,0.4632408
2,1,0,0.4984166
2,0,0,0.07462765
2,1,0,0.4737864
2,1,1,0.80514866
2,0,0,0.22927016
2,1,1,0.60398114
2,1,1,0.5142693
2,0,0,0.3345938
2,1,1,0.7089911
2,0,0,0.47598973
2,0,0,0.29419428
2,0,0,0.4485969
2,0,0,0.3671719
2,0,0,0.34884736
2,0,0,0.36584082
2,0,0,0.23537356
2,1,1,0.5031954
2,1,1,0.70663834
2,1,1,0.5757277
2,1,1,0.8146481
2,1,0,0.2988012
2,1,0,0.3254737
2,1,1,0.8610064
2,0,1,0.6809164
2,1,0,0.4062328
2,0,1,0.70935637
2,0,0,0.26828983
2,0,0,0.4134462
2,1,1,0.84157294
2,1,1,0.8638686
2,1,0,0.394148
2,0,0,0.35845944
2,1,1,0.67851806
2,1,1,0.5990479
2,1,0,0.49137247
2,0,0,0.22807989
2,0,1,0.57898194
2,0,0,0.37259787
2,0,0,0.16380672
2,0,1,0.8172587
2,1,0,0.4204798
2,1,1,0.8551312
2,1,1,0.6971375
2,0,1,0.6681313
2,0,0,0.48319525
2,1,1,0.5206015
2,1,1,0.6527863
2,0,1,0.5699198
2,1,1,0.6752301
2,1,1,0.8094156
2,0,1,0.65418637
2,1,0,0.46132842
2,1,1,0.5875111
2,0,0,0.12335267
2,1,0,0.0630193
2,1,0,0.3147662
2,1,1,0.7281741
2,0,1,0.6296876
2,0,0,0.2003365
2,1,0,0.1650929
2,0,0,0.38296926
2,0,0,0.49867585
2,0,0,0.13679664
2,1,0,0.20654908
2,1,1,0.81181043
2,0,0,0.4608397
2,0,1,0.5675758
2,1,0,0.15288925
2,0,1,0.5950956
2,0,0,0.4809884
2,0,0,0.32944712
2,1,0,0.3413954
2,0,1,0.6621676
2,0,0,0.3460407
2,0,0,0.13255718
2,1,0,0.38711894
2,0,1,0.6508351
2,0,0,0.3962767
2,1,0,0.3457735
2,0,1,0.6043687
2,1,0,0.3470516
2,1,1,0.9342033
2,0,1,0.5746809
2,0,1,0.63643426
2,1,1,0.79541546
2,1,1,0.83211046
2,0,1,0.52890676
2,0,1,0.6319803
2,0,1,0.70433235
2,0,1,0.5084296
2,1,1,0.64217985
2,0,1,0.6008302
2,0,1,0.565541
2,1,1,0.8637971
2,1,1,0.6223438
2,0,1,0.63847756
2,1,0,0.31393775
2,1,1,0.56060475
2,0,1,0.65001297
2,1,1,0.6139116
2,1,1,0.67316955
2,0,0,0.20955437
2,0,1,0.6367831
2,1,1,0.5849886
2,1,1,0.7069402
2,0,1,0.7547017
2,1,1,0.7412175
2,0,0,0.28478017
2,1,1,0.7671576
2,0,1,0.8413066
2,0,1,0.8733539
2,1,1,0.7939645
2,0,0,0.34331053
2,0,0,0.14577128
2,0,0,0.4345243
2,1,1,0.7035882
2,1,1,0.75692534
2,1,1,0.78054655
2,0,0,0.41650486
2,1,1,0.68430054
2,1,1,0.82241285
2,1,1,0.8294735
2,0,0,0.2416193
2,0,0,0.1647618
2,1,1,0.8836705
2,0,0,0.39718944
2,1,0,0.2556312
2,0,0,0.38223317
2,1,1,0.580668
2,0,0,0.12417926
2,1,0,0.4511319
2,1,1,0.6041093
2,0,1,0.6120057
2,0,0,0.25644433
2,0,0,0.20614901
2,1,1,0.76430804
2,0,0,0.45958853
2,1,1,0.5839753
2,0,1,0.5980463
2,0,1,0.69180036
2,1,1,0.88708544
2,1,1,0.6155516
2,1,0,0.43391263
2,1,1,0.70820504
2,1,1,0.6542064
2,1,1,0.6579739
2,1,1,0.61947286
2,0,1,0.74793845
2,0,1,0.6491121
2,0,1,0.7382131
2,0,0,0.45265293
2,1,1,0.7189058
2,1,1,0.8803187
2,1,1,0.8656006
2,1,1,0.91721106
2,0,1,0.556311
2,1,1,0.8110282
2,1,1,0.82118654
2,0,0,0.47364405
2,0,1,0.59490925
2,0,1,0.5791537
2,1,1,0.8386007
2,1,0,0.40600327
2,0,0,0.38499334
2,1,1,0.5732367
2,1,1,0.7820098
2,1,1,0.718091
2,0,1,0.581861
2,0,1,0.6058583
2,0,1,0.55756795
2,1,1,0.5210688
2,0,1,0.81642026
2,0,0,0.37632823
2,1,1,0.7249101
2,1,1,0.8548834
2,1,1,0.72016144
2,0,0,0.44353807
2,1,1,0.58031905
2,1,1,0.67277986
2,0,1,0.7960497
2,0,1,0.80011696
2,0,1,0.6758742
2,0,0,0.49473828
2,1,0,0.31158668
2,1,1,0.62938553
2,0,0,0.4304765
2,1,1,0.6543659
2,0,1,0.7513609
2,0,1,0.87313557
2,1,0,0.39874685
2,0,1,0.54010636
2,1,1,0.5048017
2,1,1,0.64761245
2,0,0,0.13778485
2,1,1,0.7578833
2,1,1,0.74277264
2,1,1,0.73797774
2,1,1,0.83542544
2,0,1,0.5912653
2,1,1,0.8136644
2,0,1,0.75661397
2,1,1,0.6549133
2,0,0,0.41020015
2,0,1,0.68247443
2,0,1,0.7611857
2,0,0,0.39648983
2,1,1,0.7556468
2,0,1,0.8716029
2,0,0,0.3864022
2,1,1,0.7228813
2,1,1,0.5901149
2,0,1,0.5448663
2,1,1,0.7236005
2,1,1,0.5484064
2,0,0,0.47606945
2,1,1,0.8388553
2,0,1,0.6673677
2,1,1,0.5514746
2,1,1,0.5827431
2,0,1,0.51862323
2,0,1,0.72249615
2,0,1,0.5877981
2,1,0,0.29105017
2,0,0,0.23410112
2,0,0,0.26896018
2,1,1,0.59707516
2,0,0,0.17686014
2,0,0,0.13646549
2,1,0,0.20416023
2,0,0,0.24645634
2,1,1,0.839872
2,0,1,0.5933331
2,0,0,0.40005204
2,0,0,0.37532085
2,1,1,0.7843528
2,1,1,0.8077184
2,0,0,0.4760876
2,1,1,0.6659181
2,0,0,0.4771149
2,1,0,0.47910002
2,0,1,0.5565458
2,1,0,0.18007098
2,1,1,0.59824985
2,0,0,0.49149877
2,0,0,0.18674111
2,0,0,0.13522382
2,0,0,0.09556892
2,0,0,0.12463742
2,0,0,0.37453607
2,0,0,0.4250563
2,0,0,0.21796657
2,0,0,0.45544076
2,0,1,0.6614466
2,0,0,0.49731788
2,1,1,0.8713802
2,1,1,0.83578134
2,0,0,0.20045131
2,1,1,0.6459565
2,1,0,0.41229424
2,0,0,0.40904063
2,1,1,0.76714516
2,0,0,0.14961739
2,1,1,0.7350867
2,0,0,0.3806379
2,1,0,0.44615278
2,1,1,0.67087877
2,1,1,0.5943793
2,0,1,0.5653145
2,0,1,0.7022655
2,0,0,0.35987535
2,0,1,0.5051598
2,0,0,0.40184143
2,1,1,0.5837839
2,0,0,0.1955968
2,1,1,0.66799617
2,1,1,0.6977055
2,1,1,0.7251444
2,1,1,0.71514976
2,0,0,0.31441864
2,0,1,0.75037825
2,0,0,0.49549592
2,0,0,0.27642676
2,1,1,0.723615
2,1,1,0.81787604
2,0,1,0.55003166
2,1,1,0.90725434
2,0,1,0.6487083
2,1,0,0.307595
2,0,1,0.7532948
2,1,1,0.8052401
2,1,1,0.89525145
2,1,1,0.859995
2,1,1,0.8434517
2,0,1,0.77696985
2,0,0,0.3222054
2,1,1,0.7691559
2,1,1,0.9157758
2,0,1,0.7720074
2,0,0,0.47140312
2,0,0,0.41671538
2,0,1,0.7313573
2,0,1,0.7179802
2,1,1,0.5583318
2,1,1,0.5813033
2,0,1,0.62713677
2,0,1,0.8356188
2,0,0,0.2918613
2,0,1,0.61966944
2,0,1,0.5801288
2,1,1,0.90111727
2,0,0,0.09735959
2,1,1,0.78041434
2,0,0,0.28551596
2,1,1,0.633542
2,1,1,0.7737173
2,1,1,0.6394998
2,0,1,0.81482106
2,1,1,0.7462935
2,1,1,0.9382037
2,1,0,0.45480624
2,1,1,0.82796925
2,0,0,0.35277376
2,0,0,0.49321118
2,1,1,0.72637635
2,1,1,0.61894953
2,1,0,0.40097514
2,1,1,0.7591751
2,0,0,0.31182858
2,0,1,0.86227185
2,0,1,0.5769674
2,1,1,0.7908087
2,1,1,0.7681351
2,0,0,0.31918478
2,0,0,0.11802348
2,0,0,0.12173205
2,1,0,0.46410906
2,0,1,0.6071607
2,0,1,0.52350307
2,0,0,0.26741788
2,1,1,0.73723584
2,0,0,0.34023595
2,1,0,0.32272285
2,0,0,0.1603574
2,0,1,0.74582297
2,0,1,0.6881843
2,1,0,0.37459347
2,1,1,0.59126455
2,0,0,0.16516425
2,0,0,0.4130435
2,0,0,0.3333086
2,1,1,0.68735033
2,1,1,0.7472558
2,0,1,0.63978803
2,1,1,0.6148092
2,0,1,0.63450164
2,1,1,0.62002915
2,1,1,0.5027378
2,0,0,0.34254885
2,1,0,0.4136781
2,1,0,0.41136816
2,1,0,0.38477883
2,0,0,0.45666414
2,0,1,0.7326621
2,1,1,0.77747697
2,1,1,0.5941839
2,0,0,0.324539
2,0,0,0.42307824
2,0,0,0.47039822
2,1,1,0.5866424
2,1,1,0.55610013
2,0,0,0.17573358
2,0,1,0.5559553
2,0,0,0.3958061
2,1,1,0.83973503
2,0,0,0.1948054
2,1,1,0.80898905
2,0,1,0.67369336
2,1,1,0.7343019
2,1,1,0.71609604
2,1,1,0.5213791
2,1,1,0.58726853
2,0,1,0.6614228
2,0,1,0.78499573
2,1,1,0.75537544
2,1,1,0.6912353
2,1,0,0.43120116
2,1,0,0.48242712
2,0,0,0.40951043
2,1,0,0.42859158
2,1,1,0.6710032
2,0,1,0.60101885
2,0,1,0.5495238
2,0,0,0.28847
2,0,1,0.70084447
2,1,1,0.6798515
2,1,1,0.63553053
2,0,1,0.60514313
2,0,1,0.64972013
2,1,0,0.33050314
2,1,0,0.48389706
2,1,1,0.70192915
2,1,1,0.7026128
2,1,1,0.7771269
2,1,1,0.58724415
2,0,1,0.51915336
2,1,1,0.68549186
2,1,1,0.6351375
2,1,1,0.60793704
2,1,1,0.5859036
2,1,1,0.73646766
2,1,1,0.63351876
2,0,1,0.70129764
2,0,1,0.57963705
2,0,1,0.6887273
2,0,1,0.5517127
2,1,1,0.5026201
2,1,1,0.6783954
2,1,1,0.7066769
2,1,1,0.7627351
2,0,0,0.35701016
2,0,0,0.40233308
2,0,1,0.57605326
2,1,1,0.55804014
2,1,0,0.49642387
2,0,1,0.5749214
2,0,0,0.41520354
2,1,0,0.44688216
2,1,1,0.6045022
2,0,1,0.5612224
2,1,1,0.79194707
2,0,1,0.85255456
2,0,1,0.50055707
2,1,1,0.64196223
2,0,1,0.57145876
2,1,1,0.89602584
2,1,1,0.5555457
2,1,1,0.5957176
2,0,1,0.5380501
2,0,0,0.4212769
2,1,0,0.49933624
2,1,0,0.25189662
2,1,0,0.46145186
2,1,1,0.6319842
2,0,1,0.63076055
2,0,1,0.63299775
2,1,1,0.6531196
2,0,1,0.5793239
2,1,1,0.6391075
2,0,0,0.45197785
2,0,1,0.8411674
2,0,1,0.66525745
2,0,1,0.6674237
2,1,0,0.39924902
2,0,1,0.6316037
2,0,1,0.5044504
2,1,1,0.60996526
2,0,0,0.4969131
2,0,1,0.6309247
2,0,0,0.24423803
2,1,0,0.48957804
2,1,1,0.7541296
2,1,1,0.8253145
2,0,1,0.7486961
2,1,1,0.91721106
2,0,1,0.556311
2,1,1,0.8110282
2,1,1,0.82118654
2,0,0,0.47364405
2,0,1,0.59490925
2,0,1,0.5791537
2,1,1,0.8386007
2,1,0,0.40600327
2,0,0,0.38499334
2,1,1,0.5732367
2,1,1,0.7820098
2,1,1,0.718091
2,0,1,0.581861
2,0,1,0.6058583
2,0,1,0.55756795
2,1,1,0.5210688
2,0,1,0.81642026
2,0,0,0.37632823
2,1,1,0.7249101
2,1,1,0.8548834
2,1,1,0.85452086
2,1,1,0.7210721
2,1,1,0.82277894
2,1,1,0.7082431
2,0,0,0.43643615
2,0,1,0.7734772
2,0,1,0.6626256
2,1,0,0.3496311
2,0,0,0.14690255
2,0,1,0.5840157
2,0,1,0.58836913
2,0,1,0.773812
2,0,1,0.5479336
2,0,1,0.66197747
2,1,1,0.8097042
2,0,0,0.36919788
2,1,1,0.7793371
2,0,1,0.69783086
2,1,1,0.8000436
2,1,1,0.70524323
2,1,1,0.66321754
2,1,1,0.5938962
2,1,1,0.6435103
2,1,1,0.75305176
2,0,0,0.3022391
2,0,0,0.14687082
2,0,1,0.69284934
2,1,1,0.8691581
2,0,0,0.3313464
2,1,1,0.6346078
2,1,1,0.5921071
2,0,0,0.43143064
2,1,1,0.617405
2,1,1,0.87774795
2,1,1,0.5576092
2,0,0,0.3358431
2,1,1,0.8180713
2,0,0,0.29806936
2,0,0,0.31116888
2,1,1,0.69498765
2,0,1,0.60312116
2,0,1,0.54067105
2,0,0,0.46429336
2,0,1,0.5928573
2,1,1,0.60953367
2,0,0,0.32986835
2,1,1,0.71590245
2,1,1,0.6904032
2,0,0,0.4563697
2,0,1,0.54943305
2,1,1,0.78888595
2,1,1,0.6926534
2,0,0,0.14878437
2,0,0,0.38583118
2,0,1,0.59920794
2,1,0,0.2614255
2,1,1,0.7210778
2,1,0,0.35781285
2,0,1,0.65812165
2,1,1,0.6192288
2,1,1,0.5469087
2,0,0,0.29287648
2,1,1,0.53185534
2,1,1,0.695965
2,0,0,0.39047018
2,1,0,0.25699493
2,1,0,0.4571275
2,0,0,0.29995906
2,1,0,0.4282129
2,0,0,0.45834294
2,1,1,0.532247
2,0,0,0.43304843
2,1,0,0.3378142
2,1,0,0.2614255
2,0,0,0.15298215
2,0,0,0.21669844
2,0,1,0.63607
2,0,0,0.38757154
2,0,0,0.38656777
2,1,1,0.6692782
2,1,0,0.38771185
2,1,1,0.8323745
2,1,1,0.54574096
2,1,1,0.622184
2,0,0,0.3267968
2,1,0,0.421086
2,0,0,0.21907993
2,0,0,0.07999123
2,0,0,0.2704225
2,0,0,0.3763687
2,0,0,0.16219255
2,1,1,0.7686661
2,0,1,0.74047244
2,0,0,0.27605096
2,0,0,0.4794606
2,1,1,0.6241044
2,0,0,0.11040306
2,0,1,0.62441814
2,0,0,0.41200247
2,0,0,0.1508735
2,0,1,0.6472176
2,0,0,0.34652257
2,0,0,0.25042018
2,0,1,0.57829994
2,0,0,0.33495092
2,1,1,0.6495587
2,0,0,0.39958054
2,0,0,0.33375886
2,1,1,0.69348705
2,1,1,0.65700847
2,0,0,0.45874628
2,1,0,0.34425727
2,0,0,0.093564466
2,1,0,0.44239643
2,1,1,0.6388166
2,0,1,0.60161525
2,0,0,0.40070382
2,0,1,0.61646444
2,1,0,0.23852322
2,0,0,0.088468835
2,1,0,0.32028827
2,1,1,0.50230783
2,0,0,0.18450725
2,0,0,0.26531622
2,0,1,0.81979686
2,1,1,0.6075429
2,1,0,0.45216992
2,0,0,0.46132946
2,0,0,0.44084048
2,1,1,0.5765367
2,1,1,0.68367106
2,1,1,0.6964226
2,1,1,0.63129306
2,0,1,0.70188266
2,0,1,0.55662763
2,1,1,0.60535836
2,1,1,0.6153339
2,1,1,0.7042821
2,0,0,0.34508345
2,0,1,0.88539654
2,0,0,0.44023544
2,0,1,0.5667824
2,1,1,0.8390997
2,0,1,0.65522414
2,0,1,0.7428644
2,0,1,0.69435185
2,0,0,0.4806422
2,1,1,0.92628753
2,0,0,0.4578626
2,0,1,0.6176216
2,1,0,0.49395728
2,1,1,0.66216904
2,1,1,0.82063836
2,0,0,0.49386388
2,0,1,0.70755404
2,0,1,0.6356884
2,1,1,0.5811878
2,1,0,0.3917801
2,1,1,0.766128
2,0,0,0.41140583
2,0,1,0.59530497
2,0,0,0.36999598
2,0,0,0.34217495
2,0,0,0.32084212
2,1,1,0.7141363
2,0,0,0.27393344
2,0,0,0.28205562
2,0,0,0.3350243
2,1,1,0.6959181
2,0,0,0.31665635
2,1,1,0.5597316
2,1,1,0.7705619
2,0,1,0.7553545
2,1,0,0.16789445
2,1,1,0.6371213
2,1,1,0.5594847
2,0,1,0.5465231
2,0,1,0.75005376
2,0,0,0.15269268
2,0,0,0.47603643
2,1,1,0.51494616
2,0,0,0.47057068
2,0,0,0.36310485
2,1,1,0.69168407
2,0,0,0.3171208
2,1,1,0.53212863
2,1,1,0.5542204
2,1,1,0.66439223
2,0,0,0.22518642
2,1,1,0.8439873
2,1,1,0.69698554
2,0,1,0.61965454
2,0,1,0.5331017
2,0,0,0.45607734
2,1,1,0.5232267
2,0,0,0.4525537
2,0,1,0.7701412
2,0,0,0.4151456
2,0,1,0.7956699
2,1,1,0.54494494
2,1,1,0.61970615
2,1,0,0.17021748
2,0,0,0.40627003
2,1,1,0.76066506
2,1,1,0.57642543
2,1,1,0.60095483
2,0,0,0.49580738
2,0,0,0.4653603
2,0,0,0.47020337
2,0,1,0.54875994
2,0,0,0.33638573
2,0,0,0.25610274
2,0,0,0.34370944
2,0,0,0.11704277
2,0,0,0.34231472
2,1,1,0.63654625
2,0,1,0.5380662
2,1,1,0.684815
2,1,1,0.6244805
2,0,0,0.43457076
2,1,1,0.6959975
2,0,0,0.16807055
2,0,1,0.76035863
2,0,0,0.14999568
2,0,0,0.4210884
2,0,0,0.3219457
2,0,1,0.8253766
2,1,0,0.45049328
2,0,1,0.9269678
2,1,1,0.661288
2,1,0,0.47396645
2,0,1,0.7278575
2,0,0,0.4834261
2,1,1,0.613807
2,1,0,0.4512188
2,0,0,0.33944416
2,0,0,0.44306296
2,0,1,0.69274247
2,1,1,0.68185896
2,0,1,0.66864985
2,0,1,0.53051054
2,1,1,0.63126785
2,1,0,0.39239207
2,1,0,0.41460833
2,0,0,0.4428703
2,0,1,0.6832271
2,0,1,0.53116596
2,1,1,0.78179306
2,1,0,0.34276384
2,1,0,0.4926386
2,1,1,0.6084803
2,1,1,0.5063554
2,0,0,0.1705235
2,1,0,0.49504864
2,1,1,0.647313
2,1,0,0.47288418
2,0,0,0.115068585
2,1,1,0.84237283
2,0,1,0.54502887
2,0,1,0.6045417
2,1,1,0.60457766
2,0,0,0.3701073
2,0,1,0.5458533
2,0,0,0.2216843
2,0,0,0.46725836
2,0,0,0.49348634
2,1,1,0.6294003
2,0,0,0.2804842
2,0,0,0.31966847
2,1,1,0.77097094
2,1,1,0.7781074
2,0,0,0.30318564
2,0,1,0.6708037
2,0,1,0.7304322
2,0,1,0.5555049
2,1,0,0.2975262
2,0,0,0.40936697
2,0,1,0.66120505
2,1,1,0.6977662
2,1,1,0.7891084
2,0,0,0.34947205
2,0,1,0.51541466
2,1,1,0.64790326
2,0,1,0.5955734
2,1,1,0.67605686
2,0,0,0.12654535
2,0,0,0.22130008
2,0,1,0.5536851
2,1,1,0.6883891
2,0,1,0.6126084
2,0,1,0.74916714
2,0,1,0.56998503
2,1,1,0.8233007
2,1,1,0.5251468
2,0,0,0.27080405
2,0,0,0.3188664
2,1,1,0.7039702
2,1,1,0.7773067
2,1,1,0.70419174
2,0,0,0.4718347
2,1,1,0.9124725
2,1,1,0.5290857
2,1,1,0.685532
2,1,1,0.9178753
2,1,1,0.6489058
2,1,0,0.26198348
2,1,1,0.5671558
2,0,0,0.34368086
2,0,0,0.46635085
2,0,1,0.5364085
2,0,0,0.36866814
2,0,1,0.7888539
2,0,1,0.7624895
2,0,1,0.5766301
2,1,1,0.9232049
2,0,1,0.74767005
2,1,1,0.93374985
2,1,1,0.80708444
2,0,1,0.73958725
2,0,1,0.60103005
2,0,0,0.37670425
2,0,1,0.7606111
2,0,1,0.82054454
2,1,1,0.807509
2,1,1,0.86828697
2,0,0,0.3234667
2,1,1,0.90414834
2,0,1,0.6442795
2,1,1,0.5967717
2,1,1,0.7705292
2,0,0,0.25977007
2,1,1,0.9059451
2,1,1,0.7590238
2,1,1,0.6296447
2,1,1,0.65616554
2,0,0,0.4802423
2,0,1,0.65436053
2,1,1,0.76399654
2,1,0,0.38065505
2,1,1,0.5159139
2,1,1,0.5293256
2,0,0,0.20018195
2,0,0,0.4692123
2,1,1,0.67222273
2,0,1,0.70846474
2,1,0,0.4542048
2,0,1,0.5484228
2,0,1,0.77966374
2,0,1,0.6968292
2,0,1,0.69756645
2,0,1,0.65371335
2,0,1,0.71865135
2,1,1,0.61460567
2,0,1,0.5398008
2,0,1,0.5958281
2,1,0,0.4161855
2,0,1,0.75567794
2,1,1,0.53312
2,0,1,0.7104986
2,1,1,0.6220289
2,0,1,0.5448779
2,1,1,0.69660735
2,0,1,0.75434166
2,1,1,0.7855993
2,1,1,0.7410447
2,0,1,0.582754
2,0,1,0.8593589
2,1,1,0.89076215
2,1,1,0.76791835
2,0,0,0.23575023
2,0,0,0.45258132
2,0,1,0.690261
2,0,1,0.64623547
2,1,1,0.7604022
2,0,1,0.60361755
2,0,0,0.46553317
2,0,1,0.78166395
2,1,1,0.556059
2,1,1,0.6403165
2,1,1,0.7852552
2,1,1,0.65903014
2,1,1,0.84102714
2,1,1,0.5940814
2,0,1,0.5936173
2,1,1,0.7052033
2,1,1,0.6609627
2,1,1,0.7559425
2,0,1,0.538334
2,0,0,0.29545426
2,0,0,0.41640317
2,1,1,0.72125345
2,1,1,0.51917106
2,1,1,0.66469395
2,1,1,0.59582454
2,0,0,0.4901608
2,0,1,0.6334043
2,0,1,0.77281123
2,1,1,0.7848868
2,0,0,0.45303532
2,1,1,0.76473594
2,0,0,0.15796237
2,1,1,0.5415349
2,0,1,0.624032
2,1,0,0.4290036
2,1,1,0.5279665
2,0,0,0.19191638
2,0,0,0.44361627
2,0,1,0.8404061
2,0,0,0.39399448
2,1,1,0.88775516
2,0,0,0.14769694
2,1,1,0.7952917
2,0,0,0.38412327
2,1,1,0.8966119
2,0,0,0.07942123
2,0,0,0.36435184
2,1,0,0.4691212
2,1,1,0.83483964
2,0,0,0.23423819
2,1,0,0.3423311
2,1,1,0.86070657
2,0,0,0.25573632
2,0,0,0.16655815
2,0,0,0.4842206
2,0,0,0.42522112
2,1,1,0.573409
2,0,1,0.6009961
2,0,1,0.63139415
2,1,0,0.28427708
2,0,0,0.24042025
2,1,1,0.7206651
2,0,1,0.54228765
2,0,0,0.44161507
2,1,1,0.6773141
2,0,0,0.49380535
2,1,1,0.5615052
2,1,1,0.60903853
2,1,0,0.37028253
2,1,1,0.7191524
2,0,0,0.3925178
2,0,1,0.7422422
2,0,0,0.2877918
2,1,1,0.7220788
2,0,1,0.7396371
2,0,1,0.5367687
2,1,1,0.6853876
2,0,1,0.60414326
2,0,1,0.614549
2,0,0,0.41025943
2,1,0,0.48221382
2,1,1,0.58940995
2,1,1,0.6999987
2,1,1,0.8339113
2,0,1,0.50915235
2,1,1,0.60256314
2,0,1,0.6295186
2,1,0,0.43868572
2,0,1,0.7423699
2,0,1,0.63329774
2,1,1,0.54354244
2,0,0,0.4938555
2,0,0,0.2762582
2,1,0,0.4516809
2,0,1,0.69544375
2,1,1,0.8490293
2,1,1,0.9408939
2,1,1,0.9040129
2,1,1,0.7283223
2,1,1,0.6902009
2,1,1,0.521936
2,1,1,0.9187645
2,1,1,0.67261475
2,1,1,0.79308707
2,0,0,0.40350327
2,1,1,0.75812244
2,1,1,0.57470334
2,0,0,0.4432535
2,1,1,0.53219694
2,0,1,0.6266824
2,1,1,0.6417124
2,1,1,0.65695405
2,0,0,0.16794968
2,1,1,0.9230366
2,1,1,0.84803826
2,0,1,0.5831667
2,0,0,0.36337098
2,0,0,0.0983644
2,0,0,0.4310121
2,0,1,0.70821065
2,0,1,0.67425007
2,0,1,0.5836235
2,0,1,0.7106291
2,1,1,0.93718565
2,1,0,0.44485822
2,0,1,0.6181483
2,1,1,0.7489815
2,1,1,0.8763512
2,1,1,0.8123829
2,0,0,0.31254345
2,1,1,0.6326567
2,1,1,0.8211276
2,0,1,0.53107715
2,1,1,0.9001312
2,0,1,0.6951173
2,1,1,0.8465383
2,1,1,0.6923746
2,0,1,0.5910818
2,1,1,0.60026455
2,0,1,0.8138078
2,0,0,0.4524567
2,1,1,0.77951217
2,0,1,0.5225122
2,1,1,0.72830474
2,1,0,0.31979278
2,0,0,0.46897915
2,1,0,0.4167279
2,0,0,0.3725965
2,1,1,0.84098166
2,1,1,0.68897384
2,1,1,0.7089085
2,1,0,0.45514652
2,0,1,0.64190584
2,0,1,0.555051
2,1,1,0.7942543
2,0,1,0.5497623
2,1,1,0.73352253
2,0,0,0.09143826
2,0,1,0.70453477
2,0,1,0.50996405
2,1,1,0.54056287
2,0,0,0.31529948
2,1,1,0.9259493
2,0,0,0.40175992
2,1,0,0.4653746
2,1,1,0.7629064
2,1,1,0.73220605
2,1,0,0.25975809
2,1,0,0.115732685
2,0,0,0.24025238
2,0,1,0.754017
2,0,0,0.2789282
2,1,0,0.4496012
2,1,0,0.46274826
2,0,0,0.24806
2,0,1,0.7933587
2,0,1,0.7689327
2,1,1,0.5523508
2,0,0,0.47806728
2,0,1,0.67421263
2,1,1,0.6662248
2,0,1,0.68405235
2,0,0,0.44321656
2,0,1,0.8231089
2,1,1,0.7280294
2,0,1,0.7755643
2,0,0,0.40795684
2,1,1,0.53950804
2,0,0,0.34854448
2,1,0,0.16558224
2,0,1,0.52992314
2,0,0,0.12386616
2,0,0,0.13494802
2,1,1,0.58606625
2,0,1,0.65216273
2,0,0,0.214063
2,0,0,0.42483804
2,0,0,0.32398775
2,0,1,0.5195414
2,0,0,0.37526095
2,1,1,0.5738183
2,0,0,0.13054098
2,0,0,0.16407533
2,0,1,0.5648424
2,1,1,0.8229331
2,0,0,0.106524535
2,0,0,0.30731905
2,1,1,0.8871436
2,1,1,0.5125373
2,0,1,0.7532353
2,0,0,0.49937534
2,0,0,0.21689278
2,1,1,0.703125
2,1,1,0.7832735
2,1,0,0.38076052
2,0,0,0.29458752
2,0,0,0.27542618
2,1,1,0.8131006
2,1,0,0.3996669
2,1,1,0.5891133
2,0,1,0.57606065
2,0,0,0.2624649
2,0,0,0.22714011
2,0,1,0.5443428
2,1,1,0.74971974
2,0,0,0.32350534
2,1,0,0.27231744
2,1,1,0.6086872
2,0,0,0.25226223
2,1,1,0.64495254
2,1,1,0.84128207
2,0,0,0.11246366
2,0,0,0.3750296
2,1,1,0.6577983
2,0,1,0.5049432
2,1,1,0.51744664
2,0,1,0.5334443
2,1,1,0.7620204
2,1,1,0.5094094
2,0,1,0.6858401
2,1,0,0.31118235
2,1,1,0.5739131
2,0,0,0.142261
2,0,1,0.69468975
2,0,1,0.58999866
2,0,0,0.46371758
2,1,0,0.49391407
2,0,0,0.25636715
2,0,0,0.17774943
2,1,1,0.59599084
2,0,0,0.24954568
2,1,1,0.65194064
2,0,1,0.6313502
2,1,1,0.6155684
2,0,0,0.42647466
2,0,1,0.5925944
2,0,1,0.5240803
2,0,0,0.17638268
2,0,1,0.5744283
2,1,0,0.4209052
2,1,0,0.48684973
2,0,0,0.43633673
2,1,0,0.4198917
2,1,1,0.5676145
2,1,1,0.56328803
2,0,1,0.6292259
2,1,1,0.6718609
2,0,1,0.5927634
2,1,1,0.54312134
2,0,1,0.58869725
2,0,0,0.362201
2,0,0,0.4252963
2,1,0,0.14148943
2,0,0,0.22703288
2,1,0,0.4702638
2,1,1,0.70278037
2,0,0,0.20233014
2,1,1,0.5955114
2,1,1,0.5342462
2,0,0,0.3885378
2,0,0,0.24105294
2,0,0,0.32214335
2,0,0,0.38360125
2,0,0,0.28443038
2,0,1,0.6376511
2,0,1,0.6308519
2,0,0,0.3163851
2,0,0,0.14919639
2,1,1,0.52800125
2,1,1,0.57888037
2,1,1,0.5202338
2,0,0,0.16346337
2,0,0,0.12930045
2,1,1,0.69445866
2,1,1,0.7962918
2,1,0,0.38426664
2,0,0,0.1999836
2,0,1,0.5317417
2,1,0,0.3411851
2,0,0,0.4996011
2,0,0,0.15693232
2,0,0,0.34059346
2,0,0,0.4825186
2,0,1,0.7366116
2,0,0,0.42627698
2,0,0,0.21433316
2,0,0,0.08005974
2,0,1,0.78678906
2,0,0,0.16879565
2,0,0,0.2968863
2,0,1,0.58925563
2,1,1,0.51000273
2,1,1,0.6259715
2,0,0,0.14060019
2,1,1,0.60607225
2,0,0,0.2531749
2,1,0,0.47572842
2,1,1,0.74717045
2,0,1,0.55803114
2,1,1,0.70325
2,1,0,0.47958204
2,0,0,0.45445204
2,1,1,0.730825
2,1,0,0.475607
2,1,1,0.5929777
2,0,0,0.32091314
2,1,1,0.63249403
2,1,1,0.9490771
2,1,1,0.74574316
2,0,1,0.6693873
2,0,0,0.41052112
2,0,1,0.5712906
2,0,0,0.33175105
2,0,0,0.33767614
2,0,0,0.38683364
2,0,0,0.24375015
2,0,0,0.45483646
2,1,1,0.8845339
2,0,0,0.4974583
2,1,1,0.65019643
2,1,1,0.80680484
2,1,1,0.59585667
2,1,1,0.6397862
2,1,1,0.7415505
2,0,1,0.6323313
2,0,1,0.73615146
2,1,1,0.6842529
2,0,0,0.29880533
2,0,0,0.46988878
2,0,0,0.35603836
2,1,1,0.7234698
2,0,1,0.6456723
2,0,0,0.35062096
2,0,0,0.318926
2,1,0,0.35433808
2,1,1,0.75608504
2,0,0,0.45783612
2,0,1,0.6277573
2,0,1,0.51731
2,0,1,0.65825754
2,1,0,0.28301534
2,1,1,0.51597106
2,0,1,0.54203224
2,0,0,0.38604724
2,0,1,0.6685955
2,1,1,0.59935665
2,0,1,0.61757725
2,0,0,0.41229203
2,1,1,0.69592494
2,1,1,0.7958523
2,0,0,0.34783292
2,1,1,0.5939314
2,0,1,0.5123673
2,1,1,0.53530765
2,1,0,0.38306692
2,0,0,0.3542818
2,0,1,0.69333583
2,1,1,0.7565906
2,1,1,0.58360875
2,1,1,0.6128229
2,0,0,0.41290802
2,0,0,0.45601887
2,0,0,0.3052202
2,0,1,0.5499717
2,0,0,0.41483912
2,0,0,0.4456529
2,1,1,0.57731676
2,0,1,0.5547723
2,0,0,0.16154909
2,1,1,0.7194339
2,1,0,0.22280836
2,0,0,0.44118366
2,0,0,0.26769006
2,0,1,0.6728253
2,0,0,0.45041722
2,0,1,0.6076269
2,1,1,0.72883123
2,1,1,0.61666167
2,1,1,0.6683256
2,0,1,0.5255932
2,1,1,0.620729
2,1,0,0.4301916
2,0,1,0.57155627
2,1,1,0.57739735
2,1,1,0.7785535
2,0,1,0.58870244
2,0,0,0.46947056
2,1,0,0.47162938
2,0,0,0.33041266
2,1,1,0.7994922
2,1,1,0.5768081
2,0,1,0.5756144
2,1,1,0.7715589
2,1,0,0.4874956
2,0,0,0.3728201
2,0,0,0.27867144
2,1,1,0.6960308
2,0,0,0.22987074
2,0,1,0.6867122
2,1,1,0.6860588
2,0,0,0.46659476
2,0,0,0.4265338
2,0,0,0.48148113
2,0,1,0.7579231
2,1,1,0.6688341
2,1,1,0.95292526
2,1,1,0.7249451
2,1,1,0.6189039
2,0,0,0.2930603
2,1,1,0.5708644
2,1,0,0.40106675
2,1,1,0.5539658
2,1,1,0.6175754
2,1,1,0.57545066
2,1,1,0.7993972
2,1,1,0.7037866
2,0,1,0.5750548
2,0,0,0.3609034
2,0,0,0.2700926
2,1,1,0.5719257
2,1,1,0.60329384
2,0,0,0.43830514
2,1,1,0.5590969
2,0,0,0.2114291
2,0,0,0.14952
2,0,0,0.22817065
2,0,0,0.23283124
2,1,0,0.25006312
2,1,1,0.79874194
2,0,0,0.1668546
2,1,0,0.40307352
2,1,1,0.6820643
2,0,0,0.26152378
2,1,0,0.28989878
2,0,0,0.33516547
2,1,0,0.466443
2,0,0,0.19859107
2,1,0,0.38217714
2,1,1,0.71897686
2,1,0,0.45415956
2,1,0,0.2864706
2,0,0,0.34141853
2,0,0,0.36069313
2,0,0,0.30490667
2,0,0,0.23641005
2,0,1,0.5289927
2,0,0,0.3735534
2,0,0,0.38607228
2,1,0,0.40591097
2,0,0,0.13061176
2,1,1,0.65608376
2,0,0,0.15886234
2,0,0,0.30566782
2,0,0,0.17584756
2,1,0,0.24837512
2,0,1,0.60191286
2,0,0,0.2547137
2,1,1,0.58802694
2,1,0,0.48934847
2,1,1,0.65128446
2,0,0,0.30712736
2,1,0,0.13215424
2,0,1,0.5911806
2,0,0,0.2561648
2,0,0,0.47026706
2,1,1,0.6543165
2,1,0,0.3030664
2,0,0,0.43905258
2,1,0,0.4055323
2,1,1,0.58941066
2,1,1,0.67082536
2,1,1,0.5004993
2,1,1,0.66838247
2,1,0,0.4397785
2,1,1,0.56697726
2,0,0,0.4997608
2,0,0,0.4130364
2,0,1,0.62610465
2,0,0,0.24188825
2,0,0,0.36451712
2,0,0,0.06758573
2,1,1,0.6142605
2,0,1,0.53690594
2,0,0,0.27385837
2,0,0,0.2868696
2,0,0,0.08946247
2,0,1,0.721364
2,0,1,0.5687987
2,1,0,0.4897389
2,0,0,0.28880942
2,0,0,0.3106015
2,1,0,0.30633745
2,0,0,0.3332315
2,0,0,0.11607927
2,0,0,0.10829845
2,0,0,0.4936287
2,0,0,0.4594372
2,0,0,0.45721224
2,0,0,0.3234365
2,1,1,0.7954787
2,0,0,0.28390706
2,1,0,0.3206562
2,0,1,0.52472246
2,0,0,0.08450049
2,1,0,0.4668284
2,0,1,0.57349986
2,0,0,0.3549542
2,0,0,0.4637127
2,1,1,0.5506528
2,0,0,0.3046099
2,0,0,0.3483807
2,0,0,0.39150405
2,0,1,0.6222696
2,0,1,0.6588717
2,0,0,0.43610507
2,0,0,0.054248318
2,0,0,0.20842378
2,1,1,0.821647
2,1,1,0.7467664
2,1,1,0.79539794
2,1,1,0.58228433
2,0,1,0.7128587
2,1,0,0.26996875
2,1,1,0.6187323
2,0,1,0.7533221
2,1,1,0.7359682
2,0,1,0.77048844
2,0,0,0.28354555
2,0,1,0.62410843
2,1,1,0.7167425
2,0,0,0.4911395
2,1,1,0.8098117
2,1,1,0.6680811
2,1,1,0.5834644
2,1,1,0.5856716
2,0,0,0.32824108
2,1,1,0.54076993
2,0,1,0.5021627
2,0,1,0.64883757
2,0,0,0.18805261
2,0,1,0.5006235
2,1,1,0.5901079
2,1,1,0.5762364
2,1,1,0.6125195
2,1,1,0.8456159
2,1,0,0.44773212
2,0,0,0.30294725
2,0,0,0.121492565
2,0,0,0.299309
2,0,1,0.606112
2,0,0,0.15180278
2,1,0,0.18079694
2,0,0,0.10997411
2,1,1,0.57805586
2,0,1,0.5165344
2,0,0,0.40819946
2,0,0,0.19966085
2,0,0,0.17754467
2,0,0,0.20483184
2,1,1,0.5875251
2,0,0,0.20116636
2,1,0,0.35154468
2,0,0,0.23857033
2,1,1,0.6998931
2,0,0,0.4920213
2,1,0,0.44283548
2,1,1,0.52306503
2,0,1,0.6938869
2,0,1,0.712456
2,0,1,0.5442916
2,0,1,0.6277998
2,1,1,0.54580075
2,1,1,0.84435964
2,0,0,0.27039778
2,1,1,0.7646236
2,0,1,0.5420338
2,1,1,0.6605059
2,1,1,0.71218586
2,0,1,0.592579
2,1,1,0.76124704
2,1,1,0.5717994
2,0,0,0.14496513
2,0,1,0.6200939
2,1,1,0.56018233
2,0,1,0.67261356
2,0,0,0.3601793
2,1,1,0.70982295
2,1,1,0.65677756
2,1,1,0.71195334
2,1,1,0.6041351
2,1,1,0.62112975
2,0,0,0.49058583
2,0,0,0.36882618
2,1,0,0.45404324
2,0,0,0.37359235
2,0,0,0.41744676
2,0,0,0.13868788
2,0,1,0.6405862
2,0,0,0.22118074
2,0,1,0.66496634
2,1,0,0.48471847
2,0,1,0.70566434
2,1,1,0.7689907
2,1,1,0.8107641
2,0,0,0.38835365
2,0,1,0.6710801
2,1,1,0.6098217
2,1,1,0.8369714
2,1,1,0.7488152
2,0,0,0.4036731
2,0,0,0.2515259
2,0,0,0.17789343
2,1,1,0.5494073
2,0,0,0.38561884
2,0,1,0.5267156
2,1,1,0.70975417
2,0,0,0.43984696
2,0,0,0.4604554
2,1,1,0.75442797
2,1,1,0.72482866
2,0,0,0.461958
2,0,1,0.5891705
2,0,0,0.4515399
2,0,0,0.46380275
2,0,0,0.27665928
2,0,1,0.5177708
2,1,0,0.3354189
2,0,1,0.5861006
2,1,1,0.86009264
2,1,1,0.82470256
2,0,1,0.53217226
2,0,1,0.730272
2,1,1,0.7211544
2,0,1,0.62731385
2,1,1,0.8284675
2,1,1,0.7415648
2,0,1,0.5954248
2,1,1,0.84761906
2,0,0,0.25674772
2,0,0,0.38426065
2,0,0,0.41964817
2,1,1,0.72704107
2,1,1,0.82022697
2,0,1,0.65288866
2,0,0,0.30980656
2,1,1,0.7948355
2,0,1,0.60880286
2,0,1,0.5191782
2,1,1,0.5471438
2,1,1,0.7559601
2,1,1,0.7061597
2,1,1,0.60431314
2,0,0,0.46297896
2,0,0,0.4415166
2,1,1,0.5952302
2,1,1,0.7551018
2,0,0,0.35243818
2,1,1,0.9189127
2,0,1,0.6663004
2,1,1,0.59489596
2,0,1,0.6079186
2,0,0,0.40425196
2,0,0,0.3440077
2,0,0,0.42231926
2,0,0,0.3754745
2,1,1,0.92602646
2,0,1,0.87106425
2,1,1,0.77167267
2,0,1,0.6481323
2,1,1,0.7520034
2,0,0,0.12983948
2,1,1,0.605683
2,0,1,0.84636337
2,0,0,0.434726
2,0,0,0.48763847
2,0,0,0.48615423
2,0,1,0.521675
2,0,1,0.5517436
2,1,1,0.64019233
2,0,0,0.24453768
2,0,0,0.48765832
2,1,0,0.46782717
2,1,1,0.5948521
2,1,1,0.57688636
2,0,0,0.48294786
2,1,1,0.66189146
2,0,0,0.4292097
2,0,1,0.61167955
2,0,1,0.61677873
2,1,1,0.8483437
2,1,1,0.5919901
2,0,1,0.7528584
2,0,1,0.65224
2,1,1,0.5693727
2,1,1,0.6053361
2,1,1,0.82979494
2,0,1,0.5792168
3,1,1,0.8364297
3,0,1,0.5348642
3,0,0,0.47949654
3,1,0,0.43712887
3,0,1,0.7354516
3,1,1,0.5463714
3,1,0,0.33914068
3,0,0,0.3398564
3,1,1,0.53014016
3,0,0,0.35663322
3,0,1,0.50482696
3,0,1,0.5709208
3,0,0,0.41873977
3,1,0,0.45666537
3,0,0,0.46312332
3,1,1,0.7239397
3,0,1,0.6715184
3,1,1,0.6082779
3,1,1,0.6200395
3,0,1,0.5759924
3,0,0,0.4188005
3,1,1,0.5791845
3,0,1,0.8014559
3,0,0,0.36819884
3,0,0,0.37520134
3,0,0,0.46126038
3,1,1,0.7022609
3,1,1,0.7340558
3,1,1,0.6447724
3,0,1,0.55043507
3,0,0,0.38513875
3,1,1,0.62061816
3,1,0,0.4399738
3,0,0,0.471332
3,0,1,0.5037669
3,1,1,0.7118514
3,1,0,0.45620498
3,0,1,0.5199321
3,0,0,0.2540459
3,1,1,0.5023399
3,0,0,0.129009
3,1,1,0.91800517
3,0,1,0.56173044
3,0,1,0.55369073
3,1,1,0.7549393
3,1,1,0.6518659
3,0,1,0.63406634
3,0,1,0.6640377
3,1,1,0.52175236
3,0,0,0.30071872
3,1,1,0.73974925
3,0,1,0.71420425
3,0,0,0.48356205
3,0,0,0.3500037
3,0,0,0.32854018
3,1,0,0.39009267
3,0,0,0.20723392
3,0,0,0.17616314
3,1,1,0.5731441
3,1,1,0.68197936
3,1,0,0.23523064
3,1,0,0.17344338
3,1,1,0.736101
3,0,1,0.5520719
3,1,0,0.22394784
3,1,1,0.7565295
3,0,0,0.38306835
3,0,1,0.59953254
3,0,0,0.4632594
3,1,1,0.6212131
3,0,0,0.46262935
3,0,1,0.6268576
3,0,1,0.6163801
3,1,0,0.42040974
3,1,0,0.3716627
3,0,1,0.5688761
3,1,0,0.3672373
3,0,1,0.51454806
3,0,0,0.4610093
3,1,0,0.48486272
3,0,0,0.4065715
3,0,0,0.19928756
3,0,1,0.50047845
3,0,1,0.6560229
3,1,1,0.5739173
3,1,0,0.4114104
3,1,1,0.81068176
3,1,1,0.6937195
3,0,1,0.64680475
3,1,1,0.5842139
3,1,1,0.57480675
3,0,0,0.409605
3,1,0,0.37738484
3,0,0,0.4684771
3,0,0,0.4902565
3,0,0,0.37154764
3,1,1,0.560365
3,0,1,0.5840676
3,0,0,0.4922153
3,0,1,0.5684676
3,1,1,0.6590249
3,0,1,0.5398092
3,1,1,0.69451636
3,0,1,0.5384937
3,1,1,0.5823831
3,1,1,0.5946406
3,1,1,0.53740317
3,1,0,0.4836276
3,0,0,0.43442008
3,1,1,0.7298872
3,0,0,0.23019443
3,1,1,0.5389202
3,1,0,0.24981324
3,0,1,0.6367414
3,0,0,0.3409851
3,0,0,0.3488629
3,0,1,0.57079387
3,1,1,0.8743454
3,0,1,0.8235742
3,1,1,0.73213947
3,0,1,0.7074571
3,0,1,0.5932129
3,0,1,0.65450037
3,0,1,0.792796
3,0,1,0.69304496
3,0,0,0.35919628
3,1,1,0.84012693
3,0,1,0.5634508
3,1,1,0.63892573
3,1,1,0.65907794
3,1,1,0.64272857
3,1,1,0.82408744
3,0,1,0.7082624
3,1,1,0.58742386
3,1,1,0.7239908
3,0,0,0.48780984
3,0,1,0.7171248
3,1,1,0.6951284
3,0,1,0.79179525
3,1,0,0.4578332
3,1,1,0.6865061
3,0,1,0.6470774
3,1,1,0.53706837
3,0,1,0.63650095
3,0,1,0.56585646
3,1,0,0.41388506
3,0,1,0.54524446
3,0,1,0.5344348
3,1,1,0.7188489
3,1,0,0.4938061
3,1,0,0.33310953
3,0,1,0.5469183
3,1,1,0.5721614
3,0,0,0.47075835
3,0,0,0.23269458
3,1,1,0.71526074
3,0,0,0.42718688
3,1,0,0.31754658
3,0,0,0.39069113
3,1,1,0.5263103
3,1,0,0.44732714
3,1,1,0.5029712
3,0,0,0.48072433
3,1,1,0.53214437
3,0,0,0.40798593
3,0,0,0.28318968
3,1,0,0.4617272
3,0,0,0.4751092
3,0,0,0.42510748
3,0,0,0.40066963
3,1,1,0.80514336
3,0,0,0.40946418
3,0,0,0.18621618
3,1,1,0.5913778
3,1,1,0.548366
3,0,0,0.33820325
3,1,1,0.6254461
3,0,0,0.30816203
3,1,1,0.5784922
3,0,0,0.3487553
3,0,1,0.6961049
3,0,1,0.73561513
3,1,1,0.79481477
3,0,0,0.35027325
3,0,1,0.54357064
3,0,0,0.40703014
3,1,1,0.6691826
3,0,0,0.34309936
3,1,1,0.658702
3,0,0,0.2584865
3,1,1,0.6609643
3,1,1,0.68303734
3,0,0,0.1730115
3,0,1,0.5727719
3,0,0,0.44223866
3,1,0,0.488273
3,1,1,0.56169087
3,1,1,0.5445759
3,0,0,0.30104876
3,1,1,0.7923095
3,0,1,0.6665239
3,1,0,0.37426764
3,0,0,0.27123833
3,1,1,0.81346357
3,1,1,0.71969163
3,1,0,0.40698937
3,1,0,0.40476415
3,1,1,0.6387936
3,1,1,0.7550646
3,1,1,0.7450676
3,0,1,0.78379995
3,0,1,0.61754435
3,1,1,0.57747805
3,0,1,0.56867456
3,0,0,0.49822822
3,1,1,0.65286547
3,1,1,0.5206139
3,1,1,0.6710546
3,0,0,0.45276982
3,1,1,0.8503171
3,1,1,0.689472
3,0,0,0.43089554
3,0,0,0.23277466
3,0,0,0.305896
3,1,1,0.78870517
3,0,0,0.44202483
3,1,1,0.5701901
3,1,1,0.575105
3,0,1,0.5588218
3,0,0,0.1367981
3,1,1,0.794207
3,0,1,0.60128975
3,0,0,0.32422686
3,1,1,0.7578883
3,1,1,0.6802853
3,0,1,0.7946756
3,0,1,0.72500426
3,1,1,0.69095045
3,1,1,0.8832861
3,1,1,0.77458555
3,1,1,0.9112844
3,0,1,0.71177036
3,0,1,0.5756654
3,0,1,0.70362103
3,1,1,0.86924607
3,1,0,0.49677122
3,0,0,0.48793447
3,0,0,0.36246857
3,1,0,0.42608616
3,0,0,0.4121615
3,0,1,0.653398
3,1,0,0.43338126
3,0,1,0.5484548
3,0,1,0.55095637
3,1,1,0.89668053
3,0,0,0.44558665
3,1,0,0.38449442
3,1,0,0.48886833
3,0,0,0.30464438
3,1,1,0.50994354
3,0,1,0.55687326
3,0,1,0.59470224
3,1,1,0.5560682
3,0,0,0.07618452
3,0,1,0.6233332
3,1,0,0.14429729
3,0,1,0.6852045
3,0,0,0.2282745
3,0,1,0.5274748
3,1,1,0.70876616
3,0,1,0.74405926
3,0,1,0.658612
3,1,0,0.46586496
3,0,0,0.37003806
3,0,0,0.16430137
3,1,1,0.6794097
3,0,0,0.15408123
3,1,1,0.6629989
3,0,0,0.19097176
3,1,1,0.55332774
3,1,1,0.6692841
3,1,1,0.8093021
3,1,0,0.3856971
3,0,0,0.2297446
3,0,1,0.5808408
3,0,1,0.7224051
3,1,1,0.6300037
3,0,0,0.35091618
3,0,0,0.27678362
3,1,1,0.687319
3,1,0,0.4303132
3,1,0,0.23285381
3,1,0,0.36028498
3,1,0,0.43433064
3,0,0,0.2633259
3,0,1,0.60890734
3,1,1,0.580355
3,0,0,0.14707582
3,1,0,0.49712035
3,0,0,0.18773475
3,0,1,0.83037585
3,1,0,0.46062827
3,0,1,0.6050625
3,1,1,0.76968324
3,1,1,0.5321509
3,0,0,0.23353074
3,1,1,0.6991483
3,0,1,0.81076044
3,1,1,0.91031104
3,1,1,0.7194948
3,1,1,0.6897745
3,1,0,0.41381323
3,1,1,0.6117374
3,1,1,0.70967734
3,1,1,0.6721787
3,0,0,0.3671096
3,1,1,0.6239922
3,0,0,0.09074104
3,0,0,0.33362752
3,1,1,0.5681491
3,0,1,0.5295119
3,1,1,0.5197735
3,0,0,0.2595568
3,0,0,0.34882718
3,1,1,0.55959725
3,0,0,0.40764606
3,0,1,0.50231266
3,0,0,0.2402898
3,0,1,0.56558716
3,0,0,0.17964981
3,1,1,0.66714257
3,1,1,0.64728945
3,1,1,0.6196103
3,0,0,0.4951473
3,0,0,0.46464503
3,1,1,0.6380125
3,1,1,0.61329776
3,1,1,0.62362415
3,1,1,0.6749287
3,1,1,0.56833404
3,0,1,0.630311
3,0,1,0.5224006
3,1,1,0.8677052
3,1,1,0.6783991
3,0,0,0.49762067
3,0,1,0.5613878
3,1,1,0.55966246
3,1,1,0.5892074
3,0,1,0.628356
3,0,0,0.31558535
3,0,1,0.7838461
3,1,0,0.45001733
3,1,1,0.60320187
3,0,1,0.7826682
3,0,0,0.38661882
3,1,1,0.5929937
3,0,0,0.49832916
3,0,0,0.47648787
3,1,1,0.5993839
3,0,1,0.50222456
3,1,1,0.57050574
3,0,1,0.6192914
3,1,1,0.79698104
3,1,1,0.6626741
3,1,1,0.5805666
3,1,1,0.5300681
3,0,0,0.49577677
3,1,1,0.55917233
3,0,0,0.27034315
3,1,0,0.19716983
3,1,1,0.5062479
3,0,0,0.29806763
3,1,1,0.5723603
3,0,0,0.35345164
3,1,1,0.5860261
3,0,0,0.44521126
3,0,0,0.48475912
3,0,0,0.45975003
3,0,0,0.40837026
3,0,0,0.3880914
3,0,0,0.46643332
3,0,0,0.44343156
3,0,1,0.61475945
3,1,1,0.8343955
3,0,0,0.3954284
3,1,0,0.4957542
3,1,0,0.42914897
3,0,1,0.5622007
3,0,0,0.3421565
3,1,1,0.538714
3,1,1,0.60245043
3,0,1,0.66347796
3,0,0,0.37654608
3,0,1,0.79870766
3,1,0,0.38267216
3,0,1,0.53831416
3,0,1,0.643838
3,1,1,0.5358916
3,0,0,0.1530984
3,1,1,0.5153817
3,0,0,0.49138883
3,1,1,0.7465978
3,1,1,0.51167977
3,0,1,0.5406379
3,1,0,0.4283865
3,1,1,0.5453575
3,0,0,0.49571756
3,1,0,0.378516
3,0,1,0.5081821
3,1,1,0.6841395
3,0,1,0.70108557
3,0,0,0.30652317
3,1,0,0.4084931
3,1,1,0.63982046
3,0,0,0.24048643
3,0,0,0.26814154
3,1,1,0.5458767
3,1,0,0.46216276
3,0,1,0.5598443
3,0,0,0.49348506
3,1,0,0.24724208
3,0,0,0.48871997
3,0,0,0.24520735
3,1,1,0.5626423
3,1,1,0.6833981
3,1,1,0.7179918
3,0,0,0.47287884
3,1,1,0.5199653
3,0,0,0.40787894
3,1,1,0.59477854
3,0,0,0.44192433
3,0,0,0.39813435
3,0,1,0.5032929
3,0,0,0.48111182
3,0,1,0.62939173
3,1,1,0.55765927
3,0,1,0.59319675
3,1,1,0.50148845
3,1,1,0.6136826
3,0,0,0.33972684
3,1,1,0.93125397
3,1,1,0.5467517
3,1,1,0.6441023
3,0,1,0.6131317
3,1,1,0.59115034
3,0,0,0.37005603
3,1,1,0.75734013
3,0,0,0.4299061
3,1,1,0.70638186
3,0,1,0.6693393
3,0,0,0.31041977
3,0,1,0.5550563
3,0,1,0.73029613
3,0,1,0.581099
3,1,1,0.71815455
3,1,1,0.6224747
3,1,1,0.79668295
3,0,1,0.64513373
3,0,1,0.63201916
3,1,1,0.6164063
3,1,1,0.7151144
3,0,1,0.5904473
3,0,1,0.7792129
3,1,1,0.7781066
3,0,1,0.50127494
3,1,1,0.6663979
3,0,1,0.76160204
3,1,1,0.86001045
3,0,1,0.6761664
3,1,1,0.82408035
3,1,1,0.6261042
3,0,0,0.4367021
3,0,0,0.3911456
3,1,1,0.79738003
3,0,0,0.47221306
3,0,1,0.6408726
3,1,1,0.5613517
3,1,0,0.48937446
3,1,0,0.4803926
3,0,0,0.33778235
3,0,0,0.34516996
3,1,1,0.5163849
3,0,0,0.1296376
3,0,1,0.59215695
3,1,0,0.37798324
3,0,0,0.34776363
3,0,0,0.2392129
3,1,0,0.26359236
3,1,0,0.18255086
3,0,0,0.3678085
3,1,0,0.3307749
3,1,0,0.46297652
3,0,0,0.38100493
3,1,0,0.4798923
3,0,0,0.41286278
3,0,0,0.36490044
3,0,0,0.11323334
3,0,0,0.4504293
3,0,1,0.7347694
3,0,0,0.4040128
3,1,0,0.22674324
3,1,1,0.8025146
3,0,1,0.5038477
3,0,0,0.27690804
3,0,1,0.5130437
3,0,1,0.618561
3,0,0,0.3698411
3,0,0,0.2748238
3,0,0,0.4296497
3,0,1,0.5123986
3,1,0,0.4517762
3,1,0,0.48399106
3,0,0,0.44137833
3,1,1,0.56150204
3,0,0,0.15061125
3,0,0,0.25025097
3,1,1,0.7735843
3,1,1,0.79530877
3,0,0,0.29012033
3,1,1,0.7224232
3,1,1,0.5084093
3,1,1,0.7681377
3,1,1,0.57392025
3,1,1,0.80305976
3,1,1,0.6413975
3,0,1,0.58535516
3,0,1,0.7483134
3,1,1,0.6013061
3,0,1,0.66250813
3,0,0,0.10016457
3,1,1,0.8442791
3,0,0,0.48883656
3,1,1,0.7987668
3,1,1,0.76576996
3,1,1,0.71731395
3,1,1,0.7389542
3,1,1,0.7022643
3,0,0,0.47117296
3,0,1,0.7558899
3,0,0,0.2946632
3,0,1,0.88981897
3,1,1,0.7485972
3,1,1,0.73409426
3,0,0,0.20593779
3,0,1,0.53262424
3,1,1,0.7493524
3,1,1,0.6686178
3,1,1,0.7439844
3,0,0,0.091700286
3,1,1,0.59693617
3,1,1,0.8421978
3,1,1,0.87602335
3,1,0,0.42860785
3,1,1,0.84360176
3,1,1,0.8418847
3,1,1,0.70218956
3,0,0,0.49279398
3,0,0,0.25729024
3,0,1,0.5756654
3,1,1,0.8084551
3,1,1,0.6493516
3,1,1,0.5846437
3,0,1,0.55565083
3,1,1,0.62816477
3,1,0,0.3760008
3,1,1,0.5348478
3,1,1,0.7175885
3,1,1,0.73538774
3,0,1,0.72713137
3,0,1,0.5470707
3,0,1,0.5326882
3,0,1,0.5857903
3,1,1,0.5921148
3,0,1,0.7024698
3,1,1,0.66506463
3,0,1,0.5572274
3,0,1,0.7132731
3,0,1,0.7709578
3,0,0,0.3286257
3,0,1,0.5353045
3,1,1,0.7000008
3,1,1,0.7096229
3,0,1,0.5513229
3,1,1,0.50045997
3,1,0,0.3490815
3,1,0,0.41015527
3,0,1,0.7227653
3,0,1,0.6181841
3,0,1,0.5659168
3,0,0,0.12917362
3,1,1,0.6554562
3,0,0,0.20499055
3,0,1,0.6205866
3,0,0,0.46984157
3,1,1,0.5008366
3,1,1,0.6754652
3,1,1,0.6624053
3,0,1,0.590762
3,0,0,0.4595623
3,1,1,0.5220833
3,1,1,0.82389176
3,0,1,0.51475656
3,1,1,0.86875266
3,1,1,0.5126974
3,0,0,0.314294
3,0,0,0.43282342
3,0,0,0.38463956
3,1,1,0.80040455
3,0,1,0.78405184
3,1,0,0.32075527
3,1,0,0.40624234
3,1,0,0.46108955
3,1,1,0.7392271
3,0,0,0.43126458
3,0,1,0.569213
3,1,1,0.7516107
3,1,1,0.5620681
3,0,0,0.31372485
3,1,1,0.7748665
3,1,1,0.55804104
3,0,1,0.7183033
3,1,0,0.42386404
3,1,1,0.6398986
3,1,1,0.60966194
3,1,1,0.53662103
3,0,1,0.64885914
3,1,1,0.574683
3,0,1,0.5961758
3,0,1,0.53364265
3,0,0,0.06817139
3,0,1,0.62268806
3,0,1,0.56574976
3,0,0,0.24054581
3,0,0,0.29913154
3,1,1,0.52192825
3,1,0,0.42826337
3,0,0,0.4892411
3,0,0,0.22852786
3,0,1,0.65447533
3,1,1,0.5345022
3,1,1,0.6982107
3,0,0,0.4530297
3,0,0,0.33055475
3,1,1,0.7284758
3,0,0,0.17823692
3,1,0,0.4625428
3,1,0,0.24146925
3,1,1,0.5229549
3,1,1,0.66895795
3,0,0,0.36028203
3,0,0,0.39916405
3,0,0,0.09739013
3,0,1,0.5808623
3,0,1,0.5335549
3,0,0,0.24488212
3,0,0,0.49569786
3,1,1,0.6286632
3,0,0,0.33614215
3,1,1,0.705822
3,0,1,0.6688615
3,0,0,0.48912108
3,1,1,0.6172486
3,0,0,0.4212345
3,1,1,0.6519519
3,1,1,0.76111484
3,1,0,0.49628595
3,1,1,0.56018054
3,0,1,0.5728932
3,0,0,0.42929068
3,0,1,0.54363513
3,1,1,0.64583087
3,0,1,0.5909923
3,0,1,0.6917499
3,0,0,0.18224676
3,1,1,0.66281796
3,1,1,0.64858484
3,0,0,0.48830757
3,0,1,0.56021696
3,0,0,0.26903948
3,1,1,0.8944326
3,1,1,0.7924925
3,1,1,0.72519815
3,0,1,0.5016625
3,1,1,0.5278554
3,0,1,0.6516201
3,0,1,0.53945667
3,1,1,0.66250914
3,0,1,0.57427615
3,1,0,0.46023014
3,0,0,0.4650148
3,1,1,0.7685766
3,1,1,0.67511284
3,0,0,0.30009025
3,1,0,0.4429581
3,0,1,0.64383566
3,1,0,0.48114687
3,0,1,0.53445435
3,0,0,0.17527056
3,0,1,0.6165217
3,1,1,0.57397205
3,0,0,0.3530013
3,1,1,0.6484041
3,0,0,0.13017029
3,0,1,0.61879784
3,1,1,0.8475345
3,0,1,0.7415521
3,1,1,0.8169863
3,1,1,0.53836536
3,0,0,0.18333554
3,1,0,0.4179675
3,1,1,0.6268763
3,1,1,0.5395029
3,0,0,0.3360954
3,1,1,0.5906305
3,0,0,0.3040004
3,0,1,0.728361
3,1,0,0.36222988
3,0,0,0.16078597
3,1,1,0.53527635
3,1,1,0.82003254
3,0,1,0.61302376
3,1,0,0.39092314
3,1,1,0.6414209
3,1,1,0.74126333
3,0,0,0.41046923
3,1,1,0.5360124
3,0,1,0.64617515
3,0,1,0.5999679
3,0,1,0.5399979
3,1,1,0.8634655
3,1,1,0.80622196
3,0,0,0.36439356
3,0,0,0.18451564
3,1,1,0.6355636
3,0,0,0.2890368
3,1,1,0.5861986
3,1,1,0.70555574
3,0,0,0.13781789
3,1,1,0.65233827
3,1,1,0.59820896
3,0,1,0.86530083
3,0,1,0.54835314
3,0,1,0.6837681
3,1,0,0.37864366
3,1,1,0.7192517
3,1,1,0.5682517
3,1,1,0.6964023
3,0,1,0.828818
3,1,1,0.6903736
3,0,1,0.60453284
3,1,0,0.45974827
3,0,1,0.6575983
3,1,1,0.7674142
3,1,1,0.8434677
3,0,0,0.39436007
3,0,0,0.30157763
3,0,0,0.32051897
3,1,1,0.59543663
3,1,1,0.79090446
3,1,1,0.6264241
3,1,1,0.8225663
3,1,1,0.64211655
3,0,0,0.1940371
3,0,1,0.50379604
3,1,1,0.7258875
3,1,1,0.60829425
3,1,1,0.6009977
3,0,0,0.14120862
3,0,0,0.28613427
3,0,1,0.71509665
3,1,1,0.8773728
3,1,1,0.72111
3,0,0,0.4203642
3,0,1,0.57276535
3,0,1,0.63552046
3,0,0,0.48271278
3,1,1,0.59956425
3,1,1,0.5050194
3,0,0,0.31873378
3,0,1,0.5268804
3,1,1,0.5666983
3,1,1,0.727923
3,0,1,0.63248587
3,1,1,0.7998642
3,1,0,0.3375059
3,0,1,0.6158163
3,0,0,0.4931402
3,0,1,0.892667
3,0,1,0.7089323
3,1,1,0.6825627
3,1,1,0.662348
3,0,0,0.32831034
3,1,1,0.6869358
3,1,1,0.84509635
3,1,1,0.8048247
3,0,0,0.1520623
3,1,1,0.75469965
3,1,1,0.83448416
3,1,1,0.91821986
3,0,0,0.47425488
3,1,1,0.5513382
3,0,0,0.48408824
3,1,1,0.66362137
3,0,1,0.6107863
3,1,1,0.6868176
3,1,1,0.8407099
3,1,1,0.63614935
3,0,1,0.75272965
3,0,1,0.6979287
3,0,0,0.2945146
3,1,1,0.79239196
3,1,1,0.84220606
3,0,0,0.41406515
3,0,1,0.6060454
3,0,1,0.5547305
3,0,1,0.50382507
3,1,1,0.801161
3,1,1,0.63128394
3,1,0,0.34669483
3,0,1,0.5202853
3,0,1,0.581032
3,1,1,0.5799612
3,0,1,0.74756926
3,0,0,0.36580935
3,0,0,0.16601191
3,1,1,0.5206311
3,1,1,0.8984075
3,1,0,0.48670897
3,0,0,0.357237
3,1,1,0.6655276
3,0,0,0.40049663
3,1,1,0.682246
3,0,0,0.45875597
3,1,1,0.72362334
3,0,0,0.494547
3,1,1,0.7073773
3,1,1,0.63092136
3,1,1,0.7482314
3,0,1,0.5459939
3,0,0,0.47771895
3,0,0,0.35269737
3,0,0,0.23577978
3,1,1,0.5895129
3,0,0,0.4910361
3,0,1,0.6572354
3,1,1,0.7388153
3,1,1,0.7575019
3,1,1,0.81680536
3,0,1,0.6036353
3,1,1,0.5170299
3,1,0,0.47207305
3,0,0,0.29106173
3,0,0,0.46857464
3,0,0,0.4984304
3,0,0,0.47909915
3,1,1,0.53608346
3,0,1,0.62431884
3,1,1,0.8188945
3,0,0,0.25040272
3,1,0,0.4264386
3,1,1,0.61265504
3,1,0,0.34677964
3,1,1,0.70022905
3,0,0,0.2880754
3,1,1,0.58612484
3,0,1,0.656491
3,0,0,0.48830757
3,0,1,0.56021696
3,0,0,0.27439708
3,0,1,0.5224907
3,1,0,0.47595036
3,0,1,0.72590613
3,1,0,0.49012262
3,1,1,0.6679535
3,1,1,0.63548285
3,0,0,0.48272353
3,0,0,0.4377035
3,0,0,0.37496722
3,0,0,0.49695054
3,0,0,0.19755836
3,1,0,0.16192034
3,1,0,0.44684598
3,0,1,0.5921644
3,0,1,0.61813307
3,0,0,0.1405624
3,0,0,0.16474453
3,1,0,0.13855524
3,1,1,0.53990424
3,0,0,0.35079172
3,1,0,0.47028124
3,1,0,0.49335355
3,1,1,0.60956347
3,0,0,0.36938658
3,0,0,0.38013753
3,1,1,0.50419235
3,1,1,0.62952447
3,0,1,0.6175913
3,0,0,0.30936107
3,1,0,0.4204594
3,0,0,0.25564244
3,1,0,0.4995789
3,1,0,0.40860653
3,1,0,0.4710225
3,0,0,0.3180305
3,0,1,0.51031846
3,0,0,0.40534183
3,0,1,0.5528336
3,1,1,0.5125155
3,0,1,0.6485375
3,1,0,0.30984414
3,0,1,0.5163129
3,0,1,0.6309396
3,0,0,0.14997578
3,1,1,0.9051203
3,0,0,0.45804787
3,1,0,0.48305002
3,1,1,0.5187444
3,1,1,0.6299577
3,1,1,0.6060267
3,0,1,0.6531253
3,1,1,0.6367034
3,1,1,0.67295474
3,0,1,0.6129829
3,0,1,0.68205535
3,0,0,0.4621629
3,1,1,0.84871644
3,1,1,0.7146222
3,1,0,0.46258527
3,0,0,0.39838836
3,1,1,0.7645393
3,0,0,0.24297734
3,0,0,0.44277564
3,0,0,0.48204175
3,0,0,0.25403136
3,1,0,0.28987092
3,0,0,0.45369142
3,0,1,0.60871035
3,0,0,0.31991524
3,1,0,0.43280932
3,1,0,0.35110545
3,1,1,0.87717265
3,1,1,0.673076
3,1,1,0.8106162
3,1,1,0.7180217
3,0,1,0.53559
3,0,1,0.6030964
3,1,1,0.6610555
3,1,1,0.72201544
3,1,1,0.7069479
3,1,1,0.71752834
3,0,0,0.25770718
3,1,1,0.723272
3,0,1,0.65768915
3,0,1,0.714041
3,0,0,0.2966768
3,0,1,0.7202322
3,0,1,0.5917155
3,0,1,0.53471935
3,0,1,0.61000246
3,1,1,0.7915336
3,1,1,0.57676417
3,0,0,0.3758842
3,0,1,0.5121506
3,1,1,0.6685744
3,1,0,0.3697466
3,1,1,0.6009167
3,1,1,0.6367172
3,0,0,0.24159536
3,1,1,0.80512416
3,0,0,0.1866798
3,0,0,0.13748482
3,0,1,0.56555885
3,0,0,0.4310408
3,1,1,0.6514499
3,1,0,0.2615018
3,0,0,0.36480212
3,0,1,0.5381966
3,1,1,0.88180006
3,1,1,0.6537324
3,0,1,0.6936795
3,0,0,0.2118206
3,1,1,0.78104496
3,1,1,0.6610555
3,1,1,0.63232106
3,0,1,0.83281946
3,0,1,0.7676246
3,0,1,0.5077918
3,0,0,0.4166228
3,1,0,0.24099839
3,0,1,0.57295835
3,0,0,0.41121656
3,1,1,0.7116602
3,0,1,0.70207226
3,1,1,0.8730656
3,1,1,0.85685074
3,1,1,0.6890619
3,0,0,0.4676628
3,0,0,0.3098612
3,1,1,0.82084894
3,1,1,0.61109877
3,0,0,0.16186154
3,0,1,0.6981911
3,0,0,0.19812422
3,1,1,0.8754678
3,0,1,0.532938
3,0,1,0.7207676
3,1,1,0.6729887
3,1,1,0.7272833
3,1,1,0.5820022
3,0,1,0.61220556
3,1,1,0.7427583
3,1,1,0.66157234
3,1,1,0.57439345
3,1,0,0.48331782
3,0,0,0.48539937
3,0,1,0.5514788
3,1,1,0.81790906
3,0,1,0.5017703
3,0,1,0.7051698
3,0,0,0.3047641
3,1,1,0.76031506
3,1,1,0.5747367
3,0,1,0.5759413
3,0,0,0.24191321
3,1,1,0.65291107
3,0,0,0.25078115
3,1,1,0.6913941
3,0,1,0.5932292
3,0,1,0.59998083
3,0,0,0.40439603
3,1,1,0.6675945
3,0,0,0.342963
3,1,1,0.8118524
3,1,1,0.58865964
3,1,1,0.803052
3,1,1,0.5459532
3,1,1,0.5881161
3,0,0,0.47273427
3,0,0,0.4586571
3,1,1,0.5204664
3,0,1,0.68761975
3,0,1,0.6203847
3,0,0,0.44563144
3,0,1,0.7076872
3,1,1,0.74931514
3,1,1,0.79619575
3,1,1,0.6260073
3,0,0,0.42409942
3,0,1,0.6148935
3,0,1,0.7990506
3,0,1,0.5281929
3,1,0,0.44623426
3,1,1,0.77627814
3,0,0,0.3723183
3,0,0,0.40595436
3,1,1,0.6759146
3,0,0,0.48630604
3,1,0,0.42818344
3,1,1,0.7185093
3,0,0,0.3795529
3,0,1,0.621463
3,0,0,0.37812114
3,1,1,0.61077136
3,1,1,0.6665315
3,0,1,0.6342805
3,0,0,0.060224783
3,0,0,0.06403711
3,1,1,0.79808927
3,0,0,0.14024852
3,0,0,0.46990943
3,1,1,0.68189335
3,1,1,0.6214764
3,1,1,0.9432892
3,1,1,0.7433418
3,1,1,0.7955453
3,0,1,0.5679674
3,1,1,0.80997217
3,1,1,0.81370366
3,0,0,0.4778195
3,0,1,0.6223333
3,0,1,0.6901446
3,0,0,0.40496814
3,1,1,0.708349
3,1,1,0.7715956
3,0,1,0.7988097
3,0,0,0.48426658
3,0,1,0.71844363
3,0,1,0.6875854
3,0,0,0.44181105
3,0,0,0.32718554
3,0,0,0.4524458
3,0,0,0.14433624
3,0,0,0.41274485
3,0,0,0.105986476
3,0,1,0.50127405
3,0,0,0.20699023
3,0,0,0.17110628
3,0,0,0.2903094
3,1,0,0.35306942
3,1,1,0.8060332
3,1,1,0.54494447
3,1,1,0.6821912
3,1,1,0.75613284
3,1,1,0.6538558
3,1,0,0.19889008
3,1,0,0.49626446
3,1,1,0.89066255
3,1,1,0.7551824
3,1,1,0.66993153
3,0,1,0.73929596
3,0,1,0.6565264
3,1,1,0.74301475
3,0,1,0.50202733
3,0,0,0.22544381
3,0,0,0.27256814
3,1,1,0.60350007
3,0,1,0.6152982
3,1,1,0.62778926
3,0,1,0.6486827
3,1,1,0.80735195
3,1,1,0.72934365
3,0,0,0.48323688
3,0,0,0.33013976
3,0,1,0.6913958
3,0,0,0.08926538
3,1,1,0.72069776
3,1,1,0.6598663
3,0,0,0.34603444
3,0,0,0.48105288
3,0,1,0.5044704
3,0,1,0.59261644
3,1,0,0.4324945
3,1,1,0.57960874
3,1,1,0.7577534
3,1,1,0.81366163
3,1,0,0.47138003
3,0,1,0.53003085
3,1,1,0.68021387
3,0,0,0.37342802
3,0,0,0.20895712
3,0,1,0.5854735
3,1,0,0.48595223
3,1,1,0.7097654
3,0,1,0.54600716
3,1,1,0.7837624
3,1,1,0.66084504
3,1,0,0.4025381
3,0,1,0.74416333
3,1,1,0.664178
3,0,0,0.39144045
3,0,1,0.7516399
3,0,0,0.22437881
3,0,1,0.6779119
3,1,1,0.76398295
3,1,0,0.44627133
3,1,1,0.66256696
3,1,1,0.5493199
3,0,1,0.632384
3,0,1,0.72392887
3,1,1,0.55517364
3,0,0,0.49716043
3,1,1,0.7307245
3,1,1,0.77254903
3,1,1,0.5162149
3,1,1,0.5845324
3,1,1,0.6284122
3,1,1,0.8352949
3,0,1,0.50381416
3,0,0,0.47855493
3,0,0,0.435012
3,1,1,0.65878516
3,1,1,0.6423297
3,1,1,0.54783833
3,0,0,0.37686175
3,1,1,0.7111798
3,1,1,0.5865673
3,0,1,0.71688455
3,0,1,0.5813821
3,0,1,0.59277296
3,0,1,0.64563006
3,1,1,0.7612749
3,1,1,0.7545599
3,0,1,0.5258955
3,1,1,0.8208078
3,1,0,0.42102212
3,1,1,0.78612524
3,1,0,0.38549182
3,0,0,0.28634623
3,0,0,0.30958557
3,1,1,0.6506364
3,0,1,0.6537648
3,0,0,0.25218037
3,0,0,0.17415008
3,0,0,0.2636155
3,0,0,0.2093011
3,0,1,0.61953014
3,1,1,0.819305
3,1,1,0.6267879
3,0,1,0.7856207
3,0,0,0.2913135
3,1,1,0.8141275
3,1,1,0.7537741
3,1,0,0.46895945
3,0,0,0.21342118
3,0,0,0.14371216
3,0,1,0.579926
3,0,1,0.62175703
3,1,0,0.4942738
3,0,1,0.60658926
3,0,1,0.51617414
3,0,1,0.7994391
3,0,0,0.3169834
3,1,1,0.51662743
3,0,0,0.19373451
3,0,0,0.41007158
3,1,1,0.72688013
3,1,1,0.62639195
3,0,1,0.58770615
3,0,1,0.60684586
3,1,1,0.82084006
3,0,0,0.4296735
3,1,1,0.64762515
3,1,1,0.5874981
3,1,1,0.6255994
3,1,0,0.47671112
3,1,1,0.8884563
3,1,0,0.46943167
3,0,1,0.74293786
3,0,0,0.43861702
3,0,1,0.72666985
3,0,0,0.12388906
3,0,1,0.53632355
3,0,0,0.3940799
3,1,1,0.56980145
3,1,1,0.825248
3,1,1,0.5269308
3,0,0,0.2876144
3,1,0,0.4612459
3,0,0,0.07282462
3,1,1,0.702693
3,1,1,0.5185444
3,1,1,0.63383245
3,1,1,0.8429492
3,0,0,0.3271408
3,1,1,0.7242098
3,0,1,0.60072285
3,0,1,0.522131
3,1,1,0.8209518
3,1,1,0.7268688
3,1,1,0.8069381
3,1,1,0.73829913
3,0,0,0.46268559
3,0,0,0.19053438
3,1,1,0.8489653
3,1,1,0.8124515
3,1,1,0.73416305
3,1,1,0.75979316
3,1,1,0.858897
3,1,1,0.73715997
3,1,1,0.75225925
3,0,0,0.27879176
3,0,0,0.14351225
3,1,1,0.813118
3,0,0,0.42923337
3,0,1,0.64198446
3,0,0,0.12267275
3,0,0,0.19184957
3,1,1,0.7788042
3,1,1,0.70218956
3,0,1,0.70604783
3,1,1,0.6361502
3,1,1,0.51166177
3,0,0,0.48556995
3,0,0,0.45115384
3,0,1,0.5006087
3,1,0,0.41452572
3,0,1,0.54571575
3,1,1,0.5544132
3,1,1,0.54954684
3,0,0,0.49938604
3,0,1,0.63394576
3,0,0,0.36324263
3,1,1,0.6937554
3,0,1,0.5155121
3,1,1,0.5438347
3,1,0,0.43651956
3,1,1,0.64995444
3,0,0,0.4846707
3,1,0,0.31709817
3,1,1,0.62578046
3,0,1,0.6072808
3,0,0,0.49118808
3,1,0,0.48802838
3,1,0,0.40201947
3,0,0,0.2728707
3,0,0,0.37662774
3,0,1,0.5324741
3,1,1,0.78225267
3,1,1,0.6996299
3,0,1,0.5729803
3,1,1,0.7844387
3,0,0,0.20834506
3,1,1,0.57659596
3,0,0,0.42766786
3,0,0,0.44637215
3,1,0,0.44602242
3,0,1,0.61526114
3,1,0,0.47366616
3,0,0,0.06665096
3,0,1,0.7251697
3,0,0,0.39519802
3,1,1,0.6226634
3,0,0,0.30353886
3,1,1,0.7795562
3,0,0,0.3613473
3,0,0,0.40073362
3,0,0,0.32769245
3,1,1,0.6391487
3,1,1,0.50653887
3,0,0,0.363196
3,1,1,0.64194924
3,0,0,0.112863086
3,0,1,0.6715717
3,0,1,0.5041309
3,0,0,0.44656712
3,1,1,0.65756434
3,0,0,0.38281345
3,0,1,0.5168708
3,1,1,0.59951985
3,1,1,0.7123981
3,0,0,0.44171003
3,0,0,0.30347782
3,1,1,0.62366366
3,1,1,0.64594203
3,1,1,0.5749846
3,0,1,0.57829255
3,0,0,0.49767917
3,0,0,0.3977395
3,1,1,0.5656939
3,0,0,0.2999838
3,1,1,0.71096367
3,1,0,0.3294713
3,1,1,0.5920977
3,0,1,0.5216199
3,0,0,0.4397711
3,1,1,0.60569376
3,0,0,0.43878415
3,0,1,0.53402895
3,0,0,0.2497642
3,0,1,0.5122021
3,1,1,0.5414658
3,0,1,0.6273653
3,1,1,0.50819355
3,0,1,0.6244866
3,1,1,0.7066702
3,0,0,0.34057882
3,0,0,0.46484137
3,0,1,0.61841464
3,1,1,0.6510051
3,1,0,0.4713284
3,1,0,0.25343487
3,0,1,0.501282
3,1,0,0.29673016
3,0,0,0.22680192
3,0,0,0.111104235
3,1,1,0.6500619
3,0,0,0.28648657
3,1,0,0.2776803
3,0,0,0.2508899
3,1,1,0.50054795
3,0,0,0.29490122
3,1,1,0.5194518
3,0,0,0.24592973
3,1,0,0.31752864
3,1,0,0.3630359
3,0,0,0.34153262
3,0,0,0.4283835
3,0,0,0.3011217
3,1,0,0.4509109
3,1,0,0.35031137
3,1,1,0.5564663
3,0,1,0.5187281
3,0,0,0.2935409
3,0,0,0.45598844
3,1,1,0.62127405
3,1,0,0.382153
3,0,0,0.42269656
3,0,0,0.097674444
3,1,0,0.47212002
3,0,1,0.68994397
3,0,0,0.13638213
3,0,1,0.67844206
3,0,0,0.3119754
3,0,1,0.6361265
3,0,1,0.598262
3,0,1,0.74306005
3,0,1,0.50031537
3,1,0,0.48980322
3,1,0,0.4414379
3,1,0,0.3571522
3,0,0,0.31263798
3,0,1,0.6652764
3,1,1,0.67775095
3,1,1,0.615266
3,1,1,0.8323246
3,1,1,0.684494
3,1,1,0.5314451
3,1,1,0.7172501
3,1,1,0.6195649
3,1,1,0.5599729
3,1,1,0.6837276
3,0,0,0.1917033
3,0,1,0.61470884
3,1,1,0.7920345
3,0,0,0.44819108
3,0,0,0.40368214
3,0,0,0.32608822
3,0,0,0.08831716
3,1,1,0.6624276
3,0,0,0.25502968
3,0,0,0.34033325
3,0,0,0.17348485
3,1,1,0.6971825
3,1,1,0.78618795
3,1,1,0.57521343
3,0,0,0.39821064
3,0,0,0.3977081
3,1,0,0.20090821
3,0,0,0.496218
3,0,0,0.37667724
3,1,0,0.20710921
3,1,1,0.62716883
3,0,0,0.3738489
3,0,1,0.55865717
3,0,0,0.1738986
3,1,0,0.45699677
3,1,0,0.48127198
3,0,0,0.46021017
3,0,0,0.1521212
3,0,0,0.18541642
3,0,0,0.37754986
3,0,0,0.2631762
3,0,0,0.398433
3,1,0,0.39200675
3,0,0,0.40736368
3,0,0,0.49266326
3,0,0,0.36184126
3,0,0,0.35908395
3,1,1,0.56050044
3,0,1,0.60296273
3,1,0,0.4110073
3,1,1,0.6710249
3,1,1,0.6201737
3,0,1,0.58849394
3,0,1,0.5388247
3,0,1,0.6233114
3,0,0,0.46795753
3,1,1,0.6847832
3,0,0,0.053628143
3,1,0,0.44705018
3,0,0,0.46380302
3,1,0,0.48035315
3,0,0,0.2537015
3,0,0,0.21241431
3,0,0,0.16745493
3,0,0,0.072815396
3,1,0,0.40730187
3,1,0,0.48365057
3,1,1,0.72028804
3,1,0,0.48658112
3,1,0,0.48208344
3,0,0,0.4911692
3,0,0,0.119930774
3,1,1,0.6229656
3,0,0,0.34067425
3,1,0,0.4560545
3,1,1,0.81406826
3,1,1,0.5881884
3,1,1,0.57387847
3,1,0,0.48118338
3,0,0,0.08240791
3,0,1,0.76652294
3,0,1,0.515018
3,1,0,0.3766708
3,1,0,0.37744343
3,1,1,0.5762112
3,1,0,0.45974576
3,1,1,0.77256554
3,1,1,0.51074004
3,1,1,0.63698906
3,1,0,0.1944792
3,1,1,0.5559725
3,0,0,0.37370896
3,0,0,0.443931
3,1,1,0.63993514
3,0,0,0.38393837
3,1,1,0.60762984
3,0,0,0.37112758
3,0,0,0.2593538
3,1,1,0.79036117
3,0,1,0.5493883
3,1,0,0.3185482
3,1,1,0.62231857
3,0,0,0.4184931
3,0,1,0.5985869
3,0,0,0.3246916
3,1,0,0.4972165
3,0,0,0.13008842
3,1,1,0.5509526
3,1,1,0.5304777
3,1,1,0.54789996
3,0,1,0.66308224
3,0,0,0.22701558
3,0,0,0.4439049
3,0,0,0.39461023
3,1,1,0.795881
3,0,0,0.4837021
3,0,0,0.42837223
3,1,1,0.6437257
3,1,0,0.30436498
3,1,1,0.5080732
3,0,1,0.5301643
3,0,0,0.46062168
3,1,0,0.42229286
3,0,1,0.6026711
3,1,1,0.72236884
3,1,1,0.67409253
3,0,0,0.21218866
3,0,1,0.60988903
3,0,0,0.47811663
3,0,1,0.6526278
3,0,1,0.5330816
3,1,1,0.9050833
3,1,1,0.6214303
3,1,1,0.74942285
3,0,0,0.2186725
3,1,1,0.7954353
3,0,1,0.67633516
3,0,0,0.29815677
3,1,1,0.71485543
3,0,0,0.47239622
3,1,1,0.5873498
3,0,0,0.06567988
3,0,1,0.6464775
3,0,1,0.57482266
3,0,0,0.3305936
3,1,0,0.46004942
3,0,0,0.11294276
3,0,1,0.83409214
3,1,0,0.42725518
3,1,1,0.71854395
3,0,1,0.5721269
3,1,1,0.53876674
3,1,1,0.6600506
3,1,0,0.49844307
3,0,0,0.35122243
3,0,1,0.6865965
3,1,1,0.58369946
3,0,0,0.30706182
3,0,1,0.7151314
3,1,1,0.8437188
3,0,0,0.48072866
3,1,1,0.5900643
3,0,0,0.49281085
3,1,0,0.43863922
3,0,0,0.46851295
3,1,1,0.51326907
3,0,0,0.41835606
3,0,1,0.5157811
3,1,1,0.7967478
3,0,1,0.5540807
3,1,1,0.59825104
3,0,0,0.4626736
3,1,1,0.6979569
3,0,0,0.24887566
3,1,1,0.5400161
3,0,0,0.44681886
3,1,1,0.84403455
3,1,1,0.7097278
3,1,1,0.7904934
3,1,0,0.4516096
3,1,0,0.46069965
3,0,1,0.67381144
3,0,0,0.25068644
3,1,1,0.5493266
3,1,1,0.84390867
3,1,1,0.58399594
3,1,1,0.6684328
3,1,1,0.74537295
3,0,1,0.59418374
3,0,0,0.221092
3,0,0,0.20490311
3,0,0,0.48221663
3,0,0,0.49391878
3,0,0,0.3896294
3,0,0,0.4537675
3,0,0,0.30532208
3,0,0,0.4552335
3,1,1,0.67190164
3,0,0,0.39429742
3,1,1,0.69449234
3,1,1,0.88668495
3,1,1,0.8542188
3,0,0,0.4145608
3,1,1,0.5739787
3,1,1,0.6310197
3,0,1,0.6174757
3,1,1,0.6641926
3,1,1,0.6609501
3,0,1,0.682105
3,1,1,0.69949245
3,0,1,0.70144725
3,1,1,0.6144224
3,0,1,0.51035917
3,0,1,0.6146038
3,1,1,0.8916535
3,1,1,0.6278186
3,0,0,0.4862437
3,1,0,0.3092962
3,1,1,0.57758695
3,1,1,0.7388303
3,0,1,0.5817498
3,0,1,0.6147892
3,0,0,0.4743157
3,1,0,0.4389503
3,0,1,0.7841974
3,0,0,0.46348813
3,0,1,0.6492601
3,1,1,0.5423542
3,1,1,0.5674586
3,1,0,0.45965067
3,0,0,0.44244877
3,0,0,0.414327
3,0,0,0.43955803
3,1,1,0.50265765
3,1,1,0.7185376
3,0,0,0.4081167
3,1,1,0.9034848
3,1,1,0.6674202
3,0,0,0.3067093
3,0,1,0.5457384
3,0,0,0.30324325
3,1,1,0.58452
3,0,0,0.3166465
3,1,1,0.76652855
3,0,1,0.5193432
3,0,0,0.4667881
3,1,1,0.7125381
3,1,1,0.6499279
3,0,1,0.5394135
3,0,1,0.7455146
3,1,1,0.82941663
3,1,1,0.63943607
3,0,1,0.58473635
3,0,1,0.6903791
3,0,1,0.528517
3,1,1,0.663864
3,1,1,0.5293543
3,1,1,0.5934496
3,0,0,0.21509524
3,1,1,0.5263447
3,0,0,0.3045064
3,0,1,0.72717476
3,1,1,0.5894918
3,0,0,0.1117093
3,1,1,0.75461537
3,1,1,0.80429417
3,0,1,0.59873074
3,1,0,0.29478025
3,0,0,0.49954945
3,1,1,0.5537125
3,1,1,0.55380404
3,1,0,0.38381612
3,0,1,0.59550613
3,1,1,0.72127944
3,0,0,0.42829496
3,1,1,0.6588242
3,0,0,0.4031238
3,0,0,0.3111171
3,1,1,0.6399935
3,1,0,0.4048035
3,1,0,0.48424238
3,0,0,0.14402142
3,1,1,0.6235968
3,0,1,0.6057239
3,0,0,0.47480512
3,0,1,0.60436517
3,0,0,0.3643051
3,1,0,0.48029098
3,1,1,0.78632295
3,1,1,0.6445702
3,0,0,0.40259385
3,0,0,0.09664455
3,0,1,0.53096163
3,1,1,0.52445316
3,0,1,0.5298784
3,0,1,0.62309736
3,1,0,0.26568782
3,0,0,0.38735634
3,1,0,0.43755537
3,0,1,0.7803063
3,1,1,0.55716544
3,1,1,0.6742505
3,1,1,0.7899248
3,1,1,0.7271492
3,0,1,0.6402821
3,1,1,0.68594605
3,1,1,0.65485424
3,1,1,0.7431696
3,0,1,0.62754065
3,0,1,0.7075745
3,0,1,0.63126564
3,1,1,0.806168
3,0,0,0.23057283
3,0,1,0.5950705
3,0,0,0.25772724
3,0,1,0.58000517
3,1,0,0.44999877
3,1,1,0.55399185
3,0,1,0.6370943
3,0,0,0.27213618
3,1,1,0.7793721
3,1,1,0.52227414
3,0,1,0.6941298
3,0,1,0.6286034
3,0,0,0.4983654
3,1,1,0.7146393
3,0,1,0.635929
3,1,1,0.5180973
3,0,0,0.49071115
3,0,0,0.34712037
3,0,0,0.2197477
3,1,0,0.4484955
3,1,1,0.56234497
3,1,0,0.36157855
3,0,1,0.6295972
3,0,0,0.3886063
3,1,1,0.765438
3,1,1,0.5929944
3,0,1,0.50188386
3,0,0,0.28052023
3,0,0,0.26840118
3,0,0,0.19128951
3,1,1,0.67277855
3,1,0,0.3420253
3,1,1,0.52570015
3,0,1,0.6947526
3,0,1,0.57526964
3,1,1,0.5946345
3,1,1,0.5699293
3,1,1,0.8650392
3,0,0,0.3476324
3,0,0,0.20502953
3,1,0,0.38545915
3,0,0,0.4855826
3,1,1,0.51423633
3,1,1,0.7016724
3,1,0,0.34607145
3,0,0,0.44627795
3,1,1,0.7431172
3,0,0,0.19468231
3,0,0,0.077919945
3,1,1,0.85726786
3,1,1,0.6430658
3,0,1,0.8121069
3,1,1,0.693615
3,0,1,0.80176944
3,0,0,0.4372993
3,1,1,0.87401956
3,1,1,0.74999547
3,0,0,0.26657605
3,1,1,0.5491848
3,1,0,0.33668727
3,0,1,0.6444518
3,0,1,0.56758416
3,1,1,0.79475003
3,1,0,0.4359837
3,1,0,0.32359785
3,0,1,0.6279531
3,1,1,0.6426291
3,0,0,0.19158979
3,0,1,0.6122148
3,0,0,0.094290994
3,0,1,0.69262064
3,0,0,0.42757824
3,1,0,0.21101035
3,1,1,0.5325214
3,1,1,0.605358
3,0,0,0.19299647
3,0,0,0.38631308
3,0,1,0.62721825
3,1,1,0.8272399
3,1,1,0.6971764
3,1,0,0.30376148
3,1,1,0.5985271
3,0,0,0.36763874
3,0,0,0.30239737
3,1,1,0.57140344
3,0,1,0.70243037
3,0,1,0.6127425
3,0,1,0.6498344
3,0,1,0.64948106
3,0,0,0.29411513
3,1,1,0.55361044
3,0,1,0.61937666
3,0,0,0.4484802
3,1,1,0.5767913
3,1,0,0.3691543
3,0,0,0.17747203
3,0,0,0.09571938
3,1,0,0.3907099
3,1,0,0.46428657
3,0,0,0.4471478
3,0,0,0.37577912
3,0,0,0.46438378
3,1,0,0.37385234
3,0,0,0.05494289
3,0,0,0.40380207
3,1,0,0.1914037
3,0,0,0.32800224
3,0,0,0.35598508
3,1,0,0.41846886
3,0,0,0.45969367
3,1,1,0.6475846
3,0,0,0.26918063
3,1,1,0.65276885
3,1,0,0.45792374
3,0,1,0.5436125
3,1,1,0.7207668
3,1,1,0.5381441
3,1,1,0.70667255
3,0,0,0.4330104
3,0,0,0.4706429
3,0,1,0.502813
3,0,0,0.3634477
3,0,1,0.86817724
3,1,0,0.28832626
3,1,0,0.46130532
3,0,0,0.28192997
3,0,1,0.7201068
3,1,1,0.60807586
3,1,1,0.51489747
3,0,1,0.57382846
3,0,0,0.28329742
3,0,1,0.60234946
3,1,0,0.4989243
3,1,1,0.74503195
3,0,1,0.62843037
3,1,1,0.69540787
3,0,1,0.74404013
3,1,1,0.8367909
3,1,1,0.68415
3,0,0,0.23981234
3,1,1,0.5985159
3,0,1,0.64438313
3,1,1,0.7166452
3,1,1,0.800006
3,1,1,0.76652855
3,1,1,0.6926462
3,0,1,0.7350655
3,0,0,0.11171044
3,1,1,0.83099496
3,1,1,0.6173892
3,0,0,0.35636517
3,0,1,0.6205743
3,1,1,0.65255576
3,1,1,0.6726221
3,1,1,0.6181553
3,1,1,0.56788033
3,1,1,0.64260876
3,0,0,0.3497428
3,1,1,0.5391372
3,1,0,0.49814245
3,1,0,0.47346288
3,0,0,0.39671534
3,0,0,0.39194512
3,0,1,0.6122593
3,0,1,0.56390786
3,1,1,0.50482583
3,0,0,0.22594887
3,1,0,0.4934893
3,1,0,0.441407
3,0,1,0.53749865
3,1,0,0.49120215
3,0,0,0.41015914
3,0,0,0.16410252
3,0,0,0.14472291
3,1,0,0.39406863
3,0,0,0.47724226
3,1,0,0.42570108
3,0,0,0.35830897
3,1,0,0.30342132
3,0,0,0.22303765
3,0,0,0.49041143
3,0,0,0.10309835
3,0,0,0.41349223
3,0,1,0.5498707
3,0,1,0.5535878
3,1,0,0.43333685
3,0,0,0.4088543
3,0,0,0.08634146
3,1,1,0.507429
3,0,0,0.43284786
3,0,1,0.5202416
3,0,1,0.5818348
3,1,1,0.5785957
3,1,1,0.6644067
3,1,0,0.33181727
3,0,0,0.36929902
3,0,0,0.3051666
3,1,0,0.38858625
3,1,0,0.49162033
3,0,0,0.37301785
3,1,1,0.5615146
3,1,0,0.20394911
3,0,1,0.5306485
3,0,1,0.5360922
3,1,0,0.19663055
3,0,0,0.39947963
3,0,0,0.3518581
3,1,1,0.80933464
3,0,1,0.62188715
3,1,0,0.32760704
3,0,0,0.16405623
3,1,0,0.39302203
3,0,1,0.54851514
3,1,1,0.71039927
3,0,0,0.28780383
3,1,0,0.30655056
3,1,0,0.38760334
3,0,0,0.30861217
3,0,0,0.23933882
3,0,0,0.32606888
3,0,0,0.21491858
3,0,0,0.10096204
3,1,1,0.851374
3,1,1,0.7251535
3,1,1,0.7802488
3,0,1,0.7199736
3,1,1,0.7218614
3,1,1,0.63366085
3,0,1,0.54376256
3,0,1,0.6037174
3,0,0,0.3034567
3,1,1,0.72101253
3,1,1,0.5214548
3,0,1,0.7803935
3,1,1,0.64366835
3,1,1,0.64715767
3,1,1,0.7535319
3,1,1,0.7222548
3,0,1,0.6287351
3,0,0,0.2281763
3,0,0,0.37550834
3,0,0,0.46416083
3,1,1,0.781176
3,1,1,0.5313178
3,0,1,0.5466365
3,0,1,0.6283263
3,0,0,0.25149694
3,0,0,0.21616265
3,0,1,0.6460982
3,1,1,0.6043993
3,1,0,0.30166838
3,0,1,0.72037756
3,1,1,0.64187515
3,1,1,0.744814
3,1,0,0.49051884
3,0,0,0.24827798
3,1,0,0.4757935
3,1,1,0.54584605
3,0,0,0.1605172
3,0,0,0.40672085
3,1,0,0.47447643
3,0,1,0.5064723
3,0,1,0.5223724
3,0,0,0.19117187
3,0,1,0.60892826
3,1,1,0.7845721
3,1,1,0.67794377
3,1,1,0.62478703
3,1,0,0.31856483
3,0,0,0.41759202
3,0,0,0.063459754
3,0,1,0.854132
3,0,0,0.115973145
3,1,1,0.67559177
3,1,0,0.46900287
3,0,0,0.32454887
3,1,1,0.7661075
3,1,1,0.5207014
3,0,1,0.57904994
3,1,0,0.49958643
3,0,1,0.5335476
3,0,0,0.13259718
3,0,0,0.41200468
3,1,0,0.4412997
3,0,1,0.92572
3,0,1,0.6607996
3,1,0,0.40222302
3,1,1,0.8137428
3,0,0,0.49852657
3,0,1,0.50370675
3,1,1,0.579132
3,1,1,0.912154
3,1,1,0.63828415
3,1,1,0.59154606
3,1,1,0.5652231
3,0,1,0.6839882
3,0,0,0.32718104
3,0,1,0.6059842
3,1,1,0.5160851
3,0,1,0.7876656
3,0,1,0.6496397
3,1,1,0.5233444
3,1,1,0.6365862
3,1,0,0.33114862
3,1,0,0.22642735
3,0,1,0.5593089
3,1,0,0.42492437
3,0,0,0.3944161
3,0,0,0.09337897
3,0,0,0.08967071
3,1,0,0.48223653
3,0,0,0.45432582
3,0,1,0.5367825
3,1,1,0.7359467
3,1,1,0.5621637
3,1,1,0.7427188
3,0,0,0.34492067
3,1,0,0.32852262
3,1,0,0.48605815
3,1,0,0.44471207
3,1,1,0.7214833
3,0,0,0.36110213
3,1,1,0.696155
3,1,1,0.60972583
3,0,1,0.5171236
3,0,0,0.42591056
3,0,0,0.32547605
3,0,0,0.17893445
3,1,1,0.6918888
3,1,1,0.69373643
3,0,1,0.5111126
3,0,0,0.2176362
3,0,1,0.5613166
3,1,0,0.35004836
3,1,0,0.3344502
3,0,1,0.7329346
3,0,0,0.38779595
3,0,1,0.6339043
3,0,0,0.44209394
3,0,1,0.5490156
3,0,0,0.4283379
3,1,1,0.554384
3,1,1,0.62884104
3,1,0,0.41488603
3,0,0,0.37572163
3,1,1,0.7730725
3,1,1,0.6578031
3,0,0,0.45193478
3,1,1,0.60793984
3,0,0,0.37196535
3,0,0,0.4641507
3,1,1,0.6414145
3,1,1,0.5452572
3,0,0,0.3750331
3,0,0,0.211941
3,0,0,0.4702765
3,0,1,0.6534048
3,1,1,0.88314885
3,1,1,0.6383107
3,0,1,0.5244869
3,1,1,0.80599606
3,1,1,0.87106746
3,0,1,0.8673175
3,1,1,0.70963055
3,1,1,0.73059624
3,1,1,0.89772093
3,1,1,0.6020408
3,1,1,0.69010204
3,0,0,0.346992
3,0,0,0.4428376
3,1,1,0.6785635
3,0,1,0.52558625
3,0,1,0.60274523
3,1,0,0.4552901
3,1,1,0.58656675
3,1,0,0.4956322
3,1,1,0.6323439
3,0,0,0.47773856
3,1,1,0.6503433
3,1,1,0.51906514
3,1,1,0.7837292
3,0,1,0.6104128
3,0,0,0.19047613
3,0,1,0.73221064
3,0,0,0.38712192
3,1,0,0.44785774
3,0,1,0.67327315
3,1,0,0.39583284
3,0,0,0.26632652
3,1,0,0.46306598
3,0,0,0.27749747
3,0,1,0.812577
3,1,0,0.35318887
3,1,1,0.80648875
3,0,1,0.7033376
3,0,0,0.2878744
3,1,1,0.8752525
3,1,0,0.37635964
3,0,0,0.49389985
3,1,1,0.8132588
3,0,0,0.20436159
3,1,1,0.7230446
3,1,1,0.72458404
3,0,1,0.7567517
3,0,0,0.35574046
3,0,1,0.61948365
3,1,1,0.72807664
3,0,1,0.6218691
3,0,0,0.25314778
3,1,1,0.6326929
3,1,1,0.6846272
3,1,1,0.5119698
3,0,0,0.36463046
3,0,0,0.30025172
3,0,0,0.36691728
3,0,0,0.42489284
3,1,0,0.18305214
3,1,1,0.593533
3,1,1,0.5167913
3,0,0,0.48624146
3,0,1,0.6172929
3,0,1,0.6684947
3,1,1,0.8784765
3,0,0,0.22570439
3,1,1,0.7816998
3,0,1,0.58705735
3,1,1,0.7019878
3,0,0,0.40596843
3,1,0,0.39858198
3,0,1,0.7738874
3,0,0,0.33915216
3,1,1,0.7097206
3,0,0,0.46690232
3,1,1,0.74242675
3,0,1,0.5985271
3,0,1,0.57140344
3,1,1,0.6580692
3,1,1,0.7749357
3,0,0,0.27601814
3,1,1,0.568789
3,1,1,0.809848
3,1,0,0.38775524
3,0,0,0.48874667
3,0,0,0.41581813
3,1,1,0.89659756
3,1,1,0.77558357
3,0,1,0.638231
3,1,1,0.63438004
3,1,1,0.5997838
3,1,1,0.6767837
3,1,1,0.61665225
3,1,1,0.62487286
3,0,1,0.52117217
3,1,1,0.5010105
3,0,0,0.48389107
3,1,1,0.6713318
3,0,1,0.6193711
3,0,1,0.52085286
3,1,1,0.6546448
3,1,0,0.45825094
3,0,0,0.4144507
3,0,1,0.5197743
3,0,1,0.5205453
3,1,1,0.80701053
3,1,1,0.80696255
3,0,1,0.5410205
3,0,1,0.5468255
3,1,1,0.59915674
3,0,0,0.37741253
3,0,0,0.23968546
3,0,0,0.4395928
3,0,0,0.4769603
3,0,0,0.4560481
3,1,1,0.5403788
3,1,0,0.47342044
3,1,1,0.8002379
3,1,1,0.67584175
3,0,1,0.61643076
3,0,1,0.57336754
3,0,0,0.18991722
3,0,0,0.43115398
3,1,1,0.7499451
3,0,0,0.22946914
3,1,1,0.7587338
3,0,1,0.6514793
3,1,1,0.739322
3,1,1,0.77483904
3,1,1,0.5594037
3,0,0,0.4501536
3,1,1,0.56293947
3,1,0,0.49357775
3,1,0,0.4047489
3,0,1,0.541078
3,0,1,0.63429075
3,1,1,0.70598376
3,1,1,0.53134257
3,1,1,0.74689555
3,1,1,0.5607475
3,0,1,0.60644513
3,0,0,0.4176692
3,0,0,0.37105992
3,1,0,0.47436637
3,0,0,0.3427342
3,0,1,0.65193135
3,0,1,0.6161556
3,1,1,0.79883593
3,1,0,0.4176036
3,0,0,0.07302828
3,0,1,0.51922524
3,0,0,0.3718079
3,0,0,0.19089545
3,1,1,0.6325032
3,0,0,0.32221362
3,1,0,0.35856736
3,1,0,0.3925793
3,1,0,0.28676552
3,1,0,0.38786894
3,0,0,0.17983873
3,0,0,0.4729994
3,0,1,0.597404
3,0,1,0.507859
3,0,0,0.32668573
3,0,1,0.67303383
3,0,1,0.74468654
3,1,1,0.5980686
3,1,1,0.55191725
3,1,1,0.5276055
3,0,0,0.30112654
3,1,1,0.60214704
3,0,1,0.5577623
3,1,1,0.7172737
3,0,0,0.30205318
3,1,1,0.60804343
3,0,0,0.4012153
3,0,0,0.48542473
3,0,1,0.52451015
3,0,1,0.513121
3,1,1,0.9147819
3,0,1,0.64179546
3,0,0,0.45034516
3,0,1,0.6278136
3,1,1,0.7195033
3,1,1,0.7981301
3,0,1,0.6726043
3,0,1,0.5092082
3,0,1,0.6524406
3,1,1,0.6790874
3,1,1,0.86871946
3,1,1,0.7380479
3,0,0,0.36549637
3,1,1,0.6855444
3,0,1,0.7643606
3,0,1,0.50067896
3,1,1,0.63508904
3,1,1,0.5798287
3,0,0,0.39793622
3,1,1,0.5998069
3,0,0,0.32677844
3,1,1,0.834438
3,0,1,0.6225731
3,1,0,0.42108074
3,1,1,0.6554288
3,1,1,0.6951776
3,1,1,0.759422
3,0,0,0.13454168
3,0,1,0.53284687
3,1,1,0.7838617
3,1,0,0.4456533
3,0,0,0.43723026
3,0,0,0.47894713
3,1,1,0.55230576
3,0,1,0.6779725
3,0,1,0.5535706
3,0,0,0.25495374
3,0,0,0.37626758
3,0,1,0.52003235
3,0,0,0.19822372
3,1,1,0.6128883
3,1,0,0.35514444
3,1,0,0.16499384
3,0,1,0.5008021
3,0,1,0.6318493
3,1,1,0.6486761
3,1,1,0.5930375
3,1,1,0.61323434
3,0,0,0.19216834
3,0,1,0.51321054
3,0,0,0.41835818
3,0,1,0.71541524
3,1,1,0.65870655
3,1,1,0.6250931
3,1,1,0.58804715
3,1,1,0.53461033
3,1,0,0.46102268
3,1,1,0.5019692
3,1,1,0.58874035
3,0,1,0.5827993
3,0,0,0.41481298
3,1,1,0.7219776
3,1,1,0.6976391
3,0,1,0.50601465
3,0,1,0.6502381
3,0,0,0.313169
3,0,0,0.30804926
3,0,0,0.46216518
3,0,0,0.12627682
3,1,1,0.791689
3,1,1,0.6865303
3,1,1,0.509962
3,1,1,0.6739108
3,0,1,0.58836097
3,1,1,0.66966146
3,0,0,0.11466525
3,0,0,0.17474009
3,1,1,0.66898036
3,0,0,0.47395644
3,0,0,0.34813252
3,0,1,0.5234294
3,0,0,0.2131434
3,1,0,0.48289827
3,0,1,0.74182904
3,1,1,0.5009108
3,0,0,0.35708013
3,1,0,0.45644313
3,1,1,0.5635812
3,0,0,0.39265874
3,0,1,0.926065
3,0,0,0.4723959
3,1,1,0.61840683
3,0,0,0.45153177
3,0,0,0.44315395
3,0,1,0.61307883
3,1,1,0.6394037
3,0,1,0.73912615
3,1,0,0.42489338
3,0,1,0.55053896
3,0,1,0.5337971
3,1,1,0.5328066
3,1,1,0.63510793
3,0,1,0.548844
3,1,1,0.6904352
3,1,1,0.5326564
3,1,0,0.4240766
3,0,1,0.5980253
3,1,0,0.4142531
3,1,1,0.5537042
3,1,1,0.6331017
3,0,0,0.42328557
3,1,1,0.5840787
3,0,1,0.59128547
3,0,0,0.21845876
3,0,1,0.61609745
3,1,1,0.5909481
3,0,0,0.40753528
3,1,0,0.32207566
3,0,0,0.41828534
3,0,0,0.46281412
3,0,1,0.62199086
3,0,0,0.17473732
3,1,1,0.8696956
3,1,1,0.68550557
3,1,1,0.66850764
3,0,0,0.37443492
3,1,1,0.83131546
3,0,1,0.7071521
3,1,1,0.66613674
3,0,1,0.6258599
3,1,1,0.7304797
3,1,1,0.73178905
3,0,0,0.23321131
3,0,1,0.7381823
3,0,0,0.11494241
3,1,1,0.63590795
3,0,1,0.725447
3,0,0,0.47754923
3,0,1,0.8526866
3,1,1,0.8339315
3,0,1,0.60941994
3,0,0,0.4732859
3,1,1,0.6546043
3,0,1,0.5466047
3,1,1,0.6222526
3,1,1,0.7556578
3,0,1,0.5102056
3,0,0,0.25989684
3,1,1,0.8306737
3,0,1,0.6371396
3,0,1,0.5812287
3,1,0,0.17513156
3,0,1,0.75188684
3,0,0,0.4677457
3,1,0,0.42712483
3,0,1,0.7069693
3,0,0,0.31255564
3,1,1,0.69621277
3,1,1,0.5211878
3,1,0,0.44274798
3,0,0,0.26753902
3,0,1,0.68201506
3,0,0,0.34053466
3,1,1,0.6412966
3,1,0,0.45838746
3,1,1,0.61821824
3,0,0,0.43683755
3,1,1,0.608626
3,0,0,0.256563
3,1,0,0.47250935
3,1,0,0.3783947
3,1,0,0.4649309
3,0,1,0.70444036
3,1,0,0.41408396
3,0,1,0.5419018
3,0,0,0.41337472
3,0,1,0.6457781
3,0,1,0.7275339
3,0,0,0.41096756
3,0,1,0.6326721
3,0,1,0.6952367
3,1,1,0.6233773
3,1,0,0.44475237
3,0,1,0.5185262
3,1,1,0.62840563
3,0,1,0.58663666
3,0,0,0.32605374
3,1,1,0.6814059
3,1,1,0.65492374
3,1,1,0.6089212
3,1,1,0.7500411
3,1,1,0.5313115
3,1,1,0.60463756
3,1,1,0.7311374
3,1,1,0.73187095
3,0,1,0.51194644
3,0,1,0.7148985
3,1,1,0.5167675
3,1,1,0.6871103
3,0,1,0.66493565
3,0,0,0.3854025
3,0,1,0.5115209
3,1,0,0.45187077
3,1,1,0.69062346
3,1,1,0.56228423
3,1,1,0.63228834
3,1,1,0.66935015
3,0,0,0.49336156
3,1,1,0.6382247
3,0,1,0.5332557
3,1,1,0.594996
3,1,1,0.7629403
3,0,1,0.5765012
3,0,0,0.3225203
3,1,1,0.8510934
3,0,1,0.56933415
3,1,0,0.47815228
3,0,0,0.116349824
3,0,0,0.42747238
3,0,1,0.68752486
3,1,0,0.2240705
3,0,0,0.09033339
3,1,0,0.47848493
3,1,1,0.5382375
3,0,1,0.5668283
3,0,1,0.5815218
3,1,0,0.3795116
3,0,1,0.65904313
3,1,1,0.6937664
3,0,1,0.6461147
3,1,1,0.65736055
3,1,1,0.61703134
3,1,1,0.66276914
3,0,0,0.46231112
3,1,1,0.67573035
3,0,0,0.2920153
3,0,1,0.5350178
3,0,0,0.17578337
3,0,1,0.62060845
3,0,1,0.6321795
3,0,0,0.1876151
3,0,0,0.14114712
3,0,1,0.6646251
3,1,0,0.19675194
3,1,1,0.594507
3,0,0,0.4859003
3,1,0,0.455362
3,0,0,0.4344823
3,1,1,0.6079674
3,1,0,0.42134744
3,1,0,0.41314954
3,0,0,0.39815143
3,0,1,0.5013692
3,1,1,0.6294825
3,1,1,0.62857485
3,1,1,0.80273986
3,1,1,0.5662408
3,0,1,0.5551082
3,1,1,0.5895363
3,1,0,0.15163672
3,1,0,0.40520838
3,0,0,0.1345204
3,1,0,0.376244
3,1,1,0.59838384
3,0,1,0.6711579
3,0,0,0.32403526
3,1,1,0.5111595
3,0,1,0.55110395
3,1,1,0.8298741
3,0,1,0.52674294
3,1,1,0.7353632
3,1,0,0.22887863
3,1,0,0.4699417
3,1,1,0.7505974
3,0,1,0.6065901
3,0,1,0.6151315
3,0,0,0.28772604
3,0,0,0.48705423
3,0,0,0.3875824
3,1,0,0.48973155
3,0,0,0.20477615
3,1,1,0.80541235
3,1,1,0.5804264
3,1,1,0.6464983
3,1,1,0.6397755
3,1,1,0.6340672
3,1,1,0.7043015
3,1,1,0.61294883
3,1,0,0.44220367
3,0,1,0.5944876
3,1,1,0.70253694
3,0,0,0.46538952
3,0,0,0.15834486
3,0,1,0.5109972
3,1,0,0.32166994
3,0,1,0.59304553
3,0,0,0.37012443
3,0,0,0.45364574
3,1,0,0.36683354
3,1,1,0.5100662
3,1,0,0.4505279
3,0,0,0.39897346
3,0,0,0.4582095
3,0,0,0.44466504
3,1,1,0.6060518
3,1,1,0.64195997
3,1,1,0.69843805
3,1,1,0.68187565
3,1,0,0.2911511
3,1,1,0.5969915
3,0,0,0.49137107
3,0,0,0.20009229
3,1,1,0.699417
3,0,0,0.47067946
3,1,0,0.38256276
3,0,1,0.7242088
3,1,1,0.7030065
3,0,1,0.57029885
3,1,1,0.58132523
3,1,1,0.5684044
3,1,1,0.6457349
3,1,0,0.10324386
3,1,0,0.46921748
3,1,1,0.5014654
3,0,0,0.15350406
3,0,0,0.3274913
3,0,1,0.5334438
3,1,1,0.8910719
3,0,0,0.4617906
3,1,1,0.5942535
3,1,0,0.39492947
3,1,0,0.39613834
3,0,1,0.5309026
3,0,1,0.69726515
3,1,1,0.8669325
3,0,0,0.4409066
3,1,0,0.45525488
3,1,1,0.80895036
3,0,0,0.21401578
3,1,0,0.39622134
3,0,0,0.3312307
3,1,1,0.8620844
3,0,0,0.37390116
3,1,0,0.44998053
3,1,1,0.67259014
3,0,0,0.33459732
3,1,1,0.86304706
3,0,0,0.46604478
3,1,1,0.5575619
3,0,0,0.46009138
3,1,1,0.56033266
3,0,1,0.60353404
3,0,0,0.4173737
3,1,0,0.43416563
3,0,1,0.77699935
3,0,0,0.45057243
3,0,1,0.63556945
3,1,1,0.5407773
3,1,0,0.25947332
3,0,0,0.44045517
3,0,0,0.32212964
3,0,0,0.3635351
3,0,0,0.13726507
3,0,0,0.49137145
3,0,0,0.3256892
3,1,0,0.35812405
3,1,0,0.3562113
3,1,1,0.7116046
3,1,1,0.6230099
3,1,1,0.5243183
3,1,1,0.6315805
3,0,1,0.5561038
3,0,0,0.4172056
3,0,0,0.37158272
3,0,1,0.64979905
3,0,1,0.536448
3,0,1,0.68710554
3,1,1,0.6305087
3,1,1,0.63086516
3,1,1,0.702252
3,0,1,0.5783373
3,1,0,0.3120759
3,0,0,0.33329162
3,0,0,0.3319695
3,1,1,0.8448723
3,0,1,0.59129053
3,1,1,0.8028662
3,0,1,0.51281786
3,1,1,0.7715344
3,1,1,0.6378144
3,0,0,0.40153548
3,0,0,0.48758808
3,0,0,0.4644315
3,1,1,0.7490495
3,0,1,0.5974378
3,1,0,0.4575482
3,0,1,0.5579061
3,1,1,0.66722167
3,0,0,0.15393245
3,1,1,0.8956486
3,1,1,0.5951387
3,1,1,0.58577806
3,0,0,0.43146533
3,1,1,0.5000239
3,1,0,0.4978995
3,0,0,0.4793871
3,0,0,0.1747793
3,0,0,0.3381057
3,0,1,0.71948844
3,1,1,0.540334
3,0,0,0.37831113
3,1,0,0.48877674
3,1,1,0.5118439
3,1,1,0.5659718
3,0,1,0.5373503
3,0,1,0.64105797
3,0,1,0.60306144
3,1,1,0.7803501
3,0,1,0.6217662
3,0,0,0.21917586
3,0,1,0.6440538
3,0,0,0.31255722
3,1,1,0.6432346
3,0,1,0.65893453
3,0,0,0.43281168
3,1,1,0.5400665
3,0,0,0.45211518
3,0,0,0.4534166
3,0,0,0.28936026
3,1,1,0.6294786
3,1,0,0.44643727
3,1,0,0.479761
3,1,1,0.6506732
3,0,0,0.2532328
3,0,1,0.50719064
3,0,0,0.3426367
3,0,0,0.3010184
3,1,1,0.8342876
3,1,0,0.49224535
3,0,0,0.093232326
3,0,0,0.37800992
3,1,0,0.49188507
3,0,0,0.18486337
3,1,1,0.5179906
3,1,0,0.17100792
3,1,1,0.81546843
3,1,0,0.4078641
3,1,1,0.63785475
3,0,1,0.5978956
3,1,0,0.4653745
3,1,1,0.5314398
3,0,1,0.5142983
3,0,0,0.31149536
3,0,0,0.47846246
3,0,0,0.47653428
3,1,1,0.7009076
3,1,1,0.7045686
3,1,1,0.83434284
3,1,0,0.3390872
3,1,0,0.34199768
3,0,1,0.5933047
3,0,1,0.57286465
3,0,1,0.5432293
3,0,1,0.6391365
3,0,0,0.34253618
3,1,0,0.43395734
3,0,1,0.7252596
3,1,1,0.6943091
3,1,0,0.4448355
3,0,0,0.3205602
3,1,0,0.24006695
3,0,0,0.24622533
3,1,0,0.18082155
3,0,0,0.3826903
3,1,0,0.3959768
3,0,0,0.19097097
3,1,0,0.35505164
3,1,0,0.13460469
3,0,0,0.46886674
3,0,1,0.59122294
3,1,0,0.44190866
3,0,0,0.40457684
3,0,0,0.15642565
3,1,0,0.25619704
3,1,1,0.5576384
3,1,0,0.47938007
3,0,1,0.52969223
3,0,0,0.12609896
3,1,0,0.4559374
3,0,0,0.2794964
3,0,0,0.17841543
3,0,0,0.25050047
3,1,0,0.43775824
3,0,1,0.5935693
3,0,1,0.635279
3,0,1,0.63622105
3,0,1,0.5343758
3,1,1,0.63222337
3,1,1,0.53213215
3,1,1,0.64193064
3,0,1,0.5692564
3,0,0,0.30156046
3,0,0,0.08884066
3,1,1,0.816783
3,0,1,0.5311691
3,1,0,0.3570628
3,0,1,0.693546
3,1,0,0.49669945
3,0,1,0.5392155
3,1,1,0.5803174
3,0,0,0.46564233
3,1,1,0.8138717
3,1,1,0.5436988
3,0,0,0.4526431
3,1,1,0.74402016
3,0,0,0.4728349
3,0,1,0.5155591
3,0,0,0.41343898
3,1,1,0.7171284
3,0,0,0.23131213
3,0,1,0.66318506
3,0,1,0.54789007
3,1,1,0.6770457
3,1,1,0.6704024
3,0,1,0.67399037
3,1,1,0.6521233
3,0,1,0.7107146
3,1,1,0.7509902
3,1,1,0.70050377
3,1,1,0.62404203
3,1,1,0.6171886
3,1,1,0.7944344
3,1,1,0.66174394
3,1,1,0.71395516
3,0,0,0.46475562
3,1,1,0.75401103
3,1,1,0.57215446
3,0,0,0.28745916
3,1,1,0.60566443
3,0,1,0.649418
3,0,1,0.60751003
3,0,1,0.6000189
3,0,0,0.38917083
3,0,0,0.35352603
3,1,1,0.5350514
3,1,0,0.3203815
3,1,0,0.29601812
3,1,0,0.27900833
3,0,0,0.44859362
3,0,0,0.18491867
3,0,0,0.27785054
3,1,1,0.8017711
3,1,1,0.7543985
3,1,1,0.52588373
3,1,1,0.8135893
3,1,1,0.6077304
3,1,1,0.67809033
3,0,0,0.3203541
3,0,1,0.68778497
3,0,0,0.45622382
3,0,1,0.7174881
3,0,1,0.5478605
3,0,1,0.71190983
3,0,0,0.3856725
3,0,1,0.5530154
3,1,1,0.6489406
3,1,1,0.73601025
3,1,1,0.8715024
3,0,0,0.38267872
3,0,0,0.42580178
3,0,1,0.6771368
3,0,0,0.12179908
3,0,0,0.49266374
3,0,0,0.38316935
3,0,0,0.32920763
3,1,1,0.82703733
3,0,1,0.5732817
3,1,1,0.62270296
3,1,1,0.7371171
3,0,0,0.26219273
3,1,1,0.79784274
3,0,0,0.41187257
3,0,1,0.61885154
3,1,1,0.72953117
3,0,0,0.44738638
3,1,1,0.6322574
3,0,1,0.5422419
3,1,1,0.5291456
3,0,1,0.70573956
3,0,1,0.7240588
3,1,0,0.43355432
3,0,1,0.5634567
3,0,1,0.83052564
3,1,1,0.81158763
3,1,1,0.67165256
3,0,0,0.48233473
3,1,1,0.65252995
3,0,0,0.3583954
3,1,1,0.519438
3,0,0,0.39655867
3,0,1,0.69979936
3,1,1,0.7303816
3,0,1,0.5088466
3,1,1,0.5360917
3,1,1,0.6072533
3,0,1,0.68431944
3,0,0,0.44735128
3,1,1,0.6264598
3,0,1,0.6842575
3,1,1,0.70001507
3,0,1,0.5282138
3,1,1,0.57117945
3,1,1,0.83573467
3,1,1,0.56995803
3,1,1,0.63371855
3,1,1,0.5377169
3,0,0,0.48226902
3,0,0,0.44871095
3,0,1,0.61169785
3,1,1,0.6455343
3,1,1,0.74087185
3,1,1,0.64922786
3,0,0,0.44693503
3,1,1,0.6336214
3,0,0,0.43733683
3,1,1,0.81724286
3,1,1,0.57677025
3,1,1,0.5798309
3,0,0,0.46963716
3,0,0,0.4112815
3,0,1,0.5310552
3,0,1,0.6163958
3,1,1,0.61408365
3,0,0,0.19148998
3,1,1,0.73129606
3,1,1,0.61884695
3,1,0,0.30186105
3,0,0,0.2952249
3,0,1,0.7027782
3,0,0,0.33484402
3,0,0,0.31589264
3,1,1,0.50875986
3,1,1,0.7652989
3,1,0,0.4679395
3,1,1,0.7153703
3,1,1,0.7514763
3,1,1,0.6351305
3,1,1,0.6332689
3,0,1,0.5060935
3,1,0,0.35863593
3,0,0,0.40151802
3,0,0,0.32274562
3,0,0,0.31003824
3,1,0,0.4538277
3,1,1,0.72377545
3,0,0,0.33296213
3,0,0,0.28092963
3,1,1,0.56070083
3,0,0,0.42425194
3,0,0,0.20346415
3,0,1,0.5464205
3,1,0,0.31017178
3,0,0,0.3958316
3,0,0,0.30020177
3,1,1,0.6694286
3,0,0,0.3727041
3,0,0,0.21079381
3,1,0,0.39279667
3,0,1,0.62394536
3,1,0,0.43197912
3,0,1,0.74422544
3,0,0,0.47188514
3,1,1,0.718367
3,0,0,0.36305615
3,1,0,0.39009672
3,0,1,0.71256864
3,0,0,0.43303454
3,1,1,0.6886775
3,1,1,0.73098546
3,0,1,0.5317289
3,0,0,0.401126
3,1,1,0.7319282
3,0,1,0.5294401
3,0,1,0.50587475
3,0,0,0.3633172
3,0,0,0.24247366
3,1,1,0.8124433
3,1,1,0.5200512
3,1,1,0.60115474
3,0,1,0.5514957
3,1,1,0.86219585
3,1,1,0.5346739
3,0,0,0.44927523
3,0,0,0.27727148
3,1,1,0.5590022
3,1,0,0.25031427
3,1,1,0.629728
3,0,1,0.52286583
3,0,0,0.44650692
3,0,1,0.56690323
3,0,1,0.5347536
3,1,1,0.7492997
3,1,1,0.60824704
3,1,1,0.7119234
3,0,1,0.6064706
3,1,1,0.6879221
3,0,0,0.26111135
3,0,1,0.7148914
3,1,1,0.56498367
3,1,1,0.5801205
3,0,0,0.4249963
3,1,1,0.54734695
3,0,0,0.4793714
3,0,0,0.49747735
3,1,1,0.78788006
3,0,1,0.68663156
3,0,0,0.4411445
3,0,0,0.26327646
3,0,0,0.40245605
3,1,1,0.5898801
3,1,0,0.47628593
3,0,0,0.24511042
3,1,0,0.44385546
3,0,0,0.22893961
3,0,0,0.358972
3,0,1,0.5541157
3,1,0,0.46776503
3,0,1,0.66769445
3,1,0,0.47029376
3,0,0,0.12510993
3,1,1,0.6021843
3,1,0,0.20039861
3,0,0,0.31716195
3,1,1,0.9188779
3,0,1,0.64448076
3,1,1,0.5563666
3,1,1,0.616025
3,1,1,0.7109371
3,1,1,0.6951488
3,1,1,0.8778757
3,0,1,0.67865175
3,1,1,0.7420613
3,1,1,0.736304
3,1,1,0.5111654
3,0,1,0.6686852
3,1,0,0.35581002
3,0,0,0.46958432
3,0,1,0.6045422
3,1,1,0.8361822
3,1,1,0.57525533
3,0,1,0.5545506
3,0,1,0.64623725
3,1,1,0.5110577
3,0,0,0.28850907
3,1,1,0.69244736
3,0,1,0.50553274
3,1,1,0.52039766
3,0,0,0.36757615
3,0,0,0.18707994
3,1,0,0.44257417
3,0,1,0.7199239
3,1,1,0.6662787
3,0,1,0.7762768
3,0,0,0.40606725
3,0,1,0.64238405
3,1,1,0.61930084
3,1,1,0.6115296
3,0,1,0.55662364
3,1,1,0.76758707
3,0,0,0.36373892
3,1,1,0.6210158
3,0,0,0.42028043
3,1,1,0.7015536
3,1,1,0.6670358
3,0,1,0.64147764
3,1,1,0.86601907
3,1,1,0.58933246
3,0,0,0.11940473
3,0,0,0.3999356
3,1,1,0.50946057
3,0,0,0.20026776
3,0,0,0.250524
3,0,1,0.5090814
3,1,1,0.83764404
3,0,0,0.47345355
3,1,0,0.39242873
3,0,0,0.4384147
3,1,1,0.7997981
3,0,0,0.4465048
3,0,0,0.2367906
3,0,0,0.2907472
3,0,1,0.59155214
3,0,1,0.56113493
3,1,1,0.6952563
3,1,1,0.62080944
3,1,1,0.5715802
3,1,1,0.7142397
3,0,0,0.3132872
3,0,1,0.6284263
3,0,0,0.3405406
3,1,0,0.44419444
3,1,1,0.7736015
3,1,1,0.600999
3,1,1,0.674063
3,0,0,0.23036632
3,1,1,0.6438288
3,0,0,0.2106163
3,1,1,0.58717555
3,0,0,0.324595
3,0,1,0.73015374
3,0,0,0.19190317
3,1,0,0.43946737
3,0,0,0.32964143
3,0,0,0.2724761
3,1,1,0.6743058
3,0,1,0.6072456
3,1,1,0.761686
3,1,1,0.7564936
3,1,1,0.72124463
3,1,1,0.7471534
3,0,1,0.67963916
3,1,1,0.6379157
3,0,1,0.62738615
3,1,1,0.7441028
3,1,1,0.6634598
3,0,0,0.24111034
3,1,1,0.7852973
3,1,1,0.71428853
3,1,1,0.8574291
3,0,1,0.5520953
3,0,1,0.61330175
3,0,1,0.61805654
3,1,1,0.6980083
3,1,1,0.6438467
3,0,1,0.66463697
3,1,1,0.7181689
3,1,1,0.71047705
3,0,1,0.5419679
3,0,1,0.64783615
3,0,0,0.39706615
3,1,1,0.67356133
3,0,0,0.3876689
3,1,1,0.55955976
3,1,0,0.4788208
3,0,0,0.28767547
3,0,1,0.59642583
3,1,1,0.6294786
3,0,0,0.27177423
3,1,0,0.3266462
3,0,1,0.5158162
3,0,0,0.23427147
3,1,1,0.8620718
3,0,1,0.6096319
3,1,0,0.4526216
3,0,1,0.50298655
3,0,1,0.5454636
3,1,1,0.79407626
3,0,0,0.3048278
3,1,1,0.6325564
3,0,1,0.63331354
3,0,1,0.65525883
3,1,1,0.63171417
3,1,1,0.675696
3,1,1,0.7212355
3,1,1,0.54916567
3,1,1,0.6615217
3,1,0,0.4566697
3,1,1,0.6512172
3,0,1,0.61909
3,0,1,0.6639483
3,1,1,0.7272149
3,1,1,0.62076634
3,0,1,0.762227
3,0,1,0.7335609
3,1,1,0.746857
3,1,1,0.52810496
3,1,1,0.781547
3,0,1,0.5036869
3,0,1,0.7604611
3,1,1,0.7645639
3,0,0,0.34189993
3,1,1,0.5384905
3,1,0,0.43974474
3,0,0,0.2586423
3,0,1,0.5185645
3,0,1,0.55513585
3,1,1,0.71356225
3,1,1,0.6087478
3,0,0,0.43338254
3,0,0,0.41388234
3,1,1,0.7916975
3,1,1,0.58780736
3,0,0,0.47274888
3,1,0,0.22973311
3,0,0,0.31563705
3,0,1,0.5621074
3,0,0,0.43009
3,0,1,0.5608445
3,1,0,0.44542214
3,1,1,0.7441811
3,1,1,0.53289455
3,0,1,0.58158433
3,1,1,0.8244117
3,1,0,0.39489612
3,1,1,0.8007192
3,0,0,0.43904328
3,1,1,0.5446416
3,0,1,0.80041564
3,0,0,0.3050835
3,0,0,0.49297562
3,1,1,0.6197256
3,0,1,0.72970486
3,0,0,0.44043678
3,0,0,0.43432957
3,0,0,0.15276921
3,0,0,0.10657222
3,1,1,0.8120972
3,0,0,0.46492627
3,1,1,0.7817308
3,0,1,0.67277545
3,0,1,0.6901883
3,0,0,0.43635938
3,0,1,0.59493506
3,0,1,0.56711406
3,1,1,0.6636036
3,1,0,0.43776646
3,1,1,0.81203514
3,0,1,0.56276834
3,1,1,0.8391142
3,1,0,0.4320564
3,0,0,0.23035097
3,0,1,0.8285723
3,1,1,0.8751102
3,0,0,0.21233557
3,0,0,0.46315384
3,1,0,0.1419283
3,0,0,0.41797525
3,1,1,0.72134286
3,1,1,0.566159
3,0,0,0.4406094
3,0,1,0.55415803
3,0,0,0.35820293
3,1,1,0.8870743
3,1,1,0.806705
3,1,0,0.38111264
3,1,1,0.74927783
3,0,1,0.7457999
3,1,1,0.68190175
3,0,0,0.33518302
3,0,0,0.3110602
3,1,1,0.6449114
3,1,1,0.6646884
3,0,1,0.71210885
3,0,0,0.35864332
3,1,1,0.77186567
3,1,1,0.9247356
3,1,1,0.73408425
3,1,1,0.7629452
3,0,0,0.48137182
3,0,0,0.467096
3,1,0,0.31448394
3,1,1,0.7739274
3,1,1,0.80903983
3,1,1,0.78297544
3,1,1,0.6316342
3,0,1,0.76891273
3,0,0,0.42137975
3,0,1,0.72482395
3,0,0,0.29559225
3,1,1,0.7832967
3,1,1,0.6538516
3,0,1,0.5794704
3,0,1,0.6098013
3,0,1,0.54299414
3,0,1,0.5161108
3,0,1,0.5516101
3,1,1,0.5366716
3,1,1,0.5200548
3,0,0,0.30268988
3,1,1,0.8163298
3,1,1,0.63699526
3,1,0,0.47206727
3,0,1,0.7399065
3,1,1,0.653024
3,0,1,0.6932363
3,1,1,0.69644797
3,1,1,0.66228217
3,0,1,0.7203547
3,1,0,0.42732576
3,1,1,0.6220067
3,1,1,0.7971756
3,0,0,0.36321172
3,0,1,0.74655217
3,0,0,0.48878023
3,1,1,0.68713063
3,0,0,0.3504237
3,1,0,0.26419163
3,0,0,0.2613896
3,0,0,0.20620936
3,0,1,0.7442602
3,0,0,0.33771095
3,0,0,0.43976167
3,0,0,0.16924806
3,0,1,0.5857306
3,1,1,0.6764123
3,0,0,0.23407413
3,0,1,0.5022951
3,0,0,0.35684362
3,0,1,0.66630566
3,0,1,0.53160477
3,0,0,0.20132251
3,0,1,0.54010326
3,0,0,0.497904
3,1,0,0.106782034
3,0,0,0.2974438
3,0,0,0.43169096
3,0,0,0.18154775
3,1,1,0.60449076
3,1,1,0.61355525
3,1,1,0.6655259
3,0,0,0.3536704
3,1,1,0.5806359
3,1,1,0.7031445
3,0,1,0.57112706
3,0,1,0.7061333
3,1,0,0.4698247
3,0,0,0.106849425
3,0,0,0.3255854
3,0,0,0.40348935
3,1,1,0.5010929
3,0,0,0.2490242
3,1,0,0.27137184
3,1,0,0.46072754
3,1,1,0.5926439
3,0,0,0.09413034
3,0,1,0.5709918
3,1,1,0.5604751
3,1,1,0.70530766
3,0,0,0.44363388
3,0,0,0.12490259
3,0,0,0.16657901
3,1,1,0.6348128
3,0,0,0.1689407
3,1,0,0.47445893
3,0,0,0.103406034
3,1,0,0.45849848
3,1,1,0.711419
3,1,1,0.6354232
3,1,1,0.59701884
3,1,0,0.49833137
3,0,1,0.5029175
3,0,0,0.3589385
3,1,0,0.3839821
3,1,1,0.7866141
3,0,1,0.8854339
3,1,1,0.67034197
3,0,1,0.8055997
3,1,1,0.73509383
3,0,1,0.6864979
3,0,0,0.46111447
3,0,1,0.6632468
3,1,1,0.700766
3,1,0,0.45757133
3,1,1,0.8722222
3,1,1,0.67051846
3,1,1,0.595809
3,1,1,0.6118142
3,0,1,0.72809356
3,0,1,0.6473958
3,0,0,0.46228427
3,0,1,0.57698804
3,0,1,0.6846066
3,0,1,0.5298826
3,1,1,0.5959338
3,0,0,0.48742545
3,1,1,0.735628
3,1,1,0.5770019
3,0,1,0.575782
3,0,0,0.41599005
3,1,1,0.5280803
3,1,1,0.5422314
3,0,1,0.54833764
3,0,1,0.5304147
3,1,0,0.23868234
3,0,1,0.5370557
3,1,0,0.4387524
3,0,0,0.46578455
3,0,1,0.50503993
3,1,1,0.6103259
3,0,0,0.14965922
3,0,1,0.55083597
3,0,0,0.46939114
3,1,1,0.77124316
3,0,0,0.37089413
3,1,1,0.61512774
3,1,1,0.79992324
3,0,0,0.4630289
3,1,1,0.6118101
3,1,1,0.81635576
3,0,0,0.2135998
3,1,1,0.6296932
3,1,1,0.5808637
3,1,1,0.8770891
3,0,1,0.5493859
3,1,1,0.7430208
3,0,0,0.18711281
3,1,1,0.7986495
3,0,0,0.3069876
3,0,0,0.43631032
3,1,1,0.5451955
3,1,1,0.8677529
3,1,1,0.8117026
3,1,1,0.6522345
3,0,1,0.5771617
3,0,0,0.4337606
3,1,1,0.8196606
3,0,1,0.7129415
3,1,1,0.6915835
3,1,1,0.8573839
3,0,0,0.3021182
3,0,1,0.87928253
3,0,0,0.20044808
3,0,1,0.652351
3,0,1,0.82204604
3,0,1,0.83997536
3,0,1,0.6299952
3,1,1,0.6086469
3,0,1,0.54358107
3,1,1,0.6504189
3,1,1,0.67883444
3,0,0,0.2136361
3,1,0,0.37625894
3,0,0,0.17328434
3,1,1,0.6962366
3,0,1,0.7259308
3,1,1,0.5712442
3,0,0,0.3462336
3,0,1,0.6104473
3,1,0,0.39785266
3,1,1,0.8171525
3,0,1,0.53964895
3,0,1,0.55786705
3,1,1,0.6722201
3,1,0,0.45941937
3,0,0,0.46994403
3,0,1,0.5403767
3,0,0,0.4351808
3,0,0,0.36658219
3,1,1,0.5401485
3,1,1,0.8608563
3,0,1,0.63720965
3,0,1,0.6511789
3,0,1,0.7340797
3,1,1,0.78816676
3,1,1,0.6453108
3,1,1,0.76211995
3,1,1,0.8841085
3,1,1,0.7046502
3,1,1,0.6950556
3,0,1,0.5944367
3,1,1,0.6144362
3,0,1,0.8384932
3,0,0,0.4655265
3,1,0,0.40089643
3,0,0,0.3524971
3,1,0,0.37560236
3,1,1,0.5476913
3,0,0,0.43140998
3,1,1,0.9080072
3,1,1,0.7597424
3,1,1,0.741358
3,1,1,0.5672893
3,1,1,0.6045921
3,0,1,0.6720553
3,0,1,0.63784194
3,0,1,0.6049549
3,0,1,0.5216275
3,1,1,0.8646759
3,1,1,0.8529972
3,1,1,0.60307693
3,0,0,0.49837035
3,1,1,0.6012409
3,0,0,0.44947487
3,0,0,0.32329464
3,1,1,0.6367263
3,1,1,0.84761745
3,0,1,0.70387334
3,1,1,0.62242484
3,0,0,0.4667946
3,1,1,0.53763586
3,0,0,0.080368534
3,1,1,0.64053905
3,0,0,0.26273218
3,0,1,0.561204
3,1,0,0.3684687
3,0,1,0.5743724
3,0,0,0.113095656
3,1,0,0.093687765
3,0,0,0.29328057
3,0,1,0.6917399
3,1,0,0.32873958
3,0,0,0.40410125
3,1,0,0.2136361
3,0,0,0.36682785
3,1,1,0.6390287
3,0,0,0.15441625
3,1,1,0.656873
3,1,1,0.60616684
3,0,0,0.3462336
3,0,1,0.57495
3,1,1,0.8572868
3,1,1,0.5595526
3,0,0,0.23774806
3,1,1,0.7188996
3,1,1,0.5001986
3,0,1,0.6766972
3,0,0,0.26376995
3,1,1,0.52138627
3,0,1,0.76139504
3,1,0,0.47629756
3,0,1,0.5464678
3,1,1,0.766157
3,1,1,0.6086008
3,0,0,0.33674523
3,0,1,0.54263306
3,0,0,0.4944418
3,0,1,0.77570873
3,1,1,0.6846663
3,1,0,0.49560443
3,1,1,0.83972
3,1,1,0.5013503
3,0,1,0.64534575
3,0,0,0.35118094
3,1,1,0.79741365
3,0,0,0.27532378
3,0,0,0.42169294
3,1,1,0.6418081
3,0,1,0.5022607
3,1,1,0.6940447
3,0,0,0.47501212
3,0,0,0.4864837
3,1,0,0.38256416
3,1,1,0.59806126
3,0,0,0.48824635
3,1,1,0.64214367
3,0,0,0.4671435
3,0,0,0.2907669
3,1,0,0.31304312
3,0,0,0.11573814
3,1,1,0.5357462
3,0,1,0.8392128
3,1,0,0.47218987
3,1,0,0.34801364
3,1,1,0.6237475
3,1,1,0.53458744
3,1,1,0.6515537
3,0,0,0.40128127
3,0,0,0.17559302
3,0,0,0.10068901
3,0,1,0.85929644
3,1,1,0.5594508
3,1,1,0.6680047
3,1,1,0.6579328
3,1,0,0.3951392
3,1,0,0.438863
3,0,0,0.3783302
3,0,0,0.18067758
3,0,1,0.61177534
3,0,0,0.49093357
3,1,1,0.6317697
3,1,1,0.62317747
3,1,1,0.5491237
3,1,1,0.5900238
3,0,0,0.09996829
3,0,0,0.3705532
3,0,1,0.51640874
3,0,0,0.34104455
3,1,1,0.7054128
3,1,1,0.675512
3,0,0,0.3768309
3,0,1,0.5185993
3,0,1,0.5945434
3,0,0,0.4744548
3,1,0,0.23050526
3,0,1,0.5653021
3,0,1,0.53544664
3,1,0,0.3866812
3,1,0,0.41842234
3,0,0,0.37839007
3,1,1,0.7949197
3,1,0,0.39372903
3,0,0,0.29185346
3,0,1,0.60385936
3,0,0,0.3488204
3,0,0,0.41236836
3,1,1,0.5880404
3,1,1,0.613724
3,0,0,0.2236841
3,1,0,0.22003406
3,1,0,0.22342622
3,0,1,0.56999934
3,0,0,0.42167556
3,0,0,0.34154603
3,0,0,0.26721475
3,1,1,0.5827214
3,0,0,0.29948393
3,1,0,0.46606857
3,1,1,0.6537729
3,0,0,0.21632525
3,1,0,0.13980503
3,0,1,0.6900486
3,1,0,0.24213134
3,1,1,0.62000304
3,0,1,0.538797
3,1,0,0.33481875
3,1,1,0.7289534
3,1,1,0.5620213
3,1,0,0.3755844
3,0,0,0.31354612
3,1,1,0.64173794
3,0,1,0.67051953
3,0,0,0.39170936
3,1,1,0.6863633
3,1,1,0.704355
3,1,1,0.6482667
3,0,0,0.32866994
3,1,1,0.6356786
3,0,0,0.20130397
3,0,0,0.4943379
3,1,1,0.58272696
3,0,1,0.7807028
3,1,1,0.70201945
3,1,1,0.7378087
3,1,1,0.5739254
3,1,1,0.6567252
3,0,0,0.37046835
3,0,1,0.6492196
3,0,0,0.4243873
3,1,1,0.8449358
3,1,1,0.50026894
3,1,1,0.8021496
3,0,0,0.11442128
3,0,1,0.6661946
3,0,1,0.64751095
3,0,0,0.119931
3,1,1,0.66789913
3,1,1,0.77354926
3,1,1,0.7158027
3,1,1,0.8084724
3,0,1,0.6560768
3,0,1,0.5931703
3,0,1,0.7393485
3,1,1,0.81544125
3,1,1,0.7187226
3,1,1,0.5759459
3,1,0,0.46233687
3,1,1,0.6933511
3,0,0,0.36010793
3,0,1,0.7680462
3,1,1,0.6814632
3,1,1,0.7471019
3,0,0,0.1709326
3,0,0,0.3319745
3,1,1,0.62950563
3,0,1,0.65799797
3,0,0,0.40063366
3,1,1,0.8915714
3,0,1,0.71549845
3,1,0,0.49264175
3,0,0,0.15723985
3,0,1,0.6900965
3,1,1,0.8408587
3,0,0,0.48615307
3,0,1,0.66004014
3,1,1,0.57712084
3,1,1,0.53626466
3,0,1,0.5641972
3,0,0,0.3818307
3,0,1,0.60724443
3,1,1,0.58929706
3,0,1,0.6586399
3,1,1,0.55651075
3,1,1,0.6054002
3,0,1,0.51600784
3,1,1,0.5500579
3,1,0,0.45591018
3,0,0,0.4982835
3,1,1,0.55756307
3,0,1,0.67720634
3,0,1,0.50881577
3,1,0,0.4703997
3,0,0,0.48070702
3,0,0,0.11110928
3,0,0,0.22065477
3,0,0,0.12365699
3,1,1,0.5045583
3,0,0,0.43306002
3,1,1,0.92781126
3,0,1,0.7447403
3,1,0,0.33556387
3,0,1,0.7508999
3,1,1,0.53598696
3,0,1,0.8191136
3,1,1,0.6224789
3,0,0,0.18913646
3,0,0,0.41298863
3,1,1,0.6225672
3,1,0,0.41022494
3,0,0,0.17862152
3,1,0,0.33604315
3,0,0,0.18255417
3,0,0,0.36110663
3,1,0,0.1703734
3,1,0,0.38826546
3,1,0,0.2886701
3,1,1,0.52009
3,0,1,0.58904356
3,1,1,0.6827757
3,0,0,0.28482762
3,0,0,0.25591862
3,0,0,0.16074622
3,0,0,0.2907372
3,0,0,0.12614334
3,1,1,0.5133668
3,1,0,0.29868776
3,0,0,0.4352746
3,0,0,0.124383494
3,0,0,0.44808373
3,0,0,0.2236036
3,1,0,0.42042738
3,0,0,0.10728375
3,0,1,0.53735435
3,1,0,0.21029224
3,1,1,0.5793214
3,0,0,0.34970534
3,0,0,0.112523034
3,1,1,0.5666721
3,1,0,0.4678184
3,0,0,0.48273978
3,0,1,0.5919862
3,0,1,0.517028
3,0,0,0.38813746
3,1,1,0.51563233
3,0,0,0.25289574
3,1,1,0.6712174
3,1,0,0.38764307
3,1,1,0.7193821
3,0,1,0.57601285
3,1,1,0.72108513
3,0,1,0.5945714
3,0,1,0.6421184
3,1,0,0.14390299
3,1,1,0.532253
3,0,0,0.4156715
3,0,1,0.50288683
3,0,1,0.83269393
3,1,1,0.6172979
3,1,1,0.74855256
3,1,1,0.78062445
3,0,0,0.27220842
3,0,1,0.6761917
3,1,1,0.71366924
3,0,1,0.70674866
3,0,1,0.68900657
3,0,1,0.78671587
3,1,1,0.6017355
3,0,1,0.54917943
3,0,0,0.43522373
3,1,0,0.35815343
3,1,1,0.67376
3,0,1,0.5257986
3,0,0,0.4333884
3,1,0,0.48881036
3,0,1,0.7585792
3,1,1,0.8079229
3,1,1,0.76608616
3,1,0,0.487309
3,0,1,0.74652034
3,1,1,0.58015686
3,0,0,0.47553784
3,0,1,0.7217309
3,0,0,0.45517737
3,1,1,0.67737883
3,0,0,0.25736472
3,1,1,0.9314357
3,0,1,0.5640714
3,1,0,0.48158893
3,0,0,0.479858
3,1,1,0.8338553
3,0,1,0.6995512
3,1,1,0.7270715
3,1,1,0.8635023
3,0,0,0.48306954
3,0,1,0.72703
3,1,0,0.4887209
3,0,1,0.67670524
3,1,1,0.5262701
3,0,0,0.34025428
3,1,1,0.94903946
3,1,1,0.7338623
3,1,1,0.6377564
3,1,1,0.8055553
3,0,1,0.6939684
3,1,1,0.79696107
3,1,0,0.4199348
3,0,1,0.5660184
3,0,0,0.47471774
3,1,1,0.72733223
3,0,0,0.4232005
3,1,1,0.74169505
3,0,1,0.63251
3,0,0,0.4127359
3,0,0,0.41571406
3,0,1,0.62380314
3,1,1,0.62953216
3,1,1,0.70245713
3,0,0,0.48887542
3,1,1,0.63482666
3,0,1,0.67551243
3,1,1,0.80500257
3,1,1,0.69572663
3,0,0,0.40981418
3,0,0,0.44038594
3,0,1,0.62786597
3,1,1,0.73934
3,0,1,0.61011106
3,1,1,0.732523
3,1,1,0.7729954
3,1,1,0.8623417
3,0,1,0.634422
3,0,0,0.23070267
3,1,1,0.72340184
3,0,1,0.62815464
3,0,1,0.51270545
3,1,1,0.8368441
3,1,0,0.2651026
3,0,1,0.5990715
3,0,0,0.13903372
3,1,1,0.78691584
3,1,1,0.66478705
3,1,1,0.67391044
3,0,1,0.548903
3,0,1,0.7048922
3,1,1,0.5995075
3,0,0,0.46060285
3,0,0,0.31115
3,0,0,0.23121727
3,1,1,0.6681923
3,0,0,0.17636925
3,1,1,0.8052241
3,0,1,0.547377
3,1,1,0.60492975
3,1,1,0.8676017
3,1,1,0.57293504
3,0,1,0.5253225
3,1,1,0.8462085
3,1,0,0.3721185
3,0,1,0.5267046
3,0,0,0.10933718
3,0,0,0.1690398
3,0,0,0.14522664
3,1,1,0.72267705
3,1,1,0.79276484
3,0,0,0.45268592
3,0,0,0.10503369
3,1,1,0.54061383
3,0,0,0.32475424
3,1,1,0.7928931
3,0,0,0.38763684
3,0,1,0.6509693
3,1,0,0.42676345
3,1,1,0.8859125
3,1,1,0.7234595
3,0,1,0.7536935
3,1,1,0.74529403
3,1,1,0.88607365
3,0,0,0.38883725
3,1,1,0.7376497
3,0,0,0.4386249
3,0,1,0.70515746
3,0,0,0.370131
3,0,1,0.5889521
3,1,1,0.5205971
3,0,0,0.39861128
3,0,0,0.24432103
3,0,0,0.1826342
3,0,0,0.13296086
3,1,0,0.12455709
3,1,0,0.31538698
3,0,1,0.76096535
3,0,0,0.23733133
3,1,1,0.6556119
3,0,0,0.18187252
3,1,1,0.7055933
3,1,1,0.6596167
3,0,0,0.49281126
3,1,0,0.18632513
3,1,0,0.48322606
3,0,0,0.06883801
3,1,0,0.4866947
3,0,0,0.06830037
3,1,0,0.24898835
3,0,1,0.6240573
3,0,0,0.07236914
3,0,1,0.6162559
3,0,1,0.51532006
3,0,0,0.3418443
3,0,1,0.5055561
3,0,0,0.20907073
3,0,0,0.061255984
3,0,0,0.16478027
3,0,0,0.41955438
3,1,0,0.48114622
3,1,1,0.6374718
3,0,0,0.2208242
3,1,1,0.554046
3,0,0,0.28670686
3,1,0,0.42416152
3,1,0,0.19433522
3,0,1,0.53418183
3,0,0,0.32092777
3,1,0,0.43049565
3,1,0,0.12609977
3,1,1,0.60123575
3,1,0,0.39591098
3,0,0,0.47524992
3,0,0,0.25198227
3,1,1,0.6234548
3,0,1,0.5465889
3,1,1,0.59348536
3,0,1,0.52015483
3,0,0,0.4256507
3,0,0,0.4514937
3,1,1,0.5949233
3,0,0,0.31080782
3,0,1,0.5184297
3,0,1,0.58363324
3,0,0,0.31853816
3,0,0,0.44726074
3,1,1,0.5561254
3,1,1,0.6727602
3,0,1,0.6465086
3,1,1,0.7430555
3,0,0,0.42083034
3,1,1,0.57297856
3,1,1,0.8399398
3,0,0,0.25724828
3,1,1,0.64751977
3,0,0,0.48974034
3,1,1,0.659123
3,0,0,0.3851797
3,1,0,0.3952024
3,0,1,0.7677692
3,1,1,0.6714752
3,1,1,0.6134959
3,0,0,0.34962326
3,0,0,0.31323618
3,0,0,0.18009785
3,0,0,0.19154027
3,1,1,0.71364516
3,1,1,0.5286119
3,1,1,0.54715043
3,0,0,0.43043402
3,1,1,0.6742154
3,1,1,0.61232287
3,1,1,0.60213304
3,0,0,0.48590845
3,0,0,0.20581381
3,0,0,0.37918583
3,1,1,0.52864695
3,1,1,0.87636894
3,0,1,0.63079077
3,1,1,0.6712381
3,1,0,0.42225608
3,0,1,0.5173845
3,1,1,0.66150314
3,0,1,0.5064141
3,1,1,0.7091373
3,0,0,0.45046955
3,0,0,0.23702545
3,0,0,0.36657742
3,0,0,0.47171465
3,1,1,0.6043217
3,1,1,0.8199967
3,1,1,0.720509
3,0,0,0.40540537
3,1,1,0.5134674
3,1,0,0.3425118
3,1,1,0.599906
3,0,0,0.3119436
3,0,1,0.5191257
3,0,1,0.6216603
3,0,1,0.69980985
3,0,0,0.19048585
3,1,1,0.6514264
3,0,0,0.36892685
3,1,0,0.35956508
3,1,1,0.55673516
3,0,0,0.45784006
3,0,0,0.39331326
3,0,0,0.4640501
3,1,0,0.43786585
3,0,0,0.33103314
3,1,1,0.8195919
3,0,1,0.6489194
3,1,1,0.8143146
3,0,0,0.24506466
3,0,0,0.18365552
3,1,1,0.735607
3,0,1,0.54695606
3,0,1,0.6086288
3,0,1,0.51134294
3,1,1,0.565144
3,1,0,0.4941811
3,1,1,0.5904598
3,0,0,0.48589474
3,1,1,0.5519277
3,0,0,0.40410477
3,0,0,0.33558467
3,0,0,0.4303999
3,1,1,0.9292997
3,1,1,0.8160196
3,1,0,0.26503035
3,0,1,0.5392744
3,1,0,0.30421793
3,1,1,0.54173803
3,1,1,0.882199
3,0,1,0.72778636
3,1,1,0.8639847
3,0,1,0.50408196
3,0,0,0.19401753
3,1,1,0.55720156
3,0,0,0.25152153
3,0,0,0.49229798
3,0,1,0.60588276
3,1,0,0.35989386
3,0,0,0.33734074
3,1,1,0.5605374
3,0,0,0.44839138
3,1,1,0.6860385
3,0,0,0.40815938
3,0,0,0.20507726
3,0,0,0.13485035
3,1,0,0.47209948
3,0,0,0.41724297
3,0,0,0.47473037
3,1,0,0.49352044
3,1,1,0.6090874
3,0,0,0.40963373
3,0,0,0.20032315
3,0,1,0.5247689
3,0,1,0.6932679
3,0,0,0.32669193
3,0,0,0.20012496
3,1,1,0.7125165
3,1,0,0.49464262
3,0,0,0.40006742
3,1,1,0.64206356
3,0,1,0.64501446
3,1,1,0.60373497
3,0,0,0.33965734
3,0,0,0.36288393
3,1,1,0.5139886
3,0,1,0.61721224
3,1,0,0.3125377
3,0,0,0.12841888
3,1,1,0.9186874
3,1,1,0.5748395
3,0,1,0.6600418
3,1,0,0.4940841
3,1,1,0.6320252
3,1,1,0.82034653
3,1,1,0.7949179
3,1,1,0.59669703
3,0,1,0.6918577
3,0,0,0.3492609
3,0,0,0.39721945
3,1,1,0.757181
3,1,0,0.402374
3,1,1,0.60139656
3,0,1,0.54076314
3,1,1,0.6191803
3,0,1,0.532836
3,0,1,0.6531865
3,1,1,0.6485549
3,0,1,0.6386835
3,0,1,0.55644405
3,0,1,0.66549253
3,0,1,0.6697256
3,0,0,0.4103137
3,0,1,0.6997407
3,1,1,0.70611674
3,1,1,0.6910466
3,0,0,0.47768843
3,1,1,0.54442817
3,1,1,0.5078825
3,0,0,0.33784395
3,0,0,0.44916862
3,0,0,0.122528866
3,0,0,0.47575748
3,1,0,0.42499807
3,1,1,0.5808533
3,0,1,0.5021723
3,1,0,0.23956712
3,0,0,0.4804299
3,1,1,0.5230347
3,1,1,0.5618419
3,0,0,0.42531762
3,1,1,0.71405154
3,0,1,0.5032124
3,1,1,0.85643774
3,1,1,0.58009523
3,1,1,0.6773638
3,0,0,0.44598716
3,0,0,0.31131595
3,1,1,0.7177402
3,0,0,0.3773023
3,0,0,0.28764358
3,0,0,0.33245417
3,0,0,0.37963495
3,1,1,0.52330226
3,0,0,0.49841985
3,1,1,0.5640944
3,1,1,0.83236897
3,0,1,0.6184309
3,0,1,0.648461
3,0,1,0.72060406
3,1,1,0.61073726
3,0,1,0.63956195
3,0,0,0.44913453
3,1,1,0.7391877
3,1,1,0.6752266
3,1,1,0.88505876
3,1,1,0.799227
3,0,1,0.7044927
3,1,1,0.7674724
3,1,1,0.79128325
3,1,1,0.73254836
3,0,1,0.51877993
3,1,1,0.6778382
3,0,0,0.41294426
3,0,1,0.51103634
3,0,1,0.6597836
3,1,1,0.90666485
3,1,1,0.79086107
3,1,1,0.6106589
3,0,0,0.48436144
3,0,0,0.38592094
3,1,1,0.73034513
3,1,1,0.7747014
3,0,1,0.5120159
3,0,1,0.6464515
3,0,1,0.6074566
3,0,1,0.6431726
3,1,1,0.65746313
3,1,0,0.40602237
3,0,0,0.27897492
3,1,0,0.49704272
3,0,0,0.37184617
3,0,1,0.6011201
3,0,0,0.42476004
3,0,0,0.23413064
3,0,1,0.5583835
3,0,0,0.47401598
3,1,0,0.13215205
3,0,1,0.51445836
3,0,1,0.5051849
3,0,0,0.3362222
3,1,1,0.68069935
3,0,0,0.46451285
3,1,1,0.53092414
3,1,1,0.6260525
3,0,0,0.21601531
3,1,1,0.601051
3,1,0,0.39775315
3,0,0,0.44148773
3,1,0,0.305307
3,0,0,0.17867263
3,0,0,0.29945523
3,1,0,0.31369516
3,1,1,0.6630867
3,0,1,0.5785369
3,1,1,0.66288453
3,0,0,0.24974762
3,1,0,0.21125337
3,1,1,0.51748025
3,0,0,0.16009201
3,1,0,0.33492434
3,0,0,0.1142479
3,0,0,0.093192086
3,1,1,0.6191145
3,1,0,0.32959145
3,0,0,0.17330983
3,0,0,0.34783244
3,0,0,0.20161457
3,0,0,0.2366335
3,0,0,0.333625
3,1,1,0.58613485
3,0,0,0.2997273
3,0,0,0.26265678
3,1,0,0.4308938
3,1,1,0.8127875
3,1,1,0.62032866
3,0,0,0.19356053
3,0,0,0.3782547
3,0,0,0.19242047
3,0,0,0.36166552
3,0,0,0.28494415
3,0,0,0.153644
3,1,1,0.5769787
3,0,0,0.43680942
3,0,0,0.34887543
3,1,0,0.2639004
3,1,1,0.54091185
3,0,0,0.24891266
3,1,0,0.24987637
3,1,1,0.688784
3,0,0,0.22475187
3,1,1,0.5242176
3,0,0,0.17246932
3,1,1,0.65867686
3,1,0,0.4921807
3,1,0,0.22536795
3,0,0,0.28764507
3,0,0,0.24384075
3,0,0,0.25948858
3,0,0,0.26440322
3,0,0,0.2675524
3,1,0,0.25628868
3,0,0,0.3631087
3,0,0,0.42956883
3,1,1,0.6094273
3,0,0,0.27394167
3,1,0,0.4737419
3,0,0,0.18802187
3,1,0,0.4259384
3,0,0,0.3240311
3,1,0,0.35425386
3,1,0,0.2925995
3,0,0,0.36226737
3,1,0,0.14494126
3,0,0,0.15582722
3,1,1,0.5142311
3,1,0,0.4171
3,0,1,0.5419974
3,1,0,0.4562631
3,0,0,0.47742286
3,0,1,0.5205552
3,0,0,0.46734998
3,0,1,0.69026375
3,0,0,0.27527264
3,0,0,0.3892735
3,0,0,0.28846067
3,0,1,0.64460874
3,1,0,0.16698296
3,0,0,0.20191354
3,0,0,0.42129007
3,1,1,0.50110734
3,1,1,0.6425384
3,1,1,0.77153075
3,0,1,0.76739514
3,0,0,0.37240565
3,1,0,0.3171346
3,0,0,0.27691
3,0,0,0.3041125
3,0,0,0.4810318
3,0,1,0.612663
3,1,1,0.76235974
3,1,1,0.63002455
3,1,0,0.43786624
3,1,0,0.32227907
3,0,1,0.6363108
3,0,0,0.32481056
3,1,0,0.4001474
3,1,0,0.2951497
3,1,1,0.5825791
3,0,0,0.45429167
3,0,0,0.49114776
3,0,0,0.33061102
3,1,1,0.5659691
3,1,0,0.34567901
3,0,0,0.4399327
3,0,0,0.37983453
3,0,0,0.33488837
3,0,0,0.41016018
3,1,0,0.48087227
3,0,1,0.6000755
3,0,0,0.38765436
3,1,1,0.61409026
3,0,1,0.5853243
3,0,0,0.44007385
3,1,1,0.84779906
3,0,0,0.48967543
3,0,0,0.47948846
3,0,1,0.57963055
3,0,1,0.66391885
3,1,0,0.31620845
3,1,1,0.5854092
3,1,0,0.3817552
3,1,1,0.7495638
3,1,1,0.5762952
3,1,1,0.6845496
3,1,1,0.6457623
3,1,1,0.6869894
3,0,1,0.5772501
3,1,1,0.50453883
3,1,1,0.58557534
3,1,1,0.7467906
3,0,1,0.6948907
3,1,1,0.6166282
3,0,1,0.5609896
3,0,1,0.5649471
3,0,0,0.39900613
3,0,0,0.28213632
3,0,1,0.5894706
3,0,0,0.23580498
3,0,0,0.3536027
3,0,1,0.8028516
3,1,1,0.6215152
3,0,1,0.5358054
3,1,1,0.5092491
3,0,0,0.38199598
3,0,0,0.36060095
3,0,1,0.5586513
3,0,1,0.67612714
3,1,1,0.6368822
3,0,0,0.094661474
3,1,1,0.64545923
3,1,1,0.5806598
3,1,1,0.50456226
3,0,0,0.25448534
3,0,1,0.87427855
3,1,1,0.6711281
3,1,1,0.7364048
3,0,1,0.62961507
3,1,1,0.7120976
3,0,1,0.6471421
3,1,1,0.7573454
3,1,1,0.57726616
3,0,0,0.4249417
3,0,0,0.1468152
3,0,1,0.6944645
3,1,1,0.7226676
3,0,0,0.15837502
3,0,0,0.27684253
3,1,1,0.6849908
3,0,0,0.170001
3,1,1,0.6100058
3,1,1,0.76136416
3,1,1,0.6513646
3,0,1,0.6929291
3,1,1,0.57373047
3,0,1,0.6245064
3,0,0,0.4437072
3,1,1,0.7248128
3,0,1,0.54706806
3,0,0,0.4577953
3,1,1,0.76709914
3,1,1,0.545539
3,0,0,0.3683326
3,0,0,0.41644353
3,0,0,0.3819113
3,0,1,0.5621552
3,1,1,0.66836673
3,1,1,0.5718234
3,0,1,0.5438089
3,1,1,0.73706496
3,0,1,0.5077989
3,1,0,0.3302166
3,1,0,0.49733344
3,0,1,0.61904675
3,0,1,0.65413934
3,0,1,0.55897135
3,1,1,0.7858454
3,1,0,0.34026447
3,0,1,0.614124
3,1,1,0.58941305
3,1,1,0.85791826
3,0,1,0.55901766
3,0,1,0.5012071
3,0,1,0.5788569
3,0,0,0.3831574
3,1,1,0.7936696
3,0,1,0.5841706
3,1,0,0.3724118
3,0,0,0.32300916
3,1,1,0.52388513
3,1,1,0.65843874
3,0,1,0.5116351
3,1,1,0.6202282
3,1,1,0.81150156
3,1,0,0.4192031
3,1,0,0.38712755
3,0,0,0.046587445
3,1,1,0.5955738
3,0,0,0.4615279
3,1,0,0.4677339
3,0,0,0.1806116
3,0,0,0.3323063
3,1,1,0.51084185
3,0,0,0.28166622
3,0,0,0.20358565
3,0,0,0.21443428
3,0,1,0.5530536
3,0,0,0.43588462
3,1,0,0.44436607
3,0,0,0.13290833
3,1,1,0.7770189
3,1,1,0.61400586
3,1,1,0.7315577
3,0,0,0.44817042
3,0,1,0.5285967
3,1,1,0.67032886
3,0,0,0.31403604
3,1,1,0.6267912
3,0,0,0.39999828
3,1,0,0.49556977
3,0,1,0.6930334
3,0,1,0.5827624
3,1,1,0.6230427
3,1,0,0.48026267
3,0,0,0.23070322
3,1,1,0.64869136
3,0,1,0.51325995
3,0,0,0.39149234
3,0,1,0.6467431
3,1,1,0.6021578
3,1,1,0.6088846
3,0,0,0.09053894
3,0,0,0.08101562
3,0,0,0.15694687
3,1,0,0.3034049
3,0,0,0.32464528
3,0,0,0.0992444
3,0,1,0.5493127
3,1,1,0.5901617
3,1,1,0.72444624
3,1,1,0.7391633
3,0,1,0.6616758
3,1,1,0.6871786
3,0,0,0.36482474
3,1,1,0.74766827
3,0,0,0.3353315
3,0,0,0.44927618
3,1,1,0.6487555
3,1,1,0.671561
3,1,0,0.1294089
3,0,1,0.5447141
3,0,0,0.21212353
3,0,1,0.50109977
3,1,1,0.7534389
3,0,0,0.42025495
3,0,0,0.43822372
3,0,1,0.5264487
3,0,1,0.5848882
3,1,1,0.736206
3,0,0,0.33165303
3,1,1,0.538094
3,1,1,0.73104304
3,0,0,0.30797708
3,1,1,0.7792246
3,0,1,0.54837316
3,1,1,0.6139463
3,0,0,0.28028336
3,1,0,0.47368887
3,1,0,0.38551247
3,0,1,0.783514
3,0,0,0.45164186
3,1,1,0.5803278
3,0,0,0.23716477
3,1,1,0.7559451
3,0,0,0.47020447
3,0,0,0.38866934
3,1,1,0.77320945
3,0,1,0.60835886
3,1,1,0.62920135
3,1,0,0.49012303
3,0,1,0.71248156
3,1,1,0.6531273
3,0,1,0.6086938
3,1,1,0.66699785
3,1,1,0.8183357
3,0,1,0.7461738
3,0,0,0.3689572
3,1,1,0.7045262
3,1,1,0.8107876
3,0,1,0.8877783
3,1,1,0.61219007
3,1,1,0.7192353
3,0,0,0.46170914
3,0,0,0.1568643
3,0,0,0.38499856
3,1,1,0.9195494
3,0,0,0.4091296
3,1,1,0.88261807
3,1,1,0.6991594
3,1,1,0.6730421
3,0,1,0.6248208
3,0,1,0.6082244
3,0,1,0.5072891
3,1,1,0.71893275
3,1,1,0.9261271
3,1,1,0.6214242
3,0,0,0.32839313
3,1,0,0.48257354
3,0,0,0.12524077
3,1,0,0.40589648
3,0,0,0.2551797
3,0,0,0.36474574
3,1,1,0.63664746
3,0,0,0.09944848
3,1,0,0.44712996
3,0,0,0.13829191
3,1,0,0.3760554
3,0,0,0.3329256
3,0,0,0.44035736
3,1,1,0.513765
3,0,0,0.41651782
3,0,1,0.643402
3,0,1,0.80913544
3,1,1,0.50883734
3,1,1,0.5964099
3,0,1,0.6301995
3,0,1,0.6912185
3,1,1,0.5509641
3,0,0,0.3319211
3,1,1,0.8246751
3,1,1,0.8339686
3,0,1,0.848403
3,0,0,0.23139371
3,1,1,0.7346012
3,1,1,0.66760457
3,1,0,0.47713578
3,0,0,0.3471101
3,0,1,0.6023123
3,1,0,0.41421685
3,0,1,0.54630077
3,0,0,0.44252667
3,1,1,0.51632285
3,1,1,0.5305189
3,0,1,0.6504785
3,0,0,0.16436872
3,1,1,0.5386844
3,0,0,0.34745428
3,1,1,0.67292553
3,0,1,0.500607
3,1,1,0.62514555
3,0,1,0.5931823
3,0,1,0.62721413
3,1,0,0.4156395
3,0,1,0.81684035
3,1,0,0.3305088
3,0,0,0.16081512
3,1,1,0.51452315
3,1,1,0.78492403
3,0,1,0.77929777
3,0,1,0.61115944
3,0,1,0.6327033
3,1,1,0.6805153
3,1,1,0.7291976
3,0,1,0.6525404
3,1,1,0.52684456
3,1,1,0.7490396
3,0,0,0.42786956
3,0,0,0.23614483
3,0,0,0.401787
3,1,1,0.70522124
3,0,1,0.58188677
3,0,0,0.29153764
3,0,0,0.19347866
3,0,1,0.6291255
3,1,1,0.65648144
3,0,0,0.35302538
3,0,0,0.44118336
3,0,1,0.5890148
3,1,1,0.7073705
3,1,1,0.54260784
3,0,0,0.35837543
3,1,1,0.63126737
3,0,0,0.4291998
3,0,1,0.5220109
3,1,1,0.74686694
3,1,1,0.7294693
3,0,0,0.24275415
3,1,1,0.80317175
3,1,1,0.6416106
3,0,0,0.29269326
3,1,1,0.81924266
3,1,1,0.74413025
3,1,0,0.49934113
3,0,0,0.23232855
3,0,1,0.75231415
3,1,1,0.66949886
3,1,1,0.69878036
3,0,0,0.4897632
3,1,1,0.7966949
3,1,1,0.6398688
3,0,0,0.33247286
3,1,1,0.6199048
3,1,1,0.5887633
3,0,0,0.19807199
3,0,0,0.25219914
3,0,0,0.14625797
3,1,1,0.7226879
3,0,0,0.23195942
3,0,0,0.2153287
3,1,1,0.65772474
3,0,1,0.6719695
3,0,0,0.37882414
3,0,0,0.3165079
3,0,0,0.4637393
3,1,1,0.7534912
3,0,0,0.48993805
3,0,1,0.606857
3,0,0,0.48891518
3,1,1,0.6468501
3,0,0,0.3777868
3,1,0,0.4239144
3,0,0,0.124624304
3,0,0,0.14881556
3,0,0,0.29907352
3,1,1,0.6328656
3,0,1,0.7375255
3,1,1,0.7794355
3,1,1,0.83042485
3,0,1,0.7708428
3,0,0,0.35842597
3,0,1,0.82273364
3,0,1,0.6849173
3,1,1,0.62098736
3,1,0,0.47960272
3,0,0,0.4540382
3,1,0,0.3793141
3,0,0,0.34675193
3,0,0,0.23161018
3,1,0,0.2101629
3,0,0,0.17825682
3,1,1,0.692596
3,0,0,0.13954468
3,1,0,0.36771634
3,0,1,0.6149464
3,0,1,0.5386231
3,0,0,0.3834375
3,1,0,0.46560812
3,1,0,0.48042867
3,0,0,0.29464516
3,1,1,0.65884465
3,1,1,0.5881403
3,1,1,0.51984185
3,0,0,0.104659446
3,1,0,0.21482788
3,0,0,0.20301752
3,0,0,0.09899934
3,1,1,0.5779735
3,1,1,0.60439914
3,0,0,0.4297854
3,1,1,0.51565576
3,0,0,0.3466922
3,0,0,0.33913562
3,1,1,0.8785554
3,0,1,0.5612529
3,0,0,0.47128496
3,1,1,0.82362515
3,0,0,0.43216425
3,1,1,0.70752716
3,1,1,0.70058775
3,0,1,0.5488832
3,0,1,0.57503855
3,0,1,0.63052756
3,1,0,0.29765964
3,0,0,0.104328446
3,1,1,0.71198666
3,1,1,0.5197755
3,1,1,0.6515074
3,0,1,0.63952816
3,0,0,0.43382654
3,0,0,0.42487243
3,1,1,0.589148
3,0,1,0.56272095
3,0,0,0.115754195
3,0,1,0.5890321
3,1,1,0.8814614
3,1,1,0.66665137
3,0,1,0.61960495
3,0,1,0.5442684
3,1,1,0.8274762
3,0,1,0.5311713
3,0,1,0.5867947
3,0,0,0.39827037
3,1,1,0.79397756
3,0,1,0.52133256
3,1,1,0.7572678
3,1,1,0.8943386
3,0,1,0.62458813
3,0,1,0.68627447
3,0,0,0.30076525
3,0,1,0.6421663
3,0,0,0.33946997
3,1,1,0.83650553
3,1,0,0.34144914
3,1,1,0.6231535
3,1,1,0.6640661
3,1,0,0.22977196
3,0,0,0.32114577
3,1,1,0.5086559
3,0,0,0.098303996
3,1,0,0.46209055
3,0,0,0.06645183
3,1,0,0.33487275
3,0,0,0.22930697
3,0,0,0.30243015
3,1,0,0.2678202
3,1,0,0.22981517
3,0,1,0.501047
3,0,0,0.37079632
3,0,1,0.7013199
3,0,1,0.58135515
3,0,0,0.29443243
3,1,1,0.81344324
3,1,1,0.68129313
3,0,1,0.62285614
3,0,0,0.17692605
3,0,0,0.4326594
3,1,1,0.61936504
3,1,0,0.48086464
3,1,0,0.37290397
3,0,1,0.77391446
3,1,0,0.45373195
3,0,0,0.32312325
3,0,0,0.07186683
3,0,1,0.5856268
3,0,0,0.16410665
3,1,1,0.6331904
3,1,1,0.85257965
3,1,0,0.48018798
3,1,1,0.7774225
3,1,1,0.76571816
3,1,1,0.8227509
3,1,1,0.7810139
3,1,1,0.8512027
3,1,1,0.731257
3,0,1,0.68536997
3,1,1,0.8478898
3,0,0,0.08987858
3,0,0,0.08687556
3,1,1,0.7428575
3,0,1,0.50883085
3,0,1,0.6164287
3,0,0,0.42494324
3,0,1,0.7202103
3,0,1,0.6172391
3,1,1,0.723049
3,1,0,0.4806901
3,1,1,0.6806387
3,1,1,0.5027588
3,1,0,0.4623493
3,1,1,0.7831307
3,0,0,0.21682093
3,0,0,0.3296385
3,0,0,0.13603598
3,0,0,0.40873408
3,1,1,0.7297253
3,1,0,0.2475719
3,1,0,0.41904205
3,1,1,0.7160487
3,0,0,0.20202471
3,1,0,0.38594386
3,1,1,0.6423144
3,1,1,0.5601227
3,0,0,0.42534116
3,0,0,0.1955778
3,0,1,0.66434526
3,0,1,0.6741559
3,0,1,0.796248
3,1,1,0.8660845
3,1,1,0.8384912
3,1,1,0.86073667
3,0,1,0.51554203
3,0,1,0.5337908
3,1,1,0.876276
3,0,0,0.24769503
3,1,1,0.91995996
3,1,0,0.48795193
3,0,1,0.8048721
3,0,1,0.50504595
3,1,0,0.3553442
3,0,1,0.7188541
3,1,1,0.82740915
3,0,0,0.36596185
3,1,0,0.4702984
3,0,0,0.31642228
3,1,1,0.8592011
3,1,1,0.6897703
3,1,1,0.8923158
3,1,1,0.73662716
3,1,1,0.5900331
3,1,1,0.8370363
3,1,1,0.7200041
3,0,0,0.18817632
3,0,1,0.53697443
3,0,0,0.32076612
3,0,1,0.798439
3,1,0,0.4598893
3,1,0,0.49069968
3,0,0,0.12234534
3,1,1,0.8939964
3,0,1,0.60246897
3,0,0,0.45371062
3,1,1,0.64384705
3,0,1,0.8120756
3,0,0,0.1392124
3,1,1,0.6477155
3,0,0,0.35150903
3,1,1,0.5803948
3,1,0,0.36463386
3,0,0,0.25204316
3,1,1,0.8000891
3,0,0,0.43757066
3,1,0,0.19955005
3,1,1,0.78290915
3,0,0,0.40112293
3,0,0,0.48976725
3,0,0,0.21309581
3,1,0,0.18626522
3,0,0,0.2884425
3,1,1,0.7312929
3,0,0,0.21574695
3,0,1,0.555397
3,1,0,0.40220067
3,0,0,0.18633735
3,1,0,0.38912275
3,0,0,0.46699485
3,0,1,0.57199574
3,1,1,0.7310735
3,1,1,0.57717323
3,1,1,0.8959655
3,1,1,0.8066869
3,1,1,0.61133754
3,1,1,0.57131296
3,1,1,0.6346386
3,0,1,0.7522422
3,0,1,0.50031626
3,0,1,0.7559085
3,0,0,0.32773748
3,0,1,0.5486969
3,0,1,0.56709915
3,1,1,0.68511325
3,0,1,0.75634587
3,1,1,0.7974949
3,0,1,0.6674716
3,1,1,0.5113503
3,1,1,0.6838839
3,0,0,0.49606377
3,0,1,0.6738484
3,1,1,0.781633
3,1,0,0.2647816
3,0,1,0.6788132
3,1,1,0.8595342
3,1,1,0.7529427
3,1,0,0.4976481
3,0,1,0.61342525
3,0,1,0.72131747
3,1,1,0.5568673
3,1,1,0.6577038
3,1,0,0.35124955
3,0,0,0.24262048
3,0,1,0.5574869
3,1,0,0.44778684
3,0,1,0.7526235
3,0,0,0.3686389
3,0,1,0.55878544
3,1,0,0.3693941
3,1,1,0.57621616
3,0,0,0.15851837
3,0,0,0.10447098
3,0,0,0.32627892
3,0,0,0.31399062
3,1,1,0.7957824
3,1,1,0.74123037
3,1,0,0.37755504
3,1,1,0.71137005
3,0,1,0.5714417
3,0,1,0.7897787
3,1,1,0.788322
3,1,1,0.5030696
3,0,1,0.52144426
3,1,1,0.7534703
3,1,1,0.69028574
3,0,1,0.65705246
3,0,1,0.78591543
3,0,0,0.3713227
3,1,1,0.544699
3,1,1,0.5449479
3,0,0,0.4313904
3,0,0,0.39030355
3,1,1,0.83221316
3,1,1,0.7325432
3,0,1,0.72534204
3,1,0,0.3584379
3,0,1,0.7518412
3,1,1,0.7541583
3,0,0,0.42171833
3,1,1,0.7037192
3,0,0,0.3272927
3,1,1,0.7542296
3,0,0,0.48778072
3,1,1,0.7198534
3,0,1,0.6628329
3,1,1,0.78762746
3,0,0,0.46140742
3,0,0,0.44103804
3,0,0,0.4992221
3,1,1,0.550646
3,1,1,0.8095465
3,0,0,0.2798196
3,1,1,0.7623547
3,0,0,0.4203592
3,0,0,0.35719842
3,1,1,0.7133026
3,0,0,0.19030802
3,1,1,0.75330096
3,0,0,0.36110535
3,1,1,0.8224313
3,0,0,0.30338612
3,0,0,0.30949202
3,0,0,0.091635786
3,0,0,0.42306504
3,1,1,0.59083235
3,1,1,0.589747
3,1,1,0.70951855
3,1,0,0.37231055
3,1,1,0.5396778
3,0,1,0.54521304
3,0,0,0.2158965
3,0,0,0.29300487
3,1,1,0.7181896
3,0,0,0.17655852
3,1,0,0.39216927
3,0,0,0.31717128
3,1,1,0.58070886
3,0,1,0.65871006
3,0,0,0.4189406
3,0,0,0.33574978
3,1,0,0.47571647
3,1,1,0.83187497
3,0,1,0.6827927
3,0,0,0.38802058
3,0,0,0.13241139
3,0,0,0.13540603
3,1,1,0.91409314
3,1,1,0.7019013
3,0,1,0.8816698
3,1,1,0.74371344
3,1,1,0.74424434
3,1,1,0.5462334
3,0,1,0.73782223
3,0,1,0.6390583
3,1,0,0.44396973
3,1,1,0.56680256
3,0,0,0.41738498
3,0,0,0.38607943
3,0,1,0.51405257
3,0,1,0.55607396
3,0,0,0.416948
3,1,0,0.46316403
3,0,1,0.9135509
3,0,1,0.5249873
3,1,1,0.8389567
3,1,0,0.39295697
3,0,1,0.8952049
3,0,1,0.6952697
3,0,1,0.6120494
3,1,1,0.7819104
3,1,1,0.7461201
3,1,1,0.78337675
3,1,1,0.73478144
3,1,1,0.741051
3,0,0,0.1989126
3,0,0,0.11142349
3,1,1,0.8452247
3,1,1,0.8913412
3,1,1,0.7305993
3,0,0,0.32597023
3,0,1,0.5125432
3,1,0,0.4821612
3,0,0,0.47808313
3,1,1,0.6385435
3,0,1,0.6759382
3,0,1,0.50441194
3,0,1,0.57601655
3,0,0,0.43786338
3,0,1,0.51312053
3,1,1,0.6185195
3,0,0,0.35896918
3,1,1,0.53655595
3,1,1,0.6511845
3,0,0,0.20287532
3,1,0,0.34444258
3,0,1,0.87529004
3,0,0,0.43073118
3,1,1,0.78942585
3,1,1,0.6093563
3,1,1,0.8605457
3,1,1,0.59524965
3,1,1,0.679711
3,1,1,0.8342694
3,1,1,0.5137507
3,0,1,0.6104905
3,0,0,0.40117487
3,0,0,0.23970976
3,0,0,0.22299325
3,1,1,0.7315818
3,0,0,0.4920099
3,0,1,0.81467515
3,1,1,0.96134293
3,0,1,0.80772287
3,0,1,0.78255767
3,0,0,0.21316205
3,1,1,0.58257854
3,1,1,0.5032734
3,0,1,0.5692635
3,0,0,0.1479582
3,1,1,0.63477457
3,0,1,0.6114962
3,0,1,0.83653104
3,1,1,0.865502
3,0,1,0.64680135
3,0,1,0.83476746
3,1,1,0.7508357
3,0,1,0.50136006
3,1,1,0.7723765
3,0,0,0.36782184
3,1,0,0.30800575
3,1,0,0.18562797
3,1,1,0.9002397
3,0,1,0.63719445
3,0,0,0.19699515
3,0,1,0.6504475
3,1,1,0.7229357
3,0,1,0.5276653
3,1,0,0.39497435
3,0,0,0.36987627
3,0,0,0.39274815
3,1,1,0.54696304
3,0,0,0.3243629
3,1,0,0.45722637
3,1,0,0.35487312
3,1,0,0.28316417
3,1,0,0.3309678
3,1,1,0.57170844
3,0,1,0.74420786
3,1,0,0.27964818
3,0,0,0.36916322
3,0,0,0.286826
3,0,1,0.7448723
3,0,1,0.7147081
3,0,0,0.42818636
3,1,1,0.6521754
3,1,0,0.46964404
3,0,0,0.48238757
3,0,1,0.5097061
3,0,1,0.5986464
3,1,0,0.23126711
3,1,0,0.3535282
3,1,1,0.81647503
3,0,0,0.19935483
3,1,1,0.8657808
3,0,0,0.37979344
3,1,1,0.55700856
3,0,1,0.57124573
3,0,1,0.55990607
3,0,0,0.43326768
3,0,0,0.08193792
3,0,1,0.66372585
3,1,1,0.6423689
3,0,0,0.22159722
3,0,1,0.8605347
3,1,1,0.73468405
3,1,0,0.38604575
3,0,1,0.7100668
3,0,1,0.5391438
3,0,1,0.5033503
3,1,1,0.6672747
3,0,1,0.64494365
3,1,1,0.8175065
3,0,1,0.70242476
3,0,0,0.43121514
3,1,1,0.80215263
3,1,1,0.56695217
3,1,0,0.103380665
3,1,1,0.7322357
3,0,0,0.20437616
3,1,1,0.7982102
3,1,1,0.7412738
3,0,0,0.41272873
3,0,1,0.6843066
3,0,1,0.58760244
3,0,0,0.11176619
3,1,1,0.64584917
3,0,0,0.21406293
3,1,1,0.5616673
3,1,1,0.63702667
3,1,0,0.49125406
3,0,1,0.6016193
3,1,0,0.49827293
3,1,0,0.493658
3,0,0,0.20797962
3,0,1,0.68394923
3,0,0,0.46999565
3,0,1,0.57927895
3,1,1,0.5887573
3,1,1,0.5866828
3,1,1,0.80567634
3,0,0,0.15278348
3,1,1,0.74012035
3,1,0,0.42071545
3,0,0,0.27007493
3,1,1,0.9214209
3,0,0,0.41961417
3,1,1,0.72541064
3,0,0,0.414327
3,0,1,0.6017987
3,1,0,0.49891707
3,1,1,0.7427403
3,1,1,0.77425766
3,0,1,0.5906089
3,0,0,0.47926068
3,0,1,0.6525188
3,1,1,0.71519935
3,0,0,0.39311168
3,0,0,0.48698685
3,1,1,0.8928598
3,0,0,0.4154538
3,1,0,0.49275562
3,0,1,0.5460119
3,0,1,0.87036306
3,0,1,0.59537923
3,1,1,0.600074
3,1,1,0.86362314
3,1,1,0.91375965
3,1,1,0.704395
3,1,1,0.7141221
3,0,1,0.756993
3,0,1,0.8303104
3,0,0,0.32832077
3,1,1,0.67655677
3,0,0,0.07713135
3,0,0,0.19300725
3,1,1,0.8126366
3,1,1,0.7257332
3,0,0,0.39592752
3,0,0,0.21339712
3,1,1,0.78844327
3,0,0,0.43515778
3,1,1,0.7512481
3,1,1,0.522443
3,0,1,0.80294615
3,1,0,0.48999608
3,0,1,0.75778085
3,1,0,0.3837546
3,1,0,0.29701442
3,1,0,0.08941561
3,0,1,0.5908211
3,0,0,0.49671265
3,0,1,0.7810129
3,0,0,0.43948206
3,0,0,0.32808
3,1,1,0.90666366
3,1,1,0.8337345
3,0,1,0.56736445
3,0,0,0.39822397
3,0,1,0.82259125
3,0,1,0.7289135
3,1,1,0.80501986
3,1,0,0.39534882
3,0,1,0.5045507
3,1,1,0.7885827
3,0,1,0.68766505
3,1,1,0.5001402
3,0,0,0.43752894
3,0,1,0.6831717
3,1,1,0.80626065
3,1,1,0.5375588
3,1,1,0.5887264
3,1,1,0.72307646
3,0,0,0.20039582
3,0,1,0.5217514
3,1,1,0.716736
3,0,0,0.4487869
3,0,0,0.26007926
3,0,1,0.8251553
3,0,1,0.7713729
3,0,0,0.4109292
3,0,1,0.6813725
3,1,1,0.7377841
3,0,1,0.8221204
3,0,0,0.43927643
3,1,1,0.6817953
3,0,1,0.83984125
3,0,0,0.38511708
3,1,1,0.83414054
3,1,1,0.6486614
3,1,1,0.6736201
3,0,0,0.39295697
3,1,1,0.77451444
3,0,0,0.109992124
3,0,0,0.4370285
3,0,0,0.31878468
3,1,1,0.9106485
3,0,1,0.5927074
3,0,1,0.6572533
3,0,1,0.5865663
3,0,1,0.83358157
3,1,1,0.8833821
3,0,0,0.15693194
3,1,1,0.84930366
3,1,1,0.8048893
3,0,1,0.64871615
3,1,1,0.85367566
3,0,0,0.40676662
3,0,1,0.57285374
3,1,1,0.72916305
3,1,1,0.7451059
3,0,0,0.339591
3,1,1,0.6847938
3,1,1,0.7662633
3,0,1,0.69569534
3,1,1,0.7753568
3,1,0,0.49908614
3,0,0,0.33721793
3,1,0,0.46917635
3,0,0,0.47863156
3,1,1,0.5299832
3,1,1,0.5858807
3,0,0,0.3222158
3,1,0,0.2973456
3,0,0,0.3457665
3,0,1,0.5863672
3,0,0,0.25089377
3,1,0,0.33728844
3,0,0,0.3135612
3,0,1,0.82843983
3,1,0,0.36726257
3,0,1,0.6204552
3,0,1,0.53367877
3,1,1,0.72488344
3,0,1,0.7258814
3,1,1,0.86235523
3,1,1,0.75987184
3,0,1,0.5657228
3,0,0,0.34123865
3,1,0,0.42101884
3,0,0,0.238833
3,1,1,0.6948031
3,0,1,0.7171809
3,1,1,0.7560853
3,1,0,0.28805748
3,1,1,0.85879517
3,1,1,0.885373
3,1,1,0.8101575
3,1,1,0.8269345
3,0,1,0.5735926
3,1,1,0.7483295
3,0,1,0.59269696
3,1,1,0.8240935
3,1,0,0.47745335
3,0,0,0.1449206
3,1,1,0.7904367
3,1,1,0.8129889
3,1,1,0.89092714
3,1,1,0.5808831
3,0,0,0.37809426
3,0,0,0.15686725
3,1,1,0.908772
3,0,1,0.7203923
3,0,1,0.88437825
3,0,1,0.62878585
3,1,1,0.74562323
3,0,1,0.7996882
3,1,1,0.84975725
3,1,1,0.600514
3,1,1,0.913055
3,1,1,0.7733761
3,1,1,0.8745186
3,1,1,0.7960883
3,0,1,0.5836477
3,1,1,0.7938624
3,0,1,0.68332756
3,0,1,0.5696338
3,0,1,0.78769565
3,0,0,0.39030576
3,0,0,0.22514457
3,1,0,0.42358825
3,1,1,0.8401187
3,0,0,0.2893076
3,0,0,0.13903543
3,0,0,0.387921
3,1,1,0.7088815
3,0,0,0.21354571
3,1,1,0.79881555
3,1,0,0.21870767
3,0,0,0.3995126
3,0,0,0.44746807
3,1,1,0.7600983
3,1,1,0.8269377
3,1,1,0.60936093
3,1,1,0.78153586
3,1,1,0.8193203
3,1,1,0.8830835
3,1,1,0.73159343
3,1,1,0.74643975
3,0,0,0.37688193
3,0,1,0.76904166
3,0,1,0.6005328
3,0,0,0.13369742
3,0,1,0.5819153
3,1,1,0.8076711
3,0,1,0.56033915
3,0,0,0.44056356
3,1,1,0.73837745
3,0,0,0.13326025
3,0,1,0.50571024
3,1,1,0.657513
3,1,1,0.5403964
3,0,0,0.10946271
3,1,1,0.83420014
3,1,1,0.6937076
3,1,1,0.6246466
3,1,1,0.5051916
3,1,1,0.6315029
3,0,1,0.6300956
3,1,1,0.80492663
3,0,0,0.2761142
3,0,1,0.7815588
3,1,1,0.58979905
3,1,1,0.7825509
3,0,0,0.2824652
3,1,1,0.57003504
3,0,0,0.16076788
3,0,0,0.47224164
3,0,1,0.5207909
3,0,0,0.2391201
3,1,1,0.58522856
3,0,1,0.7451987
3,0,1,0.7598965
3,1,1,0.62189645
3,0,1,0.5457029
3,0,1,0.5048476
3,1,1,0.6212708
3,0,0,0.43823138
3,0,1,0.8731978
3,1,1,0.8489702
3,1,1,0.5610722
3,0,1,0.6052047
3,1,1,0.90462875
3,0,1,0.7684059
3,1,1,0.68846744
3,0,1,0.5228428
3,1,1,0.8990646
3,1,1,0.7715972
3,1,1,0.80681485
3,1,1,0.71615094
3,1,1,0.6570653
3,0,1,0.68960077
3,0,1,0.52136314
3,0,1,0.65048605
3,1,1,0.90577745
3,1,1,0.8727926
3,1,1,0.90252024
3,1,1,0.8403077
3,0,0,0.40994194
3,0,1,0.5545607
3,0,0,0.16132715
3,1,1,0.69603664
3,1,1,0.65112984
3,0,0,0.3057019
3,0,0,0.13874412
3,1,1,0.6577516
3,0,0,0.33265337
3,1,1,0.86678034
3,1,1,0.5541726
3,1,1,0.58327264
3,0,0,0.3884031
3,1,1,0.72901237
3,1,1,0.8998325
3,0,0,0.4585889
3,0,0,0.23750778
3,0,0,0.4668485
3,1,1,0.6964038
3,0,0,0.2045475
3,1,0,0.2467449
3,0,0,0.3660757
3,0,0,0.098518625
3,1,1,0.82781994
3,0,0,0.43168288
3,0,0,0.42948407
3,0,0,0.27079514
3,1,1,0.79207945
3,0,0,0.483736
3,0,1,0.5619723
3,1,1,0.85626334
3,1,1,0.8247831
3,0,0,0.31133142
3,1,1,0.76976544
3,0,0,0.2917831
3,0,0,0.4390335
3,1,1,0.71331656
3,0,0,0.32528496
3,0,0,0.33460906
3,0,0,0.2029102
3,1,1,0.6713202
3,1,1,0.6344474
3,1,0,0.37768468
3,0,0,0.10162135
3,1,1,0.82370365
3,1,1,0.7280909
3,0,0,0.23246168
3,0,1,0.5191768
3,0,0,0.40001106
3,1,1,0.6580981
3,1,1,0.6498071
3,0,0,0.18074389
3,0,0,0.34712312
3,0,0,0.32245207
3,1,1,0.8382234
3,0,1,0.62783086
3,0,0,0.28148606
3,1,1,0.82417125
3,0,0,0.39184904
3,0,0,0.4925038
3,0,0,0.32920945
3,1,0,0.41528592
3,0,1,0.55057144
3,0,1,0.69743747
3,1,1,0.83308876
3,0,0,0.41440246
3,1,0,0.43195796
3,0,0,0.19957276
3,1,1,0.63127184
3,0,1,0.6474411
3,1,1,0.86246747
3,1,1,0.7994667
3,0,1,0.53750014
3,1,1,0.70417887
3,0,0,0.1575872
3,1,1,0.8227559
3,1,1,0.7501806
3,1,1,0.64360493
3,0,1,0.7615549
3,0,0,0.38376048
3,0,0,0.37550458
3,1,1,0.7980927
3,0,0,0.3653347
3,1,1,0.77520436
3,1,1,0.6314122
3,1,1,0.89342684
3,0,1,0.7719434
3,0,0,0.37856463
3,1,1,0.7795084
3,0,1,0.56176776
3,0,0,0.37563953
3,0,0,0.071775146
3,1,1,0.8836498
3,0,0,0.29453483
3,1,1,0.563233
3,0,1,0.72766834
3,0,1,0.6175235
3,0,0,0.486561
3,0,0,0.4025324
3,0,0,0.4186791
3,1,1,0.7454322
3,0,1,0.61910194
3,1,1,0.8899124
3,0,0,0.24086177
3,1,1,0.8452065
3,1,1,0.58676875
3,1,1,0.6717975
3,1,1,0.7327771
3,0,0,0.33841515
3,0,0,0.35137612
3,0,0,0.1909776
3,0,1,0.7906571
3,1,1,0.81063414
3,0,0,0.3343582
3,1,0,0.35936907
3,0,0,0.28506684
3,0,0,0.23187685
3,0,1,0.59831583
3,0,0,0.21062373
3,1,1,0.5807341
3,0,0,0.27388898
3,1,0,0.35559803
3,1,1,0.744302
3,1,1,0.6485527
3,1,1,0.5675389
3,0,0,0.18014614
3,0,0,0.37193096
3,1,0,0.42300394
3,1,1,0.75216615
3,1,1,0.6611995
3,0,1,0.67525893
3,0,1,0.6451169
3,1,0,0.40736973
3,1,0,0.48777753
3,1,1,0.8160616
3,0,0,0.16353463
3,1,0,0.49688196
3,0,0,0.39600962
3,1,1,0.76240945
3,0,1,0.7096888
3,1,1,0.63789356
3,0,0,0.304214
3,0,1,0.69617426
3,0,0,0.16716984
3,0,1,0.5182889
3,0,0,0.06327165
3,1,1,0.8907864
3,0,0,0.45788953
3,1,1,0.6327492
3,1,0,0.42079604
3,1,1,0.5361231
3,1,1,0.7525457
3,1,1,0.73498076
3,1,1,0.8417018
3,1,1,0.66940194
3,0,0,0.44657022
3,1,1,0.7862692
3,1,1,0.5943278
3,0,0,0.44874126
3,1,1,0.92759293
3,1,0,0.22740056
3,0,0,0.4373922
3,1,0,0.37983543
3,1,0,0.18041746
3,0,0,0.38467908
3,0,0,0.20619059
3,1,0,0.204361
3,1,0,0.28700992
3,0,0,0.12626034
3,0,0,0.41134557
3,0,1,0.7063714
3,1,1,0.84612066
3,0,0,0.40380993
3,1,1,0.57632005
3,0,1,0.540487
3,1,0,0.4509306
3,0,1,0.8101154
3,0,0,0.29578906
3,1,1,0.72857577
3,1,1,0.5366375
3,0,1,0.51289845
3,0,0,0.3458324
3,1,1,0.6993925
3,1,1,0.75184804
3,0,0,0.09725836
3,1,1,0.68381035
3,0,0,0.2802061
3,0,0,0.47531396
3,0,1,0.6354421
3,0,0,0.43535084
3,1,1,0.76185364
3,0,0,0.12847324
3,1,1,0.557364
3,0,1,0.821485
3,0,1,0.5781428
3,1,1,0.9100821
3,1,1,0.61819637
3,1,0,0.31816566
3,0,0,0.2975283
3,1,0,0.308429
3,1,0,0.36453566
3,0,1,0.74405754
3,1,0,0.43443757
3,0,0,0.1367405
3,0,0,0.25012702
3,0,0,0.41345477
3,0,0,0.45941216
3,0,0,0.17224148
3,0,1,0.8697747
3,1,1,0.7771016
3,0,1,0.6825805
3,1,1,0.8402701
3,1,1,0.8535212
3,1,0,0.2637292
3,0,1,0.5498916
3,1,1,0.72588444
3,1,1,0.856587
3,0,1,0.67092407
3,1,1,0.6587722
3,0,0,0.4796485
3,1,1,0.608325
3,0,1,0.560817
3,0,1,0.74189556
3,0,0,0.41016716
3,0,1,0.62891763
3,1,1,0.79865277
3,0,0,0.21888016
3,1,1,0.7547091
3,1,1,0.8419603
3,0,1,0.78466046
3,1,1,0.80754316
3,1,1,0.7945298
3,0,0,0.29638487
3,0,0,0.3792372
3,1,1,0.65644026
3,1,1,0.7475247
3,1,1,0.634941
3,0,0,0.44117478
3,1,1,0.76490533
3,0,1,0.55555975
3,0,0,0.18664272
3,0,1,0.7101781
3,0,1,0.8200337
3,0,1,0.53465235
3,1,1,0.7538092
3,0,0,0.47905403
3,1,1,0.87821996
3,1,1,0.5547612
3,1,1,0.8376681
3,0,0,0.3310325
3,1,1,0.8375466
3,1,1,0.8171706
3,1,1,0.8612106
3,0,0,0.440347
3,0,0,0.15027937
3,1,1,0.6340675
3,1,1,0.64442265
3,0,1,0.7463113
3,0,1,0.70685285
3,0,1,0.6879021
3,0,0,0.05677229
3,0,0,0.2886725
3,0,0,0.15149154
3,0,0,0.14413767
3,0,0,0.15249865
3,1,1,0.6734137
3,0,1,0.50131494
3,1,1,0.6469083
3,1,1,0.61201036
3,1,0,0.49423406
3,1,1,0.7098805
3,0,1,0.82221127
3,0,0,0.10773556
3,1,1,0.7883393
3,1,1,0.77461386
3,0,0,0.37772134
3,1,1,0.8109136
3,1,1,0.73977005
3,0,1,0.67884547
3,1,1,0.6272797
3,1,1,0.69134605
3,0,1,0.6109171
3,0,0,0.32735613
3,1,1,0.8525942
3,0,0,0.22876911
3,0,1,0.6731543
3,0,1,0.6407365
3,1,0,0.49965796
3,0,0,0.18727489
3,1,1,0.74427485
3,1,0,0.19706334
3,0,1,0.5219382
3,0,0,0.47906867
3,1,1,0.7043355
3,0,1,0.8585635
3,1,1,0.86557513
3,1,1,0.7125827
3,0,0,0.22599456
3,1,0,0.49979284
3,0,1,0.6235171
3,0,0,0.42259103
3,0,1,0.5462894
3,1,1,0.66953
3,0,0,0.10644549
3,0,1,0.58320326
3,0,0,0.18364453
3,1,0,0.3933434
3,1,1,0.8141675
3,0,0,0.22975819
3,1,1,0.53815997
3,0,0,0.30624565
3,1,1,0.851109
3,0,1,0.7687696
3,1,1,0.5501551
3,0,1,0.7085337
3,1,1,0.8123225
3,0,0,0.16794349
3,1,1,0.6453361
3,0,1,0.6076725
3,0,1,0.794756
3,0,1,0.604116
3,1,1,0.94760704
3,1,1,0.8096066
3,1,0,0.31012297
3,0,1,0.51956433
3,1,1,0.85342354
3,0,1,0.5496388
3,0,0,0.45235875
3,1,0,0.49887118
3,1,1,0.80155355
3,0,0,0.3043268
3,0,0,0.12776098
3,0,0,0.13015881
3,0,1,0.7380113
3,0,1,0.6608352
3,1,0,0.32139063
3,1,1,0.85520154
3,0,1,0.7399348
3,0,0,0.40795973
3,0,0,0.16761097
3,1,1,0.69768053
3,1,1,0.7215894
3,0,0,0.46594256
3,1,1,0.8189514
3,0,1,0.8249036
3,0,0,0.39826792
3,1,1,0.6852153
3,1,1,0.78831387
3,1,1,0.62449706
3,0,1,0.75167817
3,0,0,0.3931255
3,1,1,0.665686
3,1,1,0.7737252
3,1,1,0.6116897
3,0,0,0.34441897
3,0,1,0.55997896
3,0,1,0.5569205
3,0,0,0.3138344
3,0,1,0.7262957
3,1,1,0.7302186
3,0,1,0.90109646
3,1,1,0.6999556
3,1,1,0.7941851
3,0,1,0.71427387
3,0,0,0.12829438
3,1,1,0.58087325
3,0,0,0.4058024
3,1,1,0.7257172
3,1,0,0.377698
3,0,1,0.69328403
3,0,0,0.31201506
3,0,1,0.6234121
3,1,0,0.39790967
3,1,0,0.33500186
3,1,1,0.7462532
3,1,1,0.53797024
3,1,1,0.8431891
3,0,0,0.436139
3,1,1,0.6656596
3,0,0,0.319054
3,0,0,0.3060428
3,0,0,0.25055173
3,0,0,0.46892098
3,1,0,0.29370347
3,0,0,0.3503125
3,1,1,0.7618325
3,0,0,0.41006234
3,0,0,0.3447015
3,1,1,0.6284862
3,1,1,0.50915194
3,0,0,0.30487087
3,0,0,0.310993
3,1,1,0.889567
3,0,0,0.4329714
3,1,1,0.6062306
3,1,1,0.5827051
3,0,1,0.7381433
3,0,0,0.46006387
3,0,0,0.37732366
3,0,0,0.076781265
3,1,0,0.20348886
3,0,0,0.36620453
3,0,1,0.835922
3,0,0,0.33637536
3,1,1,0.7025529
3,1,0,0.4090211
3,0,0,0.44681072
3,0,1,0.6943693
3,0,0,0.4145405
3,0,0,0.17234719
3,1,1,0.53230536
3,1,0,0.28471714
3,1,1,0.6824721
3,1,1,0.5782991
3,0,0,0.35712025
3,1,1,0.8744393
3,0,0,0.42977262
3,1,1,0.74022233
3,1,0,0.38838685
3,0,1,0.7044245
3,0,0,0.38099137
3,0,0,0.16584058
3,1,1,0.72525007
3,0,1,0.7835938
3,1,1,0.50422984
3,1,1,0.5828415
3,1,1,0.52017397
3,0,1,0.5553214
3,0,0,0.14365095
3,0,1,0.6347889
3,1,1,0.91056347
3,1,1,0.7148093
3,0,0,0.087549396
3,0,0,0.16415833
3,1,1,0.66629165
3,0,0,0.17079662
3,0,0,0.29026386
3,0,1,0.7221257
3,0,1,0.5911495
3,0,1,0.59548193
3,1,1,0.876465
3,1,1,0.7747342
3,1,1,0.8125664
3,0,1,0.7565321
3,0,0,0.31100315
3,0,1,0.7027467
3,1,1,0.51946104
3,0,0,0.166333
3,1,0,0.091445155
3,0,1,0.63407356
3,0,0,0.30257288
3,0,1,0.7018586
3,0,1,0.57691664
3,0,0,0.4631635
3,1,0,0.4983816
3,1,1,0.72319114
3,1,1,0.86104786
3,1,0,0.3875079
3,0,1,0.8688079
3,1,1,0.74783933
3,1,0,0.3505914
3,0,1,0.79097193
3,1,1,0.56808203
3,1,1,0.5315417
3,1,0,0.42465743
3,1,1,0.5936324
3,0,1,0.6175459
3,0,1,0.6100931
3,0,0,0.40485454
3,0,1,0.50131494
3,1,1,0.78225964
3,1,1,0.81784225
3,0,0,0.3665361
3,1,1,0.8768513
3,0,0,0.284194
3,1,1,0.6188993
3,0,0,0.37959877
3,0,0,0.27316958
3,0,0,0.08457722
3,0,1,0.7973451
3,1,1,0.6418718
3,0,1,0.6412448
3,0,1,0.6026861
3,1,1,0.74149877
3,1,1,0.6442532
3,1,1,0.8311504
3,0,0,0.369577
3,0,0,0.22445376
3,1,1,0.7731964
3,0,1,0.57032275
3,1,1,0.7712974
3,0,0,0.45055044
3,1,1,0.670931
3,0,0,0.40441445
3,1,1,0.90513366
3,1,1,0.7813119
3,0,1,0.62118465
3,0,1,0.7138705
3,1,1,0.7669674
3,0,0,0.41113672
3,1,1,0.5658004
3,0,0,0.17213437
3,0,0,0.1195737
3,0,0,0.20774657
3,0,1,0.6142863
3,1,1,0.7756447
3,0,0,0.17843258
3,0,0,0.13834421
3,1,1,0.7576019
3,1,1,0.5678647
3,0,0,0.29884186
3,1,1,0.8418729
3,0,1,0.5578135
3,1,1,0.7294687
3,1,1,0.562282
3,1,1,0.62567705
3,0,1,0.54438823
3,0,0,0.44632456
3,0,0,0.17706585
3,0,0,0.13094011
3,1,1,0.71117824
3,1,1,0.7274583
3,0,1,0.5231
3,1,1,0.8649173
3,0,0,0.46133038
3,0,0,0.27342212
3,1,1,0.6633663
3,1,1,0.5795382
3,1,1,0.784876
3,0,1,0.66527504
3,0,1,0.5055639
3,1,1,0.5276308
3,0,1,0.77792645
3,0,0,0.14550166
3,0,1,0.6985412
3,0,0,0.28237984
3,1,1,0.7848988
3,1,1,0.71349674
3,0,0,0.163134
3,0,0,0.09801851
3,1,1,0.6934689
3,1,1,0.86286694
3,0,0,0.11711557
3,0,0,0.40777436
3,0,0,0.42573765
3,0,0,0.4124217
3,1,1,0.8061076
3,0,1,0.6881885
3,0,1,0.58656424
3,1,1,0.6030003
3,1,1,0.68523353
3,1,1,0.85669565
3,1,1,0.8665221
3,0,0,0.36926687
3,0,1,0.58130693
3,1,1,0.6515303
3,0,1,0.6600401
3,0,0,0.08127179
3,0,0,0.1575767
3,0,1,0.5621257
3,0,0,0.32361612
3,0,0,0.21480459
3,1,0,0.35358068
3,1,1,0.871385
3,1,0,0.46148893
3,0,0,0.2995215
3,1,1,0.8342962
3,0,1,0.6931999
3,1,1,0.6959899
3,1,1,0.80373234
3,0,0,0.49017057
3,1,1,0.59045064
3,0,0,0.32137918
3,1,1,0.6957453
3,1,1,0.8141122
3,0,1,0.7131539
3,0,1,0.71577746
3,0,1,0.6536622
3,1,1,0.80887014
3,1,1,0.7558191
3,1,1,0.8031281
3,1,0,0.36977312
3,0,0,0.32923618
3,0,0,0.2112426
3,1,1,0.74892616
3,0,0,0.42813492
3,1,1,0.59710187
3,1,0,0.41968724
3,1,1,0.55500484
3,0,0,0.26844215
3,0,1,0.5422286
3,0,1,0.55777377
3,0,0,0.44172895
3,1,0,0.3190785
3,1,0,0.43157172
3,0,0,0.32938328
3,0,0,0.06671561
3,0,1,0.76313335
3,1,0,0.4430591
3,0,1,0.54962635
3,0,0,0.15175378
3,1,0,0.38248584
3,1,1,0.6672069
3,0,0,0.43531677
3,0,1,0.51034313
3,0,0,0.2925292
3,0,1,0.86039925
3,0,1,0.82817584
3,1,1,0.65159035
3,1,1,0.7487168
3,0,0,0.420203
3,1,1,0.739753
3,1,1,0.8171964
3,0,0,0.49071267
3,1,1,0.8612623
3,1,1,0.74388593
3,1,1,0.5382658
3,0,0,0.29174063
3,1,1,0.6783579
3,0,1,0.74659127
3,0,1,0.64374
3,1,1,0.7271905
3,1,0,0.36097395
3,1,0,0.4499273
3,0,0,0.19372666
3,0,1,0.90369815
3,1,1,0.6713283
3,0,1,0.7639281
3,1,0,0.4317108
3,1,0,0.37924972
3,0,1,0.68706876
3,0,1,0.7799591
3,1,1,0.7343175
3,1,1,0.5264675
3,1,1,0.63094753
3,1,1,0.55386233
3,0,0,0.36187792
3,0,1,0.8339357
3,1,1,0.62157357
3,1,1,0.58930075
3,1,1,0.6293178
3,0,1,0.51583236
3,0,1,0.632118
3,0,1,0.72001636
3,1,1,0.7615634
3,0,1,0.5986672
3,0,1,0.7124858
3,0,1,0.59185636
3,0,0,0.34800395
3,1,1,0.6267382
3,1,0,0.49405417
3,0,0,0.14003609
3,1,1,0.72850245
3,1,0,0.21119846
3,1,0,0.4487457
3,1,1,0.660041
3,0,0,0.4832831
3,0,1,0.5997657
3,0,1,0.54269975
3,0,0,0.1346192
3,1,1,0.6477616
3,1,1,0.6955285
3,0,0,0.0980337
3,0,1,0.63642865
3,1,1,0.87895834
3,0,0,0.3996256
3,0,1,0.71882236
3,1,1,0.83403957
3,1,1,0.60474
3,0,0,0.39503914
3,1,1,0.81047827
3,0,0,0.4841213
3,0,1,0.5898566
3,1,0,0.21341778
3,0,0,0.4351749
3,0,0,0.36190203
3,1,1,0.7323244
3,1,0,0.306643
3,0,0,0.29152134
3,1,1,0.8798814
3,1,1,0.7069848
3,1,1,0.79301864
3,1,1,0.74925345
3,0,0,0.4932902
3,0,0,0.14510418
3,0,1,0.7215832
3,0,1,0.6210212
3,0,1,0.51568025
3,0,0,0.17490931
3,0,0,0.12403949
3,0,1,0.81849
3,0,0,0.056417014
3,1,1,0.7098282
3,1,1,0.77018386
3,0,0,0.3713227
3,1,0,0.445263
3,1,1,0.8641239
3,1,1,0.75514907
3,0,1,0.544699
3,0,1,0.5449479
3,1,1,0.7675209
3,1,1,0.594373
3,0,0,0.33363694
3,1,1,0.5830787
3,0,0,0.19685155
3,0,1,0.64158463
3,0,1,0.8372772
3,0,1,0.6297501
3,1,1,0.544699
3,1,1,0.5449479
3,0,0,0.4313904
3,0,0,0.42096543
3,1,1,0.768337
3,1,1,0.7325432
3,0,0,0.2525977
3,1,1,0.7466471
3,1,1,0.6372656
3,1,1,0.85321766
3,0,1,0.72534204
3,1,0,0.3584379
3,0,1,0.74682283
3,0,1,0.59156334
3,0,0,0.39819884
3,0,1,0.78823185
3,1,0,0.3740808
3,0,1,0.8219927
3,0,0,0.43696558
3,1,1,0.677893
3,0,0,0.49254495
3,0,0,0.32413253
3,0,1,0.56330884
3,1,1,0.8357031
3,0,1,0.51269054
3,1,1,0.6891894
3,1,0,0.4771161
3,0,1,0.8238446
3,0,1,0.59686846
3,1,1,0.6967947
3,1,1,0.8747637
3,1,1,0.78404844
3,1,1,0.8457831
3,1,1,0.59399074
3,1,1,0.58844846
3,0,0,0.40466306
3,1,1,0.62783265
3,0,0,0.28948823
3,1,0,0.28399155
3,1,1,0.6052471
3,0,1,0.68079644
3,0,0,0.33305818
3,0,1,0.5538381
3,1,0,0.4714385
3,0,0,0.143285
3,0,0,0.26200765
3,0,0,0.13662934
3,1,0,0.11812709
3,1,0,0.45347703
3,1,1,0.70807636
3,1,1,0.8773906
3,1,1,0.75185335
3,0,0,0.2886219
3,1,0,0.41057277
3,0,0,0.20162767
3,0,0,0.43927005
3,0,1,0.7102705
3,1,0,0.37009686
3,1,1,0.5919771
3,1,1,0.82639813
3,0,1,0.85992163
3,1,1,0.8152707
3,1,1,0.6162488
3,1,0,0.45210806
3,0,1,0.57734805
3,0,0,0.13433525
3,0,0,0.11571036
3,0,1,0.5712199
3,0,0,0.14192103
3,0,1,0.53632116
3,0,0,0.48449853
3,0,0,0.1259824
3,0,0,0.24825962
3,1,1,0.6757031
3,1,1,0.6683991
3,0,0,0.38618305
3,1,1,0.7531025
3,0,1,0.5317907
3,0,1,0.5558842
3,0,1,0.52007246
3,1,1,0.7455594
3,1,1,0.5907138
3,1,1,0.73662674
3,0,1,0.62370896
3,1,1,0.68591356
3,1,1,0.6596059
3,0,1,0.6815548
3,0,0,0.23702759
3,1,1,0.8469222
3,1,0,0.45628136
3,0,0,0.40612173
3,1,1,0.75485516
3,0,0,0.3091151
3,0,1,0.5846025
3,1,1,0.725585
3,0,1,0.5511757
3,1,1,0.7271162
3,0,0,0.09256547
3,1,1,0.7957557
3,1,1,0.5281776
3,0,1,0.6816781
3,1,1,0.90739197
3,0,1,0.6241635
3,0,1,0.5148149
3,0,0,0.18748759
3,0,1,0.89246684
3,0,1,0.5790394
3,0,1,0.5735824
3,1,1,0.6244439
3,1,1,0.8348903
3,1,1,0.808651
3,0,1,0.61079353
3,1,1,0.81625557
3,1,1,0.8224907
3,0,1,0.53716815
3,1,1,0.55884606
3,1,1,0.644276
3,1,1,0.8674235
3,1,0,0.292379
3,1,0,0.46771953
3,0,0,0.25633588
3,0,1,0.53668696
3,1,0,0.48848507
3,0,1,0.7721337
3,1,0,0.49792486
3,1,0,0.48196018
3,0,1,0.6287964
3,1,1,0.86126107
3,0,0,0.4752838
3,1,1,0.79561263
3,0,1,0.58584887
3,0,1,0.55402017
3,0,1,0.5618794
3,0,0,0.26410946
3,0,1,0.6863685
3,1,1,0.6960082
3,1,1,0.6975935
3,1,1,0.8490692
3,0,0,0.4757031
3,1,1,0.6808663
3,1,1,0.8469324
3,1,1,0.61080563
3,0,1,0.7548912
3,0,0,0.37834588
3,0,0,0.1717937
3,1,1,0.77340555
3,1,1,0.5481808
3,1,0,0.320742
3,0,1,0.6562009
3,1,1,0.6931504
3,0,0,0.09377343
3,0,1,0.71127343
3,1,1,0.7034275
3,0,1,0.8926913
3,0,0,0.3781284
3,0,0,0.40483448
3,0,1,0.5687925
3,1,1,0.8376713
3,0,1,0.5638699
3,1,1,0.71046144
3,1,0,0.47691643
3,1,0,0.47161892
3,0,0,0.107767746
3,0,0,0.49858654
3,0,0,0.13579755
3,0,1,0.6545562
3,0,1,0.68631506
3,1,0,0.29858837
3,1,0,0.26319322
3,0,0,0.37670296
3,0,1,0.735182
3,1,1,0.7360427
3,1,0,0.3921401
3,0,1,0.54103595
3,0,0,0.23933034
3,1,1,0.7938712
3,1,0,0.45108327
3,0,1,0.5676579
3,1,1,0.80863976
3,0,1,0.53757286
3,0,1,0.58080715
3,1,1,0.66181886
3,0,0,0.3645267
3,1,1,0.72481066
3,0,0,0.42188552
3,1,0,0.42688876
3,1,1,0.87025803
3,1,0,0.466276
3,0,1,0.82904166
3,0,0,0.4462677
3,0,0,0.36040163
3,1,1,0.92048866
3,1,1,0.5054037
3,1,1,0.5363374
3,1,1,0.8126376
3,1,1,0.79315776
3,1,1,0.70228964
3,1,1,0.7869216
3,0,1,0.501959
3,1,0,0.41925704
3,1,1,0.6050854
3,0,0,0.19221394
3,0,1,0.51850915
3,0,0,0.26977605
3,1,1,0.6371033
3,0,0,0.14270762
3,0,1,0.58884364
3,0,0,0.17325252
3,0,1,0.77303874
3,1,1,0.8743213
3,0,1,0.58986074
3,0,0,0.26526785
3,0,1,0.5500492
3,0,0,0.30045232
3,0,1,0.65563977
3,1,1,0.7234342
3,0,0,0.26457652
3,0,0,0.38658583
3,1,1,0.7582211
3,1,1,0.6363522
3,1,1,0.8857909
3,0,0,0.42235258
3,1,1,0.6794769
3,1,1,0.8692422
3,0,1,0.6654728
3,0,0,0.21118586
3,0,1,0.8158484
3,0,1,0.6485791
3,0,0,0.4771161
3,0,1,0.8238446
3,0,1,0.59686846
3,1,1,0.6967947
3,1,1,0.8747637
3,1,1,0.78404844
3,1,1,0.6249246
3,0,0,0.31392565
3,0,1,0.507039
3,1,1,0.5393574
3,1,0,0.44415078
3,0,0,0.4278247
3,0,0,0.19501156
3,1,0,0.39388132
3,0,0,0.45146352
3,0,1,0.51619923
3,0,0,0.44786474
3,0,1,0.5315106
3,0,0,0.18462329
3,0,0,0.33978897
3,0,0,0.18438166
3,0,0,0.32367375
3,1,1,0.58882606
3,0,1,0.5793194
3,1,1,0.7371082
3,0,1,0.61006397
3,1,1,0.7195568
3,1,1,0.6854416
3,1,0,0.20894754
3,1,1,0.74271226
3,0,0,0.4019792
3,1,1,0.5102651
3,1,1,0.69392693
3,1,1,0.64442354
3,0,0,0.45607707
3,1,1,0.7661262
3,0,1,0.7451954
3,0,0,0.4968575
3,1,1,0.8310257
3,0,0,0.49756104
3,0,0,0.4473142
3,1,1,0.677893
3,0,0,0.4812273
3,1,1,0.8456461
3,0,1,0.68219817
3,1,1,0.8944493
3,1,1,0.8183637
3,0,1,0.58111525
3,0,0,0.45893866
3,0,0,0.47664702
3,0,0,0.18117562
3,0,0,0.36211804
3,1,1,0.91980684
3,1,1,0.7371054
3,1,1,0.7961398
3,0,1,0.60475624
3,0,0,0.12123513
3,1,1,0.67536527
3,1,1,0.7034133
3,1,1,0.88496333
3,1,1,0.55468774
3,0,1,0.54949623
3,1,1,0.9164233
3,0,1,0.66183317
3,0,1,0.53345126
3,0,0,0.08140066
3,1,1,0.77100194
3,1,1,0.613251
3,0,0,0.18071565
3,1,1,0.74658775
3,0,0,0.40180746
3,1,1,0.5054195
3,0,0,0.16987036
3,1,1,0.7232723
3,0,0,0.47313732
3,1,1,0.65097016
3,0,1,0.50856
3,0,1,0.6673847
3,1,1,0.8873781
3,1,1,0.7660568
3,1,1,0.6883954
3,0,0,0.18767661
3,0,1,0.5283081
3,0,1,0.5913281
3,0,1,0.5798587
3,1,1,0.859452
3,1,0,0.47951934
3,1,1,0.7697932
3,0,0,0.39185685
3,1,1,0.88714844
3,0,1,0.5581117
3,1,1,0.75982267
3,1,1,0.6942123
3,0,0,0.49445707
3,1,1,0.9043481
3,0,0,0.4467135
3,0,0,0.27070007
3,0,1,0.6835455
3,0,1,0.8438663
3,0,0,0.2395109
3,1,1,0.66711897
3,1,1,0.6094067
3,0,1,0.799997
3,1,1,0.5830142
3,1,0,0.2310245
3,1,1,0.5434572
3,0,0,0.20932907
3,0,0,0.4324204
3,0,0,0.20739533
3,1,1,0.57973164
3,1,0,0.45766407
3,1,0,0.4528547
3,0,1,0.52052975
3,0,1,0.6523946
3,0,1,0.8145874
3,0,0,0.30668393
3,0,0,0.24713528
3,1,1,0.9205972
3,1,0,0.44791612
3,0,1,0.5628184
3,0,1,0.68249893
3,0,1,0.570956
3,1,1,0.8329636
3,1,1,0.9102138
3,1,1,0.82404643
3,1,1,0.80299485
3,0,0,0.43198913
3,0,1,0.5099242
3,1,1,0.77782935
3,0,1,0.50529706
3,1,1,0.7647732
3,1,1,0.85416114
3,0,0,0.44493765
3,1,1,0.80555874
3,0,1,0.6553127
3,0,1,0.50462854
3,0,0,0.42597258
3,1,1,0.86241984
3,1,1,0.7951662
3,1,1,0.7497761
3,0,0,0.30926466
3,1,0,0.35282966
3,0,0,0.41318032
3,0,0,0.40045428
3,0,1,0.61067456
3,0,0,0.3498804
3,0,0,0.18343247
3,1,1,0.69670576
3,0,0,0.35604322
3,1,0,0.37211028
3,0,0,0.44361436
3,1,1,0.764121
3,1,1,0.66536
3,1,1,0.7809702
3,1,0,0.31902996
3,1,1,0.8578607
3,0,1,0.61515445
3,0,0,0.36704478
3,1,1,0.91375965
3,1,1,0.704395
3,1,1,0.7141221
3,0,1,0.756993
3,0,1,0.8303104
3,0,0,0.32832077
3,1,1,0.67655677
3,0,0,0.07713135
3,0,0,0.19300725
3,1,1,0.8126366
3,1,1,0.7257332
3,0,0,0.39592752
3,0,0,0.21339712
3,1,1,0.78844327
3,0,0,0.43515778
3,1,1,0.8808025
3,0,1,0.5689981
3,0,1,0.5208622
3,1,1,0.6810224
3,1,0,0.44270542
3,0,0,0.40349138
3,0,1,0.7329423
3,0,0,0.2873438
3,0,0,0.12795782
3,0,0,0.4376053
3,1,0,0.49042064
3,0,1,0.8868861
3,0,0,0.19100788
3,0,0,0.10846812
3,0,1,0.67396384
3,1,1,0.67309046
3,0,0,0.4867548
3,1,1,0.85899884
3,1,0,0.31639558
3,1,1,0.6038321
3,1,1,0.915537
3,0,1,0.6610554
3,0,0,0.11726808
3,1,1,0.8270285
3,1,1,0.69181985
3,1,1,0.940006
3,1,1,0.7166879
3,0,0,0.24432951
3,1,1,0.8133545
3,1,1,0.7623457
3,0,0,0.12243223
3,0,0,0.37515804
3,1,1,0.64699364
3,1,1,0.90861607
3,1,1,0.8708029
3,0,0,0.3496275
3,1,1,0.82411194
3,1,1,0.8639753
3,0,1,0.57496727
3,0,1,0.78346395
3,1,1,0.7983386
3,1,1,0.62427944
3,1,1,0.71181417
3,1,1,0.8300177
3,1,1,0.6085955
3,1,1,0.51627743
3,0,0,0.24217911
3,0,0,0.16758132
3,0,0,0.099705786
3,1,1,0.9016739
3,1,1,0.81308943
3,1,1,0.7619571
3,1,1,0.57277393
3,1,1,0.7319233
3,1,1,0.8528735
3,0,0,0.1578051
3,0,0,0.20634879
3,1,1,0.72149384
3,0,0,0.46079224
3,0,0,0.25882173
3,0,0,0.42534032
3,1,1,0.5363527
3,1,0,0.32291415
3,1,1,0.57982737
3,0,1,0.5808259
3,0,0,0.15774153
3,0,0,0.17663966
3,0,0,0.45990482
3,1,0,0.4926747
3,0,0,0.3736833
3,1,1,0.5229273
3,0,0,0.4574921
3,0,0,0.35309908
3,0,0,0.21089773
3,1,1,0.5241227
3,0,0,0.3281948
3,0,0,0.21455422
3,1,0,0.26092744
3,0,0,0.29594937
3,0,0,0.32358012
3,0,0,0.26088586
3,0,0,0.4822714
3,0,0,0.22385256
3,1,1,0.68455464
3,0,0,0.4592995
3,0,0,0.12325252
3,0,0,0.22327447
3,0,0,0.25412473
3,1,0,0.48806584
3,1,1,0.5443784
3,0,0,0.28374103
3,0,0,0.09657639
3,0,0,0.28832668
3,0,0,0.4183468
3,1,1,0.75250703
3,0,0,0.38442066
3,0,1,0.8073186
3,1,0,0.45768255
3,0,0,0.10731521
3,1,1,0.5763567
3,0,1,0.5990454
3,0,0,0.1509975
3,0,0,0.2636298
3,1,1,0.54511636
3,0,0,0.1089518
3,1,1,0.77493167
3,1,1,0.5458441
3,0,0,0.3301067
3,1,1,0.6345003
3,0,0,0.4965106
3,1,1,0.781777
3,0,0,0.2724781
3,0,0,0.22386852
3,1,0,0.35331768
3,0,0,0.41629577
3,0,0,0.06501738
3,0,0,0.085460335
3,0,0,0.2891431
3,0,0,0.31572682
3,0,0,0.07155018
3,0,0,0.46351853
3,0,0,0.16494414
3,0,0,0.21921048
3,0,0,0.09911621
3,1,1,0.6982714
3,1,1,0.81511796
3,0,0,0.36460996
3,1,1,0.5645039
3,0,0,0.42563778
3,1,1,0.75966483
3,0,0,0.4046736
3,0,0,0.1777212
3,1,0,0.34138
3,0,0,0.22609967
3,0,0,0.15217559
3,0,0,0.4994584
3,0,0,0.17696965
3,0,0,0.32487422
3,1,1,0.705093
3,1,0,0.33211213
3,1,1,0.60967994
3,0,1,0.5509624
3,1,1,0.56786156
3,0,0,0.10064373
3,0,0,0.39338437
3,1,1,0.5697097
3,0,0,0.10087006
3,1,1,0.5985081
3,1,0,0.3095769
3,0,0,0.42793658
3,1,0,0.391403
3,1,1,0.5008622
3,1,0,0.40117434
3,0,0,0.2694154
3,0,0,0.45297062
3,1,1,0.5156902
3,0,0,0.23620275
3,0,0,0.3116698
3,0,0,0.13306192
3,1,0,0.38266954
3,0,0,0.1624061
3,0,0,0.4402392
3,1,0,0.4506885
3,0,0,0.1578051
3,0,0,0.07055916
3,0,0,0.3969457
3,0,0,0.4535177
3,1,1,0.8649527
3,1,1,0.5641972
3,1,1,0.5581697
3,1,1,0.70925295
3,1,1,0.56962
3,0,1,0.55990607
3,0,0,0.43326768
3,0,0,0.08193792
3,1,1,0.5900648
3,0,0,0.39196748
3,0,1,0.6923138
3,1,1,0.66372585
3,0,0,0.42938828
3,0,0,0.39888942
3,0,0,0.3945715
3,1,0,0.4714133
3,0,1,0.7907811
3,0,0,0.3529774
3,0,1,0.51117927
3,0,0,0.30140284
3,1,1,0.76680654
3,1,1,0.72085404
3,1,1,0.5592637
3,1,1,0.6336903
3,1,1,0.562538
3,0,1,0.5062729
3,0,0,0.18184146
3,1,1,0.6195476
3,0,0,0.35220668
3,0,1,0.79999214
3,0,0,0.29248914
3,0,0,0.08225333
3,1,0,0.41747043
3,0,1,0.6513406
3,0,0,0.25284174
3,1,1,0.6378646
3,0,1,0.6444857
3,0,0,0.3151547
3,0,1,0.50280714
3,0,1,0.7854088
3,0,1,0.8068518
3,1,1,0.73853844
3,1,1,0.6208966
3,1,1,0.5177303
3,0,0,0.20301457
3,1,1,0.7103448
3,1,0,0.46338174
3,1,1,0.77665126
3,1,0,0.280147
3,0,1,0.58059764
3,1,0,0.49689192
3,1,1,0.5362291
3,0,0,0.07424622
3,1,1,0.6072811
3,0,0,0.27994245
3,1,1,0.71194327
3,1,1,0.5622573
3,1,1,0.6008449
3,1,1,0.82393086
3,1,1,0.8450701
3,1,1,0.8498005
3,0,0,0.36318606
3,0,1,0.5344467
3,1,1,0.7727664
3,0,1,0.53919846
3,1,1,0.7927788
3,0,0,0.3999125
3,0,0,0.31855863
3,1,1,0.8767612
3,1,1,0.8693986
3,1,1,0.6840141
3,0,0,0.381879
3,1,1,0.86774707
3,0,0,0.43793014
3,1,1,0.8676064
3,0,1,0.6060407
3,1,0,0.4312413
3,0,0,0.37946996
3,1,1,0.8761875
3,1,1,0.81721896
3,0,1,0.707599
3,1,1,0.89982736
3,0,1,0.82274747
3,0,1,0.6109143
3,0,0,0.48379338
3,1,1,0.79450846
3,1,0,0.31267008
3,0,0,0.47376654
3,0,1,0.5944472
3,0,1,0.5658168
3,1,1,0.54651916
3,1,0,0.25901002
3,0,1,0.50781584
3,0,1,0.5236456
3,0,0,0.23683992
3,0,1,0.6507882
3,0,1,0.69373226
3,1,0,0.48180553
3,1,0,0.40261286
3,0,1,0.67380255
3,1,1,0.51633865
3,0,1,0.7279115
3,1,1,0.7077786
3,1,1,0.7914204
3,1,1,0.8313793
3,1,1,0.5519123
3,0,0,0.33959368
3,0,1,0.88724136
3,1,0,0.2935655
3,0,0,0.30833647
3,1,0,0.45249894
3,0,0,0.34387067
3,0,0,0.42818636
3,1,1,0.6521754
3,1,0,0.46964404
3,0,0,0.48238757
3,0,1,0.5097061
3,0,1,0.5986464
3,1,0,0.23126711
3,1,0,0.3535282
3,1,1,0.81647503
3,0,0,0.19935483
3,1,1,0.8657808
3,0,0,0.37979344
3,1,1,0.55700856
3,0,1,0.57124573
3,0,1,0.55990607
3,0,0,0.43326768
3,0,0,0.08193792
3,0,1,0.66372585
3,1,1,0.6423689
3,0,0,0.22159722
3,1,1,0.8952014
3,1,1,0.8611153
3,1,1,0.72253823
3,0,0,0.48622206
3,1,1,0.80630934
3,0,0,0.19829555
3,1,1,0.81087685
3,1,0,0.24017021
3,1,1,0.65863174
3,1,1,0.64174795
3,0,1,0.778472
3,0,1,0.5597968
3,0,1,0.59212226
3,0,1,0.6570757
3,0,0,0.38227636
3,0,0,0.4208346
3,0,1,0.7251919
3,0,0,0.33128327
3,1,1,0.7977006
3,1,1,0.74275035
3,1,1,0.6554235
3,1,1,0.83281904
3,1,1,0.77641994
3,1,1,0.6100815
3,0,0,0.391889
3,0,0,0.46565986
3,0,0,0.48817074
3,1,1,0.8073307
3,0,1,0.83155847
3,0,0,0.08348924
3,1,0,0.2926815
3,0,0,0.113884084
3,1,1,0.8210174
3,0,0,0.46203503
3,1,1,0.6970726
3,1,1,0.59167933
3,0,1,0.66550815
3,1,1,0.8493967
3,0,0,0.14278768
3,0,0,0.13595994
3,1,1,0.767899
3,1,1,0.75833875
3,1,1,0.83403957
3,1,1,0.60474
3,0,0,0.39503914
3,1,1,0.81047827
3,0,0,0.4841213
3,0,1,0.5898566
3,1,0,0.21341778
3,0,0,0.4351749
3,0,0,0.36190203
3,1,1,0.7323244
3,1,0,0.306643
3,0,0,0.29152134
3,1,1,0.791839
3,1,1,0.55212814
3,1,1,0.6176437
3,0,0,0.39321613
3,0,0,0.14113337
3,0,1,0.72131836
3,0,0,0.19895203
3,0,0,0.47331885
3,1,0,0.47290397
3,0,0,0.4625941
3,1,1,0.5325795
3,0,1,0.6165022
3,1,1,0.57620656
3,1,1,0.6926856
3,0,1,0.58355653
3,1,1,0.70101863
3,0,1,0.623049
3,0,1,0.50745535
3,0,1,0.62881684
3,0,0,0.33267924
3,1,1,0.66203314
3,0,1,0.5065214
3,1,1,0.91037107
3,0,1,0.5306811
3,1,0,0.40651324
3,1,1,0.5710182
3,1,0,0.3473405
3,1,1,0.6264588
3,1,1,0.60575855
3,1,1,0.5316137
3,1,1,0.7426021
3,0,0,0.066417456
3,0,0,0.2942105
3,1,0,0.39696813
3,0,1,0.7132696
3,1,1,0.54506856
3,0,0,0.060834944
3,0,0,0.45318747
3,0,0,0.15140395
3,1,0,0.47158256
3,0,0,0.20003362
3,0,0,0.15685663
3,0,1,0.5838446
3,1,1,0.52609086
3,0,1,0.70331603
3,1,0,0.47009596
3,0,0,0.3899888
3,1,0,0.16148338
3,1,1,0.5703934
3,0,1,0.5409438
3,0,0,0.28537208
3,1,0,0.39484975
3,1,1,0.70965755
3,0,1,0.740567
3,0,0,0.23229104
3,0,1,0.7238552
3,1,1,0.7341986
3,1,1,0.78876114
3,0,0,0.15124378
3,1,1,0.6817182
3,1,1,0.75076115
3,1,1,0.7076014
3,0,0,0.14929116
3,1,1,0.9011954
3,1,1,0.59511614
3,0,1,0.7621122
3,0,1,0.527957
3,0,0,0.25762534
3,1,1,0.7543234
3,0,1,0.7173808
3,0,1,0.5519819
3,0,0,0.47341925
3,0,1,0.7403484
3,0,0,0.32917085
3,1,1,0.9227905
3,0,0,0.43135294
3,0,1,0.82491535
3,0,1,0.62133384
3,1,1,0.7277653
3,1,1,0.7238552
3,1,1,0.7341986
3,1,1,0.6817182
3,1,1,0.75076115
3,1,1,0.76833487
3,0,1,0.527957
3,0,0,0.25762534
3,1,1,0.58445734
3,1,1,0.69944215
3,1,0,0.4554765
3,0,1,0.5410329
3,0,1,0.5711343
3,1,1,0.77831024
3,1,1,0.6396572
3,1,0,0.383228
3,1,0,0.24040413
3,1,0,0.38624805
3,1,1,0.6690432
3,1,1,0.8936742
3,1,0,0.21545406
3,0,1,0.529411
3,0,1,0.68174964
3,1,0,0.23939507
3,0,1,0.73534644
3,0,0,0.33905607
3,0,1,0.7171586
3,0,1,0.59458697
3,0,0,0.24053758
3,1,1,0.74541855
3,1,1,0.6974417
3,0,1,0.7289025
3,0,0,0.320302
3,1,1,0.9246112
3,1,1,0.88926005
3,1,1,0.6663878
3,0,1,0.5112867
3,0,0,0.40400115
3,1,1,0.82094264
3,1,1,0.5587391
3,0,0,0.49277663
3,0,0,0.14808632
3,1,1,0.74125844
3,1,1,0.6390592
3,0,0,0.280716
3,0,1,0.8355516
3,0,1,0.6084458
3,1,1,0.58647573
3,1,1,0.7541889
3,1,1,0.76734626
3,0,0,0.4595831
3,0,1,0.54734623
3,1,1,0.8053687
3,1,1,0.71427387
3,0,0,0.12829438
3,0,1,0.58087325
3,0,0,0.43758872
3,0,0,0.2609031
3,0,0,0.24658397
3,0,0,0.41072598
3,0,0,0.4699628
3,0,0,0.34514
3,0,0,0.3001071
3,1,1,0.6935453
3,0,0,0.098876506
3,0,0,0.20001443
3,0,0,0.25423586
3,1,0,0.46419343
3,1,1,0.70675856
3,1,1,0.6654717
3,0,0,0.4189454
3,1,0,0.36952624
3,0,1,0.6724833
3,1,1,0.8277566
3,1,1,0.534377
3,1,1,0.80228525
3,1,1,0.51111585
3,0,1,0.71220857
3,0,0,0.3908981
3,0,0,0.4798786
3,1,1,0.7695491
3,0,1,0.5414933
3,1,1,0.51597244
3,1,1,0.87044275
3,0,0,0.39872885
3,0,0,0.45847753
3,0,0,0.4453264
3,0,1,0.652889
3,0,1,0.59532595
3,1,1,0.5067284
3,1,1,0.8672637
3,0,1,0.61122835
3,1,1,0.6726606
3,0,0,0.4248092
3,0,0,0.38362184
3,1,1,0.5666298
3,1,1,0.8597771
3,0,1,0.71437424
3,1,1,0.8029516
3,0,0,0.35907766
3,0,0,0.2989132
3,1,1,0.6684052
3,1,1,0.72756785
3,1,1,0.7904943
3,0,0,0.19732833
3,1,0,0.38055152
3,1,1,0.8515497
3,0,1,0.6996101
3,0,0,0.2913304
3,0,1,0.6679337
3,1,1,0.700681
3,0,0,0.37982276
3,1,1,0.81570524
3,0,0,0.2328567
3,0,0,0.08211062
3,0,1,0.62913036
3,0,1,0.80477923
3,1,1,0.607964
3,1,1,0.8031862
3,1,1,0.7486015
3,1,1,0.8572741
3,0,1,0.50127494
3,1,1,0.6142964
3,0,0,0.42954728
3,0,0,0.3911456
3,1,1,0.7243896
3,0,0,0.14536977
3,1,1,0.82596356
3,1,0,0.49804965
3,1,1,0.63950616
3,0,0,0.34478727
3,0,0,0.48498356
3,0,0,0.27555144
3,0,1,0.56527203
3,1,0,0.24197863
3,0,0,0.3920513
3,0,0,0.119670354
3,1,1,0.87689
3,1,1,0.8727247
3,0,0,0.489426
3,1,1,0.92616796
3,0,1,0.6706282
3,1,1,0.8109327
3,0,0,0.28501946
3,1,1,0.7006612
3,0,0,0.41144866
3,1,0,0.488367
3,0,0,0.18323207
3,1,1,0.5328454
3,1,0,0.2814336
3,1,1,0.7973507
3,1,1,0.7976467
3,0,0,0.30585745
3,0,1,0.70382404
3,1,1,0.52799314
3,1,1,0.8809403
3,1,1,0.6587025
3,0,0,0.40915936
3,1,1,0.50816643
3,1,0,0.07711561
3,0,1,0.6868019
3,0,0,0.32672298
3,0,1,0.5215352
3,1,1,0.82074434
3,1,0,0.35967383
3,1,1,0.5041325
3,1,1,0.55179167
3,0,0,0.4813734
3,1,1,0.5910198
3,1,1,0.7158003
3,0,0,0.46792826
3,0,1,0.7584624
3,0,1,0.83562183
3,0,1,0.6594456
3,1,1,0.75295043
3,1,1,0.7750765
3,1,1,0.6711008
3,0,0,0.3613616
3,0,0,0.107543424
3,0,0,0.44785023
3,1,1,0.87258923
3,1,0,0.4161462
3,1,1,0.6349502
3,0,1,0.79756194
3,0,1,0.66244304
3,0,1,0.59067696
3,0,0,0.49355513
3,1,1,0.8999067
3,1,1,0.61928254
3,1,1,0.728658
3,1,1,0.9059303
3,1,1,0.71197957
3,0,1,0.64904004
3,0,1,0.6553934
3,0,1,0.5625846
3,0,1,0.6044048
3,1,1,0.6709798
3,1,1,0.5609256
3,1,1,0.6598731
3,1,1,0.7869418
3,0,0,0.41937062
3,0,1,0.6670129
3,1,1,0.5722228
3,1,1,0.793711
3,1,0,0.31157592
3,0,1,0.57436043
3,0,0,0.3344455
3,0,0,0.2313175
3,0,0,0.19414936
3,1,1,0.5124479
3,0,0,0.45848426
3,1,1,0.8063796
3,1,1,0.81778735
3,1,1,0.9352782
3,1,1,0.7815963
3,0,0,0.40510568
3,1,1,0.6576488
3,0,1,0.87790895
3,0,1,0.6074427
3,0,0,0.12153604
3,0,0,0.466065
3,0,0,0.4059382
3,0,0,0.3038681
3,1,1,0.8385989
3,1,1,0.63972026
3,1,0,0.37817544
3,0,0,0.21724781
3,0,0,0.1405582
3,1,0,0.43704385
3,1,1,0.78725266
3,0,0,0.48482987
3,1,1,0.5994416
3,0,1,0.6810663
3,0,0,0.48523003
3,1,1,0.58421147
3,0,1,0.555449
3,1,0,0.41956332
3,1,1,0.72561216
3,0,0,0.2923127
3,0,0,0.14500383
3,0,0,0.43370092
3,0,1,0.76470745
3,0,1,0.8797381
3,1,1,0.5894753
3,1,0,0.48800427
3,1,1,0.50615925
3,1,1,0.6507192
3,1,1,0.64549375
3,0,0,0.49885464
3,0,0,0.27702275
3,1,1,0.67663103
3,0,1,0.5644411
3,1,1,0.618125
3,0,1,0.82771987
3,0,0,0.43523446
3,0,1,0.66430295
3,0,1,0.67972827
3,1,1,0.51174605
3,0,0,0.2929248
3,0,0,0.45369473
3,0,0,0.08237036
3,0,0,0.40048206
3,1,0,0.46065217
3,1,0,0.45821413
3,1,0,0.26224127
3,0,0,0.4161751
3,0,0,0.0957863
3,1,0,0.4954928
3,0,0,0.14956984
3,1,0,0.15428378
3,1,0,0.47516328
3,0,0,0.23513001
3,0,0,0.118107826
3,1,0,0.48770854
3,0,0,0.235096
3,0,0,0.25800672
3,0,0,0.13818538
3,1,0,0.17947759
3,0,0,0.24937977
3,0,0,0.46854362
3,1,1,0.6291787
3,1,0,0.19241603
3,0,0,0.10184907
3,1,0,0.48541763
3,0,0,0.24054098
3,1,1,0.5584901
3,1,0,0.36886328
3,0,0,0.42620128
3,0,0,0.23401067
3,1,0,0.109028645
3,0,0,0.32220334
3,1,0,0.44809774
3,0,0,0.44449398
3,1,1,0.6417273
3,1,0,0.44436014
3,1,0,0.31964335
3,0,0,0.1532722
3,0,0,0.15373757
3,0,0,0.31365088
3,0,0,0.11428484
3,0,0,0.40841883
3,0,0,0.18302184
3,0,0,0.14263625
3,1,0,0.23137905
3,0,0,0.35796046
3,0,0,0.20773384
3,1,1,0.52190185
3,0,1,0.55498475
3,0,0,0.123204336
3,0,0,0.21885698
3,0,0,0.41282663
3,0,1,0.77448994
3,0,0,0.109675065
3,0,0,0.20967089
3,1,1,0.6754995
3,0,0,0.13484575
3,0,0,0.37624356
3,0,0,0.09663151
3,0,1,0.61894834
3,0,0,0.27275312
3,1,1,0.5472435
3,1,0,0.2537584
3,0,0,0.26255256
3,0,0,0.3899774
3,0,0,0.39506546
3,0,0,0.41574848
3,0,0,0.3337555
3,0,0,0.14543794
3,1,0,0.20910701
3,0,0,0.18335755
3,0,0,0.27950618
3,0,0,0.08418993
3,0,0,0.45745954
3,0,0,0.18883075
3,0,1,0.61666465
3,0,0,0.25517607
3,1,0,0.3239298
3,1,1,0.52257764
3,0,0,0.13945864
3,1,1,0.5105524
3,1,0,0.27471176
3,1,0,0.25288287
3,0,1,0.52311796
3,1,0,0.21930258
3,0,0,0.38122004
3,0,0,0.25799888
3,1,1,0.5696525
3,0,1,0.5003699
3,0,0,0.13346083
3,1,1,0.81800157
3,1,0,0.15035273
3,1,1,0.5043491
3,0,0,0.17100775
3,0,1,0.5711549
3,0,0,0.4244617
3,0,0,0.14474441
3,0,0,0.122094065
3,1,0,0.24132529
3,0,1,0.6578909
3,0,0,0.47323713
3,1,1,0.52079576
3,0,0,0.32614532
3,1,0,0.27018395
3,0,0,0.36082962
3,1,1,0.5806613
3,0,0,0.19087175
3,0,0,0.24151
3,1,1,0.5778046
3,0,0,0.07994868
3,0,0,0.20289622
3,0,0,0.13809474
3,1,1,0.8260887
3,1,1,0.61263853
3,0,1,0.6133511
3,0,0,0.39799145
3,1,0,0.4378096
3,0,1,0.52174014
3,0,0,0.4739278
3,1,0,0.39562944
3,1,0,0.43158585
3,0,1,0.7783041
3,1,1,0.65008163
3,1,1,0.8121887
3,0,1,0.5181299
3,1,1,0.7382303
3,1,1,0.7451476
3,0,0,0.26035172
3,1,1,0.64952636
3,1,0,0.1372997
3,1,1,0.84478647
3,1,1,0.7532756
3,0,1,0.6923233
3,1,1,0.895171
3,1,0,0.36484468
3,0,1,0.8822785
3,0,0,0.33448347
3,0,0,0.49825847
3,0,1,0.6034324
3,0,0,0.45998424
3,0,1,0.7733533
3,1,1,0.8761175
3,0,0,0.3272436
3,1,1,0.80451393
3,1,1,0.85086775
3,1,1,0.5762868
3,0,1,0.65286684
3,1,1,0.8127937
3,0,1,0.7608168
3,1,1,0.78674597
3,1,1,0.92036796
3,1,1,0.8883343
3,0,1,0.88481367
3,0,1,0.6583331
3,0,0,0.44671696
3,1,1,0.7227563
3,0,1,0.6375532
3,1,0,0.30536428
3,0,0,0.44429493
3,0,0,0.44114685
3,1,1,0.71178085
3,1,1,0.6455964
3,1,1,0.80551887
3,1,1,0.8842211
3,0,0,0.35829994
3,0,0,0.38588795
3,1,0,0.4427258
3,1,1,0.7403242
3,0,0,0.36704102
3,1,1,0.6077284
3,1,1,0.86381006
3,0,0,0.42584658
3,0,0,0.31710798
3,0,1,0.7106502
3,0,1,0.58921546
3,0,0,0.24815159
3,1,1,0.5902649
3,0,0,0.17817166
3,1,1,0.60202175
3,1,0,0.3664722
3,0,0,0.07011555
3,0,1,0.9081011
3,0,1,0.50518155
3,1,1,0.61084354
3,1,0,0.4467884
3,0,0,0.28820053
3,0,1,0.63237447
3,0,0,0.370967
3,0,0,0.38288546
3,0,0,0.3971148
3,1,0,0.42227125
3,1,0,0.43602186
3,1,1,0.5668911
3,1,0,0.42107627
3,0,0,0.23746526
3,0,0,0.094086014
3,1,0,0.4324737
3,1,0,0.29605478
3,0,0,0.48449185
3,0,1,0.59684247
3,0,1,0.6388331
3,1,1,0.5555397
3,1,0,0.34442547
3,0,0,0.42592445
3,1,1,0.5024674
3,0,0,0.44040072
3,0,1,0.59621274
3,1,0,0.43018904
3,0,0,0.18778907
3,0,1,0.55413014
3,0,0,0.47937664
3,1,0,0.43848827
3,0,0,0.41345686
3,1,1,0.5209354
3,0,1,0.52633065
3,0,1,0.5005345
3,0,0,0.49127296
3,1,1,0.59459114
3,0,0,0.4341788
3,1,1,0.8155251
3,0,0,0.49364215
3,0,0,0.47470492
3,0,1,0.6101797
3,0,1,0.5142541
3,0,0,0.43647423
3,1,0,0.26586553
3,1,1,0.58450043
3,1,0,0.4984809
3,1,1,0.7985097
3,0,0,0.05890053
3,1,1,0.59992856
3,0,1,0.7029466
3,0,1,0.61889327
3,0,1,0.7124254
3,0,0,0.41934195
3,1,1,0.75026286
3,0,1,0.7520712
3,1,1,0.8186865
3,1,1,0.8011373
3,1,1,0.8838042
3,0,0,0.39682922
3,0,1,0.67107177
3,0,1,0.6577997
3,1,1,0.7604888
3,1,1,0.832751
3,1,0,0.15252702
3,0,1,0.5760424
3,1,1,0.89547217
3,1,1,0.77608687
3,0,1,0.69537085
3,1,1,0.7637481
3,1,1,0.7552128
3,0,1,0.5931443
3,0,1,0.8512635
3,1,1,0.6293864
3,0,1,0.7877287
3,1,1,0.87650263
3,0,1,0.5746901
3,0,0,0.47788996
3,0,1,0.72122115
3,1,1,0.8758756
3,1,1,0.84371114
3,0,1,0.598711
3,0,0,0.39524335
3,1,1,0.78348416
3,1,1,0.8667453
3,1,1,0.9219443
3,1,1,0.85915446
3,1,1,0.79273325
3,1,1,0.68984926
3,0,0,0.48528948
3,0,1,0.57414937
3,0,1,0.6784096
3,1,1,0.81651086
3,1,1,0.82148397
3,1,1,0.7604208
3,1,0,0.09280662
3,1,1,0.8339951
3,0,1,0.5044216
3,0,1,0.706512
3,0,0,0.4211177
3,1,1,0.7225228
3,0,0,0.4686486
3,1,0,0.4521906
3,0,1,0.6980788
3,0,1,0.5518521
3,0,0,0.2820405
3,0,0,0.40067708
3,0,0,0.4324299
3,0,0,0.41855827
3,0,0,0.44873375
3,1,1,0.7146239
3,0,0,0.39650586
3,0,0,0.49177366
3,1,1,0.72464514
3,0,1,0.5233963
3,1,1,0.56870455
3,0,0,0.3431743
3,1,1,0.670996
3,1,1,0.70839053
3,0,0,0.4008057
3,0,0,0.43041888
3,0,0,0.42938176
3,1,0,0.41332152
3,1,1,0.79521126
3,0,0,0.20590433
3,0,0,0.4489914
3,1,1,0.69278663
3,0,0,0.47256172
3,0,0,0.4063609
3,0,0,0.33738256
3,1,1,0.696228
3,1,1,0.7858502
3,1,1,0.71092105
3,1,1,0.7158589
3,1,1,0.77582705
3,0,1,0.5475895
3,0,0,0.12754256
3,1,1,0.6719155
3,1,0,0.25996524
3,0,0,0.40434366
3,0,0,0.13613047
3,0,0,0.22747642
3,0,0,0.26514295
3,0,1,0.60682666
3,1,1,0.51073235
3,1,1,0.5903449
3,1,0,0.2607377
3,1,1,0.7461121
3,1,1,0.83036566
3,1,0,0.49081206
3,0,1,0.5412008
3,0,0,0.32282966
3,0,0,0.3824446
3,0,0,0.39899048
3,0,0,0.35630062
3,1,1,0.5448231
3,1,1,0.5539036
3,0,0,0.15584104
3,0,0,0.28135863
3,0,0,0.3750203
3,0,0,0.4964731
3,0,0,0.22017078
3,0,0,0.13320147
3,1,0,0.46022448
3,0,0,0.45946732
3,0,1,0.7323934
3,0,0,0.14385648
3,0,0,0.1538078
3,0,0,0.15993083
3,0,0,0.25047678
3,1,1,0.5608032
3,0,1,0.6699911
3,1,0,0.49410513
3,1,0,0.49765366
3,1,1,0.81454927
3,1,1,0.56836724
3,1,1,0.7505884
3,1,1,0.64898586
3,1,1,0.8331843
3,1,1,0.76121545
3,1,0,0.37548137
3,1,1,0.6476106
3,1,1,0.89081275
3,1,1,0.69024944
3,1,1,0.53369457
3,0,0,0.107926585
3,0,0,0.09099496
3,1,1,0.6333849
3,0,1,0.59352624
3,0,1,0.52385235
3,1,0,0.48598424
3,0,1,0.578722
3,1,1,0.65192074
3,0,1,0.89982754
3,0,1,0.6384957
3,0,0,0.37977692
3,1,1,0.6601079
3,1,1,0.5581519
3,0,1,0.5148019
3,1,1,0.5345665
3,1,1,0.7497761
3,0,0,0.37479946
3,0,0,0.19381888
3,0,0,0.1485864
3,1,1,0.6779782
3,0,0,0.14378798
3,0,0,0.09109702
3,0,1,0.53146887
3,1,1,0.65212435
3,1,0,0.3548849
3,1,1,0.55679995
3,1,1,0.50708336
3,0,0,0.22422731
3,1,0,0.19707179
3,1,1,0.68936336
3,0,1,0.56983596
3,0,1,0.612452
3,0,0,0.46095398
3,0,1,0.5377352
3,0,0,0.22278072
3,0,0,0.110296726
3,1,1,0.7168444
3,0,0,0.12930733
3,0,1,0.81203765
3,1,1,0.50547045
3,0,1,0.54210234
3,1,1,0.58924234
3,0,1,0.6146727
3,1,0,0.47866789
3,1,1,0.6307699
3,0,1,0.6563257
3,0,0,0.27870044
3,0,1,0.57194066
3,1,1,0.64836264
3,1,0,0.4785818
3,0,0,0.3816004
3,1,1,0.6982751
3,0,0,0.17416008
3,1,1,0.7085642
3,1,1,0.56699944
3,1,1,0.68247885
3,0,0,0.26263586
3,0,0,0.43847635
3,0,0,0.09874088
3,0,1,0.6674685
3,0,0,0.4030816
3,0,0,0.07854716
3,0,0,0.34632856
3,0,1,0.5153608
3,1,1,0.5164245
3,0,0,0.4417866
3,1,1,0.74440056
3,0,0,0.41629305
3,1,1,0.5869835
3,0,1,0.5564464
3,1,1,0.5245356
3,1,0,0.43583822
3,0,0,0.48993203
3,1,1,0.59650093
3,0,1,0.52692306
3,1,1,0.8516784
3,1,0,0.47852132
3,1,1,0.5398096
3,1,1,0.67009693
3,0,0,0.23153852
3,0,1,0.5639816
3,0,0,0.43150008
3,1,1,0.50874466
3,0,1,0.5152689
3,1,1,0.64619464
3,0,1,0.6023713
3,0,0,0.3421187
3,1,1,0.8017381
3,0,1,0.50803775
3,1,1,0.65645856
3,1,1,0.514979
3,0,1,0.54011995
3,1,1,0.66095006
3,1,1,0.6386434
3,0,1,0.67115945
3,1,1,0.55308336
3,0,0,0.31429663
3,0,0,0.14538275
3,0,1,0.67014456
3,0,1,0.5180345
3,0,1,0.6511266
3,0,0,0.40164655
3,0,0,0.19978699
3,0,1,0.55397695
3,1,1,0.5602077
3,0,0,0.2912432
3,1,0,0.20588034
3,1,0,0.08890905
3,1,1,0.8536423
3,1,0,0.2119077
3,0,0,0.11120416
3,0,0,0.3280033
3,0,1,0.6637595
3,1,0,0.43616506
3,1,1,0.6678003
3,0,0,0.40399328
3,0,0,0.32616693
3,1,0,0.47199532
3,0,0,0.17680776
3,0,0,0.1888843
3,1,1,0.8036999
3,0,1,0.6702215
3,0,1,0.5206107
3,0,0,0.1373798
3,0,1,0.5431051
3,1,1,0.62459826
3,1,1,0.6111416
3,1,1,0.80088806
3,1,1,0.73360556
3,1,0,0.36979502
3,0,0,0.14116836
3,0,1,0.5921296
3,1,1,0.6640759
3,1,1,0.8264573
3,0,1,0.75986147
3,0,0,0.35708997
3,0,0,0.1157647
3,1,1,0.69364715
3,0,0,0.49471688
3,0,0,0.28161076
3,1,1,0.7693952
3,1,0,0.4968375
3,1,0,0.1853545
3,1,0,0.37890473
3,0,0,0.17477694
3,0,1,0.6018064
3,1,0,0.19224156
3,0,0,0.16005072
3,0,0,0.27386817
3,0,0,0.13730522
3,0,0,0.34859014
3,0,1,0.5085405
3,1,1,0.5652536
3,0,1,0.6110486
3,0,1,0.7958413
3,1,1,0.73904085
3,0,0,0.49470064
3,1,0,0.12037716
3,0,0,0.13770324
3,0,0,0.35369408
3,1,1,0.61847407
3,0,1,0.5461819
3,1,1,0.60028154
3,1,1,0.58290654
3,1,0,0.4840595
3,1,1,0.69429964
3,0,0,0.3281197
3,0,0,0.27468717
3,0,0,0.13860528
3,1,1,0.6389407
3,0,0,0.44642913
3,1,1,0.78521836
3,0,0,0.23382288
3,1,1,0.50474834
3,0,0,0.354306
3,0,0,0.23849414
3,0,0,0.41532063
3,1,0,0.47024816
3,1,1,0.7340424
3,1,1,0.6879213
3,0,0,0.34652257
3,1,1,0.5398541
3,1,1,0.62157035
3,0,0,0.19157661
3,0,1,0.64585847
3,1,1,0.59638643
3,0,1,0.60045004
3,0,0,0.45894253
3,0,1,0.59467703
3,1,1,0.64710015
3,0,0,0.44733462
3,1,1,0.5610171
3,0,1,0.50098395
3,1,0,0.4350804
3,1,0,0.35174924
3,1,1,0.5766348
3,0,0,0.45447546
3,1,1,0.5936408
3,1,1,0.72429174
3,1,1,0.64198315
3,0,0,0.4945501
3,0,1,0.62742037
3,0,0,0.39157248
3,0,0,0.48005643
3,0,1,0.67334884
3,0,0,0.38677615
3,0,0,0.48087913
3,1,1,0.81153685
3,0,0,0.46290413
3,0,1,0.5354869
3,1,0,0.32958603
3,0,0,0.48608932
3,1,0,0.46169525
3,1,1,0.60220635
3,1,1,0.62976867
3,0,0,0.28384793
3,0,1,0.6632215
3,0,1,0.70762783
3,0,1,0.5355562
3,1,1,0.90727985
3,0,1,0.6631596
3,1,1,0.8017802
3,0,0,0.48851353
3,0,1,0.5521508
3,1,1,0.67229503
3,0,0,0.4369404
3,0,1,0.709958
3,1,0,0.45561436
3,0,1,0.53084344
3,1,1,0.69031316
3,1,1,0.74021906
3,0,0,0.25643957
3,0,1,0.5034336
3,0,1,0.55772346
3,0,1,0.7418382
3,1,0,0.48275533
3,1,1,0.5368345
3,0,0,0.28055125
3,1,0,0.42755476
3,1,1,0.7442526
3,0,0,0.24622995
3,0,0,0.20493242
3,0,0,0.21293814
3,0,0,0.06000852
3,1,1,0.87540346
3,1,1,0.62502974
3,1,0,0.48422554
3,0,0,0.16025032
3,1,1,0.7525891
3,0,0,0.45789972
3,0,0,0.2425632
3,0,1,0.7263641
3,0,0,0.44960466
3,0,0,0.46530965
3,1,1,0.5692079
3,1,1,0.58067197
3,0,1,0.5629001
3,0,1,0.63267493
3,1,1,0.83023304
3,0,1,0.5673192
3,0,1,0.5624225
3,1,1,0.5787572
3,1,0,0.41899836
3,1,1,0.6130067
3,0,0,0.24746028
3,1,1,0.837903
3,0,1,0.6071698
3,0,0,0.12189093
3,1,1,0.53972906
3,0,0,0.17680776
3,1,1,0.7898155
3,1,1,0.5178263
3,0,0,0.31576243
3,1,1,0.6835653
3,0,0,0.4169756
3,0,0,0.17728148
3,1,1,0.65738565
3,1,1,0.68966204
3,0,0,0.10187849
3,0,0,0.17492022
3,1,1,0.5711913
3,1,0,0.37089312
3,0,0,0.12507701
3,1,1,0.78865874
3,0,0,0.48738956
3,0,0,0.18452679
3,0,0,0.37599367
3,0,1,0.5939059
3,1,1,0.69734824
3,1,1,0.69198525
3,0,0,0.30357483
3,1,0,0.48606065
3,1,1,0.5355022
3,0,1,0.84610814
3,1,1,0.7178947
3,1,1,0.61206394
3,0,0,0.41840538
3,0,0,0.1886547
3,0,0,0.13851334
3,1,1,0.7248815
3,0,1,0.61633193
3,1,1,0.519978
3,1,0,0.45630693
3,0,0,0.4958796
3,0,0,0.45369914
3,1,1,0.5356274
3,0,1,0.59565014
3,0,0,0.11454809
3,1,1,0.5589812
3,0,1,0.5594599
3,0,1,0.6231169
3,1,1,0.5082843
3,0,1,0.6461402
3,1,1,0.5378447
3,0,1,0.5511771
3,0,0,0.46561036
3,0,1,0.553577
3,0,0,0.12195693
3,0,1,0.5246508
3,0,1,0.5322429
3,1,1,0.5707266
3,0,1,0.5309873
3,0,1,0.53896224
3,0,0,0.28753656
3,0,0,0.21752435
3,0,1,0.5356517
3,0,0,0.34361017
3,0,1,0.72226965
3,0,1,0.5842989
3,1,1,0.5847054
3,0,1,0.6514812
3,1,1,0.5123854
3,1,1,0.5178504
3,0,1,0.59792715
3,0,0,0.4708643
3,1,1,0.5607312
3,1,1,0.5510788
3,1,1,0.6004231
3,1,1,0.63760597
3,1,1,0.6162744
3,1,0,0.4431241
3,0,1,0.55460256
3,1,0,0.31554973
3,1,0,0.40510395
3,1,1,0.58110917
3,0,0,0.4303586
3,1,0,0.4315551
3,1,1,0.6966879
3,0,0,0.35304004
3,1,1,0.52031535
3,0,1,0.6053482
3,0,1,0.6029647
3,1,0,0.48075968
3,1,0,0.4882335
3,1,1,0.60318834
3,0,0,0.32773885
3,0,1,0.58330536
3,1,0,0.49864355
3,0,1,0.6837855
3,0,0,0.31538528
3,0,0,0.45594686
3,0,1,0.54801494
3,0,1,0.5181797
3,0,0,0.35172158
3,0,0,0.4983565
3,1,1,0.60699975
3,0,0,0.4318137
3,0,0,0.4481237
3,0,1,0.5747165
3,0,0,0.38218123
3,1,0,0.40209293
3,0,0,0.32272997
3,1,1,0.87024677
3,0,1,0.73979986
3,0,1,0.5454031
3,0,0,0.13716598
3,1,1,0.70180875
3,0,1,0.73830974
3,1,1,0.6982284
3,0,0,0.13059855
3,0,0,0.14799723
3,0,0,0.08696331
3,1,1,0.7622584
3,1,1,0.6700589
3,1,0,0.4848738
3,1,0,0.12372842
3,0,0,0.1464537
3,0,0,0.13888983
3,0,1,0.56140214
3,0,1,0.7134876
3,0,1,0.71244407
3,1,1,0.8335444
3,0,1,0.5753403
3,1,0,0.49266535
3,1,0,0.3835961
3,0,0,0.46628842
3,1,0,0.48344517
3,0,1,0.60399616
3,0,0,0.395612
3,1,1,0.8761726
3,0,1,0.5825954
3,1,1,0.60038835
3,0,0,0.12130369
3,0,1,0.5950354
3,0,0,0.38422513
3,1,1,0.5190887
3,1,0,0.13253234
3,0,0,0.10696396
3,0,0,0.094935596
3,1,1,0.5139172
3,0,1,0.8166784
3,0,1,0.546475
3,0,0,0.4664048
3,0,1,0.5396978
3,0,1,0.51572376
3,0,0,0.24787396
3,1,0,0.4596568
3,1,0,0.24093315
3,0,0,0.10899797
3,0,1,0.6157869
3,1,1,0.6318233
3,1,1,0.6692273
3,0,1,0.61766785
3,0,0,0.48086837
3,1,1,0.5705561
3,0,1,0.55224496
3,1,1,0.57765144
3,0,1,0.58502114
3,1,1,0.585801
3,1,1,0.6993441
3,0,1,0.5928158
3,1,1,0.6972599
3,1,1,0.6106735
3,1,1,0.62972707
3,1,1,0.55379385
3,0,1,0.77643186
3,0,0,0.4884568
3,1,1,0.5319755
3,0,1,0.65400857
3,1,1,0.50549996
3,1,1,0.64715236
3,1,1,0.86236954
3,0,0,0.4832891
3,1,1,0.6578286
3,0,0,0.45256644
3,1,1,0.64097923
3,0,0,0.33585405
3,0,0,0.21173048
3,1,1,0.5838024
3,1,1,0.7069558
3,0,0,0.27117768
3,1,1,0.586528
3,0,0,0.14085591
3,1,1,0.72672385
3,1,0,0.32440466
3,1,1,0.57184935
3,0,0,0.19817978
3,0,0,0.47176027
3,0,0,0.087315485
3,1,0,0.41133165
3,0,1,0.51598984
3,0,0,0.3155829
3,1,1,0.6503014
3,0,1,0.5689105
3,1,1,0.5728132
3,1,0,0.45390132
3,0,0,0.46116993
3,1,1,0.5107641
3,1,1,0.5500418
3,0,0,0.37938347
3,0,0,0.19247429
3,0,0,0.2213575
3,1,1,0.57528424
3,1,1,0.78156024
3,0,1,0.5803753
3,1,1,0.6510658
3,0,0,0.46731582
3,1,1,0.594885
3,0,0,0.119412154
3,1,0,0.48458025
3,1,1,0.6720959
3,0,0,0.38102672
3,1,1,0.8473811
3,0,1,0.63569033
3,0,1,0.5512517
3,1,1,0.66085666
3,1,0,0.42631322
3,0,0,0.46207255
3,1,1,0.62175596
3,0,1,0.54911894
3,0,1,0.5370466
3,0,0,0.26483265
3,1,0,0.122480884
3,0,0,0.2761874
3,1,0,0.38840014
3,1,1,0.71602106
3,0,1,0.57888585
3,1,1,0.5550599
3,0,0,0.2518825
3,0,1,0.6338365
3,1,1,0.5349071
3,0,0,0.45785147
3,0,1,0.5926829
3,0,1,0.58314514
3,0,1,0.64797103
3,1,1,0.591962
3,0,0,0.47916955
3,1,0,0.4666737
3,1,1,0.61199796
3,0,1,0.77095604
3,0,1,0.7624963
3,0,0,0.13030006
3,1,1,0.6333183
3,0,1,0.58912134
3,1,1,0.7256607
3,0,0,0.32407063
3,1,1,0.74413204
3,1,0,0.2094969
3,1,1,0.5917673
3,1,1,0.5006726
3,1,1,0.66293055
3,0,1,0.52038187
3,1,1,0.6695242
3,1,1,0.6736525
3,1,1,0.6061803
3,0,1,0.61446804
3,0,0,0.33370352
3,1,1,0.5618278
3,1,1,0.74834895
3,1,1,0.6036411
3,1,1,0.5196741
3,1,1,0.6077935
3,0,1,0.57259816
3,1,1,0.6842276
3,0,1,0.63988656
3,0,1,0.57534796
3,1,0,0.49963024
3,0,0,0.31539255
3,0,0,0.4644955
3,1,1,0.6348928
3,0,0,0.42031255
3,0,0,0.40271583
3,0,0,0.29185906
3,0,0,0.08367797
3,0,0,0.13269165
3,0,1,0.6558886
3,0,0,0.10706291
3,1,1,0.50829047
3,1,1,0.567913
3,0,0,0.113082916
3,0,0,0.25886485
3,0,0,0.39209136
3,0,0,0.36687067
3,0,1,0.6677271
3,1,1,0.55197847
3,1,1,0.55281496
3,1,1,0.55173784
3,1,1,0.51263034
3,1,1,0.6820105
3,0,0,0.36675283
3,1,1,0.5182512
3,1,0,0.431577
3,1,1,0.58776957
3,1,0,0.49392995
3,0,1,0.542624
3,0,0,0.12904032
3,0,1,0.5631561
3,0,1,0.5742012
3,1,1,0.5244962
3,1,1,0.71677756
3,0,0,0.42850634
3,0,1,0.6197332
3,1,1,0.71380794
3,0,0,0.20455427
3,0,0,0.18565072
3,1,1,0.5331502
3,1,1,0.64130586
3,0,0,0.13448521
3,0,0,0.23869231
3,1,0,0.24358
3,0,0,0.28647682
3,0,1,0.91864413
3,0,0,0.43839252
3,0,0,0.19631083
3,0,0,0.19013162
3,1,0,0.39357346
3,1,1,0.6404284
3,1,1,0.63177514
3,1,0,0.43462968
3,0,0,0.102872856
3,1,0,0.3092595
3,1,0,0.14638467
3,0,1,0.6367612
3,1,1,0.77132136
3,0,1,0.68228906
3,1,1,0.6423215
3,1,1,0.5463062
3,1,1,0.5558236
3,0,1,0.632501
3,1,1,0.6762234
3,1,1,0.5665051
3,0,1,0.62455297
3,0,1,0.55071825
3,0,1,0.5848167
3,1,1,0.6281908
3,1,1,0.7476036
3,0,0,0.4272889
3,0,0,0.31024405
3,1,1,0.76882356
3,0,0,0.096696675
3,1,0,0.38499856
3,0,0,0.14361233
3,0,0,0.16531868
3,0,0,0.11775809
3,0,0,0.323778
3,1,1,0.6219816
3,1,1,0.6591649
3,1,1,0.7632253
3,1,1,0.62625146
3,1,1,0.6250723
3,0,0,0.3601996
3,1,0,0.15368998
3,1,1,0.7910066
3,1,1,0.6502376
3,0,1,0.6472074
3,1,0,0.44239312
3,1,1,0.8125945
3,1,1,0.7575504
3,1,1,0.846191
3,1,0,0.26879376
3,0,0,0.25619158
3,0,0,0.25021732
3,0,0,0.12861896
3,0,0,0.19227292
3,1,1,0.5881821
3,0,0,0.17276631
3,0,0,0.16655706
3,0,0,0.23525403
3,1,1,0.7335481
3,0,0,0.25003174
3,0,0,0.20363252
3,1,0,0.36107078
3,1,1,0.62557894
3,0,0,0.15459149
3,0,0,0.11777107
3,0,0,0.11163746
3,1,0,0.36886495
3,1,0,0.32822707
3,1,1,0.5195261
3,0,0,0.09521477
3,0,1,0.67055625
3,0,1,0.6406859
3,0,1,0.71890336
3,1,0,0.18256661
3,0,0,0.36011368
3,0,0,0.22259508
3,1,1,0.7406435
3,0,0,0.18498373
3,0,0,0.0725197
3,0,0,0.37008476
3,0,0,0.21650362
3,0,0,0.23340173
3,1,1,0.7493168
3,0,0,0.34376225
3,0,1,0.803274
3,0,0,0.13170087
3,0,0,0.23251277
3,1,0,0.25827447
3,0,0,0.3073823
3,0,0,0.09381152
3,0,0,0.25140074
3,0,0,0.25016442
3,0,0,0.15378872
3,0,0,0.4677626
3,0,0,0.35936552
3,0,0,0.13902141
3,1,1,0.52137035
3,0,0,0.43092296
3,1,1,0.5547011
3,1,0,0.38258505
3,0,0,0.3703849
3,1,1,0.56495386
3,1,1,0.51134557
3,1,0,0.33709443
3,0,0,0.44437695
3,1,1,0.7274233
3,0,1,0.5725438
3,0,1,0.65583587
3,0,0,0.33740368
3,1,1,0.5405096
3,0,0,0.19415338
3,0,1,0.5867152
3,0,0,0.20131421
3,1,1,0.5326923
3,1,1,0.74258775
3,1,1,0.6831259
3,0,1,0.58201706
3,0,0,0.19832695
3,0,0,0.43429694
3,1,0,0.42162958
3,0,0,0.27093548
3,0,0,0.07257868
3,1,1,0.64494705
3,0,1,0.6287204
3,0,0,0.2000031
3,1,0,0.47378266
3,0,1,0.57255733
3,1,1,0.7436265
3,0,1,0.5136424
3,1,0,0.3480909
3,1,1,0.80587596
3,1,1,0.61009556
3,1,1,0.6858946
3,0,1,0.5300803
3,0,1,0.5090434
3,0,1,0.5224607
3,1,1,0.52738166
3,0,1,0.50213987
3,0,0,0.4083615
3,0,0,0.31664592
3,0,1,0.61312085
3,1,1,0.51528573
3,0,0,0.3306489
3,0,0,0.38805732
3,0,0,0.14726585
3,1,1,0.67157304
3,1,1,0.63501126
3,0,0,0.45441127
3,0,1,0.5070305
3,0,1,0.57602173
3,1,1,0.78606457
3,0,1,0.6999401
3,1,0,0.4642588
3,0,0,0.2098842
3,0,0,0.253486
3,1,1,0.6166668
3,1,1,0.70060134
3,1,1,0.61883366
3,1,1,0.620149
3,1,1,0.619614
3,1,1,0.6746424
3,0,1,0.52137035
3,0,0,0.43092296
3,1,1,0.5547011
3,0,0,0.38258505
3,0,0,0.3703849
3,1,1,0.56495386
3,1,1,0.51134557
3,0,0,0.33709443
3,0,0,0.44437695
3,0,1,0.7274233
3,0,1,0.5725438
3,1,1,0.65583587
3,0,0,0.33740368
3,1,1,0.5405096
3,0,0,0.19415338
3,0,1,0.5867152
3,0,0,0.20131421
3,0,1,0.5326923
3,0,1,0.5476628
3,1,1,0.53634095
3,0,1,0.61011183
3,0,0,0.49975336
3,0,1,0.6258207
3,0,1,0.58707803
3,1,0,0.48926815
3,1,1,0.66981953
3,1,1,0.6078816
3,0,0,0.47835273
3,1,1,0.86218995
3,0,1,0.55599385
3,1,1,0.5381085
3,1,1,0.76564384
3,0,0,0.19202547
3,1,1,0.5847738
3,0,0,0.33221337
3,0,0,0.12209394
3,0,0,0.17473155
3,1,0,0.2336651
3,0,0,0.31693646
3,0,0,0.4336711
3,1,0,0.208672
3,0,0,0.33429012
3,1,1,0.564848
3,0,0,0.46695232
3,1,0,0.42240867
3,1,1,0.7394617
3,1,1,0.84407586
3,1,1,0.6746349
3,1,1,0.6197482
3,0,0,0.072325915
3,0,1,0.6953451
3,1,1,0.6015819
3,1,0,0.49364778
3,0,0,0.4392462
3,0,1,0.5335668
3,1,1,0.59084874
3,1,1,0.69748
3,0,1,0.59865737
3,0,0,0.27663645
3,0,0,0.28110132
3,0,0,0.17995487
3,0,0,0.1660338
3,1,0,0.14341356
3,0,1,0.68026024
3,1,1,0.6654914
3,0,1,0.5363155
3,0,0,0.09405476
3,1,1,0.7143641
3,1,1,0.6184742
3,0,1,0.62836623
3,1,1,0.8351338
3,0,1,0.553643
3,0,1,0.68547666
3,1,1,0.6988728
3,1,1,0.54689
3,0,0,0.38263273
3,1,0,0.26858383
3,1,0,0.45710856
3,1,1,0.7686731
3,1,1,0.62923306
3,1,0,0.49366957
3,1,1,0.56417745
3,0,0,0.49306953
3,0,1,0.6443912
3,0,0,0.41948217
3,1,1,0.53743464
3,0,0,0.39845806
3,1,0,0.36179647
3,0,0,0.49839538
3,0,1,0.9371934
3,0,0,0.47797665
3,0,1,0.56280446
3,0,1,0.71155906
3,1,1,0.5739689
3,1,1,0.61737484
3,1,0,0.40787023
3,1,0,0.45266816
3,0,0,0.17334504
3,0,0,0.11497582
3,0,0,0.19501139
3,1,1,0.6216004
3,0,1,0.52119815
3,1,1,0.67435867
3,1,1,0.5484872
3,1,1,0.72225916
3,0,1,0.58080184
3,1,1,0.5860716
3,0,0,0.18210955
3,1,1,0.5933795
3,1,1,0.57461774
3,1,1,0.64628595
3,1,0,0.40008426
3,0,0,0.3999798
3,0,0,0.4487785
3,1,1,0.59666544
3,1,1,0.65209645
3,1,1,0.734337
3,0,0,0.39257613
3,1,1,0.5689931
3,0,0,0.16394354
3,0,0,0.10732643
3,0,0,0.12815662
3,0,1,0.6969995
3,0,0,0.18339404
3,1,0,0.39817202
3,0,1,0.71180356
3,0,0,0.16680664
3,0,0,0.103811786
3,1,1,0.7193964
3,1,1,0.64579964
3,0,0,0.37441665
3,0,1,0.64604044
3,1,1,0.5998758
3,0,0,0.42488024
3,0,1,0.68331885
3,1,1,0.741368
3,0,0,0.43810052
3,0,1,0.69695413
3,1,1,0.7913333
3,1,1,0.8305818
3,1,1,0.701801
3,0,1,0.7019868
3,0,0,0.13858315
3,0,1,0.73276955
3,1,1,0.58462757
3,1,1,0.5638829
3,1,1,0.68552035
3,0,0,0.44755235
3,1,1,0.70637983
3,1,1,0.59572244
3,0,0,0.22812107
3,0,0,0.17708057
3,0,0,0.090765275
3,1,1,0.6725317
3,1,0,0.42757782
3,1,0,0.45401594
3,0,0,0.09903096
3,1,0,0.39736065
3,0,0,0.44035184
3,0,1,0.5410086
3,0,1,0.60312754
3,1,1,0.5861463
3,0,0,0.40314803
3,0,0,0.46907383
3,1,0,0.2954203
3,0,1,0.7259708
3,1,1,0.6246674
3,0,0,0.23043448
3,0,0,0.22885609
3,0,0,0.20967269
3,1,1,0.70987165
3,0,1,0.56058127
3,0,0,0.36862075
3,0,0,0.11251779
3,0,0,0.21347168
3,0,0,0.4746481
3,0,0,0.33209264
3,1,0,0.44763514
3,1,0,0.457263
3,1,1,0.6405865
3,0,0,0.22138399
3,1,0,0.17387062
3,1,0,0.2141869
3,1,0,0.3184381
3,0,0,0.07190552
3,1,1,0.84395355
3,0,1,0.5268422
3,1,1,0.73820025
3,1,1,0.5693969
3,0,0,0.34013692
3,0,0,0.118916154
3,1,1,0.6060387
3,1,1,0.7354918
3,1,1,0.70683485
3,0,0,0.17104739
3,1,1,0.6903562
3,0,0,0.15181236
3,0,0,0.2522441
3,0,0,0.28486466
3,0,0,0.13418035
3,0,0,0.08352872
3,1,1,0.5361885
3,1,1,0.70428115
3,0,1,0.70493454
3,1,0,0.16597134
3,0,0,0.13103807
3,0,0,0.21391402
3,0,0,0.3320279
3,1,1,0.7272552
3,0,1,0.54545313
3,1,1,0.6376289
3,0,0,0.16218664
3,0,0,0.35149404
3,0,1,0.5773505
3,1,0,0.49932364
3,1,1,0.82964444
3,0,1,0.5981838
3,0,0,0.36429244
3,0,0,0.37121102
3,1,1,0.66310006
3,1,1,0.76339716
3,1,1,0.59185433
3,1,0,0.30048057
3,0,0,0.1910314
3,1,1,0.7128159
3,0,0,0.22465418
3,0,0,0.20667465
3,0,0,0.27692586
3,1,1,0.6007856
3,0,0,0.2824858
3,1,0,0.18636088
3,0,0,0.49729452
3,0,0,0.11778305
3,0,0,0.32884696
3,0,0,0.27531752
3,0,0,0.35161313
3,1,1,0.77708167
3,0,0,0.44594
3,1,1,0.6071908
3,0,0,0.17121792
3,1,1,0.731502
3,1,1,0.5711076
3,0,1,0.51007843
3,0,0,0.24269734
3,0,0,0.1801327
3,0,0,0.3999853
3,0,0,0.12039508
3,0,0,0.11692733
3,1,1,0.7224945
3,0,0,0.3721532
3,1,0,0.25878334
3,1,0,0.2036435
3,0,0,0.12458926
3,1,0,0.1831398
3,1,1,0.7897279
3,1,1,0.5108615
3,0,0,0.4080319
3,1,1,0.71249866
3,0,0,0.16296111
3,0,0,0.14464109
3,0,1,0.5449515
3,1,1,0.57505953
3,0,1,0.5508553
3,0,1,0.60462826
3,1,1,0.7133387
3,0,1,0.7066664
3,1,0,0.42467687
3,0,1,0.66687715
3,0,1,0.53944993
3,0,0,0.4126909
3,1,1,0.79361534
3,1,1,0.7152965
3,1,1,0.5424077
3,1,1,0.6064097
3,1,0,0.10265096
3,1,0,0.45661867
3,0,1,0.69650966
3,0,1,0.6764831
3,0,0,0.48904824
3,0,0,0.46873584
3,1,1,0.6601151
3,0,1,0.59306586
3,0,0,0.34147307
3,0,1,0.5174544
3,0,0,0.35401556
3,1,1,0.9265557
3,0,1,0.7033056
3,1,1,0.7520216
3,0,0,0.30194145
3,1,1,0.7307133
3,0,1,0.5851016
3,0,1,0.56850326
3,0,0,0.35971603
3,1,0,0.32989886
3,0,1,0.7130679
3,1,1,0.5585824
3,0,0,0.17145225
3,1,1,0.6305556
3,0,1,0.7381746
3,0,0,0.36200857
3,1,1,0.586594
3,0,0,0.25519183
3,1,0,0.42530838
3,0,1,0.6302214
3,1,1,0.57909214
3,0,0,0.14178781
3,0,0,0.13300146
3,0,0,0.14147337
3,0,1,0.6278261
3,0,0,0.26841846
3,0,0,0.22334918
3,1,1,0.51538926
3,0,1,0.5735717
3,1,1,0.5740216
3,1,1,0.59184104
3,1,0,0.47940058
3,1,1,0.592002
3,0,1,0.5887258
3,0,0,0.4740973
3,1,1,0.5804861
3,0,1,0.5562216
3,0,0,0.4017489
3,1,1,0.6189974
3,1,0,0.42995563
3,0,1,0.5356151
3,1,1,0.6568376
3,0,0,0.4213953
3,1,1,0.81283283
3,1,1,0.55930644
3,0,0,0.43947837
3,0,0,0.28893688
3,0,0,0.3637733
3,1,1,0.5775878
3,0,1,0.5896716
3,0,0,0.464602
3,1,1,0.7988936
3,0,0,0.49907094
3,0,0,0.45957005
3,0,0,0.09316354
3,0,0,0.14484614
3,1,1,0.53641355
3,0,0,0.44889605
3,0,0,0.45496166
3,0,1,0.56992024
3,1,1,0.6882347
3,0,0,0.15002573
3,1,1,0.5082785
3,1,1,0.5839573
3,1,0,0.4909087
3,0,0,0.45271876
3,0,1,0.5002931
3,1,0,0.36540633
3,0,0,0.46317703
3,1,0,0.32628995
3,0,1,0.636644
3,1,1,0.6707421
3,0,1,0.61682427
3,0,1,0.60258377
3,0,1,0.64542323
3,1,1,0.7774639
3,1,1,0.6663144
3,1,1,0.7035414
3,1,1,0.6214476
3,1,1,0.8747388
3,1,1,0.8052496
3,0,1,0.5573829
3,0,1,0.61363083
3,1,1,0.73197544
3,1,1,0.8325737
3,1,1,0.8393919
3,0,0,0.27623183
3,1,1,0.8357054
3,1,1,0.58240676
3,0,0,0.13700934
3,0,0,0.21514247
3,0,1,0.6942125
3,0,1,0.73717904
3,0,1,0.7056998
3,1,1,0.773755
3,1,1,0.73099214
3,1,1,0.5657667
3,1,1,0.6968794
3,1,1,0.6194357
3,1,1,0.6833992
3,1,1,0.866226
3,1,1,0.8328255
3,1,1,0.67977357
3,0,0,0.16265209
3,1,1,0.53124696
3,0,1,0.5679709
3,0,1,0.5208763
3,0,1,0.59952873
3,0,0,0.49792507
3,1,1,0.6343065
3,1,1,0.55602026
3,1,1,0.6084005
3,0,0,0.44526887
3,0,0,0.28090388
3,0,0,0.09738617
3,0,0,0.17126465
3,1,1,0.9244447
3,0,1,0.8183964
3,1,1,0.7148285
3,1,0,0.2788986
3,0,0,0.18969142
3,0,0,0.13715093
3,0,1,0.50885904
3,0,1,0.6343552
3,1,1,0.75414395
3,1,0,0.10357136
3,1,0,0.2738747
3,0,0,0.25223652
3,0,0,0.11498681
3,1,0,0.16484691
3,1,1,0.7097137
3,0,1,0.61673456
3,1,1,0.50593835
3,0,1,0.7143539
3,1,1,0.6299306
3,0,1,0.51075
3,1,0,0.24086167
3,1,1,0.67333126
3,0,1,0.5351272
3,0,1,0.5311275
3,0,1,0.70331347
3,1,1,0.8579582
3,1,1,0.90642774
3,0,1,0.5666934
3,1,1,0.58547366
3,0,0,0.24992292
3,1,0,0.1790317
3,1,1,0.6286066
3,0,0,0.26668495
3,0,0,0.15439068
3,0,0,0.10966837
3,0,0,0.15833844
3,0,1,0.5788661
3,1,0,0.3301373
3,0,1,0.64729154
3,0,0,0.095676966
3,1,1,0.82860106
3,1,1,0.7153342
3,0,0,0.082773045
3,1,1,0.5870313
3,0,1,0.6110262
3,1,1,0.6835629
3,0,0,0.1361795
3,1,1,0.61492467
3,0,0,0.21744896
3,0,0,0.09159954
3,1,1,0.8287922
3,0,0,0.36234525
3,0,0,0.19800079
3,0,0,0.3394221
3,0,1,0.5192999
3,0,0,0.39751253
3,1,1,0.73998666
3,1,1,0.69531715
3,1,1,0.61377656
3,1,1,0.59488904
3,0,0,0.19432648
3,0,0,0.44888857
3,0,0,0.42747417
3,1,0,0.32557926
3,1,1,0.55774665
3,0,1,0.52086407
3,1,0,0.40255964
3,1,0,0.43529764
3,0,0,0.30768344
3,0,0,0.45249027
3,0,0,0.38656425
3,0,0,0.21527207
3,1,0,0.4785165
3,1,1,0.5783094
3,0,1,0.6681161
3,0,0,0.47592276
3,0,0,0.4598612
3,1,0,0.45959705
3,0,0,0.40085518
3,1,0,0.3156541
3,0,0,0.13437238
3,0,0,0.4777447
3,0,0,0.3157421
3,0,0,0.4433072
3,1,1,0.6034814
3,0,0,0.13461527
3,1,1,0.7905667
3,1,1,0.51482147
3,1,1,0.66164404
3,0,0,0.33923915
3,0,1,0.7609416
3,0,0,0.44121966
3,0,0,0.34059024
3,0,0,0.17871903
3,1,0,0.3043272
3,0,0,0.10276494
3,1,1,0.6688956
3,0,1,0.6925095
3,1,1,0.5839309
3,1,0,0.20039994
3,1,1,0.86614263
3,0,1,0.5464484
3,0,0,0.20980792
3,1,1,0.8652583
3,1,1,0.59882474
3,0,0,0.10315047
3,1,1,0.586832
3,0,0,0.42271972
3,0,1,0.6707009
3,0,0,0.27254128
3,1,0,0.45821548
3,1,0,0.42757338
3,1,1,0.6069745
3,1,1,0.60662204
3,0,0,0.3161675
3,1,0,0.26322955
3,1,1,0.6085242
3,0,0,0.24878916
3,0,0,0.23304562
3,0,1,0.5469479
3,0,1,0.5180673
3,0,1,0.5598659
3,1,0,0.26782915
3,0,0,0.22331725
3,0,0,0.11331135
3,1,1,0.84658605
3,1,1,0.7171458
3,1,0,0.47120965
3,0,0,0.345946
3,0,0,0.25788847
3,1,0,0.17871168
3,0,0,0.33451608
3,0,0,0.35113436
3,0,1,0.5305262
3,0,1,0.6936455
3,0,1,0.5561216
3,1,1,0.51878697
3,0,1,0.6672208
3,1,1,0.694286
3,1,0,0.09755535
3,0,0,0.12951872
3,1,0,0.4402656
3,0,1,0.72866
3,0,0,0.19406545
3,1,0,0.25852308
3,0,0,0.37273842
3,1,1,0.8413647
3,0,1,0.61900055
3,1,1,0.6334878
3,1,1,0.5441445
3,0,1,0.62182957
3,0,0,0.3840384
3,1,1,0.6465187
3,0,0,0.47583398
3,0,0,0.4435782
3,1,1,0.5202819
3,0,1,0.53557456
3,0,1,0.79161173
3,1,1,0.7055409
3,0,0,0.1526451
3,0,0,0.280124
3,1,1,0.60666037
3,1,1,0.65862554
3,0,0,0.48747075
3,1,1,0.8708277
3,1,1,0.6820502
3,0,1,0.5141762
3,1,1,0.7286019
3,1,1,0.6532488
3,1,1,0.6354266
3,0,0,0.3368614
3,1,1,0.82432026
3,0,0,0.26585728
3,0,0,0.38406417
3,1,0,0.252203
3,1,1,0.6922029
3,0,0,0.4172997
3,0,0,0.1686708
3,0,0,0.45213875
3,0,0,0.15597294
3,0,0,0.08871837
3,0,0,0.27746195
3,0,0,0.22158034
3,0,1,0.5011904
3,0,0,0.43649355
3,0,0,0.26361153
3,1,0,0.2563506
3,1,0,0.33984622
3,1,0,0.44463316
3,0,0,0.1154224
3,1,0,0.20486188
3,0,0,0.15651196
3,1,0,0.35960695
3,1,1,0.5498578
3,0,0,0.385714
3,1,0,0.2654841
3,1,0,0.17002788
3,0,1,0.7548085
3,1,1,0.694609
3,0,1,0.6679193
3,0,0,0.21029885
3,0,1,0.60636514
3,0,0,0.2889634
3,1,1,0.546953
3,1,1,0.7616702
3,0,1,0.76090986
3,1,1,0.549873
3,0,0,0.20282046
3,1,1,0.59340936
3,0,0,0.48058143
3,0,0,0.17268531
3,0,0,0.2371802
3,0,1,0.6692247
3,1,1,0.5550003
3,1,1,0.59943813
3,1,0,0.46216595
3,1,1,0.6411326
3,0,0,0.45616686
3,1,1,0.7151889
3,1,1,0.6310992
3,0,1,0.59048986
3,0,1,0.51407784
3,1,1,0.5645704
3,0,1,0.540106
3,0,1,0.72575414
3,1,1,0.6067371
3,0,1,0.6320879
3,0,1,0.5410484
3,0,1,0.608537
3,1,1,0.72393686
3,0,0,0.09957893
3,0,0,0.18661925
3,1,1,0.7747511
3,0,0,0.15657023
3,1,1,0.5846765
3,0,0,0.15455168
3,0,0,0.36217827
3,1,1,0.8402117
3,1,1,0.59060115
3,1,1,0.67750657
3,0,1,0.5097191
3,0,1,0.50467986
3,0,0,0.35945123
3,0,0,0.07253632
3,0,0,0.4268763
3,1,1,0.68347365
3,0,0,0.49627438
3,1,1,0.86321825
3,1,1,0.7369031
3,1,1,0.7775603
3,0,0,0.18802087
3,1,1,0.6322176
3,0,0,0.39190605
3,0,1,0.68558025
3,1,1,0.85802174
3,1,0,0.39352503
3,0,0,0.48138338
3,0,0,0.15068468
3,1,1,0.7484253
3,1,1,0.53417385
3,1,1,0.5846879
3,1,1,0.6689464
3,0,0,0.42153856
3,0,1,0.5827135
3,0,0,0.45201567
3,1,1,0.73158413
3,0,1,0.5379849
3,0,1,0.53033143
3,1,1,0.59461576
3,0,1,0.59742457
3,0,0,0.46235803
3,0,0,0.48515725
3,1,1,0.61552304
3,0,1,0.56052023
3,1,1,0.61516684
3,0,1,0.61435854
3,0,0,0.28972617
3,1,0,0.47980985
3,1,1,0.5685319
3,0,1,0.57682645
3,0,1,0.7016206
3,1,0,0.41356054
3,0,0,0.114989534
3,0,0,0.13744503
3,1,0,0.30506143
3,1,1,0.68181795
3,0,0,0.086227074
3,1,0,0.24473111
3,0,0,0.47022215
3,0,1,0.54561144
3,1,1,0.7271558
3,1,0,0.4389932
3,1,0,0.3302468
3,0,1,0.60483015
3,1,1,0.63735616
3,1,0,0.2978949
3,0,0,0.32236445
3,1,1,0.7991452
3,0,1,0.5402115
3,0,0,0.49297494
3,0,1,0.6468719
3,1,1,0.58481747
3,0,1,0.5493441
3,0,0,0.37168017
3,1,1,0.85409844
3,0,1,0.55235726
3,1,1,0.62065583
3,0,0,0.17385384
3,0,0,0.1786274
3,0,0,0.14930826
3,1,1,0.74929464
3,1,0,0.47985396
3,1,1,0.81026626
3,1,0,0.35639608
3,0,0,0.4817478
3,1,0,0.41345802
3,1,1,0.6254545
3,0,1,0.5304323
3,0,0,0.4755649
3,1,0,0.20178998
3,0,1,0.51115835
3,0,1,0.58463037
3,1,1,0.6685038
3,1,0,0.44094464
3,0,0,0.45549548
3,0,1,0.61838585
3,0,1,0.59720445
3,1,1,0.8694729
3,1,1,0.58807206
3,0,0,0.4254393
3,1,1,0.5967818
3,0,0,0.29031798
3,0,1,0.6275997
3,0,1,0.73952824
3,0,0,0.36103043
3,0,0,0.20572385
3,1,0,0.17554663
3,1,1,0.775127
3,1,1,0.6571563
3,1,1,0.6614035
3,0,0,0.48851994
3,0,0,0.23052382
3,1,1,0.62749666
3,0,1,0.56606936
3,0,1,0.54899305
3,1,1,0.7564208
3,0,0,0.41812104
3,0,1,0.58027065
3,0,0,0.433658
3,0,0,0.17589895
3,0,0,0.3124094
3,0,0,0.36645144
3,0,0,0.14448664
3,1,1,0.72164226
3,0,1,0.6034568
3,1,1,0.7340065
3,1,0,0.47032893
3,1,1,0.5655434
3,1,1,0.79684585
3,1,1,0.80061877
3,0,1,0.6725232
3,1,0,0.16090742
3,1,0,0.3140315
3,1,1,0.7366134
3,1,1,0.5347814
3,0,1,0.6295503
3,1,0,0.48066336
3,1,1,0.53682053
3,0,1,0.5876273
3,0,0,0.35683018
3,0,0,0.24842209
3,1,1,0.8202541
3,0,1,0.7150958
3,0,0,0.15068847
3,0,0,0.16365215
3,1,0,0.40209788
3,0,1,0.59976345
3,0,1,0.7086835
3,0,1,0.6039289
3,0,0,0.2754302
3,0,0,0.13301454
3,0,0,0.48483872
3,1,1,0.8329171
3,1,1,0.5461143
3,1,1,0.6949079
3,0,1,0.55730855
3,1,1,0.60368854
3,0,0,0.3307579
3,0,0,0.1948067
3,0,0,0.30989772
3,1,1,0.64561164
3,1,1,0.5576213
3,0,1,0.60471416
3,0,0,0.35451436
3,0,0,0.17946151
3,0,1,0.77913654
3,1,1,0.6480634
3,0,1,0.5500334
3,1,0,0.45219332
3,0,0,0.12691182
3,1,0,0.16658933
3,1,1,0.6033195
3,0,1,0.51194715
3,1,1,0.75684005
3,1,0,0.11666093
3,1,1,0.5954883
3,0,0,0.21589725
3,0,0,0.22984451
3,0,1,0.7241863
3,0,1,0.5812299
3,1,0,0.49478984
3,0,1,0.6172605
3,0,0,0.18557021
3,0,1,0.7072293
3,0,0,0.29672763
3,0,0,0.1078793
3,1,1,0.7398086
3,1,0,0.37408218
3,0,0,0.13539289
3,1,0,0.39938793
3,1,1,0.79732937
3,1,1,0.6386772
3,1,1,0.5896429
3,0,0,0.26960346
3,0,0,0.392017
3,0,1,0.55057204
3,1,1,0.7155155
3,1,1,0.5814875
3,0,1,0.62276995
3,1,1,0.80938876
3,0,1,0.53951627
3,0,0,0.44542357
3,0,0,0.22677577
3,1,0,0.39796612
3,1,1,0.54282653
3,0,1,0.59790236
3,1,1,0.7132867
3,1,1,0.8181631
3,1,1,0.6308325
3,0,0,0.2252241
3,1,1,0.5620286
3,0,1,0.59470713
3,1,1,0.6438172
3,0,0,0.37138048
3,0,0,0.485487
3,0,1,0.50670654
3,0,1,0.54595727
3,0,0,0.15244432
3,0,1,0.66972536
3,0,1,0.6189365
3,1,1,0.59505457
3,0,0,0.25197402
3,0,0,0.1998127
3,1,1,0.61185306
3,0,1,0.72747356
3,1,0,0.32823732
3,1,1,0.5505238
3,1,0,0.3207737
3,0,1,0.5027467
3,1,1,0.757226
3,1,1,0.59187555
3,1,1,0.58969563
3,0,0,0.47922987
3,0,1,0.54853755
3,1,1,0.57001543
3,1,1,0.57303023
3,0,0,0.4479626
3,0,1,0.59360355
3,0,0,0.49935785
3,1,1,0.65543437
3,0,1,0.5577324
3,0,0,0.49274692
3,1,1,0.5537854
3,1,0,0.46143165
3,1,1,0.6108705
3,0,0,0.13830368
3,0,0,0.100662
3,1,1,0.6164465
3,0,0,0.13010266
3,1,0,0.33964053
3,1,0,0.43489525
3,0,0,0.38693857
3,1,1,0.7838644
3,1,1,0.5345429
3,1,0,0.32396385
3,0,0,0.28175837
3,0,1,0.71104336
3,1,1,0.63821805
3,1,0,0.34027973
3,0,0,0.178408
3,1,1,0.7348151
3,1,1,0.5941189
3,1,0,0.47691473
3,0,0,0.1261674
3,0,0,0.1889938
3,0,0,0.30214992
3,0,0,0.18271366
3,0,1,0.65443116
3,0,1,0.67669845
3,1,0,0.36088222
3,1,1,0.5087664
3,0,0,0.43839446
3,0,0,0.1658947
3,1,0,0.2755778
3,0,0,0.27205473
3,0,1,0.5091228
3,1,1,0.69707584
3,1,0,0.4999074
3,1,1,0.78650653
3,1,1,0.583127
3,1,1,0.72518337
3,0,0,0.4027432
3,1,0,0.46096483
3,0,0,0.11830271
3,0,1,0.6873461
3,0,0,0.13647002
3,1,0,0.4879273
3,0,1,0.6129496
3,1,1,0.622724
3,1,0,0.3707272
3,0,0,0.35641938
3,0,1,0.678528
3,1,0,0.42727342
3,0,0,0.20220362
3,1,1,0.7002882
3,0,1,0.5612158
3,0,0,0.15400124
3,0,0,0.13740216
3,1,1,0.69098854
3,1,0,0.14088675
3,0,0,0.10455591
3,1,1,0.6920091
3,1,1,0.7371403
3,1,1,0.743453
3,0,0,0.13881595
3,0,0,0.20308311
3,0,0,0.20790762
3,0,0,0.26086968
3,0,0,0.11575882
3,0,0,0.35917246
3,1,0,0.19192724
3,0,0,0.4223307
3,0,0,0.11244956
3,0,1,0.556024
3,0,0,0.48771217
3,0,0,0.31795123
3,1,1,0.50354266
3,1,0,0.21775837
3,1,1,0.64330417
3,1,1,0.8712819
3,0,0,0.39811188
3,1,1,0.6954809
3,0,1,0.67781144
3,0,1,0.68042445
3,0,0,0.3268731
3,0,0,0.1785509
3,0,1,0.58572155
3,1,1,0.7370278
3,1,0,0.38986358
3,0,0,0.26699585
3,1,1,0.57438576
3,1,1,0.6554709
3,1,1,0.66364884
3,0,0,0.1573931
3,0,0,0.4719966
3,1,0,0.39199096
3,0,0,0.12599884
3,0,1,0.5261985
3,0,0,0.3013564
3,1,0,0.33109355
3,0,1,0.71524245
3,1,1,0.6490271
3,0,0,0.41064993
3,0,0,0.2357466
3,0,0,0.30306622
3,0,1,0.5322561
3,0,0,0.14307807
3,1,0,0.4941074
3,0,0,0.38702524
3,0,0,0.48588386
3,1,0,0.10064924
3,1,1,0.8434859
3,1,0,0.11275104
3,1,0,0.1618421
3,0,0,0.31736997
3,1,1,0.5127173
3,0,0,0.12173674
3,1,1,0.8110401
3,1,1,0.6370468
3,0,1,0.6390733
3,0,1,0.61437565
3,1,1,0.62671995
3,0,1,0.7490411
3,1,1,0.59244484
3,1,1,0.6689143
3,0,1,0.5652634
3,0,1,0.66871774
3,0,1,0.6810134
3,0,1,0.54026717
3,1,1,0.6115861
3,1,1,0.5324774
3,1,0,0.28347227
3,0,0,0.37306806
3,0,0,0.37054336
3,1,0,0.35519183
3,0,0,0.48662102
3,1,0,0.41148862
3,1,0,0.40116647
3,1,0,0.1494026
3,1,1,0.71420574
3,0,0,0.49288434
3,0,0,0.18512155
3,0,0,0.30713293
3,1,0,0.45073596
3,1,1,0.8915216
3,1,1,0.77884537
3,1,1,0.6585984
3,0,0,0.16555953
3,1,1,0.6409105
3,1,0,0.49986577
3,1,1,0.6328028
3,0,0,0.47738427
3,0,0,0.14919998
3,0,0,0.28367484
3,1,0,0.22704002
3,1,1,0.6863684
3,1,1,0.62474805
3,1,1,0.54048944
3,0,0,0.22828323
3,0,1,0.5669354
3,0,0,0.37972897
3,0,1,0.68994594
3,0,0,0.07852555
3,0,0,0.14457811
3,0,0,0.14814645
3,0,0,0.12169521
3,0,0,0.47180426
3,0,0,0.18268569
3,1,0,0.3935256
3,0,0,0.1333163
3,1,0,0.41098642
3,1,0,0.26950127
3,1,1,0.7031797
3,1,1,0.73520917
3,1,1,0.6195276
3,0,0,0.31997076
3,0,0,0.4866014
3,1,1,0.8679319
3,1,1,0.65230155
3,1,0,0.37078077
3,0,0,0.45563588
3,1,1,0.5495692
3,1,1,0.5120336
3,0,1,0.5069991
3,0,0,0.44852355
3,1,1,0.9312161
3,1,1,0.5904736
3,1,1,0.70683587
3,1,1,0.6014944
3,0,1,0.6514245
3,1,1,0.8177697
3,1,1,0.77760345
3,1,1,0.67636603
3,1,1,0.701073
3,0,1,0.53663474
3,0,1,0.559598
3,0,1,0.573407
3,0,0,0.19492045
3,0,0,0.4650266
3,1,1,0.52279365
3,0,1,0.70507926
3,0,0,0.4885865
3,0,0,0.3384449
3,0,1,0.5910588
3,1,1,0.6411159
3,0,0,0.4673605
3,1,0,0.32784218
3,1,0,0.21808022
3,0,0,0.45482564
3,0,0,0.36341223
3,1,0,0.37170133
3,0,0,0.20229152
3,1,0,0.322107
3,0,0,0.22126842
3,0,0,0.3336613
3,1,0,0.33352348
3,0,0,0.46338677
3,0,0,0.20563254
3,1,1,0.5560455
3,1,1,0.517857
3,0,0,0.30674675
3,1,0,0.3031038
3,0,1,0.5391844
3,1,0,0.3904801
3,1,0,0.3649809
3,0,0,0.13143446
3,0,0,0.19713254
3,0,0,0.13531165
3,1,1,0.6404009
3,0,0,0.17852971
3,0,0,0.15348995
3,0,0,0.11986499
3,1,1,0.72717816
3,1,0,0.43002573
3,1,1,0.6374985
3,0,0,0.4803329
3,1,1,0.5246154
3,1,1,0.5531012
3,0,0,0.48593906
3,1,0,0.48786515
3,1,1,0.5921167
3,0,0,0.48770967
3,1,1,0.5703116
3,1,1,0.6248464
3,0,1,0.5378233
3,1,1,0.51148206
3,0,0,0.47525978
3,1,1,0.69662
3,0,0,0.4973326
3,0,1,0.55189604
3,0,0,0.46136254
3,0,0,0.29415277
3,1,1,0.5555935
3,0,1,0.54990816
3,0,0,0.46388572
3,1,1,0.6752234
3,1,1,0.5664696
3,0,0,0.30532703
3,0,1,0.6126269
3,0,0,0.2772588
3,0,1,0.6085104
3,1,1,0.6407437
3,1,1,0.9547102
3,0,1,0.5964375
3,0,0,0.47992593
3,0,0,0.39245364
3,1,1,0.6614771
3,0,1,0.6444301
3,1,1,0.507258
3,0,0,0.24407779
3,0,0,0.10050956
3,0,0,0.11863645
3,1,1,0.75506616
3,0,0,0.23922811
3,1,0,0.25320894
3,1,0,0.16887313
3,1,0,0.26800206
3,0,0,0.47045678
3,1,1,0.8777188
3,1,1,0.7869541
3,1,1,0.6906613
3,0,0,0.17051518
3,0,1,0.6912213
3,0,1,0.7442157
3,0,1,0.7070516
3,0,1,0.6065485
3,1,0,0.32348236
3,1,1,0.6490202
3,0,1,0.54238963
3,0,1,0.570813
3,1,1,0.66373646
3,1,1,0.7777812
3,0,0,0.2237019
3,1,0,0.35904804
3,0,1,0.5592402
3,0,1,0.5064048
3,0,0,0.35845664
3,1,0,0.45679012
3,0,0,0.4347277
3,0,0,0.30400854
3,1,1,0.6168252
3,1,1,0.5944166
3,1,1,0.81383663
3,1,1,0.62666345
3,1,1,0.7112617
3,0,0,0.17275724
3,1,0,0.39472973
3,0,1,0.5227971
3,0,0,0.4814763
3,0,0,0.46033454
3,1,0,0.45479223
3,0,0,0.34892568
3,0,0,0.2787174
3,0,1,0.75686383
3,1,1,0.5567149
3,1,1,0.51118743
3,1,1,0.63077354
3,1,1,0.6363929
3,1,0,0.1409438
3,0,0,0.28552276
3,0,0,0.20476191
3,0,1,0.60470426
3,0,1,0.5875345
3,0,1,0.5633447
3,0,1,0.59887415
3,1,1,0.5897719
3,1,1,0.5124565
3,1,0,0.4312342
3,0,1,0.5508331
3,0,0,0.45736352
3,0,0,0.4667878
3,0,0,0.39199883
3,1,1,0.7051832
3,0,1,0.73261875
3,1,1,0.5283886
3,0,1,0.6105736
3,0,1,0.7270609
3,1,0,0.4292501
3,1,1,0.5935188
3,0,0,0.38032722
3,1,1,0.84693444
3,1,1,0.8142483
3,0,1,0.55355865
3,0,0,0.09256707
3,0,0,0.14007352
3,1,1,0.5918885
3,1,1,0.6279971
3,0,1,0.5146697
3,1,1,0.5999855
3,0,0,0.22226436
3,0,0,0.38780725
3,0,0,0.18378638
3,1,1,0.77656025
3,1,1,0.6747738
3,1,1,0.56921405
3,1,1,0.6687857
3,1,0,0.49165067
3,0,0,0.2915615
3,0,1,0.7213312
3,0,0,0.42252943
3,0,1,0.5800715
3,1,1,0.658263
3,1,0,0.32235467
3,0,0,0.3169788
3,0,0,0.12507147
3,0,0,0.42183626
3,0,1,0.84566724
3,1,0,0.25594276
3,1,1,0.68936247
3,0,0,0.32501498
3,1,1,0.6233988
3,0,0,0.34232932
3,0,1,0.54691184
3,0,1,0.75420856
3,1,1,0.7667154
3,0,1,0.6261059
3,1,1,0.8585689
3,1,1,0.7419602
3,0,0,0.46271685
3,0,0,0.4769043
3,1,1,0.77121645
3,0,0,0.17854227
3,0,1,0.5733746
3,0,1,0.6142865
3,1,1,0.5417079
3,1,0,0.35157216
3,0,0,0.37648305
3,0,1,0.650535
3,1,1,0.7307241
3,0,1,0.54596657
3,0,1,0.5891443
3,0,0,0.38992122
3,0,0,0.38822722
3,1,0,0.34588158
3,1,1,0.5759358
3,1,1,0.85685825
3,1,1,0.6140913
3,0,0,0.4763543
3,0,0,0.34597507
3,1,1,0.7664423
3,1,1,0.7086385
3,0,1,0.682472
3,1,1,0.6958414
3,0,1,0.64514124
3,1,0,0.38325083
3,1,1,0.5587744
3,1,1,0.67621547
3,1,1,0.5234578
3,0,1,0.6083219
3,0,1,0.83704716
3,0,1,0.51224476
3,0,0,0.48122954
3,1,1,0.55333644
3,1,1,0.7147525
3,1,1,0.6736749
3,0,1,0.7371445
3,1,1,0.8217575
3,1,1,0.6297555
3,1,1,0.8942727
3,1,0,0.46665916
3,1,0,0.47525498
3,0,0,0.38016966
3,0,0,0.22865522
3,0,1,0.54059625
3,0,1,0.6402808
3,1,1,0.608815
3,0,0,0.1006349
3,1,1,0.53561115
3,1,1,0.7325177
3,1,1,0.7030487
3,1,1,0.5529552
3,0,1,0.5490413
3,1,1,0.6346278
3,0,0,0.47900346
3,1,0,0.2518822
3,0,0,0.33591238
3,0,1,0.70023984
3,1,0,0.45773768
3,0,0,0.46278563
3,0,0,0.4748984
3,0,1,0.50403136
3,0,0,0.1739346
3,1,0,0.4661697
3,0,0,0.34096923
3,1,0,0.3842707
3,0,0,0.49942487
3,0,0,0.40891534
3,0,0,0.42949748
3,1,0,0.20477927
3,1,0,0.26250124
3,0,1,0.51423264
3,0,0,0.17067893
3,0,0,0.04222883
3,0,0,0.4909428
3,0,0,0.20920782
3,0,0,0.18458582
3,1,0,0.41698858
3,1,0,0.2829935
3,1,0,0.47911024
3,1,0,0.4010614
3,1,0,0.2977489
3,1,1,0.90221614
3,1,1,0.50186235
3,0,1,0.7145704
3,1,0,0.21119727
3,0,1,0.7015823
3,1,0,0.46133184
3,1,1,0.650975
3,1,1,0.6011865
3,0,0,0.14503764
3,1,1,0.6493904
3,1,1,0.52010864
3,1,1,0.8612115
3,1,0,0.3033793
3,1,1,0.74007773
3,1,0,0.35322675
3,1,1,0.6404342
3,1,1,0.7213721
3,0,0,0.18031794
3,0,0,0.20182668
3,0,0,0.16778266
3,0,0,0.13726409
3,0,0,0.09678663
3,0,1,0.66082776
3,0,0,0.33747622
3,1,0,0.42012903
3,0,0,0.41670728
3,0,0,0.09147875
3,0,0,0.23334105
3,1,1,0.72073096
3,1,1,0.7578906
3,0,1,0.59511435
3,0,0,0.46281874
3,1,1,0.72635996
3,1,1,0.64653796
3,0,1,0.67355746
3,1,1,0.70714796
3,1,1,0.6872872
3,0,1,0.6515957
3,0,1,0.7821398
3,1,0,0.47150016
3,0,0,0.37521812
3,0,1,0.52369416
3,0,1,0.5309161
3,1,0,0.45203093
3,0,1,0.6211503
3,0,1,0.82021934
3,1,1,0.7795606
3,1,1,0.7345871
3,0,1,0.6241964
3,0,1,0.5956585
3,1,1,0.7212821
3,1,1,0.7376907
3,0,1,0.62294877
3,0,1,0.6671154
3,1,1,0.5833301
3,0,1,0.7463862
3,0,0,0.46142086
3,1,0,0.47020605
3,0,1,0.59073734
3,0,1,0.7329023
3,1,1,0.5611629
3,1,1,0.5814211
3,1,1,0.60745156
3,1,1,0.7897677
3,1,1,0.6508623
3,0,1,0.5872325
3,0,1,0.5297772
3,1,1,0.51461256
3,1,1,0.55997705
3,1,1,0.6915739
3,1,1,0.5261393
3,1,1,0.61099696
3,0,1,0.77316856
3,1,1,0.6207555
3,0,1,0.5112996
3,1,1,0.5425105
3,0,1,0.61839384
3,0,1,0.57281214
3,1,1,0.5832548
3,0,0,0.4947914
3,0,1,0.59655845
3,0,0,0.13517635
3,0,1,0.8488103
3,1,1,0.5203131
3,0,0,0.46790496
3,0,1,0.76066285
3,1,1,0.5095303
3,1,0,0.3420774
3,0,1,0.58040357
3,1,1,0.51463234
3,0,1,0.50276405
3,0,0,0.09080778
3,1,1,0.61973685
3,1,1,0.58401173
3,1,0,0.49500754
3,1,1,0.5010569
3,0,0,0.40179485
3,0,1,0.52760476
3,0,1,0.60095376
3,0,1,0.5332183
3,1,1,0.6524159
3,0,1,0.76106846
3,0,1,0.6684173
3,1,1,0.6707906
3,1,1,0.73618263
3,1,1,0.5840736
3,1,0,0.49876857
3,1,1,0.5560619
3,1,1,0.6095323
3,1,1,0.7196152
3,0,1,0.54494566
3,1,1,0.5126
3,1,1,0.5701838
3,1,1,0.503836
3,0,1,0.58084464
3,0,1,0.53482324
3,0,1,0.63783234
3,0,0,0.32210517
3,0,0,0.44451985
3,0,1,0.7817725
3,1,1,0.5874241
3,0,0,0.26212394
3,0,0,0.14575028
3,1,1,0.54683
3,1,1,0.517414
3,1,1,0.75274265
3,1,1,0.66812134
3,1,1,0.5302942
3,0,0,0.10038987
3,0,1,0.67710865
3,0,0,0.49726242
3,0,1,0.56894183
3,0,1,0.7289784
3,1,1,0.5530063
3,1,0,0.49057317
3,0,1,0.57410234
3,0,0,0.39902323
3,0,0,0.29315606
3,1,1,0.8221589
3,1,0,0.42768094
3,0,1,0.5808951
3,0,0,0.18478812
3,0,1,0.639822
3,0,0,0.48329395
3,0,1,0.52267087
3,0,0,0.1263098
3,0,0,0.2415491
3,0,1,0.5371465
3,0,1,0.5681757
3,1,1,0.5837628
3,1,0,0.2604657
3,1,1,0.6417786
3,0,1,0.62302566
3,0,1,0.6104889
3,0,0,0.0766071
3,1,1,0.72215784
3,1,1,0.7432553
3,1,1,0.6030866
3,1,1,0.9050327
3,0,1,0.6838428
3,0,1,0.6503552
3,0,0,0.08497179
3,1,1,0.51953584
3,0,1,0.5401761
3,0,0,0.39633033
3,1,1,0.739269
3,0,1,0.67362404
3,0,0,0.42138386
3,0,1,0.6240244
3,1,1,0.6162661
3,0,0,0.46192023
3,1,1,0.5900237
3,0,1,0.5063918
3,1,1,0.5112398
3,0,1,0.65424716
3,0,1,0.6255039
3,1,1,0.6177807
3,0,0,0.3808614
3,1,1,0.6871047
3,1,1,0.74578834
3,1,1,0.76741505
3,1,1,0.64024353
3,0,0,0.36332345
3,0,1,0.6085618
3,1,1,0.56594706
3,1,1,0.7149548
3,0,1,0.5464782
3,1,1,0.56368
3,0,0,0.48386765
3,0,1,0.5324349
3,1,0,0.4951606
3,0,0,0.44337395
3,1,1,0.57257307
3,0,0,0.3421418
3,1,1,0.617846
3,0,0,0.46921554
3,0,0,0.16989037
3,1,1,0.6354362
3,1,1,0.5442166
3,0,1,0.5620259
3,0,1,0.6313188
3,0,0,0.42973557
3,1,0,0.45042512
3,0,0,0.3770174
3,0,0,0.4630738
3,1,1,0.86738324
3,1,1,0.7409621
3,1,0,0.4138203
3,0,0,0.2545885
3,1,1,0.79243606
3,0,0,0.39110482
3,1,1,0.56545365
3,0,0,0.33358157
3,0,0,0.10871345
3,1,0,0.48828045
3,0,0,0.49617097
3,1,1,0.65264285
3,0,1,0.67028236
3,1,1,0.7743826
3,1,1,0.58798325
3,1,1,0.65276766
3,0,0,0.40146852
3,1,1,0.58099943
3,0,0,0.43036693
3,0,0,0.35608813
3,0,0,0.3039004
3,0,0,0.3421549
3,0,0,0.24536882
3,0,0,0.40986058
3,1,1,0.5821337
3,1,1,0.6586361
3,1,1,0.59837174
3,1,1,0.77468824
3,0,0,0.3019979
3,1,1,0.53272694
3,0,0,0.28247032
3,0,1,0.5646118
3,1,1,0.73427486
3,0,0,0.43369275
3,0,1,0.5085538
3,0,0,0.20337175
3,0,0,0.08695195
3,1,1,0.7783989
3,1,1,0.8877705
3,1,1,0.85063773
3,0,0,0.4009202
3,0,0,0.11290793
3,1,1,0.6740241
3,0,0,0.4748659
3,1,1,0.6351199
3,1,0,0.38789874
3,1,1,0.9153276
3,1,1,0.6006831
3,0,0,0.26703355
3,1,0,0.46997023
3,1,1,0.51102674
3,0,1,0.57617337
3,0,1,0.5548901
3,0,1,0.5962001
3,0,1,0.56306463
3,0,0,0.14299999
3,1,1,0.52448976
3,1,1,0.68372977
3,1,1,0.5162742
3,0,0,0.21222463
3,0,0,0.358483
3,0,0,0.14511672
3,0,0,0.0769417
3,1,0,0.099097714
3,1,1,0.85896933
3,1,0,0.37964106
3,1,1,0.6524809
3,0,1,0.6036985
3,1,1,0.68214214
3,0,0,0.438017
3,1,1,0.7991842
3,1,1,0.59562975
3,0,0,0.28416833
3,0,0,0.27203465
3,1,1,0.6344264
3,1,0,0.49634695
3,0,0,0.35968724
3,1,0,0.46111006
3,0,0,0.45704627
3,0,0,0.46887693
3,1,1,0.8271933
3,1,0,0.47910696
3,1,1,0.73920345
3,0,0,0.24259092
3,1,1,0.7775304
3,1,1,0.6381666
3,0,1,0.8106537
3,0,1,0.6008289
3,1,1,0.68199724
3,0,1,0.5692292
3,1,1,0.7409457
3,0,1,0.6197585
3,1,1,0.6788527
3,0,0,0.10354662
3,1,1,0.658482
3,0,0,0.39871025
3,0,0,0.20334224
3,1,1,0.515389
3,0,1,0.52429867
3,0,0,0.1808178
3,1,1,0.70045626
3,0,0,0.44958967
3,1,1,0.58756065
3,0,1,0.52955836
3,0,0,0.47165477
3,0,0,0.44958013
3,0,0,0.47507134
3,1,1,0.51930606
3,1,1,0.5075813
3,1,1,0.55270743
3,1,0,0.49919045
3,0,1,0.5607803
3,1,0,0.13558006
3,0,0,0.079849266
3,0,0,0.46249726
3,1,0,0.49553394
3,0,1,0.5382786
3,1,1,0.5160399
3,1,1,0.7443167
3,0,0,0.48876652
3,1,1,0.72988564
3,0,1,0.5819935
3,1,1,0.5726249
3,0,0,0.3182579
3,0,0,0.42235693
3,1,1,0.60749507
3,1,1,0.5894385
3,1,1,0.6587018
3,0,0,0.47439328
3,0,1,0.50914013
3,1,1,0.6026218
3,0,0,0.47712916
3,1,1,0.7183094
3,1,0,0.48338768
3,0,1,0.66351485
3,0,1,0.5508331
3,0,0,0.45736352
3,0,0,0.4667878
3,0,0,0.39199883
3,1,1,0.86648476
3,1,0,0.49886188
3,0,0,0.45103937
3,1,0,0.46100372
3,1,1,0.5740725
3,0,1,0.5160793
3,0,0,0.3967014
3,1,1,0.6609385
3,0,1,0.7443593
3,0,0,0.4337088
3,0,0,0.21922158
3,1,1,0.7372515
3,0,1,0.5211171
3,1,1,0.63654405
3,1,1,0.6250021
3,0,0,0.4943849
3,0,0,0.44330242
3,0,0,0.395605
3,1,1,0.5664448
3,1,1,0.52753574
3,1,1,0.55360734
3,0,0,0.49834338
3,0,1,0.53891283
3,0,1,0.5147752
3,1,1,0.502831
3,1,1,0.5208349
3,1,1,0.6983214
3,0,1,0.61436594
3,0,0,0.3868184
3,1,0,0.49142236
3,1,1,0.516676
3,0,1,0.5560995
3,0,0,0.4092867
3,1,1,0.6222413
3,1,0,0.47110468
3,1,1,0.5185123
3,0,0,0.46673256
3,1,0,0.4921268
3,0,1,0.6489065
3,0,0,0.45093408
3,0,0,0.28281438
3,0,1,0.52477443
3,0,1,0.85259396
3,1,1,0.82384783
3,1,1,0.6647505
3,0,0,0.093154594
3,0,0,0.41193092
3,1,1,0.58830136
3,0,0,0.46857426
3,0,0,0.44251359
3,0,0,0.2582157
3,1,1,0.813713
3,0,0,0.3580951
3,1,1,0.50139904
3,0,0,0.4340211
3,1,1,0.6910159
3,0,1,0.68402386
3,1,1,0.6381308
3,0,1,0.5465077
3,1,0,0.36276752
3,1,1,0.5684529
3,0,1,0.61768854
3,1,1,0.50698787
3,0,0,0.45176595
3,1,1,0.6095156
3,0,1,0.6084789
3,0,1,0.57393014
3,0,0,0.34247908
3,0,0,0.15300046
3,0,1,0.5891681
3,0,0,0.45544767
3,0,0,0.42419273
3,0,1,0.5440522
3,1,0,0.42702365
3,0,0,0.18721916
3,1,1,0.5324787
3,1,1,0.60276026
3,0,1,0.6312064
3,1,0,0.19721347
3,0,0,0.2892242
3,1,0,0.41964027
3,1,0,0.13970412
3,1,1,0.6628214
3,1,1,0.6163485
3,0,1,0.5909466
3,1,0,0.34654558
3,1,0,0.422742
3,1,1,0.7405761
3,0,1,0.514456
3,0,1,0.50664747
3,1,1,0.5229516
3,1,1,0.5840029
3,0,0,0.1539798
3,1,0,0.21955675
3,0,1,0.61247385
3,0,1,0.5575908
3,0,0,0.47265437
3,0,0,0.11220038
3,1,0,0.42221117
3,1,0,0.27221248
3,0,0,0.19067192
3,0,0,0.19353952
3,0,0,0.09648983
3,1,0,0.11498049
3,1,1,0.65622085
3,1,1,0.5844572
3,0,1,0.54969
3,0,1,0.5483709
3,1,1,0.60077906
3,0,0,0.38505235
3,0,0,0.25525174
3,1,0,0.21117444
3,0,0,0.1747459
3,1,1,0.6626666
3,0,1,0.5394447
3,0,0,0.17742322
3,0,0,0.14846596
3,1,0,0.4650205
3,0,0,0.18337321
3,1,1,0.5997983
3,1,1,0.53531307
3,1,1,0.55714864
3,1,0,0.47055298
3,0,1,0.51480514
3,0,1,0.6068522
3,0,1,0.56495404
3,0,0,0.36368042
3,0,0,0.18479727
3,0,0,0.20864284
3,1,1,0.8466203
3,1,1,0.55873305
3,1,1,0.53709894
3,0,1,0.6036518
3,1,1,0.57631737
3,1,1,0.70004034
3,1,1,0.56971514
3,0,1,0.5964506
3,0,1,0.52281857
3,0,1,0.7352891
3,0,0,0.4975443
3,0,0,0.14675476
3,1,0,0.15213653
3,1,1,0.66238964
3,0,1,0.57185143
3,0,1,0.5532337
3,1,1,0.6226764
3,1,1,0.57872343
3,0,1,0.5794099
3,0,0,0.45345074
3,0,0,0.25041437
3,1,1,0.55132705
3,0,0,0.33363998
3,0,1,0.5955497
3,1,0,0.26650593
3,1,0,0.26651636
3,1,0,0.36013782
3,0,0,0.45488846
3,0,0,0.4683596
3,0,0,0.19842282
3,1,1,0.62127835
3,0,0,0.46202177
3,1,1,0.58245564
3,1,1,0.60001594
3,0,0,0.480534
3,1,1,0.5133765
3,1,0,0.38508752
3,0,0,0.22831008
3,0,0,0.32111755
3,0,0,0.3392658
3,0,0,0.25017366
3,0,0,0.0905876
3,1,1,0.6865694
3,0,1,0.6058542
3,0,1,0.555318
3,1,0,0.44562787
3,1,1,0.5125805
3,0,1,0.5079777
3,0,0,0.47187865
3,1,1,0.7624073
3,0,1,0.50012606
3,1,1,0.51915675
3,0,0,0.11097141
3,0,0,0.1292053
3,0,0,0.4577647
3,0,0,0.09627666
3,1,1,0.67746973
3,1,0,0.4086436
3,0,0,0.23372667
3,0,0,0.20727557
3,0,1,0.6295445
3,1,1,0.73100495
3,1,0,0.35785538
3,1,0,0.2459709
3,0,0,0.08245477
3,0,0,0.10919498
3,0,0,0.19544399
3,0,0,0.23223379
3,1,1,0.828164
3,1,1,0.775068
3,1,1,0.5913376
3,1,1,0.54132015
3,0,0,0.3396507
3,0,0,0.14499873
3,0,0,0.13372555
3,1,1,0.5919905
3,1,1,0.5858375
3,1,1,0.6293767
3,0,0,0.14932352
3,0,0,0.18629843
3,1,1,0.78768957
3,0,1,0.66245073
3,0,0,0.27066574
3,0,0,0.32855788
3,0,0,0.34447485
3,1,1,0.56534564
3,1,1,0.7597876
3,0,0,0.17536716
3,1,1,0.59878904
3,0,0,0.07705575
3,0,1,0.53883404
3,0,0,0.26642066
3,0,0,0.42196694
3,0,0,0.093941264
3,1,1,0.5472442
3,1,1,0.74036396
3,0,1,0.57082754
3,1,1,0.66635793
3,0,0,0.31707218
3,0,1,0.70828456
3,0,0,0.4649392
3,1,0,0.4935098
3,1,1,0.62324846
3,0,1,0.6389174
3,1,0,0.34155145
3,0,0,0.4973491
3,0,1,0.5110378
3,1,1,0.7307203
3,0,0,0.25783283
3,0,0,0.117924884
3,0,0,0.31409252
3,0,1,0.5973802
3,1,1,0.67408687
3,0,0,0.08974644
3,1,1,0.7179529
3,1,1,0.7364304
3,1,1,0.6048193
3,1,1,0.50365275
3,0,0,0.16346848
3,0,0,0.20327142
3,0,0,0.23006493
3,1,1,0.69332886
3,1,1,0.5712291
3,0,0,0.49567258
3,0,1,0.59011036
3,1,1,0.574343
3,0,0,0.3597852
3,0,0,0.16458882
3,0,0,0.42775545
3,1,1,0.59664595
3,1,1,0.7985387
3,1,1,0.5999847
3,0,0,0.27880463
3,0,0,0.10965693
3,1,0,0.1688322
3,0,0,0.1270868
3,1,1,0.5804066
3,0,1,0.55492204
3,0,1,0.76978064
3,0,0,0.48032308
3,1,1,0.5381346
3,1,1,0.5967225
3,0,1,0.5227399
3,0,0,0.43653417
3,0,0,0.24327403
3,0,1,0.5080052
3,0,0,0.25064224
3,1,1,0.52995557
3,1,1,0.58253074
3,1,0,0.45651978
3,1,1,0.60359985
3,0,0,0.25438952
3,0,1,0.5721495
3,0,1,0.6246949
3,0,1,0.61429745
3,1,1,0.640814
3,0,0,0.4058285
3,1,1,0.6262545
3,0,0,0.23196882
3,1,0,0.1630159
3,1,0,0.49124533
3,0,0,0.4982953
3,0,0,0.49639267
3,1,1,0.7576672
3,0,1,0.6080476
3,1,0,0.23427357
3,1,0,0.2361027
3,0,1,0.6682367
3,0,1,0.6683087
3,0,1,0.659068
3,0,0,0.19028258
3,0,1,0.5091002
3,0,0,0.29665866
3,1,1,0.5577364
3,0,1,0.6250539
3,1,1,0.5300613
3,1,0,0.3923926
3,0,1,0.7307219
3,1,1,0.50878835
3,0,1,0.6161655
3,0,0,0.20470445
3,0,0,0.24011278
3,0,0,0.1323525
3,1,1,0.6204913
3,0,0,0.49507973
3,0,1,0.5303484
3,1,1,0.5099081
3,1,0,0.49163684
3,0,0,0.4278224
3,1,1,0.85018504
3,1,0,0.37771544
3,0,1,0.62879694
3,0,0,0.14357762
3,0,0,0.108104944
3,0,0,0.26282167
3,1,1,0.68799335
3,1,0,0.2958366
3,0,0,0.34659728
3,1,1,0.78291816
3,1,0,0.36015055
3,1,0,0.3951315
3,1,0,0.1455407
3,0,0,0.1888998
3,1,1,0.68178904
3,0,0,0.44573763
3,0,0,0.3293016
3,0,0,0.34984514
3,0,0,0.2883194
3,0,0,0.11476105
3,0,1,0.71422243
3,0,0,0.17482446
3,1,1,0.7685294
3,0,1,0.7034747
3,0,1,0.5532646
3,1,1,0.5301765
3,0,0,0.48733324
3,1,1,0.6679601
3,0,1,0.63306385
3,1,1,0.54154277
3,0,0,0.49556231
3,0,0,0.14713122
3,1,1,0.5679558
3,0,1,0.6496011
3,0,0,0.26768652
3,1,0,0.3454229
3,1,0,0.09719426
3,0,1,0.57425183
3,1,1,0.71039283
3,0,1,0.5800782
3,0,0,0.2919397
3,1,0,0.14843084
3,0,0,0.27410358
3,1,0,0.13304114
3,1,1,0.66247857
3,1,0,0.12679383
3,1,0,0.34801215
3,0,0,0.14537014
3,0,0,0.32308313
3,0,0,0.21034393
3,0,1,0.6005091
3,1,1,0.59491265
3,0,0,0.10933925
3,0,0,0.24166994
3,0,0,0.13375366
3,1,1,0.81689835
3,0,1,0.5456176
3,0,0,0.18454401
3,0,0,0.3125438
3,0,0,0.11373172
3,0,1,0.5143955
3,0,1,0.5945816
3,0,0,0.48752365
3,1,1,0.55183935
3,1,1,0.6414999
3,1,0,0.47945672
3,1,1,0.5731313
3,1,1,0.8599602
3,1,1,0.6352718
3,0,1,0.61577946
3,0,0,0.34921515
3,1,1,0.62337315
3,0,0,0.26690724
3,1,1,0.63227314
3,0,1,0.67837995
3,1,1,0.7618381
3,0,1,0.5315887
3,0,1,0.57986456
3,1,1,0.6231092
3,1,1,0.5746513
3,0,1,0.5730981
3,1,1,0.6990342
3,0,0,0.38119787
3,1,1,0.55216336
3,1,1,0.65491617
3,0,0,0.3389956
3,0,0,0.22920291
3,0,0,0.2662188
3,0,1,0.55935735
3,1,1,0.62817276
3,0,1,0.5984738
3,0,0,0.3853233
3,1,0,0.27140424
3,1,1,0.7917886
3,1,1,0.8000398
3,0,0,0.11999569
3,0,0,0.36797544
3,1,0,0.23955663
3,1,0,0.30655912
3,0,0,0.19092016
3,1,1,0.70776373
3,0,0,0.118073
3,1,0,0.33636412
3,0,0,0.38471702
3,0,0,0.1423742
3,0,0,0.11904241
3,0,1,0.54248583
3,1,1,0.5707342
3,1,1,0.65542465
3,1,1,0.7075037
3,1,1,0.6590048
3,1,1,0.5289547
3,0,0,0.11073425
3,0,0,0.18105125
3,1,1,0.70393336
3,0,0,0.1515531
3,0,0,0.276201
3,1,0,0.3636128
3,0,1,0.5729594
3,0,0,0.24808192
3,0,0,0.12794505
3,0,0,0.13398015
3,0,0,0.36055264
3,1,1,0.76264656
3,0,1,0.6008398
3,1,1,0.56818545
3,1,1,0.6498378
3,1,1,0.6113745
3,1,0,0.48595184
3,0,1,0.6478014
3,1,0,0.47013718
3,1,1,0.52008426
3,0,0,0.4961078
3,1,1,0.61904484
3,1,1,0.544713
3,1,0,0.4692908
3,0,1,0.5675199
3,1,1,0.58383584
3,1,1,0.5478546
3,1,1,0.67967826
3,1,1,0.56852067
3,0,0,0.31856006
3,1,1,0.5790362
3,0,1,0.51134515
3,1,1,0.5668787
3,1,1,0.58918446
3,1,1,0.561177
3,0,0,0.3515487
3,0,1,0.51342666
3,1,0,0.49658048
3,0,0,0.2912314
3,1,1,0.63400114
3,0,0,0.4409101
3,0,1,0.56282735
3,1,1,0.6193183
3,1,1,0.6133201
3,1,1,0.54379714
3,1,1,0.58791
3,0,0,0.21685208
3,1,1,0.5668159
3,0,0,0.39127257
3,0,0,0.42094857
3,1,0,0.49506316
3,0,1,0.52693844
3,1,0,0.44504744
3,0,1,0.6387394
3,1,0,0.33098376
3,0,1,0.5988119
3,1,0,0.29186517
3,1,1,0.6081544
3,1,0,0.44111058
3,0,0,0.38723886
3,1,1,0.6292833
3,1,1,0.60223436
3,1,1,0.59188336
3,1,0,0.45351547
3,1,0,0.4207269
3,1,1,0.6119496
3,0,0,0.37346402
3,0,1,0.54458827
3,1,1,0.5196868
3,1,1,0.5073832
3,1,1,0.53897023
3,0,1,0.52471393
3,1,1,0.5995399
3,0,0,0.40552136
3,1,0,0.31997922
3,1,1,0.56897295
3,0,0,0.3654938
3,1,1,0.5377154
3,1,0,0.44109452
3,1,1,0.5260301
3,0,1,0.5545245
3,1,0,0.29682717
3,0,0,0.3603638
3,0,0,0.34249005
3,0,1,0.5374967
3,1,1,0.6205506
3,1,1,0.5438601
3,0,1,0.5658558
3,1,0,0.445007
3,1,1,0.5682993
3,0,1,0.5400473
3,1,1,0.54460186
3,1,1,0.6245736
3,0,0,0.13010551
3,0,0,0.07768767
3,1,1,0.56145686
3,0,1,0.63209563
3,0,1,0.57636327
3,1,1,0.64716464
3,1,0,0.19804974
3,0,0,0.19046518
3,0,1,0.6055141
3,0,1,0.5024694
3,1,1,0.73096025
3,0,0,0.112332076
3,0,0,0.37991953
3,1,0,0.38621527
3,0,0,0.14012651
3,0,1,0.52534294
3,1,1,0.5955845
3,0,0,0.21176672
3,0,1,0.63849723
3,1,0,0.36435792
3,0,0,0.09704818
3,0,0,0.20669386
3,1,1,0.63522536
3,1,1,0.7030507
3,0,0,0.14140326
3,0,0,0.35512972
3,1,1,0.5056707
3,0,0,0.12212653
3,1,0,0.45784196
3,0,0,0.24687284
3,0,0,0.22153072
3,1,1,0.52848697
3,1,0,0.2591182
3,1,0,0.4974776
3,0,0,0.40396422
3,0,0,0.09114856
3,1,1,0.86793166
3,0,1,0.71508944
3,1,1,0.631541
3,1,1,0.64531386
3,0,1,0.79830045
3,0,0,0.40743455
3,1,1,0.6247818
3,0,1,0.72306
3,0,1,0.668139
3,0,1,0.58596104
3,0,0,0.3247064
3,1,1,0.66729957
3,1,1,0.58321303
3,0,0,0.24718358
3,1,0,0.49011955
3,1,1,0.6969974
3,1,1,0.60148484
3,0,1,0.54253983
3,0,0,0.35477078
3,0,1,0.61274844
3,1,1,0.60918105
3,1,1,0.54989654
3,1,1,0.51444864
3,1,1,0.5553966
3,0,1,0.54130256
3,0,1,0.531473
3,0,1,0.6073153
3,0,0,0.09237467
3,1,0,0.4302454
3,0,0,0.094368614
3,0,0,0.15408576
3,0,0,0.49282962
3,0,0,0.49827385
3,1,1,0.518931
3,1,1,0.54329836
3,1,1,0.78681874
3,1,1,0.514456
3,1,1,0.5840029
3,0,0,0.11833918
3,1,1,0.5146458
3,1,1,0.61247385
3,0,1,0.5575908
3,0,0,0.47265437
3,0,0,0.11220038
3,1,0,0.42221117
3,0,0,0.27221248
3,0,0,0.19067192
3,0,0,0.19353952
3,0,0,0.09648983
3,0,0,0.11498049
3,1,1,0.53197265
3,0,0,0.27251267
3,1,0,0.40587297
3,0,0,0.37773374
3,0,0,0.39950532
3,1,1,0.5934613
3,1,0,0.25906375
3,1,0,0.24110855
3,0,0,0.15488149
3,0,0,0.25190234
3,1,0,0.42263117
3,1,1,0.5658939
3,0,0,0.40601125
3,1,0,0.4285918
3,1,0,0.20651683
3,0,0,0.15710588
3,1,0,0.37675306
3,0,0,0.14800385
3,0,0,0.27196386
3,0,0,0.20698948
3,1,0,0.341444
3,1,0,0.49503535
3,1,0,0.3271567
3,0,0,0.11694232
3,0,0,0.37727922
3,0,0,0.21362703
3,0,0,0.20463014
3,0,0,0.12772772
3,1,0,0.40609685
3,0,0,0.28420117
3,0,0,0.2349132
3,0,1,0.596812
3,1,1,0.8742142
3,1,1,0.5520286
3,1,1,0.61483663
3,1,0,0.44714463
3,1,1,0.52156276
3,0,1,0.5089159
3,1,1,0.5365219
3,1,1,0.60818994
3,1,0,0.39240655
3,0,1,0.5715713
3,1,1,0.6219652
3,1,1,0.62873656
3,1,1,0.62126994
3,0,0,0.2565664
3,1,1,0.687889
3,1,1,0.55918276
3,1,1,0.67907083
3,0,0,0.42152295
3,0,1,0.64466435
3,1,1,0.84834987
3,1,1,0.7313922
3,1,1,0.73905706
3,0,0,0.39595553
3,1,1,0.6158313
3,1,1,0.5626032
3,0,1,0.5168147
3,0,1,0.57522774
3,0,1,0.62213916
3,0,1,0.5925735
3,0,0,0.2064654
3,0,0,0.33651757
3,1,1,0.6329028
3,1,1,0.75025237
3,1,1,0.70910317
3,0,0,0.4143824
3,1,0,0.28345263
3,1,1,0.5317186
3,1,1,0.73578906
3,0,1,0.6206755
3,0,0,0.4528953
3,0,1,0.69689375
3,1,1,0.5396624
3,1,0,0.42292053
3,0,1,0.8163208
3,1,1,0.5402474
3,0,0,0.41033986
3,0,1,0.6238494
3,0,1,0.5549186
3,0,1,0.5371944
3,1,1,0.67371655
3,0,0,0.48173228
3,1,1,0.6223189
3,1,1,0.58755285
3,1,1,0.57219464
3,1,0,0.405861
3,1,1,0.7810406
3,1,1,0.50726587
3,1,1,0.55136555
3,0,0,0.40689617
3,0,0,0.46203095
3,1,0,0.4666999
3,1,1,0.676661
3,0,0,0.3135989
3,1,1,0.8312797
3,0,0,0.07084558
3,0,0,0.47811034
3,1,0,0.45823506
3,1,1,0.7731407
3,0,0,0.19220743
3,1,0,0.2709
3,1,1,0.8320274
3,0,0,0.39502633
3,0,0,0.10897453
3,0,1,0.53837484
3,0,0,0.45940998
3,1,1,0.54185826
3,0,1,0.53035307
3,0,1,0.6211643
3,1,0,0.312945
3,0,0,0.26716805
3,1,1,0.77138585
3,1,1,0.6669372
3,1,1,0.65695417
3,1,1,0.58121276
3,0,1,0.6785602
3,0,0,0.19182956
3,1,1,0.58424544
3,0,1,0.73549354
3,1,1,0.6901089
3,0,1,0.66044927
3,0,0,0.19692218
3,1,1,0.53415304
3,1,1,0.6310053
3,0,0,0.41792828
3,1,1,0.75033975
3,1,1,0.87522024
3,0,1,0.7080675
3,1,1,0.6503519
3,0,1,0.5119689
3,0,1,0.6526659
3,1,1,0.7108924
3,1,1,0.77096874
3,1,1,0.7847519
3,0,0,0.35755464
3,0,1,0.6687587
3,1,1,0.8093136
3,0,0,0.18870468
3,0,1,0.5042974
3,0,1,0.6692355
3,0,1,0.64672214
3,0,0,0.38461038
3,1,1,0.5335753
3,0,1,0.64718723
3,1,0,0.37562618
3,1,0,0.48212638
3,1,1,0.721738
3,1,1,0.6560377
3,0,0,0.3271386
3,0,1,0.5777358
3,1,0,0.3987439
3,1,1,0.5729273
3,0,0,0.32901976
3,0,0,0.46310797
3,0,0,0.44782034
3,0,1,0.8497354
3,1,1,0.73558426
3,0,1,0.7575069
3,1,1,0.7898914
3,1,0,0.42146847
3,1,0,0.38894692
3,1,1,0.58747566
3,0,0,0.4157563
3,0,0,0.18587749
3,0,0,0.35697478
3,1,1,0.68036324
3,0,1,0.58670413
3,0,1,0.690957
3,0,0,0.29582354
3,0,0,0.4631393
3,1,1,0.64944357
3,1,1,0.89735246
3,1,0,0.48703048
3,1,0,0.34285483
3,0,0,0.49250585
3,0,0,0.45988744
3,0,0,0.44604987
3,1,1,0.73999476
3,0,0,0.45983836
3,1,0,0.24579127
3,1,1,0.5089315
3,1,1,0.6507787
3,1,1,0.6449408
3,1,0,0.35830486
3,0,0,0.40628177
3,0,0,0.2505717
3,0,0,0.36294752
3,1,0,0.31584573
3,1,1,0.64985746
3,0,1,0.70812243
3,0,1,0.52270126
3,0,1,0.5776797
3,0,1,0.5704718
3,0,0,0.2766574
3,0,0,0.38971332
3,1,1,0.5684503
3,1,1,0.7929698
3,0,1,0.5552751
3,1,1,0.53415734
3,0,1,0.5040145
3,1,1,0.67166364
3,0,1,0.59516466
3,0,1,0.7392483
3,0,0,0.14974256
3,1,0,0.47652283
3,1,1,0.6721223
3,0,1,0.60085547
3,0,1,0.69206613
3,1,1,0.88029337
3,1,1,0.6599229
3,1,1,0.5460217
3,0,1,0.8530119
3,0,0,0.4792028
3,1,1,0.594913
3,0,0,0.39221776
3,1,1,0.5043004
3,0,0,0.4004138
3,1,1,0.732991
3,0,1,0.51394343
3,1,0,0.49970186
3,1,1,0.5927522
3,0,1,0.50096047
3,0,1,0.57780266
3,0,0,0.25492495
3,0,0,0.4341705
3,1,1,0.6321148
3,0,0,0.4988582
3,0,0,0.38773108
3,1,1,0.60420185
3,0,1,0.5137635
3,1,1,0.50752187
3,1,1,0.50074136
3,1,0,0.3649333
3,1,1,0.67427343
3,0,0,0.38221946
3,0,1,0.71104157
3,0,0,0.32175365
3,1,1,0.818706
3,0,0,0.22274943
3,1,1,0.78649396
3,0,1,0.58747566
3,1,1,0.7179056
3,1,0,0.48963937
3,1,0,0.40558976
3,1,0,0.49655947
3,0,1,0.552698
3,0,0,0.49549004
3,0,1,0.58670413
3,0,1,0.690957
3,0,0,0.29582354
3,0,0,0.4631393
3,1,1,0.64944357
3,1,1,0.80009025
3,1,1,0.58760643
3,1,1,0.6990803
3,0,0,0.32087114
3,1,1,0.6923349
3,1,1,0.5619361
3,0,0,0.31512427
3,1,0,0.4940471
3,0,1,0.5952923
3,1,1,0.58274937
3,1,0,0.48344183
3,0,0,0.14790374
3,1,1,0.9010619
3,1,1,0.83032966
3,0,1,0.5802954
3,0,0,0.37739366
3,0,0,0.09658425
3,0,0,0.4848284
3,0,1,0.6562407
3,0,1,0.5962205
3,0,1,0.54243374
3,0,1,0.6615502
3,1,1,0.75923663
3,0,1,0.5257289
3,1,1,0.7148259
3,0,0,0.19485416
3,1,1,0.5487756
3,0,1,0.6795979
3,1,0,0.44793153
3,1,1,0.50939584
3,0,0,0.24158251
3,0,0,0.38215292
3,0,1,0.7472683
3,0,0,0.36409533
3,1,1,0.82172865
3,0,0,0.23265584
3,1,1,0.7097462
3,0,0,0.38460612
3,1,1,0.79261094
3,1,0,0.3831841
3,0,0,0.49514094
3,1,1,0.62306386
3,1,1,0.61228436
3,0,1,0.690662
3,0,0,0.4303205
3,1,1,0.7530975
3,0,1,0.62075585
3,1,1,0.7041929
3,0,1,0.6248752
3,0,1,0.72223055
3,1,1,0.5553576
3,0,1,0.5050576
3,0,1,0.6285668
3,0,1,0.531078
3,1,1,0.5696287
3,0,1,0.5602531
3,1,1,0.8913034
3,1,1,0.692736
3,1,0,0.4610864
3,0,1,0.6007457
3,0,1,0.64170027
3,1,1,0.5076859
3,0,0,0.32810682
3,0,0,0.30165502
3,0,0,0.3616548
3,0,0,0.23304273
3,0,1,0.6584102
3,0,1,0.621558
3,1,1,0.58271873
3,1,1,0.72699803
3,0,1,0.761191
3,1,1,0.8372705
3,1,1,0.7280784
3,0,0,0.19744563
3,0,0,0.45005947
3,0,1,0.6516206
3,0,1,0.61762184
3,1,1,0.7407039
3,0,1,0.59123737
3,0,0,0.4729211
3,0,1,0.7483112
3,1,0,0.40649474
3,1,1,0.6454658
3,1,1,0.724731
3,1,1,0.58683026
3,1,1,0.76964974
3,1,1,0.534624
3,0,1,0.5575967
3,1,1,0.63747114
3,1,1,0.6247561
3,1,1,0.70760643
3,0,1,0.54529995
3,0,0,0.22630773
3,0,0,0.46679774
3,1,1,0.63246095
3,1,1,0.50790054
3,1,1,0.6311157
3,1,1,0.57792777
3,0,0,0.4773943
3,0,1,0.62872016
3,0,1,0.74981564
3,1,1,0.8716285
3,0,1,0.64160377
3,1,1,0.9121388
3,1,1,0.8144227
3,0,1,0.61713934
3,0,0,0.49717626
3,0,0,0.3739167
3,0,1,0.6942481
3,0,1,0.73319215
3,1,1,0.8402642
3,1,1,0.8176554
3,0,0,0.38612092
3,1,1,0.8988989
3,0,1,0.6088163
3,1,1,0.6106907
3,1,1,0.6932484
3,0,0,0.26416126
3,1,1,0.87756014
3,1,1,0.7088325
3,1,1,0.6543273
3,1,1,0.68890315
3,0,1,0.70731384
3,0,1,0.56355286
3,1,1,0.6629473
3,0,1,0.6568512
3,0,1,0.66931224
3,0,0,0.39471623
3,1,0,0.42544225
3,1,1,0.59800917
3,1,1,0.6628247
3,1,1,0.79738796
3,0,0,0.48825768
3,1,1,0.5967014
3,0,1,0.56148034
3,1,0,0.48093805
3,0,1,0.7209123
3,0,1,0.5324566
3,1,1,0.5085297
3,0,0,0.46990997
3,0,0,0.23016536
3,1,0,0.32632485
3,0,1,0.7129222
3,1,1,0.8311065
3,1,1,0.90692294
3,1,1,0.8784413
3,1,1,0.6495629
3,1,1,0.6915105
3,1,1,0.5200601
3,1,1,0.6595454
3,0,0,0.23047678
3,1,1,0.5453846
3,1,1,0.7056679
3,1,0,0.3143609
3,0,0,0.25765818
3,0,0,0.14967659
3,1,0,0.463942
3,0,0,0.41953596
3,0,0,0.30533046
3,0,0,0.37658757
3,1,1,0.53124255
3,1,0,0.32240507
3,0,0,0.41381767
3,0,0,0.1725448
3,0,0,0.24189971
3,1,1,0.6585123
3,1,1,0.6689696
3,0,0,0.39857835
3,0,0,0.32041302
3,1,1,0.72062933
3,1,1,0.6867493
3,1,1,0.5486055
3,0,1,0.65170014
3,0,0,0.28728634
3,0,0,0.23997918
3,1,1,0.84362966
3,1,1,0.7565845
3,0,0,0.38962245
3,1,1,0.65888816
3,1,1,0.63389117
3,1,0,0.4448985
3,0,0,0.4976081
3,0,0,0.33099097
3,0,0,0.3867321
3,0,1,0.5373844
3,1,1,0.52908766
3,0,1,0.5487137
3,1,1,0.7941912
3,0,0,0.37212402
3,1,1,0.60272783
3,1,1,0.6466615
3,1,1,0.84233797
3,0,0,0.4335364
3,1,1,0.66660625
3,1,1,0.5345064
3,0,0,0.41668102
3,0,1,0.64845574
3,0,1,0.68756783
3,1,1,0.92594093
3,0,1,0.7321185
3,1,1,0.653771
3,0,1,0.61012954
3,1,0,0.4926889
3,0,0,0.4382419
3,0,1,0.5790774
3,1,1,0.7324346
3,0,0,0.40944165
3,0,0,0.3120054
3,0,0,0.30091888
3,0,1,0.78340185
3,0,1,0.53835446
3,1,1,0.7458878
3,0,1,0.7203533
3,1,0,0.33729893
3,1,1,0.6570106
3,0,1,0.6559127
3,0,1,0.56315255
3,1,0,0.46098465
3,1,1,0.5722219
3,1,1,0.60378754
3,0,0,0.28590304
3,1,1,0.7083979
3,0,1,0.52721214
3,1,0,0.3393525
3,1,1,0.5868143
3,1,1,0.5410414
3,0,1,0.8042632
3,1,1,0.569851
3,1,1,0.6639251
3,0,0,0.38600206
3,1,1,0.68081945
3,1,1,0.65892893
3,0,1,0.56406313
3,0,1,0.75175244
3,0,0,0.36918217
3,0,0,0.35293967
3,0,1,0.5065113
3,0,0,0.22542916
3,0,1,0.66424304
3,0,1,0.61415106
3,0,1,0.67820907
3,0,1,0.6494004
3,0,0,0.44660574
3,1,1,0.8758231
3,0,1,0.5382787
3,0,1,0.7537991
3,1,1,0.6059476
3,0,0,0.21515444
3,0,1,0.56489354
3,0,0,0.4157445
3,1,0,0.26364216
3,1,1,0.65819466
3,0,0,0.21360794
3,1,1,0.53193593
3,1,0,0.44817033
3,0,0,0.3939469
3,1,0,0.4186254
3,0,1,0.6059311
3,1,1,0.7481387
3,0,0,0.31352887
3,0,0,0.25819522
3,0,0,0.0797038
3,1,0,0.20209827
3,1,1,0.681365
3,1,1,0.566894
3,1,1,0.774214
3,1,1,0.6803052
3,1,1,0.72335696
3,1,0,0.411446
3,1,1,0.6081549
3,0,1,0.507461
3,0,1,0.54127777
3,1,1,0.51589346
3,0,0,0.4635922
3,0,0,0.36009946
3,1,1,0.60418487
3,0,1,0.69963235
3,0,0,0.45570296
3,1,0,0.49299046
3,0,1,0.56121624
3,0,1,0.535155
3,1,1,0.7187534
3,1,1,0.5272054
3,1,1,0.64779526
3,0,0,0.28463075
3,1,0,0.4745555
3,0,0,0.37505713
3,1,1,0.5051543
3,1,0,0.25987005
3,0,0,0.23395722
3,0,1,0.5927108
3,1,1,0.6317991
3,1,1,0.5162846
3,1,1,0.54413277
3,0,1,0.5216426
3,0,0,0.41636175
3,0,0,0.341564
3,0,1,0.5250827
3,0,0,0.4796305
3,0,1,0.516065
3,1,1,0.61597735
3,0,1,0.77229977
3,1,1,0.51821035
3,1,0,0.46473303
3,1,1,0.5030298
3,0,0,0.16799852
3,0,0,0.48670414
3,0,0,0.26660144
3,1,1,0.71961784
3,0,0,0.48595396
3,0,1,0.5862721
3,1,1,0.5787347
3,0,1,0.58670413
3,0,1,0.7046602
3,1,1,0.52633274
3,1,0,0.49295276
3,1,1,0.84056187
3,0,1,0.6513568
3,1,1,0.71338767
3,1,1,0.5743801
3,1,1,0.7789344
3,0,1,0.6873451
3,1,1,0.59435666
3,1,1,0.67174023
3,0,1,0.6500229
3,0,0,0.47303152
3,0,1,0.58636844
3,1,1,0.7392413
3,0,1,0.5428377
3,0,0,0.12403666
3,0,1,0.54576033
3,0,0,0.23748389
3,0,0,0.4658027
3,1,1,0.79765546
3,1,1,0.7656318
3,0,1,0.56950945
3,0,0,0.47279695
3,1,1,0.7375828
3,0,1,0.65924335
3,1,1,0.78813744
3,1,1,0.60091966
3,1,1,0.5775871
3,0,1,0.5325764
3,0,1,0.5145781
3,1,1,0.5157024
3,0,0,0.42573112
3,1,0,0.41465655
3,1,0,0.13028197
3,0,0,0.29667917
3,0,1,0.5629452
3,0,1,0.738816
3,1,1,0.6301771
3,0,1,0.6188262
3,1,1,0.5695493
3,1,1,0.5572876
3,0,1,0.55710876
3,1,0,0.4132648
3,0,0,0.38891104
3,1,1,0.56482106
3,0,1,0.69464785
3,1,1,0.7331374
3,0,0,0.31855163
3,1,0,0.41599348
3,1,1,0.6032223
3,1,1,0.6610814
3,0,1,0.54981613
3,0,1,0.6115214
3,0,1,0.5143244
3,1,0,0.45523742
3,0,0,0.108878076
3,0,1,0.68593913
3,1,1,0.58319974
3,1,0,0.23294374
3,0,0,0.49849486
3,1,1,0.62676275
3,1,1,0.8433152
3,1,0,0.28947958
3,0,0,0.40645754
3,0,1,0.50597614
3,0,1,0.55510867
3,0,1,0.56849444
3,0,0,0.37286857
3,1,0,0.42227378
3,1,1,0.66796577
3,0,0,0.33667037
3,0,0,0.21140358
3,1,1,0.71889687
3,1,0,0.37533903
3,1,0,0.47931615
3,1,1,0.5814681
3,1,1,0.50676674
3,0,0,0.17978327
3,1,1,0.5225962
3,1,1,0.6281671
3,1,0,0.47656536
3,0,0,0.16346586
3,1,1,0.7516353
3,0,0,0.49618322
3,0,1,0.6217555
3,1,1,0.56096494
3,0,0,0.39363047
3,0,0,0.40123343
3,0,0,0.15958777
3,0,0,0.36806753
3,0,1,0.51218957
3,1,1,0.61089087
3,0,0,0.25888354
3,0,0,0.31556696
3,1,1,0.7010748
3,1,1,0.7033465
3,0,0,0.29217017
3,0,1,0.67648053
3,0,1,0.74036944
3,0,1,0.584679
3,1,0,0.3266936
3,0,0,0.42285183
3,0,1,0.58553565
3,1,1,0.6543536
3,1,1,0.75148946
3,0,0,0.3211463
3,0,1,0.55846846
3,1,1,0.66219896
3,0,1,0.56519926
3,1,1,0.5798755
3,0,0,0.12570514
3,0,0,0.28861243
3,0,1,0.59751785
3,1,1,0.6442433
3,0,1,0.58873224
3,1,0,0.42019436
3,0,0,0.48770475
3,1,1,0.56312597
3,0,1,0.6872138
3,0,0,0.41122025
3,1,1,0.6792725
3,1,0,0.4493253
3,0,1,0.57776517
3,1,1,0.6097887
3,1,1,0.5939767
3,0,0,0.324821
3,1,0,0.3816545
3,0,0,0.4971953
3,1,1,0.6226029
3,0,1,0.8258227
3,0,1,0.78297853
3,0,0,0.29394454
3,0,0,0.23650075
3,1,0,0.4971472
3,0,1,0.676094
3,1,1,0.5821497
3,1,1,0.5893703
3,1,1,0.66416997
3,0,1,0.83866364
3,1,1,0.6865761
3,0,1,0.63254917
3,0,1,0.69040626
3,1,1,0.857017
3,0,0,0.49618164
3,0,0,0.39121628
3,0,0,0.35447234
3,0,0,0.3258767
3,0,0,0.3088491
3,0,0,0.3428568
3,1,1,0.72930694
3,0,0,0.41110098
3,0,0,0.4175493
3,1,1,0.6041447
3,1,0,0.48233637
3,0,0,0.3371839
3,0,1,0.57798785
3,0,0,0.14037149
3,1,1,0.7107733
3,1,1,0.5963066
3,0,0,0.31000608
3,0,0,0.31442735
3,1,1,0.54695314
3,1,1,0.597521
3,1,1,0.6783325
3,0,0,0.14119217
3,1,0,0.32004216
3,1,1,0.5442307
3,1,1,0.5247711
3,1,1,0.5981248
3,0,0,0.24257503
3,0,0,0.20662372
3,0,0,0.13009326
3,0,1,0.51853794
3,1,1,0.6910528
3,0,1,0.6049965
3,0,0,0.31627503
3,0,0,0.40236157
3,1,0,0.40001875
3,0,0,0.4113517
3,1,1,0.69620913
3,1,1,0.5230984
3,1,1,0.5866585
3,1,0,0.4904655
3,0,0,0.30297488
3,0,0,0.4841916
3,1,1,0.7184088
3,0,0,0.35270363
3,0,0,0.45954627
3,0,0,0.16560948
3,1,1,0.5525773
3,0,0,0.41028216
3,1,1,0.5016731
3,0,1,0.77562976
3,0,0,0.3788449
3,1,1,0.766418
3,0,0,0.31901023
3,1,1,0.5487615
3,1,1,0.5473868
3,1,1,0.67764825
3,0,1,0.54439276
3,1,0,0.3756598
3,0,0,0.48600867
3,0,1,0.5980258
3,0,0,0.43222114
3,0,0,0.46133664
3,1,0,0.28494066
3,1,1,0.57451516
3,0,0,0.40839952
3,1,0,0.47684705
3,1,1,0.58254474
3,1,0,0.45976415
3,0,0,0.38862878
3,1,1,0.5088929
3,1,1,0.56588995
3,1,1,0.6001361
3,0,0,0.24249706
3,1,1,0.6121713
3,1,1,0.5169314
3,1,0,0.3332718
3,0,0,0.26799333
3,1,0,0.40278363
3,0,0,0.17965628
3,1,0,0.41036248
3,0,1,0.6281422
3,0,0,0.43830004
3,1,0,0.39206833
3,0,0,0.20930025
3,0,0,0.3170309
3,0,0,0.47100064
3,0,0,0.4627005
3,0,1,0.5859889
3,0,0,0.30594048
3,0,0,0.1990031
3,0,0,0.16985665
3,0,0,0.25067526
3,0,0,0.43306732
3,1,0,0.38182062
3,0,0,0.3572514
3,1,1,0.67582196
3,1,1,0.63952976
3,1,1,0.62235415
3,0,1,0.55423653
3,1,1,0.6126554
3,1,1,0.58582616
3,0,1,0.5168136
3,1,1,0.6747078
3,1,1,0.5975903
3,1,1,0.73834383
3,0,0,0.25893262
3,0,0,0.10825096
3,1,0,0.44261765
3,0,1,0.6537849
3,0,0,0.38674065
3,0,0,0.39810988
3,1,1,0.7098554
3,1,1,0.7602664
3,0,0,0.42699948
3,0,0,0.45181262
3,0,1,0.5603951
3,0,1,0.69921637
3,0,1,0.9150177
3,1,1,0.64734113
3,0,1,0.536573
3,1,0,0.33851108
3,1,1,0.6135026
3,0,1,0.51730055
3,1,1,0.564593
3,0,0,0.22824878
3,0,0,0.20276636
3,0,0,0.3419522
3,1,1,0.63973176
3,0,1,0.73143095
3,0,1,0.50066525
3,1,1,0.66970307
3,0,0,0.38036895
3,1,1,0.59123844
3,1,1,0.54980546
3,0,0,0.26354548
3,0,0,0.11371091
3,0,0,0.21635711
3,1,1,0.5980659
3,0,0,0.46751335
3,1,1,0.598037
3,0,0,0.27615902
3,1,0,0.44903442
3,0,0,0.17230792
3,1,1,0.57600427
3,0,1,0.55670947
3,0,1,0.75470227
3,0,0,0.41710663
3,1,0,0.39541712
3,0,1,0.5163684
3,0,1,0.78123766
3,0,0,0.20783915
3,1,1,0.667336
3,0,0,0.42687872
3,1,1,0.7234425
3,1,0,0.39390507
3,1,1,0.529433
3,0,0,0.37576005
3,0,0,0.12163815
3,1,1,0.8129828
3,0,0,0.2887495
3,1,1,0.6865849
3,0,1,0.5150025
3,1,1,0.6304858
3,1,1,0.71135765
3,0,1,0.5903731
3,1,1,0.7312623
3,1,1,0.5304858
3,0,0,0.08859009
3,0,1,0.54967356
3,1,1,0.51988935
3,0,1,0.6315308
3,0,0,0.3440696
3,1,1,0.58411545
3,1,1,0.6223537
3,1,1,0.650153
3,1,1,0.51595795
3,1,0,0.38260123
3,0,0,0.4633706
3,0,0,0.3654555
3,1,0,0.3489987
3,0,0,0.38390833
3,0,0,0.46773598
3,0,0,0.13052857
3,0,1,0.580736
3,0,0,0.31337276
3,0,1,0.64098334
3,1,0,0.40177897
3,0,1,0.729569
3,1,1,0.73384094
3,1,1,0.80430055
3,0,1,0.6775902
3,1,1,0.5619674
3,1,1,0.64672154
3,1,1,0.6874905
3,1,1,0.6413697
3,1,1,0.6460797
3,0,0,0.4344758
3,0,1,0.5571645
3,1,1,0.7239827
3,0,1,0.7156964
3,1,1,0.5973329
3,0,1,0.58033615
3,0,1,0.5138908
3,0,0,0.33941454
3,1,1,0.70957184
3,0,1,0.53888035
3,0,0,0.37701383
3,0,0,0.14023633
3,0,0,0.34522444
3,1,1,0.78367454
3,0,0,0.27526414
3,1,1,0.66301346
3,0,1,0.51371026
3,1,1,0.78655016
3,0,1,0.6419562
3,1,1,0.5882161
3,1,1,0.88476723
3,0,0,0.48425522
3,1,1,0.6866851
3,1,1,0.68300515
3,0,1,0.72444713
3,1,1,0.512746
3,0,0,0.23034082
3,1,1,0.81026316
3,0,1,0.74182916
3,0,1,0.5413118
3,1,1,0.6191689
3,1,1,0.6601156
3,1,0,0.3251532
3,1,0,0.367364
3,0,0,0.48090935
3,0,0,0.32417196
3,1,1,0.5154731
3,1,0,0.31995633
3,0,0,0.34983858
3,0,0,0.39529663
3,0,0,0.3443047
3,0,0,0.24645424
3,0,1,0.58843327
3,0,0,0.31026122
3,1,1,0.581734
3,1,0,0.4374153
3,0,0,0.2070055
3,0,1,0.5243954
3,0,0,0.48459926
3,0,0,0.39147657
3,1,0,0.45418626
3,1,1,0.6038496
3,0,0,0.34614566
3,0,0,0.21490839
3,0,1,0.72721606
3,1,0,0.4841413
3,1,0,0.16662948
3,1,1,0.85963476
3,1,1,0.5808466
3,1,1,0.74869543
3,1,1,0.7508787
3,1,1,0.75559294
3,0,0,0.20962991
3,1,1,0.68935585
3,0,0,0.4746919
3,0,0,0.46239036
3,1,1,0.58281285
3,0,0,0.15562499
3,1,1,0.6394698
3,1,1,0.6272312
3,1,1,0.9045624
3,0,0,0.13891454
3,0,1,0.5037813
3,0,1,0.59022033
3,0,1,0.506903
3,1,1,0.5082184
3,0,1,0.52799726
3,0,1,0.60766506
3,1,1,0.63524234
3,1,0,0.45909473
3,1,1,0.6230454
3,0,0,0.43930766
3,1,1,0.50259334
3,0,0,0.24137658
3,1,0,0.40389052
3,0,0,0.47237518
3,1,1,0.60266346
3,1,1,0.52615225
3,0,1,0.6054079
3,0,1,0.50256866
3,1,1,0.68814343
3,0,1,0.7303816
3,0,0,0.47495064
3,1,1,0.67704695
3,1,1,0.54804474
3,1,0,0.45335758
3,1,0,0.49790773
3,0,1,0.632975
3,0,1,0.60598826
3,0,0,0.3776203
3,1,1,0.5080496
3,1,1,0.5146366
3,0,0,0.421878
3,0,1,0.5202124
3,0,0,0.080741376
3,0,1,0.5185693
3,1,0,0.44431934
3,0,0,0.43406963
3,0,0,0.41121787
3,1,0,0.39616212
3,0,0,0.3456507
3,1,1,0.7184339
3,1,1,0.57642055
3,1,0,0.49515048
3,0,0,0.42312995
3,1,1,0.6265047
3,0,0,0.40820065
3,1,1,0.50815606
3,1,1,0.511884
3,0,0,0.4746919
3,0,0,0.46015885
3,1,0,0.47680065
3,1,1,0.59667337
3,1,0,0.4733201
3,0,0,0.49058637
3,0,0,0.15194657
3,1,1,0.8936976
3,0,0,0.36505276
3,0,0,0.22007605
3,0,0,0.4611717
3,1,1,0.6180716
3,1,1,0.60518306
3,1,0,0.49584115
3,0,1,0.51391304
3,1,1,0.5407417
3,0,0,0.18722856
3,1,0,0.3659001
3,1,1,0.68280447
3,1,0,0.4795969
3,0,0,0.40816182
3,1,1,0.59869415
3,0,1,0.5696663
3,0,0,0.20018464
3,1,1,0.51260376
3,1,1,0.6323721
3,0,0,0.17722897
3,0,0,0.3571514
3,1,1,0.58609
3,0,1,0.56526667
3,1,1,0.5760272
3,0,0,0.41708636
3,0,0,0.44881466
3,0,1,0.6554766
3,1,1,0.62859935
3,0,1,0.7263599
3,0,1,0.7151549
3,1,1,0.6754922
3,1,1,0.8381216
3,1,1,0.6091454
3,1,1,0.5694358
3,1,1,0.53057367
3,1,1,0.73265433
3,1,0,0.37977406
3,1,0,0.45715624
3,0,1,0.8074208
3,1,1,0.744961
3,1,1,0.6219469
3,1,0,0.43663982
3,0,0,0.2372683
3,0,1,0.53113735
3,0,1,0.5051794
3,1,1,0.5466113
3,0,0,0.44813251
3,0,1,0.6917163
3,0,1,0.5290604
3,0,1,0.5948155
3,1,1,0.7042094
3,1,1,0.7912026
3,1,1,0.74868584
3,1,1,0.5334804
3,0,1,0.7074571
3,1,1,0.7814137
3,1,1,0.66556203
3,1,1,0.7205963
3,1,1,0.74834317
3,0,1,0.63959694
3,0,0,0.298703
3,0,1,0.63865054
3,1,1,0.84233856
3,0,0,0.22767916
3,0,1,0.7701772
3,0,1,0.555517
3,0,1,0.70001835
3,1,1,0.6726076
3,1,1,0.6576947
3,1,1,0.575284
3,1,0,0.38403365
3,0,1,0.526735
3,1,0,0.48283583
3,0,1,0.5172164
3,0,0,0.46151865
3,0,1,0.7335626
3,0,1,0.6364626
3,1,1,0.6721888
3,1,1,0.78180516
3,0,0,0.3260399
3,0,0,0.42559868
3,0,1,0.6730228
3,1,1,0.54429364
3,1,1,0.91678035
3,1,1,0.76951885
3,0,0,0.26376644
3,1,0,0.36914748
3,1,1,0.8256833
3,0,0,0.26992536
3,0,0,0.27948296
3,0,0,0.13268803
3,1,0,0.4133827
3,0,0,0.39633602
3,0,0,0.2292823
3,1,1,0.89198226
3,1,0,0.40232307
3,0,1,0.6105343
3,1,1,0.5799467
3,0,1,0.5162198
3,1,1,0.55733055
3,0,0,0.31983346
3,1,1,0.6315683
3,0,1,0.6053306
3,0,1,0.556178
3,0,0,0.41276416
3,0,1,0.5714253
3,0,1,0.50172055
3,1,0,0.45070055
3,0,1,0.58836395
3,1,1,0.66071355
3,1,0,0.34635517
3,0,0,0.4215143
3,0,0,0.20804515
3,1,0,0.28329027
3,1,0,0.42427164
3,0,0,0.1147263
3,0,0,0.2975329
3,1,0,0.39454597
3,1,0,0.2315282
3,1,0,0.40415835
3,0,0,0.17020737
3,0,0,0.29555434
3,0,0,0.28974915
3,0,0,0.36599416
3,0,0,0.22506794
3,0,0,0.2531631
3,0,0,0.30938417
3,0,0,0.30363572
3,0,0,0.29400703
3,0,0,0.28939623
3,0,0,0.17272726
3,0,0,0.31460282
3,1,0,0.4408497
3,1,0,0.314728
3,0,0,0.36139414
3,0,0,0.18269104
3,1,0,0.34753597
3,0,0,0.4487172
3,0,0,0.17642179
3,1,1,0.557377
3,1,0,0.40496477
3,0,0,0.2701177
3,1,0,0.25023654
3,0,0,0.26834977
3,0,0,0.16183311
3,1,0,0.35208702
3,1,0,0.27397
3,0,0,0.065703735
3,1,1,0.5855113
3,0,1,0.5191939
3,1,0,0.48153043
3,1,1,0.52809614
3,0,0,0.20473519
3,0,1,0.54523563
3,1,1,0.7340218
3,0,0,0.43339738
3,0,0,0.23123752
3,0,0,0.285079
3,1,1,0.6718309
3,1,1,0.58775246
3,1,0,0.39976224
3,0,0,0.32484213
3,0,0,0.25081593
3,0,0,0.3101177
3,1,0,0.4475302
3,0,0,0.09581134
3,0,1,0.52403575
3,1,1,0.50738645
3,0,1,0.5263783
3,0,0,0.47609323
3,0,0,0.14636661
3,1,1,0.67347974
3,1,0,0.42323706
3,0,0,0.3430885
3,1,1,0.6600759
3,0,0,0.2269865
3,1,0,0.4388358
3,1,1,0.6045448
3,0,1,0.56671804
3,0,1,0.5044702
3,1,1,0.5145437
3,1,0,0.35482424
3,0,0,0.11192635
3,1,0,0.49606305
3,0,0,0.2350921
3,0,0,0.09214822
3,0,0,0.45946354
3,0,1,0.6426043
3,1,1,0.6236843
3,1,0,0.25874424
3,1,1,0.6959233
3,1,0,0.40091202
3,0,0,0.072301336
3,0,0,0.112105034
3,0,0,0.16309766
3,1,1,0.75436926
3,0,0,0.4164836
3,1,0,0.48893785
3,1,0,0.49289897
3,1,1,0.6935008
3,1,1,0.7383389
3,1,1,0.5367553
3,0,0,0.49006757
3,1,0,0.4830733
3,0,1,0.68298095
3,1,1,0.71426827
3,1,1,0.69748527
3,0,0,0.17413208
3,0,1,0.5241379
3,1,1,0.77122074
3,1,1,0.6809497
3,0,1,0.5647326
3,0,0,0.41540465
3,0,0,0.4880969
3,0,1,0.72405696
3,0,0,0.47699684
3,1,1,0.5650479
3,1,1,0.56240314
3,0,0,0.21374393
3,1,0,0.37160578
3,0,0,0.23949479
3,0,1,0.50793517
3,1,1,0.6932683
3,0,0,0.37335852
3,1,1,0.7921683
3,1,1,0.65652525
3,1,1,0.6012056
3,1,1,0.5273552
3,1,1,0.8420481
3,0,1,0.50987107
3,1,1,0.61908865
3,0,0,0.33432943
3,1,1,0.6530734
3,0,0,0.41179767
3,1,1,0.7344779
3,0,1,0.556377
3,1,1,0.7697664
3,1,1,0.77236396
3,1,1,0.75945204
3,0,1,0.7119243
3,0,1,0.57406133
3,1,1,0.9534325
3,0,1,0.783788
3,1,1,0.74304247
3,0,1,0.50601417
3,1,1,0.7166308
3,1,1,0.7499005
3,0,1,0.5809241
3,1,1,0.8131466
3,1,1,0.576849
3,1,1,0.74500203
3,1,1,0.8878248
3,0,1,0.53264743
3,1,1,0.7438597
3,0,1,0.65180737
3,0,1,0.54674345
3,0,1,0.7128024
3,1,1,0.550838
3,1,1,0.6969037
3,1,0,0.3973803
3,0,1,0.6544499
3,0,0,0.40850455
3,0,0,0.4796809
3,0,0,0.42751035
3,0,1,0.5997443
3,1,1,0.5930822
3,1,0,0.34984234
3,0,1,0.54465467
3,1,0,0.28520927
3,1,1,0.8641987
3,1,1,0.58899415
3,1,0,0.36249876
3,0,1,0.5797182
3,0,1,0.7272981
3,1,1,0.56998295
3,1,1,0.81784177
3,0,0,0.1010446
3,0,1,0.6029469
3,1,1,0.61379504
3,1,0,0.33928934
3,0,0,0.44881427
3,1,0,0.43854868
3,1,0,0.34200105
3,0,0,0.43417904
3,1,1,0.5050587
3,0,0,0.21811959
3,0,0,0.1530418
3,0,1,0.5866965
3,0,0,0.4304635
3,0,0,0.10131058
3,1,0,0.4188083
3,0,0,0.20481993
3,1,1,0.60647887
3,1,0,0.3463176
3,1,0,0.44948226
3,0,0,0.2715971
3,0,0,0.40120536
3,1,0,0.41048717
3,0,0,0.40985832
3,0,0,0.27039257
3,0,1,0.55366087
3,0,0,0.27460533
3,0,0,0.48070127
3,0,1,0.55566406
3,1,0,0.45970672
3,1,0,0.44276276
3,0,1,0.5919276
3,0,0,0.32549295
3,0,0,0.45799908
3,0,1,0.5895427
3,1,1,0.5279285
3,0,0,0.45137292
3,0,0,0.44916093
3,1,1,0.63778937
3,1,0,0.45203364
3,1,1,0.63091093
3,0,0,0.3195715
3,0,0,0.1963004
3,0,0,0.261878
3,1,0,0.41489294
3,1,0,0.3768056
3,1,1,0.56003535
3,0,0,0.46296027
3,0,1,0.5587658
3,1,1,0.781748
3,1,1,0.54321986
3,1,1,0.64002055
3,0,0,0.21357456
3,0,1,0.5829152
3,1,1,0.72631496
3,0,0,0.31065348
3,1,1,0.533098
3,0,0,0.22769032
3,1,1,0.5831142
3,0,1,0.57985586
3,0,0,0.47055447
3,1,1,0.6113738
3,0,0,0.44170085
3,0,0,0.27932537
3,1,1,0.62562764
3,0,1,0.78053373
3,0,0,0.44002965
3,1,1,0.5830537
3,1,0,0.25371283
3,0,0,0.11375034
3,0,0,0.309179
3,1,1,0.6949795
3,0,1,0.5674634
3,0,0,0.43931997
3,0,0,0.26172206
3,1,1,0.63719743
3,0,1,0.5691366
3,1,1,0.70451975
3,1,1,0.60735357
3,1,1,0.6701236
3,0,1,0.58295316
3,0,1,0.52639157
3,1,1,0.83034295
3,1,1,0.6358574
3,1,1,0.59513366
3,1,1,0.7064638
3,1,1,0.6025325
3,1,1,0.6261454
3,0,0,0.33708623
3,0,0,0.42373788
3,1,0,0.42778292
3,0,0,0.2735549
3,0,0,0.38973162
3,0,0,0.4573285
3,1,1,0.6934955
3,1,1,0.62979525
3,1,1,0.67440957
3,0,0,0.43359333
3,0,1,0.56403756
3,1,1,0.5252806
3,1,0,0.463064
3,1,1,0.71834666
3,1,1,0.7276618
3,0,0,0.45378345
3,1,0,0.49328938
3,1,1,0.67275554
3,0,0,0.31961617
3,0,1,0.7018968
3,1,1,0.6091775
3,1,1,0.6394472
3,1,1,0.7037978
3,0,0,0.47992972
3,0,1,0.63456565
3,0,1,0.6326385
3,1,1,0.762465
3,1,1,0.7383864
3,0,0,0.35362747
3,1,1,0.8190212
3,0,1,0.54562193
3,1,1,0.58424926
3,1,1,0.60530543
3,0,1,0.6544518
3,1,1,0.64016324
3,1,1,0.8809048
3,1,1,0.56690687
3,1,0,0.16139466
3,1,1,0.7023863
3,1,1,0.7340657
3,0,0,0.38245746
3,1,1,0.6316108
3,0,1,0.5635755
3,1,1,0.6769017
3,0,1,0.6804173
3,0,0,0.46318468
3,1,1,0.6548815
3,1,1,0.57802516
3,0,0,0.27362052
3,0,0,0.3162265
3,1,1,0.5240784
3,0,0,0.34228137
3,0,0,0.17602682
3,1,1,0.5650131
3,0,0,0.16882478
3,1,1,0.5980659
3,1,1,0.67723334
3,0,0,0.38183537
3,0,0,0.46688393
3,0,1,0.543638
3,0,0,0.29351103
3,1,1,0.80191004
3,0,0,0.29830146
3,0,1,0.7919189
3,1,1,0.8511876
3,0,1,0.61633956
3,0,1,0.5403918
3,1,1,0.72348374
3,0,1,0.57319874
3,1,1,0.7074343
3,0,0,0.4676057
3,1,1,0.8152554
3,1,1,0.7302786
3,0,1,0.5447624
3,0,0,0.49553663
3,0,0,0.4406231
3,1,1,0.765554
3,1,1,0.765096
3,0,0,0.4342771
3,0,0,0.4773353
3,0,0,0.37279058
3,1,0,0.26453847
3,1,1,0.64037
3,1,1,0.622865
3,1,1,0.55510235
3,0,0,0.09372295
3,0,1,0.65343916
3,0,1,0.67938024
3,1,1,0.53814226
3,0,1,0.6689148
3,0,1,0.501258
3,1,1,0.6950524
3,0,0,0.21318507
3,0,0,0.4848644
3,0,0,0.21638446
3,0,0,0.34823495
3,0,0,0.32710785
3,0,0,0.40318772
3,1,1,0.62092644
3,1,1,0.5309486
3,0,0,0.109928906
3,1,0,0.47421995
3,1,1,0.6607394
3,0,0,0.32221484
3,1,1,0.8732992
3,0,0,0.49881694
3,1,1,0.63302153
3,1,1,0.5641661
3,0,1,0.59720623
3,0,1,0.5301806
3,0,0,0.3801437
3,0,1,0.66757214
3,1,1,0.7468768
3,0,1,0.76794606
3,0,0,0.44200784
3,1,1,0.71846426
3,1,1,0.5782014
3,0,0,0.27547666
3,0,1,0.50012606
3,1,1,0.61935216
3,1,0,0.4192051
3,1,1,0.78938997
3,1,1,0.7773278
3,1,1,0.67523634
3,0,0,0.48044762
3,0,1,0.6851233
3,1,0,0.45362553
3,1,1,0.6128535
3,1,1,0.59949607
3,1,1,0.5236918
3,0,1,0.5581317
3,0,1,0.7497572
3,0,0,0.4357913
3,0,1,0.6963078
3,1,1,0.5333308
3,0,1,0.7728908
3,0,0,0.38614535
3,0,1,0.7053362
3,1,1,0.6343608
3,1,1,0.52958286
3,0,0,0.43919426
3,0,0,0.40157297
3,0,0,0.49308667
3,1,1,0.55571425
3,0,1,0.5201076
3,0,0,0.46491084
3,1,0,0.4913384
3,1,1,0.52555454
3,0,0,0.43971732
3,0,0,0.44527003
3,1,1,0.7103814
3,1,1,0.6679319
3,0,0,0.4438447
3,1,1,0.5883933
3,0,1,0.5127149
3,0,0,0.47844544
3,1,1,0.57659763
3,0,0,0.3238542
3,0,0,0.31957236
3,1,0,0.40646562
3,1,1,0.6392196
3,1,1,0.5405871
3,0,1,0.70297503
3,0,1,0.5620028
3,0,1,0.61814004
3,1,0,0.31892937
3,1,0,0.47067192
3,0,1,0.5697293
3,0,1,0.5061114
3,1,1,0.65641403
3,0,0,0.08968994
3,0,0,0.37052467
3,0,1,0.5587658
3,1,0,0.48664865
3,1,1,0.65530837
3,1,0,0.4649635
3,1,1,0.54456395
3,1,1,0.76699513
3,0,1,0.57236546
3,0,1,0.6533705
3,0,0,0.29765153
3,1,1,0.5658998
3,1,0,0.40979025
3,0,0,0.46432498
3,0,0,0.3306188
3,1,1,0.5261427
3,0,1,0.50986177
3,0,0,0.37362793
3,1,1,0.93057483
3,1,1,0.77004313
3,0,1,0.7050613
3,0,0,0.39833942
3,1,1,0.7895047
3,0,1,0.5285298
3,1,1,0.78644806
3,1,1,0.62336206
3,1,0,0.47069007
3,1,0,0.47641185
3,0,0,0.28831965
3,1,0,0.45356315
3,1,1,0.53725475
3,1,0,0.4906334
3,0,1,0.5396685
3,1,1,0.6392564
3,0,1,0.6494225
3,0,1,0.5521713
3,0,1,0.7044642
3,0,0,0.4361434
3,0,0,0.45457128
3,1,0,0.24207771
3,0,1,0.54559374
3,1,0,0.27666277
3,0,0,0.18884231
3,0,1,0.6299039
3,1,0,0.38213512
3,1,1,0.5896018
3,1,1,0.5517
3,0,0,0.38173172
3,1,1,0.59084165
3,1,1,0.56531286
3,0,0,0.26610604
3,0,0,0.39018726
3,0,0,0.13505453
3,1,1,0.6039404
3,1,1,0.55276775
3,1,0,0.3914731
3,1,1,0.5462667
3,1,1,0.64610785
3,0,0,0.3074897
3,1,1,0.5029313
3,1,0,0.4601357
3,0,1,0.5339179
3,1,0,0.39746267
3,0,0,0.25736514
3,0,0,0.3144178
3,1,0,0.45569706
3,1,1,0.77663803
3,0,0,0.4811671
3,0,0,0.3184447
3,1,1,0.81268626
3,1,1,0.77814305
3,1,1,0.6560667
3,0,1,0.8421475
3,0,1,0.6788329
3,0,1,0.7510803
3,1,1,0.5970832
3,0,1,0.509384
3,1,1,0.80025977
3,1,1,0.74633044
3,0,1,0.5347481
3,1,0,0.3882755
3,0,1,0.5513605
3,1,1,0.7507281
3,1,0,0.48184955
3,0,1,0.5089469
3,0,1,0.6190403
3,1,1,0.532044
3,1,1,0.7210325
3,0,0,0.47296605
3,0,0,0.14917164
3,0,1,0.6653706
3,0,0,0.4442575
3,1,1,0.6806523
3,1,1,0.79494894
3,1,1,0.74576795
3,0,1,0.79591054
3,1,1,0.5520971
3,0,0,0.30502278
3,0,1,0.5227762
3,1,1,0.8440383
3,1,0,0.4456537
3,0,1,0.7346886
3,0,0,0.39379925
3,1,1,0.66151
3,0,1,0.5968726
3,1,1,0.6632438
3,1,0,0.49623108
3,1,1,0.5363742
3,0,1,0.6670517
3,0,1,0.5397023
3,1,1,0.5700566
3,1,1,0.6028025
3,1,1,0.6697469
3,0,1,0.657107
3,1,1,0.6140335
3,1,1,0.66643757
3,0,0,0.27289364
3,1,1,0.66283524
3,0,0,0.4546163
3,1,1,0.545127
3,1,1,0.56637365
3,1,1,0.61094534
3,1,0,0.4891633
3,1,0,0.47274083
3,0,0,0.49240458
3,1,0,0.48381296
3,0,1,0.61391586
3,0,1,0.5641506
3,0,1,0.5172179
3,0,1,0.57709295
3,0,1,0.6238456
3,0,0,0.49916443
3,0,1,0.5124641
3,1,1,0.79760826
3,1,1,0.7754265
3,0,1,0.656964
3,0,0,0.23367788
3,0,0,0.32396942
3,1,1,0.6267507
3,0,1,0.7578426
3,0,0,0.15707472
3,0,1,0.5031612
3,1,1,0.5199843
3,1,1,0.6059821
3,1,1,0.5636223
3,0,0,0.41945508
3,0,1,0.65801704
3,1,0,0.45006722
3,1,0,0.49783903
3,1,1,0.64291114
3,1,0,0.49839556
3,1,1,0.7286777
3,1,1,0.7179155
3,0,1,0.70636654
3,1,1,0.50717574
3,0,0,0.48917648
3,1,0,0.41293654
3,0,0,0.18003409
3,1,0,0.49502525
3,1,1,0.5577359
3,1,1,0.89108723
3,0,0,0.28874144
3,1,0,0.44274077
3,0,0,0.4541992
3,0,0,0.43661416
3,0,0,0.4187944
3,1,1,0.602382
3,1,0,0.3794007
3,1,1,0.76271296
3,0,1,0.6974981
3,1,1,0.5663449
3,1,0,0.42011657
3,1,1,0.7200583
3,0,0,0.40192714
3,1,1,0.6174138
3,1,0,0.4704571
3,0,0,0.4437949
3,1,1,0.5866583
3,0,1,0.59277725
3,0,0,0.4425798
3,0,0,0.3324248
3,1,1,0.6503547
3,0,1,0.60028446
3,0,0,0.48700446
3,1,1,0.80025977
3,1,1,0.74633044
3,0,1,0.5347481
3,1,0,0.3882755
3,0,1,0.5513605
3,1,1,0.7507281
3,1,0,0.48184955
3,0,1,0.5089469
3,0,1,0.6190403
3,1,1,0.532044
3,1,1,0.7210325
3,0,0,0.47296605
3,0,0,0.14917164
3,0,1,0.6653706
3,0,0,0.4442575
3,1,1,0.6806523
3,1,1,0.79494894
3,1,1,0.74576795
3,0,1,0.79591054
3,1,1,0.5520971
3,0,0,0.30502278
3,0,1,0.5227762
3,1,1,0.6543189
3,1,0,0.3889067
3,0,0,0.48066923
3,0,1,0.58820444
3,0,1,0.62971044
3,0,0,0.3672835
3,0,0,0.34826303
3,1,1,0.7249539
3,1,1,0.67303866
3,1,0,0.47645783
3,0,1,0.62659675
3,1,1,0.6413791
3,1,1,0.6707168
3,0,1,0.6127569
3,0,0,0.38061717
3,1,1,0.6514674
3,1,1,0.51267827
3,0,0,0.43070647
3,0,1,0.59876406
3,1,1,0.51270586
3,1,1,0.65019137
3,1,1,0.63712275
3,0,1,0.6891415
3,1,1,0.7033382
3,1,0,0.4273696
3,1,0,0.33831218
3,0,1,0.7017089
3,1,0,0.34451222
3,0,1,0.52946144
3,0,0,0.36469817
3,1,1,0.6166766
3,0,0,0.35608155
3,0,1,0.5215539
3,0,1,0.66764575
3,0,1,0.55151165
3,0,1,0.5660008
3,1,1,0.5012856
3,1,0,0.47402677
3,0,0,0.28234026
3,0,0,0.33625332
3,1,0,0.35956296
3,0,0,0.23503992
3,0,0,0.2576335
3,0,0,0.20412065
3,1,0,0.44957793
3,0,0,0.32834214
3,0,0,0.36510542
3,1,1,0.51093066
3,0,0,0.1792935
3,1,1,0.5959067
3,0,1,0.6714427
3,0,1,0.7207045
3,0,1,0.6020495
3,0,0,0.45071366
3,1,1,0.7588998
3,0,1,0.6578623
3,1,1,0.6846732
3,1,1,0.76091117
3,0,0,0.43849447
3,1,0,0.4870926
3,0,1,0.50936884
3,0,0,0.35844573
3,1,1,0.7631214
3,0,0,0.35462362
3,1,0,0.38499856
3,0,0,0.13215542
3,0,0,0.41623273
3,1,1,0.7913989
3,1,0,0.49277937
3,0,1,0.50823903
3,1,1,0.5423891
3,0,0,0.47895944
3,1,0,0.43810585
3,0,1,0.7688877
3,0,1,0.7100857
3,0,1,0.52535444
3,1,1,0.6243608
3,0,1,0.6818188
3,0,1,0.5938175
3,1,0,0.34634694
3,1,1,0.57717997
3,1,1,0.6495802
3,1,1,0.5620436
3,0,0,0.42374256
3,1,1,0.6900466
3,1,1,0.6552388
3,1,1,0.69304866
3,1,1,0.6735829
3,0,1,0.6955278
3,1,1,0.9182462
3,1,1,0.54744375
3,1,1,0.54001355
3,1,1,0.5292447
3,0,0,0.43994954
3,0,1,0.5515074
3,1,1,0.82121044
3,0,1,0.530074
3,0,1,0.5050443
3,1,1,0.6827157
3,1,1,0.5363221
3,0,0,0.085893
3,0,0,0.30509347
3,0,0,0.11602169
3,0,0,0.4013472
3,0,1,0.694564
3,0,1,0.6301383
3,0,1,0.57857674
3,0,0,0.4734761
3,0,0,0.47874203
3,0,1,0.65171057
3,0,1,0.5275558
3,1,1,0.5108886
3,0,1,0.7367282
3,1,1,0.70024395
3,1,1,0.53019536
3,1,0,0.20767005
3,0,1,0.5281684
3,1,1,0.73571014
3,1,1,0.55659425
3,0,0,0.3274954
3,0,1,0.59976995
3,0,0,0.49800488
3,0,0,0.40647382
3,0,0,0.48892322
3,0,0,0.44495285
3,0,0,0.22817318
3,0,0,0.3886372
3,1,0,0.45334294
3,0,0,0.49535617
3,0,1,0.6955442
3,1,0,0.39171106
3,1,1,0.59813476
3,1,1,0.62731695
3,0,0,0.41248095
3,1,1,0.51539636
3,0,0,0.46384785
3,1,1,0.59111935
3,1,0,0.4101717
3,1,0,0.48736522
3,0,0,0.24965826
3,0,0,0.15589513
3,1,1,0.7352337
3,1,1,0.5811139
3,0,0,0.21817727
3,1,1,0.5547038
3,1,1,0.66839564
3,1,1,0.7067244
3,0,0,0.4705034
3,0,1,0.6746856
3,0,1,0.73463506
3,1,1,0.5536743
3,1,1,0.74885887
3,0,0,0.2467993
3,0,0,0.44341555
3,0,1,0.6340143
3,0,0,0.30132088
3,1,1,0.7037618
3,0,1,0.6812877
3,1,1,0.7545881
3,1,1,0.6882656
3,0,1,0.57320434
3,0,0,0.45338818
3,1,1,0.8323349
3,0,0,0.40997672
3,1,1,0.7378524
3,1,1,0.65115637
3,1,1,0.8198193
3,1,1,0.81211215
3,1,1,0.68401134
3,0,1,0.6844579
3,0,1,0.60208565
3,1,1,0.51896125
3,0,1,0.6602907
3,0,1,0.5346705
3,0,0,0.21981257
3,0,1,0.67391896
3,0,0,0.42916602
3,1,1,0.7577707
3,1,1,0.7400208
3,1,1,0.64471805
3,1,1,0.52725804
3,1,1,0.7437963
3,1,0,0.46029875
3,1,1,0.60224307
3,0,1,0.6229466
3,0,1,0.5339494
3,0,0,0.3276894
3,0,0,0.3548794
3,0,1,0.6535076
3,1,1,0.553536
3,0,1,0.538149
3,0,0,0.35299382
3,1,0,0.49795374
3,0,1,0.75337625
3,0,0,0.1557775
3,1,1,0.6343945
3,1,0,0.48357052
3,1,1,0.5921293
3,1,0,0.31608057
3,0,1,0.57105726
3,0,1,0.51299024
3,1,0,0.3254469
3,1,0,0.3038626
3,1,0,0.3988617
3,1,1,0.5325303
3,1,1,0.536186
3,0,0,0.4978933
3,0,1,0.7108827
3,1,1,0.86142427
3,1,1,0.7378962
3,1,0,0.49046573
3,0,0,0.3841479
3,0,1,0.7074552
3,0,0,0.21474554
3,1,0,0.28420943
3,1,1,0.72009945
3,1,1,0.73241657
3,0,1,0.63959694
3,0,0,0.298703
3,1,1,0.83205295
3,0,0,0.42969912
3,1,1,0.7109036
3,1,1,0.8285866
3,1,1,0.5737329
3,1,0,0.33453423
3,0,0,0.36269686
3,0,1,0.7139085
3,1,1,0.6623693
3,0,1,0.66322386
3,1,1,0.5319998
3,0,1,0.78812647
3,0,0,0.3222892
3,1,0,0.408808
3,0,0,0.22162244
3,0,1,0.7381724
3,1,1,0.7771266
3,1,1,0.6216559
3,0,1,0.64774156
3,0,1,0.6255489
3,1,1,0.66712564
3,1,1,0.6394654
3,0,1,0.6751327
3,0,1,0.602947
3,1,1,0.7189252
3,0,1,0.67911977
3,0,0,0.14691487
3,0,0,0.32358631
3,1,1,0.56737554
3,0,1,0.508479
3,0,0,0.39208055
3,0,0,0.2591546
3,1,1,0.6707285
3,0,0,0.20095812
3,1,1,0.68687177
3,0,1,0.629802
3,0,1,0.5525197
3,1,1,0.8465895
3,1,1,0.5163033
3,1,1,0.5108339
3,1,1,0.7873417
3,0,0,0.43450567
3,0,1,0.7142
3,1,1,0.6550841
3,0,1,0.5449652
3,0,1,0.53072095
3,0,0,0.44099465
3,1,1,0.741771
3,1,1,0.7263335
3,0,0,0.18640976
3,1,1,0.6875319
3,1,1,0.5741244
3,1,1,0.5225744
3,0,1,0.5853318
3,0,0,0.26636678
3,0,0,0.3869305
3,1,1,0.7945774
3,0,0,0.42669946
3,0,0,0.36024037
3,0,0,0.2612887
3,1,0,0.33116686
3,0,0,0.3624345
3,1,0,0.26248053
3,1,0,0.31192473
3,1,0,0.4712475
3,1,0,0.2844518
3,1,0,0.3743042
3,0,0,0.26559657
3,0,0,0.4798719
3,0,0,0.20711505
3,0,0,0.45564055
3,1,1,0.61481166
3,1,1,0.6728687
3,1,1,0.507807
3,0,0,0.379176
3,1,0,0.20807298
3,1,0,0.4990368
3,0,0,0.40546852
3,1,0,0.22828715
3,1,0,0.4995467
3,0,0,0.36863488
3,1,0,0.42928004
3,1,0,0.361644
3,0,0,0.23248321
3,0,0,0.47392115
3,1,0,0.29011452
3,1,1,0.66147494
3,0,1,0.672802
3,0,0,0.49301764
3,1,1,0.5133595
3,0,1,0.6043449
3,0,0,0.2736609
3,0,0,0.4507111
3,0,1,0.77222097
3,1,1,0.7062439
3,0,1,0.6998073
3,1,0,0.47259805
3,0,1,0.65215933
3,1,0,0.46310508
3,1,1,0.63283527
3,0,0,0.33067524
3,0,0,0.48955673
3,1,0,0.406593
3,1,1,0.7143033
3,0,0,0.16714232
3,0,1,0.59913766
3,0,1,0.5376642
3,0,0,0.4504104
3,1,1,0.587485
3,0,1,0.71114016
3,0,0,0.49039817
3,0,0,0.18385625
3,0,1,0.7142858
3,1,1,0.6722058
3,0,0,0.4982725
3,1,1,0.5819889
3,1,1,0.5228468
3,0,0,0.18360095
3,1,1,0.8332149
3,1,1,0.7590664
3,1,1,0.54188305
3,0,0,0.45170802
3,1,1,0.67329437
3,0,1,0.5259487
3,0,1,0.68018943
3,0,1,0.54178756
3,1,0,0.44885284
3,0,1,0.6659709
3,1,1,0.62326026
3,0,0,0.48073304
3,0,1,0.5497356
3,1,1,0.6640857
3,0,1,0.57427484
3,1,1,0.6328145
3,0,0,0.35888156
3,1,1,0.6641046
3,0,1,0.5226359
3,1,1,0.7118795
3,0,0,0.38986745
3,1,1,0.67627966
3,1,0,0.45076033
3,0,1,0.67333704
3,1,1,0.75495523
3,0,0,0.4600373
3,0,0,0.4936594
3,0,0,0.35235223
3,1,0,0.41763788
3,1,1,0.60358393
3,1,1,0.54043204
3,0,1,0.65846723
3,1,1,0.7942524
3,1,1,0.6750003
3,0,1,0.78134173
3,1,1,0.6023968
3,1,1,0.8374729
3,1,1,0.51399714
3,0,0,0.38810068
3,1,1,0.66710484
3,1,1,0.73765206
3,0,1,0.6150936
3,0,1,0.59379894
3,0,0,0.4892781
3,1,1,0.637194
3,0,1,0.7592273
3,1,0,0.42847192
3,1,0,0.42188525
3,0,0,0.30705065
3,0,0,0.43930122
3,1,1,0.5354487
3,1,1,0.65097874
3,1,1,0.7382842
3,1,1,0.56221986
3,0,1,0.6084298
3,0,1,0.5815177
3,1,1,0.5951352
3,1,1,0.5818136
3,1,1,0.7046361
3,0,0,0.31661683
3,0,1,0.872284
3,0,0,0.42329338
3,0,1,0.5472941
3,1,1,0.7811991
3,0,1,0.62283087
3,0,1,0.71203876
3,0,1,0.7031985
3,0,1,0.5141312
3,1,1,0.87987715
3,0,0,0.45473802
3,0,1,0.69793016
3,1,0,0.39538205
3,1,1,0.5888831
3,1,1,0.7543935
3,0,1,0.5338992
3,1,1,0.61258256
3,1,1,0.510918
3,0,1,0.6143957
3,1,0,0.43693793
3,0,1,0.57607096
3,1,1,0.5034398
3,0,0,0.20752534
3,1,1,0.59260404
3,1,1,0.7010643
3,0,0,0.35026905
3,1,1,0.71844685
3,0,1,0.74158394
3,0,0,0.09410526
3,0,0,0.13938764
3,0,0,0.47926676
3,0,1,0.7181795
3,0,1,0.7122403
3,0,0,0.43849245
3,0,0,0.29079974
3,0,0,0.36875844
3,1,1,0.6148551
3,0,1,0.5459691
3,1,0,0.48300123
3,0,1,0.5564007
3,0,0,0.14638866
3,0,1,0.62013596
3,1,1,0.657405
3,0,1,0.6888512
3,1,1,0.5237275
3,1,1,0.52214706
3,0,0,0.46836564
3,1,1,0.6388245
3,0,1,0.51380235
3,1,1,0.5084868
3,1,0,0.47011107
3,1,1,0.59985673
3,1,0,0.37697875
3,1,1,0.63883024
3,0,0,0.40375495
3,0,0,0.2089707
3,1,1,0.56596786
3,1,1,0.5403276
3,1,1,0.5838153
3,1,0,0.31641626
3,1,0,0.32811442
3,1,0,0.44128427
3,0,0,0.24632971
3,0,0,0.22342087
3,1,0,0.24752575
3,0,0,0.34989548
3,0,0,0.07080349
3,0,0,0.29400504
3,0,0,0.2462415
3,1,0,0.41150525
3,1,0,0.34390995
3,0,0,0.41324553
3,0,0,0.34599057
3,0,0,0.20705077
3,0,0,0.37724903
3,0,0,0.29398063
3,0,1,0.5195753
3,1,1,0.5573425
3,1,1,0.50960535
3,0,0,0.41131207
3,0,0,0.27876997
3,0,0,0.23455003
3,1,0,0.35395354
3,0,0,0.47911438
3,0,0,0.22364238
3,0,0,0.12151314
3,0,0,0.37715468
3,1,0,0.377407
3,0,0,0.38326663
3,1,1,0.5317427
3,1,0,0.3100036
3,0,0,0.12925364
3,1,1,0.67582196
3,1,1,0.63952976
3,1,1,0.62235415
3,0,1,0.55423653
3,1,1,0.6126554
3,1,1,0.58582616
3,0,1,0.5168136
3,1,1,0.6747078
3,1,1,0.5975903
3,1,1,0.73834383
3,0,0,0.25893262
3,0,0,0.10825096
3,1,0,0.44261765
3,0,1,0.6537849
3,0,0,0.38674065
3,0,0,0.39810988
3,1,1,0.7098554
3,1,1,0.7602664
3,0,0,0.42699948
3,0,0,0.45181262
3,0,1,0.5603951
3,0,1,0.69921637
3,0,1,0.9150177
3,1,1,0.62467414
3,1,1,0.5649839
3,1,1,0.5547856
3,1,1,0.5162525
3,0,1,0.58652097
3,1,1,0.5250426
3,1,1,0.6449652
3,0,0,0.34492666
3,0,1,0.5148338
3,0,1,0.5892959
3,1,1,0.8057593
3,0,0,0.4186136
3,0,1,0.7618684
3,0,1,0.59395415
3,0,1,0.6303883
3,1,1,0.5866352
3,1,0,0.2632671
3,0,0,0.20349441
3,0,1,0.63703513
3,1,1,0.55115074
3,0,0,0.22232005
3,1,0,0.3088063
3,1,0,0.34015906
3,1,1,0.66817117
3,0,0,0.46456093
3,1,1,0.56394535
3,0,1,0.50172055
3,1,0,0.46262246
3,1,0,0.46666253
3,1,1,0.50994194
3,0,1,0.5526412
3,0,1,0.64601845
3,1,1,0.5789264
3,0,1,0.5883203
3,1,1,0.5056877
3,0,0,0.47865242
3,0,1,0.5002381
3,1,1,0.6128431
3,0,0,0.4714365
3,0,1,0.66713625
3,1,1,0.63189405
3,0,0,0.28350788
3,0,0,0.49108377
3,0,0,0.1953322
3,1,1,0.83034295
3,1,1,0.6358574
3,1,1,0.59513366
3,1,1,0.7064638
3,1,1,0.6025325
3,1,1,0.6261454
3,0,0,0.33708623
3,0,0,0.42373788
3,1,0,0.42778292
3,0,0,0.2735549
3,0,0,0.38973162
3,0,0,0.4573285
3,1,1,0.6934955
3,1,1,0.62979525
3,1,1,0.67440957
3,0,0,0.43359333
3,0,1,0.56403756
3,1,1,0.5252806
3,1,0,0.463064
3,1,1,0.71834666
3,1,1,0.65576524
3,0,0,0.36979386
3,1,1,0.5686082
3,1,1,0.72676545
3,0,1,0.7581421
3,0,1,0.7610675
3,0,1,0.6104315
3,0,0,0.3926404
3,1,0,0.33216795
3,1,1,0.56414276
3,0,0,0.46045476
3,1,1,0.5797145
3,0,1,0.7555292
3,0,1,0.83432406
3,1,0,0.4046862
3,0,1,0.59939796
3,1,1,0.52992386
3,1,1,0.66776145
3,0,0,0.21788487
3,0,0,0.3465849
3,0,0,0.29246923
3,0,0,0.23300394
3,0,0,0.32348746
3,0,1,0.6309291
3,0,0,0.39593402
3,1,1,0.8125142
3,1,1,0.81283826
3,0,0,0.24655855
3,1,1,0.6026533
3,1,0,0.4449742
3,0,0,0.39177555
3,1,1,0.6782472
3,0,0,0.14917138
3,1,1,0.66229576
3,0,0,0.2739122
3,1,0,0.40674636
3,1,1,0.62730795
3,1,0,0.47234032
3,0,0,0.42477402
3,0,1,0.52721655
3,0,0,0.24614853
3,0,0,0.37508395
3,0,0,0.31892496
3,1,0,0.49674103
3,0,0,0.19667666
3,1,0,0.49748087
3,1,1,0.65814817
3,1,1,0.66540194
3,1,1,0.64016813
3,0,0,0.24452673
3,0,1,0.74062157
3,0,0,0.43767723
3,0,0,0.3065503
3,1,1,0.637496
3,0,1,0.6236421
3,0,1,0.59905416
3,1,1,0.793509
3,0,1,0.587758
3,1,1,0.7353017
3,0,1,0.6654173
3,1,1,0.5020863
3,1,0,0.47499397
3,1,1,0.505099
3,0,0,0.3402358
3,0,0,0.49633008
3,0,0,0.47329035
3,1,1,0.55887884
3,0,0,0.24939595
3,0,1,0.57770866
3,0,0,0.17628248
3,0,1,0.6274786
3,0,1,0.7134426
3,1,0,0.4644509
3,1,1,0.7274801
3,1,1,0.6030111
3,0,0,0.48915645
3,1,1,0.65027434
3,0,1,0.5130854
3,1,1,0.58250386
3,0,1,0.58907425
3,0,1,0.5632235
3,1,0,0.416391
3,0,0,0.37367937
3,0,1,0.57845545
3,0,1,0.5250764
3,0,0,0.43194953
3,0,0,0.44786435
3,1,1,0.6962707
3,1,0,0.44843295
3,0,0,0.37710896
3,1,0,0.21819216
3,0,1,0.76953155
3,0,0,0.49548957
3,0,0,0.4372957
3,0,1,0.7535052
3,0,0,0.4167762
3,0,0,0.4237215
3,1,1,0.5462705
3,1,1,0.56941354
3,0,0,0.45667472
3,1,1,0.7661465
3,0,1,0.5698846
3,0,0,0.26291645
3,0,0,0.39791143
3,0,0,0.4322694
3,1,1,0.5465806
3,1,0,0.47034007
3,1,1,0.566317
3,1,1,0.6080833
3,1,1,0.5892323
3,0,0,0.23166429
3,1,1,0.6035308
3,0,0,0.40933034
3,1,0,0.385347
3,1,1,0.6210618
3,1,1,0.766418
3,0,0,0.31901023
3,0,0,0.14926979
3,0,1,0.5271882
3,1,1,0.5473868
3,1,1,0.67764825
3,0,1,0.54439276
3,1,0,0.3756598
3,0,0,0.48600867
3,0,1,0.5980258
3,0,0,0.43222114
3,0,0,0.46133664
3,1,0,0.28494066
3,1,1,0.57451516
3,0,0,0.40839952
3,1,0,0.47684705
3,1,1,0.58254474
3,1,0,0.45976415
3,0,0,0.38862878
3,1,1,0.5088929
3,1,1,0.56588995
3,1,1,0.6001361
3,0,0,0.24249706
3,1,1,0.6121713
3,1,1,0.5169314
3,1,0,0.3332718
3,0,0,0.26799333
3,1,0,0.40278363
3,0,0,0.17965628
3,1,0,0.41036248
3,0,1,0.6281422
3,0,0,0.43830004
3,1,0,0.39206833
3,0,0,0.20930025
3,0,0,0.3170309
3,0,0,0.47100064
3,0,0,0.4627005
3,0,1,0.5859889
3,0,0,0.30594048
3,0,0,0.1990031
3,0,0,0.16985665
3,0,0,0.25067526
3,0,0,0.43306732
3,1,0,0.38182062
3,0,0,0.3572514
3,0,1,0.68688875
3,1,1,0.52676845
3,1,1,0.5415873
3,1,1,0.67827755
3,0,0,0.40595853
3,1,1,0.69434404
3,1,1,0.56584734
3,0,1,0.63090587
3,0,0,0.3735759
3,0,1,0.5122672
3,0,0,0.32628396
3,1,1,0.5918154
3,1,1,0.63517594
3,1,1,0.67368066
3,1,1,0.6245166
3,0,0,0.34594047
3,1,1,0.5469589
3,0,0,0.46043333
3,1,1,0.7616074
3,0,0,0.36408734
3,0,1,0.6072835
3,0,1,0.61811405
3,1,0,0.19045874
3,1,1,0.65647787
3,0,1,0.6789582
3,0,0,0.48895237
3,1,0,0.35539657
3,0,1,0.5552346
3,0,0,0.3730112
3,1,1,0.71125823
3,1,0,0.43104464
3,0,0,0.3185091
3,1,1,0.73453504
3,0,0,0.29633915
3,0,0,0.2950667
3,0,0,0.4123198
3,0,0,0.43481275
3,1,1,0.79914147
3,1,1,0.8115334
3,1,1,0.87522024
3,0,1,0.7080675
3,1,1,0.6503519
3,0,1,0.5119689
3,0,1,0.6526659
3,1,1,0.7108924
3,1,1,0.77096874
3,1,1,0.7847519
3,0,0,0.35755464
3,0,1,0.6687587
3,1,1,0.61173004
3,1,0,0.24847679
3,0,0,0.28916845
3,1,1,0.57178944
3,1,1,0.7610569
3,1,1,0.61906374
3,1,1,0.7790281
3,1,0,0.3133169
3,0,0,0.4534594
3,1,1,0.73940796
3,0,1,0.7179238
3,1,1,0.7840992
3,0,0,0.49497548
3,0,0,0.19695409
3,1,0,0.31676826
3,1,1,0.6129064
3,0,1,0.5883705
3,1,1,0.75903666
3,1,0,0.22056127
3,0,0,0.08151101
3,1,1,0.6981139
3,0,0,0.2501304
3,0,0,0.41388604
3,1,1,0.5359508
3,0,0,0.33231068
3,0,0,0.4474976
3,0,1,0.7242946
3,0,1,0.6404685
3,0,1,0.52977896
3,1,0,0.4760623
3,1,0,0.35218188
3,0,0,0.22215232
3,1,1,0.82137316
3,1,1,0.7477996
3,1,1,0.7663241
3,1,1,0.71445036
3,1,1,0.7272059
3,0,1,0.56225646
3,0,1,0.52827305
3,0,1,0.6648538
3,1,0,0.48871762
3,0,0,0.41133803
3,0,0,0.40822878
3,0,0,0.26687112
3,0,1,0.6737289
3,0,1,0.6470969
3,0,1,0.58069295
3,1,1,0.707506
3,0,0,0.4832641
3,1,1,0.8253552
3,1,1,0.55144864
3,1,1,0.53313744
3,0,1,0.5710493
3,0,1,0.7053948
3,1,1,0.6073362
3,1,1,0.679084
3,0,1,0.62020046
3,1,0,0.36967102
3,0,0,0.33189484
3,0,1,0.5385352
3,1,1,0.6004041
3,0,1,0.65983576
3,1,1,0.84772855
3,1,1,0.5746148
3,1,1,0.7717265
3,1,1,0.5820275
3,0,0,0.4426622
3,1,1,0.6085216
3,1,1,0.60672605
3,0,1,0.62116146
3,0,1,0.67773515
3,0,0,0.4233399
3,0,0,0.16735561
3,0,1,0.5391559
3,0,1,0.73247063
3,0,0,0.47716686
3,0,0,0.43108973
3,1,1,0.71759486
3,1,1,0.66569376
3,0,1,0.6656359
3,1,1,0.6542612
3,1,1,0.67878675
3,0,0,0.21830954
3,0,0,0.47967932
3,0,1,0.5601356
3,1,1,0.78738457
3,1,1,0.6017602
3,1,1,0.948499
3,1,1,0.6199554
3,0,1,0.5356731
3,1,1,0.61460215
3,1,1,0.6851836
3,1,1,0.7428851
3,1,1,0.6512002
3,0,0,0.4748663
3,1,1,0.6830791
3,0,0,0.13544975
3,1,1,0.72592545
3,0,0,0.3886639
3,0,1,0.697202
3,0,0,0.43925563
3,1,1,0.7202628
3,1,1,0.5189685
3,1,1,0.7228658
3,0,1,0.6490517
3,0,1,0.69606775
3,0,1,0.65464133
3,1,1,0.6034171
3,0,1,0.70595485
3,1,1,0.6864959
3,1,1,0.64654016
3,0,0,0.45508808
3,1,1,0.6498841
3,1,1,0.54453534
3,0,1,0.5262616
3,0,0,0.35229236
3,0,0,0.37287882
3,0,1,0.7074049
3,0,1,0.57983816
3,1,1,0.7943112
3,1,1,0.64484245
3,1,1,0.6610743
3,1,1,0.7816303
3,1,0,0.49966267
3,0,0,0.33758354
3,1,1,0.55915844
3,1,1,0.5964964
3,0,1,0.7543034
3,0,1,0.6667536
3,0,1,0.6916475
3,1,1,0.762044
3,1,1,0.8531507
3,1,1,0.58092594
3,1,1,0.67640483
3,1,1,0.5839439
3,1,1,0.51405543
3,1,0,0.32450417
3,0,1,0.5049304
3,0,1,0.62385577
3,0,0,0.2618873
3,0,0,0.4728912
3,0,0,0.20953435
3,1,0,0.4226777
3,0,1,0.799558
3,0,0,0.46958193
3,1,1,0.8146039
3,1,1,0.7250815
3,1,1,0.6348422
3,0,1,0.51985866
3,1,1,0.8181195
3,1,1,0.80152816
3,0,0,0.47259805
3,0,1,0.65215933
3,0,0,0.46310508
3,1,1,0.74174434
3,0,0,0.48008785
3,1,1,0.5516478
3,1,0,0.3874102
3,0,1,0.63283527
3,0,0,0.33067524
3,1,1,0.808164
3,1,1,0.7490766
3,0,0,0.21367127
3,1,0,0.4002446
3,0,0,0.48099127
3,0,1,0.6556144
3,0,1,0.6022297
3,1,1,0.5486229
3,0,0,0.48042604
3,1,0,0.46069494
3,1,0,0.32173458
3,1,1,0.77563155
3,1,1,0.7817722
3,0,1,0.7847837
3,0,1,0.7644283
3,1,1,0.660743
3,0,0,0.47241613
3,1,1,0.5104029
3,1,0,0.4474375
3,0,1,0.7982174
3,1,1,0.7317582
3,0,1,0.7218953
3,0,1,0.5880639
3,1,1,0.63874954
3,0,1,0.53002715
3,0,1,0.73856175
3,0,1,0.57999754
3,0,1,0.6579729
3,1,1,0.5036147
3,1,0,0.4407002
3,1,1,0.6624265
3,1,1,0.8154238
3,0,0,0.4624348
3,0,1,0.54850894
3,1,1,0.527851
3,0,1,0.67795426
3,1,1,0.6903288
3,1,0,0.44650963
3,1,0,0.4207575
3,1,0,0.484311
3,1,1,0.52270883
3,0,0,0.36982754
3,0,1,0.76317304
3,1,1,0.54193854
3,0,1,0.6198714
3,1,1,0.7706323
3,0,1,0.70675457
3,0,1,0.74970704
3,0,1,0.61060387
3,0,0,0.38176963
3,1,1,0.7139453
3,1,1,0.52033114
3,0,1,0.51552594
3,1,1,0.62389755
3,0,1,0.51757896
3,1,0,0.3574057
3,0,0,0.45933837
3,0,1,0.62579
3,1,0,0.41188353
3,0,1,0.5581456
3,0,1,0.5968384
3,1,1,0.54163396
3,1,0,0.380197
3,1,1,0.81436026
3,0,0,0.4731382
3,0,1,0.66757745
3,0,1,0.74959683
3,1,1,0.72299486
3,1,1,0.5558326
3,0,1,0.6490267
3,1,0,0.34177732
3,1,1,0.8082273
3,1,1,0.64707434
3,1,1,0.52649
3,1,1,0.55279654
3,1,1,0.5820898
3,0,0,0.393978
3,1,1,0.5548394
3,0,0,0.44002366
3,0,1,0.58918047
3,0,0,0.35980996
3,0,1,0.51963073
3,1,1,0.71794564
3,0,0,0.4664238
3,0,1,0.60300833
3,0,1,0.6479583
3,1,1,0.8585516
3,1,1,0.5482337
3,0,0,0.14917544
3,0,0,0.16942793
3,1,1,0.59551674
3,1,1,0.8203821
3,0,1,0.67678905
3,0,1,0.50441116
3,1,1,0.67181426
3,0,1,0.50579405
3,1,1,0.68360895
3,0,1,0.5887373
3,0,0,0.3646115
3,1,1,0.6508244
3,0,1,0.78445554
3,1,0,0.43151748
3,1,1,0.6846099
3,0,1,0.6783844
3,0,1,0.5962729
3,1,1,0.58791435
3,0,1,0.65364766
3,1,1,0.5621185
3,0,1,0.6585138
3,1,0,0.31425822
3,1,1,0.62542546
3,0,1,0.5844617
3,0,1,0.66733843
3,0,1,0.80557495
3,0,0,0.40302154
3,0,0,0.46226272
3,1,1,0.52464116
3,0,0,0.4794644
3,0,1,0.7244618
3,0,1,0.60079825
3,1,1,0.6384372
3,1,1,0.5568318
3,0,0,0.30679196
3,0,1,0.5793999
3,0,0,0.17932981
3,0,0,0.44505376
3,1,1,0.61921144
3,1,1,0.8369156
3,1,1,0.7767011
3,1,1,0.65867954
3,1,1,0.73303604
3,1,1,0.63564855
3,1,1,0.54880714
3,0,1,0.5121071
3,1,1,0.53488004
3,1,1,0.7687645
3,0,0,0.2204134
3,0,0,0.21767768
3,0,1,0.53999066
3,1,1,0.5284602
3,1,1,0.5610556
3,1,1,0.5088072
3,1,0,0.30666864
3,0,0,0.47924966
3,1,1,0.54326653
3,0,1,0.57879335
3,0,0,0.09546271
3,0,0,0.43057415
3,1,0,0.25225013
3,0,0,0.23495741
3,0,0,0.084005535
3,1,0,0.48105273
3,0,1,0.6080924
3,1,0,0.4588771
3,1,0,0.29452863
3,0,0,0.11495229
3,1,1,0.64804953
3,0,0,0.41159242
3,0,0,0.4391982
3,1,1,0.50228316
3,1,0,0.48022655
3,1,1,0.5751481
3,0,0,0.45063093
3,0,0,0.3480382
3,0,0,0.13501862
3,0,0,0.24649277
3,1,0,0.39142293
3,0,0,0.4176622
3,0,1,0.5011795
3,0,1,0.5278343
3,0,0,0.15762486
3,0,0,0.29377612
3,1,0,0.27569997
3,0,0,0.084771134
3,0,0,0.18271396
3,0,0,0.08776688
3,0,0,0.09127905
3,1,1,0.71367085
3,1,1,0.5738411
3,1,0,0.49571794
3,1,1,0.54842156
3,0,0,0.2032651
3,1,1,0.613508
3,1,1,0.6224078
3,0,1,0.5521035
3,0,0,0.25517777
3,1,1,0.7488063
3,0,1,0.5332824
3,1,1,0.5427276
3,0,1,0.7129751
3,0,1,0.54541534
3,1,1,0.54884255
3,0,0,0.46792904
3,0,0,0.3644647
3,1,1,0.6154918
3,1,1,0.7335369
3,1,1,0.66933346
3,1,1,0.64605916
3,0,1,0.7134167
3,0,0,0.45246738
3,0,1,0.8422396
3,0,0,0.41323206
3,1,0,0.35508665
3,1,1,0.5882228
3,1,1,0.7606359
3,1,1,0.6261737
3,1,0,0.4115979
3,1,0,0.44289917
3,0,0,0.32270193
3,1,0,0.45437977
3,1,1,0.6490791
3,0,1,0.5406201
3,0,0,0.431947
3,0,0,0.31028068
3,0,1,0.6597296
3,1,1,0.69819933
3,1,1,0.65809274
3,0,1,0.61754686
3,0,1,0.6492888
3,1,0,0.3242841
3,1,0,0.48120624
3,1,1,0.7641958
3,0,1,0.6720584
3,0,0,0.3668549
3,1,0,0.43663844
3,1,1,0.548116
3,1,1,0.5985036
3,0,0,0.26080662
3,1,1,0.5502296
3,0,0,0.16021751
3,1,1,0.5628
3,1,0,0.4920717
3,1,1,0.6416247
3,0,0,0.46334037
3,0,1,0.5350685
3,0,0,0.43185377
3,1,1,0.6595454
3,0,0,0.23047678
3,1,1,0.5453846
3,1,1,0.7056679
3,1,0,0.3143609
3,0,0,0.25765818
3,0,0,0.14967659
3,1,0,0.463942
3,0,0,0.41953596
3,0,0,0.30533046
3,0,0,0.37658757
3,1,1,0.53124255
3,1,0,0.32240507
3,0,0,0.41381767
3,0,0,0.1725448
3,0,0,0.24189971
3,1,1,0.6585123
3,1,1,0.6689696
3,0,0,0.39857835
3,0,0,0.32041302
3,1,1,0.72062933
3,1,1,0.6867493
3,1,1,0.5486055
3,0,1,0.65170014
3,0,0,0.28728634
3,0,0,0.23997918
3,1,1,0.65733117
3,1,1,0.50202245
3,0,1,0.5015974
3,0,0,0.23178309
3,1,1,0.55126405
3,1,1,0.54124534
3,0,1,0.5969178
3,0,1,0.54793066
3,0,1,0.50655067
3,0,0,0.4263982
3,0,1,0.6385052
3,0,1,0.51561695
3,1,1,0.5421417
3,1,1,0.5250809
3,1,0,0.3673092
3,0,0,0.45813555
3,1,0,0.37009448
3,1,0,0.38969398
3,0,0,0.40527958
3,1,0,0.47961798
3,0,1,0.6935354
3,0,1,0.5788488
3,0,1,0.5499977
3,0,1,0.5469013
3,0,0,0.36177742
3,1,1,0.5924242
3,0,1,0.543475
3,1,1,0.5459563
3,1,1,0.6818539
3,1,1,0.5944378
3,1,1,0.6681374
3,0,0,0.31472334
3,1,1,0.8141551
3,1,1,0.6915541
3,0,1,0.60383993
3,0,1,0.5144244
3,0,1,0.5209848
3,0,1,0.56004214
3,1,1,0.6862307
3,1,1,0.8474016
3,1,1,0.6676611
3,1,1,0.6593031
3,1,1,0.5809142
3,1,1,0.6272178
3,1,0,0.48368558
3,1,1,0.60683554
3,1,1,0.5640008
3,1,1,0.70379114
3,0,1,0.83362746
3,0,1,0.55385923
3,0,1,0.59124535
3,0,0,0.45247295
3,0,0,0.24699186
3,0,0,0.49883786
3,0,0,0.24463448
3,0,0,0.15686499
3,0,0,0.39615083
3,1,0,0.30105844
3,1,1,0.6666994
3,1,1,0.69429225
3,1,1,0.624301
3,1,0,0.45105585
3,1,0,0.4980734
3,0,0,0.44186443
3,1,1,0.69857794
3,0,0,0.1620864
3,0,0,0.49091643
3,1,1,0.70886284
3,1,0,0.47677526
3,0,1,0.7964116
3,1,1,0.7359808
3,0,1,0.69331837
3,0,0,0.48186922
3,0,1,0.7172795
3,1,1,0.54986703
3,0,1,0.5623071
3,0,1,0.56828064
3,1,0,0.20825684
3,1,1,0.7618318
3,0,1,0.69444585
3,1,1,0.57655203
3,0,0,0.41079983
3,0,0,0.16985774
3,0,0,0.35054907
3,0,0,0.40231574
3,0,0,0.30524725
3,1,1,0.7221096
3,0,0,0.2996074
3,0,0,0.27174708
3,0,0,0.2894613
3,0,0,0.3883481
3,1,1,0.8951455
3,1,1,0.68763804
3,1,0,0.44682804
3,1,1,0.54822993
3,0,0,0.32971224
3,0,1,0.7312934
3,1,1,0.794046
3,0,0,0.45227143
3,0,0,0.1592132
3,1,1,0.8542723
3,0,0,0.4858228
3,0,1,0.55027175
3,0,1,0.60239726
3,1,1,0.72659
3,1,1,0.75774866
3,1,0,0.3684325
3,0,1,0.6629564
3,0,1,0.5298254
3,1,1,0.6543189
3,1,0,0.3889067
3,0,0,0.48066923
3,0,1,0.58820444
3,0,1,0.62971044
3,0,0,0.3672835
3,0,0,0.34826303
3,1,1,0.7249539
3,1,1,0.67303866
3,1,0,0.47645783
3,0,1,0.62659675
3,1,1,0.6413791
3,1,1,0.6707168
3,0,1,0.6127569
3,0,0,0.38061717
3,1,1,0.5100855
3,1,1,0.69109726
3,0,0,0.3800779
3,0,0,0.42952248
3,1,0,0.49978074
3,0,1,0.59057367
3,1,0,0.4215348
3,1,0,0.45293033
3,0,1,0.74326384
3,1,1,0.5550676
3,0,0,0.17880502
3,1,0,0.34999135
3,0,0,0.14560707
3,0,0,0.15944175
3,0,0,0.38628888
3,0,0,0.34908277
3,0,1,0.62822926
3,0,0,0.38545576
3,0,0,0.099248774
3,0,0,0.109598696
3,0,0,0.18708636
3,1,0,0.44993067
3,0,0,0.31241706
3,1,0,0.4443996
3,0,1,0.50744265
3,0,0,0.44752526
3,1,1,0.66707444
3,0,0,0.44725558
3,1,1,0.6347859
3,1,0,0.2780361
3,0,1,0.51858497
3,0,0,0.2062682
3,1,1,0.54070705
3,1,0,0.2773312
3,0,1,0.6900836
3,0,0,0.12199754
3,1,1,0.5103077
3,1,1,0.5464875
3,0,0,0.29916924
3,1,1,0.5050752
3,0,0,0.39497298
3,1,1,0.51687354
3,0,0,0.32927486
3,0,0,0.20868608
3,0,1,0.5587658
3,1,0,0.376131
3,0,0,0.19560088
3,1,1,0.5565113
3,1,1,0.5676673
3,1,1,0.57226545
3,1,1,0.5660024
3,0,1,0.6430713
3,1,1,0.50973105
3,1,0,0.36356878
3,0,0,0.32054803
3,1,0,0.28002724
3,0,0,0.19866176
3,1,1,0.5380998
3,1,0,0.40643835
3,0,0,0.362818
3,0,0,0.39222786
3,1,1,0.68688077
3,1,0,0.22012354
3,1,1,0.6602901
3,1,1,0.5844434
3,1,1,0.69794255
3,0,0,0.108781874
3,1,1,0.5151485
3,0,0,0.4571703
3,0,0,0.12525403
3,0,1,0.50187546
3,0,0,0.38717023
3,1,0,0.48322704
3,0,0,0.44132724
3,0,0,0.23014769
3,0,0,0.21212876
3,0,1,0.51781917
3,0,0,0.18603532
3,1,0,0.37800458
3,0,0,0.3142204
3,1,0,0.36155543
3,0,0,0.21834432
3,0,0,0.3348737
3,0,0,0.34360257
3,1,0,0.2557204
3,1,0,0.48205516
3,1,0,0.2635645
3,0,0,0.46678182
3,0,0,0.31270966
3,0,0,0.19062212
3,0,0,0.32481804
3,1,0,0.27544108
3,1,0,0.3782936
3,1,0,0.23130344
3,1,1,0.5296231
3,1,0,0.23538505
3,1,0,0.37330592
3,0,0,0.39667308
3,0,0,0.22019787
3,1,0,0.46707416
3,1,0,0.4554874
3,0,0,0.1939335
3,0,0,0.095554024
3,0,0,0.4555592
3,0,0,0.19871801
3,0,0,0.25869486
3,0,0,0.26417089
3,0,0,0.49665666
3,1,1,0.51293504
3,0,0,0.16596118
3,0,0,0.44505408
3,0,0,0.4508647
3,1,0,0.42016792
3,0,0,0.1524759
3,0,1,0.51279724
3,0,1,0.5864332
3,1,0,0.40529823
3,0,0,0.4722855
3,1,0,0.3640462
3,0,0,0.2429751
3,1,0,0.4611062
3,0,0,0.22955002
3,0,0,0.37210134
3,1,0,0.34590763
3,0,0,0.19965304
3,0,0,0.24524368
3,0,0,0.30682895
3,1,1,0.60973877
3,0,0,0.4544579
3,0,0,0.40783352
3,1,1,0.53172874
3,0,0,0.09009663
3,0,0,0.21578516
3,0,0,0.21494439
3,0,0,0.17996386
3,0,0,0.13157615
3,1,0,0.45011735
3,1,0,0.47082293
3,0,0,0.19807848
3,0,1,0.5036857
3,0,1,0.52409095
3,1,0,0.27838218
3,0,0,0.29385358
3,0,1,0.5108865
3,1,0,0.3292101
3,1,0,0.44148377
3,0,0,0.436404
3,1,1,0.61629164
3,0,0,0.08728901
3,1,1,0.5118665
3,0,1,0.5222765
3,1,0,0.43519267
3,0,0,0.17277955
3,0,0,0.12946028
3,0,0,0.07279377
3,0,0,0.14780429
3,0,0,0.092368156
3,1,1,0.51197916
3,0,0,0.3086323
3,0,0,0.23121066
3,0,1,0.54239315
3,0,0,0.4369059
3,0,0,0.28652143
3,0,0,0.31956798
3,0,0,0.12886086
3,0,0,0.12634999
3,0,0,0.18851432
3,1,1,0.55424297
3,1,0,0.35189408
3,0,0,0.26293752
3,1,1,0.50457436
3,1,0,0.4280378
3,0,1,0.506783
3,0,0,0.39391977
3,1,1,0.59825027
3,0,0,0.3228847
3,0,0,0.13580577
3,0,0,0.36894473
3,0,0,0.21844871
3,1,0,0.31064817
3,1,0,0.27899593
3,0,1,0.63675386
3,0,0,0.4945874
3,0,1,0.53023154
3,0,0,0.13396896
3,1,0,0.18030645
3,1,1,0.52076113
3,0,0,0.37680492
3,1,1,0.61826015
3,0,1,0.54133624
3,0,0,0.06315097
3,0,0,0.33465105
3,1,1,0.522305
3,0,0,0.07345553
