fold,label,prediction,probability
1,1,1,0.5736831
1,1,0,0.36663556
1,1,0,0.1665584
1,1,0,0.43423438
1,0,0,0.31266415
1,0,0,0.44942972
1,0,0,0.28080648
1,0,0,0.37799713
1,0,0,0.48493353
1,0,1,0.8484589
1,1,1,0.72370887
1,0,0,0.30805755
1,1,0,0.3304891
1,1,1,0.5434713
1,1,1,0.5384098
1,0,0,0.27088565
1,1,1,0.5846609
1,1,1,0.5264424
1,0,1,0.58174187
1,0,0,0.3049584
1,0,0,0.24619934
1,1,1,0.86868006
1,0,0,0.1950602
1,0,0,0.36934313
1,0,1,0.509441
1,1,1,0.53526145
1,1,1,0.62736523
1,0,0,0.29560158
1,1,1,0.52136886
1,0,1,0.6662547
1,0,1,0.75831795
1,0,1,0.5181753
1,1,1,0.6749363
1,1,1,0.5690119
1,0,1,0.56265515
1,0,1,0.79172933
1,1,0,0.2521092
1,0,0,0.18399455
1,1,1,0.5536682
1,1,0,0.3667875
1,1,1,0.59044224
1,1,0,0.36621746
1,0,1,0.6768042
1,0,0,0.49034497
1,0,0,0.32842734
1,0,0,0.34866032
1,1,1,0.785983
1,0,0,0.26366493
1,1,0,0.46886033
1,1,1,0.62342304
1,1,1,0.5260918
1,0,0,0.47975495
1,0,1,0.69718033
1,1,0,0.3830589
1,0,1,0.7823546
1,0,0,0.3885721
1,1,1,0.55031395
1,0,0,0.43309587
1,1,0,0.21153179
1,1,0,0.30698705
1,0,0,0.49742493
1,0,0,0.38979906
1,1,1,0.7118223
1,1,0,0.49688604
1,0,0,0.44419116
1,0,0,0.33145282
1,0,1,0.57542235
1,0,0,0.23576
1,0,0,0.22009349
1,0,0,0.44078842
1,0,0,0.36872077
1,1,0,0.45376804
1,1,0,0.2454034
1,0,0,0.20419209
1,1,0,0.3933378
1,1,1,0.87958246
1,0,1,0.50336444
1,0,1,0.67508626
1,1,0,0.11803757
1,1,0,0.46795586
1,1,1,0.56251866
1,1,1,0.52070665
1,0,0,0.36504626
1,0,0,0.14377688
1,0,1,0.68674403
1,0,1,0.5176867
1,1,0,0.42290854
1,0,0,0.44663212
1,0,0,0.22404714
1,0,0,0.4741156
1,1,1,0.8762883
1,1,0,0.45291933
1,1,0,0.44688883
1,0,0,0.42692438
1,0,1,0.6908178
1,0,0,0.34980956
1,0,0,0.3524913
1,0,0,0.31507048
1,1,1,0.64358246
1,1,1,0.50336015
1,0,0,0.094767705
1,1,1,0.6571479
1,1,0,0.44196153
1,1,1,0.55517906
1,0,0,0.40927365
1,0,0,0.14295095
1,1,1,0.7406269
1,0,1,0.5410538
1,1,0,0.47228768
1,0,0,0.25287172
1,0,0,0.26818806
1,0,0,0.11534905
1,0,0,0.094842285
1,1,1,0.79595256
1,0,0,0.3703397
1,1,1,0.61660016
1,0,0,0.3742132
1,1,1,0.7106079
1,0,0,0.15993045
1,1,1,0.5688231
1,1,1,0.709305
1,0,0,0.45768565
1,1,1,0.6286539
1,0,1,0.55416334
1,1,0,0.34697095
1,0,0,0.13223182
1,0,0,0.12550806
1,1,1,0.854585
1,1,1,0.6951598
1,0,0,0.26481828
1,1,1,0.5346174
1,1,1,0.6098821
1,0,0,0.31534824
1,0,0,0.3213035
1,0,0,0.48774976
1,0,0,0.23365918
1,0,1,0.550364
1,0,0,0.0809937
1,0,0,0.41538614
1,0,0,0.49235836
1,1,1,0.61428374
1,0,1,0.61521536
1,0,0,0.4984645
1,1,0,0.4998161
1,1,0,0.40862933
1,1,0,0.49408257
1,0,1,0.56248033
1,1,1,0.6235759
1,1,1,0.50340927
1,0,1,0.55121607
1,1,1,0.58173746
1,0,1,0.6825679
1,0,0,0.4344621
1,1,0,0.43172333
1,0,0,0.15279195
1,0,0,0.3978743
1,0,1,0.64675105
1,1,1,0.5780614
1,1,1,0.8030935
1,1,1,0.53941697
1,1,0,0.287319
1,1,0,0.32930252
1,1,0,0.48258486
1,0,0,0.16271274
1,0,0,0.36711887
1,1,0,0.4032847
1,0,1,0.74778175
1,0,1,0.83661973
1,0,1,0.6540088
1,1,1,0.536333
1,0,0,0.067902915
1,0,0,0.2878194
1,1,1,0.52701616
1,0,0,0.37728918
1,0,0,0.21689263
1,0,1,0.54435587
1,0,1,0.65142447
1,0,1,0.82679373
1,0,1,0.5330712
1,1,0,0.34440106
1,1,0,0.46716225
1,1,0,0.42539692
1,1,0,0.46867868
1,0,1,0.69806194
1,0,0,0.1384812
1,0,1,0.6126921
1,0,0,0.438678
1,1,1,0.669789
1,1,0,0.30820397
1,1,1,0.5015117
1,0,0,0.46989512
1,0,0,0.2729594
1,0,0,0.21847709
1,0,1,0.65888155
1,0,0,0.40006793
1,0,0,0.3150988
1,1,0,0.31199306
1,1,0,0.27978492
1,0,0,0.4398805
1,1,0,0.34046045
1,0,0,0.43415138
1,0,1,0.63241893
1,0,1,0.7944057
1,0,0,0.4243526
1,1,1,0.5550572
1,0,1,0.55554426
1,1,1,0.8118711
1,0,0,0.31701607
1,1,0,0.3476001
1,0,0,0.17106934
1,1,1,0.6655056
1,1,1,0.7346528
1,0,0,0.08544286
1,0,1,0.5114071
1,1,1,0.5866029
1,1,1,0.91846055
1,0,0,0.27161935
1,0,0,0.43308374
1,0,0,0.13096534
1,1,1,0.6564161
1,1,0,0.4530284
1,0,0,0.453193
1,1,1,0.7183951
1,1,0,0.22627574
1,1,1,0.89761335
1,1,1,0.58656514
1,1,1,0.75474316
1,0,0,0.40639323
1,0,1,0.5104711
1,1,1,0.8073072
1,1,1,0.5766701
1,1,1,0.57966137
1,1,1,0.60585284
1,1,0,0.3625128
1,0,0,0.46918514
1,1,1,0.88049054
1,1,1,0.7903866
1,1,1,0.7228312
1,1,1,0.6010546
1,0,1,0.68130463
1,1,1,0.66226256
1,0,1,0.64021826
1,1,1,0.6962894
1,0,0,0.40952078
1,1,1,0.6867122
1,0,0,0.42265448
1,1,1,0.6967668
1,0,0,0.44222948
1,0,1,0.5993947
1,0,1,0.60894585
1,1,0,0.4409997
1,1,1,0.79359245
1,1,1,0.57092446
1,1,0,0.46117622
1,1,1,0.5528866
1,1,0,0.38623297
1,0,0,0.37283477
1,1,1,0.7530387
1,1,1,0.61815137
1,0,0,0.36390337
1,1,1,0.5671728
1,0,1,0.5387197
1,0,1,0.5126221
1,1,1,0.7625288
1,1,1,0.5786879
1,1,1,0.53223133
1,0,0,0.41757998
1,0,0,0.43732527
1,0,0,0.28353423
1,1,1,0.8448335
1,1,1,0.5781504
1,0,1,0.70915926
1,1,1,0.74332714
1,1,1,0.6240257
1,0,0,0.4041369
1,0,0,0.4757588
1,1,1,0.6409119
1,0,0,0.40491757
1,1,1,0.8477321
1,1,1,0.55159724
1,0,0,0.48883846
1,0,0,0.34181127
1,1,1,0.7570007
1,1,1,0.7154514
1,0,0,0.4365871
1,1,1,0.61776125
1,1,1,0.63295734
1,0,1,0.6287132
1,1,1,0.64946216
1,0,1,0.63367236
1,0,0,0.42524895
1,0,1,0.5363904
1,1,1,0.818529
1,1,1,0.71430045
1,0,1,0.6243042
1,0,0,0.32679754
1,1,0,0.15131061
1,1,1,0.52143884
1,1,1,0.7648658
1,0,0,0.42520064
1,1,1,0.5588124
1,1,1,0.76581913
1,0,0,0.38906223
1,0,0,0.21615772
1,1,1,0.66458684
1,1,1,0.5802496
1,1,0,0.39363393
1,0,0,0.36239138
1,1,1,0.55296993
1,0,0,0.20538382
1,0,0,0.40399575
1,0,0,0.34524077
1,0,0,0.1548817
1,1,1,0.658271
1,0,0,0.31876177
1,0,0,0.37256542
1,1,0,0.4186584
1,0,0,0.23778191
1,1,1,0.7887423
1,1,1,0.73518753
1,0,1,0.68444574
1,1,1,0.7769851
1,1,1,0.5855329
1,0,0,0.4233622
1,0,0,0.18813442
1,1,0,0.4946252
1,0,0,0.1215064
1,1,1,0.50555605
1,0,0,0.28157824
1,0,1,0.57702225
1,0,0,0.3665859
1,1,1,0.56244665
1,0,1,0.5687348
1,0,0,0.44725934
1,1,1,0.6100668
1,0,1,0.52882206
1,1,1,0.6975382
1,0,0,0.44696426
1,1,1,0.62636894
1,0,1,0.5665951
1,1,0,0.46022087
1,1,1,0.5581557
1,1,0,0.4406187
1,1,1,0.6474436
1,0,0,0.41983548
1,0,1,0.5149117
1,1,1,0.63056517
1,0,1,0.7846816
1,0,1,0.61890274
1,1,1,0.66621023
1,0,1,0.58482295
1,0,0,0.13340576
1,0,1,0.592034
1,1,0,0.3517215
1,1,1,0.7654268
1,1,1,0.5179594
1,1,1,0.66564155
1,0,0,0.48036948
1,0,0,0.16431978
1,0,1,0.67243123
1,0,1,0.52908224
1,1,1,0.77057505
1,0,1,0.62142736
1,0,0,0.45215628
1,1,1,0.7647637
1,1,1,0.5128814
1,0,0,0.31277588
1,0,0,0.35904238
1,0,1,0.64689106
1,1,1,0.7085798
1,1,1,0.70084953
1,0,1,0.74740636
1,1,1,0.73843485
1,0,1,0.50510424
1,1,1,0.513247
1,1,1,0.51900476
1,0,0,0.43230736
1,1,0,0.42825088
1,0,1,0.6006191
1,0,0,0.3618163
1,0,0,0.44050464
1,0,0,0.4130452
1,1,1,0.58111864
1,1,1,0.8839479
1,1,1,0.51879257
1,1,1,0.7824944
1,0,1,0.60035753
1,1,1,0.6754526
1,0,1,0.57808536
1,1,1,0.62883055
1,1,0,0.47677422
1,1,1,0.680161
1,1,1,0.78421205
1,0,1,0.60914624
1,1,1,0.7989117
1,1,0,0.43198147
1,1,1,0.7678372
1,1,1,0.54272634
1,0,0,0.3847512
1,0,1,0.558502
1,0,1,0.64993536
1,1,0,0.30546665
1,0,1,0.79560995
1,1,1,0.64461666
1,1,1,0.5633716
1,0,1,0.5289201
1,1,1,0.6030157
1,1,1,0.71076757
1,1,1,0.713308
1,0,0,0.3446167
1,1,1,0.55032927
1,0,0,0.44326225
1,0,1,0.5113157
1,1,1,0.5863212
1,0,1,0.61842674
1,0,0,0.22655311
1,1,1,0.84837544
1,1,1,0.74490243
1,0,0,0.41950497
1,1,1,0.7697848
1,0,1,0.69552135
1,1,1,0.7835632
1,1,0,0.4367062
1,1,0,0.43757844
1,0,0,0.37878758
1,0,0,0.24783295
1,1,1,0.79773426
1,1,1,0.7819752
1,0,0,0.45899555
1,0,1,0.5522215
1,0,0,0.39919797
1,0,0,0.30959412
1,0,1,0.6879409
1,0,0,0.10992423
1,1,1,0.85953677
1,1,0,0.44599435
1,1,1,0.65447134
1,0,1,0.5944961
1,0,1,0.55901057
1,1,0,0.19655682
1,1,0,0.47530392
1,0,0,0.37388486
1,1,0,0.3397406
1,1,0,0.35622787
1,0,0,0.36217955
1,0,1,0.6849902
1,0,1,0.68247026
1,0,0,0.4089792
1,1,1,0.79452884
1,0,0,0.3503542
1,1,1,0.64209276
1,1,1,0.53412354
1,1,1,0.6593476
1,1,1,0.58431274
1,0,1,0.53004724
1,1,1,0.8865338
1,1,1,0.6674656
1,0,0,0.29240784
1,0,0,0.17498145
1,1,1,0.7474933
1,1,1,0.7549993
1,1,1,0.66632915
1,0,0,0.46482503
1,0,1,0.59847873
1,0,0,0.03422366
1,1,1,0.7631196
1,1,1,0.61733735
1,0,1,0.57944036
1,0,0,0.08731668
1,0,0,0.41662756
1,0,1,0.5488246
1,1,1,0.6826151
1,1,1,0.5209967
1,0,0,0.24841554
1,1,1,0.60777706
1,1,1,0.5614213
1,0,0,0.3099771
1,1,1,0.59186715
1,1,0,0.22696546
1,0,1,0.538493
1,0,1,0.65001595
1,0,1,0.698088
1,1,1,0.8304782
1,1,1,0.74637026
1,1,1,0.841042
1,1,1,0.72029364
1,1,1,0.8916328
1,0,1,0.62369734
1,1,1,0.7313382
1,1,1,0.68187064
1,1,1,0.81622666
1,1,1,0.75037724
1,1,0,0.28213644
1,0,0,0.12876868
1,0,0,0.08842714
1,0,1,0.6488029
1,0,0,0.46473756
1,0,0,0.22679794
1,1,1,0.77123195
1,1,0,0.38299102
1,1,1,0.65277207
1,0,0,0.4863272
1,0,1,0.57920253
1,0,1,0.7112365
1,0,0,0.35441682
1,0,0,0.19832557
1,1,0,0.3756217
1,0,1,0.5914154
1,1,1,0.54380864
1,0,0,0.33934104
1,1,1,0.9437445
1,0,0,0.48985884
1,1,1,0.7293641
1,1,1,0.77508515
1,1,1,0.64241594
1,0,1,0.57450145
1,1,1,0.6773712
1,0,0,0.40804374
1,1,0,0.496121
1,0,0,0.29759356
1,0,0,0.45320427
1,0,0,0.2821371
1,1,1,0.72433645
1,0,0,0.47792608
1,0,1,0.78764933
1,1,1,0.8350919
1,0,1,0.7152007
1,0,1,0.5836192
1,1,1,0.58572763
1,1,1,0.54443496
1,1,1,0.702869
1,0,0,0.3817287
1,1,1,0.57804143
1,0,1,0.58409804
1,0,1,0.5618158
1,0,0,0.18849929
1,0,1,0.83636934
1,0,0,0.43269688
1,1,1,0.7673943
1,1,1,0.6763614
1,1,0,0.34363452
1,1,0,0.48717907
1,0,0,0.27324027
1,1,1,0.6144897
1,1,1,0.5178101
1,1,1,0.5149375
1,0,0,0.23285332
1,0,0,0.26174855
1,1,1,0.6377607
1,0,1,0.5289331
1,0,1,0.60576373
1,0,1,0.5484846
1,0,0,0.2351836
1,0,0,0.38152575
1,0,1,0.64036095
1,0,0,0.47480175
1,0,1,0.5289958
1,1,0,0.41467738
1,1,0,0.25565377
1,1,0,0.40349337
1,1,1,0.6308203
1,0,0,0.39685133
1,0,0,0.068001665
1,0,1,0.5012075
1,1,1,0.8729233
1,1,1,0.5323986
1,1,1,0.64945495
1,0,1,0.56838185
1,1,1,0.5190095
1,0,0,0.39992198
1,0,0,0.47509304
1,1,1,0.5644713
1,1,1,0.60359496
1,0,0,0.044926926
1,1,1,0.7032552
1,0,0,0.41262668
1,0,1,0.6609654
1,1,0,0.47751424
1,0,1,0.63482815
1,0,0,0.3346872
1,0,1,0.5191907
1,0,0,0.36558765
1,0,0,0.20686717
1,1,1,0.5785066
1,0,0,0.112439305
1,1,1,0.8483058
1,0,0,0.4305909
1,0,0,0.23121199
1,1,1,0.64257735
1,1,1,0.6557113
1,0,0,0.46651492
1,0,0,0.29458314
1,0,0,0.31467128
1,0,0,0.35678974
1,0,0,0.471282
1,1,1,0.8115815
1,0,0,0.33640483
1,0,0,0.26014546
1,1,1,0.7782082
1,1,1,0.5785488
1,1,1,0.7796772
1,1,1,0.8285238
1,1,0,0.36915952
1,0,0,0.4367622
1,0,0,0.31582135
1,1,1,0.64885443
1,1,0,0.35768402
1,0,0,0.31748083
1,0,0,0.2781632
1,1,0,0.462346
1,1,1,0.8084769
1,0,1,0.55782527
1,1,0,0.24072045
1,0,1,0.74862957
1,1,0,0.34572896
1,0,1,0.651275
1,0,0,0.11164017
1,0,1,0.7608891
1,0,1,0.6314615
1,1,1,0.6384406
1,0,1,0.6066547
1,1,1,0.5301584
1,1,1,0.507966
1,0,1,0.5941042
1,1,1,0.89969414
1,0,1,0.5670083
1,1,1,0.6017657
1,0,0,0.36809525
1,1,1,0.61470866
1,0,0,0.47381327
1,1,1,0.89559937
1,1,1,0.6166024
1,1,1,0.631178
1,1,1,0.58423644
1,1,1,0.5317901
1,1,1,0.7541674
1,0,0,0.28212428
1,1,1,0.680793
1,0,0,0.40040615
1,1,1,0.6719102
1,0,1,0.5250037
1,0,0,0.14736514
1,1,0,0.324368
1,0,1,0.6949225
1,1,0,0.46982634
1,1,0,0.26542777
1,1,1,0.65551376
1,0,1,0.61990064
1,0,1,0.5398156
1,1,0,0.44447383
1,0,0,0.27896875
1,0,0,0.45232916
1,0,0,0.29568854
1,1,1,0.86543876
1,1,0,0.49693164
1,0,0,0.42062417
1,0,1,0.6419237
1,0,0,0.4887779
1,0,0,0.3233495
1,0,0,0.41051614
1,0,0,0.23631443
1,0,1,0.7029224
1,0,0,0.07750238
1,1,0,0.48091736
1,1,0,0.37597618
1,1,1,0.544089
1,1,0,0.43834028
1,0,0,0.4744749
1,1,1,0.6259918
1,1,1,0.8400398
1,0,0,0.20194337
1,0,1,0.5620924
1,0,0,0.40338948
1,1,1,0.64814484
1,0,0,0.29358897
1,1,0,0.27550477
1,0,0,0.23812313
1,1,1,0.57042736
1,1,0,0.34305996
1,1,1,0.6173439
1,0,0,0.34904307
1,1,0,0.12538828
1,1,1,0.54094386
1,0,1,0.59389865
1,0,1,0.5650332
1,1,1,0.668586
1,1,1,0.560087
1,0,0,0.4833379
1,0,0,0.3852156
1,1,1,0.58327645
1,1,1,0.73687494
1,1,1,0.5524229
1,0,0,0.38549745
1,0,0,0.37188166
1,1,1,0.6503357
1,0,1,0.6673875
1,1,0,0.44718453
1,0,1,0.51459855
1,1,1,0.6738641
1,0,1,0.64752936
1,1,1,0.5538101
1,1,0,0.20809506
1,0,0,0.061826184
1,0,1,0.7337606
1,0,1,0.5608605
1,0,0,0.40837166
1,1,1,0.53962815
1,0,0,0.3361016
1,1,1,0.5788291
1,1,1,0.7016855
1,1,0,0.40398327
1,0,1,0.8039156
1,0,1,0.7066676
1,0,0,0.37490898
1,1,0,0.35005873
1,1,1,0.8078344
1,1,1,0.5488968
1,1,1,0.5898721
1,0,0,0.47903085
1,0,0,0.3033934
1,1,0,0.46297717
1,0,1,0.63381535
1,1,0,0.34820983
1,1,1,0.7495986
1,1,1,0.7131099
1,1,0,0.472952
1,0,0,0.26922026
1,0,1,0.640667
1,1,0,0.37368232
1,0,0,0.3227879
1,1,1,0.6660411
1,0,0,0.32144633
1,1,1,0.68774045
1,0,0,0.35032707
1,1,1,0.661213
1,1,0,0.22278307
1,1,0,0.42394805
1,0,0,0.32071093
1,0,0,0.37629357
1,1,1,0.502601
1,0,0,0.07610431
1,1,0,0.32872966
1,0,0,0.049201768
1,0,1,0.6837815
1,0,0,0.28035623
1,1,1,0.6295898
1,0,1,0.55520576
1,1,0,0.37496722
1,1,0,0.2382319
1,1,0,0.44022828
1,1,0,0.16687113
1,1,0,0.49481842
1,0,1,0.5457608
1,1,1,0.55852467
1,0,0,0.17472683
1,0,0,0.23650302
1,0,0,0.23569171
1,0,0,0.11406938
1,1,0,0.17014098
1,1,0,0.32275948
1,0,0,0.36317533
1,0,0,0.09935864
1,1,0,0.43097058
1,0,0,0.051178154
1,1,0,0.4760092
1,0,0,0.39300635
1,0,0,0.49089015
1,0,0,0.051717866
1,1,1,0.77607644
1,1,1,0.5725242
1,0,0,0.2122829
1,1,0,0.3527425
1,0,0,0.4724268
1,0,0,0.15741633
1,0,0,0.065699615
1,1,0,0.332263
1,0,0,0.37095892
1,0,0,0.27658135
1,0,0,0.4973916
1,0,1,0.6876851
1,0,0,0.21042983
1,1,1,0.877794
1,1,0,0.39302364
1,1,1,0.64372754
1,1,1,0.712432
1,0,1,0.54811645
1,0,0,0.49196756
1,0,0,0.35835335
1,0,0,0.31243697
1,1,1,0.5971549
1,0,1,0.5435639
1,0,0,0.14043081
1,1,1,0.65209055
1,0,0,0.42227006
1,0,0,0.36623102
1,1,0,0.472197
1,0,0,0.35186014
1,1,1,0.6289692
1,0,1,0.617062
1,0,1,0.6769504
1,1,1,0.5886059
1,1,1,0.51863676
1,0,0,0.13260254
1,1,1,0.7059201
1,0,0,0.42452207
1,0,1,0.6660129
1,0,0,0.37757733
1,1,0,0.3681342
1,0,1,0.7337786
1,1,1,0.8015681
1,0,1,0.63024837
1,0,0,0.20083998
1,0,1,0.51638514
1,0,0,0.49812528
1,1,1,0.6368181
1,0,0,0.38524726
1,1,0,0.42211652
1,0,1,0.52988195
1,0,0,0.038744673
1,1,1,0.7270469
1,1,0,0.45759925
1,1,1,0.8909262
1,1,0,0.49420956
1,1,1,0.62248343
1,0,1,0.58570886
1,0,0,0.1242534
1,0,1,0.6724285
1,1,0,0.40350637
1,1,0,0.42155898
1,0,0,0.4447497
1,0,1,0.6498578
1,1,1,0.5445575
1,0,0,0.17597903
1,0,0,0.17909385
1,0,1,0.57030404
1,1,0,0.39454773
1,0,0,0.33376524
1,1,1,0.62137073
1,1,0,0.36209092
1,1,1,0.827417
1,1,1,0.5604196
1,0,1,0.59762335
1,1,0,0.33245453
1,1,1,0.5312679
1,0,0,0.21133153
1,1,0,0.4445271
1,1,1,0.56929255
1,1,1,0.5736105
1,0,0,0.2759746
1,0,0,0.33039492
1,1,0,0.42642513
1,0,1,0.5735274
1,1,0,0.40183607
1,0,1,0.5118518
1,0,1,0.52019024
1,0,1,0.60840464
1,0,0,0.3653848
1,0,1,0.5081856
1,1,1,0.7927825
1,1,0,0.41409117
1,1,0,0.47125173
1,1,0,0.46891755
1,0,0,0.36898047
1,0,1,0.52370656
1,0,1,0.59051204
1,0,0,0.34933308
1,0,1,0.56026554
1,1,1,0.64777064
1,1,1,0.5962536
1,1,1,0.7088659
1,1,0,0.35488307
1,0,0,0.25268313
1,0,0,0.1042184
1,0,1,0.5543386
1,0,1,0.64230907
1,1,1,0.8636972
1,0,1,0.5504502
1,1,1,0.686068
1,0,1,0.7123186
1,1,1,0.5412737
1,1,0,0.29245678
1,0,1,0.5094297
1,0,0,0.19112134
1,0,0,0.23011188
1,1,0,0.4088103
1,0,0,0.3325621
1,0,0,0.45534086
1,0,1,0.7316397
1,1,1,0.6409285
1,1,1,0.60268694
1,0,0,0.17416677
1,1,1,0.78399605
1,0,0,0.48194122
1,0,0,0.22950076
1,1,1,0.6017377
1,0,0,0.39145073
1,0,0,0.3448017
1,1,0,0.4970761
1,1,1,0.6436658
1,1,1,0.5481873
1,1,0,0.48295346
1,0,0,0.3200644
1,0,1,0.61449945
1,0,0,0.13381422
1,0,0,0.43274596
1,1,1,0.668718
1,1,1,0.5891496
1,0,1,0.7536935
1,0,0,0.22534057
1,1,1,0.70448184
1,1,1,0.605177
1,0,0,0.37060183
1,1,1,0.6227835
1,1,1,0.7005104
1,0,0,0.3378575
1,0,1,0.64859754
1,1,1,0.8256266
1,1,0,0.3496549
1,0,0,0.48302415
1,0,1,0.6354102
1,1,0,0.42085972
1,0,0,0.25644803
1,0,0,0.16432326
1,1,1,0.5948605
1,0,0,0.35717633
1,0,0,0.2666519
1,1,0,0.46422687
1,0,0,0.15332727
1,1,0,0.46387073
1,1,0,0.47556335
1,0,1,0.80998665
1,0,1,0.65518135
1,1,0,0.47657222
1,1,0,0.474689
1,0,0,0.23326822
1,1,1,0.6508894
1,0,0,0.21878608
1,1,1,0.5660171
1,0,0,0.47320443
1,0,1,0.7206069
1,0,1,0.6820434
1,0,1,0.5931666
1,0,0,0.19821031
1,1,1,0.66691536
1,1,1,0.64119774
1,1,1,0.932001
1,1,0,0.39836112
1,1,1,0.7685121
1,0,0,0.37912777
1,1,1,0.63003117
1,0,0,0.1735799
1,0,1,0.7529642
1,1,0,0.46553
1,0,1,0.53127664
1,0,0,0.3740489
1,0,1,0.65806246
1,0,0,0.27725115
1,1,1,0.903569
1,0,0,0.39336511
1,1,0,0.30230087
1,1,1,0.65732795
1,0,0,0.41828793
1,1,1,0.7038912
1,0,1,0.58656436
1,0,0,0.41472268
1,1,1,0.52570707
1,0,0,0.4551255
1,0,1,0.58026004
1,0,0,0.35324013
1,0,1,0.5953561
1,0,0,0.14562012
1,1,1,0.63971925
1,0,1,0.60204774
1,0,1,0.61747944
1,1,1,0.6792935
1,1,0,0.49833003
1,1,1,0.6761703
1,1,1,0.89557505
1,0,1,0.5018651
1,1,1,0.52012724
1,1,1,0.7349848
1,1,1,0.6253383
1,0,0,0.38207585
1,0,0,0.32059565
1,1,1,0.6683246
1,1,1,0.7861434
1,1,1,0.6532603
1,0,1,0.6087413
1,0,1,0.6386081
1,1,0,0.40427586
1,0,1,0.531444
1,0,0,0.43835837
1,1,0,0.46563008
1,1,1,0.8012675
1,1,1,0.7290134
1,1,1,0.772994
1,1,1,0.7101663
1,1,1,0.6806757
1,1,1,0.7230159
1,0,0,0.43028328
1,1,0,0.23271437
1,1,1,0.8027837
1,0,1,0.5220764
1,1,1,0.90375286
1,1,1,0.5119402
1,1,1,0.5305715
1,1,1,0.6113031
1,0,1,0.62651896
1,0,1,0.68280834
1,1,1,0.69344735
1,0,0,0.43193126
1,0,1,0.5387309
1,0,0,0.44093332
1,0,0,0.44971374
1,1,1,0.5337126
1,0,0,0.37586457
1,1,1,0.7853405
1,1,1,0.8087726
1,0,1,0.5781416
1,1,1,0.5502549
1,1,1,0.5088842
1,1,1,0.61075145
1,0,0,0.3934858
1,1,1,0.69169027
1,0,1,0.55123836
1,0,0,0.4215202
1,0,1,0.51133865
1,0,0,0.48883638
1,0,0,0.14414698
1,0,0,0.46248552
1,0,0,0.10077928
1,1,1,0.8347991
1,1,1,0.6136938
1,1,0,0.42605004
1,1,1,0.54573697
1,0,0,0.11673651
1,0,1,0.53183407
1,1,0,0.43446943
1,1,1,0.5162027
1,1,1,0.5025659
1,1,1,0.6358618
1,0,1,0.6455148
1,1,1,0.63182664
1,0,0,0.07700877
1,0,0,0.36989173
1,1,1,0.7528092
1,1,0,0.26787353
1,1,0,0.4991902
1,1,1,0.73994154
1,1,1,0.7003715
1,1,1,0.8169906
1,0,0,0.23372316
1,1,0,0.45036462
1,0,0,0.123267084
1,0,0,0.35031146
1,0,0,0.08913539
1,1,1,0.8100603
1,0,0,0.4048357
1,0,0,0.41145784
1,0,0,0.47689584
1,1,1,0.6141346
1,0,1,0.6774983
1,0,0,0.10743162
1,0,0,0.20110635
1,1,1,0.8488913
1,0,0,0.41439438
1,1,1,0.51534414
1,1,1,0.75399923
1,0,0,0.18870237
1,1,0,0.374168
1,0,0,0.312847
1,1,1,0.80910563
1,0,0,0.3213275
1,1,0,0.3790792
1,1,1,0.6035318
1,0,0,0.26231092
1,1,1,0.81050205
1,0,0,0.39867488
1,1,0,0.41074094
1,0,0,0.4096414
1,1,1,0.54311454
1,0,1,0.58428025
1,0,0,0.41074523
1,1,0,0.4013875
1,0,1,0.72828966
1,0,0,0.45481965
1,0,1,0.5423747
1,1,1,0.72856045
1,1,0,0.40423942
1,0,0,0.38471067
1,1,0,0.44984296
1,0,1,0.5874511
1,0,0,0.38557422
1,1,1,0.5917592
1,0,0,0.44319126
1,1,0,0.22328487
1,1,1,0.6443096
1,1,1,0.5772609
1,1,1,0.59688956
1,1,0,0.36026484
1,0,1,0.53847235
1,1,1,0.85836095
1,1,1,0.80531526
1,1,1,0.5303767
1,0,0,0.33942252
1,0,1,0.5968165
1,1,1,0.74035555
1,1,1,0.85683906
1,0,0,0.4075397
1,0,0,0.47827238
1,1,1,0.6209269
1,0,0,0.39169365
1,1,0,0.40746328
1,1,1,0.5659068
1,0,1,0.7731325
1,1,1,0.7593495
1,0,0,0.38805595
1,0,1,0.601781
1,1,1,0.63073057
1,1,0,0.4976954
1,1,1,0.634451
1,0,0,0.41236287
1,0,0,0.17094661
1,1,1,0.6761713
1,0,0,0.4420559
1,1,1,0.6941326
1,1,1,0.57318026
1,0,0,0.15845805
1,0,0,0.38938996
1,1,0,0.39108267
1,0,0,0.49462494
1,0,0,0.3617122
1,0,0,0.19914874
1,1,0,0.3020699
1,0,1,0.87566876
1,0,1,0.6088395
1,1,1,0.81143975
1,1,1,0.61947584
1,0,0,0.44470754
1,0,1,0.51322436
1,1,1,0.76431835
1,0,0,0.1622301
1,1,1,0.7438019
1,0,1,0.59766585
1,1,1,0.81998104
1,0,1,0.6915234
1,0,0,0.17995758
1,0,0,0.10620701
1,0,1,0.6531306
1,1,1,0.776685
1,0,0,0.2085068
1,0,0,0.42707175
1,0,0,0.38838258
1,1,1,0.6923693
1,1,1,0.7012927
1,1,1,0.81604636
1,1,1,0.7739887
1,1,1,0.83400947
1,1,1,0.8363955
1,0,0,0.4831252
1,1,1,0.7136949
1,0,0,0.4855022
1,1,1,0.6096015
1,1,0,0.4407044
1,0,1,0.540295
1,1,0,0.4202669
1,0,0,0.20686717
1,0,0,0.20401597
1,1,1,0.64734405
1,0,0,0.41634676
1,0,1,0.64022684
1,1,1,0.7630272
1,1,1,0.78146
1,0,0,0.27781108
1,1,1,0.56845474
1,1,0,0.3413578
1,0,0,0.1585553
1,0,1,0.5899115
1,1,1,0.6000306
1,0,0,0.32618442
1,0,0,0.2743859
1,0,0,0.41076234
1,1,0,0.33475748
1,1,1,0.5834898
1,1,1,0.60938025
1,0,0,0.36756977
1,1,0,0.4561033
1,0,0,0.36267468
1,1,0,0.26515976
1,1,0,0.39774138
1,1,1,0.59289926
1,1,0,0.31305546
1,1,1,0.56088555
1,0,0,0.48139212
1,1,0,0.3759476
1,1,1,0.5329193
1,1,0,0.26433992
1,1,0,0.4063573
1,0,0,0.12702152
1,0,0,0.46247327
1,0,0,0.16401845
1,0,0,0.35384536
1,0,0,0.05366207
1,0,0,0.35402408
1,0,0,0.19098932
1,1,0,0.30586308
1,0,0,0.13088465
1,0,0,0.08057773
1,0,0,0.050762914
1,1,0,0.42221588
1,1,0,0.43483847
1,0,0,0.22122717
1,0,0,0.34930623
1,1,1,0.5052365
1,1,0,0.3263737
1,0,0,0.3995022
1,0,0,0.13621418
1,1,0,0.3784682
1,0,0,0.062254235
1,1,0,0.27114597
1,0,0,0.19808108
1,1,1,0.6050574
1,1,0,0.29414913
1,0,1,0.5212842
1,0,0,0.20915699
1,0,0,0.11550559
1,0,0,0.08478458
1,0,0,0.42879942
1,0,1,0.5390228
1,0,0,0.13631743
1,0,0,0.43492454
1,0,0,0.2572512
1,0,0,0.31331006
1,1,0,0.4527539
1,1,1,0.7560512
1,1,1,0.6627188
1,1,0,0.32969582
1,1,1,0.5232938
1,1,1,0.6361068
1,1,0,0.13588683
1,1,1,0.5171652
1,1,1,0.72087455
1,1,1,0.7731826
1,1,1,0.6638274
1,0,0,0.27839836
1,1,0,0.37128767
1,0,1,0.6183944
1,1,1,0.7611925
1,1,1,0.6723756
1,1,1,0.55965096
1,1,1,0.6461019
1,0,0,0.36315995
1,1,1,0.7333352
1,0,0,0.4845826
1,0,1,0.69875014
1,0,1,0.68375784
1,1,0,0.37584952
1,1,1,0.65682685
1,0,0,0.26947522
1,0,0,0.32760593
1,0,0,0.2671729
1,0,0,0.21524361
1,0,0,0.39370912
1,0,0,0.4686679
1,1,1,0.83663684
1,1,1,0.7284044
1,0,1,0.539026
1,0,1,0.659831
1,0,1,0.6060841
1,0,0,0.1662208
1,1,1,0.7586368
1,1,1,0.70869136
1,1,0,0.30593055
1,0,1,0.5435728
1,0,1,0.6002701
1,1,1,0.59957856
1,0,0,0.48850533
1,1,0,0.45138732
1,0,1,0.61213654
1,1,1,0.66336274
1,0,1,0.66944104
1,1,1,0.5235605
1,1,1,0.6250729
1,0,1,0.7692592
1,1,0,0.39875543
1,0,1,0.6870844
1,1,1,0.71053386
1,0,1,0.62881535
1,0,0,0.4752369
1,0,0,0.29686528
1,1,1,0.7101449
1,1,1,0.5811024
1,0,1,0.5051346
1,0,0,0.31565472
1,1,1,0.6187089
1,1,0,0.36256444
1,0,0,0.41214666
1,0,0,0.42527682
1,1,1,0.59647715
1,1,0,0.4120912
1,0,1,0.54823416
1,0,0,0.20705979
1,1,1,0.5403558
1,0,0,0.11083779
1,1,1,0.7478151
1,0,1,0.7126224
1,0,1,0.5815192
1,0,0,0.43212366
1,0,1,0.5592735
1,1,1,0.5913551
1,1,1,0.6576192
1,0,1,0.56449586
1,1,1,0.67376935
1,1,1,0.81807196
1,1,1,0.51042694
1,1,0,0.4829507
1,0,0,0.48566407
1,0,1,0.610764
1,0,1,0.5165264
1,1,0,0.44507638
1,1,0,0.106205106
1,0,0,0.4897747
1,0,0,0.44808358
1,1,1,0.5502371
1,1,1,0.7945947
1,1,0,0.42764208
1,0,0,0.21062578
1,0,0,0.18241543
1,1,0,0.43195415
1,1,1,0.6553207
1,0,1,0.5504635
1,0,0,0.39283928
1,1,1,0.57851166
1,1,0,0.23212926
1,1,0,0.42221373
1,0,1,0.6090305
1,0,0,0.16902134
1,0,0,0.4993295
1,0,0,0.31256816
1,0,1,0.6003862
1,0,0,0.21187572
1,1,1,0.68519616
1,0,0,0.124284275
1,0,0,0.19005163
1,1,1,0.7358867
1,0,0,0.06751608
1,0,1,0.61296856
1,1,0,0.28023085
1,1,1,0.62893444
1,1,0,0.10792298
1,1,1,0.6545513
1,0,0,0.3512279
1,1,0,0.24668981
1,1,0,0.4583027
1,0,1,0.5137189
1,0,0,0.42956784
1,1,0,0.32465342
1,1,0,0.340364
1,0,1,0.58226115
1,0,0,0.25518402
1,0,1,0.68770367
1,0,0,0.117861666
1,1,0,0.4216666
1,0,1,0.5935576
1,0,0,0.3556288
1,0,0,0.438785
1,0,0,0.3989471
1,1,1,0.59539944
1,0,0,0.36481106
1,1,0,0.32058948
1,0,0,0.25843486
1,0,0,0.059506085
1,1,0,0.3670719
1,0,0,0.38515073
1,1,1,0.55557394
1,1,0,0.47954538
1,0,0,0.31808165
1,0,0,0.09203019
1,0,0,0.07217328
1,1,1,0.722119
1,1,1,0.6688512
1,0,1,0.5176104
1,0,1,0.5255495
1,0,0,0.40162674
1,1,1,0.6433293
1,0,0,0.12705572
1,1,0,0.49435398
1,1,1,0.5232943
1,1,1,0.6240813
1,0,1,0.7436709
1,0,0,0.31684124
1,1,1,0.5097873
1,0,0,0.24395064
1,1,1,0.5190799
1,0,1,0.6388927
1,1,1,0.6458578
1,1,1,0.61158586
1,1,1,0.7052639
1,0,1,0.6740952
1,0,1,0.528911
1,0,1,0.5542523
1,1,1,0.50887
1,1,0,0.21180718
1,1,0,0.3851857
1,0,1,0.5487443
1,0,1,0.63202035
1,1,0,0.30907667
1,0,0,0.47467566
1,0,0,0.33180314
1,1,0,0.30136195
1,1,1,0.52377427
1,0,0,0.12818474
1,1,0,0.4315739
1,0,1,0.82955253
1,0,0,0.17543522
1,1,0,0.25331196
1,1,1,0.7751878
1,0,0,0.38348028
1,1,1,0.6002332
1,1,0,0.36726338
1,1,1,0.6846106
1,0,1,0.7638061
1,0,0,0.37818813
1,0,1,0.7018011
1,0,0,0.43934014
1,1,1,0.8551591
1,0,1,0.507365
1,0,1,0.6006672
1,0,1,0.52046216
1,0,0,0.31076717
1,0,1,0.61928695
1,1,1,0.5187158
1,1,1,0.6113108
1,1,1,0.6247866
1,1,1,0.54679704
1,1,1,0.72763145
1,1,1,0.6501858
1,0,1,0.5802302
1,1,0,0.27901095
1,1,1,0.56681126
1,0,0,0.34354156
1,0,0,0.48277175
1,0,1,0.5240563
1,1,1,0.7488907
1,0,0,0.31253543
1,0,1,0.53231084
1,1,0,0.20956291
1,1,0,0.49038786
1,0,0,0.46379524
1,1,1,0.5372101
1,0,0,0.22674915
1,1,0,0.48338163
1,1,0,0.49383205
1,0,0,0.43191323
1,1,0,0.4511547
1,0,0,0.39235505
1,0,0,0.28789705
1,0,1,0.54477054
1,1,0,0.13864857
1,0,1,0.5111496
1,0,0,0.14986984
1,0,0,0.19403209
1,0,1,0.5973732
1,1,1,0.5898802
1,1,0,0.45454156
1,1,0,0.30913067
1,1,1,0.502238
1,1,0,0.3740892
1,0,0,0.4802498
1,0,1,0.5537295
1,0,0,0.3844321
1,0,0,0.07323182
1,0,0,0.2950878
1,1,1,0.5594889
1,1,1,0.60076994
1,1,0,0.4077806
1,0,0,0.48476282
1,0,1,0.64745194
1,0,0,0.33484384
1,0,0,0.48854092
1,1,1,0.6882661
1,1,0,0.18194659
1,1,1,0.7129446
1,1,0,0.14298625
1,1,0,0.110923484
1,0,0,0.2097277
1,0,0,0.12345775
1,0,0,0.24102712
1,0,1,0.5656922
1,1,0,0.28685537
1,1,1,0.5779223
1,1,0,0.31679466
1,0,1,0.5590978
1,0,0,0.28426358
1,0,1,0.5433087
1,0,0,0.45848578
1,1,0,0.49375755
1,0,1,0.69267064
1,0,0,0.38428375
1,0,0,0.25042757
1,1,1,0.7793892
1,1,0,0.49451324
1,0,0,0.308677
1,1,1,0.5460215
1,0,0,0.1640194
1,0,0,0.2750946
1,0,0,0.25047997
1,0,1,0.7538164
1,1,0,0.4388169
1,0,1,0.50190467
1,1,1,0.5028356
1,1,0,0.33443585
1,0,1,0.62631583
1,0,0,0.20271815
1,1,1,0.5775667
1,1,1,0.5867107
1,1,1,0.6204127
1,0,0,0.3527446
1,0,1,0.518814
1,1,1,0.6625197
1,0,0,0.48680004
1,1,1,0.69402945
1,0,1,0.67385584
1,0,1,0.556728
1,1,0,0.32816824
1,0,0,0.32420388
1,0,1,0.64263546
1,0,1,0.5803389
1,0,1,0.56531036
1,1,0,0.44035068
1,0,1,0.65205586
1,1,0,0.38246503
1,0,1,0.5590062
1,1,1,0.60530066
1,1,0,0.3283869
1,0,0,0.35118988
1,0,0,0.16144605
1,1,0,0.3512336
1,1,1,0.52021265
1,1,1,0.528204
1,0,0,0.28700447
1,0,1,0.5639083
1,1,1,0.5872665
1,0,0,0.2737989
1,1,1,0.7221368
1,1,1,0.5880117
1,1,1,0.64210784
1,0,0,0.37069356
1,0,1,0.548296
1,1,1,0.6228373
1,0,0,0.32388288
1,1,0,0.41880384
1,0,0,0.2645183
1,0,1,0.65204316
1,1,0,0.41753486
1,1,0,0.46682402
1,1,0,0.48186255
1,1,0,0.49657634
1,1,1,0.6407139
1,0,0,0.13729738
1,0,0,0.14688796
1,1,1,0.5134632
1,0,0,0.42004076
1,1,1,0.68966794
1,0,1,0.5808521
1,1,1,0.8111441
1,0,0,0.47966844
1,0,1,0.540166
1,1,1,0.77942085
1,1,0,0.45580214
1,1,0,0.41177303
1,0,0,0.34429342
1,0,0,0.23658898
1,1,1,0.75187045
1,1,0,0.32059833
1,0,1,0.5835176
1,0,0,0.3590851
1,1,1,0.8403934
1,1,1,0.8515304
1,1,1,0.74981785
1,1,0,0.4020504
1,0,1,0.50726455
1,0,1,0.6553684
1,0,0,0.052653193
1,1,1,0.7215716
1,0,0,0.15371779
1,1,0,0.36610183
1,0,1,0.86888856
1,0,0,0.39924634
1,0,0,0.4714416
1,0,1,0.6229957
1,0,1,0.5263805
1,1,1,0.58072174
1,1,1,0.52183795
1,0,0,0.26126933
1,0,1,0.5776645
1,1,0,0.4229458
1,0,1,0.5150929
1,0,0,0.21848598
1,1,0,0.39424488
1,0,1,0.5393088
1,1,1,0.791495
1,0,0,0.35278836
1,1,1,0.5642771
1,1,1,0.58521724
1,1,1,0.68899065
1,0,1,0.7158024
1,1,1,0.7547974
1,1,1,0.61734307
1,0,0,0.43081424
1,0,1,0.73201656
1,0,0,0.20547095
1,0,1,0.57204294
1,0,0,0.24012795
1,0,0,0.24803062
1,1,0,0.34507465
1,1,0,0.3719
1,1,1,0.9368434
1,1,1,0.7748941
1,0,0,0.45554364
1,0,1,0.7111539
1,0,1,0.53931993
1,1,1,0.67466116
1,1,0,0.42951468
1,1,1,0.75699615
1,0,1,0.5875733
1,0,0,0.47581974
1,1,1,0.6549441
1,1,1,0.79072213
1,0,0,0.45349374
1,0,1,0.533051
1,1,1,0.81417215
1,0,1,0.7697169
1,1,1,0.7664644
1,1,1,0.6498493
1,1,0,0.4835722
1,0,0,0.4920255
1,1,1,0.5989485
1,1,1,0.67128885
1,0,0,0.3035682
1,1,1,0.6194947
1,0,0,0.429425
1,1,0,0.49710068
1,1,1,0.61392117
1,0,1,0.6072063
1,0,1,0.68396103
1,0,0,0.11249917
1,1,0,0.3897588
1,0,1,0.5483991
1,0,0,0.40957463
1,0,0,0.14352606
1,1,1,0.64251924
1,0,0,0.3847855
1,0,0,0.40324557
1,0,0,0.054150317
1,0,0,0.3915984
1,0,0,0.457131
1,0,1,0.6103805
1,0,0,0.49971598
1,1,1,0.52244216
1,1,0,0.40922314
1,0,1,0.6014594
1,0,0,0.41252065
1,1,1,0.65581274
1,1,1,0.560576
1,1,0,0.49899364
1,1,1,0.5873771
1,1,1,0.71102005
1,0,0,0.2664456
1,1,1,0.5477189
1,0,0,0.14964737
1,0,0,0.25461528
1,1,0,0.45267883
1,1,0,0.34647706
1,1,0,0.3524912
1,0,0,0.33281156
1,1,1,0.62966985
1,1,0,0.44528177
1,0,0,0.42281857
1,0,0,0.18730555
1,1,1,0.7885221
1,1,1,0.5455279
1,1,0,0.23369262
1,0,0,0.4466185
1,1,1,0.7416984
1,1,1,0.57952917
1,0,1,0.66930217
1,1,1,0.5434325
1,0,0,0.18425307
1,0,1,0.5719554
1,1,0,0.313252
1,0,1,0.54099554
1,1,1,0.77193385
1,1,1,0.67369455
1,1,1,0.63074595
1,0,0,0.24193396
1,1,1,0.57502395
1,1,1,0.5464849
1,1,1,0.5178329
1,1,1,0.61500305
1,0,0,0.41505948
1,0,1,0.5872692
1,0,0,0.22562814
1,0,0,0.34582534
1,0,1,0.74464834
1,0,1,0.59126943
1,1,0,0.49578655
1,0,0,0.20534757
1,1,1,0.73003507
1,1,0,0.48618394
1,1,1,0.7668835
1,0,0,0.2671584
1,0,1,0.588482
1,1,1,0.58099437
1,0,0,0.18556333
1,1,1,0.58606684
1,0,0,0.49388248
1,1,1,0.7289725
1,1,1,0.6093186
1,0,0,0.09561248
1,1,1,0.6666659
1,1,1,0.54350483
1,0,0,0.31552753
1,0,0,0.44895396
1,1,1,0.6428969
1,0,0,0.49677253
1,0,0,0.45667934
1,0,1,0.7291974
1,1,1,0.8002134
1,1,0,0.41674137
1,1,0,0.4110795
1,0,0,0.25797892
1,0,1,0.53636533
1,0,0,0.29207554
1,1,1,0.6202408
1,0,0,0.46879205
1,0,0,0.36103705
1,0,0,0.071240336
1,0,0,0.24608108
1,1,1,0.58582866
1,1,1,0.6328964
1,1,0,0.18817827
1,0,0,0.30764538
1,0,0,0.29172644
1,0,0,0.3090571
1,1,0,0.35333776
1,1,0,0.37051502
1,0,0,0.23087767
1,0,0,0.24837127
1,1,0,0.46255088
1,0,0,0.11346404
1,0,0,0.48284212
1,1,0,0.44503912
1,1,1,0.7548333
1,0,0,0.18413565
1,0,1,0.5561801
1,0,0,0.059262693
1,1,0,0.47515622
1,0,0,0.20399074
1,1,1,0.5698552
1,0,1,0.5754404
1,0,0,0.34094036
1,0,1,0.6949135
1,0,0,0.09811645
1,0,0,0.20896137
1,0,0,0.44552284
1,1,0,0.25165936
1,0,0,0.068779245
1,0,0,0.29126623
1,0,0,0.39142895
1,1,1,0.69025135
1,1,1,0.7800042
1,0,0,0.27895644
1,0,0,0.20629326
1,1,0,0.45261672
1,0,0,0.261611
1,0,0,0.28917
1,1,1,0.82160574
1,1,1,0.54981124
1,1,1,0.8316774
1,0,1,0.5106216
1,1,1,0.56353813
1,1,0,0.44388086
1,1,1,0.5026567
1,1,0,0.4554085
1,0,0,0.33462965
1,0,0,0.43899244
1,0,1,0.5285065
1,0,1,0.54890287
1,1,0,0.47471464
1,0,1,0.5386131
1,0,0,0.13894065
1,1,1,0.6677581
1,1,1,0.6760583
1,0,1,0.52559716
1,1,0,0.47560766
1,0,1,0.55611455
1,0,0,0.49431506
1,1,0,0.21371175
1,0,1,0.5258099
1,0,1,0.583824
1,0,1,0.53866225
1,1,0,0.29166326
1,0,0,0.48175028
1,1,1,0.78893
1,1,1,0.6944077
1,1,1,0.7320421
1,0,1,0.6449735
1,0,1,0.7084666
1,1,1,0.50164145
1,0,1,0.5600824
1,0,1,0.6640386
1,1,1,0.6624498
1,0,0,0.47122365
1,1,1,0.8534167
1,1,1,0.7726855
1,0,0,0.35429755
1,0,1,0.84813035
1,0,0,0.20577806
1,1,1,0.8480099
1,0,0,0.31981668
1,1,1,0.5753741
1,0,0,0.221216
1,1,1,0.5548637
1,0,0,0.2551156
1,1,1,0.75639987
1,0,1,0.54367584
1,1,1,0.5141384
1,1,1,0.58018833
1,0,1,0.66865814
1,1,1,0.66574365
1,0,1,0.65316457
1,1,1,0.679386
1,0,1,0.7537283
1,0,0,0.37060648
1,1,1,0.6000493
1,1,1,0.58389837
1,0,1,0.6358907
1,0,0,0.45246455
1,0,0,0.20427024
1,1,0,0.3667381
1,0,1,0.68125904
1,1,1,0.71846086
1,1,1,0.72436655
1,1,0,0.48441872
1,0,0,0.40601462
1,0,0,0.15853135
1,0,0,0.49865684
1,1,1,0.65345436
1,1,1,0.71792626
1,1,0,0.44208065
1,0,0,0.34266022
1,0,1,0.5094684
1,1,1,0.7745341
1,1,1,0.66455895
1,0,1,0.61766964
1,0,1,0.5728702
1,1,0,0.49792865
1,0,1,0.64717764
1,0,0,0.4663552
1,0,1,0.734534
1,1,0,0.4394275
1,1,0,0.41035634
1,1,0,0.24152695
1,0,0,0.439709
1,0,0,0.45117036
1,0,0,0.15480214
1,0,0,0.42113906
1,1,0,0.42379028
1,0,0,0.36391318
1,1,0,0.27777117
1,1,1,0.7532683
1,0,0,0.3720299
1,0,0,0.35944965
1,0,0,0.34505698
1,1,1,0.5955294
1,1,0,0.4821311
1,0,0,0.36844918
1,1,1,0.6437493
1,0,0,0.07612104
1,0,1,0.63273257
1,0,1,0.53286135
1,0,0,0.46435764
1,1,1,0.6140682
1,0,0,0.37897012
1,0,0,0.45937312
1,1,1,0.5391929
1,1,1,0.70386404
1,0,1,0.5249327
1,0,0,0.37547964
1,1,1,0.54071736
1,1,1,0.7543962
1,1,1,0.73239654
1,0,1,0.5861657
1,0,1,0.64208263
1,1,1,0.6356692
1,0,0,0.3989106
1,0,0,0.32027957
1,1,0,0.18980761
1,0,0,0.42063075
1,1,1,0.6844249
1,0,0,0.33767518
1,1,1,0.74659866
1,1,1,0.5503048
1,0,0,0.09028585
1,0,0,0.31377053
1,0,0,0.19483536
1,0,0,0.35934287
1,1,1,0.7720076
1,1,0,0.4926808
1,0,0,0.34610257
1,0,0,0.4556353
1,0,1,0.5452413
1,1,1,0.6783179
1,1,1,0.63246566
1,1,1,0.72521585
1,0,0,0.14968246
1,0,0,0.39278498
1,0,1,0.5901306
1,1,1,0.6079942
1,0,0,0.35812092
1,0,0,0.31857246
1,0,1,0.51123816
1,1,1,0.53626066
1,1,1,0.81807196
1,1,1,0.51042694
1,1,0,0.4829507
1,0,0,0.48566407
1,0,1,0.610764
1,0,1,0.5165264
1,1,0,0.44507638
1,1,0,0.106205106
1,0,0,0.4897747
1,0,0,0.44808358
1,1,1,0.5502371
1,1,1,0.78647554
1,0,0,0.4328661
1,1,1,0.57619655
1,1,1,0.6227511
1,1,1,0.8097825
1,0,0,0.2655194
1,0,1,0.6847988
1,0,0,0.48674408
1,0,0,0.32484567
1,0,0,0.40952492
1,1,1,0.7049362
1,1,1,0.6427103
1,0,1,0.53760135
1,1,1,0.5252486
1,1,0,0.45426366
1,1,1,0.7157236
1,0,0,0.4783441
1,1,1,0.6371642
1,0,0,0.36804006
1,0,0,0.28094253
1,0,0,0.22164834
1,0,0,0.44783172
1,1,1,0.5158095
1,1,1,0.6235314
1,0,0,0.14566536
1,1,1,0.59629923
1,1,1,0.8221219
1,1,1,0.59295905
1,1,0,0.47164747
1,0,0,0.4951587
1,0,1,0.5723724
1,0,0,0.43024242
1,0,0,0.4448147
1,1,0,0.20294097
1,1,1,0.61855704
1,0,1,0.52951473
1,1,0,0.41993693
1,0,0,0.47649342
1,0,1,0.56772965
1,0,0,0.05769996
1,1,1,0.7122916
1,1,0,0.41336647
1,0,1,0.53999543
1,0,0,0.47838336
1,1,1,0.5460642
1,0,1,0.7165783
1,0,1,0.835257
1,1,1,0.66347945
1,0,1,0.5556152
1,1,1,0.6864447
1,1,1,0.614798
1,1,0,0.46254453
1,0,1,0.5585752
1,0,0,0.2820492
1,0,0,0.35439992
1,0,0,0.45969996
1,0,1,0.684644
1,1,1,0.7645481
1,1,1,0.6644565
1,1,1,0.73850244
1,0,1,0.5355944
1,1,0,0.47178602
1,0,1,0.61546654
1,0,0,0.3558876
1,0,1,0.6126224
1,1,1,0.8548181
1,0,0,0.32621333
1,1,1,0.5688728
1,1,0,0.4670423
1,1,0,0.4448581
1,0,0,0.31772086
1,0,0,0.4423862
1,0,1,0.67286384
1,1,1,0.7743606
1,1,1,0.73101526
1,0,1,0.54230523
1,1,0,0.34895268
1,1,0,0.48993218
1,0,0,0.2408079
1,1,0,0.3414747
1,0,0,0.08214141
1,0,1,0.5308273
1,0,1,0.53781873
1,0,1,0.62636715
1,1,1,0.71559864
1,1,1,0.59634304
1,1,1,0.6427379
1,1,1,0.5898899
1,0,1,0.5433248
1,0,1,0.64127576
1,1,1,0.57191926
1,0,0,0.42816967
1,1,1,0.5545237
1,0,1,0.6550976
1,0,1,0.5180618
1,0,1,0.6120661
1,0,1,0.7688676
1,0,1,0.6391269
1,0,1,0.54570454
1,1,1,0.59640807
1,1,1,0.6780457
1,0,0,0.316706
1,1,1,0.53751487
1,1,1,0.5825829
1,1,1,0.7496814
1,0,1,0.55514336
1,0,1,0.58771414
1,0,1,0.5931434
1,1,1,0.81371725
1,1,1,0.6350977
1,0,1,0.7899701
1,1,0,0.42039415
1,0,1,0.7738839
1,0,0,0.080886126
1,1,1,0.7394429
1,0,1,0.56784904
1,1,0,0.13462964
1,1,0,0.3877391
1,1,1,0.69072765
1,0,0,0.1550255
1,0,0,0.12097886
1,1,1,0.6014162
1,0,0,0.25808218
1,1,0,0.49896362
1,0,1,0.51757634
1,1,1,0.9039056
1,1,1,0.60383755
1,0,1,0.52037615
1,1,1,0.67105365
1,1,1,0.7419718
1,0,0,0.19177343
1,1,1,0.62090206
1,0,0,0.4360493
1,0,0,0.12102973
1,1,1,0.648063
1,1,1,0.6550154
1,1,1,0.5084029
1,0,1,0.58463657
1,0,1,0.7168411
1,0,0,0.40079743
1,0,0,0.40610197
1,0,0,0.45555446
1,0,0,0.4191399
1,0,0,0.08188839
1,0,1,0.6658752
1,1,1,0.72353697
1,1,1,0.53519124
1,1,0,0.4860633
1,0,1,0.56517655
1,1,0,0.46689215
1,0,0,0.17028564
1,1,0,0.2515588
1,1,0,0.27869213
1,1,1,0.6805712
1,1,1,0.6570929
1,1,0,0.45238543
1,0,0,0.47779682
1,0,1,0.60491306
1,1,1,0.5693941
1,0,0,0.31833845
1,0,0,0.20976062
1,0,1,0.51573247
1,0,0,0.32614136
1,1,0,0.4296601
1,1,1,0.9078767
1,1,1,0.689681
1,1,1,0.76667935
1,0,1,0.6109086
1,1,1,0.5709277
1,0,1,0.72821265
1,0,1,0.64823985
1,0,0,0.46535107
1,1,1,0.52742666
1,1,1,0.72236353
1,0,1,0.57105094
1,0,1,0.5533939
1,1,1,0.73986983
1,0,1,0.8009545
1,1,1,0.50972396
1,1,1,0.6525341
1,1,1,0.55504197
1,0,0,0.34824792
1,1,1,0.54502946
1,1,1,0.60865927
1,0,1,0.66310495
1,1,0,0.4012951
1,1,1,0.89781773
1,1,0,0.33730766
1,0,1,0.5875511
1,1,0,0.39299083
1,1,1,0.5433209
1,0,1,0.7018397
1,0,0,0.21810277
1,0,1,0.7517326
1,1,1,0.63177454
1,0,1,0.689681
1,0,0,0.37387696
1,1,1,0.5770069
1,1,1,0.5821313
1,1,1,0.637951
1,1,1,0.6251737
1,0,0,0.4599844
1,1,0,0.35479873
1,1,1,0.556351
1,1,1,0.8401031
1,1,1,0.65161836
1,1,1,0.6914817
1,0,0,0.27467665
1,0,1,0.7486238
1,1,1,0.65213466
1,0,0,0.39936364
1,1,1,0.68648267
1,0,1,0.7073253
1,0,1,0.5432228
1,0,0,0.17297275
1,0,0,0.48619518
1,1,1,0.89927083
1,1,1,0.5450297
1,0,0,0.41320702
1,0,1,0.77636784
1,0,1,0.5728285
1,1,1,0.6633974
1,0,1,0.6229205
1,1,1,0.83288336
1,0,1,0.56173706
1,1,1,0.66926986
1,0,0,0.45851502
1,1,1,0.885205
1,1,1,0.6576158
1,0,1,0.59920925
1,1,1,0.8309335
1,1,1,0.61656064
1,0,0,0.20694707
1,0,1,0.6816297
1,1,1,0.7718563
1,0,0,0.3388838
1,0,1,0.6935655
1,0,0,0.36334267
1,1,1,0.6492327
1,0,1,0.59776765
1,1,1,0.67527944
1,0,1,0.5266096
1,0,1,0.63650423
1,1,1,0.78708494
1,0,0,0.43853578
1,1,1,0.50289035
1,0,1,0.6121367
1,0,1,0.5456222
1,0,0,0.49554485
1,0,0,0.44657928
1,0,1,0.52361035
1,1,1,0.58511746
1,1,1,0.7674405
1,1,1,0.6456088
1,1,1,0.7694138
1,0,0,0.44661617
1,0,0,0.018052988
1,1,1,0.7234797
1,0,1,0.5695622
1,1,0,0.122749485
1,0,1,0.62906194
1,1,0,0.42517802
1,0,1,0.649506
1,1,1,0.88090825
1,1,1,0.55582225
1,1,1,0.63852787
1,1,1,0.5422213
1,0,0,0.30154002
1,0,1,0.52541053
1,0,0,0.29513636
1,0,0,0.34234047
1,1,1,0.7666852
1,1,0,0.44957253
1,0,0,0.22225563
1,1,1,0.564115
1,0,1,0.5025321
1,0,0,0.44209722
1,1,1,0.59262556
1,0,1,0.5668399
1,0,1,0.6286283
1,0,1,0.554507
1,1,0,0.47911388
1,1,1,0.53048056
1,0,1,0.5858939
1,1,1,0.58031136
1,1,0,0.3816221
1,0,0,0.39334023
1,1,0,0.42482358
1,0,1,0.552139
1,0,0,0.49759007
1,0,0,0.13638951
1,1,1,0.5857057
1,0,0,0.27882022
1,0,1,0.544767
1,1,1,0.695586
1,0,1,0.5768689
1,0,1,0.55080444
1,0,0,0.23677412
1,1,1,0.88099957
1,1,1,0.8309518
1,0,0,0.4244858
1,1,1,0.52018976
1,0,1,0.65382534
1,0,0,0.46557793
1,0,1,0.6407372
1,1,1,0.71778756
1,0,1,0.74088997
1,0,1,0.6246167
1,1,0,0.41582775
1,0,0,0.4947358
1,0,0,0.07577717
1,1,1,0.66156256
1,1,1,0.57324266
1,0,0,0.17923923
1,0,1,0.5348458
1,0,0,0.29048198
1,1,1,0.5455935
1,1,0,0.4118225
1,0,0,0.3302138
1,1,0,0.48366627
1,0,0,0.4079213
1,0,1,0.60688007
1,1,1,0.87166494
1,1,1,0.7715205
1,1,1,0.59521073
1,0,0,0.39072537
1,1,1,0.7438091
1,1,0,0.44620663
1,1,1,0.70998985
1,0,0,0.41127458
1,0,0,0.32987568
1,1,1,0.6426552
1,1,1,0.59814775
1,0,0,0.3805066
1,0,0,0.1023638
1,0,0,0.22857353
1,1,1,0.6255326
1,1,0,0.47397575
1,0,0,0.22255851
1,1,1,0.72228
1,0,0,0.23704104
1,1,0,0.3113798
1,0,0,0.29443234
1,0,0,0.49664086
1,0,1,0.57439536
1,0,0,0.2587179
1,0,0,0.41506493
1,1,1,0.70426613
1,1,1,0.626108
1,1,0,0.15113112
1,0,1,0.55307144
1,1,0,0.26622465
1,0,1,0.6264909
1,0,1,0.60516673
1,0,0,0.2934486
1,1,1,0.56563395
1,1,0,0.30734694
1,0,0,0.3595028
1,0,0,0.3845784
1,0,0,0.19605246
1,1,1,0.8085569
1,0,1,0.5712275
1,0,1,0.50888634
1,0,0,0.44471544
1,1,1,0.7874421
1,0,1,0.57174
1,0,0,0.16873924
1,0,1,0.6465581
1,0,1,0.61576533
1,1,0,0.44111183
1,1,1,0.6544577
1,1,1,0.5447535
1,1,1,0.6064018
1,1,0,0.3077636
1,1,1,0.832246
1,1,1,0.57351303
1,0,1,0.5623624
1,0,0,0.400599
1,0,0,0.36297145
1,1,1,0.58385575
1,1,1,0.70392966
1,0,1,0.63419
1,0,1,0.55377245
1,1,1,0.84745526
1,1,1,0.7384298
1,0,0,0.32436535
1,0,0,0.4518755
1,0,0,0.41129315
1,1,1,0.56974953
1,0,1,0.7022136
1,1,1,0.72437626
1,0,0,0.32890406
1,1,1,0.71071076
1,1,1,0.7700147
1,1,1,0.64936453
1,0,0,0.10544105
1,0,1,0.5722836
1,0,0,0.24170682
1,1,1,0.8373986
1,0,0,0.25898144
1,1,1,0.5228216
1,0,0,0.32907364
1,0,1,0.58607495
1,1,1,0.5064038
1,0,0,0.48754033
1,1,0,0.28162304
1,0,1,0.5330414
1,0,0,0.19744425
1,0,0,0.18023458
1,0,0,0.47823578
1,0,0,0.45385033
1,1,1,0.54577094
1,1,0,0.29451752
1,0,0,0.42617148
1,1,0,0.24943466
1,1,1,0.53766644
1,0,0,0.16707548
1,1,1,0.8540953
1,1,1,0.6207174
1,0,0,0.12035614
1,1,1,0.5297928
1,0,0,0.2956511
1,1,1,0.5775797
1,0,1,0.5539194
1,0,0,0.13970032
1,0,0,0.32011044
1,0,0,0.4109041
1,0,0,0.34363547
1,0,0,0.09560124
1,1,1,0.5706196
1,1,1,0.7241948
1,0,0,0.32274193
1,1,1,0.7626236
1,1,1,0.5518189
1,1,1,0.6925799
1,1,1,0.6941221
1,0,0,0.4948537
1,1,0,0.3923916
1,1,0,0.44922477
1,0,0,0.18289512
1,0,0,0.4979102
1,1,0,0.45595047
1,0,0,0.4425402
1,1,0,0.42420062
1,0,0,0.4857212
1,0,0,0.33610937
1,0,1,0.6436039
1,0,1,0.69430995
1,1,1,0.7161874
1,1,1,0.7351117
1,0,0,0.2102973
1,1,1,0.63321644
1,0,1,0.60917526
1,1,1,0.6343399
1,0,0,0.44223428
1,1,0,0.44073236
1,0,1,0.50329936
1,1,1,0.6208388
1,1,1,0.5977593
1,1,1,0.51064
1,1,1,0.7889716
1,0,1,0.5252413
1,0,0,0.2312647
1,1,1,0.6560699
1,0,0,0.43034407
1,1,1,0.5951554
1,0,1,0.527092
1,1,1,0.7116064
1,1,1,0.705008
1,0,1,0.652693
1,1,1,0.7447624
1,1,1,0.6005052
1,0,0,0.36989996
1,0,1,0.5552649
1,0,0,0.49522778
1,1,1,0.581703
1,1,1,0.66063535
1,0,0,0.33181244
1,1,1,0.7001286
1,0,1,0.56695485
1,1,0,0.41167876
1,1,1,0.5453083
1,0,1,0.5541709
1,0,1,0.69983953
1,1,0,0.24290983
1,0,0,0.21509258
1,0,1,0.64500684
1,0,0,0.3063374
1,1,1,0.7929149
1,0,0,0.43428823
1,1,1,0.6860819
1,1,1,0.52549595
1,0,1,0.75953346
1,1,1,0.5364438
1,0,0,0.46147114
1,1,1,0.61534053
1,0,0,0.40046963
1,0,0,0.36562273
1,0,0,0.32537892
1,1,1,0.53320736
1,1,1,0.70373267
1,1,1,0.61501974
1,1,1,0.723969
1,1,1,0.664015
1,0,0,0.16563603
1,1,1,0.5451986
1,0,0,0.10992423
1,1,1,0.5610033
1,0,0,0.33721757
1,0,0,0.47674042
1,1,0,0.4901013
1,0,0,0.29451102
1,0,0,0.3549095
1,1,1,0.7949461
1,0,1,0.5055088
1,0,0,0.40095726
1,1,1,0.57389945
1,1,1,0.5057794
1,1,1,0.563903
1,0,0,0.48732272
1,1,0,0.12119022
1,0,0,0.18945631
1,0,0,0.413067
1,0,0,0.29490304
1,0,0,0.2546752
1,1,0,0.46099168
1,0,1,0.5691392
1,1,1,0.5197944
1,0,0,0.2706841
1,1,1,0.63144594
1,1,0,0.48624077
1,0,0,0.14024521
1,1,0,0.47854492
1,0,0,0.44953272
1,0,1,0.5263603
1,0,1,0.6242854
1,1,1,0.8225269
1,0,0,0.4658831
1,0,0,0.470103
1,1,1,0.7200882
1,1,0,0.35820973
1,1,1,0.6467478
1,0,1,0.78949356
1,1,1,0.74519116
1,0,0,0.3618229
1,0,0,0.40783882
1,1,0,0.36428574
1,0,0,0.31885934
1,1,1,0.6992041
1,0,0,0.17187372
1,1,1,0.66717905
1,0,1,0.58877325
1,0,0,0.36938113
1,1,1,0.6425762
1,0,1,0.5355372
1,1,1,0.6374747
1,1,1,0.60036516
1,0,0,0.483577
1,1,0,0.3553132
1,1,1,0.54069144
1,1,1,0.53552157
1,1,0,0.39046296
1,0,0,0.34180847
1,0,0,0.31751254
1,0,1,0.54024976
1,0,0,0.2317696
1,0,1,0.6428851
1,1,1,0.71215767
1,1,1,0.5619572
1,0,1,0.77060694
1,1,1,0.6997494
1,0,0,0.1781665
1,1,1,0.82359457
1,0,0,0.37880462
1,1,0,0.40003052
1,0,0,0.098204374
1,0,0,0.42022493
1,1,0,0.4640484
1,0,0,0.32790765
1,1,1,0.64431053
1,0,1,0.51684433
1,0,0,0.20558915
1,1,1,0.884409
1,1,1,0.8236961
1,0,1,0.5082784
1,1,0,0.45638025
1,1,1,0.53220874
1,0,1,0.61885667
1,0,0,0.26056838
1,0,0,0.25814253
1,1,1,0.52034825
1,1,1,0.5601334
1,0,1,0.7596397
1,0,0,0.056626946
1,0,0,0.106571086
1,0,1,0.5836631
1,1,1,0.51410234
1,0,0,0.24978465
1,1,0,0.33458555
1,0,0,0.23404154
1,0,0,0.30377623
1,1,1,0.59385395
1,0,1,0.5694544
1,1,0,0.3976197
1,0,0,0.24822322
1,0,1,0.5385961
1,1,0,0.28291717
1,0,0,0.16324969
1,0,0,0.3081425
1,1,0,0.41633198
1,0,0,0.3600556
1,0,0,0.25671518
1,0,0,0.24593581
1,1,0,0.3908566
1,0,1,0.5108186
1,0,0,0.28137004
1,0,1,0.57929
1,0,0,0.47868642
1,1,1,0.59410995
1,0,1,0.5121968
1,1,1,0.52349937
1,1,1,0.6368521
1,0,0,0.47201678
1,1,1,0.7217256
1,1,1,0.7108151
1,0,1,0.7942879
1,1,0,0.3475151
1,1,1,0.7811918
1,1,0,0.48773468
1,1,1,0.6037517
1,0,0,0.39312145
1,1,1,0.62957335
1,0,1,0.51958466
1,0,1,0.5200231
1,1,0,0.36136284
1,1,1,0.52168643
1,0,0,0.40501672
1,0,0,0.23381862
1,0,0,0.2292058
1,0,1,0.5247372
1,0,0,0.45471245
1,0,0,0.41978738
1,1,1,0.83269715
1,1,1,0.5599406
1,0,0,0.35233876
1,1,0,0.4504645
1,1,0,0.49955186
1,0,1,0.61605424
1,0,0,0.48682803
1,0,0,0.3222864
1,0,0,0.4751727
1,1,1,0.83756995
1,0,0,0.37035722
1,0,0,0.19024327
1,0,1,0.70388246
1,1,1,0.8140892
1,0,0,0.34758854
1,1,0,0.31142637
1,0,1,0.5477242
1,1,1,0.55553126
1,1,1,0.59433687
1,0,1,0.5396654
1,0,0,0.3081831
1,1,1,0.89067626
1,1,1,0.5357751
1,1,1,0.65089023
1,0,1,0.5555694
1,0,1,0.8635684
1,0,0,0.43824393
1,1,1,0.51111895
1,1,1,0.58843595
1,1,1,0.77129805
1,0,0,0.2492929
1,1,1,0.7689063
1,1,1,0.62813354
1,1,0,0.45064014
1,1,1,0.73387253
1,0,1,0.7919914
1,0,0,0.15326585
1,1,1,0.7253158
1,0,0,0.39934063
1,0,1,0.5071154
1,0,0,0.25115538
1,1,0,0.2782867
1,1,1,0.65503514
1,0,0,0.38276872
1,0,0,0.12736213
1,0,1,0.5048749
1,0,1,0.7091837
1,1,1,0.72931033
1,1,0,0.3767332
1,0,1,0.57787377
1,0,0,0.42438123
1,1,1,0.6859748
1,0,1,0.5688816
1,0,0,0.4929167
1,0,0,0.29638797
1,1,1,0.5181039
1,0,0,0.4063635
1,1,1,0.55679905
1,0,0,0.23404154
1,0,0,0.30377623
1,1,0,0.46976042
1,1,0,0.38857862
1,1,1,0.61814713
1,0,0,0.28330198
1,0,0,0.17426498
1,1,1,0.62694883
1,1,1,0.71470153
1,0,1,0.6298079
1,0,0,0.30983853
1,0,0,0.36416504
1,1,1,0.53385526
1,0,0,0.4737344
1,0,1,0.5236744
1,0,0,0.38681778
1,1,1,0.67559236
1,1,1,0.68282825
1,0,1,0.5056025
1,1,1,0.7343816
1,0,0,0.11891809
1,0,0,0.40795872
1,1,1,0.52177715
1,0,0,0.4014552
1,0,0,0.4742211
1,0,0,0.41919088
1,0,0,0.21839991
1,0,1,0.55279887
1,1,0,0.44114968
1,1,1,0.6024369
1,1,1,0.55349624
1,0,1,0.5859629
1,0,1,0.78659445
1,1,1,0.54787
1,1,1,0.8276295
1,1,0,0.4343233
1,1,0,0.45270735
1,1,1,0.5989255
1,0,0,0.42206368
1,0,0,0.38387093
1,0,0,0.15204117
1,0,1,0.5425482
1,0,0,0.32563412
1,1,0,0.08883434
1,0,0,0.2518299
1,1,1,0.78714556
1,0,1,0.52444965
1,0,0,0.24314614
1,1,1,0.62852895
1,0,0,0.09479907
1,0,0,0.30680573
1,0,0,0.33412236
1,0,0,0.43737787
1,1,0,0.42979532
1,1,0,0.49054185
1,1,0,0.40804735
1,1,1,0.5538547
1,0,0,0.19455965
1,1,1,0.86372393
1,0,1,0.58446616
1,1,1,0.7598958
1,1,1,0.7100805
1,1,1,0.6455724
1,0,1,0.6737306
1,1,1,0.7308961
1,0,1,0.5481101
1,1,1,0.79326546
1,1,1,0.8842047
1,0,1,0.7614454
1,1,1,0.62379867
1,0,1,0.70311844
1,0,0,0.2695508
1,1,1,0.7452927
1,0,1,0.65961814
1,1,1,0.52188367
1,1,1,0.6619539
1,0,1,0.69600517
1,1,1,0.6901155
1,1,1,0.7332149
1,0,0,0.27932224
1,0,1,0.5492316
1,0,0,0.45505926
1,1,1,0.82414615
1,1,1,0.68596166
1,1,1,0.6515148
1,1,1,0.83891594
1,0,1,0.6616893
1,0,0,0.10520474
1,0,1,0.6401003
1,0,0,0.32434288
1,0,0,0.3216658
1,1,0,0.44609097
1,0,0,0.32682288
1,0,0,0.43296626
1,0,1,0.7153417
1,1,1,0.73021597
1,1,0,0.49645668
1,0,1,0.6727718
1,1,0,0.18081264
1,0,0,0.2698948
1,0,0,0.14779183
1,0,0,0.13140438
1,0,0,0.19385476
1,1,1,0.78969693
1,1,1,0.5799386
1,0,0,0.24677292
1,1,0,0.46532035
1,1,0,0.40381312
1,0,0,0.337227
1,0,0,0.41443974
1,0,1,0.6211506
1,0,0,0.4269384
1,0,1,0.7985365
1,1,1,0.61449856
1,0,0,0.3429409
1,0,1,0.59831977
1,0,1,0.6741252
1,1,1,0.67101526
1,1,0,0.16272782
1,0,0,0.27031732
1,0,1,0.5594991
1,1,0,0.2929425
1,0,0,0.3003932
1,1,0,0.36949277
1,1,1,0.59546
1,1,0,0.4693226
1,0,0,0.29280937
1,1,0,0.49439156
1,1,1,0.56315476
1,0,1,0.64757305
1,0,0,0.22643994
1,0,0,0.39125434
1,0,0,0.3405101
1,0,0,0.1273886
1,0,1,0.6130063
1,1,1,0.6461359
1,0,0,0.23410253
1,0,0,0.24500558
1,1,1,0.78733337
1,0,0,0.112513684
1,0,0,0.3854052
1,0,0,0.09428739
1,1,1,0.55234504
1,1,0,0.43438315
1,0,0,0.4197545
1,1,1,0.542571
1,1,0,0.4175208
1,1,1,0.58991736
1,1,1,0.5352765
1,0,0,0.33650625
1,0,0,0.12523215
1,1,0,0.25269628
1,1,1,0.8314748
1,1,1,0.60908943
1,0,1,0.69377625
1,0,0,0.32340243
1,1,1,0.7558551
1,1,0,0.47364572
1,1,1,0.76494855
1,1,1,0.66673905
1,1,1,0.791529
1,0,0,0.40282834
1,0,1,0.72938955
1,0,1,0.62706894
1,1,0,0.46978998
1,0,1,0.82356644
1,1,1,0.53987104
1,1,0,0.40867165
1,1,1,0.6589393
1,1,0,0.48746195
1,0,0,0.39770988
1,0,0,0.45266634
1,0,0,0.30112585
1,1,0,0.28052333
1,0,0,0.16497895
1,1,1,0.6797211
1,1,1,0.5540734
1,0,0,0.2425112
1,0,1,0.6234004
1,0,0,0.38094065
1,0,1,0.5128946
1,1,1,0.8668775
1,1,1,0.6328038
1,1,1,0.68047756
1,1,0,0.37829992
1,0,0,0.4070934
1,0,1,0.5084784
1,1,1,0.73027426
1,0,1,0.7230919
1,1,0,0.27614406
1,0,1,0.55990976
1,1,1,0.65792465
1,0,0,0.4323483
1,0,0,0.48290735
1,0,0,0.3551055
1,0,0,0.28862447
1,0,0,0.12250878
1,1,1,0.70944226
1,1,1,0.6339088
1,1,0,0.1836037
1,0,0,0.34587124
1,1,0,0.17074688
1,1,0,0.30650935
1,1,1,0.51388955
1,1,1,0.68162894
1,0,1,0.5030841
1,1,1,0.640628
1,0,0,0.22309983
1,0,0,0.06405453
1,1,0,0.29965475
1,0,0,0.13795424
1,0,0,0.09984844
1,0,0,0.0520095
1,0,0,0.43608344
1,0,0,0.32631803
1,1,0,0.37120432
1,0,0,0.20039354
1,1,1,0.7215612
1,0,0,0.24374285
1,0,1,0.7144627
1,1,0,0.28633407
1,1,1,0.8711066
1,0,1,0.5322444
1,0,0,0.39192274
1,1,1,0.706895
1,1,0,0.46976534
1,0,0,0.10749886
1,0,1,0.5362264
1,1,0,0.37445366
1,1,1,0.7911815
1,0,0,0.14996903
1,0,0,0.1034516
1,0,1,0.5243908
1,0,0,0.3403649
1,1,1,0.7090752
1,0,0,0.44611195
1,1,1,0.5991917
1,1,1,0.53680825
1,0,0,0.3797728
1,1,0,0.30366245
1,0,1,0.7292583
1,0,0,0.06366566
1,0,1,0.5870496
1,0,0,0.34924355
1,0,1,0.5012858
1,1,1,0.50991845
1,1,0,0.45527187
1,0,0,0.06285775
1,1,1,0.57771814
1,1,0,0.19144279
1,0,1,0.556589
1,0,1,0.51375395
1,1,1,0.51103014
1,0,0,0.07792725
1,1,1,0.70328057
1,1,1,0.6445043
1,0,0,0.4864401
1,1,1,0.5969968
1,1,1,0.66304165
1,0,0,0.35353705
1,1,1,0.68147266
1,0,0,0.09940374
1,0,0,0.49639943
1,0,0,0.37714818
1,1,1,0.5947994
1,1,1,0.6730373
1,1,1,0.85053396
1,1,1,0.71289206
1,0,1,0.6439284
1,0,1,0.8516179
1,1,1,0.8379443
1,0,1,0.67883223
1,0,1,0.7522021
1,1,1,0.7649879
1,0,1,0.75857246
1,0,1,0.6468497
1,1,1,0.7256369
1,0,1,0.786427
1,1,1,0.655142
1,0,0,0.39198682
1,1,1,0.5679144
1,1,1,0.77110773
1,0,1,0.5641767
1,1,0,0.3133343
1,0,0,0.25900733
1,1,0,0.16732922
1,1,0,0.37269837
1,0,1,0.6092503
1,0,1,0.620076
1,0,1,0.71963966
1,1,1,0.8262356
1,1,1,0.63330173
1,0,0,0.49535197
1,0,0,0.42913345
1,1,0,0.30738106
1,0,0,0.369201
1,0,0,0.45717221
1,0,0,0.28086638
1,1,1,0.71324223
1,0,1,0.56239367
1,1,0,0.42506194
1,0,0,0.49420857
1,1,0,0.47335693
1,0,0,0.45476237
1,0,0,0.14561555
1,1,1,0.7357957
1,0,1,0.7941568
1,0,1,0.508201
1,1,0,0.4834076
1,0,1,0.61621946
1,1,1,0.77322614
1,0,1,0.5172705
1,0,1,0.54708
1,1,1,0.70843506
1,0,1,0.56483823
1,1,0,0.4283943
1,1,1,0.66937375
1,1,1,0.7643303
1,1,1,0.74866843
1,1,1,0.5702181
1,0,0,0.466368
1,0,0,0.28597426
1,1,1,0.6008179
1,1,0,0.47237766
1,1,1,0.692709
1,1,1,0.5951651
1,1,1,0.5832822
1,1,1,0.66799194
1,0,1,0.7086328
1,0,1,0.916426
1,1,0,0.30340004
1,1,1,0.67050844
1,1,0,0.4219361
1,1,1,0.52503765
1,1,1,0.56385565
1,0,0,0.40889448
1,0,0,0.48271456
1,0,0,0.26673332
1,1,1,0.8620035
1,1,1,0.5988791
1,1,1,0.7828509
1,1,1,0.7489946
1,1,1,0.61663944
1,0,0,0.3152805
1,0,1,0.74078906
1,0,1,0.5599507
1,0,0,0.4541238
1,0,0,0.29319766
1,0,1,0.64323825
1,1,1,0.6036973
1,1,1,0.8944595
1,1,1,0.6839184
1,0,0,0.23326205
1,1,0,0.47002178
1,0,0,0.14443813
1,1,1,0.7328598
1,1,1,0.52662843
1,0,0,0.22601555
1,0,0,0.09593959
1,1,1,0.529721
1,0,0,0.13177581
1,0,0,0.24629533
1,0,1,0.5345206
1,1,1,0.8224693
1,1,0,0.3859117
1,0,0,0.32281336
1,1,0,0.49428707
1,0,0,0.08084397
1,0,1,0.677137
1,0,1,0.5445189
1,0,0,0.20570783
1,0,1,0.8085361
1,1,1,0.7175766
1,0,0,0.46638548
1,0,1,0.72218835
1,0,1,0.5770607
1,1,1,0.63615066
1,1,1,0.53571564
1,1,1,0.7599729
1,1,1,0.77406687
1,1,1,0.8390734
1,0,1,0.73812115
1,0,1,0.6287908
1,1,1,0.66009575
1,1,1,0.8935967
1,0,1,0.6450875
1,1,1,0.64753574
1,1,1,0.52505374
1,1,1,0.68488103
1,0,1,0.79823524
1,1,1,0.661263
1,0,1,0.7916498
1,1,1,0.65900177
1,0,1,0.5480626
1,0,1,0.62820673
1,0,1,0.8172977
1,0,0,0.27431622
1,0,1,0.76461464
1,1,1,0.8185177
1,0,1,0.8010774
1,0,1,0.57625777
1,1,1,0.7128016
1,0,0,0.43904892
1,1,1,0.62395793
1,0,1,0.5994019
1,1,1,0.5421782
1,1,1,0.7864524
1,0,1,0.5377152
1,1,1,0.6945211
1,1,1,0.65279365
1,1,1,0.62936395
1,0,0,0.23332717
1,0,1,0.72395015
1,1,1,0.7556779
1,0,1,0.69620734
1,1,1,0.75949657
1,1,0,0.26928788
1,1,1,0.59174854
1,1,1,0.63675344
1,0,0,0.071691364
1,0,0,0.14633884
1,1,1,0.5137954
1,0,1,0.5950102
1,0,1,0.51823294
1,0,0,0.23650892
1,1,1,0.94715136
1,0,0,0.40095982
1,1,1,0.8637277
1,1,1,0.77406913
1,1,1,0.6968809
1,0,0,0.48360094
1,0,1,0.52009076
1,0,0,0.17941253
1,0,0,0.11907974
1,0,1,0.6813511
1,1,1,0.80443823
1,0,1,0.8045919
1,1,1,0.8149225
1,0,0,0.4224419
1,0,0,0.27031583
1,0,0,0.28360027
1,0,1,0.63289565
1,0,1,0.64902955
1,1,1,0.71104974
1,1,1,0.65881395
1,1,1,0.67683756
1,1,1,0.76296395
1,0,0,0.41742504
1,0,1,0.7392319
1,0,0,0.3115834
1,1,0,0.4251527
1,1,1,0.81515414
1,0,0,0.4553574
1,1,1,0.7295141
1,0,1,0.63316786
1,1,1,0.5509987
1,0,1,0.6647762
1,1,1,0.66811997
1,0,1,0.64709437
1,0,1,0.65281695
1,1,1,0.733183
1,1,1,0.9190034
1,1,1,0.6388776
1,1,1,0.62604606
1,1,0,0.44155818
1,1,1,0.5594785
1,0,1,0.71198565
1,0,0,0.27765325
1,1,1,0.7897374
1,0,0,0.20492575
1,0,1,0.57675815
1,0,1,0.69054353
1,1,1,0.81424874
1,0,1,0.7714269
1,0,0,0.39597097
1,1,0,0.17171808
1,1,1,0.5211416
1,0,0,0.19804451
1,1,1,0.6084156
1,1,1,0.88794
1,0,1,0.64795226
1,0,0,0.47245848
1,0,1,0.6241795
1,0,0,0.11095194
1,0,1,0.5005106
1,1,0,0.44943675
1,1,1,0.5061127
1,0,0,0.28318414
1,1,0,0.35467535
1,1,1,0.6143448
1,1,1,0.75339234
1,0,1,0.70556074
1,0,0,0.27795076
1,0,1,0.78205395
1,1,1,0.8830729
1,0,1,0.7237798
1,0,1,0.78765976
1,0,0,0.37299377
1,0,1,0.575347
1,1,1,0.6387392
1,1,1,0.8343496
1,1,1,0.64036024
1,0,1,0.66323614
1,0,0,0.49225116
1,1,1,0.8902473
1,1,1,0.70257866
1,1,0,0.20624322
1,1,1,0.6370615
1,0,0,0.47089493
1,1,1,0.78201807
1,0,1,0.5744407
1,0,0,0.45779213
1,0,0,0.21667361
1,1,0,0.21641546
1,1,1,0.82056063
1,0,1,0.50316685
1,0,0,0.038972605
1,1,1,0.54090303
1,0,0,0.25574446
1,1,1,0.61591506
1,0,1,0.7006553
1,1,1,0.6760384
1,0,0,0.25446883
1,1,1,0.85844636
1,1,0,0.47354257
1,1,0,0.3596263
1,0,0,0.045416605
1,1,1,0.58516854
1,0,0,0.490961
1,1,1,0.5426957
1,0,0,0.122137286
1,0,0,0.34139085
1,1,0,0.48598325
1,0,0,0.2845399
1,0,0,0.31068352
1,0,0,0.22344537
1,0,1,0.5733861
1,0,1,0.5484714
1,1,0,0.45589343
1,0,0,0.13008597
1,1,1,0.7904242
1,1,1,0.6938591
1,1,1,0.5949007
1,0,0,0.41936666
1,0,1,0.5191171
1,1,1,0.6001033
1,1,1,0.5114904
1,1,1,0.66202164
1,0,1,0.70074415
1,1,1,0.5651298
1,0,1,0.5522953
1,0,1,0.73288655
1,0,1,0.71371096
1,0,1,0.615918
1,1,1,0.8119415
1,0,1,0.632518
1,0,1,0.5742226
1,0,0,0.2809759
1,0,1,0.5433894
1,1,1,0.69284046
1,1,1,0.75765723
1,0,0,0.29208034
1,1,0,0.23004486
1,0,0,0.19536413
1,1,1,0.81018203
1,0,0,0.30683923
1,1,0,0.22426884
1,0,1,0.69728607
1,1,1,0.52405804
1,0,0,0.33310348
1,1,0,0.38263795
1,0,0,0.236766
1,0,0,0.18361633
1,0,0,0.45520142
1,1,0,0.316784
1,1,1,0.69758505
1,0,0,0.3798587
1,1,1,0.6994638
1,1,1,0.5336585
1,1,1,0.6954735
1,1,0,0.3116145
1,0,0,0.48147956
1,0,1,0.62261564
1,1,1,0.6921255
1,0,0,0.3569736
1,0,0,0.26927775
1,1,1,0.64283437
1,0,1,0.618804
1,1,0,0.44591624
1,0,0,0.47178087
1,0,0,0.1702248
1,1,1,0.6904827
1,0,0,0.313338
1,1,1,0.50059503
1,1,0,0.49305075
1,0,0,0.15480117
1,1,0,0.31372395
1,0,1,0.51038826
1,1,0,0.48175514
1,1,1,0.5684379
1,1,1,0.7717121
1,0,1,0.70476335
1,0,1,0.7002728
1,0,1,0.82183164
1,1,0,0.17912745
1,0,0,0.4933304
1,1,0,0.17903449
1,0,0,0.41791975
1,1,1,0.5337429
1,0,0,0.080764316
1,1,1,0.51188946
1,1,0,0.18620634
1,0,0,0.07218887
1,1,0,0.44273582
1,0,0,0.08379398
1,0,1,0.55083907
1,0,0,0.13764673
1,0,1,0.5697105
1,1,0,0.34353715
1,0,0,0.10801779
1,0,0,0.40585944
1,1,0,0.26361158
1,0,1,0.662845
1,1,0,0.34082672
1,0,1,0.60352635
1,1,0,0.14336194
1,0,0,0.12008159
1,0,1,0.520565
1,1,0,0.34666997
1,0,0,0.4429024
1,0,0,0.41754827
1,0,0,0.37462887
1,1,0,0.32798755
1,0,1,0.6015283
1,0,1,0.7204866
1,0,0,0.21079268
1,1,1,0.6732844
1,0,0,0.22327761
1,0,0,0.29727802
1,1,0,0.27543846
1,1,0,0.1235105
1,1,1,0.51439047
1,0,0,0.32375488
1,0,0,0.37330657
1,1,1,0.6226184
1,1,1,0.8164476
1,0,0,0.39422038
1,0,1,0.59492385
1,0,1,0.54810005
1,1,1,0.5738879
1,0,0,0.2907426
1,0,0,0.34592387
1,1,1,0.5660906
1,1,1,0.71303964
1,0,1,0.6627388
1,0,0,0.2613435
1,1,1,0.68715745
1,1,1,0.9379743
1,1,0,0.47221074
1,1,1,0.83893067
1,1,0,0.35078976
1,1,1,0.75252825
1,1,1,0.5853307
1,0,0,0.21647856
1,1,0,0.4426922
1,0,1,0.71980524
1,0,0,0.40574437
1,1,1,0.6997643
1,1,1,0.5318174
1,0,0,0.24639335
1,0,0,0.3258955
1,0,0,0.27456033
1,0,0,0.25205564
1,0,0,0.43818346
1,0,1,0.5643541
1,0,0,0.3074455
1,1,0,0.3320037
1,1,0,0.32520673
1,0,0,0.11026319
1,1,1,0.7592692
1,1,0,0.36692178
1,0,0,0.18111789
1,0,0,0.32996032
1,1,1,0.74334663
1,0,0,0.10288425
1,1,0,0.26777118
1,0,1,0.78060764
1,0,0,0.36556682
1,0,0,0.31698495
1,1,1,0.8738378
1,0,0,0.49771896
1,0,0,0.49284574
1,0,0,0.4163722
1,0,0,0.26898524
1,0,0,0.4871557
1,1,0,0.44539264
1,0,0,0.42445183
1,1,0,0.4844094
1,1,1,0.6543373
1,1,1,0.7579746
1,0,0,0.16040067
1,0,0,0.4702588
1,0,1,0.78605473
1,1,1,0.71898854
1,0,1,0.67568105
1,1,1,0.6306546
1,1,1,0.68151057
1,1,1,0.52631485
1,1,1,0.8156806
1,1,1,0.5366401
1,0,0,0.48103046
1,0,1,0.747514
1,0,0,0.37742367
1,1,1,0.6933354
1,1,1,0.864989
1,0,1,0.57077974
1,1,1,0.6953085
1,1,1,0.715615
1,0,1,0.5233203
1,1,1,0.816466
1,0,0,0.2946544
1,1,1,0.69171953
1,0,1,0.666433
1,1,1,0.68977934
1,1,1,0.6271052
1,1,1,0.62365526
1,1,1,0.6163275
1,0,0,0.49395847
1,1,0,0.41222107
1,0,1,0.67126125
1,0,0,0.3766228
1,0,1,0.77100515
1,1,1,0.6843203
1,0,0,0.34085026
1,0,0,0.23873651
1,0,0,0.4782483
1,1,1,0.562684
1,1,1,0.67226636
1,1,0,0.21189678
1,1,1,0.6900468
1,0,0,0.06556295
1,0,0,0.27409327
1,0,0,0.2485195
1,1,1,0.73205435
1,1,1,0.64440376
1,0,0,0.4911467
1,0,0,0.32110363
1,1,1,0.54286534
1,1,1,0.58104086
1,0,1,0.5578939
1,0,0,0.47184476
1,1,0,0.16378185
1,0,0,0.4993799
1,1,0,0.3507514
1,0,0,0.4582985
1,0,1,0.5157346
1,1,1,0.6305963
1,0,0,0.10024742
1,0,1,0.5483592
1,0,0,0.46005762
1,1,1,0.90408814
1,1,0,0.4633598
1,0,1,0.7663958
1,1,1,0.66927725
1,0,0,0.4213629
1,0,1,0.66869223
1,0,0,0.22170839
1,0,1,0.6873545
1,1,1,0.5766813
1,1,1,0.7563612
1,0,1,0.5208503
1,0,1,0.5358942
1,1,0,0.10672241
1,0,0,0.35732043
1,0,0,0.33201712
1,0,0,0.33991677
1,1,1,0.8690693
1,0,0,0.3000127
1,0,0,0.43450552
1,1,0,0.32634747
1,1,1,0.6452327
1,1,1,0.90535367
1,0,1,0.53328615
1,0,1,0.55240864
1,0,1,0.5971905
1,1,1,0.60226214
1,0,0,0.34746712
1,1,1,0.63385874
1,1,1,0.56562877
1,0,0,0.49719262
1,1,1,0.58964914
1,1,1,0.738354
1,1,0,0.48154703
1,0,0,0.29360613
1,0,0,0.42591974
1,0,1,0.53677356
1,1,1,0.6413806
1,0,1,0.6689089
1,1,1,0.703431
1,1,1,0.65345603
1,0,1,0.5625396
1,0,1,0.70687085
1,1,1,0.5651086
1,0,1,0.56358135
1,0,1,0.5628437
1,1,1,0.8687185
1,0,1,0.71165067
1,0,0,0.43924013
1,0,1,0.6403841
1,0,1,0.5070163
1,1,1,0.79684734
1,1,1,0.7891611
1,1,0,0.4165569
1,1,1,0.8377994
1,1,1,0.6531481
1,0,0,0.24891676
1,1,1,0.7735793
1,1,1,0.6954003
1,0,0,0.22582246
1,0,1,0.7230583
1,0,1,0.6046894
1,0,1,0.57842004
1,0,0,0.23588069
1,0,0,0.048937656
1,1,1,0.6347082
1,1,1,0.76552594
1,1,1,0.7987063
1,1,1,0.7001145
1,0,0,0.37159416
1,1,1,0.70078814
1,0,1,0.6569563
1,0,1,0.53843313
1,0,1,0.64780796
1,1,1,0.6553
1,1,1,0.642416
1,0,1,0.5136386
1,1,1,0.8089166
1,1,1,0.6573852
1,0,1,0.77899444
1,0,1,0.5831249
1,0,0,0.42174575
1,0,1,0.626359
1,0,1,0.7253835
1,1,1,0.8909409
1,1,1,0.6269367
1,1,1,0.53967965
1,1,1,0.634786
1,0,1,0.66040397
1,0,1,0.6409626
1,0,0,0.42234275
1,0,1,0.5745034
1,0,1,0.65038455
1,0,1,0.5320888
1,1,1,0.5134695
1,0,0,0.48634446
1,0,1,0.780095
1,1,1,0.60344565
1,1,1,0.6269299
1,1,1,0.6027582
1,0,0,0.4077747
1,1,1,0.6729247
1,1,1,0.66988796
1,0,1,0.67741966
1,0,0,0.30564535
1,0,0,0.44560328
1,0,1,0.6362598
1,1,1,0.7238049
1,1,1,0.6856642
1,0,0,0.2505414
1,1,1,0.68121666
1,1,1,0.6421766
1,0,0,0.1618607
1,1,0,0.40087956
1,1,0,0.39422205
1,1,0,0.49983892
1,0,0,0.3037898
1,0,1,0.5915386
1,0,0,0.096256375
1,1,1,0.74310493
1,1,1,0.5002036
1,0,1,0.69226265
1,0,1,0.7473184
1,0,1,0.80417275
1,0,0,0.18729144
1,1,1,0.8663148
1,0,0,0.48819336
1,1,1,0.76130825
1,1,1,0.61379117
1,0,0,0.30150738
1,1,1,0.6412953
1,0,0,0.41622403
1,0,0,0.30725914
1,0,0,0.18187295
1,0,1,0.8407576
1,0,1,0.5360012
1,1,1,0.68849343
1,1,0,0.47719562
1,1,1,0.55775595
1,0,1,0.6444471
1,1,1,0.698594
1,0,0,0.34764972
1,0,0,0.35405535
1,0,0,0.17592809
1,1,1,0.93859184
1,0,0,0.45511577
1,1,0,0.32849386
1,0,1,0.5759909
1,0,0,0.4057692
1,1,1,0.62093693
1,0,0,0.2534095
1,1,1,0.5012363
1,0,0,0.35594293
1,0,1,0.6590608
1,1,1,0.6075678
1,1,1,0.8539497
1,0,0,0.49346456
1,1,0,0.42027923
1,1,1,0.615353
1,0,0,0.31152955
1,1,0,0.4489998
1,0,1,0.6598437
1,0,0,0.35102162
1,0,1,0.6869012
1,1,1,0.5401435
1,0,1,0.64555055
1,1,1,0.8073528
1,0,0,0.16142236
1,1,1,0.7856795
1,0,1,0.6180082
1,1,0,0.43089664
1,0,1,0.5058544
1,1,1,0.5919066
1,1,1,0.6174942
1,0,0,0.20287406
1,0,0,0.4126246
1,0,1,0.5927296
1,0,1,0.5163141
1,0,1,0.6575851
1,0,0,0.2959017
1,1,1,0.6322872
1,0,0,0.47064883
1,1,1,0.6278931
1,1,1,0.86387074
1,0,1,0.50593024
1,1,1,0.5651831
1,1,0,0.46179825
1,0,1,0.51023555
1,1,1,0.5859252
1,0,0,0.4417911
1,0,0,0.20440285
1,0,0,0.24552844
1,0,0,0.1820129
1,1,1,0.72174585
1,0,0,0.49230072
1,1,1,0.73384345
1,1,1,0.5810115
1,1,1,0.63737905
1,0,1,0.5321953
1,1,1,0.53757864
1,1,1,0.5174337
1,0,1,0.5389367
1,1,1,0.87491626
1,0,0,0.45428923
1,1,0,0.34755847
1,0,0,0.47393894
1,0,0,0.3744833
1,0,0,0.27590087
1,1,1,0.6857537
1,1,1,0.5270511
1,1,1,0.7254557
1,1,1,0.5293045
1,1,0,0.4357279
1,0,1,0.6000543
1,0,1,0.6001831
1,1,1,0.7099675
1,0,0,0.47773844
1,0,0,0.36344063
1,0,1,0.6360296
1,1,1,0.5682859
1,0,0,0.23976746
1,1,1,0.67971176
1,0,0,0.28739446
1,0,1,0.53138864
1,0,1,0.5604279
1,0,1,0.57473314
1,1,1,0.59755677
1,1,1,0.73521024
1,1,1,0.63268036
1,1,1,0.6192678
1,1,1,0.69634885
1,0,1,0.64008105
1,1,1,0.51640856
1,0,1,0.82832134
1,0,1,0.5649297
1,0,0,0.4517911
1,0,1,0.7337631
1,1,1,0.75268817
1,1,0,0.383724
1,1,0,0.39810902
1,0,0,0.29103854
1,0,0,0.38879502
1,1,0,0.2600983
1,1,1,0.6508236
1,0,0,0.46059257
1,0,1,0.6635674
1,0,0,0.45289624
1,1,1,0.6670021
1,0,0,0.292062
1,0,0,0.1811747
1,0,0,0.07011499
1,1,1,0.67477155
1,1,0,0.35356176
1,0,0,0.33002755
1,0,0,0.32354355
1,1,1,0.5123213
1,0,0,0.35655993
1,0,0,0.41688594
1,1,1,0.72447056
1,1,1,0.8421114
1,0,1,0.5388791
1,0,0,0.4683906
1,0,0,0.16863987
1,0,1,0.7470339
1,1,1,0.65756583
1,0,1,0.782032
1,0,0,0.34964558
1,1,0,0.4935709
1,0,0,0.2941756
1,0,0,0.3747664
1,1,1,0.7230387
1,1,1,0.665104
1,1,1,0.72624385
1,1,1,0.6783819
1,1,1,0.52727205
1,1,1,0.5215077
1,0,0,0.4076745
1,1,1,0.7909955
1,0,1,0.51587033
1,1,0,0.45181522
1,1,1,0.6496383
1,0,1,0.5714642
1,0,0,0.49932936
1,0,0,0.1831764
1,1,1,0.5320836
1,0,1,0.78077245
1,1,1,0.7088642
1,1,1,0.6657279
1,0,0,0.06803023
1,1,1,0.57652336
1,0,0,0.45408472
1,0,0,0.28056377
1,0,1,0.6115482
1,0,1,0.65601367
1,1,0,0.4080242
1,0,1,0.78780466
1,1,1,0.87709075
1,1,1,0.7010037
1,1,0,0.2969492
1,0,0,0.45463428
1,0,0,0.30468106
1,0,0,0.2285523
1,0,0,0.34295875
1,1,0,0.23862
1,0,1,0.5680135
1,1,1,0.70451003
1,0,0,0.15736797
1,0,1,0.54178387
1,1,1,0.6586988
1,0,1,0.54354733
1,0,0,0.381335
1,0,1,0.52239794
1,0,0,0.17836067
1,1,0,0.48112187
1,0,1,0.65626514
1,1,0,0.36170855
1,1,1,0.67811185
1,1,1,0.6331984
1,1,1,0.7152884
1,1,1,0.7313775
1,0,1,0.6834313
1,1,0,0.37612906
1,1,1,0.6610973
1,0,0,0.47291496
1,0,1,0.5405526
1,1,1,0.54857445
1,0,0,0.09157536
1,1,1,0.790042
1,1,1,0.7104063
1,0,0,0.36587802
1,0,0,0.4665706
1,0,0,0.42303452
1,1,1,0.6211553
1,0,0,0.4969436
1,0,1,0.6439264
1,1,1,0.8099252
1,0,1,0.50716645
1,0,0,0.3241838
1,0,0,0.44016945
1,1,1,0.7708197
1,0,1,0.57644683
1,1,0,0.33759525
1,1,0,0.39578322
1,0,0,0.44677812
1,0,1,0.5751982
1,1,1,0.8070425
1,0,1,0.507394
1,1,1,0.57569724
1,0,0,0.4915013
1,0,0,0.44904408
1,1,0,0.49992374
1,0,1,0.55050915
1,1,0,0.33579627
1,1,1,0.8781255
1,1,1,0.7089755
1,0,1,0.5232853
1,1,0,0.40632626
1,1,0,0.49733675
1,1,1,0.5820281
1,1,1,0.5516
1,0,0,0.13046269
1,0,1,0.504992
1,0,1,0.61319053
1,1,1,0.6503281
1,0,0,0.3513074
1,1,1,0.7278414
1,0,0,0.34118488
1,1,1,0.50971425
1,0,0,0.38469535
1,1,1,0.5922313
1,1,1,0.7287724
1,1,0,0.3186186
1,0,0,0.20316571
1,1,0,0.4551927
1,0,0,0.24481322
1,0,0,0.47389972
1,1,1,0.79678315
1,0,1,0.5061744
1,1,0,0.48103386
1,0,0,0.3058864
1,0,0,0.22186954
1,1,1,0.6782946
1,0,1,0.5250655
1,1,1,0.5042344
1,0,1,0.85173625
1,1,1,0.7739639
1,1,1,0.6113194
1,0,1,0.66501033
1,1,1,0.74065614
1,1,1,0.77310485
1,1,1,0.52155614
1,0,0,0.36534154
1,1,0,0.47587696
1,1,1,0.6029788
1,1,0,0.40770504
1,0,0,0.3917682
1,0,1,0.7427864
1,0,1,0.58821887
1,0,0,0.120280504
1,1,1,0.7776777
1,1,0,0.09539891
1,1,1,0.5554589
1,0,0,0.07064123
1,0,0,0.4839547
1,0,1,0.54372495
1,1,1,0.691615
1,0,0,0.44714496
1,0,0,0.09331593
1,0,1,0.80537057
1,0,0,0.41311398
1,0,1,0.8236796
1,0,0,0.37144196
1,0,0,0.45529455
1,1,0,0.4518659
1,1,1,0.55645335
1,0,0,0.07651053
1,0,0,0.4602185
1,1,1,0.79039085
1,0,0,0.36476335
1,1,0,0.47070748
1,1,0,0.45886773
1,1,0,0.48975772
1,1,1,0.6742716
1,0,0,0.38683075
1,1,1,0.7704482
1,0,1,0.5249555
1,0,0,0.44829375
1,1,1,0.5202498
1,1,0,0.28977627
1,0,0,0.430301
1,0,0,0.37693155
1,0,0,0.26235104
1,0,0,0.2122959
1,1,0,0.489278
1,1,0,0.46442226
1,1,1,0.85455036
1,1,1,0.7574781
1,0,0,0.4086761
1,1,1,0.7903899
1,1,0,0.4045912
1,0,1,0.6909655
1,1,0,0.450104
1,0,0,0.4470541
1,1,1,0.6353367
1,0,0,0.42057335
1,0,1,0.64912266
1,0,1,0.56317407
1,0,0,0.3004303
1,1,1,0.6932238
1,0,1,0.5572456
1,1,1,0.7413112
1,1,1,0.6656927
1,1,1,0.6507603
1,0,1,0.5881276
1,1,1,0.8038394
1,1,1,0.6239551
1,0,0,0.072865374
1,0,1,0.6599675
1,1,1,0.7030687
1,1,1,0.61133677
1,1,1,0.7486113
1,0,0,0.143137
1,0,0,0.36533076
1,0,1,0.7317984
1,0,0,0.21074663
1,1,0,0.3492448
1,0,0,0.40224037
1,1,0,0.25817573
1,1,1,0.8594458
1,1,1,0.7499118
1,1,1,0.84111565
1,0,0,0.37391642
1,0,0,0.39639837
1,0,1,0.8162346
1,0,0,0.3757962
1,1,1,0.8409247
1,1,1,0.7200994
1,1,1,0.7206902
1,1,1,0.7719938
1,0,0,0.24765769
1,0,0,0.39025205
1,1,0,0.4797997
1,1,1,0.53883654
1,0,0,0.43744886
1,1,1,0.50567937
1,1,0,0.41563633
1,0,0,0.3347253
1,1,1,0.5874402
1,0,0,0.28588918
1,0,1,0.68181264
1,0,0,0.3716977
1,0,1,0.5819651
1,0,0,0.081298426
1,0,0,0.2616848
1,1,1,0.5397406
1,1,1,0.6890579
1,0,1,0.53650415
1,0,0,0.27584013
1,0,1,0.7795864
1,1,1,0.63326776
1,0,0,0.24346918
1,1,1,0.66079086
1,0,0,0.062489875
1,1,1,0.5775863
1,0,1,0.6243724
1,0,1,0.5017853
1,1,1,0.6162854
1,0,0,0.026894283
1,0,1,0.6260624
1,1,1,0.72671103
1,0,1,0.7842933
1,1,0,0.44577137
1,1,1,0.742994
1,0,0,0.48612863
1,1,1,0.87274504
1,1,0,0.402514
1,0,0,0.3798117
1,1,1,0.5466066
1,0,0,0.3096892
1,1,1,0.60749435
1,1,1,0.50006014
1,0,0,0.3454279
1,0,0,0.34241825
1,0,0,0.28451163
1,1,1,0.7515075
1,1,1,0.6861594
1,0,0,0.09076128
1,1,1,0.7197305
1,0,1,0.59874237
1,1,1,0.7440722
1,0,0,0.40674025
1,0,1,0.71595097
1,0,0,0.053697165
1,1,1,0.7928146
1,0,0,0.4753819
1,0,0,0.22847274
1,0,1,0.5580749
1,0,1,0.780095
1,1,1,0.60344565
1,1,1,0.6269299
1,1,1,0.6027582
1,0,0,0.4077747
1,1,1,0.6729247
1,1,1,0.66988796
1,0,1,0.67741966
1,0,0,0.30564535
1,0,0,0.44560328
1,0,1,0.6362598
1,1,1,0.7498349
1,1,1,0.558769
1,1,0,0.4976812
1,0,1,0.5099103
1,0,1,0.624494
1,1,1,0.5876706
1,1,1,0.5661331
1,0,1,0.6139201
1,1,1,0.5610831
1,1,1,0.5397085
1,0,0,0.42392945
1,0,1,0.5957186
1,1,0,0.49837482
1,0,0,0.2962293
1,0,0,0.47929668
1,0,0,0.13846856
1,0,0,0.14922066
1,0,1,0.5495053
1,1,1,0.5941043
1,0,0,0.119374804
1,1,0,0.29050264
1,1,0,0.45551696
1,0,1,0.5152437
1,1,0,0.42374617
1,0,1,0.6292686
1,0,0,0.4773324
1,0,0,0.24659666
1,0,0,0.072945304
1,1,0,0.45736563
1,1,0,0.32303125
1,0,1,0.5157999
1,0,0,0.38515517
1,1,1,0.5570071
1,0,0,0.33707452
1,0,0,0.32347736
1,0,0,0.24042892
1,1,1,0.6464552
1,0,0,0.49449894
1,0,0,0.45555988
1,0,0,0.43602848
1,1,1,0.7345986
1,1,1,0.65958035
1,1,1,0.82271373
1,1,1,0.5789301
1,1,0,0.41217566
1,0,1,0.75611395
1,1,1,0.659111
1,0,1,0.6833793
1,1,1,0.71023655
1,1,1,0.6210353
1,0,1,0.77508867
1,1,0,0.38268602
1,1,1,0.66152525
1,1,1,0.8736264
1,1,1,0.66686565
1,0,0,0.2663121
1,0,0,0.43368602
1,0,1,0.5891377
1,0,0,0.36902317
1,0,0,0.48290473
1,0,0,0.22525768
1,0,0,0.40708962
1,0,0,0.18344319
1,1,1,0.65101296
1,0,0,0.14455783
1,1,0,0.49793363
1,1,0,0.3146111
1,1,1,0.7713145
1,1,1,0.61811
1,0,1,0.64660317
1,0,0,0.33564162
1,0,0,0.19255711
1,1,1,0.556948
1,1,1,0.6310859
1,0,0,0.14688303
1,1,1,0.6476951
1,0,0,0.26119247
1,0,1,0.69848204
1,1,1,0.764535
1,0,1,0.62199837
1,1,0,0.29246524
1,0,0,0.30589625
1,0,0,0.27212733
1,1,1,0.88971674
1,0,1,0.6251452
1,1,1,0.81411684
1,0,1,0.53310674
1,1,1,0.8707108
1,0,1,0.5917325
1,0,0,0.41809517
1,0,0,0.49692562
1,1,1,0.67129517
1,0,0,0.12419892
1,1,1,0.6252623
1,1,1,0.76351255
1,1,1,0.5637725
1,1,1,0.6693122
1,0,1,0.7199155
1,1,1,0.52097
1,1,1,0.5039326
1,0,0,0.36725914
1,1,0,0.48829916
1,1,1,0.68779206
1,0,0,0.48912212
1,0,0,0.20431136
1,1,1,0.7668864
1,0,1,0.7663348
1,1,1,0.79942757
1,1,1,0.79487073
1,0,1,0.52077234
1,1,1,0.76885784
1,1,1,0.86519766
1,1,1,0.55460167
1,1,0,0.4231374
1,0,1,0.5818294
1,1,1,0.7258007
1,0,0,0.2581366
1,0,0,0.12487569
1,0,0,0.29841682
1,1,1,0.53671014
1,0,0,0.31607223
1,1,1,0.57811177
1,1,1,0.60218984
1,1,1,0.8680862
1,1,1,0.6387874
1,1,1,0.5585072
1,0,0,0.19128132
1,1,1,0.6319497
1,1,1,0.5809523
1,0,0,0.45575356
1,0,0,0.20592688
1,1,1,0.7571503
1,1,1,0.5430762
1,0,0,0.3313536
1,1,1,0.7545712
1,0,1,0.55102336
1,1,1,0.5834237
1,0,1,0.5176669
1,1,1,0.69947374
1,0,1,0.57712865
1,0,0,0.16437386
1,1,1,0.7776732
1,1,1,0.6379444
1,0,0,0.06279036
1,0,0,0.26881468
1,0,0,0.14390618
1,0,0,0.16483502
1,0,0,0.063470334
1,1,1,0.5776435
1,1,1,0.6716941
1,1,0,0.37995708
1,0,0,0.48506066
1,0,1,0.5701866
1,0,1,0.505465
1,0,0,0.41115615
1,1,1,0.6683031
1,1,1,0.64967996
1,1,1,0.6715527
1,1,0,0.45947468
1,1,1,0.5279516
1,1,1,0.6925997
1,1,1,0.5991826
1,1,0,0.4820659
1,0,0,0.46598226
1,1,1,0.6898121
1,0,0,0.4920249
1,0,1,0.6688911
1,1,1,0.70747954
1,1,0,0.29152462
1,1,1,0.57295805
1,0,1,0.565738
1,0,0,0.158369
1,0,0,0.203138
1,0,0,0.3817426
1,0,0,0.486333
1,1,1,0.6175514
1,0,0,0.1458563
1,1,1,0.8885844
1,1,1,0.65824854
1,1,1,0.78450197
1,1,1,0.55210924
1,1,1,0.8188012
1,1,1,0.7649899
1,0,0,0.301317
1,1,1,0.87200654
1,1,1,0.6156378
1,1,1,0.5535528
1,0,1,0.5745496
1,0,0,0.2933933
1,0,0,0.22605892
1,1,1,0.82106215
1,1,1,0.60703623
1,1,0,0.47362286
1,0,1,0.54961294
1,0,0,0.0691414
1,1,1,0.6515196
1,1,0,0.4299941
1,0,0,0.49160755
1,1,1,0.7418587
1,0,0,0.119163625
1,0,0,0.39350182
1,1,1,0.66960555
1,0,0,0.3252055
1,0,1,0.5480378
1,0,0,0.42568144
1,1,0,0.44406384
1,0,0,0.14510009
1,0,0,0.108827986
1,0,1,0.7493523
1,1,1,0.7435339
1,1,1,0.67039037
1,0,1,0.5131897
1,0,1,0.56891614
1,0,1,0.66313064
1,1,1,0.7610069
1,1,1,0.5564277
1,0,1,0.57584316
1,0,1,0.765229
1,0,1,0.5830855
1,1,1,0.6761135
1,0,1,0.5957576
1,0,1,0.6449734
1,1,0,0.28653032
1,0,1,0.5501617
1,0,1,0.5271665
1,1,1,0.5967983
1,0,1,0.624186
1,1,0,0.11610628
1,1,1,0.7370547
1,0,0,0.0867508
1,0,0,0.2787818
1,1,1,0.5626562
1,0,0,0.433216
1,1,1,0.87232727
1,1,1,0.7079227
1,0,0,0.34486923
1,1,0,0.4740481
1,1,1,0.7502724
1,0,0,0.4544948
1,0,1,0.5475776
1,0,1,0.55885607
1,0,0,0.038029227
1,0,1,0.59376967
1,1,1,0.7355758
1,0,0,0.3364841
1,1,1,0.8531016
1,1,0,0.46958038
1,1,1,0.5326636
1,1,1,0.7328103
1,0,1,0.5805597
1,1,1,0.58372015
1,1,1,0.8538543
1,1,1,0.6709309
1,1,1,0.6152716
1,0,0,0.29621354
1,0,1,0.81396836
1,0,1,0.62314683
1,0,1,0.79657835
1,1,1,0.7266648
1,1,1,0.8348113
1,0,1,0.6579449
1,1,1,0.64145607
1,1,0,0.46857485
1,0,0,0.355279
1,1,0,0.42769656
1,0,0,0.33395815
1,0,0,0.48380363
1,1,0,0.41747275
1,1,1,0.87016654
1,1,1,0.5373747
1,1,1,0.5438824
1,1,1,0.56152505
1,1,1,0.62517583
1,0,1,0.6812026
1,0,1,0.63484216
1,0,1,0.7194377
1,0,1,0.6404097
1,1,0,0.3669999
1,0,0,0.18187308
1,1,1,0.7289494
1,1,0,0.38862523
1,1,1,0.8570965
1,0,0,0.19075853
1,0,0,0.3641024
1,0,1,0.63803905
1,0,0,0.17844866
1,1,0,0.3465413
1,1,1,0.5451317
1,1,1,0.58140725
1,0,0,0.3672815
1,1,1,0.74580985
1,0,0,0.30689
1,1,1,0.78782547
1,1,1,0.80242455
1,1,1,0.6411567
1,1,1,0.6776467
1,0,1,0.6300319
1,0,0,0.21615592
1,0,0,0.39625305
1,1,1,0.5569226
1,0,0,0.11506213
1,0,1,0.54779667
1,0,0,0.37181672
1,0,0,0.106155016
1,1,1,0.6847446
1,1,0,0.37322912
1,0,0,0.16966248
1,0,0,0.35931653
1,0,0,0.39843518
1,0,0,0.07400839
1,1,1,0.5850743
1,1,1,0.5012856
1,1,1,0.8825984
1,0,1,0.58071554
1,1,1,0.7587698
1,0,0,0.3179753
1,1,1,0.6119023
1,0,0,0.42298636
1,1,1,0.7406134
1,0,1,0.5528753
1,0,0,0.36720374
1,0,0,0.045479476
1,1,1,0.7673921
1,0,0,0.49469018
1,1,0,0.38129452
1,0,1,0.5694573
1,0,0,0.43259636
1,1,1,0.8232172
1,0,1,0.6636427
1,1,1,0.884596
1,1,0,0.46398935
1,0,0,0.35771176
1,0,0,0.21663313
1,1,0,0.32826346
1,0,1,0.55275655
1,0,1,0.5940188
1,1,1,0.6685844
1,1,1,0.7119065
1,1,1,0.61479867
1,0,1,0.55727106
1,0,1,0.5277554
1,0,1,0.67390764
1,1,1,0.9159494
1,0,1,0.800308
1,1,1,0.7450192
1,0,1,0.7591845
1,1,1,0.67707646
1,0,1,0.6764975
1,1,1,0.86899036
1,0,1,0.6924642
1,1,1,0.5758681
1,0,1,0.5089834
1,1,1,0.85053396
1,1,1,0.71289206
1,0,1,0.6439284
1,0,1,0.8516179
1,1,1,0.8379443
1,0,1,0.67883223
1,0,1,0.7522021
1,1,1,0.7649879
1,0,1,0.75857246
1,0,1,0.6468497
1,1,1,0.7256369
1,1,1,0.8057313
1,0,0,0.37142205
1,1,0,0.2395815
1,1,0,0.35042068
1,0,0,0.40519768
1,0,1,0.5385612
1,1,0,0.34765723
1,0,0,0.120959036
1,0,0,0.2254716
1,1,0,0.38214287
1,0,0,0.37209123
1,1,1,0.62380505
1,1,0,0.3366001
1,1,1,0.8824967
1,0,0,0.38408193
1,0,0,0.46184862
1,0,0,0.26476428
1,1,1,0.88959926
1,1,0,0.31503424
1,0,0,0.432857
1,1,1,0.6572762
1,1,1,0.68558663
1,1,1,0.59158874
1,0,0,0.30434492
1,0,0,0.277953
1,0,0,0.2550007
1,1,1,0.6225407
1,0,0,0.3207876
1,0,0,0.49083373
1,1,1,0.7279346
1,0,0,0.29417247
1,1,1,0.70844954
1,1,1,0.9093346
1,1,1,0.59427
1,0,1,0.64651215
1,1,1,0.73151577
1,0,0,0.3703833
1,1,1,0.838053
1,0,1,0.8789129
1,0,1,0.57280546
1,0,1,0.5595735
1,0,1,0.616855
1,1,1,0.70751107
1,0,0,0.24371119
1,0,0,0.46067426
1,1,1,0.6095255
1,0,1,0.8322569
1,1,1,0.75897616
1,1,0,0.09900412
1,0,1,0.54690015
1,0,0,0.19276421
1,1,1,0.8341161
1,1,0,0.47802
1,1,0,0.2061324
1,1,1,0.55087924
1,1,0,0.41679898
1,1,1,0.6306173
1,1,0,0.4480991
1,1,0,0.3965773
1,0,0,0.41485196
1,1,1,0.7957492
1,0,0,0.30592397
1,0,0,0.104109466
1,0,0,0.14029346
1,0,0,0.33229694
1,0,0,0.3368729
1,1,1,0.8198451
1,0,0,0.2650748
1,0,0,0.47928363
1,1,1,0.5277834
1,0,0,0.35854557
1,1,1,0.58571917
1,0,0,0.38550922
1,0,0,0.49180037
1,0,0,0.14529021
1,0,0,0.43388453
1,0,0,0.07924201
1,0,1,0.7459626
1,1,1,0.6017298
1,1,1,0.7475715
1,0,0,0.24936356
1,0,0,0.12117448
1,0,0,0.21372662
1,1,1,0.5689651
1,0,1,0.51502395
1,0,1,0.7745623
1,0,1,0.6442994
1,0,1,0.5470678
1,0,0,0.2231418
1,0,1,0.58823675
1,0,1,0.59545684
1,0,0,0.22640014
1,1,1,0.5968326
1,0,0,0.27571243
1,0,0,0.4081453
1,0,0,0.1793371
1,0,0,0.16870213
1,1,0,0.17870243
1,0,0,0.086166866
1,0,0,0.06706344
1,0,0,0.06873279
1,1,1,0.6687548
1,0,1,0.5884471
1,0,1,0.56994826
1,0,0,0.3884451
1,0,0,0.3636284
1,1,1,0.7417272
1,0,0,0.08328366
1,0,0,0.2522127
1,0,0,0.3104177
1,0,0,0.24408601
1,0,0,0.43774852
1,0,1,0.5908389
1,1,1,0.632552
1,0,0,0.35935426
1,0,0,0.20369042
1,1,1,0.8325976
1,0,1,0.53523904
1,0,0,0.21213572
1,1,1,0.5483058
1,0,0,0.094217755
1,1,0,0.4343241
1,0,1,0.5096406
1,1,1,0.5239953
1,1,1,0.5013422
1,0,1,0.5632893
1,0,0,0.4347145
1,1,1,0.7055924
1,1,1,0.63628083
1,1,1,0.54421407
1,0,1,0.63761866
1,0,1,0.7182566
1,0,1,0.5719626
1,1,0,0.4912433
1,0,1,0.673076
1,1,1,0.58073336
1,0,0,0.25288656
1,0,1,0.57269037
1,0,1,0.53209233
1,0,0,0.22212549
1,1,1,0.73592705
1,0,1,0.7827002
1,0,0,0.21632677
1,0,1,0.5031107
1,0,1,0.8028681
1,0,0,0.22644949
1,1,1,0.542319
1,0,0,0.46135864
1,1,0,0.11050424
1,0,0,0.16852556
1,0,0,0.26696792
1,0,0,0.46345115
1,0,1,0.6497943
1,0,0,0.29135266
1,1,0,0.49364796
1,0,1,0.60865414
1,0,0,0.35454813
1,1,1,0.7351629
1,0,1,0.5261033
1,0,1,0.6975572
1,1,0,0.38322675
1,0,1,0.6546658
1,1,1,0.66912913
1,0,0,0.13298994
1,1,1,0.8058994
1,1,0,0.48846272
1,1,1,0.57987666
1,0,1,0.52960867
1,0,0,0.09285622
1,0,0,0.062444612
1,0,0,0.31826004
1,1,1,0.80528563
1,0,1,0.69495493
1,1,0,0.41952655
1,1,0,0.38852113
1,0,0,0.2708765
1,0,0,0.19275281
1,0,1,0.5509291
1,1,0,0.42687607
1,0,0,0.07502387
1,0,0,0.3130206
1,1,1,0.6720561
1,0,0,0.23557833
1,0,0,0.06183383
1,0,0,0.049295783
1,1,1,0.77399915
1,1,1,0.53396416
1,0,0,0.4560491
1,1,1,0.7311293
1,1,0,0.30914727
1,0,0,0.43728146
1,1,1,0.5770008
1,1,1,0.5849788
1,1,1,0.55405986
1,0,1,0.5719757
1,0,0,0.27747893
1,0,0,0.22423893
1,0,0,0.41060033
1,0,1,0.5113314
1,1,1,0.7215779
1,0,0,0.47705942
1,1,1,0.69330823
1,1,1,0.7321585
1,0,1,0.71231526
1,0,0,0.30045328
1,0,0,0.34563845
1,0,0,0.09663573
1,1,0,0.2899496
1,1,0,0.26634508
1,0,0,0.070236124
1,0,1,0.6660537
1,0,0,0.39231813
1,1,0,0.41832408
1,0,1,0.5792832
1,1,1,0.74327505
1,0,0,0.3395863
1,1,0,0.32715735
1,0,0,0.48302567
1,1,0,0.44742328
1,1,1,0.70041823
1,0,0,0.39827895
1,1,1,0.6659197
1,0,0,0.44872934
1,1,1,0.73781174
1,1,1,0.5780549
1,0,1,0.56647193
1,0,0,0.09366015
1,1,1,0.67164546
1,0,0,0.43496633
1,0,1,0.5548908
1,1,1,0.5991917
1,1,1,0.53680825
1,0,0,0.3797728
1,1,0,0.30366245
1,0,1,0.7292583
1,0,0,0.06366566
1,0,1,0.5870496
1,0,0,0.34924355
1,0,1,0.5012858
1,1,1,0.50991845
1,1,0,0.45527187
1,0,0,0.06285775
1,1,1,0.57771814
1,1,0,0.19144279
1,0,1,0.556589
1,0,1,0.51375395
1,1,1,0.51103014
1,0,0,0.07792725
1,1,1,0.87109125
1,1,1,0.7247319
1,1,1,0.7698423
1,1,1,0.8132045
1,0,0,0.29522946
1,1,1,0.6810323
1,0,1,0.72707933
1,0,0,0.052331332
1,0,1,0.8226149
1,0,1,0.57278705
1,0,0,0.23990339
1,1,1,0.6886279
1,0,1,0.6018523
1,0,0,0.06841196
1,1,1,0.7072875
1,1,1,0.77435815
1,0,0,0.1706818
1,0,1,0.6454264
1,1,1,0.6420577
1,0,0,0.30782843
1,0,0,0.23956564
1,0,0,0.4109956
1,1,1,0.81241727
1,0,0,0.43733355
1,0,1,0.51435804
1,1,1,0.71557164
1,1,1,0.82133675
1,0,1,0.8987123
1,0,1,0.7504676
1,1,1,0.8151296
1,0,1,0.6210184
1,1,0,0.48834032
1,0,0,0.33727401
1,1,1,0.6394818
1,0,0,0.29577354
1,0,0,0.3192606
1,1,1,0.7062656
1,0,0,0.26570854
1,0,0,0.0781171
1,0,0,0.4302104
1,0,0,0.21336174
1,0,0,0.16115625
1,0,0,0.31201842
1,1,1,0.6485423
1,1,1,0.75520813
1,0,1,0.6218763
1,1,0,0.4667038
1,0,0,0.41488764
1,1,1,0.64572924
1,0,0,0.37601024
1,1,0,0.4535275
1,1,1,0.9105501
1,1,1,0.56684166
1,1,1,0.65636605
1,0,1,0.70654404
1,0,0,0.32304636
1,1,1,0.868896
1,1,1,0.6416831
1,1,1,0.5757312
1,0,0,0.1928641
1,0,0,0.41696006
1,0,0,0.17136182
1,0,1,0.5765941
1,1,1,0.93192756
1,1,1,0.7025894
1,1,1,0.66932046
1,0,0,0.39032665
1,1,0,0.37068757
1,1,1,0.5687729
1,0,1,0.58569795
1,0,0,0.36851487
1,0,1,0.54831535
1,0,1,0.5205535
1,1,1,0.6936774
1,1,0,0.31232357
1,0,1,0.6629629
1,0,1,0.6978917
1,0,1,0.6146698
1,0,0,0.058427803
1,1,1,0.87795454
1,1,1,0.7791849
1,1,1,0.628811
1,0,1,0.528039
1,0,0,0.33871436
1,1,1,0.7356609
1,0,1,0.6960191
1,0,0,0.4278117
1,1,1,0.7174506
1,0,1,0.67214596
1,1,1,0.7385074
1,0,1,0.5092056
1,0,1,0.7761435
1,0,0,0.17747292
1,1,1,0.67139727
1,0,1,0.5684675
1,0,1,0.7885337
1,0,0,0.20179544
1,0,0,0.09677942
1,1,1,0.82173854
1,1,0,0.17757796
1,0,1,0.69962925
1,0,1,0.7287074
1,0,1,0.7501558
1,1,1,0.8171817
1,1,1,0.6662815
1,0,0,0.39813346
1,0,1,0.5024514
1,0,0,0.3432199
1,0,0,0.36513165
1,0,0,0.06794813
1,0,1,0.57995456
1,0,0,0.48759273
1,0,0,0.34273955
1,0,1,0.75259274
1,1,1,0.71430886
1,1,1,0.7329338
1,1,1,0.692509
1,1,1,0.71329033
1,1,1,0.6946378
1,1,1,0.7539502
1,1,1,0.69111496
1,1,1,0.72966725
1,1,1,0.7039844
1,1,1,0.717589
1,1,1,0.6741686
1,1,1,0.6528815
1,1,1,0.6982478
1,1,1,0.74543816
1,1,1,0.6796522
1,1,1,0.7508318
1,1,1,0.94067705
1,0,0,0.3330333
1,0,1,0.53935885
1,0,1,0.5355742
1,1,1,0.6825645
1,1,1,0.7506562
1,0,1,0.50613254
1,1,0,0.3996495
1,1,1,0.6095233
1,0,0,0.22841418
1,0,0,0.4955444
1,0,0,0.079793915
1,0,0,0.12444865
1,1,0,0.22338106
1,1,0,0.42578754
1,1,1,0.5739974
1,0,1,0.5480112
1,1,0,0.08405299
1,0,0,0.051125225
1,0,0,0.15667494
1,0,0,0.04389129
1,0,0,0.41944268
1,0,0,0.14635026
1,0,1,0.69561017
1,0,0,0.049804196
1,1,1,0.54691046
1,1,1,0.76178944
1,1,1,0.7878105
1,0,1,0.7524862
1,0,1,0.73188066
1,1,1,0.6995382
1,0,1,0.54968876
1,0,0,0.30192387
1,0,0,0.12597735
1,1,1,0.71438915
1,0,1,0.6902062
1,0,0,0.08361794
1,0,1,0.78640175
1,0,1,0.77608055
1,0,1,0.7815735
1,1,1,0.6915052
1,0,1,0.66912544
1,1,1,0.7982097
1,0,1,0.7018828
1,0,1,0.6140478
1,1,1,0.7070068
1,1,1,0.62570125
1,0,0,0.34974578
1,1,1,0.80453193
1,1,1,0.5857396
1,1,1,0.69379365
1,0,1,0.5185855
1,1,1,0.52964985
1,1,0,0.4368018
1,1,1,0.51250076
1,1,1,0.54216784
1,1,0,0.41904822
1,0,0,0.2358964
1,0,1,0.67325103
1,0,0,0.15970732
1,1,0,0.4097901
1,0,1,0.5267676
1,0,1,0.56791985
1,1,1,0.8109228
1,0,1,0.7176557
1,0,0,0.42444098
1,1,1,0.7692383
1,0,1,0.76963645
1,0,1,0.8500395
1,1,1,0.7844848
1,0,1,0.71307796
1,1,1,0.80054224
1,1,1,0.7880931
1,0,1,0.756707
1,1,1,0.8961156
1,0,1,0.698527
1,1,1,0.5304283
1,0,0,0.31722522
1,1,1,0.6269259
1,0,1,0.8305342
1,1,1,0.70907664
1,0,0,0.39366007
1,0,0,0.11896987
1,0,1,0.7295918
1,1,1,0.84092057
1,0,1,0.55507195
1,1,1,0.6537107
1,0,1,0.65136844
1,1,1,0.5645211
1,0,0,0.43544203
1,0,1,0.64778674
1,0,1,0.6250273
1,1,0,0.41289407
1,1,1,0.8374149
1,0,1,0.52298546
1,0,1,0.6552782
1,0,1,0.7700897
1,1,1,0.7218427
1,0,1,0.6700113
1,0,1,0.656009
1,0,0,0.4546243
1,0,0,0.09462365
1,1,1,0.74355036
1,1,0,0.4680463
1,1,1,0.6069423
1,1,1,0.934948
1,1,1,0.64554214
1,0,0,0.19080767
1,0,0,0.11466471
1,1,0,0.44949743
1,1,1,0.6539163
1,0,1,0.549524
1,1,1,0.78826225
1,1,1,0.6313436
1,1,1,0.70349777
1,0,0,0.4459941
1,0,0,0.46421975
1,0,0,0.16897504
1,0,0,0.31359962
1,0,1,0.8947133
1,1,1,0.6513025
1,1,1,0.8849244
1,0,0,0.26143864
1,0,1,0.62228036
1,0,1,0.60169256
1,1,1,0.7151177
1,1,0,0.4666902
1,1,1,0.77733463
1,1,1,0.8174354
1,1,1,0.715452
1,1,1,0.87252724
1,0,0,0.17861184
1,0,0,0.17059249
1,0,0,0.04375599
1,0,1,0.65332633
1,0,0,0.22404018
1,0,0,0.30631852
1,0,0,0.20489265
1,0,1,0.8011155
1,1,0,0.39699706
1,1,1,0.8895227
1,0,0,0.40710142
1,0,0,0.24426934
1,1,0,0.43124512
1,1,1,0.6363958
1,0,0,0.2246371
1,1,0,0.45039085
1,0,0,0.41612986
1,1,0,0.32301176
1,0,1,0.54094756
1,1,0,0.45337042
1,1,0,0.2627233
1,1,1,0.75477827
1,1,1,0.9199276
1,0,0,0.35428137
1,1,1,0.7005651
1,1,1,0.5667019
1,0,0,0.48681426
1,1,0,0.20186843
1,0,1,0.5208043
1,0,0,0.22925507
1,1,1,0.7390923
1,1,1,0.5727318
1,0,0,0.3874412
1,1,1,0.5484772
1,0,0,0.43096715
1,1,1,0.7797839
1,0,1,0.63769394
1,0,1,0.6201985
1,0,1,0.8291084
1,1,1,0.8038914
1,1,1,0.7422155
1,0,0,0.46684614
1,1,1,0.7454008
1,1,0,0.39026394
1,1,1,0.8122035
1,1,1,0.73509544
1,0,0,0.09222099
1,1,0,0.38492578
1,1,1,0.856352
1,0,0,0.093392454
1,0,0,0.059857
1,1,1,0.918837
1,1,1,0.5635246
1,1,1,0.6649955
1,0,0,0.23916194
1,0,0,0.314839
1,1,1,0.51777303
1,1,1,0.8811172
1,1,1,0.62180406
1,0,0,0.16721535
1,1,1,0.7093577
1,0,0,0.34487107
1,0,1,0.6677896
1,0,0,0.04829065
1,0,0,0.38901296
1,1,1,0.63594115
1,1,0,0.49607152
1,0,0,0.39682618
1,1,0,0.32437834
1,1,0,0.29666466
1,1,0,0.34726152
1,1,1,0.56409955
1,1,0,0.2577865
1,0,0,0.22575414
1,0,0,0.13565616
1,1,1,0.5082317
1,0,0,0.4802139
1,0,0,0.37152427
1,0,0,0.30996642
1,1,0,0.429224
1,0,0,0.19227588
1,1,1,0.7191163
1,0,0,0.2240861
1,0,0,0.14520887
1,0,1,0.52353024
1,0,0,0.2610209
1,0,1,0.59238
1,1,0,0.4830287
1,1,1,0.50869864
1,0,1,0.5002706
1,1,1,0.76677
1,1,1,0.5601158
1,0,0,0.42240402
1,1,1,0.7986012
1,0,1,0.5065386
1,0,0,0.117144994
1,1,1,0.72223336
1,1,1,0.71352184
1,1,0,0.4792707
1,0,0,0.20518033
1,1,1,0.5560283
1,1,1,0.7357246
1,0,0,0.41682497
1,0,1,0.51407343
1,0,1,0.7086116
1,0,0,0.10476279
1,1,1,0.6668594
1,0,0,0.15266238
1,0,1,0.7370201
1,0,1,0.8076591
1,1,1,0.62684095
1,1,1,0.8537131
1,0,1,0.7311906
1,0,0,0.450731
1,1,1,0.52258
1,1,1,0.74271697
1,1,0,0.45955268
1,0,0,0.18070485
1,1,1,0.7703721
1,0,1,0.51852703
1,0,0,0.36766553
1,0,0,0.46423823
1,0,1,0.68947804
1,0,1,0.72521913
1,1,1,0.7907532
1,1,1,0.51279163
1,0,0,0.48440802
1,0,0,0.10434705
1,1,1,0.8654476
1,1,1,0.5272329
1,0,0,0.06504633
1,0,0,0.062164377
1,1,1,0.62408096
1,1,1,0.7699312
1,0,1,0.66130525
1,1,1,0.5739038
1,1,1,0.5798747
1,0,0,0.48117638
1,1,1,0.5098331
1,0,1,0.55160207
1,1,1,0.63526106
1,0,1,0.5416612
1,1,0,0.34540272
1,0,1,0.6246046
1,0,1,0.61103904
1,0,1,0.76705843
1,0,0,0.2638052
1,0,0,0.11567009
1,0,0,0.20123522
1,1,1,0.5404396
1,0,0,0.35522678
1,1,1,0.642798
1,0,1,0.58516765
1,0,1,0.5039535
1,1,1,0.7335122
1,1,1,0.5413928
1,0,1,0.536659
1,0,0,0.45307255
1,1,1,0.6684464
1,1,1,0.6712615
1,1,1,0.78827345
1,0,1,0.5225568
1,0,0,0.1702118
1,0,1,0.5366225
1,1,1,0.84085447
1,0,0,0.30362737
1,0,0,0.49904928
1,1,1,0.8669503
1,0,0,0.39241686
1,1,1,0.89670604
1,1,1,0.86691916
1,1,0,0.4490118
1,0,1,0.5039206
1,0,1,0.7155791
1,0,1,0.5289952
1,0,1,0.672076
1,0,1,0.5596982
1,1,0,0.41938376
1,1,1,0.63637483
1,1,0,0.339176
1,0,0,0.44420546
1,1,0,0.14899999
1,1,1,0.5444089
1,1,1,0.64290124
1,0,0,0.13860789
1,0,0,0.43782628
1,0,0,0.13024671
1,1,1,0.67339873
1,1,0,0.38564965
1,1,1,0.6825267
1,1,0,0.43298954
1,1,0,0.47900385
1,1,0,0.3335406
1,1,1,0.8103532
1,1,0,0.45041803
1,1,1,0.69024986
1,1,1,0.5685973
1,1,1,0.7724647
1,1,1,0.62485796
1,1,1,0.5848007
1,1,1,0.7343995
1,1,1,0.70606434
1,0,0,0.4113447
1,1,0,0.44846138
1,1,1,0.7835012
1,1,1,0.6969637
1,0,0,0.37454614
1,1,1,0.8633476
1,1,1,0.64326453
1,1,1,0.640129
1,1,1,0.5852143
1,1,0,0.13927868
1,1,1,0.5523683
1,0,0,0.3099498
1,0,1,0.55643284
1,1,1,0.7341999
1,0,0,0.4811428
1,1,1,0.5328717
1,0,0,0.283284
1,1,1,0.7625772
1,0,1,0.5111715
1,1,0,0.30522168
1,0,0,0.2989503
1,0,1,0.5211661
1,1,1,0.5294721
1,0,0,0.28073114
1,0,0,0.41302773
1,0,1,0.50409037
1,1,0,0.4940797
1,0,0,0.26495263
1,1,1,0.56387115
1,0,1,0.65065414
1,0,1,0.6343777
1,1,0,0.42354295
1,1,1,0.87663466
1,1,1,0.6228616
1,1,0,0.33539125
1,0,0,0.32198513
1,0,0,0.12581222
1,0,1,0.67730445
1,0,0,0.05604275
1,1,1,0.5345843
1,1,1,0.6578964
1,1,0,0.37132704
1,1,1,0.64546144
1,0,1,0.6222887
1,0,0,0.20235242
1,0,0,0.23825526
1,0,0,0.09465551
1,0,0,0.15055099
1,1,0,0.33387536
1,0,0,0.26713446
1,1,0,0.3249217
1,0,1,0.66682583
1,1,0,0.19788209
1,0,0,0.48976198
1,1,0,0.36230633
1,1,0,0.46496427
1,1,1,0.5897241
1,1,1,0.5932916
1,1,0,0.38620564
1,0,1,0.70854634
1,1,0,0.4316432
1,0,1,0.61769325
1,1,0,0.33287925
1,1,0,0.37355995
1,1,1,0.5735447
1,0,1,0.6209737
1,0,0,0.10531864
1,0,1,0.57919157
1,1,1,0.8764142
1,0,0,0.35430637
1,0,1,0.7793711
1,1,1,0.560204
1,1,1,0.59546494
1,0,0,0.49588948
1,0,0,0.3378452
1,1,1,0.6576931
1,0,0,0.3951201
1,1,1,0.64929086
1,1,1,0.69205195
1,1,0,0.24501492
1,1,1,0.744769
1,1,0,0.479071
1,0,0,0.16516729
1,0,1,0.53146863
1,1,1,0.58899254
1,0,1,0.7151834
1,1,1,0.88987416
1,1,1,0.8659243
1,0,1,0.5685354
1,1,1,0.70340794
1,0,1,0.6260067
1,0,1,0.5149787
1,0,0,0.3422645
1,0,1,0.7479646
1,0,1,0.68703645
1,1,1,0.54563475
1,1,1,0.58855456
1,0,0,0.11398098
1,0,0,0.2717622
1,0,0,0.37309262
1,1,1,0.57565314
1,0,1,0.6167964
1,1,1,0.5106155
1,1,1,0.8370446
1,1,1,0.7350059
1,0,1,0.73285836
1,1,1,0.7941987
1,1,0,0.23362406
1,0,0,0.4309541
1,1,1,0.5669869
1,0,1,0.5913798
1,1,1,0.7783535
1,1,1,0.55868727
1,1,0,0.49732584
1,0,0,0.07582879
1,1,0,0.3032019
1,0,0,0.060599387
1,0,1,0.6316314
1,0,1,0.7038807
1,0,0,0.10160773
1,1,1,0.64677995
1,0,1,0.5492456
1,0,1,0.546829
1,0,0,0.20303425
1,0,0,0.27644017
1,0,0,0.2513899
1,1,1,0.6318496
1,0,1,0.6162557
1,0,0,0.29759163
1,1,1,0.7009312
1,0,0,0.32038048
1,1,0,0.4798648
1,1,1,0.7249111
1,0,0,0.3078671
1,0,0,0.29355055
1,1,1,0.650566
1,0,1,0.5849303
1,0,0,0.040581826
1,1,1,0.6191691
1,1,0,0.22451814
1,1,1,0.78193253
1,0,0,0.44875675
1,0,0,0.22086678
1,1,0,0.31118378
1,1,1,0.7626562
1,1,1,0.78487474
1,0,0,0.30190364
1,0,1,0.5251691
1,1,1,0.58391106
1,1,1,0.6406715
1,0,0,0.48123184
1,0,1,0.68962127
1,1,1,0.87306666
1,0,0,0.4824681
1,0,1,0.74810064
1,0,1,0.5065526
1,0,0,0.23498994
1,1,1,0.7203419
1,1,1,0.6868565
1,1,0,0.39405587
1,1,1,0.8624853
1,0,0,0.08056346
1,0,0,0.13808861
1,1,1,0.72087926
1,1,1,0.635771
1,0,0,0.22742556
1,0,1,0.5152052
1,0,0,0.1665297
1,0,0,0.18994895
1,1,1,0.70190406
1,0,0,0.48143563
1,1,1,0.7010565
1,1,1,0.68528837
1,1,1,0.5468535
1,0,1,0.65727717
1,0,0,0.3623391
1,1,1,0.75834846
1,1,1,0.5483285
1,0,0,0.4668601
1,1,0,0.48445064
1,1,0,0.4033604
1,1,1,0.7887022
1,1,1,0.69655377
1,1,1,0.7001885
1,0,1,0.70613056
1,1,1,0.65942407
1,1,1,0.72977585
1,0,1,0.5698125
1,1,1,0.8413806
1,0,0,0.45359153
1,0,0,0.3069741
1,1,1,0.85918665
1,1,1,0.664808
1,1,1,0.8019742
1,0,0,0.343177
1,0,1,0.5862766
1,1,1,0.78422904
1,0,0,0.29071137
1,1,1,0.83789814
1,1,0,0.4280275
1,0,0,0.37482747
1,0,0,0.29683
1,0,1,0.6343131
1,1,0,0.4234493
1,0,0,0.46365774
1,1,1,0.6366284
1,0,1,0.6638307
1,0,1,0.68860984
1,1,1,0.8212422
1,0,0,0.42204303
1,0,1,0.51624155
1,1,1,0.6034319
1,1,0,0.49551323
1,0,0,0.4000096
1,0,0,0.29034704
1,0,0,0.4124377
1,0,0,0.291767
1,0,0,0.32677335
1,0,0,0.3857465
1,1,1,0.593804
1,0,1,0.64531785
1,0,0,0.4061136
1,0,0,0.343019
1,1,0,0.26076648
1,1,1,0.5887815
1,1,1,0.7079636
1,1,1,0.533676
1,1,1,0.5123759
1,1,1,0.5514849
1,0,0,0.48711678
1,1,0,0.40416658
1,1,1,0.60768354
1,1,1,0.7133662
1,1,0,0.42748263
1,1,0,0.35920295
1,0,1,0.57804066
1,1,1,0.82949513
1,1,1,0.544549
1,1,0,0.29983833
1,1,0,0.35598543
1,1,0,0.39218816
1,0,0,0.23206611
1,1,0,0.09600103
1,0,0,0.35555568
1,0,1,0.55451024
1,0,0,0.10345686
1,0,0,0.42281547
1,0,0,0.30547264
1,0,0,0.3515189
1,0,0,0.3211633
1,0,0,0.40228984
1,1,0,0.42235917
1,0,1,0.5761877
1,0,0,0.4826954
1,0,1,0.50827587
1,1,0,0.33391315
1,0,0,0.19758232
1,0,0,0.4064046
1,1,0,0.4396898
1,1,1,0.5981683
1,1,1,0.66053164
1,0,0,0.32428867
1,0,1,0.61520517
1,0,1,0.7017838
1,1,1,0.6313013
1,0,0,0.26847246
1,1,1,0.61906177
1,1,1,0.7374757
1,1,1,0.69451535
1,0,0,0.36356533
1,1,1,0.55346733
1,1,1,0.63195956
1,0,0,0.19560367
1,0,1,0.70178765
1,0,0,0.37772414
1,1,1,0.5725391
1,0,1,0.50752294
1,0,0,0.06038751
1,0,1,0.5208443
1,1,1,0.5269486
1,0,0,0.38285
1,0,1,0.7907239
1,0,0,0.42949677
1,1,1,0.7916988
1,0,0,0.108271815
1,1,1,0.75072265
1,0,0,0.36747056
1,0,1,0.7060905
1,1,1,0.74995124
1,1,1,0.7550449
1,1,1,0.65518147
1,1,0,0.32830647
1,0,0,0.28685394
1,1,0,0.42202494
1,1,0,0.3258519
1,1,0,0.4703021
1,0,0,0.114296585
1,0,0,0.31535503
1,0,0,0.3380952
1,0,1,0.5145743
1,1,1,0.8294417
1,0,0,0.41996107
1,0,0,0.18367177
1,1,1,0.6838223
1,1,1,0.80524564
1,0,1,0.7535904
1,0,1,0.56540835
1,0,1,0.75002444
1,1,1,0.58207875
1,0,0,0.42310503
1,0,1,0.5621623
1,0,1,0.7130884
1,1,0,0.4446583
1,0,0,0.35216138
1,0,1,0.6604738
1,0,0,0.38860598
1,1,0,0.4884279
1,0,0,0.4108064
1,1,0,0.32515416
1,0,1,0.5684081
1,1,1,0.6184563
1,0,0,0.36902964
1,1,0,0.4885427
1,0,0,0.18453388
1,1,1,0.6111568
1,1,1,0.5301762
1,1,0,0.3485444
1,0,0,0.1286746
1,1,1,0.7440809
1,1,1,0.57665336
1,1,0,0.36374462
1,1,1,0.6624454
1,0,0,0.41057444
1,0,0,0.1400639
1,0,0,0.25800374
1,0,0,0.10392199
1,0,1,0.62664074
1,1,0,0.4011337
1,0,0,0.16952139
1,1,1,0.87509555
1,1,1,0.79976416
1,1,0,0.40252244
1,1,0,0.4419963
1,0,0,0.47191688
1,1,0,0.48723185
1,0,1,0.5138132
1,1,1,0.589734
1,0,0,0.4047959
1,1,1,0.6250646
1,0,0,0.28456777
1,0,0,0.25329077
1,1,0,0.32806304
1,0,0,0.3420315
1,0,0,0.34748587
1,1,1,0.7099205
1,0,0,0.34062043
1,1,1,0.8153595
1,1,1,0.58512855
1,1,1,0.7559383
1,0,1,0.54382616
1,0,1,0.62694067
1,1,1,0.8417528
1,0,0,0.18556783
1,1,0,0.27721518
1,0,1,0.6018293
1,1,1,0.8015539
1,1,1,0.7774681
1,0,0,0.41939035
1,0,1,0.6025458
1,1,1,0.7842908
1,0,0,0.09885053
1,0,0,0.2981882
1,1,1,0.7672027
1,0,1,0.5712791
1,0,0,0.24767004
1,0,0,0.29034162
1,1,1,0.7523792
1,1,0,0.4616661
1,1,1,0.7329851
1,0,0,0.45220914
1,1,1,0.7611857
1,0,0,0.23947279
1,0,0,0.25902623
1,1,1,0.6012299
1,0,0,0.38367063
1,0,0,0.4693271
1,0,0,0.28287643
1,0,0,0.44289508
1,1,1,0.71884257
1,0,1,0.65367657
1,1,1,0.8950887
1,1,1,0.8696302
1,1,1,0.83484256
1,1,1,0.76266
1,0,1,0.5898912
1,0,0,0.19954614
1,0,1,0.6762873
1,1,0,0.26274535
1,0,0,0.27231672
1,0,0,0.19289722
1,1,0,0.47114307
1,0,0,0.41143167
1,0,1,0.59839547
1,1,0,0.170513
1,0,0,0.1635947
1,0,0,0.122887604
1,0,1,0.5452242
1,1,1,0.7134186
1,0,0,0.21096824
1,1,0,0.338677
1,1,1,0.70102453
1,1,1,0.55960846
1,1,1,0.62406915
1,0,0,0.2969734
1,0,1,0.6147032
1,1,1,0.5779269
1,1,1,0.7530688
1,1,1,0.69401044
1,0,1,0.67693615
1,0,0,0.26063335
1,1,1,0.8127937
1,0,1,0.5372407
1,0,0,0.07273668
1,0,0,0.14368646
1,1,0,0.4746819
1,0,0,0.050171398
1,1,0,0.22188745
1,1,1,0.7937685
1,0,0,0.25302356
1,0,0,0.28422523
1,1,0,0.48698035
1,0,0,0.33179337
1,0,1,0.51188165
1,0,0,0.21941589
1,0,0,0.14517616
1,0,0,0.33873266
1,1,1,0.6719824
1,1,1,0.66543096
1,1,1,0.69305176
1,1,0,0.27435803
1,0,0,0.3858796
1,1,1,0.73522925
1,1,1,0.77741474
1,0,1,0.6750603
1,1,1,0.6469283
1,1,1,0.69631314
1,1,1,0.6972472
1,0,0,0.41977918
1,1,1,0.8172485
1,0,0,0.31413305
1,1,1,0.7138469
1,1,1,0.90907806
1,1,1,0.87485206
1,0,1,0.5119057
1,0,1,0.5014717
1,0,1,0.5417874
1,1,1,0.7785524
1,1,1,0.8230758
1,1,1,0.8107498
1,0,0,0.22915137
1,1,1,0.79847354
1,1,1,0.7786603
1,0,1,0.5256091
1,1,0,0.2882838
1,0,1,0.5071064
1,0,1,0.54823226
1,1,1,0.67379165
1,1,1,0.8449233
1,0,0,0.12754658
1,0,0,0.4789657
1,1,0,0.42662078
1,0,0,0.22119354
1,0,0,0.16748385
1,0,0,0.07120804
1,1,1,0.8557221
1,1,1,0.7165121
1,1,1,0.6417006
1,1,1,0.5469519
1,1,1,0.64848596
1,1,1,0.78931564
1,0,0,0.29181442
1,1,1,0.62872213
1,0,0,0.31029454
1,1,1,0.58586806
1,0,1,0.5113177
1,1,1,0.5537255
1,1,0,0.07216356
1,0,0,0.35685456
1,1,1,0.52333176
1,0,0,0.10947833
1,0,1,0.5244038
1,1,0,0.21897133
1,0,0,0.30318224
1,1,0,0.37786666
1,0,0,0.42237836
1,0,0,0.36080003
1,1,0,0.20065828
1,0,0,0.3703153
1,0,0,0.41903895
1,0,0,0.16860414
1,0,0,0.3397765
1,0,0,0.089255884
1,1,0,0.3208055
1,0,0,0.11703691
1,0,0,0.48721048
1,1,0,0.46581239
1,0,0,0.13568969
1,0,0,0.04517349
1,0,0,0.31432194
1,0,0,0.46857345
1,1,1,0.8832833
1,1,1,0.66607356
1,0,1,0.63341206
1,1,1,0.5391337
1,1,0,0.47963694
1,0,0,0.38018376
1,1,1,0.7504367
1,1,1,0.53520495
1,0,0,0.10553509
1,0,0,0.20384713
1,1,1,0.50415903
1,0,0,0.3914585
1,0,1,0.5687287
1,1,1,0.8200223
1,1,0,0.48458204
1,1,1,0.567377
1,0,0,0.45319924
1,0,0,0.19986469
1,0,1,0.50627536
1,1,1,0.50773454
1,0,1,0.7229937
1,1,0,0.16646655
1,1,0,0.49830735
1,0,1,0.5363524
1,0,0,0.4087267
1,1,0,0.46657437
1,0,0,0.32142234
1,0,1,0.8255786
1,0,0,0.31324655
1,0,0,0.29330537
1,1,1,0.6755505
1,0,0,0.44299418
1,1,1,0.6096012
1,0,0,0.25124174
1,1,1,0.7100979
1,1,1,0.6388474
1,1,1,0.5505784
1,1,1,0.5385409
1,0,0,0.34355617
1,1,1,0.58148867
1,1,1,0.6911556
1,0,0,0.33216175
1,0,1,0.71193457
1,1,1,0.67172575
1,0,0,0.07442296
1,1,1,0.85869193
1,1,1,0.59105694
1,1,1,0.65016586
1,0,0,0.42898265
1,1,0,0.40692595
1,1,0,0.47186482
1,0,0,0.106038876
1,0,1,0.6061992
1,0,1,0.63086444
1,0,1,0.5259419
1,0,1,0.6695235
1,0,0,0.22621785
1,0,1,0.558843
1,0,0,0.32784283
1,0,1,0.7820236
1,1,0,0.4518668
1,1,1,0.77542245
1,1,1,0.56644166
1,0,0,0.27114227
1,0,1,0.79975677
1,1,0,0.2549944
1,0,0,0.18309371
1,1,0,0.42621917
1,0,0,0.3196918
1,1,1,0.83233064
1,0,1,0.58360124
1,1,1,0.7787221
1,1,1,0.7359283
1,1,1,0.72459686
1,1,1,0.6410936
1,0,1,0.6325064
1,0,0,0.39099577
1,1,1,0.6653534
1,0,1,0.5798035
1,0,0,0.24716787
1,1,1,0.5672061
1,1,1,0.788523
1,1,0,0.48274297
1,0,0,0.37523758
1,0,1,0.58760774
1,1,1,0.81535697
1,0,1,0.58239114
1,1,1,0.92583895
1,0,1,0.6422555
1,0,1,0.7075592
1,1,1,0.83774793
1,1,1,0.7932136
1,0,1,0.7086106
1,0,0,0.2695931
1,1,1,0.7450867
1,0,0,0.4873249
1,1,1,0.83864737
1,0,0,0.42393157
1,0,0,0.26023275
1,1,1,0.8949215
1,1,1,0.7763492
1,0,0,0.47539958
1,0,0,0.13751878
1,0,0,0.09203127
1,0,0,0.098483466
1,1,1,0.80415475
1,1,1,0.8604023
1,0,0,0.12865765
1,1,1,0.80233634
1,0,0,0.23761888
1,1,1,0.7560671
1,0,0,0.32450682
1,0,0,0.21492755
1,1,1,0.793412
1,0,1,0.61719435
1,1,0,0.4498567
1,1,1,0.83323926
1,1,0,0.36588517
1,0,0,0.22906353
1,0,0,0.08282324
1,1,1,0.7904412
1,0,0,0.40889516
1,0,1,0.61918426
1,0,1,0.5908017
1,0,0,0.43165955
1,1,1,0.9208567
1,0,1,0.5348608
1,1,1,0.5051477
1,0,0,0.44718188
1,0,0,0.44001332
1,0,0,0.44754627
1,1,1,0.7346642
1,1,1,0.79041785
1,1,1,0.9014366
1,0,0,0.36553055
1,1,1,0.60777646
1,0,0,0.06915343
1,0,0,0.30404967
1,0,0,0.39837253
1,1,1,0.6859419
1,0,0,0.46814123
1,1,0,0.48177952
1,1,0,0.47093868
1,0,0,0.38996863
1,0,0,0.46752778
1,1,0,0.4136192
1,0,1,0.69888246
1,0,0,0.24686909
1,0,0,0.05881639
1,1,0,0.28915122
1,1,1,0.658323
1,0,0,0.36126783
1,1,1,0.91687614
1,1,1,0.7676752
1,1,0,0.46776104
1,0,1,0.5976652
1,1,1,0.5052392
1,0,1,0.9053223
1,1,0,0.47749165
1,0,0,0.43010396
1,1,1,0.58522606
1,1,1,0.7407283
1,0,0,0.208435
1,1,1,0.7570917
1,0,0,0.43564373
1,1,1,0.7198957
1,1,1,0.5774871
1,1,1,0.67871046
1,1,0,0.3867643
1,1,1,0.73373234
1,1,1,0.6325518
1,1,1,0.572094
1,0,0,0.43682978
1,1,1,0.73371
1,1,1,0.5182898
1,1,1,0.6019056
1,0,0,0.399575
1,1,1,0.5596244
1,1,1,0.5321528
1,1,1,0.7063425
1,0,0,0.41306144
1,0,1,0.69499564
1,0,0,0.04935817
1,0,0,0.38944143
1,0,0,0.4424399
1,0,1,0.66017175
1,1,0,0.4786486
1,1,1,0.89441925
1,1,0,0.38249713
1,0,0,0.3843851
1,0,0,0.471664
1,0,1,0.5215323
1,1,1,0.65241086
1,1,1,0.55589366
1,0,1,0.5672488
1,0,0,0.14757782
1,0,1,0.50879806
1,1,1,0.5461841
1,0,0,0.26972485
1,1,1,0.6313269
1,0,0,0.09666071
1,0,0,0.342416
1,1,1,0.61012053
1,0,0,0.3246258
1,0,0,0.09863008
1,1,1,0.6923264
1,1,0,0.38900572
1,1,1,0.67250556
1,1,1,0.7093102
1,1,1,0.80645853
1,0,0,0.055793226
1,1,1,0.742757
1,1,1,0.77828586
1,1,1,0.7448218
1,0,1,0.50495666
1,0,0,0.3317696
1,0,0,0.109620415
1,0,0,0.060975835
1,1,1,0.8009256
1,0,1,0.5255389
1,0,1,0.61027426
1,0,1,0.5017704
1,1,0,0.32258213
1,1,1,0.9258473
1,1,1,0.62748545
1,0,0,0.45502898
1,1,0,0.46096054
1,0,1,0.6235816
1,1,1,0.6136044
1,0,0,0.40789402
1,1,1,0.76996636
1,1,0,0.09256149
1,0,0,0.38075024
1,0,0,0.11229138
1,0,0,0.080262
1,1,1,0.8122056
1,0,0,0.432794
1,1,1,0.61604685
1,1,1,0.5787752
1,1,1,0.6881961
1,0,0,0.40769687
1,0,1,0.6866784
1,1,0,0.43120334
1,1,1,0.73823416
1,1,1,0.5314378
1,1,1,0.7502112
1,1,1,0.8237711
1,1,1,0.6391056
1,1,0,0.29524615
1,0,0,0.13701913
1,1,1,0.519968
1,0,1,0.5839633
1,1,0,0.44677505
1,1,0,0.48193198
1,1,0,0.3619431
1,0,0,0.33482352
1,0,0,0.16246793
1,0,0,0.09934213
1,0,0,0.46268916
1,1,1,0.81030166
1,0,0,0.18667363
1,0,0,0.12749071
1,0,1,0.52918446
1,0,1,0.7254054
1,0,0,0.055972442
1,1,1,0.6270481
1,1,1,0.84319526
1,1,1,0.64591694
1,1,0,0.4754909
1,1,1,0.8402046
1,1,1,0.78828126
1,1,1,0.7031624
1,0,0,0.15404779
1,1,1,0.70352083
1,0,0,0.34218463
1,0,0,0.18808028
1,0,0,0.41440076
1,1,1,0.77660304
1,0,0,0.34231678
1,0,0,0.41723192
1,1,1,0.8088593
1,1,0,0.20826341
1,0,0,0.4199633
1,1,1,0.61393046
1,0,0,0.1480588
1,1,1,0.8194622
1,0,0,0.22939594
1,0,1,0.82533294
1,0,0,0.20433208
1,0,0,0.28005502
1,1,1,0.8423172
1,0,0,0.06903474
1,0,1,0.55373967
1,0,0,0.22078562
1,0,1,0.6485568
1,1,1,0.8264912
1,0,0,0.3526083
1,0,0,0.3231715
1,1,1,0.7411514
1,0,1,0.53144395
1,1,1,0.7597942
1,1,1,0.5669002
1,0,1,0.56654054
1,0,1,0.50908566
1,1,1,0.6184003
1,1,1,0.66510826
1,1,1,0.73912007
1,0,0,0.4860723
1,0,0,0.4602787
1,0,0,0.17704716
1,1,1,0.68805367
1,1,1,0.84174395
1,0,1,0.6491749
1,0,0,0.096684955
1,1,0,0.3456249
1,0,1,0.69135416
1,1,1,0.7842445
1,0,0,0.3788615
1,0,0,0.17399052
1,0,0,0.47169444
1,1,1,0.53329647
1,1,1,0.91080034
1,0,0,0.1993908
1,1,1,0.8422029
1,0,0,0.39883208
1,0,0,0.12719429
1,0,0,0.034475245
1,1,1,0.7160123
1,0,1,0.7763556
1,1,0,0.38477844
1,1,1,0.67054075
1,0,0,0.41722196
1,0,0,0.3569505
1,0,0,0.4237948
1,1,1,0.5993225
1,1,1,0.82433414
1,1,1,0.54560566
1,1,0,0.29666427
1,1,1,0.573088
1,0,1,0.7395416
1,1,1,0.59401673
1,1,1,0.60841244
1,0,1,0.8582274
1,1,1,0.91692877
1,1,1,0.8391965
1,1,0,0.419582
1,0,0,0.10533886
1,1,0,0.2690068
1,0,1,0.6824151
1,0,0,0.1050312
1,0,0,0.07478868
1,0,1,0.5751018
1,1,1,0.5457242
1,1,0,0.19456078
1,1,1,0.7710256
1,1,1,0.7021172
1,1,1,0.8884197
1,0,0,0.24874356
1,1,1,0.715897
1,0,1,0.6818788
1,1,0,0.27372065
1,1,1,0.825322
1,1,1,0.6271325
1,1,1,0.8054339
1,0,0,0.3277221
1,1,1,0.80849636
1,0,0,0.11260294
1,1,0,0.28844336
1,1,1,0.83098084
1,0,1,0.8182647
1,1,1,0.65009433
1,1,0,0.25561887
1,1,0,0.18805084
1,0,0,0.2891155
1,1,0,0.3482913
1,1,1,0.65154463
1,0,0,0.08527492
1,1,1,0.55325866
1,0,0,0.1994213
1,1,0,0.37531063
1,0,0,0.34509584
1,0,0,0.11506864
1,0,1,0.63777167
1,0,0,0.47997794
1,0,1,0.6293883
1,1,1,0.72229296
1,0,0,0.48745957
1,0,0,0.29169413
1,0,0,0.22182357
1,1,1,0.7264075
1,0,1,0.5369982
1,0,1,0.5886882
1,1,1,0.54186416
1,1,1,0.57637715
1,0,1,0.60521126
1,1,1,0.74977523
1,0,1,0.7585281
1,0,0,0.4139464
1,0,1,0.52634346
1,0,1,0.7994215
1,1,1,0.75489265
1,1,1,0.5123658
1,0,0,0.34105533
1,0,0,0.24498525
1,0,0,0.103166796
1,1,1,0.61128753
1,0,1,0.5529843
1,1,1,0.74959326
1,1,1,0.66889864
1,0,0,0.24753194
1,1,1,0.5850281
1,1,0,0.47768143
1,1,0,0.3394002
1,1,0,0.29996324
1,0,1,0.7761806
1,0,0,0.1856665
1,0,0,0.48836517
1,0,0,0.18324687
1,0,1,0.81053096
1,0,1,0.8113238
1,1,1,0.6262583
1,0,0,0.3269921
1,1,1,0.53788126
1,0,1,0.528208
1,0,0,0.24613987
1,1,1,0.6580106
1,0,0,0.109761
1,1,0,0.371699
1,0,0,0.17935601
1,1,1,0.538402
1,0,0,0.43003955
1,1,1,0.56425613
1,0,0,0.23202571
1,0,1,0.5141881
1,1,1,0.6748364
1,1,1,0.5322301
1,1,0,0.111760505
1,1,0,0.42520598
1,0,1,0.63459563
1,0,0,0.18838939
1,1,0,0.39257777
1,0,1,0.51339924
1,1,1,0.5401071
1,0,1,0.60612655
1,0,0,0.43849927
1,1,1,0.69497246
1,1,0,0.35624653
1,1,1,0.7065161
1,1,1,0.7140709
1,0,0,0.4650545
1,0,1,0.605386
1,1,0,0.4142997
1,0,1,0.64007604
1,1,1,0.6212503
1,0,1,0.5407351
1,1,1,0.55209595
1,1,1,0.7671522
1,1,0,0.49595606
1,0,1,0.75253516
1,0,0,0.26728353
1,1,1,0.6814685
1,0,0,0.29358456
1,0,1,0.7942172
1,0,1,0.5251074
1,0,0,0.33807394
1,1,1,0.67446136
1,0,0,0.32161734
1,1,1,0.71151775
1,1,1,0.77040076
1,1,1,0.5324909
1,1,1,0.75572586
1,1,1,0.7151788
1,0,0,0.48013082
1,0,0,0.44861257
1,0,1,0.570322
1,1,1,0.7207431
1,1,0,0.34985995
1,1,1,0.87664104
1,1,1,0.5138503
1,1,1,0.5331196
1,1,1,0.5472143
1,1,1,0.7075679
1,1,0,0.09190109
1,0,0,0.30181155
1,1,1,0.6610509
1,0,1,0.5964302
1,1,1,0.5150873
1,0,0,0.24148993
1,0,0,0.34057945
1,0,0,0.4751768
1,0,1,0.69987184
1,0,1,0.6650871
1,0,0,0.15486248
1,0,0,0.17725572
1,1,1,0.6667967
1,1,1,0.67988247
1,0,0,0.4783297
1,1,1,0.8620292
1,1,0,0.29921916
1,1,1,0.6267146
1,0,1,0.70465785
1,1,1,0.61250305
1,1,0,0.13784713
1,0,1,0.55697346
1,0,0,0.489236
1,1,1,0.8459244
1,1,0,0.14490433
1,1,1,0.6254571
1,0,1,0.8171241
1,0,0,0.39495903
1,1,0,0.30326828
1,0,1,0.60328954
1,0,0,0.37456518
1,0,1,0.5066818
1,0,1,0.5155353
1,0,1,0.5643912
1,0,1,0.57024455
1,1,0,0.3758643
1,1,1,0.91133994
1,1,0,0.41121516
1,0,0,0.19790687
1,0,0,0.34222865
1,1,1,0.66385865
1,0,0,0.1974663
1,0,0,0.23973398
1,1,1,0.762554
1,1,1,0.7707672
1,1,0,0.49806082
1,0,0,0.30062997
1,1,0,0.41385463
1,0,0,0.14768201
1,0,0,0.30688715
1,0,0,0.46128464
1,0,1,0.7177021
1,0,0,0.3841747
1,1,0,0.3572294
1,0,0,0.24887909
1,1,1,0.5283101
1,1,1,0.8266469
1,0,0,0.42407683
1,0,1,0.5667907
1,0,0,0.13992046
1,0,0,0.06851378
1,1,1,0.7799282
1,0,1,0.602233
1,1,1,0.79172164
1,1,1,0.740448
1,0,1,0.6541255
1,1,1,0.88069206
1,0,0,0.16807646
1,0,0,0.17707977
1,0,0,0.110053785
1,1,1,0.63442993
1,1,1,0.5567793
1,1,1,0.7714974
1,0,0,0.16540304
1,1,1,0.6388324
1,0,0,0.30132985
1,1,0,0.08612395
1,0,0,0.21308117
1,0,0,0.35316518
1,1,1,0.781009
1,1,1,0.52604145
1,1,0,0.41627118
1,0,0,0.2816336
1,0,0,0.2350761
1,1,1,0.79700893
1,1,1,0.6272739
1,1,1,0.72510505
1,0,1,0.5374571
1,1,1,0.57234913
1,1,1,0.6804031
1,0,0,0.4087764
1,0,0,0.27128184
1,1,0,0.4959354
1,1,1,0.68191737
1,1,1,0.68521345
1,0,0,0.48878145
1,0,0,0.40204838
1,0,0,0.309456
1,0,0,0.42861578
1,0,0,0.10918363
1,0,0,0.43932047
1,0,1,0.6972301
1,1,1,0.6393837
1,0,0,0.49223638
1,0,1,0.51485646
1,1,0,0.4452517
1,0,1,0.5646085
1,0,1,0.6317174
1,0,0,0.19909346
1,1,1,0.61348134
1,0,1,0.6181622
1,1,1,0.77833086
1,1,0,0.1423353
1,1,0,0.14928968
1,1,1,0.73864806
1,1,1,0.69989747
1,1,1,0.6234062
1,0,0,0.18297721
1,1,1,0.7339058
1,0,1,0.629284
1,0,1,0.5390264
1,1,1,0.58014476
1,1,1,0.764983
1,0,0,0.1871021
1,1,1,0.5021937
1,0,0,0.32148135
1,1,1,0.5940651
1,0,0,0.1624111
1,1,1,0.56198865
1,0,0,0.37284133
1,1,1,0.6986774
1,1,0,0.429765
1,1,0,0.41490388
1,1,0,0.452256
1,1,1,0.5138966
1,1,0,0.24470721
1,0,1,0.6730069
1,0,0,0.33053526
1,0,0,0.25018123
1,0,0,0.46757334
1,0,0,0.38993317
1,1,0,0.22426617
1,1,1,0.7404895
1,1,0,0.23311986
1,0,0,0.34042132
1,0,1,0.6219583
1,0,1,0.6828519
1,0,0,0.34857577
1,1,0,0.3131814
1,0,0,0.36901778
1,0,0,0.42164367
1,0,0,0.116223745
1,0,0,0.12861596
1,0,0,0.07659203
1,1,1,0.5686823
1,1,0,0.34781435
1,1,1,0.6949952
1,1,1,0.6802868
1,1,1,0.53042156
1,1,1,0.6714625
1,1,1,0.7903081
1,0,0,0.08558019
1,1,1,0.72247547
1,0,1,0.6335042
1,1,0,0.30837318
1,0,0,0.13444301
1,0,0,0.4946133
1,1,0,0.3496568
1,1,1,0.7715354
1,0,1,0.70437276
1,0,0,0.3042161
1,0,0,0.36764625
1,0,1,0.7287486
1,0,0,0.28976187
1,1,1,0.87815106
1,1,1,0.5796585
1,1,1,0.75554556
1,1,1,0.83703965
1,1,1,0.51114523
1,0,0,0.3601747
1,0,0,0.057793174
1,0,0,0.47054663
1,0,1,0.6284248
1,1,1,0.6605137
1,1,1,0.77993244
1,0,0,0.28478217
1,0,1,0.57192767
1,0,0,0.1294282
1,0,0,0.32242358
1,1,1,0.7008425
1,0,0,0.05470964
1,0,0,0.19095932
1,0,0,0.24262
1,1,1,0.6305923
1,0,0,0.11411784
1,1,1,0.5336788
1,1,1,0.8823575
1,1,1,0.56900686
1,0,0,0.3872607
1,1,1,0.85221845
1,0,0,0.14502485
1,1,1,0.85196686
1,1,1,0.8924877
1,0,1,0.5374657
1,1,1,0.8079695
1,0,1,0.6105427
1,0,1,0.6790286
1,1,1,0.6799095
1,1,0,0.40877032
1,1,0,0.3559525
1,1,1,0.63362086
1,1,0,0.31908134
1,1,1,0.7482679
1,0,1,0.73897856
1,0,0,0.31377676
1,0,1,0.72395
1,0,1,0.5195109
1,0,0,0.33531013
1,1,1,0.7304072
1,1,1,0.7613645
1,1,1,0.53368634
1,0,1,0.7654704
1,0,0,0.2905229
1,1,0,0.39843112
1,1,0,0.4362751
1,1,0,0.47767454
1,0,1,0.50281584
1,1,0,0.47857907
1,0,0,0.47165412
1,0,1,0.50041014
1,1,0,0.4266093
1,1,1,0.58223665
1,1,0,0.47022745
1,1,0,0.41646418
1,1,1,0.8170179
1,1,1,0.54224545
1,0,0,0.36387056
1,0,0,0.35327855
1,1,1,0.7889252
1,1,0,0.4729371
1,0,0,0.36968517
1,0,0,0.07033906
1,1,1,0.6829688
1,1,1,0.5594955
1,0,0,0.20890425
1,0,1,0.776598
1,0,1,0.5250533
1,1,1,0.63181984
1,1,1,0.8789462
1,0,1,0.52309346
1,1,1,0.72779495
1,1,1,0.5029604
1,0,0,0.29744092
1,1,1,0.61316556
1,0,0,0.28408143
1,1,1,0.6986903
1,0,1,0.53315514
1,0,1,0.82445526
1,1,1,0.5051477
1,0,0,0.41768828
1,0,0,0.2380518
1,1,0,0.3839705
1,0,0,0.34232518
1,0,0,0.3725576
1,0,1,0.5390163
1,1,1,0.6413044
1,1,0,0.47793117
1,0,0,0.45215216
1,1,1,0.8131605
1,1,0,0.4713221
1,1,1,0.70998627
1,1,0,0.3684952
1,0,0,0.22413476
1,0,0,0.3019304
1,0,0,0.39350742
1,1,0,0.30631852
1,0,1,0.53087586
1,0,0,0.41696337
1,1,0,0.42190933
1,1,1,0.5101233
1,1,0,0.35267788
1,1,0,0.36271107
1,1,0,0.23868372
1,1,1,0.8864298
1,0,0,0.4265311
1,1,1,0.5705543
1,1,0,0.36825135
1,0,0,0.385205
1,0,0,0.16258746
1,1,1,0.8606017
1,1,1,0.541859
1,0,1,0.57950526
1,1,0,0.47144294
1,0,0,0.41886812
1,1,1,0.71943665
1,1,1,0.633929
1,0,0,0.12681088
1,0,1,0.75730586
1,1,1,0.9014704
1,0,1,0.6515387
1,0,1,0.65190196
1,1,0,0.45076165
1,0,1,0.52380353
1,0,0,0.3372189
1,0,1,0.66309994
1,1,0,0.49501762
1,0,0,0.3095503
1,1,1,0.7791253
1,1,1,0.5013496
1,1,1,0.6965909
1,0,0,0.25178713
1,1,1,0.7674645
1,0,1,0.6294
1,0,0,0.38514268
1,0,0,0.3933846
1,1,1,0.7969954
1,1,1,0.637608
1,0,0,0.4147013
1,0,0,0.35411417
1,0,0,0.4140957
1,0,1,0.64005315
1,0,0,0.31696656
1,1,1,0.62486684
1,1,1,0.7329123
1,0,0,0.28062928
1,0,0,0.17723377
1,0,1,0.6723639
1,0,0,0.09008987
1,1,1,0.6015042
1,1,1,0.6708529
1,1,0,0.37533006
1,1,0,0.49666476
1,0,1,0.57017094
1,0,0,0.15050334
1,1,1,0.6438308
1,1,1,0.56963897
1,0,0,0.38351583
1,0,0,0.36256704
1,1,1,0.64028585
1,0,0,0.377751
1,0,0,0.382223
1,1,0,0.42810544
1,1,0,0.48703834
1,0,1,0.78783154
1,1,1,0.7397799
1,1,1,0.7082044
1,0,0,0.4476707
1,0,0,0.2883859
1,1,1,0.6974135
1,0,0,0.42307767
1,0,1,0.5774931
1,0,0,0.4836735
1,0,0,0.22828338
1,0,0,0.36603525
1,1,0,0.39439678
1,1,0,0.498696
1,0,0,0.14781174
1,0,1,0.5632386
1,1,1,0.6064087
1,0,0,0.42321178
1,1,1,0.635147
1,1,0,0.494777
1,0,1,0.5831849
1,1,1,0.6551536
1,0,0,0.22937895
1,1,1,0.85532844
1,0,0,0.43021327
1,0,0,0.38610575
1,1,0,0.14629538
1,1,0,0.48207307
1,0,0,0.27922735
1,1,1,0.7204361
1,0,0,0.101530604
1,0,0,0.39622712
1,1,1,0.50821257
1,0,0,0.34862584
1,0,0,0.3211517
1,1,0,0.36317906
1,0,0,0.21285963
1,0,0,0.11259095
1,1,1,0.56357646
1,0,0,0.45701784
1,0,0,0.28394008
1,1,0,0.47289816
1,0,0,0.09798206
1,1,1,0.57134265
1,0,1,0.5953878
1,0,1,0.52294284
1,1,0,0.2516514
1,0,0,0.24273057
1,0,0,0.15378247
1,0,0,0.076471984
1,1,0,0.45711687
1,0,0,0.241478
1,0,0,0.32453153
1,0,0,0.15523052
1,1,0,0.32440883
1,0,1,0.5160081
1,0,0,0.17893417
1,0,0,0.16017047
1,0,0,0.15136766
1,0,1,0.65010846
1,0,0,0.18148828
1,0,0,0.34792447
1,0,0,0.4713352
1,0,0,0.18176177
1,1,0,0.19057119
1,1,0,0.26488814
1,1,0,0.26559496
1,0,0,0.38013732
1,0,0,0.2916515
1,0,0,0.32087928
1,1,1,0.5391482
1,1,0,0.46528438
1,1,1,0.5858307
1,1,0,0.4233119
1,1,0,0.15352383
1,0,0,0.22467527
1,0,0,0.10705232
1,1,0,0.3285702
1,1,0,0.40512195
1,1,0,0.28867176
1,0,0,0.3003888
1,1,0,0.38696286
1,1,0,0.46792832
1,1,1,0.57069373
1,1,0,0.43501833
1,0,0,0.16692281
1,0,0,0.2008043
1,0,0,0.12305024
1,0,0,0.30160704
1,0,0,0.18162721
1,0,0,0.28376076
1,0,0,0.075875245
1,0,0,0.2169365
1,1,0,0.21405938
1,0,1,0.53056115
1,0,1,0.7183403
1,1,1,0.6889708
1,0,0,0.33818313
1,0,0,0.1687902
1,0,0,0.17492485
1,0,0,0.27284482
1,0,0,0.3391473
1,0,0,0.25346056
1,1,0,0.19371314
1,1,1,0.5366809
1,0,0,0.14816873
1,1,0,0.45880052
1,0,0,0.26291108
1,0,0,0.15256876
1,1,0,0.27977058
1,0,0,0.10023228
1,1,1,0.58340496
1,0,0,0.46804595
1,0,0,0.101170115
1,1,1,0.8172939
1,0,0,0.22610256
1,1,0,0.15332176
1,0,0,0.15710111
1,1,0,0.24969068
1,1,0,0.21659455
1,0,0,0.13144948
1,1,1,0.77411205
1,1,1,0.73903865
1,0,0,0.48721543
1,1,1,0.7764563
1,0,0,0.031738315
1,0,0,0.10958642
1,0,0,0.09550691
1,1,0,0.122400515
1,0,1,0.62224764
1,0,0,0.13637568
1,0,0,0.14868225
1,0,1,0.62358725
1,1,0,0.077860594
1,1,0,0.40549004
1,0,0,0.39440057
1,0,0,0.12276593
1,0,0,0.4541831
1,1,0,0.14373273
1,0,0,0.13291357
1,1,1,0.5636596
1,0,0,0.40677842
1,0,1,0.6163183
1,1,1,0.68384176
1,0,0,0.45297527
1,1,1,0.685756
1,1,1,0.78668547
1,0,0,0.3775194
1,1,1,0.766399
1,1,1,0.730859
1,1,1,0.6436144
1,1,1,0.85564923
1,1,1,0.80519134
1,0,0,0.3087873
1,1,1,0.70076966
1,1,1,0.68437725
1,1,1,0.8614254
1,0,1,0.57281697
1,1,1,0.5831231
1,0,0,0.28273666
1,1,1,0.8839002
1,0,1,0.5291565
1,0,1,0.6306435
1,0,0,0.063009016
1,0,0,0.18691495
1,1,0,0.29180476
1,0,0,0.20551978
1,1,0,0.15474308
1,1,0,0.069955304
1,0,0,0.3718271
1,0,0,0.12989579
1,0,0,0.2722135
1,0,0,0.44651026
1,1,0,0.32126716
1,0,0,0.21120593
1,1,0,0.18713166
1,0,0,0.1826016
1,0,0,0.32016414
1,1,0,0.29250455
1,1,0,0.32215208
1,1,0,0.084454656
1,1,0,0.086933024
1,1,0,0.2114782
1,1,0,0.36777103
1,1,0,0.15910958
1,0,1,0.5558392
1,0,0,0.19117695
1,0,0,0.3235025
1,0,1,0.59155846
1,0,0,0.29187843
1,0,0,0.33176398
1,1,0,0.27156886
1,0,0,0.08288585
1,0,0,0.45811662
1,0,0,0.19791983
1,0,0,0.3510675
1,1,0,0.21574871
1,1,0,0.23004629
1,0,0,0.15763356
1,1,1,0.56345934
1,1,1,0.5468281
1,0,0,0.38126406
1,1,1,0.5259699
1,0,0,0.25357345
1,0,0,0.25751957
1,1,1,0.5254438
1,0,1,0.6344223
1,0,0,0.32284263
1,0,0,0.4435081
1,1,0,0.41650438
1,0,0,0.121606074
1,0,0,0.23027647
1,0,0,0.102503836
1,1,0,0.06396716
1,1,0,0.39733094
1,0,0,0.41594854
1,1,0,0.49245128
1,0,0,0.28706968
1,1,1,0.62795854
1,0,1,0.53001964
1,0,1,0.81137955
1,1,0,0.44233423
1,1,0,0.43714666
1,0,0,0.37911767
1,0,1,0.5422864
1,0,0,0.08813398
1,1,1,0.5301615
1,0,0,0.31135154
1,0,0,0.20032513
1,1,0,0.414887
1,1,0,0.45755446
1,0,1,0.52729094
1,1,1,0.5178574
1,1,1,0.78025377
1,1,0,0.36719346
1,1,1,0.76441115
1,1,1,0.67994696
1,1,0,0.47386113
1,1,1,0.85130584
1,1,0,0.30018985
1,0,1,0.6461144
1,0,0,0.4989886
1,0,1,0.5614971
1,0,0,0.1275864
1,0,1,0.73603433
1,1,1,0.76133627
1,1,1,0.80954844
1,0,0,0.2629031
1,1,1,0.6834968
1,1,1,0.5131379
1,0,0,0.15870652
1,0,0,0.07235378
1,0,0,0.08217558
1,0,0,0.15756431
1,0,1,0.7173032
1,0,0,0.46859503
1,1,1,0.53004736
1,0,1,0.70121026
1,0,0,0.46205756
1,0,1,0.5922376
1,1,0,0.44445157
1,0,1,0.5404671
1,1,1,0.7364308
1,0,1,0.52255243
1,0,0,0.49424526
1,1,0,0.24345182
1,0,1,0.58644
1,1,0,0.30626258
1,0,1,0.5609972
1,1,1,0.51750743
1,0,0,0.4856967
1,0,0,0.30500636
1,1,0,0.30070195
1,0,0,0.26788557
1,0,1,0.60593396
1,0,0,0.49343887
1,1,1,0.5307674
1,1,1,0.5332734
1,0,0,0.44748667
1,1,0,0.34450865
1,1,0,0.2241435
1,0,0,0.3414083
1,0,0,0.4113788
1,0,0,0.34926453
1,0,0,0.2794234
1,1,0,0.24273495
1,1,1,0.58154505
1,0,0,0.29468244
1,1,1,0.72675014
1,1,1,0.79714286
1,1,0,0.44577065
1,1,1,0.5519587
1,1,1,0.76750535
1,0,0,0.18853457
1,0,1,0.5633552
1,1,1,0.54288286
1,0,1,0.5014384
1,1,1,0.73735917
1,0,0,0.4407629
1,0,1,0.5714591
1,0,0,0.33929223
1,0,0,0.3025867
1,0,0,0.12821539
1,0,1,0.5894313
1,0,1,0.74161035
1,0,0,0.3833401
1,1,1,0.8059745
1,1,1,0.5852077
1,1,1,0.6884914
1,1,1,0.6262899
1,0,0,0.4912316
1,1,1,0.8215947
1,1,1,0.5012481
1,1,1,0.8254578
1,0,0,0.19520569
1,1,1,0.79852015
1,0,1,0.8079457
1,0,1,0.5082712
1,0,0,0.24477844
1,1,1,0.61331856
1,1,1,0.84283715
1,0,0,0.4399794
1,1,1,0.5978388
1,1,1,0.6983777
1,1,1,0.88214344
1,1,1,0.73743474
1,0,1,0.58183664
1,0,1,0.5893901
1,1,1,0.67514557
1,0,0,0.4269183
1,1,1,0.5719494
1,0,1,0.5416508
1,0,1,0.719506
1,1,1,0.770364
1,1,1,0.7069034
1,1,1,0.8161987
1,1,1,0.66647947
1,1,1,0.66742516
1,1,1,0.7247351
1,1,1,0.5686608
1,1,1,0.5928969
1,1,1,0.6428745
1,1,1,0.71701163
1,1,1,0.70248425
1,0,0,0.340947
1,0,0,0.1999403
1,1,1,0.5990306
1,0,1,0.5661258
1,0,1,0.6572306
1,0,0,0.31982383
1,0,0,0.08656828
1,1,0,0.48216054
1,0,0,0.36550272
1,1,1,0.8391
1,0,0,0.3812016
1,0,0,0.31214762
1,1,1,0.67542064
1,0,1,0.68093616
1,0,0,0.08565838
1,0,1,0.8072737
1,1,1,0.54067504
1,0,1,0.69552535
1,1,0,0.45032805
1,1,1,0.85388595
1,0,1,0.7086106
1,0,0,0.2695931
1,1,1,0.7450867
1,0,0,0.4873249
1,1,1,0.83864737
1,0,0,0.42393157
1,0,0,0.26023275
1,1,1,0.8949215
1,1,1,0.7763492
1,0,0,0.47539958
1,0,0,0.13751878
1,0,0,0.09203127
1,0,0,0.098483466
1,1,1,0.80415475
1,1,1,0.8604023
1,0,0,0.12865765
1,1,1,0.80233634
1,0,0,0.23761888
1,1,1,0.7651598
1,1,1,0.7773868
1,1,1,0.7840675
1,1,1,0.8166459
1,1,1,0.51250595
1,0,0,0.48037237
1,0,1,0.7086106
1,1,1,0.7165121
1,1,1,0.76337254
1,1,1,0.7931899
1,1,1,0.70102596
1,0,1,0.83864737
1,0,0,0.42393157
1,0,0,0.26023275
1,1,1,0.8339236
1,1,1,0.8054509
1,1,0,0.49559027
1,1,1,0.61549336
1,1,0,0.3980509
1,1,1,0.5052093
1,0,0,0.21729913
1,1,1,0.6120897
1,1,0,0.45118693
1,0,0,0.25564733
1,0,0,0.39891863
1,0,0,0.41546026
1,0,0,0.22865656
1,0,0,0.3476979
1,0,0,0.13619274
1,0,0,0.31926474
1,0,0,0.25294125
1,0,0,0.21579899
1,1,0,0.455845
1,1,1,0.6876297
1,1,1,0.57375723
1,0,0,0.43338448
1,0,0,0.19045676
1,0,1,0.51468736
1,0,0,0.074819125
1,0,0,0.08497791
1,0,0,0.1209171
1,0,0,0.17448944
1,0,0,0.3660281
1,0,0,0.30058947
1,1,0,0.2531709
1,1,0,0.42393357
1,0,0,0.28907093
1,1,0,0.35593656
1,0,0,0.1882053
1,0,0,0.1732949
1,0,0,0.19882938
1,0,0,0.13504396
1,0,1,0.55258423
1,0,0,0.10049353
1,0,0,0.3234316
1,0,0,0.10815266
1,0,0,0.43074134
1,0,0,0.21206707
1,0,0,0.19905065
1,0,0,0.07940747
1,0,0,0.08617902
1,0,0,0.10102767
1,0,0,0.33956957
1,0,0,0.11151355
1,0,0,0.4813412
1,0,1,0.53743535
1,0,0,0.15619193
1,0,0,0.26787135
1,0,0,0.32216406
1,0,0,0.2438556
1,0,1,0.5291506
1,1,0,0.26659128
1,0,0,0.33693248
1,0,0,0.3080714
1,0,0,0.24432483
1,0,0,0.3231159
1,0,0,0.40723383
1,0,0,0.10168763
1,0,0,0.07650081
1,0,0,0.48527482
1,1,0,0.21556175
1,1,0,0.20226024
1,0,0,0.1332345
1,0,0,0.13849555
1,0,0,0.19571544
1,0,0,0.3072862
1,0,0,0.3792394
1,0,0,0.19549383
1,1,0,0.17458427
1,0,0,0.38552067
1,0,0,0.20090494
1,1,0,0.20343983
1,0,0,0.2504251
1,0,0,0.25626257
1,0,0,0.3275105
1,1,0,0.34505308
1,1,0,0.49812302
1,1,0,0.4056232
1,0,1,0.6019735
1,1,0,0.04869258
1,0,0,0.07175332
1,1,1,0.6943995
1,1,0,0.33903903
1,0,1,0.53732187
1,0,0,0.326422
1,1,0,0.28248614
1,0,0,0.39213434
1,0,0,0.2085504
1,0,1,0.54384744
1,0,0,0.25000897
1,0,0,0.07733243
1,0,0,0.18001457
1,0,0,0.48430848
1,1,1,0.5453025
1,0,0,0.46221775
1,0,1,0.54039556
1,1,0,0.084445775
1,1,0,0.39316043
1,0,0,0.13185805
1,1,0,0.085354224
1,1,0,0.19849683
1,0,0,0.2942098
1,1,0,0.13556522
1,0,0,0.36464563
1,0,1,0.55906343
1,1,0,0.38862216
1,1,1,0.5033234
1,0,0,0.378909
1,1,0,0.19894233
1,1,0,0.34907573
1,0,0,0.35280892
1,0,1,0.576033
1,1,0,0.26811594
1,1,0,0.36777076
1,1,1,0.5550165
1,0,0,0.11113148
1,0,0,0.09858192
1,1,0,0.39281085
1,1,0,0.082212836
1,1,1,0.62449634
1,0,0,0.12997432
1,1,0,0.42295548
1,0,0,0.08044072
1,0,0,0.13091213
1,0,0,0.48267525
1,0,0,0.33049583
1,0,0,0.3181481
1,1,0,0.22636504
1,1,0,0.35975048
1,0,1,0.6441289
1,0,0,0.391545
1,0,1,0.5511638
1,0,0,0.042099517
1,1,1,0.6783024
1,1,1,0.6148599
1,0,0,0.062291566
1,1,1,0.7020089
1,0,0,0.2566229
1,0,0,0.14214626
1,0,0,0.07848198
1,1,0,0.21531698
1,1,0,0.17777263
1,1,0,0.10080348
1,0,0,0.29149476
1,0,0,0.07770777
1,0,0,0.1154452
1,0,0,0.274977
1,0,0,0.2866903
1,0,0,0.06441965
1,0,1,0.6467328
1,1,1,0.7559734
1,1,1,0.62686074
1,1,0,0.19894233
1,1,0,0.30285493
1,1,0,0.37507126
1,0,0,0.13443977
1,0,0,0.23117347
1,0,0,0.07418836
1,0,0,0.06454575
1,1,1,0.5116717
1,1,0,0.2952464
1,0,0,0.36157623
1,0,0,0.07343097
1,0,0,0.25631326
1,0,0,0.2366853
1,1,1,0.5417891
1,0,0,0.28659558
1,0,0,0.30072436
1,1,0,0.13990064
1,0,0,0.054918945
1,0,0,0.3540335
1,1,0,0.3431345
1,0,0,0.2414407
1,0,0,0.10424745
1,0,0,0.15168707
1,0,0,0.4576076
1,0,0,0.050675627
1,0,0,0.2126094
1,0,0,0.0615295
1,1,0,0.243034
1,1,0,0.34293327
1,0,0,0.061335567
1,0,0,0.23843263
1,1,0,0.2974513
1,0,0,0.06678851
1,0,0,0.20290643
1,0,0,0.42205295
1,0,1,0.5224882
1,1,0,0.14761668
1,1,0,0.16613539
1,0,0,0.17267781
1,1,0,0.4576607
1,1,1,0.51941866
1,0,0,0.4931427
1,1,0,0.14627333
1,0,0,0.113715135
1,0,0,0.17988783
1,0,0,0.1597329
1,0,0,0.11800405
1,1,1,0.803965
1,1,1,0.69532156
1,1,1,0.51042217
1,0,1,0.62074566
1,1,0,0.25031248
1,1,0,0.25120446
1,0,0,0.45271134
1,0,0,0.20891722
1,0,0,0.46260023
1,0,0,0.22085723
1,1,0,0.24605393
1,0,0,0.32063663
1,0,0,0.069101855
1,1,1,0.7489176
1,0,0,0.35145786
1,0,0,0.23560861
1,0,0,0.17687878
1,0,0,0.2569344
1,0,0,0.12054026
1,0,0,0.061477758
1,0,0,0.2550989
1,0,0,0.08829345
1,0,0,0.08150765
1,0,0,0.13184847
1,0,0,0.14112367
1,0,0,0.34246194
1,0,0,0.14890248
1,1,0,0.34679246
1,1,0,0.33663753
1,0,0,0.21472676
1,0,0,0.2752361
1,0,0,0.06796609
1,0,0,0.1261009
1,1,0,0.1644322
1,1,0,0.25564957
1,0,0,0.17356502
1,0,0,0.28036818
1,1,0,0.3942378
1,0,0,0.23823237
1,1,0,0.47723934
1,1,0,0.4052622
1,0,0,0.08210879
1,0,0,0.400513
1,0,0,0.106905825
1,1,1,0.7161508
1,1,1,0.73487663
1,0,0,0.16505018
1,0,1,0.5896996
1,0,0,0.31705067
1,0,0,0.35448334
1,1,1,0.62408274
1,0,0,0.04399135
1,0,0,0.1096266
1,1,1,0.6520473
1,1,0,0.43775108
1,0,1,0.6035813
1,0,0,0.42355335
1,0,1,0.50242597
1,0,1,0.6260292
1,0,0,0.3235966
1,0,0,0.1513747
1,0,0,0.29210916
1,1,1,0.7722345
1,0,1,0.6999904
1,1,1,0.5728832
1,0,0,0.4203708
1,1,1,0.69619256
1,0,0,0.25950345
1,1,1,0.78068376
1,0,0,0.24805848
1,0,0,0.33871812
1,1,1,0.82694423
1,0,0,0.20146011
1,1,1,0.5065092
1,0,0,0.41283673
1,0,0,0.052754946
1,1,1,0.55837953
1,0,0,0.37620988
1,1,1,0.9208567
1,0,1,0.5348608
1,1,1,0.5051477
1,0,0,0.44718188
1,0,0,0.44001332
1,0,0,0.44754627
1,1,1,0.7346642
1,1,1,0.79041785
1,1,1,0.9014366
1,0,0,0.36553055
1,1,1,0.6077764
1,0,0,0.06915343
1,0,0,0.30404967
1,0,0,0.39837253
1,1,1,0.6859419
1,0,0,0.46814123
1,1,0,0.48177952
1,1,0,0.47093868
1,0,0,0.38996863
1,0,0,0.46752778
1,1,0,0.4136192
1,0,1,0.69888246
1,0,0,0.24686909
1,0,0,0.05881639
1,1,0,0.28915122
1,1,1,0.658323
1,0,0,0.36126783
1,1,1,0.7885892
1,0,1,0.7064612
1,1,1,0.5983102
1,0,0,0.19324039
1,0,1,0.67513645
1,0,1,0.5940099
1,1,1,0.8168789
1,1,0,0.27721518
1,0,0,0.057893716
1,0,0,0.13148427
1,0,0,0.3944997
1,0,0,0.49593207
1,1,0,0.42797685
1,1,1,0.63492626
1,1,1,0.5386116
1,1,1,0.5042335
1,1,1,0.7237138
1,1,0,0.37406954
1,0,0,0.34892127
1,1,1,0.7850984
1,0,0,0.40293273
1,1,1,0.5756991
1,0,0,0.2397754
1,1,1,0.79857135
1,1,1,0.7707447
1,1,1,0.74296504
1,1,1,0.7892969
1,0,1,0.6100265
1,0,1,0.54240626
1,0,0,0.15650298
1,1,1,0.6689476
1,1,1,0.66905403
1,0,0,0.46013203
1,1,0,0.4037793
1,1,1,0.5998064
1,0,0,0.10709875
1,0,1,0.62244713
1,0,0,0.46088773
1,1,1,0.69556785
1,0,0,0.47033387
1,1,1,0.746068
1,0,1,0.5060715
1,1,1,0.8099437
1,0,1,0.76619214
1,1,1,0.60258895
1,1,1,0.5361872
1,0,1,0.60061127
1,1,0,0.4952513
1,0,0,0.09752684
1,1,1,0.71943784
1,0,0,0.2514539
1,1,0,0.4574853
1,0,0,0.26226124
1,0,0,0.336189
1,0,1,0.68577284
1,1,1,0.71407676
1,1,1,0.6769304
1,0,1,0.5745571
1,1,0,0.39569306
1,1,1,0.54137933
1,0,0,0.24459912
1,1,0,0.4057949
1,0,1,0.6992185
1,1,0,0.41661122
1,1,1,0.6621583
1,0,1,0.58430636
1,1,1,0.555913
1,1,1,0.5421914
1,1,1,0.5900794
1,1,1,0.5873798
1,0,0,0.32914352
1,0,0,0.45089072
1,1,1,0.7239828
1,0,0,0.45439994
1,0,0,0.19156468
1,1,1,0.5695634
1,0,1,0.5011438
1,1,1,0.8332564
1,1,0,0.14032832
1,0,0,0.11321251
1,0,0,0.12036259
1,0,0,0.052122213
1,1,0,0.28770843
1,0,0,0.11452941
1,1,0,0.28847823
1,0,0,0.2740058
1,1,1,0.7973545
1,1,1,0.7145276
1,1,1,0.54779
1,1,1,0.5691634
1,1,1,0.54380476
1,1,1,0.5324909
1,0,1,0.6743768
1,1,1,0.69894004
1,1,1,0.7967334
1,0,1,0.8255779
1,0,0,0.36719766
1,1,1,0.74456173
1,1,1,0.801118
1,1,0,0.42007294
1,0,0,0.057956975
1,0,0,0.15454039
1,1,1,0.66461515
1,0,0,0.19540378
1,1,1,0.64409506
1,0,0,0.19600648
1,0,0,0.41734996
1,0,1,0.5857802
1,1,1,0.673161
1,1,1,0.80882776
1,1,1,0.8566102
1,1,1,0.559086
1,1,1,0.7058241
1,1,1,0.88105744
1,0,1,0.6303134
1,1,1,0.5411767
1,1,0,0.22162321
1,1,1,0.85205597
1,1,1,0.58851445
1,1,1,0.8037665
1,0,0,0.22981293
1,0,1,0.6956416
1,1,1,0.7159302
1,1,0,0.30394232
1,1,1,0.60682595
1,1,1,0.75589454
1,1,1,0.5357357
1,1,0,0.44489393
1,0,0,0.21109888
1,0,0,0.49393085
1,0,0,0.11597662
1,1,1,0.5416581
1,0,0,0.18481475
1,1,1,0.54292053
1,0,0,0.13602278
1,0,1,0.6337054
1,0,1,0.5772454
1,1,0,0.13553366
1,0,0,0.19263184
1,0,1,0.54303724
1,0,0,0.12644169
1,0,1,0.90838474
1,0,0,0.43861553
1,1,1,0.6429395
1,0,0,0.40711817
1,0,0,0.36583802
1,0,0,0.35721248
1,1,1,0.6111611
1,1,1,0.5588117
1,1,1,0.56587255
1,1,1,0.6456885
1,0,0,0.116279185
1,1,0,0.30416065
1,1,0,0.13794479
1,1,1,0.76370615
1,1,0,0.3302902
1,0,0,0.08243232
1,1,1,0.64168936
1,1,1,0.65730387
1,0,1,0.75253516
1,0,0,0.13399978
1,0,1,0.63895005
1,0,1,0.5251074
1,0,0,0.33807394
1,0,1,0.7001246
1,1,1,0.82551706
1,1,1,0.5754958
1,1,1,0.8194288
1,0,1,0.74677986
1,1,1,0.5117225
1,1,0,0.42239413
1,1,0,0.3582485
1,0,0,0.48195547
1,1,0,0.4663352
1,1,1,0.54060864
1,0,1,0.5146233
1,1,0,0.4594581
1,1,1,0.65954375
1,0,0,0.1824354
1,0,1,0.7873736
1,0,0,0.48387995
1,0,0,0.3647721
1,1,1,0.77237785
1,1,1,0.56140864
1,1,1,0.832435
1,0,0,0.36639786
1,0,0,0.44391024
1,1,1,0.6572018
1,0,1,0.71288335
1,0,0,0.39451092
1,1,1,0.6747445
1,0,0,0.36019573
1,0,1,0.6830245
1,1,1,0.6657409
1,0,0,0.3724911
1,0,0,0.33246547
1,0,1,0.53691465
1,1,1,0.81730074
1,0,1,0.6839986
1,1,1,0.7514255
1,0,1,0.67379165
1,1,1,0.7814032
1,0,0,0.4789657
1,1,1,0.68721247
1,1,1,0.64848596
1,1,1,0.78931564
1,0,1,0.7130884
1,1,0,0.4446583
1,0,0,0.35216138
1,0,1,0.7653042
1,0,0,0.38860598
1,1,0,0.4884279
1,0,0,0.4108064
1,0,0,0.32515416
1,1,1,0.5684081
1,1,1,0.6184563
1,0,0,0.36902964
1,1,0,0.4885427
1,0,0,0.18453388
1,1,1,0.6111568
1,1,1,0.5301762
1,1,0,0.3485444
1,0,0,0.1286746
1,1,1,0.7677677
1,0,0,0.4118488
1,1,1,0.8151102
1,1,0,0.46966463
1,1,0,0.43025997
1,1,1,0.80345744
1,0,1,0.5205147
1,0,0,0.4011337
1,0,0,0.16952139
1,1,1,0.87509555
1,1,1,0.77741474
1,0,1,0.6750603
1,1,1,0.6469283
1,1,1,0.69631314
1,1,1,0.6972472
1,0,0,0.41977918
1,1,1,0.8172485
1,0,0,0.31413305
1,1,1,0.7138469
1,1,1,0.90907806
1,1,1,0.87485206
1,0,1,0.5119057
1,0,1,0.5014717
1,0,1,0.5417874
1,1,1,0.7785524
1,1,1,0.6922845
1,1,1,0.5013496
1,1,1,0.6965909
1,0,0,0.25178713
1,1,1,0.7674645
1,0,1,0.6294
1,0,0,0.38514268
1,0,0,0.3933846
1,1,0,0.24063587
1,1,0,0.44957086
1,1,1,0.519925
1,0,0,0.23306128
1,0,0,0.25434548
1,0,0,0.4476556
1,1,0,0.4361771
1,0,1,0.56692994
1,1,1,0.59017575
1,0,1,0.61440223
1,1,1,0.5357953
1,0,1,0.5687229
1,1,1,0.74130684
1,1,0,0.41378036
1,1,1,0.5261006
1,0,1,0.52474725
1,0,1,0.5240999
1,0,1,0.5634004
1,0,0,0.48545387
1,1,0,0.45704496
1,0,0,0.3262871
1,0,1,0.6439887
1,0,0,0.4530066
1,1,1,0.55538964
1,1,1,0.6935177
1,1,1,0.6386826
1,1,0,0.2283505
1,0,1,0.61010987
1,0,0,0.37144235
1,1,1,0.81765753
1,1,1,0.57341254
1,1,0,0.4535916
1,1,1,0.6422579
1,0,0,0.38839918
1,1,1,0.6426171
1,0,0,0.46412545
1,1,1,0.5354461
1,0,0,0.29155877
1,1,0,0.16094439
1,0,0,0.05433689
1,0,0,0.30209318
1,1,1,0.6002469
1,1,0,0.32207102
1,0,0,0.08163408
1,1,0,0.45584744
1,1,0,0.27148545
1,0,1,0.61357236
1,0,0,0.10010325
1,1,1,0.733156
1,0,0,0.3060556
1,1,1,0.55542475
1,1,0,0.41512087
1,0,0,0.48030603
1,1,0,0.49955374
1,0,0,0.27356556
1,0,1,0.6321236
1,0,1,0.54915154
1,0,1,0.6088254
1,1,1,0.56940216
1,0,0,0.15217894
1,1,0,0.44975173
1,0,0,0.47512963
1,0,0,0.3363644
1,0,1,0.5840635
1,0,0,0.39642504
1,0,0,0.41551578
1,1,0,0.14959158
1,0,0,0.29143897
1,1,1,0.6367083
1,0,1,0.57130444
1,1,0,0.35370773
1,1,0,0.18860415
1,1,0,0.39044273
1,0,1,0.554171
1,0,0,0.2517688
1,0,0,0.32741633
1,1,0,0.19368777
1,1,1,0.7674447
1,1,1,0.8111368
1,0,0,0.21501341
1,1,1,0.7778419
1,0,0,0.38088042
1,0,1,0.83789814
1,1,0,0.44980633
1,0,0,0.37482747
1,1,1,0.5014285
1,1,0,0.13152736
1,0,1,0.6352901
1,1,0,0.4234493
1,0,0,0.46365774
1,1,1,0.6366284
1,1,1,0.68477094
1,0,1,0.6638307
1,0,1,0.68860984
1,1,1,0.76677
1,1,1,0.5601158
1,0,0,0.42240402
1,1,1,0.7986012
1,0,1,0.5065386
1,0,0,0.117144994
1,1,1,0.72223336
1,1,1,0.71352184
1,1,0,0.4792707
1,0,0,0.20518033
1,1,1,0.5560283
1,1,1,0.7357246
1,0,0,0.41682497
1,0,1,0.51407343
1,0,1,0.7086116
1,0,0,0.10476279
1,1,1,0.6668594
1,0,0,0.15266238
1,0,1,0.7370201
1,0,1,0.8076591
1,1,1,0.62684095
1,1,1,0.7709151
1,1,0,0.23117587
1,0,0,0.30485612
1,1,1,0.7253563
1,0,0,0.13676107
1,0,0,0.22355726
1,0,0,0.1957858
1,1,0,0.44078422
1,0,1,0.61156523
1,0,0,0.44211057
1,0,0,0.16223279
1,1,0,0.17506494
1,1,0,0.3141316
1,0,1,0.6236014
1,1,1,0.64025676
1,0,1,0.63624
1,0,1,0.72109926
1,0,0,0.25469366
1,0,0,0.32318082
1,1,1,0.5071623
1,1,1,0.81186545
1,0,1,0.5765278
1,1,1,0.71921533
1,0,0,0.26696274
1,1,1,0.7583295
1,0,0,0.39830345
1,0,1,0.6022223
1,0,1,0.6659014
1,1,1,0.7061298
1,1,1,0.87790215
1,0,0,0.31748042
1,1,1,0.7189489
1,1,1,0.5834675
1,0,0,0.4957829
1,1,1,0.59335166
1,0,0,0.18069187
1,1,1,0.691526
1,1,1,0.88768196
1,1,0,0.42186338
1,1,1,0.72009224
1,1,1,0.83715934
1,0,1,0.56147665
1,0,0,0.32266715
1,1,0,0.15299727
1,0,0,0.29627502
1,1,0,0.12107594
1,1,1,0.71386725
1,0,0,0.4384585
1,0,0,0.3123556
1,0,0,0.31567824
1,1,1,0.9287043
1,0,1,0.5779897
1,1,1,0.6050443
1,0,0,0.11848652
1,0,0,0.42715412
1,1,1,0.8391766
1,1,1,0.547671
1,1,1,0.7651821
1,1,1,0.58208823
1,0,1,0.6177982
1,1,1,0.6601704
1,0,0,0.105959535
1,0,0,0.22169703
1,0,0,0.17085993
1,1,0,0.24648668
1,0,0,0.20360011
1,0,0,0.44350964
1,0,0,0.11299631
1,0,0,0.3758837
1,0,0,0.102806605
1,1,1,0.70478815
1,0,0,0.19701868
1,1,0,0.1478903
1,0,0,0.4329462
1,0,0,0.23819706
1,0,0,0.046716094
1,1,0,0.25957268
1,1,1,0.68160254
1,1,1,0.6335826
1,1,0,0.41098702
1,1,0,0.24453856
1,0,0,0.4989674
1,1,1,0.8917654
1,0,1,0.5182005
1,1,0,0.22364238
1,0,1,0.5981022
1,0,1,0.76624554
1,0,0,0.31726414
1,1,1,0.5812028
1,1,1,0.65513176
1,1,1,0.6948967
1,1,0,0.4732201
1,0,1,0.6090732
1,0,0,0.24485157
1,0,0,0.45742512
1,0,0,0.48830473
1,0,0,0.4363053
1,1,1,0.5382134
1,0,0,0.29437748
1,1,1,0.84643155
1,0,0,0.37749165
1,0,0,0.45017338
1,0,1,0.5231877
1,0,0,0.13698703
1,1,1,0.7531686
1,1,1,0.5014194
1,0,0,0.45249233
1,1,1,0.7777441
1,0,0,0.33705905
1,0,1,0.6327617
1,1,1,0.55575293
1,1,1,0.6377967
1,0,0,0.4919288
1,1,1,0.7462764
1,1,1,0.5569128
1,0,1,0.8661914
1,0,0,0.4144559
1,0,0,0.40658066
1,0,1,0.575756
1,0,1,0.6843317
1,1,0,0.12107594
1,0,0,0.33272263
1,0,1,0.7444025
1,0,0,0.414902
1,0,0,0.16177286
1,1,1,0.8896502
1,1,1,0.7459616
1,1,0,0.32920542
1,0,0,0.23996538
1,1,1,0.59606546
1,0,1,0.59066415
1,1,1,0.8869499
1,1,1,0.74683845
1,0,0,0.25769567
1,0,1,0.5400418
1,1,1,0.6347234
1,0,1,0.682393
1,0,0,0.4215154
1,1,1,0.5802246
1,1,1,0.84874916
1,0,0,0.46209797
1,0,1,0.7039177
1,0,0,0.34462765
1,1,1,0.8396787
1,0,1,0.5956072
1,0,1,0.71112645
1,1,1,0.6950838
1,1,1,0.7629371
1,1,1,0.6573826
1,1,0,0.34062922
1,1,0,0.24683811
1,1,0,0.27389675
1,0,0,0.40630287
1,1,1,0.79542744
1,1,0,0.27541664
1,0,0,0.34632716
1,1,0,0.4348716
1,0,0,0.028743502
1,1,1,0.7684749
1,0,1,0.5697809
1,1,1,0.57290703
1,1,1,0.5274929
1,1,1,0.5530043
1,0,1,0.5243228
1,0,0,0.45900583
1,0,1,0.59239244
1,1,1,0.6099354
1,0,1,0.59532136
1,0,1,0.53652364
1,0,0,0.4281424
1,0,0,0.28812477
1,0,0,0.24126641
1,1,1,0.73178893
1,1,1,0.54282695
1,0,0,0.4510917
1,1,1,0.61024606
1,0,0,0.484032
1,0,1,0.67379993
1,1,1,0.5805865
1,1,1,0.6613791
1,1,1,0.7750909
1,0,0,0.46305674
1,1,1,0.8579835
1,0,0,0.16266671
1,0,1,0.52346677
1,0,0,0.37545076
1,1,1,0.8483138
1,1,1,0.6205078
1,0,0,0.33917013
1,0,1,0.61263555
1,0,0,0.13973117
1,0,0,0.28588107
1,1,0,0.38908383
1,0,1,0.5046871
1,1,1,0.5789438
1,0,1,0.5623909
1,0,0,0.4696967
1,0,0,0.17155567
1,1,1,0.78376245
1,1,1,0.81950057
1,1,1,0.538187
1,1,1,0.77623206
1,0,0,0.46407455
1,1,1,0.66575104
1,0,0,0.4930613
1,1,1,0.82368374
1,1,0,0.29732135
1,1,0,0.37460795
1,0,1,0.6814751
1,1,1,0.8159505
1,1,0,0.46972692
1,0,1,0.6116714
1,1,1,0.5864099
1,0,1,0.78177243
1,0,1,0.5842571
1,1,0,0.48006976
1,0,0,0.23472491
1,0,0,0.48478067
1,1,1,0.79017305
1,1,1,0.732801
1,1,0,0.46185863
1,0,0,0.38292614
1,1,0,0.1896988
1,1,1,0.53267
1,0,1,0.7245804
1,0,1,0.58980113
1,0,0,0.32838953
1,1,1,0.6348587
1,0,1,0.5697905
1,1,1,0.59201723
1,0,0,0.2592251
1,0,1,0.7650725
1,1,1,0.51009715
1,0,1,0.6770543
1,1,0,0.48421475
1,1,1,0.57231224
1,0,0,0.4375869
1,1,1,0.5905626
1,0,1,0.591655
1,0,0,0.49941123
1,1,1,0.6581327
1,0,1,0.5980179
1,0,0,0.065567315
1,1,1,0.64874506
1,1,1,0.5959884
1,0,0,0.4395256
1,0,1,0.66432
1,0,1,0.66393393
1,1,1,0.55937314
1,0,0,0.07277372
1,1,1,0.80466324
1,0,0,0.27336043
1,1,1,0.78403443
1,0,0,0.30996394
1,0,0,0.3066929
1,1,0,0.40841606
1,0,0,0.43015778
1,1,0,0.46947584
1,1,0,0.4933705
1,1,0,0.41347355
1,0,0,0.23636536
1,0,0,0.21033965
1,1,1,0.66511124
1,0,0,0.2895453
1,0,0,0.34086365
1,0,0,0.39778867
1,1,1,0.6038388
1,0,0,0.06154216
1,1,1,0.67347217
1,0,0,0.11076762
1,0,0,0.36456534
1,0,0,0.36502993
1,0,0,0.15566733
1,1,0,0.09199964
1,0,0,0.4099172
1,0,0,0.21210219
1,0,0,0.4768044
1,0,1,0.54660124
1,0,0,0.3269296
1,1,0,0.066542454
1,1,1,0.56412774
1,1,0,0.44519854
1,1,0,0.47133368
1,1,1,0.75792885
1,0,1,0.67177355
1,1,1,0.69039106
1,1,0,0.26957938
1,1,1,0.6418485
1,1,0,0.30676353
1,0,0,0.32330218
1,0,0,0.40574825
1,1,1,0.8144577
1,1,0,0.10434409
1,0,0,0.41806555
1,1,0,0.37433147
1,0,1,0.6123802
1,1,0,0.44787762
1,0,1,0.58202714
1,1,1,0.6775271
1,0,0,0.26760262
1,0,0,0.21562439
1,1,1,0.5959795
1,0,0,0.17582133
1,0,1,0.68004495
1,1,0,0.08310008
1,1,1,0.76774776
1,1,1,0.7576362
1,0,1,0.57157284
1,0,1,0.635295
1,0,0,0.29437578
1,1,0,0.42266876
1,1,1,0.5855593
1,0,0,0.39465928
1,0,1,0.69300956
1,1,0,0.15243998
1,0,1,0.5138458
1,0,0,0.08300965
1,1,1,0.75302887
1,0,0,0.07490042
1,0,1,0.50277
1,1,1,0.84333825
1,1,1,0.81443447
1,1,1,0.64067346
1,1,1,0.77225935
1,1,0,0.49664596
1,1,1,0.82968163
1,1,1,0.6760696
1,1,1,0.7303615
1,0,0,0.25900656
1,1,1,0.82978386
1,0,0,0.349623
1,0,0,0.3623974
1,0,0,0.09439356
1,1,1,0.7630708
1,0,1,0.5402256
1,1,1,0.7202028
1,1,0,0.25212336
1,1,1,0.72742176
1,0,1,0.65149045
1,0,0,0.47653487
1,1,1,0.75593406
1,0,0,0.23860584
1,0,0,0.0952213
1,0,0,0.4785244
1,0,0,0.2664271
1,0,0,0.18349078
1,0,0,0.324527
1,0,0,0.11168614
1,0,0,0.17564408
1,0,0,0.19741516
1,1,1,0.6601507
1,1,1,0.8273582
1,0,0,0.31104252
1,1,0,0.48183405
1,0,1,0.53037244
1,1,1,0.6110653
1,0,0,0.44028106
1,1,0,0.40146703
1,0,0,0.4536669
1,0,1,0.60402745
1,0,1,0.5850692
1,1,0,0.38802075
1,0,0,0.31450057
1,0,0,0.18889798
1,1,1,0.73573935
1,0,1,0.9072723
1,0,1,0.6565304
1,0,1,0.7008488
1,0,1,0.61371964
1,1,1,0.7429583
1,0,0,0.49265724
1,1,1,0.5146419
1,1,1,0.8091009
1,0,0,0.45109326
1,1,1,0.82326746
1,1,1,0.69919986
1,0,0,0.25790557
1,1,1,0.7640334
1,0,0,0.20088233
1,1,1,0.65397537
1,1,0,0.42212662
1,1,0,0.3486115
1,0,1,0.5324954
1,0,0,0.2652414
1,0,0,0.3908818
1,1,1,0.57455164
1,0,0,0.3531253
1,0,1,0.72444165
1,1,0,0.20333964
1,0,1,0.5100519
1,1,1,0.6015614
1,1,1,0.71630245
1,0,0,0.4077954
1,1,0,0.46080184
1,1,1,0.54328156
1,0,1,0.67565364
1,0,0,0.33584046
1,0,0,0.37780473
1,0,0,0.27084807
1,0,0,0.33715487
1,1,1,0.677518
1,1,0,0.40444106
1,0,0,0.30777386
1,1,1,0.7802885
1,1,0,0.22674057
1,0,0,0.4644672
1,0,0,0.23398823
1,1,1,0.8670543
1,0,1,0.59729314
1,0,0,0.42792022
1,1,0,0.10516911
1,1,0,0.32592306
1,0,1,0.53419775
1,0,1,0.7540292
1,0,1,0.54410076
1,0,1,0.56215733
1,1,1,0.73929065
1,0,0,0.28363225
1,0,0,0.15535302
1,0,0,0.38204095
1,1,1,0.76035315
1,1,1,0.5381236
1,1,1,0.68061745
1,1,1,0.7436618
1,0,0,0.44596484
1,1,0,0.34201425
1,1,1,0.8345868
1,0,0,0.36578825
1,0,0,0.3918961
1,1,0,0.47767022
1,0,0,0.13562505
1,0,0,0.46052596
1,1,1,0.5932204
1,0,0,0.17820133
1,1,0,0.2029547
1,1,1,0.8113612
1,1,1,0.6482406
1,0,1,0.51117057
1,1,1,0.52980137
1,0,1,0.67150885
1,0,0,0.061259277
1,1,0,0.45965743
1,0,0,0.10952716
1,0,0,0.48580548
1,0,1,0.6589492
1,1,1,0.80023766
1,0,1,0.56895214
1,1,1,0.7922525
1,0,0,0.113977276
1,0,0,0.48596832
1,1,1,0.5497153
1,1,1,0.6336604
1,0,0,0.40219483
1,0,0,0.11731233
1,0,0,0.037975695
1,1,1,0.6892518
1,0,0,0.41927153
1,1,1,0.8696342
1,1,1,0.7628703
1,0,0,0.0658491
1,1,1,0.5565246
1,0,0,0.40999672
1,1,1,0.7247984
1,0,0,0.42125988
1,0,0,0.42369276
1,0,0,0.11278923
1,1,0,0.27877408
1,1,0,0.4063135
1,0,0,0.10758293
1,0,1,0.52752215
1,0,1,0.5867271
1,1,0,0.40422982
1,1,1,0.7598843
1,0,0,0.29781651
1,1,1,0.82788014
1,0,1,0.5349934
1,1,1,0.6293136
1,0,0,0.33154055
1,0,0,0.049120743
1,0,1,0.7260187
1,1,1,0.6160833
1,1,1,0.88079077
1,1,1,0.8066098
1,1,1,0.55464107
1,0,0,0.26635662
1,1,1,0.5886987
1,0,0,0.28759128
1,0,0,0.4827703
1,0,1,0.6176938
1,1,1,0.7332193
1,0,1,0.69050354
1,0,0,0.32706663
1,0,1,0.64500433
1,1,1,0.79022473
1,1,1,0.50730795
1,0,1,0.6430904
1,0,1,0.7703099
1,0,1,0.528637
1,0,1,0.54644066
1,1,0,0.45268664
1,1,0,0.44732338
1,1,1,0.72661066
1,1,0,0.46048528
1,0,0,0.4528746
1,1,0,0.26217914
1,0,1,0.521445
1,1,1,0.71899056
1,0,0,0.3501476
1,0,0,0.39110848
1,0,0,0.22818843
1,1,1,0.6763392
1,1,1,0.6487604
1,0,0,0.46493945
1,1,0,0.26446062
1,0,0,0.07995712
1,0,1,0.64579874
1,0,0,0.20856526
1,0,1,0.5335092
1,1,0,0.4073288
1,0,0,0.20782249
1,1,0,0.23135215
1,0,0,0.10143314
1,1,0,0.23723502
1,0,0,0.34050545
1,1,1,0.66985
1,1,0,0.407074
1,1,0,0.16509554
1,1,1,0.6164092
1,0,0,0.14259414
1,0,0,0.2275165
1,0,0,0.20841014
1,0,0,0.122337505
1,0,0,0.43429372
1,0,0,0.12912355
1,0,0,0.22037788
1,1,1,0.7176419
1,1,1,0.87444377
1,0,1,0.526346
1,1,0,0.47024423
1,1,1,0.59643793
1,0,0,0.32672426
1,1,1,0.7181472
1,0,1,0.56358796
1,0,1,0.57917327
1,1,1,0.6739683
1,1,0,0.40118724
1,1,1,0.5536208
1,0,0,0.41929135
1,0,0,0.19293897
1,0,0,0.36265248
1,0,1,0.5352189
1,1,1,0.6190256
1,1,1,0.5514595
1,0,0,0.17531867
1,0,0,0.07872541
1,0,0,0.09373868
1,1,0,0.44946414
1,0,0,0.2643604
1,0,0,0.079955064
1,0,0,0.44378686
1,0,0,0.49586967
1,0,0,0.04189469
1,1,1,0.5874011
1,1,1,0.6072684
1,0,0,0.08009164
1,1,1,0.5465903
1,1,1,0.5920046
1,1,0,0.3449755
1,0,0,0.39818335
1,0,0,0.14278856
1,0,1,0.5152865
1,0,0,0.36968654
1,1,1,0.6548917
1,1,1,0.5390313
1,0,0,0.09360277
1,0,0,0.2537169
1,0,0,0.07345203
1,1,0,0.46788028
1,0,0,0.31633925
1,1,0,0.13604605
1,1,1,0.5519631
1,1,0,0.30057517
1,0,0,0.31814432
1,0,0,0.08776196
1,1,0,0.3314506
1,0,0,0.1391727
1,0,1,0.7644925
1,0,1,0.60645914
1,0,0,0.2851332
1,1,0,0.36137855
1,0,0,0.06230344
1,1,1,0.58323216
1,0,0,0.27421513
1,1,0,0.38031703
1,1,0,0.36029083
1,0,0,0.31657246
1,1,1,0.59419507
1,1,1,0.89747036
1,1,1,0.63140464
1,0,0,0.41734514
1,0,0,0.39603466
1,0,0,0.07738873
1,0,0,0.26793277
1,1,0,0.4669087
1,0,0,0.3465664
1,0,1,0.5922576
1,1,1,0.50743043
1,1,1,0.6038759
1,0,1,0.6358732
1,1,1,0.69291794
1,0,0,0.3119561
1,0,0,0.4607434
1,0,0,0.3237883
1,0,1,0.5186555
1,1,1,0.59357023
1,1,1,0.5562732
1,0,1,0.6513468
1,0,0,0.39457965
1,1,0,0.45985273
1,1,1,0.8286351
1,1,1,0.53141254
1,0,0,0.3126881
1,1,0,0.4704433
1,0,0,0.1638949
1,1,1,0.72009486
1,0,0,0.19717517
1,1,1,0.5618637
1,1,1,0.5966826
1,0,1,0.52784103
1,0,0,0.09443023
1,0,0,0.18137084
1,0,0,0.08622518
1,1,1,0.685612
1,0,0,0.40703484
1,0,1,0.7385849
1,1,1,0.6180393
1,1,1,0.5510397
1,0,0,0.2994716
1,0,0,0.16229884
1,0,0,0.45815438
1,1,1,0.70362055
1,1,1,0.6981268
1,0,1,0.56781435
1,0,1,0.569931
1,1,0,0.48404455
1,0,1,0.6628874
1,0,1,0.63474894
1,0,0,0.45091268
1,0,1,0.50113916
1,0,0,0.43009126
1,0,1,0.6005077
1,1,1,0.50924265
1,0,1,0.5330298
1,1,0,0.4371513
1,1,0,0.48467812
1,0,1,0.5879546
1,1,0,0.49529293
1,0,0,0.45481405
1,0,1,0.5290063
1,0,1,0.5282929
1,1,0,0.4580562
1,0,1,0.66887224
1,1,1,0.6705883
1,1,1,0.5540038
1,1,1,0.6056382
1,1,0,0.45492786
1,0,0,0.41708454
1,1,1,0.6650043
1,1,1,0.63891923
1,0,0,0.45760816
1,0,1,0.6396779
1,1,1,0.7352326
1,1,1,0.73936224
1,1,1,0.59576017
1,0,0,0.38033316
1,1,1,0.5945697
1,0,1,0.5510293
1,0,0,0.3503047
1,0,0,0.07367354
1,1,0,0.2794984
1,0,1,0.59037316
1,1,1,0.66180766
1,0,0,0.45026213
1,1,1,0.7187414
1,1,0,0.36481276
1,0,0,0.32406
1,0,0,0.177977
1,0,0,0.1279427
1,0,0,0.1589812
1,0,0,0.16784205
1,0,1,0.61601627
1,0,1,0.5196342
1,1,1,0.70006037
1,0,1,0.7333432
1,0,0,0.45011175
1,0,0,0.10289088
1,0,1,0.5158323
1,1,1,0.5292334
1,1,0,0.4097838
1,0,0,0.48970821
1,1,1,0.58194643
1,1,1,0.65770036
1,0,0,0.32306978
1,0,1,0.55167365
1,1,1,0.54317886
1,1,1,0.51623523
1,0,0,0.42952433
1,1,1,0.58711666
1,1,1,0.618394
1,0,1,0.5881969
1,0,1,0.6564218
1,1,1,0.5686726
1,0,0,0.18002273
1,1,1,0.6347734
1,0,0,0.35313788
1,0,1,0.5651695
1,1,1,0.5286986
1,0,1,0.59157866
1,1,1,0.6298253
1,1,1,0.5560551
1,0,0,0.10697997
1,0,0,0.1009602
1,1,0,0.4737481
1,1,1,0.71806335
1,1,0,0.39236632
1,0,0,0.39889708
1,0,0,0.22777098
1,0,1,0.51015157
1,1,1,0.5232913
1,0,1,0.5195408
1,0,1,0.5379093
1,1,1,0.6083856
1,1,1,0.797256
1,1,1,0.5844919
1,1,0,0.42278716
1,0,0,0.09419794
1,0,1,0.73042613
1,0,0,0.42643386
1,1,1,0.7876594
1,0,0,0.4149714
1,0,0,0.34851226
1,1,1,0.57099766
1,0,0,0.48831576
1,0,1,0.6333892
1,1,1,0.58816123
1,1,1,0.5462372
1,0,1,0.70847535
1,0,0,0.29578698
1,1,1,0.8582912
1,1,1,0.7459335
1,1,0,0.094470076
1,1,1,0.5426374
1,0,1,0.63291895
1,1,1,0.7621001
1,0,0,0.4507449
1,0,0,0.16554175
1,1,0,0.08139506
1,0,1,0.5456219
1,0,1,0.78368735
1,1,1,0.7949729
1,0,0,0.43746868
1,1,0,0.37573183
1,1,1,0.53964055
1,0,0,0.40446156
1,0,0,0.056975953
1,1,0,0.4273838
1,0,1,0.6376619
1,1,1,0.70206076
1,0,0,0.4135365
1,0,1,0.7195697
1,0,0,0.4519037
1,0,0,0.47120652
1,0,0,0.058494218
1,1,1,0.62742263
1,0,0,0.2117335
1,1,0,0.31073824
1,1,1,0.580714
1,1,1,0.79663736
1,0,0,0.29817057
1,1,1,0.5996668
1,1,0,0.42246813
1,0,0,0.37941417
1,0,0,0.32535514
1,0,0,0.115013845
1,1,1,0.85707325
1,0,1,0.59430516
1,1,1,0.5674455
1,0,0,0.24207929
1,0,1,0.55947137
1,0,0,0.333861
1,1,1,0.6100769
1,0,0,0.34200582
1,1,1,0.7354234
1,1,0,0.4623246
1,0,0,0.2834257
1,1,1,0.583495
1,1,0,0.17491117
1,1,0,0.21625097
1,1,1,0.63226837
1,1,1,0.5519828
1,1,1,0.75125134
1,0,0,0.4397471
1,0,0,0.3707064
1,0,0,0.1573492
1,1,1,0.84612393
1,0,1,0.71480715
1,0,0,0.44651857
1,1,1,0.88722974
1,1,0,0.48708493
1,1,1,0.7836143
1,0,0,0.1374274
1,1,1,0.53665864
1,0,0,0.17553642
1,1,0,0.4301801
1,1,1,0.64093846
1,0,1,0.59276336
1,0,0,0.46518442
1,0,1,0.6713638
1,1,0,0.13045636
1,0,0,0.23199394
1,0,0,0.34777158
1,0,0,0.105089575
1,1,0,0.060444903
1,0,1,0.8145395
1,1,1,0.5244117
1,1,0,0.46206906
1,1,1,0.54457706
1,0,0,0.45778653
1,1,1,0.58966994
1,0,1,0.616526
1,1,1,0.6470204
1,0,0,0.2607932
1,0,0,0.24149826
1,1,0,0.23694894
1,0,0,0.18615101
1,0,0,0.17745468
1,1,0,0.10654739
1,0,1,0.64308065
1,1,1,0.51043546
1,0,0,0.059596606
1,0,0,0.20397168
1,0,1,0.5387282
1,0,0,0.2761657
1,1,1,0.8094167
1,0,0,0.49116403
1,1,0,0.042791598
1,1,1,0.5517337
1,0,0,0.49545586
1,1,1,0.67768246
1,0,1,0.508137
1,0,1,0.5820473
1,0,1,0.72885907
1,1,1,0.60143954
1,1,1,0.5137406
1,0,1,0.54676425
1,0,1,0.6362103
1,1,1,0.6833618
1,0,0,0.48491046
1,1,1,0.6109111
1,1,0,0.30962038
1,1,0,0.39111897
1,0,0,0.10744415
1,0,0,0.23398335
1,0,0,0.18851583
1,1,1,0.60671574
1,0,0,0.29986635
1,0,0,0.12016013
1,0,0,0.0951841
1,0,1,0.7753868
1,0,1,0.60294247
1,1,1,0.6913144
1,1,1,0.720713
1,0,1,0.56640977
1,0,0,0.37032884
1,0,1,0.59564286
1,1,1,0.63534707
1,1,1,0.6325286
1,0,0,0.4738336
1,0,1,0.5969356
1,1,1,0.6483578
1,1,1,0.6850659
1,1,1,0.64576685
1,1,1,0.6636045
1,0,1,0.55379367
1,1,1,0.58221483
1,1,1,0.81605184
1,1,1,0.7328952
1,0,1,0.7043167
1,0,1,0.5125423
1,0,0,0.05433537
1,0,0,0.3568165
1,1,1,0.71927005
1,0,0,0.21535002
1,1,1,0.77228314
1,0,0,0.24168143
1,0,0,0.4639864
1,0,1,0.92199445
1,0,0,0.39403158
1,1,0,0.32552508
1,1,0,0.17968567
1,0,0,0.0583374
1,1,1,0.6788395
1,0,0,0.07800372
1,0,0,0.24889828
1,0,0,0.1262719
1,1,0,0.3199283
1,1,0,0.07849092
1,1,1,0.9380471
1,0,1,0.59175706
1,1,1,0.7858627
1,0,0,0.42720678
1,0,1,0.600999
1,1,1,0.6177789
1,0,1,0.7275312
1,0,0,0.4628547
1,0,0,0.32583794
1,0,0,0.13789117
1,1,1,0.60961825
1,1,1,0.798795
1,1,1,0.846836
1,0,0,0.49209017
1,1,1,0.75911254
1,1,1,0.74043804
1,0,1,0.5475783
1,1,1,0.61130434
1,0,1,0.63181645
1,1,0,0.31183943
1,0,0,0.3109963
1,0,0,0.29751894
1,0,1,0.50359964
1,0,0,0.48648858
1,1,1,0.734162
1,0,1,0.59947205
1,0,0,0.21651573
1,1,1,0.59699905
1,1,0,0.4552946
1,1,1,0.78442746
1,1,1,0.5090698
1,1,1,0.7068624
1,1,1,0.58753943
1,0,1,0.6177028
1,0,1,0.5958613
1,1,1,0.7265899
1,0,0,0.18873462
1,1,1,0.77116317
1,0,1,0.7656339
1,0,0,0.14327547
1,0,0,0.35440648
1,0,1,0.60656863
1,1,1,0.59368867
1,0,0,0.118512824
1,0,0,0.22832455
1,1,1,0.7891387
1,0,0,0.09660679
1,1,1,0.6160024
1,1,1,0.64899766
1,0,0,0.24602179
1,1,1,0.90846956
1,1,1,0.74211246
1,1,1,0.5995986
1,1,0,0.16217665
1,1,1,0.6103986
1,1,1,0.7760564
1,0,0,0.16180038
1,0,0,0.38344568
1,0,0,0.091494605
1,1,1,0.849539
1,0,0,0.075055964
1,0,0,0.2560827
1,1,0,0.49444836
1,1,0,0.41649464
1,0,1,0.6917161
1,0,0,0.2377055
1,0,0,0.23154944
1,1,1,0.8783219
1,1,1,0.6675218
1,1,1,0.775474
1,0,1,0.6228835
1,1,1,0.72773266
1,1,1,0.6841387
1,1,1,0.5774954
1,0,0,0.44976687
1,0,0,0.36808744
1,1,1,0.758751
1,1,1,0.56053114
1,0,0,0.49477175
1,1,1,0.7663866
1,0,1,0.70397156
1,1,1,0.7695583
1,1,1,0.8271931
1,0,0,0.24353866
1,0,0,0.3538402
1,0,1,0.62216955
1,0,1,0.5718821
1,0,1,0.61285895
1,0,0,0.07835936
1,1,1,0.79725254
1,0,1,0.68687886
1,0,0,0.3451003
1,0,0,0.23443113
1,0,1,0.5001725
1,1,1,0.6586174
1,0,1,0.5567245
1,0,1,0.7027915
1,1,1,0.544226
1,1,0,0.2902475
1,0,1,0.7242311
1,1,1,0.554349
1,0,1,0.8116918
1,1,0,0.41966438
1,0,1,0.5600914
1,0,0,0.47275499
1,1,1,0.64845496
1,1,1,0.9185725
1,1,1,0.5477422
1,0,1,0.71129197
1,0,0,0.073995076
1,0,1,0.6612309
1,0,0,0.09066195
1,0,0,0.12520325
1,0,0,0.17606209
1,1,1,0.68776745
1,1,1,0.6838708
1,0,0,0.045252588
1,1,1,0.6802741
1,1,0,0.33394817
1,0,0,0.48623523
1,0,1,0.54820436
1,1,1,0.8908068
1,1,1,0.61913496
1,1,1,0.6954599
1,0,0,0.29385868
1,1,0,0.13947292
1,0,1,0.5187681
1,0,0,0.053946603
1,1,0,0.49632153
1,0,1,0.6744524
1,0,0,0.19088107
1,0,0,0.39646846
1,0,1,0.67076236
1,0,1,0.7133618
1,1,1,0.66112375
1,1,0,0.3482071
1,0,1,0.60489345
1,1,1,0.58646697
1,0,1,0.63987744
1,0,0,0.42851052
1,1,1,0.74682426
1,1,1,0.90564847
1,1,1,0.7270303
1,0,1,0.63154066
1,0,1,0.6767848
1,0,1,0.6794342
1,0,0,0.15452765
1,1,1,0.5309645
1,0,1,0.50736624
1,1,1,0.68967134
1,0,0,0.106481716
1,0,1,0.5103827
1,1,1,0.513072
1,0,0,0.115385294
1,0,1,0.6459488
1,1,1,0.51879567
1,0,0,0.20170479
1,1,1,0.7104078
1,1,1,0.58470166
1,1,1,0.5380679
1,1,0,0.3709852
1,0,1,0.77469236
1,0,0,0.07672381
1,1,0,0.41068965
1,1,1,0.9343377
1,1,0,0.41264713
1,1,0,0.3024177
1,1,0,0.16621225
1,0,0,0.15366568
1,0,1,0.7552397
1,0,1,0.5768195
1,1,0,0.3914025
1,0,0,0.26103148
1,0,0,0.2206722
1,0,0,0.22328083
1,1,0,0.21363616
1,1,1,0.76863164
1,1,0,0.40948525
1,0,0,0.10201141
1,1,1,0.8205564
1,1,0,0.39311692
1,0,0,0.38693565
1,1,0,0.27781364
1,0,0,0.1558143
1,0,1,0.6209795
1,1,1,0.8040724
1,0,1,0.6441023
1,0,0,0.09841505
1,0,1,0.54926705
1,0,0,0.12556548
1,0,0,0.322924
1,1,1,0.68952036
1,1,1,0.51319057
1,1,0,0.16643219
1,0,1,0.76185197
1,0,1,0.5209584
1,0,1,0.56086695
1,1,0,0.41725892
1,0,1,0.6724836
1,1,1,0.59872705
1,1,0,0.42237356
1,1,0,0.28167272
1,0,1,0.57899565
1,1,0,0.34923196
1,0,0,0.29527813
1,1,1,0.74114466
1,1,1,0.5817874
1,1,1,0.67291653
1,1,1,0.53793764
1,0,1,0.6032801
1,0,1,0.5775718
1,0,1,0.5561988
1,1,0,0.36566404
1,0,1,0.5996197
1,1,0,0.42102405
1,1,1,0.70646906
1,0,1,0.65306723
1,1,1,0.73941326
1,1,1,0.69658905
1,0,1,0.52656853
1,1,1,0.65208024
1,1,1,0.52327585
1,0,1,0.5765274
1,0,1,0.6462052
1,1,1,0.53682035
1,0,0,0.356239
1,1,0,0.4312399
1,0,0,0.26845276
1,0,0,0.27332923
1,1,1,0.8035852
1,1,1,0.6627461
1,0,1,0.736788
1,1,0,0.37089387
1,1,1,0.7229259
1,0,1,0.66086584
1,1,1,0.7554277
1,0,1,0.74917364
1,0,0,0.11931974
1,1,0,0.47662228
1,0,1,0.70112073
1,1,1,0.72138107
1,0,1,0.5951079
1,0,1,0.6218125
1,1,0,0.38880748
1,1,1,0.6516785
1,1,0,0.37278324
1,0,0,0.09242061
1,0,0,0.30527988
1,1,0,0.2911098
1,0,1,0.78264827
1,1,0,0.48370138
1,0,0,0.25983623
1,0,0,0.40546033
1,1,1,0.74523675
1,0,1,0.5616046
1,1,1,0.548129
1,0,0,0.23999652
1,0,1,0.5832812
1,0,1,0.5181896
1,0,1,0.6525254
1,1,1,0.7415525
1,0,1,0.6184385
1,1,0,0.29077527
1,0,0,0.2504896
1,1,1,0.67820954
1,1,1,0.5210553
1,1,1,0.68707234
1,1,1,0.6328598
1,1,1,0.6758883
1,0,0,0.08898375
1,1,0,0.34954545
1,1,0,0.07318965
1,0,1,0.51589817
1,0,0,0.41515937
1,1,0,0.4434102
1,0,0,0.15877745
1,1,0,0.39269936
1,0,1,0.5726064
1,1,1,0.53461826
1,0,0,0.39017528
1,0,0,0.48219475
1,0,0,0.15931755
1,0,0,0.4344503
1,0,0,0.06465979
1,0,1,0.83305705
1,1,1,0.66949487
1,0,1,0.54458714
1,1,1,0.5479045
1,0,0,0.08754548
1,0,1,0.5442102
1,1,0,0.4024399
1,1,1,0.7721559
1,1,1,0.6847678
1,0,0,0.13311811
1,1,1,0.5876083
1,0,0,0.13875628
1,0,1,0.725958
1,0,0,0.1777484
1,1,1,0.7737989
1,1,1,0.64546144
1,1,1,0.6446605
1,0,0,0.49356142
1,1,0,0.4756678
1,0,0,0.1595801
1,1,1,0.5307154
1,0,1,0.62667596
1,0,0,0.4093854
1,1,1,0.63833547
1,0,1,0.5197939
1,0,0,0.41952568
1,1,1,0.564083
1,1,1,0.5495722
1,1,1,0.6274922
1,0,1,0.63760746
1,0,1,0.63399446
1,0,1,0.54280204
1,0,1,0.61046433
1,0,1,0.68218815
1,1,0,0.45710853
1,0,0,0.2065671
1,0,0,0.114351764
1,1,0,0.3950408
1,0,0,0.09245298
1,0,0,0.16348737
1,0,0,0.40371418
1,1,1,0.8845646
1,0,1,0.5876506
1,1,1,0.7540016
1,0,0,0.1330198
1,0,1,0.78735685
1,1,1,0.5771298
1,0,1,0.5383465
1,1,1,0.55669147
1,1,1,0.78634614
1,0,1,0.61857444
1,0,1,0.7793875
1,1,1,0.729563
1,1,1,0.6564664
1,0,0,0.266149
1,0,0,0.14878437
1,0,1,0.68859595
1,1,1,0.74723995
1,0,0,0.30702874
1,1,1,0.5783603
1,0,1,0.7667787
1,1,0,0.33935228
1,0,0,0.46914175
1,1,1,0.69862914
1,0,0,0.49781623
1,1,1,0.5614572
1,1,1,0.92280275
1,0,1,0.6630466
1,1,1,0.6925041
1,0,0,0.27528712
1,1,1,0.68938917
1,0,1,0.63094944
1,1,1,0.7051488
1,1,1,0.81413674
1,0,1,0.5239467
1,0,1,0.50571686
1,1,1,0.6796857
1,0,0,0.3690768
1,0,0,0.26850626
1,1,1,0.5050295
1,0,1,0.6385813
1,0,0,0.35472623
1,0,0,0.27758867
1,0,0,0.21289238
1,0,0,0.11310427
1,0,1,0.7109237
1,1,1,0.72873926
1,1,1,0.51318675
1,0,0,0.49011445
1,1,1,0.6722004
1,1,0,0.3757753
1,1,1,0.6867351
1,1,1,0.59337354
1,1,1,0.70432615
1,0,0,0.39157066
1,0,1,0.6381591
1,1,1,0.61133796
1,1,1,0.53619164
1,1,1,0.69222724
1,0,0,0.24451771
1,0,0,0.38023108
1,0,0,0.33626345
1,1,1,0.71496105
1,0,0,0.48209772
1,0,0,0.23701742
1,1,1,0.60718477
1,0,0,0.07150876
1,0,0,0.20201008
1,1,0,0.41969427
1,1,1,0.52758217
1,0,0,0.10611109
1,0,1,0.57552266
1,0,0,0.18129106
1,1,1,0.6147217
1,0,0,0.4425417
1,1,1,0.5332605
1,1,0,0.4760918
1,1,1,0.8742319
1,1,1,0.68289244
1,0,1,0.8083658
1,0,1,0.80232894
1,0,1,0.57311565
1,1,1,0.50464344
1,1,1,0.5647981
1,1,1,0.7419811
1,0,0,0.3064161
1,0,0,0.12092092
1,0,0,0.49942797
1,1,1,0.8559064
1,0,1,0.7206937
1,0,0,0.11589411
1,1,1,0.5315744
1,1,1,0.60202295
1,0,0,0.18258402
1,1,1,0.6543066
1,1,1,0.7368241
1,0,1,0.6785391
1,0,0,0.081677556
1,0,0,0.09808215
1,0,1,0.7263575
1,1,1,0.761046
1,0,1,0.62689966
1,1,1,0.8998442
1,0,1,0.7552122
1,1,1,0.7075101
1,1,1,0.6709114
1,1,0,0.2620469
1,1,1,0.85148346
1,0,1,0.6486365
1,0,1,0.67162347
1,1,1,0.7490093
1,1,0,0.2835544
1,1,0,0.20813729
1,1,1,0.71583676
1,0,0,0.23639838
1,0,0,0.28105238
1,0,0,0.4835992
1,0,0,0.088984
1,0,1,0.7104337
1,0,0,0.12288189
1,0,0,0.31181738
1,0,0,0.039109036
1,1,1,0.6364353
1,0,0,0.079285376
1,0,0,0.33547902
1,1,1,0.8209818
1,1,1,0.66653204
1,1,0,0.48134592
1,0,0,0.21574642
1,0,0,0.24120525
1,0,1,0.6297444
1,0,0,0.16660781
1,1,1,0.5862365
1,1,1,0.6481445
1,1,0,0.22427854
1,1,1,0.5867102
1,0,0,0.34499142
1,0,0,0.234508
1,1,1,0.6584596
1,0,0,0.178502
1,0,1,0.51647186
1,1,1,0.8784007
1,0,1,0.6385532
1,0,1,0.69716406
1,1,1,0.69189805
1,1,1,0.5009943
1,1,1,0.83009136
1,0,0,0.089054115
1,1,1,0.73035866
1,0,0,0.2822002
1,1,0,0.114468224
1,1,1,0.5677262
1,0,1,0.63298595
1,0,1,0.56628007
1,0,1,0.56201655
1,0,0,0.24647368
1,0,1,0.8015226
1,1,1,0.66188043
1,1,1,0.86871976
1,1,1,0.8175955
1,0,1,0.5355525
1,1,0,0.14923936
1,0,0,0.20364532
1,1,1,0.6037015
1,1,1,0.7805971
1,1,1,0.8062022
1,0,0,0.4270656
1,0,0,0.12534864
1,1,0,0.3421199
1,0,0,0.082579814
1,0,0,0.06639737
1,0,0,0.19216178
1,0,0,0.07730453
1,0,1,0.5723349
1,0,0,0.2814267
1,0,0,0.37217188
1,0,0,0.09447656
1,1,0,0.09527813
1,1,0,0.059072144
1,1,1,0.8500022
1,0,1,0.638754
1,0,1,0.5017303
1,0,0,0.35018778
1,1,1,0.62015945
1,1,0,0.32524905
1,1,1,0.6894476
1,0,0,0.28865758
1,1,0,0.3606635
1,1,1,0.9272836
1,0,1,0.7480409
1,0,0,0.15279366
1,0,1,0.6113608
1,1,1,0.77500546
1,0,0,0.47891113
1,0,0,0.0845205
1,0,1,0.7762674
1,1,0,0.447207
1,1,1,0.683154
1,1,1,0.7590029
1,1,1,0.6500763
1,1,0,0.17946509
1,0,0,0.48001164
1,1,1,0.7133187
1,1,1,0.5591989
1,1,0,0.4603841
1,0,1,0.7477059
1,1,1,0.8242229
1,0,1,0.5942025
1,1,0,0.49302372
1,1,1,0.5359185
1,0,0,0.0850502
1,0,0,0.3958444
1,0,0,0.23111609
1,1,1,0.5257315
1,1,0,0.4975687
1,1,1,0.76905537
1,0,1,0.6608358
1,0,0,0.45565534
1,0,0,0.4256285
1,0,1,0.5884113
1,0,1,0.6685174
1,1,1,0.6595275
1,0,0,0.35551247
1,1,1,0.70168734
1,0,0,0.34422508
1,1,1,0.61118245
1,1,0,0.37573537
1,0,0,0.11021413
1,0,1,0.52612805
1,1,1,0.61362135
1,1,1,0.52923805
1,1,0,0.22446872
1,1,1,0.6422725
1,0,0,0.2717671
1,0,1,0.64044005
1,0,1,0.50502414
1,1,1,0.70758444
1,0,0,0.09722439
1,0,0,0.2904783
1,0,0,0.38593653
1,1,0,0.4308498
1,1,0,0.22877952
1,1,1,0.60466856
1,0,0,0.47949523
1,0,0,0.08928661
1,1,0,0.10662331
1,1,1,0.7226927
1,1,1,0.61898196
1,1,1,0.6065027
1,0,1,0.5710314
1,0,0,0.480232
1,0,0,0.19581635
1,1,1,0.5368169
1,0,0,0.24798003
1,1,0,0.22182426
1,0,0,0.36932838
1,0,1,0.65705544
1,0,1,0.62813824
1,0,0,0.2236177
1,0,0,0.10337048
1,0,1,0.6633655
1,1,1,0.5804464
1,1,1,0.6997385
1,0,0,0.11445578
1,0,0,0.2176069
1,1,0,0.16659634
1,1,1,0.81660837
1,0,0,0.05752181
1,0,0,0.15385666
1,0,1,0.5744615
1,0,1,0.54813534
1,1,0,0.1729534
1,0,1,0.5101611
1,1,0,0.4916093
1,0,0,0.15730558
1,0,0,0.23614429
1,1,1,0.6552091
1,1,1,0.68872887
1,0,0,0.38668156
1,0,1,0.6708888
1,1,1,0.70028293
1,1,0,0.09479896
1,0,1,0.6069808
1,1,1,0.6853151
1,0,0,0.31120202
1,1,0,0.22055094
1,1,1,0.5995329
1,1,1,0.64376205
1,0,0,0.1850841
1,0,0,0.3180043
1,0,0,0.099930316
1,1,1,0.5847093
1,0,0,0.19838136
1,0,0,0.14477961
1,0,0,0.15941527
1,1,1,0.671163
1,1,1,0.7119757
1,1,1,0.7931012
1,1,1,0.78479093
1,1,0,0.22790115
1,0,0,0.2833676
1,0,0,0.15501326
1,1,1,0.78993344
1,0,0,0.07648615
1,1,1,0.7933231
1,0,1,0.608845
1,1,1,0.5919489
1,0,0,0.37150127
1,0,0,0.08053522
1,1,1,0.8030908
1,1,1,0.5131012
1,0,1,0.5147127
1,1,0,0.32441786
1,0,0,0.1979158
1,0,1,0.56299704
1,1,0,0.41849872
1,1,1,0.6537675
1,1,0,0.4612008
1,0,1,0.64408535
1,0,0,0.3288105
1,1,1,0.76088154
1,1,0,0.39638704
1,1,0,0.26375479
1,1,0,0.27162856
1,0,1,0.68034023
1,0,1,0.5856965
1,0,1,0.7047493
1,0,1,0.55592775
1,1,1,0.7028422
1,0,0,0.48432592
1,1,1,0.5771898
1,1,0,0.09304404
1,0,0,0.101359755
1,1,0,0.20732656
1,1,0,0.46873912
1,0,0,0.12043258
1,1,0,0.2406457
1,0,0,0.25122738
1,0,0,0.46359605
1,1,1,0.76465744
1,1,1,0.7070929
1,0,1,0.76316977
1,0,0,0.111767404
1,1,0,0.33199638
1,1,0,0.4003101
1,1,1,0.7636606
1,0,1,0.63807106
1,0,0,0.35587537
1,1,1,0.6252627
1,1,0,0.43492588
1,0,0,0.47940508
1,1,1,0.6047353
1,0,1,0.6223799
1,0,1,0.7877707
1,0,0,0.21818927
1,0,0,0.3271162
1,0,1,0.65741223
1,1,1,0.5169601
1,0,0,0.45081714
1,0,0,0.31072637
1,1,0,0.47928697
1,0,0,0.3099268
1,1,0,0.07859689
1,1,1,0.814142
1,1,1,0.8759547
1,1,0,0.17714778
1,1,0,0.34000108
1,1,0,0.4349046
1,0,1,0.56798166
1,1,1,0.6309589
1,0,1,0.7639502
1,1,1,0.91326255
1,1,1,0.79026
1,1,1,0.7688471
1,0,0,0.13857518
1,0,0,0.07650011
1,1,1,0.6019237
1,1,1,0.6631452
1,0,0,0.16656533
1,0,0,0.19988772
1,0,0,0.42795542
1,1,0,0.3611513
1,0,0,0.14061041
1,0,0,0.25241113
1,1,0,0.1344296
1,1,1,0.78670406
1,0,0,0.46328607
1,0,0,0.21079686
1,1,1,0.57400876
1,0,0,0.33855918
1,0,0,0.19167797
1,1,1,0.72421634
1,0,1,0.5803053
1,0,0,0.16090229
1,0,1,0.57408977
1,0,0,0.0628097
1,1,1,0.7445348
1,0,0,0.46630916
1,0,1,0.7103275
1,1,1,0.6684123
1,0,1,0.58452505
1,1,1,0.7620706
1,1,1,0.7032779
1,0,0,0.38421494
1,1,1,0.6634319
1,1,1,0.7522066
1,0,0,0.23947479
1,1,1,0.5232017
1,0,1,0.5718329
1,1,1,0.7065607
1,0,0,0.4185795
1,0,1,0.66500413
1,0,1,0.72505766
1,0,1,0.55426747
1,0,1,0.509958
1,1,1,0.55859244
1,0,1,0.6788282
1,1,0,0.48676798
1,0,1,0.667766
1,1,0,0.49964544
1,1,1,0.56649834
1,1,1,0.70261526
1,1,1,0.5288744
1,1,1,0.872471
1,1,1,0.81472474
1,1,0,0.40251938
1,1,0,0.2780659
1,0,0,0.15428278
1,1,1,0.6069575
1,0,0,0.22078273
1,0,0,0.06791643
1,0,0,0.13933995
1,0,0,0.15850459
1,0,0,0.081434
1,0,0,0.17841507
1,1,0,0.3220229
1,0,1,0.6883192
1,0,0,0.08804023
1,1,1,0.8573284
1,1,1,0.53278553
1,0,0,0.38529444
1,0,1,0.5431057
1,0,1,0.7373251
1,0,1,0.680893
1,0,1,0.79134005
1,0,0,0.40901732
1,1,0,0.058171187
1,1,0,0.29943126
1,0,0,0.44152668
1,1,1,0.7056
1,1,1,0.6732324
1,0,0,0.22382502
1,0,1,0.54510576
1,0,1,0.5567377
1,1,1,0.6601916
1,0,0,0.06607979
1,0,1,0.71858436
1,1,1,0.65645343
1,0,1,0.55643904
1,0,0,0.43588358
1,1,1,0.6220752
1,0,0,0.4516519
1,1,1,0.6034376
1,1,0,0.39639217
1,1,1,0.82851094
1,1,1,0.63929397
1,0,0,0.10753567
1,1,1,0.62345713
1,1,0,0.37318727
1,0,0,0.12465995
1,1,1,0.56531286
1,0,0,0.099270575
1,0,0,0.061760746
1,0,0,0.24275947
1,0,0,0.109165356
1,0,1,0.69853616
1,0,1,0.74855095
1,1,1,0.7961881
1,1,0,0.36866766
1,0,0,0.15178168
1,0,1,0.5179709
1,0,0,0.09923085
1,0,1,0.5561647
1,0,0,0.18376654
1,1,1,0.7045079
1,1,0,0.3199781
1,0,0,0.23376054
1,1,0,0.16689067
1,1,1,0.816786
1,1,1,0.6853737
1,0,0,0.3118796
1,1,1,0.71224064
1,0,0,0.2272898
1,1,0,0.37801453
1,1,0,0.45731413
1,0,1,0.5863556
1,0,1,0.5347661
1,0,0,0.060274474
1,0,1,0.7140889
1,0,0,0.26941422
1,1,1,0.65830374
1,1,1,0.7906576
1,0,1,0.5856602
1,0,0,0.25945544
1,1,1,0.6178789
1,1,1,0.69765
1,0,0,0.29678527
1,0,0,0.43493938
1,1,1,0.8320474
1,0,1,0.58923906
1,1,1,0.65102476
1,0,0,0.06259717
1,0,1,0.6224791
1,1,1,0.67589986
1,1,1,0.58607996
1,0,0,0.35926566
1,1,1,0.6452707
1,1,1,0.84346664
1,0,1,0.59312344
1,1,1,0.77643996
1,1,1,0.5301196
1,0,0,0.1320242
1,1,1,0.60016483
1,0,0,0.20694146
1,1,0,0.32151896
1,1,1,0.83507377
1,1,1,0.7389436
1,0,1,0.70893514
1,0,0,0.07964804
1,1,1,0.59985393
1,1,1,0.7758152
1,0,1,0.54658604
1,1,1,0.53798264
1,1,1,0.5768076
1,1,1,0.772828
1,0,0,0.20020102
1,0,0,0.08624215
1,0,1,0.6003046
1,0,1,0.78344697
1,0,0,0.21791212
1,1,0,0.441168
1,0,0,0.08562431
1,1,0,0.101538494
1,1,1,0.92037034
1,1,1,0.5260864
1,0,0,0.2858934
1,0,1,0.71281964
1,1,1,0.70362324
1,1,1,0.66130996
1,0,1,0.53215486
1,0,0,0.29518768
1,1,0,0.31445456
1,0,0,0.10446675
1,0,0,0.100714415
1,1,1,0.7272301
1,1,1,0.6671538
1,1,1,0.58438176
1,0,0,0.1828672
1,0,0,0.4853567
1,0,0,0.48273993
1,0,1,0.7378086
1,0,1,0.52751976
1,1,1,0.54429346
1,1,1,0.7009976
1,1,1,0.5768746
1,0,1,0.5170525
1,1,1,0.6272145
1,1,0,0.37103003
1,0,0,0.22464903
1,1,1,0.567034
1,0,1,0.59339935
1,0,1,0.5507068
1,1,0,0.27278796
1,0,1,0.54194516
1,1,0,0.3824763
1,1,1,0.5055707
1,0,1,0.5383251
1,1,0,0.47224334
1,0,1,0.5306794
1,0,0,0.123581514
1,1,0,0.4711368
1,0,0,0.1332189
1,0,0,0.11256766
1,0,0,0.3890786
1,0,0,0.112749055
1,0,0,0.38092408
1,0,1,0.6960367
1,1,1,0.6001781
1,1,1,0.64775425
1,0,1,0.6456502
1,1,1,0.6450983
1,0,1,0.52292544
1,0,1,0.54262483
1,0,1,0.54866123
1,1,1,0.6081593
1,1,1,0.6082394
1,1,1,0.6781029
1,0,1,0.5029977
1,1,1,0.58465564
1,0,1,0.64404494
1,1,1,0.6153912
1,0,1,0.550515
1,0,0,0.08839916
1,0,0,0.32606107
1,1,0,0.4632627
1,0,0,0.115705356
1,1,0,0.31432754
1,1,0,0.12562954
1,0,0,0.21816202
1,0,0,0.15789884
1,0,0,0.2991461
1,1,1,0.7775503
1,0,1,0.5943931
1,1,1,0.63694686
1,0,0,0.4494021
1,0,0,0.34691024
1,0,0,0.1025011
1,1,0,0.45001823
1,0,0,0.35705867
1,1,0,0.43003088
1,1,0,0.4419428
1,1,0,0.39019123
1,0,0,0.44496495
1,0,0,0.08088498
1,1,1,0.80588114
1,1,1,0.7823694
1,0,0,0.21999213
1,0,0,0.3531993
1,0,0,0.078891404
1,0,0,0.05680072
1,1,1,0.9262857
1,0,1,0.758054
1,0,0,0.42445934
1,0,0,0.380389
1,0,0,0.19457477
1,1,1,0.694188
1,0,1,0.53508526
1,0,1,0.55436784
1,1,0,0.4586028
1,1,1,0.5037855
1,1,1,0.73183656
1,1,1,0.5108998
1,0,0,0.060759246
1,1,1,0.7693355
1,0,1,0.55501056
1,1,1,0.6971715
1,0,0,0.24889953
1,0,0,0.443812
1,1,0,0.44481152
1,0,0,0.09701944
1,1,1,0.83363914
1,1,1,0.6036579
1,1,0,0.42387217
1,1,1,0.77244794
1,1,1,0.50835156
1,0,1,0.6865454
1,0,0,0.4698166
1,0,0,0.37484798
1,1,1,0.6030211
1,1,1,0.7202444
1,0,1,0.5511345
1,0,1,0.7016003
1,0,1,0.6676116
1,0,1,0.76875037
1,0,1,0.5073442
1,0,0,0.47747993
1,0,1,0.72315896
1,0,1,0.77321196
1,0,1,0.68157583
1,1,1,0.50162566
1,0,1,0.56338435
1,0,0,0.4514337
1,0,1,0.5265313
1,1,0,0.4775651
1,0,0,0.25024968
1,0,0,0.49326456
1,0,0,0.0657151
1,1,1,0.6369898
1,1,1,0.5191556
1,1,1,0.59163946
1,1,0,0.07913996
1,1,1,0.63141423
1,1,1,0.79846895
1,1,1,0.56263995
1,1,1,0.6002148
1,0,0,0.43973976
1,0,0,0.080667906
1,0,1,0.5950902
1,1,1,0.82611364
1,0,0,0.49611285
1,1,1,0.55473936
1,0,0,0.1560526
1,0,0,0.4931832
1,0,0,0.34958115
1,0,0,0.13934542
1,1,1,0.68092006
1,1,0,0.46187142
1,1,1,0.7538396
1,0,1,0.77294904
1,0,1,0.6876872
1,0,0,0.36445168
1,0,1,0.52950656
1,1,1,0.5033828
1,1,1,0.629844
1,1,0,0.41735312
1,1,1,0.73017085
1,1,1,0.5416609
1,0,0,0.45538992
1,1,0,0.3589022
1,1,1,0.64608437
1,1,1,0.5700809
1,1,1,0.568751
1,0,1,0.6752295
1,0,0,0.26343226
1,0,0,0.2247749
1,0,0,0.41757646
1,0,0,0.34567347
1,0,0,0.18556516
1,1,1,0.5796964
1,0,1,0.59518397
1,0,0,0.45988455
1,0,0,0.3477067
1,1,0,0.44729018
1,0,1,0.50897706
1,1,1,0.6698224
1,1,0,0.4268915
1,1,1,0.7356859
1,0,1,0.5005223
1,1,1,0.56985563
1,1,1,0.659905
1,0,0,0.48761356
1,1,0,0.48241973
1,1,1,0.66211814
1,0,0,0.4347411
1,1,1,0.61106503
1,1,1,0.62988454
1,0,1,0.5157961
1,1,1,0.5963981
1,0,0,0.48494336
1,1,1,0.7605682
1,0,0,0.4768323
1,0,1,0.52499807
1,0,0,0.3557123
1,0,0,0.25574443
1,1,1,0.5513323
1,0,1,0.5145905
1,0,0,0.3824022
1,1,1,0.8170913
1,1,1,0.60996217
1,0,1,0.6333554
1,1,1,0.5295684
1,1,1,0.5408307
1,0,1,0.63653034
1,1,1,0.67822886
1,0,1,0.6320967
1,0,0,0.21468177
1,0,0,0.28584722
1,0,0,0.26048788
1,1,1,0.78840715
1,0,1,0.5012697
1,1,1,0.736242
1,0,0,0.37637514
1,0,0,0.37390715
1,1,1,0.63819134
1,1,0,0.31618193
1,0,0,0.4674098
1,0,0,0.10258606
1,0,0,0.08082884
1,0,1,0.77569443
1,1,0,0.4236435
1,1,1,0.53767747
1,1,1,0.50762826
1,0,0,0.45742187
1,0,0,0.4200976
1,0,1,0.596103
1,0,1,0.58510727
1,1,1,0.6053043
1,0,1,0.6684754
1,0,0,0.40620953
1,0,0,0.38753146
1,1,1,0.6138067
1,1,1,0.75762033
1,1,1,0.7039018
1,0,1,0.66799307
1,1,1,0.66371614
1,0,0,0.4610625
1,0,1,0.56209314
1,1,0,0.48261634
1,1,0,0.47956637
1,1,0,0.3839048
1,0,1,0.62407815
1,1,1,0.5426984
1,1,0,0.48465517
1,0,0,0.36796105
1,0,0,0.3431418
1,0,0,0.3052818
1,1,0,0.4899388
1,0,0,0.44273913
1,0,0,0.30909848
1,0,1,0.7943649
1,1,1,0.7099877
1,0,1,0.7125625
1,1,1,0.5145251
1,1,1,0.7975204
1,1,1,0.70340276
1,0,1,0.647543
1,0,0,0.37528396
1,1,0,0.208536
1,1,0,0.37364966
1,0,0,0.4066759
1,0,0,0.21413824
1,0,0,0.41847357
1,0,0,0.20512195
1,0,1,0.7070219
1,1,0,0.36349407
1,1,1,0.7434774
1,1,1,0.6556278
1,1,0,0.4688652
1,1,1,0.7069051
1,0,1,0.61027896
1,1,0,0.17686284
1,0,0,0.33954808
1,0,0,0.33827612
1,1,0,0.41557565
1,1,0,0.44909957
1,1,1,0.59839267
1,0,0,0.22347443
1,1,0,0.18337584
1,0,1,0.5393948
1,0,1,0.5679303
1,1,1,0.61725754
1,1,1,0.6829086
1,0,0,0.39060608
1,0,0,0.37067428
1,0,0,0.18625963
1,0,0,0.12420812
1,0,0,0.14482571
1,0,1,0.58900046
1,0,0,0.47960228
1,0,0,0.4300201
1,0,1,0.54935974
1,1,1,0.84606844
1,1,1,0.6027477
1,1,1,0.7314851
1,0,0,0.16654067
1,0,0,0.124274455
1,0,1,0.76564956
1,1,0,0.470896
1,0,0,0.1549407
1,1,1,0.5949699
1,1,1,0.6597414
1,1,1,0.6028556
1,0,0,0.28352877
1,0,0,0.13732132
1,1,1,0.7527814
1,1,0,0.47454527
1,1,0,0.43701866
1,0,0,0.06593938
1,0,0,0.10574836
1,0,0,0.21879938
1,1,1,0.6484713
1,0,1,0.50269186
1,0,1,0.69771636
1,1,1,0.5763579
1,0,0,0.15892294
1,1,1,0.67028856
1,0,0,0.46447265
1,0,0,0.17869934
1,0,0,0.47981906
1,1,1,0.8048118
1,0,1,0.6404324
1,0,1,0.6610727
1,0,1,0.5885098
1,0,0,0.4476093
1,1,0,0.39234015
1,1,1,0.58799607
1,0,1,0.70355314
1,0,1,0.6015446
1,1,1,0.63157725
1,0,0,0.37191653
1,1,1,0.5564408
1,0,1,0.64803195
1,0,1,0.5825069
1,0,0,0.36208364
1,1,1,0.6615065
1,1,1,0.6430425
1,1,1,0.5641348
1,0,1,0.5167565
1,1,1,0.86894906
1,1,1,0.59945375
1,0,1,0.53470886
1,0,0,0.36800605
1,1,1,0.75476885
1,1,1,0.6759362
1,0,1,0.7028576
1,1,1,0.72388273
1,0,1,0.71694446
1,1,0,0.4050442
1,1,1,0.6468006
1,1,1,0.7044027
1,1,1,0.5776457
1,0,1,0.5571756
1,0,1,0.8879102
1,0,1,0.5667042
1,0,1,0.5738773
1,1,1,0.5976567
1,0,1,0.7028101
1,0,1,0.6925289
1,1,1,0.61809516
1,1,1,0.6567891
1,0,0,0.4344087
1,0,0,0.14921601
1,1,1,0.69573313
1,0,0,0.35589558
1,0,0,0.32561782
1,0,0,0.42874518
1,1,1,0.5781837
1,1,1,0.6796237
1,1,1,0.6830568
1,1,1,0.73497796
1,1,1,0.62743646
1,0,1,0.50256675
1,1,0,0.33491227
1,0,1,0.6205592
1,0,1,0.60084385
1,0,1,0.60623264
1,0,0,0.15930022
1,1,0,0.39786348
1,0,0,0.2062727
1,1,1,0.7451664
1,1,1,0.68664247
1,1,1,0.6308292
1,1,1,0.8995993
1,0,1,0.5838565
1,1,1,0.5430247
1,0,0,0.17742397
1,1,1,0.60104203
1,0,0,0.17688176
1,0,0,0.25373137
1,0,0,0.13997477
1,1,0,0.44615096
1,1,1,0.59663016
1,1,0,0.4682804
1,0,0,0.1271808
1,0,0,0.12851727
1,0,0,0.18368047
1,1,0,0.4042909
1,1,0,0.31117776
1,0,0,0.116806746
1,0,0,0.4313456
1,0,0,0.3617005
1,0,0,0.32783195
1,1,0,0.33330157
1,0,0,0.20214102
1,0,0,0.1857778
1,0,0,0.24289604
1,1,0,0.40189713
1,1,1,0.8203255
1,1,0,0.4277014
1,0,0,0.3678565
1,1,0,0.47291222
1,1,0,0.44091353
1,1,0,0.41512415
1,0,0,0.029832948
1,0,0,0.2786556
1,0,0,0.47597587
1,0,0,0.30792603
1,0,0,0.12844183
1,1,1,0.5483046
1,1,0,0.29709503
1,1,1,0.5648072
1,0,0,0.35605237
1,0,1,0.6449132
1,1,1,0.65349287
1,0,1,0.6138119
1,0,0,0.23441595
1,0,0,0.3916034
1,0,1,0.6020369
1,1,0,0.2328576
1,1,1,0.5423013
1,0,1,0.51702434
1,0,0,0.072032206
1,0,0,0.11689212
1,0,0,0.05960678
1,1,1,0.77013355
1,1,1,0.5489074
1,1,1,0.76185507
1,0,0,0.28816354
1,0,0,0.37357903
1,0,1,0.71533805
1,0,1,0.52173615
1,1,0,0.39398122
1,0,0,0.4478731
1,1,1,0.628083
1,0,0,0.34389296
1,1,1,0.77679336
1,1,0,0.49791154
1,1,0,0.06417319
1,1,1,0.7362444
1,1,1,0.61392117
1,0,0,0.1208174
1,0,0,0.21106225
1,0,1,0.6196858
1,0,1,0.50600386
1,0,0,0.17245692
1,0,0,0.2016148
1,0,0,0.1224239
1,0,0,0.42806762
1,1,1,0.58112186
1,0,0,0.06046865
1,1,1,0.72896135
1,1,0,0.4182472
1,1,1,0.7378678
1,0,1,0.6053227
1,0,1,0.70990765
1,1,1,0.71898663
1,0,0,0.0871966
1,1,0,0.4697112
1,0,0,0.357211
1,0,0,0.06490004
1,0,1,0.5519623
1,1,1,0.83390284
1,1,1,0.80553114
1,0,1,0.60482967
1,1,1,0.853689
1,1,1,0.6983654
1,0,1,0.6871747
1,1,1,0.81376326
1,0,1,0.56237024
1,0,1,0.6078661
1,1,1,0.67090034
1,0,1,0.73994195
1,0,1,0.64987075
1,1,1,0.8683195
1,1,1,0.68308914
1,0,0,0.2654243
1,1,1,0.82767475
1,1,1,0.6738281
1,0,1,0.62444556
1,1,1,0.8341209
1,0,0,0.11076816
1,0,0,0.23114075
1,1,1,0.7861002
1,0,0,0.19474706
1,0,0,0.23869056
1,0,0,0.24481083
1,1,0,0.31557468
1,0,0,0.47839844
1,0,0,0.062102567
1,1,1,0.78945214
1,0,1,0.6174598
1,0,1,0.7368057
1,1,1,0.6148742
1,1,1,0.7399596
1,0,1,0.65140444
1,1,1,0.6583332
1,1,1,0.8877252
1,1,1,0.5228095
1,0,0,0.3626038
1,1,1,0.65440613
1,0,0,0.3053872
1,0,0,0.4853654
1,1,1,0.61620784
1,0,1,0.5222894
1,0,0,0.29801255
1,1,1,0.79369766
1,1,0,0.48678374
1,0,0,0.44693887
1,0,0,0.46912885
1,1,0,0.47324738
1,1,1,0.8659007
1,0,0,0.09130232
1,0,0,0.1524401
1,1,1,0.51136494
1,0,1,0.6588544
1,0,1,0.5670148
1,1,0,0.4274412
1,0,1,0.5710257
1,1,1,0.5035298
1,0,0,0.35476652
1,0,0,0.47585523
1,1,1,0.5202568
1,1,1,0.6511465
1,0,0,0.3533562
1,0,0,0.3737645
1,0,1,0.6856178
1,0,1,0.61764723
1,0,1,0.5412373
1,0,0,0.4847617
1,1,1,0.5723888
1,1,0,0.44187444
1,0,1,0.5073287
1,1,1,0.69777083
1,0,1,0.6399155
1,1,1,0.6306519
1,1,1,0.5869533
1,0,1,0.5158457
1,1,1,0.69482565
1,0,0,0.46077257
1,0,1,0.5857654
1,0,1,0.6083449
1,1,0,0.49660754
1,1,1,0.71975195
1,0,1,0.57471234
1,1,1,0.7193014
1,0,1,0.54723376
1,0,0,0.14877309
1,1,1,0.8637607
1,0,1,0.5083578
1,1,1,0.8595187
1,0,0,0.20030372
1,0,0,0.07397366
1,0,0,0.08411145
1,1,0,0.31572253
1,0,0,0.24952105
1,0,0,0.06955631
1,1,1,0.64576304
1,0,0,0.16005763
1,0,0,0.14409655
1,1,1,0.5325739
1,1,0,0.33980066
1,0,0,0.050394986
1,0,0,0.37082595
1,0,0,0.38981178
1,1,0,0.4576742
1,0,0,0.17001271
1,1,1,0.6788452
1,1,1,0.8825113
1,0,0,0.44906542
1,1,0,0.16627906
1,0,0,0.061183818
1,0,0,0.34533763
1,1,1,0.70886403
1,1,0,0.11197327
1,0,0,0.33768556
1,1,1,0.6974231
1,0,0,0.088691205
1,1,0,0.42108625
1,1,1,0.583596
1,0,0,0.1471117
1,0,1,0.7045697
1,1,1,0.6936104
1,0,0,0.17157504
1,1,0,0.3534081
1,0,1,0.63816524
1,0,0,0.06973662
1,1,1,0.87541723
1,1,1,0.66739106
1,0,1,0.6439436
1,0,1,0.56549376
1,1,0,0.4302125
1,0,1,0.5604458
1,0,0,0.4413206
1,1,1,0.60085166
1,0,1,0.6064318
1,1,1,0.5974952
1,1,0,0.42484376
1,0,0,0.33401963
1,0,0,0.36016095
1,0,1,0.6634187
1,1,1,0.67884344
1,1,1,0.744304
1,0,0,0.39554286
1,0,0,0.19687861
1,1,1,0.86256033
1,0,0,0.3863565
1,0,1,0.65374756
1,1,1,0.7240408
1,1,1,0.6663483
1,1,1,0.84905887
1,1,1,0.73469174
1,0,0,0.223103
1,0,1,0.75730085
1,0,1,0.60924166
1,1,1,0.811111
1,0,0,0.48786807
1,0,1,0.6444513
1,0,0,0.35299087
1,1,1,0.8224192
1,1,0,0.43658763
1,0,1,0.6311296
1,1,1,0.70583147
1,0,0,0.43923205
1,1,1,0.6960533
1,1,1,0.80954087
1,0,1,0.672174
1,0,0,0.14538282
1,0,1,0.517501
1,1,0,0.43015635
1,0,1,0.6886612
1,0,1,0.6158041
1,1,1,0.89699656
1,1,1,0.6731297
1,0,1,0.74416155
1,0,1,0.6610301
1,0,1,0.50651467
1,0,0,0.04730299
1,1,0,0.3288722
1,0,1,0.7064264
1,0,1,0.53488207
1,1,1,0.5610877
1,1,1,0.7823216
1,0,0,0.49885663
1,1,1,0.69657224
1,1,1,0.62213904
1,1,1,0.54049534
1,1,0,0.49280983
1,0,1,0.56737113
1,1,0,0.39293298
1,1,1,0.52555555
1,0,1,0.59891266
1,0,0,0.48845753
1,1,1,0.61355793
1,0,1,0.75674605
1,1,0,0.45062658
1,0,0,0.15395918
1,0,0,0.2155447
1,0,0,0.2007245
1,0,1,0.6022608
1,0,0,0.33931738
1,1,0,0.43874827
1,0,0,0.39947805
1,0,0,0.41992998
1,1,0,0.49933177
1,0,0,0.39344385
1,1,1,0.91601
1,0,1,0.5963782
1,0,0,0.4904042
1,1,0,0.39437327
1,1,1,0.5924353
1,1,1,0.7380004
1,0,0,0.1573191
1,1,1,0.59286505
1,0,0,0.058517024
1,1,1,0.53081304
1,0,1,0.5930681
1,0,0,0.25932983
1,0,0,0.09683692
1,1,1,0.80826795
1,0,1,0.61398906
1,0,0,0.060795546
1,0,1,0.54880327
1,1,1,0.6995424
1,0,0,0.4180974
1,0,0,0.36708754
1,0,0,0.4957956
1,0,1,0.5289558
1,1,1,0.6562867
1,1,0,0.49086943
1,1,1,0.7538854
1,1,1,0.7065293
1,1,0,0.49522775
1,0,1,0.77098924
1,1,0,0.4986937
1,0,0,0.46740165
1,0,1,0.62814337
1,1,0,0.4715562
1,1,1,0.76128423
1,0,0,0.4201988
1,1,1,0.6811697
1,1,0,0.20817743
1,0,1,0.62841165
1,1,0,0.32382637
1,0,1,0.5864793
1,0,0,0.478426
1,0,0,0.047478635
1,1,1,0.67186713
1,1,1,0.56934494
1,0,0,0.3751159
1,0,0,0.46656474
1,0,1,0.7603341
1,0,0,0.29753688
1,0,0,0.4549351
1,1,1,0.75643516
1,1,1,0.7236164
1,0,0,0.11947311
1,1,1,0.88721573
1,0,1,0.62441444
1,1,0,0.3686347
1,0,0,0.0878533
1,0,1,0.5075236
1,1,1,0.8016768
1,1,1,0.5667166
1,1,1,0.647832
1,0,1,0.51248986
1,0,0,0.11785532
1,0,0,0.13710728
1,1,1,0.6706538
1,0,0,0.3649425
1,0,1,0.54261094
1,0,0,0.3541515
1,0,0,0.34163347
1,0,0,0.46574095
1,0,1,0.575062
1,1,1,0.57019037
1,0,1,0.58710855
1,0,0,0.14948672
1,1,0,0.32569024
1,0,1,0.58073115
1,1,1,0.5670622
1,0,1,0.5927555
1,1,1,0.6390327
1,1,0,0.14642993
1,0,1,0.5564888
1,1,1,0.55196875
1,1,1,0.62829584
1,0,0,0.43717572
1,0,0,0.45831066
1,0,0,0.17386691
1,0,0,0.11453913
1,1,0,0.4221359
1,1,0,0.4705017
1,0,0,0.4331266
1,1,0,0.34928522
1,1,1,0.7450846
1,0,1,0.6550471
1,0,0,0.104357675
1,0,0,0.08925321
1,1,1,0.63378316
1,1,0,0.117378846
1,0,0,0.077694945
1,1,1,0.6716525
1,1,1,0.733022
1,1,1,0.7717317
1,0,0,0.110821046
1,0,0,0.1679165
1,0,0,0.15329227
1,0,0,0.20632096
1,0,0,0.09290287
1,0,0,0.35656822
1,1,0,0.20362234
1,0,0,0.41217232
1,0,0,0.084962256
1,0,1,0.5038996
1,0,0,0.46487895
1,0,0,0.29647163
1,1,1,0.5240617
1,1,0,0.17058863
1,1,1,0.6962809
1,1,1,0.7225269
1,1,1,0.72583663
1,0,0,0.29910406
1,0,0,0.1659101
1,0,0,0.06826419
1,1,0,0.251388
1,0,0,0.47415373
1,1,0,0.08351343
1,1,1,0.77305716
1,0,0,0.470287
1,0,1,0.59318244
1,0,0,0.077368505
1,1,0,0.43668365
1,0,0,0.120224945
1,0,0,0.3613921
1,0,1,0.5082423
1,0,0,0.12416447
1,1,1,0.6818822
1,1,0,0.4561596
1,1,0,0.16168517
1,0,0,0.3792144
1,1,1,0.67182326
1,0,0,0.31714043
1,1,1,0.85956955
1,0,0,0.3987492
1,0,0,0.11053859
1,1,0,0.42320412
1,1,0,0.32092464
1,1,0,0.04839299
1,0,1,0.61100435
1,0,0,0.4961126
1,1,0,0.30908135
1,0,0,0.08990254
1,1,1,0.79708374
1,1,0,0.25101483
1,0,0,0.22911228
1,0,0,0.3634534
1,0,0,0.04629767
1,1,1,0.88281214
1,1,1,0.71704525
1,1,1,0.58828056
1,0,0,0.341779
1,1,1,0.563201
1,0,1,0.62175506
1,1,1,0.56716883
1,1,1,0.64795333
1,0,0,0.17034265
1,0,0,0.34138268
1,0,0,0.40416092
1,0,1,0.5675228
1,0,0,0.142124
1,0,1,0.67377174
1,0,0,0.29939502
1,1,0,0.48096716
1,1,1,0.63340473
1,0,0,0.0747306
1,0,0,0.10376465
1,1,0,0.4513014
1,1,1,0.64601904
1,1,0,0.34273204
1,1,1,0.7539715
1,1,0,0.4236435
1,1,1,0.53767747
1,1,1,0.50762826
1,0,0,0.45742187
1,0,0,0.4200976
1,0,1,0.596103
1,0,1,0.58510727
1,1,1,0.6053043
1,0,1,0.6684754
1,0,0,0.40620953
1,0,0,0.38753146
1,1,1,0.6138067
1,1,1,0.75762033
1,1,1,0.7039018
1,0,1,0.66799307
1,1,1,0.66371614
1,0,0,0.4610625
1,0,1,0.56209314
1,1,0,0.48261634
1,1,0,0.47956637
1,1,0,0.3839048
1,0,1,0.62407815
1,1,1,0.5426984
1,1,0,0.48465517
1,0,0,0.36796105
1,0,0,0.3431418
1,0,0,0.3052818
1,1,0,0.4899388
1,0,0,0.44273913
1,0,0,0.30909848
1,1,1,0.8533929
1,0,0,0.34857225
1,0,0,0.42476594
1,1,1,0.5356567
1,1,1,0.5921409
1,0,1,0.6877814
1,0,0,0.18211745
1,0,0,0.33650687
1,1,1,0.58088225
1,1,1,0.6060132
1,0,1,0.7235659
1,1,1,0.54776895
1,0,0,0.4830871
1,1,1,0.7583273
1,0,0,0.31714657
1,1,1,0.74225944
1,0,0,0.4058821
1,1,0,0.28152803
1,0,0,0.42972934
1,1,1,0.69328564
1,0,0,0.22581589
1,0,0,0.29586485
1,1,1,0.7339946
1,0,1,0.7031306
1,0,1,0.5634411
1,1,1,0.5237667
1,1,0,0.33704832
1,0,0,0.14383057
1,0,0,0.3409063
1,1,1,0.6848372
1,1,1,0.5556654
1,1,0,0.4483569
1,0,0,0.11762637
1,1,0,0.101245284
1,0,0,0.051489003
1,0,0,0.22730708
1,0,1,0.5613452
1,0,1,0.6447248
1,1,1,0.68697256
1,0,1,0.59892094
1,0,1,0.6666392
1,0,1,0.6892467
1,1,1,0.7354879
1,1,1,0.6618239
1,0,0,0.44368815
1,1,1,0.63025486
1,0,1,0.58403915
1,0,0,0.48312315
1,0,1,0.5284316
1,0,1,0.62845874
1,0,0,0.36022565
1,1,0,0.3415787
1,1,0,0.30132198
1,1,0,0.28154913
1,0,0,0.12349364
1,1,1,0.58110124
1,1,1,0.56858987
1,0,0,0.09569084
1,0,0,0.11013512
1,1,1,0.6865779
1,0,0,0.4238897
1,1,1,0.52185726
1,0,0,0.44102758
1,1,0,0.48855674
1,0,0,0.31309235
1,1,0,0.44112992
1,1,0,0.42245278
1,0,0,0.43418843
1,0,0,0.16045338
1,1,1,0.658819
1,0,1,0.5362277
1,1,1,0.5913281
1,0,0,0.1335032
1,0,0,0.12290445
1,0,1,0.5765056
1,0,1,0.64707637
1,0,0,0.3826596
1,1,1,0.8909553
1,1,0,0.44615248
1,0,1,0.5076128
1,1,1,0.70822406
1,0,1,0.7277983
1,0,1,0.8426082
1,0,1,0.82245123
1,0,0,0.14078686
1,1,1,0.6800869
1,0,1,0.71740586
1,1,0,0.41232765
1,1,0,0.35564375
1,1,1,0.8447938
1,1,1,0.7670681
1,1,1,0.7236259
1,0,0,0.07094885
1,0,1,0.7378575
1,0,1,0.58849293
1,1,1,0.7475727
1,0,1,0.5638335
1,0,0,0.11124698
1,0,0,0.21474911
1,0,0,0.07758185
1,1,1,0.6190325
1,1,0,0.4145615
1,1,0,0.47251758
1,0,0,0.12133439
1,1,1,0.6537509
1,0,1,0.5988771
1,0,1,0.5490416
1,0,1,0.65036803
1,1,1,0.65927416
1,0,0,0.05672848
1,1,1,0.5648357
1,0,0,0.15022661
1,1,0,0.44372234
1,1,0,0.32818714
1,0,0,0.3632487
1,1,0,0.3229954
1,0,0,0.14590861
1,0,1,0.5276691
1,0,1,0.8075877
1,0,0,0.47125012
1,0,0,0.1526014
1,1,0,0.41148135
1,1,0,0.3006096
1,0,1,0.5823293
1,1,0,0.076502934
1,0,0,0.47625908
1,1,0,0.4901252
1,0,0,0.3241939
1,0,1,0.7196966
1,1,1,0.525144
1,1,1,0.6366337
1,1,1,0.57630664
1,0,1,0.52812505
1,1,1,0.5631392
1,0,0,0.3813153
1,1,0,0.1468869
1,0,1,0.6486025
1,1,1,0.5699375
1,1,1,0.5248175
1,0,1,0.65444285
1,1,0,0.47986847
1,0,0,0.22404514
1,0,0,0.11912442
1,0,0,0.14057483
1,0,0,0.49264485
1,0,1,0.5337027
1,1,1,0.6285054
1,0,0,0.37824568
1,0,0,0.32643986
1,0,1,0.51555544
1,1,0,0.43652344
1,0,1,0.61423314
1,0,0,0.36985302
1,0,0,0.34030563
1,1,0,0.29563797
1,1,1,0.6075637
1,0,0,0.32638857
1,1,0,0.17353682
1,0,0,0.44201586
1,0,1,0.5961185
1,0,0,0.48486388
1,1,1,0.5577797
1,0,1,0.685084
1,1,1,0.5690231
1,1,1,0.6037419
1,1,1,0.503868
1,0,1,0.8816355
1,1,0,0.45993546
1,0,1,0.5378467
1,0,1,0.65884864
1,1,1,0.7373549
1,1,0,0.39817148
1,0,1,0.63220626
1,1,1,0.68007576
1,0,1,0.7171024
1,1,1,0.7790286
1,0,0,0.4955774
1,1,1,0.6151205
1,0,0,0.38921627
1,1,1,0.77950484
1,0,1,0.78677887
1,1,0,0.45997265
1,0,1,0.7854635
1,0,1,0.51422745
1,0,1,0.66723233
1,0,1,0.6665315
1,1,1,0.6643887
1,1,1,0.63332105
1,1,0,0.14338088
1,1,0,0.13049161
1,1,1,0.76971215
1,0,1,0.5652079
1,0,1,0.5897147
1,1,0,0.11640242
1,1,1,0.65943944
1,0,1,0.50132084
1,1,0,0.29866052
1,0,0,0.03407576
1,1,0,0.4119992
1,1,1,0.5208809
1,0,0,0.42571506
1,0,1,0.57773674
1,0,0,0.41747385
1,0,0,0.15300864
1,0,0,0.21075226
1,1,0,0.11758512
1,1,1,0.8858392
1,1,1,0.6227736
1,1,1,0.6702804
1,0,1,0.7023429
1,1,1,0.59729385
1,0,1,0.55647504
1,1,1,0.5091487
1,0,1,0.6209566
1,1,1,0.6637605
1,1,0,0.43071753
1,0,0,0.06471736
1,0,1,0.52830124
1,1,1,0.5522344
1,0,0,0.08748432
1,0,0,0.0650114
1,1,1,0.71058524
1,0,1,0.55704653
1,1,1,0.56932276
1,1,1,0.74687195
1,0,0,0.18800543
1,0,0,0.13120978
1,0,0,0.21772373
1,0,0,0.05822121
1,0,0,0.053269707
1,1,1,0.78523535
1,0,1,0.7067387
1,0,1,0.61193323
1,1,1,0.5206901
1,0,0,0.42052475
1,1,1,0.6626082
1,1,1,0.6938287
1,0,1,0.6288935
1,0,1,0.5543966
1,0,1,0.61155784
1,1,1,0.58670336
1,1,1,0.51068634
1,1,0,0.41937286
1,0,0,0.18739767
1,0,0,0.2655856
1,0,0,0.12452098
1,0,0,0.42519227
1,1,1,0.62296975
1,0,0,0.16012028
1,0,0,0.11351431
1,0,1,0.73723596
1,1,0,0.2573738
1,0,0,0.15447123
1,1,0,0.17883417
1,1,0,0.19091026
1,1,1,0.58438146
1,1,1,0.5291137
1,1,0,0.49473128
1,1,1,0.8334091
1,1,1,0.72969395
1,0,1,0.52540565
1,0,0,0.076696426
1,0,0,0.09762471
1,1,1,0.6976311
1,1,1,0.7316806
1,1,0,0.2022434
1,0,0,0.10749943
1,0,0,0.108719945
1,0,1,0.6804007
1,0,0,0.13776994
1,1,1,0.57766175
1,0,0,0.0886611
1,1,1,0.6238766
1,0,1,0.70138353
1,1,1,0.55917656
1,0,1,0.8073348
1,1,0,0.2426768
1,0,0,0.23698595
1,1,1,0.52084243
1,1,1,0.6700453
1,1,1,0.55232745
1,0,0,0.108276926
1,0,0,0.275421
1,0,0,0.14654326
1,0,0,0.06418646
1,1,1,0.8162902
1,0,1,0.61599463
1,1,0,0.104800075
1,1,0,0.44070327
1,0,0,0.19363381
1,1,1,0.5215842
1,0,0,0.0703645
1,0,0,0.061539184
1,0,1,0.608272
1,0,0,0.23772903
1,0,1,0.77756304
1,1,0,0.37535933
1,0,0,0.19568844
1,1,0,0.2575487
1,0,0,0.10195242
1,1,1,0.5247653
1,1,1,0.60805184
1,0,0,0.09289137
1,1,0,0.4219296
1,0,0,0.18486626
1,1,1,0.5301223
1,0,0,0.39649338
1,1,0,0.4990058
1,1,0,0.19762121
1,0,0,0.23550044
1,0,0,0.053009223
1,0,1,0.6552857
1,0,0,0.44386733
1,1,1,0.76166195
1,0,1,0.71291226
1,1,0,0.35752448
1,0,1,0.6461417
1,1,1,0.64753586
1,0,0,0.38474965
1,1,0,0.23634154
1,0,0,0.20363688
1,0,0,0.095092215
1,0,1,0.62471277
1,1,0,0.20075251
1,0,0,0.055436425
1,1,1,0.7988433
1,0,1,0.6325361
1,1,1,0.5931289
1,0,1,0.5023268
1,1,1,0.6355793
1,1,1,0.67891186
1,0,0,0.08340697
1,0,0,0.11699731
1,1,1,0.5866424
1,1,0,0.08612098
1,1,1,0.6414198
1,0,0,0.3909971
1,0,1,0.7041112
1,1,1,0.54509795
1,0,0,0.13688429
1,0,0,0.09879371
1,0,1,0.57736456
1,1,1,0.6799729
1,0,1,0.55479807
1,1,1,0.70137334
1,0,0,0.39951888
1,1,1,0.6359355
1,1,1,0.7109012
1,0,1,0.6144831
1,1,1,0.6759042
1,0,1,0.66025776
1,1,0,0.4341399
1,1,1,0.6639526
1,0,0,0.46997038
1,0,0,0.22821264
1,0,0,0.13160181
1,1,1,0.7053856
1,0,0,0.13343233
1,0,0,0.30562988
1,0,0,0.2123337
1,1,0,0.16177262
1,1,1,0.85704714
1,0,1,0.57905763
1,1,1,0.72252566
1,1,1,0.64796424
1,1,1,0.75019735
1,0,1,0.6678552
1,0,1,0.552218
1,1,1,0.7392205
1,0,0,0.4278914
1,1,0,0.306759
1,1,0,0.4932764
1,0,1,0.77089846
1,0,1,0.7380822
1,1,1,0.5599408
1,0,0,0.36185846
1,1,1,0.68395835
1,0,0,0.4778799
1,0,1,0.5136495
1,1,1,0.707079
1,0,1,0.71225345
1,1,1,0.566145
1,1,1,0.5753425
1,0,1,0.5891766
1,0,1,0.6959584
1,0,1,0.66756487
1,1,1,0.69560957
1,1,1,0.6485052
1,0,1,0.6091954
1,0,0,0.26875284
1,0,1,0.5171448
1,0,1,0.50290626
1,0,1,0.57262355
1,1,1,0.6060672
1,1,1,0.52224857
1,0,1,0.5389655
1,1,1,0.5937113
1,0,1,0.6363994
1,1,1,0.6057003
1,1,1,0.57262605
1,0,1,0.58299524
1,0,0,0.44434643
1,1,1,0.737252
1,0,0,0.45972118
1,1,1,0.505567
1,1,1,0.6590991
1,0,0,0.13699944
1,1,1,0.516146
1,1,0,0.38692972
1,0,0,0.12781774
1,0,0,0.33798128
1,0,0,0.09935951
1,0,0,0.29546696
1,1,1,0.76065373
1,0,1,0.5575407
1,0,0,0.22858757
1,1,1,0.8900521
1,0,1,0.5896971
1,0,1,0.6951497
1,1,1,0.6399497
1,1,1,0.5511538
1,1,1,0.6452749
1,1,1,0.6711982
1,1,1,0.59668607
1,0,0,0.45168346
1,0,0,0.3121234
1,0,0,0.45613092
1,0,0,0.42698625
1,1,1,0.9456734
1,1,1,0.82768506
1,1,0,0.47364345
1,0,0,0.41817138
1,0,0,0.17332718
1,0,1,0.66270906
1,0,0,0.41498107
1,1,1,0.65692586
1,0,1,0.56406665
1,1,1,0.95355266
1,1,1,0.6048991
1,1,0,0.42017993
1,0,1,0.5251279
1,1,1,0.79279494
1,0,1,0.61396676
1,0,0,0.28341454
1,1,1,0.7689364
1,1,0,0.35105035
1,1,1,0.79486126
1,0,0,0.22585317
1,1,1,0.6202531
1,0,1,0.756003
1,0,0,0.21197405
1,1,1,0.7234124
1,0,1,0.6237329
1,0,1,0.5149844
1,1,1,0.68886095
1,0,1,0.7018847
1,0,0,0.2998691
1,1,1,0.710349
1,0,0,0.3646925
1,1,1,0.7014649
1,0,1,0.645024
1,1,1,0.6190191
1,0,1,0.7210946
1,1,1,0.86572224
1,0,1,0.798279
1,1,0,0.29494977
1,0,0,0.18681957
1,0,0,0.43408665
1,1,1,0.5919778
1,0,1,0.7551455
1,1,1,0.7267337
1,1,0,0.27276897
1,0,0,0.16466337
1,1,1,0.50650746
1,0,0,0.43439376
1,0,0,0.13805063
1,0,0,0.46728146
1,0,0,0.045176722
1,1,1,0.6706017
1,0,0,0.09197534
1,1,0,0.35031506
1,1,0,0.47144777
1,0,0,0.2687213
1,0,0,0.093966916
1,1,1,0.72864145
1,1,1,0.6024889
1,0,1,0.6067977
1,0,1,0.62724435
1,1,1,0.59682846
1,0,0,0.30553082
1,0,0,0.21510358
1,1,0,0.16280155
1,0,0,0.13844082
1,1,1,0.6878277
1,0,0,0.4625964
1,0,0,0.1389125
1,0,0,0.096086785
1,1,0,0.35715464
1,0,0,0.11715503
1,1,1,0.8218727
1,0,1,0.68432707
1,1,1,0.7528285
1,1,1,0.78835344
1,1,0,0.4813187
1,0,0,0.37229016
1,1,1,0.85424054
1,1,1,0.7561652
1,1,1,0.733857
1,0,1,0.733809
1,1,1,0.96277076
1,1,1,0.65958315
1,1,1,0.6065692
1,0,0,0.30888283
1,1,1,0.527011
1,1,0,0.4098313
1,1,1,0.5083367
1,1,1,0.5576388
1,1,1,0.5312393
1,1,1,0.7309213
1,1,1,0.7131331
1,0,1,0.59666526
1,0,0,0.28650165
1,0,0,0.2241814
1,1,1,0.5188663
1,1,1,0.62512726
1,0,0,0.49210912
1,1,0,0.2252535
1,0,0,0.44738957
1,0,0,0.2802097
1,0,0,0.2982722
1,0,0,0.17766939
1,0,0,0.48368388
1,0,0,0.40738347
1,0,0,0.26383674
1,1,0,0.28976607
1,0,0,0.086163156
1,0,1,0.55144304
1,0,0,0.09794898
1,0,0,0.33149984
1,0,0,0.16531059
1,0,0,0.3102145
1,0,0,0.47981223
1,0,0,0.12059888
1,1,0,0.4146275
1,1,0,0.482434
1,1,1,0.51837474
1,0,0,0.19247842
1,1,0,0.07300204
1,0,1,0.5289051
1,0,0,0.3762074
1,0,0,0.40144897
1,0,1,0.67243767
1,1,0,0.23692529
1,0,0,0.44661298
1,1,0,0.39536303
1,1,0,0.3930427
1,1,0,0.49963328
1,0,0,0.4685122
1,1,1,0.67021394
1,1,0,0.30629188
1,1,0,0.49176437
1,0,0,0.458591
1,0,0,0.43869668
1,0,1,0.6118416
1,0,0,0.233838
1,0,0,0.25982282
1,0,0,0.0705689
1,1,1,0.62885165
1,1,0,0.43531808
1,0,0,0.19030876
1,0,0,0.2919764
1,0,0,0.08258864
1,0,1,0.6863543
1,0,1,0.5004341
1,1,0,0.4804265
1,0,0,0.26567352
1,0,0,0.31257775
1,1,0,0.18556412
1,0,0,0.24771214
1,0,0,0.15015404
1,0,0,0.07035549
1,0,0,0.46116304
1,0,1,0.59929466
1,0,0,0.40978256
1,0,0,0.2883037
1,1,1,0.7730375
1,0,0,0.1524207
1,1,0,0.26143113
1,0,0,0.49108252
1,0,0,0.04858074
1,1,1,0.515654
1,0,0,0.41228858
1,0,0,0.2001546
1,0,0,0.3987792
1,1,0,0.41175488
1,0,0,0.32960096
1,0,0,0.44793516
1,0,0,0.24181005
1,0,1,0.5644931
1,0,1,0.62803876
1,0,0,0.3773585
1,0,0,0.04147596
1,0,0,0.21040186
1,1,1,0.84811884
1,1,1,0.7308259
1,1,1,0.85665613
1,0,1,0.71464205
1,1,1,0.7745243
1,1,1,0.5915721
1,1,1,0.54542583
1,1,1,0.5874028
1,0,1,0.78702134
1,0,0,0.37958497
1,0,0,0.22152613
1,1,0,0.4567584
1,0,0,0.3069462
1,1,1,0.5357834
1,0,0,0.37416562
1,0,0,0.2950933
1,0,0,0.41506535
1,0,0,0.4470938
1,1,1,0.504744
1,0,0,0.31728658
1,0,0,0.3631884
1,1,1,0.6204392
1,0,1,0.86671144
1,1,1,0.7747452
1,0,1,0.71542376
1,1,1,0.6735076
1,0,0,0.13869192
1,0,1,0.63366735
1,0,1,0.5697117
1,1,1,0.8247813
1,1,0,0.45755497
1,1,1,0.5182095
1,0,1,0.5297029
1,0,1,0.7063464
1,1,1,0.5028788
1,1,1,0.62049186
1,0,1,0.5776909
1,1,0,0.30450106
1,0,0,0.3223788
1,0,1,0.50668406
1,1,1,0.5555826
1,0,1,0.61638373
1,1,1,0.8666173
1,1,0,0.37914634
1,0,1,0.65003043
1,1,1,0.6660872
1,1,1,0.5391827
1,0,0,0.39873242
1,1,0,0.3437342
1,1,0,0.27247265
1,1,0,0.36935818
1,0,1,0.5120957
1,0,0,0.24313998
1,0,1,0.7698039
1,1,1,0.6030119
1,0,1,0.5667591
1,0,1,0.5384903
1,1,1,0.8637273
1,1,1,0.7757002
1,0,1,0.72452885
1,0,0,0.49938557
1,0,0,0.27927187
1,1,0,0.3950826
1,1,1,0.62207085
1,1,1,0.50640094
1,1,1,0.5715738
1,1,1,0.79013795
1,0,0,0.17575535
1,0,0,0.07554765
1,0,0,0.094092205
1,1,1,0.69997793
1,0,0,0.4464549
1,1,1,0.7378347
1,1,0,0.46120113
1,0,1,0.5203396
1,1,0,0.39712554
1,0,0,0.18761057
1,1,1,0.5201696
1,0,0,0.34305307
1,0,0,0.07719285
1,0,1,0.55153143
1,1,0,0.49030355
1,0,0,0.44177297
1,0,0,0.4941439
1,0,0,0.194668
1,1,0,0.49709556
1,1,0,0.4483809
1,1,1,0.8513548
1,0,0,0.35005105
1,0,0,0.44122478
1,0,0,0.05873912
1,0,1,0.60732645
1,0,0,0.14710693
1,1,1,0.6888651
1,1,1,0.72922313
1,1,1,0.6356496
1,0,1,0.56386214
1,1,1,0.6981
1,1,1,0.5017585
1,0,1,0.6421896
1,1,1,0.6948783
1,0,1,0.72878736
1,0,0,0.4393536
1,0,1,0.71113575
1,1,1,0.65686214
1,1,1,0.6413189
1,1,1,0.7380661
1,0,1,0.6252792
1,0,0,0.36948732
1,1,1,0.799765
1,0,0,0.40560827
1,1,1,0.72848153
1,0,0,0.08361679
1,1,0,0.3993425
1,1,1,0.8954197
1,1,0,0.42570487
1,1,0,0.40136388
1,1,1,0.8290073
1,1,1,0.64948606
1,1,0,0.44799036
1,1,1,0.57424974
1,1,1,0.83592147
1,0,1,0.76993203
1,0,1,0.67169386
1,0,0,0.49750313
1,0,1,0.6963643
1,1,0,0.36445254
1,0,0,0.025553958
1,0,0,0.49617285
1,1,1,0.55897707
1,1,1,0.7026213
1,0,0,0.47984797
1,0,1,0.68295825
1,0,1,0.81277555
1,0,0,0.45490864
1,1,1,0.7914734
1,0,0,0.484278
1,1,1,0.73927253
1,1,1,0.5470888
1,0,1,0.6779762
1,0,1,0.7816847
1,0,0,0.32228377
1,1,1,0.6369055
1,1,1,0.5924155
1,0,1,0.58047134
1,0,0,0.4006082
1,0,0,0.2577331
1,1,1,0.7823025
1,1,0,0.38988316
1,1,1,0.6527705
1,1,1,0.6843995
1,0,1,0.6006844
1,1,1,0.61189115
1,0,1,0.59131896
1,0,1,0.72504824
1,0,0,0.36524838
1,0,0,0.48466444
1,0,1,0.70244116
1,1,1,0.90056396
1,0,1,0.52964586
1,1,1,0.51301473
1,1,1,0.5607339
1,0,1,0.5357039
1,0,1,0.6976471
1,0,0,0.18419677
1,0,0,0.4550553
1,1,1,0.5181908
1,0,0,0.48824313
1,0,1,0.60359794
1,1,1,0.6324236
1,1,0,0.120278634
1,0,0,0.2919699
1,0,1,0.9021874
1,1,1,0.7872102
1,1,1,0.7965727
1,1,0,0.21068327
1,0,1,0.53798115
1,0,1,0.6659784
1,1,1,0.7344525
1,0,0,0.373498
1,0,0,0.15033959
1,1,1,0.73773474
1,1,1,0.582543
1,0,1,0.5725577
1,1,1,0.68795645
1,1,1,0.6919274
1,0,1,0.6117843
1,1,0,0.25285435
1,0,1,0.5601997
1,1,1,0.77797306
1,1,0,0.49120554
1,0,0,0.24331635
1,1,1,0.867993
1,1,1,0.56598544
1,1,1,0.78920096
1,1,1,0.5869802
1,0,0,0.4108392
1,1,1,0.5879957
1,1,1,0.655487
1,0,1,0.5990196
1,0,1,0.71999705
1,0,0,0.44852456
1,0,0,0.07679911
1,0,1,0.52687865
1,0,1,0.76154
1,0,0,0.47153637
1,0,0,0.45209628
1,1,1,0.7100296
1,1,1,0.6892818
1,0,1,0.67054987
1,1,1,0.6623762
1,1,1,0.69072574
1,0,0,0.27806038
1,0,1,0.5339063
1,0,1,0.5785183
1,1,1,0.8083765
1,1,1,0.64079994
1,1,1,0.9595702
1,1,1,0.8268989
1,1,1,0.64533335
1,1,1,0.688439
1,1,1,0.8241787
1,1,1,0.50652975
1,0,0,0.3713254
1,1,1,0.51722926
1,1,1,0.54127437
1,0,1,0.7294078
1,0,1,0.6245991
1,0,1,0.6353452
1,1,1,0.7432171
1,1,1,0.7848959
1,1,1,0.70875114
1,1,1,0.82426584
1,1,1,0.66639537
1,1,1,0.88080657
1,0,1,0.53958845
1,0,1,0.67614037
1,0,1,0.7696802
1,1,1,0.8386696
1,0,1,0.68677646
1,0,0,0.3730942
1,1,1,0.8990949
1,1,1,0.7170957
1,1,1,0.67522097
1,1,1,0.81563604
1,1,1,0.866992
1,1,1,0.6630547
1,1,1,0.6950325
1,1,1,0.5752041
1,1,1,0.5045829
1,1,0,0.3440763
1,0,1,0.565582
1,0,1,0.661175
1,0,0,0.2673719
1,0,0,0.464193
1,0,0,0.122190215
1,1,1,0.50196946
1,0,1,0.8585928
1,0,1,0.5307806
1,1,1,0.8653634
1,1,1,0.7571761
1,1,1,0.7370708
1,1,1,0.71857667
1,1,1,0.7312772
1,0,1,0.5026625
1,0,1,0.5694167
1,0,1,0.64831996
1,1,1,0.5062617
1,0,0,0.35859835
1,0,0,0.26418525
1,0,0,0.19987528
1,0,1,0.6722797
1,0,1,0.62511617
1,0,1,0.6047149
1,1,1,0.7159678
1,0,1,0.5322174
1,1,1,0.8040014
1,1,1,0.5966722
1,0,0,0.3909904
1,0,0,0.38168138
1,1,1,0.83406997
1,0,0,0.44824278
1,1,1,0.61372495
1,1,1,0.70385754
1,1,1,0.55954695
1,0,1,0.532526
1,1,1,0.68494004
1,0,1,0.79374695
1,0,0,0.10477905
1,1,1,0.81934124
1,0,1,0.53949696
1,0,0,0.4561536
1,0,1,0.6820361
1,0,1,0.6081684
1,1,1,0.73788637
1,1,1,0.7094943
1,1,1,0.55902934
1,1,1,0.6481186
1,1,1,0.6408583
1,0,1,0.5745747
1,0,1,0.63679284
1,1,1,0.57382786
1,1,1,0.6558579
1,0,1,0.55476123
1,1,1,0.6378508
1,0,1,0.6871398
1,0,0,0.43502828
1,0,1,0.6150605
1,1,1,0.7286433
1,0,1,0.6396534
1,0,1,0.648761
1,0,0,0.33301648
1,0,1,0.5764802
1,0,1,0.7669461
1,1,1,0.7944355
1,0,1,0.721539
1,1,1,0.7317571
1,1,0,0.49753547
1,0,0,0.4823758
1,1,1,0.64538187
1,0,0,0.4633483
1,0,0,0.3090615
1,0,0,0.36538118
1,1,1,0.6541344
1,1,1,0.57246506
1,1,1,0.75742847
1,0,0,0.29225427
1,0,0,0.30494618
1,1,1,0.73850965
1,0,0,0.42382255
1,0,0,0.37374815
1,1,1,0.85395384
1,0,0,0.31410596
1,1,1,0.7401654
1,0,0,0.38572356
1,1,1,0.7896467
1,1,0,0.4883632
1,0,0,0.36718222
1,0,1,0.5631792
1,0,0,0.48810875
1,1,1,0.66955155
1,0,0,0.39778453
1,1,1,0.6145767
1,0,0,0.37981445
1,1,1,0.75206333
1,0,1,0.64945084
1,1,1,0.63267094
1,0,0,0.13905342
1,0,0,0.16609316
1,1,1,0.582681
1,1,1,0.5872969
1,0,1,0.51438665
1,1,0,0.30081642
1,0,0,0.2016299
1,1,0,0.26045665
1,1,1,0.8058303
1,0,0,0.32904485
1,0,0,0.3523508
1,1,1,0.82370603
1,1,1,0.8091267
1,0,0,0.316758
1,0,0,0.06473921
1,0,0,0.073587604
1,0,0,0.4725756
1,1,1,0.56931674
1,1,1,0.707675
1,1,1,0.7089431
1,1,1,0.6794301
1,1,1,0.83272535
1,0,0,0.23317496
1,0,1,0.6550217
1,0,1,0.6629631
1,0,0,0.29880583
1,1,1,0.5075918
1,1,1,0.74858236
1,1,0,0.4719484
1,1,0,0.26318696
1,0,1,0.50063026
1,0,0,0.3051393
1,1,0,0.35875642
1,1,1,0.6226482
1,0,0,0.39641115
1,1,1,0.9033277
1,0,1,0.57111293
1,0,1,0.54764736
1,0,0,0.3073784
1,0,1,0.8816962
1,0,1,0.6704214
1,0,1,0.5974872
1,0,1,0.74517906
1,1,1,0.5768825
1,1,1,0.5154116
1,1,1,0.62652814
1,0,0,0.41394204
1,1,1,0.8955418
1,1,1,0.72224003
1,0,1,0.5420046
1,0,1,0.5362421
1,1,1,0.63437116
1,0,1,0.5359478
1,0,1,0.6081671
1,1,1,0.64278567
1,1,1,0.7771184
1,0,1,0.7170285
1,0,1,0.57742214
1,0,1,0.81282496
1,1,1,0.8145363
1,1,0,0.45149723
1,1,1,0.62277514
1,0,1,0.63126594
1,1,0,0.2676715
1,0,0,0.15902884
1,1,0,0.49549046
1,1,1,0.5605511
1,0,1,0.5905606
1,0,0,0.44391805
1,0,1,0.54788935
1,1,0,0.2953944
1,0,0,0.094554834
1,1,0,0.3520381
1,1,1,0.57901627
1,0,0,0.17849499
1,0,0,0.2362116
1,1,1,0.90424407
1,1,1,0.65807134
1,1,1,0.56374204
1,0,0,0.38428393
1,1,1,0.71711504
1,1,1,0.6415293
1,0,1,0.7247714
1,0,0,0.2584241
1,1,1,0.8040296
1,0,1,0.52543765
1,1,1,0.76921594
1,1,0,0.48785642
1,1,1,0.62388945
1,1,1,0.72285503
1,0,1,0.5684611
1,0,1,0.6964529
1,0,0,0.4394406
1,1,0,0.45296863
1,1,0,0.36131772
1,0,0,0.3996644
1,0,0,0.3465068
1,1,0,0.38728887
1,1,0,0.47041824
1,0,1,0.5194637
1,1,0,0.2767603
1,0,1,0.67139184
1,0,1,0.5005239
1,1,1,0.7085775
1,1,1,0.5339716
1,0,1,0.59982765
1,0,1,0.50226915
1,0,1,0.5918047
1,1,0,0.45435065
1,1,0,0.39032063
1,1,1,0.78376114
1,1,1,0.7686277
1,0,0,0.4450368
1,0,0,0.4386283
1,0,0,0.1982203
1,0,1,0.6407707
1,0,1,0.90139836
1,1,0,0.41863587
1,0,1,0.5464502
1,1,1,0.7605088
1,0,1,0.7641904
1,1,1,0.7573118
1,0,1,0.61241895
1,0,1,0.62229145
1,0,1,0.75933915
1,1,1,0.63583475
1,1,1,0.66367626
1,1,0,0.48520577
1,1,0,0.22805211
1,1,1,0.61602604
1,0,0,0.36207318
1,1,1,0.71549034
1,1,1,0.64879
1,0,0,0.28652653
1,0,0,0.092463285
1,1,0,0.4840624
1,0,1,0.59660184
1,0,0,0.3532174
1,0,0,0.058905415
1,1,1,0.6047443
1,0,1,0.6526983
1,0,0,0.1597062
1,1,1,0.8258518
1,0,0,0.40979883
1,0,0,0.16826703
1,1,1,0.9126684
1,1,1,0.691842
1,0,0,0.39122078
1,1,1,0.5858157
1,0,1,0.564888
1,1,1,0.6652751
1,0,1,0.5638662
1,1,1,0.62124836
1,0,0,0.44911504
1,0,1,0.58628196
1,0,1,0.6308165
1,1,1,0.67018294
1,1,1,0.5323756
1,1,1,0.52064764
1,1,1,0.60653114
1,0,1,0.72207636
1,0,1,0.5748057
1,0,1,0.64316547
1,1,1,0.7075926
1,1,1,0.68502563
1,0,1,0.61785406
1,1,1,0.74073464
1,1,1,0.68824816
1,1,0,0.35745367
1,0,0,0.4823406
1,1,0,0.414814
1,1,0,0.34086445
1,0,0,0.4907646
1,0,0,0.2741132
1,0,1,0.58305484
1,1,0,0.38343698
1,0,1,0.5812808
1,0,0,0.2174757
1,0,0,0.28804317
1,0,0,0.4455292
1,0,0,0.4185452
1,0,0,0.34507284
1,0,0,0.48244822
1,1,1,0.7641862
1,0,0,0.3959047
1,1,1,0.647828
1,1,1,0.7639789
1,1,1,0.5519103
1,0,1,0.59047574
1,1,1,0.71628195
1,1,0,0.35032415
1,0,0,0.41019985
1,0,0,0.14050871
1,1,1,0.5771044
1,0,0,0.23083556
1,0,1,0.62279224
1,1,1,0.63170063
1,0,0,0.467674
1,0,0,0.3673427
1,0,0,0.48000485
1,0,1,0.7163276
1,1,1,0.59701264
1,1,1,0.73901254
1,1,1,0.69860446
1,1,1,0.7646191
1,0,0,0.2649044
1,1,1,0.609882
1,0,0,0.25718623
1,1,1,0.5383722
1,1,0,0.39905065
1,0,1,0.5918874
1,0,0,0.3621649
1,0,0,0.18968111
1,1,1,0.7157492
1,1,0,0.4522027
1,0,0,0.43389
1,1,1,0.8378673
1,0,0,0.21739921
1,1,1,0.56255764
1,0,1,0.6441123
1,0,1,0.65410894
1,0,0,0.41465956
1,1,1,0.8191725
1,1,0,0.3225208
1,1,0,0.49941444
1,0,0,0.49630156
1,0,1,0.63350374
1,1,1,0.5358839
1,1,0,0.4446404
1,1,0,0.42118526
1,0,1,0.5702224
1,0,0,0.42610118
1,0,0,0.415716
1,1,1,0.6807856
1,0,1,0.5863876
1,1,1,0.56836927
1,0,0,0.4556028
1,0,0,0.49529898
1,0,1,0.72499484
1,1,1,0.50317556
1,1,1,0.59375286
1,1,0,0.4806563
1,0,0,0.31832555
1,1,0,0.3913897
1,1,0,0.42995355
1,0,0,0.3620475
1,0,0,0.46685538
1,1,0,0.49842703
1,1,1,0.50435454
1,0,0,0.4599285
1,0,0,0.33674893
1,0,1,0.5441102
1,0,0,0.45190433
1,0,0,0.46755776
1,0,0,0.18764837
1,0,0,0.38142592
1,0,0,0.29333636
1,1,0,0.40895805
1,0,0,0.47318968
1,0,0,0.3786252
1,0,1,0.67874724
1,0,1,0.5401619
1,1,0,0.42046326
1,0,1,0.5140185
1,1,1,0.61246765
1,1,1,0.66489536
1,1,1,0.6934229
1,0,0,0.35432875
1,0,0,0.07574158
1,1,0,0.18602368
1,0,0,0.16620012
1,0,0,0.3863486
1,1,1,0.6602226
1,1,0,0.25248173
1,0,0,0.19087267
1,0,0,0.18350005
1,1,1,0.8114799
1,1,1,0.59605926
1,1,0,0.13578373
1,0,0,0.09853955
1,0,0,0.4174269
1,0,1,0.7555123
1,1,1,0.6209832
1,0,0,0.34079117
1,0,1,0.53083926
1,0,1,0.74854124
1,1,0,0.455132
1,0,0,0.27747077
1,0,1,0.63706064
1,1,1,0.7834657
1,0,0,0.29015988
1,1,1,0.61215025
1,1,0,0.39953765
1,1,0,0.30071774
1,0,0,0.11753131
1,0,0,0.37376198
1,1,1,0.68376946
1,0,0,0.09041147
1,0,0,0.35786572
1,0,0,0.43846244
1,1,0,0.23843548
1,0,0,0.28016067
1,0,1,0.5936917
1,1,1,0.79496944
1,1,1,0.74509466
1,1,1,0.69600403
1,1,1,0.5540537
1,1,1,0.7345904
1,1,1,0.8078778
1,1,1,0.55314195
1,0,0,0.08053535
1,1,1,0.6273493
1,1,1,0.6586656
1,1,1,0.84759486
1,0,0,0.44195786
1,1,1,0.5072108
1,0,1,0.5573416
1,0,1,0.8224285
1,0,1,0.6107733
1,1,1,0.6133103
1,0,1,0.6347294
1,0,0,0.061200578
1,0,1,0.62744683
1,0,0,0.19858366
1,1,1,0.5306272
1,0,1,0.6773872
1,0,1,0.8108282
1,0,0,0.22235836
1,1,1,0.6092615
1,1,1,0.56199694
1,1,1,0.52677304
1,0,1,0.6764315
1,0,1,0.73233545
1,0,0,0.25164756
1,0,1,0.77341574
1,0,0,0.44526485
1,1,1,0.52573645
1,1,1,0.7628971
1,1,1,0.5779549
1,0,0,0.2434583
1,1,0,0.3197997
1,1,1,0.6890023
1,1,1,0.5177612
1,1,1,0.6387745
1,1,1,0.71822006
1,0,0,0.2647466
1,0,1,0.55061924
1,0,0,0.22520126
1,1,1,0.71336544
1,1,1,0.5454993
1,0,0,0.37159243
1,0,0,0.37752908
1,0,0,0.28350052
1,0,0,0.14150846
1,0,0,0.4231047
1,1,1,0.51655775
1,0,1,0.62215203
1,1,0,0.49503458
1,0,0,0.31456682
1,0,0,0.33949897
1,1,1,0.567367
1,1,1,0.7602229
1,0,0,0.17791116
1,0,0,0.21733655
1,0,0,0.48399988
1,0,1,0.66088
1,0,0,0.32377723
1,0,1,0.7976
1,1,1,0.5282167
1,1,1,0.6902491
1,1,0,0.39426985
1,0,0,0.24634372
1,0,0,0.47155795
1,1,1,0.8219873
1,1,1,0.71230525
1,0,0,0.41095528
1,0,0,0.47033805
1,1,0,0.4858256
1,0,1,0.7710273
1,1,0,0.4114792
1,1,1,0.6813324
1,1,1,0.5208919
1,0,0,0.3114494
1,0,0,0.09557364
1,0,0,0.09651585
1,0,0,0.10923871
1,0,0,0.10183338
1,0,1,0.5936917
1,1,1,0.5921987
1,0,0,0.34776533
1,1,0,0.37505937
1,0,0,0.22866467
1,1,0,0.44134015
1,0,1,0.610954
1,0,0,0.4566154
1,0,0,0.3027352
1,1,0,0.42181167
1,1,0,0.4314595
1,0,1,0.51350904
1,0,1,0.6054402
1,0,0,0.4815154
1,1,1,0.57660884
1,1,0,0.28576416
1,0,0,0.47796848
1,1,1,0.6848624
1,0,0,0.3425209
1,1,1,0.72665143
1,1,1,0.5327086
1,1,1,0.52993006
1,1,0,0.4941452
1,0,1,0.53524613
1,1,0,0.48660833
1,1,1,0.61102915
1,0,0,0.23556331
1,0,1,0.5479783
1,0,1,0.5995268
1,1,1,0.8423113
1,0,0,0.4173216
1,0,1,0.7993264
1,0,1,0.5970985
1,0,1,0.6346614
1,1,1,0.59061384
1,0,0,0.46577755
1,0,0,0.40373388
1,0,0,0.2758503
1,1,1,0.5741791
1,0,0,0.43870273
1,0,1,0.5869558
1,1,0,0.2048437
1,0,0,0.087710835
1,0,0,0.3272815
1,1,0,0.48019436
1,1,0,0.2904735
1,0,1,0.6504504
1,0,0,0.36009967
1,1,0,0.25345993
1,1,1,0.6110267
1,1,0,0.17898917
1,0,0,0.31054237
1,1,1,0.6989383
1,0,0,0.24659166
1,0,0,0.26788437
1,0,0,0.14720656
1,0,1,0.6033763
1,1,1,0.6350629
1,0,0,0.22693102
1,1,0,0.35476267
1,0,1,0.6736935
1,0,1,0.6826676
1,1,1,0.793818
1,1,1,0.8001528
1,1,1,0.78872466
1,0,0,0.2747195
1,0,0,0.32002187
1,0,1,0.5914075
1,0,1,0.64373684
1,0,0,0.22605889
1,1,1,0.83638096
1,0,0,0.4668084
1,0,0,0.44013605
1,1,1,0.790933
1,1,1,0.8523764
1,0,1,0.72153777
1,1,1,0.69085747
1,0,0,0.30553573
1,1,1,0.6847765
1,0,0,0.22329779
1,1,1,0.7746406
1,0,1,0.5013933
1,1,0,0.46522346
1,1,1,0.7195025
1,0,0,0.2869096
1,0,1,0.7850429
1,1,1,0.73977476
1,1,1,0.7160476
1,1,1,0.69332606
1,0,1,0.5164333
1,0,1,0.66041285
1,0,1,0.70930326
1,1,1,0.8187723
1,1,1,0.797136
1,0,0,0.31481266
1,1,1,0.87747926
1,0,1,0.6412385
1,1,1,0.66217816
1,1,1,0.55745554
1,0,1,0.6453542
1,1,1,0.75746745
1,0,1,0.8107832
1,0,0,0.4163952
1,1,0,0.47479287
1,1,0,0.22269453
1,0,0,0.1122929
1,0,0,0.26706252
1,1,1,0.6319274
1,0,1,0.5317451
1,0,0,0.44895646
1,0,0,0.2278478
1,1,1,0.5621512
1,0,0,0.49884072
1,1,1,0.6439229
1,1,0,0.49526107
1,1,1,0.5336023
1,0,0,0.41645026
1,0,1,0.59881634
1,1,1,0.9008138
1,1,0,0.4836563
1,1,0,0.13328163
1,1,1,0.6296682
1,1,1,0.6903586
1,0,0,0.31081042
1,1,1,0.56383044
1,0,0,0.49504316
1,1,1,0.7006681
1,0,1,0.55363536
1,0,0,0.36606008
1,1,1,0.617699
1,1,1,0.557862
1,0,0,0.23904355
1,0,0,0.27146313
1,1,1,0.540449
1,0,0,0.35729423
1,0,0,0.1443774
1,1,1,0.50107753
1,0,0,0.11765833
1,1,1,0.56347257
1,1,1,0.63013774
1,0,0,0.34112465
1,0,0,0.43365765
1,0,0,0.4287254
1,0,0,0.28492206
1,1,1,0.7308172
1,0,0,0.26404354
1,0,1,0.702663
1,1,1,0.88892984
1,1,1,0.6004161
1,0,1,0.67048424
1,1,1,0.74927187
1,1,1,0.6961066
1,0,1,0.63019705
1,1,1,0.63100594
1,0,1,0.7851496
1,0,0,0.4138253
1,1,1,0.7356364
1,0,1,0.61885625
1,1,1,0.61496776
1,1,1,0.7640141
1,1,1,0.7175506
1,1,0,0.3682609
1,1,1,0.8566197
1,1,0,0.34789
1,1,1,0.7397319
1,0,1,0.5551295
1,0,1,0.58349895
1,0,1,0.5941885
1,0,1,0.5185975
1,0,1,0.622262
1,0,1,0.6853803
1,0,0,0.16155386
1,0,0,0.13048358
1,1,0,0.35806406
1,0,0,0.14774187
1,0,0,0.09423674
1,1,0,0.48358014
1,1,1,0.58410513
1,1,1,0.6397388
1,0,1,0.50887173
1,1,1,0.7097323
1,1,1,0.72774845
1,0,1,0.6459945
1,1,1,0.5728908
1,1,1,0.59820557
1,1,1,0.57911325
1,0,0,0.4388635
1,0,0,0.3726254
1,0,0,0.48651618
1,0,1,0.7103884
1,0,0,0.38716352
1,0,1,0.6795031
1,0,0,0.13558024
1,1,1,0.74083835
1,1,1,0.7134792
1,1,1,0.50460523
1,0,0,0.37985387
1,0,1,0.51056284
1,0,0,0.22008395
1,1,0,0.2927055
1,0,1,0.5814127
1,0,0,0.33911842
1,1,0,0.29617295
1,0,0,0.40570527
1,0,0,0.17565905
1,0,0,0.057414975
1,0,0,0.173209
1,0,0,0.06401299
1,0,1,0.5719986
1,0,0,0.31549847
1,0,0,0.111292794
1,0,1,0.6949622
1,1,0,0.46680796
1,0,0,0.3362468
1,1,1,0.6111627
1,1,1,0.7379973
1,1,0,0.35038427
1,1,1,0.54148453
1,0,0,0.31494975
1,1,0,0.07392705
1,1,1,0.635219
1,1,0,0.3653821
1,1,1,0.7803055
1,1,1,0.7443985
1,0,0,0.43333834
1,1,0,0.46197525
1,1,1,0.6123212
1,1,0,0.16412732
1,1,1,0.7882417
1,0,0,0.26048154
1,1,1,0.6399991
1,0,0,0.3917441
1,0,0,0.44833374
1,0,1,0.523309
1,1,1,0.575046
1,0,0,0.24186172
1,0,0,0.41398674
1,0,1,0.64810216
1,0,1,0.5243051
1,0,0,0.43990383
1,0,1,0.65270776
1,0,0,0.21261251
1,1,1,0.7145691
1,1,1,0.6194984
1,1,1,0.78850543
1,1,1,0.88077265
1,1,1,0.59121525
1,1,0,0.37609226
1,0,1,0.60151076
1,0,1,0.72984827
1,1,1,0.5902452
1,1,1,0.8273283
1,0,0,0.08073661
1,0,1,0.61906594
1,1,1,0.5741059
1,1,0,0.27262443
1,0,0,0.44784468
1,1,0,0.33764935
1,1,0,0.33806318
1,0,0,0.41099104
1,1,0,0.46930522
1,0,0,0.21041375
1,0,0,0.106981166
1,0,1,0.6551632
1,0,0,0.4222143
1,0,1,0.6712309
1,1,1,0.64141756
1,0,0,0.3998671
1,0,0,0.4718769
1,1,1,0.8263402
1,0,1,0.71375704
1,0,1,0.5881387
1,0,0,0.49869698
1,1,1,0.8064753
1,1,1,0.63523614
1,1,1,0.81702334
1,1,1,0.6220152
1,0,0,0.31769073
1,0,0,0.1517365
1,1,1,0.7061012
1,0,1,0.54267675
1,0,0,0.3855798
1,1,1,0.7486048
1,0,1,0.5261287
1,1,1,0.5988278
1,0,1,0.5452949
1,1,1,0.8366667
1,1,1,0.76222366
1,1,1,0.6370409
1,1,0,0.3573868
1,1,1,0.620559
1,0,1,0.51418173
1,1,1,0.55702484
1,1,0,0.49237013
1,0,0,0.13539492
1,1,1,0.85469365
1,1,1,0.7650626
1,0,1,0.75810987
1,0,0,0.23863646
1,0,1,0.5960834
1,1,1,0.6160529
1,0,1,0.5800845
1,1,1,0.63254625
1,1,1,0.65939176
1,0,1,0.5747568
1,0,0,0.40890646
1,1,0,0.30201197
1,1,1,0.67409194
1,1,0,0.47114024
1,0,1,0.5081675
1,0,0,0.26374406
1,0,1,0.5060632
1,1,1,0.7864875
1,0,1,0.53707504
1,1,0,0.36453718
1,0,1,0.6172552
1,0,0,0.2960307
1,0,0,0.14731663
1,1,0,0.49642465
1,0,0,0.3200804
1,0,0,0.268561
1,1,1,0.67233014
1,0,0,0.15255447
1,1,0,0.21326996
1,0,1,0.8540426
1,1,1,0.71211034
1,1,1,0.6681061
1,1,1,0.65840673
1,0,1,0.66230226
1,0,1,0.57322866
1,0,1,0.5354623
1,0,1,0.57990295
1,1,1,0.5199931
1,1,1,0.5603599
1,0,1,0.52335495
1,1,1,0.83655643
1,0,1,0.7123038
1,0,1,0.6661567
1,0,1,0.84386533
1,0,1,0.60904646
1,1,1,0.59415936
1,0,0,0.4304874
1,0,1,0.7598812
1,1,0,0.22971791
1,0,0,0.37090668
1,0,0,0.3231325
1,1,0,0.35792786
1,1,0,0.2616966
1,0,0,0.45812953
1,1,0,0.45484358
1,1,1,0.77588904
1,0,0,0.22362007
1,0,0,0.09844431
1,1,0,0.48342314
1,1,0,0.43046185
1,1,1,0.6519447
1,1,1,0.6904471
1,1,0,0.07299831
1,0,0,0.38434783
1,1,1,0.5753925
1,0,0,0.47462788
1,0,0,0.38307992
1,0,0,0.49236476
1,0,0,0.31983647
1,0,0,0.43476072
1,0,0,0.36915335
1,0,0,0.11848741
1,0,0,0.43252978
1,0,0,0.42720965
1,1,0,0.37975687
1,1,0,0.46450904
1,0,1,0.68085355
1,0,0,0.07344722
1,1,0,0.26036242
1,0,0,0.091773115
1,0,0,0.19110468
1,1,0,0.31485865
1,1,0,0.43869263
1,0,0,0.483154
1,0,1,0.5049094
1,0,0,0.33231953
1,0,0,0.29714558
1,1,1,0.76121837
1,1,1,0.52361
1,1,1,0.6408396
1,0,0,0.13888115
1,0,1,0.52810264
1,1,1,0.66496384
1,0,0,0.30820677
1,1,0,0.46757933
1,0,0,0.1859907
1,1,1,0.5098032
1,0,1,0.5101328
1,0,0,0.43881503
1,1,0,0.45709747
1,0,0,0.36013702
1,0,0,0.26723567
1,1,1,0.6255492
1,1,1,0.5973058
1,0,1,0.6988529
1,1,1,0.59398746
1,1,1,0.5691697
1,1,0,0.25949848
1,0,0,0.48349893
1,1,1,0.6802317
1,0,0,0.2977598
1,1,1,0.55290383
1,0,0,0.18999095
1,1,0,0.32971627
1,1,1,0.5632537
1,0,0,0.37429243
1,1,1,0.70934826
1,1,0,0.47690096
1,1,0,0.44918057
1,0,0,0.11177446
1,0,0,0.13276616
1,1,1,0.7248311
1,0,0,0.32421225
1,0,0,0.29330325
1,0,0,0.49744588
1,1,0,0.45757744
1,0,1,0.62458867
1,1,1,0.58981025
1,1,1,0.68102777
1,0,0,0.18664907
1,1,1,0.52391714
1,0,0,0.477382
1,1,1,0.70931596
1,0,1,0.6111651
1,1,1,0.7202882
1,0,0,0.4855839
1,0,0,0.4907673
1,1,1,0.59241444
1,1,1,0.7065647
1,1,0,0.44344184
1,1,1,0.6740794
1,1,1,0.7269372
1,0,1,0.7148945
1,0,1,0.6136988
1,0,1,0.5684396
1,0,1,0.61619186
1,1,1,0.5791059
1,1,1,0.56124073
1,1,1,0.66531414
1,1,1,0.7478404
1,0,0,0.32565585
1,0,1,0.59070426
1,1,1,0.84464765
1,1,1,0.7737291
1,1,1,0.6418391
1,0,1,0.6991954
1,0,1,0.71295446
1,0,1,0.72272944
1,1,1,0.5310628
1,0,0,0.29262477
1,1,0,0.46539095
1,1,1,0.7971014
1,1,1,0.74865973
1,1,1,0.55393875
1,0,1,0.5705013
1,0,1,0.79726934
1,0,1,0.50465137
1,0,1,0.5071535
1,0,1,0.7017707
1,1,1,0.836052
1,0,0,0.30324212
1,1,1,0.5970721
1,1,0,0.48232725
1,1,1,0.69029534
1,0,0,0.26386628
1,0,0,0.49075386
1,1,1,0.645551
1,1,0,0.30711553
1,0,0,0.22488295
1,0,0,0.17168084
1,1,1,0.61145115
1,0,0,0.18829735
1,0,0,0.47501835
1,0,0,0.43165624
1,0,0,0.41414365
1,0,0,0.28547892
1,1,1,0.744224
1,0,0,0.34259376
1,0,1,0.5095597
1,0,0,0.41143727
1,1,1,0.5647519
1,0,1,0.57131004
1,0,0,0.34762362
1,1,1,0.7455606
1,1,0,0.32479277
1,0,1,0.7583216
1,0,0,0.16045287
1,1,1,0.5907194
1,1,0,0.4426109
1,0,0,0.27599472
1,0,0,0.16833454
1,0,0,0.27738562
1,0,0,0.42171285
1,1,1,0.60263735
1,1,1,0.54334897
1,1,0,0.4076063
1,1,1,0.5151042
1,0,0,0.49217194
1,0,0,0.38062093
1,1,1,0.726658
1,0,1,0.51810616
1,0,0,0.47268048
1,1,1,0.6211137
1,0,1,0.5258889
1,1,1,0.5074956
1,1,1,0.68288827
1,0,0,0.19474904
1,0,1,0.60326624
1,0,1,0.5183495
1,0,1,0.7621505
1,0,0,0.4199123
1,1,1,0.55126184
1,0,1,0.69015855
1,0,1,0.6457112
1,1,1,0.58022267
1,1,1,0.5442598
1,0,1,0.72242206
1,0,1,0.5119953
1,0,1,0.5312978
1,0,1,0.6667957
1,0,0,0.15005313
1,0,1,0.57691
1,0,0,0.15531076
1,1,1,0.61125064
1,0,1,0.6923899
1,1,1,0.6217228
1,1,1,0.751387
1,1,0,0.38576
1,0,0,0.39192656
1,1,0,0.37080702
1,1,1,0.5959123
1,0,0,0.20838645
1,1,1,0.62023276
1,0,0,0.3388405
1,1,1,0.6904893
1,1,0,0.46405572
1,0,1,0.57170284
1,0,0,0.46587738
1,0,1,0.6506585
1,0,0,0.245149
1,1,1,0.6600888
1,0,0,0.45299956
1,1,1,0.6797385
1,0,0,0.32002476
1,1,0,0.46151388
1,0,1,0.5299407
1,1,0,0.28168997
1,1,1,0.669002
1,1,1,0.7389748
1,1,1,0.65218234
1,1,0,0.47057447
1,0,1,0.6658458
1,1,1,0.7438609
1,1,1,0.60750216
1,1,1,0.6453647
1,1,1,0.6248791
1,0,1,0.6322785
1,0,0,0.33488902
1,0,1,0.60862434
1,1,1,0.845339
1,0,0,0.16433118
1,0,1,0.73207825
1,0,1,0.5475512
1,0,1,0.71889555
1,1,1,0.598627
1,1,1,0.6317256
1,1,1,0.5909606
1,1,0,0.42401224
1,0,1,0.5181635
1,1,0,0.47315097
1,0,1,0.5364297
1,0,0,0.38707277
1,0,1,0.69531924
1,0,1,0.61756146
1,1,1,0.638331
1,1,1,0.74706316
1,0,0,0.37748834
1,0,0,0.43362436
1,0,1,0.669073
1,1,1,0.50917464
1,1,1,0.8761854
1,1,1,0.816399
1,1,0,0.40801215
1,0,1,0.7453934
1,1,1,0.65867996
1,1,1,0.74473697
1,0,1,0.7079061
1,1,1,0.6474464
1,0,1,0.7710316
1,1,0,0.44326696
1,1,1,0.78385216
1,1,1,0.6760163
1,1,1,0.8369063
1,1,1,0.7215395
1,0,0,0.28142363
1,1,1,0.8376191
1,1,1,0.6650905
1,1,1,0.500785
1,1,1,0.69937
1,0,0,0.45621374
1,0,1,0.5783816
1,0,1,0.513208
1,0,1,0.5431511
1,1,0,0.3155475
1,0,1,0.60835314
1,0,0,0.46826357
1,0,0,0.20079277
1,1,1,0.62959796
1,0,1,0.5067075
1,0,0,0.40925607
1,0,0,0.08789456
1,0,1,0.61760473
1,0,1,0.6255996
1,1,1,0.64547205
1,0,0,0.28014618
1,1,0,0.42543063
1,0,0,0.19572064
1,1,1,0.68348366
1,0,0,0.12084827
1,1,0,0.48118237
1,1,1,0.6530397
1,1,0,0.48840195
1,1,1,0.57955223
1,1,1,0.5850412
1,1,1,0.5752592
1,1,1,0.7001338
1,0,1,0.5645458
1,1,1,0.6858649
1,0,1,0.5244155
1,0,0,0.11148685
1,0,0,0.18668962
1,0,0,0.46572542
1,1,1,0.7630625
1,1,0,0.396994
1,1,1,0.6030488
1,0,0,0.41351902
1,1,0,0.43438834
1,1,1,0.57154185
1,0,0,0.098387375
1,1,1,0.647415
1,0,0,0.3801457
1,1,1,0.5134382
1,0,0,0.22855866
1,0,1,0.69380903
1,1,0,0.19331163
1,1,1,0.8657774
1,1,1,0.5077293
1,0,1,0.7572731
1,0,0,0.057267528
1,0,1,0.54173815
1,1,1,0.69554913
1,0,0,0.31006882
1,0,1,0.5393696
1,0,0,0.34151974
1,0,0,0.26935935
1,0,0,0.10331717
1,0,0,0.11864206
1,0,0,0.21638314
1,1,0,0.40413865
1,0,0,0.39827916
1,0,0,0.1654942
1,0,0,0.10154732
1,0,0,0.12272498
1,0,0,0.43790084
1,0,1,0.60840464
1,1,0,0.2469894
1,0,0,0.11216716
1,0,0,0.121450655
1,0,1,0.614084
1,1,0,0.26139858
1,0,0,0.337975
1,0,0,0.26331416
1,0,0,0.3380295
1,0,0,0.36188647
1,0,0,0.37656215
1,0,0,0.4709234
1,1,0,0.16457576
1,1,0,0.3835256
1,1,1,0.6519196
1,0,0,0.1230623
1,0,0,0.1975953
1,1,0,0.16445258
1,1,0,0.43549004
1,1,1,0.559146
1,1,0,0.36938396
1,0,0,0.24882214
1,0,0,0.4865019
1,1,0,0.27525914
1,1,0,0.37170392
1,1,0,0.33743685
1,0,0,0.23133864
1,0,1,0.72609884
1,1,0,0.36879128
1,1,1,0.61505246
1,0,0,0.4247038
1,1,0,0.3961223
1,0,0,0.38435513
1,0,1,0.6232277
1,0,0,0.115381844
1,0,0,0.12352939
1,0,0,0.45827857
1,1,1,0.5456512
1,1,1,0.5666503
1,0,1,0.66620433
1,1,1,0.5375721
1,0,1,0.53445274
1,1,0,0.076199815
1,1,1,0.8439095
1,0,1,0.6814313
1,1,1,0.5227382
1,1,1,0.79065275
1,0,0,0.49947956
1,0,1,0.638546
1,0,0,0.49795657
1,0,1,0.7075506
1,0,0,0.4688059
1,0,0,0.4173982
1,1,1,0.62964916
1,1,1,0.5642871
1,1,1,0.5274007
1,1,1,0.66722935
1,1,0,0.4451468
1,1,1,0.6030938
1,0,0,0.45075765
1,0,1,0.61788046
1,1,1,0.69551384
1,0,0,0.30631632
1,1,1,0.8111219
1,1,0,0.37248757
1,0,1,0.606492
1,1,1,0.52424735
1,0,1,0.51773745
1,0,1,0.72555834
1,1,1,0.52117616
1,0,0,0.45061165
1,1,1,0.5424965
1,1,1,0.75083447
1,0,0,0.2880314
1,1,1,0.56331277
1,1,0,0.48200133
1,1,1,0.59119266
1,0,0,0.29553202
1,1,1,0.64479256
1,1,1,0.7431161
1,0,1,0.6592953
1,1,1,0.5843214
1,1,0,0.44067946
1,1,1,0.65359
1,0,1,0.7472628
1,1,0,0.2223964
1,0,0,0.08087045
1,1,1,0.5909553
1,1,0,0.38437387
1,1,1,0.656995
1,1,1,0.6882454
1,1,0,0.40306276
1,0,0,0.3840306
1,1,0,0.47717243
1,1,1,0.6340824
1,1,0,0.4083573
1,1,1,0.7491147
1,0,0,0.11320285
1,1,1,0.51870733
1,0,0,0.1816575
1,1,1,0.59709287
1,0,0,0.04858074
1,0,0,0.18672441
1,0,0,0.07260326
1,0,1,0.58832264
1,0,1,0.6326099
1,0,0,0.4375185
1,1,1,0.53484714
1,1,1,0.73474365
1,0,0,0.052933633
1,0,0,0.30485973
1,0,1,0.6880981
1,0,0,0.47151524
1,0,1,0.56264013
1,1,0,0.32312778
1,1,1,0.543895
1,0,1,0.64264435
1,0,0,0.48329762
1,1,1,0.8553349
1,1,1,0.8226117
1,0,1,0.6504084
1,1,1,0.61915565
1,0,0,0.35380113
1,0,0,0.11460704
1,0,0,0.11770092
1,0,0,0.11031079
1,0,0,0.08699913
1,0,0,0.0967009
1,0,0,0.06731854
1,0,1,0.6442349
1,1,1,0.7298533
1,1,1,0.56806827
1,1,1,0.5831108
1,0,1,0.52984285
1,0,1,0.53629935
1,0,1,0.6227015
1,0,0,0.44210345
1,0,1,0.57919776
1,0,0,0.18546903
1,1,0,0.18493824
1,0,0,0.21707696
1,1,1,0.5887714
1,0,0,0.2354996
1,0,1,0.53536075
1,1,1,0.5910802
1,1,1,0.75946015
1,1,0,0.44798392
1,1,0,0.4964418
1,0,0,0.3598913
1,1,0,0.18276311
1,0,0,0.40098968
1,0,0,0.2693393
1,1,1,0.51008904
1,0,1,0.54220295
1,1,0,0.31761438
1,1,0,0.4963616
1,0,0,0.44076318
1,1,0,0.38055807
1,0,0,0.2940705
1,1,0,0.45522457
1,0,1,0.6037822
1,1,0,0.40493512
1,0,0,0.3069274
1,1,0,0.23467168
1,0,0,0.36794832
1,0,1,0.5351122
1,1,1,0.87335765
1,0,0,0.44494537
1,1,1,0.5457666
1,1,1,0.57727724
1,0,1,0.50621307
1,1,1,0.68388194
1,1,0,0.48089278
1,0,0,0.3526753
1,1,1,0.6223785
1,0,0,0.22168064
1,0,1,0.5726787
1,0,0,0.42735115
1,1,1,0.5283707
1,0,1,0.5845029
1,0,0,0.43758717
1,1,0,0.44795614
1,0,0,0.38090977
1,1,0,0.31963328
1,1,1,0.5765719
1,0,0,0.41622445
1,0,0,0.27078775
1,1,1,0.84106356
1,1,0,0.49027574
1,0,0,0.16735914
1,1,0,0.289966
1,0,0,0.42847425
1,1,1,0.6699631
1,0,0,0.26467192
1,1,1,0.59760803
1,1,1,0.5687098
1,0,0,0.25764173
1,0,0,0.41247487
1,1,0,0.32524356
1,0,0,0.19881254
1,0,0,0.41559243
1,0,0,0.49721938
1,0,0,0.2326225
1,0,1,0.53711
1,1,1,0.55658734
1,0,1,0.605542
1,1,1,0.6036082
1,0,1,0.5756139
1,1,0,0.43871808
1,1,0,0.22640455
1,1,1,0.5560768
1,0,0,0.42805508
1,0,0,0.37769008
1,0,0,0.46834683
1,0,1,0.6411786
1,1,1,0.5101127
1,0,1,0.578653
1,1,1,0.58124703
1,1,0,0.2509289
1,0,0,0.22190046
1,1,1,0.66346854
1,0,0,0.048148572
1,0,0,0.3717572
1,1,1,0.7266076
1,1,1,0.61379933
1,0,0,0.19674534
1,1,1,0.5826344
1,0,0,0.41649175
1,1,1,0.68071485
1,1,1,0.6639105
1,1,1,0.8625144
1,0,0,0.30902734
1,1,0,0.46306926
1,1,1,0.7405386
1,0,1,0.6249805
1,1,1,0.89422446
1,1,1,0.8384499
1,1,1,0.6334587
1,0,0,0.40956128
1,1,1,0.7637294
1,1,1,0.6864659
1,1,1,0.6119307
1,0,1,0.7495066
1,1,1,0.75541455
1,0,1,0.5861064
1,0,1,0.66091627
1,0,1,0.56670195
1,1,1,0.65020496
1,1,1,0.5432303
1,0,1,0.65061015
1,1,0,0.46810025
1,1,1,0.8443122
1,1,1,0.8379491
1,0,1,0.65370643
1,0,0,0.31668922
1,1,1,0.57878596
1,0,1,0.5788971
1,0,0,0.29993352
1,0,0,0.21062233
1,0,0,0.28725556
1,1,0,0.37393853
1,1,0,0.4906633
1,0,0,0.35853902
1,0,0,0.120981745
1,1,1,0.5982923
1,0,1,0.55162495
1,1,0,0.493458
1,0,1,0.543807
1,0,1,0.5889767
1,0,1,0.61083627
1,1,0,0.37401024
1,1,1,0.72803915
1,1,0,0.38757086
1,0,0,0.4546214
1,0,0,0.40166706
1,0,0,0.33013165
1,1,0,0.40379283
1,0,0,0.3807911
1,1,1,0.5044155
1,1,0,0.15674423
1,0,0,0.16963819
1,0,0,0.05879566
1,0,0,0.08302226
1,1,0,0.2425804
1,0,0,0.3452421
1,0,0,0.3448847
1,0,0,0.14343584
1,1,1,0.6042031
1,1,1,0.56099683
1,1,0,0.48867047
1,0,0,0.36995906
1,1,0,0.18337074
1,0,0,0.33978856
1,0,0,0.21313986
1,0,0,0.27411726
1,1,0,0.24798267
1,1,1,0.5255774
1,0,1,0.5406517
1,0,1,0.7078677
1,0,0,0.40058613
1,0,0,0.1342476
1,0,0,0.41080093
1,0,1,0.57143354
1,0,1,0.6300836
1,1,1,0.57514536
1,0,0,0.4578011
1,1,1,0.65375614
1,0,0,0.101865396
1,1,1,0.6829373
1,0,1,0.6469806
1,0,0,0.30085325
1,0,0,0.3234486
1,1,1,0.6604125
1,1,1,0.69163597
1,1,1,0.5840897
1,0,0,0.45169523
1,1,1,0.6856627
1,1,1,0.6521193
1,1,1,0.751889
1,1,1,0.627159
1,1,0,0.38492483
1,1,1,0.67370796
1,0,1,0.6079995
1,0,1,0.62194985
1,0,0,0.117150225
1,0,1,0.7936009
1,1,1,0.6217374
1,0,1,0.5754755
1,1,1,0.6299107
1,0,1,0.50781775
1,0,1,0.68871874
1,1,1,0.7251973
1,0,1,0.5612708
1,1,1,0.7732967
1,1,1,0.7520097
1,1,1,0.65707004
1,1,1,0.61372906
1,1,0,0.37482637
1,0,1,0.58552104
1,0,1,0.589713
1,0,0,0.23408349
1,0,1,0.60485524
1,0,0,0.08603559
1,0,0,0.4297982
1,0,1,0.6906991
1,0,0,0.20851399
1,0,1,0.6770342
1,0,0,0.22675267
1,1,1,0.611729
1,1,0,0.40856877
1,0,1,0.54257554
1,1,1,0.83414704
1,1,1,0.89913917
1,1,1,0.6618982
1,0,1,0.604683
1,0,0,0.20177695
1,0,0,0.26254013
1,1,1,0.7667947
1,0,1,0.79416806
1,0,1,0.6191052
1,1,1,0.81395507
1,1,0,0.41909134
1,1,1,0.74912846
1,0,1,0.63925207
1,1,1,0.83961636
1,1,1,0.86875033
1,1,1,0.7982651
1,0,1,0.76211005
1,0,1,0.8617671
1,0,0,0.45279312
1,0,1,0.6585993
1,1,1,0.6591688
1,0,0,0.28730312
1,0,0,0.43639615
1,1,1,0.73576987
1,1,0,0.41119307
1,1,0,0.21162273
1,1,0,0.26498756
1,1,1,0.51816016
1,0,0,0.46430826
1,1,1,0.7933849
1,1,1,0.7398726
1,1,1,0.6772998
1,0,0,0.3004949
1,0,0,0.48782414
1,1,1,0.6622719
1,0,1,0.61420417
1,0,0,0.22698575
1,1,1,0.7716453
1,1,1,0.8379813
1,0,0,0.29367822
1,0,1,0.5298935
1,0,1,0.7037792
1,0,0,0.24785146
1,0,0,0.12807064
1,1,1,0.824938
1,0,0,0.45916703
1,0,0,0.361939
1,1,0,0.44116098
1,1,1,0.83507574
1,1,1,0.54883534
1,1,1,0.5747993
1,0,1,0.5417825
1,0,0,0.3778287
1,1,0,0.44291064
1,1,0,0.1145605
1,1,0,0.49597317
1,1,1,0.5953294
1,0,1,0.56707776
1,0,1,0.57310295
1,1,1,0.7105759
1,0,1,0.6059812
1,1,1,0.5512816
1,0,1,0.5557449
1,0,1,0.81819534
1,0,1,0.6148878
1,0,1,0.5766772
1,1,0,0.44468394
1,0,1,0.6469943
1,0,1,0.6252192
1,1,1,0.5500677
1,0,1,0.5512824
1,0,1,0.5747063
1,0,0,0.21041358
1,1,0,0.4716776
1,1,1,0.67558795
1,1,1,0.8166545
1,0,1,0.77371776
1,1,1,0.7443842
1,1,0,0.39243373
1,1,1,0.5042532
1,0,0,0.39228687
1,1,0,0.46837312
1,0,0,0.29053855
1,0,0,0.34417492
1,0,0,0.3700935
1,0,0,0.2751275
1,0,0,0.47660148
1,0,0,0.19344993
1,0,0,0.1365286
1,1,1,0.56062496
1,0,0,0.43696672
1,1,0,0.28697193
1,1,0,0.4103087
1,1,1,0.5253716
1,0,1,0.5228829
1,1,1,0.5129555
1,1,1,0.6371976
1,0,0,0.042316288
1,0,0,0.49815187
1,1,0,0.13928862
1,0,0,0.05825577
1,1,1,0.63693726
1,0,0,0.21692942
1,1,0,0.1754197
1,1,1,0.51645195
1,0,0,0.21768057
1,0,0,0.2568974
1,0,0,0.09323914
1,1,0,0.2615946
1,1,0,0.45593655
1,0,0,0.039816257
1,0,0,0.2139386
1,0,0,0.33735055
1,0,0,0.18218186
1,1,1,0.819186
1,0,1,0.60324633
1,1,0,0.4950718
1,1,1,0.7123901
1,0,1,0.69160545
1,1,1,0.6494331
1,1,0,0.4817825
1,1,1,0.66230595
1,0,1,0.6396189
1,0,1,0.57568884
1,0,1,0.8225931
1,1,1,0.87061006
1,0,0,0.40017474
1,0,1,0.68639416
1,0,1,0.78189754
1,1,1,0.68196696
1,0,1,0.67379403
1,1,1,0.71581215
1,1,1,0.82919604
1,1,1,0.7359861
1,1,1,0.84967566
1,0,1,0.8598413
1,1,1,0.55236435
1,0,0,0.48529157
1,0,1,0.72468805
1,1,1,0.7644985
1,0,1,0.6485312
1,1,1,0.76402926
1,0,1,0.8200776
1,1,1,0.7673329
1,1,1,0.80708504
1,1,0,0.44883606
1,0,1,0.6537159
1,0,0,0.4563006
1,0,0,0.27034533
1,0,1,0.56254154
1,1,1,0.5712651
1,1,1,0.57688415
1,1,1,0.50122637
1,1,0,0.4196483
1,0,0,0.30435616
1,0,0,0.2927678
1,0,0,0.36720112
1,1,0,0.2733458
1,0,0,0.10014078
1,0,0,0.10101966
1,0,0,0.25143
1,0,0,0.27145272
1,0,0,0.41596967
1,1,0,0.33051062
1,1,0,0.45035923
1,0,1,0.56657976
1,0,0,0.24486627
1,1,0,0.30664784
1,1,0,0.3716245
1,0,0,0.3071242
1,0,1,0.5926236
1,1,1,0.59308046
1,1,1,0.72163534
1,1,1,0.6174219
1,0,0,0.18514039
1,0,1,0.69477373
1,1,1,0.51862043
1,0,0,0.31028378
1,0,0,0.11383705
1,1,1,0.65202117
1,1,0,0.43023732
1,1,1,0.54055506
1,0,0,0.24374877
1,1,1,0.6233762
1,0,0,0.13270724
1,0,0,0.22180063
1,1,0,0.43369922
1,0,0,0.4833602
1,0,0,0.3875994
1,0,1,0.6528032
1,1,1,0.86985135
1,0,1,0.6083175
1,1,0,0.42004898
1,0,0,0.22713573
1,1,1,0.63855404
1,0,1,0.63415474
1,1,1,0.7462183
1,1,1,0.51469725
1,1,1,0.7614484
1,1,1,0.64457834
1,1,1,0.7908848
1,1,1,0.8576141
1,1,1,0.53789395
1,1,1,0.5370556
1,1,1,0.6035675
1,0,1,0.69057506
1,0,1,0.65382135
1,0,0,0.37269008
1,1,0,0.49416602
1,0,0,0.326003
1,1,1,0.6048153
1,0,1,0.7003573
1,0,1,0.613659
1,0,1,0.52381706
1,0,0,0.45910367
1,1,1,0.7489908
1,1,1,0.7021691
1,1,1,0.7468071
1,1,1,0.528026
1,1,0,0.43261415
1,0,0,0.4782478
1,0,1,0.6772221
1,0,0,0.22347826
1,0,0,0.035407122
1,1,1,0.70207965
1,1,1,0.5660016
1,1,0,0.45015612
1,1,0,0.33111483
1,0,1,0.7940176
1,0,0,0.3099036
1,0,0,0.26795548
1,0,0,0.3576342
1,0,1,0.710396
1,1,0,0.3165789
1,0,0,0.16270936
1,1,1,0.67841125
1,1,1,0.64710516
1,0,1,0.52463365
1,1,1,0.8508975
1,0,1,0.5202486
1,0,1,0.5896528
1,0,0,0.40922904
1,1,1,0.54556584
1,0,0,0.46278083
1,1,1,0.5889201
1,0,0,0.35602868
1,1,0,0.4209936
1,0,1,0.5774733
1,1,1,0.82746553
1,1,1,0.7127997
1,1,1,0.6958859
1,1,1,0.69048667
1,0,0,0.34568816
1,0,0,0.33482903
1,1,1,0.6816945
1,1,1,0.80762196
1,0,0,0.3406766
1,0,0,0.42470723
1,0,1,0.6882015
1,0,1,0.7596036
1,1,1,0.7423699
1,0,0,0.43993023
1,0,0,0.21799564
1,0,1,0.6581582
1,1,1,0.7070177
1,1,1,0.5433392
1,1,0,0.46329784
1,1,1,0.60832286
1,1,0,0.43725637
1,0,0,0.41097495
1,1,1,0.734486
1,0,1,0.5272104
1,0,1,0.6203494
1,0,0,0.3374659
1,1,0,0.48891065
1,1,1,0.6881522
1,0,0,0.343384
1,0,0,0.45398027
1,0,0,0.39935622
1,0,1,0.79453856
1,1,0,0.42764667
1,1,1,0.8662932
1,0,0,0.06957271
1,0,1,0.64095277
1,0,0,0.4578164
1,0,0,0.09481874
1,0,1,0.6872088
1,1,1,0.8436973
1,0,0,0.4433092
1,1,1,0.58627623
1,1,0,0.21738863
1,1,1,0.51724064
1,1,1,0.5673791
1,1,1,0.5657818
1,1,1,0.6748854
1,1,1,0.6528388
1,0,0,0.24523808
1,1,0,0.35457814
1,1,1,0.66714334
1,1,1,0.60272425
1,1,1,0.6634388
1,0,0,0.3067396
1,0,0,0.20272304
1,1,1,0.8596284
1,0,0,0.2744662
1,0,0,0.07783283
1,0,1,0.708962
1,0,0,0.20925415
1,0,0,0.0973847
1,1,1,0.659329
1,0,1,0.5514029
1,0,0,0.42670187
1,0,0,0.4525815
1,1,1,0.7196036
1,0,1,0.62801427
1,0,1,0.5347003
1,0,1,0.55057776
1,0,1,0.5000385
1,1,1,0.8454998
1,0,1,0.5215984
1,1,1,0.50006354
1,0,1,0.5083157
1,1,1,0.5868931
1,0,1,0.52752733
1,0,1,0.5043163
1,0,1,0.5960623
1,1,1,0.705349
1,0,0,0.374104
1,1,1,0.6230038
1,1,1,0.67030287
1,1,1,0.57188725
1,1,1,0.5250949
1,1,0,0.495333
1,0,0,0.14826094
1,0,1,0.7676731
1,1,0,0.2899395
1,0,0,0.26710638
1,1,0,0.47813308
1,1,1,0.61071116
1,1,1,0.7727057
1,1,1,0.7298856
1,1,0,0.46315324
1,1,0,0.420045
1,0,1,0.58402014
1,0,1,0.5839441
1,1,1,0.63455653
1,1,1,0.56957674
1,1,0,0.41195142
1,0,1,0.55550045
1,0,0,0.39353332
1,0,0,0.46451014
1,0,1,0.69638187
1,1,0,0.4681796
1,0,1,0.59506696
1,1,1,0.82435566
1,0,0,0.20140198
1,1,1,0.71723074
1,0,0,0.41901562
1,0,0,0.40132332
1,0,0,0.34322935
1,0,0,0.39697388
1,1,1,0.52448183
1,0,0,0.28355634
1,1,1,0.84012437
1,0,0,0.13356574
1,0,0,0.32349488
1,1,1,0.8538408
1,1,1,0.5540894
1,1,1,0.84394675
1,1,1,0.57649124
1,1,1,0.5706897
1,0,0,0.42304122
1,0,0,0.48211524
1,0,1,0.66662765
1,1,1,0.62135357
1,0,0,0.2870056
1,0,0,0.3933712
1,1,1,0.59309447
1,1,1,0.7694732
1,0,0,0.4425208
1,0,0,0.28985035
1,0,1,0.6439456
1,1,0,0.26379582
1,0,0,0.4187394
1,0,1,0.7377882
1,1,1,0.6455132
1,0,0,0.27594957
1,1,1,0.5624083
1,1,1,0.60097235
1,0,0,0.060778707
1,0,0,0.38800204
1,1,1,0.86986333
1,0,1,0.71928525
1,0,1,0.52476996
1,0,1,0.68296057
1,1,1,0.55612564
1,0,0,0.47750533
1,1,1,0.60408
1,0,1,0.54426014
1,1,0,0.4547138
1,0,0,0.06489134
1,1,1,0.5600443
1,0,1,0.5965413
1,1,1,0.67616725
1,0,1,0.7839152
1,1,1,0.72018903
1,1,0,0.3828608
1,0,0,0.39835167
1,0,1,0.55320245
1,1,1,0.7877512
1,1,1,0.51848096
1,0,0,0.40370408
1,1,0,0.29794896
1,1,1,0.7452944
1,0,0,0.44354835
1,1,0,0.24807018
1,1,0,0.28314131
1,1,1,0.5228466
1,0,0,0.4634069
1,1,1,0.63678557
1,0,0,0.46580815
1,1,0,0.13711819
1,0,1,0.72465765
1,0,0,0.10227774
1,0,0,0.40103966
1,0,0,0.13933381
1,1,0,0.09866775
1,0,0,0.27348873
1,0,0,0.34323302
1,1,0,0.4361051
1,0,1,0.5274906
1,0,0,0.18405136
1,0,0,0.35781607
1,0,1,0.5950912
1,0,0,0.25275022
1,1,0,0.46018577
1,1,1,0.634659
1,0,1,0.8846775
1,1,1,0.76503694
1,0,1,0.67200387
1,1,1,0.8033227
1,0,1,0.61643964
1,1,1,0.69011843
1,0,0,0.24214844
1,0,0,0.46178132
1,1,1,0.72324824
1,0,0,0.33767885
1,1,0,0.42031246
1,1,1,0.79003733
1,0,1,0.564239
1,0,0,0.2074274
1,1,1,0.8206265
1,0,0,0.3049706
1,0,1,0.6509377
1,0,0,0.34152886
1,1,1,0.6576709
1,0,1,0.6205746
1,1,1,0.8557483
1,1,1,0.6204572
1,0,1,0.6073297
1,1,1,0.696617
1,1,0,0.43854842
1,0,1,0.505786
1,0,0,0.14973776
1,0,1,0.58816123
1,0,0,0.4638235
1,1,1,0.61323327
1,0,1,0.6712309
1,1,1,0.64141756
1,0,0,0.3998671
1,0,0,0.4718769
1,1,1,0.8263402
1,0,1,0.71375704
1,0,1,0.5881387
1,0,0,0.49869698
1,1,1,0.8064753
1,1,1,0.63523614
1,1,1,0.81702334
1,1,1,0.6220152
1,0,0,0.31769073
1,0,0,0.1517365
1,1,1,0.7061012
1,0,1,0.54267675
1,0,0,0.3855798
1,1,1,0.7486048
1,0,1,0.5261287
1,1,1,0.5988278
1,0,1,0.5452949
1,1,1,0.8366667
1,1,1,0.76222366
1,1,1,0.6370409
1,1,0,0.3573868
1,1,1,0.620559
1,0,1,0.51418173
1,1,1,0.55702484
1,1,0,0.49237013
1,0,0,0.13539492
1,1,1,0.85469365
1,1,1,0.7650626
1,0,1,0.75810987
1,0,0,0.23863646
1,0,1,0.5960834
1,1,1,0.7829474
1,0,0,0.4907732
1,1,1,0.6323025
1,1,1,0.58667487
1,1,1,0.5405515
1,1,0,0.20717016
1,0,0,0.29754594
1,1,1,0.5015046
1,0,1,0.5075592
1,1,0,0.47555146
1,0,1,0.63566893
1,0,1,0.5101375
1,1,1,0.53882027
1,1,0,0.29359937
1,0,1,0.59115607
1,0,0,0.06510163
1,1,0,0.37568608
1,0,0,0.267322
1,1,0,0.38969275
1,0,1,0.5030436
1,1,1,0.5831836
1,0,1,0.7094306
1,0,0,0.42918622
1,0,0,0.4422036
1,1,1,0.7039434
1,0,1,0.50372756
1,0,1,0.6673913
1,0,1,0.7187526
1,0,0,0.27110684
1,1,1,0.86567956
1,1,1,0.74593383
1,1,1,0.5682633
1,0,1,0.5654
1,1,1,0.6923127
1,0,1,0.5297423
1,0,1,0.7273435
1,0,1,0.5911042
1,1,0,0.49952582
1,0,1,0.65626633
1,1,1,0.62819254
1,0,0,0.49521607
1,0,1,0.6151061
1,1,1,0.68499094
1,0,1,0.5777483
1,1,1,0.6058443
1,0,0,0.3500562
1,1,1,0.9126684
1,1,1,0.691842
1,0,0,0.39122078
1,1,1,0.5858157
1,0,1,0.564888
1,1,1,0.6652751
1,0,1,0.5638662
1,1,1,0.62124836
1,0,0,0.44911504
1,0,1,0.58628196
1,0,1,0.6308165
1,1,1,0.67018294
1,1,1,0.5323756
1,1,1,0.52064764
1,1,1,0.60653114
1,0,1,0.72207636
1,0,1,0.5748057
1,0,1,0.64316547
1,1,1,0.7075926
1,1,1,0.68502563
1,0,1,0.61785406
1,1,1,0.7894285
1,0,0,0.42882916
1,0,1,0.52586544
1,1,1,0.6764156
1,1,1,0.5940884
1,0,0,0.42436478
1,0,1,0.56245697
1,0,0,0.09835938
1,1,1,0.77434117
1,1,1,0.6223525
1,0,0,0.2033423
1,0,0,0.38962415
1,1,1,0.6029894
1,1,1,0.63750446
1,1,1,0.7501522
1,0,0,0.09096979
1,1,0,0.3955228
1,1,1,0.5981242
1,1,1,0.59098804
1,1,1,0.6522233
1,0,0,0.23920397
1,0,0,0.18946971
1,0,0,0.110367924
1,0,1,0.54166126
1,1,1,0.76765007
1,0,1,0.6270805
1,0,0,0.4275726
1,0,0,0.40708336
1,1,0,0.4490062
1,0,0,0.4206215
1,1,1,0.74710405
1,1,1,0.5412401
1,1,1,0.59097123
1,1,1,0.5842452
1,0,0,0.32394588
1,0,1,0.5575596
1,1,1,0.745304
1,0,0,0.412576
1,0,0,0.39989045
1,0,0,0.13577782
1,1,1,0.64916724
1,0,0,0.44067746
1,1,1,0.54919684
1,0,1,0.7858007
1,0,0,0.3042861
1,1,1,0.8640033
1,1,1,0.68175095
1,1,1,0.57424974
1,1,1,0.64172494
1,1,1,0.6516321
1,0,0,0.3561564
1,1,1,0.6302997
1,0,1,0.65737516
1,1,1,0.73594284
1,0,0,0.43758464
1,0,0,0.44446644
1,0,0,0.4355409
1,0,1,0.6745841
1,0,1,0.7140061
1,0,0,0.48050305
1,0,0,0.4727374
1,0,0,0.073926
1,1,1,0.7174552
1,0,1,0.5355216
1,0,1,0.6513345
1,1,1,0.8075844
1,1,1,0.6859753
1,1,1,0.7665341
1,1,0,0.49753547
1,0,0,0.4823758
1,1,1,0.64538187
1,0,0,0.4633483
1,0,0,0.3090615
1,0,0,0.36538118
1,1,1,0.6541344
1,1,1,0.57246506
1,1,1,0.75742847
1,0,0,0.29225427
1,0,0,0.30494618
1,1,1,0.73850965
1,0,0,0.42382255
1,0,0,0.37374815
1,1,1,0.85395384
1,0,0,0.31410596
1,1,1,0.7401654
1,0,0,0.38572356
1,1,1,0.8595862
1,0,1,0.8113891
1,1,1,0.6803392
1,0,0,0.3212765
1,0,0,0.4379628
1,1,1,0.62561786
1,1,1,0.69745326
1,0,0,0.20187263
1,0,0,0.4729913
1,1,1,0.6159381
1,0,1,0.73464584
1,0,1,0.6047431
1,1,1,0.5370272
1,0,1,0.53023845
1,1,1,0.7848959
1,1,1,0.70875114
1,1,1,0.82426584
1,1,1,0.66639537
1,1,1,0.8808067
1,0,1,0.7718125
1,0,1,0.53958845
1,0,1,0.67614037
1,0,1,0.7696802
1,1,1,0.8990949
1,1,1,0.7170957
1,1,1,0.67522097
1,1,1,0.81563604
1,1,1,0.8259467
1,1,1,0.5500738
1,0,0,0.4280125
1,0,1,0.58285767
1,0,1,0.55368316
1,0,1,0.5669664
1,1,1,0.7191497
1,0,1,0.5258623
1,0,1,0.612107
1,1,1,0.58886594
1,1,1,0.5463026
1,1,0,0.4075847
1,1,1,0.7372702
1,1,0,0.42581505
1,1,1,0.55010647
1,0,0,0.35379583
1,0,0,0.44326675
1,1,0,0.4630941
1,1,1,0.612907
1,0,0,0.22398512
1,1,1,0.80753934
1,1,1,0.5088118
1,1,1,0.7233321
1,1,1,0.66573054
1,1,1,0.7701431
1,1,1,0.57861274
1,0,1,0.64873874
1,0,1,0.6016632
1,1,1,0.6406531
1,0,1,0.546108
1,1,1,0.6392338
1,0,0,0.43657723
1,1,1,0.8468944
1,0,1,0.6335515
1,1,0,0.47187012
1,0,0,0.49602434
1,1,1,0.6724372
1,0,1,0.5705322
1,0,1,0.68254966
1,0,0,0.17427832
1,1,1,0.5052395
1,1,1,0.6888645
1,0,1,0.5662584
1,1,1,0.87221754
1,0,0,0.1539399
1,1,1,0.67520034
1,1,1,0.7857728
1,0,1,0.5559431
1,0,1,0.58344424
1,0,0,0.4166133
1,0,1,0.6972435
1,1,1,0.7435325
1,0,1,0.71930295
1,0,0,0.4673197
1,1,1,0.7587806
1,0,1,0.7061465
1,0,0,0.44421905
1,0,0,0.47857457
1,0,0,0.47949797
1,1,1,0.671662
1,0,0,0.42006433
1,1,1,0.5015564
1,1,1,0.6384342
1,0,1,0.5293237
1,0,1,0.6381339
1,1,1,0.7550504
1,0,1,0.58571905
1,1,1,0.67206895
1,1,1,0.70486844
1,1,1,0.5058306
1,0,0,0.43516847
1,1,1,0.6790994
1,1,1,0.63810337
1,0,1,0.5460979
1,0,0,0.47549462
1,1,1,0.6846123
1,1,1,0.6509081
1,0,0,0.3475767
1,1,1,0.7328612
1,0,1,0.5260473
1,0,1,0.608188
1,0,1,0.68657476
1,1,1,0.6173138
1,1,1,0.61460936
1,0,1,0.5822019
1,1,1,0.77182513
1,1,1,0.52764845
1,1,0,0.4649453
1,0,1,0.6365431
1,1,1,0.6456215
1,1,1,0.7913369
1,1,0,0.4376873
1,1,1,0.6796992
1,1,0,0.48940396
1,1,0,0.31442663
1,1,1,0.63160616
1,0,1,0.5917293
1,0,0,0.41932926
1,0,0,0.38370508
1,0,1,0.5003538
1,0,0,0.3071449
1,0,0,0.43703708
1,0,1,0.7898654
1,1,1,0.7858579
1,0,1,0.8034617
1,0,1,0.8379308
1,0,0,0.19887768
1,1,1,0.80666643
1,0,0,0.1901458
1,0,1,0.550902
1,1,1,0.5872969
1,0,1,0.5194927
1,1,1,0.6121774
1,1,0,0.43653062
1,1,0,0.33449993
1,1,0,0.47060883
1,0,0,0.45507613
1,1,0,0.3544437
1,0,1,0.6066145
1,0,1,0.69215304
1,0,0,0.23992485
1,0,0,0.49832484
1,1,1,0.6667363
1,0,0,0.4190489
1,1,1,0.71143025
1,1,1,0.5924054
1,1,1,0.6547674
1,0,1,0.5751929
1,1,1,0.6872118
1,1,1,0.6055858
1,1,1,0.70123446
1,0,0,0.4939977
1,1,1,0.8948206
1,0,1,0.72301126
1,0,0,0.47659427
1,0,0,0.4407846
1,0,1,0.6745632
1,0,0,0.45030487
1,1,1,0.8690063
1,0,1,0.709969
1,1,1,0.736662
1,1,1,0.73076457
1,0,1,0.7616643
1,1,1,0.69975615
1,0,1,0.69550765
1,0,1,0.7331234
1,1,1,0.9175281
1,0,1,0.6694995
1,1,1,0.62409925
1,0,1,0.72923416
1,0,1,0.55066484
1,1,1,0.80574375
1,1,1,0.7952846
1,0,1,0.7908721
1,0,0,0.22699581
1,1,1,0.8463773
1,0,1,0.85209554
1,0,0,0.36302957
1,0,1,0.70301014
1,1,1,0.6460636
1,0,1,0.5672547
1,0,1,0.62969196
1,0,1,0.54166955
1,0,1,0.65619355
1,1,1,0.54887825
1,0,0,0.43516976
1,0,1,0.6513339
1,1,1,0.7306942
1,0,1,0.7716938
1,1,0,0.4230933
1,1,1,0.62911874
1,1,1,0.6354397
1,0,1,0.52656114
1,1,1,0.8168306
1,0,1,0.6553977
1,0,1,0.80560803
1,0,1,0.5263037
1,1,1,0.84100384
1,1,1,0.82170224
1,1,0,0.49728164
1,1,1,0.7511339
1,0,1,0.5622974
1,1,1,0.8868395
1,0,0,0.4022958
1,0,0,0.1915342
1,1,1,0.7765254
1,0,1,0.6831181
1,1,1,0.6584962
1,0,1,0.7263595
1,1,1,0.6269316
1,0,0,0.4831581
1,0,0,0.41440293
1,0,1,0.6698146
1,1,1,0.7792975
1,1,1,0.9057886
1,1,1,0.74629235
1,1,1,0.7999509
1,1,1,0.6421786
1,0,1,0.6002161
1,1,1,0.5746596
1,0,1,0.706746
1,0,1,0.58743906
1,1,1,0.60683167
1,0,1,0.61585355
1,1,1,0.7139803
1,1,1,0.8382293
1,1,1,0.8346219
1,1,1,0.7177165
1,0,0,0.42752874
1,0,0,0.055381503
1,1,1,0.7526936
1,0,1,0.6265987
1,0,0,0.36441326
1,1,1,0.603559
1,0,0,0.12098989
1,0,0,0.092686705
1,1,1,0.8871905
1,0,1,0.6049099
1,1,1,0.67924905
1,0,1,0.5188247
1,1,1,0.83754635
1,0,1,0.5611298
1,0,1,0.7439446
1,1,1,0.70393294
1,0,0,0.21076548
1,1,1,0.8212312
1,1,1,0.5296071
1,0,1,0.5755472
1,0,1,0.67962795
1,0,0,0.2211287
1,1,1,0.7394802
1,1,1,0.71855223
1,1,0,0.46003044
1,1,1,0.89155746
1,1,1,0.8474211
1,1,1,0.7168908
1,0,0,0.3379984
1,1,0,0.47304213
1,1,1,0.6626104
1,1,1,0.68858427
1,1,0,0.25219908
1,1,0,0.22141314
1,0,0,0.38208494
1,0,0,0.22938158
1,0,0,0.2767713
1,0,1,0.61186177
1,0,0,0.46643144
1,1,1,0.5146127
1,0,0,0.3211071
1,0,0,0.1719915
1,1,1,0.6808543
1,0,1,0.544148
1,1,1,0.6795186
1,0,0,0.3622903
1,1,1,0.7527717
1,0,0,0.29755777
1,0,0,0.29682326
1,1,0,0.48557717
1,0,1,0.66183525
1,0,1,0.73693067
1,0,1,0.6594352
1,1,0,0.49392328
1,0,1,0.6639837
1,0,1,0.68860775
1,1,1,0.6424075
1,1,1,0.6673617
1,1,0,0.33293024
1,1,0,0.26113895
1,1,0,0.40182126
1,0,0,0.1196302
1,0,0,0.45493037
1,1,0,0.30662647
1,0,1,0.586574
1,0,0,0.10376841
1,1,0,0.43253478
1,0,1,0.59913594
1,0,1,0.54243684
1,1,0,0.47800216
1,0,0,0.43718603
1,0,0,0.42170534
1,1,1,0.6929511
1,1,1,0.597663
1,1,1,0.7054875
1,0,0,0.43208936
1,1,1,0.74441063
1,0,0,0.47501668
1,0,1,0.80892366
1,0,1,0.6491257
1,0,1,0.68184215
1,1,1,0.84254295
1,1,1,0.5411723
1,0,1,0.5840795
1,1,0,0.43929464
1,1,1,0.7240989
1,0,1,0.5283625
1,0,0,0.47114843
1,0,0,0.2906318
1,0,1,0.5129207
1,1,1,0.63966495
1,0,1,0.6559406
1,0,1,0.58136964
1,1,1,0.58385915
1,0,0,0.46572542
1,1,1,0.5981569
1,1,1,0.6620046
1,1,1,0.65277076
1,1,0,0.3750441
1,1,1,0.56115246
1,1,1,0.52339274
1,1,1,0.53258854
1,1,1,0.7178457
1,0,1,0.5607567
1,0,1,0.6515718
1,0,0,0.09230769
1,0,1,0.68656427
1,0,0,0.39131248
1,0,0,0.08389409
1,1,1,0.61981773
1,0,0,0.20760612
1,0,1,0.5927427
1,0,1,0.54843545
1,0,0,0.48960027
1,1,1,0.690703
1,1,1,0.69871753
1,0,0,0.47471008
1,1,1,0.5875434
1,0,0,0.3847256
1,0,0,0.18192695
1,0,1,0.58248013
1,1,0,0.33102065
1,0,0,0.38084957
1,0,0,0.09789515
1,0,0,0.39561155
1,0,1,0.54190767
1,0,0,0.054613505
1,1,1,0.66619885
1,1,1,0.6546035
1,0,1,0.5447921
1,1,1,0.6647049
1,1,1,0.5222535
1,0,0,0.24702974
1,1,1,0.6612115
1,1,1,0.8303448
1,0,1,0.65769154
1,1,1,0.5446554
1,1,1,0.6542935
1,1,1,0.65807325
1,0,1,0.5869827
1,1,1,0.7543267
1,1,0,0.4348071
1,0,0,0.47066656
1,1,1,0.6223604
1,1,1,0.6846568
1,1,1,0.69543827
1,0,1,0.7708142
1,0,0,0.39518937
1,1,1,0.66376716
1,0,1,0.6578377
1,0,1,0.66909784
1,0,1,0.61331695
1,0,1,0.5768673
1,1,1,0.7526526
1,1,1,0.8046515
1,0,1,0.6589025
1,0,0,0.32294357
1,0,0,0.39001954
1,0,1,0.6720325
1,1,1,0.69269466
1,0,1,0.69078237
1,0,1,0.5876873
1,1,0,0.44905084
1,0,1,0.5162102
1,0,1,0.7760722
1,0,1,0.53562814
1,0,0,0.295245
1,0,0,0.43668061
1,1,1,0.53545743
1,0,0,0.39302444
1,1,1,0.55522954
1,0,0,0.29529354
1,1,1,0.7850562
1,1,1,0.5665066
1,0,0,0.41593975
1,0,0,0.3351854
1,1,1,0.7940831
1,1,1,0.63335496
1,1,1,0.66050476
1,1,1,0.71660817
1,1,1,0.7490711
1,1,1,0.8597929
1,0,1,0.59633386
1,0,0,0.44099146
1,0,1,0.61975497
1,1,1,0.8832793
1,1,1,0.8547933
1,0,1,0.6241555
1,0,1,0.5477287
1,0,1,0.5901598
1,0,0,0.21949232
1,1,1,0.73539305
1,1,1,0.8086743
1,0,1,0.6285799
1,1,1,0.6406995
1,1,1,0.6121385
1,0,1,0.74281627
1,0,1,0.59822065
1,0,1,0.5713189
1,0,0,0.088460915
1,0,1,0.55078864
1,0,0,0.28279933
1,1,1,0.6530724
1,1,1,0.5434683
1,1,1,0.6292201
1,1,1,0.83782256
1,1,0,0.48341858
1,0,1,0.65572995
1,0,1,0.5685806
1,0,0,0.45232987
1,0,1,0.6238157
1,0,1,0.6382015
1,0,0,0.16958441
1,0,1,0.7914128
1,1,1,0.79746956
1,1,1,0.6050831
1,1,1,0.64325523
1,1,1,0.6144051
1,0,0,0.33753777
1,0,0,0.07196255
1,1,1,0.5091483
1,0,1,0.7260543
1,0,0,0.13141644
1,1,1,0.5610849
1,1,1,0.7937179
1,0,1,0.51890874
1,1,1,0.82483715
1,0,1,0.73883927
1,1,1,0.81216943
1,0,1,0.6794874
1,1,1,0.820735
1,0,0,0.4690659
1,1,1,0.7859716
1,1,0,0.48687434
1,1,1,0.63077974
1,0,1,0.80102617
1,0,0,0.3460091
1,1,1,0.6256698
1,1,0,0.38185397
1,0,1,0.5379231
1,1,1,0.79884017
1,0,1,0.56780595
1,1,1,0.92204
1,1,1,0.72530013
1,1,1,0.62172765
1,0,0,0.18693615
1,0,1,0.909574
1,1,1,0.66071
1,0,0,0.109310664
1,0,1,0.67095715
1,0,1,0.50711083
1,1,1,0.65740246
1,0,0,0.16660397
1,1,1,0.7896467
1,1,0,0.4883632
1,0,0,0.36718222
1,0,1,0.5631792
1,0,0,0.48810875
1,1,1,0.66955155
1,0,0,0.39778453
1,1,1,0.6145767
1,0,0,0.37981445
1,1,1,0.75206333
1,0,1,0.64945084
1,1,1,0.63267094
1,0,0,0.13905342
1,0,0,0.16609317
1,1,1,0.582681
1,1,1,0.5872969
1,0,1,0.51438665
1,1,0,0.30081642
1,0,0,0.2016299
1,1,0,0.26045665
1,1,1,0.8058303
1,0,0,0.32904485
1,0,0,0.3523508
1,1,1,0.82370603
1,1,1,0.8091267
1,0,0,0.316758
1,0,0,0.06473921
1,0,0,0.073587604
1,0,0,0.4725756
1,1,1,0.56931674
1,1,1,0.707675
1,1,1,0.8461264
1,1,1,0.6825248
1,0,1,0.55621207
1,0,1,0.66055524
1,1,1,0.5654966
1,1,1,0.71826357
1,1,1,0.8123618
1,1,1,0.80686647
1,0,0,0.06909542
1,1,1,0.6245346
1,1,1,0.738319
1,0,1,0.7177509
1,0,0,0.34108832
1,1,1,0.8338126
1,1,0,0.46512365
1,0,1,0.7086261
1,0,1,0.7704417
1,0,1,0.52353555
1,0,1,0.6870784
1,0,0,0.19183134
1,0,0,0.15265769
1,0,0,0.39363623
1,0,0,0.27945977
1,0,1,0.63313884
1,0,1,0.7877284
1,1,0,0.20757909
1,1,1,0.52474993
1,1,1,0.9157593
1,1,0,0.40850514
1,1,1,0.6463064
1,0,0,0.13668935
1,0,1,0.69040614
1,0,0,0.17719954
1,0,0,0.08256227
1,0,0,0.092692114
1,1,0,0.27758098
1,1,1,0.66554314
1,0,1,0.8842042
1,0,0,0.05606491
1,1,1,0.7316906
1,1,0,0.19034548
1,1,1,0.7036869
1,0,0,0.25598803
1,1,1,0.6960087
1,1,0,0.3790805
1,1,1,0.51361436
1,0,1,0.57445407
1,1,1,0.59758383
1,0,0,0.49729592
1,0,0,0.4054368
1,0,1,0.7046446
1,1,1,0.64652425
1,0,0,0.33253366
1,0,0,0.34799406
1,1,1,0.66762716
1,1,1,0.5158287
1,1,0,0.46625867
1,1,1,0.5186263
1,0,1,0.64148057
1,0,1,0.56615305
1,0,0,0.33152404
1,1,0,0.45275965
1,1,0,0.4728241
1,0,0,0.43191165
1,0,1,0.5324132
1,0,0,0.060412873
1,0,1,0.54232407
1,1,0,0.42888063
1,0,0,0.43314862
1,0,0,0.3884972
1,1,0,0.43952692
1,0,0,0.2644404
1,0,1,0.73472726
1,0,1,0.6888167
1,0,1,0.65405047
1,0,0,0.49731395
1,1,1,0.7693068
1,0,1,0.6645756
1,1,1,0.73587257
1,1,1,0.8009716
1,0,0,0.37036592
1,1,0,0.46993023
1,0,0,0.43471605
1,0,0,0.29319397
1,1,1,0.787787
1,0,0,0.30147296
1,1,0,0.27721518
1,0,0,0.075764194
1,0,0,0.42745036
1,1,1,0.83688956
1,1,0,0.4331816
1,0,1,0.5246738
1,1,1,0.54844046
1,0,0,0.4316663
1,1,0,0.45616093
1,0,1,0.7776525
1,0,1,0.7024308
1,0,0,0.49315786
1,1,1,0.66768825
1,0,1,0.62731755
1,0,1,0.5817895
1,1,0,0.3233916
1,0,1,0.7480199
1,1,1,0.65273285
1,1,1,0.7207536
1,1,1,0.5149724
1,0,1,0.7609924
1,1,1,0.65084374
1,0,1,0.5193739
1,1,1,0.6345052
1,1,1,0.7015457
1,1,0,0.47523057
1,1,1,0.85451734
1,1,0,0.41063538
1,0,0,0.034679573
1,1,1,0.7139093
1,1,1,0.65325844
1,1,1,0.5283506
1,0,1,0.5667409
1,1,0,0.3764853
1,0,1,0.63596416
1,1,1,0.57073545
1,0,0,0.13018245
1,1,1,0.6522091
1,1,1,0.7745104
1,0,0,0.40844792
1,1,1,0.7254872
1,0,1,0.78209704
1,0,0,0.06767869
1,0,0,0.14757204
1,0,1,0.5376872
1,0,1,0.71508807
1,0,1,0.7223829
1,0,0,0.4735755
1,0,0,0.27347645
1,0,0,0.4934414
1,1,1,0.7078871
1,0,0,0.486706
1,1,0,0.48608035
1,0,1,0.5162717
1,0,0,0.13010325
1,0,1,0.7056443
1,1,1,0.6996488
1,0,1,0.70938176
1,1,1,0.5692212
1,1,1,0.6043811
1,0,1,0.5331708
1,1,1,0.68190205
1,0,1,0.5412216
1,1,1,0.5380664
1,1,0,0.46889877
1,1,1,0.6244357
1,1,0,0.2945684
1,1,1,0.6462438
1,0,0,0.31569836
1,0,0,0.15726665
1,1,1,0.79419714
1,1,1,0.7685272
1,0,1,0.7205956
1,1,1,0.7367208
1,1,1,0.69659644
1,0,1,0.50512314
1,0,0,0.16357139
1,1,1,0.7506138
1,0,0,0.47174227
1,0,1,0.7392634
1,0,1,0.5312866
1,1,1,0.6954283
1,0,1,0.74646676
1,1,1,0.65481055
1,0,0,0.3970132
1,0,1,0.7477779
1,1,1,0.6339236
1,1,0,0.30896905
1,1,0,0.12840047
1,1,1,0.7249223
1,0,0,0.29282776
1,0,0,0.34339458
1,1,1,0.6731196
1,0,0,0.30927777
1,1,0,0.4691372
1,0,0,0.43050373
1,1,1,0.61981875
1,1,1,0.67426765
1,1,1,0.6437579
1,1,1,0.5847513
1,0,1,0.5241309
2,1,1,0.67302257
2,0,1,0.55766356
2,1,1,0.74213743
2,1,0,0.48157623
2,0,1,0.8998596
2,0,0,0.38644832
2,1,0,0.4048731
2,1,1,0.66193706
2,0,1,0.73146766
2,0,1,0.6145279
2,1,1,0.59930193
2,0,1,0.5310867
2,1,1,0.5814344
2,0,0,0.4135855
2,1,1,0.51128894
2,0,1,0.5877978
2,0,0,0.4600173
2,0,1,0.64923763
2,0,1,0.57348335
2,0,1,0.5899566
2,1,1,0.8898499
2,1,1,0.7233198
2,1,1,0.8123054
2,0,1,0.5610466
2,1,1,0.6865268
2,1,1,0.7212351
2,0,1,0.5887065
2,0,0,0.46936086
2,1,1,0.7571625
2,0,1,0.5420147
2,1,1,0.633576
2,0,0,0.49886635
2,1,1,0.7967587
2,0,1,0.51112586
2,1,1,0.5912313
2,1,0,0.40121177
2,1,1,0.6418655
2,0,0,0.4816297
2,1,1,0.73125875
2,0,0,0.47087103
2,1,1,0.5139923
2,1,0,0.40077055
2,1,1,0.5479434
2,1,0,0.45054966
2,0,0,0.36083227
2,0,1,0.5081063
2,1,1,0.5315259
2,0,0,0.49558187
2,0,1,0.6026285
2,0,0,0.429306
2,0,1,0.5908028
2,1,1,0.82051915
2,1,1,0.6393896
2,0,0,0.29572797
2,0,0,0.20594902
2,1,1,0.7095969
2,0,0,0.43424562
2,1,1,0.87251014
2,1,1,0.77261627
2,0,0,0.36912325
2,1,1,0.7623865
2,1,1,0.7589194
2,0,0,0.27682924
2,0,1,0.7050985
2,0,1,0.7991167
2,0,1,0.6278825
2,1,1,0.8517925
2,0,0,0.36539668
2,1,0,0.4567569
2,1,1,0.57477933
2,1,1,0.7110484
2,0,0,0.085488476
2,0,1,0.5605352
2,0,0,0.28143504
2,1,1,0.52291113
2,0,0,0.27184153
2,0,0,0.49804544
2,1,1,0.92605203
2,0,0,0.41261816
2,1,1,0.8743529
2,1,0,0.44863722
2,0,1,0.60605127
2,1,1,0.7885494
2,0,1,0.7445437
2,1,1,0.72048306
2,0,1,0.8040377
2,0,0,0.2182041
2,0,0,0.18520431
2,0,1,0.69032586
2,0,0,0.4210202
2,1,1,0.7368114
2,1,1,0.7553066
2,1,1,0.65850425
2,0,0,0.31222674
2,0,0,0.21374437
2,0,1,0.54260767
2,0,1,0.78814816
2,1,1,0.66519994
2,0,0,0.35409355
2,1,1,0.75213546
2,0,1,0.783932
2,1,0,0.20967607
2,0,0,0.26844242
2,1,1,0.5799553
2,0,0,0.3576719
2,0,1,0.5796916
2,0,0,0.4029984
2,1,1,0.54395914
2,1,1,0.5301461
2,0,0,0.1574673
2,1,0,0.31816804
2,0,0,0.34975818
2,0,0,0.49135298
2,1,1,0.76728874
2,1,1,0.5287827
2,1,0,0.33872443
2,0,1,0.56542665
2,0,1,0.6227374
2,0,0,0.4881716
2,1,1,0.5831935
2,1,1,0.70618975
2,0,0,0.27850556
2,1,0,0.44446328
2,1,0,0.43367875
2,1,0,0.37073734
2,0,0,0.3530157
2,1,1,0.68277866
2,1,1,0.54277
2,0,1,0.6029498
2,0,1,0.65233004
2,1,1,0.84900403
2,0,1,0.6862459
2,0,1,0.6127208
2,1,1,0.5291055
2,1,1,0.8124574
2,1,1,0.86277705
2,0,0,0.24919641
2,0,1,0.6056144
2,0,0,0.20007014
2,0,0,0.3006157
2,1,1,0.5995531
2,1,1,0.939917
2,1,1,0.805525
2,0,1,0.64065146
2,1,1,0.75261474
2,0,1,0.50968605
2,1,1,0.822943
2,0,1,0.6712433
2,0,0,0.27910137
2,0,1,0.6466178
2,0,0,0.48397145
2,1,1,0.8392482
2,0,1,0.78239155
2,1,1,0.6392233
2,0,1,0.65116173
2,0,0,0.31570497
2,1,1,0.71525425
2,1,1,0.64148843
2,0,1,0.6571223
2,1,1,0.67487544
2,0,0,0.40484813
2,0,0,0.20407063
2,1,0,0.34007788
2,1,0,0.23337092
2,1,1,0.8124116
2,1,1,0.6239414
2,0,0,0.19226676
2,1,1,0.7693836
2,0,1,0.5328516
2,1,1,0.70126253
2,0,0,0.3020948
2,0,1,0.7595441
2,0,0,0.26600316
2,1,1,0.7482145
2,0,0,0.49790543
2,1,1,0.6963516
2,0,0,0.47881898
2,0,1,0.8049193
2,1,1,0.7764383
2,1,1,0.8484463
2,1,1,0.78120494
2,0,1,0.61259323
2,0,1,0.8561761
2,0,1,0.5786901
2,1,1,0.8184848
2,0,1,0.7153931
2,0,1,0.7126393
2,1,1,0.6862361
2,1,1,0.5654041
2,0,1,0.5823968
2,1,0,0.2615309
2,0,0,0.40761256
2,1,1,0.6954084
2,0,1,0.69820863
2,1,1,0.6751098
2,0,1,0.68173385
2,1,0,0.44664818
2,0,1,0.8061474
2,0,0,0.2710405
2,1,1,0.57511556
2,1,1,0.73562795
2,0,0,0.29079464
2,0,0,0.2602813
2,1,1,0.80853015
2,1,1,0.69054466
2,0,0,0.43121812
2,0,1,0.55469024
2,1,1,0.55941594
2,1,1,0.62171143
2,1,1,0.54300964
2,0,1,0.6195384
2,0,1,0.6523757
2,0,0,0.28230426
2,1,1,0.73737246
2,0,0,0.07564509
2,0,1,0.52083343
2,0,0,0.2943322
2,0,0,0.37489888
2,1,1,0.9304369
2,1,1,0.7048683
2,0,1,0.5686882
2,1,1,0.7990279
2,1,1,0.631863
2,0,1,0.67818147
2,0,1,0.6326012
2,0,1,0.8392952
2,0,0,0.48116648
2,1,1,0.6027514
2,1,1,0.82553786
2,0,0,0.3712341
2,1,0,0.41122755
2,0,0,0.42176756
2,1,1,0.63726974
2,1,1,0.5779132
2,0,0,0.39661577
2,0,1,0.64938605
2,0,0,0.44991547
2,0,1,0.5106736
2,0,0,0.3399019
2,1,1,0.6934132
2,1,1,0.6207328
2,0,1,0.6087744
2,1,1,0.8537967
2,0,1,0.52258074
2,1,1,0.81695426
2,0,1,0.68027556
2,1,1,0.69045764
2,0,1,0.70626056
2,1,1,0.54415905
2,1,1,0.52991027
2,0,1,0.72067565
2,0,1,0.59984946
2,0,1,0.70216936
2,1,1,0.77528983
2,1,1,0.5650493
2,1,0,0.46473002
2,1,1,0.5683421
2,1,1,0.68693143
2,0,0,0.40370256
2,1,1,0.6394586
2,1,1,0.6468012
2,0,0,0.19078083
2,1,1,0.5939719
2,0,1,0.7314501
2,0,1,0.57977813
2,0,0,0.46514902
2,0,1,0.5328305
2,1,1,0.7196345
2,0,0,0.3814933
2,0,1,0.6397338
2,1,1,0.52533954
2,0,1,0.73734885
2,1,1,0.52745074
2,0,0,0.40075648
2,1,1,0.6762479
2,1,1,0.7185276
2,0,1,0.52955127
2,0,0,0.39174148
2,1,1,0.5349452
2,0,1,0.626566
2,0,0,0.39432874
2,1,1,0.59936714
2,0,1,0.67744416
2,1,1,0.5723535
2,0,1,0.6555341
2,0,1,0.57820415
2,1,1,0.6637788
2,0,0,0.391343
2,1,1,0.71248466
2,1,0,0.30229658
2,0,0,0.3898725
2,0,1,0.5962796
2,0,0,0.26008025
2,0,0,0.4804378
2,1,1,0.55851084
2,1,1,0.80548847
2,1,1,0.59544885
2,1,1,0.8327477
2,0,0,0.3319791
2,0,1,0.663101
2,0,0,0.28145614
2,0,1,0.50928396
2,0,1,0.5079991
2,0,1,0.5096986
2,1,0,0.47995964
2,1,0,0.3891618
2,1,1,0.5656706
2,1,1,0.8062351
2,1,1,0.6199281
2,1,1,0.73949885
2,1,1,0.64801884
2,0,1,0.67164713
2,0,0,0.4023831
2,1,1,0.695209
2,0,1,0.62006646
2,0,1,0.55267054
2,1,1,0.5615952
2,1,0,0.49159196
2,1,1,0.57339036
2,0,1,0.8041508
2,0,0,0.30880597
2,0,1,0.6154949
2,1,1,0.8756657
2,1,1,0.7983899
2,0,0,0.2857411
2,0,1,0.5671456
2,0,0,0.48945495
2,0,0,0.20100231
2,1,1,0.91519594
2,1,1,0.62223494
2,0,0,0.27908763
2,1,1,0.72074187
2,0,0,0.3470049
2,0,0,0.37863258
2,1,1,0.9046082
2,1,1,0.8079079
2,1,1,0.8911886
2,0,1,0.63920987
2,1,1,0.68793064
2,0,1,0.7094372
2,0,1,0.6420597
2,0,0,0.4254603
2,1,1,0.63288915
2,1,0,0.46158457
2,0,1,0.5451623
2,1,1,0.8173442
2,0,1,0.77415013
2,1,0,0.32750654
2,0,0,0.31629923
2,0,1,0.59251124
2,0,1,0.84263253
2,1,0,0.36665782
2,1,1,0.94036144
2,1,1,0.79410565
2,0,0,0.34293067
2,1,1,0.7784001
2,1,1,0.85651886
2,0,0,0.29603267
2,1,1,0.66054016
2,0,0,0.4748312
2,0,1,0.76820755
2,0,1,0.6274307
2,0,1,0.5656389
2,0,1,0.8735962
2,1,0,0.4794581
2,1,1,0.5803087
2,0,1,0.53227556
2,0,0,0.087896846
2,0,1,0.7754091
2,0,0,0.46306795
2,1,1,0.5652249
2,0,1,0.57402855
2,0,1,0.5498588
2,0,0,0.12367261
2,0,1,0.6019004
2,1,1,0.574622
2,1,0,0.4158786
2,1,1,0.6862904
2,1,1,0.7009255
2,1,1,0.5362834
2,0,1,0.6678793
2,1,0,0.44204962
2,1,1,0.6701822
2,0,0,0.45297438
2,0,1,0.646533
2,0,1,0.59353155
2,0,1,0.5355676
2,0,1,0.66039574
2,1,1,0.6801868
2,1,1,0.9371342
2,1,1,0.8394437
2,0,0,0.41329974
2,0,1,0.6171656
2,1,1,0.672634
2,0,1,0.7085568
2,0,1,0.65201616
2,1,1,0.86261517
2,1,1,0.8334883
2,0,1,0.7041327
2,0,1,0.5804845
2,0,0,0.39580026
2,1,1,0.78308994
2,0,1,0.51119524
2,1,0,0.31843752
2,1,0,0.3705783
2,1,1,0.56523377
2,1,1,0.7947989
2,1,1,0.73618174
2,1,1,0.6238749
2,1,1,0.708752
2,0,0,0.38372833
2,1,1,0.7539907
2,0,0,0.34401193
2,0,1,0.5995773
2,1,1,0.76599634
2,1,0,0.3990099
2,1,0,0.4649334
2,0,1,0.60419714
2,0,1,0.6262274
2,0,0,0.23104945
2,1,1,0.63690495
2,0,0,0.29130232
2,0,0,0.44093314
2,1,1,0.90105844
2,0,0,0.47352466
2,1,1,0.8069913
2,1,1,0.5434744
2,0,1,0.7096683
2,1,1,0.7293834
2,1,1,0.568815
2,0,1,0.76732945
2,1,1,0.58354336
2,0,0,0.49109218
2,0,0,0.33182368
2,1,1,0.7248469
2,1,1,0.7229664
2,0,0,0.3377569
2,0,0,0.40746018
2,0,1,0.7512146
2,1,1,0.71283525
2,0,0,0.45052955
2,0,1,0.5635561
2,0,1,0.7786858
2,0,0,0.40916634
2,1,1,0.56494576
2,0,0,0.48552758
2,0,1,0.55881673
2,1,1,0.8776084
2,0,1,0.53980404
2,0,1,0.6426449
2,1,0,0.423186
2,0,1,0.77479106
2,0,1,0.60077477
2,0,1,0.5385718
2,1,0,0.42516744
2,1,1,0.534162
2,1,0,0.24729836
2,0,1,0.6001263
2,1,1,0.8686113
2,1,1,0.80180407
2,0,1,0.580714
2,1,1,0.70728797
2,0,1,0.6910636
2,0,1,0.55859977
2,1,1,0.6629269
2,0,0,0.38189495
2,0,0,0.09427399
2,1,0,0.4547654
2,1,1,0.8788482
2,1,1,0.57359123
2,0,0,0.44162014
2,0,0,0.2569081
2,0,0,0.2842395
2,0,0,0.4243032
2,1,1,0.9501204
2,1,1,0.861556
2,0,1,0.69522256
2,1,1,0.6722798
2,1,1,0.6699952
2,1,1,0.600347
2,0,0,0.42641777
2,1,1,0.65563154
2,1,1,0.7516629
2,0,0,0.32216585
2,1,1,0.85118276
2,0,1,0.66929466
2,1,1,0.79515
2,0,0,0.30261356
2,0,1,0.79790306
2,1,1,0.71812254
2,0,1,0.5526386
2,0,0,0.48139971
2,1,1,0.7914726
2,0,1,0.66968006
2,1,0,0.37794927
2,0,1,0.68676925
2,0,1,0.6171198
2,1,1,0.533557
2,0,1,0.5080717
2,1,0,0.4703812
2,1,1,0.6081179
2,1,1,0.63182825
2,1,1,0.6933396
2,1,1,0.6705941
2,1,1,0.5634573
2,0,0,0.2524954
2,0,1,0.5874255
2,0,1,0.58533764
2,0,1,0.66498744
2,1,1,0.71873325
2,1,1,0.8473583
2,0,0,0.30782616
2,0,0,0.4924706
2,1,1,0.5099654
2,0,1,0.8739286
2,1,1,0.5212261
2,1,1,0.5918154
2,0,0,0.34148884
2,1,1,0.6356239
2,1,1,0.6175531
2,1,0,0.43409133
2,0,0,0.31344044
2,0,1,0.5027982
2,1,1,0.6443823
2,0,1,0.6549818
2,0,1,0.6165958
2,1,1,0.5950844
2,0,0,0.46039754
2,0,0,0.42900184
2,0,1,0.55448866
2,0,0,0.4541982
2,0,1,0.6174702
2,1,1,0.6867476
2,0,1,0.77350783
2,1,1,0.91912806
2,0,0,0.44576398
2,1,1,0.59120584
2,1,0,0.45364338
2,0,1,0.5428728
2,1,1,0.68123865
2,0,1,0.73774123
2,0,0,0.49214864
2,1,1,0.7671227
2,0,0,0.4534202
2,0,1,0.5834097
2,0,0,0.3898609
2,1,1,0.66023874
2,0,0,0.36064568
2,0,1,0.73703307
2,1,0,0.39647168
2,1,1,0.8426827
2,1,1,0.63324285
2,1,0,0.32144225
2,0,1,0.50319946
2,0,0,0.23733638
2,1,0,0.4996964
2,1,1,0.62044764
2,0,1,0.5157196
2,0,0,0.49323377
2,0,1,0.84879667
2,0,1,0.5070132
2,0,1,0.56357545
2,1,0,0.35279885
2,0,1,0.6382361
2,1,1,0.8488437
2,0,0,0.36323464
2,1,0,0.37434083
2,1,1,0.5619658
2,0,1,0.5340961
2,0,1,0.85199976
2,1,1,0.5525656
2,0,0,0.48003435
2,1,1,0.7468679
2,1,1,0.5949547
2,0,1,0.58344036
2,0,1,0.6213904
2,0,0,0.28158352
2,0,1,0.7902353
2,0,0,0.44401732
2,1,1,0.7514307
2,1,1,0.5467054
2,1,1,0.85355806
2,0,0,0.46416026
2,0,0,0.48061803
2,1,0,0.48650926
2,0,1,0.74666274
2,1,1,0.6205928
2,1,1,0.5781599
2,0,0,0.38659278
2,1,1,0.64253134
2,0,0,0.4445824
2,1,1,0.76025194
2,0,0,0.24959159
2,1,0,0.2945745
2,1,1,0.61406034
2,0,0,0.36137444
2,1,1,0.59286964
2,0,0,0.33035865
2,0,0,0.2251365
2,0,1,0.57227296
2,0,0,0.36266047
2,0,0,0.22252941
2,1,1,0.7224495
2,1,1,0.7819366
2,0,0,0.47691768
2,0,1,0.507054
2,0,0,0.3797807
2,1,1,0.7085191
2,1,0,0.48857042
2,0,1,0.5262472
2,0,1,0.7052751
2,1,1,0.781636
2,0,1,0.60311115
2,0,1,0.7739572
2,1,0,0.41462597
2,0,1,0.5312956
2,0,1,0.5121084
2,0,1,0.74009657
2,0,1,0.73319936
2,1,1,0.74718165
2,0,0,0.37098968
2,1,1,0.6541068
2,1,1,0.56205416
2,1,1,0.57275385
2,0,0,0.40981013
2,1,1,0.7946533
2,1,1,0.7105874
2,1,1,0.5490417
2,0,0,0.43129903
2,0,0,0.4850295
2,0,0,0.3834087
2,0,1,0.5095132
2,1,1,0.7108232
2,1,1,0.73036003
2,0,0,0.35855412
2,1,1,0.7263142
2,1,1,0.6154219
2,0,1,0.60177994
2,1,1,0.61950225
2,0,1,0.52005446
2,0,0,0.47996855
2,0,1,0.6745867
2,1,1,0.77460814
2,0,1,0.7523836
2,0,1,0.8193443
2,0,1,0.70207286
2,1,1,0.90434855
2,1,1,0.6627394
2,0,1,0.6770425
2,0,0,0.42395487
2,0,0,0.13339235
2,1,0,0.39246508
2,0,1,0.91973454
2,0,0,0.21960527
2,1,1,0.6742229
2,0,0,0.18865433
2,1,1,0.7724571
2,0,0,0.22877748
2,1,1,0.83133554
2,0,0,0.33312726
2,1,1,0.8801281
2,1,1,0.6812554
2,0,1,0.803349
2,0,0,0.2953752
2,0,1,0.5046813
2,1,1,0.6977175
2,1,1,0.77165645
2,1,1,0.55424136
2,0,0,0.42703846
2,0,1,0.51813996
2,1,1,0.7416608
2,1,1,0.6006966
2,0,1,0.69873846
2,0,1,0.7771385
2,1,1,0.79826564
2,0,1,0.5130264
2,1,1,0.77875704
2,0,1,0.52908033
2,0,1,0.59453684
2,1,1,0.8176205
2,1,0,0.4983121
2,0,0,0.46620092
2,0,0,0.48914716
2,0,1,0.54048043
2,0,1,0.64400053
2,1,1,0.8853312
2,0,0,0.40022257
2,1,1,0.8173923
2,1,0,0.40291777
2,0,0,0.09588829
2,1,1,0.7443869
2,1,0,0.43010587
2,1,0,0.48265073
2,0,1,0.824009
2,1,1,0.6567159
2,1,1,0.61189425
2,0,0,0.467043
2,0,1,0.56393623
2,0,0,0.26478505
2,0,1,0.51479983
2,0,0,0.37342808
2,1,0,0.46344584
2,1,1,0.74481875
2,0,1,0.83147347
2,0,0,0.27887467
2,1,1,0.9056435
2,1,1,0.786795
2,1,1,0.8073793
2,0,0,0.45202714
2,0,1,0.828032
2,1,1,0.68358666
2,1,1,0.73905706
2,1,1,0.55111873
2,1,1,0.80621547
2,0,1,0.58568686
2,0,1,0.5453909
2,1,1,0.79309916
2,1,0,0.43857044
2,0,1,0.5410756
2,1,1,0.5944372
2,1,1,0.6022677
2,0,0,0.467043
2,0,1,0.56393623
2,0,0,0.26478505
2,1,1,0.51479983
2,0,0,0.46843332
2,0,0,0.2180602
2,1,1,0.725136
2,1,1,0.83147347
2,1,0,0.27887467
2,0,1,0.51846415
2,0,1,0.6297141
2,0,0,0.27963254
2,1,1,0.8993896
2,1,1,0.6932523
2,0,0,0.33036658
2,0,0,0.27691302
2,0,0,0.4676216
2,1,1,0.7676464
2,0,0,0.28343466
2,1,0,0.4938649
2,1,1,0.66383237
2,1,1,0.64676267
2,0,0,0.339502
2,0,1,0.5158766
2,1,1,0.6434687
2,1,1,0.7989197
2,1,1,0.85498846
2,1,0,0.334454
2,1,1,0.7773796
2,0,1,0.56767666
2,0,0,0.25729492
2,1,1,0.78056073
2,1,0,0.4463827
2,1,1,0.8187292
2,0,0,0.25165835
2,0,1,0.73490995
2,0,0,0.37387714
2,1,1,0.89826053
2,0,0,0.4550577
2,1,1,0.64083576
2,0,1,0.59505665
2,0,0,0.2538764
2,0,0,0.47763613
2,0,1,0.54358643
2,0,1,0.62941116
2,1,1,0.52272487
2,0,1,0.5078624
2,1,1,0.7988002
2,1,1,0.7275796
2,1,1,0.7214976
2,0,0,0.31152496
2,0,1,0.7938839
2,1,1,0.8671285
2,0,1,0.74763525
2,0,1,0.5809485
2,0,1,0.6846143
2,1,1,0.76128614
2,0,1,0.556635
2,0,0,0.45842516
2,0,1,0.67428464
2,0,1,0.8043842
2,1,1,0.7092987
2,0,1,0.53286535
2,1,1,0.78626156
2,1,0,0.44472176
2,1,1,0.6267159
2,1,1,0.56457925
2,0,1,0.59384733
2,0,1,0.69033164
2,1,1,0.83137566
2,1,0,0.49260685
2,1,1,0.5585791
2,0,0,0.40158406
2,0,0,0.3155182
2,1,0,0.43933797
2,0,1,0.6052664
2,1,1,0.50380033
2,1,1,0.74841607
2,1,1,0.756025
2,1,1,0.8384283
2,0,1,0.54211044
2,1,1,0.59305525
2,0,1,0.5614814
2,1,1,0.77397794
2,0,1,0.5743433
2,0,0,0.42359474
2,1,1,0.7876696
2,1,1,0.716813
2,1,1,0.73039496
2,0,1,0.65019584
2,1,1,0.59614724
2,0,1,0.5091866
2,0,1,0.701676
2,1,1,0.6178957
2,0,1,0.7554657
2,0,1,0.5110894
2,1,1,0.8767486
2,1,1,0.8295529
2,0,0,0.40252057
2,1,1,0.8866395
2,1,1,0.67309576
2,1,1,0.738425
2,1,0,0.3768932
2,0,1,0.72774553
2,0,1,0.7209385
2,0,1,0.506396
2,0,1,0.78628874
2,1,1,0.70487535
2,1,1,0.74519926
2,0,0,0.36259377
2,1,1,0.7532228
2,1,1,0.67358404
2,0,1,0.6561273
2,1,1,0.82744586
2,1,1,0.5796958
2,0,0,0.4350536
2,0,0,0.47653872
2,0,0,0.44989648
2,1,1,0.77326375
2,0,0,0.2757857
2,0,0,0.49460116
2,0,0,0.16493516
2,0,1,0.6470121
2,1,1,0.80516213
2,0,1,0.6698831
2,1,1,0.7817528
2,1,1,0.6832377
2,1,1,0.7538937
2,1,1,0.8216563
2,0,0,0.44721654
2,1,1,0.8541329
2,1,1,0.8790681
2,0,1,0.8603452
2,1,1,0.9157586
2,1,0,0.47265235
2,0,1,0.6922805
2,0,1,0.61076283
2,1,1,0.54712814
2,1,1,0.7881564
2,1,1,0.5523962
2,1,1,0.72005415
2,1,1,0.71832323
2,1,1,0.7158451
2,0,0,0.36189213
2,1,0,0.48709756
2,0,0,0.24872835
2,1,1,0.79964983
2,0,1,0.82641745
2,0,1,0.81597215
2,0,0,0.3515298
2,0,0,0.051039204
2,0,0,0.26508442
2,0,1,0.67265695
2,0,1,0.5682068
2,0,0,0.33470476
2,0,1,0.7569603
2,0,1,0.6213888
2,1,1,0.6839709
2,1,1,0.5523884
2,0,1,0.59843445
2,1,1,0.61091685
2,1,1,0.6670532
2,0,0,0.16663678
2,0,1,0.7232535
2,0,0,0.46892694
2,1,1,0.65968674
2,0,1,0.5247611
2,1,1,0.689221
2,1,1,0.7632828
2,1,1,0.5515655
2,1,0,0.4623423
2,1,0,0.36114925
2,0,0,0.46975753
2,0,1,0.7519328
2,0,1,0.7515356
2,1,1,0.738334
2,1,1,0.55396503
2,0,0,0.22014336
2,0,1,0.60207677
2,0,0,0.44257405
2,0,0,0.47910511
2,1,1,0.60952365
2,1,1,0.55057514
2,0,1,0.74485475
2,0,1,0.63563824
2,0,1,0.75432515
2,1,1,0.51111484
2,1,1,0.84899235
2,0,1,0.8363156
2,0,0,0.3985631
2,1,1,0.58426404
2,0,0,0.43686458
2,1,1,0.5979588
2,0,0,0.10615266
2,1,0,0.22937812
2,0,1,0.50078624
2,0,0,0.4157933
2,1,0,0.21635224
2,0,0,0.299617
2,0,0,0.39188394
2,1,1,0.5512457
2,0,1,0.5001693
2,1,0,0.48064536
2,1,0,0.32889166
2,0,0,0.26953933
2,0,0,0.33119035
2,1,1,0.8448691
2,0,0,0.3721255
2,1,1,0.5600546
2,0,0,0.33335695
2,1,1,0.5369
2,0,1,0.7956159
2,0,0,0.32738465
2,1,1,0.5019103
2,1,1,0.53903764
2,0,1,0.5374516
2,0,0,0.39072603
2,0,0,0.46453628
2,1,1,0.7654939
2,0,0,0.48201287
2,1,1,0.9313531
2,1,1,0.5084735
2,0,1,0.68999565
2,1,1,0.50057024
2,1,1,0.675232
2,0,0,0.33476612
2,1,0,0.3968078
2,1,0,0.40742078
2,0,1,0.6794328
2,0,1,0.5459787
2,1,1,0.6083316
2,0,0,0.24482651
2,1,1,0.77003926
2,0,1,0.7630593
2,0,1,0.65559846
2,0,0,0.42560735
2,1,1,0.60952955
2,0,1,0.6568029
2,1,1,0.61463845
2,0,0,0.4823416
2,0,1,0.5381557
2,1,1,0.8587922
2,0,1,0.69318795
2,1,1,0.7817957
2,0,0,0.23840947
2,1,1,0.8156159
2,1,1,0.7721197
2,1,1,0.59253216
2,1,1,0.8422919
2,1,1,0.7414686
2,1,1,0.8922518
2,0,1,0.7637044
2,0,0,0.44664797
2,0,0,0.331728
2,0,1,0.58888733
2,0,1,0.682462
2,1,1,0.9371666
2,1,0,0.48640633
2,0,1,0.53981125
2,1,1,0.6107621
2,1,1,0.77994496
2,1,1,0.7130837
2,0,0,0.37991527
2,0,0,0.45023403
2,0,1,0.55424076
2,0,1,0.6357843
2,1,0,0.40360335
2,0,1,0.7511332
2,0,0,0.47022828
2,1,1,0.7221366
2,1,1,0.70855373
2,1,1,0.63306934
2,0,0,0.393519
2,0,1,0.51977414
2,0,0,0.48889053
2,0,1,0.5318608
2,1,1,0.69195265
2,1,1,0.6804791
2,1,1,0.5297058
2,0,1,0.60775316
2,0,0,0.15257832
2,1,1,0.6881531
2,0,0,0.24768499
2,1,1,0.5501881
2,1,0,0.4227882
2,0,0,0.3026453
2,1,1,0.7051656
2,0,1,0.76786536
2,1,0,0.4757154
2,0,0,0.4850649
2,0,0,0.35747477
2,0,1,0.6205504
2,0,1,0.5589949
2,0,0,0.31244048
2,1,1,0.5262838
2,1,1,0.7520206
2,0,1,0.56686455
2,1,1,0.851061
2,0,0,0.08829164
2,1,1,0.78523964
2,0,1,0.7435146
2,1,1,0.60783684
2,1,1,0.67737615
2,0,0,0.37254018
2,0,0,0.455053
2,1,0,0.48262417
2,0,1,0.9438527
2,0,0,0.37379545
2,1,1,0.5846107
2,0,0,0.39547953
2,0,1,0.6337379
2,0,1,0.7252038
2,0,0,0.4170592
2,1,1,0.7521492
2,1,1,0.63433874
2,0,1,0.5328699
2,0,0,0.41387972
2,0,0,0.25714356
2,1,1,0.7620155
2,1,0,0.4471258
2,0,1,0.506158
2,1,1,0.62415016
2,1,1,0.81090754
2,1,1,0.61234236
2,1,1,0.6076555
2,0,0,0.4655563
2,0,0,0.38521978
2,1,0,0.38508627
2,1,0,0.36484513
2,1,0,0.3758047
2,0,1,0.6590856
2,1,1,0.5637965
2,1,1,0.61314917
2,0,1,0.80428976
2,0,1,0.6436815
2,0,0,0.33252573
2,1,0,0.40260607
2,0,0,0.48797438
2,1,1,0.8590898
2,1,1,0.5315427
2,1,1,0.80450344
2,0,1,0.58451504
2,1,1,0.85069567
2,0,1,0.5079792
2,0,0,0.24212617
2,0,1,0.64735645
2,0,1,0.5798318
2,0,0,0.39230216
2,1,0,0.41257992
2,0,0,0.45784026
2,1,0,0.22292714
2,0,1,0.8661524
2,0,1,0.7668963
2,1,1,0.64485586
2,1,1,0.87388045
2,0,0,0.49013704
2,0,0,0.36413598
2,1,1,0.52527535
2,0,1,0.7130911
2,0,0,0.21625361
2,1,1,0.7474174
2,0,0,0.24225058
2,1,1,0.78128856
2,0,1,0.5796419
2,1,1,0.85355926
2,0,1,0.71341276
2,0,0,0.19145396
2,0,0,0.14000744
2,0,1,0.69265133
2,1,1,0.83084846
2,0,0,0.2863191
2,0,0,0.42800206
2,0,0,0.4601827
2,1,1,0.6741288
2,1,1,0.7162764
2,1,1,0.8347924
2,1,1,0.8372638
2,1,1,0.86517495
2,1,1,0.9295655
2,1,1,0.5980136
2,0,0,0.41104946
2,0,0,0.31980035
2,1,1,0.8188153
2,0,0,0.2758418
2,0,0,0.4804077
2,1,1,0.50887555
2,1,1,0.5461672
2,1,1,0.57097733
2,0,0,0.35577336
2,1,1,0.7752921
2,0,1,0.67877674
2,0,1,0.8418158
2,1,1,0.62984604
2,1,1,0.8877713
2,0,1,0.63980526
2,0,0,0.39340225
2,0,1,0.7116337
2,0,0,0.25357136
2,0,0,0.31669548
2,1,1,0.584823
2,1,0,0.42438552
2,1,1,0.6376523
2,0,1,0.5886664
2,1,1,0.6653875
2,1,1,0.6676828
2,0,1,0.5520126
2,0,0,0.4772353
2,0,1,0.5402583
2,1,1,0.9012787
2,1,1,0.7743139
2,1,1,0.66167265
2,0,0,0.21605255
2,1,1,0.642627
2,0,1,0.7737844
2,1,1,0.79629576
2,1,0,0.47813115
2,0,1,0.6153091
2,1,1,0.55423874
2,1,1,0.7980038
2,0,0,0.4080007
2,0,1,0.5393294
2,1,1,0.86836684
2,1,1,0.58860874
2,0,1,0.8309069
2,1,1,0.64559853
2,0,0,0.30402005
2,1,1,0.53995264
2,0,1,0.5955221
2,0,0,0.4953725
2,1,1,0.68594825
2,1,0,0.43476114
2,1,1,0.821942
2,0,0,0.28346288
2,0,0,0.43142018
2,0,1,0.787198
2,1,1,0.72532547
2,1,0,0.4405054
2,0,1,0.8207004
2,1,1,0.93262506
2,1,1,0.8229103
2,1,1,0.768889
2,1,1,0.79938394
2,1,1,0.9000498
2,0,1,0.5028723
2,1,0,0.4672823
2,0,1,0.69073194
2,1,1,0.7298319
2,0,1,0.50935334
2,1,1,0.7553058
2,1,1,0.8489019
2,0,1,0.630069
2,1,1,0.8243337
2,0,0,0.44655082
2,1,0,0.3805197
2,0,1,0.7500522
2,0,1,0.6935729
2,0,1,0.7329456
2,0,1,0.89331245
2,0,0,0.266321
2,0,1,0.93406874
2,1,1,0.6847065
2,0,0,0.29580596
2,0,1,0.7171467
2,1,1,0.91467494
2,1,1,0.80823445
2,0,1,0.59958667
2,1,1,0.6467013
2,1,1,0.6251548
2,0,0,0.49849126
2,1,1,0.7274922
2,0,1,0.5095444
2,0,0,0.22518332
2,0,0,0.06918057
2,1,1,0.82515407
2,1,0,0.4182096
2,0,0,0.40022546
2,0,1,0.6883072
2,1,1,0.87414604
2,1,1,0.81679773
2,1,1,0.90627176
2,1,0,0.454765
2,0,0,0.22542073
2,1,1,0.5334465
2,1,1,0.685582
2,0,1,0.58485824
2,1,1,0.7449912
2,0,0,0.3115597
2,0,1,0.6852341
2,0,0,0.35611507
2,1,0,0.4802773
2,1,1,0.94492656
2,1,1,0.6276519
2,1,0,0.45460725
2,0,1,0.721819
2,0,0,0.49060467
2,0,0,0.39675573
2,0,1,0.68529034
2,1,1,0.73525846
2,1,1,0.53101134
2,0,0,0.256621
2,0,0,0.32282367
2,1,0,0.43897837
2,1,0,0.40537775
2,1,1,0.73940074
2,1,0,0.38768074
2,0,0,0.4158948
2,0,0,0.45272955
2,0,0,0.26966056
2,1,1,0.8499796
2,1,1,0.6318394
2,0,0,0.2225259
2,0,1,0.50456506
2,0,1,0.7372296
2,1,1,0.5366474
2,1,1,0.7388463
2,0,1,0.6709534
2,0,1,0.5850392
2,1,1,0.8447446
2,1,1,0.61336005
2,0,1,0.56718934
2,0,0,0.19333912
2,1,1,0.7250773
2,0,0,0.28739783
2,1,1,0.6846846
2,0,1,0.67667764
2,0,1,0.7065093
2,0,0,0.3812851
2,1,1,0.7069531
2,0,0,0.39408278
2,0,0,0.25028327
2,1,0,0.21007729
2,1,0,0.3800764
2,0,0,0.30372313
2,0,1,0.52589035
2,0,0,0.11789277
2,1,0,0.2599079
2,1,0,0.121550374
2,0,0,0.10390068
2,0,0,0.14887263
2,1,0,0.39053735
2,0,0,0.15366644
2,1,0,0.30170953
2,0,0,0.15960771
2,0,0,0.22138788
2,0,0,0.16310428
2,0,0,0.17171082
2,1,0,0.10224982
2,1,0,0.08874001
2,1,0,0.20309423
2,0,0,0.16759968
2,0,0,0.34538916
2,1,0,0.28981954
2,0,0,0.36753237
2,1,0,0.2260901
2,0,1,0.508078
2,1,1,0.5423709
2,1,0,0.24274278
2,0,0,0.15064941
2,1,0,0.28263882
2,1,0,0.22770572
2,0,0,0.20523836
2,0,0,0.42946017
2,0,0,0.4768516
2,1,0,0.4978941
2,0,0,0.1909989
2,1,0,0.2375659
2,0,0,0.22428954
2,0,0,0.30105305
2,0,0,0.32492262
2,0,1,0.52126205
2,0,0,0.29163623
2,0,0,0.40437868
2,0,0,0.30004528
2,1,1,0.59811574
2,0,0,0.34418353
2,0,1,0.61211646
2,0,1,0.6428378
2,0,0,0.28194833
2,1,1,0.5317329
2,0,0,0.2461633
2,0,0,0.17518003
2,1,1,0.73295534
2,1,0,0.47662082
2,1,1,0.6303286
2,1,0,0.39138186
2,0,0,0.48908475
2,0,0,0.44682044
2,0,0,0.45651713
2,0,0,0.25903147
2,1,1,0.61079764
2,0,1,0.53563404
2,1,0,0.40978733
2,0,1,0.7007213
2,1,0,0.15390474
2,1,1,0.5557992
2,1,1,0.889112
2,1,1,0.73597103
2,0,1,0.6553879
2,1,1,0.706133
2,1,1,0.6137914
2,0,0,0.43258813
2,1,1,0.6737831
2,0,1,0.6595248
2,0,1,0.86593103
2,0,1,0.51260924
2,1,1,0.8140922
2,0,1,0.6565573
2,0,0,0.2561795
2,0,1,0.64976734
2,0,0,0.40483522
2,0,1,0.83980155
2,0,1,0.5719887
2,1,1,0.7052566
2,0,0,0.43644616
2,1,1,0.594275
2,1,1,0.77854586
2,1,1,0.7620478
2,1,1,0.73185253
2,0,1,0.6726704
2,0,0,0.48151574
2,0,0,0.27186394
2,0,1,0.5110311
2,1,1,0.81001383
2,1,0,0.49004737
2,0,0,0.2805129
2,0,0,0.2396818
2,0,0,0.22952677
2,0,1,0.6905894
2,1,0,0.33447722
2,1,1,0.665037
2,1,1,0.5464164
2,1,1,0.57414603
2,0,1,0.73250335
2,0,0,0.4941774
2,0,0,0.35651505
2,1,1,0.56403613
2,1,1,0.82157755
2,1,0,0.42988434
2,1,1,0.894516
2,0,1,0.5293408
2,1,1,0.7001147
2,1,1,0.5800475
2,1,1,0.62776035
2,1,1,0.5996271
2,0,0,0.41909555
2,0,1,0.54492754
2,0,1,0.60673267
2,0,1,0.61203945
2,1,1,0.5718118
2,0,1,0.6434534
2,0,0,0.17723379
2,0,0,0.23198341
2,0,1,0.5333294
2,0,0,0.2966487
2,0,1,0.56736445
2,1,1,0.55140483
2,1,1,0.5908613
2,1,0,0.2530718
2,1,0,0.49736294
2,0,0,0.25369295
2,1,0,0.34734276
2,1,1,0.55604416
2,0,0,0.45308885
2,1,0,0.39149737
2,1,1,0.60421765
2,0,0,0.4896019
2,0,1,0.56946814
2,1,0,0.43280602
2,0,0,0.14896443
2,0,0,0.1244087
2,1,0,0.44265872
2,0,0,0.3243014
2,0,1,0.6520773
2,0,0,0.1834379
2,0,1,0.52863735
2,0,0,0.20205948
2,0,0,0.3583558
2,1,0,0.22707221
2,1,0,0.40976006
2,0,0,0.4631448
2,0,0,0.23179376
2,0,1,0.5750397
2,1,1,0.7912332
2,1,1,0.54473144
2,0,0,0.13063379
2,0,0,0.36312762
2,0,0,0.2817132
2,0,0,0.39618778
2,1,1,0.8220299
2,1,1,0.50160867
2,0,0,0.30690387
2,0,0,0.45038667
2,0,1,0.6002191
2,0,0,0.1933062
2,1,0,0.49199414
2,1,1,0.7302867
2,0,0,0.27999425
2,0,0,0.29772818
2,0,1,0.50668913
2,1,1,0.5715802
2,1,1,0.81125706
2,1,0,0.33589336
2,0,1,0.6480338
2,1,1,0.51484597
2,1,1,0.5892167
2,1,0,0.49585384
2,0,0,0.3770323
2,0,0,0.38655594
2,1,1,0.61615145
2,1,1,0.5027122
2,1,0,0.46300313
2,1,0,0.3062195
2,1,0,0.34250364
2,1,0,0.38114628
2,1,1,0.7328033
2,0,0,0.1995907
2,0,0,0.10872922
2,1,0,0.36951032
2,0,0,0.295338
2,0,0,0.30749115
2,0,0,0.22800408
2,0,1,0.511254
2,0,1,0.6505642
2,0,0,0.4736863
2,0,0,0.28645507
2,0,1,0.5553057
2,0,0,0.49547887
2,0,0,0.4076355
2,0,0,0.14095367
2,1,0,0.4192952
2,0,0,0.2912218
2,1,1,0.9140028
2,1,1,0.7174168
2,0,1,0.6213197
2,1,0,0.4729324
2,0,0,0.2635464
2,0,1,0.66670257
2,0,0,0.28102413
2,1,1,0.72733957
2,0,0,0.49072948
2,1,1,0.6150934
2,0,1,0.6621655
2,0,1,0.73592496
2,0,1,0.62162524
2,1,1,0.7072963
2,1,1,0.84291893
2,1,1,0.70167744
2,1,0,0.4244088
2,0,0,0.308861
2,0,1,0.7025125
2,1,1,0.69613546
2,0,1,0.7359757
2,0,1,0.80508447
2,1,1,0.56801635
2,1,1,0.7168665
2,0,0,0.15509652
2,1,1,0.63419616
2,0,1,0.523601
2,1,0,0.2744312
2,0,1,0.62074494
2,0,1,0.7014062
2,1,0,0.48045832
2,1,0,0.4680694
2,1,1,0.5351203
2,1,1,0.70869064
2,0,1,0.6098605
2,0,1,0.8674192
2,1,1,0.6308894
2,1,1,0.691006
2,0,0,0.31872508
2,1,0,0.3795775
2,0,1,0.56373006
2,0,0,0.2472036
2,0,0,0.13005759
2,0,1,0.7614833
2,0,0,0.08156032
2,1,1,0.5511248
2,0,1,0.60324824
2,1,1,0.8219051
2,1,1,0.6835047
2,0,0,0.4157567
2,0,1,0.50690764
2,0,1,0.7104031
2,1,0,0.47682998
2,0,1,0.57447106
2,0,0,0.4624692
2,0,1,0.5347593
2,0,0,0.47589484
2,0,0,0.29409078
2,0,1,0.6237441
2,1,0,0.4424831
2,1,0,0.48438767
2,0,1,0.53607863
2,0,1,0.6387612
2,1,1,0.70864487
2,1,1,0.69884914
2,0,0,0.20823927
2,1,1,0.7741382
2,1,0,0.40441632
2,1,1,0.9190819
2,1,1,0.6641337
2,0,0,0.36313173
2,1,1,0.5094325
2,0,0,0.27224085
2,0,0,0.4441759
2,0,1,0.5376003
2,1,1,0.65092736
2,1,1,0.63549805
2,0,0,0.14653458
2,0,0,0.41656187
2,0,0,0.39791146
2,1,1,0.80040497
2,1,1,0.6537379
2,0,0,0.45271206
2,1,1,0.6921406
2,0,1,0.5018542
2,1,1,0.59410805
2,0,1,0.52067274
2,1,1,0.6417026
2,0,1,0.74027985
2,0,1,0.5192249
2,0,0,0.36011508
2,1,1,0.5322031
2,0,1,0.8283785
2,1,1,0.8240882
2,1,0,0.34944263
2,0,0,0.4278117
2,0,0,0.3051134
2,0,0,0.48934954
2,1,1,0.8095657
2,1,1,0.6657517
2,1,0,0.49238557
2,0,0,0.0737657
2,0,1,0.60481375
2,0,0,0.49408537
2,1,0,0.43322846
2,0,0,0.23373201
2,1,1,0.9557156
2,1,1,0.7732234
2,0,1,0.60698885
2,0,1,0.6988252
2,1,1,0.62058455
2,0,1,0.59687656
2,1,1,0.5813375
2,0,0,0.40317494
2,1,1,0.5988825
2,0,1,0.52517885
2,0,0,0.48043168
2,0,1,0.65830564
2,0,1,0.7135398
2,1,1,0.5328101
2,0,0,0.450256
2,0,0,0.26012978
2,0,0,0.24849345
2,0,1,0.7611674
2,1,1,0.6821886
2,1,1,0.717262
2,0,1,0.6274536
2,0,0,0.3982258
2,0,1,0.76830685
2,0,1,0.51955205
2,0,1,0.5405125
2,0,0,0.20239025
2,0,1,0.81194925
2,1,1,0.56136554
2,0,1,0.5495294
2,1,0,0.38289776
2,1,1,0.9451633
2,0,0,0.3391735
2,0,1,0.5808249
2,1,1,0.65235996
2,1,1,0.6906578
2,1,1,0.7368981
2,0,1,0.54331094
2,0,1,0.8148308
2,1,1,0.5561384
2,1,1,0.6073963
2,0,0,0.35315946
2,1,1,0.57004
2,0,0,0.051448163
2,1,1,0.63126194
2,1,1,0.7767539
2,0,0,0.10703192
2,1,0,0.44568986
2,0,0,0.3775799
2,1,1,0.86040634
2,1,0,0.4480575
2,0,1,0.51913303
2,0,0,0.45712844
2,1,1,0.59333223
2,0,1,0.6383019
2,0,1,0.5363562
2,0,0,0.24535252
2,0,0,0.38632724
2,0,0,0.46849954
2,0,0,0.18333721
2,1,1,0.6813677
2,1,0,0.3777335
2,1,0,0.16336003
2,0,1,0.54999727
2,0,1,0.72418976
2,1,1,0.6395895
2,1,1,0.6623614
2,1,1,0.726826
2,0,0,0.20295323
2,0,1,0.6050049
2,0,0,0.38297957
2,1,1,0.8762135
2,0,1,0.52465266
2,0,1,0.6826972
2,1,1,0.7776565
2,1,1,0.7566151
2,0,1,0.6292547
2,1,1,0.7467967
2,1,1,0.8828733
2,1,1,0.7843901
2,0,1,0.6676797
2,0,0,0.31786937
2,0,1,0.65208924
2,0,0,0.3959247
2,1,1,0.6699237
2,0,1,0.69255036
2,0,0,0.3749635
2,0,1,0.54292756
2,0,1,0.5850667
2,0,1,0.7161095
2,1,0,0.45898435
2,1,1,0.8219756
2,0,0,0.33758414
2,1,1,0.6817282
2,0,0,0.38657644
2,1,1,0.68810195
2,1,1,0.67737174
2,1,1,0.82822007
2,0,1,0.6214904
2,0,1,0.60260934
2,0,1,0.65762347
2,0,1,0.5585762
2,0,1,0.5456663
2,0,1,0.59723175
2,1,1,0.5745283
2,0,1,0.51513
2,1,1,0.7408744
2,1,1,0.8473353
2,1,1,0.6678483
2,0,1,0.7726429
2,1,1,0.8181092
2,1,1,0.68894255
2,1,1,0.5560548
2,0,1,0.8306634
2,0,0,0.3353698
2,0,1,0.7764946
2,0,1,0.60305846
2,1,1,0.6454241
2,1,1,0.8848377
2,0,1,0.72295004
2,0,1,0.5292772
2,0,1,0.6101832
2,0,0,0.26336232
2,0,1,0.757458
2,1,1,0.8697315
2,1,1,0.7959804
2,0,1,0.5529789
2,0,0,0.428917
2,0,1,0.6143997
2,1,1,0.60166323
2,1,1,0.8712944
2,1,1,0.57616514
2,0,0,0.18863322
2,0,1,0.5103941
2,0,1,0.5586229
2,1,1,0.87827975
2,0,0,0.40496612
2,1,0,0.25957927
2,1,0,0.33396813
2,0,0,0.3921244
2,1,0,0.31480798
2,0,0,0.30724618
2,0,0,0.38469842
2,0,0,0.16859055
2,0,1,0.5244545
2,1,1,0.72761863
2,0,1,0.7992034
2,1,1,0.6770282
2,1,1,0.7184597
2,0,1,0.5103154
2,1,1,0.6003715
2,0,0,0.2851401
2,1,0,0.43691713
2,0,0,0.39096457
2,0,0,0.30025372
2,0,1,0.65309405
2,0,0,0.4677118
2,1,1,0.8847597
2,0,1,0.6001361
2,1,0,0.38062048
2,1,1,0.66998774
2,1,1,0.72910094
2,0,1,0.7352787
2,0,1,0.5808526
2,1,1,0.80826163
2,0,0,0.47434938
2,1,0,0.27720317
2,0,0,0.13799843
2,0,1,0.7462153
2,0,0,0.3274417
2,0,0,0.48842168
2,1,1,0.87154686
2,0,0,0.25720438
2,1,1,0.70598376
2,1,0,0.4876263
2,0,1,0.54335433
2,1,1,0.5003596
2,0,0,0.449925
2,1,1,0.7385795
2,1,1,0.7631011
2,1,1,0.67475337
2,0,1,0.6818804
2,1,1,0.7101122
2,1,1,0.67653936
2,0,0,0.35183117
2,1,1,0.860422
2,0,1,0.67167985
2,1,0,0.4721123
2,1,1,0.756362
2,1,1,0.78664446
2,0,1,0.601321
2,0,0,0.2517248
2,0,0,0.45897982
2,1,1,0.88089186
2,0,1,0.553261
2,0,0,0.38464007
2,0,0,0.24698725
2,1,1,0.660087
2,0,1,0.602473
2,1,0,0.4893571
2,0,0,0.21840435
2,0,0,0.33043635
2,1,1,0.7069287
2,1,0,0.45582926
2,1,0,0.47846514
2,0,0,0.3139177
2,1,1,0.7727226
2,0,0,0.3663637
2,1,1,0.57945997
2,0,0,0.36291072
2,1,0,0.32336554
2,0,1,0.513379
2,1,1,0.77363485
2,1,1,0.6268227
2,0,1,0.91015655
2,1,0,0.45269406
2,0,1,0.67395604
2,1,1,0.7282046
2,0,0,0.37761784
2,1,1,0.6550581
2,0,0,0.21305059
2,0,0,0.46679756
2,1,1,0.638633
2,1,0,0.3605946
2,0,1,0.6628808
2,1,1,0.930846
2,0,0,0.28378078
2,1,1,0.7506334
2,1,1,0.6189151
2,0,0,0.4950498
2,0,0,0.3356956
2,1,1,0.6975241
2,1,1,0.6321038
2,1,1,0.58335686
2,1,1,0.73014116
2,1,1,0.8593139
2,0,1,0.7081481
2,0,0,0.28287426
2,0,0,0.41811016
2,0,1,0.7007788
2,1,1,0.87779313
2,0,1,0.6408329
2,1,1,0.71937823
2,0,0,0.31695735
2,1,1,0.8713584
2,0,0,0.27732915
2,1,1,0.88992375
2,0,1,0.5081576
2,1,1,0.8718217
2,0,1,0.7288379
2,0,1,0.7518002
2,0,0,0.4633813
2,0,1,0.9097449
2,0,1,0.59750557
2,0,0,0.3947591
2,0,0,0.36474404
2,0,0,0.2061341
2,0,1,0.6048663
2,1,1,0.86099863
2,1,1,0.8183225
2,0,1,0.6021097
2,1,1,0.8757933
2,1,1,0.7955385
2,1,1,0.5147511
2,0,1,0.5715317
2,1,1,0.5298366
2,0,0,0.34170058
2,1,1,0.83049786
2,1,1,0.78459275
2,1,1,0.8745283
2,1,1,0.92507553
2,1,1,0.7351454
2,0,0,0.39380828
2,0,0,0.32829797
2,0,1,0.58989143
2,1,1,0.545713
2,0,0,0.48793378
2,1,1,0.7485926
2,0,1,0.652349
2,1,1,0.58201087
2,0,1,0.5690021
2,1,1,0.582885
2,1,1,0.90145534
2,0,1,0.85512745
2,0,1,0.66033906
2,0,1,0.50894916
2,0,0,0.3875637
2,1,0,0.3534914
2,0,0,0.2664644
2,1,1,0.8412016
2,0,1,0.6934756
2,1,0,0.42299917
2,1,0,0.43985495
2,0,1,0.67723405
2,0,0,0.22211052
2,1,1,0.82940876
2,1,1,0.877656
2,0,1,0.54357564
2,0,1,0.7647087
2,0,1,0.5866315
2,1,1,0.6561469
2,1,1,0.5776672
2,1,1,0.7913434
2,0,1,0.66834235
2,1,1,0.70817876
2,1,0,0.29409617
2,0,0,0.17006287
2,0,1,0.61583966
2,0,1,0.68113923
2,0,0,0.47238004
2,0,0,0.31455696
2,0,0,0.45853344
2,0,0,0.08607237
2,0,0,0.19232236
2,0,1,0.5447352
2,1,1,0.58651507
2,1,0,0.48642272
2,1,1,0.7369581
2,1,1,0.61777735
2,1,1,0.5348306
2,1,1,0.77721983
2,1,0,0.17234889
2,1,1,0.6675693
2,1,1,0.67828083
2,1,1,0.6985267
2,0,0,0.4778079
2,0,0,0.38455176
2,0,0,0.16483645
2,0,1,0.519204
2,0,0,0.30494955
2,0,1,0.85208917
2,0,1,0.7318553
2,1,1,0.6716399
2,1,1,0.6174937
2,1,1,0.6663052
2,0,0,0.33852768
2,0,0,0.24400929
2,0,0,0.12637721
2,0,0,0.44331783
2,0,0,0.11921728
2,1,1,0.69490397
2,1,1,0.593848
2,0,1,0.526551
2,1,1,0.7407874
2,0,1,0.7378662
2,1,0,0.22612381
2,0,0,0.25977096
2,1,1,0.55269
2,0,0,0.45302242
2,0,1,0.63703644
2,0,0,0.14523289
2,1,1,0.5252689
2,0,1,0.5120419
2,1,1,0.5262712
2,0,1,0.73097265
2,1,1,0.68921965
2,0,1,0.74146974
2,1,1,0.7973498
2,0,0,0.38513002
2,0,1,0.6645245
2,0,1,0.69935167
2,1,1,0.8223977
2,1,1,0.5831411
2,1,0,0.2406802
2,0,1,0.6112377
2,0,0,0.317901
2,0,0,0.23127332
2,0,0,0.117041014
2,1,1,0.7359089
2,0,0,0.35610494
2,1,0,0.37128726
2,1,1,0.85169584
2,1,1,0.85189253
2,0,0,0.4792874
2,0,0,0.34201995
2,0,1,0.55760735
2,0,1,0.91232246
2,1,1,0.6475514
2,0,1,0.65779066
2,1,0,0.46906754
2,1,1,0.8268501
2,0,1,0.64297974
2,0,0,0.11315855
2,0,1,0.778089
2,1,1,0.5775041
2,1,0,0.19005322
2,1,1,0.8747029
2,1,1,0.7117215
2,0,1,0.55429107
2,1,0,0.31326327
2,0,1,0.75370616
2,1,1,0.76812637
2,0,0,0.32545418
2,0,1,0.71628535
2,1,1,0.5582013
2,0,0,0.4141445
2,0,1,0.62684053
2,1,1,0.7011376
2,0,1,0.6783023
2,0,0,0.37989324
2,1,1,0.722669
2,1,1,0.7138457
2,1,0,0.4917063
2,1,1,0.7864882
2,1,0,0.39980295
2,0,1,0.5070233
2,0,0,0.37472662
2,1,1,0.9613718
2,1,0,0.42922762
2,1,1,0.8006627
2,1,1,0.6025409
2,0,0,0.4577654
2,1,1,0.61594236
2,0,1,0.5558414
2,0,1,0.50746113
2,1,1,0.7788767
2,1,1,0.80409926
2,1,1,0.52858496
2,1,1,0.7477239
2,1,1,0.8178043
2,0,1,0.6448012
2,0,1,0.6530321
2,1,1,0.66758066
2,1,1,0.77442807
2,0,1,0.5871971
2,0,0,0.19285925
2,0,0,0.14170684
2,1,1,0.7324576
2,1,1,0.7982776
2,1,1,0.85231686
2,1,1,0.6702031
2,1,1,0.8316149
2,1,1,0.8393163
2,1,1,0.70937216
2,0,0,0.4853812
2,1,1,0.7720951
2,0,1,0.60677993
2,0,0,0.23922811
2,0,1,0.5105847
2,0,0,0.48777655
2,0,0,0.42694062
2,0,1,0.6300857
2,0,0,0.17031221
2,0,1,0.8719583
2,1,1,0.5651961
2,0,0,0.29026118
2,0,0,0.4171372
2,1,0,0.31672424
2,1,1,0.60758436
2,0,0,0.2641453
2,1,1,0.6783593
2,0,0,0.40394783
2,1,1,0.7940965
2,1,0,0.4430116
2,1,1,0.8635939
2,1,0,0.49758086
2,1,1,0.5349133
2,0,0,0.45075142
2,0,1,0.6541944
2,0,1,0.68263423
2,1,1,0.6540412
2,1,1,0.6492875
2,1,1,0.567598
2,0,1,0.5999047
2,1,0,0.41123497
2,0,0,0.26385787
2,0,1,0.5746913
2,1,0,0.4976705
2,0,0,0.39974162
2,0,0,0.33804095
2,0,1,0.75193
2,1,0,0.45954764
2,1,0,0.49173936
2,1,1,0.85167694
2,0,1,0.8269977
2,0,1,0.6157307
2,1,1,0.7695565
2,1,1,0.509291
2,1,0,0.34555516
2,1,1,0.60107476
2,1,0,0.42608085
2,0,0,0.39385584
2,0,0,0.350674
2,1,1,0.7786024
2,0,0,0.4056889
2,0,1,0.5829268
2,0,1,0.6892656
2,1,1,0.5547509
2,0,1,0.74217546
2,1,1,0.7056357
2,1,1,0.51669323
2,1,1,0.5071827
2,0,0,0.39668712
2,0,1,0.5307032
2,0,1,0.57916296
2,1,0,0.35246646
2,1,0,0.46032128
2,1,0,0.33378807
2,0,0,0.081419304
2,0,1,0.5942014
2,0,0,0.25803405
2,0,0,0.36948958
2,0,1,0.67158616
2,1,0,0.46986893
2,1,1,0.85167694
2,0,1,0.8269977
2,1,1,0.90392905
2,0,1,0.5237827
2,1,1,0.8184731
2,0,0,0.33910245
2,1,1,0.69950074
2,1,1,0.7657371
2,0,0,0.38651448
2,0,0,0.43258628
2,1,1,0.6307615
2,0,1,0.5855618
2,1,1,0.8463616
2,0,1,0.78230953
2,1,1,0.63951665
2,1,1,0.5423514
2,1,1,0.6821573
2,0,1,0.5713537
2,1,1,0.56308115
2,0,1,0.55547595
2,1,1,0.8660364
2,0,0,0.47719154
2,0,1,0.7308443
2,0,1,0.6701023
2,0,1,0.77724546
2,1,1,0.8764749
2,1,1,0.9270137
2,0,0,0.41194504
2,1,1,0.72480565
2,1,1,0.72928
2,0,0,0.40296307
2,1,1,0.6899549
2,0,1,0.50241745
2,0,1,0.53413665
2,0,1,0.697256
2,0,0,0.46673024
2,1,1,0.70363224
2,0,0,0.3355807
2,0,1,0.57555
2,1,1,0.62349546
2,0,0,0.24667192
2,1,0,0.4672466
2,1,1,0.8887498
2,1,0,0.39537776
2,0,0,0.22233152
2,0,0,0.43345535
2,1,1,0.51636285
2,0,0,0.46359614
2,0,0,0.32202247
2,1,1,0.826905
2,1,1,0.8508882
2,0,0,0.47494262
2,0,0,0.42900404
2,0,0,0.39494532
2,0,1,0.53835803
2,1,1,0.69503754
2,1,1,0.5289899
2,1,1,0.6559998
2,0,0,0.32005075
2,1,1,0.65800846
2,0,1,0.60886174
2,1,1,0.8643392
2,1,1,0.81099683
2,0,1,0.78097856
2,0,0,0.36761576
2,1,1,0.67936736
2,0,1,0.54098445
2,0,1,0.7136281
2,0,1,0.61020964
2,1,1,0.66890734
2,0,1,0.7563198
2,1,1,0.6475706
2,0,1,0.57651776
2,1,1,0.66444737
2,0,0,0.48769742
2,0,1,0.8601298
2,1,1,0.5652633
2,1,1,0.87793624
2,0,1,0.6240887
2,1,0,0.48674837
2,1,0,0.4894209
2,0,0,0.33201355
2,0,0,0.4605039
2,0,1,0.5424702
2,1,1,0.5916139
2,0,0,0.42964754
2,0,0,0.2619005
2,1,0,0.40119419
2,1,1,0.598644
2,1,1,0.6774909
2,0,0,0.081762716
2,1,1,0.5326977
2,1,1,0.620504
2,1,1,0.70082885
2,1,1,0.78259546
2,0,0,0.21866548
2,0,1,0.542728
2,0,1,0.5201616
2,0,1,0.7254062
2,0,1,0.85231274
2,1,1,0.5451406
2,1,1,0.50212467
2,0,1,0.5189109
2,1,0,0.31246868
2,0,1,0.63936937
2,0,1,0.55554926
2,1,1,0.6723036
2,1,1,0.8088632
2,0,1,0.90256834
2,0,1,0.5383505
2,1,1,0.7692919
2,0,0,0.26642177
2,0,1,0.60168767
2,1,0,0.3244937
2,0,1,0.7874403
2,0,1,0.63751024
2,1,1,0.7488458
2,1,1,0.8677783
2,0,1,0.6747384
2,0,1,0.6489428
2,1,1,0.63660085
2,1,1,0.83555293
2,1,0,0.24971725
2,1,1,0.906125
2,1,1,0.8580233
2,0,1,0.5601001
2,0,0,0.37978032
2,1,1,0.67508173
2,1,0,0.38590473
2,1,1,0.57851195
2,0,1,0.5059586
2,0,1,0.517257
2,1,0,0.43265247
2,0,1,0.7033539
2,1,1,0.8145075
2,1,1,0.6965633
2,0,0,0.25979865
2,0,1,0.6256925
2,0,1,0.5881839
2,0,1,0.792679
2,0,1,0.60558283
2,1,1,0.88878113
2,1,1,0.61805487
2,1,1,0.65563005
2,0,0,0.46577492
2,0,0,0.35341632
2,1,1,0.6525549
2,0,1,0.57775295
2,0,0,0.2490524
2,1,1,0.70498955
2,0,1,0.6088706
2,0,1,0.58237094
2,1,1,0.8053742
2,0,1,0.60025066
2,0,1,0.62271434
2,1,0,0.4397269
2,1,1,0.8774391
2,1,1,0.85580534
2,1,1,0.54859287
2,0,0,0.47499123
2,1,1,0.7514824
2,1,1,0.5474663
2,0,1,0.6051886
2,0,1,0.6793926
2,0,1,0.6096201
2,0,0,0.32562548
2,1,1,0.5552056
2,1,0,0.4338642
2,0,0,0.045517925
2,0,1,0.71169347
2,1,0,0.33161438
2,0,1,0.88114417
2,1,1,0.7733173
2,1,0,0.24292597
2,0,1,0.5337807
2,1,1,0.63154566
2,0,1,0.6062827
2,0,1,0.53518206
2,0,0,0.10206662
2,0,0,0.09425598
2,1,1,0.5699377
2,1,0,0.48076504
2,0,0,0.290442
2,0,1,0.5428122
2,0,0,0.19844098
2,1,0,0.36149693
2,0,0,0.3250542
2,0,0,0.4525988
2,1,1,0.6652578
2,1,0,0.43346497
2,1,1,0.70779645
2,0,0,0.32728463
2,0,1,0.5550807
2,1,1,0.80584514
2,0,0,0.33080104
2,0,0,0.39894095
2,1,1,0.69137174
2,1,1,0.685003
2,1,1,0.6896973
2,1,1,0.5504068
2,1,1,0.69611573
2,0,1,0.70406216
2,0,0,0.48066077
2,0,1,0.51267236
2,0,1,0.5613868
2,1,1,0.71683496
2,1,1,0.76025075
2,0,0,0.4200935
2,1,0,0.4343598
2,0,1,0.5089466
2,1,1,0.5492514
2,0,0,0.47002
2,0,0,0.32146528
2,0,0,0.26895422
2,0,1,0.6435668
2,0,0,0.41607037
2,1,1,0.7561993
2,1,1,0.5835075
2,1,1,0.65400404
2,0,0,0.3193791
2,0,0,0.084059514
2,1,1,0.59281456
2,1,1,0.6607769
2,1,1,0.5901888
2,0,1,0.6757306
2,1,1,0.73951435
2,1,1,0.7394537
2,1,0,0.19264054
2,0,1,0.6085851
2,0,1,0.64337564
2,1,1,0.6548319
2,0,0,0.2814839
2,0,0,0.37652087
2,0,0,0.38817886
2,0,0,0.09858369
2,1,1,0.9242035
2,1,0,0.44375822
2,1,0,0.45080295
2,1,1,0.5350332
2,0,0,0.34841308
2,0,0,0.30674756
2,0,0,0.1355947
2,0,0,0.12641096
2,0,0,0.42929822
2,0,1,0.5457671
2,1,1,0.5872814
2,0,0,0.44434342
2,1,1,0.5626171
2,0,1,0.63842845
2,0,0,0.43099216
2,1,1,0.95761657
2,1,1,0.68922174
2,0,0,0.36067897
2,1,1,0.6630317
2,0,0,0.2531548
2,1,1,0.7081508
2,0,0,0.1576633
2,1,1,0.5479711
2,0,0,0.4374343
2,0,1,0.8111486
2,0,1,0.67746097
2,1,1,0.6017318
2,0,0,0.33143327
2,0,0,0.40974423
2,0,1,0.56643826
2,1,0,0.47028282
2,0,1,0.61277646
2,1,0,0.21505219
2,0,0,0.46889603
2,0,1,0.5919256
2,0,1,0.6064631
2,1,1,0.61204976
2,1,1,0.54297024
2,1,1,0.7280119
2,1,1,0.8020917
2,1,1,0.66770065
2,0,0,0.40255237
2,1,1,0.55772716
2,0,0,0.47608846
2,1,1,0.50544995
2,1,0,0.48509496
2,0,1,0.50323945
2,0,0,0.2910243
2,0,0,0.46565548
2,0,0,0.27635103
2,0,1,0.5462883
2,0,1,0.5147965
2,0,0,0.44891152
2,1,0,0.32051396
2,0,1,0.52890563
2,1,1,0.5361899
2,1,1,0.87180924
2,1,0,0.38276795
2,1,1,0.7987398
2,0,0,0.37235394
2,1,1,0.5980935
2,0,0,0.4326943
2,1,1,0.79901254
2,1,1,0.7589903
2,1,1,0.7123587
2,0,0,0.09767894
2,0,0,0.26231518
2,0,0,0.439412
2,1,1,0.82287705
2,0,0,0.101443395
2,1,0,0.41109246
2,0,1,0.6022458
2,1,1,0.7906395
2,1,1,0.68080986
2,1,1,0.592632
2,0,0,0.3467836
2,1,1,0.79998994
2,1,1,0.69739044
2,0,1,0.61480147
2,1,1,0.8131464
2,0,0,0.23489404
2,1,1,0.6035114
2,0,0,0.4653494
2,0,0,0.4943999
2,1,0,0.49778888
2,1,1,0.6119839
2,0,0,0.43290442
2,0,0,0.08068691
2,0,1,0.9167008
2,0,1,0.5755532
2,1,1,0.604553
2,0,0,0.3065209
2,1,1,0.70046604
2,1,1,0.8515246
2,1,1,0.7506183
2,0,1,0.7135841
2,1,1,0.72769547
2,0,1,0.696021
2,1,1,0.7875008
2,1,1,0.77571326
2,0,0,0.3289809
2,0,1,0.7968151
2,1,1,0.6592179
2,1,1,0.90599084
2,1,1,0.81909204
2,0,0,0.40853533
2,0,1,0.6665807
2,0,0,0.37028188
2,0,1,0.6050241
2,1,1,0.77929723
2,0,0,0.48710743
2,0,0,0.36549148
2,1,1,0.8313028
2,0,0,0.20736045
2,0,1,0.5990924
2,1,1,0.7180804
2,0,1,0.52478546
2,1,1,0.6870788
2,0,1,0.642241
2,1,1,0.6825421
2,0,0,0.3920529
2,1,0,0.39584008
2,0,0,0.24720465
2,1,1,0.695413
2,1,1,0.7750065
2,1,0,0.31842637
2,0,0,0.3936234
2,0,1,0.5906536
2,0,1,0.7731608
2,1,0,0.2330299
2,0,1,0.6834787
2,0,1,0.57955813
2,0,1,0.6318405
2,1,1,0.83924466
2,0,1,0.6720177
2,1,1,0.5914033
2,1,1,0.6640352
2,1,0,0.4235333
2,0,0,0.4595482
2,0,1,0.56382096
2,0,1,0.5386302
2,1,1,0.8487092
2,1,1,0.60600656
2,1,1,0.617494
2,0,1,0.52466583
2,0,1,0.6523763
2,1,1,0.72850096
2,0,1,0.67722875
2,0,1,0.8020941
2,0,1,0.6775066
2,0,0,0.32166472
2,1,1,0.616018
2,1,1,0.6060076
2,0,1,0.6272223
2,0,1,0.636458
2,0,1,0.5967341
2,1,1,0.85184824
2,0,1,0.566218
2,0,1,0.606045
2,0,1,0.57240933
2,1,1,0.50128865
2,1,1,0.6851511
2,0,0,0.35645154
2,1,1,0.83501893
2,1,1,0.8484146
2,1,1,0.58263946
2,1,1,0.6139656
2,0,0,0.28296396
2,1,1,0.5904051
2,0,0,0.3898252
2,1,1,0.6750683
2,0,1,0.5007215
2,0,1,0.6307445
2,0,1,0.60067886
2,1,1,0.8495784
2,1,0,0.46222854
2,0,0,0.44010624
2,1,1,0.75338155
2,0,1,0.58132017
2,1,1,0.6724152
2,1,0,0.44109327
2,0,1,0.50019944
2,1,1,0.6926484
2,1,1,0.89564675
2,1,1,0.83542854
2,1,1,0.84875447
2,0,0,0.46533048
2,0,0,0.3677715
2,1,1,0.84927315
2,1,1,0.5977236
2,1,1,0.6439503
2,1,0,0.31472722
2,0,0,0.35340354
2,1,1,0.57269675
2,0,1,0.6832225
2,0,0,0.24201167
2,1,0,0.39200407
2,0,0,0.39098725
2,0,1,0.71630496
2,1,1,0.710039
2,0,1,0.8572558
2,0,0,0.46028778
2,1,1,0.5379645
2,1,1,0.6369184
2,1,1,0.70244694
2,0,0,0.38754085
2,1,1,0.7259597
2,0,0,0.2754851
2,1,1,0.54484427
2,0,1,0.8408732
2,0,1,0.766703
2,0,0,0.37285164
2,0,0,0.39971808
2,1,1,0.6064337
2,0,0,0.46109715
2,0,0,0.10521166
2,1,1,0.6969949
2,0,1,0.6069808
2,1,1,0.5408476
2,1,1,0.7148823
2,0,1,0.58741647
2,1,1,0.8234825
2,1,1,0.6434537
2,1,1,0.7880241
2,0,1,0.72569937
2,0,1,0.67225343
2,0,1,0.59311926
2,0,0,0.30104005
2,1,1,0.76121795
2,1,1,0.5311567
2,1,1,0.9424936
2,1,1,0.7310619
2,1,1,0.70395964
2,1,0,0.3838117
2,0,1,0.51991916
2,1,0,0.3261473
2,1,1,0.7852918
2,0,1,0.6989501
2,0,0,0.24885091
2,0,1,0.7027071
2,0,0,0.2663617
2,0,1,0.76767564
2,0,1,0.58792585
2,0,1,0.5384751
2,1,1,0.9458087
2,1,1,0.77085084
2,1,1,0.882871
2,0,0,0.4219362
2,0,0,0.48503253
2,0,1,0.8448603
2,1,1,0.88366127
2,1,0,0.30978838
2,0,1,0.6018775
2,1,1,0.51761365
2,1,1,0.5943145
2,0,1,0.7699493
2,0,1,0.7254673
2,0,1,0.81861466
2,0,1,0.7674939
2,1,1,0.78449994
2,0,0,0.36084375
2,0,1,0.66192985
2,1,0,0.3018219
2,1,1,0.63096064
2,0,1,0.5839335
2,1,1,0.5814038
2,0,0,0.25762716
2,1,1,0.56161505
2,1,1,0.56126153
2,0,0,0.46411481
2,1,0,0.49264687
2,0,0,0.48719177
2,0,0,0.33148646
2,0,1,0.58165246
2,1,0,0.23476192
2,0,1,0.51428705
2,0,0,0.14027748
2,1,1,0.8238947
2,1,0,0.4637459
2,1,0,0.4593643
2,1,1,0.6713009
2,1,1,0.71335256
2,1,0,0.24733621
2,1,1,0.77174115
2,0,0,0.28193605
2,1,1,0.5385695
2,0,1,0.6437906
2,1,0,0.37677592
2,1,0,0.17910086
2,0,1,0.5504545
2,1,1,0.5073642
2,0,1,0.69873947
2,0,0,0.30541444
2,0,0,0.29153714
2,0,1,0.58831125
2,1,1,0.67266685
2,1,1,0.5526359
2,0,0,0.24812892
2,0,0,0.13213171
2,0,0,0.37065235
2,0,1,0.5705979
2,0,1,0.7097433
2,0,0,0.44586733
2,0,1,0.67515093
2,1,1,0.5748369
2,1,1,0.7106832
2,1,1,0.6969154
2,1,0,0.11916599
2,1,1,0.71996903
2,0,1,0.57599336
2,1,1,0.8218128
2,1,1,0.85350543
2,1,1,0.7256987
2,0,1,0.70700085
2,1,1,0.67098063
2,0,0,0.30680665
2,1,1,0.7321939
2,1,0,0.29242444
2,1,1,0.6220624
2,0,0,0.42472193
2,1,1,0.5819379
2,1,0,0.4435806
2,0,0,0.16882573
2,0,0,0.2775883
2,0,1,0.75406194
2,1,1,0.6819928
2,0,1,0.65191805
2,0,0,0.2529566
2,0,0,0.23016308
2,1,0,0.37260446
2,1,1,0.8555052
2,1,1,0.52869326
2,1,1,0.55800295
2,0,0,0.21924683
2,0,1,0.6320693
2,0,1,0.50258356
2,0,0,0.03965948
2,0,0,0.3137763
2,0,0,0.29125765
2,0,0,0.40123922
2,0,1,0.7294444
2,1,1,0.52493536
2,0,1,0.5175239
2,0,1,0.5302171
2,1,1,0.80872613
2,0,0,0.44324893
2,1,1,0.57062805
2,0,0,0.20788667
2,0,0,0.33769083
2,1,1,0.57962036
2,1,0,0.26295185
2,0,0,0.13918193
2,1,1,0.8138078
2,1,1,0.7953104
2,1,1,0.613732
2,0,0,0.29451692
2,1,1,0.71100676
2,1,0,0.41547462
2,1,0,0.40200943
2,0,1,0.68803555
2,0,0,0.49149004
2,0,1,0.710288
2,1,1,0.51152784
2,1,1,0.78568506
2,1,1,0.5575844
2,1,1,0.81688577
2,0,1,0.56505036
2,0,1,0.7407872
2,0,0,0.36384013
2,1,0,0.42595488
2,0,0,0.28934193
2,0,1,0.6999531
2,1,1,0.85521907
2,0,0,0.460807
2,1,1,0.6987088
2,0,0,0.4890727
2,0,1,0.55878836
2,1,0,0.41504163
2,0,0,0.4021671
2,1,1,0.60678273
2,1,1,0.7030746
2,1,1,0.5769343
2,0,0,0.2802871
2,0,1,0.5748901
2,0,1,0.629104
2,0,1,0.88464683
2,1,1,0.7019416
2,0,1,0.54185873
2,1,1,0.8435425
2,1,1,0.8862634
2,1,1,0.7662994
2,0,1,0.9134002
2,0,0,0.19113298
2,0,1,0.70020276
2,0,0,0.2879763
2,1,1,0.9201533
2,0,0,0.49790987
2,1,1,0.7978133
2,1,1,0.59594387
2,0,1,0.6187001
2,0,1,0.67126065
2,0,1,0.7135742
2,1,1,0.814647
2,1,1,0.5137156
2,0,0,0.32833248
2,0,1,0.5341807
2,0,1,0.50688744
2,0,1,0.70397156
2,1,1,0.7027682
2,0,1,0.61874443
2,1,1,0.71976256
2,1,1,0.9123853
2,1,1,0.75115436
2,0,1,0.5331922
2,1,1,0.6673329
2,1,1,0.7353091
2,0,0,0.29932275
2,0,1,0.54390794
2,0,1,0.76229984
2,0,1,0.6107961
2,1,1,0.6877053
2,0,0,0.21288751
2,1,1,0.92195046
2,1,1,0.7478349
2,0,1,0.6936029
2,0,1,0.64598733
2,1,1,0.9069737
2,1,1,0.545098
2,1,1,0.82419395
2,1,1,0.52699876
2,0,0,0.46587533
2,1,1,0.63525766
2,0,1,0.50251997
2,0,0,0.46426424
2,0,0,0.38430932
2,0,0,0.15634316
2,0,0,0.36425132
2,0,1,0.7037467
2,1,1,0.6890718
2,1,1,0.7669388
2,0,0,0.48878065
2,0,0,0.16136457
2,1,1,0.7175814
2,0,0,0.3366595
2,0,1,0.60319436
2,0,0,0.31003514
2,0,1,0.70551795
2,0,0,0.09278748
2,0,1,0.55110455
2,1,1,0.6720886
2,1,0,0.45939606
2,1,1,0.83017385
2,1,1,0.63750714
2,0,1,0.6323996
2,0,1,0.75229955
2,0,0,0.3019383
2,1,1,0.61708283
2,0,0,0.46332368
2,1,0,0.43781433
2,0,1,0.79689336
2,0,1,0.5572293
2,1,1,0.56953955
2,0,0,0.30534562
2,1,1,0.8733681
2,0,1,0.59804505
2,0,1,0.5245978
2,0,0,0.46193326
2,1,0,0.45372763
2,0,1,0.6560041
2,1,1,0.7634994
2,0,0,0.3042247
2,1,0,0.44282055
2,1,0,0.4215441
2,0,0,0.27537265
2,1,1,0.5980339
2,1,0,0.47953215
2,0,0,0.19299087
2,1,0,0.23385425
2,0,0,0.35196742
2,1,1,0.53516996
2,0,0,0.104978725
2,0,0,0.35722458
2,0,0,0.23835038
2,1,0,0.49189225
2,1,1,0.5310724
2,1,0,0.23032264
2,0,0,0.46993497
2,0,0,0.13118711
2,1,1,0.58777785
2,0,0,0.08191916
2,1,1,0.56593466
2,0,0,0.39193583
2,1,0,0.36118457
2,0,1,0.6232217
2,0,0,0.2969318
2,1,0,0.42619172
2,0,0,0.21558361
2,1,0,0.34147367
2,0,0,0.11117352
2,0,0,0.10961093
2,0,0,0.21487984
2,0,0,0.24817397
2,0,0,0.30611563
2,1,0,0.36215663
2,1,1,0.69482017
2,0,1,0.61771935
2,0,0,0.40625083
2,0,0,0.14912415
2,0,0,0.45090294
2,0,0,0.16886027
2,1,0,0.4516259
2,1,1,0.70110536
2,1,0,0.49249774
2,1,0,0.24100907
2,0,0,0.264531
2,0,0,0.28003126
2,0,0,0.49386784
2,0,0,0.31537852
2,0,1,0.53851074
2,1,0,0.4723266
2,1,0,0.42835364
2,1,1,0.5659211
2,0,1,0.6881989
2,0,1,0.55904496
2,1,1,0.9281185
2,0,1,0.70008045
2,0,0,0.37996095
2,1,0,0.3840033
2,1,0,0.39253488
2,0,0,0.4578023
2,0,0,0.12919495
2,0,0,0.044814028
2,0,0,0.2146395
2,1,1,0.50797635
2,0,1,0.5387174
2,1,0,0.29509947
2,1,1,0.5866486
2,0,1,0.6523097
2,1,1,0.82702523
2,0,1,0.6693389
2,0,1,0.65042573
2,1,0,0.47810814
2,1,1,0.76772517
2,1,1,0.53280085
2,0,0,0.4716239
2,0,0,0.49794653
2,1,1,0.580164
2,1,1,0.59256315
2,0,0,0.4916346
2,0,0,0.37383288
2,1,1,0.50796044
2,0,1,0.6799112
2,0,0,0.34461454
2,1,1,0.8480889
2,0,0,0.4514032
2,1,1,0.7670719
2,1,1,0.6980514
2,0,0,0.45057115
2,0,0,0.24499282
2,1,1,0.69501495
2,0,1,0.64189094
2,1,1,0.59883535
2,0,1,0.6729707
2,0,0,0.46746805
2,0,1,0.50221103
2,0,1,0.61399245
2,0,1,0.64878005
2,0,0,0.3236287
2,0,0,0.42602065
2,0,1,0.5733598
2,1,1,0.6201407
2,1,1,0.5197428
2,1,1,0.6172128
2,1,1,0.73455375
2,0,1,0.5629853
2,1,0,0.4533964
2,0,0,0.4510405
2,1,1,0.76708215
2,1,1,0.9382056
2,0,1,0.6617024
2,1,1,0.5600098
2,1,1,0.5373525
2,1,1,0.7407495
2,1,1,0.6213876
2,1,1,0.9029468
2,0,1,0.67923033
2,1,1,0.7618826
2,1,1,0.7920023
2,1,1,0.5118526
2,0,1,0.6603842
2,1,0,0.37852764
2,0,0,0.38292193
2,0,1,0.71488315
2,1,1,0.727084
2,0,0,0.3795006
2,0,0,0.348137
2,1,1,0.57441807
2,0,0,0.3588357
2,1,1,0.64507943
2,1,1,0.78905267
2,1,1,0.65180653
2,0,1,0.6859343
2,1,1,0.8619997
2,1,1,0.7805472
2,1,1,0.549794
2,1,1,0.6659357
2,1,1,0.7397476
2,0,1,0.65390575
2,0,0,0.11373694
2,0,0,0.19991314
2,0,1,0.625095
2,0,0,0.40738526
2,1,0,0.24995588
2,1,0,0.39721146
2,0,1,0.8037929
2,1,1,0.6102955
2,0,0,0.29318297
2,0,1,0.6760059
2,1,1,0.9167896
2,1,1,0.6967973
2,1,0,0.48773614
2,0,1,0.60428333
2,0,1,0.7102167
2,0,0,0.36113828
2,0,0,0.38664272
2,0,0,0.1957015
2,1,1,0.51874685
2,0,0,0.16650276
2,1,1,0.6254747
2,0,0,0.3396039
2,1,1,0.6948158
2,1,1,0.7169324
2,0,1,0.5198396
2,1,1,0.67858535
2,1,1,0.5912315
2,1,1,0.67600137
2,0,0,0.1870947
2,0,1,0.690335
2,1,1,0.6576009
2,0,1,0.66116667
2,1,1,0.65010834
2,1,0,0.3079117
2,1,1,0.5956809
2,1,1,0.6145038
2,0,0,0.07696605
2,0,0,0.18366441
2,1,1,0.5020803
2,0,1,0.65285194
2,0,0,0.45624256
2,0,0,0.23470314
2,1,1,0.8713
2,0,0,0.4754741
2,0,1,0.5914102
2,0,0,0.31468257
2,1,1,0.67241573
2,0,0,0.4079886
2,1,1,0.6426461
2,1,0,0.37450576
2,0,0,0.39812964
2,0,0,0.096397206
2,1,1,0.66993237
2,1,1,0.8005518
2,0,0,0.49137512
2,0,0,0.4449019
2,1,0,0.43654162
2,0,0,0.31830576
2,0,0,0.35283193
2,1,1,0.50170314
2,0,1,0.53555924
2,1,1,0.60710675
2,0,1,0.65285325
2,1,1,0.59532213
2,1,1,0.6618467
2,1,1,0.9560096
2,1,1,0.8237752
2,1,1,0.7953709
2,1,1,0.549955
2,0,1,0.7741585
2,1,1,0.81267744
2,0,0,0.25607154
2,0,1,0.82946676
2,1,1,0.6660797
2,1,1,0.7484786
2,1,1,0.7367702
2,0,0,0.40079382
2,0,1,0.5402412
2,0,0,0.26603433
2,1,1,0.8175782
2,0,1,0.5484395
2,1,1,0.5989291
2,0,0,0.27628568
2,1,0,0.46681926
2,1,0,0.3925286
2,0,1,0.8533388
2,0,0,0.40171257
2,1,1,0.6004975
2,0,0,0.2606879
2,1,1,0.7974485
2,0,0,0.4968689
2,0,0,0.27340522
2,1,1,0.6728225
2,1,1,0.5121068
2,0,1,0.5413408
2,1,1,0.6790962
2,0,1,0.6423939
2,1,0,0.4994475
2,0,0,0.32553726
2,0,0,0.27358952
2,0,0,0.42044607
2,0,0,0.27611697
2,1,1,0.55541486
2,1,1,0.82812965
2,0,1,0.67796814
2,0,1,0.65016454
2,1,1,0.84837765
2,1,1,0.69100267
2,1,1,0.68552035
2,0,0,0.41818947
2,1,1,0.65720075
2,0,1,0.70524
2,1,0,0.17302078
2,0,0,0.44742543
2,1,1,0.6502666
2,1,1,0.5006419
2,1,1,0.8726803
2,1,0,0.41770855
2,1,0,0.38714302
2,0,0,0.21589823
2,0,1,0.5969415
2,0,1,0.6653177
2,0,1,0.7277197
2,0,0,0.45254812
2,1,1,0.516619
2,0,1,0.713542
2,1,1,0.54674476
2,1,1,0.5420853
2,0,1,0.51764023
2,0,0,0.39255422
2,1,1,0.53863937
2,0,0,0.34123847
2,0,1,0.66631687
2,1,1,0.79667646
2,1,1,0.6075525
2,1,1,0.5995081
2,1,1,0.66022867
2,1,1,0.67543226
2,0,1,0.62175024
2,1,1,0.63170826
2,1,0,0.2020254
2,0,1,0.58421695
2,1,1,0.56333023
2,0,0,0.3533961
2,0,0,0.2900832
2,0,1,0.5642237
2,0,1,0.66516644
2,0,0,0.07417615
2,1,1,0.5644724
2,0,0,0.29447895
2,1,1,0.7168153
2,0,0,0.46222547
2,1,1,0.9091951
2,0,0,0.17992494
2,1,0,0.46220917
2,0,0,0.42010963
2,1,1,0.5863291
2,1,1,0.57325447
2,0,0,0.4550468
2,0,0,0.48424083
2,0,1,0.50395304
2,0,0,0.45166457
2,1,1,0.7239071
2,1,1,0.713269
2,1,1,0.64577454
2,0,0,0.25475895
2,1,1,0.5879274
2,0,0,0.48179644
2,1,1,0.67242664
2,0,0,0.42982087
2,0,0,0.48928994
2,0,1,0.55462134
2,0,0,0.44078824
2,1,0,0.23917513
2,0,1,0.6134268
2,1,1,0.5336529
2,1,1,0.85870177
2,1,1,0.6588972
2,1,1,0.5937479
2,1,1,0.6888883
2,0,1,0.6789084
2,1,0,0.44657877
2,1,1,0.5874882
2,0,0,0.35257414
2,1,1,0.83777577
2,0,1,0.8044883
2,0,1,0.52257144
2,0,1,0.56133693
2,1,1,0.55583847
2,0,1,0.5209248
2,1,1,0.8023595
2,1,1,0.8139004
2,1,1,0.6635593
2,0,1,0.78007746
2,1,1,0.672555
2,0,0,0.22438598
2,1,0,0.48141983
2,0,0,0.47742686
2,1,0,0.30665842
2,0,0,0.33608815
2,0,0,0.39929116
2,1,1,0.84657717
2,0,0,0.28844127
2,0,1,0.56895703
2,1,0,0.41394064
2,1,0,0.46857578
2,0,1,0.8352109
2,0,1,0.6103742
2,1,0,0.37698153
2,1,1,0.8698894
2,1,1,0.72965974
2,0,1,0.6930928
2,1,1,0.799014
2,0,1,0.8659893
2,1,1,0.83692575
2,0,1,0.70242476
2,0,0,0.46953717
2,0,1,0.7059202
2,1,1,0.75304353
2,0,0,0.4326636
2,1,1,0.7588617
2,1,1,0.6976224
2,0,1,0.5534775
2,0,0,0.096167244
2,1,1,0.71151495
2,1,0,0.4036756
2,1,1,0.6027376
2,0,0,0.38321266
2,1,1,0.6917187
2,0,1,0.6835812
2,1,1,0.6788356
2,0,0,0.41260198
2,1,1,0.69501305
2,1,1,0.62498724
2,1,1,0.60391146
2,0,0,0.49186182
2,0,1,0.5041619
2,0,1,0.5290034
2,1,1,0.75197583
2,0,0,0.3500258
2,0,0,0.41930616
2,0,0,0.49147603
2,0,1,0.6001023
2,1,1,0.7954549
2,0,0,0.3049515
2,1,1,0.51404196
2,1,1,0.76551723
2,0,0,0.33649006
2,1,1,0.7288744
2,1,1,0.8411118
2,0,1,0.5310748
2,1,0,0.3482202
2,0,0,0.45914626
2,0,0,0.40137255
2,0,1,0.5675361
2,0,0,0.41633728
2,1,0,0.1728851
2,0,0,0.37909245
2,1,1,0.69301116
2,0,0,0.39528582
2,1,1,0.822117
2,0,1,0.7020114
2,1,1,0.6631059
2,1,1,0.5241462
2,1,1,0.7215787
2,1,0,0.31454694
2,1,1,0.625869
2,0,1,0.6721023
2,0,1,0.534938
2,1,1,0.79102707
2,1,1,0.51089984
2,1,1,0.75755775
2,1,1,0.82164985
2,1,1,0.7710509
2,0,1,0.9012104
2,0,0,0.17529434
2,0,1,0.7915217
2,1,1,0.6976612
2,0,1,0.6612798
2,1,1,0.6719178
2,1,1,0.9172447
2,1,1,0.7409478
2,1,1,0.81033945
2,1,1,0.51626897
2,0,0,0.34445363
2,0,1,0.70202774
2,1,1,0.8272979
2,1,1,0.6766725
2,0,1,0.6984334
2,1,1,0.7004112
2,0,1,0.5652549
2,0,1,0.675664
2,0,1,0.52307063
2,0,0,0.27374512
2,1,1,0.7980753
2,0,0,0.4527548
2,0,0,0.4181849
2,1,1,0.67819166
2,1,0,0.3489836
2,0,0,0.2868221
2,0,0,0.43811953
2,1,0,0.32576507
2,0,1,0.5909081
2,0,0,0.4893349
2,1,1,0.90722454
2,1,1,0.79424006
2,1,1,0.7516388
2,0,1,0.5386897
2,0,1,0.72965586
2,1,1,0.86551434
2,1,1,0.8702884
2,0,1,0.55675614
2,1,1,0.73247635
2,0,0,0.2164015
2,0,1,0.6261793
2,0,1,0.76050353
2,0,1,0.72537345
2,1,1,0.8762206
2,0,0,0.44852215
2,1,1,0.7680316
2,1,1,0.85767144
2,0,0,0.34543055
2,1,1,0.67274344
2,0,1,0.6434585
2,0,0,0.48577115
2,1,1,0.60274005
2,0,1,0.65915775
2,0,0,0.11518535
2,1,1,0.8610618
2,1,1,0.6016384
2,1,1,0.6679146
2,1,1,0.7090862
2,1,0,0.46734834
2,1,1,0.57752717
2,1,0,0.47982088
2,1,1,0.6502099
2,0,1,0.60781264
2,0,1,0.6943118
2,1,1,0.68983346
2,1,1,0.57267785
2,0,1,0.7792654
2,0,1,0.6925018
2,1,1,0.7215194
2,1,0,0.49509433
2,1,1,0.7810928
2,0,0,0.49213657
2,1,1,0.9398991
2,0,1,0.76473707
2,1,0,0.46983036
2,0,1,0.7691284
2,1,1,0.773629
2,0,1,0.55240023
2,1,1,0.6235509
2,0,1,0.5096058
2,0,0,0.46903637
2,0,1,0.5362515
2,1,1,0.904439
2,0,0,0.24978635
2,0,0,0.46064618
2,1,0,0.416493
2,1,1,0.7623786
2,1,1,0.8842492
2,0,1,0.59091634
2,1,0,0.3722635
2,1,1,0.71328425
2,1,1,0.83605665
2,1,0,0.30881286
2,1,0,0.2867624
2,1,1,0.5417704
2,0,0,0.09269977
2,0,0,0.13231643
2,0,1,0.5983433
2,1,0,0.3682152
2,0,1,0.8236768
2,0,0,0.47463867
2,1,0,0.38482806
2,0,0,0.2208623
2,1,0,0.31974864
2,0,0,0.4930063
2,1,1,0.76243216
2,1,1,0.50955755
2,1,1,0.5781287
2,0,0,0.10816887
2,0,0,0.12933905
2,0,0,0.2963896
2,1,1,0.6326962
2,1,1,0.5700669
2,1,1,0.5581748
2,1,0,0.15258874
2,0,0,0.25221366
2,1,0,0.121996276
2,0,1,0.73676157
2,0,0,0.37073565
2,1,1,0.76713645
2,1,1,0.71322215
2,1,1,0.8428491
2,0,0,0.34620622
2,0,1,0.6658501
2,0,0,0.421941
2,1,0,0.31080094
2,0,0,0.3525118
2,0,0,0.49996787
2,1,1,0.7237082
2,0,0,0.3981637
2,0,0,0.09943007
2,0,0,0.44294226
2,1,1,0.5330483
2,0,0,0.23583962
2,0,1,0.58705825
2,0,1,0.67124885
2,1,0,0.4791847
2,1,0,0.19231986
2,0,0,0.1342928
2,0,1,0.5307636
2,0,1,0.5094834
2,1,1,0.88008875
2,1,1,0.5476642
2,1,1,0.78125495
2,1,1,0.65953004
2,0,0,0.41594276
2,0,0,0.4144763
2,1,1,0.84102714
2,0,1,0.50302225
2,1,0,0.4351151
2,1,1,0.5555069
2,1,0,0.4175904
2,0,1,0.7362174
2,0,1,0.68351173
2,0,0,0.4041354
2,0,1,0.53141415
2,1,1,0.54424584
2,0,1,0.77115804
2,0,1,0.7501245
2,0,1,0.6368342
2,0,1,0.54255944
2,0,1,0.5701888
2,0,0,0.28925312
2,1,1,0.9207894
2,0,0,0.49278745
2,0,1,0.6213038
2,1,1,0.62595665
2,1,0,0.39851972
2,1,0,0.3636875
2,1,0,0.48494554
2,1,1,0.66605
2,1,0,0.47976655
2,0,0,0.49958867
2,0,1,0.62696975
2,1,1,0.5157239
2,0,1,0.6244576
2,0,1,0.5852667
2,1,0,0.37484828
2,0,1,0.5154497
2,1,1,0.74081284
2,1,1,0.5141674
2,0,0,0.4743655
2,1,1,0.805966
2,0,1,0.59686965
2,1,1,0.77560896
2,0,0,0.46191436
2,0,1,0.5872977
2,0,0,0.34286794
2,1,1,0.8283212
2,0,1,0.55418026
2,1,1,0.8310126
2,0,1,0.6616393
2,1,1,0.56842023
2,1,1,0.9022605
2,1,1,0.70663
2,1,1,0.8078882
2,0,1,0.5340279
2,0,1,0.5723942
2,1,1,0.7632355
2,0,0,0.47324768
2,1,1,0.56657916
2,0,0,0.289915
2,0,1,0.85460716
2,1,1,0.5807878
2,0,0,0.3595797
2,0,1,0.6201866
2,0,0,0.23098134
2,1,1,0.7853883
2,0,1,0.58117104
2,1,1,0.6706481
2,0,1,0.55082947
2,0,0,0.3500026
2,1,0,0.46433386
2,0,0,0.33924347
2,0,1,0.5224048
2,0,0,0.2686419
2,1,0,0.22280683
2,1,1,0.7693544
2,0,0,0.46392372
2,1,1,0.7335771
2,0,0,0.4550943
2,1,1,0.546439
2,0,0,0.22483009
2,1,1,0.5333628
2,1,0,0.40963817
2,1,1,0.62754613
2,0,1,0.66605
2,0,1,0.51597154
2,0,1,0.62696975
2,1,1,0.5157239
2,0,1,0.6244576
2,0,1,0.5852667
2,0,0,0.37484828
2,0,1,0.5154497
2,1,1,0.76949185
2,0,0,0.4616964
2,1,1,0.73616517
2,1,1,0.77720374
2,1,1,0.6379973
2,0,0,0.35211292
2,1,0,0.33286217
2,1,1,0.6924132
2,0,0,0.46120304
2,0,0,0.48970395
2,1,1,0.6199759
2,0,0,0.22732274
2,1,1,0.8454912
2,1,1,0.6734451
2,0,1,0.52928185
2,1,0,0.17534558
2,1,0,0.39807573
2,0,0,0.075785995
2,0,0,0.22687854
2,0,0,0.32271093
2,1,1,0.50590074
2,0,0,0.29675758
2,1,1,0.627212
2,0,0,0.34489876
2,0,1,0.5377894
2,0,0,0.40863904
2,0,1,0.62995446
2,0,0,0.3499959
2,1,1,0.67463005
2,0,1,0.83325195
2,1,1,0.85135204
2,0,0,0.34123588
2,1,1,0.68561953
2,0,1,0.5564175
2,1,1,0.8240967
2,1,1,0.6551297
2,1,0,0.47955754
2,0,1,0.5238036
2,0,1,0.80378544
2,0,1,0.63025427
2,0,1,0.78357804
2,1,0,0.4449983
2,0,0,0.114917085
2,0,1,0.80293983
2,1,1,0.8584138
2,1,1,0.8465604
2,1,1,0.9121779
2,0,1,0.6340193
2,1,1,0.90711325
2,0,1,0.6511156
2,0,0,0.4244305
2,0,0,0.44513458
2,0,0,0.38209432
2,1,1,0.9114858
2,1,1,0.8519728
2,0,0,0.42251346
2,1,1,0.7388166
2,0,0,0.40862465
2,0,1,0.53752136
2,1,1,0.56060565
2,1,1,0.697211
2,0,1,0.70166814
2,1,1,0.6636137
2,0,1,0.68285507
2,1,1,0.6935291
2,0,0,0.45866004
2,0,1,0.6550466
2,1,1,0.73942226
2,0,1,0.55213374
2,0,0,0.40178666
2,1,1,0.679649
2,0,0,0.37789693
2,0,0,0.28687197
2,1,1,0.50343585
2,1,1,0.6878952
2,0,0,0.40926018
2,0,1,0.51731986
2,1,1,0.8331595
2,0,1,0.53323346
2,1,1,0.6007786
2,0,1,0.5471568
2,0,0,0.4394404
2,1,1,0.6462779
2,0,1,0.6211958
2,1,0,0.3571815
2,1,1,0.7068324
2,1,0,0.32940653
2,0,0,0.356873
2,1,1,0.7076826
2,0,0,0.41028762
2,0,0,0.1555821
2,0,0,0.1975916
2,0,0,0.4039284
2,0,0,0.26984176
2,1,0,0.19126506
2,0,0,0.3386779
2,0,0,0.35084295
2,0,0,0.3549188
2,1,1,0.6990374
2,1,1,0.6123385
2,0,0,0.13035819
2,0,0,0.40319875
2,0,0,0.1948118
2,0,0,0.16710995
2,1,1,0.5044764
2,0,0,0.31855965
2,0,1,0.5329054
2,0,0,0.18902746
2,1,0,0.34111688
2,0,0,0.41758087
2,1,0,0.19879416
2,0,0,0.15050378
2,0,0,0.46470708
2,1,1,0.708058
2,0,0,0.42340782
2,1,1,0.7107365
2,1,1,0.87319666
2,1,1,0.58440936
2,1,0,0.48439297
2,1,1,0.6436832
2,0,1,0.82696533
2,0,0,0.2890808
2,1,0,0.2808423
2,0,0,0.4404925
2,0,0,0.24014312
2,0,0,0.19352855
2,1,0,0.37139672
2,1,1,0.5134478
2,0,1,0.6851386
2,1,0,0.46050963
2,1,1,0.6423198
2,1,1,0.8810227
2,1,1,0.58112264
2,0,1,0.85457575
2,0,0,0.46089855
2,1,1,0.6686395
2,0,1,0.52191985
2,1,1,0.5823383
2,0,1,0.5417842
2,0,1,0.69817233
2,1,1,0.73726225
2,0,1,0.5856513
2,0,1,0.5392859
2,0,0,0.1443366
2,1,0,0.426944
2,1,1,0.6907829
2,1,0,0.47318593
2,1,1,0.80413634
2,1,0,0.27543882
2,1,0,0.38998246
2,0,0,0.18079732
2,0,0,0.49356169
2,0,0,0.17696011
2,0,1,0.8694338
2,0,1,0.57081926
2,0,1,0.7389277
2,0,1,0.5800294
2,1,1,0.6962396
2,0,0,0.47968647
2,1,1,0.5352676
2,1,0,0.35369185
2,1,0,0.4285652
2,0,1,0.6998191
2,1,1,0.80873847
2,1,1,0.63179004
2,0,0,0.3926906
2,0,1,0.668196
2,1,1,0.7666133
2,0,1,0.7093606
2,1,0,0.3033161
2,0,0,0.16106156
2,0,1,0.5696049
2,0,1,0.5233714
2,0,0,0.157879
2,1,1,0.65901875
2,0,1,0.6130334
2,1,1,0.6253681
2,1,1,0.69161177
2,0,1,0.69799936
2,1,1,0.65249765
2,1,1,0.58287233
2,0,1,0.5334968
2,0,0,0.46586382
2,0,1,0.7090864
2,1,1,0.88437766
2,1,1,0.77431357
2,1,1,0.63492763
2,1,1,0.5718425
2,0,1,0.519645
2,0,1,0.72328144
2,1,0,0.34792048
2,0,1,0.71385735
2,1,1,0.6229246
2,0,1,0.75598526
2,0,0,0.41549242
2,1,1,0.8054989
2,0,0,0.32915765
2,1,1,0.5827044
2,0,0,0.38602707
2,0,0,0.26160556
2,0,0,0.42336884
2,1,1,0.7655994
2,0,0,0.15133622
2,1,0,0.46731237
2,1,1,0.700935
2,1,1,0.7412038
2,1,1,0.68473035
2,0,0,0.12630928
2,0,0,0.061043516
2,0,0,0.12635645
2,1,0,0.4211731
2,0,0,0.09495209
2,1,1,0.93100464
2,1,1,0.7611229
2,0,0,0.3929757
2,0,1,0.51212114
2,0,0,0.28966004
2,1,0,0.35370943
2,1,1,0.6897215
2,0,0,0.37983143
2,0,0,0.47631994
2,1,1,0.6737206
2,0,0,0.49439824
2,1,1,0.6284891
2,0,1,0.70992535
2,1,1,0.9585708
2,0,1,0.7126394
2,0,1,0.742447
2,1,1,0.7033467
2,0,1,0.54515237
2,0,0,0.45770913
2,1,1,0.7535701
2,1,0,0.47740677
2,1,1,0.9065751
2,0,0,0.35975423
2,1,1,0.67318803
2,0,1,0.6827784
2,0,1,0.6341211
2,1,1,0.5450803
2,0,1,0.69165546
2,1,1,0.722844
2,0,0,0.45574802
2,0,1,0.50769377
2,0,1,0.91320115
2,1,0,0.4432452
2,0,0,0.3840909
2,1,0,0.49287784
2,0,0,0.36841425
2,0,0,0.2423352
2,0,0,0.31062987
2,1,1,0.68085575
2,0,1,0.54063624
2,1,1,0.60314983
2,1,0,0.35758024
2,1,1,0.8647051
2,0,1,0.6287862
2,1,1,0.7506176
2,0,0,0.3517283
2,1,0,0.38355207
2,1,1,0.5368617
2,1,0,0.4097179
2,0,0,0.42860883
2,0,1,0.7641967
2,1,1,0.6950824
2,0,1,0.658168
2,0,1,0.6747729
2,0,1,0.5109317
2,0,0,0.27029568
2,1,1,0.88008875
2,1,1,0.5476642
2,1,1,0.78125495
2,1,1,0.65953004
2,0,0,0.41594276
2,0,0,0.4144763
2,1,1,0.84102714
2,0,1,0.50302225
2,1,0,0.4351151
2,1,1,0.5555069
2,1,0,0.4175904
2,0,1,0.6109333
2,0,1,0.51831686
2,0,0,0.21473342
2,0,0,0.4041354
2,0,1,0.53141415
2,1,1,0.54424584
2,0,1,0.77115804
2,0,1,0.7501245
2,0,1,0.6368342
2,0,1,0.54255944
2,1,1,0.5701888
2,0,0,0.28925312
2,1,1,0.7017552
2,0,0,0.41486904
2,1,1,0.8149546
2,0,1,0.5697681
2,0,1,0.5906895
2,0,1,0.6187098
2,0,0,0.29627702
2,1,1,0.7444476
2,0,1,0.5522927
2,1,1,0.556793
2,1,0,0.48862493
2,1,1,0.58449763
2,1,1,0.6959753
2,0,0,0.21449976
2,1,1,0.76852566
2,1,1,0.6648481
2,1,1,0.8842746
2,0,0,0.33006164
2,1,1,0.90583986
2,0,0,0.35415736
2,1,1,0.5679905
2,0,0,0.41085577
2,0,1,0.85691655
2,0,1,0.61273575
2,1,1,0.5612527
2,1,1,0.7376629
2,0,0,0.3329627
2,1,1,0.7966217
2,0,1,0.6024912
2,1,1,0.7096596
2,1,1,0.73350835
2,0,0,0.33120424
2,0,1,0.71874523
2,1,1,0.67361844
2,1,1,0.5925697
2,1,1,0.5746023
2,0,1,0.6921586
2,0,0,0.46583202
2,0,0,0.44696146
2,1,1,0.677033
2,0,1,0.5903252
2,1,1,0.7288744
2,1,1,0.8411118
2,0,1,0.5310748
2,1,0,0.3482202
2,0,0,0.45914626
2,0,0,0.40137255
2,0,1,0.5675361
2,0,0,0.41633728
2,1,0,0.1728851
2,0,0,0.37909245
2,1,1,0.69301116
2,0,0,0.39528582
2,1,1,0.70885247
2,1,0,0.43643233
2,0,0,0.39206067
2,1,0,0.2903331
2,0,0,0.47130013
2,1,0,0.472553
2,0,0,0.40164232
2,0,0,0.10774816
2,0,0,0.49319232
2,1,1,0.5329178
2,1,1,0.7372987
2,1,1,0.53975546
2,1,1,0.7335931
2,1,1,0.751062
2,0,0,0.35500243
2,0,0,0.08681819
2,1,1,0.9039421
2,0,0,0.11798202
2,0,0,0.19875298
2,0,0,0.48803747
2,0,0,0.38646105
2,0,0,0.49225605
2,0,1,0.5603829
2,1,1,0.592269
2,0,1,0.5939934
2,0,0,0.45417872
2,1,1,0.85471654
2,1,0,0.1380501
2,0,1,0.71968985
2,1,1,0.81246984
2,0,1,0.59545857
2,1,1,0.71377987
2,1,0,0.4742918
2,0,0,0.46891573
2,0,0,0.19502127
2,1,0,0.29674935
2,0,0,0.34630543
2,0,0,0.37252286
2,0,0,0.4470585
2,1,0,0.30717635
2,0,0,0.4414276
2,0,0,0.22918308
2,0,0,0.3679786
2,0,0,0.3653491
2,1,1,0.69544375
2,0,0,0.10488506
2,1,0,0.4293129
2,0,1,0.53731835
2,1,1,0.9348465
2,0,1,0.7793647
2,0,0,0.22063687
2,1,1,0.6381697
2,1,0,0.45537034
2,1,0,0.3857543
2,0,1,0.76196325
2,0,1,0.70062035
2,0,1,0.61014426
2,1,1,0.6153494
2,1,1,0.77408934
2,0,1,0.6451622
2,1,1,0.8712189
2,1,1,0.6169543
2,0,0,0.4068289
2,1,1,0.55542994
2,0,0,0.09825416
2,0,0,0.4503381
2,0,0,0.3447016
2,1,1,0.85365075
2,0,0,0.3371504
2,0,0,0.3040027
2,1,1,0.8189449
2,1,1,0.74702924
2,1,1,0.6126493
2,0,1,0.56603
2,0,1,0.52956504
2,0,0,0.25259718
2,0,0,0.14079775
2,1,1,0.87593114
2,1,1,0.7499521
2,0,1,0.68365234
2,0,0,0.4611153
2,1,1,0.52361834
2,0,1,0.5635213
2,0,0,0.41725224
2,0,0,0.17923199
2,0,1,0.62235284
2,1,1,0.64655495
2,1,1,0.61316687
2,0,1,0.8793658
2,0,1,0.59391505
2,0,1,0.5888254
2,0,1,0.6492557
2,1,0,0.32643443
2,1,1,0.555533
2,1,1,0.6246986
2,1,1,0.67053944
2,1,1,0.8294859
2,1,1,0.7398346
2,1,0,0.21069399
2,1,1,0.7680979
2,1,0,0.17988855
2,1,0,0.28500998
2,1,0,0.09377844
2,0,0,0.20638849
2,1,1,0.7336081
2,0,1,0.7562675
2,0,1,0.5888254
2,0,0,0.32643443
2,0,1,0.555533
2,0,1,0.7283266
2,0,1,0.7495564
2,0,0,0.18015921
2,0,0,0.49024493
2,0,0,0.31491452
2,0,0,0.40641496
2,0,1,0.8112909
2,1,0,0.3874119
2,1,1,0.7742079
2,1,1,0.6398334
2,0,1,0.79809535
2,0,0,0.41867375
2,0,0,0.1752619
2,0,1,0.61571145
2,1,1,0.68556887
2,1,1,0.77651936
2,1,1,0.7444786
2,1,1,0.7716131
2,1,1,0.53612596
2,1,1,0.7650324
2,0,1,0.5588862
2,1,1,0.7428472
2,0,0,0.16362086
2,0,1,0.53590506
2,1,1,0.7680979
2,0,0,0.17988855
2,0,0,0.28500998
2,0,0,0.09377844
2,0,0,0.20638849
2,1,1,0.7336081
2,1,1,0.83609384
2,1,1,0.8135993
2,0,1,0.65124077
2,0,0,0.22837354
2,0,1,0.6406771
2,0,1,0.6020971
2,1,1,0.8245652
2,0,0,0.4134688
2,0,1,0.5105356
2,0,1,0.5316333
2,0,1,0.7934949
2,0,1,0.81091475
2,0,1,0.67343396
2,0,0,0.22591808
2,0,0,0.17486899
2,1,0,0.46821827
2,0,0,0.13974106
2,1,1,0.5467485
2,0,1,0.5763396
2,0,0,0.20944995
2,1,0,0.43501022
2,0,0,0.36040884
2,0,0,0.46270794
2,0,0,0.16888987
2,0,0,0.32800388
2,0,0,0.09147036
2,0,0,0.31676465
2,1,0,0.42064744
2,0,0,0.12158909
2,0,0,0.38657844
2,1,1,0.5323365
2,0,1,0.5592484
2,0,1,0.61451304
2,0,0,0.25154185
2,0,0,0.35577202
2,0,1,0.56091076
2,1,0,0.27720332
2,0,0,0.10105494
2,0,0,0.4542144
2,1,0,0.2126159
2,1,1,0.58206517
2,1,1,0.5265495
2,0,0,0.12763724
2,0,0,0.29123425
2,1,1,0.6463538
2,0,0,0.39838842
2,1,1,0.75844747
2,1,0,0.27204958
2,0,0,0.098865055
2,1,1,0.5390887
2,1,1,0.74091053
2,1,1,0.68031466
2,1,1,0.69709927
2,0,0,0.31550798
2,1,0,0.45374253
2,0,0,0.12106934
2,1,1,0.61430186
2,0,1,0.7992738
2,1,0,0.3434168
2,1,0,0.1577674
2,0,0,0.4174514
2,0,1,0.58569205
2,0,0,0.3034654
2,0,0,0.17754085
2,0,0,0.49848124
2,0,1,0.50378513
2,0,1,0.5979898
2,0,0,0.4041143
2,0,0,0.19923104
2,0,0,0.10004022
2,0,1,0.53607965
2,0,0,0.3148481
2,1,0,0.21102923
2,1,1,0.7365611
2,0,0,0.31931937
2,1,0,0.34906125
2,0,0,0.29853198
2,0,0,0.49199092
2,0,0,0.38713855
2,1,1,0.50945026
2,0,1,0.5112915
2,1,1,0.6526376
2,0,0,0.19311643
2,0,0,0.40905473
2,0,0,0.19594835
2,1,1,0.6095343
2,0,0,0.3313436
2,0,0,0.322176
2,0,0,0.12710051
2,0,0,0.40076867
2,1,1,0.5393752
2,0,0,0.117265135
2,1,0,0.23527263
2,0,1,0.5735109
2,0,0,0.47480145
2,0,1,0.5074166
2,0,0,0.28129753
2,0,0,0.13604634
2,0,0,0.20035157
2,0,0,0.09163315
2,1,0,0.41423765
2,1,1,0.62025845
2,0,0,0.13279417
2,1,1,0.5261843
2,1,1,0.68674856
2,1,0,0.33189735
2,0,0,0.17623648
2,1,1,0.5806228
2,0,1,0.5660612
2,0,0,0.106731504
2,1,0,0.39079905
2,0,0,0.11699598
2,1,1,0.5390034
2,0,0,0.27162766
2,0,0,0.20933308
2,0,0,0.119911514
2,0,0,0.28201413
2,0,0,0.43183967
2,0,0,0.0755091
2,0,0,0.16922005
2,1,1,0.6123002
2,1,0,0.36183622
2,0,0,0.39152336
2,0,0,0.07892147
2,1,1,0.61364406
2,0,0,0.34730616
2,1,1,0.7093979
2,1,0,0.47713542
2,1,1,0.67009526
2,0,0,0.4590541
2,1,1,0.6236506
2,0,0,0.104151756
2,1,0,0.4432815
2,1,0,0.4128727
2,1,0,0.4856429
2,1,1,0.7337155
2,0,0,0.11402723
2,1,0,0.38550922
2,0,1,0.55945265
2,0,0,0.3548572
2,0,0,0.37869403
2,1,0,0.34595582
2,1,0,0.45808312
2,0,0,0.1236379
2,0,0,0.13206889
2,0,0,0.09543656
2,0,0,0.24578878
2,1,1,0.6497055
2,0,1,0.56725913
2,1,0,0.43817067
2,0,0,0.41931084
2,0,1,0.7989062
2,0,0,0.1683289
2,0,0,0.35251588
2,0,0,0.48129353
2,1,1,0.64514685
2,1,0,0.4096771
2,1,1,0.57537776
2,1,0,0.4936616
2,0,0,0.1923002
2,0,0,0.23194174
2,1,1,0.5039643
2,0,0,0.13248165
2,0,0,0.14044406
2,1,1,0.5181102
2,0,0,0.29189146
2,0,0,0.2860457
2,0,0,0.11172666
2,0,0,0.07882434
2,0,0,0.46238068
2,1,0,0.46192726
2,1,1,0.5242064
2,1,1,0.6807655
2,1,0,0.46821827
2,0,0,0.1491081
2,0,0,0.110835284
2,0,0,0.30544868
2,1,1,0.6962495
2,0,0,0.16345789
2,1,0,0.15811379
2,0,1,0.7137299
2,0,0,0.21801049
2,0,0,0.17568175
2,1,0,0.27941927
2,1,0,0.4524817
2,0,0,0.30745524
2,0,1,0.57646847
2,1,0,0.33485347
2,1,1,0.6452919
2,0,1,0.52873755
2,0,1,0.7796626
2,0,0,0.22848637
2,0,0,0.1414144
2,0,0,0.18182321
2,1,1,0.54810864
2,0,0,0.120023094
2,1,0,0.30190918
2,0,0,0.34861568
2,0,0,0.16126035
2,1,0,0.14843334
2,0,0,0.4366072
2,0,0,0.32573193
2,0,0,0.19801696
2,0,0,0.4419655
2,0,0,0.31740457
2,0,0,0.207117
2,1,1,0.55542254
2,0,0,0.41934434
2,0,0,0.36260366
2,1,1,0.6817569
2,1,1,0.54477113
2,0,0,0.37813395
2,1,1,0.78491354
2,0,0,0.12704638
2,0,0,0.42477843
2,0,0,0.19258173
2,0,0,0.13389112
2,1,1,0.6492109
2,0,0,0.320925
2,1,1,0.8108364
2,0,0,0.3030811
2,1,1,0.7544403
2,0,0,0.13726713
2,0,0,0.42460316
2,0,0,0.25178412
2,1,1,0.5666987
2,1,1,0.6384498
2,0,0,0.45792273
2,0,1,0.5359421
2,0,0,0.47756746
2,0,1,0.595889
2,1,1,0.57844704
2,1,0,0.349686
2,0,0,0.14146622
2,0,0,0.28012148
2,1,0,0.1656347
2,1,1,0.8457556
2,1,0,0.31672376
2,1,0,0.24453694
2,1,1,0.6571022
2,1,1,0.6335885
2,1,0,0.42710516
2,0,0,0.16352533
2,1,0,0.47197625
2,1,0,0.22296242
2,1,1,0.79075193
2,0,0,0.14932698
2,0,1,0.521507
2,0,0,0.19620776
2,1,0,0.2405051
2,0,0,0.40229416
2,1,1,0.61568785
2,0,1,0.514405
2,0,0,0.32802612
2,0,1,0.81663144
2,0,1,0.6484054
2,0,1,0.79968435
2,0,0,0.2944516
2,1,1,0.5017545
2,0,1,0.5488496
2,1,1,0.61391467
2,1,1,0.7972756
2,0,1,0.5874877
2,0,0,0.14734778
2,0,0,0.25741422
2,1,1,0.615921
2,0,1,0.726432
2,1,1,0.76626885
2,0,0,0.46045637
2,0,0,0.3829
2,1,0,0.35501632
2,0,0,0.47991872
2,0,0,0.3798848
2,0,0,0.4294502
2,1,1,0.7644683
2,1,1,0.52897286
2,0,0,0.37676752
2,1,0,0.3281717
2,0,0,0.29469556
2,0,1,0.55130786
2,0,0,0.1319919
2,0,0,0.15906997
2,0,0,0.29099518
2,1,0,0.26623496
2,0,1,0.73685503
2,1,1,0.52528524
2,0,1,0.74686056
2,1,1,0.7996057
2,1,1,0.71118754
2,0,0,0.22214329
2,0,0,0.28438163
2,0,0,0.17584763
2,0,0,0.3191341
2,0,0,0.08005364
2,0,0,0.19781955
2,0,1,0.5769225
2,0,0,0.2827911
2,0,1,0.6958447
2,0,0,0.42616662
2,1,0,0.305871
2,1,0,0.3459699
2,0,1,0.6035749
2,0,0,0.099649966
2,1,1,0.6990346
2,1,0,0.27784896
2,0,0,0.23197289
2,0,0,0.2369801
2,1,1,0.62353545
2,0,0,0.40475664
2,1,1,0.58039117
2,1,1,0.5180841
2,0,0,0.10567866
2,1,0,0.41281438
2,1,1,0.7639433
2,1,1,0.6016052
2,1,1,0.75363004
2,0,1,0.56664604
2,1,1,0.70316225
2,1,0,0.45822978
2,1,1,0.5903115
2,1,0,0.47995898
2,1,0,0.46788016
2,0,0,0.27190104
2,0,1,0.64991355
2,1,1,0.72985023
2,0,0,0.18689327
2,1,1,0.60789454
2,0,0,0.39788806
2,0,0,0.26555657
2,1,1,0.51594174
2,1,1,0.5339878
2,1,0,0.26727292
2,0,0,0.3892637
2,1,1,0.67786884
2,0,0,0.25819522
2,1,1,0.64555186
2,0,0,0.35439828
2,0,0,0.48617178
2,1,1,0.71034145
2,1,1,0.6097153
2,1,0,0.49474066
2,0,0,0.17580533
2,0,1,0.6019281
2,0,0,0.4512728
2,1,1,0.8335675
2,0,1,0.6102008
2,0,1,0.5668031
2,0,0,0.22523966
2,0,0,0.12227548
2,1,1,0.6439438
2,0,0,0.117982484
2,1,0,0.3240861
2,0,1,0.5056412
2,0,1,0.70587444
2,1,1,0.79529774
2,1,1,0.6482983
2,0,0,0.23146987
2,1,0,0.3942809
2,0,1,0.551718
2,0,0,0.42909014
2,0,0,0.13674638
2,1,0,0.4865761
2,1,0,0.4119307
2,0,0,0.11863092
2,0,0,0.20347163
2,1,0,0.29223302
2,0,0,0.36562803
2,1,1,0.71878034
2,0,0,0.24103118
2,1,1,0.68913627
2,0,1,0.5892418
2,1,0,0.28551698
2,0,0,0.13947581
2,0,0,0.18172804
2,0,0,0.34283596
2,1,0,0.3456595
2,1,1,0.87653816
2,1,1,0.6306499
2,0,0,0.10847443
2,0,0,0.46367478
2,1,1,0.71324927
2,0,0,0.14567685
2,0,1,0.7291954
2,1,1,0.5822768
2,0,0,0.27552477
2,1,1,0.8979887
2,0,1,0.5129162
2,0,1,0.72710305
2,1,1,0.55070347
2,0,1,0.72789264
2,0,1,0.74825597
2,0,0,0.36492065
2,1,1,0.8251799
2,1,1,0.78168935
2,0,1,0.6263522
2,0,1,0.66082174
2,1,1,0.8545617
2,1,1,0.65611845
2,1,1,0.79931355
2,1,1,0.74867857
2,1,1,0.68966746
2,1,1,0.8436985
2,0,1,0.6015829
2,1,1,0.56391114
2,1,1,0.89009786
2,1,1,0.7861868
2,0,1,0.6432642
2,0,1,0.74120665
2,0,0,0.44348294
2,0,1,0.5876646
2,0,1,0.71512425
2,1,1,0.72271544
2,0,0,0.47109035
2,0,1,0.5715539
2,0,1,0.64155906
2,1,1,0.7118741
2,1,1,0.6056729
2,0,1,0.605437
2,0,0,0.4448424
2,0,1,0.8870209
2,1,0,0.46734834
2,0,1,0.6537715
2,1,1,0.744411
2,0,0,0.43433627
2,1,1,0.86535126
2,1,1,0.74037623
2,0,0,0.23590998
2,1,1,0.71459293
2,0,0,0.26931128
2,0,0,0.1346466
2,0,1,0.7182619
2,1,1,0.64875335
2,0,1,0.74995583
2,1,1,0.7521933
2,0,1,0.5146755
2,1,1,0.70110536
2,1,0,0.49249774
2,1,0,0.24100907
2,0,0,0.264531
2,0,0,0.28003126
2,0,0,0.49386784
2,0,0,0.31537852
2,0,1,0.53851074
2,1,0,0.4723266
2,1,0,0.42835364
2,1,1,0.5659211
2,0,1,0.6881989
2,0,1,0.55904496
2,1,1,0.76853365
2,1,1,0.6539146
2,1,0,0.4706169
2,0,0,0.29735905
2,0,0,0.32898468
2,1,1,0.6998807
2,1,1,0.79221934
2,1,1,0.55380213
2,1,1,0.5936568
2,0,1,0.5881259
2,0,1,0.5845057
2,0,1,0.5624964
2,0,0,0.4990634
2,0,1,0.5119395
2,1,1,0.71149653
2,0,1,0.521325
2,0,1,0.6817608
2,0,0,0.23625195
2,1,1,0.77611154
2,0,1,0.5835256
2,0,1,0.5345407
2,0,0,0.24675824
2,0,0,0.13993886
2,0,0,0.40807205
2,1,0,0.48544914
2,0,0,0.33541393
2,1,0,0.30016416
2,1,1,0.5667383
2,0,0,0.15053877
2,1,0,0.117796145
2,1,1,0.6498232
2,1,0,0.34781566
2,1,0,0.4964965
2,0,0,0.14734863
2,1,0,0.40138867
2,1,1,0.5038096
2,1,0,0.17900582
2,0,0,0.2907178
2,0,0,0.2566809
2,1,1,0.793497
2,0,1,0.6274413
2,0,1,0.5512114
2,1,0,0.47496173
2,0,0,0.28930658
2,1,0,0.19061692
2,0,1,0.5193195
2,0,0,0.21081957
2,0,0,0.29984432
2,0,0,0.31501836
2,1,0,0.116683066
2,0,0,0.39578444
2,0,0,0.41433725
2,1,1,0.6127907
2,1,1,0.5869943
2,0,0,0.38338858
2,0,0,0.27575073
2,0,0,0.2556631
2,1,1,0.56966746
2,1,0,0.4414739
2,1,1,0.58338153
2,0,0,0.083015814
2,0,0,0.2323455
2,0,0,0.12531114
2,0,1,0.92483574
2,0,1,0.79231566
2,1,1,0.6240002
2,1,0,0.42129493
2,1,1,0.9185384
2,0,1,0.5416364
2,1,1,0.59263337
2,0,0,0.1185736
2,1,1,0.51556265
2,0,1,0.67109555
2,0,1,0.69852495
2,0,1,0.5363724
2,1,1,0.85415375
2,0,0,0.49652103
2,1,1,0.76211756
2,1,1,0.51773214
2,1,1,0.61033726
2,0,0,0.33487856
2,0,1,0.6680243
2,1,1,0.79953563
2,1,1,0.77605957
2,0,0,0.42035243
2,1,1,0.84915864
2,0,0,0.47511843
2,0,1,0.56976426
2,1,1,0.5107946
2,1,1,0.5303726
2,1,1,0.7022431
2,1,1,0.7183653
2,0,1,0.52265745
2,0,1,0.5590932
2,0,1,0.7596544
2,1,1,0.731761
2,0,0,0.39808464
2,0,0,0.4179797
2,0,0,0.31462875
2,1,1,0.8811339
2,1,1,0.5184336
2,1,1,0.7889717
2,0,0,0.3226143
2,0,1,0.6948966
2,0,0,0.13136335
2,1,1,0.67735815
2,1,1,0.5301325
2,0,0,0.18316132
2,1,1,0.76656497
2,0,1,0.57220924
2,1,1,0.7669255
2,0,0,0.34696668
2,0,0,0.28357124
2,1,1,0.5007824
2,0,1,0.6716441
2,0,1,0.53111607
2,1,1,0.82162344
2,1,1,0.67374057
2,1,1,0.7644539
2,0,1,0.5089453
2,0,1,0.59880614
2,1,1,0.64857316
2,0,0,0.48340786
2,0,1,0.77019024
2,1,1,0.89775527
2,0,1,0.70266193
2,1,1,0.7206469
2,1,1,0.6689478
2,0,1,0.75305045
2,0,0,0.13768096
2,0,1,0.56293845
2,1,0,0.4966156
2,0,1,0.6678542
2,0,1,0.7868981
2,1,1,0.71429795
2,0,1,0.65773094
2,0,0,0.4026586
2,1,0,0.38576818
2,1,1,0.5835844
2,0,0,0.32324016
2,1,1,0.5208733
2,1,1,0.5675674
2,0,0,0.41122985
2,1,1,0.5394538
2,1,1,0.66991884
2,1,0,0.47818923
2,1,1,0.79213977
2,1,1,0.5571
2,0,1,0.5100096
2,1,0,0.34919548
2,0,0,0.22805601
2,0,0,0.1335098
2,0,0,0.18420807
2,1,0,0.488738
2,1,0,0.3190331
2,1,1,0.61676913
2,0,0,0.47413352
2,0,1,0.74528533
2,1,1,0.7805042
2,0,0,0.47005782
2,1,1,0.5885375
2,0,0,0.07902433
2,0,0,0.10637522
2,1,0,0.47395462
2,0,1,0.52360797
2,0,1,0.686368
2,1,1,0.7561923
2,0,0,0.13241495
2,0,0,0.44847953
2,1,0,0.30798948
2,1,0,0.36587158
2,1,1,0.6466389
2,0,0,0.37183008
2,1,1,0.546122
2,0,0,0.35397494
2,0,0,0.37834266
2,1,1,0.66387504
2,0,0,0.17340252
2,0,0,0.4515663
2,1,1,0.53341895
2,1,1,0.58855367
2,0,0,0.48544613
2,0,0,0.42401442
2,0,0,0.48077255
2,0,0,0.354837
2,0,1,0.57618964
2,0,1,0.61160165
2,0,1,0.76979935
2,1,0,0.4799442
2,1,1,0.6920099
2,1,1,0.5667216
2,0,0,0.29175475
2,1,1,0.7552151
2,1,1,0.53915226
2,0,0,0.37387538
2,1,0,0.470382
2,1,0,0.43550554
2,1,0,0.30919197
2,0,1,0.52432555
2,1,1,0.6787083
2,0,1,0.57322204
2,1,0,0.4430496
2,0,0,0.2130346
2,0,0,0.4416621
2,0,0,0.31865406
2,0,0,0.1882502
2,1,1,0.9003305
2,1,0,0.45685264
2,0,1,0.541645
2,0,0,0.30496553
2,1,1,0.6009629
2,1,0,0.296505
2,1,1,0.6122577
2,0,0,0.48320794
2,0,0,0.45308498
2,0,1,0.6106019
2,0,1,0.5165968
2,1,1,0.75679064
2,1,1,0.7467725
2,0,0,0.178266
2,1,1,0.8226156
2,0,0,0.15946437
2,1,0,0.46269447
2,1,1,0.644191
2,0,1,0.7163673
2,0,0,0.49142691
2,1,1,0.56588495
2,1,0,0.29850563
2,0,0,0.15015747
2,1,1,0.78342545
2,1,0,0.27518085
2,0,0,0.18232295
2,0,0,0.22577164
2,0,0,0.17326659
2,1,1,0.5654426
2,0,0,0.32373512
2,1,0,0.432732
2,0,1,0.5503056
2,0,0,0.25345266
2,0,0,0.31990525
2,0,0,0.09310543
2,1,1,0.7915055
2,0,0,0.43606344
2,1,1,0.5172601
2,0,0,0.3655443
2,1,1,0.57001215
2,0,0,0.40469432
2,0,1,0.5710702
2,1,1,0.75253373
2,1,1,0.9190438
2,1,1,0.81969327
2,0,0,0.33895952
2,1,1,0.7092729
2,1,1,0.50403917
2,0,0,0.25980845
2,0,1,0.77373403
2,0,1,0.6791457
2,0,0,0.22541161
2,0,0,0.30175954
2,1,1,0.86244524
2,0,0,0.34114912
2,0,0,0.28190306
2,1,1,0.65672916
2,0,0,0.39773765
2,0,1,0.5567205
2,0,0,0.43863904
2,0,1,0.5293269
2,0,1,0.6328586
2,0,0,0.43178314
2,1,0,0.48607022
2,1,1,0.6259421
2,1,1,0.6984459
2,0,0,0.18555546
2,0,0,0.28150696
2,0,1,0.516917
2,1,1,0.7290279
2,1,1,0.5623699
2,1,0,0.44670564
2,1,1,0.806295
2,1,1,0.6055557
2,0,1,0.5027548
2,0,1,0.577366
2,0,1,0.53698224
2,1,1,0.6736518
2,0,1,0.65849215
2,0,0,0.42673898
2,0,1,0.5129392
2,1,0,0.4992454
2,1,1,0.8391166
2,0,0,0.35705784
2,1,1,0.7368207
2,1,1,0.57603
2,0,0,0.43712908
2,1,0,0.4693219
2,0,0,0.3279816
2,1,1,0.7071228
2,1,0,0.43439662
2,1,1,0.75214475
2,0,1,0.65098804
2,1,0,0.27152228
2,1,1,0.6115606
2,0,0,0.3189586
2,0,0,0.40160707
2,0,1,0.6025589
2,0,1,0.5308571
2,0,1,0.54939574
2,0,0,0.39936352
2,1,1,0.82633454
2,0,1,0.5507106
2,1,1,0.58439136
2,0,1,0.54012704
2,1,1,0.7323509
2,1,0,0.45410177
2,1,1,0.78264624
2,0,1,0.76757747
2,0,1,0.7637119
2,0,0,0.22632612
2,1,1,0.8122635
2,0,1,0.64646107
2,0,0,0.2914116
2,1,1,0.85870177
2,1,1,0.6588972
2,1,1,0.5937479
2,1,1,0.6888883
2,0,1,0.6789084
2,1,0,0.44657877
2,1,1,0.5874882
2,0,0,0.35257414
2,1,1,0.83777577
2,0,1,0.8044883
2,0,1,0.52257144
2,0,1,0.56133693
2,1,1,0.55583847
2,0,1,0.5209248
2,1,1,0.8023595
2,1,1,0.9091951
2,0,0,0.17992494
2,1,0,0.46220917
2,0,0,0.42010963
2,1,1,0.5863291
2,1,1,0.57325447
2,0,0,0.4550468
2,0,0,0.48424083
2,0,1,0.50395304
2,0,0,0.2964904
2,1,1,0.7239071
2,1,1,0.7598603
2,1,0,0.4522748
2,1,1,0.6385773
2,1,1,0.5411443
2,0,1,0.59593856
2,0,0,0.35765976
2,0,1,0.62494826
2,1,1,0.57993364
2,1,1,0.6669624
2,1,1,0.5697509
2,0,0,0.3732572
2,1,1,0.61902064
2,0,0,0.4896955
2,1,1,0.81995124
2,1,0,0.47635853
2,0,0,0.29858026
2,1,0,0.38074028
2,1,0,0.36462912
2,0,0,0.44065547
2,0,0,0.3651787
2,1,1,0.6856208
2,1,1,0.77600396
2,0,1,0.6358651
2,0,0,0.38948724
2,1,1,0.82868654
2,0,1,0.5448112
2,0,1,0.6332475
2,1,1,0.7204914
2,0,0,0.37696984
2,0,0,0.29749578
2,1,0,0.31483957
2,0,0,0.49476928
2,1,0,0.4521992
2,1,1,0.7813984
2,1,0,0.47967386
2,1,1,0.67886966
2,0,1,0.7555534
2,1,1,0.79571384
2,0,1,0.51789457
2,1,0,0.46353754
2,1,0,0.42670783
2,0,1,0.8072261
2,0,0,0.32531732
2,1,1,0.6862872
2,0,1,0.57863355
2,0,0,0.17118464
2,1,1,0.69240373
2,1,1,0.79677445
2,0,1,0.50549436
2,0,1,0.54760915
2,0,1,0.67391425
2,1,1,0.95506227
2,0,1,0.5236602
2,1,1,0.5933195
2,1,1,0.6510387
2,0,1,0.6982988
2,0,0,0.15912451
2,0,0,0.1410671
2,0,0,0.16970623
2,0,0,0.26599076
2,0,0,0.2866373
2,0,0,0.18652526
2,1,1,0.9087534
2,1,0,0.45615852
2,1,0,0.33885044
2,0,1,0.54404354
2,1,1,0.629494
2,1,1,0.84837765
2,1,1,0.69100267
2,1,1,0.68552035
2,0,0,0.41818947
2,1,1,0.65720075
2,0,1,0.70524
2,1,0,0.17302078
2,0,0,0.44742543
2,1,1,0.6502666
2,1,1,0.5006419
2,1,1,0.782837
2,1,0,0.44504583
2,1,1,0.6199207
2,0,1,0.6405769
2,1,1,0.5197428
2,1,1,0.5763711
2,0,0,0.22157653
2,0,0,0.24003312
2,0,0,0.3168567
2,1,1,0.6681475
2,0,0,0.17591906
2,1,1,0.73455375
2,0,1,0.5629853
2,0,0,0.19479957
2,0,0,0.077689156
2,0,0,0.34492514
2,0,1,0.7193312
2,1,1,0.7551931
2,0,0,0.4021173
2,1,1,0.5780087
2,0,0,0.24144234
2,0,1,0.6158916
2,0,0,0.22194389
2,0,0,0.4510405
2,1,1,0.76708215
2,1,1,0.77497065
2,0,1,0.88181096
2,1,1,0.5254015
2,1,0,0.44542488
2,1,1,0.57263064
2,0,0,0.44889253
2,0,0,0.43271756
2,1,1,0.6961293
2,0,0,0.2775821
2,1,1,0.77905566
2,1,1,0.681616
2,0,1,0.53710306
2,1,1,0.65743864
2,0,0,0.3007497
2,1,1,0.62378544
2,0,1,0.788784
2,1,1,0.58495444
2,0,0,0.3788073
2,0,1,0.6605109
2,0,1,0.61457425
2,1,1,0.5842037
2,1,0,0.4904321
2,1,1,0.6512695
2,1,1,0.72651494
2,1,1,0.8012345
2,0,1,0.6552328
2,0,1,0.56183267
2,1,1,0.5422033
2,1,1,0.69740486
2,1,1,0.75312155
2,1,1,0.7882788
2,0,0,0.36616486
2,1,1,0.60886794
2,0,0,0.2773775
2,1,1,0.53483003
2,0,0,0.4568215
2,0,1,0.5270413
2,0,0,0.22864354
2,0,1,0.5979222
2,1,1,0.84204745
2,0,1,0.58542794
2,1,1,0.5576766
2,1,1,0.51959753
2,0,0,0.42887083
2,0,1,0.64099115
2,0,0,0.15834811
2,0,1,0.583235
2,0,1,0.7427461
2,1,1,0.7198542
2,1,1,0.6691875
2,0,1,0.6959305
2,1,1,0.90721667
2,0,1,0.67063594
2,0,1,0.5721147
2,1,1,0.8372048
2,0,0,0.1579211
2,1,1,0.89612806
2,1,1,0.7971837
2,1,1,0.89211005
2,1,1,0.8909277
2,1,1,0.86148715
2,0,1,0.55287814
2,1,1,0.76618123
2,1,1,0.5326811
2,0,1,0.7988077
2,1,1,0.8134716
2,1,1,0.9485148
2,1,1,0.8625965
2,0,1,0.5394169
2,0,1,0.71458316
2,0,1,0.88791525
2,1,1,0.8992132
2,0,1,0.8068863
2,1,1,0.9095652
2,0,1,0.8376347
2,1,0,0.3784297
2,1,1,0.6565655
2,1,1,0.7550178
2,1,0,0.34519848
2,1,1,0.716261
2,0,0,0.080192216
2,1,1,0.51916677
2,1,1,0.69256294
2,0,1,0.73105574
2,0,1,0.5872554
2,1,1,0.84993166
2,1,1,0.59248614
2,0,1,0.7398017
2,0,0,0.48559466
2,0,1,0.51735246
2,0,0,0.26219475
2,0,1,0.61935955
2,1,1,0.89710903
2,0,0,0.49209785
2,1,0,0.38785923
2,1,1,0.6341804
2,1,0,0.30468887
2,1,1,0.6139266
2,1,1,0.56883466
2,1,1,0.5091856
2,1,1,0.6998314
2,0,0,0.07277448
2,0,0,0.28241155
2,1,0,0.35206458
2,0,1,0.7231727
2,0,1,0.8109881
2,1,1,0.618405
2,1,1,0.817907
2,1,1,0.77521175
2,1,1,0.89006436
2,0,0,0.44834423
2,1,1,0.56639117
2,0,0,0.47202542
2,0,0,0.4087743
2,1,1,0.7354665
2,0,0,0.15672234
2,1,1,0.87136835
2,1,0,0.4983767
2,1,1,0.6822429
2,0,0,0.29757985
2,0,0,0.44597015
2,0,0,0.2809798
2,0,1,0.5645529
2,1,0,0.23048855
2,0,0,0.3915521
2,0,0,0.13437417
2,1,1,0.9173479
2,1,1,0.89190334
2,0,0,0.46584097
2,1,1,0.85787696
2,1,1,0.8512087
2,0,1,0.65015435
2,1,1,0.6405295
2,1,0,0.4905829
2,0,0,0.23679172
2,1,1,0.87021005
2,0,0,0.12930652
2,0,0,0.33321717
2,1,1,0.90382403
2,1,1,0.8577151
2,0,1,0.5682145
2,1,1,0.8282818
2,1,1,0.87841165
2,0,1,0.65806276
2,1,0,0.494458
2,0,1,0.79304516
2,1,0,0.28230393
2,0,0,0.31620616
2,0,0,0.33358777
2,1,1,0.70138836
2,1,1,0.7389245
2,1,0,0.40772232
2,1,1,0.84995073
2,0,0,0.46515682
2,1,1,0.546624
2,0,0,0.20335823
2,1,1,0.7827273
2,0,1,0.714261
2,1,1,0.5085254
2,0,0,0.47682858
2,0,1,0.5573037
2,0,1,0.5964593
2,1,0,0.38400567
2,0,1,0.6641066
2,0,0,0.24709283
2,1,1,0.6898353
2,0,0,0.10915691
2,0,0,0.20787472
2,1,1,0.56947106
2,1,1,0.8449142
2,1,1,0.56382877
2,0,0,0.27557686
2,0,0,0.26046276
2,1,1,0.75635064
2,1,1,0.69139427
2,1,1,0.50421166
2,1,1,0.8407011
2,1,1,0.76089925
2,1,1,0.75831914
2,0,0,0.4487629
2,1,1,0.72079235
2,0,0,0.35769254
2,0,1,0.84654003
2,1,1,0.55905086
2,0,0,0.13115235
2,1,0,0.4480014
2,1,1,0.7087833
2,1,0,0.35727957
2,0,1,0.5668104
2,0,0,0.39915466
2,0,0,0.34710273
2,0,0,0.15311857
2,0,0,0.31427428
2,0,0,0.41891572
2,0,0,0.22935463
2,0,0,0.22257438
2,0,0,0.4355096
2,0,0,0.09572462
2,1,1,0.866954
2,0,1,0.64473724
2,1,1,0.86561936
2,0,1,0.85282654
2,0,0,0.12665421
2,1,1,0.8357949
2,1,1,0.8466909
2,0,1,0.7057805
2,1,1,0.8711393
2,0,0,0.30618736
2,0,0,0.33299103
2,1,1,0.80359316
2,0,1,0.68302715
2,1,1,0.6386702
2,0,1,0.80295706
2,1,1,0.8734943
2,1,1,0.8049542
2,1,1,0.90602076
2,0,0,0.32037973
2,0,1,0.73183644
2,1,1,0.90840226
2,0,0,0.41011366
2,1,1,0.7068388
2,1,1,0.5457605
2,0,0,0.21325044
2,0,0,0.29955083
2,0,0,0.1287223
2,0,0,0.24487372
2,0,1,0.81423604
2,0,0,0.35422853
2,0,0,0.20973851
2,1,1,0.8238418
2,0,0,0.35345894
2,0,1,0.5150883
2,0,1,0.8965255
2,1,1,0.87040913
2,1,1,0.7610161
2,1,1,0.9091172
2,0,1,0.92561674
2,0,0,0.2622325
2,1,1,0.74121374
2,0,1,0.5232112
2,1,1,0.5411626
2,1,1,0.82697487
2,1,1,0.8042762
2,0,1,0.63903666
2,0,0,0.45250374
2,0,0,0.33383384
2,1,1,0.7494977
2,1,1,0.86579394
2,1,1,0.5852
2,0,1,0.6408913
2,1,0,0.46381328
2,1,0,0.39689788
2,1,0,0.18355072
2,1,0,0.43015108
2,0,1,0.58167136
2,1,0,0.27796984
2,1,0,0.26390013
2,1,0,0.45908514
2,1,1,0.90394354
2,0,1,0.7599879
2,1,0,0.43799943
2,0,1,0.7901085
2,1,1,0.7164178
2,0,0,0.17988864
2,0,0,0.37529188
2,0,1,0.54057175
2,1,0,0.2823395
2,0,0,0.49245614
2,1,0,0.48855832
2,0,1,0.7063779
2,1,1,0.91751707
2,1,1,0.6441394
2,0,0,0.44211748
2,1,1,0.8915405
2,0,0,0.41380158
2,1,1,0.704458
2,0,1,0.6948368
2,0,0,0.3883832
2,0,0,0.49119014
2,0,1,0.5843712
2,0,0,0.32601914
2,1,1,0.82441086
2,1,1,0.7029845
2,0,0,0.2562636
2,1,1,0.6872266
2,1,1,0.88078845
2,0,0,0.21451603
2,1,1,0.72308826
2,1,1,0.86229205
2,1,1,0.8983433
2,0,1,0.67738044
2,0,0,0.33716333
2,0,0,0.087194294
2,1,1,0.8482693
2,0,1,0.6024439
2,1,1,0.7667584
2,1,0,0.32588297
2,0,0,0.15771897
2,1,1,0.9301766
2,1,1,0.69807917
2,0,1,0.5528131
2,0,0,0.16118793
2,1,1,0.64913267
2,1,0,0.38992634
2,0,0,0.34952578
2,0,0,0.3355329
2,0,0,0.15260488
2,0,0,0.48283184
2,0,0,0.15128721
2,1,1,0.70507604
2,0,1,0.8297252
2,1,1,0.9145707
2,1,1,0.690025
2,0,1,0.7505528
2,0,1,0.8790413
2,0,0,0.28059152
2,1,0,0.3992676
2,0,0,0.34776583
2,0,0,0.25550956
2,1,1,0.80013996
2,0,0,0.084489875
2,0,0,0.36014408
2,0,0,0.31721005
2,0,0,0.445083
2,1,1,0.79435855
2,0,0,0.25091317
2,1,1,0.7317809
2,0,0,0.36476076
2,0,0,0.39387456
2,1,0,0.31646913
2,1,0,0.20769565
2,0,0,0.19611937
2,1,1,0.5872864
2,1,0,0.38347927
2,1,1,0.8450236
2,1,1,0.72652245
2,0,0,0.49326146
2,1,1,0.5501845
2,0,0,0.27209407
2,1,1,0.58794373
2,1,1,0.67326397
2,0,1,0.52001196
2,1,1,0.9650777
2,0,0,0.4625328
2,0,1,0.86256325
2,0,1,0.73650515
2,0,1,0.5959234
2,0,1,0.67541814
2,1,1,0.8304931
2,1,1,0.6473378
2,0,1,0.5898036
2,1,1,0.5126324
2,1,1,0.74688065
2,0,1,0.52126396
2,1,1,0.869148
2,0,0,0.23997511
2,0,0,0.43581703
2,1,1,0.5432201
2,0,1,0.58472836
2,1,1,0.54157263
2,0,1,0.6983941
2,0,1,0.7491548
2,1,0,0.23945802
2,1,1,0.8512481
2,1,1,0.8072647
2,0,1,0.6704382
2,0,1,0.7309285
2,1,1,0.7851517
2,1,1,0.72109884
2,1,1,0.72274214
2,1,1,0.872524
2,0,1,0.8561614
2,0,0,0.21624036
2,0,0,0.16217268
2,1,0,0.45117727
2,1,1,0.65667945
2,0,0,0.13452294
2,0,0,0.4542582
2,0,0,0.42561117
2,1,1,0.75265956
2,0,0,0.30037656
2,1,0,0.4763029
2,0,0,0.23964746
2,1,0,0.19553964
2,0,0,0.095866956
2,0,0,0.18590161
2,0,1,0.7947411
2,1,0,0.34147987
2,0,1,0.5788668
2,0,0,0.42146578
2,0,1,0.54219145
2,1,1,0.9127636
2,1,1,0.85829604
2,1,1,0.67368704
2,0,0,0.42327127
2,0,1,0.83455265
2,0,0,0.14891633
2,1,1,0.81281155
2,1,0,0.20154467
2,1,1,0.68573743
2,1,1,0.6227359
2,0,1,0.7441319
2,0,1,0.5731758
2,1,1,0.8666324
2,0,1,0.7412184
2,0,1,0.7821749
2,0,1,0.66680086
2,1,1,0.64070696
2,1,1,0.89215434
2,0,0,0.3183261
2,1,1,0.91884214
2,0,1,0.70445496
2,0,0,0.39513052
2,0,1,0.8166793
2,1,1,0.8519076
2,0,1,0.664111
2,0,1,0.6161755
2,0,1,0.84139186
2,0,1,0.82635146
2,1,1,0.8013755
2,1,1,0.87827784
2,1,1,0.81071836
2,1,1,0.89584583
2,0,1,0.77080005
2,1,1,0.9062934
2,1,0,0.4007503
2,1,1,0.908923
2,0,0,0.27004606
2,1,1,0.9204176
2,1,1,0.6206843
2,0,0,0.4123472
2,0,0,0.23852578
2,0,1,0.7830051
2,0,1,0.68445575
2,0,1,0.56513184
2,0,1,0.8353718
2,0,0,0.26100084
2,0,0,0.09878858
2,1,0,0.37645924
2,1,1,0.842349
2,1,1,0.8708156
2,0,1,0.56994295
2,0,1,0.5980783
2,0,0,0.27835923
2,1,1,0.60960704
2,1,1,0.8455662
2,1,1,0.5830964
2,0,0,0.35108542
2,0,0,0.27565694
2,1,1,0.5253426
2,1,1,0.71090996
2,1,1,0.58643436
2,1,1,0.60065454
2,1,0,0.2874998
2,0,0,0.21436961
2,0,1,0.56504655
2,0,0,0.3015681
2,0,0,0.07948684
2,0,0,0.2835844
2,0,0,0.2600548
2,1,1,0.85929626
2,1,1,0.76063305
2,1,1,0.5048918
2,0,0,0.19139904
2,0,1,0.6680761
2,1,0,0.421908
2,1,1,0.5745843
2,1,0,0.30611098
2,0,0,0.26975724
2,1,1,0.62555075
2,0,0,0.39795604
2,1,1,0.50522226
2,1,1,0.8683259
2,0,0,0.11012584
2,0,0,0.18935125
2,1,1,0.772746
2,0,0,0.16910163
2,0,0,0.30192158
2,0,0,0.38997048
2,0,1,0.7156481
2,1,1,0.8245709
2,0,0,0.49873036
2,0,1,0.62416303
2,0,0,0.21297279
2,0,0,0.16056171
2,1,1,0.9153663
2,0,0,0.4040498
2,0,0,0.30873227
2,1,1,0.86368805
2,1,1,0.70318824
2,1,1,0.76141405
2,0,0,0.41347852
2,0,1,0.854056
2,0,1,0.87137854
2,0,1,0.6929061
2,0,0,0.08811283
2,1,0,0.42899367
2,1,0,0.22763778
2,1,0,0.415284
2,0,0,0.38829577
2,1,1,0.8016549
2,0,0,0.33443865
2,0,0,0.29751623
2,0,1,0.5760997
2,1,1,0.8194457
2,0,1,0.7260181
2,1,1,0.7252713
2,0,0,0.34521443
2,1,1,0.87391376
2,0,0,0.31542847
2,1,1,0.77282375
2,1,1,0.5264451
2,1,1,0.58938146
2,1,1,0.5935375
2,1,1,0.84407353
2,0,1,0.52784705
2,1,1,0.6620446
2,1,1,0.75803435
2,0,1,0.6200413
2,0,0,0.37258053
2,0,1,0.6960701
2,0,0,0.45871854
2,0,1,0.67860156
2,1,1,0.62752664
2,1,1,0.6040972
2,0,0,0.45281497
2,1,0,0.2255047
2,0,0,0.19473967
2,1,1,0.5390027
2,0,1,0.8508148
2,0,0,0.41226077
2,0,0,0.32769457
2,1,1,0.65334994
2,0,0,0.16842395
2,1,0,0.19160184
2,1,1,0.5686629
2,1,0,0.24548632
2,0,0,0.18364462
2,1,0,0.19817403
2,0,0,0.18482995
2,1,1,0.6789532
2,0,0,0.1495927
2,0,1,0.5642782
2,1,1,0.5017979
2,0,0,0.4929071
2,1,1,0.8022377
2,0,1,0.63403624
2,1,1,0.7163811
2,1,0,0.42294025
2,1,1,0.82641435
2,1,0,0.32549834
2,1,1,0.8841776
2,0,1,0.68856025
2,0,1,0.5090391
2,0,0,0.3741
2,0,0,0.3015974
2,0,0,0.4595188
2,1,1,0.7703292
2,0,1,0.5935857
2,1,1,0.5605362
2,1,1,0.69214594
2,1,1,0.59387064
2,1,1,0.6246445
2,0,1,0.73137915
2,1,1,0.7932862
2,0,1,0.6078139
2,1,1,0.74153614
2,1,1,0.51197666
2,1,1,0.87520945
2,1,0,0.48772874
2,1,1,0.7119211
2,0,1,0.87179244
2,0,0,0.4885864
2,1,0,0.3335498
2,0,1,0.72243357
2,0,0,0.20712683
2,1,1,0.67089945
2,0,0,0.113960564
2,1,0,0.40387195
2,1,1,0.5011448
2,1,1,0.88997585
2,0,1,0.7917675
2,1,1,0.90632635
2,1,1,0.7224579
2,0,1,0.8456374
2,0,1,0.6765981
2,1,1,0.9313846
2,1,0,0.40506598
2,0,0,0.29155216
2,0,1,0.70585394
2,1,1,0.74855304
2,0,0,0.42792502
2,0,1,0.63197196
2,0,0,0.43052974
2,1,1,0.7780401
2,1,1,0.9142024
2,0,0,0.36934763
2,0,0,0.35359117
2,1,0,0.38307443
2,1,1,0.7472579
2,0,0,0.33880866
2,1,1,0.5921953
2,1,1,0.91131914
2,0,0,0.35843056
2,0,0,0.24686857
2,0,1,0.717972
2,0,1,0.67354846
2,0,0,0.26639888
2,1,1,0.5255329
2,0,0,0.19207817
2,1,1,0.6189986
2,1,0,0.32170412
2,0,0,0.073674396
2,0,1,0.93021476
2,0,1,0.53947115
2,1,1,0.6896845
2,1,0,0.4601593
2,0,0,0.3602153
2,0,1,0.69425434
2,0,0,0.43483403
2,1,1,0.640297
2,1,1,0.5518703
2,1,1,0.6538921
2,0,0,0.3381073
2,1,1,0.75850123
2,1,1,0.5439902
2,1,1,0.5442792
2,0,0,0.11481779
2,1,1,0.64080423
2,0,0,0.24416842
2,0,0,0.46514198
2,0,0,0.4906472
2,1,1,0.88291174
2,0,1,0.6899174
2,0,0,0.3355472
2,0,1,0.54819226
2,0,1,0.69317967
2,0,1,0.76664966
2,0,1,0.9299185
2,1,1,0.6630034
2,0,0,0.16974041
2,0,0,0.15749063
2,0,1,0.77076817
2,1,1,0.7680552
2,1,1,0.7043147
2,0,1,0.6993627
2,0,0,0.28803298
2,1,1,0.7762288
2,0,1,0.6136272
2,0,0,0.31401485
2,0,1,0.6131177
2,1,0,0.440559
2,1,0,0.34128535
2,0,1,0.71615684
2,1,1,0.8298697
2,0,1,0.8381868
2,1,1,0.9396821
2,1,1,0.74652016
2,0,0,0.47133827
2,1,1,0.5281646
2,0,1,0.7709132
2,0,0,0.33937255
2,0,1,0.5871443
2,0,0,0.34283605
2,1,1,0.7793659
2,1,1,0.76284164
2,1,1,0.5251909
2,1,1,0.5487304
2,1,0,0.49660233
2,0,1,0.53116137
2,0,0,0.1548912
2,1,1,0.5863736
2,0,0,0.33383173
2,0,1,0.8229161
2,0,0,0.26100084
2,0,0,0.09878858
2,1,0,0.37645924
2,1,1,0.91617256
2,0,0,0.4625287
2,0,1,0.63126594
2,1,0,0.2562306
2,1,1,0.5826174
2,1,1,0.5015888
2,0,1,0.5046784
2,1,1,0.91800463
2,0,0,0.19932006
2,0,0,0.26001814
2,0,0,0.44246665
2,1,0,0.20619996
2,0,0,0.11593637
2,0,0,0.07183781
2,1,0,0.19021785
2,1,1,0.82948416
2,1,0,0.21706979
2,0,0,0.13361408
2,0,0,0.19257353
2,0,0,0.09993568
2,0,1,0.5454686
2,0,1,0.8380101
2,1,1,0.91138655
2,1,1,0.68298465
2,1,0,0.3979455
2,1,1,0.9090015
2,0,1,0.60285944
2,0,1,0.75084865
2,0,1,0.9258191
2,1,1,0.76351583
2,1,0,0.22954223
2,1,0,0.49676666
2,1,1,0.92098826
2,1,1,0.50192124
2,0,0,0.29535988
2,0,0,0.26170495
2,0,0,0.33557028
2,0,1,0.59066033
2,1,1,0.61836654
2,0,0,0.18007712
2,0,1,0.6075675
2,1,1,0.51807046
2,1,0,0.32821196
2,1,1,0.88756657
2,1,1,0.5839406
2,0,1,0.7456651
2,0,1,0.5378734
2,0,1,0.8000813
2,1,1,0.7125507
2,0,0,0.49077466
2,1,1,0.8786508
2,0,1,0.57933307
2,0,0,0.10181637
2,1,1,0.8338581
2,0,1,0.5683557
2,0,1,0.7560315
2,0,0,0.4397777
2,0,0,0.3542701
2,1,1,0.82442623
2,1,0,0.39123422
2,1,0,0.36521247
2,0,1,0.8120327
2,1,1,0.5288401
2,1,1,0.7520714
2,1,1,0.6110075
2,0,1,0.6174747
2,0,1,0.82532495
2,1,1,0.6614887
2,0,1,0.77453035
2,0,0,0.23898058
2,0,1,0.7773126
2,0,0,0.18953243
2,1,0,0.3010274
2,0,0,0.09277782
2,1,1,0.732552
2,1,1,0.82827526
2,1,1,0.64470834
2,1,0,0.3100851
2,1,1,0.9061858
2,1,1,0.7578675
2,0,0,0.40372127
2,1,1,0.5155368
2,0,0,0.49514246
2,1,1,0.6697759
2,1,1,0.7008769
2,0,1,0.765496
2,0,1,0.5480288
2,0,0,0.34634846
2,0,1,0.57191163
2,1,1,0.8267952
2,1,0,0.45234796
2,1,1,0.6540674
2,0,0,0.49618986
2,1,1,0.8464758
2,1,0,0.18619044
2,0,0,0.497039
2,1,1,0.51216197
2,0,0,0.38211933
2,1,0,0.25203183
2,1,1,0.755617
2,1,1,0.8630376
2,0,0,0.15857185
2,1,1,0.87401116
2,0,0,0.4471087
2,1,1,0.8839981
2,0,0,0.19212496
2,0,1,0.78752553
2,0,0,0.30918646
2,1,1,0.6290909
2,1,1,0.8015918
2,1,0,0.34203318
2,1,1,0.5913558
2,0,1,0.7527358
2,0,0,0.459549
2,0,0,0.25461924
2,1,1,0.5315278
2,0,0,0.46287924
2,0,0,0.44119847
2,0,1,0.7771228
2,0,0,0.4989896
2,1,1,0.507685
2,1,1,0.8827472
2,1,1,0.62369484
2,1,0,0.40867245
2,1,0,0.4913628
2,0,0,0.24450374
2,0,1,0.78402543
2,1,1,0.658876
2,0,1,0.7207462
2,1,1,0.87308496
2,1,1,0.7149679
2,1,1,0.9012342
2,1,1,0.87493944
2,1,1,0.7862679
2,1,1,0.7514304
2,1,1,0.8886983
2,0,0,0.28323317
2,1,1,0.8316251
2,1,1,0.70860726
2,0,1,0.5227877
2,0,1,0.7360524
2,0,0,0.49104172
2,1,1,0.83083147
2,1,1,0.6489335
2,1,1,0.8441423
2,1,1,0.6987537
2,0,1,0.7215133
2,1,1,0.7005199
2,0,0,0.15282744
2,0,0,0.2063235
2,0,0,0.2531927
2,1,0,0.28039765
2,0,0,0.2327463
2,0,0,0.48848283
2,0,0,0.14119108
2,0,0,0.4360526
2,0,0,0.17251652
2,1,1,0.8064055
2,0,0,0.25618014
2,1,0,0.19291693
2,0,1,0.5599783
2,0,0,0.27163172
2,0,0,0.06900595
2,1,0,0.3397341
2,1,1,0.7730896
2,1,1,0.74429184
2,1,0,0.39219192
2,1,0,0.23778538
2,0,1,0.5515653
2,1,1,0.6206737
2,1,1,0.63476205
2,1,1,0.75891805
2,0,0,0.40672684
2,1,1,0.51819086
2,0,1,0.6575595
2,1,1,0.8110218
2,1,0,0.4874129
2,0,0,0.3024381
2,0,1,0.5843008
2,0,0,0.17464072
2,1,0,0.18355525
2,1,0,0.3413457
2,1,0,0.25781888
2,0,1,0.69236875
2,0,1,0.6383277
2,0,0,0.15888141
2,0,1,0.7020833
2,0,1,0.81348664
2,1,1,0.9247338
2,1,1,0.7814
2,0,1,0.59974957
2,1,1,0.5613316
2,1,1,0.7826393
2,0,0,0.45799
2,0,1,0.5584394
2,1,1,0.6128329
2,1,1,0.7704632
2,0,0,0.2565037
2,1,1,0.5553112
2,0,0,0.36990684
2,1,1,0.9244509
2,1,1,0.73234284
2,0,0,0.15023734
2,0,0,0.325463
2,0,1,0.8212012
2,0,1,0.7893112
2,0,1,0.7591565
2,1,0,0.32496977
2,1,1,0.55031145
2,0,1,0.79981047
2,0,0,0.19070973
2,0,0,0.1705649
2,1,1,0.85427314
2,1,1,0.9002503
2,1,1,0.77449816
2,1,1,0.6298341
2,1,1,0.73041767
2,1,0,0.3908327
2,1,1,0.655839
2,0,1,0.6770424
2,0,0,0.42696062
2,0,0,0.2267834
2,0,0,0.23667374
2,0,0,0.14857736
2,1,0,0.4423977
2,1,1,0.8505583
2,0,0,0.27682453
2,1,1,0.7443995
2,1,1,0.7031738
2,1,1,0.83966494
2,1,1,0.89364356
2,1,1,0.85644454
2,1,1,0.55317086
2,1,0,0.341197
2,0,1,0.6836329
2,0,0,0.31265095
2,0,0,0.38718572
2,1,0,0.4227086
2,1,0,0.46988484
2,0,0,0.3797968
2,0,0,0.3514548
2,0,1,0.8432027
2,0,1,0.6999322
2,0,0,0.1915784
2,0,0,0.44093263
2,0,0,0.2684399
2,1,0,0.37808526
2,0,1,0.70119804
2,0,0,0.17353114
2,0,0,0.46065277
2,1,0,0.20583345
2,1,1,0.7070551
2,0,0,0.47516632
2,1,1,0.7899556
2,0,0,0.2942791
2,1,1,0.5011528
2,0,1,0.69245106
2,1,0,0.34364855
2,1,1,0.8041153
2,0,0,0.20145996
2,0,1,0.61995935
2,1,1,0.8238383
2,1,1,0.5388216
2,1,1,0.8089757
2,0,0,0.44015664
2,1,0,0.4989529
2,1,0,0.3425856
2,0,0,0.43186247
2,0,0,0.22784904
2,0,0,0.48304018
2,0,1,0.6662179
2,1,1,0.61397153
2,1,0,0.36692995
2,1,1,0.521329
2,0,0,0.14655705
2,1,1,0.81012183
2,1,1,0.95278025
2,0,0,0.39985085
2,0,1,0.5748767
2,0,0,0.40139383
2,0,1,0.5072577
2,1,1,0.94042355
2,0,0,0.40211576
2,1,1,0.82926404
2,0,1,0.8391705
2,0,0,0.3237227
2,0,0,0.21228638
2,0,0,0.41670528
2,1,0,0.27272755
2,0,1,0.5057239
2,1,1,0.57411385
2,1,1,0.60120296
2,0,0,0.40986633
2,1,0,0.4058104
2,1,0,0.45532382
2,0,0,0.24011438
2,0,0,0.17682771
2,1,0,0.16959968
2,0,0,0.28323182
2,1,1,0.57246816
2,1,1,0.90836686
2,1,1,0.84849
2,1,1,0.64712083
2,0,1,0.5813156
2,0,1,0.7435765
2,1,1,0.8824159
2,1,1,0.7144925
2,1,0,0.3818559
2,0,0,0.38024724
2,1,1,0.9429156
2,0,1,0.5203783
2,0,1,0.8052599
2,0,1,0.5604911
2,1,0,0.46440837
2,1,0,0.44092655
2,1,0,0.39947784
2,1,1,0.5177324
2,0,1,0.93671125
2,0,1,0.5219601
2,1,1,0.8697837
2,1,0,0.4702533
2,0,0,0.44624186
2,0,1,0.7565436
2,0,0,0.3326245
2,1,1,0.5677893
2,0,0,0.14122358
2,0,1,0.56633687
2,1,1,0.7934163
2,0,1,0.7702086
2,0,1,0.7967509
2,0,0,0.3383007
2,0,0,0.10983625
2,1,1,0.7383264
2,1,1,0.8939759
2,1,1,0.72821146
2,0,0,0.46340698
2,1,1,0.7976725
2,1,1,0.67673784
2,0,1,0.75381386
2,1,0,0.24111246
2,1,1,0.70236754
2,0,1,0.8271187
2,1,1,0.6155534
2,0,0,0.47341225
2,0,1,0.8958572
2,1,1,0.6886804
2,0,1,0.54506445
2,0,0,0.3335592
2,1,0,0.4564975
2,0,0,0.08758221
2,1,1,0.6450115
2,0,1,0.6388357
2,1,1,0.64633477
2,1,1,0.5878208
2,1,1,0.9192583
2,1,1,0.64553845
2,0,1,0.8196362
2,0,1,0.5953153
2,0,1,0.7966346
2,1,1,0.8415971
2,0,0,0.10931392
2,1,1,0.65946335
2,0,0,0.17006679
2,0,0,0.23046908
2,1,0,0.34829065
2,1,1,0.90358293
2,0,0,0.21535711
2,0,1,0.65051746
2,0,0,0.2842865
2,0,1,0.62471414
2,1,1,0.9331088
2,0,1,0.7113362
2,0,1,0.63615817
2,1,1,0.6579389
2,1,1,0.5854421
2,0,1,0.7075839
2,0,1,0.500223
2,1,1,0.60286814
2,1,1,0.53712267
2,0,0,0.46653897
2,0,0,0.36458334
2,1,0,0.40846708
2,0,1,0.60908425
2,1,1,0.8384328
2,1,1,0.6832557
2,0,0,0.37229478
2,0,1,0.6539429
2,0,0,0.48087618
2,1,1,0.6264175
2,0,1,0.6079783
2,0,0,0.3870351
2,0,0,0.16537713
2,0,0,0.48835713
2,1,1,0.80155283
2,1,0,0.26994208
2,0,0,0.2562772
2,1,1,0.5511699
2,1,1,0.6231877
2,0,1,0.7297432
2,1,1,0.63147384
2,1,1,0.52965224
2,0,1,0.73754096
2,1,1,0.681808
2,1,1,0.5660811
2,0,0,0.11008255
2,0,0,0.18401171
2,1,1,0.83074623
2,0,1,0.894179
2,0,1,0.89676183
2,0,1,0.57284766
2,1,1,0.90653586
2,1,1,0.7885153
2,0,1,0.76012367
2,0,0,0.42937237
2,1,0,0.4472746
2,1,1,0.631114
2,0,1,0.5892752
2,1,1,0.8525942
2,1,1,0.5336182
2,0,1,0.8351173
2,1,1,0.6081495
2,0,0,0.46715644
2,1,1,0.5676514
2,1,1,0.7350639
2,0,1,0.54108816
2,1,1,0.5037459
2,1,1,0.8606405
2,1,1,0.8003731
2,1,1,0.7455284
2,1,1,0.7472862
2,1,1,0.78416866
2,0,0,0.3382759
2,0,0,0.26701543
2,0,0,0.12368719
2,1,1,0.9354784
2,0,1,0.5839991
2,1,1,0.63841033
2,0,0,0.30100307
2,0,1,0.5601127
2,1,1,0.600263
2,0,0,0.38453147
2,0,0,0.39934537
2,1,1,0.9084924
2,0,0,0.43090189
2,0,0,0.1808909
2,1,1,0.8376385
2,0,0,0.3453168
2,1,1,0.65959483
2,0,1,0.64997977
2,0,1,0.8886787
2,0,1,0.6344631
2,1,1,0.8357822
2,1,1,0.52751017
2,1,1,0.82598764
2,1,1,0.85941815
2,1,1,0.5253297
2,1,1,0.63503575
2,1,1,0.8123113
2,1,1,0.85994905
2,0,1,0.61421496
2,0,0,0.18612659
2,0,0,0.108279444
2,0,0,0.31631422
2,1,1,0.82099456
2,0,0,0.34012
2,1,1,0.8380076
2,0,1,0.59161353
2,0,1,0.66407686
2,0,0,0.4706083
2,0,1,0.7192486
2,0,0,0.10670736
2,0,1,0.5312446
2,1,1,0.52368546
2,1,1,0.9149359
2,1,1,0.9409386
2,1,1,0.52013177
2,0,1,0.77781695
2,1,1,0.5825023
2,1,1,0.5911871
2,0,0,0.4337117
2,0,1,0.5094246
2,0,1,0.7726678
2,0,1,0.66706246
2,0,1,0.73830837
2,0,1,0.5079769
2,1,1,0.9193774
2,1,1,0.88490695
2,0,1,0.5921245
2,1,1,0.88463974
2,1,1,0.6963591
2,0,0,0.48803708
2,0,1,0.6537114
2,0,0,0.16508207
2,1,1,0.881229
2,0,0,0.35572392
2,0,1,0.8262724
2,0,0,0.2697382
2,0,0,0.21412529
2,1,1,0.6604895
2,1,1,0.76117915
2,1,1,0.8680416
2,0,1,0.7110101
2,0,1,0.5154062
2,1,1,0.627414
2,1,1,0.5017714
2,1,1,0.8615547
2,1,0,0.3997927
2,1,1,0.8815053
2,0,0,0.32565948
2,0,1,0.6884887
2,1,1,0.793943
2,0,1,0.6261703
2,1,1,0.7380784
2,1,1,0.60694396
2,1,1,0.71368814
2,0,0,0.33544517
2,1,1,0.7518819
2,0,0,0.4496779
2,1,1,0.79645574
2,0,0,0.1586345
2,0,0,0.13633928
2,0,0,0.1897936
2,1,1,0.7423741
2,1,1,0.95754135
2,0,1,0.8523645
2,1,1,0.79986066
2,1,1,0.87291497
2,0,0,0.3815295
2,0,0,0.38857174
2,0,1,0.74691117
2,1,1,0.7929046
2,1,1,0.51316684
2,1,1,0.51591814
2,1,0,0.49912602
2,1,1,0.6601147
2,0,1,0.59058404
2,0,0,0.38987443
2,1,1,0.6129939
2,0,1,0.7952052
2,0,0,0.28862277
2,0,1,0.6257652
2,1,1,0.7566693
2,0,1,0.66322404
2,0,1,0.7347612
2,0,1,0.712591
2,0,1,0.55374414
2,1,1,0.80196
2,1,1,0.88154215
2,0,1,0.5812233
2,0,0,0.23233531
2,1,1,0.73046154
2,0,1,0.66683877
2,0,0,0.35963818
2,1,1,0.50243795
2,0,0,0.34130016
2,1,1,0.7710228
2,1,1,0.7846064
2,1,1,0.55147165
2,0,1,0.5998884
2,0,1,0.67848134
2,1,0,0.48796928
2,0,1,0.6267886
2,0,1,0.75136656
2,1,1,0.56184196
2,0,1,0.94347745
2,1,1,0.7222005
2,0,0,0.4495472
2,1,1,0.7286616
2,0,0,0.42086107
2,1,1,0.85478073
2,1,1,0.5221339
2,0,1,0.7131689
2,0,1,0.50701123
2,1,1,0.9267475
2,1,1,0.8308054
2,0,0,0.49798712
2,1,1,0.74080384
2,0,1,0.7443041
2,1,1,0.735083
2,1,1,0.782576
2,1,1,0.9436208
2,0,1,0.57878596
2,1,1,0.8720935
2,0,1,0.56555504
2,0,0,0.32515967
2,1,1,0.56760716
2,1,1,0.6972412
2,1,1,0.8318601
2,0,0,0.27850142
2,0,0,0.12234215
2,1,1,0.6295355
2,0,0,0.4431009
2,0,1,0.5393807
2,1,1,0.55059695
2,1,1,0.7948146
2,1,1,0.83975255
2,1,1,0.7058459
2,0,1,0.8250146
2,0,0,0.45012012
2,1,1,0.7697222
2,1,0,0.48196995
2,1,1,0.789001
2,0,1,0.8027887
2,0,1,0.7586081
2,0,1,0.73526436
2,1,1,0.88676226
2,0,0,0.45812994
2,1,1,0.8467628
2,0,0,0.49628672
2,0,1,0.6407571
2,0,1,0.51669097
2,1,0,0.3353126
2,1,0,0.46160528
2,0,1,0.80129904
2,0,0,0.41992036
2,1,1,0.9692963
2,0,0,0.36894372
2,0,0,0.40142038
2,0,0,0.34049973
2,1,1,0.5375764
2,0,1,0.6347182
2,1,1,0.63758534
2,0,0,0.4217228
2,1,0,0.46529594
2,0,0,0.46311507
2,0,1,0.86405873
2,1,1,0.8961448
2,0,1,0.75169915
2,1,1,0.8491733
2,0,1,0.511982
2,1,1,0.8844907
2,0,1,0.5414458
2,0,0,0.27078572
2,1,0,0.46991283
2,0,0,0.26091877
2,0,1,0.64088356
2,1,1,0.540408
2,0,0,0.16279931
2,1,1,0.6672502
2,1,0,0.48379523
2,0,0,0.37591702
2,1,1,0.7326003
2,0,0,0.37040287
2,0,0,0.21713084
2,0,1,0.8767336
2,1,1,0.5331673
2,0,0,0.19805108
2,1,1,0.90132034
2,1,1,0.5652521
2,1,1,0.73785675
2,0,0,0.19649215
2,1,1,0.8587723
2,1,0,0.4324619
2,1,0,0.3988917
2,0,0,0.20471363
2,1,1,0.69502616
2,0,0,0.31971455
2,0,0,0.34599292
2,0,1,0.6413111
2,0,1,0.6690826
2,0,1,0.7116914
2,0,1,0.6421673
2,1,1,0.64622325
2,1,0,0.1951232
2,1,0,0.4723996
2,1,1,0.87152034
2,1,0,0.35366416
2,0,0,0.20818272
2,1,0,0.34892187
2,0,0,0.17596397
2,0,1,0.7412781
2,1,1,0.8887589
2,1,1,0.72245425
2,1,1,0.72644037
2,1,1,0.8436447
2,1,1,0.8201028
2,1,1,0.58249974
2,0,0,0.18868026
2,1,1,0.8065759
2,0,0,0.3953274
2,0,0,0.33650503
2,1,1,0.7625446
2,0,0,0.14477171
2,0,1,0.7312239
2,1,1,0.54515296
2,1,1,0.69681764
2,0,0,0.12512907
2,0,1,0.6905118
2,1,1,0.7623306
2,0,0,0.25071597
2,0,1,0.59752774
2,0,0,0.4306883
2,1,1,0.7443395
2,0,1,0.80346334
2,1,1,0.71731216
2,0,1,0.8436262
2,1,1,0.78096294
2,1,0,0.4688102
2,1,1,0.7870478
2,1,1,0.7683211
2,0,1,0.69289196
2,1,1,0.83933425
2,0,1,0.6123018
2,0,0,0.13849159
2,0,0,0.28935465
2,0,0,0.3997838
2,0,0,0.10824533
2,1,1,0.88155854
2,1,1,0.88672984
2,1,1,0.8818873
2,1,1,0.6249354
2,0,1,0.5599318
2,0,0,0.37412563
2,0,1,0.6065648
2,1,1,0.8326264
2,0,0,0.34057334
2,0,0,0.24915381
2,0,0,0.49020433
2,0,0,0.48739567
2,1,1,0.9107919
2,1,1,0.8692187
2,0,0,0.47554165
2,0,1,0.8320006
2,0,0,0.3717454
2,1,1,0.8418101
2,1,1,0.8534613
2,1,1,0.89569825
2,1,1,0.592713
2,0,1,0.7473355
2,1,1,0.5038407
2,1,1,0.7990432
2,0,1,0.75974816
2,0,1,0.642202
2,0,1,0.7581106
2,0,1,0.9009006
2,0,1,0.65916735
2,1,1,0.8788935
2,1,1,0.8684963
2,1,1,0.8349447
2,1,1,0.52069175
2,1,1,0.51716626
2,1,1,0.76400596
2,0,1,0.69357866
2,0,1,0.66956
2,1,1,0.874837
2,1,1,0.8262654
2,0,0,0.29531634
2,0,0,0.24530675
2,0,1,0.70825887
2,1,1,0.61701214
2,0,0,0.48904112
2,0,0,0.13756907
2,1,1,0.62420744
2,0,0,0.2878382
2,0,1,0.65211606
2,0,0,0.18991143
2,1,0,0.19404955
2,0,0,0.21074033
2,1,1,0.56214756
2,1,1,0.83791363
2,1,1,0.8601742
2,1,1,0.69249904
2,1,1,0.9043889
2,1,1,0.5363599
2,0,0,0.3389624
2,0,1,0.608739
2,0,0,0.30671436
2,0,1,0.8412777
2,0,0,0.3041741
2,1,1,0.79856104
2,0,0,0.3717518
2,1,1,0.81289095
2,0,1,0.83690006
2,0,1,0.6082811
2,0,0,0.299722
2,0,1,0.7935906
2,1,1,0.8898803
2,0,1,0.6049285
2,1,1,0.66629946
2,1,0,0.42589107
2,0,1,0.64230174
2,0,0,0.42444167
2,1,1,0.722484
2,0,1,0.6617662
2,0,1,0.7450117
2,1,1,0.56455237
2,0,1,0.55512154
2,0,1,0.74391836
2,1,1,0.8728194
2,1,0,0.35476422
2,1,0,0.40524957
2,0,0,0.2991474
2,0,0,0.27455932
2,0,1,0.65324265
2,0,1,0.85262734
2,0,1,0.8394258
2,1,1,0.91818553
2,0,1,0.84659225
2,1,1,0.92410547
2,1,1,0.8984127
2,0,1,0.8192156
2,1,1,0.9159364
2,1,1,0.9505521
2,0,0,0.292268
2,1,1,0.60615265
2,1,1,0.7621458
2,0,1,0.7184997
2,1,1,0.79153454
2,0,0,0.26253706
2,0,1,0.7583022
2,1,1,0.7305654
2,1,1,0.5881719
2,0,0,0.40361565
2,0,1,0.5568329
2,0,1,0.8989772
2,1,1,0.93126583
2,1,1,0.71396065
2,0,1,0.6012151
2,1,1,0.8476698
2,1,1,0.8772862
2,1,1,0.8977151
2,0,1,0.5089519
2,1,1,0.7629171
2,0,0,0.17223951
2,0,1,0.54492617
2,0,0,0.43302992
2,0,0,0.30144054
2,0,0,0.3548036
2,1,1,0.80564225
2,0,0,0.16291717
2,0,0,0.22789352
2,1,1,0.6241289
2,1,1,0.7562742
2,1,1,0.74026895
2,1,1,0.70146006
2,1,1,0.6263859
2,0,0,0.23784292
2,0,0,0.4301541
2,1,1,0.71924955
2,1,1,0.51478916
2,0,0,0.31261024
2,1,1,0.7145849
2,1,0,0.43910855
2,1,1,0.56972194
2,0,0,0.40761667
2,0,1,0.5378057
2,1,1,0.69893855
2,1,0,0.22997922
2,0,0,0.11319165
2,0,0,0.24831572
2,1,0,0.31686878
2,0,0,0.35897732
2,1,0,0.29388282
2,0,0,0.31054714
2,0,1,0.72029096
2,0,1,0.51815325
2,0,0,0.24280144
2,0,0,0.33991
2,1,1,0.93382967
2,1,1,0.89817137
2,0,1,0.51666975
2,0,1,0.78657645
2,1,1,0.8863496
2,0,0,0.22744013
2,1,1,0.60214305
2,0,0,0.30908856
2,1,1,0.7565039
2,1,1,0.90529144
2,0,0,0.47030222
2,1,1,0.90412253
2,1,1,0.55287105
2,1,0,0.36508244
2,1,1,0.8219131
2,0,1,0.53878444
2,1,1,0.5179759
2,0,1,0.71364707
2,1,1,0.5897985
2,1,1,0.8432334
2,0,0,0.3701595
2,1,0,0.3822181
2,1,1,0.5987442
2,0,0,0.3938028
2,0,1,0.7541919
2,1,1,0.52415067
2,0,0,0.15222417
2,0,0,0.121540554
2,0,0,0.2315438
2,1,1,0.82029635
2,1,0,0.47374195
2,1,1,0.6067983
2,1,0,0.38612092
2,1,1,0.60414183
2,0,0,0.08090057
2,0,1,0.74670786
2,1,0,0.23704492
2,1,0,0.40357527
2,0,0,0.49290264
2,1,1,0.52886504
2,1,1,0.79179925
2,0,1,0.68317086
2,1,0,0.28524953
2,1,1,0.65278333
2,0,0,0.32280317
2,0,1,0.51401573
2,0,0,0.47218758
2,0,1,0.7934556
2,0,0,0.2242587
2,0,1,0.6165158
2,0,0,0.19878504
2,1,1,0.805346
2,0,0,0.48479283
2,0,0,0.29997674
2,0,1,0.68633956
2,1,1,0.7057373
2,1,1,0.6181601
2,1,1,0.7589289
2,0,1,0.6910094
2,1,1,0.67155945
2,1,1,0.84844106
2,0,0,0.21068121
2,1,0,0.21097918
2,0,0,0.16669749
2,1,1,0.8355785
2,1,1,0.792478
2,1,1,0.67943877
2,0,0,0.49627542
2,1,1,0.6716598
2,0,0,0.3123152
2,0,1,0.8273552
2,0,0,0.22587256
2,0,0,0.19599336
2,1,1,0.73100847
2,1,1,0.8780714
2,0,0,0.48260364
2,0,0,0.3747831
2,1,0,0.49290267
2,1,0,0.30498734
2,0,0,0.31618366
2,1,1,0.92485887
2,0,0,0.48043588
2,1,1,0.7822323
2,0,0,0.49193373
2,1,1,0.8212282
2,1,0,0.46308476
2,0,1,0.8279306
2,1,1,0.69027406
2,0,0,0.29215848
2,1,1,0.6881018
2,0,1,0.6458178
2,1,1,0.65692383
2,0,1,0.7926102
2,1,1,0.71599835
2,1,1,0.69551414
2,1,1,0.7868796
2,1,0,0.41340765
2,1,0,0.34980756
2,0,1,0.5933673
2,0,0,0.24464029
2,0,1,0.56013983
2,0,1,0.8384286
2,0,0,0.4499506
2,0,0,0.3366822
2,0,1,0.61562246
2,1,1,0.6744599
2,1,1,0.69838417
2,1,0,0.49891847
2,1,1,0.7100753
2,0,0,0.4495148
2,1,1,0.86444795
2,1,0,0.22386067
2,0,0,0.45086828
2,0,0,0.17709005
2,0,1,0.82199115
2,0,1,0.65269285
2,0,1,0.51208246
2,1,1,0.6975363
2,1,1,0.80501574
2,1,1,0.5723894
2,1,1,0.9361243
2,1,1,0.6727427
2,1,1,0.700152
2,0,0,0.26438016
2,0,0,0.22829278
2,1,1,0.77985847
2,0,0,0.37720752
2,0,0,0.13900566
2,1,0,0.2918037
2,1,0,0.15146214
2,1,0,0.17188235
2,0,0,0.2519073
2,0,1,0.6895181
2,1,1,0.5879938
2,0,0,0.31461594
2,0,0,0.15414402
2,1,0,0.26624036
2,0,0,0.21492231
2,0,0,0.19367638
2,1,1,0.93081063
2,0,0,0.360688
2,0,1,0.849773
2,0,0,0.4131759
2,1,1,0.5562077
2,1,0,0.47505832
2,0,0,0.3116802
2,1,1,0.65650386
2,1,0,0.41118118
2,1,0,0.4715313
2,0,0,0.34368172
2,0,0,0.08903821
2,1,1,0.8356159
2,1,1,0.7328943
2,0,0,0.34763047
2,0,0,0.2773289
2,0,0,0.1474092
2,1,0,0.49402273
2,0,0,0.30272803
2,0,0,0.2010556
2,1,0,0.239755
2,1,0,0.29038477
2,0,0,0.27980137
2,0,0,0.42106158
2,1,0,0.2953487
2,0,0,0.24721445
2,0,1,0.6192534
2,1,1,0.79049426
2,0,1,0.54408777
2,1,1,0.63505864
2,0,0,0.4537068
2,1,1,0.52069414
2,0,0,0.48371685
2,1,1,0.93284845
2,1,1,0.5936855
2,1,1,0.8004493
2,1,1,0.90263593
2,1,1,0.50103366
2,0,0,0.45345885
2,0,0,0.10437241
2,0,0,0.38862923
2,0,1,0.7677183
2,1,1,0.73750895
2,1,1,0.8463262
2,0,0,0.3994942
2,0,1,0.5539602
2,0,0,0.1454372
2,0,0,0.45780692
2,1,1,0.74977654
2,0,0,0.099376075
2,0,0,0.31004724
2,0,0,0.40677142
2,1,1,0.77527565
2,0,0,0.1620836
2,1,1,0.62855303
2,1,1,0.9326237
2,1,1,0.6319292
2,0,0,0.41033265
2,1,1,0.9080987
2,0,0,0.19203962
2,1,1,0.91515326
2,1,1,0.927511
2,0,0,0.43186104
2,0,0,0.4885675
2,1,1,0.85077566
2,1,1,0.8102452
2,1,1,0.7280308
2,0,0,0.45345885
2,0,0,0.10437241
2,1,1,0.85371405
2,0,0,0.18631011
2,0,0,0.13371423
2,0,0,0.48672232
2,0,0,0.23084082
2,1,1,0.9138437
2,1,1,0.896767
2,0,0,0.38537392
2,0,0,0.2671987
2,1,0,0.4236993
2,0,0,0.1412447
2,0,0,0.08051627
2,1,1,0.68128693
2,0,0,0.3619871
2,0,0,0.39552957
2,0,1,0.7627705
2,1,1,0.568222
2,1,1,0.77527565
2,0,0,0.1620836
2,0,1,0.62855303
2,1,1,0.6319292
2,1,1,0.906907
2,1,1,0.8076556
2,1,1,0.7502549
2,1,1,0.81273925
2,0,1,0.8483947
2,1,1,0.8732547
2,0,0,0.44051906
2,1,1,0.81499726
2,0,1,0.5329617
2,0,1,0.6909703
2,0,1,0.5069838
2,0,1,0.7054154
2,0,0,0.32422677
2,1,1,0.83282274
2,1,0,0.48967758
2,1,1,0.858061
2,1,1,0.9549128
2,0,1,0.6204741
2,0,1,0.88612944
2,0,0,0.32116663
2,1,1,0.8690013
2,0,0,0.38066912
2,0,1,0.71221465
2,1,1,0.85303515
2,1,1,0.6891997
2,1,1,0.6200325
2,0,1,0.6320463
2,1,0,0.44430733
2,1,0,0.45120648
2,0,0,0.38484216
2,1,1,0.58695596
2,0,0,0.3936256
2,0,0,0.21392782
2,0,0,0.36796293
2,1,1,0.6380952
2,0,0,0.19625817
2,0,0,0.45373896
2,1,1,0.6607175
2,0,0,0.31080982
2,0,0,0.27599514
2,1,1,0.78065366
2,0,0,0.35638818
2,1,1,0.6101857
2,1,0,0.4016786
2,0,0,0.36508486
2,0,0,0.29585028
2,0,0,0.11061335
2,0,1,0.6997402
2,0,0,0.17267807
2,0,0,0.43910342
2,1,0,0.28427017
2,1,1,0.60387313
2,1,1,0.8311205
2,0,1,0.53291816
2,0,0,0.45143768
2,0,0,0.475978
2,0,0,0.42296457
2,0,0,0.29648617
2,1,0,0.3638949
2,0,0,0.29051054
2,0,0,0.25014052
2,0,0,0.33974022
2,1,0,0.460202
2,1,1,0.64081794
2,0,0,0.16543455
2,1,0,0.35921532
2,0,1,0.6180464
2,0,0,0.09705357
2,0,0,0.25880244
2,0,0,0.088999376
2,1,1,0.7051635
2,1,1,0.837491
2,1,1,0.8766487
2,0,0,0.10938613
2,0,1,0.5973854
2,1,1,0.7981936
2,0,1,0.62754935
2,1,0,0.39871424
2,1,1,0.74979734
2,0,0,0.3175232
2,1,1,0.7072615
2,0,0,0.268879
2,0,1,0.68144256
2,1,1,0.8723506
2,0,0,0.38880178
2,1,0,0.4488673
2,0,0,0.31882736
2,0,0,0.3288032
2,1,0,0.42595503
2,1,1,0.60820484
2,1,1,0.5326599
2,0,1,0.67158526
2,0,0,0.40341824
2,0,0,0.21403956
2,0,0,0.21787629
2,0,0,0.19152485
2,1,0,0.33757743
2,0,0,0.24576817
2,1,0,0.23946893
2,0,0,0.2999279
2,1,1,0.57845664
2,0,1,0.6075756
2,0,0,0.2311437
2,1,1,0.5697642
2,0,0,0.47977504
2,1,1,0.53247726
2,0,0,0.18397853
2,0,1,0.62981963
2,0,1,0.52171975
2,0,1,0.6386638
2,0,0,0.37477747
2,1,0,0.42376685
2,1,0,0.36980793
2,0,1,0.5074239
2,0,0,0.2812866
2,0,0,0.27547026
2,1,1,0.7439104
2,1,0,0.3641438
2,1,0,0.42892408
2,0,1,0.61524963
2,1,0,0.3317326
2,1,0,0.12759799
2,0,0,0.32128015
2,0,0,0.2999054
2,0,0,0.2414766
2,0,0,0.3404809
2,1,1,0.591735
2,1,0,0.26316038
2,0,0,0.29108024
2,0,1,0.6125455
2,0,1,0.5982821
2,0,0,0.33406243
2,0,1,0.5574595
2,0,1,0.56504244
2,0,0,0.056313556
2,1,1,0.8977176
2,0,0,0.22537857
2,1,1,0.86224955
2,1,1,0.5511279
2,0,1,0.71239907
2,1,0,0.3559557
2,0,0,0.120756306
2,0,0,0.38260862
2,1,1,0.653095
2,1,1,0.6620273
2,0,0,0.35323542
2,0,1,0.6302185
2,1,0,0.44392407
2,0,0,0.2649375
2,1,0,0.17116852
2,0,0,0.0738048
2,1,0,0.43509597
2,0,1,0.6303965
2,0,0,0.09156415
2,1,0,0.46143526
2,1,1,0.8202594
2,0,0,0.14664584
2,1,1,0.598368
2,1,1,0.70080745
2,1,1,0.7327832
2,0,0,0.4724954
2,0,0,0.37330154
2,1,1,0.9192597
2,0,0,0.4424885
2,1,0,0.34154537
2,1,1,0.79890454
2,0,1,0.5392573
2,1,1,0.5275017
2,1,1,0.5846844
2,0,0,0.07432498
2,0,0,0.2463507
2,1,1,0.53655636
2,0,0,0.118161954
2,1,0,0.45742452
2,0,0,0.367189
2,0,0,0.35201785
2,1,1,0.5435549
2,1,1,0.8068323
2,0,1,0.5238736
2,0,0,0.16501424
2,1,1,0.8365272
2,1,0,0.48464784
2,0,0,0.40143567
2,1,0,0.43989953
2,1,0,0.38180116
2,0,0,0.33076048
2,1,0,0.39924347
2,0,0,0.094716325
2,1,0,0.3751929
2,0,0,0.42501414
2,0,0,0.14640269
2,0,1,0.68339753
2,1,0,0.19914836
2,0,0,0.27668947
2,0,0,0.21090713
2,0,0,0.29286358
2,1,1,0.6127163
2,1,0,0.30773628
2,1,1,0.78600556
2,0,0,0.49223703
2,1,1,0.6844377
2,0,1,0.7919832
2,1,1,0.64651704
2,0,0,0.20982307
2,1,1,0.5993037
2,1,1,0.74761444
2,1,0,0.26742026
2,0,0,0.11042009
2,1,1,0.9200622
2,0,0,0.41599587
2,0,0,0.09080718
2,0,0,0.3834967
2,0,1,0.5884882
2,0,1,0.52054805
2,1,1,0.63459367
2,0,1,0.56654876
2,1,0,0.4691611
2,1,1,0.85388595
2,1,1,0.7487213
2,1,0,0.47431287
2,0,0,0.23381148
2,0,1,0.75167197
2,1,0,0.40839085
2,1,0,0.2657243
2,0,1,0.75601125
2,1,0,0.42895493
2,0,0,0.33639318
2,1,1,0.68641675
2,1,1,0.51342916
2,1,1,0.861756
2,0,0,0.3194525
2,0,0,0.31416398
2,1,1,0.57887626
2,0,1,0.6371039
2,0,0,0.37139353
2,0,1,0.5466469
2,1,1,0.82508016
2,0,0,0.41233665
2,1,1,0.6505183
2,1,1,0.5833288
2,0,0,0.42155954
2,0,0,0.1720376
2,0,0,0.3069867
2,0,0,0.28973213
2,0,0,0.37317348
2,0,0,0.21356373
2,1,1,0.51816773
2,1,1,0.5821875
2,1,1,0.564767
2,0,0,0.2996985
2,0,0,0.35037178
2,0,0,0.33612671
2,0,0,0.25160488
2,0,0,0.33543137
2,1,1,0.7329635
2,0,0,0.40640208
2,0,0,0.3457905
2,1,0,0.4758898
2,1,1,0.5998325
2,1,1,0.6573373
2,1,1,0.5272388
2,0,0,0.2490399
2,0,0,0.098783985
2,1,1,0.52545947
2,1,1,0.6647692
2,0,0,0.40889722
2,1,1,0.9318371
2,1,1,0.86400527
2,0,0,0.4551308
2,0,1,0.58460593
2,0,0,0.21467604
2,1,1,0.710209
2,1,1,0.69397396
2,0,0,0.26428813
2,0,0,0.13437416
2,1,1,0.64566314
2,0,0,0.4276568
2,1,1,0.8952782
2,1,1,0.57841784
2,1,1,0.53199625
2,0,0,0.33670717
2,1,1,0.8827472
2,1,1,0.62369484
2,1,0,0.40867245
2,1,0,0.4913628
2,0,0,0.24450374
2,0,1,0.78402543
2,1,1,0.658876
2,0,1,0.7207462
2,1,1,0.7037011
2,0,0,0.37539878
2,0,1,0.74090046
2,1,1,0.69373137
2,0,1,0.63771504
2,1,1,0.6881732
2,0,1,0.62400526
2,0,1,0.52295953
2,1,1,0.78388596
2,0,0,0.18703128
2,1,1,0.6701412
2,1,1,0.9029135
2,0,1,0.6195436
2,0,0,0.27357057
2,1,0,0.49135196
2,1,1,0.90635484
2,1,1,0.88672984
2,1,1,0.8818873
2,1,1,0.6249354
2,0,1,0.5599318
2,0,0,0.37412563
2,0,1,0.6065648
2,1,1,0.8326264
2,0,0,0.34057334
2,0,0,0.24915381
2,0,0,0.49020433
2,0,0,0.48739567
2,1,1,0.9107919
2,1,1,0.8692187
2,0,0,0.47554165
2,0,1,0.8320006
2,0,0,0.3717454
2,1,1,0.87391376
2,0,0,0.31542847
2,1,1,0.77282375
2,1,1,0.5264451
2,1,1,0.58938146
2,1,1,0.5935375
2,1,1,0.84407353
2,0,1,0.52784705
2,1,1,0.6620446
2,1,1,0.75803435
2,0,1,0.6200413
2,0,0,0.37258053
2,0,1,0.6960701
2,0,0,0.45871854
2,0,1,0.67860156
2,1,1,0.62752664
2,1,1,0.6040972
2,0,0,0.45281497
2,1,0,0.2255047
2,0,0,0.19473967
2,1,1,0.88933766
2,1,1,0.84761196
2,0,0,0.34540972
2,1,1,0.7636723
2,0,1,0.8255879
2,0,1,0.69434696
2,1,1,0.8590395
2,0,1,0.6300669
2,0,1,0.6397619
2,0,0,0.119440004
2,0,0,0.12298556
2,1,1,0.86116135
2,1,1,0.6840257
2,0,0,0.47552034
2,0,0,0.44128534
2,1,1,0.8665019
2,0,1,0.5806322
2,1,1,0.5634176
2,1,1,0.742318
2,1,1,0.7255344
2,1,1,0.68402547
2,1,1,0.76163536
2,0,1,0.5754113
2,1,1,0.55764776
2,0,0,0.4117333
2,1,1,0.87065285
2,0,0,0.452405
2,1,1,0.8276391
2,0,1,0.7597124
2,1,1,0.7731436
2,1,1,0.8583016
2,0,0,0.45908153
2,0,1,0.5159166
2,1,1,0.69180566
2,1,1,0.52247083
2,0,1,0.5081552
2,0,0,0.09845476
2,1,1,0.61953264
2,0,1,0.5424101
2,0,1,0.63728464
2,1,0,0.28632808
2,1,1,0.8095842
2,0,0,0.23147789
2,1,1,0.87725747
2,0,0,0.42328185
2,1,1,0.618814
2,1,1,0.5878878
2,0,1,0.55824775
2,0,0,0.37972507
2,0,0,0.08309999
2,0,1,0.706988
2,1,1,0.6545261
2,0,0,0.2317514
2,0,1,0.9639439
2,1,1,0.87145525
2,0,1,0.5370936
2,1,1,0.660517
2,1,1,0.91687995
2,0,0,0.22302721
2,0,0,0.45310825
2,0,0,0.33459386
2,1,0,0.36525592
2,0,1,0.87822807
2,1,1,0.7213977
2,0,0,0.36555052
2,0,1,0.76640433
2,1,1,0.8070169
2,0,0,0.48251978
2,0,0,0.40885985
2,1,1,0.8256884
2,0,1,0.8356782
2,1,1,0.89657104
2,0,1,0.52319026
2,0,1,0.5188289
2,1,1,0.8552171
2,1,1,0.6486824
2,1,1,0.87463045
2,0,0,0.47165814
2,0,1,0.710496
2,0,0,0.34984264
2,0,1,0.55096614
2,1,1,0.81483287
2,0,0,0.33586127
2,0,0,0.20831233
2,1,1,0.94962764
2,0,1,0.7418354
2,1,1,0.8143015
2,1,1,0.6324207
2,0,0,0.17832157
2,1,1,0.9072264
2,1,1,0.8612777
2,0,0,0.36607322
2,0,1,0.8695452
2,0,1,0.6873159
2,1,1,0.7252502
2,1,1,0.87357974
2,0,1,0.6871366
2,1,1,0.85892695
2,1,1,0.77452946
2,1,1,0.52982473
2,1,1,0.6052988
2,0,1,0.5056938
2,1,1,0.6169325
2,0,0,0.36297238
2,1,1,0.6802324
2,1,1,0.86130583
2,1,0,0.4371509
2,0,0,0.37433797
2,1,1,0.58763355
2,1,1,0.7337387
2,0,0,0.3889306
2,0,0,0.23113742
2,0,1,0.6960629
2,1,0,0.452426
2,0,0,0.3950647
2,1,1,0.57447577
2,1,0,0.48784754
2,1,0,0.43673253
2,0,0,0.07450789
2,0,1,0.9174674
2,0,0,0.37368628
2,0,0,0.18646099
2,0,0,0.35479462
2,0,0,0.2017795
2,0,1,0.80465823
2,1,1,0.8704601
2,1,1,0.5539228
2,0,0,0.12087181
2,1,1,0.66813153
2,0,0,0.49771675
2,0,0,0.1730565
2,0,1,0.58413935
2,1,1,0.5642284
2,1,1,0.5961269
2,1,1,0.7094961
2,1,1,0.8597773
2,1,0,0.26988745
2,0,0,0.44521335
2,0,1,0.62830824
2,1,1,0.672942
2,1,0,0.3687871
2,1,1,0.749397
2,1,1,0.6362061
2,0,1,0.50787306
2,1,1,0.57672334
2,1,0,0.3228265
2,1,1,0.60750335
2,0,1,0.5038394
2,0,1,0.89000785
2,1,0,0.16823786
2,0,1,0.73071307
2,0,1,0.5364753
2,1,0,0.35473427
2,0,1,0.7762737
2,0,0,0.34390953
2,0,0,0.2158966
2,1,1,0.9439537
2,1,1,0.8138169
2,1,0,0.40558806
2,0,0,0.4485185
2,1,1,0.6005014
2,1,1,0.76688457
2,0,0,0.18688402
2,0,1,0.80552125
2,1,0,0.47785038
2,1,0,0.23946065
2,1,1,0.8830739
2,1,0,0.4870833
2,0,0,0.18661188
2,1,1,0.74647045
2,1,0,0.41641036
2,0,1,0.8066888
2,0,0,0.23213802
2,0,1,0.7974006
2,0,1,0.6420973
2,0,0,0.45925882
2,0,1,0.7758653
2,0,1,0.67637813
2,1,1,0.84575754
2,1,1,0.7222186
2,1,1,0.8596425
2,0,1,0.65585977
2,0,1,0.661694
2,1,1,0.838534
2,1,0,0.45042628
2,1,0,0.35776773
2,0,0,0.054238252
2,0,1,0.8885889
2,0,1,0.8359204
2,1,1,0.7308693
2,1,1,0.80768955
2,0,0,0.35346797
2,1,1,0.8021766
2,1,1,0.8402242
2,0,0,0.43678162
2,1,1,0.81473225
2,1,1,0.6092635
2,1,0,0.27815786
2,1,0,0.4938239
2,1,1,0.66218174
2,0,1,0.5834396
2,1,0,0.43932477
2,1,1,0.55055565
2,1,1,0.9444832
2,0,0,0.45188257
2,1,1,0.8580806
2,1,1,0.5949614
2,0,0,0.42078283
2,0,0,0.20852502
2,1,1,0.86559427
2,0,1,0.5244435
2,1,1,0.67768526
2,1,1,0.72742456
2,1,1,0.55429685
2,0,1,0.5314445
2,1,1,0.67256993
2,0,1,0.5138497
2,1,1,0.7286234
2,1,1,0.7196981
2,1,1,0.51729363
2,1,1,0.8041831
2,0,0,0.12780021
2,0,0,0.32677087
2,0,0,0.18426506
2,0,0,0.10316442
2,0,0,0.3686267
2,0,0,0.17411833
2,0,0,0.18621983
2,0,1,0.5624283
2,0,0,0.17788903
2,1,1,0.69466615
2,0,1,0.57047737
2,1,1,0.63056105
2,1,1,0.7356332
2,0,0,0.17585713
2,1,1,0.6532264
2,0,0,0.18013614
2,1,0,0.3520226
2,1,1,0.85819876
2,0,1,0.6188648
2,1,1,0.8418312
2,0,0,0.39031783
2,0,0,0.42224857
2,1,1,0.5968095
2,0,1,0.62959313
2,0,1,0.63457334
2,0,1,0.50460184
2,0,1,0.65218544
2,1,1,0.72500175
2,1,0,0.3796954
2,0,0,0.18268135
2,1,0,0.34181824
2,0,0,0.0829756
2,1,1,0.5322266
2,1,1,0.6874641
2,0,0,0.31421703
2,1,1,0.6536762
2,1,0,0.42751846
2,0,0,0.37839088
2,0,1,0.72710174
2,1,1,0.7585793
2,0,0,0.47579974
2,1,1,0.65477145
2,1,1,0.9285161
2,0,1,0.54804707
2,1,1,0.5858143
2,1,1,0.88932955
2,0,1,0.6137426
2,1,1,0.9372276
2,0,0,0.42739782
2,1,1,0.8337181
2,0,0,0.47513178
2,1,1,0.6695652
2,1,1,0.8409578
2,0,1,0.63139075
2,0,1,0.5129111
2,0,1,0.567365
2,1,1,0.7285838
2,1,1,0.5201747
2,0,1,0.5840378
2,0,1,0.828583
2,1,1,0.74317414
2,0,1,0.50372666
2,0,1,0.6690494
2,1,1,0.7696638
2,0,0,0.39485765
2,1,1,0.8245217
2,0,0,0.36063346
2,1,1,0.6208087
2,1,1,0.8369284
2,0,0,0.17430401
2,1,1,0.697436
2,0,0,0.3777055
2,1,0,0.3109544
2,1,0,0.3974113
2,0,1,0.5725159
2,0,1,0.5807691
2,1,1,0.80701494
2,1,1,0.63889056
2,1,1,0.6686508
2,1,0,0.4450054
2,1,0,0.13908811
2,0,0,0.115568236
2,0,0,0.31725183
2,0,0,0.15081616
2,0,0,0.20857146
2,1,1,0.665675
2,1,1,0.7871752
2,0,0,0.3188752
2,1,0,0.37580445
2,0,1,0.7129873
2,1,0,0.46635577
2,0,0,0.29221198
2,1,1,0.62320846
2,0,1,0.6158096
2,0,0,0.099119626
2,0,0,0.14665397
2,1,1,0.6285287
2,1,1,0.56966203
2,1,1,0.7805206
2,0,1,0.7290978
2,0,1,0.69586706
2,0,1,0.6135456
2,0,0,0.24456464
2,1,1,0.9393999
2,1,1,0.552186
2,0,0,0.32727855
2,1,1,0.939335
2,0,0,0.29061636
2,1,1,0.92733073
2,0,1,0.543887
2,1,1,0.6976773
2,1,1,0.95611936
2,0,1,0.8123236
2,1,1,0.55745506
2,0,1,0.6358443
2,0,0,0.34754652
2,1,1,0.85787696
2,1,1,0.8512087
2,0,1,0.65015435
2,1,1,0.6405295
2,1,0,0.4905829
2,0,0,0.23679172
2,1,1,0.87021005
2,0,0,0.12930652
2,0,0,0.33321717
2,1,1,0.90382403
2,1,1,0.8577151
2,0,1,0.5682145
2,1,1,0.8282818
2,1,1,0.87841165
2,0,1,0.65806276
2,1,0,0.494458
2,0,1,0.79304516
2,1,0,0.28230393
2,0,0,0.31620616
2,0,0,0.33358777
2,1,1,0.70138836
2,1,1,0.86266094
2,0,1,0.6863985
2,1,1,0.6118356
2,1,1,0.82821614
2,0,1,0.8110905
2,1,1,0.88119835
2,0,0,0.27120948
2,0,0,0.2894672
2,0,0,0.25111175
2,0,0,0.2614124
2,1,1,0.75193125
2,0,0,0.44190383
2,0,0,0.0875654
2,1,1,0.87343705
2,0,1,0.84501946
2,0,1,0.79157084
2,0,1,0.58530843
2,0,0,0.35880062
2,1,1,0.9376976
2,0,0,0.42595306
2,1,1,0.56462014
2,1,1,0.7612474
2,0,1,0.67728686
2,0,0,0.2092414
2,0,0,0.45389464
2,1,1,0.92023253
2,1,1,0.77663875
2,1,1,0.7406832
2,0,1,0.7430065
2,1,1,0.8437287
2,1,1,0.56926805
2,1,1,0.7008832
2,1,1,0.9350853
2,0,0,0.30712566
2,0,0,0.33101273
2,1,1,0.6266022
2,1,1,0.5626465
2,1,1,0.8698294
2,0,0,0.17264651
2,1,1,0.8719546
2,0,0,0.47378978
2,0,0,0.29253972
2,0,1,0.5685871
2,0,0,0.183884
2,1,1,0.907909
2,0,1,0.6593162
2,1,1,0.7281342
2,1,1,0.848136
2,0,1,0.7145614
2,0,1,0.6776235
2,0,0,0.45773512
2,0,0,0.22343104
2,0,1,0.8251616
2,1,1,0.9087165
2,0,0,0.35572124
2,1,1,0.8307636
2,0,0,0.32738394
2,0,1,0.7718132
2,0,1,0.62511367
2,0,0,0.21170734
2,1,1,0.7438522
2,0,1,0.5210156
2,0,1,0.62812763
2,1,1,0.70785016
2,0,1,0.5220049
2,1,1,0.8414722
2,1,1,0.7154295
2,0,1,0.7573715
2,1,1,0.80766594
2,0,0,0.46972567
2,1,0,0.4157461
2,1,1,0.5683494
2,0,0,0.28289843
2,1,0,0.2246091
2,0,0,0.35719258
2,0,1,0.71207
2,0,0,0.17253873
2,1,1,0.70763993
2,0,1,0.5202753
2,0,1,0.86630905
2,1,1,0.769652
2,1,0,0.37520298
2,1,1,0.5713681
2,1,1,0.50292975
2,1,1,0.54732317
2,1,1,0.6717422
2,0,1,0.6931065
2,0,1,0.8674071
2,1,1,0.6285213
2,0,1,0.8658056
2,0,0,0.28490636
2,1,1,0.81692785
2,0,0,0.3791134
2,0,1,0.8408618
2,0,1,0.8268947
2,1,1,0.6875843
2,1,1,0.684034
2,0,0,0.37933844
2,1,1,0.8451995
2,1,1,0.5508128
2,0,1,0.68307036
2,1,1,0.7044197
2,1,0,0.46077496
2,0,1,0.7743642
2,1,1,0.8512199
2,1,1,0.61527157
2,0,0,0.47959477
2,0,1,0.7454007
2,0,1,0.7350518
2,0,1,0.68693614
2,0,0,0.44434223
2,1,1,0.5184247
2,1,1,0.74645984
2,0,1,0.597769
2,1,1,0.5943666
2,0,0,0.49466813
2,0,1,0.80048406
2,0,1,0.53532755
2,0,1,0.59292835
2,0,0,0.49938607
2,1,1,0.623386
2,0,0,0.3223432
2,1,1,0.8201574
2,0,0,0.406533
2,0,1,0.6333528
2,1,1,0.64077944
2,1,1,0.8513456
2,1,1,0.62335855
2,1,1,0.8282965
2,0,0,0.17012848
2,1,1,0.89006615
2,1,1,0.60559195
2,1,1,0.7099626
2,1,1,0.77522665
2,0,1,0.671047
2,0,0,0.08501558
2,0,0,0.10342425
2,1,1,0.73587054
2,0,0,0.33529177
2,0,0,0.20460479
2,0,1,0.64875066
2,1,1,0.80999345
2,0,1,0.5920894
2,1,1,0.9554062
2,1,1,0.81268513
2,1,1,0.9000492
2,1,1,0.89039767
2,1,0,0.42966577
2,1,1,0.6784107
2,0,0,0.43501663
2,0,0,0.06102361
2,1,1,0.79018843
2,0,0,0.4062677
2,0,0,0.4018286
2,0,1,0.64017075
2,0,1,0.7519055
2,0,0,0.38760427
2,0,0,0.46550047
2,0,0,0.43513224
2,0,1,0.6070201
2,1,0,0.44850278
2,0,0,0.2545137
2,0,1,0.6076679
2,1,0,0.32997292
2,1,1,0.8445064
2,1,1,0.8236259
2,0,1,0.73862803
2,1,1,0.6294022
2,1,1,0.8496396
2,0,0,0.22058624
2,1,0,0.35776773
2,0,1,0.5078085
2,0,1,0.6086163
2,1,1,0.93696237
2,1,1,0.7932346
2,0,1,0.5472178
2,0,1,0.5422111
2,0,0,0.39188096
2,0,0,0.40277213
2,0,0,0.2651664
2,0,1,0.8765579
2,0,1,0.93544984
2,0,1,0.511459
2,0,1,0.5244937
2,1,1,0.785588
2,1,1,0.54485613
2,1,1,0.61682665
2,0,1,0.5068373
2,1,1,0.8244606
2,0,1,0.61112
2,0,1,0.59625053
2,1,1,0.7369355
2,1,1,0.61340946
2,0,1,0.87503535
2,0,0,0.14755085
2,0,1,0.8603966
2,1,1,0.7091305
2,0,0,0.08382114
2,0,1,0.5764829
2,0,1,0.9406241
2,1,1,0.8103082
2,1,1,0.88614243
2,1,0,0.42284414
2,1,1,0.868634
2,1,1,0.7355606
2,0,0,0.36312765
2,0,0,0.26375028
2,0,1,0.55002886
2,1,1,0.5342481
2,1,1,0.6142579
2,1,1,0.78143036
2,1,1,0.6507727
2,0,0,0.4455798
2,0,1,0.737288
2,1,1,0.5899663
2,1,1,0.5051015
2,0,1,0.62794274
2,0,0,0.19388255
2,1,1,0.6208154
2,0,0,0.18542556
2,1,1,0.6904265
2,0,0,0.31185457
2,1,1,0.6692538
2,1,1,0.73758984
2,1,1,0.566852
2,1,1,0.710536
2,0,0,0.23670724
2,1,1,0.70969534
2,1,0,0.48124376
2,0,1,0.62706584
2,1,0,0.22862491
2,0,1,0.678401
2,1,1,0.8806459
2,0,0,0.36134508
2,0,1,0.54453194
2,0,0,0.44040415
2,0,1,0.5405471
2,0,0,0.32948154
2,0,1,0.7561399
2,1,1,0.70100474
2,1,0,0.38496166
2,0,1,0.5525258
2,0,1,0.85447985
2,1,1,0.79367703
2,0,0,0.35076267
2,1,1,0.6923997
2,1,1,0.81816715
2,1,1,0.79725266
2,0,0,0.3815285
2,1,1,0.69197226
2,1,1,0.81519514
2,0,0,0.30414808
2,0,1,0.76581365
2,0,0,0.47859693
2,1,1,0.7291726
2,0,1,0.5833567
2,0,0,0.106295936
2,0,1,0.6339866
2,1,1,0.5898535
2,0,1,0.53050834
2,0,1,0.9041132
2,0,0,0.47614172
2,1,1,0.89854044
2,0,0,0.16513517
2,1,1,0.8604402
2,0,0,0.43247217
2,0,1,0.8563113
2,1,1,0.83605933
2,1,1,0.8742746
2,0,0,0.2754123
2,0,1,0.78790724
2,0,1,0.5155918
2,0,1,0.5270136
2,1,1,0.8799333
2,1,1,0.6609616
2,0,0,0.41449305
2,1,1,0.6000825
2,1,1,0.8810895
2,1,1,0.82432
2,0,1,0.5334091
2,1,0,0.4095873
2,1,1,0.81891423
2,1,1,0.824333
2,1,1,0.85308945
2,0,1,0.5612683
2,0,1,0.7826222
2,1,0,0.44379288
2,1,0,0.38964012
2,0,1,0.5408087
2,1,1,0.6062189
2,1,1,0.80737925
2,0,1,0.7861589
2,1,1,0.85800177
2,0,1,0.79732245
2,1,1,0.8939447
2,0,1,0.58172387
2,0,1,0.7758155
2,0,1,0.76740336
2,1,1,0.89508396
2,0,1,0.71321684
2,1,0,0.47938076
2,1,1,0.6800327
2,0,0,0.2484783
2,0,1,0.6298532
2,1,1,0.793754
2,0,1,0.638443
2,0,1,0.82851464
2,1,0,0.30207482
2,0,1,0.66813546
2,0,0,0.2758736
2,1,1,0.6809708
2,0,1,0.5872523
2,1,0,0.48919758
2,1,1,0.7615531
2,0,1,0.56827456
2,1,1,0.6215271
2,1,1,0.79758
2,1,0,0.4410774
2,1,1,0.53199196
2,0,1,0.7262826
2,0,0,0.36262265
2,0,1,0.7225652
2,0,0,0.2725708
2,0,0,0.16108531
2,0,0,0.34381238
2,1,1,0.90985
2,1,1,0.82994473
2,1,1,0.7596287
2,1,0,0.4041129
2,1,1,0.61137605
2,1,1,0.72745967
2,0,0,0.41755533
2,0,0,0.49228966
2,0,1,0.78179306
2,1,1,0.5665956
2,1,0,0.4176424
2,1,0,0.40263116
2,1,1,0.51845545
2,1,0,0.301871
2,1,1,0.6989063
2,1,1,0.7169986
2,0,0,0.28348458
2,1,1,0.7267627
2,1,1,0.7985432
2,1,1,0.8597292
2,0,0,0.49191773
2,0,0,0.10554931
2,0,1,0.55419075
2,0,0,0.41706285
2,1,0,0.46851307
2,0,0,0.43487146
2,0,1,0.50114036
2,0,0,0.46119028
2,1,1,0.7777762
2,1,1,0.73287445
2,0,0,0.16794857
2,1,1,0.5324251
2,0,0,0.31711647
2,1,1,0.8139397
2,0,0,0.3169575
2,1,1,0.6388755
2,0,1,0.7935714
2,1,1,0.81984264
2,1,1,0.92544526
2,0,1,0.6425051
2,0,1,0.7898918
2,0,0,0.46396098
2,1,0,0.4231404
2,1,1,0.6202646
2,0,1,0.5090501
2,1,1,0.7891291
2,1,1,0.51431984
2,1,0,0.4683001
2,1,1,0.8018403
2,0,1,0.8467169
2,0,1,0.6651512
2,0,0,0.4113752
2,1,1,0.8103452
2,0,1,0.5321896
2,1,0,0.44344068
2,0,0,0.46351993
2,1,1,0.77161115
2,1,1,0.8464537
2,0,1,0.69278395
2,1,1,0.55065054
2,0,0,0.20522912
2,0,0,0.12715285
2,1,1,0.89989686
2,1,1,0.86626315
2,1,1,0.6795647
2,0,1,0.69099283
2,1,1,0.8645258
2,1,1,0.70119303
2,1,1,0.8618
2,0,1,0.84093136
2,0,1,0.7169151
2,0,0,0.4497817
2,1,1,0.886386
2,0,0,0.24211024
2,0,0,0.38934398
2,1,1,0.78152084
2,1,1,0.87931085
2,0,1,0.6800856
2,1,1,0.94304556
2,0,0,0.30187652
2,0,0,0.24603868
2,1,1,0.89083195
2,0,1,0.6516033
2,0,1,0.72403425
2,1,1,0.90216094
2,0,1,0.9303044
2,1,1,0.65244836
2,1,1,0.5013702
2,1,1,0.8358568
2,1,0,0.45828322
2,1,0,0.45007175
2,1,0,0.16487715
2,0,0,0.25093535
2,1,1,0.66279954
2,1,0,0.42327526
2,0,1,0.7789496
2,0,0,0.4854589
2,1,1,0.77076304
2,0,0,0.32767415
2,0,1,0.64795357
2,0,0,0.15184192
2,1,1,0.95160353
2,0,0,0.48383307
2,0,0,0.13277248
2,0,1,0.6829048
2,0,1,0.6479461
2,0,1,0.705309
2,1,1,0.8970722
2,1,1,0.66093737
2,0,1,0.5388567
2,1,1,0.8115866
2,1,1,0.7159651
2,0,0,0.29199672
2,0,1,0.8841987
2,1,1,0.7524318
2,0,1,0.7908666
2,0,1,0.80765104
2,1,1,0.8887785
2,0,0,0.38266042
2,0,1,0.8253943
2,1,1,0.7130683
2,0,1,0.65001327
2,1,1,0.69716775
2,1,1,0.5493823
2,0,1,0.6118654
2,0,0,0.24517529
2,1,1,0.9299913
2,1,1,0.8175149
2,1,1,0.6183042
2,0,0,0.09731728
2,0,1,0.5871297
2,1,1,0.7566223
2,0,1,0.71611315
2,0,0,0.4882378
2,0,0,0.14053579
2,0,0,0.23563507
2,1,0,0.38397363
2,0,1,0.78876287
2,0,1,0.8388208
2,0,1,0.51084745
2,1,1,0.5699198
2,1,1,0.7337033
2,1,1,0.5859205
2,0,1,0.6600209
2,0,1,0.6579012
2,0,1,0.6921937
2,0,1,0.6601539
2,1,1,0.82955766
2,1,1,0.6596253
2,1,1,0.9299913
2,1,1,0.8175149
2,1,1,0.6183042
2,0,0,0.09731728
2,0,1,0.5871297
2,1,1,0.7566223
2,0,1,0.71611315
2,0,0,0.4882378
2,0,0,0.14053579
2,0,0,0.23563507
2,1,0,0.38397363
2,0,1,0.78876287
2,1,1,0.8698507
2,1,0,0.34967348
2,0,1,0.5264283
2,0,0,0.11594176
2,0,0,0.35400692
2,1,1,0.79232204
2,1,1,0.7692503
2,0,0,0.17994155
2,0,1,0.7676836
2,0,1,0.56870925
2,0,0,0.27108094
2,1,1,0.80027
2,1,1,0.6634055
2,0,0,0.41698822
2,1,1,0.663225
2,0,0,0.12150664
2,0,0,0.49824974
2,1,1,0.6471331
2,0,0,0.22415853
2,0,0,0.4866696
2,1,0,0.18755504
2,1,1,0.90182096
2,0,1,0.6098106
2,0,1,0.5159774
2,0,0,0.38858077
2,1,1,0.7177592
2,0,1,0.7139629
2,1,1,0.60956717
2,1,1,0.83558947
2,1,1,0.635203
2,0,0,0.4451442
2,0,0,0.09143663
2,1,1,0.70281225
2,1,1,0.5317056
2,0,1,0.52856547
2,1,1,0.6671801
2,1,1,0.81955296
2,0,0,0.47654507
2,0,0,0.4409575
2,0,0,0.11214744
2,1,1,0.79305345
2,1,1,0.77022266
2,1,1,0.8628716
2,1,1,0.659553
2,0,1,0.5820235
2,0,1,0.5330445
2,1,1,0.75971985
2,0,1,0.8180748
2,1,1,0.51119757
2,0,0,0.47854117
2,1,1,0.8798714
2,1,1,0.8109486
2,0,1,0.5712553
2,1,1,0.67212117
2,1,0,0.32041723
2,0,0,0.25928614
2,0,0,0.16622674
2,0,0,0.13967098
2,1,1,0.6108401
2,0,0,0.31100714
2,0,0,0.472651
2,1,1,0.6807399
2,1,1,0.683327
2,0,0,0.3236224
2,0,0,0.21949981
2,0,0,0.4986327
2,1,1,0.61475736
2,1,1,0.65484893
2,0,1,0.5404196
2,1,0,0.3846565
2,0,1,0.65469164
2,1,1,0.6032432
2,0,1,0.55341667
2,0,1,0.7820309
2,0,0,0.4881519
2,1,1,0.5311074
2,0,0,0.49366543
2,1,1,0.6514087
2,0,0,0.15446265
2,1,0,0.4434306
2,0,0,0.14335771
2,0,0,0.24724606
2,0,0,0.26881045
2,1,1,0.56142056
2,0,1,0.5934746
2,0,0,0.4428623
2,1,1,0.6763715
2,1,0,0.3554769
2,0,1,0.6131867
2,0,0,0.36112335
2,1,1,0.64654636
2,0,0,0.12708765
2,1,1,0.61859083
2,1,1,0.74689835
2,1,1,0.63014096
2,0,1,0.62280166
2,0,0,0.29355404
2,1,0,0.38860258
2,0,0,0.28551957
2,0,0,0.23290484
2,0,1,0.5518229
2,1,0,0.4652132
2,0,0,0.21954729
2,0,1,0.7636454
2,0,1,0.63458365
2,1,1,0.89440155
2,0,1,0.81759757
2,1,1,0.71021295
2,0,0,0.41384166
2,1,1,0.79664725
2,0,1,0.5031226
2,1,1,0.77520436
2,0,0,0.36298046
2,1,1,0.67347914
2,0,1,0.57965046
2,0,0,0.30058753
2,0,0,0.36813724
2,1,1,0.7801313
2,0,1,0.81570804
2,1,1,0.57851976
2,0,0,0.46856198
2,0,0,0.13171451
2,1,1,0.8174897
2,0,1,0.75691396
2,0,1,0.5112049
2,0,1,0.7251738
2,1,1,0.6806776
2,0,0,0.46406832
2,1,1,0.6376439
2,1,1,0.50192624
2,0,1,0.6509983
2,1,1,0.9458863
2,1,1,0.88809097
2,1,1,0.6300553
2,0,0,0.40516603
2,1,1,0.8348331
2,0,1,0.8262963
2,0,0,0.40692157
2,0,1,0.7393155
2,1,1,0.62545377
2,0,0,0.26796737
2,1,1,0.7558856
2,0,1,0.735882
2,1,1,0.74753094
2,0,0,0.12827368
2,0,0,0.10691489
2,1,1,0.8969704
2,0,1,0.71718895
2,0,1,0.78256625
2,0,0,0.1845667
2,1,1,0.5146434
2,0,0,0.3930213
2,0,0,0.27948955
2,1,0,0.2518279
2,1,0,0.17830049
2,0,0,0.121256
2,1,1,0.6114201
2,0,1,0.55467117
2,0,1,0.6872257
2,1,0,0.3632648
2,0,1,0.6597505
2,0,0,0.4866696
2,0,0,0.18755504
2,0,1,0.71170694
2,1,1,0.63091844
2,1,1,0.80123734
2,0,0,0.38512465
2,1,0,0.44241926
2,0,0,0.49824974
2,0,0,0.4593085
2,0,0,0.48686892
2,0,0,0.17831418
2,0,1,0.53019285
2,1,1,0.7192245
2,1,1,0.66754454
2,1,0,0.19906758
2,1,1,0.90398127
2,0,1,0.6590712
2,1,1,0.69869965
2,0,0,0.41603288
2,0,1,0.66329384
2,0,0,0.46761358
2,1,1,0.7369741
2,0,1,0.5163728
2,1,1,0.7683697
2,1,0,0.4503875
2,0,0,0.36762327
2,1,1,0.6257741
2,1,0,0.22145359
2,1,0,0.30984062
2,1,1,0.8032189
2,1,1,0.67489535
2,1,1,0.8099083
2,0,1,0.56165004
2,0,0,0.39500338
2,0,0,0.26580355
2,1,1,0.921134
2,0,1,0.81711495
2,0,1,0.509224
2,1,1,0.8258412
2,1,1,0.50235033
2,0,0,0.43064293
2,0,0,0.19362843
2,0,0,0.2323536
2,1,1,0.72072554
2,0,0,0.3345643
2,1,1,0.7418706
2,0,1,0.8008838
2,0,0,0.4961609
2,0,0,0.44070703
2,1,1,0.7283167
2,1,0,0.45408687
2,1,1,0.8438995
2,0,0,0.44145504
2,1,1,0.531455
2,0,0,0.471841
2,1,1,0.5879885
2,0,1,0.6504074
2,0,1,0.5588796
2,0,1,0.72742635
2,1,1,0.73337597
2,0,0,0.37243226
2,0,1,0.64236236
2,1,1,0.7283167
2,0,0,0.426417
2,1,1,0.78358716
2,1,1,0.77438504
2,1,1,0.50823003
2,0,1,0.80096436
2,0,0,0.2725197
2,1,1,0.62393856
2,1,1,0.8195241
2,1,0,0.30156344
2,1,1,0.73836327
2,1,0,0.2272627
2,1,1,0.7742934
2,1,0,0.49360052
2,1,0,0.4633466
2,1,1,0.81632286
2,0,0,0.48297417
2,0,1,0.6360726
2,0,0,0.099285744
2,1,0,0.43011978
2,0,0,0.35697252
2,0,0,0.18601708
2,1,1,0.65922934
2,0,0,0.084479004
2,1,1,0.524496
2,0,1,0.65764964
2,1,0,0.3992573
2,0,0,0.3375373
2,1,0,0.47657922
2,0,0,0.35634285
2,0,0,0.4219685
2,1,1,0.6863951
2,0,1,0.75831205
2,0,1,0.65181684
2,0,0,0.22594018
2,1,0,0.44298792
2,0,0,0.2987222
2,1,0,0.19843279
2,0,0,0.48493767
2,1,1,0.53719896
2,0,0,0.43830323
2,1,0,0.3484116
2,0,0,0.4225133
2,0,0,0.109744556
2,0,0,0.18687052
2,0,0,0.22401613
2,1,1,0.50664276
2,0,0,0.33277184
2,0,1,0.8987921
2,0,1,0.5061171
2,0,1,0.6491933
2,0,1,0.583268
2,1,1,0.63174105
2,0,1,0.61133045
2,1,1,0.7796715
2,0,1,0.7723535
2,1,1,0.63188523
2,0,0,0.48586324
2,1,1,0.8119881
2,1,1,0.82209355
2,1,1,0.64343524
2,1,1,0.76932347
2,1,1,0.7706807
2,0,1,0.60523576
2,0,0,0.43132874
2,0,1,0.68353134
2,1,1,0.90658253
2,1,1,0.6964991
2,1,1,0.6867091
2,1,1,0.7342808
2,0,1,0.565512
2,0,1,0.63970524
2,1,1,0.5861737
2,0,1,0.7831885
2,0,1,0.6960017
2,0,1,0.8139837
2,0,1,0.6603396
2,1,1,0.807529
2,1,1,0.5940173
2,1,1,0.5299353
2,0,0,0.3194407
2,0,1,0.5657136
2,1,1,0.6364264
2,0,1,0.6229573
2,1,0,0.4264633
2,0,1,0.6945724
2,1,1,0.58851415
2,1,1,0.66288036
2,0,0,0.13561566
2,0,0,0.1995034
2,0,0,0.27284735
2,0,0,0.17343868
2,0,1,0.51907635
2,1,1,0.60445654
2,1,1,0.762057
2,1,1,0.69909996
2,1,1,0.75916445
2,1,1,0.5782627
2,1,0,0.49875045
2,1,1,0.7352344
2,1,1,0.7185291
2,1,1,0.6324239
2,0,0,0.3812692
2,1,1,0.58928454
2,1,1,0.6047241
2,1,1,0.73359245
2,0,1,0.60914177
2,1,1,0.5907735
2,1,1,0.79987216
2,1,1,0.7523909
2,0,0,0.3452786
2,0,1,0.6733129
2,0,1,0.6750816
2,0,1,0.56653327
2,0,0,0.28264993
2,0,0,0.49590304
2,0,1,0.5622804
2,0,1,0.6204235
2,0,1,0.7161344
2,0,1,0.75382715
2,0,1,0.73277336
2,0,1,0.7644877
2,0,1,0.68005306
2,1,1,0.63144594
2,1,1,0.7911273
2,0,1,0.75038916
2,0,1,0.6277488
2,0,0,0.29123682
2,0,1,0.60581815
2,1,1,0.67630047
2,0,0,0.25506788
2,0,0,0.48709744
2,0,1,0.9015009
2,0,1,0.6883694
2,0,1,0.8087305
2,0,0,0.39993748
2,0,0,0.1916977
2,0,0,0.20136088
2,0,0,0.17092411
2,1,1,0.7212527
2,0,0,0.48894045
2,0,1,0.6966433
2,0,0,0.15390503
2,0,0,0.15179327
2,1,1,0.8034453
2,0,0,0.3905479
2,0,1,0.51154387
2,0,1,0.58252144
2,0,0,0.44379786
2,1,1,0.7197202
2,0,1,0.7776002
2,0,1,0.55954856
2,0,1,0.5852392
2,0,1,0.757685
2,0,1,0.6000379
2,0,1,0.5106421
2,1,1,0.5833881
2,1,1,0.68603563
2,1,0,0.19164978
2,1,0,0.42595306
2,0,1,0.5914492
2,1,0,0.4811638
2,1,1,0.64021176
2,1,0,0.4177475
2,0,0,0.3449884
2,1,1,0.6110444
2,1,1,0.6680421
2,1,1,0.6555372
2,1,1,0.58298254
2,0,0,0.19793336
2,1,0,0.28322843
2,1,0,0.49662116
2,1,0,0.40671134
2,1,1,0.5020625
2,1,1,0.52394384
2,1,0,0.24796222
2,1,0,0.361163
2,1,0,0.41203132
2,1,1,0.76145786
2,1,1,0.7455374
2,0,0,0.45605105
2,1,1,0.7109186
2,1,1,0.5764054
2,0,0,0.35942143
2,1,1,0.51545
2,0,0,0.25775188
2,0,1,0.7137344
2,1,1,0.7048849
2,1,1,0.63158566
2,0,1,0.5806751
2,0,0,0.33866623
2,0,0,0.31319743
2,0,1,0.5860174
2,1,0,0.27573964
2,0,0,0.19028394
2,0,0,0.1983817
2,0,0,0.39788368
2,0,0,0.43826318
2,1,1,0.7537574
2,0,1,0.7229654
2,0,1,0.7430271
2,0,1,0.5125506
2,1,1,0.5980547
2,1,1,0.601399
2,1,0,0.27376798
2,0,0,0.46074986
2,1,0,0.32085386
2,1,1,0.5303125
2,0,0,0.49040702
2,0,0,0.443009
2,0,1,0.57560456
2,1,1,0.57289416
2,0,0,0.25672093
2,0,1,0.582954
2,1,1,0.7890437
2,0,1,0.66237515
2,0,0,0.39868993
2,1,1,0.76984966
2,1,0,0.426887
2,1,0,0.29295376
2,0,0,0.36566195
2,0,1,0.59262854
2,0,1,0.5977058
2,0,0,0.23256703
2,1,0,0.39383376
2,0,0,0.3498285
2,1,1,0.58353895
2,0,1,0.52381086
2,0,0,0.49175072
2,0,0,0.328512
2,0,0,0.19710973
2,1,0,0.35326907
2,1,0,0.25315648
2,1,0,0.44523102
2,0,1,0.85518855
2,0,1,0.74047774
2,1,1,0.6356447
2,0,0,0.31199023
2,0,0,0.48564178
2,0,1,0.6470541
2,1,1,0.638308
2,1,1,0.69692236
2,1,1,0.7395434
2,1,1,0.8549088
2,0,1,0.504841
2,0,1,0.6131471
2,0,0,0.34848663
2,0,1,0.6008286
2,0,1,0.50995743
2,1,1,0.76522195
2,1,1,0.53975606
2,1,1,0.70642596
2,0,1,0.7256044
2,1,1,0.85644025
2,1,1,0.6952971
2,1,1,0.6136296
2,0,0,0.44902566
2,0,0,0.49630675
2,0,1,0.6482283
2,1,1,0.6048063
2,0,1,0.75842595
2,1,1,0.7149258
2,1,1,0.66618955
2,0,0,0.3735556
2,0,0,0.21478271
2,0,0,0.4870914
2,1,1,0.7609026
2,1,1,0.9463853
2,1,1,0.6714027
2,1,1,0.78032094
2,1,1,0.5345332
2,0,0,0.10492247
2,0,1,0.8950178
2,1,1,0.5253191
2,0,0,0.089491494
2,0,0,0.23953761
2,0,0,0.25376883
2,0,0,0.08747871
2,0,1,0.87579113
2,1,1,0.67388654
2,0,0,0.46347672
2,1,1,0.6699843
2,0,0,0.18374036
2,1,0,0.35240206
2,0,0,0.38052964
2,1,0,0.24718532
2,1,0,0.22374234
2,1,1,0.5161595
2,0,0,0.2040928
2,0,0,0.32323542
2,1,0,0.34826544
2,1,1,0.52670646
2,0,0,0.3625336
2,1,0,0.13604665
2,0,0,0.32174975
2,1,1,0.63106316
2,0,0,0.22332108
2,1,1,0.51150376
2,1,0,0.22278817
2,0,0,0.26669076
2,0,0,0.2697157
2,0,0,0.2700572
2,0,0,0.1044267
2,0,0,0.17611136
2,0,1,0.6363344
2,0,0,0.18944721
2,0,0,0.16967897
2,0,1,0.61955166
2,1,1,0.5209477
2,0,0,0.12864819
2,0,0,0.23766355
2,0,0,0.15282899
2,1,0,0.24937071
2,0,0,0.22965056
2,0,0,0.12155922
2,0,0,0.124336876
2,1,0,0.12257612
2,0,0,0.15227093
2,0,0,0.10514057
2,1,0,0.115225285
2,1,1,0.7862962
2,0,1,0.5696512
2,0,1,0.60978
2,0,1,0.74107045
2,1,1,0.70799
2,1,0,0.20119576
2,1,1,0.691415
2,0,1,0.70207745
2,0,1,0.5521397
2,1,1,0.7062592
2,1,1,0.63338375
2,0,0,0.42700517
2,1,1,0.924207
2,1,1,0.7488316
2,0,0,0.36455765
2,0,0,0.4858961
2,0,1,0.75958663
2,1,1,0.7922189
2,1,1,0.6229359
2,1,1,0.78599775
2,0,0,0.20471881
2,0,0,0.43680397
2,0,1,0.50997734
2,1,1,0.74487025
2,0,0,0.34303248
2,0,0,0.31677505
2,0,0,0.23275413
2,1,0,0.18273436
2,1,1,0.680245
2,0,0,0.13425064
2,1,0,0.44875613
2,1,0,0.48153982
2,0,0,0.16336875
2,1,1,0.8182251
2,1,1,0.7904468
2,0,1,0.5305556
2,0,1,0.72955644
2,0,1,0.6145356
2,0,1,0.5541105
2,0,1,0.57616675
2,0,1,0.586764
2,0,1,0.5856148
2,0,1,0.5558338
2,1,1,0.7103645
2,0,1,0.5353963
2,0,1,0.6642707
2,1,1,0.6983403
2,1,1,0.61781645
2,1,1,0.70413387
2,1,1,0.7265597
2,0,1,0.5482683
2,1,1,0.75250536
2,0,1,0.67300254
2,0,1,0.6283193
2,1,1,0.67966735
2,1,1,0.60479325
2,0,0,0.110740565
2,1,0,0.24638681
2,0,0,0.25821593
2,1,1,0.6948237
2,0,0,0.11751674
2,1,0,0.24392101
2,1,0,0.28499034
2,0,0,0.3602911
2,1,1,0.6449236
2,1,1,0.54618025
2,0,1,0.5602787
2,1,1,0.59520155
2,0,0,0.33176154
2,1,1,0.6104249
2,0,0,0.41859546
2,0,0,0.37623724
2,0,0,0.43288034
2,1,0,0.38510585
2,0,0,0.30175188
2,0,1,0.6070344
2,0,1,0.6361304
2,1,0,0.4394009
2,1,1,0.57601947
2,0,0,0.47507468
2,1,0,0.43710285
2,0,0,0.15890765
2,1,1,0.6331446
2,0,1,0.6369652
2,1,0,0.24448512
2,0,0,0.27959365
2,0,0,0.104947075
2,0,1,0.5726855
2,0,0,0.4283548
2,0,0,0.21015847
2,0,0,0.46899486
2,1,0,0.3051949
2,0,0,0.31580266
2,1,1,0.64605933
2,0,0,0.20086151
2,1,1,0.5757932
2,1,1,0.64045924
2,0,0,0.09559542
2,0,0,0.21459502
2,1,0,0.48500735
2,0,0,0.1815309
2,0,1,0.6853836
2,1,1,0.6393784
2,1,1,0.6829753
2,0,0,0.48891222
2,1,1,0.6545329
2,1,1,0.6449987
2,0,0,0.30887473
2,0,1,0.64471465
2,0,1,0.67735046
2,1,1,0.731064
2,1,0,0.47321928
2,1,1,0.55449563
2,1,1,0.53687114
2,0,1,0.5929735
2,1,1,0.6004704
2,1,1,0.6656138
2,0,1,0.5184145
2,0,1,0.542601
2,0,0,0.29506376
2,1,1,0.60957557
2,0,0,0.18545821
2,0,0,0.10125416
2,1,1,0.5055422
2,1,1,0.74480003
2,0,0,0.16322537
2,0,0,0.13662255
2,0,0,0.34873965
2,0,0,0.23164065
2,0,1,0.74742645
2,1,1,0.5718467
2,0,1,0.66643864
2,1,0,0.4490941
2,1,0,0.46148247
2,1,1,0.7562613
2,1,1,0.59540015
2,1,1,0.5607922
2,0,1,0.58419406
2,1,1,0.6443381
2,0,1,0.65692014
2,0,1,0.69058824
2,0,0,0.45317835
2,0,1,0.70826375
2,0,1,0.64251965
2,1,1,0.73702896
2,1,1,0.6943867
2,0,1,0.6463685
2,0,1,0.7995463
2,0,0,0.19329302
2,0,0,0.16718191
2,1,1,0.7468477
2,0,0,0.12133326
2,1,0,0.17241949
2,1,1,0.5621883
2,0,0,0.23725997
2,1,1,0.82134175
2,1,1,0.7405854
2,0,0,0.30513287
2,1,0,0.3333444
2,0,0,0.14406693
2,0,1,0.74184144
2,0,0,0.3559867
2,0,0,0.397827
2,1,1,0.52045125
2,1,1,0.7429955
2,1,1,0.7715566
2,1,1,0.66870195
2,1,1,0.8255724
2,0,1,0.7378468
2,0,1,0.6352633
2,0,1,0.53865105
2,1,1,0.6720984
2,0,1,0.6083045
2,1,1,0.73594695
2,0,1,0.60780287
2,0,0,0.18401338
2,1,1,0.59173465
2,1,0,0.3918916
2,1,0,0.4882425
2,1,1,0.61286813
2,1,1,0.50871235
2,0,1,0.5008979
2,1,1,0.6282506
2,1,0,0.3134859
2,0,0,0.48076177
2,0,0,0.1346157
2,1,0,0.45249507
2,1,1,0.8318374
2,1,0,0.33611473
2,0,1,0.58887345
2,0,0,0.34375173
2,1,1,0.80402553
2,0,0,0.49574125
2,0,0,0.110476404
2,0,0,0.3832564
2,0,1,0.5538899
2,0,1,0.6065227
2,0,1,0.6751553
2,0,1,0.5496134
2,0,0,0.27035114
2,1,1,0.83488876
2,1,1,0.8562116
2,1,1,0.5488898
2,1,1,0.6060869
2,0,0,0.3384668
2,1,0,0.17000817
2,1,1,0.8587467
2,1,1,0.6610147
2,0,1,0.67952496
2,1,1,0.50249135
2,1,1,0.8868685
2,1,1,0.8363075
2,1,1,0.88232
2,1,0,0.25367665
2,0,0,0.22840258
2,0,0,0.25479767
2,0,0,0.104969636
2,0,0,0.16658127
2,1,1,0.5051657
2,0,0,0.1992185
2,0,0,0.15447147
2,0,0,0.23919633
2,1,1,0.84419894
2,0,0,0.2196189
2,0,0,0.20132375
2,1,0,0.41234338
2,1,1,0.53175586
2,0,0,0.15739101
2,0,0,0.1197646
2,0,0,0.1324923
2,1,0,0.3447058
2,1,0,0.25172672
2,1,0,0.49031875
2,0,0,0.102977395
2,0,1,0.73355615
2,0,1,0.67703444
2,0,1,0.75413847
2,1,0,0.18453674
2,0,0,0.36225262
2,0,0,0.20708461
2,1,1,0.7939323
2,0,0,0.14056478
2,0,0,0.0765874
2,0,0,0.31138563
2,0,0,0.23177156
2,0,0,0.22157368
2,1,1,0.77717537
2,0,0,0.3666698
2,0,1,0.82027614
2,0,0,0.13819331
2,0,0,0.21474054
2,1,0,0.264859
2,0,0,0.32102972
2,0,0,0.09856088
2,0,0,0.22715494
2,0,0,0.23348716
2,0,0,0.105073765
2,0,0,0.44465074
2,0,0,0.30346426
2,0,0,0.13442154
2,1,0,0.4952677
2,0,0,0.48345068
2,1,1,0.50388426
2,0,0,0.38155013
2,0,0,0.4305021
2,1,1,0.62533075
2,1,0,0.46351704
2,1,0,0.32687575
2,0,0,0.40290773
2,1,1,0.7791532
2,0,1,0.5947602
2,0,1,0.7529192
2,0,0,0.34739655
2,1,1,0.52768
2,0,0,0.1983916
2,0,1,0.6259527
2,0,0,0.20337003
2,1,1,0.5292132
2,1,1,0.8943251
2,1,1,0.7958251
2,0,0,0.33776784
2,0,0,0.06701928
2,1,0,0.37069836
2,1,1,0.59884864
2,1,0,0.21168157
2,0,0,0.3543333
2,0,1,0.51712203
2,0,0,0.28129813
2,1,1,0.84337896
2,0,1,0.6183318
2,0,0,0.09205901
2,0,0,0.37805045
2,1,0,0.34663582
2,0,0,0.21074107
2,1,1,0.68595445
2,1,0,0.33647797
2,1,0,0.4193195
2,0,0,0.07938188
2,1,0,0.49559215
2,0,1,0.6740312
2,0,0,0.16300625
2,1,1,0.7511479
2,1,1,0.7355584
2,1,1,0.79569906
2,1,1,0.75355506
2,1,1,0.7039119
2,1,1,0.6016982
2,0,1,0.8158894
2,0,0,0.32395244
2,0,1,0.6845063
2,0,0,0.25360724
2,0,0,0.35729206
2,0,0,0.3840671
2,1,1,0.74030584
2,0,1,0.79013944
2,0,1,0.6244543
2,0,1,0.7447856
2,0,0,0.34888425
2,0,1,0.6484185
2,1,0,0.47412318
2,0,1,0.69662744
2,0,1,0.58681697
2,1,1,0.62890697
2,1,1,0.6158089
2,1,1,0.6008341
2,1,1,0.619262
2,1,0,0.48598143
2,1,0,0.41771862
2,1,0,0.41213164
2,1,1,0.59273195
2,1,1,0.55331415
2,1,1,0.56702477
2,1,0,0.49736497
2,1,1,0.64310193
2,1,1,0.61665916
2,1,0,0.438848
2,1,1,0.9400913
2,0,1,0.75802135
2,1,1,0.80968523
2,1,1,0.85095364
2,1,0,0.49483582
2,0,0,0.4481628
2,0,1,0.7234032
2,0,1,0.93912435
2,1,1,0.767416
2,0,1,0.8552025
2,1,1,0.8231136
2,1,1,0.54397386
2,0,0,0.10954325
2,1,1,0.90679437
2,0,1,0.8750506
2,1,1,0.9166566
2,1,1,0.73960745
2,1,1,0.7941808
2,0,0,0.24399558
2,0,0,0.3668568
2,0,1,0.8415472
2,1,1,0.7252495
2,1,1,0.53087926
2,0,1,0.51110464
2,0,1,0.7967223
2,0,1,0.69206804
2,1,1,0.8153223
2,1,1,0.5553131
2,0,1,0.68333554
2,1,1,0.7314296
2,0,1,0.657862
2,0,1,0.5608803
2,0,0,0.21732606
2,0,1,0.6485481
2,0,0,0.3274038
2,1,1,0.669806
2,1,1,0.58426565
2,1,1,0.74113977
2,0,1,0.6894429
2,0,0,0.4654829
2,1,1,0.5586795
2,0,1,0.72113496
2,1,0,0.46862677
2,1,1,0.52004504
2,0,1,0.525728
2,1,1,0.5218611
2,1,1,0.6111164
2,0,0,0.10720676
2,0,0,0.21472365
2,1,1,0.68646234
2,0,0,0.10450396
2,1,0,0.23290014
2,0,0,0.41120687
2,1,1,0.8421002
2,1,1,0.69419616
2,1,1,0.81364936
2,0,0,0.10304269
2,0,0,0.3136091
2,0,0,0.103786565
2,0,0,0.38458243
2,0,0,0.31359342
2,0,0,0.26090592
2,1,1,0.7810561
2,1,1,0.8519988
2,0,0,0.49620584
2,1,1,0.6205731
2,0,0,0.06753434
2,0,0,0.16204777
2,0,0,0.34757444
2,1,0,0.4012839
2,0,0,0.3388168
2,1,0,0.4337119
2,1,1,0.7466263
2,1,1,0.5720336
2,0,0,0.25940442
2,0,1,0.58957833
2,0,0,0.179196
2,0,0,0.43369305
2,1,0,0.38257083
2,0,1,0.56996584
2,0,1,0.95540655
2,0,1,0.7580472
2,1,0,0.38135982
2,1,1,0.5287204
2,0,0,0.4917319
2,1,1,0.8322415
2,0,0,0.43000704
2,0,0,0.23923336
2,1,0,0.3965207
2,0,1,0.71604747
2,1,1,0.8397896
2,0,0,0.23772722
2,1,0,0.12833041
2,0,0,0.3331524
2,0,0,0.41721413
2,1,1,0.7847546
2,0,1,0.74275297
2,1,0,0.27471521
2,1,1,0.892582
2,0,1,0.7565063
2,1,1,0.5886375
2,0,0,0.1420897
2,1,1,0.7315825
2,1,0,0.43993917
2,1,1,0.7244915
2,0,1,0.8579542
2,0,1,0.5460117
2,1,0,0.35978988
2,0,0,0.13915177
2,0,1,0.6754054
2,0,0,0.456308
2,0,1,0.58318233
2,1,0,0.48868355
2,0,0,0.35730276
2,0,0,0.25726163
2,0,0,0.4065068
2,1,1,0.63807696
2,1,1,0.82893413
2,1,1,0.8426803
2,0,0,0.20514809
2,1,0,0.34210533
2,0,0,0.2069018
2,1,1,0.86748433
2,1,1,0.6968109
2,0,1,0.7154643
2,0,0,0.31451702
2,1,1,0.72248715
2,0,1,0.7582888
2,0,1,0.6820197
2,1,1,0.52378213
2,0,0,0.40038988
2,1,1,0.8058184
2,1,1,0.8775487
2,0,1,0.56201583
2,0,0,0.46633115
2,0,0,0.40562835
2,1,1,0.85174686
2,0,1,0.8302533
2,1,1,0.72594804
2,1,1,0.86931735
2,0,0,0.35721692
2,0,0,0.14865018
2,1,1,0.6393493
2,0,0,0.16456433
2,1,1,0.61641407
2,1,1,0.6748281
2,0,0,0.37240767
2,0,1,0.5816562
2,1,0,0.2841251
2,0,0,0.07984267
2,1,0,0.30716512
2,1,0,0.28464335
2,0,0,0.25349417
2,0,0,0.17683642
2,0,1,0.5506909
2,0,0,0.37280673
2,1,1,0.68811655
2,1,1,0.6880368
2,1,0,0.47648335
2,1,1,0.90080106
2,1,1,0.5419929
2,0,1,0.52785885
2,0,0,0.35887906
2,1,1,0.69828886
2,0,1,0.5243412
2,0,0,0.43310678
2,1,1,0.68323964
2,0,0,0.4638594
2,1,1,0.8958219
2,0,1,0.59179276
2,0,1,0.6350572
2,1,1,0.6850892
2,1,1,0.8106766
2,1,0,0.45893338
2,0,0,0.07030723
2,1,1,0.9331725
2,0,1,0.72325677
2,1,1,0.8125896
2,1,0,0.41463956
2,0,0,0.073998064
2,1,1,0.59012693
2,0,1,0.8178057
2,0,1,0.82360077
2,1,1,0.7998597
2,0,0,0.13273118
2,0,0,0.1531766
2,1,0,0.34895656
2,0,1,0.5579811
2,0,1,0.60801864
2,1,1,0.6952102
2,0,0,0.19741379
2,1,1,0.95770717
2,1,1,0.77077985
2,0,0,0.43511152
2,1,1,0.6046717
2,0,1,0.6680143
2,0,1,0.6323261
2,1,1,0.8685029
2,0,1,0.7903125
2,0,1,0.6762899
2,1,0,0.49251056
2,0,1,0.8111025
2,1,1,0.87360847
2,0,0,0.38481542
2,0,0,0.4316919
2,0,0,0.18648043
2,0,0,0.21865764
2,1,1,0.82672334
2,1,1,0.8509067
2,1,0,0.46593827
2,1,1,0.82892156
2,1,1,0.6208098
2,0,0,0.31179875
2,1,0,0.42850557
2,0,1,0.70766425
2,0,0,0.19166692
2,0,0,0.11861756
2,1,1,0.7718501
2,0,1,0.53046983
2,1,1,0.8536081
2,0,0,0.14518735
2,0,1,0.6164964
2,1,1,0.9489765
2,0,1,0.7955275
2,1,1,0.6950186
2,0,0,0.08588122
2,1,0,0.42730147
2,0,0,0.07064335
2,0,0,0.26854932
2,1,0,0.4462658
2,0,1,0.6367733
2,0,0,0.294589
2,0,0,0.10604384
2,0,1,0.67388946
2,1,0,0.435156
2,1,0,0.16857956
2,1,1,0.8317697
2,1,1,0.6467591
2,0,0,0.37919456
2,0,0,0.26934305
2,0,0,0.35969582
2,1,1,0.6616525
2,0,1,0.64280146
2,0,1,0.52449965
2,1,1,0.8690468
2,0,0,0.49229297
2,0,0,0.42346153
2,0,0,0.070629954
2,0,0,0.16821237
2,1,1,0.6106861
2,0,0,0.47532126
2,0,1,0.5449949
2,0,1,0.630901
2,1,1,0.75205296
2,0,0,0.13674265
2,1,1,0.59145707
2,1,1,0.6565248
2,1,1,0.60226846
2,0,1,0.54949427
2,0,1,0.5733337
2,1,0,0.39925078
2,0,0,0.37227532
2,1,0,0.34272346
2,1,1,0.87053865
2,1,1,0.7446471
2,1,0,0.49942032
2,1,0,0.34255347
2,0,0,0.22996147
2,0,1,0.77229285
2,0,1,0.6815204
2,1,0,0.39783442
2,1,1,0.7689737
2,0,0,0.43672165
2,0,0,0.3245207
2,0,0,0.23135991
2,1,1,0.5587486
2,0,1,0.8364165
2,0,0,0.22049443
2,1,1,0.8181373
2,0,1,0.69623005
2,1,1,0.6266323
2,0,1,0.5983773
2,1,1,0.79189456
2,1,1,0.7184016
2,1,0,0.30544588
2,1,0,0.35056022
2,0,0,0.29602876
2,0,1,0.61391085
2,1,1,0.8821665
2,0,0,0.18513606
2,1,1,0.68012327
2,0,0,0.07418783
2,1,0,0.1827093
2,0,1,0.6294431
2,0,1,0.63873017
2,0,0,0.16999324
2,0,0,0.12960121
2,1,1,0.6149586
2,1,1,0.70700043
2,0,0,0.07224786
2,0,1,0.5394125
2,0,0,0.2876541
2,0,0,0.3766725
2,0,0,0.47107837
2,1,0,0.20872903
2,1,1,0.63511556
2,1,1,0.8227719
2,0,1,0.60256463
2,0,0,0.47647074
2,1,0,0.33725122
2,1,0,0.40223926
2,1,1,0.8723688
2,1,1,0.597881
2,0,0,0.28026897
2,0,0,0.2268691
2,1,1,0.6258233
2,1,1,0.6482911
2,1,1,0.7627617
2,1,1,0.7886356
2,1,1,0.78280926
2,1,1,0.74487185
2,0,1,0.68944466
2,1,1,0.68200123
2,1,1,0.7981823
2,0,0,0.3664104
2,1,1,0.6983257
2,0,0,0.39171937
2,0,1,0.6156312
2,0,0,0.1558868
2,1,1,0.6209606
2,1,0,0.19491668
2,0,1,0.6308866
2,0,0,0.15810122
2,0,0,0.22567548
2,0,1,0.7272394
2,0,1,0.80873394
2,1,1,0.88742757
2,0,1,0.77729166
2,0,1,0.6975249
2,1,0,0.37293953
2,1,0,0.12652056
2,0,1,0.75004834
2,1,1,0.6943286
2,1,1,0.5247115
2,0,0,0.2583925
2,0,1,0.8388623
2,1,1,0.7117423
2,0,0,0.45046112
2,0,1,0.5374309
2,1,1,0.720805
2,0,0,0.39998758
2,1,0,0.17450207
2,1,1,0.641977
2,0,0,0.4781503
2,1,0,0.4553962
2,0,1,0.67682517
2,0,1,0.7686563
2,1,1,0.9255967
2,0,1,0.51190543
2,0,1,0.7752111
2,1,1,0.7823579
2,0,1,0.6703049
2,1,1,0.6643366
2,0,0,0.17396677
2,1,1,0.7636061
2,1,0,0.4811276
2,0,0,0.45273894
2,0,1,0.72493255
2,1,1,0.72699785
2,0,1,0.8269184
2,0,1,0.5662072
2,0,1,0.94892037
2,0,1,0.56024724
2,1,0,0.3121061
2,1,0,0.4118613
2,1,1,0.8697625
2,0,0,0.44059825
2,1,1,0.8835961
2,1,1,0.90144575
2,1,1,0.803792
2,0,0,0.2921066
2,0,1,0.749014
2,1,1,0.6779819
2,0,0,0.25706035
2,0,1,0.92437756
2,1,1,0.9535657
2,1,1,0.79175186
2,1,1,0.72048855
2,0,0,0.28980634
2,1,0,0.40232408
2,0,0,0.18245938
2,0,0,0.32400638
2,0,1,0.74998105
2,0,0,0.33317107
2,0,0,0.18329515
2,1,0,0.4062966
2,1,1,0.6231161
2,0,0,0.32474604
2,0,0,0.085980505
2,0,0,0.14361592
2,0,1,0.8165795
2,0,1,0.59023076
2,0,0,0.10914703
2,1,1,0.51055187
2,0,0,0.4458824
2,0,1,0.56181735
2,1,0,0.4156589
2,1,0,0.4912235
2,1,1,0.7291786
2,1,1,0.8165063
2,0,1,0.82008445
2,0,0,0.19097652
2,0,0,0.16980852
2,1,1,0.60974854
2,1,1,0.63864106
2,0,0,0.191477
2,1,1,0.8037028
2,1,1,0.5686916
2,1,0,0.4970892
2,0,0,0.25468564
2,0,0,0.18257853
2,1,1,0.755665
2,0,1,0.74915695
2,0,1,0.64793736
2,0,0,0.36890087
2,0,1,0.5867487
2,1,1,0.6029779
2,1,1,0.78138685
2,0,1,0.7322276
2,0,1,0.62000173
2,1,0,0.492523
2,1,1,0.5543794
2,1,0,0.2970545
2,0,0,0.4509572
2,0,0,0.36444408
2,1,1,0.6298217
2,0,0,0.46301386
2,1,1,0.63725615
2,1,1,0.70876485
2,0,1,0.68776816
2,1,0,0.35213652
2,0,0,0.22936012
2,1,1,0.725714
2,0,0,0.2132212
2,1,1,0.53255177
2,0,0,0.41542134
2,1,1,0.7419344
2,0,1,0.81460345
2,0,0,0.44367036
2,0,1,0.65521413
2,0,1,0.72835445
2,0,0,0.4920007
2,0,1,0.5436562
2,1,0,0.45859465
2,0,1,0.50575465
2,0,1,0.5970923
2,0,1,0.6547147
2,0,0,0.19236672
2,1,1,0.7358889
2,1,1,0.7507842
2,1,1,0.79280066
2,1,1,0.6133959
2,0,1,0.7278988
2,1,1,0.5530728
2,0,1,0.78641546
2,1,1,0.6848498
2,0,1,0.58749586
2,0,1,0.7666108
2,0,1,0.6284915
2,0,1,0.61499435
2,1,1,0.84728247
2,0,1,0.67874366
2,1,0,0.4689056
2,1,0,0.47517806
2,0,0,0.17480578
2,0,0,0.15509246
2,1,1,0.7228762
2,1,0,0.2855578
2,1,1,0.73078513
2,1,0,0.30718803
2,1,1,0.59716886
2,1,1,0.53260314
2,1,1,0.6826187
2,0,1,0.5610047
2,0,0,0.32072413
2,0,0,0.234945
2,1,1,0.70240057
2,0,0,0.37175703
2,0,0,0.1842308
2,0,0,0.17061806
2,0,0,0.48884705
2,0,0,0.14729705
2,1,1,0.8982236
2,0,1,0.70754194
2,1,1,0.6761302
2,1,0,0.13431786
2,0,0,0.160912
2,1,0,0.17363854
2,1,1,0.70738393
2,0,0,0.31403118
2,0,0,0.38369083
2,0,0,0.26104105
2,0,0,0.12928437
2,1,0,0.15717457
2,0,1,0.61765033
2,1,0,0.16102129
2,0,0,0.38401017
2,0,0,0.17026263
2,0,0,0.28360987
2,1,0,0.34021497
2,1,1,0.7098339
2,0,1,0.503444
2,0,0,0.10328296
2,1,0,0.3106729
2,0,1,0.6342637
2,1,1,0.50069743
2,0,0,0.109662466
2,0,1,0.59858495
2,1,1,0.58057666
2,1,1,0.64794475
2,0,0,0.1660063
2,1,0,0.27525586
2,0,0,0.24284013
2,0,1,0.6480357
2,0,1,0.67934406
2,1,1,0.6696823
2,0,0,0.17190027
2,1,0,0.30495068
2,1,1,0.9037993
2,1,1,0.6526276
2,1,1,0.6270566
2,0,0,0.18206677
2,1,1,0.73375726
2,1,1,0.81317174
2,1,0,0.46858072
2,0,0,0.29259914
2,1,0,0.4920174
2,0,0,0.26614997
2,1,1,0.72719604
2,0,0,0.26260626
2,0,0,0.2236664
2,0,0,0.24614675
2,1,1,0.7489232
2,0,0,0.2828636
2,0,0,0.20263098
2,0,1,0.68910235
2,0,0,0.41080806
2,1,1,0.73560816
2,0,0,0.45353022
2,0,0,0.48735154
2,0,1,0.58670574
2,0,1,0.5336264
2,1,1,0.9187047
2,1,1,0.67437506
2,0,1,0.61199
2,0,0,0.43123847
2,0,1,0.7265655
2,0,1,0.6295141
2,1,1,0.72715515
2,1,1,0.7516831
2,1,0,0.3314646
2,1,1,0.7591471
2,0,0,0.27729234
2,1,1,0.771538
2,1,1,0.7905223
2,0,0,0.31437516
2,1,0,0.39529184
2,1,0,0.33361006
2,1,1,0.7515387
2,0,1,0.624468
2,0,1,0.6911803
2,1,0,0.26198047
2,0,0,0.30296537
2,0,0,0.16829398
2,1,1,0.82570004
2,1,0,0.41816944
2,0,0,0.18110181
2,0,0,0.46104354
2,1,0,0.18569002
2,1,1,0.73515004
2,1,1,0.82454157
2,0,1,0.7575021
2,1,1,0.7404719
2,0,0,0.27904636
2,1,1,0.7178415
2,0,1,0.62685394
2,0,0,0.33405653
2,1,1,0.88544935
2,1,1,0.77010053
2,0,1,0.76538527
2,1,0,0.479148
2,0,0,0.08779367
2,0,0,0.08755656
2,1,1,0.6885244
2,0,0,0.26024553
2,0,0,0.4866705
2,0,0,0.092357345
2,0,0,0.3193332
2,0,0,0.36306655
2,0,1,0.85055864
2,1,1,0.75290656
2,1,0,0.33834952
2,0,0,0.3348376
2,0,0,0.19751054
2,0,0,0.44998506
2,0,0,0.28881675
2,1,1,0.82892513
2,1,0,0.20035324
2,1,1,0.7143813
2,1,0,0.30732328
2,0,0,0.07503219
2,1,0,0.18064067
2,1,1,0.8591796
2,0,1,0.6058274
2,1,1,0.5673926
2,0,0,0.12769446
2,0,1,0.67886484
2,1,1,0.7040312
2,1,1,0.590105
2,0,0,0.4494121
2,1,1,0.6560238
2,1,1,0.87300724
2,0,1,0.7296618
2,1,0,0.1669391
2,1,0,0.08328679
2,0,0,0.13718665
2,0,0,0.42911494
2,0,0,0.11511787
2,1,0,0.18843396
2,1,1,0.92266357
2,1,0,0.48874718
2,1,1,0.81617093
2,0,1,0.5939944
2,1,1,0.7127497
2,0,0,0.29720536
2,0,0,0.19893861
2,0,0,0.3259629
2,1,1,0.7221034
2,1,1,0.65406156
2,0,1,0.67570156
2,0,0,0.3141596
2,0,0,0.16394942
2,1,1,0.9100391
2,0,1,0.68667203
2,1,1,0.66852504
2,1,0,0.14420791
2,0,0,0.30998635
2,1,1,0.76709586
2,1,0,0.45483345
2,0,0,0.29716462
2,1,0,0.111091234
2,0,0,0.20360178
2,0,0,0.32675582
2,1,1,0.8555351
2,0,1,0.71702886
2,0,1,0.6750517
2,1,0,0.46675205
2,0,0,0.23822425
2,0,1,0.8644973
2,1,1,0.57397574
2,0,1,0.59526
2,0,0,0.44151312
2,0,0,0.29833937
2,0,0,0.12086542
2,1,0,0.27503136
2,1,1,0.83114964
2,1,0,0.438427
2,0,1,0.65560585
2,0,0,0.28893507
2,1,1,0.7707782
2,0,0,0.36842066
2,0,0,0.44188318
2,1,0,0.29122624
2,0,0,0.15633065
2,0,0,0.43237892
2,1,1,0.80967915
2,1,1,0.556089
2,1,0,0.23109786
2,1,0,0.19402932
2,1,0,0.13162394
2,0,1,0.58265066
2,0,0,0.100435704
2,0,1,0.80903095
2,0,1,0.63452184
2,0,1,0.61609405
2,1,1,0.82179344
2,1,0,0.3997996
2,1,0,0.4020307
2,1,1,0.90182775
2,1,1,0.61021
2,0,0,0.1726225
2,1,0,0.07182446
2,1,1,0.78746784
2,0,0,0.27928478
2,0,0,0.26938942
2,0,0,0.40103894
2,0,0,0.18766762
2,0,0,0.15272015
2,1,1,0.8947709
2,0,1,0.66652447
2,1,1,0.7529448
2,1,1,0.6333534
2,0,1,0.7131882
2,0,0,0.47509906
2,0,0,0.28011817
2,1,1,0.56083703
2,0,1,0.5047905
2,0,0,0.48158157
2,1,1,0.73927474
2,0,0,0.2269576
2,1,1,0.8065705
2,0,1,0.59158504
2,1,1,0.72124046
2,1,1,0.5884808
2,0,1,0.58963054
2,0,1,0.6774685
2,1,1,0.75065064
2,1,0,0.3859342
2,0,0,0.20349011
2,0,0,0.10922818
2,0,0,0.17704889
2,1,1,0.5073888
2,0,0,0.3974572
2,1,1,0.6555032
2,0,1,0.7419358
2,1,1,0.8940158
2,0,1,0.84120286
2,0,1,0.6418957
2,0,1,0.5068955
2,0,0,0.13012345
2,1,0,0.3156259
2,0,0,0.14610197
2,1,1,0.78305954
2,1,1,0.69272596
2,0,1,0.82815963
2,0,1,0.67114884
2,1,0,0.35642985
2,0,0,0.086925104
2,1,1,0.70073384
2,1,1,0.7933693
2,0,1,0.7977315
2,1,0,0.46659753
2,0,0,0.2571518
2,1,0,0.46182203
2,1,1,0.847415
2,1,1,0.6092759
2,0,0,0.43422663
2,0,0,0.1736147
2,0,0,0.30860966
2,1,1,0.7437058
2,1,1,0.59670436
2,0,0,0.296954
2,0,0,0.30111495
2,0,1,0.8896446
2,0,1,0.5782389
2,1,0,0.4970815
2,0,0,0.11761052
2,0,0,0.11190741
2,1,1,0.6245233
2,1,0,0.4797745
2,0,0,0.23431878
2,0,0,0.31772828
2,1,1,0.5696538
2,0,1,0.6492257
2,0,0,0.4352148
2,0,0,0.4050407
2,0,0,0.13429329
2,1,0,0.4139029
2,1,1,0.55565476
2,1,0,0.19937281
2,0,1,0.78012127
2,1,1,0.73039806
2,0,0,0.24621868
2,0,1,0.61783427
2,1,1,0.6171574
2,1,1,0.55552864
2,1,0,0.3034103
2,0,0,0.10502945
2,1,1,0.82274574
2,1,1,0.73846096
2,1,0,0.31503186
2,0,0,0.17946859
2,0,0,0.17044373
2,1,1,0.7019456
2,0,0,0.28996977
2,0,0,0.20494585
2,0,0,0.100389235
2,1,1,0.7164526
2,1,1,0.7024719
2,1,1,0.6373719
2,1,0,0.35776773
2,1,0,0.27448198
2,0,0,0.06726578
2,1,0,0.4708504
2,0,0,0.40098345
2,0,0,0.16087659
2,0,0,0.23669069
2,1,1,0.75138193
2,1,1,0.6278029
2,1,1,0.5883462
2,1,0,0.25070432
2,0,0,0.09762369
2,0,0,0.08722222
2,0,0,0.22611853
2,0,1,0.89153284
2,1,1,0.76812184
2,0,1,0.6634068
2,0,0,0.13872911
2,1,0,0.25999042
2,1,0,0.316363
2,0,1,0.7227747
2,0,1,0.52653533
2,1,1,0.6262013
2,1,1,0.66894126
2,1,0,0.19855829
2,0,0,0.15009311
2,0,0,0.19145438
2,0,0,0.34335306
2,1,1,0.7402038
2,0,1,0.57578945
2,0,1,0.6708757
2,0,0,0.19173552
2,0,0,0.2660282
2,0,1,0.7933393
2,1,1,0.72547036
2,0,0,0.10679507
2,0,0,0.24357127
2,1,1,0.78180206
2,0,0,0.3302794
2,1,1,0.8002712
2,1,1,0.7878042
2,1,1,0.5318769
2,0,0,0.3006974
2,1,0,0.4618967
2,0,1,0.7626938
2,0,1,0.51559454
2,0,1,0.8045245
2,0,1,0.5161473
2,0,0,0.11809019
2,1,0,0.23512071
2,1,1,0.56971955
2,1,1,0.75055397
2,0,1,0.74994534
2,0,0,0.30969167
2,1,1,0.635254
2,0,1,0.52683175
2,0,1,0.6292873
2,0,1,0.66080457
2,1,1,0.6554366
2,0,0,0.4934488
2,0,1,0.6662922
2,1,1,0.7625862
2,1,1,0.60817355
2,1,1,0.64799017
2,1,1,0.55901587
2,0,0,0.47727427
2,0,1,0.59769094
2,0,0,0.4566708
2,1,1,0.7646034
2,0,1,0.59035224
2,1,1,0.75321114
2,1,0,0.3395504
2,1,1,0.6680437
2,1,1,0.6269109
2,0,0,0.34970674
2,1,1,0.5588034
2,0,1,0.80969024
2,0,1,0.598147
2,0,1,0.537291
2,0,0,0.14623396
2,1,1,0.6105298
2,0,1,0.5945766
2,1,1,0.7832999
2,0,1,0.5509096
2,0,1,0.54424125
2,1,1,0.54303956
2,1,1,0.7333496
2,0,1,0.6632428
2,0,0,0.27868775
2,1,1,0.8517934
2,1,1,0.70261395
2,1,1,0.57339877
2,1,1,0.72059894
2,0,0,0.14450657
2,0,0,0.23247819
2,1,1,0.743683
2,0,0,0.38363504
2,1,0,0.35344344
2,0,0,0.42180398
2,0,0,0.07977384
2,1,1,0.82366574
2,1,1,0.61034566
2,0,0,0.1326229
2,0,0,0.44407746
2,0,0,0.14817509
2,1,1,0.7485781
2,0,0,0.32928443
2,0,0,0.22027767
2,0,1,0.55883086
2,1,1,0.68816185
2,1,0,0.4639772
2,1,0,0.49680018
2,1,1,0.8330026
2,1,1,0.695494
2,0,1,0.507638
2,0,1,0.8893205
2,0,0,0.42174518
2,0,1,0.5254384
2,0,1,0.6042196
2,0,1,0.50202364
2,0,0,0.4835202
2,0,1,0.5482779
2,1,1,0.74317497
2,1,1,0.7622003
2,0,1,0.7364107
2,0,0,0.46776602
2,1,1,0.6367522
2,1,1,0.69078904
2,0,1,0.63614446
2,0,1,0.61862624
2,1,1,0.6811722
2,0,1,0.5211827
2,1,1,0.63295966
2,1,1,0.901803
2,1,0,0.48142764
2,1,0,0.47122666
2,1,1,0.6736561
2,1,1,0.6869669
2,0,1,0.5563161
2,1,1,0.7264228
2,0,0,0.25333163
2,0,0,0.47817722
2,0,0,0.4546133
2,0,0,0.29067734
2,0,1,0.69979644
2,0,1,0.8473922
2,0,0,0.27629343
2,1,1,0.6188992
2,1,1,0.5385894
2,1,1,0.6900845
2,0,1,0.6453381
2,1,0,0.48861635
2,1,1,0.74458605
2,0,1,0.5638846
2,0,1,0.7589638
2,0,0,0.3484847
2,1,1,0.7041375
2,0,1,0.7216408
2,1,1,0.73173463
2,0,1,0.6350293
2,1,1,0.74184054
2,1,1,0.68929416
2,1,1,0.6543108
2,0,0,0.48406997
2,0,1,0.67758495
2,1,1,0.7102672
2,0,1,0.5855016
2,0,0,0.35566553
2,1,0,0.49043202
2,0,0,0.34082222
2,0,1,0.52228624
2,1,0,0.429397
2,0,0,0.4526445
2,1,1,0.6427661
2,0,1,0.5435099
2,0,0,0.3363223
2,1,1,0.81249756
2,1,1,0.5177995
2,0,0,0.25899753
2,0,1,0.6390885
2,0,0,0.11253758
2,0,1,0.5639108
2,0,0,0.22640114
2,1,1,0.6098366
2,1,1,0.57038695
2,1,1,0.5856563
2,0,1,0.6753365
2,0,1,0.62779397
2,0,0,0.31198624
2,1,0,0.46086535
2,1,1,0.60131866
2,0,0,0.1617985
2,1,1,0.77210885
2,0,1,0.5631144
2,0,1,0.7226621
2,1,1,0.50413257
2,1,0,0.39648172
2,1,0,0.1290971
2,0,0,0.29197395
2,1,1,0.83675617
2,0,0,0.39954573
2,0,0,0.10163302
2,0,1,0.5797016
2,0,0,0.3396516
2,0,0,0.21770963
2,0,0,0.3172326
2,1,1,0.5216535
2,1,1,0.9444203
2,0,1,0.71968466
2,0,1,0.57261133
2,1,1,0.82818973
2,1,1,0.6663028
2,0,1,0.64974844
2,0,1,0.72274065
2,0,1,0.73137665
2,1,1,0.8331107
2,0,0,0.24006066
2,0,0,0.12431404
2,1,1,0.64055574
2,1,1,0.7958713
2,0,1,0.6302177
2,0,1,0.5862799
2,1,1,0.6372796
2,0,1,0.5759378
2,0,0,0.4892193
2,1,1,0.659458
2,1,0,0.4637345
2,1,1,0.85042197
2,1,1,0.5973845
2,1,0,0.2838846
2,0,0,0.39343026
2,0,0,0.16515443
2,1,0,0.20326611
2,0,0,0.46561345
2,1,1,0.79257715
2,0,0,0.38764986
2,1,0,0.37148905
2,0,0,0.21806392
2,0,0,0.37900895
2,0,0,0.07253684
2,0,0,0.11373533
2,1,1,0.67281365
2,1,1,0.5655491
2,0,0,0.083053045
2,0,1,0.6766787
2,0,0,0.49597186
2,1,1,0.9196016
2,1,1,0.72784215
2,0,1,0.6732037
2,1,0,0.38467276
2,1,0,0.45854217
2,1,1,0.58293784
2,0,1,0.6676931
2,1,1,0.78252465
2,0,0,0.30960342
2,1,1,0.6418135
2,1,1,0.73798764
2,0,0,0.36183694
2,0,0,0.15508708
2,0,0,0.33004045
2,0,0,0.1321814
2,0,0,0.4205768
2,0,1,0.540632
2,1,1,0.6873305
2,0,0,0.23844528
2,0,0,0.38231787
2,1,1,0.7926143
2,0,0,0.4327594
2,1,1,0.5530311
2,0,0,0.259311
2,0,0,0.106934346
2,1,1,0.88169974
2,1,1,0.86064446
2,0,1,0.5141199
2,0,0,0.116316766
2,0,0,0.16958319
2,1,1,0.65760106
2,1,1,0.7283086
2,0,0,0.46996862
2,1,1,0.5178594
2,0,0,0.18695465
2,0,0,0.41482136
2,0,0,0.20738766
2,1,1,0.7937908
2,1,1,0.8084664
2,1,1,0.5560434
2,1,1,0.7000621
2,1,0,0.46079218
2,0,0,0.29068547
2,0,1,0.7568075
2,0,1,0.5737892
2,0,1,0.54242927
2,1,1,0.70724523
2,1,0,0.32373795
2,0,0,0.29858443
2,0,0,0.1502334
2,0,0,0.41661665
2,1,1,0.8798596
2,1,0,0.44245067
2,0,0,0.4982074
2,1,0,0.45737332
2,1,1,0.72809297
2,0,1,0.6354856
2,0,0,0.4587749
2,1,1,0.6917904
2,0,1,0.8122664
2,0,0,0.39946333
2,0,0,0.24672446
2,1,1,0.8326272
2,0,1,0.51644105
2,1,0,0.27918363
2,1,0,0.47730565
2,0,0,0.35460886
2,0,0,0.26573274
2,0,1,0.6926282
2,0,1,0.6323215
2,0,0,0.15538989
2,0,0,0.4991756
2,1,1,0.5334383
2,0,1,0.63011813
2,1,1,0.8806502
2,1,1,0.7281347
2,1,0,0.23854855
2,1,0,0.40459484
2,0,0,0.2523934
2,0,0,0.13397788
2,1,0,0.30207908
2,0,1,0.66827005
2,1,1,0.84471256
2,1,1,0.6930723
2,1,1,0.73361146
2,0,1,0.58176357
2,0,1,0.55120224
2,0,1,0.78498286
2,1,1,0.75124365
2,1,1,0.64264804
2,0,1,0.55554205
2,0,0,0.42089736
2,0,0,0.32155985
2,0,0,0.124585584
2,0,0,0.25543964
2,1,1,0.8574732
2,1,1,0.87574214
2,1,1,0.8809666
2,1,1,0.76386684
2,1,1,0.55584884
2,0,0,0.19380566
2,0,0,0.2653016
2,1,1,0.84719825
2,0,1,0.7261036
2,1,1,0.6187411
2,1,1,0.52737945
2,0,0,0.23980682
2,1,0,0.24668522
2,1,1,0.551787
2,0,0,0.155667
2,0,0,0.2368718
2,1,1,0.90878767
2,0,1,0.6558284
2,0,0,0.3864141
2,1,1,0.585656
2,0,0,0.27154028
2,0,1,0.50328124
2,1,1,0.857582
2,0,0,0.35933885
2,1,0,0.24039954
2,1,0,0.18343422
2,0,1,0.57899106
2,1,1,0.76655126
2,1,1,0.68507785
2,0,0,0.13633542
2,0,1,0.61062497
2,0,0,0.4655707
2,1,1,0.80864936
2,1,1,0.768821
2,1,0,0.33095267
2,1,0,0.37159023
2,0,1,0.5464458
2,0,1,0.59008384
2,0,1,0.521752
2,0,1,0.8253733
2,1,1,0.5588071
2,1,1,0.6088778
2,0,1,0.7079673
2,1,1,0.5338707
2,0,0,0.4708037
2,0,0,0.34493953
2,1,0,0.24950778
2,0,0,0.09847137
2,0,1,0.631139
2,0,0,0.37141576
2,1,1,0.7931983
2,0,1,0.59801084
2,0,0,0.24042796
2,0,1,0.6959589
2,0,0,0.32538924
2,1,1,0.6862452
2,1,1,0.64161325
2,1,1,0.5834397
2,1,1,0.824271
2,1,1,0.54219425
2,1,0,0.34243226
2,0,0,0.45248544
2,0,1,0.6866659
2,1,1,0.72387034
2,0,0,0.17548737
2,1,0,0.48368907
2,0,1,0.5212649
2,0,1,0.6444356
2,0,0,0.47952914
2,0,1,0.75994265
2,1,1,0.8973515
2,0,1,0.59228766
2,1,1,0.6773213
2,0,0,0.1350152
2,0,1,0.7362569
2,1,1,0.6380802
2,0,1,0.7629347
2,1,1,0.8574935
2,1,1,0.6738201
2,1,1,0.59817135
2,0,0,0.060293727
2,0,0,0.113493666
2,0,1,0.6797675
2,1,1,0.94602317
2,1,1,0.6502542
2,0,0,0.42615342
2,1,1,0.71125036
2,1,0,0.4420977
2,0,0,0.12011061
2,0,1,0.67994004
2,0,1,0.5700067
2,1,1,0.75795877
2,0,1,0.6446878
2,1,1,0.88600075
2,1,1,0.7122721
2,1,0,0.17381036
2,0,0,0.15921243
2,1,1,0.64859587
2,0,1,0.8358553
2,0,1,0.71697813
2,0,1,0.59524155
2,0,1,0.53320724
2,0,1,0.51738936
2,0,0,0.059473924
2,1,0,0.40397578
2,0,0,0.13907236
2,1,1,0.67795086
2,0,0,0.14494345
2,1,1,0.7077436
2,0,1,0.6759919
2,0,1,0.6469289
2,1,1,0.8810347
2,1,1,0.61772853
2,0,0,0.07223402
2,0,0,0.46182504
2,1,1,0.74352145
2,1,1,0.9548299
2,1,1,0.7117296
2,1,0,0.24325183
2,1,1,0.836111
2,0,0,0.2522314
2,1,1,0.79934347
2,1,1,0.702685
2,0,0,0.25719354
2,1,0,0.23693335
2,0,0,0.1618801
2,0,0,0.2470159
2,0,0,0.10668333
2,1,1,0.8632598
2,1,1,0.66615707
2,0,0,0.2639085
2,0,1,0.6336085
2,0,0,0.13233413
2,0,0,0.35220823
2,0,0,0.16980337
2,1,1,0.8185729
2,0,1,0.57149935
2,1,1,0.6692084
2,0,0,0.42550117
2,1,1,0.8249769
2,1,1,0.7343508
2,0,0,0.43001968
2,1,0,0.4652098
2,0,1,0.5233182
2,1,1,0.6195919
2,0,0,0.46350804
2,0,0,0.45753592
2,0,0,0.28597584
2,1,1,0.6173834
2,1,0,0.23292002
2,0,1,0.5839817
2,0,1,0.7273266
2,1,1,0.5750483
2,0,0,0.44788465
2,1,1,0.53725946
2,1,1,0.51929045
2,1,1,0.7117574
2,1,1,0.6795915
2,0,1,0.60733455
2,0,1,0.5524262
2,1,1,0.5606936
2,0,0,0.12872717
2,1,1,0.7418986
2,0,0,0.42382678
2,0,0,0.37962043
2,0,1,0.6366335
2,0,1,0.5889339
2,1,1,0.612923
2,1,1,0.71942145
2,0,0,0.35041517
2,1,1,0.5155748
2,0,1,0.5284681
2,1,1,0.90803206
2,1,1,0.7157262
2,1,1,0.6573197
2,1,1,0.69202656
2,0,1,0.6176828
2,1,1,0.63519543
2,0,1,0.66803366
2,1,1,0.758618
2,0,0,0.3762766
2,1,1,0.7201691
2,0,0,0.43809184
2,1,1,0.5577216
2,0,0,0.14282316
2,1,1,0.7482454
2,0,1,0.5709922
2,0,0,0.2993114
2,0,0,0.14345594
2,1,1,0.7086209
2,0,0,0.34769756
2,1,0,0.42978618
2,0,0,0.31252363
2,1,1,0.52469134
2,1,1,0.6649281
2,0,1,0.55600387
2,0,1,0.55861986
2,1,1,0.7313359
2,0,1,0.5941762
2,0,0,0.37968484
2,1,1,0.67908835
2,0,0,0.4916247
2,0,0,0.4045119
2,1,1,0.7407054
2,0,0,0.42663637
2,1,1,0.61624575
2,0,0,0.48800296
2,1,1,0.71790266
2,0,1,0.66899294
2,0,0,0.20184535
2,0,0,0.23682351
2,1,1,0.81752044
2,1,1,0.82833266
2,1,1,0.7637103
2,0,1,0.8106223
2,0,0,0.4377255
2,0,1,0.6835807
2,0,1,0.6167039
2,0,1,0.82838273
2,1,1,0.80925137
2,0,1,0.69109094
2,0,0,0.18630116
2,0,1,0.5937052
2,0,0,0.32211155
2,1,1,0.58736235
2,1,1,0.72584146
2,0,1,0.57012105
2,1,1,0.76075953
2,0,0,0.41240972
2,1,1,0.6713561
2,0,0,0.24022418
2,1,1,0.6584499
2,0,0,0.37302464
2,0,1,0.59951246
2,1,0,0.41939953
2,0,1,0.64567024
2,1,1,0.60562676
2,1,1,0.5944072
2,1,1,0.85153174
2,1,1,0.6529018
2,0,0,0.3514728
2,1,1,0.7192553
2,1,1,0.628086
2,0,1,0.6062857
2,0,1,0.5896804
2,0,1,0.6985673
2,0,1,0.7872243
2,0,1,0.6108973
2,0,1,0.6870025
2,1,1,0.6286419
2,0,0,0.4967374
2,0,1,0.62133336
2,0,1,0.7459405
2,1,1,0.622155
2,1,0,0.49559844
2,0,0,0.32380146
2,1,1,0.6863645
2,0,0,0.38048986
2,0,1,0.5777522
2,0,1,0.55486184
2,1,1,0.524235
2,1,0,0.4066973
2,0,1,0.6439981
2,0,1,0.73884314
2,0,1,0.75048476
2,1,1,0.72567034
2,1,0,0.27909818
2,0,1,0.52938354
2,1,1,0.9372572
2,0,1,0.6647458
2,0,1,0.570621
2,1,1,0.52463126
2,1,1,0.69789857
2,1,1,0.7808689
2,0,0,0.1929127
2,1,1,0.52187437
2,0,0,0.09245402
2,1,1,0.5562174
2,0,1,0.6367945
2,0,0,0.28556815
2,0,0,0.14364046
2,1,1,0.8915719
2,0,1,0.68087655
2,0,0,0.12569734
2,0,1,0.66440934
2,1,1,0.77110267
2,0,0,0.4745715
2,0,0,0.43182078
2,0,1,0.5185801
2,0,1,0.5070275
2,1,1,0.58642507
2,1,1,0.5637779
2,1,1,0.9235751
2,0,1,0.8269226
2,1,1,0.65974575
2,0,0,0.2953301
2,1,1,0.8178409
2,0,1,0.52898514
2,0,0,0.31749505
2,1,1,0.56485164
2,0,0,0.17648841
2,1,0,0.24831635
2,0,0,0.17492098
2,1,1,0.94129705
2,0,1,0.7566791
2,1,1,0.6825378
2,0,0,0.21248952
2,1,1,0.6803951
2,1,1,0.7626698
2,0,1,0.55049133
2,0,1,0.54028755
2,0,1,0.56321776
2,0,1,0.75273824
2,1,1,0.6268118
2,1,1,0.6464409
2,1,0,0.46527693
2,0,1,0.5802943
2,1,1,0.67118937
2,0,0,0.48332214
2,0,1,0.63335985
2,0,0,0.38129994
2,0,0,0.39907545
2,0,1,0.6663543
2,0,1,0.6114952
2,1,0,0.44113442
2,0,0,0.43208414
2,1,1,0.63134074
2,1,1,0.734085
2,1,1,0.6736591
2,0,1,0.62769717
2,0,1,0.5914979
2,0,1,0.56782633
2,0,1,0.8256053
2,1,0,0.43118128
2,1,1,0.7118554
2,0,1,0.6694483
2,1,1,0.6037698
2,0,1,0.54371715
2,0,1,0.57325596
2,1,1,0.9619171
2,1,1,0.7951205
2,0,1,0.66539174
2,0,0,0.13063866
2,0,0,0.1394137
2,1,1,0.77129745
2,1,1,0.5291212
2,0,0,0.25878334
2,0,0,0.2883993
2,1,1,0.94832546
2,1,1,0.72526985
2,1,0,0.4910893
2,0,0,0.117731676
2,0,0,0.14365755
2,1,1,0.82021725
2,0,1,0.8382324
2,1,1,0.51219094
2,0,0,0.2759391
2,0,0,0.35582802
2,0,0,0.14269277
2,1,1,0.7971797
2,1,1,0.6038981
2,1,0,0.31586352
2,0,0,0.1403551
2,0,0,0.29522213
2,1,1,0.9604191
2,1,1,0.7235422
2,1,1,0.7534587
2,0,0,0.26663706
2,0,1,0.5855945
2,1,0,0.43143412
2,1,0,0.17758508
2,0,0,0.10535903
2,1,1,0.76973146
2,0,0,0.4781699
2,1,0,0.13062428
2,0,0,0.42243722
2,1,1,0.89777416
2,0,0,0.38882667
2,0,0,0.17415182
2,0,0,0.32089964
2,0,0,0.29007328
2,0,0,0.15802798
2,0,1,0.8487208
2,0,0,0.25215796
2,0,0,0.48018676
2,1,1,0.6824204
2,1,1,0.5379144
2,0,0,0.097003356
2,1,1,0.70628595
2,1,1,0.50808036
2,0,0,0.34131077
2,0,0,0.11843931
2,1,1,0.6959957
2,0,1,0.6223577
2,0,1,0.7285277
2,0,1,0.51117164
2,0,0,0.11794695
2,1,1,0.61526614
2,1,0,0.4880246
2,1,1,0.52659494
2,0,0,0.40879098
2,1,1,0.7003209
2,0,0,0.24475598
2,0,0,0.18657312
2,1,1,0.6083759
2,1,0,0.44512042
2,0,1,0.50872135
2,1,1,0.58073807
2,1,0,0.36341345
2,0,1,0.57334065
2,1,0,0.4853874
2,1,0,0.43853045
2,0,0,0.47973338
2,0,1,0.5205651
2,0,0,0.47330606
2,0,1,0.65271425
2,0,0,0.37165543
2,1,1,0.772488
2,1,1,0.6454546
2,1,1,0.6788494
2,0,1,0.6808601
2,0,0,0.41954866
2,0,1,0.6902231
2,0,1,0.5797749
2,1,1,0.5747697
2,1,1,0.6660479
2,0,1,0.53575927
2,1,1,0.6842078
2,1,1,0.7223447
2,1,1,0.5633022
2,1,1,0.674309
2,1,1,0.6110757
2,0,0,0.41160917
2,0,1,0.7167928
2,1,1,0.64508
2,0,1,0.7117316
2,0,1,0.57390785
2,0,0,0.19720773
2,0,1,0.6355864
2,1,1,0.68201715
2,0,0,0.49766168
2,0,1,0.52129185
2,0,1,0.60674924
2,1,1,0.65814745
2,0,1,0.5923573
2,0,1,0.64764994
2,0,1,0.5293905
2,0,0,0.42662635
2,0,1,0.6417228
2,1,1,0.9197402
2,0,1,0.61505723
2,1,1,0.7957784
2,0,1,0.7533322
2,0,1,0.5266354
2,1,1,0.6665387
2,1,1,0.6318238
2,0,1,0.854242
2,0,1,0.68182606
2,1,1,0.7256554
2,0,1,0.76503766
2,1,1,0.92101246
2,0,1,0.6069784
2,1,1,0.66104287
2,1,1,0.5062341
2,1,1,0.6904389
2,1,1,0.53772014
2,1,1,0.81691486
2,0,1,0.55571127
2,0,0,0.41646835
2,0,1,0.71332484
2,0,1,0.5584533
2,0,1,0.6405711
2,0,1,0.5963128
2,1,1,0.90185624
2,1,1,0.7950527
2,0,1,0.82051194
2,0,1,0.73984087
2,1,1,0.50744796
2,0,0,0.32728016
2,0,1,0.6397915
2,1,1,0.7586712
2,0,1,0.58213395
2,0,1,0.663075
2,1,1,0.5016911
2,0,0,0.296944
2,1,1,0.5553512
2,0,1,0.5570099
2,1,1,0.7261416
2,0,1,0.64516133
2,1,1,0.8624669
2,0,1,0.56339884
2,0,0,0.4993715
2,0,1,0.6453551
2,1,1,0.7476633
2,0,1,0.94436675
2,1,1,0.64389294
2,0,0,0.19378804
2,1,1,0.5899488
2,1,1,0.5336263
2,0,1,0.6766458
2,0,1,0.64500225
2,0,1,0.7600204
2,1,1,0.5822752
2,0,0,0.4873585
2,1,1,0.7487069
2,1,1,0.5816928
2,1,1,0.7452013
2,0,1,0.6062741
2,1,1,0.6969319
2,0,0,0.48018584
2,1,1,0.6435782
2,1,1,0.68904245
2,1,0,0.45102182
2,0,1,0.7455514
2,0,1,0.7478889
2,1,0,0.3285536
2,0,0,0.17659013
2,0,0,0.23568848
2,1,1,0.8207874
2,0,1,0.6064626
2,0,1,0.61899173
2,1,1,0.6888198
2,1,1,0.6772158
2,0,1,0.67673796
2,0,0,0.40161023
2,0,0,0.26098442
2,1,1,0.575026
2,0,0,0.34552112
2,0,1,0.5521406
2,1,0,0.24406952
2,1,0,0.29318658
2,1,0,0.3982373
2,0,0,0.41939107
2,0,0,0.4402755
2,0,0,0.21395798
2,0,1,0.7557488
2,1,1,0.6054918
2,1,0,0.39143196
2,1,0,0.38632587
2,0,1,0.54162145
2,0,0,0.4343528
2,1,1,0.6051694
2,0,1,0.6927751
2,1,0,0.46735284
2,1,0,0.41799405
2,1,1,0.8960589
2,1,1,0.7687344
2,1,1,0.68501323
2,0,0,0.12835622
2,0,1,0.8329889
2,0,1,0.6438146
2,1,1,0.8283475
2,0,1,0.62668794
2,0,0,0.13847037
2,0,0,0.25190362
2,0,0,0.116108246
2,1,1,0.60628635
2,1,0,0.38068432
2,1,1,0.5387433
2,0,0,0.19564998
2,1,1,0.7558761
2,1,1,0.6451229
2,0,0,0.49293864
2,1,1,0.62578785
2,0,0,0.48867804
2,0,0,0.39935
2,0,1,0.5147575
2,0,1,0.72414654
2,0,0,0.49574596
2,1,0,0.37753525
2,1,0,0.38190153
2,1,0,0.25408933
2,0,0,0.19426268
2,1,1,0.618412
2,1,1,0.598556
2,0,0,0.10894405
2,0,0,0.14664638
2,1,1,0.763115
2,0,1,0.6921499
2,1,1,0.6827874
2,0,1,0.7167549
2,0,1,0.6712875
2,1,1,0.6908146
2,0,1,0.6031822
2,1,1,0.70567274
2,1,1,0.6565173
2,0,0,0.14901204
2,1,0,0.24023297
2,0,1,0.6210122
2,0,1,0.52640766
2,0,1,0.64641035
2,1,1,0.81064546
2,1,1,0.82824254
2,1,1,0.6088067
2,1,1,0.65725875
2,1,1,0.7566021
2,1,1,0.5536153
2,0,1,0.72802705
2,0,1,0.57470006
2,1,1,0.80980784
2,0,0,0.12720443
2,1,1,0.6937996
2,1,0,0.19286154
2,0,0,0.16878267
2,0,1,0.859488
2,0,1,0.7441095
2,0,1,0.53467655
2,0,1,0.8275541
2,1,1,0.7990327
2,0,0,0.3945099
2,1,1,0.65138865
2,1,0,0.43010944
2,1,0,0.14109032
2,0,0,0.08156032
2,0,0,0.08156032
2,0,0,0.4989571
2,0,0,0.26170713
2,0,0,0.33409727
2,1,1,0.7051693
2,0,1,0.7243104
2,0,0,0.26654163
2,1,1,0.70508283
2,1,1,0.5315563
2,1,1,0.7203918
2,1,0,0.38211733
2,1,0,0.18337783
2,0,0,0.40760237
2,0,0,0.41560823
2,0,0,0.21971615
2,0,1,0.53184557
2,0,1,0.7311349
2,0,0,0.4964781
2,1,1,0.6461845
2,0,0,0.486126
2,1,1,0.6128871
2,1,1,0.61308336
2,0,1,0.7825905
2,1,0,0.37214047
2,1,1,0.51909065
2,1,0,0.35382134
2,0,0,0.44013354
2,1,1,0.6429304
2,0,0,0.37685484
2,1,0,0.22394496
2,0,1,0.80810523
2,0,1,0.7183644
2,1,0,0.37313417
2,0,0,0.20445833
2,1,1,0.72096974
2,0,1,0.60100776
2,1,1,0.751584
2,0,1,0.57839966
2,0,1,0.72083616
2,0,1,0.58045506
2,1,0,0.4266163
2,0,1,0.6725746
2,1,0,0.4912666
2,1,1,0.84608024
2,1,1,0.65646684
2,1,1,0.75499004
2,0,0,0.14148912
2,1,1,0.85684687
2,0,0,0.4834376
2,0,1,0.6415316
2,0,0,0.4577219
2,1,1,0.8772507
2,1,1,0.77631986
2,0,0,0.4712413
2,0,0,0.09043907
2,0,0,0.12188777
2,1,1,0.7807124
2,1,1,0.75629747
2,1,0,0.20452112
2,0,0,0.1020922
2,0,0,0.18125208
2,0,1,0.6789356
2,0,0,0.15929079
2,1,0,0.49312374
2,0,0,0.14766413
2,1,1,0.66440094
2,0,1,0.7351895
2,1,1,0.5842693
2,0,1,0.8349778
2,1,0,0.32997236
2,0,0,0.2560262
2,1,1,0.5955276
2,1,1,0.69217145
2,1,1,0.5967737
2,0,0,0.14011611
2,0,0,0.29939696
2,0,0,0.17357028
2,0,0,0.11043053
2,1,1,0.79325557
2,1,1,0.5873557
2,0,0,0.4698142
2,0,1,0.65787816
2,1,1,0.6424355
2,0,0,0.30445504
2,0,1,0.726428
2,1,1,0.682078
2,0,1,0.61743027
2,1,1,0.5902684
2,0,0,0.23200522
2,0,1,0.5887015
2,1,1,0.6436492
2,0,1,0.64027035
2,1,0,0.49227202
2,0,0,0.13686867
2,1,1,0.56117594
2,0,1,0.77138263
2,0,1,0.5859844
2,1,1,0.7877588
2,1,1,0.711292
2,0,0,0.48379338
2,0,0,0.4377336
2,1,1,0.8469854
2,1,1,0.65945923
2,0,1,0.5690003
2,0,0,0.25719476
2,0,1,0.6234451
2,0,0,0.36876202
2,0,1,0.5334502
2,0,1,0.503089
2,0,0,0.15741542
2,0,0,0.2983299
2,1,1,0.54722637
2,0,1,0.62784237
2,1,0,0.48777977
2,1,1,0.5848081
2,0,1,0.66568035
2,1,1,0.7221016
2,1,1,0.6324094
2,1,1,0.6257646
2,1,1,0.75207645
2,0,1,0.5970284
2,1,1,0.617114
2,0,1,0.5162412
2,0,1,0.7363375
2,1,1,0.8814858
2,0,1,0.5327331
2,0,0,0.22113153
2,0,0,0.27241853
2,0,0,0.12040038
2,0,1,0.60812306
2,0,1,0.68111587
2,0,1,0.55174357
2,1,1,0.68485373
2,1,1,0.747769
2,1,1,0.5526849
2,1,1,0.6580694
2,0,1,0.6845733
2,0,1,0.51198536
2,0,0,0.4284033
2,0,1,0.5811711
2,0,0,0.35786727
2,1,1,0.5799249
2,0,0,0.31195515
2,0,1,0.82759064
2,1,1,0.7361155
2,1,1,0.50821495
2,1,1,0.52657264
2,0,0,0.16670126
2,1,0,0.44648144
2,1,1,0.5158572
2,1,0,0.47477064
2,1,0,0.38417605
2,0,1,0.6514939
2,0,1,0.70019597
2,1,1,0.668662
2,0,0,0.3455808
2,0,0,0.16977088
2,0,0,0.23737232
2,1,1,0.7879462
2,1,0,0.46882826
2,0,1,0.51875263
2,0,1,0.67506003
2,1,1,0.90910864
2,0,1,0.8338512
2,1,1,0.83352447
2,0,0,0.26350063
2,1,1,0.813869
2,0,1,0.5745158
2,0,1,0.70313805
2,1,1,0.8491098
2,1,1,0.8077059
2,0,1,0.53020984
2,0,0,0.3035304
2,1,0,0.4977369
2,0,0,0.44964358
2,0,0,0.29048347
2,1,1,0.72674966
2,0,1,0.627597
2,0,1,0.6759574
2,1,0,0.4636361
2,1,1,0.5483904
2,1,1,0.7272373
2,1,1,0.82374114
2,0,0,0.1810164
2,0,1,0.93622845
2,0,1,0.73585063
2,1,1,0.70477873
2,0,0,0.4668059
2,1,1,0.72640276
2,1,1,0.7804197
2,1,1,0.8207392
2,0,0,0.41881114
2,1,1,0.58613324
2,0,0,0.42782062
2,1,1,0.758154
2,0,1,0.7646944
2,0,1,0.6629492
2,0,1,0.62308574
2,1,1,0.7541004
2,1,1,0.684133
2,1,1,0.75941986
2,1,1,0.5459447
2,0,0,0.19780098
2,0,0,0.13695721
2,1,1,0.50446385
2,0,0,0.09390442
2,1,1,0.695061
2,0,1,0.59880614
2,0,0,0.09947885
2,0,0,0.21332373
2,0,0,0.37284818
2,0,0,0.1724241
2,0,1,0.54346836
2,1,1,0.5806261
2,0,1,0.8634543
2,1,1,0.8225247
2,1,0,0.41948646
2,0,0,0.17770094
2,1,1,0.8102293
2,0,0,0.31798652
2,1,1,0.73521453
2,0,1,0.64123964
2,0,0,0.45873013
2,1,1,0.7390022
2,1,1,0.8403714
2,1,1,0.88792366
2,0,0,0.11126129
2,0,0,0.33177906
2,1,0,0.22720213
2,1,0,0.35292515
2,0,0,0.21397734
2,1,1,0.8138438
2,0,0,0.09553427
2,1,0,0.34497395
2,0,0,0.35585424
2,0,0,0.14252312
2,0,0,0.1231566
2,0,1,0.59365314
2,1,1,0.5820244
2,1,1,0.68857235
2,1,1,0.79861903
2,1,1,0.74635303
2,1,0,0.48841944
2,0,0,0.10185537
2,0,0,0.17204465
2,1,1,0.80169344
2,0,0,0.14271875
2,0,0,0.31987777
2,1,0,0.32965383
2,0,1,0.6281657
2,0,0,0.2910342
2,0,0,0.12167071
2,0,0,0.11495487
2,0,0,0.39189327
2,1,1,0.8253849
2,0,1,0.52835226
2,1,1,0.6563184
2,0,0,0.21466593
2,0,0,0.36906937
2,0,0,0.39985278
2,1,0,0.33924028
2,0,1,0.69410694
2,0,1,0.6617535
2,1,1,0.58168703
2,0,0,0.3072623
2,0,1,0.6851543
2,1,1,0.71970165
2,1,0,0.4364849
2,1,0,0.43436307
2,0,1,0.78760016
2,0,0,0.45976138
2,0,1,0.7448118
2,1,0,0.18745196
2,0,0,0.1831912
2,1,0,0.46012345
2,0,0,0.427605
2,1,0,0.31383106
2,1,0,0.17602156
2,1,1,0.80044496
2,0,1,0.56138504
2,1,1,0.5829328
2,1,0,0.4640562
2,0,1,0.5055084
2,0,0,0.3126022
2,0,1,0.7425648
2,0,0,0.34848976
2,1,0,0.35632834
2,1,1,0.734489
2,0,1,0.5515159
2,0,0,0.15140605
2,1,0,0.48136994
2,1,1,0.8925385
2,0,0,0.34259388
2,0,1,0.6533697
2,0,0,0.4561656
2,0,0,0.17738028
2,0,0,0.37557057
2,0,1,0.78624225
2,0,1,0.73403114
2,1,1,0.6737306
2,1,1,0.7295023
2,1,1,0.69354486
2,1,1,0.63928324
2,0,1,0.76107454
2,1,1,0.674317
2,1,1,0.9215082
2,0,0,0.44328785
2,1,1,0.8219966
2,1,1,0.5735499
2,0,1,0.5251528
2,0,0,0.33429277
2,0,0,0.31610617
2,0,1,0.69384223
2,0,1,0.5944008
2,1,0,0.48583442
2,0,0,0.4603304
2,1,1,0.81733626
2,0,0,0.4809484
2,1,1,0.9270612
2,1,1,0.64926726
2,0,0,0.44796637
2,0,0,0.34985095
2,1,1,0.53836495
2,1,1,0.6116245
2,0,0,0.15712854
2,1,1,0.5060915
2,0,0,0.06050133
2,1,1,0.84564286
2,1,1,0.6349471
2,1,1,0.68189424
2,1,0,0.44230926
2,0,0,0.4831193
2,1,0,0.39028645
2,0,1,0.5473096
2,0,0,0.17204657
2,0,0,0.45731866
2,0,0,0.3989472
2,0,0,0.2221725
2,1,0,0.46478757
2,0,1,0.6247432
2,0,0,0.43275476
2,1,1,0.6838832
2,0,1,0.52622455
2,0,0,0.47425428
2,1,1,0.57742745
2,0,1,0.57000685
2,0,1,0.6815781
2,1,1,0.641297
2,0,0,0.32557195
2,1,1,0.8154005
2,1,1,0.5455441
2,0,0,0.2882542
2,1,1,0.7476511
2,0,0,0.41677237
2,0,0,0.3038297
2,0,1,0.74081147
2,0,0,0.16002432
2,1,0,0.43299508
2,0,0,0.14290878
2,0,1,0.596922
2,1,1,0.86010444
2,0,1,0.5297215
2,1,1,0.6160065
2,0,1,0.5327042
2,0,0,0.40038922
2,1,0,0.24413012
2,1,1,0.5861784
2,1,1,0.6231927
2,0,0,0.3994387
2,1,1,0.644603
2,1,0,0.4927456
2,0,0,0.25881717
2,1,0,0.38054842
2,0,0,0.11365701
2,1,1,0.8030475
2,1,1,0.5660405
2,1,1,0.6493818
2,1,1,0.59684366
2,0,0,0.1528614
2,0,0,0.14940229
2,0,0,0.36881834
2,0,1,0.6464639
2,0,1,0.5818897
2,0,1,0.558817
2,0,0,0.41991636
2,0,1,0.5719166
2,0,0,0.2534163
2,1,0,0.38002062
2,1,1,0.7854753
2,1,0,0.43917003
2,1,0,0.15649754
2,0,0,0.30915308
2,1,0,0.1989305
2,1,0,0.076707505
2,1,0,0.3902948
2,0,0,0.39502954
2,1,1,0.60716784
2,1,1,0.68214047
2,1,0,0.26355815
2,0,1,0.56105936
2,0,1,0.5084099
2,1,0,0.06834225
2,1,1,0.6819314
2,1,1,0.6098753
2,1,1,0.62719095
2,0,0,0.47089648
2,1,1,0.8685269
2,0,1,0.55405897
2,0,1,0.5429295
2,0,0,0.3128809
2,1,1,0.55578774
2,0,0,0.43710336
2,1,1,0.53993016
2,0,0,0.39293227
2,1,0,0.4952277
2,0,1,0.6064943
2,1,1,0.8542007
2,1,1,0.63071376
2,0,1,0.50801694
2,1,1,0.58637464
2,0,1,0.67519575
2,0,1,0.6298772
2,1,1,0.7690639
2,0,1,0.6185843
2,0,0,0.41098166
2,0,1,0.67857677
2,1,1,0.8210501
2,1,1,0.57803243
2,1,0,0.3316272
2,0,1,0.5758355
2,0,0,0.3818528
2,0,1,0.7247832
2,1,1,0.8800953
2,1,1,0.757661
2,0,1,0.8641352
2,0,0,0.39274535
2,1,1,0.5017956
2,0,0,0.45218942
2,1,1,0.9350643
2,1,1,0.79818994
2,1,0,0.47071165
2,1,1,0.733666
2,1,1,0.70990884
2,1,1,0.80049413
2,1,1,0.57038456
2,0,1,0.67594904
2,0,1,0.62907207
2,1,1,0.5973046
2,0,1,0.5903718
2,1,1,0.58403563
2,0,0,0.4545277
2,1,1,0.8743977
2,1,1,0.7551592
2,1,0,0.3913426
2,1,0,0.41063407
2,1,1,0.6713736
2,0,0,0.18849935
2,1,0,0.41246787
2,0,0,0.43464392
2,1,1,0.66204816
2,1,0,0.40785837
2,0,0,0.19486882
2,1,1,0.7865822
2,0,0,0.45721993
2,0,0,0.3330407
2,0,0,0.22355631
2,1,1,0.69457763
2,0,0,0.356735
2,0,0,0.36869952
2,0,1,0.5246462
2,0,0,0.22782491
2,0,0,0.2306567
2,0,1,0.63861626
2,0,1,0.5868172
2,1,1,0.76733994
2,1,0,0.46568993
2,1,1,0.79355973
2,0,0,0.48955446
2,0,0,0.37068477
2,0,0,0.25191092
2,1,1,0.7720496
2,1,1,0.64622164
2,1,0,0.47414067
2,1,1,0.74906456
2,0,1,0.7391156
2,0,1,0.6961972
2,0,0,0.42071995
2,1,1,0.7581716
2,0,1,0.5014932
2,1,1,0.7250178
2,1,1,0.77396625
2,1,1,0.91172117
2,1,1,0.81656086
2,0,1,0.70850384
2,0,1,0.5578985
2,1,1,0.7736904
2,1,0,0.4350925
2,0,0,0.24326973
2,0,0,0.32420465
2,1,1,0.6439811
2,1,1,0.8075621
2,1,1,0.6366747
2,0,0,0.4758169
2,1,1,0.88802713
2,1,1,0.5296627
2,1,1,0.68437016
2,1,1,0.9038037
2,1,1,0.5465801
2,1,0,0.30773345
2,1,0,0.38672042
2,0,0,0.36006558
2,0,1,0.532482
2,0,0,0.48005962
2,0,0,0.35632488
2,0,1,0.7828918
2,0,1,0.71456015
2,0,0,0.4134327
2,1,1,0.6980723
2,1,1,0.8984304
2,0,1,0.71710855
2,0,1,0.67688996
2,0,0,0.33483732
2,1,1,0.5357998
2,0,0,0.18111835
2,1,0,0.4462099
2,0,0,0.28212857
2,0,1,0.6209722
2,1,0,0.46338508
2,0,1,0.64097357
2,0,1,0.69855773
2,1,1,0.52720356
2,1,1,0.6905003
2,0,1,0.6817647
2,1,0,0.42238072
2,1,1,0.84735394
2,1,1,0.65388536
2,0,0,0.25931147
2,1,1,0.8526963
2,0,0,0.43650654
2,0,1,0.55717224
2,0,1,0.52343506
2,1,0,0.42621246
2,1,1,0.54908013
2,0,0,0.23664588
2,0,0,0.339394
2,0,0,0.45786005
2,1,1,0.5418228
2,1,0,0.32940564
2,0,1,0.6765341
2,0,0,0.3238783
2,0,0,0.23028621
2,0,0,0.2520276
2,1,1,0.76748234
2,1,0,0.48265108
2,1,1,0.76501626
2,0,1,0.6395346
2,0,0,0.40736353
2,0,0,0.433228
2,0,0,0.260652
2,0,0,0.47075027
2,0,0,0.40091747
2,0,0,0.28758907
2,0,0,0.2438704
2,1,0,0.39745268
2,0,0,0.118245974
2,1,0,0.22005504
2,1,0,0.18764506
2,0,0,0.20811485
2,0,0,0.23927583
2,1,0,0.3348369
2,0,0,0.25982293
2,1,1,0.60934573
2,1,1,0.67439795
2,1,1,0.6829895
2,0,1,0.5824796
2,0,0,0.39586067
2,0,1,0.51309156
2,1,0,0.49513718
2,1,1,0.6516359
2,0,1,0.54005677
2,1,1,0.64340436
2,1,1,0.6904002
2,1,1,0.7321132
2,1,1,0.595854
2,0,0,0.39729476
2,1,1,0.69137645
2,0,0,0.15351878
2,1,1,0.68501586
2,0,0,0.382618
2,0,1,0.70840937
2,0,0,0.44317335
2,1,1,0.7056678
2,1,0,0.49416247
2,1,1,0.69995207
2,0,1,0.6769728
2,0,1,0.70089537
2,1,1,0.60091794
2,1,1,0.5281879
2,1,1,0.68831664
2,1,1,0.71200514
2,1,1,0.6684363
2,0,0,0.38674948
2,1,1,0.6717648
2,0,1,0.5202423
2,0,0,0.48180577
2,0,0,0.36141023
2,0,0,0.32937014
2,0,1,0.73612887
2,0,1,0.5396744
2,1,1,0.7822668
2,0,1,0.71137434
2,1,0,0.4304218
2,1,1,0.61321056
2,1,1,0.52123606
2,1,1,0.804466
2,0,1,0.6913998
2,0,1,0.69733226
2,1,1,0.634894
2,0,0,0.45152953
2,1,1,0.59557724
2,0,0,0.11126754
2,1,1,0.5306937
2,1,1,0.6122696
2,0,1,0.7188641
2,0,1,0.6246537
2,0,1,0.6957781
2,1,1,0.85185814
2,0,1,0.629359
2,1,1,0.7291545
2,1,1,0.8059911
2,1,0,0.44992635
2,0,0,0.23485975
2,1,1,0.8791875
2,1,1,0.7833495
2,1,1,0.7161954
2,0,1,0.71644324
2,1,1,0.85727507
2,1,0,0.39178947
2,0,1,0.6900771
2,0,0,0.44549885
2,0,0,0.38877687
2,0,1,0.6643011
2,0,1,0.68790805
2,0,0,0.22418612
2,0,1,0.7980892
2,1,1,0.8539775
2,1,1,0.7023876
2,1,1,0.6741291
2,1,1,0.70202476
2,0,0,0.353533
2,0,0,0.06641046
2,1,0,0.46893254
2,0,1,0.6410387
2,0,0,0.14734676
2,1,1,0.5668842
2,1,1,0.840038
2,0,1,0.50598973
2,1,1,0.87550545
2,0,1,0.81799555
2,1,1,0.7237253
2,0,0,0.32972956
2,0,1,0.5821196
2,1,1,0.5834437
2,1,1,0.69283473
2,0,0,0.22788975
2,0,1,0.5698219
2,1,1,0.65720266
2,0,1,0.72694135
2,0,1,0.68190974
2,1,1,0.5291525
2,0,1,0.50490975
2,1,1,0.87388206
2,1,1,0.7427574
2,1,1,0.7652824
2,1,1,0.73741597
2,1,1,0.5229719
2,0,1,0.77791893
2,0,0,0.26340273
2,0,1,0.7734864
2,1,1,0.64910746
2,0,1,0.5041293
2,1,0,0.44994217
2,0,1,0.8287013
2,0,1,0.71732247
2,0,1,0.85801494
2,0,1,0.60742694
2,1,1,0.60848963
2,0,0,0.43632627
2,1,1,0.5490064
2,0,1,0.7446809
2,1,1,0.52204204
2,1,1,0.544304
2,1,1,0.68173236
2,0,0,0.3710209
2,1,1,0.5973399
2,1,1,0.54564846
2,0,1,0.71311545
2,0,0,0.37887612
2,0,1,0.55478776
2,0,0,0.29731354
2,1,0,0.4783159
2,1,0,0.3163621
2,0,0,0.40280414
2,0,0,0.216782
2,1,0,0.46837437
2,1,1,0.7759471
2,0,0,0.49728996
2,0,0,0.24633636
2,0,1,0.76740545
2,1,0,0.38492936
2,0,1,0.5037203
2,0,1,0.6057295
2,1,1,0.6292648
2,0,0,0.24996567
2,1,0,0.41379595
2,0,1,0.74741614
2,1,1,0.50776136
2,1,1,0.6368958
2,0,0,0.48781082
2,0,0,0.29076236
2,0,1,0.51631653
2,0,1,0.55362195
2,1,1,0.8840102
2,0,0,0.45174766
2,1,0,0.49963456
2,1,1,0.7473395
2,0,1,0.8082291
2,0,0,0.17340462
2,1,1,0.82156134
2,0,1,0.7468068
2,0,1,0.80833966
2,1,1,0.86152434
2,1,1,0.7695252
2,1,1,0.74184054
2,1,1,0.91872674
2,0,0,0.48731285
2,1,1,0.6689957
2,0,0,0.34947342
2,1,1,0.8516148
2,0,0,0.27608496
2,1,1,0.5847756
2,1,1,0.86858535
2,1,1,0.75635445
2,0,1,0.6698002
2,0,0,0.34390634
2,1,0,0.43863574
2,0,1,0.7764465
2,0,1,0.62610745
2,1,1,0.6305199
2,0,1,0.80406874
2,1,1,0.51182264
2,0,1,0.5601222
2,0,1,0.7208038
2,1,1,0.7783659
2,1,0,0.43917003
2,1,0,0.15649754
2,0,0,0.30915308
2,1,0,0.1989305
2,1,0,0.076707505
2,1,0,0.3902948
2,0,0,0.39502954
2,1,1,0.60716784
2,1,1,0.68214047
2,1,0,0.26355815
2,0,1,0.56105936
2,0,1,0.5084099
2,1,0,0.06834225
2,1,1,0.6819314
2,1,1,0.9215082
2,0,0,0.44328785
2,1,1,0.8219966
2,1,1,0.5735499
2,0,1,0.5251528
2,0,0,0.33429277
2,0,0,0.31610617
2,0,1,0.69384223
2,0,1,0.5944008
2,1,0,0.48583442
2,0,0,0.4603304
2,1,1,0.81733626
2,0,0,0.4809484
2,1,1,0.9270612
2,1,1,0.64926726
2,0,0,0.44796637
2,0,0,0.34985095
2,1,1,0.53836495
2,1,1,0.70187217
2,1,1,0.52257407
2,0,0,0.4073407
2,0,0,0.21982974
2,1,1,0.572527
2,0,0,0.34856555
2,0,0,0.4841445
2,1,1,0.5220444
2,0,0,0.26048392
2,0,0,0.335728
2,0,0,0.41066045
2,1,0,0.42668757
2,1,0,0.46723998
2,0,0,0.39247382
2,1,1,0.550656
2,0,0,0.37829563
2,0,0,0.23128504
2,1,1,0.5755263
2,1,1,0.7369978
2,0,0,0.38892698
2,1,1,0.5810308
2,1,1,0.5923598
2,1,1,0.838974
2,1,1,0.63686097
2,1,0,0.43293813
2,0,1,0.8333204
2,1,1,0.82042134
2,0,0,0.38158092
2,0,0,0.2636793
2,0,0,0.33016863
2,1,1,0.6236595
2,0,0,0.38244984
2,1,1,0.6166042
2,0,0,0.2055971
2,0,0,0.48676953
2,1,1,0.64817387
2,0,0,0.4619188
2,0,1,0.8187083
2,0,0,0.27906904
2,0,1,0.76366985
2,1,1,0.9200417
2,1,1,0.6616208
2,1,1,0.66502154
2,1,1,0.7871424
2,1,1,0.61850995
2,0,0,0.4397964
2,0,0,0.28538346
2,0,1,0.71363205
2,0,1,0.6811183
2,1,1,0.80684346
2,0,0,0.23340197
2,1,1,0.57651323
2,1,1,0.83582926
2,1,0,0.26728928
2,1,1,0.5129603
2,1,1,0.8194849
2,0,0,0.37390396
2,1,1,0.8391783
2,1,1,0.6617928
2,0,0,0.39081722
2,0,0,0.114332505
2,0,0,0.24403189
2,1,1,0.6401805
2,0,0,0.40699205
2,1,1,0.7503889
2,1,1,0.5780316
2,1,1,0.6655124
2,0,0,0.37335536
2,1,1,0.8533739
2,1,1,0.7184053
2,0,1,0.58825105
2,0,1,0.5093239
2,0,0,0.4827197
2,0,1,0.5550132
2,1,1,0.6920179
2,1,1,0.8628005
2,1,1,0.64436966
2,1,1,0.6695835
2,1,1,0.59092325
2,1,1,0.611001
2,1,0,0.45053494
2,1,1,0.6561958
2,1,1,0.58682233
2,1,1,0.7489372
2,0,1,0.8581538
2,1,1,0.8947004
2,1,1,0.6231072
2,0,1,0.66310304
2,0,1,0.8011375
2,1,1,0.76411575
2,1,1,0.7960734
2,0,0,0.428713
2,1,1,0.57543427
2,1,1,0.77645385
2,1,0,0.37992302
2,0,1,0.7990358
2,0,1,0.6011341
2,0,0,0.1379104
2,0,0,0.34673032
2,1,1,0.600557
2,0,0,0.4578346
2,0,1,0.6252162
2,0,0,0.17105281
2,0,1,0.84747785
2,1,1,0.5536035
2,1,1,0.8438281
2,0,1,0.80768
2,1,1,0.7463347
2,0,1,0.84259325
2,1,1,0.7286487
2,0,1,0.7998353
2,0,1,0.50023365
2,1,1,0.7193722
2,0,1,0.89839166
2,1,1,0.51274776
2,1,0,0.43725687
2,0,1,0.6458127
2,0,0,0.40848917
2,1,0,0.4903677
2,1,0,0.48452222
2,0,0,0.26469222
2,0,0,0.42801937
2,0,1,0.66248703
2,1,1,0.64305985
2,0,1,0.5962271
2,0,0,0.4121546
2,1,1,0.5822531
2,1,0,0.37240526
2,1,0,0.33290192
2,0,0,0.4330082
2,0,1,0.675626
2,0,0,0.38518655
2,1,1,0.90466017
2,1,1,0.78225285
2,1,1,0.5295895
2,0,0,0.42623165
2,1,1,0.63129646
2,0,1,0.5804141
2,0,0,0.22481988
2,0,1,0.6526695
2,0,1,0.6131555
2,0,1,0.630224
2,1,1,0.9444932
2,0,0,0.24032639
2,1,1,0.79219687
2,0,0,0.14020592
2,1,1,0.53373444
2,1,0,0.27997336
2,0,1,0.60620433
2,1,1,0.87781984
2,1,1,0.70844585
2,0,1,0.59061253
2,1,1,0.8025797
2,1,1,0.86712915
2,0,1,0.7150784
2,0,1,0.5513041
2,1,1,0.6551835
2,0,0,0.3521785
2,1,1,0.55500746
2,1,1,0.79218936
2,1,1,0.7895773
2,1,1,0.8004209
2,0,1,0.5869421
2,0,1,0.52478445
2,0,0,0.457018
2,0,1,0.7445917
2,1,0,0.44784522
2,1,1,0.50984925
2,0,0,0.24952003
2,1,1,0.5790061
2,0,0,0.48377916
2,1,0,0.35560602
2,0,1,0.69711804
2,0,0,0.43708086
2,0,0,0.42763358
2,1,1,0.668455
2,0,1,0.553015
2,1,1,0.52754337
2,1,1,0.75793004
2,1,1,0.8258021
2,0,1,0.7677753
2,0,1,0.7269522
2,0,0,0.1961661
2,1,1,0.6750297
2,0,0,0.430269
2,1,0,0.48030883
2,0,0,0.33402213
2,1,0,0.19334199
2,1,0,0.39574283
2,0,0,0.29573658
2,0,0,0.41715518
2,0,0,0.38559702
2,0,1,0.646277
2,0,0,0.43731216
2,1,0,0.1669195
2,0,0,0.37105185
2,1,1,0.7864839
2,0,0,0.40043682
2,0,0,0.2105851
2,0,0,0.35626787
2,1,0,0.34504908
2,0,0,0.17046471
2,1,1,0.6659365
2,1,0,0.37952912
2,0,0,0.12288071
2,1,1,0.64491236
2,0,0,0.18031032
2,0,0,0.31683725
2,0,0,0.36618838
2,1,0,0.29232317
2,1,1,0.6810298
2,1,1,0.6686302
2,1,1,0.6714263
2,0,0,0.31613767
2,0,1,0.6571389
2,0,0,0.13706794
2,1,1,0.8049104
2,1,1,0.5739428
2,1,0,0.40938154
2,0,0,0.13523464
2,0,0,0.3701335
2,0,1,0.6339867
2,1,1,0.6468302
2,0,0,0.26600567
2,1,0,0.495173
2,1,0,0.30989864
2,0,0,0.4146449
2,0,1,0.50380504
2,0,1,0.51265407
2,0,0,0.41749287
2,0,1,0.63408494
2,1,1,0.52803004
2,1,1,0.67923313
2,1,1,0.70784044
2,1,1,0.8326306
2,1,1,0.7021959
2,1,0,0.41161323
2,1,1,0.78830385
2,1,1,0.5423585
2,1,1,0.6752541
2,1,1,0.5822767
2,1,1,0.6403138
2,1,1,0.817077
2,0,1,0.8030792
2,1,1,0.56224126
2,1,1,0.83586055
2,0,1,0.70917785
2,1,1,0.74936384
2,0,1,0.5785571
2,1,1,0.82581764
2,0,1,0.5835327
2,1,1,0.6309725
2,1,1,0.69985014
2,0,1,0.7960375
2,1,1,0.7059024
2,0,1,0.5991523
2,0,1,0.61035764
2,0,0,0.45195627
2,1,1,0.7581847
2,0,0,0.4883503
2,1,1,0.70202786
2,1,1,0.7110689
2,0,1,0.6324001
2,0,1,0.7785742
2,0,0,0.39860675
2,1,1,0.7430178
2,1,1,0.5607354
2,1,1,0.75168246
2,1,0,0.32518074
2,0,1,0.56716084
2,0,1,0.57484293
2,1,1,0.63212746
2,0,0,0.4903343
2,1,1,0.8317983
2,0,1,0.80174446
2,0,1,0.5040698
2,1,0,0.48600972
2,0,1,0.8041042
2,1,1,0.72650576
2,1,1,0.6358843
2,1,1,0.6543493
2,0,1,0.6037395
2,0,0,0.42272022
2,0,1,0.5408377
2,0,0,0.07508292
2,0,0,0.32461816
2,1,1,0.8215977
2,1,1,0.6974903
2,0,0,0.45927852
2,1,0,0.37103808
2,1,0,0.44666275
2,0,1,0.7753677
2,0,0,0.21181205
2,0,1,0.6001151
2,1,0,0.3850391
2,1,0,0.27591774
2,0,1,0.777314
2,0,1,0.5588664
2,0,0,0.3544765
2,0,0,0.37486362
2,1,1,0.54317605
2,0,0,0.2721673
2,1,1,0.6786912
2,1,0,0.38852718
2,1,1,0.50744677
2,0,1,0.64617634
2,1,1,0.6161641
2,1,0,0.45461342
2,1,1,0.6635612
2,0,1,0.7104259
2,0,1,0.66335976
2,1,0,0.45424163
2,0,1,0.55790854
2,1,0,0.40161005
2,0,1,0.75632066
2,1,1,0.71622705
2,1,0,0.4689626
2,1,1,0.61327463
2,0,1,0.66862476
2,1,0,0.26029667
2,0,0,0.29655448
2,0,0,0.45385447
2,0,0,0.30829176
2,1,1,0.6734793
2,0,1,0.7638991
2,1,1,0.6623786
2,0,1,0.7675688
2,1,0,0.48111376
2,0,0,0.30905902
2,0,1,0.70814645
2,0,1,0.81066394
2,0,1,0.5914565
2,0,1,0.6914555
2,1,1,0.6858112
2,1,1,0.8399913
2,1,1,0.713138
2,1,1,0.56444514
2,0,1,0.6344218
2,0,1,0.6876867
2,0,1,0.7336901
2,1,1,0.53112394
2,0,0,0.29095313
2,1,0,0.45858923
2,1,1,0.75621295
2,1,1,0.74845225
2,1,1,0.54908437
2,0,1,0.5086452
2,0,1,0.7919209
2,0,0,0.42160425
2,0,0,0.42140567
2,0,1,0.7213521
2,1,1,0.78215647
2,0,1,0.7108526
2,0,0,0.4289638
2,1,0,0.36441532
2,1,1,0.5670502
2,1,1,0.6222154
2,0,0,0.23792765
2,1,1,0.51625144
2,0,0,0.18522762
2,1,1,0.62063813
2,1,1,0.5121423
2,1,1,0.678347
2,0,0,0.46714538
2,0,1,0.55172324
2,0,0,0.42152154
2,0,1,0.7088654
2,1,1,0.52326506
2,1,1,0.69537485
2,1,1,0.5539226
2,1,1,0.71475565
2,1,1,0.7285567
2,1,1,0.8631322
2,0,1,0.59566706
2,0,0,0.29764012
2,0,1,0.7271492
2,1,1,0.84634316
2,0,1,0.66071105
2,1,1,0.5549536
2,0,1,0.56165
2,1,1,0.6640022
2,1,0,0.42976698
2,0,0,0.35443968
2,1,1,0.9204051
2,0,0,0.440502
2,0,0,0.16761032
2,1,1,0.6938638
2,0,0,0.40115848
2,0,1,0.627819
2,1,1,0.7550474
2,0,0,0.41013604
2,1,1,0.612233
2,0,0,0.4784976
2,1,1,0.5518327
2,1,0,0.21513112
2,1,0,0.35470313
2,1,0,0.48733693
2,0,1,0.5009606
2,0,0,0.45840403
2,1,1,0.5884494
2,1,1,0.5517505
2,0,0,0.3369936
2,1,0,0.49825358
2,0,0,0.24337783
2,1,1,0.5510123
2,0,0,0.48390785
2,1,0,0.47537458
2,0,0,0.42315447
2,0,0,0.26916793
2,1,1,0.75414103
2,1,0,0.22781925
2,0,0,0.39307502
2,0,1,0.5927496
2,0,0,0.21744546
2,0,0,0.43859345
2,0,0,0.18908182
2,0,0,0.13212629
2,1,1,0.6371036
2,0,0,0.26709938
2,1,1,0.64356464
2,1,0,0.1414607
2,1,1,0.6740488
2,1,1,0.51690936
2,0,0,0.35983986
2,0,0,0.4298515
2,1,1,0.74194056
2,1,0,0.36760548
2,1,1,0.73269033
2,1,0,0.3436803
2,0,0,0.36445573
2,0,1,0.65172166
2,1,0,0.3530613
2,1,0,0.34503466
2,0,0,0.3273254
2,0,0,0.44022232
2,0,1,0.56901807
2,1,0,0.4980972
2,0,0,0.18997061
2,0,0,0.13220234
2,1,1,0.5063314
2,1,1,0.56327116
2,0,0,0.12395098
2,1,0,0.2235998
2,0,1,0.75654113
2,0,0,0.18136838
2,0,0,0.109096594
2,0,1,0.5582513
2,0,0,0.3669652
2,0,1,0.5944055
2,1,1,0.80097294
2,1,1,0.5066739
2,1,1,0.6481337
2,0,0,0.43094066
2,1,1,0.73300844
2,0,0,0.39468563
2,1,1,0.77350754
2,0,0,0.115384765
2,1,1,0.69963616
2,1,0,0.45974332
2,1,1,0.6604268
2,1,1,0.5266947
2,0,0,0.39006457
2,1,0,0.2782721
2,1,1,0.5712064
2,0,1,0.5302349
2,0,1,0.59818316
2,0,1,0.53706485
2,0,0,0.29734737
2,0,0,0.23484486
2,0,0,0.12813447
2,0,0,0.18434812
2,0,0,0.3348617
2,0,0,0.27346912
2,0,0,0.26605445
2,0,1,0.56544477
2,0,0,0.3346284
2,1,0,0.40331265
2,0,0,0.30848813
2,1,0,0.35287794
2,0,0,0.43371874
2,0,0,0.39582166
2,0,1,0.58886296
2,0,0,0.13808028
2,1,1,0.5595256
2,1,1,0.70535797
2,0,0,0.17448358
2,1,1,0.69987494
2,1,1,0.87540746
2,1,1,0.8005307
2,0,1,0.69652414
2,1,1,0.7769005
2,1,1,0.76724064
2,0,1,0.53074205
2,0,0,0.17983145
2,1,1,0.82188445
2,0,0,0.4595733
2,0,1,0.8172255
2,0,1,0.5346372
2,1,1,0.74813807
2,0,1,0.80002534
2,1,1,0.69075847
2,0,0,0.3656314
2,1,1,0.7310373
2,1,1,0.6897628
2,1,0,0.3494559
2,1,0,0.29609835
2,1,1,0.5024383
2,0,0,0.3796557
2,1,1,0.7608788
2,1,0,0.18463184
2,0,0,0.18744941
2,1,0,0.44426522
2,1,0,0.37598625
2,0,0,0.3620791
2,0,0,0.25338697
2,0,0,0.21550953
2,0,0,0.2606871
2,0,1,0.5179703
2,0,0,0.28480124
2,0,1,0.50906974
2,0,1,0.5381757
2,0,1,0.5318351
2,1,0,0.39348143
2,0,0,0.4229983
2,1,1,0.72947633
2,0,0,0.4927145
2,1,1,0.6416095
2,1,1,0.5636828
2,0,0,0.045566954
2,1,1,0.5451376
2,0,0,0.41096434
2,0,0,0.262795
2,1,1,0.7015038
2,1,0,0.30222645
2,0,1,0.5083309
2,0,0,0.3736566
2,1,0,0.31722686
2,0,1,0.5184227
2,1,0,0.38291126
2,0,0,0.4514211
2,0,1,0.7123031
2,1,1,0.73159283
2,0,1,0.6284968
2,0,0,0.48048976
2,1,0,0.31348562
2,1,1,0.6571365
2,0,1,0.5303329
2,1,1,0.54001844
2,0,0,0.26582614
2,0,0,0.39540967
2,1,1,0.7925991
2,1,1,0.8071141
2,0,0,0.4048919
2,0,0,0.4925588
2,0,0,0.2764548
2,1,0,0.21010655
2,1,1,0.6960155
2,1,1,0.62868583
2,1,1,0.58573514
2,0,0,0.08812707
2,0,1,0.6739448
2,0,1,0.7268173
2,1,1,0.6039143
2,0,1,0.65249777
2,0,0,0.45733762
2,1,1,0.6873473
2,0,0,0.22596033
2,0,1,0.5704436
2,0,0,0.20150284
2,0,0,0.36054426
2,0,0,0.42432123
2,0,0,0.3381948
2,1,1,0.7498558
2,1,1,0.60997784
2,0,0,0.09085907
2,1,0,0.4872546
2,1,1,0.73712367
2,0,0,0.30724376
2,1,1,0.5602143
2,1,0,0.48200083
2,0,0,0.074995294
2,0,0,0.34103355
2,1,0,0.24851495
2,0,0,0.2864179
2,1,0,0.46907726
2,0,0,0.3982712
2,1,0,0.27846268
2,0,0,0.12213698
2,1,0,0.33677104
2,0,0,0.0872644
2,0,0,0.08107134
2,0,0,0.19645354
2,0,0,0.13913393
2,0,1,0.52501243
2,0,0,0.43014762
2,0,0,0.23350833
2,0,0,0.26863196
2,1,1,0.6425609
2,1,0,0.35204634
2,0,0,0.2959291
2,1,1,0.5341276
2,0,0,0.23773956
2,0,0,0.08960297
2,1,0,0.13819507
2,0,0,0.2512806
2,0,0,0.25348645
2,0,0,0.40512586
2,0,0,0.283709
2,0,0,0.10887957
2,1,0,0.47912413
2,0,0,0.29564747
2,0,0,0.27668384
2,0,0,0.22847629
2,0,0,0.46018326
2,0,0,0.34374735
2,0,0,0.25597358
2,1,0,0.34852836
2,0,0,0.21028619
2,0,0,0.37830955
2,1,0,0.2712881
2,1,0,0.2462207
2,0,0,0.14804965
2,1,1,0.677952
2,1,0,0.4160504
2,1,0,0.16170847
2,1,0,0.34492883
2,0,0,0.19470929
2,1,0,0.34690797
2,1,0,0.4899658
2,1,1,0.6943304
2,1,1,0.7572179
2,1,1,0.8066323
2,1,1,0.57566524
2,0,1,0.50848037
2,1,1,0.73445904
2,1,1,0.64994353
2,1,0,0.49875885
2,1,1,0.70236474
2,1,1,0.75289714
2,1,1,0.72426623
2,0,1,0.70208085
2,0,1,0.6153684
2,0,1,0.67751724
2,0,1,0.5854932
2,1,0,0.46134117
2,1,1,0.71177626
2,1,1,0.69422966
2,1,1,0.74277943
2,0,0,0.3454944
2,0,0,0.32459262
2,0,1,0.55632067
2,1,0,0.4734564
2,1,0,0.39621857
2,0,1,0.5602587
2,0,0,0.35088488
2,1,0,0.3792436
2,1,1,0.5874604
2,0,1,0.6361677
2,1,1,0.80924016
2,0,1,0.837756
2,0,1,0.5132533
2,1,1,0.6263086
2,0,1,0.53489393
2,1,1,0.8258902
2,1,1,0.697248
2,1,1,0.5367444
2,1,1,0.5730647
2,1,1,0.90079933
2,0,0,0.4837734
2,1,1,0.64475805
2,0,0,0.2997081
2,1,1,0.66470486
2,0,0,0.39076185
2,1,1,0.7850559
2,0,1,0.54372555
2,1,1,0.79836696
2,1,1,0.8049933
2,1,1,0.8377707
2,0,1,0.7594394
2,0,1,0.5980009
2,0,1,0.76176304
2,1,1,0.5501934
2,1,1,0.7308721
2,1,0,0.36329332
2,0,1,0.6386042
2,0,0,0.39944074
2,0,0,0.4053744
2,0,0,0.40373662
2,0,1,0.55972016
2,1,1,0.56210375
2,1,0,0.23466547
2,0,1,0.53523606
2,1,0,0.24474426
2,1,1,0.6756318
2,1,0,0.34676528
2,0,0,0.34968013
2,0,1,0.6948964
2,1,1,0.6238443
2,0,0,0.24295768
2,1,0,0.34723315
2,1,0,0.35973552
2,1,1,0.6661969
2,0,0,0.39263028
2,1,1,0.6172398
2,0,0,0.49917713
2,1,0,0.49604562
2,1,1,0.51276237
2,1,1,0.5269234
2,0,1,0.59251505
2,0,1,0.69531256
2,1,1,0.66743886
2,0,1,0.65241545
2,1,1,0.53010094
2,0,1,0.516275
2,0,1,0.5573189
2,1,1,0.6341657
2,0,1,0.52955705
2,0,1,0.6713846
2,1,1,0.6562362
2,0,0,0.36351326
2,0,0,0.42332053
2,0,0,0.1767911
2,1,1,0.85059077
2,0,1,0.72907656
2,0,0,0.25270042
2,1,1,0.6298158
2,0,1,0.62937164
2,0,0,0.31160802
2,0,0,0.27283728
2,0,0,0.2996071
2,1,0,0.4070653
2,1,1,0.52132016
2,0,0,0.34005165
2,0,0,0.11038923
2,1,1,0.54755765
2,0,0,0.4878677
2,1,1,0.5319296
2,0,0,0.45020172
2,0,1,0.54346895
2,0,1,0.633857
2,1,0,0.38381264
2,1,1,0.7377154
2,1,1,0.650867
2,1,0,0.47916856
2,0,0,0.22599475
2,0,0,0.35661665
2,1,0,0.38460487
2,0,0,0.2541279
2,0,0,0.38348764
2,0,0,0.24338274
2,1,1,0.5131753
2,0,1,0.5083236
2,0,0,0.36439276
2,1,1,0.55896807
2,0,0,0.17795424
2,1,1,0.6683039
2,0,1,0.7023622
2,1,1,0.77172
2,1,1,0.793988
2,1,1,0.7891399
2,0,0,0.27234578
2,0,0,0.3116587
2,0,1,0.6111947
2,0,1,0.6721699
2,0,0,0.19908696
2,1,1,0.805031
2,0,0,0.35653892
2,0,0,0.48489088
2,1,1,0.7402424
2,1,1,0.828368
2,0,1,0.7004632
2,1,1,0.7377768
2,0,0,0.3277242
2,1,1,0.69963115
2,0,0,0.23201616
2,1,1,0.68933356
2,1,1,0.55365485
2,0,1,0.5790158
2,1,1,0.5589895
2,1,1,0.70232314
2,1,1,0.74267846
2,0,1,0.5461673
2,0,1,0.6613502
2,0,0,0.18006669
2,1,1,0.6982809
2,0,0,0.2340923
2,0,1,0.55624557
2,1,0,0.24300678
2,1,1,0.6231236
2,0,0,0.20877056
2,0,0,0.28432733
2,1,1,0.57231987
2,0,0,0.46745107
2,0,0,0.4762435
2,0,0,0.481021
2,1,0,0.3429174
2,0,0,0.45195216
2,0,0,0.49472308
2,0,0,0.22434342
2,1,1,0.55957514
2,1,0,0.2672448
2,0,0,0.21700214
2,0,0,0.24096696
2,1,0,0.44678462
2,1,0,0.31293023
2,0,0,0.25178042
2,1,0,0.30419803
2,0,0,0.34260273
2,1,1,0.5844045
2,1,0,0.39929894
2,0,0,0.45445335
2,0,0,0.45745137
2,1,0,0.2650129
2,0,0,0.24444103
2,1,0,0.25363085
2,0,0,0.08069028
2,0,0,0.48193905
2,1,1,0.8677072
2,0,1,0.7375651
2,0,1,0.69729567
2,1,1,0.62281454
2,0,0,0.3693958
2,0,0,0.23535039
2,1,1,0.6528922
2,1,1,0.96054024
2,1,1,0.51867664
2,0,0,0.49621814
2,0,1,0.57403713
2,1,1,0.83505356
2,0,0,0.4221182
2,1,0,0.33215085
2,0,0,0.3797242
2,0,1,0.5355427
2,1,1,0.6394266
2,1,1,0.76085
2,0,0,0.37816656
2,0,0,0.40466437
2,1,1,0.52421683
2,1,0,0.37795267
2,0,1,0.59152496
2,1,1,0.6971524
2,1,0,0.45617595
2,1,1,0.9221869
2,1,1,0.71953017
2,0,1,0.90089536
2,0,0,0.2799752
2,0,1,0.55439734
2,1,1,0.7834049
2,1,1,0.566104
2,0,1,0.6150073
2,1,1,0.64755774
2,0,1,0.5743242
2,1,1,0.58639884
2,1,1,0.91542274
2,1,1,0.630447
2,1,1,0.73734033
2,0,0,0.40307075
2,0,0,0.27870688
2,1,1,0.75402385
2,0,0,0.4465872
2,1,1,0.7674252
2,0,0,0.49877092
2,1,1,0.56282973
2,1,1,0.64105874
2,1,1,0.5526569
2,1,0,0.28393936
2,0,0,0.37269565
2,1,1,0.5796131
2,0,1,0.577268
2,1,0,0.44640464
2,0,1,0.66683966
2,0,1,0.65078175
2,1,1,0.6101188
2,1,0,0.3899056
2,0,1,0.58053046
2,0,0,0.099367194
2,1,0,0.40138015
2,0,0,0.34984607
2,1,0,0.40354934
2,0,0,0.47391456
2,1,1,0.57206863
2,0,1,0.7273127
2,0,0,0.34237155
2,0,1,0.5026298
2,1,1,0.6720608
2,0,1,0.5977797
2,0,1,0.68624926
2,0,1,0.72103256
2,0,0,0.31613836
2,1,1,0.82444054
2,0,1,0.6210282
2,1,1,0.8135674
2,1,1,0.5487808
2,1,1,0.7402435
2,1,1,0.69156915
2,1,1,0.85246354
2,0,1,0.57013327
2,0,1,0.64929193
2,0,0,0.19566686
2,1,1,0.7075788
2,0,0,0.27020103
2,0,1,0.6930113
2,0,1,0.65519255
2,1,1,0.76814264
2,1,1,0.82277673
2,1,1,0.77657723
2,1,1,0.54628485
2,1,1,0.73720133
2,1,1,0.66305333
2,1,1,0.6330807
2,0,1,0.8003645
2,0,1,0.6132474
2,1,1,0.8231075
2,1,1,0.68327487
2,0,0,0.4052822
2,1,1,0.7940688
2,0,1,0.80310583
2,1,1,0.6671136
2,1,1,0.84548277
2,0,0,0.47003952
2,0,1,0.68431777
2,0,1,0.6624872
2,1,1,0.60106504
2,1,1,0.54920775
2,1,1,0.7945958
2,0,0,0.4975879
2,0,0,0.38918453
2,1,0,0.44299152
2,1,1,0.8258173
2,1,1,0.8603478
2,1,1,0.75657386
2,1,1,0.78760314
2,0,1,0.70709866
2,1,1,0.6565712
2,1,1,0.7410282
2,1,1,0.64326113
2,1,1,0.67917794
2,0,0,0.27568448
2,0,1,0.8276124
2,1,1,0.74952894
2,1,1,0.5813742
2,0,1,0.5093606
2,0,1,0.54273844
2,0,1,0.6109115
2,0,1,0.58207035
2,1,1,0.6593313
2,1,1,0.60970575
2,0,0,0.49143818
2,0,1,0.55830544
2,1,1,0.6329143
2,0,1,0.7795852
2,0,1,0.6129532
2,1,1,0.51358414
2,1,1,0.5686047
2,1,1,0.65662634
2,1,1,0.5342027
2,0,1,0.6547818
2,1,1,0.6585515
2,0,1,0.50205886
2,1,0,0.45754203
2,0,1,0.7166641
2,0,1,0.5371367
2,0,1,0.63123053
2,0,1,0.5817591
2,0,0,0.35026455
2,0,1,0.72097296
2,1,1,0.77599657
2,1,1,0.7788596
2,0,1,0.62677324
2,0,1,0.52493787
2,0,1,0.57572603
2,1,1,0.67035604
2,0,1,0.7949036
2,1,1,0.5364716
2,1,1,0.60630345
2,1,1,0.6162465
2,1,1,0.7496795
2,0,1,0.6352317
2,0,1,0.5641775
2,1,0,0.38309613
2,1,1,0.5112855
2,0,0,0.2761337
2,1,1,0.6524493
2,0,1,0.57062644
2,1,1,0.8076255
2,1,1,0.854503
2,1,1,0.5752193
2,0,1,0.6630091
2,0,1,0.7836977
2,0,1,0.87342864
2,0,0,0.24711348
2,0,0,0.43351924
2,0,1,0.7995501
2,1,1,0.54992783
2,0,0,0.35021913
2,0,1,0.57420653
2,1,1,0.56758493
2,1,1,0.6386296
2,0,0,0.2567477
2,1,1,0.7678325
2,1,0,0.277892
2,0,0,0.23256809
2,0,1,0.61781424
2,0,0,0.47475898
2,0,1,0.8599926
2,0,0,0.40582576
2,0,1,0.6574573
2,1,1,0.65045846
2,0,0,0.34607264
2,0,0,0.47735375
2,1,1,0.79016036
2,1,0,0.4702444
2,1,0,0.27857462
2,1,0,0.31549612
2,1,0,0.45789215
2,0,0,0.42230898
2,1,1,0.77857065
2,1,1,0.7581908
2,1,1,0.6912252
2,0,0,0.3348864
2,0,0,0.43591177
2,1,1,0.6766292
2,0,1,0.6231263
2,0,0,0.21749648
2,1,1,0.75215685
2,1,1,0.8710246
2,0,0,0.3289973
2,0,1,0.5692038
2,0,1,0.7180858
2,0,0,0.3045479
2,0,0,0.18852076
2,1,1,0.8355179
2,0,0,0.46060646
2,0,0,0.34824172
2,1,0,0.43770853
2,1,1,0.83387357
2,1,1,0.8894733
2,1,1,0.60195756
2,0,1,0.59082925
2,0,0,0.14107913
2,0,0,0.18836254
2,1,1,0.74570507
2,0,1,0.7177952
2,0,1,0.557327
2,1,1,0.77543503
2,1,0,0.3985831
2,1,1,0.7347201
2,0,1,0.6289155
2,1,1,0.84714466
2,1,1,0.8558001
2,1,1,0.8008099
2,0,1,0.7972175
2,0,1,0.80223155
2,1,0,0.37128738
2,0,0,0.12580937
2,1,0,0.35250902
2,1,1,0.6971694
2,0,0,0.4637613
2,0,0,0.26201633
2,0,0,0.3147342
2,0,1,0.57613873
2,0,0,0.122215845
2,1,1,0.61982507
2,1,0,0.30729145
2,0,0,0.2886816
2,0,1,0.5459906
2,0,0,0.27233687
2,1,0,0.25565815
2,1,1,0.65301687
2,0,0,0.25654566
2,0,1,0.5394762
2,1,0,0.43934026
2,1,1,0.56857425
2,0,1,0.652882
2,0,1,0.59779847
2,1,0,0.4369313
2,1,0,0.22930284
2,1,0,0.35083514
2,0,0,0.3664946
2,0,0,0.39484668
2,1,1,0.6611292
2,0,0,0.37809956
2,1,0,0.4391853
2,1,1,0.69669956
2,0,0,0.11080902
2,0,1,0.7781965
2,1,1,0.7305171
2,1,1,0.6220339
2,0,0,0.3849261
2,1,0,0.33828396
2,0,0,0.08401848
2,1,1,0.5383948
2,1,1,0.7885069
2,0,0,0.23382697
2,1,1,0.7031006
2,1,0,0.4466404
2,0,0,0.2813064
2,1,1,0.5248186
2,0,0,0.39024243
2,0,0,0.26642385
2,0,0,0.37658536
2,0,0,0.32956368
2,0,0,0.33385664
2,0,0,0.35642827
2,0,0,0.2565883
2,1,0,0.4441208
2,1,1,0.5788446
2,1,1,0.54001987
2,1,1,0.79584485
2,1,0,0.24969749
2,1,0,0.29559246
2,1,1,0.85472685
2,0,1,0.672817
2,1,0,0.38793567
2,0,1,0.636039
2,0,0,0.21008083
2,0,0,0.39695284
2,1,1,0.8332399
2,1,1,0.86788046
2,1,1,0.5437397
2,0,0,0.30461952
2,1,1,0.6594536
2,1,1,0.5941514
2,1,0,0.4882153
2,0,0,0.20766824
2,0,1,0.5707377
2,0,0,0.27651662
2,0,0,0.1493153
2,0,1,0.79974234
2,1,0,0.4803648
2,1,1,0.8441481
2,1,1,0.68373954
2,0,1,0.6166592
2,0,0,0.4743456
2,1,1,0.5384176
2,1,1,0.6571523
2,0,0,0.46459246
2,1,1,0.67029774
2,1,1,0.81125516
2,0,1,0.7029169
2,1,0,0.43311414
2,1,1,0.5856236
2,0,0,0.13427402
2,1,0,0.068349816
2,1,0,0.35693938
2,1,1,0.7033478
2,0,1,0.67987514
2,0,0,0.24644049
2,1,0,0.28357482
2,0,0,0.4612005
2,0,1,0.61728615
2,0,0,0.12282518
2,1,0,0.3324264
2,1,1,0.8174784
2,0,0,0.47797915
2,0,1,0.5629782
2,1,0,0.279579
2,0,1,0.5698459
2,0,1,0.58627886
2,0,0,0.3881561
2,1,0,0.36092317
2,0,1,0.721725
2,0,0,0.31276235
2,0,0,0.20926443
2,1,0,0.38538036
2,0,1,0.75503516
2,0,0,0.42281523
2,1,0,0.34145403
2,0,1,0.6802272
2,1,0,0.3658243
2,1,1,0.9194541
2,0,1,0.64299834
2,0,1,0.6063206
2,1,1,0.8214946
2,1,1,0.8185358
2,0,1,0.5687733
2,0,1,0.62506145
2,0,1,0.75887454
2,0,1,0.5385229
2,1,1,0.63624656
2,0,1,0.58554053
2,0,1,0.61574453
2,1,1,0.86830604
2,1,1,0.6820965
2,0,1,0.6276826
2,1,0,0.31031147
2,1,0,0.4903228
2,0,1,0.6378909
2,1,1,0.60678077
2,1,1,0.5960096
2,0,0,0.2547103
2,0,1,0.57714164
2,1,1,0.58383566
2,1,1,0.6236825
2,0,1,0.69686043
2,1,1,0.6731009
2,0,0,0.2933714
2,1,1,0.72713476
2,0,1,0.8717645
2,0,1,0.8521081
2,1,1,0.76500523
2,0,0,0.49270555
2,0,0,0.14257234
2,0,1,0.5494874
2,1,1,0.679194
2,1,1,0.7386862
2,1,1,0.74190396
2,0,0,0.42135596
2,1,1,0.63655496
2,1,1,0.79989624
2,1,1,0.81724954
2,0,0,0.19341706
2,0,0,0.1320848
2,1,1,0.8665629
2,0,0,0.37001875
2,1,0,0.19375418
2,0,0,0.30292535
2,1,1,0.62125576
2,0,0,0.15843596
2,1,0,0.35507816
2,1,1,0.5924823
2,0,1,0.6001063
2,0,0,0.28203693
2,0,0,0.18427818
2,1,1,0.7344304
2,0,1,0.5177664
2,1,1,0.578886
2,0,1,0.63297874
2,0,1,0.652882
2,1,1,0.80437154
2,1,1,0.5389124
2,1,0,0.2874138
2,1,1,0.64479405
2,1,0,0.49905214
2,1,1,0.5925956
2,1,1,0.5542106
2,0,1,0.73373765
2,0,1,0.6085537
2,0,1,0.6347661
2,0,0,0.4421608
2,1,1,0.625035
2,1,1,0.78473175
2,1,1,0.7960058
2,1,1,0.8967951
2,0,1,0.58766073
2,1,1,0.7742964
2,1,1,0.8299879
2,0,0,0.37260646
2,0,1,0.62889165
2,0,1,0.6189094
2,1,1,0.81146955
2,1,0,0.36615735
2,0,0,0.31177607
2,1,1,0.50706655
2,1,1,0.7609382
2,1,1,0.76811516
2,0,1,0.5110154
2,0,1,0.62865055
2,0,1,0.5239735
2,1,0,0.45168567
2,0,1,0.82801384
2,0,0,0.36980224
2,1,1,0.70218927
2,1,1,0.8454066
2,1,1,0.65792394
2,0,0,0.3982556
2,1,1,0.5598061
2,1,1,0.73264015
2,0,1,0.7949658
2,0,1,0.7731354
2,0,1,0.6133845
2,0,0,0.48811936
2,1,0,0.26085064
2,1,1,0.59992284
2,0,0,0.46898156
2,1,1,0.62548393
2,0,1,0.77482307
2,0,1,0.8788145
2,1,0,0.35335758
2,0,1,0.5809776
2,1,0,0.45286074
2,1,1,0.5879125
2,0,0,0.13076243
2,1,1,0.8006812
2,1,1,0.7669242
2,1,1,0.676426
2,1,1,0.83594847
2,0,1,0.6358307
2,1,1,0.7976921
2,0,1,0.70307183
2,1,1,0.6187224
2,0,0,0.33978817
2,0,1,0.72381514
2,0,1,0.80600953
2,0,0,0.39952952
2,1,1,0.6757166
2,0,1,0.8624872
2,0,0,0.38807184
2,1,1,0.6877076
2,1,1,0.5149129
2,0,1,0.5069493
2,1,1,0.6109078
2,1,0,0.38931686
2,0,0,0.33551615
2,1,1,0.7609056
2,0,1,0.5283979
2,1,0,0.48756123
2,1,1,0.6433765
2,0,0,0.46164313
2,0,1,0.73929757
2,0,1,0.52385914
2,1,0,0.20885748
2,0,0,0.15953115
2,0,0,0.273144
2,1,1,0.55324286
2,0,0,0.18126315
2,0,0,0.13906717
2,1,0,0.1560206
2,0,0,0.15669475
2,1,1,0.78237337
2,0,1,0.57562226
2,0,0,0.23079126
2,0,0,0.3060513
2,1,1,0.78548753
2,1,1,0.71698797
2,0,1,0.5245577
2,1,1,0.5645472
2,0,0,0.384846
2,1,0,0.28376478
2,0,0,0.40194818
2,1,0,0.10876349
2,1,0,0.3892272
2,0,1,0.571172
2,0,0,0.13801563
2,0,0,0.11117228
2,0,0,0.0932953
2,0,0,0.107231975
2,0,0,0.36631584
2,0,0,0.36436632
2,0,0,0.2631717
2,0,0,0.36791205
2,0,1,0.6662289
2,0,0,0.37462303
2,1,1,0.8394605
2,1,1,0.8799364
2,0,0,0.20645772
2,1,1,0.58572006
2,1,0,0.3884986
2,0,0,0.35470763
2,1,1,0.72962016
2,0,0,0.14205849
2,1,1,0.7042373
2,0,0,0.25004375
2,1,0,0.39921656
2,1,1,0.66974264
2,1,0,0.4095794
2,0,0,0.36437285
2,0,1,0.5681641
2,0,0,0.24833786
2,0,1,0.503146
2,0,0,0.29703882
2,1,1,0.52571815
2,0,0,0.1980432
2,1,1,0.50559187
2,1,1,0.67598784
2,1,1,0.6797009
2,1,1,0.6716423
2,0,0,0.30736583
2,0,1,0.7856151
2,0,0,0.40890437
2,0,0,0.27383658
2,1,1,0.687756
2,1,1,0.86181223
2,0,1,0.54828966
2,1,1,0.9077688
2,0,1,0.60994583
2,1,0,0.33788508
2,0,1,0.80641186
2,1,1,0.82234
2,1,1,0.90167063
2,1,1,0.8711195
2,1,1,0.83816665
2,0,1,0.83576953
2,0,0,0.34179267
2,1,1,0.7673234
2,1,1,0.91580427
2,0,1,0.7491426
2,0,1,0.56133026
2,0,0,0.447983
2,0,1,0.75186837
2,0,1,0.6881388
2,1,1,0.64221966
2,1,1,0.64163387
2,0,1,0.52133554
2,0,1,0.79166144
2,0,0,0.22990814
2,0,1,0.63545257
2,0,1,0.54146576
2,1,1,0.89559954
2,0,0,0.09396048
2,1,1,0.79353684
2,0,0,0.24081673
2,1,1,0.6653899
2,1,1,0.7724662
2,1,1,0.67138195
2,0,1,0.76848996
2,1,1,0.8195948
2,1,1,0.92886853
2,1,1,0.5314921
2,1,1,0.82424104
2,0,0,0.2818636
2,0,0,0.40784064
2,1,1,0.7368138
2,1,1,0.6478163
2,1,0,0.47607213
2,1,1,0.7285162
2,0,0,0.29315308
2,0,1,0.87880826
2,0,1,0.6103717
2,1,1,0.68822837
2,1,1,0.77896637
2,0,0,0.2759385
2,0,0,0.14249724
2,0,0,0.13038261
2,1,0,0.47309923
2,0,1,0.56800085
2,0,1,0.5232264
2,0,0,0.22931224
2,1,1,0.8121504
2,0,0,0.36162454
2,1,0,0.33074206
2,0,0,0.16640976
2,0,1,0.7500713
2,0,1,0.6526998
2,1,0,0.37884235
2,1,0,0.48007223
2,0,0,0.17438082
2,0,0,0.43707588
2,0,0,0.3751682
2,1,1,0.6668832
2,1,1,0.71121395
2,0,1,0.67195016
2,1,1,0.51199895
2,0,1,0.5793192
2,1,1,0.5980258
2,1,1,0.5102687
2,0,0,0.2650011
2,1,0,0.43787804
2,1,0,0.3944175
2,1,0,0.32403755
2,0,0,0.35090652
2,0,1,0.6383816
2,1,1,0.72914755
2,1,0,0.4671359
2,0,0,0.29629463
2,0,0,0.3930249
2,0,0,0.3886588
2,1,1,0.58103067
2,1,0,0.48502323
2,0,0,0.16300605
2,0,0,0.45106137
2,0,0,0.29798374
2,1,1,0.79551345
2,0,0,0.16281536
2,1,1,0.7628061
2,0,1,0.50492686
2,1,1,0.6565203
2,1,1,0.7322626
2,1,0,0.44269788
2,1,1,0.60471404
2,0,1,0.6397305
2,0,1,0.7467132
2,1,1,0.74146646
2,1,1,0.69521827
2,1,0,0.4074192
2,1,0,0.42195827
2,0,0,0.29467884
2,1,0,0.41562036
2,1,1,0.7181524
2,0,1,0.51973605
2,0,0,0.4432028
2,0,0,0.264489
2,0,1,0.71102625
2,1,1,0.6755348
2,1,1,0.64465463
2,0,1,0.60717696
2,0,1,0.68447566
2,1,0,0.3062946
2,1,0,0.42431676
2,1,1,0.6943304
2,1,1,0.7572179
2,1,1,0.8066323
2,1,1,0.57566524
2,0,1,0.50848037
2,1,1,0.73445904
2,1,1,0.64994353
2,1,0,0.49875885
2,1,1,0.70236474
2,1,1,0.75289714
2,1,1,0.72426623
2,0,1,0.70208085
2,0,1,0.6153684
2,0,1,0.67751724
2,0,1,0.5854932
2,1,0,0.46134117
2,1,1,0.71177626
2,1,1,0.69422966
2,1,1,0.74277943
2,0,0,0.3454944
2,0,0,0.3605589
2,0,1,0.55632067
2,1,0,0.4734564
2,1,0,0.39621857
2,0,1,0.5602587
2,0,0,0.35088488
2,1,0,0.3792436
2,1,1,0.5874604
2,0,1,0.63616776
2,1,1,0.80924016
2,0,1,0.837756
2,0,1,0.5132533
2,1,1,0.6263086
2,0,1,0.53489393
2,1,1,0.8620899
2,1,1,0.5721879
2,1,1,0.6030006
2,0,1,0.5260262
2,0,0,0.35310477
2,1,0,0.4878235
2,1,0,0.1797976
2,1,1,0.5058362
2,1,1,0.56910634
2,0,1,0.52818066
2,0,1,0.5621395
2,1,1,0.7089757
2,0,1,0.6870584
2,1,1,0.61041474
2,0,1,0.5060957
2,0,1,0.85368234
2,0,1,0.5895666
2,0,1,0.5750198
2,1,0,0.49139637
2,0,1,0.5586915
2,0,1,0.5218887
2,1,1,0.50926447
2,0,1,0.5063659
2,0,1,0.55571485
2,0,0,0.21587428
2,1,0,0.3950277
2,1,1,0.7322555
2,1,1,0.85192245
2,0,1,0.8090449
2,1,1,0.8967951
2,0,1,0.58766073
2,1,1,0.7742964
2,1,1,0.8299879
2,0,0,0.37260646
2,0,1,0.62889165
2,0,1,0.6189094
2,1,1,0.81146955
2,1,0,0.36615735
2,0,0,0.31177607
2,1,1,0.50706655
2,1,1,0.7609382
2,1,1,0.76811516
2,0,1,0.5110154
2,0,1,0.62865055
2,0,1,0.5239735
2,1,0,0.45168567
2,0,1,0.82801384
2,0,0,0.36980224
2,1,1,0.70218927
2,1,1,0.8454066
2,1,1,0.83949083
2,1,1,0.6977117
2,1,1,0.7934582
2,1,1,0.70760137
2,0,0,0.49754095
2,0,1,0.7507666
2,0,1,0.6112679
2,1,0,0.2902663
2,0,0,0.1355931
2,0,1,0.5290159
2,0,1,0.62256
2,0,1,0.77922183
2,0,1,0.5424798
2,0,1,0.630588
2,1,1,0.76940364
2,0,0,0.37942153
2,1,1,0.7222753
2,0,1,0.6221652
2,1,1,0.78247607
2,1,1,0.7122534
2,1,1,0.5961264
2,1,0,0.48468333
2,1,1,0.5540741
2,1,1,0.747385
2,0,0,0.3287982
2,0,0,0.21743472
2,0,1,0.754302
2,1,1,0.8726015
2,0,0,0.32173875
2,1,1,0.58223575
2,1,1,0.5293868
2,0,0,0.37662885
2,1,1,0.60804605
2,1,1,0.86039805
2,1,0,0.46213344
2,0,0,0.27535954
2,1,1,0.7552918
2,0,0,0.36525124
2,0,0,0.30433938
2,1,1,0.6739982
2,0,1,0.5834178
2,0,0,0.47828624
2,0,0,0.436766
2,0,1,0.5989261
2,1,1,0.57346475
2,0,0,0.38026905
2,1,1,0.6624546
2,1,1,0.5621697
2,0,0,0.37254098
2,0,0,0.41073427
2,1,1,0.79267734
2,1,1,0.7186246
2,0,0,0.14329495
2,0,0,0.38593498
2,0,0,0.43031994
2,1,0,0.33562788
2,1,1,0.7259408
2,1,0,0.36074656
2,0,1,0.6026861
2,1,0,0.41618198
2,1,0,0.4378402
2,0,0,0.26089767
2,1,0,0.48631883
2,1,1,0.6863223
2,0,0,0.34852043
2,1,0,0.19610563
2,1,0,0.45892468
2,0,0,0.3186722
2,1,0,0.47079673
2,0,0,0.47284368
2,1,0,0.4970771
2,0,0,0.36183178
2,1,0,0.30825934
2,1,0,0.33562788
2,0,0,0.16378328
2,0,0,0.17732005
2,0,1,0.609046
2,0,0,0.4590538
2,0,0,0.3990516
2,1,1,0.6606708
2,1,0,0.3454968
2,1,1,0.7926262
2,1,1,0.585662
2,1,1,0.56697166
2,0,0,0.30461258
2,1,0,0.35081908
2,0,0,0.19124676
2,0,0,0.09745199
2,0,0,0.2295869
2,0,0,0.41015306
2,0,0,0.13247813
2,1,1,0.73705333
2,0,1,0.64483446
2,0,0,0.28016666
2,0,0,0.29101065
2,1,1,0.6860891
2,0,0,0.11138099
2,0,0,0.4093526
2,0,0,0.26568332
2,0,0,0.14398748
2,0,0,0.42477405
2,0,0,0.2364617
2,0,0,0.22837725
2,0,0,0.32383993
2,0,0,0.23732023
2,1,1,0.631058
2,0,0,0.42217562
2,0,0,0.2282647
2,1,1,0.63725334
2,1,1,0.60997784
2,0,1,0.59451777
2,1,0,0.3527238
2,0,0,0.16442089
2,1,0,0.49574506
2,1,1,0.5433599
2,0,1,0.5532429
2,0,0,0.3954753
2,0,1,0.60019684
2,1,0,0.3446559
2,0,0,0.12700516
2,1,0,0.32412258
2,1,1,0.63358104
2,0,0,0.23327248
2,0,0,0.3341249
2,0,1,0.7808438
2,1,0,0.44010594
2,1,0,0.40817714
2,0,0,0.34589115
2,0,0,0.40934348
2,1,1,0.5240705
2,1,1,0.63463837
2,1,1,0.73160136
2,1,1,0.6255176
2,0,1,0.6214642
2,0,1,0.54510176
2,1,1,0.5886587
2,1,1,0.5556933
2,1,1,0.71830714
2,0,0,0.25523302
2,0,1,0.90085936
2,0,0,0.40608844
2,0,1,0.560268
2,1,1,0.83077896
2,0,1,0.61967105
2,0,1,0.7272981
2,0,1,0.7255403
2,0,1,0.5271558
2,1,1,0.91439885
2,0,0,0.42943835
2,0,1,0.7270641
2,1,0,0.35182783
2,1,1,0.68217385
2,1,1,0.80078053
2,0,1,0.50821376
2,0,1,0.63335514
2,0,1,0.56926143
2,1,1,0.51671624
2,1,0,0.38669658
2,1,1,0.7446702
2,0,0,0.45212403
2,0,0,0.49270353
2,0,0,0.32114127
2,0,0,0.24807143
2,0,0,0.2526008
2,1,1,0.71561414
2,0,0,0.24708173
2,0,0,0.22024688
2,0,0,0.2529574
2,1,1,0.6425287
2,0,0,0.34758845
2,1,0,0.46960837
2,1,1,0.72175384
2,0,1,0.6521538
2,1,0,0.17475721
2,1,1,0.5893874
2,1,0,0.44750467
2,0,0,0.49117613
2,0,1,0.69977736
2,0,0,0.20376131
2,0,0,0.3881788
2,1,0,0.49353322
2,0,0,0.48193905
2,0,0,0.35336795
2,1,1,0.59944797
2,0,0,0.26872593
2,1,1,0.6264433
2,1,1,0.6505991
2,1,1,0.6591555
2,0,0,0.18025216
2,1,1,0.8517932
2,1,1,0.6427965
2,0,1,0.6571134
2,0,0,0.49195477
2,0,0,0.36980495
2,1,0,0.37631357
2,0,0,0.44820282
2,0,1,0.8011878
2,0,0,0.40830857
2,0,1,0.8255311
2,1,0,0.42710698
2,1,1,0.64749116
2,1,0,0.17754549
2,0,0,0.3205674
2,1,1,0.6967988
2,1,1,0.5192837
2,1,1,0.60969216
2,0,0,0.48595288
2,0,1,0.5318893
2,0,0,0.3332043
2,0,1,0.51828593
2,0,0,0.25545394
2,0,0,0.23272882
2,0,0,0.27742535
2,0,0,0.11408038
2,0,0,0.322549
2,1,1,0.7201364
2,0,1,0.5207998
2,1,1,0.6682033
2,1,1,0.64694035
2,0,0,0.415353
2,1,1,0.7081932
2,0,0,0.15293665
2,0,1,0.7568154
2,0,0,0.13939083
2,0,0,0.32279983
2,0,0,0.26411217
2,0,1,0.7606037
2,1,0,0.31597623
2,0,1,0.89839166
2,1,1,0.51274776
2,1,0,0.43725687
2,0,1,0.6458127
2,0,0,0.40848917
2,1,0,0.4903677
2,1,0,0.48452222
2,0,0,0.26469222
2,0,0,0.42801937
2,0,1,0.66248703
2,1,1,0.64305985
2,0,1,0.5962271
2,0,0,0.4121546
2,1,1,0.5822531
2,1,0,0.37240526
2,1,0,0.33290192
2,0,0,0.4330082
2,0,1,0.675626
2,0,0,0.38518655
2,1,1,0.7309485
2,1,0,0.2943627
2,1,1,0.50302076
2,1,1,0.57732296
2,1,1,0.5787682
2,0,0,0.18414368
2,1,1,0.5152555
2,1,1,0.6529769
2,1,0,0.4099549
2,0,0,0.12453348
2,1,1,0.7909544
2,0,1,0.5355324
2,0,1,0.6273452
2,1,1,0.60538465
2,0,0,0.29555008
2,0,0,0.46699598
2,0,0,0.16598043
2,0,0,0.36783555
2,0,1,0.64018303
2,1,1,0.54302806
2,0,0,0.21960902
2,0,0,0.4192422
2,1,1,0.7747266
2,1,1,0.7807782
2,0,0,0.25431177
2,0,1,0.779074
2,0,1,0.7523849
2,0,1,0.5504205
2,1,0,0.2419967
2,0,0,0.340925
2,0,1,0.6066098
2,1,1,0.688726
2,1,1,0.81605303
2,0,0,0.36237934
2,0,1,0.50836474
2,1,1,0.6745542
2,0,1,0.61926746
2,1,1,0.6183092
2,0,0,0.10779045
2,0,0,0.26105747
2,0,1,0.588083
2,1,1,0.73984414
2,0,1,0.5944055
2,0,1,0.70850384
2,0,1,0.5578985
2,1,1,0.7736904
2,1,0,0.4350925
2,0,0,0.24326973
2,0,0,0.32420465
2,1,1,0.6439811
2,1,1,0.8075621
2,1,1,0.6366747
2,0,0,0.4758169
2,1,1,0.88802713
2,1,1,0.5296627
2,1,1,0.68437016
2,1,1,0.9038037
2,1,1,0.5465801
2,1,0,0.30773345
2,1,0,0.38672042
2,0,0,0.36006558
2,0,1,0.532482
2,0,0,0.48005962
2,0,0,0.35632488
2,0,1,0.7828918
2,0,1,0.7145601
2,0,0,0.4134327
2,1,1,0.8911757
2,0,1,0.6282916
2,1,1,0.92256546
2,1,1,0.8247942
2,0,1,0.61774474
2,0,0,0.43522027
2,0,0,0.29565874
2,0,1,0.72946256
2,0,1,0.7664883
2,1,1,0.8276426
2,1,1,0.82935095
2,0,0,0.3085498
2,1,1,0.9049019
2,0,1,0.5410844
2,1,1,0.55569416
2,1,1,0.7533752
2,0,0,0.2754486
2,1,1,0.8913443
2,1,1,0.73662215
2,1,1,0.65621483
2,1,1,0.51283157
2,0,0,0.32750434
2,0,1,0.5792342
2,1,1,0.7663463
2,1,0,0.2756422
2,1,0,0.4205607
2,1,0,0.37807375
2,0,0,0.19949429
2,0,0,0.4644948
2,1,1,0.5297515
2,0,1,0.64588666
2,1,0,0.31453496
2,0,1,0.5906617
2,0,1,0.73075366
2,0,1,0.6192769
2,0,1,0.7381125
2,0,1,0.5993506
2,0,1,0.75527877
2,1,1,0.5337055
2,0,0,0.3782822
2,0,0,0.42439464
2,1,0,0.40106297
2,0,1,0.7381171
2,1,0,0.38823643
2,0,1,0.6112316
2,1,0,0.48068652
2,0,0,0.3551971
2,1,1,0.60325867
2,0,1,0.76226103
2,1,1,0.7733068
2,1,1,0.65277267
2,0,1,0.5437846
2,0,1,0.8191185
2,1,1,0.8807374
2,1,1,0.7682172
2,0,0,0.24876015
2,0,0,0.4826012
2,0,1,0.6412266
2,0,1,0.6485424
2,1,1,0.7576609
2,0,1,0.6063191
2,0,0,0.4173215
2,0,1,0.7649354
2,1,0,0.45735094
2,1,1,0.5949534
2,1,1,0.76381046
2,1,1,0.65033966
2,1,1,0.84257257
2,1,1,0.57111627
2,0,1,0.5800081
2,1,1,0.66981214
2,1,1,0.63121253
2,1,1,0.7890515
2,0,1,0.5286248
2,0,0,0.2856607
2,0,0,0.38814878
2,1,1,0.7196995
2,1,0,0.48236293
2,1,1,0.67158854
2,1,1,0.53822535
2,0,0,0.4937952
2,0,1,0.6802291
2,0,1,0.7606226
2,1,1,0.74397147
2,0,0,0.47882923
2,1,1,0.725926
2,0,0,0.18229476
2,1,1,0.5404479
2,0,1,0.612496
2,1,0,0.37901074
2,1,0,0.46665576
2,0,0,0.17282946
2,0,0,0.35036173
2,0,1,0.7743367
2,0,0,0.28265947
2,1,1,0.8562433
2,0,0,0.17969222
2,1,1,0.69962764
2,0,0,0.30959532
2,1,1,0.8717564
2,0,0,0.079918474
2,0,0,0.39069447
2,1,0,0.44778806
2,1,1,0.8036089
2,0,0,0.20221768
2,1,0,0.30455825
2,1,1,0.8696246
2,0,0,0.31917018
2,0,0,0.18010554
2,0,1,0.5454286
2,0,0,0.42750198
2,1,1,0.584094
2,0,1,0.5239948
2,0,1,0.59473056
2,1,0,0.2810569
2,0,0,0.22970353
2,1,1,0.67971635
2,0,1,0.5175044
2,0,0,0.3955126
2,1,1,0.62563074
2,0,0,0.40919772
2,1,0,0.46966454
2,1,0,0.45752013
2,1,0,0.3051398
2,1,1,0.74180055
2,0,0,0.4235048
2,0,1,0.77808464
2,0,0,0.39736462
2,1,1,0.7267173
2,0,1,0.7322785
2,0,1,0.5494655
2,1,1,0.72730935
2,0,1,0.678502
2,0,1,0.67820686
2,0,0,0.37512106
2,1,0,0.41212437
2,1,1,0.5870797
2,1,1,0.71650255
2,1,1,0.82080954
2,0,0,0.41611147
2,1,1,0.57877654
2,0,1,0.58353466
2,1,0,0.469449
2,0,1,0.73699784
2,0,1,0.5138087
2,1,0,0.40972736
2,0,1,0.52091026
2,0,0,0.20675984
2,1,0,0.36117396
2,0,1,0.7087591
2,1,1,0.85187757
2,1,1,0.9295361
2,1,1,0.8987995
2,1,1,0.6718981
2,1,1,0.7078106
2,1,0,0.48278487
2,1,1,0.8989931
2,1,1,0.5514225
2,1,1,0.70023936
2,0,0,0.24710858
2,1,1,0.75031734
2,1,1,0.53129065
2,0,0,0.30413854
2,1,0,0.4723797
2,0,1,0.6059415
2,1,1,0.6135308
2,1,0,0.44481346
2,0,0,0.12372255
2,1,1,0.93204594
2,1,1,0.8677973
2,0,1,0.5400515
2,0,0,0.301796
2,0,0,0.11131921
2,0,0,0.4463655
2,0,1,0.6789788
2,0,1,0.582572
2,0,1,0.53034264
2,0,1,0.71033275
2,1,1,0.92360306
2,1,0,0.4016367
2,0,1,0.60289705
2,1,1,0.82102615
2,1,1,0.85146224
2,1,1,0.84579676
2,0,0,0.28878987
2,1,1,0.7131548
2,1,1,0.82299423
2,0,1,0.5120756
2,1,1,0.91225857
2,0,1,0.69873106
2,1,1,0.84240776
2,1,1,0.7471839
2,0,1,0.6306525
2,1,1,0.57451963
2,0,1,0.83126366
2,0,1,0.620787
2,1,1,0.7735858
2,0,1,0.5490893
2,1,1,0.65235806
2,1,0,0.25781104
2,0,0,0.38829818
2,1,1,0.50368804
2,0,1,0.5970388
2,1,1,0.8412631
2,1,1,0.66938645
2,1,1,0.727509
2,1,0,0.46840772
2,0,1,0.6244577
2,0,1,0.57649446
2,1,1,0.7644435
2,0,1,0.5265639
2,1,1,0.76736194
2,0,0,0.099028155
2,0,1,0.7760668
2,0,0,0.48252097
2,1,0,0.4361713
2,0,0,0.23852578
2,1,1,0.8706188
2,0,0,0.3207301
2,1,0,0.32761103
2,1,1,0.7619909
2,1,1,0.694666
2,1,0,0.27154335
2,1,0,0.155272
2,0,0,0.28410944
2,0,1,0.6965761
2,0,0,0.2689544
2,1,0,0.40037844
2,1,0,0.3622793
2,0,0,0.22031058
2,0,1,0.7729802
2,0,1,0.7410521
2,1,0,0.45494488
2,0,0,0.3138029
2,0,1,0.5104417
2,1,1,0.5151261
2,0,1,0.7293788
2,0,0,0.39971027
2,0,1,0.8272686
2,1,1,0.72078425
2,0,1,0.78057504
2,0,0,0.2912812
2,1,1,0.5582325
2,0,0,0.41495365
2,1,0,0.19435172
2,0,0,0.39012125
2,0,0,0.11275513
2,0,0,0.12652811
2,1,0,0.48512438
2,0,1,0.6463384
2,0,0,0.24642628
2,0,1,0.5327303
2,0,0,0.36068872
2,0,0,0.44304782
2,0,0,0.45814463
2,1,1,0.56134826
2,0,0,0.10405434
2,0,0,0.1520299
2,0,1,0.6027406
2,1,1,0.84498066
2,0,0,0.10796111
2,0,0,0.227745
2,1,1,0.9088409
2,1,1,0.59215194
2,0,1,0.83776695
2,0,0,0.45922136
2,0,0,0.18501504
2,1,1,0.7748819
2,1,1,0.84638387
2,1,0,0.29663563
2,0,0,0.3748837
2,0,0,0.20532554
2,1,1,0.7643417
2,1,0,0.30244946
2,1,1,0.56360376
2,0,1,0.56150526
2,0,0,0.22720948
2,0,0,0.20938928
2,0,0,0.4449433
2,1,1,0.75811255
2,0,0,0.2664768
2,1,0,0.21766877
2,1,1,0.60452163
2,0,0,0.1697931
2,1,1,0.6414935
2,1,1,0.84813124
2,0,0,0.11058603
2,0,0,0.23923916
2,1,1,0.5420863
2,0,0,0.3592434
2,1,0,0.4386332
2,0,0,0.37361187
2,1,1,0.6623103
2,1,0,0.33198857
2,0,1,0.599
2,1,0,0.21385732
2,1,0,0.4578841
2,0,0,0.13036649
2,0,1,0.58375293
2,0,0,0.45003048
2,0,0,0.4030354
2,1,0,0.35620812
2,0,0,0.22540924
2,0,0,0.17623122
2,1,1,0.5378295
2,0,0,0.18690208
2,1,0,0.4427681
2,0,0,0.4895591
2,1,1,0.5532324
2,0,0,0.3721096
2,0,1,0.5532256
2,0,0,0.45279244
2,0,0,0.14547415
2,0,1,0.5782457
2,1,0,0.35533416
2,1,0,0.31829414
2,0,0,0.38777912
2,1,0,0.26783416
2,1,1,0.5891519
2,1,0,0.45069045
2,0,1,0.55289084
2,1,1,0.6906244
2,0,1,0.53219473
2,1,1,0.5518211
2,0,1,0.5661033
2,0,0,0.27622414
2,0,0,0.44473127
2,1,0,0.13196315
2,0,0,0.2060907
2,1,0,0.35593048
2,1,1,0.6525389
2,0,0,0.15533304
2,1,1,0.5694454
2,1,0,0.46732527
2,0,0,0.31509748
2,0,0,0.18059692
2,0,0,0.28082094
2,0,0,0.31198043
2,0,0,0.27139378
2,0,1,0.53283954
2,0,0,0.453839
2,0,0,0.28319666
2,0,0,0.19559336
2,1,0,0.45376426
2,1,0,0.49273482
2,1,0,0.43318245
2,0,0,0.13639978
2,0,0,0.13095702
2,1,1,0.6580733
2,1,1,0.7126109
2,1,0,0.336742
2,0,0,0.17594817
2,0,1,0.5089762
2,1,0,0.2952582
2,0,0,0.46972513
2,0,0,0.15000375
2,0,0,0.30410618
2,0,0,0.40915322
2,0,1,0.6455196
2,0,0,0.42626554
2,0,0,0.22151046
2,0,0,0.09076264
2,0,1,0.72937405
2,0,0,0.17186365
2,0,0,0.32814413
2,0,1,0.63789666
2,1,0,0.46119204
2,1,1,0.53756535
2,0,0,0.13881251
2,1,1,0.5541808
2,0,0,0.24876878
2,1,0,0.4699929
2,1,1,0.64288884
2,0,0,0.41484103
2,1,1,0.5919453
2,1,0,0.46439382
2,0,0,0.42400026
2,1,1,0.65000236
2,1,0,0.3602392
2,1,1,0.58812255
2,0,0,0.24697348
2,1,0,0.4854011
2,1,1,0.9528637
2,1,1,0.70714563
2,0,1,0.559404
2,0,0,0.29596135
2,0,0,0.42073515
2,0,0,0.20643523
2,0,0,0.23873056
2,0,0,0.4220707
2,0,0,0.24483834
2,0,0,0.38923368
2,1,1,0.9108047
2,0,0,0.45600605
2,1,1,0.6726864
2,1,1,0.821438
2,1,1,0.6322604
2,1,1,0.65879154
2,1,1,0.7550988
2,0,1,0.6495545
2,0,1,0.761849
2,1,1,0.7068713
2,0,0,0.29933402
2,0,1,0.5015727
2,0,0,0.39879727
2,1,1,0.7952029
2,0,1,0.67044747
2,0,0,0.4353455
2,0,0,0.34909377
2,1,0,0.3168721
2,1,1,0.78519845
2,0,0,0.49037588
2,0,1,0.71205926
2,0,1,0.50223553
2,0,1,0.71923816
2,1,0,0.28735036
2,1,1,0.5845232
2,0,1,0.5841475
2,0,0,0.4035428
2,0,1,0.6618715
2,1,1,0.65492564
2,0,1,0.6432561
2,0,0,0.45564225
2,1,1,0.7348581
2,1,1,0.70563626
2,0,0,0.3993429
2,1,0,0.38589963
2,0,0,0.30356267
2,1,0,0.41516054
2,1,0,0.29853216
2,0,0,0.2977965
2,0,1,0.6855478
2,1,1,0.6336941
2,1,0,0.4783346
2,1,0,0.48156345
2,0,0,0.39018926
2,0,0,0.39818338
2,0,0,0.28709006
2,0,1,0.56078225
2,0,0,0.44249853
2,0,0,0.45205382
2,1,1,0.5613298
2,0,0,0.4718004
2,0,0,0.14833537
2,1,1,0.7287537
2,1,0,0.17108344
2,0,0,0.46787137
2,0,0,0.2193305
2,0,1,0.77879447
2,0,0,0.3310732
2,0,1,0.6029577
2,1,1,0.7432482
2,1,1,0.5839034
2,1,1,0.7241346
2,0,0,0.38899735
2,1,0,0.4057468
2,1,0,0.287883
2,0,0,0.4182218
2,1,1,0.51401174
2,1,1,0.76513785
2,0,1,0.6628234
2,0,0,0.4425081
2,1,0,0.35613516
2,0,0,0.32838163
2,1,1,0.8134043
2,1,1,0.6206883
2,0,1,0.6431834
2,1,1,0.68014747
2,1,0,0.26703513
2,0,0,0.2887456
2,0,0,0.14422704
2,1,1,0.5393627
2,0,0,0.20661639
2,0,1,0.70974594
2,1,1,0.75371444
2,0,0,0.3949622
2,0,0,0.35006785
2,0,0,0.49444914
2,0,1,0.7290493
2,1,1,0.5680228
2,1,1,0.9451205
2,1,1,0.6549957
2,1,1,0.54467213
2,0,0,0.2649554
2,1,1,0.5369194
2,1,0,0.39651456
2,1,0,0.47573623
2,1,0,0.47101274
2,1,1,0.53412396
2,1,1,0.78893745
2,1,1,0.70132035
2,0,1,0.57154655
2,0,0,0.31668904
2,0,0,0.2813645
2,1,0,0.49027574
2,1,1,0.6206263
2,0,0,0.44389755
2,1,0,0.43799162
2,0,0,0.25579706
2,0,0,0.15858626
2,0,0,0.20110053
2,0,0,0.15394492
2,1,0,0.18382563
2,1,1,0.7723706
2,0,0,0.15199229
2,1,0,0.36596933
2,1,1,0.60437346
2,0,0,0.21840586
2,1,0,0.18032682
2,0,0,0.29496
2,1,0,0.4939552
2,0,0,0.23864254
2,1,0,0.3352494
2,1,1,0.63427025
2,1,0,0.3804923
2,1,0,0.22727065
2,0,0,0.35484228
2,0,0,0.3083534
2,0,0,0.29875994
2,0,0,0.24361593
2,0,0,0.47273204
2,0,0,0.36359575
2,0,0,0.26888072
2,1,0,0.25312886
2,0,0,0.11327078
2,1,1,0.5484083
2,0,0,0.1442737
2,0,0,0.31535769
2,0,0,0.17734852
2,1,0,0.25436333
2,0,0,0.43817165
2,0,0,0.2070065
2,1,0,0.39950767
2,1,0,0.43696934
2,1,1,0.5083015
2,0,0,0.29308814
2,1,0,0.10851292
2,0,1,0.5079928
2,0,0,0.29801202
2,0,0,0.37465802
2,1,1,0.57173383
2,1,0,0.26733205
2,0,0,0.45925435
2,1,0,0.3543527
2,1,0,0.43458202
2,1,0,0.4457901
2,1,0,0.46797222
2,1,1,0.61846346
2,1,0,0.29452488
2,1,0,0.4607004
2,0,0,0.46113825
2,0,0,0.3641605
2,0,1,0.5540756
2,0,0,0.26007488
2,0,0,0.3680515
2,0,0,0.09587367
2,1,1,0.5207605
2,0,0,0.4389893
2,0,0,0.24322557
2,0,0,0.27033177
2,0,0,0.10376676
2,0,1,0.68131167
2,0,0,0.49463904
2,1,0,0.3924044
2,0,0,0.26624724
2,0,0,0.2495082
2,1,0,0.19853541
2,0,0,0.27415374
2,0,0,0.14962542
2,0,0,0.10131792
2,0,0,0.4527977
2,0,1,0.55854094
2,0,0,0.4553145
2,0,0,0.25505364
2,1,1,0.7751562
2,0,0,0.18109404
2,1,0,0.24195164
2,0,0,0.4173391
2,0,0,0.093154535
2,1,0,0.45218995
2,0,0,0.49644408
2,0,0,0.22874703
2,0,0,0.39094362
2,1,0,0.43644837
2,0,0,0.32588106
2,0,0,0.36256185
2,0,0,0.29769582
2,0,1,0.5008524
2,0,1,0.62547237
2,0,0,0.30263293
2,0,0,0.063833766
2,0,0,0.22176862
2,1,1,0.77392566
2,1,1,0.67533255
2,1,1,0.6597443
2,1,1,0.58684623
2,0,1,0.71670145
2,1,0,0.20826834
2,1,1,0.5465899
2,0,1,0.7674292
2,1,1,0.7112299
2,0,1,0.6971948
2,0,0,0.19547333
2,0,1,0.5287153
2,1,1,0.62179995
2,0,0,0.4240466
2,1,1,0.7704976
2,1,1,0.5852676
2,1,0,0.40420112
2,1,1,0.53634214
2,0,0,0.4462292
2,1,0,0.4857661
2,0,1,0.540892
2,0,1,0.6519941
2,0,0,0.33703423
2,0,1,0.51043636
2,1,1,0.58261883
2,1,0,0.40002784
2,1,1,0.6789686
2,1,1,0.8245911
2,1,0,0.33678126
2,0,0,0.20721991
2,0,0,0.11425938
2,0,0,0.39773405
2,0,0,0.47783035
2,0,0,0.13370453
2,1,0,0.14205848
2,0,0,0.11582484
2,1,0,0.41156918
2,0,0,0.46297005
2,0,0,0.35114333
2,0,0,0.14501025
2,0,0,0.14267434
2,0,0,0.15820594
2,1,1,0.55466944
2,0,0,0.15648073
2,1,0,0.24592914
2,0,0,0.23002015
2,1,1,0.70776576
2,0,0,0.38491982
2,1,0,0.35106197
2,1,0,0.47938734
2,0,1,0.7208808
2,0,1,0.7418835
2,0,1,0.54603344
2,0,1,0.5376905
2,1,1,0.52584493
2,1,1,0.8499922
2,0,0,0.27198863
2,1,1,0.71930224
2,0,1,0.5143152
2,1,1,0.6382943
2,1,1,0.7255675
2,0,1,0.61746126
2,1,1,0.76211673
2,1,1,0.531436
2,0,0,0.116026245
2,0,1,0.55533355
2,1,1,0.57823783
2,0,1,0.6387108
2,0,0,0.364436
2,1,1,0.6177276
2,1,1,0.65944433
2,1,1,0.6770156
2,1,1,0.5021084
2,1,1,0.5112033
2,0,0,0.4901507
2,0,0,0.3610167
2,1,0,0.334768
2,0,0,0.42982665
2,0,0,0.44117802
2,0,0,0.15220328
2,0,1,0.7043094
2,0,0,0.30544987
2,0,1,0.7305515
2,1,0,0.39339152
2,0,1,0.75556684
2,1,1,0.7274
2,1,1,0.74076724
2,0,0,0.37811646
2,0,1,0.6414936
2,1,1,0.5351646
2,1,1,0.80750597
2,1,1,0.77254283
2,0,0,0.3342728
2,0,0,0.2185097
2,0,0,0.15984601
2,1,1,0.5256745
2,0,0,0.3770012
2,0,1,0.57428813
2,1,1,0.6962598
2,0,0,0.42890024
2,0,0,0.38018745
2,1,1,0.7415831
2,1,1,0.6190732
2,0,0,0.35885614
2,0,1,0.5688076
2,0,0,0.49481496
2,0,0,0.4516485
2,0,0,0.20599924
2,0,0,0.4526709
2,1,0,0.2911869
2,0,1,0.59426355
2,1,1,0.8072601
2,1,1,0.81814617
2,0,0,0.46083283
2,0,1,0.6534428
2,1,1,0.6991887
2,0,1,0.61700666
2,1,1,0.8598866
2,1,1,0.7369935
2,0,0,0.45677218
2,1,1,0.8632533
2,0,0,0.26727545
2,0,0,0.3531244
2,0,0,0.3819605
2,1,1,0.69604015
2,1,1,0.7743815
2,0,1,0.6060813
2,0,0,0.26414993
2,1,1,0.7860191
2,0,1,0.6712807
2,0,0,0.4880617
2,1,0,0.4433887
2,1,1,0.7743853
2,1,1,0.6508283
2,1,1,0.55344856
2,0,0,0.48937744
2,0,0,0.31794554
2,1,1,0.5819493
2,1,1,0.70614386
2,0,0,0.34496683
2,1,1,0.9021573
2,0,1,0.58442837
2,1,1,0.64203036
2,0,1,0.6176038
2,0,0,0.47307557
2,0,0,0.3708974
2,0,0,0.47167557
2,0,0,0.27276012
2,1,1,0.89770913
2,0,1,0.8705267
2,1,1,0.7337208
2,0,1,0.5793416
2,1,1,0.72336763
2,0,0,0.122684166
2,1,1,0.5438987
2,0,1,0.8228501
2,0,0,0.38670942
2,0,1,0.54210514
2,0,0,0.4178611
2,0,0,0.39403027
2,0,1,0.5997168
2,1,1,0.5544023
2,0,0,0.22849493
2,0,0,0.34358022
2,1,0,0.4286551
2,1,0,0.46249664
2,1,1,0.5691455
2,0,0,0.43616885
2,1,1,0.6250994
2,0,0,0.3739866
2,0,1,0.57606286
2,0,1,0.60089535
2,1,1,0.8197828
2,1,1,0.565545
2,0,1,0.6428019
2,0,1,0.7042654
2,1,1,0.6169626
2,1,1,0.6265358
2,1,1,0.8194895
2,0,1,0.528117
3,1,1,0.86359483
3,0,1,0.5898742
3,0,1,0.5010793
3,1,0,0.46340075
3,0,1,0.80402327
3,1,1,0.61279714
3,1,0,0.2894505
3,0,0,0.37087414
3,1,1,0.60068655
3,0,0,0.33660933
3,0,1,0.5168388
3,0,1,0.6456359
3,0,0,0.38678595
3,1,1,0.5073071
3,0,1,0.52396804
3,1,1,0.70218176
3,0,1,0.68415135
3,1,1,0.6784485
3,1,1,0.5760184
3,0,1,0.582851
3,0,0,0.374654
3,1,1,0.5481006
3,0,1,0.80390924
3,0,0,0.4091462
3,0,0,0.38308275
3,0,0,0.43822312
3,1,1,0.7207791
3,1,1,0.7724268
3,1,1,0.71347064
3,0,1,0.5995327
3,0,0,0.38932055
3,1,1,0.63731223
3,1,0,0.45862007
3,0,0,0.47275564
3,0,1,0.517853
3,1,1,0.7740342
3,1,0,0.47834623
3,0,1,0.63173664
3,0,0,0.21295564
3,1,1,0.5771147
3,0,0,0.11151257
3,1,1,0.9396552
3,0,1,0.5335896
3,0,1,0.56954217
3,1,1,0.7583427
3,1,1,0.73265487
3,0,1,0.6609529
3,0,1,0.6828705
3,1,1,0.5554172
3,0,0,0.30149457
3,1,1,0.78194183
3,0,1,0.75519407
3,0,0,0.43854386
3,0,0,0.3088867
3,0,0,0.2941642
3,1,0,0.33205602
3,0,0,0.17696829
3,0,0,0.13994354
3,1,1,0.5553479
3,1,1,0.67441386
3,1,0,0.21534716
3,1,0,0.17976658
3,1,1,0.7965899
3,0,1,0.554178
3,1,0,0.17911097
3,1,1,0.81462514
3,0,0,0.3801907
3,0,1,0.5649253
3,0,0,0.45137182
3,1,1,0.6949524
3,0,1,0.50682485
3,0,1,0.6740686
3,0,1,0.6912689
3,1,0,0.4660878
3,1,0,0.34867558
3,0,1,0.6202791
3,1,0,0.3411035
3,0,1,0.55843014
3,0,0,0.49590892
3,1,1,0.50186723
3,0,0,0.41800916
3,0,0,0.24152304
3,0,1,0.5075522
3,0,1,0.69316906
3,1,1,0.5719466
3,1,0,0.40315893
3,1,1,0.86994946
3,1,1,0.7609585
3,0,1,0.7044798
3,1,1,0.6237708
3,1,1,0.6469984
3,0,0,0.4540808
3,1,0,0.45178077
3,0,1,0.56806654
3,0,1,0.55132324
3,0,0,0.38542742
3,1,1,0.6452977
3,0,1,0.664155
3,0,1,0.5450082
3,0,1,0.6488484
3,1,1,0.74145365
3,0,1,0.62267
3,1,1,0.7795662
3,0,1,0.54245436
3,1,1,0.67885715
3,1,1,0.68548155
3,1,1,0.6126319
3,1,1,0.5798865
3,0,0,0.46426642
3,1,1,0.7902034
3,0,0,0.18633428
3,1,1,0.62281114
3,1,0,0.20167412
3,0,1,0.6999592
3,0,0,0.3273033
3,0,0,0.38229254
3,0,1,0.6592358
3,1,1,0.87036407
3,0,1,0.83064437
3,1,1,0.68087196
3,0,1,0.72464675
3,0,1,0.52359915
3,0,1,0.6563775
3,0,1,0.79497325
3,0,1,0.6497403
3,0,0,0.36633435
3,1,1,0.8338853
3,0,1,0.52661556
3,1,1,0.63595194
3,1,1,0.6065095
3,1,1,0.59979427
3,1,1,0.8453361
3,0,1,0.68513167
3,1,1,0.5743562
3,1,1,0.7887604
3,0,1,0.5649239
3,0,1,0.7374064
3,1,1,0.6858883
3,0,1,0.7945926
3,1,0,0.43662655
3,1,1,0.7548563
3,0,1,0.65708214
3,1,1,0.6330832
3,0,1,0.6735141
3,0,1,0.5431871
3,1,0,0.38321242
3,0,0,0.48886353
3,0,1,0.5657284
3,1,1,0.77598363
3,1,1,0.52436996
3,1,0,0.3276351
3,0,1,0.6221225
3,1,1,0.63360786
3,0,1,0.5453533
3,0,0,0.2594828
3,1,1,0.79165876
3,0,0,0.497499
3,1,0,0.33009976
3,0,0,0.46266645
3,1,1,0.5817635
3,1,1,0.51673776
3,1,1,0.5215585
3,0,1,0.5288526
3,1,1,0.61264014
3,0,0,0.45942432
3,0,0,0.3196008
3,1,1,0.54265845
3,0,0,0.47744417
3,0,0,0.4653443
3,0,0,0.41096488
3,1,1,0.80390644
3,0,0,0.35203785
3,0,0,0.15038338
3,1,1,0.5798191
3,1,1,0.5163632
3,0,0,0.30822828
3,1,1,0.6111883
3,0,0,0.26389614
3,1,1,0.5611333
3,0,0,0.3399097
3,0,1,0.71243596
3,0,1,0.77383685
3,1,1,0.79802406
3,0,0,0.3788982
3,0,0,0.49219266
3,0,0,0.3843685
3,1,1,0.60956454
3,0,0,0.39072523
3,1,1,0.68409944
3,0,0,0.22130135
3,1,1,0.62764186
3,1,1,0.66472375
3,0,0,0.154953
3,0,1,0.5663867
3,0,0,0.41958985
3,1,0,0.425196
3,1,1,0.56128776
3,1,1,0.5235027
3,0,0,0.2927712
3,1,1,0.79317683
3,0,1,0.6828359
3,1,0,0.38662916
3,0,0,0.3085365
3,1,1,0.79545987
3,1,1,0.71723324
3,1,0,0.39597562
3,1,0,0.4016183
3,1,1,0.6484733
3,1,1,0.7586787
3,1,1,0.77111197
3,0,1,0.82283556
3,0,1,0.6031611
3,1,1,0.5897381
3,0,1,0.60687715
3,0,0,0.48082963
3,1,1,0.6864932
3,1,1,0.5268914
3,1,1,0.65428054
3,0,0,0.46627757
3,1,1,0.84938985
3,1,1,0.7035013
3,0,0,0.43267405
3,0,0,0.22131325
3,0,0,0.3286452
3,1,1,0.78746885
3,0,0,0.4388979
3,1,1,0.5476464
3,1,1,0.5987906
3,0,1,0.52416915
3,0,0,0.11029165
3,1,1,0.74474055
3,0,1,0.5821224
3,0,0,0.2862548
3,1,1,0.77681684
3,1,1,0.6895429
3,0,1,0.77704394
3,0,1,0.72148764
3,1,1,0.6856165
3,1,1,0.8780938
3,1,1,0.76695305
3,1,1,0.91197157
3,0,1,0.76198876
3,0,1,0.5313486
3,0,1,0.6974049
3,1,1,0.895011
3,1,1,0.52762014
3,0,1,0.5182988
3,0,0,0.33329904
3,1,0,0.44643626
3,0,0,0.43113267
3,0,1,0.70701426
3,1,0,0.4619742
3,0,1,0.5564261
3,0,1,0.5686416
3,1,1,0.88453853
3,0,0,0.43510342
3,1,0,0.36708134
3,1,0,0.4249571
3,0,0,0.26803136
3,1,0,0.49023217
3,0,1,0.5370332
3,0,1,0.5793973
3,1,1,0.53431755
3,0,0,0.059714347
3,0,1,0.5710685
3,1,0,0.13362616
3,0,1,0.71654415
3,0,0,0.19198978
3,0,1,0.5538241
3,1,1,0.7396888
3,0,1,0.7750186
3,0,1,0.71520966
3,1,0,0.48019564
3,0,0,0.3981399
3,0,0,0.14844398
3,1,1,0.71073496
3,0,0,0.123232655
3,1,1,0.6419977
3,0,0,0.18180722
3,1,1,0.574701
3,1,1,0.6867091
3,1,1,0.8287168
3,1,0,0.43006253
3,0,0,0.26457053
3,0,1,0.66428113
3,0,1,0.8120647
3,1,1,0.71290165
3,0,0,0.40741575
3,0,0,0.2772585
3,1,1,0.7590594
3,1,1,0.5229644
3,1,0,0.21574262
3,1,0,0.39163098
3,1,1,0.50288063
3,0,0,0.26442233
3,0,1,0.6667211
3,1,1,0.63485867
3,0,0,0.15455522
3,1,1,0.56117296
3,0,0,0.17343704
3,0,1,0.8212005
3,1,0,0.4359883
3,0,1,0.5639185
3,1,1,0.719737
3,1,1,0.5062909
3,0,0,0.20163596
3,1,1,0.6748143
3,0,1,0.8064338
3,1,1,0.9256375
3,1,1,0.74757665
3,1,1,0.6917794
3,1,0,0.37788135
3,1,1,0.5734286
3,1,1,0.69363904
3,1,1,0.63860804
3,0,0,0.3067381
3,1,1,0.6373941
3,0,0,0.072087154
3,0,0,0.2895975
3,1,1,0.51856536
3,0,1,0.501485
3,1,0,0.49695602
3,0,0,0.20791274
3,0,0,0.32560998
3,1,1,0.57334447
3,0,1,0.5031958
3,0,1,0.51368743
3,0,0,0.20772175
3,0,1,0.56245905
3,0,0,0.17301573
3,1,1,0.7035813
3,1,1,0.65487236
3,1,1,0.6601285
3,0,0,0.49844715
3,0,0,0.4305969
3,1,1,0.633404
3,1,1,0.59391695
3,1,1,0.6138641
3,1,1,0.66193604
3,1,1,0.58552366
3,0,1,0.6501263
3,0,1,0.501411
3,1,1,0.8966078
3,1,1,0.74737555
3,0,1,0.523916
3,0,1,0.5662341
3,1,1,0.6334842
3,1,1,0.5817283
3,0,1,0.72534174
3,0,0,0.29103068
3,0,1,0.80288035
3,1,1,0.5289901
3,1,1,0.6966795
3,0,1,0.8415178
3,0,0,0.46686697
3,1,1,0.65812916
3,0,1,0.52471995
3,0,0,0.45944858
3,1,1,0.667051
3,0,1,0.51646715
3,1,1,0.66019315
3,0,1,0.6617236
3,1,1,0.8303678
3,1,1,0.7073123
3,1,1,0.5580492
3,1,1,0.593466
3,0,0,0.45825946
3,1,1,0.59948623
3,0,0,0.2619993
3,1,0,0.15646774
3,1,1,0.5513195
3,0,0,0.25648195
3,1,1,0.644286
3,0,0,0.31517962
3,1,1,0.60098916
3,0,0,0.40625614
3,0,0,0.44735268
3,0,0,0.46721855
3,0,0,0.41010812
3,0,0,0.3655148
3,0,1,0.56974363
3,0,0,0.493136
3,0,1,0.66890705
3,1,1,0.85830045
3,0,0,0.37764716
3,1,1,0.5378299
3,1,0,0.36390197
3,0,1,0.55148375
3,0,0,0.3045492
3,1,1,0.54016805
3,1,1,0.6320936
3,0,1,0.7302207
3,0,0,0.42985138
3,0,1,0.81792146
3,1,0,0.32425442
3,0,1,0.57088494
3,0,1,0.6866864
3,1,1,0.5681916
3,0,0,0.14384557
3,1,0,0.48744082
3,0,0,0.48904872
3,1,1,0.8109673
3,1,1,0.55338246
3,0,1,0.5420818
3,1,0,0.48382983
3,1,1,0.56601006
3,0,0,0.4871871
3,1,0,0.4695484
3,0,1,0.546619
3,1,1,0.7521022
3,0,1,0.72604275
3,0,0,0.27553156
3,1,0,0.39276266
3,1,1,0.62118196
3,0,0,0.19777898
3,0,0,0.2183714
3,1,1,0.6183553
3,1,1,0.514759
3,0,1,0.6359106
3,0,0,0.4916938
3,1,0,0.18929176
3,0,0,0.4634107
3,0,0,0.19127163
3,1,1,0.6303965
3,1,1,0.7485809
3,1,1,0.7422447
3,0,0,0.46084774
3,1,1,0.52410305
3,0,0,0.3934329
3,1,1,0.6351757
3,0,0,0.4722859
3,0,0,0.4756241
3,0,1,0.5676709
3,0,1,0.53866404
3,0,1,0.6890193
3,1,1,0.6044886
3,0,1,0.6117237
3,1,1,0.5856649
3,1,1,0.6627131
3,0,0,0.28015313
3,1,1,0.9477365
3,1,1,0.5559821
3,1,1,0.6692964
3,0,1,0.6305617
3,1,1,0.5827698
3,0,0,0.3402597
3,1,1,0.77916306
3,0,0,0.4093875
3,1,1,0.73360306
3,0,1,0.7218406
3,0,0,0.28265852
3,0,1,0.5872251
3,0,1,0.7300695
3,0,1,0.55859846
3,1,1,0.70186853
3,1,1,0.62211764
3,1,1,0.7707385
3,0,1,0.61095726
3,0,1,0.6412835
3,1,1,0.57410574
3,1,1,0.714877
3,0,1,0.5511249
3,0,1,0.79792905
3,1,1,0.8001261
3,0,0,0.47720808
3,1,1,0.68896353
3,0,1,0.7576876
3,1,1,0.86653244
3,0,1,0.6883819
3,1,1,0.8000085
3,1,1,0.6514997
3,0,0,0.48694187
3,0,0,0.41679528
3,1,1,0.78392947
3,0,0,0.48100945
3,0,1,0.70482236
3,1,1,0.64626694
3,1,0,0.4973284
3,1,1,0.5112421
3,0,0,0.34508517
3,0,0,0.34462392
3,1,1,0.54159296
3,0,0,0.14691545
3,0,1,0.6355061
3,1,0,0.4619012
3,0,0,0.31535643
3,0,0,0.26269028
3,1,0,0.26064524
3,1,0,0.16008288
3,0,0,0.37135482
3,1,0,0.29909447
3,1,1,0.56353545
3,0,0,0.34917608
3,1,1,0.53019273
3,0,1,0.5003806
3,0,0,0.31186676
3,0,0,0.09517643
3,0,1,0.5096176
3,0,1,0.7547115
3,0,0,0.3846231
3,1,0,0.2083142
3,1,1,0.79421604
3,0,1,0.50786
3,0,0,0.2737734
3,0,0,0.49995333
3,0,1,0.6053713
3,0,0,0.34132448
3,0,0,0.24744941
3,0,0,0.41206768
3,0,1,0.5214997
3,1,0,0.42403153
3,1,0,0.44698742
3,0,0,0.42457506
3,1,1,0.5494281
3,0,0,0.11822263
3,0,0,0.22713152
3,1,1,0.8105965
3,1,1,0.80133283
3,0,0,0.2735866
3,1,1,0.736986
3,1,1,0.533834
3,1,1,0.7882293
3,1,1,0.5213659
3,1,1,0.83720446
3,1,1,0.61003786
3,0,1,0.5487103
3,0,1,0.7710488
3,1,1,0.54169977
3,0,1,0.69063395
3,0,0,0.091557175
3,1,1,0.865363
3,0,0,0.48387092
3,1,1,0.8236021
3,1,1,0.78910357
3,1,1,0.7204451
3,1,1,0.76812494
3,1,1,0.6975309
3,0,0,0.42741656
3,0,1,0.77433956
3,0,0,0.27235445
3,0,1,0.8936193
3,1,1,0.73995095
3,1,1,0.7174446
3,0,0,0.24362908
3,0,0,0.47209394
3,1,1,0.77405447
3,1,1,0.6706723
3,1,1,0.768893
3,0,0,0.07526551
3,1,1,0.59926695
3,1,1,0.8462662
3,1,1,0.8702618
3,1,0,0.46672225
3,1,1,0.86063206
3,1,1,0.83530426
3,1,1,0.75053614
3,0,0,0.45209578
3,0,0,0.24563551
3,0,1,0.5313486
3,1,1,0.83353573
3,1,1,0.62383246
3,1,1,0.5795701
3,0,1,0.5790069
3,1,1,0.6581145
3,1,0,0.3108996
3,1,1,0.57314485
3,1,1,0.70842385
3,1,1,0.7560372
3,0,1,0.7059429
3,0,1,0.52838105
3,0,1,0.5834771
3,0,1,0.62741965
3,1,1,0.58820206
3,0,1,0.7227964
3,1,1,0.6756397
3,0,1,0.56660074
3,0,1,0.6808021
3,0,1,0.76842946
3,0,0,0.31594524
3,0,1,0.53875893
3,1,1,0.7649247
3,1,1,0.73732984
3,0,1,0.6094135
3,1,1,0.56489265
3,1,0,0.38816994
3,1,0,0.46557182
3,0,1,0.7560767
3,0,1,0.6685714
3,0,1,0.610255
3,0,0,0.1342534
3,1,1,0.7229753
3,0,0,0.19067909
3,0,1,0.6755285
3,0,1,0.5310959
3,1,1,0.5606975
3,1,1,0.684697
3,1,1,0.6317391
3,0,1,0.53985333
3,0,0,0.4798441
3,1,1,0.54437685
3,1,1,0.81932884
3,0,0,0.49314192
3,1,1,0.8460639
3,1,0,0.49537557
3,0,0,0.27480024
3,0,1,0.50159246
3,0,0,0.4135461
3,1,1,0.8366603
3,0,1,0.77433956
3,1,0,0.27646995
3,1,0,0.38874397
3,1,0,0.41277683
3,1,1,0.76548827
3,0,0,0.4732436
3,0,1,0.54218954
3,1,1,0.78754705
3,1,1,0.5633623
3,0,0,0.28886133
3,1,1,0.8025235
3,1,1,0.55968887
3,0,1,0.71474063
3,1,0,0.35882485
3,1,1,0.68568516
3,1,1,0.6167816
3,1,1,0.5324416
3,0,1,0.643112
3,1,1,0.63629234
3,0,1,0.5984699
3,0,0,0.49747226
3,0,0,0.058196686
3,0,1,0.5788559
3,0,1,0.52841616
3,0,0,0.23945308
3,0,0,0.26887125
3,1,1,0.5224116
3,1,0,0.40060693
3,0,1,0.5783417
3,0,0,0.23290043
3,0,1,0.71483445
3,1,1,0.54627234
3,1,1,0.7270212
3,0,1,0.5056278
3,0,0,0.3141008
3,1,1,0.77819157
3,0,0,0.154911
3,1,0,0.45599166
3,1,0,0.20954351
3,1,1,0.6014956
3,1,1,0.65785164
3,0,0,0.34314245
3,0,0,0.37910366
3,0,0,0.083042115
3,0,1,0.6430374
3,0,1,0.5319709
3,0,0,0.19520046
3,0,1,0.51362956
3,1,1,0.61275995
3,0,0,0.3097002
3,1,1,0.7289866
3,0,1,0.666137
3,0,0,0.48752624
3,1,1,0.61942893
3,0,0,0.4097296
3,1,1,0.6505167
3,1,1,0.8168197
3,1,1,0.5606058
3,1,1,0.64378464
3,0,1,0.58445626
3,0,0,0.42335045
3,0,1,0.6586459
3,1,1,0.7175164
3,0,1,0.5969637
3,0,1,0.7173374
3,0,0,0.16509877
3,1,1,0.7499094
3,1,1,0.7328443
3,0,1,0.53030795
3,0,1,0.621387
3,0,0,0.30291274
3,1,1,0.9138185
3,1,1,0.8351008
3,1,1,0.7456286
3,0,0,0.48290598
3,1,1,0.5583062
3,0,1,0.7118094
3,0,1,0.6141242
3,1,1,0.68204695
3,0,1,0.6211205
3,1,0,0.49145126
3,0,0,0.4445069
3,1,1,0.80307645
3,1,1,0.6854793
3,0,0,0.3012417
3,1,0,0.45997125
3,0,1,0.6240454
3,1,0,0.47420204
3,0,1,0.529163
3,0,0,0.18864995
3,0,1,0.6062815
3,1,1,0.56247336
3,0,0,0.33894643
3,1,1,0.5969657
3,0,0,0.10642938
3,0,1,0.6393609
3,1,1,0.849181
3,0,1,0.7552217
3,1,1,0.8333636
3,1,1,0.573743
3,0,0,0.14324667
3,1,0,0.41230056
3,1,1,0.69435
3,1,1,0.55690026
3,0,0,0.34704477
3,1,1,0.6368833
3,0,0,0.27683923
3,0,1,0.72553796
3,1,0,0.30309525
3,0,0,0.13538696
3,1,1,0.5571208
3,1,1,0.8482753
3,0,1,0.67242634
3,1,0,0.3833401
3,1,1,0.69491315
3,1,1,0.7830995
3,0,0,0.43635294
3,1,1,0.5681916
3,0,1,0.68398196
3,0,1,0.6704626
3,0,1,0.5123646
3,1,1,0.8760919
3,1,1,0.8308946
3,0,0,0.31323025
3,0,0,0.1616416
3,1,1,0.69066584
3,0,0,0.23381263
3,1,1,0.63394237
3,1,1,0.76466227
3,0,0,0.12696306
3,1,1,0.6860069
3,1,1,0.663754
3,0,1,0.89626217
3,0,1,0.534612
3,0,1,0.73901075
3,1,0,0.4179719
3,1,1,0.7518748
3,1,1,0.58821434
3,1,1,0.73777
3,0,1,0.87154335
3,1,1,0.7662439
3,0,1,0.6608946
3,1,0,0.46520787
3,0,1,0.72607875
3,1,1,0.81702393
3,1,1,0.8813983
3,0,0,0.36463055
3,0,0,0.26828843
3,0,0,0.3056537
3,1,1,0.6655144
3,1,1,0.84245116
3,1,1,0.69419026
3,1,1,0.8557954
3,1,1,0.68970805
3,0,0,0.16735303
3,0,1,0.5419661
3,1,1,0.80853844
3,1,1,0.6505887
3,1,1,0.6466682
3,0,0,0.13616621
3,0,0,0.34473658
3,0,1,0.76416826
3,1,1,0.8928253
3,1,1,0.7241788
3,0,0,0.39453843
3,0,1,0.56435937
3,0,1,0.6633652
3,0,0,0.47484648
3,1,1,0.6027611
3,1,0,0.48393938
3,0,0,0.28861013
3,0,0,0.48469523
3,1,1,0.5491577
3,1,1,0.71508485
3,0,1,0.631601
3,1,1,0.80406326
3,1,0,0.3017536
3,0,1,0.6359874
3,0,0,0.4915096
3,0,1,0.8997761
3,0,1,0.71430606
3,1,1,0.6999642
3,1,1,0.650154
3,0,0,0.31798387
3,1,1,0.74323773
3,1,1,0.83091754
3,1,1,0.8007894
3,0,0,0.12800072
3,1,1,0.7513705
3,1,1,0.8540405
3,1,1,0.9249693
3,0,0,0.42419553
3,1,1,0.57351685
3,0,1,0.53070474
3,1,1,0.68233424
3,0,1,0.6019672
3,1,1,0.69837683
3,1,1,0.82420295
3,1,1,0.63679796
3,0,1,0.7453093
3,0,1,0.70898
3,0,0,0.30135185
3,1,1,0.77673024
3,1,1,0.8444686
3,0,0,0.37117666
3,0,1,0.5619878
3,0,1,0.51982355
3,0,0,0.48633668
3,1,1,0.80558205
3,1,1,0.63190436
3,1,0,0.31589553
3,0,0,0.48518786
3,0,1,0.6196914
3,1,1,0.5141323
3,0,1,0.7478753
3,0,0,0.33583984
3,0,0,0.14853813
3,1,1,0.5453807
3,1,1,0.90913975
3,1,0,0.45027518
3,0,0,0.34398553
3,1,1,0.65477765
3,0,0,0.33237776
3,1,1,0.6828415
3,0,0,0.47073388
3,1,1,0.75633454
3,0,0,0.45963922
3,1,1,0.7288014
3,1,1,0.5999006
3,1,1,0.7968666
3,0,1,0.59561354
3,0,1,0.5491206
3,0,0,0.3850809
3,0,0,0.25048852
3,1,1,0.6417388
3,0,1,0.553817
3,0,1,0.71695507
3,1,1,0.7846827
3,1,1,0.7676151
3,1,1,0.83489
3,0,1,0.6266486
3,1,0,0.49945784
3,1,0,0.4694662
3,0,0,0.25288206
3,0,1,0.5222643
3,0,1,0.51615274
3,0,0,0.46343783
3,1,1,0.569464
3,0,1,0.5633844
3,1,1,0.8443392
3,0,0,0.2461119
3,1,0,0.45701587
3,1,1,0.7229927
3,1,0,0.38477242
3,1,1,0.7741228
3,0,0,0.30226758
3,1,1,0.6040806
3,0,1,0.7341623
3,0,1,0.53030795
3,0,1,0.621387
3,0,0,0.2879358
3,0,1,0.5255202
3,1,0,0.4985212
3,0,1,0.7785091
3,1,1,0.53403604
3,1,1,0.727755
3,1,1,0.65821546
3,0,0,0.45387372
3,0,0,0.37780392
3,0,0,0.3971934
3,0,0,0.46855712
3,0,0,0.18144706
3,1,0,0.19549009
3,1,0,0.45037246
3,0,1,0.5765915
3,0,1,0.64962745
3,0,0,0.119464554
3,0,0,0.18832323
3,1,0,0.13483131
3,1,0,0.49713486
3,0,0,0.328534
3,1,0,0.44971958
3,1,0,0.459665
3,1,1,0.6453126
3,0,0,0.3747085
3,0,0,0.43505558
3,1,1,0.51123077
3,1,1,0.6666696
3,0,1,0.6031398
3,0,0,0.29327464
3,1,0,0.44790018
3,0,0,0.23601413
3,1,1,0.50117314
3,1,0,0.40643814
3,1,0,0.49794486
3,0,0,0.34709102
3,0,1,0.531438
3,0,0,0.4131963
3,0,1,0.578758
3,1,1,0.5605185
3,0,1,0.6754328
3,1,0,0.29487994
3,0,1,0.5178192
3,0,1,0.66870856
3,0,0,0.116986975
3,1,1,0.9206748
3,0,0,0.46598634
3,1,0,0.48800114
3,1,0,0.48408258
3,1,1,0.68596137
3,1,1,0.5729702
3,0,1,0.6725309
3,1,1,0.64246887
3,1,1,0.6624439
3,0,1,0.65699345
3,0,1,0.70328426
3,0,1,0.5227556
3,1,1,0.8789848
3,1,1,0.7010846
3,1,0,0.45681688
3,0,0,0.41446313
3,1,1,0.7920277
3,0,0,0.22593118
3,0,0,0.48080832
3,0,1,0.53172874
3,0,0,0.28905526
3,1,0,0.30276492
3,0,0,0.474206
3,0,1,0.56640315
3,0,0,0.26618165
3,1,0,0.3901449
3,1,0,0.33372903
3,1,1,0.89280176
3,1,1,0.6735218
3,1,1,0.83094215
3,1,1,0.70314187
3,0,0,0.4658524
3,0,1,0.61209023
3,1,1,0.6383831
3,1,1,0.7421318
3,1,1,0.7214776
3,1,1,0.7309696
3,0,0,0.23367804
3,1,1,0.7501696
3,0,1,0.64929
3,0,1,0.7157167
3,0,0,0.275982
3,0,1,0.7551911
3,0,1,0.57420236
3,0,1,0.515594
3,0,1,0.6294989
3,1,1,0.8488466
3,1,1,0.6295269
3,0,0,0.38069722
3,0,1,0.5476447
3,1,1,0.7227468
3,1,0,0.36957484
3,1,1,0.6553463
3,1,1,0.63121724
3,0,0,0.20734513
3,1,1,0.836183
3,0,0,0.1557384
3,0,0,0.11093745
3,0,1,0.6376343
3,0,0,0.4528521
3,1,1,0.69940484
3,1,0,0.25067094
3,0,0,0.35300675
3,0,1,0.61948633
3,1,1,0.8830694
3,1,1,0.6174382
3,0,1,0.701322
3,0,0,0.23647203
3,1,1,0.79340804
3,1,1,0.6383831
3,1,1,0.6411226
3,0,1,0.8549291
3,0,1,0.7866862
3,0,0,0.4929537
3,0,0,0.37184542
3,1,0,0.21378303
3,0,1,0.55020046
3,0,0,0.39889786
3,1,1,0.70936733
3,0,1,0.70823735
3,1,1,0.8625118
3,1,1,0.85246193
3,1,1,0.69556457
3,0,0,0.44587076
3,0,0,0.2895291
3,1,1,0.8136502
3,1,1,0.57149404
3,0,0,0.13896236
3,0,1,0.7115228
3,0,0,0.18619205
3,1,1,0.87372506
3,0,1,0.5271869
3,0,1,0.7470926
3,1,1,0.6364073
3,1,1,0.70380276
3,1,1,0.5523884
3,0,1,0.6486048
3,1,1,0.7322367
3,1,1,0.6419262
3,1,1,0.52460736
3,1,0,0.40416107
3,0,0,0.45494974
3,0,1,0.5350721
3,1,1,0.8087667
3,0,0,0.4764782
3,0,1,0.6705266
3,0,0,0.2674523
3,1,1,0.80279374
3,1,1,0.6220053
3,0,1,0.58319485
3,0,0,0.26574457
3,1,1,0.71779436
3,0,0,0.24335577
3,1,1,0.7123397
3,0,1,0.66122216
3,0,1,0.65981704
3,0,0,0.42727295
3,1,1,0.7069806
3,0,0,0.32436413
3,1,1,0.8151361
3,1,1,0.5998374
3,1,1,0.80110896
3,1,1,0.53372324
3,1,1,0.6111246
3,0,0,0.4771498
3,0,0,0.44488
3,1,1,0.5122804
3,0,1,0.6950799
3,0,1,0.60979855
3,0,0,0.46346962
3,0,1,0.72544616
3,1,1,0.76626694
3,1,1,0.80362296
3,1,1,0.63151926
3,0,0,0.42994088
3,0,1,0.61928654
3,0,1,0.8433062
3,0,1,0.5515059
3,1,0,0.4957937
3,1,1,0.8171088
3,0,0,0.37357897
3,0,0,0.41138452
3,1,1,0.7131923
3,0,1,0.55495244
3,1,0,0.4024266
3,1,1,0.7704178
3,0,0,0.3276863
3,0,1,0.6297848
3,0,0,0.3152977
3,1,1,0.6606848
3,1,1,0.69545436
3,0,1,0.6321514
3,0,0,0.051226765
3,0,0,0.052389532
3,1,1,0.8286694
3,0,0,0.11947456
3,0,0,0.4981743
3,1,1,0.69901353
3,1,1,0.6515273
3,1,1,0.94436723
3,1,1,0.7350824
3,1,1,0.7984324
3,0,1,0.55379665
3,1,1,0.7850486
3,1,1,0.81491673
3,0,0,0.42127603
3,0,1,0.6219765
3,0,1,0.69068307
3,0,0,0.40351588
3,1,1,0.7749304
3,1,1,0.7989117
3,0,1,0.791727
3,0,0,0.49265552
3,0,1,0.77590203
3,0,1,0.7109677
3,0,0,0.46796697
3,0,0,0.3247547
3,0,0,0.48686972
3,0,0,0.12392055
3,0,0,0.39483592
3,0,0,0.08728863
3,0,0,0.43298244
3,0,0,0.16835937
3,0,0,0.1361772
3,0,0,0.33696952
3,1,0,0.31498244
3,1,1,0.8193297
3,1,1,0.5837901
3,1,1,0.69407415
3,1,1,0.7121204
3,1,1,0.65193963
3,1,0,0.15792847
3,1,1,0.5098514
3,1,1,0.8928331
3,1,1,0.77066374
3,1,1,0.6783659
3,0,1,0.70889646
3,0,1,0.67917633
3,1,1,0.75552505
3,0,0,0.4841613
3,0,0,0.20415342
3,0,0,0.274166
3,1,1,0.57470065
3,0,1,0.5879645
3,1,1,0.65759
3,0,1,0.6694745
3,1,1,0.7969536
3,1,1,0.6907597
3,0,0,0.443124
3,0,0,0.28906938
3,0,1,0.7221973
3,0,0,0.084214486
3,1,1,0.76006293
3,1,1,0.7082624
3,0,0,0.38858432
3,0,1,0.5019858
3,0,0,0.45653853
3,0,1,0.5176187
3,1,0,0.36572275
3,1,1,0.5806886
3,1,1,0.8217264
3,1,1,0.85628283
3,1,1,0.52684695
3,0,1,0.5127454
3,1,1,0.703921
3,0,0,0.35419652
3,0,0,0.22049719
3,0,1,0.55607885
3,1,0,0.44892374
3,1,1,0.75728405
3,0,1,0.5338752
3,1,1,0.8005576
3,1,1,0.649514
3,1,0,0.45285034
3,0,1,0.76204455
3,1,1,0.6797992
3,0,0,0.32341006
3,0,1,0.7935421
3,0,0,0.21042387
3,0,1,0.7128084
3,1,1,0.8292806
3,1,0,0.46345976
3,1,1,0.68095267
3,1,1,0.57096905
3,0,1,0.68838304
3,0,1,0.76724005
3,1,1,0.5740932
3,0,1,0.52901447
3,1,1,0.7865536
3,1,1,0.81274843
3,1,1,0.5352177
3,1,1,0.5728784
3,1,1,0.64235795
3,1,1,0.8213136
3,0,0,0.4647513
3,0,0,0.4580197
3,0,0,0.4194903
3,1,1,0.7010891
3,1,1,0.655029
3,1,1,0.53364885
3,0,0,0.32502007
3,1,1,0.72746724
3,1,1,0.6378079
3,0,1,0.75435954
3,0,1,0.5996762
3,0,1,0.604217
3,0,1,0.6458763
3,1,1,0.82172424
3,1,1,0.7818964
3,0,1,0.56436634
3,1,1,0.8486461
3,1,0,0.3948055
3,1,1,0.80041057
3,1,0,0.34389785
3,0,0,0.26171982
3,0,0,0.2977996
3,1,1,0.6033847
3,0,1,0.69336635
3,0,0,0.20286968
3,0,0,0.14701869
3,0,0,0.23302914
3,0,0,0.2601384
3,0,1,0.6758363
3,1,1,0.8434424
3,1,1,0.6888412
3,0,1,0.7738594
3,0,0,0.28524467
3,1,1,0.7984338
3,1,1,0.7969678
3,1,0,0.47808218
3,0,0,0.1757741
3,0,0,0.11639666
3,0,1,0.58851856
3,0,1,0.61905986
3,1,0,0.4895055
3,0,1,0.6701248
3,0,1,0.56031996
3,0,1,0.8266155
3,0,0,0.34607217
3,1,1,0.6128215
3,0,0,0.20846525
3,0,0,0.41359764
3,1,1,0.73971957
3,1,1,0.66038316
3,0,1,0.5775653
3,0,1,0.607886
3,1,1,0.8147625
3,0,0,0.40406588
3,1,1,0.64311874
3,1,1,0.6219394
3,1,1,0.6110268
3,1,1,0.5341919
3,1,1,0.8816362
3,1,0,0.43153286
3,0,1,0.69737047
3,0,0,0.4571723
3,0,1,0.7031885
3,0,0,0.10565211
3,0,1,0.52374256
3,0,0,0.38379234
3,1,1,0.537485
3,1,1,0.8225295
3,1,1,0.5098618
3,0,0,0.25277114
3,1,0,0.4656009
3,0,0,0.05927867
3,1,1,0.68229073
3,1,1,0.5254689
3,1,1,0.6267391
3,1,1,0.8576181
3,0,0,0.2790955
3,1,1,0.72086275
3,0,1,0.5677454
3,0,0,0.46798393
3,1,1,0.80251646
3,1,1,0.704429
3,1,1,0.80790013
3,1,1,0.7418022
3,0,0,0.43213147
3,0,0,0.1786634
3,1,1,0.854453
3,1,1,0.8117743
3,1,1,0.73719
3,1,1,0.75957674
3,1,1,0.8593329
3,1,1,0.73142874
3,1,1,0.74499303
3,0,0,0.24233653
3,0,0,0.11502593
3,1,1,0.81352264
3,0,0,0.40363073
3,0,1,0.62753767
3,0,0,0.10256825
3,0,0,0.16340981
3,1,1,0.78295714
3,1,1,0.75053614
3,0,1,0.7444008
3,1,1,0.706955
3,1,1,0.5234227
3,0,0,0.4415394
3,0,0,0.43894553
3,0,1,0.5090219
3,1,0,0.3591029
3,0,1,0.5982061
3,1,1,0.61105
3,1,1,0.5939958
3,0,0,0.47504675
3,0,1,0.64546895
3,0,0,0.34342068
3,1,1,0.72239333
3,0,1,0.54756165
3,1,1,0.5526091
3,1,0,0.43535104
3,1,1,0.6365075
3,0,1,0.5494853
3,1,0,0.29011914
3,1,1,0.66489786
3,0,1,0.61194676
3,0,0,0.4932838
3,1,0,0.49744236
3,1,0,0.35254392
3,0,0,0.23968428
3,0,0,0.4041073
3,0,1,0.5106058
3,1,1,0.79460496
3,1,1,0.70301265
3,0,1,0.56020355
3,1,1,0.7733611
3,0,0,0.18051246
3,1,1,0.5953134
3,0,0,0.43746603
3,0,0,0.44523886
3,1,0,0.4444165
3,0,1,0.57937235
3,1,0,0.4529651
3,0,0,0.053780023
3,0,1,0.74466705
3,0,0,0.41656345
3,1,1,0.6289677
3,0,0,0.30234823
3,1,1,0.80732626
3,0,0,0.34780315
3,0,0,0.4602618
3,0,0,0.35461855
3,1,1,0.69344723
3,1,1,0.56450963
3,0,0,0.4079219
3,1,1,0.6866675
3,0,0,0.10170384
3,0,1,0.6921205
3,0,1,0.57642937
3,0,1,0.51140994
3,1,1,0.7160134
3,0,0,0.3970627
3,0,1,0.5667126
3,1,1,0.65331346
3,1,1,0.74608576
3,0,0,0.44895762
3,0,0,0.35688496
3,1,1,0.6648522
3,1,1,0.7230589
3,1,1,0.6495342
3,0,1,0.6637211
3,0,1,0.5808402
3,0,0,0.41484144
3,1,1,0.65720206
3,0,0,0.31631073
3,1,1,0.75153685
3,1,0,0.38682806
3,1,1,0.6578766
3,0,1,0.60520864
3,0,0,0.47091898
3,1,1,0.67706543
3,0,0,0.46439847
3,0,1,0.53173894
3,0,0,0.20791727
3,0,1,0.5520804
3,1,1,0.51687706
3,0,1,0.6824375
3,1,1,0.61827976
3,0,1,0.6987288
3,1,1,0.7516256
3,0,0,0.3638656
3,0,1,0.53403395
3,0,1,0.6310484
3,1,1,0.7211807
3,1,1,0.5203462
3,1,0,0.20923531
3,0,1,0.57033026
3,1,0,0.26707944
3,0,0,0.19896841
3,0,0,0.09134134
3,1,1,0.6796038
3,0,0,0.2581734
3,1,0,0.2797333
3,0,0,0.25390244
3,1,1,0.5102595
3,0,0,0.28990945
3,1,1,0.5758213
3,0,0,0.24736062
3,1,0,0.34775746
3,1,0,0.31311288
3,0,0,0.41071972
3,0,0,0.3777068
3,0,0,0.271114
3,1,0,0.45646778
3,1,0,0.36875698
3,1,1,0.5936176
3,0,1,0.57122
3,0,0,0.27072772
3,0,0,0.46683294
3,1,1,0.67496216
3,1,0,0.3685793
3,0,0,0.43297866
3,0,0,0.068607934
3,1,0,0.4740663
3,0,1,0.730857
3,0,0,0.13060541
3,0,1,0.7135612
3,0,0,0.31361967
3,0,1,0.70027214
3,0,1,0.6522693
3,0,1,0.7952247
3,0,1,0.54427564
3,1,0,0.49804077
3,1,0,0.43669587
3,1,0,0.3761282
3,0,0,0.3130596
3,0,1,0.7212964
3,1,1,0.7143282
3,1,1,0.6831502
3,1,1,0.8466987
3,1,1,0.72293943
3,1,1,0.58263534
3,1,1,0.7467215
3,1,1,0.6366741
3,1,1,0.5559312
3,1,1,0.6825729
3,0,0,0.16018422
3,0,1,0.6225115
3,1,1,0.8059903
3,0,0,0.43103895
3,0,0,0.35243383
3,0,0,0.27007172
3,0,0,0.07420807
3,1,1,0.66240835
3,0,0,0.25162095
3,0,0,0.34715322
3,0,0,0.16615063
3,1,1,0.7516735
3,1,1,0.81938154
3,1,1,0.6040244
3,0,0,0.4063773
3,0,0,0.36885178
3,1,0,0.16606404
3,0,0,0.49752116
3,0,0,0.37810808
3,1,0,0.17582609
3,1,1,0.66434807
3,0,0,0.37768283
3,0,1,0.61244106
3,0,0,0.17518452
3,1,0,0.48128554
3,1,1,0.50504035
3,0,1,0.5050651
3,0,0,0.13421427
3,0,0,0.20720118
3,0,0,0.42101616
3,0,0,0.27581134
3,0,0,0.4240055
3,1,0,0.39025608
3,0,0,0.47888005
3,0,0,0.4910162
3,0,0,0.35416073
3,0,0,0.34086347
3,1,1,0.5893609
3,0,1,0.631058
3,1,0,0.3727935
3,1,1,0.6954745
3,1,1,0.66553307
3,0,1,0.6293498
3,0,1,0.54315233
3,0,1,0.6282761
3,0,0,0.48239926
3,1,1,0.7191653
3,0,0,0.04931257
3,1,0,0.43357763
3,0,0,0.48240256
3,1,0,0.46177834
3,0,0,0.26417467
3,0,0,0.23028165
3,0,0,0.15393455
3,0,0,0.064944446
3,1,0,0.4512836
3,1,1,0.5222312
3,1,1,0.78141487
3,1,1,0.5174252
3,1,1,0.5123921
3,0,1,0.57452565
3,0,0,0.08442606
3,1,1,0.66156024
3,0,0,0.27690306
3,1,0,0.45430407
3,1,1,0.8406704
3,1,1,0.5942782
3,1,1,0.5950628
3,1,0,0.42381483
3,0,0,0.08320849
3,0,1,0.7391526
3,0,0,0.4776985
3,1,0,0.35097635
3,1,0,0.38394746
3,1,1,0.6171577
3,1,0,0.42653888
3,1,1,0.8108593
3,1,1,0.53882164
3,1,1,0.6936036
3,1,0,0.17805831
3,1,1,0.59297955
3,0,0,0.4024558
3,0,0,0.4764787
3,1,1,0.6405666
3,0,0,0.3939316
3,1,1,0.6356091
3,0,0,0.35981318
3,0,0,0.22287504
3,1,1,0.82149297
3,0,1,0.5455351
3,1,0,0.27861258
3,1,1,0.6781935
3,0,0,0.44808972
3,0,1,0.6517638
3,0,0,0.3784981
3,1,1,0.5036823
3,0,0,0.10740424
3,1,1,0.5888273
3,1,1,0.5478104
3,1,1,0.52409977
3,0,1,0.6912453
3,0,0,0.2088439
3,0,0,0.46292695
3,0,0,0.42520806
3,1,1,0.83660716
3,0,1,0.5568832
3,0,0,0.35581666
3,1,1,0.6795069
3,1,0,0.29285014
3,1,1,0.5622433
3,0,0,0.4826997
3,0,0,0.4912922
3,1,0,0.4161786
3,0,1,0.6494865
3,1,1,0.78904915
3,1,1,0.688932
3,0,0,0.21734083
3,0,1,0.6201701
3,0,1,0.58419526
3,0,1,0.73860896
3,0,1,0.60395867
3,1,1,0.8989766
3,1,1,0.64607346
3,1,1,0.7474846
3,0,0,0.18962434
3,1,1,0.78874487
3,0,1,0.6830344
3,0,0,0.267686
3,1,1,0.69527656
3,0,1,0.5063783
3,1,1,0.59397215
3,0,0,0.05595954
3,0,1,0.6292625
3,0,1,0.5701815
3,0,0,0.3315851
3,1,0,0.4756005
3,0,0,0.10762519
3,0,1,0.8355968
3,1,0,0.40023044
3,1,1,0.7641965
3,0,1,0.5920054
3,1,0,0.49885017
3,1,1,0.68196833
3,1,1,0.5122876
3,0,0,0.30500713
3,0,1,0.7342627
3,1,1,0.5850943
3,0,0,0.28310704
3,0,1,0.7584606
3,1,1,0.8415941
3,0,1,0.5230944
3,1,1,0.5711039
3,0,1,0.57121813
3,1,0,0.41224322
3,0,0,0.48978046
3,1,0,0.47081733
3,0,0,0.39482278
3,0,1,0.50705504
3,1,1,0.8636359
3,0,1,0.5593809
3,1,1,0.6229071
3,0,0,0.45477232
3,1,1,0.74107057
3,0,0,0.21948023
3,1,1,0.5997057
3,0,0,0.47735363
3,1,1,0.8633896
3,1,1,0.7245069
3,1,1,0.7846858
3,1,0,0.44846866
3,1,0,0.45053554
3,0,1,0.6846483
3,0,0,0.21960653
3,1,1,0.50977886
3,1,1,0.82830334
3,1,1,0.5490022
3,1,1,0.6327453
3,1,1,0.7279956
3,0,1,0.58962137
3,0,0,0.20490819
3,0,0,0.17438154
3,0,0,0.45522532
3,0,0,0.4694059
3,0,0,0.37450892
3,0,0,0.47200298
3,0,0,0.2893815
3,0,0,0.4417661
3,1,1,0.6293275
3,0,0,0.40290993
3,1,1,0.7088876
3,1,1,0.9003113
3,1,1,0.83451813
3,0,0,0.34673747
3,1,1,0.59411746
3,1,1,0.63117826
3,0,1,0.6179529
3,1,1,0.65811545
3,1,1,0.64862186
3,0,1,0.6996058
3,1,1,0.69180834
3,0,1,0.6799834
3,1,1,0.64271545
3,0,0,0.45596802
3,0,1,0.6206207
3,1,1,0.906534
3,1,1,0.637362
3,0,0,0.46915483
3,1,0,0.3201775
3,1,1,0.54914117
3,1,1,0.74228454
3,0,1,0.5676061
3,0,1,0.6134516
3,0,0,0.4394612
3,1,0,0.4767353
3,0,1,0.73200196
3,0,0,0.44582853
3,0,1,0.7306497
3,1,1,0.5737725
3,1,1,0.6062141
3,1,0,0.44074947
3,0,0,0.43838587
3,0,0,0.40998644
3,0,0,0.4905734
3,1,1,0.54263496
3,1,1,0.7453791
3,0,0,0.4489784
3,1,1,0.9093837
3,1,1,0.65654457
3,0,0,0.2671524
3,0,1,0.5095626
3,0,0,0.3169073
3,1,1,0.55581003
3,0,0,0.27102795
3,1,1,0.78882456
3,0,1,0.5615608
3,0,0,0.47559208
3,1,1,0.728403
3,1,1,0.6900125
3,0,1,0.5169921
3,0,1,0.75056183
3,1,1,0.8356447
3,1,1,0.621848
3,0,1,0.5221848
3,0,1,0.71655536
3,0,1,0.5352947
3,1,1,0.67882544
3,1,1,0.51178294
3,1,1,0.5955797
3,0,0,0.18361735
3,1,1,0.5201171
3,0,0,0.277329
3,0,1,0.740368
3,1,1,0.5988979
3,0,0,0.093449876
3,1,1,0.7583668
3,1,1,0.810217
3,0,1,0.6360345
3,1,0,0.30778408
3,0,0,0.48067653
3,1,1,0.5347625
3,1,1,0.5042811
3,1,0,0.39113462
3,0,1,0.6187868
3,1,1,0.7188051
3,0,0,0.41929132
3,1,1,0.66374505
3,0,0,0.36771962
3,0,0,0.2600586
3,1,1,0.6121219
3,1,0,0.34262893
3,1,0,0.466766
3,0,0,0.1108258
3,1,1,0.5693467
3,0,1,0.6184016
3,0,1,0.5347623
3,0,1,0.5989394
3,0,0,0.3219809
3,1,0,0.4879559
3,1,1,0.81155545
3,1,1,0.7092157
3,0,0,0.38130242
3,0,0,0.08399353
3,0,1,0.5805953
3,1,1,0.56850183
3,0,1,0.5753038
3,0,1,0.69887227
3,1,0,0.28959045
3,0,0,0.44934973
3,1,0,0.46252313
3,0,1,0.8382496
3,1,1,0.5864223
3,1,1,0.71623445
3,1,1,0.8259952
3,1,1,0.7784598
3,0,1,0.7024012
3,1,1,0.74757874
3,1,1,0.6807674
3,1,1,0.78089786
3,0,1,0.65023047
3,0,1,0.72145
3,0,1,0.66162884
3,1,1,0.8039735
3,0,0,0.18716148
3,0,1,0.58132
3,0,0,0.2077687
3,0,1,0.6148844
3,1,1,0.5026324
3,1,1,0.6140463
3,0,1,0.68031996
3,0,0,0.22243258
3,1,1,0.8018746
3,1,1,0.50960916
3,0,1,0.72048664
3,0,1,0.67519534
3,0,0,0.46921042
3,1,1,0.7438873
3,0,1,0.61706585
3,1,1,0.50282836
3,0,0,0.47391492
3,0,0,0.38333455
3,0,0,0.17890647
3,1,0,0.43328935
3,1,1,0.553428
3,1,0,0.34000176
3,0,1,0.57942
3,0,0,0.35749045
3,1,1,0.7823675
3,1,1,0.60892427
3,0,0,0.4720711
3,0,0,0.23123774
3,0,0,0.21636067
3,0,0,0.16771932
3,1,1,0.6782074
3,1,0,0.3352953
3,1,1,0.5166395
3,0,1,0.7243622
3,0,1,0.5468289
3,1,1,0.5984555
3,1,1,0.5631491
3,1,1,0.89845014
3,0,0,0.32136908
3,0,0,0.1934365
3,1,0,0.34483302
3,0,0,0.4536754
3,1,1,0.5478735
3,1,1,0.72637254
3,1,0,0.40823758
3,0,0,0.47933015
3,1,1,0.748555
3,0,0,0.16289046
3,0,0,0.07401287
3,1,1,0.87585753
3,1,1,0.6708876
3,0,1,0.8336553
3,1,1,0.70235264
3,0,1,0.819714
3,0,0,0.44804248
3,1,1,0.86700535
3,1,1,0.7400639
3,0,0,0.25253
3,1,1,0.5833429
3,1,0,0.385469
3,0,1,0.65657187
3,0,1,0.5704958
3,1,1,0.7938082
3,1,0,0.39728007
3,1,0,0.28112373
3,0,1,0.60420924
3,1,1,0.61866385
3,0,0,0.18863706
3,0,1,0.6121348
3,0,0,0.08008627
3,0,1,0.6587742
3,0,0,0.40709633
3,1,0,0.19545029
3,1,1,0.5534652
3,1,1,0.59060514
3,0,0,0.18568936
3,0,0,0.3971489
3,0,1,0.61661917
3,1,1,0.8578718
3,1,1,0.7343478
3,1,0,0.2717705
3,1,1,0.6265459
3,0,0,0.3810086
3,0,0,0.33266708
3,1,1,0.62784827
3,0,1,0.74051076
3,0,1,0.68150836
3,0,1,0.67188406
3,0,1,0.7023689
3,0,0,0.24417579
3,1,1,0.5668823
3,0,1,0.5998612
3,0,1,0.52019286
3,1,1,0.6049994
3,1,0,0.4070984
3,0,0,0.16490303
3,0,0,0.13171698
3,1,0,0.43173215
3,1,1,0.55554223
3,0,0,0.46825632
3,0,0,0.43610862
3,0,1,0.53126943
3,1,0,0.33973023
3,0,0,0.04429342
3,0,0,0.46230814
3,1,0,0.16543412
3,0,0,0.40294304
3,0,0,0.3879175
3,1,0,0.4393156
3,0,1,0.5300293
3,1,1,0.68853563
3,0,0,0.28109762
3,1,1,0.6749311
3,1,1,0.51639634
3,0,1,0.59446174
3,1,1,0.77975327
3,1,1,0.5567236
3,1,1,0.7388904
3,0,0,0.44708452
3,0,1,0.5093736
3,0,0,0.47705847
3,0,0,0.32547957
3,0,1,0.87189406
3,1,0,0.2811596
3,1,0,0.47480544
3,0,0,0.2623307
3,0,1,0.7602684
3,1,1,0.6177535
3,1,1,0.502959
3,0,1,0.5754851
3,0,0,0.25784758
3,0,1,0.60666126
3,1,1,0.5219644
3,1,1,0.76255125
3,0,1,0.6210708
3,1,1,0.72051024
3,0,1,0.7460937
3,1,1,0.85895467
3,1,1,0.67950696
3,0,0,0.23280774
3,1,1,0.56355816
3,0,1,0.68572
3,1,1,0.7320592
3,1,1,0.8215432
3,1,1,0.77833027
3,1,1,0.68168
3,0,1,0.7536972
3,0,0,0.087094136
3,1,1,0.83821213
3,1,1,0.66395456
3,0,0,0.34688976
3,0,1,0.58540606
3,1,1,0.6446183
3,1,1,0.70377886
3,1,1,0.6990032
3,1,1,0.6376002
3,1,1,0.72180474
3,0,0,0.33322984
3,1,1,0.56584203
3,1,0,0.48602784
3,1,1,0.51871264
3,0,0,0.43616232
3,0,0,0.35697737
3,0,1,0.641761
3,0,1,0.5812093
3,1,1,0.54864633
3,0,0,0.2604618
3,1,1,0.56578517
3,1,0,0.4513289
3,0,1,0.62744105
3,1,1,0.55179286
3,0,0,0.41660494
3,0,0,0.1539117
3,0,0,0.13794892
3,1,1,0.50196284
3,0,1,0.51044023
3,1,0,0.4734112
3,0,0,0.35107788
3,1,0,0.3586898
3,0,0,0.17561445
3,0,1,0.50705945
3,0,0,0.08242393
3,0,0,0.43343955
3,0,1,0.58707935
3,0,1,0.60077024
3,1,0,0.3967266
3,0,0,0.40324736
3,0,0,0.066779025
3,1,0,0.4314372
3,0,0,0.435953
3,0,1,0.5552425
3,0,1,0.6391011
3,1,1,0.6285271
3,1,1,0.7027729
3,1,0,0.40110016
3,0,0,0.37964812
3,0,0,0.30362812
3,1,0,0.4228756
3,1,1,0.5458661
3,0,0,0.39008573
3,1,1,0.6276118
3,1,0,0.19365396
3,0,1,0.5928991
3,0,1,0.5428406
3,1,0,0.21034896
3,0,0,0.392931
3,0,0,0.32835934
3,1,1,0.8404057
3,0,1,0.5954457
3,1,0,0.3049489
3,0,0,0.13976662
3,1,0,0.3734045
3,0,1,0.5505779
3,1,1,0.7554316
3,0,0,0.2671059
3,1,0,0.31709567
3,1,0,0.42770863
3,0,0,0.3356309
3,0,0,0.21784157
3,0,0,0.382604
3,0,0,0.19968337
3,0,0,0.08722168
3,1,1,0.8568194
3,1,1,0.7525127
3,1,1,0.77016705
3,0,1,0.69329154
3,1,1,0.7296235
3,1,1,0.61517394
3,0,1,0.5694072
3,0,1,0.61790556
3,0,0,0.256182
3,1,1,0.7304676
3,1,1,0.51584345
3,0,1,0.7780273
3,1,1,0.6433052
3,1,1,0.599647
3,1,1,0.7676946
3,1,1,0.7432721
3,0,1,0.60989213
3,0,0,0.23492777
3,0,0,0.33095685
3,0,1,0.5216534
3,1,1,0.8420772
3,1,1,0.57770437
3,0,1,0.5551512
3,0,1,0.61513513
3,0,0,0.2442742
3,0,0,0.20575413
3,0,1,0.68963486
3,1,1,0.6800641
3,1,0,0.24941756
3,0,1,0.78168017
3,1,1,0.70629096
3,1,1,0.8011807
3,1,0,0.47848257
3,0,0,0.2620579
3,1,0,0.47472116
3,1,1,0.5621599
3,0,0,0.1370663
3,0,0,0.4403237
3,1,0,0.47520605
3,0,0,0.4765945
3,0,0,0.46146375
3,0,0,0.16961461
3,0,1,0.6363134
3,1,1,0.7949718
3,1,1,0.63660645
3,1,1,0.62848145
3,1,0,0.28426477
3,0,0,0.47157663
3,0,0,0.0682586
3,0,1,0.8529356
3,0,0,0.09768657
3,1,1,0.677615
3,1,1,0.50216293
3,0,0,0.3479823
3,1,1,0.8319384
3,1,1,0.51114595
3,0,1,0.63280237
3,1,1,0.5366372
3,0,1,0.53539646
3,0,0,0.11636352
3,0,0,0.36508211
3,1,0,0.37379494
3,0,1,0.9277673
3,0,1,0.6441016
3,1,0,0.39236248
3,1,1,0.81912273
3,0,1,0.5643045
3,0,1,0.5037841
3,1,1,0.6124905
3,1,1,0.9358769
3,1,1,0.6525613
3,1,1,0.66879165
3,1,1,0.660024
3,0,1,0.70332336
3,0,0,0.29208836
3,0,1,0.5829631
3,1,1,0.6032891
3,0,1,0.8284132
3,0,1,0.6953117
3,1,1,0.6007961
3,1,1,0.71106046
3,1,0,0.317976
3,1,0,0.23294427
3,0,1,0.59652394
3,1,0,0.47189736
3,0,0,0.35970917
3,0,0,0.075022526
3,0,0,0.07603685
3,1,1,0.551262
3,0,1,0.53738654
3,0,1,0.54558563
3,1,1,0.7246768
3,1,1,0.5011772
3,1,1,0.7384222
3,0,0,0.26889536
3,1,0,0.319616
3,1,0,0.46828878
3,1,0,0.4025552
3,1,1,0.72195643
3,0,0,0.31122333
3,1,1,0.69597393
3,1,1,0.5908349
3,0,0,0.49840814
3,0,0,0.4243642
3,0,0,0.2840886
3,0,0,0.16036654
3,1,1,0.7615162
3,1,1,0.75034827
3,0,1,0.5428916
3,0,0,0.20157248
3,0,1,0.5886192
3,1,0,0.39574447
3,1,0,0.26653287
3,0,1,0.7258564
3,0,0,0.42295268
3,0,1,0.66239345
3,0,0,0.435349
3,0,1,0.6002644
3,0,0,0.43775818
3,1,1,0.60846037
3,1,1,0.63327616
3,1,0,0.45715073
3,0,0,0.41122267
3,1,1,0.8270622
3,1,1,0.65551716
3,0,0,0.4303115
3,1,1,0.6298941
3,0,0,0.3158646
3,0,1,0.5233749
3,1,1,0.68894625
3,1,1,0.5499549
3,0,0,0.41579965
3,0,0,0.18078452
3,0,1,0.53853256
3,0,1,0.7230934
3,1,1,0.8789985
3,1,1,0.6466547
3,0,1,0.54931414
3,1,1,0.83445215
3,1,1,0.8867164
3,0,1,0.90332097
3,1,1,0.7535744
3,1,1,0.7649481
3,1,1,0.9220681
3,1,1,0.63368154
3,1,1,0.70988417
3,0,0,0.34095028
3,0,0,0.39965433
3,1,1,0.67804897
3,0,1,0.5627335
3,0,1,0.6104616
3,1,1,0.5618132
3,1,1,0.6924619
3,1,1,0.58794534
3,1,1,0.7273371
3,0,1,0.54563993
3,1,1,0.69590026
3,1,1,0.62098247
3,1,1,0.8311868
3,0,1,0.6420838
3,0,0,0.16661812
3,0,1,0.7998821
3,0,0,0.35973483
3,1,0,0.42498627
3,0,1,0.7418685
3,1,0,0.41259295
3,0,0,0.22175826
3,1,0,0.45233592
3,0,0,0.24467325
3,0,1,0.8351614
3,1,0,0.33153743
3,1,1,0.815721
3,0,1,0.711125
3,0,0,0.361119
3,1,1,0.87395215
3,1,0,0.3282149
3,0,1,0.5056104
3,1,1,0.8099404
3,0,0,0.20165528
3,1,1,0.71049005
3,1,1,0.71317494
3,0,1,0.75337815
3,0,0,0.3138498
3,0,1,0.64156663
3,1,1,0.6834194
3,0,1,0.55126476
3,0,0,0.2354492
3,1,1,0.63294005
3,1,1,0.7094754
3,1,0,0.48078057
3,0,0,0.33607307
3,0,0,0.28858462
3,0,0,0.3372864
3,0,0,0.37570202
3,1,0,0.17412645
3,1,1,0.56961167
3,1,0,0.44685853
3,0,0,0.49756795
3,0,1,0.6325623
3,0,1,0.6620012
3,1,1,0.90736026
3,0,0,0.22023495
3,1,1,0.794342
3,0,1,0.62816435
3,1,1,0.74814594
3,0,0,0.4259036
3,1,0,0.39925534
3,0,1,0.8199702
3,0,0,0.3553961
3,1,1,0.72105545
3,0,0,0.4579069
3,1,1,0.7747757
3,0,1,0.6265459
3,0,1,0.62784827
3,1,1,0.7056306
3,1,1,0.80452853
3,0,0,0.26361287
3,1,1,0.5446159
3,1,1,0.8458502
3,1,0,0.40262264
3,0,1,0.54466623
3,0,0,0.46789733
3,1,1,0.89586115
3,1,1,0.79482156
3,0,1,0.60902375
3,1,1,0.5701817
3,1,1,0.5713616
3,1,1,0.6613415
3,1,1,0.5867209
3,1,1,0.65064394
3,0,1,0.5316738
3,1,0,0.48524576
3,0,0,0.44428694
3,1,1,0.65719634
3,0,1,0.6487498
3,0,0,0.4958309
3,1,1,0.667466
3,1,0,0.40007365
3,0,0,0.39508566
3,0,0,0.4721858
3,0,0,0.49744242
3,1,1,0.830145
3,1,1,0.79537135
3,0,1,0.52045125
3,0,1,0.5767237
3,1,1,0.65735096
3,0,0,0.4579521
3,0,0,0.27731782
3,0,0,0.48762554
3,0,1,0.5115069
3,0,0,0.47015283
3,1,1,0.5431583
3,1,0,0.45913756
3,1,1,0.842765
3,1,1,0.73950744
3,0,1,0.63464934
3,0,1,0.621029
3,0,0,0.19876362
3,0,0,0.41241422
3,1,1,0.7934636
3,0,0,0.20579985
3,1,1,0.8182367
3,0,1,0.6452859
3,1,1,0.7808418
3,1,1,0.8173621
3,1,1,0.58748823
3,0,0,0.442307
3,1,1,0.61423194
3,1,1,0.5013572
3,1,0,0.4443918
3,0,1,0.599805
3,0,1,0.6649513
3,1,1,0.7399666
3,1,1,0.5747348
3,1,1,0.7969651
3,1,1,0.60058236
3,0,1,0.6397787
3,0,0,0.4618488
3,0,0,0.37515226
3,1,1,0.5025998
3,0,0,0.3270626
3,0,1,0.69801897
3,0,1,0.6632885
3,1,1,0.7528175
3,1,0,0.41774175
3,0,0,0.07530721
3,0,0,0.49809843
3,0,0,0.33893818
3,0,0,0.15078782
3,1,1,0.5975682
3,0,0,0.28491127
3,1,0,0.34992602
3,1,0,0.35967332
3,1,0,0.26940644
3,1,0,0.3709381
3,0,0,0.17096935
3,0,0,0.4419698
3,0,1,0.5850752
3,0,0,0.4887314
3,0,0,0.29455927
3,0,1,0.6826163
3,0,1,0.7494876
3,1,1,0.5877759
3,1,1,0.5740965
3,1,1,0.51319623
3,0,0,0.31457043
3,1,1,0.642549
3,0,0,0.49271908
3,1,1,0.7262754
3,0,0,0.25410107
3,1,1,0.62314564
3,0,0,0.4166946
3,0,0,0.47002327
3,0,1,0.5245441
3,0,1,0.5013361
3,1,1,0.9069886
3,0,1,0.56746364
3,0,0,0.34280917
3,0,1,0.59595424
3,1,1,0.66251713
3,1,1,0.7971374
3,0,1,0.62780535
3,0,0,0.4433519
3,0,1,0.6247204
3,1,1,0.686647
3,1,1,0.89536095
3,1,1,0.7702406
3,0,0,0.35177532
3,1,1,0.6972368
3,0,1,0.7851551
3,0,1,0.56377757
3,1,1,0.6879769
3,1,1,0.57705826
3,0,0,0.37156108
3,1,1,0.6088979
3,0,0,0.3351119
3,1,1,0.8608379
3,0,1,0.5717465
3,1,0,0.41598448
3,1,1,0.650259
3,1,1,0.73985845
3,1,1,0.7634018
3,0,0,0.11948588
3,0,1,0.55159855
3,1,1,0.8256748
3,1,0,0.49895006
3,0,1,0.5136302
3,0,0,0.49603903
3,1,1,0.5904432
3,0,1,0.6866263
3,0,1,0.5208173
3,0,0,0.21719374
3,0,0,0.40124425
3,0,0,0.49887586
3,0,0,0.15552601
3,1,1,0.67323494
3,1,0,0.36579686
3,1,0,0.12339701
3,0,1,0.53723603
3,0,1,0.72118986
3,1,1,0.6427694
3,1,1,0.6507476
3,1,1,0.6872389
3,0,0,0.16474447
3,0,1,0.5871808
3,0,0,0.4252252
3,0,1,0.78086394
3,1,1,0.720349
3,1,1,0.66832143
3,1,1,0.621409
3,1,1,0.5666659
3,1,0,0.4805853
3,1,1,0.56242865
3,1,1,0.6728687
3,0,1,0.63942593
3,0,0,0.42106274
3,1,1,0.7803255
3,1,1,0.76080936
3,0,1,0.556517
3,0,1,0.7064747
3,0,0,0.28821677
3,0,0,0.27404642
3,0,0,0.48085728
3,0,0,0.09261134
3,1,1,0.7979008
3,1,1,0.6634482
3,1,1,0.52366614
3,1,1,0.65904504
3,0,1,0.54866785
3,1,1,0.65936244
3,0,0,0.09661072
3,0,0,0.13783568
3,1,1,0.668188
3,0,0,0.48614725
3,0,0,0.28844127
3,0,1,0.5057686
3,0,0,0.18129294
3,1,0,0.457934
3,0,1,0.7365769
3,1,0,0.47586077
3,0,0,0.38847858
3,1,1,0.5088134
3,1,1,0.5440586
3,0,0,0.3473258
3,0,1,0.93231463
3,0,0,0.41509733
3,1,1,0.6386402
3,0,0,0.4989779
3,0,0,0.42506316
3,0,1,0.63693553
3,1,1,0.6296356
3,0,1,0.7836434
3,1,0,0.45900625
3,0,0,0.49498108
3,0,0,0.49857673
3,1,0,0.49951482
3,1,1,0.6091615
3,0,1,0.5459167
3,1,1,0.74126
3,1,1,0.58779526
3,1,0,0.4358553
3,0,1,0.6035337
3,1,0,0.4040272
3,1,1,0.5529213
3,1,1,0.6815303
3,0,0,0.48658064
3,1,1,0.5943693
3,0,1,0.6619211
3,0,0,0.20540893
3,0,1,0.6815492
3,1,1,0.64249206
3,0,1,0.5075924
3,1,0,0.28437963
3,0,0,0.44771025
3,0,0,0.4366688
3,0,1,0.6707394
3,0,0,0.14045851
3,1,1,0.88655573
3,1,1,0.66342026
3,1,1,0.663
3,0,0,0.33788776
3,1,1,0.8271962
3,0,1,0.70988643
3,1,1,0.6535106
3,0,1,0.6128236
3,1,1,0.74137247
3,1,1,0.71632254
3,0,0,0.2163189
3,0,1,0.72957313
3,0,0,0.09661347
3,1,1,0.6191418
3,0,1,0.7350513
3,0,0,0.4229634
3,0,1,0.86516094
3,1,1,0.8618389
3,0,1,0.618521
3,0,0,0.4339219
3,1,1,0.6651907
3,0,1,0.5820046
3,1,1,0.6436468
3,1,1,0.75621295
3,0,0,0.47680348
3,0,0,0.26391876
3,1,1,0.8423701
3,0,1,0.65695566
3,0,1,0.54437447
3,1,0,0.15077671
3,0,1,0.797997
3,0,1,0.5083305
3,1,0,0.45041838
3,0,1,0.7162256
3,0,0,0.3244867
3,1,1,0.7459076
3,1,1,0.5058241
3,1,0,0.4108899
3,0,0,0.24888958
3,0,1,0.66706544
3,0,0,0.30446947
3,1,1,0.6707363
3,1,0,0.49890086
3,1,1,0.67398584
3,0,0,0.39361903
3,1,1,0.69056165
3,0,0,0.21823324
3,1,0,0.4845773
3,1,0,0.37487078
3,1,1,0.513083
3,0,1,0.6793898
3,1,0,0.4168448
3,0,1,0.600327
3,0,0,0.40274006
3,0,1,0.69830346
3,0,1,0.74287134
3,0,0,0.40620556
3,0,1,0.684856
3,0,1,0.7287485
3,1,1,0.6183044
3,1,0,0.41162848
3,0,0,0.47727454
3,1,1,0.641106
3,0,1,0.6074393
3,0,0,0.30859452
3,1,1,0.7189722
3,1,1,0.69078106
3,1,1,0.64452857
3,1,1,0.7683729
3,1,1,0.5580749
3,1,1,0.58076507
3,1,1,0.75952715
3,1,1,0.7377363
3,0,0,0.46391827
3,0,1,0.7006395
3,1,1,0.53784
3,1,1,0.6994232
3,0,1,0.6846209
3,0,0,0.42080978
3,0,1,0.51099014
3,1,0,0.43726245
3,1,1,0.7090709
3,1,1,0.520382
3,1,1,0.67125785
3,1,1,0.7048283
3,0,0,0.497708
3,1,1,0.6655928
3,0,1,0.52919084
3,1,1,0.62857586
3,1,1,0.7585181
3,0,1,0.58669937
3,0,0,0.27721667
3,1,1,0.8940209
3,0,1,0.563868
3,1,1,0.5449584
3,0,0,0.10087685
3,0,0,0.4267928
3,0,1,0.6903313
3,1,0,0.20392561
3,0,0,0.07134242
3,1,1,0.5152045
3,1,1,0.5429728
3,0,1,0.56893104
3,0,1,0.6026027
3,1,0,0.3782031
3,0,1,0.68292564
3,1,1,0.73134506
3,0,1,0.61047167
3,1,1,0.73641914
3,1,1,0.654864
3,1,1,0.7166682
3,0,0,0.43332618
3,1,1,0.7239706
3,0,0,0.27052656
3,0,1,0.539732
3,0,0,0.15979339
3,0,1,0.65884125
3,0,1,0.65792304
3,0,0,0.17504293
3,0,0,0.13971488
3,0,1,0.71216685
3,1,0,0.23371865
3,1,1,0.6491987
3,0,1,0.52628666
3,1,1,0.5217794
3,0,0,0.4937455
3,1,1,0.66247255
3,1,0,0.42025736
3,1,0,0.43093646
3,0,0,0.39797288
3,0,1,0.58890367
3,1,1,0.7388716
3,1,1,0.6980682
3,1,1,0.8397903
3,1,1,0.5862517
3,0,1,0.60821533
3,1,1,0.6255375
3,1,0,0.14560248
3,1,0,0.48294005
3,0,0,0.11105348
3,1,0,0.41171446
3,1,1,0.64742947
3,0,1,0.73022723
3,0,0,0.35503685
3,1,1,0.55468464
3,0,1,0.58488363
3,1,1,0.85770535
3,0,1,0.5547705
3,1,1,0.75554246
3,1,0,0.20261739
3,1,0,0.48174977
3,1,1,0.7677064
3,0,1,0.5955037
3,0,1,0.6374736
3,0,0,0.27870962
3,0,0,0.46962374
3,0,0,0.3283
3,1,0,0.42550072
3,0,0,0.17509077
3,1,1,0.8015707
3,1,1,0.61050344
3,1,1,0.67625916
3,1,1,0.6469698
3,1,1,0.64107126
3,1,1,0.75304884
3,1,1,0.6291776
3,1,0,0.46447906
3,0,1,0.60782355
3,1,1,0.6879658
3,0,0,0.4066549
3,0,0,0.13683262
3,0,1,0.53846955
3,1,0,0.28556135
3,0,1,0.6125824
3,0,0,0.3656269
3,0,0,0.4438793
3,1,0,0.36212015
3,1,1,0.5375243
3,1,0,0.4637192
3,0,0,0.379878
3,0,0,0.44473043
3,0,0,0.44528607
3,1,1,0.6185323
3,1,1,0.6402152
3,1,1,0.73825485
3,1,1,0.73210573
3,1,0,0.33128333
3,1,1,0.60694784
3,0,0,0.48033318
3,0,0,0.20072526
3,1,1,0.7380579
3,0,0,0.46155646
3,1,0,0.3312525
3,0,1,0.69693166
3,1,1,0.73450124
3,0,1,0.58226943
3,1,1,0.5746191
3,1,1,0.5443213
3,1,1,0.6759798
3,1,0,0.08504951
3,1,0,0.49089485
3,1,0,0.4986668
3,0,0,0.1642244
3,0,0,0.27446783
3,0,0,0.49899784
3,1,1,0.9090809
3,0,0,0.42820066
3,1,1,0.61181736
3,1,0,0.3569207
3,1,0,0.3876914
3,0,1,0.5595819
3,0,1,0.7014316
3,1,1,0.89327526
3,0,0,0.4763654
3,1,1,0.51077574
3,1,1,0.8410485
3,0,0,0.21286343
3,1,0,0.3738152
3,0,0,0.316593
3,1,1,0.88484615
3,0,0,0.36263642
3,1,0,0.41251725
3,1,1,0.66790706
3,0,0,0.28571692
3,1,1,0.88577116
3,0,0,0.45214367
3,1,1,0.5948816
3,0,0,0.46197388
3,1,1,0.5665215
3,0,1,0.64385825
3,0,0,0.39815816
3,1,0,0.40466103
3,0,1,0.7711871
3,0,0,0.4722266
3,0,1,0.5903243
3,1,1,0.60230166
3,1,0,0.31948605
3,0,1,0.51645684
3,0,0,0.35820767
3,0,0,0.35976154
3,0,0,0.12281619
3,0,0,0.49175158
3,0,0,0.34921807
3,1,0,0.42616493
3,1,0,0.40408355
3,1,1,0.753727
3,1,1,0.6459445
3,1,1,0.5518025
3,1,1,0.66372997
3,0,1,0.65218043
3,0,0,0.40470222
3,0,0,0.35244945
3,0,1,0.6299484
3,0,1,0.575892
3,0,1,0.73052496
3,1,1,0.6782029
3,1,1,0.6650531
3,1,1,0.6926756
3,0,1,0.5488356
3,1,0,0.29265445
3,0,0,0.306326
3,0,0,0.3554938
3,1,1,0.83022803
3,0,1,0.530364
3,1,1,0.7696702
3,0,0,0.4668068
3,1,1,0.7813888
3,1,1,0.57612556
3,0,0,0.39165235
3,0,0,0.4388431
3,0,0,0.4386742
3,1,1,0.72481835
3,0,1,0.57734936
3,1,0,0.39586407
3,0,1,0.5391905
3,1,1,0.64171994
3,0,0,0.13725583
3,1,1,0.871166
3,1,1,0.5536111
3,1,1,0.5370777
3,0,0,0.38272578
3,1,0,0.49877107
3,1,0,0.4902823
3,0,0,0.49665278
3,0,0,0.13444293
3,0,0,0.29569626
3,0,1,0.7144716
3,1,1,0.5097655
3,0,0,0.32545117
3,1,0,0.45138413
3,1,0,0.446851
3,1,1,0.5482752
3,0,1,0.5017988
3,0,1,0.6340532
3,0,1,0.5580696
3,1,1,0.7760971
3,0,1,0.6243223
3,0,0,0.18575966
3,0,1,0.60912395
3,0,0,0.2574347
3,1,1,0.62414175
3,0,1,0.6384064
3,0,0,0.38968945
3,1,1,0.5622268
3,0,0,0.39779457
3,0,0,0.3868455
3,0,0,0.2351373
3,1,1,0.5474165
3,1,0,0.39881283
3,1,0,0.41255566
3,1,1,0.60550106
3,0,0,0.26220083
3,0,0,0.49503905
3,0,0,0.3245205
3,0,0,0.2637035
3,1,1,0.81104755
3,1,0,0.44562104
3,0,0,0.07577726
3,0,0,0.33327687
3,1,0,0.48979416
3,0,0,0.17914277
3,1,0,0.4902841
3,1,0,0.15421902
3,1,1,0.78584325
3,1,0,0.36325514
3,1,1,0.611821
3,0,1,0.5781565
3,1,0,0.43665543
3,1,0,0.48400542
3,0,0,0.49941656
3,0,0,0.27231735
3,0,0,0.4755659
3,0,0,0.42175284
3,1,1,0.67169636
3,1,1,0.7216593
3,1,1,0.82343197
3,1,0,0.32418466
3,1,0,0.304411
3,0,1,0.5774425
3,0,1,0.5631282
3,0,0,0.49442056
3,0,1,0.606629
3,0,0,0.27584183
3,1,0,0.42951113
3,0,1,0.70186925
3,1,1,0.7018123
3,1,0,0.39036703
3,0,0,0.24937905
3,1,0,0.1892592
3,0,0,0.2196381
3,1,0,0.16852187
3,0,0,0.34425405
3,1,0,0.34959018
3,0,0,0.17339711
3,1,0,0.27854478
3,1,0,0.12002547
3,0,0,0.43096536
3,0,1,0.61673486
3,1,0,0.43734974
3,0,0,0.39730912
3,0,0,0.12783033
3,1,0,0.20340078
3,1,1,0.5506672
3,1,0,0.45433837
3,0,1,0.5480828
3,0,0,0.10415934
3,1,0,0.44890025
3,0,0,0.24061121
3,0,0,0.15864909
3,0,0,0.22931597
3,1,0,0.40077278
3,0,1,0.543185
3,0,1,0.6162383
3,0,1,0.62538165
3,0,0,0.48906782
3,1,1,0.5873136
3,1,1,0.5424846
3,1,1,0.64576775
3,0,1,0.5482972
3,0,0,0.24262156
3,0,0,0.075573385
3,1,1,0.80245847
3,0,1,0.5203578
3,1,0,0.29955843
3,0,1,0.71414894
3,1,1,0.526073
3,0,1,0.55774266
3,1,1,0.5915921
3,0,0,0.45659527
3,1,1,0.7977028
3,1,1,0.5046692
3,0,0,0.43670216
3,1,1,0.7227375
3,0,0,0.3906484
3,0,1,0.5122394
3,0,0,0.43242013
3,1,1,0.7230342
3,0,0,0.2449206
3,0,1,0.6611794
3,0,1,0.5434907
3,1,1,0.6742663
3,1,1,0.651406
3,0,1,0.64424074
3,1,1,0.62415826
3,0,1,0.69751346
3,1,1,0.7545198
3,1,1,0.67124605
3,1,1,0.59910196
3,1,1,0.54554135
3,1,1,0.77426827
3,1,1,0.66447407
3,1,1,0.72190946
3,0,0,0.4063869
3,1,1,0.6886832
3,1,1,0.52618426
3,0,0,0.23590298
3,1,1,0.52097034
3,0,1,0.63343865
3,0,1,0.56060094
3,0,1,0.54774004
3,0,0,0.39503267
3,0,0,0.29333106
3,1,0,0.48697546
3,1,0,0.25830477
3,1,0,0.2489158
3,1,0,0.22260116
3,0,0,0.39523
3,0,0,0.16258085
3,0,0,0.26872554
3,1,1,0.7542593
3,1,1,0.7526007
3,1,1,0.5028277
3,1,1,0.78210896
3,1,1,0.54443663
3,1,1,0.6594484
3,0,0,0.25409174
3,0,1,0.65894854
3,0,0,0.44604716
3,0,1,0.68157524
3,0,1,0.5219093
3,0,1,0.72477907
3,0,0,0.33328298
3,0,0,0.47975078
3,1,1,0.646185
3,1,1,0.7238337
3,1,1,0.86998504
3,0,0,0.39361975
3,0,0,0.36461538
3,0,1,0.6790693
3,0,0,0.096845105
3,0,0,0.4855515
3,0,0,0.34427056
3,0,0,0.35318607
3,1,1,0.816879
3,0,1,0.5476592
3,1,1,0.612102
3,1,1,0.69703555
3,0,0,0.27832022
3,1,1,0.796668
3,0,0,0.37152296
3,0,1,0.63175195
3,1,1,0.643278
3,0,0,0.41338104
3,1,1,0.5806307
3,0,0,0.4620105
3,1,0,0.4871153
3,0,1,0.6708102
3,0,1,0.680483
3,1,0,0.39574832
3,0,1,0.51891917
3,0,1,0.8365763
3,1,1,0.7793377
3,1,1,0.6163743
3,0,0,0.48991844
3,1,1,0.62772614
3,0,0,0.3016358
3,1,1,0.50512093
3,0,0,0.33476895
3,0,1,0.68853915
3,1,1,0.7371871
3,0,0,0.4763153
3,1,1,0.5310099
3,1,1,0.5404874
3,0,1,0.69857705
3,0,0,0.40097862
3,1,1,0.6194475
3,0,1,0.7115325
3,1,1,0.70390207
3,0,0,0.48127875
3,1,1,0.5890821
3,1,1,0.8087674
3,1,0,0.48003048
3,1,1,0.57452947
3,1,1,0.5287582
3,0,1,0.50191057
3,0,0,0.3647381
3,0,1,0.6012627
3,1,1,0.6036023
3,1,1,0.7174991
3,1,1,0.6122334
3,0,0,0.38159147
3,1,1,0.59380025
3,0,0,0.43379423
3,1,1,0.81671315
3,1,1,0.5917884
3,1,1,0.58980095
3,0,1,0.5199387
3,0,0,0.3648539
3,0,1,0.5530761
3,0,1,0.6062589
3,1,1,0.63205564
3,0,0,0.15930654
3,1,1,0.7238931
3,1,1,0.602948
3,1,0,0.26627174
3,0,0,0.30382806
3,0,1,0.7336388
3,0,0,0.32601252
3,0,0,0.28320536
3,1,0,0.45575985
3,1,1,0.74154073
3,1,0,0.42840457
3,1,1,0.6887005
3,1,1,0.7336379
3,1,1,0.61301297
3,1,1,0.61362684
3,0,0,0.44636202
3,1,0,0.3049575
3,0,0,0.38160744
3,0,0,0.26650605
3,0,0,0.2797246
3,1,0,0.42421982
3,1,1,0.67244273
3,0,0,0.28369194
3,0,0,0.31871793
3,1,1,0.58326995
3,0,0,0.31987208
3,0,0,0.22469988
3,0,0,0.49862364
3,1,0,0.2771777
3,0,0,0.4603502
3,0,0,0.27676573
3,1,1,0.63936615
3,0,0,0.3498804
3,0,0,0.18530948
3,1,0,0.34970573
3,0,1,0.65006626
3,1,0,0.44216946
3,0,1,0.769992
3,0,0,0.42967552
3,1,1,0.7119643
3,0,0,0.37229386
3,1,0,0.34779373
3,0,1,0.6945947
3,0,0,0.3543783
3,1,1,0.6903134
3,1,1,0.72459465
3,0,1,0.52350837
3,0,0,0.3218654
3,1,1,0.72093743
3,0,0,0.4558535
3,0,0,0.4687122
3,0,0,0.32875094
3,0,0,0.2162309
3,1,1,0.78075063
3,1,0,0.49222893
3,1,1,0.6046669
3,0,1,0.54131985
3,1,1,0.8656989
3,1,0,0.4736356
3,0,0,0.4703867
3,0,0,0.22845894
3,1,1,0.510561
3,1,0,0.20593312
3,1,1,0.5889473
3,0,0,0.48367998
3,0,0,0.43241093
3,0,1,0.54429966
3,0,1,0.5102857
3,1,1,0.7285028
3,1,1,0.56905323
3,1,1,0.6976303
3,0,1,0.6179437
3,1,1,0.64097327
3,0,0,0.21739815
3,0,1,0.6686434
3,1,1,0.52898055
3,1,1,0.54791915
3,0,0,0.41481066
3,1,1,0.55103403
3,0,0,0.40249383
3,0,0,0.43398285
3,1,1,0.795979
3,0,1,0.7032881
3,0,0,0.43796447
3,0,0,0.21919844
3,0,0,0.36480042
3,1,1,0.64665866
3,1,0,0.49438432
3,0,0,0.23945482
3,1,0,0.46519682
3,0,0,0.1970296
3,0,0,0.34966627
3,0,1,0.56391674
3,1,0,0.45551935
3,0,1,0.6216789
3,1,1,0.52286
3,0,0,0.09595274
3,1,1,0.62511927
3,1,0,0.1551224
3,0,0,0.2839178
3,1,1,0.9142408
3,0,1,0.61417395
3,1,1,0.5236356
3,1,1,0.5557809
3,1,1,0.6852356
3,1,1,0.61381376
3,1,1,0.84623474
3,0,1,0.65458983
3,1,1,0.7252535
3,1,1,0.7223648
3,1,0,0.48726207
3,0,1,0.62715733
3,1,0,0.32481223
3,0,0,0.46991295
3,0,1,0.60386354
3,1,1,0.8464922
3,1,1,0.54986066
3,0,1,0.53695756
3,0,1,0.60137105
3,1,0,0.4463061
3,0,0,0.24622358
3,1,1,0.68144155
3,0,0,0.49735343
3,1,0,0.49773753
3,0,0,0.33037698
3,0,0,0.2065895
3,1,0,0.4410921
3,0,1,0.7081535
3,1,1,0.63037384
3,0,1,0.75729114
3,0,0,0.35151622
3,0,1,0.60852504
3,1,1,0.57106906
3,1,1,0.66705936
3,0,1,0.53939
3,1,1,0.78581184
3,0,0,0.4335361
3,1,1,0.66022986
3,0,0,0.32938752
3,1,1,0.7268234
3,1,1,0.7012819
3,0,1,0.63958293
3,1,1,0.872322
3,1,1,0.5807098
3,0,0,0.10149794
3,0,0,0.39032444
3,1,0,0.4517001
3,0,0,0.19689764
3,0,0,0.23517261
3,0,1,0.52743125
3,1,1,0.84043795
3,0,0,0.45780748
3,1,0,0.3546143
3,0,0,0.43271118
3,1,1,0.7705313
3,0,0,0.37994722
3,0,0,0.25351834
3,0,0,0.24119656
3,0,1,0.5920487
3,0,1,0.5650099
3,1,1,0.686235
3,1,1,0.57266015
3,1,1,0.5636181
3,1,1,0.6922044
3,0,0,0.3284573
3,0,1,0.60821235
3,0,0,0.28618774
3,1,0,0.4048244
3,1,1,0.7815129
3,1,1,0.61228013
3,1,1,0.68080467
3,0,0,0.19649778
3,1,1,0.65422535
3,0,0,0.19024348
3,1,1,0.5691782
3,0,0,0.33719373
3,0,1,0.7283876
3,0,0,0.16595614
3,1,0,0.40451756
3,0,0,0.31213674
3,0,0,0.24405144
3,1,1,0.65777165
3,0,1,0.6172713
3,1,1,0.7565499
3,1,1,0.74791414
3,1,1,0.72055614
3,1,1,0.7269503
3,0,1,0.708063
3,1,1,0.6244215
3,0,1,0.6368618
3,1,1,0.77007025
3,1,1,0.62132174
3,0,0,0.20816953
3,1,1,0.76195306
3,1,1,0.67393696
3,1,1,0.841366
3,0,1,0.5097093
3,0,1,0.61548245
3,0,1,0.610995
3,1,1,0.69239885
3,1,1,0.60089135
3,0,1,0.60870683
3,1,1,0.68648815
3,1,1,0.6840838
3,0,1,0.50561976
3,0,1,0.6361003
3,0,0,0.35345992
3,1,1,0.6830426
3,0,0,0.36630788
3,1,1,0.6105951
3,1,0,0.4571023
3,0,0,0.282207
3,0,1,0.5719889
3,1,1,0.5474165
3,0,0,0.2283176
3,1,0,0.3131459
3,0,1,0.5103212
3,0,0,0.21523163
3,1,1,0.830197
3,0,1,0.5615892
3,1,0,0.39029932
3,0,0,0.40996397
3,0,0,0.48498112
3,1,1,0.76283664
3,0,0,0.2603376
3,1,1,0.63288
3,0,1,0.58556306
3,0,1,0.67085993
3,1,1,0.631174
3,1,1,0.66845113
3,1,1,0.6980077
3,1,1,0.5135979
3,1,1,0.6175791
3,1,0,0.43604937
3,1,1,0.6335756
3,0,1,0.59466684
3,0,1,0.6628369
3,1,1,0.7031445
3,1,1,0.59755456
3,0,1,0.7315249
3,0,1,0.7009964
3,1,1,0.70181876
3,1,0,0.49259996
3,1,1,0.74391717
3,0,0,0.45023036
3,0,1,0.77244294
3,1,1,0.74907196
3,0,0,0.3195759
3,1,0,0.46828172
3,1,0,0.3765294
3,0,0,0.22413658
3,0,0,0.4541251
3,0,1,0.52423114
3,1,1,0.67279387
3,1,1,0.63470143
3,0,0,0.41204807
3,0,0,0.40822044
3,1,1,0.7648688
3,1,1,0.58702385
3,0,0,0.4687545
3,1,0,0.23509483
3,0,0,0.2637332
3,0,1,0.584922
3,0,0,0.41996264
3,0,1,0.56941396
3,1,0,0.442903
3,1,1,0.7437988
3,1,1,0.5235014
3,0,1,0.64709115
3,1,1,0.8324062
3,1,0,0.40577486
3,1,1,0.7896073
3,0,0,0.4296303
3,1,1,0.5532254
3,0,1,0.817068
3,0,0,0.30314067
3,0,1,0.5107582
3,1,1,0.6507868
3,0,1,0.7399418
3,0,0,0.41852087
3,0,0,0.3656923
3,0,0,0.12852015
3,0,0,0.09196546
3,1,1,0.7993733
3,0,0,0.43205193
3,1,1,0.7779957
3,0,1,0.6096976
3,0,1,0.6918879
3,0,0,0.40672952
3,0,1,0.5804404
3,0,1,0.5716409
3,1,1,0.6391788
3,1,0,0.39645824
3,1,1,0.7793269
3,0,1,0.5072189
3,1,1,0.84946346
3,1,0,0.45406723
3,0,0,0.25249267
3,0,1,0.8403142
3,1,1,0.8889258
3,0,0,0.20673446
3,0,0,0.49078205
3,1,0,0.108879745
3,0,0,0.44180015
3,1,1,0.7505077
3,1,1,0.5696343
3,0,0,0.4435781
3,0,1,0.58470464
3,0,0,0.31944558
3,1,1,0.8764279
3,1,1,0.8023787
3,1,0,0.3408314
3,1,1,0.7588639
3,0,1,0.72986305
3,1,1,0.7183558
3,0,0,0.31261852
3,0,0,0.38292938
3,1,1,0.6837854
3,1,1,0.67074037
3,0,1,0.6722298
3,0,0,0.3289784
3,1,1,0.76279086
3,1,1,0.9067668
3,1,1,0.67908186
3,1,1,0.71083295
3,0,0,0.4049106
3,0,0,0.41262588
3,1,0,0.23653258
3,1,1,0.7200143
3,1,1,0.80209404
3,1,1,0.74754834
3,1,1,0.64145285
3,0,1,0.73120767
3,0,0,0.41832787
3,0,1,0.70958716
3,0,0,0.27550647
3,1,1,0.7999745
3,1,1,0.5938079
3,0,1,0.56389296
3,0,1,0.55841774
3,0,0,0.48738322
3,0,1,0.50717485
3,0,1,0.5100453
3,1,1,0.5253056
3,1,1,0.5427011
3,0,0,0.22611453
3,1,1,0.80746114
3,1,1,0.5819043
3,1,0,0.44384947
3,0,1,0.72883135
3,1,1,0.61167496
3,0,1,0.70290387
3,1,1,0.69172764
3,1,1,0.6335787
3,0,1,0.727034
3,1,0,0.38536683
3,1,1,0.5923998
3,1,1,0.7861088
3,0,0,0.32619026
3,0,1,0.7250885
3,0,0,0.4318867
3,1,1,0.66052896
3,0,0,0.30293092
3,1,0,0.20673645
3,0,0,0.22730571
3,0,0,0.1639786
3,0,1,0.73471177
3,0,0,0.3111873
3,0,0,0.40170598
3,0,0,0.15484564
3,0,1,0.5500371
3,1,1,0.6290091
3,0,0,0.19825271
3,0,0,0.48692575
3,0,0,0.33190164
3,0,1,0.6256115
3,0,0,0.46910214
3,0,0,0.1820462
3,0,1,0.53377503
3,0,0,0.48438835
3,1,0,0.09142036
3,0,0,0.28784063
3,0,0,0.42191485
3,0,0,0.1720994
3,1,1,0.6133696
3,1,1,0.57921565
3,1,1,0.66147274
3,0,0,0.30356395
3,1,1,0.6419043
3,1,1,0.72075593
3,0,1,0.5448924
3,0,1,0.7168569
3,1,1,0.51594836
3,0,0,0.080968395
3,0,0,0.3203564
3,0,0,0.36346665
3,1,0,0.48453695
3,0,0,0.22765239
3,1,0,0.24487351
3,1,0,0.4420167
3,1,1,0.5291942
3,0,0,0.084080115
3,0,1,0.56516033
3,1,1,0.580264
3,1,1,0.7044113
3,0,0,0.43793872
3,0,0,0.1115015
3,0,0,0.154459
3,1,1,0.6276606
3,0,0,0.23329504
3,1,0,0.42375782
3,0,0,0.08988611
3,1,0,0.4577603
3,1,1,0.7046034
3,1,1,0.61611974
3,1,1,0.5765416
3,1,0,0.48037905
3,0,0,0.44611207
3,0,0,0.3095103
3,1,0,0.35243714
3,1,1,0.79079527
3,0,1,0.89088154
3,1,1,0.67460084
3,0,1,0.799405
3,1,1,0.738231
3,0,1,0.7114385
3,0,0,0.4609293
3,0,1,0.67587835
3,1,1,0.70345324
3,1,0,0.4595485
3,1,1,0.8725088
3,1,1,0.66144955
3,1,1,0.5673722
3,1,1,0.6050057
3,0,1,0.7286468
3,0,1,0.59334886
3,0,0,0.4579154
3,0,1,0.5129249
3,0,1,0.67590654
3,0,1,0.5517776
3,1,1,0.59661925
3,0,1,0.5052457
3,1,1,0.7134374
3,1,1,0.6035371
3,0,1,0.5080695
3,0,0,0.39087105
3,1,1,0.5399745
3,1,1,0.5404484
3,0,1,0.5551525
3,0,1,0.5139272
3,1,0,0.1971462
3,0,1,0.5079301
3,1,0,0.39290732
3,0,0,0.42968515
3,0,0,0.4649407
3,1,1,0.587832
3,0,0,0.13774501
3,0,1,0.50945145
3,0,0,0.45405445
3,1,1,0.7694848
3,0,0,0.3608821
3,1,1,0.62899673
3,1,1,0.78114086
3,0,0,0.4205165
3,1,1,0.6127601
3,1,1,0.787337
3,0,0,0.21549629
3,1,1,0.6332715
3,1,1,0.5430596
3,1,1,0.85515517
3,0,1,0.53643304
3,1,1,0.7055687
3,0,0,0.15190881
3,1,1,0.7772884
3,0,0,0.28187883
3,0,0,0.4102553
3,1,1,0.5001326
3,1,1,0.8683619
3,1,1,0.79710716
3,1,1,0.648816
3,0,1,0.6125962
3,0,0,0.40058023
3,1,1,0.83084047
3,0,1,0.6883249
3,1,1,0.7060608
3,1,1,0.8162052
3,0,0,0.32813495
3,0,1,0.8719053
3,0,0,0.16876529
3,0,1,0.6659868
3,0,1,0.83803415
3,0,1,0.822931
3,0,1,0.65245664
3,1,1,0.6086656
3,0,1,0.50726634
3,1,1,0.6523956
3,1,1,0.6456047
3,0,0,0.21531104
3,1,0,0.3892729
3,0,0,0.15429468
3,1,1,0.6918178
3,0,1,0.73112154
3,1,1,0.5285441
3,0,0,0.33622348
3,0,1,0.62628555
3,1,0,0.35543564
3,1,1,0.80493873
3,0,1,0.5380762
3,0,0,0.49926162
3,1,1,0.6631406
3,1,0,0.43883243
3,0,0,0.44498038
3,0,1,0.52184457
3,0,0,0.42106897
3,0,0,0.3277292
3,1,1,0.5146508
3,1,1,0.85793483
3,0,1,0.5831062
3,0,1,0.63801664
3,0,1,0.73089826
3,1,1,0.7736825
3,1,1,0.68289953
3,1,1,0.7779524
3,1,1,0.88256407
3,1,1,0.68106997
3,1,1,0.7050815
3,0,1,0.57423514
3,1,1,0.6037727
3,0,1,0.85288227
3,0,1,0.5202432
3,1,0,0.37307096
3,0,0,0.34847948
3,1,0,0.3555441
3,1,0,0.49965766
3,0,0,0.40119466
3,1,1,0.90306735
3,1,1,0.7335003
3,1,1,0.6984429
3,1,1,0.5150493
3,1,1,0.55794245
3,0,1,0.62936467
3,0,1,0.65451384
3,0,1,0.5293832
3,0,0,0.49857962
3,1,1,0.85494035
3,1,1,0.8310037
3,1,1,0.58406526
3,0,0,0.47541174
3,1,1,0.5947445
3,0,0,0.42389545
3,0,0,0.330677
3,1,1,0.6149307
3,1,1,0.8173142
3,0,1,0.68189746
3,1,1,0.6099736
3,0,0,0.40726167
3,1,0,0.48751077
3,0,0,0.06858929
3,1,1,0.6118258
3,0,0,0.23616458
3,0,0,0.49301818
3,1,0,0.32515678
3,0,1,0.5499077
3,0,0,0.10303388
3,1,0,0.075833544
3,0,0,0.33745784
3,0,1,0.7098711
3,1,0,0.3256228
3,0,0,0.386246
3,1,0,0.21531104
3,0,0,0.37456656
3,1,1,0.6017054
3,0,0,0.123714104
3,1,1,0.67575485
3,1,1,0.55805653
3,0,0,0.33622348
3,0,1,0.56534296
3,1,1,0.85230297
3,1,1,0.57871014
3,0,0,0.27298185
3,1,1,0.71234494
3,1,1,0.52351946
3,0,1,0.7055726
3,0,0,0.27782154
3,1,1,0.5378416
3,0,1,0.72530663
3,1,0,0.40278125
3,0,1,0.5249119
3,1,1,0.73832303
3,1,1,0.5251062
3,0,0,0.29959545
3,0,1,0.5412442
3,0,0,0.4301049
3,0,1,0.73645794
3,1,1,0.6351331
3,1,0,0.47122085
3,1,1,0.8338318
3,1,1,0.50203127
3,0,1,0.6242183
3,0,0,0.3048791
3,1,1,0.7578331
3,0,0,0.22563903
3,0,0,0.3920598
3,1,1,0.65648866
3,0,1,0.5248792
3,1,1,0.6552651
3,0,0,0.3820313
3,0,0,0.39819577
3,1,0,0.3499043
3,1,1,0.53474754
3,0,0,0.43253952
3,1,1,0.5905432
3,0,0,0.43345565
3,0,0,0.2621231
3,1,0,0.30999032
3,0,0,0.12203205
3,1,1,0.5389727
3,0,1,0.8011433
3,1,0,0.41842923
3,1,0,0.29999986
3,1,1,0.59985495
3,1,0,0.4613184
3,1,1,0.6030997
3,0,0,0.34055138
3,0,0,0.13930556
3,0,0,0.08108197
3,0,1,0.8153128
3,1,0,0.49194208
3,1,1,0.64788735
3,1,1,0.628659
3,1,0,0.4084992
3,1,0,0.42956814
3,0,0,0.37400845
3,0,0,0.1713239
3,0,1,0.5965123
3,0,1,0.5071761
3,1,1,0.64844286
3,1,1,0.62956023
3,1,0,0.49684384
3,1,1,0.57167214
3,0,0,0.08306536
3,0,0,0.3686497
3,0,0,0.42271096
3,0,0,0.34064084
3,1,1,0.7016682
3,1,1,0.7057816
3,0,0,0.35274312
3,0,0,0.47846153
3,0,1,0.58069146
3,0,0,0.4357384
3,1,0,0.22174099
3,0,1,0.5492473
3,0,0,0.4570646
3,1,0,0.38179308
3,1,0,0.36384687
3,0,0,0.30378434
3,1,1,0.74799687
3,1,0,0.39647448
3,0,0,0.26873803
3,0,1,0.5940132
3,0,0,0.3354235
3,0,0,0.35357776
3,1,1,0.5363712
3,1,1,0.5498406
3,0,0,0.19454011
3,1,0,0.18651102
3,1,0,0.1831535
3,0,1,0.5647396
3,0,0,0.39957964
3,0,0,0.3423576
3,0,0,0.26902452
3,1,1,0.532881
3,0,0,0.26187727
3,1,0,0.38474646
3,1,1,0.63324845
3,0,0,0.16648686
3,1,0,0.110417664
3,0,1,0.6302601
3,1,0,0.19455667
3,1,1,0.64129174
3,0,0,0.45028505
3,1,0,0.34507003
3,1,1,0.72269815
3,1,1,0.51182127
3,1,0,0.32563242
3,0,0,0.31339133
3,1,1,0.6263322
3,0,1,0.6534503
3,0,0,0.37592712
3,1,1,0.73673177
3,1,1,0.6238629
3,1,1,0.59491146
3,0,0,0.3495691
3,1,1,0.5929853
3,0,0,0.21165863
3,0,0,0.41228092
3,1,1,0.52056646
3,0,1,0.7497378
3,1,1,0.63316274
3,1,1,0.6877363
3,1,1,0.5145774
3,1,1,0.59989154
3,0,0,0.3225295
3,0,1,0.5958051
3,0,0,0.34093586
3,1,1,0.792784
3,1,0,0.43961707
3,1,1,0.7322912
3,0,0,0.0867196
3,0,1,0.60985357
3,0,1,0.56579036
3,0,0,0.09850664
3,1,1,0.59559673
3,1,1,0.7179706
3,1,1,0.6490124
3,1,1,0.75239056
3,0,1,0.6408626
3,0,1,0.53570706
3,0,1,0.70511645
3,1,1,0.764701
3,1,1,0.7126701
3,1,1,0.5602562
3,1,0,0.42209485
3,1,1,0.67378354
3,0,0,0.30294627
3,0,1,0.8176534
3,1,1,0.65235406
3,1,1,0.7500319
3,0,0,0.13595377
3,0,0,0.28007632
3,1,1,0.6319213
3,0,1,0.61145484
3,0,0,0.37742853
3,1,1,0.8661782
3,0,1,0.6633952
3,1,0,0.44901505
3,0,0,0.15136059
3,0,1,0.64624524
3,1,1,0.77880824
3,0,0,0.42119893
3,0,1,0.5977772
3,1,1,0.54433835
3,1,0,0.45598853
3,0,1,0.55476993
3,0,0,0.39639363
3,0,1,0.53367376
3,1,1,0.5430477
3,0,1,0.6063567
3,1,0,0.47459996
3,1,1,0.5533408
3,0,0,0.49208978
3,1,0,0.49560153
3,1,0,0.38608092
3,0,0,0.4596298
3,1,0,0.44750646
3,0,1,0.60919315
3,0,1,0.5051689
3,1,0,0.41382858
3,0,0,0.39364612
3,0,0,0.12572928
3,0,0,0.20472509
3,0,0,0.10977262
3,1,0,0.4297439
3,0,0,0.3878432
3,1,1,0.9173747
3,0,1,0.7110811
3,1,0,0.275021
3,0,1,0.7529331
3,1,0,0.4898349
3,0,1,0.8039026
3,1,1,0.6029197
3,0,0,0.19789301
3,0,0,0.32672858
3,1,1,0.6479501
3,1,0,0.4139138
3,0,0,0.1422091
3,1,0,0.33949265
3,0,0,0.16865656
3,0,0,0.29479516
3,1,0,0.137979
3,1,0,0.34453553
3,1,0,0.31129727
3,1,1,0.5201281
3,0,1,0.54454535
3,1,1,0.6380559
3,0,0,0.22445096
3,0,0,0.2140743
3,0,0,0.15184334
3,0,0,0.23179086
3,0,0,0.1005165
3,1,1,0.5403586
3,1,0,0.30543625
3,0,0,0.42984027
3,0,0,0.13653784
3,0,0,0.44212416
3,0,0,0.20858908
3,1,1,0.51787794
3,0,0,0.08785443
3,0,1,0.5804801
3,1,0,0.22081593
3,1,1,0.6197367
3,0,0,0.3213809
3,0,0,0.0854936
3,1,1,0.51591504
3,1,0,0.46932754
3,0,0,0.47117433
3,0,1,0.5487164
3,0,0,0.4674377
3,0,0,0.3626579
3,1,0,0.44210756
3,0,0,0.23096548
3,1,1,0.6310739
3,1,0,0.3782619
3,1,1,0.67069113
3,0,1,0.5104252
3,1,1,0.6804396
3,0,1,0.5239467
3,0,1,0.57882285
3,1,0,0.13253425
3,1,1,0.5253905
3,0,0,0.38654265
3,0,0,0.48551953
3,0,1,0.80107933
3,1,1,0.53990227
3,1,1,0.7348435
3,1,1,0.75493383
3,0,0,0.24871215
3,0,1,0.6250661
3,1,1,0.7192702
3,0,1,0.711501
3,0,1,0.66271245
3,0,1,0.75948673
3,1,1,0.60328484
3,0,1,0.538318
3,0,0,0.3924417
3,1,0,0.32878518
3,1,1,0.6535146
3,0,1,0.53635705
3,0,0,0.42783225
3,1,0,0.42913628
3,0,1,0.69146466
3,1,1,0.76293516
3,1,1,0.72007555
3,1,0,0.4690436
3,0,1,0.73567504
3,1,1,0.534969
3,0,0,0.42392358
3,0,1,0.71401924
3,0,0,0.4208381
3,1,1,0.65400916
3,0,0,0.26411003
3,1,1,0.9194181
3,0,0,0.49972174
3,1,0,0.4641459
3,0,0,0.48227826
3,1,1,0.8099728
3,0,1,0.6278763
3,1,1,0.7030291
3,1,1,0.8379977
3,0,0,0.4346713
3,0,1,0.66338927
3,1,0,0.40850258
3,0,1,0.63610625
3,1,0,0.48714483
3,0,0,0.3134439
3,1,1,0.9180812
3,1,1,0.7423815
3,1,1,0.57573086
3,1,1,0.76755226
3,0,1,0.7363988
3,1,1,0.77189064
3,1,0,0.36010417
3,0,0,0.49477264
3,0,0,0.45360973
3,1,1,0.66909754
3,0,0,0.3816141
3,1,1,0.7502885
3,0,1,0.62570727
3,0,0,0.41882378
3,0,0,0.38808694
3,0,1,0.59467125
3,1,1,0.63975793
3,1,1,0.6613509
3,0,1,0.51562625
3,1,1,0.65787876
3,0,1,0.65848523
3,1,1,0.77946347
3,1,1,0.66087174
3,0,0,0.35924065
3,0,0,0.380723
3,0,1,0.6637599
3,1,1,0.6759083
3,0,1,0.55590445
3,1,1,0.7388567
3,1,1,0.78047407
3,1,1,0.856873
3,0,1,0.654268
3,0,0,0.259472
3,1,1,0.66674215
3,0,1,0.6376818
3,0,1,0.5134864
3,1,1,0.8013023
3,1,0,0.23954076
3,0,1,0.59873015
3,0,0,0.13458045
3,1,1,0.74332654
3,1,1,0.5930813
3,1,1,0.614471
3,0,1,0.56680363
3,0,1,0.6139378
3,1,1,0.53281784
3,0,0,0.45632464
3,0,0,0.2881845
3,0,0,0.26007077
3,1,1,0.6531005
3,0,0,0.16740437
3,1,1,0.7988516
3,0,1,0.52590746
3,1,1,0.5990288
3,1,1,0.8478834
3,1,1,0.5195037
3,0,1,0.52136534
3,1,1,0.81896716
3,1,0,0.32472938
3,0,0,0.47800517
3,0,0,0.08622948
3,0,0,0.17269994
3,0,0,0.11804684
3,1,1,0.72247636
3,1,1,0.7646307
3,0,0,0.3836163
3,0,0,0.09144376
3,1,1,0.5662195
3,0,0,0.30976394
3,1,1,0.8020918
3,0,0,0.3681148
3,0,1,0.6799182
3,1,0,0.49202
3,1,1,0.8683949
3,1,1,0.7277253
3,0,1,0.736472
3,1,1,0.73875254
3,1,1,0.8859228
3,0,0,0.33938268
3,1,1,0.7471148
3,0,0,0.44166514
3,0,1,0.64893055
3,0,0,0.34091628
3,0,1,0.5475299
3,1,1,0.51786315
3,0,0,0.35296908
3,0,0,0.23075755
3,0,0,0.14774919
3,0,0,0.13329555
3,1,0,0.110553324
3,1,0,0.3028695
3,0,1,0.747323
3,0,0,0.2277826
3,1,1,0.6546831
3,0,0,0.19051974
3,1,1,0.6703706
3,1,1,0.65524024
3,0,0,0.4501286
3,1,0,0.15136988
3,1,0,0.4659905
3,0,0,0.06344044
3,1,0,0.41782975
3,0,0,0.061493352
3,1,0,0.20479079
3,0,1,0.6087295
3,0,0,0.05851606
3,0,1,0.5960758
3,0,1,0.51394266
3,0,0,0.34192353
3,0,0,0.44371495
3,0,0,0.18445495
3,0,0,0.050581448
3,0,0,0.15462929
3,0,0,0.40575224
3,1,0,0.4811432
3,1,1,0.6171373
3,0,0,0.22651614
3,1,1,0.5538807
3,0,0,0.25541946
3,1,0,0.43518943
3,1,0,0.17887186
3,0,1,0.52887124
3,0,0,0.3149858
3,1,0,0.41600817
3,1,0,0.11051775
3,1,1,0.60520685
3,1,0,0.41388395
3,0,0,0.4942046
3,0,0,0.25723013
3,1,1,0.6148033
3,0,1,0.5650452
3,1,1,0.5865994
3,0,1,0.56536615
3,0,0,0.46870896
3,0,1,0.5239206
3,1,1,0.6136385
3,0,0,0.34267327
3,0,1,0.52775186
3,0,1,0.58641994
3,0,0,0.31772974
3,0,0,0.43798593
3,1,1,0.5355528
3,1,1,0.6804777
3,0,1,0.6433723
3,1,1,0.7471482
3,0,0,0.33972222
3,1,0,0.4762416
3,1,1,0.86450076
3,0,0,0.21350384
3,1,1,0.64273506
3,0,0,0.46639663
3,1,1,0.6534998
3,0,0,0.37099558
3,1,0,0.39602283
3,0,1,0.74083287
3,1,1,0.65777695
3,1,1,0.5955387
3,0,0,0.3137369
3,0,0,0.35462618
3,0,0,0.1989852
3,0,0,0.14753501
3,1,1,0.68481123
3,1,1,0.5313716
3,1,1,0.5431073
3,0,0,0.46865353
3,1,1,0.64873576
3,1,1,0.59369314
3,1,1,0.5832434
3,0,1,0.51226705
3,0,0,0.2453437
3,0,0,0.37989432
3,1,1,0.54521894
3,1,1,0.86081916
3,0,1,0.5573866
3,1,1,0.6229724
3,1,0,0.37198228
3,0,0,0.44935492
3,1,1,0.62503433
3,0,0,0.4548148
3,1,1,0.6371897
3,0,0,0.4107133
3,0,0,0.19859575
3,0,0,0.3618942
3,0,0,0.4396783
3,1,1,0.5272901
3,1,1,0.84111154
3,1,1,0.7280941
3,0,0,0.44351256
3,1,0,0.47862905
3,1,0,0.2836503
3,1,1,0.5928148
3,0,0,0.27406862
3,0,0,0.4983765
3,0,1,0.61754197
3,0,1,0.68313944
3,0,0,0.16559991
3,1,1,0.64814854
3,0,0,0.34291354
3,1,0,0.31781116
3,1,0,0.48700768
3,0,0,0.40947586
3,0,0,0.33910838
3,0,0,0.38862434
3,1,0,0.35072508
3,0,0,0.27242804
3,1,1,0.85954463
3,0,1,0.66569525
3,1,1,0.83726966
3,0,0,0.21466859
3,0,0,0.15530923
3,1,1,0.75975645
3,0,1,0.51529753
3,0,1,0.5977247
3,0,0,0.46149492
3,1,1,0.5132814
3,1,0,0.48316762
3,1,1,0.6195508
3,0,0,0.4601231
3,1,1,0.52927476
3,0,0,0.32610944
3,0,0,0.30718413
3,0,0,0.4310194
3,1,1,0.92545086
3,1,1,0.79794526
3,1,0,0.30030435
3,0,1,0.5145506
3,1,0,0.2579048
3,1,0,0.48525167
3,1,1,0.87372357
3,0,1,0.7051069
3,1,1,0.86388105
3,0,0,0.48463595
3,0,0,0.14954852
3,1,1,0.5853986
3,0,0,0.22022223
3,0,0,0.45723292
3,0,1,0.59739345
3,1,0,0.39641583
3,0,0,0.33645752
3,1,1,0.54324347
3,0,0,0.3672053
3,1,1,0.6045589
3,0,0,0.32807097
3,0,0,0.1535336
3,0,0,0.11382711
3,1,0,0.41323683
3,0,0,0.34075618
3,0,0,0.39665195
3,1,1,0.52035767
3,1,1,0.5373082
3,0,0,0.33451927
3,0,0,0.17190003
3,0,0,0.46932116
3,0,1,0.6339847
3,0,0,0.30841896
3,0,0,0.17089738
3,1,1,0.6599452
3,1,0,0.45863152
3,0,0,0.34344897
3,1,1,0.6339193
3,0,1,0.5674365
3,1,1,0.57366157
3,0,0,0.30932394
3,0,0,0.36704397
3,1,0,0.4178443
3,0,1,0.6171894
3,1,0,0.26354825
3,0,0,0.104634464
3,1,1,0.9012486
3,1,1,0.5138392
3,0,1,0.61123484
3,1,0,0.46974948
3,1,1,0.60073316
3,1,1,0.77530926
3,1,1,0.7836447
3,1,1,0.56273156
3,0,1,0.6506492
3,0,0,0.32395014
3,0,0,0.38692498
3,1,1,0.7429471
3,1,0,0.3866301
3,1,1,0.58236957
3,0,1,0.581101
3,1,1,0.6248801
3,0,1,0.52068305
3,0,1,0.62726
3,1,1,0.6020161
3,0,1,0.58355594
3,0,1,0.5448557
3,0,1,0.63743013
3,0,1,0.6717376
3,0,0,0.40605196
3,0,1,0.6932169
3,1,1,0.67078817
3,1,1,0.6948593
3,0,0,0.4483522
3,1,1,0.53993565
3,1,0,0.48300284
3,0,0,0.39299917
3,0,0,0.425357
3,0,0,0.14863184
3,0,0,0.43636602
3,1,0,0.40814674
3,1,1,0.5710593
3,0,1,0.5601254
3,1,0,0.2411383
3,0,0,0.43872908
3,1,1,0.57113796
3,1,1,0.54799974
3,0,0,0.40497002
3,1,1,0.69532925
3,0,0,0.43802583
3,1,1,0.8319191
3,1,1,0.6028963
3,1,1,0.636418
3,0,0,0.38842803
3,0,0,0.28992686
3,1,1,0.6831756
3,0,0,0.3179639
3,0,0,0.2872717
3,0,0,0.3360724
3,0,0,0.3867103
3,1,1,0.52651364
3,0,0,0.41416863
3,1,1,0.55326676
3,1,1,0.80817854
3,0,1,0.5609384
3,0,1,0.6118447
3,0,1,0.68979526
3,1,1,0.5754654
3,0,1,0.59755003
3,0,0,0.40035143
3,1,1,0.70007074
3,1,1,0.63879436
3,1,1,0.86963564
3,1,1,0.8009033
3,0,1,0.6860245
3,1,1,0.77377105
3,1,1,0.7762444
3,1,1,0.70869786
3,0,0,0.46353105
3,1,1,0.67778593
3,0,0,0.38953635
3,0,1,0.52542883
3,0,1,0.6669373
3,1,1,0.9060953
3,1,1,0.7862639
3,1,1,0.6244344
3,0,0,0.46391308
3,0,0,0.34375533
3,1,1,0.70016015
3,1,1,0.71748054
3,0,0,0.48432198
3,0,1,0.5932204
3,0,1,0.637536
3,0,1,0.63312817
3,1,1,0.6610867
3,1,0,0.41468373
3,0,0,0.21035291
3,1,0,0.49293786
3,0,0,0.34101638
3,0,1,0.53889245
3,0,0,0.40392813
3,0,0,0.24520135
3,0,1,0.5217081
3,0,0,0.39589027
3,1,0,0.10556371
3,0,1,0.5659719
3,0,1,0.5115365
3,0,0,0.3430562
3,1,1,0.7031569
3,0,0,0.42472285
3,1,1,0.5151157
3,1,1,0.635399
3,0,0,0.17539392
3,1,1,0.5810406
3,1,0,0.3742167
3,0,0,0.4392665
3,1,0,0.29593965
3,0,0,0.14072469
3,0,0,0.33514333
3,1,0,0.24848148
3,1,1,0.6455949
3,0,1,0.5812757
3,1,1,0.68798107
3,0,0,0.28566653
3,1,0,0.1818863
3,1,0,0.4685547
3,0,0,0.13454418
3,1,0,0.28790623
3,0,0,0.098042615
3,0,0,0.0790281
3,1,1,0.56377727
3,1,0,0.31509545
3,0,0,0.13873613
3,0,0,0.35499945
3,0,0,0.14550477
3,0,0,0.21830413
3,0,0,0.29942802
3,1,1,0.5715077
3,0,0,0.27493197
3,0,0,0.252309
3,1,0,0.37394145
3,1,1,0.77697164
3,1,1,0.58418924
3,0,0,0.16062546
3,0,0,0.32137978
3,0,0,0.18030602
3,0,0,0.34029517
3,0,0,0.2542306
3,0,0,0.12758394
3,1,1,0.5811147
3,0,0,0.44331372
3,0,0,0.30218965
3,1,0,0.2492925
3,1,1,0.5017242
3,0,0,0.22018476
3,1,0,0.23259261
3,1,1,0.70183825
3,0,0,0.1819566
3,1,0,0.4923015
3,0,0,0.14278385
3,1,1,0.6355944
3,1,0,0.43967542
3,1,0,0.2003309
3,0,0,0.24310224
3,0,0,0.21707188
3,0,0,0.23854591
3,0,0,0.27265927
3,0,0,0.2653304
3,1,0,0.22614561
3,0,0,0.31557322
3,0,0,0.3748135
3,1,1,0.5720559
3,0,0,0.20129281
3,1,0,0.41440526
3,0,0,0.1668574
3,1,0,0.44499665
3,0,0,0.27057132
3,1,0,0.3639883
3,1,0,0.2783502
3,0,0,0.3090228
3,1,0,0.14749223
3,0,0,0.14243235
3,1,0,0.44758165
3,1,0,0.35509488
3,0,1,0.5085612
3,1,0,0.4573168
3,0,0,0.44679153
3,0,1,0.5038875
3,0,0,0.46889383
3,0,1,0.6736425
3,0,0,0.26255554
3,0,0,0.39350381
3,0,0,0.26552665
3,0,1,0.5940687
3,1,0,0.15252586
3,0,0,0.18044099
3,0,0,0.41205236
3,1,1,0.5221447
3,1,1,0.59883004
3,1,1,0.7847135
3,0,1,0.77931374
3,0,0,0.3456709
3,1,0,0.28861946
3,0,0,0.24301052
3,0,0,0.2355179
3,0,0,0.42761818
3,0,1,0.6128378
3,1,1,0.73697555
3,1,1,0.61030155
3,1,0,0.40228397
3,1,0,0.29255724
3,0,1,0.63701963
3,0,0,0.3238645
3,1,0,0.39110345
3,1,0,0.29978833
3,1,1,0.5131283
3,0,0,0.48318994
3,0,0,0.49006504
3,0,0,0.30190367
3,1,1,0.5400362
3,1,0,0.34026447
3,0,0,0.4248954
3,0,0,0.34626567
3,0,0,0.34553543
3,0,0,0.38237578
3,1,0,0.4842989
3,0,1,0.5831052
3,0,0,0.35475755
3,1,1,0.6258728
3,0,1,0.5315381
3,0,0,0.36778608
3,1,1,0.8239006
3,0,0,0.44461378
3,0,0,0.4903069
3,0,1,0.51562417
3,0,1,0.61959004
3,1,0,0.26342025
3,1,1,0.5600387
3,1,0,0.3633126
3,1,1,0.7679346
3,1,1,0.56494343
3,1,1,0.6709403
3,1,1,0.6721332
3,1,1,0.68499696
3,0,1,0.5680045
3,1,0,0.47482553
3,1,1,0.5552896
3,1,1,0.7168802
3,0,1,0.6798868
3,1,1,0.60899675
3,0,1,0.5630139
3,0,1,0.52526385
3,0,0,0.37628657
3,0,0,0.27289316
3,0,1,0.5911517
3,0,0,0.2045757
3,0,0,0.31759024
3,0,1,0.80661595
3,1,1,0.65937996
3,0,1,0.5431014
3,1,1,0.52622813
3,0,0,0.41995952
3,0,0,0.37870544
3,0,1,0.55636615
3,0,1,0.68679523
3,1,1,0.6242741
3,0,0,0.09028346
3,1,1,0.6687952
3,1,1,0.58963937
3,1,1,0.5109719
3,0,0,0.24653885
3,0,1,0.8566066
3,1,1,0.6656846
3,1,1,0.6914039
3,0,1,0.59524155
3,1,1,0.67292166
3,0,1,0.6341827
3,1,1,0.69931155
3,1,1,0.5255416
3,0,0,0.39846167
3,0,0,0.12157856
3,0,1,0.61031485
3,1,1,0.6747799
3,0,0,0.120746374
3,0,0,0.23149344
3,1,1,0.6299897
3,0,0,0.1429648
3,1,1,0.55065286
3,1,1,0.73246354
3,1,1,0.64247423
3,0,1,0.7032011
3,1,1,0.5521865
3,0,1,0.56857854
3,0,0,0.45069975
3,1,1,0.70263505
3,0,1,0.5531061
3,0,0,0.44936097
3,1,1,0.782051
3,1,0,0.49999294
3,0,0,0.31822434
3,0,0,0.37979552
3,0,0,0.30405948
3,0,0,0.49376553
3,1,1,0.6416811
3,1,1,0.5411865
3,0,1,0.5333785
3,1,1,0.72848827
3,0,0,0.46821102
3,1,0,0.38343686
3,1,0,0.48244157
3,0,1,0.6129089
3,0,1,0.5738838
3,0,1,0.5407195
3,1,1,0.77527505
3,1,0,0.30369157
3,0,1,0.6410444
3,1,1,0.5202866
3,1,1,0.83970344
3,0,1,0.5441713
3,0,0,0.4729893
3,0,1,0.5737118
3,0,0,0.37608808
3,1,1,0.8089903
3,0,1,0.5395125
3,1,0,0.34290332
3,0,0,0.31118974
3,1,0,0.45496222
3,1,1,0.62922114
3,0,1,0.5034065
3,1,1,0.579113
3,1,1,0.8016801
3,1,0,0.4118902
3,1,0,0.37093368
3,0,0,0.047735162
3,1,1,0.55229414
3,0,0,0.4290831
3,1,0,0.4304098
3,0,0,0.1724102
3,0,0,0.316273
3,1,0,0.46884853
3,0,0,0.27083853
3,0,0,0.26599512
3,0,0,0.21970715
3,0,1,0.53439736
3,0,0,0.41047868
3,1,0,0.39920822
3,0,0,0.14194492
3,1,1,0.76420915
3,1,1,0.5479011
3,1,1,0.71298134
3,0,0,0.41156116
3,0,0,0.462187
3,1,1,0.62934506
3,0,0,0.28032607
3,1,1,0.6218459
3,0,0,0.3862601
3,1,0,0.46001422
3,0,1,0.7099776
3,0,1,0.5503512
3,1,1,0.6037698
3,1,0,0.43633866
3,0,0,0.16928281
3,1,1,0.6409804
3,0,1,0.527876
3,0,0,0.3676802
3,0,1,0.6402318
3,1,1,0.5434261
3,1,1,0.57568014
3,0,0,0.079736814
3,0,0,0.06706273
3,0,0,0.12376564
3,1,0,0.26375443
3,0,0,0.30244398
3,0,0,0.08032251
3,0,1,0.5398313
3,1,1,0.5353837
3,1,1,0.7153104
3,1,1,0.6969201
3,0,1,0.635733
3,1,1,0.65007865
3,0,0,0.34518364
3,1,1,0.6991584
3,0,0,0.2848819
3,0,0,0.41974774
3,1,1,0.62928176
3,1,1,0.6092389
3,1,0,0.10259471
3,0,1,0.5069229
3,0,0,0.20537598
3,0,0,0.47564554
3,1,1,0.71436673
3,0,0,0.37758943
3,0,0,0.41053754
3,0,1,0.5179164
3,0,1,0.5444859
3,1,1,0.6907414
3,0,0,0.3051177
3,1,1,0.5288285
3,1,1,0.73634785
3,0,0,0.33161542
3,1,1,0.7959597
3,0,1,0.51836413
3,1,1,0.57977563
3,0,0,0.23362835
3,1,0,0.423754
3,1,0,0.31473157
3,0,1,0.78493357
3,0,0,0.39646408
3,1,1,0.5433437
3,0,0,0.22259954
3,1,1,0.728069
3,0,0,0.42883253
3,0,0,0.3560704
3,1,1,0.7402572
3,0,1,0.6053064
3,1,1,0.63324034
3,1,0,0.40472573
3,0,1,0.6792239
3,1,1,0.61250013
3,0,1,0.5869469
3,1,1,0.64213705
3,1,1,0.79453355
3,0,1,0.7145154
3,0,0,0.3378934
3,1,1,0.673231
3,1,1,0.78616685
3,0,1,0.87643737
3,1,1,0.55328774
3,1,1,0.6637442
3,0,0,0.41768584
3,0,0,0.1337532
3,0,0,0.31459257
3,1,1,0.90751857
3,0,0,0.36284682
3,1,1,0.86400527
3,1,1,0.6303669
3,1,1,0.6749358
3,0,1,0.6197687
3,0,1,0.5869985
3,0,1,0.50931823
3,1,1,0.7123021
3,1,1,0.90536505
3,1,1,0.6031199
3,0,0,0.2834331
3,1,0,0.39465544
3,0,0,0.09506239
3,1,0,0.38028768
3,0,0,0.24620663
3,0,0,0.35360056
3,1,1,0.57665515
3,0,0,0.083050184
3,1,0,0.41212547
3,0,0,0.11469145
3,1,0,0.3560692
3,0,0,0.31862307
3,0,0,0.4364821
3,1,0,0.47597632
3,0,0,0.35764575
3,0,1,0.6185364
3,0,1,0.7768507
3,1,0,0.44456086
3,1,1,0.5413627
3,0,1,0.6093805
3,0,1,0.6391405
3,1,1,0.5201917
3,0,0,0.2911928
3,1,1,0.81893635
3,1,1,0.8163236
3,0,1,0.80367726
3,0,0,0.18976548
3,1,1,0.7429314
3,1,1,0.63551223
3,1,0,0.40885317
3,0,0,0.33833614
3,0,1,0.5603871
3,1,0,0.343703
3,0,1,0.52268225
3,0,0,0.4411893
3,1,0,0.45238122
3,1,0,0.4187572
3,0,1,0.6420439
3,0,0,0.1324159
3,1,0,0.46907118
3,0,0,0.37068695
3,1,1,0.64543813
3,0,0,0.46109968
3,1,1,0.6456365
3,0,1,0.585913
3,0,1,0.5758594
3,1,0,0.32945052
3,0,1,0.78341556
3,1,0,0.27454343
3,0,0,0.12016535
3,1,0,0.422465
3,1,1,0.75598466
3,0,1,0.7435876
3,0,1,0.590673
3,0,1,0.5906531
3,1,1,0.64101094
3,1,1,0.6904663
3,0,1,0.6732875
3,1,0,0.47879833
3,1,1,0.7483444
3,0,0,0.38068065
3,0,0,0.18672441
3,0,0,0.31551558
3,1,1,0.6356737
3,0,1,0.51824653
3,0,0,0.26883468
3,0,0,0.15796928
3,0,1,0.61889976
3,1,1,0.63732696
3,0,0,0.3094598
3,0,0,0.42007503
3,0,1,0.52785283
3,1,1,0.6716956
3,1,0,0.4937249
3,0,0,0.3131408
3,1,1,0.6029236
3,0,0,0.38610575
3,0,0,0.45428142
3,1,1,0.7277718
3,1,1,0.70191264
3,0,0,0.19482437
3,1,1,0.80303115
3,1,1,0.6306845
3,0,0,0.22271943
3,1,1,0.80145067
3,1,1,0.7091239
3,1,0,0.45076135
3,0,0,0.17668906
3,0,1,0.75302297
3,1,1,0.65385044
3,1,1,0.658265
3,0,0,0.41621363
3,1,1,0.7733857
3,1,1,0.6438198
3,0,0,0.29362497
3,1,1,0.6142424
3,1,1,0.5755858
3,0,0,0.14904858
3,0,0,0.22377844
3,0,0,0.12501894
3,1,1,0.6986065
3,0,0,0.19952725
3,0,0,0.17369702
3,1,1,0.61359066
3,0,1,0.64487
3,0,0,0.30665216
3,0,0,0.2601019
3,0,0,0.41785368
3,1,1,0.7150082
3,0,0,0.44309294
3,0,1,0.5945824
3,0,0,0.45493904
3,1,1,0.60362315
3,0,0,0.33789945
3,1,0,0.3725519
3,0,0,0.10620136
3,0,0,0.12394486
3,0,0,0.2841522
3,1,1,0.66410977
3,0,1,0.7505042
3,1,1,0.8015952
3,1,1,0.8216207
3,0,1,0.70717317
3,0,0,0.31257287
3,0,1,0.81050396
3,0,1,0.65797424
3,1,1,0.52930087
3,1,0,0.47040978
3,0,0,0.4427812
3,1,0,0.29171756
3,0,0,0.2650261
3,0,0,0.18932155
3,1,0,0.15950838
3,0,0,0.15396301
3,1,1,0.6370887
3,0,0,0.123573974
3,1,0,0.343735
3,0,1,0.6068809
3,0,0,0.4854895
3,0,0,0.37576994
3,1,0,0.41817757
3,1,0,0.41909996
3,0,0,0.28494734
3,1,1,0.6217208
3,1,1,0.61384815
3,1,1,0.51483864
3,0,0,0.08922474
3,1,0,0.17028832
3,0,0,0.18244308
3,0,0,0.085993364
3,1,1,0.5303304
3,1,1,0.5645726
3,0,0,0.45924833
3,1,1,0.5034997
3,0,0,0.3235953
3,0,0,0.33428982
3,1,1,0.8732357
3,0,1,0.5463043
3,0,0,0.40054646
3,1,1,0.80168235
3,0,0,0.38970286
3,1,1,0.6423337
3,1,1,0.6699294
3,0,1,0.5385111
3,0,1,0.61232823
3,0,1,0.5932204
3,1,0,0.23149706
3,0,0,0.07903233
3,1,1,0.6974257
3,1,0,0.47767898
3,1,1,0.6336143
3,0,1,0.6518997
3,0,0,0.43089008
3,0,0,0.37898037
3,1,1,0.5283029
3,0,1,0.53529096
3,0,0,0.10123934
3,0,1,0.5482388
3,1,1,0.85653347
3,1,1,0.6068634
3,0,1,0.5967988
3,0,1,0.5339111
3,1,1,0.8175411
3,0,0,0.49751014
3,0,1,0.5270122
3,0,0,0.33648902
3,1,1,0.7678102
3,0,0,0.4645262
3,1,1,0.7138366
3,1,1,0.8970187
3,0,1,0.6258431
3,0,1,0.66795295
3,0,0,0.32677782
3,0,1,0.6237237
3,0,0,0.3018795
3,1,1,0.86171347
3,1,0,0.36547393
3,1,1,0.6906456
3,1,1,0.67820203
3,1,0,0.20555288
3,0,0,0.27529845
3,1,0,0.43227813
3,0,0,0.07692802
3,1,0,0.4448525
3,0,0,0.060287092
3,1,0,0.32415387
3,0,0,0.18284291
3,0,0,0.27127275
3,1,0,0.23712292
3,1,0,0.21053423
3,0,1,0.5087003
3,0,0,0.37450528
3,0,1,0.69217104
3,0,1,0.6324891
3,0,0,0.27197042
3,1,1,0.8194023
3,1,1,0.6598219
3,0,1,0.551903
3,0,0,0.17223077
3,0,0,0.39245278
3,1,1,0.60351044
3,1,1,0.5272114
3,1,0,0.35972476
3,0,1,0.78435534
3,1,0,0.40124133
3,0,0,0.258554
3,0,0,0.052511733
3,0,1,0.5755926
3,0,0,0.13146707
3,1,1,0.62662804
3,1,1,0.83861864
3,1,0,0.49403125
3,1,1,0.75620025
3,1,1,0.75608253
3,1,1,0.81087184
3,1,1,0.7865037
3,1,1,0.84766334
3,1,1,0.72205263
3,0,1,0.69197583
3,1,1,0.817964
3,0,0,0.07721711
3,0,0,0.07091898
3,1,1,0.7078908
3,0,0,0.43058422
3,0,1,0.56501627
3,0,0,0.3265405
3,0,1,0.72193897
3,0,1,0.647673
3,1,1,0.7064937
3,1,0,0.48443002
3,1,1,0.6598316
3,1,0,0.4790113
3,1,0,0.4491308
3,1,1,0.7421121
3,0,0,0.18689401
3,0,0,0.3477603
3,0,0,0.10854408
3,0,0,0.40675727
3,1,1,0.7285466
3,1,0,0.22405367
3,1,0,0.40512
3,1,1,0.7183307
3,0,0,0.19947173
3,1,0,0.41093403
3,1,1,0.6221871
3,1,0,0.44814062
3,0,0,0.38906622
3,0,0,0.20649235
3,0,1,0.6755828
3,0,1,0.6498215
3,0,1,0.79361403
3,1,1,0.8683422
3,1,1,0.8533098
3,1,1,0.86100364
3,0,1,0.5433783
3,0,1,0.5973774
3,1,1,0.8851743
3,0,0,0.27994826
3,1,1,0.9211299
3,1,1,0.5128369
3,0,1,0.8215507
3,0,1,0.5064814
3,1,0,0.3419143
3,0,1,0.7322944
3,1,1,0.8538599
3,0,0,0.32131207
3,1,1,0.5160667
3,0,0,0.30675724
3,1,1,0.8673227
3,1,1,0.6925237
3,1,1,0.8972559
3,1,1,0.73342276
3,1,1,0.5720846
3,1,1,0.8745186
3,1,1,0.7010499
3,0,0,0.1710534
3,0,1,0.50514096
3,0,0,0.2842605
3,0,1,0.7790461
3,1,0,0.43235865
3,1,0,0.40538248
3,0,0,0.0953813
3,1,1,0.8932174
3,0,1,0.64172673
3,0,0,0.43465865
3,1,1,0.6862313
3,0,1,0.78806055
3,0,0,0.117680244
3,1,1,0.70580465
3,0,0,0.3507287
3,1,1,0.5797286
3,1,0,0.32983023
3,0,0,0.26089746
3,1,1,0.835508
3,0,0,0.47379068
3,1,0,0.22109556
3,1,1,0.7777686
3,0,0,0.45252836
3,0,0,0.48572183
3,0,0,0.22287545
3,1,0,0.21655786
3,0,0,0.27371716
3,1,1,0.7574189
3,0,0,0.19779143
3,0,1,0.55273455
3,1,0,0.37610206
3,0,0,0.21029297
3,1,0,0.41449168
3,0,0,0.42024037
3,0,1,0.6276094
3,1,1,0.7612315
3,1,1,0.59407425
3,1,1,0.89121777
3,1,1,0.80699104
3,1,1,0.6262077
3,1,1,0.5747872
3,1,1,0.6598871
3,0,1,0.7184017
3,0,0,0.47863448
3,0,1,0.77062094
3,0,0,0.30651668
3,0,1,0.57864803
3,0,1,0.5703315
3,1,1,0.7192546
3,0,1,0.7459203
3,1,1,0.8042102
3,0,1,0.6800176
3,1,0,0.48233232
3,1,1,0.7059872
3,0,0,0.4690878
3,0,1,0.67786974
3,1,1,0.7798837
3,1,0,0.2764288
3,0,1,0.7302028
3,1,1,0.85989475
3,1,1,0.76540196
3,1,0,0.47228304
3,0,1,0.5959955
3,0,1,0.7081953
3,1,1,0.5386886
3,1,1,0.65434474
3,1,0,0.29470852
3,0,0,0.22182935
3,0,1,0.56795526
3,1,0,0.44412673
3,0,1,0.7584244
3,0,0,0.41293472
3,0,1,0.5974528
3,1,0,0.32939467
3,1,1,0.52702755
3,0,0,0.12823997
3,0,0,0.09319586
3,0,0,0.2934463
3,0,0,0.28656313
3,1,1,0.8108153
3,1,1,0.7869981
3,1,0,0.3696139
3,1,1,0.7212346
3,0,1,0.5694686
3,0,1,0.78088546
3,1,1,0.83025783
3,1,1,0.5147939
3,0,1,0.59075123
3,1,1,0.7760865
3,1,1,0.68338907
3,0,1,0.66360307
3,0,1,0.7711165
3,0,0,0.38244554
3,1,1,0.57333076
3,1,1,0.5981446
3,0,0,0.49856165
3,0,0,0.40224424
3,1,1,0.8662488
3,1,1,0.74915224
3,0,1,0.7422319
3,1,0,0.37719464
3,0,1,0.7500629
3,1,1,0.7663976
3,0,0,0.4602833
3,1,1,0.7172121
3,0,0,0.340354
3,1,1,0.7468192
3,0,1,0.5124512
3,1,1,0.7173255
3,0,1,0.66778666
3,1,1,0.804088
3,0,0,0.433057
3,0,0,0.44727126
3,0,0,0.49729258
3,1,1,0.534444
3,1,1,0.7994913
3,0,0,0.23609692
3,1,1,0.76000744
3,0,0,0.40739396
3,0,0,0.35141006
3,1,1,0.7020924
3,0,0,0.18298045
3,1,1,0.7365326
3,0,0,0.38219476
3,1,1,0.83568186
3,0,0,0.27909565
3,0,0,0.30034137
3,0,0,0.079427406
3,0,0,0.44475535
3,1,1,0.5778884
3,1,1,0.6591997
3,1,1,0.75494343
3,1,0,0.38389146
3,1,1,0.5631271
3,0,1,0.53575635
3,0,0,0.22417863
3,0,0,0.34977046
3,1,1,0.74915475
3,0,0,0.1519365
3,1,0,0.4219848
3,0,0,0.38733476
3,1,1,0.6222489
3,0,1,0.6978256
3,0,0,0.35839295
3,0,0,0.34623566
3,1,1,0.5345896
3,1,1,0.83721125
3,0,1,0.6645853
3,0,0,0.35506663
3,0,0,0.11658586
3,0,0,0.11201196
3,1,1,0.91818076
3,1,1,0.73495185
3,0,1,0.8924806
3,1,1,0.77977306
3,1,1,0.7695489
3,1,1,0.58740646
3,0,1,0.70655763
3,0,1,0.61048716
3,1,0,0.44400838
3,1,1,0.5638477
3,0,0,0.4168841
3,0,0,0.3888009
3,0,1,0.51331866
3,0,1,0.55250365
3,0,0,0.36627868
3,1,0,0.4456205
3,0,1,0.91583186
3,0,0,0.465167
3,1,1,0.85064936
3,1,0,0.4104158
3,0,1,0.8973357
3,0,1,0.6422115
3,0,1,0.5999011
3,1,1,0.7670972
3,1,1,0.7877178
3,1,1,0.7909511
3,1,1,0.70409656
3,1,1,0.7131948
3,0,0,0.16796206
3,0,0,0.09104213
3,1,1,0.856218
3,1,1,0.90295917
3,1,1,0.7578078
3,0,0,0.32244092
3,0,1,0.56912
3,1,1,0.524057
3,0,1,0.530869
3,1,1,0.6663739
3,0,1,0.6814302
3,0,1,0.51724374
3,0,1,0.5928388
3,0,0,0.43311986
3,0,1,0.5090186
3,1,1,0.6715009
3,0,0,0.4602268
3,1,1,0.54342705
3,1,1,0.6145523
3,0,0,0.17947207
3,1,0,0.3381706
3,0,1,0.8748388
3,0,0,0.41701987
3,1,1,0.8076121
3,1,1,0.62329143
3,1,1,0.88343245
3,1,1,0.61009383
3,1,1,0.69930613
3,1,1,0.8334666
3,1,1,0.50947046
3,0,1,0.599232
3,0,0,0.39270183
3,0,0,0.22233431
3,0,0,0.20158765
3,1,1,0.74807876
3,0,1,0.5068807
3,0,1,0.82652664
3,1,1,0.96627295
3,0,1,0.8408251
3,0,1,0.80710804
3,0,0,0.24642436
3,1,1,0.5997538
3,1,0,0.43354756
3,0,1,0.5752099
3,0,0,0.123006314
3,1,1,0.65241224
3,0,1,0.6027702
3,0,1,0.8527753
3,1,1,0.8565671
3,0,1,0.5932167
3,0,1,0.8507697
3,1,1,0.7124998
3,0,1,0.5370996
3,1,1,0.73913455
3,0,0,0.3719407
3,1,0,0.30538857
3,1,0,0.16061133
3,1,1,0.8867892
3,0,1,0.58308864
3,0,0,0.16509947
3,0,1,0.6794931
3,1,1,0.7793779
3,0,1,0.51966184
3,1,0,0.4051549
3,0,0,0.37567806
3,0,0,0.39335123
3,1,1,0.5618135
3,0,0,0.31877092
3,1,0,0.49156514
3,1,0,0.35372886
3,1,0,0.24574275
3,1,0,0.32391483
3,1,1,0.6270349
3,0,1,0.7431065
3,1,0,0.30762678
3,0,0,0.37111256
3,0,0,0.27248248
3,0,1,0.7370674
3,0,1,0.7544742
3,0,0,0.4943037
3,1,1,0.6740139
3,1,1,0.5227361
3,0,1,0.514987
3,0,1,0.5377888
3,0,1,0.6504941
3,1,0,0.25584996
3,1,0,0.38165715
3,1,1,0.81125164
3,0,0,0.17782708
3,1,1,0.8633473
3,0,0,0.36935848
3,1,1,0.58635885
3,0,1,0.6266956
3,0,1,0.5332237
3,0,0,0.4036371
3,0,0,0.058735654
3,0,1,0.68481797
3,1,1,0.6156189
3,0,0,0.2058991
3,0,1,0.87328565
3,1,1,0.749287
3,1,0,0.39518842
3,0,1,0.72742194
3,0,1,0.54786193
3,0,1,0.5561393
3,1,1,0.68569696
3,0,1,0.6641374
3,1,1,0.8246123
3,0,1,0.7378314
3,0,0,0.4204278
3,1,1,0.80289435
3,1,1,0.5627752
3,1,0,0.08728187
3,1,1,0.7374377
3,0,0,0.16704787
3,1,1,0.80620795
3,1,1,0.75949204
3,0,0,0.40013462
3,0,1,0.70613986
3,0,1,0.5898633
3,0,0,0.08896701
3,1,1,0.636255
3,0,0,0.18145129
3,1,1,0.59930503
3,1,1,0.6773352
3,1,0,0.49334565
3,0,1,0.6177472
3,1,0,0.49174702
3,1,0,0.46102682
3,0,0,0.17628075
3,0,1,0.6933918
3,0,0,0.4534162
3,0,1,0.6043672
3,1,1,0.6025632
3,1,1,0.64433306
3,1,1,0.80990255
3,0,0,0.13662721
3,1,1,0.71817714
3,1,0,0.41095296
3,0,0,0.29783228
3,1,1,0.923973
3,0,0,0.40696633
3,1,1,0.7608178
3,0,0,0.45265672
3,0,1,0.6020457
3,1,0,0.4196323
3,1,1,0.77829146
3,1,1,0.7812699
3,0,1,0.634255
3,0,1,0.5079068
3,0,1,0.6715081
3,1,1,0.7018049
3,0,0,0.3709445
3,0,0,0.49712038
3,1,1,0.8963115
3,0,0,0.4022208
3,1,1,0.52122986
3,0,1,0.549217
3,0,1,0.88467586
3,0,1,0.5948599
3,1,1,0.59028274
3,1,1,0.86749893
3,1,1,0.91131765
3,1,1,0.7128234
3,1,1,0.7553114
3,0,1,0.7332753
3,0,1,0.84240085
3,0,0,0.2736237
3,1,1,0.64586705
3,0,0,0.064318165
3,0,0,0.18859303
3,1,1,0.81902397
3,1,1,0.70892954
3,0,0,0.30816853
3,0,0,0.18403096
3,1,1,0.79391384
3,0,0,0.37513092
3,1,1,0.7966768
3,1,1,0.5952522
3,0,1,0.8101967
3,1,1,0.5213037
3,0,1,0.7599917
3,1,0,0.3817608
3,1,0,0.2746205
3,1,0,0.072008006
3,0,1,0.6603129
3,0,1,0.51192975
3,0,1,0.7829239
3,0,0,0.4938929
3,0,0,0.36974847
3,1,1,0.89282894
3,1,1,0.83639336
3,0,1,0.5688325
3,0,0,0.40812594
3,0,1,0.8232834
3,0,1,0.75281227
3,1,1,0.8053535
3,1,0,0.33408353
3,0,1,0.54017425
3,1,1,0.8115755
3,0,1,0.6832259
3,1,1,0.5685407
3,0,0,0.42875543
3,0,1,0.7302434
3,1,1,0.80088514
3,1,1,0.5372921
3,1,1,0.6216998
3,1,1,0.70290667
3,0,0,0.16874255
3,0,1,0.5694373
3,1,1,0.7492045
3,0,0,0.4809583
3,0,0,0.2281567
3,0,1,0.8486488
3,0,1,0.7631332
3,0,0,0.3814648
3,0,1,0.6674994
3,1,1,0.75302887
3,0,1,0.81098676
3,0,0,0.40813294
3,1,1,0.6928187
3,0,1,0.8420628
3,0,0,0.39202994
3,1,1,0.8371695
3,1,1,0.5995176
3,1,1,0.65735024
3,0,0,0.4104158
3,1,1,0.7247673
3,0,0,0.09671372
3,0,0,0.39420956
3,0,0,0.28486782
3,1,1,0.92021257
3,0,1,0.5632238
3,0,1,0.7080203
3,0,1,0.6139275
3,0,1,0.8596772
3,1,1,0.885504
3,0,0,0.13225184
3,1,1,0.8564028
3,1,1,0.7827595
3,0,1,0.6224889
3,1,1,0.82395256
3,0,0,0.3891908
3,0,1,0.6328815
3,1,1,0.7424185
3,1,1,0.76708204
3,0,0,0.3975012
3,1,1,0.70741165
3,1,1,0.77681124
3,0,1,0.7031497
3,1,1,0.7578352
3,1,1,0.53531665
3,0,0,0.41268435
3,1,0,0.4680918
3,0,1,0.5187421
3,1,1,0.56748205
3,1,1,0.59920365
3,0,0,0.41498834
3,1,0,0.31471515
3,0,0,0.3576636
3,0,1,0.6557596
3,0,0,0.2787111
3,1,0,0.3496657
3,0,0,0.30681276
3,0,1,0.8414391
3,1,0,0.46721604
3,0,1,0.6425502
3,0,1,0.516065
3,1,1,0.769909
3,0,1,0.747573
3,1,1,0.8634435
3,1,1,0.7957809
3,0,1,0.6254873
3,0,0,0.32336906
3,1,0,0.40726215
3,0,0,0.20070134
3,1,1,0.7553933
3,0,1,0.74056786
3,1,1,0.7799316
3,1,0,0.2798995
3,1,1,0.88355803
3,1,1,0.87157375
3,1,1,0.8239238
3,1,1,0.83467084
3,0,1,0.5748089
3,1,1,0.6973491
3,0,1,0.618165
3,1,1,0.80580753
3,1,0,0.46204138
3,0,0,0.1151665
3,1,1,0.8135632
3,1,1,0.81931263
3,1,1,0.88568634
3,1,1,0.5510126
3,0,0,0.35329726
3,0,0,0.13959843
3,1,1,0.9135666
3,0,1,0.73450166
3,0,1,0.900058
3,0,1,0.6266975
3,1,1,0.7584619
3,0,1,0.79284674
3,1,1,0.86057687
3,1,1,0.59848213
3,1,1,0.9220281
3,1,1,0.7870216
3,1,1,0.89320356
3,1,1,0.81614083
3,0,1,0.63616073
3,1,1,0.80374616
3,0,1,0.70756257
3,0,1,0.5412913
3,0,1,0.81888366
3,0,0,0.35051998
3,0,0,0.21424294
3,1,0,0.39482826
3,1,1,0.8367705
3,0,0,0.25662166
3,0,0,0.1140767
3,0,0,0.38406208
3,1,1,0.7555422
3,0,0,0.17426147
3,1,1,0.8378376
3,1,0,0.17036042
3,0,0,0.40718055
3,0,0,0.3730769
3,1,1,0.7805494
3,1,1,0.81709063
3,1,1,0.68050313
3,1,1,0.7530322
3,1,1,0.8283526
3,1,1,0.87772864
3,1,1,0.7421732
3,1,1,0.7349692
3,0,0,0.3095579
3,0,1,0.7406511
3,0,1,0.56909597
3,0,0,0.10891052
3,0,1,0.61798465
3,1,1,0.7757804
3,0,1,0.51377696
3,0,0,0.4089735
3,1,1,0.7044651
3,0,0,0.108887225
3,0,0,0.48652914
3,1,1,0.67821175
3,1,0,0.49695665
3,0,0,0.083811045
3,1,1,0.81776434
3,1,1,0.68974924
3,1,1,0.60471874
3,1,1,0.52309835
3,1,1,0.62551385
3,0,1,0.5607386
3,1,1,0.79174966
3,0,0,0.26202956
3,0,1,0.7937771
3,1,1,0.5972629
3,1,1,0.75696063
3,0,0,0.22766207
3,1,1,0.52659917
3,0,0,0.12644504
3,0,0,0.44541046
3,0,1,0.5329308
3,0,0,0.26780602
3,1,1,0.54065984
3,0,1,0.759104
3,0,1,0.7284791
3,1,1,0.6361287
3,0,1,0.5487916
3,0,1,0.5299704
3,1,1,0.60680383
3,0,0,0.36956033
3,0,1,0.8744298
3,1,1,0.85368097
3,1,1,0.56113946
3,0,1,0.6121348
3,1,1,0.9062727
3,0,1,0.7575811
3,1,1,0.71164393
3,0,1,0.56164324
3,1,1,0.9118279
3,1,1,0.7663755
3,1,1,0.8080457
3,1,1,0.72631925
3,1,1,0.6591587
3,0,1,0.69788367
3,0,1,0.5452207
3,0,1,0.61656684
3,1,1,0.9145685
3,1,1,0.8705257
3,1,1,0.89875364
3,1,1,0.8348007
3,0,0,0.36916918
3,0,1,0.60506314
3,0,0,0.1460885
3,1,1,0.7162084
3,1,1,0.63725734
3,0,0,0.26361695
3,0,0,0.11466715
3,1,1,0.6663574
3,0,0,0.3744507
3,1,1,0.86507845
3,1,1,0.5036637
3,1,1,0.5311258
3,0,0,0.38876182
3,1,1,0.77331024
3,1,1,0.9097559
3,0,0,0.49394694
3,0,0,0.22043963
3,0,1,0.5364398
3,1,1,0.7159298
3,0,0,0.20163086
3,1,0,0.26753852
3,0,0,0.30285174
3,0,0,0.09240474
3,1,1,0.815709
3,0,0,0.4656371
3,0,0,0.40604892
3,0,0,0.23361084
3,1,1,0.80869406
3,0,1,0.5368607
3,0,1,0.57295674
3,1,1,0.8597688
3,1,1,0.8415666
3,0,0,0.26193422
3,1,1,0.76889265
3,0,0,0.2845888
3,0,0,0.460205
3,1,1,0.7110138
3,0,0,0.31105354
3,0,0,0.3048793
3,0,0,0.1762387
3,1,1,0.65884495
3,1,1,0.6128177
3,1,0,0.31681764
3,0,0,0.08228208
3,1,1,0.83052135
3,1,1,0.7286943
3,0,0,0.27361697
3,0,0,0.48623252
3,0,0,0.37558424
3,1,1,0.65233487
3,1,1,0.6133086
3,0,0,0.1476633
3,0,0,0.3042425
3,0,0,0.28016767
3,1,1,0.84257156
3,0,1,0.6363592
3,0,0,0.31567514
3,1,1,0.8489079
3,0,0,0.44013503
3,0,1,0.5301989
3,0,0,0.36462796
3,1,0,0.4546398
3,0,1,0.5799924
3,0,1,0.7452591
3,1,1,0.8356384
3,0,0,0.45559874
3,1,0,0.388568
3,0,0,0.17646205
3,1,1,0.6156933
3,0,1,0.67479765
3,1,1,0.8827789
3,1,1,0.8462719
3,0,1,0.5346571
3,1,1,0.7666055
3,0,0,0.16301724
3,1,1,0.8527875
3,1,1,0.7186939
3,1,1,0.63329345
3,0,1,0.77796155
3,0,0,0.3286495
3,0,0,0.39319652
3,1,1,0.8158003
3,0,0,0.38719067
3,1,1,0.7818102
3,1,1,0.64874667
3,1,1,0.89143884
3,0,1,0.7571837
3,0,0,0.35270283
3,1,1,0.780079
3,0,1,0.55653524
3,0,0,0.36656347
3,0,0,0.062337782
3,1,1,0.888421
3,0,0,0.26065654
3,1,1,0.55880064
3,0,1,0.71337986
3,0,1,0.6532406
3,0,1,0.51213574
3,0,0,0.44588837
3,0,0,0.4377894
3,1,1,0.7365322
3,0,1,0.6567433
3,1,1,0.88690424
3,0,0,0.23268169
3,1,1,0.8562208
3,1,1,0.64443433
3,1,1,0.6975239
3,1,1,0.7562026
3,0,0,0.37390715
3,0,0,0.38432798
3,0,0,0.18585828
3,0,1,0.8073462
3,1,1,0.84274197
3,0,0,0.35171846
3,1,0,0.42290774
3,0,0,0.2819934
3,0,0,0.25690255
3,0,1,0.667426
3,0,0,0.20851544
3,1,1,0.6294558
3,0,0,0.2979566
3,1,0,0.36535236
3,1,1,0.78957504
3,1,1,0.63452995
3,1,1,0.6014576
3,0,0,0.22134018
3,0,0,0.38377178
3,1,0,0.40326607
3,1,1,0.735333
3,1,1,0.6724635
3,0,1,0.6832325
3,0,1,0.66452897
3,1,0,0.38699192
3,1,0,0.45925948
3,1,1,0.82560873
3,0,0,0.16171879
3,1,1,0.5372738
3,0,0,0.39171115
3,1,1,0.8148155
3,0,1,0.75080824
3,1,1,0.66166705
3,0,0,0.33570918
3,0,1,0.7160537
3,0,0,0.14352356
3,0,1,0.5555259
3,0,0,0.050472103
3,1,1,0.913929
3,0,0,0.44335383
3,1,1,0.6782127
3,1,0,0.39879802
3,1,1,0.5559183
3,1,1,0.7525081
3,1,1,0.77594286
3,1,1,0.86126703
3,1,1,0.68802994
3,0,0,0.46433127
3,1,1,0.8064356
3,1,1,0.5818719
3,0,0,0.49053532
3,1,1,0.9241354
3,1,0,0.23665845
3,0,0,0.46766916
3,1,0,0.4114449
3,1,0,0.16004537
3,0,0,0.3846724
3,0,0,0.20850918
3,1,0,0.23916301
3,1,0,0.26069865
3,0,0,0.10773556
3,0,0,0.39654472
3,0,1,0.684787
3,1,1,0.86595684
3,0,0,0.41527557
3,1,1,0.56541926
3,0,1,0.53440243
3,1,1,0.5336063
3,0,1,0.8020023
3,0,0,0.2795618
3,1,1,0.7418981
3,1,1,0.5508305
3,0,0,0.4938816
3,0,0,0.3155169
3,1,1,0.72141117
3,1,1,0.7385317
3,0,0,0.08794782
3,1,1,0.683913
3,0,0,0.23463221
3,0,0,0.39801902
3,0,1,0.64665574
3,0,0,0.43602392
3,1,1,0.7765863
3,0,0,0.11069304
3,1,1,0.58033365
3,0,1,0.8238633
3,0,1,0.6178409
3,1,1,0.9243747
3,1,1,0.6325074
3,1,0,0.29481724
3,0,0,0.29833055
3,1,0,0.2990815
3,1,0,0.33147871
3,0,1,0.76773757
3,1,0,0.3495973
3,0,0,0.12092727
3,0,0,0.23190914
3,0,0,0.46665585
3,0,0,0.41943544
3,0,0,0.16292197
3,0,1,0.88934916
3,1,1,0.75780016
3,0,1,0.67595977
3,1,1,0.820959
3,1,1,0.8603372
3,1,0,0.22605692
3,0,1,0.5567906
3,1,1,0.7149458
3,1,1,0.86018866
3,0,1,0.7320463
3,1,1,0.67517656
3,0,1,0.5456393
3,1,1,0.6320597
3,0,1,0.56760937
3,0,1,0.7429918
3,0,0,0.4189836
3,0,1,0.6389705
3,1,1,0.8194993
3,0,0,0.20090814
3,1,1,0.7806642
3,1,1,0.8723265
3,0,1,0.81807435
3,1,1,0.8484057
3,1,1,0.81324184
3,0,0,0.28169966
3,0,0,0.40811622
3,1,1,0.7047246
3,1,1,0.77551347
3,1,1,0.670162
3,0,0,0.47023445
3,1,1,0.78593147
3,0,1,0.60124046
3,0,0,0.16600172
3,0,1,0.744621
3,0,1,0.8369551
3,0,1,0.5986988
3,1,1,0.79770285
3,0,0,0.46131605
3,1,1,0.890338
3,1,1,0.58520555
3,1,1,0.8454405
3,0,0,0.30221125
3,1,1,0.8383112
3,1,1,0.8224788
3,1,1,0.87554336
3,0,0,0.40715778
3,0,0,0.11922865
3,1,1,0.6450374
3,1,1,0.6719988
3,0,1,0.74354243
3,0,1,0.7333431
3,0,1,0.7455931
3,0,0,0.049272705
3,0,0,0.2805393
3,0,0,0.13621534
3,0,0,0.1208837
3,0,0,0.11827663
3,1,1,0.6911416
3,0,1,0.5281332
3,1,1,0.6779678
3,1,1,0.5573267
3,1,1,0.5329612
3,1,1,0.7486969
3,0,1,0.8321179
3,0,0,0.08875684
3,1,1,0.7931652
3,1,1,0.7835642
3,0,0,0.39318806
3,1,1,0.78674525
3,1,1,0.7243907
3,0,1,0.68496215
3,1,1,0.61875033
3,1,1,0.658938
3,0,1,0.570665
3,0,0,0.34595424
3,1,1,0.84675914
3,0,0,0.21162872
3,0,1,0.64029163
3,0,1,0.614579
3,1,0,0.49340364
3,0,0,0.18091908
3,1,1,0.7217931
3,1,0,0.18509075
3,0,1,0.5197311
3,0,0,0.49570668
3,1,1,0.6989017
3,0,1,0.8697487
3,1,1,0.85426015
3,1,1,0.7227786
3,0,0,0.21888623
3,1,1,0.544123
3,0,1,0.6466878
3,0,0,0.45307994
3,0,1,0.57475877
3,1,1,0.64872634
3,0,0,0.1018577
3,0,1,0.5909729
3,0,0,0.18063824
3,1,0,0.36481366
3,1,1,0.8391051
3,0,0,0.2533648
3,1,1,0.534385
3,0,0,0.28006896
3,1,1,0.8627919
3,0,1,0.75937724
3,1,1,0.5634434
3,0,1,0.72542715
3,1,1,0.8187827
3,0,0,0.14736223
3,1,1,0.64721143
3,0,1,0.63423043
3,0,1,0.7835973
3,0,1,0.6055351
3,1,1,0.9472133
3,1,1,0.7972923
3,1,0,0.32533988
3,0,1,0.5612907
3,1,1,0.84128726
3,0,1,0.50850904
3,0,0,0.40013978
3,1,1,0.58506167
3,1,1,0.83779645
3,0,0,0.29005286
3,0,0,0.10258834
3,0,0,0.109865256
3,0,1,0.74621683
3,0,1,0.6712461
3,1,0,0.3592244
3,1,1,0.8500292
3,0,1,0.72520703
3,0,0,0.37125784
3,0,0,0.14451756
3,1,1,0.70007044
3,1,1,0.69509023
3,0,0,0.43883875
3,1,1,0.8467553
3,0,1,0.83071417
3,0,0,0.34839472
3,1,1,0.70772296
3,1,1,0.79731464
3,1,1,0.63111377
3,0,1,0.74732643
3,0,0,0.4151333
3,1,1,0.70392966
3,1,1,0.81186473
3,1,1,0.6460732
3,0,0,0.37375364
3,0,1,0.60715
3,0,1,0.5895969
3,0,0,0.3781773
3,0,1,0.72480166
3,1,1,0.76104057
3,0,1,0.9023621
3,1,1,0.7184185
3,1,1,0.8002442
3,0,1,0.74185586
3,0,0,0.11494758
3,1,1,0.5926415
3,0,0,0.4263236
3,1,1,0.73207545
3,1,0,0.33724976
3,0,1,0.7034766
3,0,0,0.37158486
3,0,1,0.6398855
3,1,0,0.45999965
3,1,0,0.39445546
3,1,1,0.74747974
3,1,1,0.5960076
3,1,1,0.8283167
3,0,0,0.38276508
3,1,1,0.6596553
3,0,0,0.28202894
3,0,0,0.30773416
3,0,0,0.2221141
3,0,0,0.44017386
3,1,0,0.31071374
3,0,0,0.41625467
3,1,1,0.7525648
3,0,0,0.3984912
3,0,0,0.28684133
3,1,1,0.67850596
3,1,1,0.5753223
3,0,0,0.31179166
3,0,0,0.2880856
3,1,1,0.87665665
3,0,0,0.445786
3,1,1,0.61613166
3,1,1,0.59395134
3,0,1,0.73563904
3,0,0,0.45880905
3,0,0,0.38104105
3,0,0,0.062975526
3,1,0,0.18288301
3,0,0,0.35039222
3,0,1,0.82928693
3,0,0,0.33824584
3,1,1,0.73424935
3,1,0,0.4203739
3,0,0,0.3907974
3,0,1,0.71200377
3,0,0,0.3682303
3,0,0,0.13882062
3,1,0,0.47203222
3,1,0,0.2771447
3,1,1,0.66881293
3,1,1,0.6073754
3,0,0,0.31119964
3,1,1,0.880691
3,0,1,0.52008796
3,1,1,0.7351096
3,1,0,0.4299452
3,0,1,0.72329587
3,0,0,0.4456545
3,0,0,0.14014253
3,1,1,0.74063987
3,0,1,0.7835193
3,1,0,0.48430976
3,1,1,0.63536227
3,1,1,0.55974704
3,0,1,0.54941595
3,0,0,0.13344896
3,0,1,0.6353999
3,1,1,0.9098348
3,1,1,0.7073272
3,0,0,0.077369764
3,0,0,0.14324546
3,1,1,0.63788366
3,0,0,0.13996841
3,0,0,0.2540674
3,0,1,0.69583344
3,0,1,0.5768707
3,0,1,0.6370848
3,1,1,0.868162
3,1,1,0.77560157
3,1,1,0.79336184
3,0,1,0.7798771
3,0,0,0.3601653
3,0,1,0.6713287
3,1,0,0.47577232
3,0,0,0.14927027
3,1,0,0.07353694
3,0,1,0.63672304
3,0,0,0.3459846
3,0,1,0.7366567
3,0,1,0.5958277
3,0,0,0.40273228
3,1,0,0.49117878
3,1,1,0.7600345
3,1,1,0.85726243
3,1,0,0.3944336
3,0,1,0.86368614
3,1,1,0.7942753
3,1,0,0.39301404
3,0,1,0.7858285
3,1,1,0.6454254
3,1,1,0.55430955
3,1,0,0.38928115
3,1,1,0.6080473
3,0,1,0.64791316
3,0,1,0.6570907
3,0,0,0.39630935
3,0,1,0.5281332
3,1,1,0.78216714
3,1,1,0.8267883
3,0,0,0.3704303
3,1,1,0.9009358
3,0,0,0.28031853
3,1,1,0.6589693
3,0,0,0.45507023
3,0,0,0.2318727
3,0,0,0.07178534
3,0,1,0.7908174
3,1,1,0.64122206
3,0,1,0.6796593
3,0,1,0.63026303
3,1,1,0.7495923
3,1,1,0.707709
3,1,1,0.8221834
3,0,0,0.37372392
3,0,0,0.17284127
3,1,1,0.7603304
3,0,1,0.61370856
3,1,1,0.8022685
3,0,0,0.35322195
3,1,1,0.6959135
3,0,0,0.35075393
3,1,1,0.89711225
3,1,1,0.8089361
3,0,1,0.60462
3,0,1,0.71847165
3,1,1,0.74389035
3,0,0,0.35844895
3,1,1,0.5307924
3,0,0,0.14287597
3,0,0,0.10149018
3,0,0,0.17316383
3,0,1,0.6678751
3,1,1,0.7596263
3,0,0,0.1476122
3,0,0,0.11122558
3,1,1,0.7683913
3,1,1,0.5748742
3,0,0,0.25100794
3,1,1,0.8305549
3,0,1,0.6266608
3,1,1,0.7240646
3,1,1,0.5394265
3,1,1,0.598633
3,0,1,0.5134298
3,0,0,0.35863373
3,0,0,0.15281156
3,0,0,0.10851168
3,1,1,0.7340116
3,1,1,0.711495
3,0,1,0.5160137
3,1,1,0.8799862
3,0,0,0.45947835
3,0,0,0.26635113
3,1,1,0.6711394
3,1,1,0.6269288
3,1,1,0.7830607
3,0,1,0.6655761
3,0,1,0.56765026
3,1,1,0.53132087
3,0,1,0.77391243
3,0,0,0.11940752
3,0,1,0.7219638
3,0,0,0.27040276
3,1,1,0.82494813
3,1,1,0.704377
3,0,0,0.13359803
3,0,0,0.079772756
3,1,1,0.7281059
3,1,1,0.87156105
3,0,0,0.09550332
3,0,0,0.4465596
3,0,0,0.4463607
3,0,0,0.4228082
3,1,1,0.8057032
3,0,1,0.7279144
3,0,1,0.65967846
3,1,1,0.6377504
3,1,1,0.708007
3,1,1,0.87261885
3,1,1,0.86596984
3,0,0,0.34008524
3,0,1,0.6328175
3,1,1,0.6829599
3,0,1,0.6640556
3,0,0,0.06753185
3,0,0,0.12529206
3,0,1,0.5608591
3,0,0,0.3453148
3,0,0,0.1905869
3,1,0,0.39588103
3,1,1,0.88800776
3,1,0,0.48841476
3,0,0,0.27901575
3,1,1,0.84429085
3,0,1,0.6985339
3,1,1,0.75580317
3,1,1,0.7793721
3,0,0,0.46435794
3,1,1,0.59218055
3,0,0,0.34080324
3,1,1,0.7032345
3,1,1,0.82367456
3,0,1,0.739987
3,0,1,0.7174677
3,0,1,0.68660605
3,1,1,0.7969783
3,1,1,0.7284734
3,1,1,0.81321365
3,1,0,0.39676398
3,0,0,0.3789355
3,0,0,0.21248236
3,1,1,0.79397976
3,0,0,0.4382633
3,1,1,0.6443807
3,1,0,0.4648595
3,1,1,0.58865565
3,0,0,0.27725983
3,0,1,0.5658815
3,0,1,0.6456368
3,0,0,0.41177842
3,1,0,0.32879776
3,1,0,0.3876425
3,0,0,0.30545673
3,0,0,0.054650888
3,0,1,0.7952932
3,1,1,0.50679696
3,0,1,0.6032756
3,0,0,0.13455205
3,1,0,0.45877534
3,1,1,0.7165128
3,0,0,0.41425985
3,0,1,0.5477099
3,0,0,0.29441103
3,0,1,0.8538432
3,0,1,0.84536093
3,1,1,0.6423611
3,1,1,0.7425697
3,0,0,0.41264147
3,1,1,0.74048185
3,1,1,0.83043826
3,0,1,0.50213164
3,1,1,0.8491972
3,1,1,0.7478824
3,1,0,0.49265105
3,0,0,0.23863469
3,1,1,0.69950485
3,0,1,0.7517315
3,0,1,0.67741406
3,1,1,0.7203548
3,1,0,0.4008981
3,1,0,0.37977067
3,0,0,0.14657424
3,0,1,0.90278023
3,1,1,0.6979143
3,0,1,0.7741608
3,1,0,0.45102048
3,1,0,0.39987963
3,0,1,0.6866682
3,0,1,0.8168645
3,1,1,0.6994
3,1,0,0.49984604
3,1,1,0.5990909
3,1,1,0.5388558
3,0,0,0.40634814
3,0,1,0.8219317
3,1,1,0.6630863
3,1,1,0.5927082
3,1,1,0.6603755
3,0,1,0.55148304
3,0,1,0.6710814
3,0,1,0.7383171
3,1,1,0.8008012
3,0,1,0.57453007
3,0,1,0.7264179
3,0,1,0.64400774
3,0,0,0.34367028
3,1,1,0.6331991
3,1,0,0.4898223
3,0,0,0.12854145
3,1,1,0.75493115
3,1,0,0.23258997
3,1,0,0.4722093
3,1,1,0.6490918
3,0,1,0.5022812
3,0,1,0.6140153
3,0,1,0.5491642
3,0,0,0.14363377
3,1,1,0.6974985
3,1,1,0.7115977
3,0,0,0.08193426
3,0,1,0.6484142
3,1,1,0.89644253
3,0,0,0.3599779
3,0,1,0.7145607
3,1,1,0.83250093
3,1,1,0.5996019
3,0,0,0.4267652
3,1,1,0.81896096
3,0,0,0.47523254
3,0,1,0.57049483
3,1,0,0.19757007
3,0,0,0.40785322
3,0,0,0.39790088
3,1,1,0.7211158
3,1,0,0.3142839
3,0,0,0.3273283
3,1,1,0.897293
3,1,1,0.7130057
3,1,1,0.81003225
3,1,1,0.7629832
3,0,1,0.51673704
3,0,0,0.14005326
3,0,1,0.7198461
3,0,1,0.63730246
3,0,1,0.5696998
3,0,0,0.15733902
3,0,0,0.09845565
3,0,1,0.82965297
3,0,0,0.05180508
3,1,1,0.72186834
3,1,1,0.7582981
3,0,0,0.38244554
3,1,0,0.4591263
3,1,1,0.89217865
3,1,1,0.7924878
3,0,1,0.57333076
3,0,1,0.5981446
3,1,1,0.7979115
3,1,1,0.6143476
3,0,0,0.3896817
3,1,1,0.6112466
3,0,0,0.21377191
3,0,1,0.65578485
3,0,1,0.85097027
3,0,1,0.63153696
3,1,1,0.57333076
3,1,1,0.5981446
3,0,0,0.49856165
3,0,0,0.48347872
3,1,1,0.80661404
3,1,1,0.74915224
3,0,0,0.2391145
3,1,1,0.7777097
3,1,1,0.6929809
3,1,1,0.8671873
3,0,1,0.7422319
3,1,0,0.37719464
3,0,1,0.75371784
3,0,1,0.5900061
3,0,0,0.42476955
3,0,1,0.82428527
3,1,0,0.38928682
3,0,1,0.81790096
3,0,0,0.49473712
3,1,1,0.66224265
3,0,1,0.5078505
3,0,0,0.38396737
3,0,1,0.57304215
3,1,1,0.8254252
3,0,1,0.54672706
3,1,1,0.71743447
3,1,1,0.53226876
3,0,1,0.827906
3,0,1,0.5861067
3,1,1,0.70782846
3,1,1,0.877401
3,1,1,0.7905656
3,1,1,0.8455704
3,1,1,0.6396616
3,1,1,0.6313787
3,0,0,0.42390743
3,1,1,0.6503784
3,0,0,0.2809481
3,1,0,0.29766592
3,1,1,0.64930147
3,0,1,0.67408174
3,0,0,0.3366218
3,0,1,0.5771009
3,1,0,0.46383682
3,0,0,0.122223124
3,0,0,0.24819489
3,0,0,0.117479436
3,1,0,0.092333265
3,1,1,0.52534443
3,1,1,0.73272717
3,1,1,0.8991434
3,1,1,0.78435516
3,0,0,0.2849597
3,1,0,0.4251823
3,0,0,0.22280048
3,0,0,0.46371296
3,0,1,0.75187355
3,1,0,0.36327627
3,1,1,0.6498043
3,1,1,0.85588855
3,0,1,0.8898453
3,1,1,0.835788
3,1,1,0.62800777
3,1,0,0.4430085
3,0,1,0.6068411
3,0,0,0.12049144
3,0,0,0.092008315
3,0,1,0.5709466
3,0,0,0.15814841
3,0,1,0.55084956
3,0,1,0.5104552
3,0,0,0.1000406
3,0,0,0.21529712
3,1,1,0.6634771
3,1,1,0.64657265
3,0,0,0.3926034
3,1,1,0.8009626
3,0,1,0.5695951
3,0,1,0.5740356
3,0,1,0.55740726
3,1,1,0.7952736
3,1,1,0.5817798
3,1,1,0.74291736
3,0,1,0.5929812
3,1,1,0.7498808
3,1,1,0.68722457
3,0,1,0.6268688
3,0,0,0.22810063
3,1,1,0.8611922
3,1,0,0.43430996
3,0,0,0.40613553
3,1,1,0.75119966
3,0,0,0.31137955
3,0,1,0.63695693
3,1,1,0.759116
3,0,1,0.5278289
3,1,1,0.7350902
3,0,0,0.07014488
3,1,1,0.78646255
3,1,1,0.55860746
3,0,1,0.68440855
3,1,1,0.907252
3,0,1,0.5537377
3,0,0,0.46208996
3,0,0,0.16140461
3,0,1,0.87757695
3,0,1,0.5684759
3,0,1,0.57224977
3,1,1,0.57559866
3,1,1,0.83008456
3,1,1,0.82218134
3,0,1,0.64089453
3,1,1,0.7928309
3,1,1,0.8519757
3,0,1,0.5499168
3,1,1,0.6031953
3,1,1,0.63782614
3,1,1,0.8575594
3,1,0,0.25770056
3,1,0,0.4941824
3,0,0,0.30745432
3,0,1,0.5525912
3,1,0,0.4581352
3,0,1,0.7744202
3,1,0,0.4687042
3,1,0,0.47298333
3,0,1,0.62513644
3,1,1,0.88498235
3,0,0,0.48114112
3,1,1,0.8129121
3,0,1,0.5735314
3,0,1,0.5138536
3,0,1,0.56870115
3,0,0,0.31467906
3,0,1,0.7300107
3,1,1,0.71144783
3,1,1,0.69037765
3,1,1,0.8233518
3,0,1,0.5041792
3,1,1,0.6981363
3,1,1,0.79960346
3,1,1,0.5953539
3,0,1,0.767456
3,0,0,0.36581722
3,0,0,0.14594564
3,1,1,0.7405904
3,1,0,0.4966155
3,1,0,0.27045408
3,0,1,0.6377443
3,1,1,0.67238617
3,0,0,0.07562595
3,0,1,0.6994884
3,1,1,0.72979057
3,0,1,0.8880792
3,0,0,0.3876426
3,0,0,0.3956572
3,0,1,0.56947976
3,1,1,0.83335584
3,0,0,0.4966741
3,1,1,0.69995105
3,1,1,0.53240466
3,1,0,0.48407933
3,0,0,0.10456232
3,0,1,0.5145124
3,0,0,0.10594369
3,0,1,0.69462794
3,0,1,0.7103418
3,1,0,0.33821684
3,1,0,0.31661305
3,0,0,0.37494797
3,0,1,0.7124152
3,1,1,0.7474234
3,1,0,0.39769778
3,0,1,0.56454384
3,0,0,0.21695405
3,1,1,0.7906383
3,1,0,0.44173798
3,0,1,0.6111384
3,1,1,0.8085053
3,0,1,0.5737368
3,0,1,0.6256413
3,1,1,0.69200164
3,0,0,0.40775487
3,1,1,0.69449705
3,0,0,0.35592434
3,1,0,0.46534577
3,1,1,0.88338256
3,1,0,0.46558076
3,0,1,0.84031916
3,0,0,0.44527686
3,0,0,0.43248326
3,1,1,0.90702796
3,1,0,0.47958958
3,1,0,0.4347167
3,1,1,0.78715146
3,1,1,0.7955759
3,1,1,0.6935444
3,1,1,0.78715813
3,0,0,0.44870773
3,1,0,0.40298647
3,1,1,0.55331767
3,0,0,0.1519283
3,0,0,0.48273388
3,0,0,0.2686801
3,1,1,0.64900887
3,0,0,0.11764142
3,0,1,0.5359867
3,0,0,0.12721011
3,0,1,0.7408142
3,1,1,0.8786946
3,0,1,0.55601877
3,0,0,0.22402662
3,0,1,0.5423815
3,0,0,0.25402316
3,0,1,0.6765585
3,1,1,0.6866365
3,0,0,0.31076378
3,0,0,0.3342805
3,1,1,0.74084634
3,1,1,0.6194368
3,1,1,0.8905684
3,0,0,0.3692873
3,1,1,0.6623269
3,1,1,0.86514175
3,0,1,0.71026736
3,0,0,0.21628898
3,0,1,0.8165423
3,0,1,0.67324424
3,0,1,0.53226876
3,0,1,0.827906
3,0,1,0.5861067
3,1,1,0.70782846
3,1,1,0.877401
3,1,1,0.7905656
3,1,1,0.5918712
3,0,0,0.2909515
3,0,1,0.5128892
3,1,1,0.5590616
3,1,0,0.43347797
3,0,0,0.38687882
3,0,0,0.17901404
3,1,0,0.32310295
3,0,0,0.40691563
3,0,0,0.471947
3,0,0,0.40691707
3,0,1,0.5106578
3,0,0,0.18152763
3,0,0,0.32794225
3,0,0,0.1726442
3,0,0,0.29746982
3,1,1,0.56513536
3,0,1,0.5349138
3,1,1,0.7083284
3,0,1,0.57689965
3,1,1,0.6997811
3,1,1,0.6998256
3,1,0,0.18493083
3,1,1,0.7247962
3,0,0,0.3859706
3,1,0,0.47961965
3,1,1,0.7134704
3,1,1,0.6099743
3,0,0,0.40415993
3,1,1,0.7572379
3,0,1,0.7497365
3,0,0,0.46458295
3,1,1,0.8286317
3,0,0,0.4434673
3,0,0,0.4751038
3,1,1,0.66224265
3,0,0,0.4418845
3,1,1,0.8513369
3,0,1,0.6604346
3,1,1,0.8809035
3,1,1,0.8138359
3,0,1,0.5856573
3,0,0,0.4971186
3,0,0,0.4509414
3,0,0,0.15095553
3,0,0,0.37388137
3,1,1,0.92497176
3,1,1,0.72863406
3,1,1,0.77558976
3,0,1,0.6117776
3,0,0,0.09933374
3,1,1,0.6964291
3,1,1,0.71245676
3,1,1,0.87214816
3,1,1,0.5688125
3,0,1,0.59124476
3,1,1,0.918774
3,0,1,0.62808764
3,0,1,0.5953479
3,0,0,0.0930529
3,1,1,0.7515311
3,1,1,0.5881057
3,0,0,0.16965838
3,1,1,0.75235814
3,0,0,0.3396845
3,1,0,0.4755651
3,0,0,0.16537352
3,1,1,0.7336449
3,0,0,0.44225702
3,1,1,0.6989998
3,0,1,0.55269116
3,0,1,0.66689557
3,1,1,0.8972945
3,1,1,0.7777322
3,1,1,0.6914768
3,0,0,0.17012605
3,0,1,0.53511983
3,0,1,0.60231465
3,0,1,0.61014235
3,1,1,0.85818523
3,1,1,0.5085082
3,1,1,0.7745966
3,0,0,0.42961004
3,1,1,0.8892443
3,0,1,0.58430254
3,1,1,0.78573644
3,1,1,0.689108
3,0,1,0.5137397
3,1,1,0.91147226
3,0,0,0.39922145
3,0,0,0.2594786
3,0,1,0.72498614
3,0,1,0.8374487
3,0,0,0.21504523
3,1,1,0.70668346
3,1,1,0.6514769
3,0,1,0.80725497
3,1,1,0.5691063
3,1,0,0.2451303
3,1,1,0.5557297
3,0,0,0.18063985
3,0,0,0.39755538
3,0,0,0.189683
3,1,1,0.58611435
3,1,0,0.4276879
3,1,0,0.39136946
3,0,1,0.5572167
3,0,1,0.64550304
3,0,1,0.8244298
3,0,0,0.27863377
3,0,0,0.21751806
3,1,1,0.90580046
3,1,0,0.43645397
3,0,1,0.5671544
3,0,1,0.66536975
3,0,0,0.49167147
3,1,1,0.81478167
3,1,1,0.9024659
3,1,1,0.81823456
3,1,1,0.7938575
3,0,0,0.42861694
3,0,1,0.5109223
3,1,1,0.7846627
3,0,0,0.44010952
3,1,1,0.74535835
3,1,1,0.83124286
3,0,0,0.41680422
3,1,1,0.7777771
3,0,1,0.64457226
3,0,0,0.4968983
3,0,0,0.47218606
3,1,1,0.85334116
3,1,1,0.78922737
3,1,1,0.7675519
3,0,0,0.3307697
3,1,0,0.3734398
3,0,0,0.38218766
3,0,0,0.44635022
3,0,1,0.5979425
3,0,0,0.4087442
3,0,0,0.18647626
3,1,1,0.7403154
3,0,0,0.3880744
3,1,0,0.39696813
3,0,0,0.43244356
3,1,1,0.77616584
3,1,1,0.66245687
3,1,1,0.8038023
3,1,0,0.3346515
3,1,1,0.86617374
3,0,1,0.62892365
3,0,0,0.36939204
3,1,1,0.91131765
3,1,1,0.7128234
3,1,1,0.7553114
3,0,1,0.7332753
3,0,1,0.84240085
3,0,0,0.2736237
3,1,1,0.64586705
3,0,0,0.064318165
3,0,0,0.18859303
3,1,1,0.81902397
3,1,1,0.70892954
3,0,0,0.30816853
3,0,0,0.18403096
3,1,1,0.79391384
3,0,0,0.37513092
3,1,1,0.8624266
3,0,1,0.5709896
3,0,1,0.5188048
3,1,1,0.6906532
3,1,0,0.4192753
3,0,0,0.33632818
3,0,1,0.6941921
3,0,0,0.23544148
3,0,0,0.11616239
3,0,0,0.42583567
3,1,0,0.4852407
3,0,1,0.8836959
3,0,0,0.16431019
3,0,0,0.086293116
3,0,1,0.67113215
3,1,1,0.64983153
3,0,0,0.49232277
3,1,1,0.83164
3,1,0,0.2627698
3,1,1,0.5751728
3,1,1,0.903822
3,0,1,0.64331096
3,0,0,0.0938481
3,1,1,0.8207719
3,1,1,0.67285043
3,1,1,0.94197047
3,1,1,0.7274693
3,0,0,0.22325413
3,1,1,0.8188718
3,1,1,0.74932045
3,0,0,0.10217282
3,0,0,0.3168609
3,1,1,0.6271985
3,1,1,0.8772865
3,1,1,0.8727579
3,0,0,0.29914516
3,1,1,0.8110341
3,1,1,0.8613192
3,0,1,0.60033315
3,0,1,0.7643689
3,1,1,0.7949469
3,1,1,0.6028129
3,1,1,0.6959709
3,1,1,0.812712
3,1,1,0.6191097
3,1,1,0.50572807
3,0,0,0.23128733
3,0,0,0.16324098
3,0,0,0.09158854
3,1,1,0.8999452
3,1,1,0.7960985
3,1,1,0.7640097
3,1,1,0.5681799
3,1,1,0.68450785
3,1,1,0.8687795
3,0,0,0.1389717
3,0,0,0.17306295
3,1,1,0.6979515
3,0,0,0.3931019
3,0,0,0.21001284
3,0,0,0.4191871
3,1,0,0.48560005
3,1,0,0.27985024
3,1,1,0.5629766
3,0,1,0.5726854
3,0,0,0.1486289
3,0,0,0.13720147
3,0,0,0.49475563
3,1,0,0.49089912
3,0,0,0.3776764
3,1,1,0.52687454
3,0,0,0.47921464
3,0,0,0.33466768
3,0,0,0.19555114
3,1,0,0.48634335
3,0,0,0.3311213
3,0,0,0.17933573
3,1,0,0.21960132
3,0,0,0.26569617
3,0,0,0.2756464
3,0,0,0.22841626
3,0,0,0.41202298
3,0,0,0.18532784
3,1,1,0.63877296
3,0,0,0.4750133
3,0,0,0.09808031
3,0,0,0.18198837
3,0,0,0.26535857
3,1,0,0.4856044
3,1,0,0.4621338
3,0,0,0.2582419
3,0,0,0.08119825
3,0,0,0.25565067
3,0,0,0.40473908
3,1,1,0.7181088
3,0,0,0.38344634
3,0,1,0.8061505
3,1,0,0.45193166
3,0,0,0.09693774
3,1,1,0.55163777
3,0,1,0.60019076
3,0,0,0.13119751
3,0,0,0.24078214
3,1,1,0.54296905
3,0,0,0.088212445
3,1,1,0.7968854
3,1,1,0.52564543
3,0,0,0.2591657
3,1,1,0.61659914
3,0,0,0.49004412
3,1,1,0.76453096
3,0,0,0.26617515
3,0,0,0.19527742
3,1,0,0.32096043
3,0,0,0.35216603
3,0,0,0.05885413
3,0,0,0.064829394
3,0,0,0.2611655
3,0,0,0.33452547
3,0,0,0.0676081
3,0,0,0.41524935
3,0,0,0.13289478
3,0,0,0.17150576
3,0,0,0.091416754
3,1,1,0.66695154
3,1,1,0.79595304
3,0,0,0.35876143
3,1,0,0.4927305
3,0,0,0.3891495
3,1,1,0.75265706
3,0,0,0.34285235
3,0,0,0.15525337
3,1,0,0.314468
3,0,0,0.19257642
3,0,0,0.12280956
3,0,0,0.48782355
3,0,0,0.166484
3,0,0,0.27570984
3,1,1,0.68393123
3,1,0,0.30964327
3,1,1,0.59906423
3,0,1,0.573779
3,1,1,0.5151643
3,0,0,0.088925704
3,0,0,0.35477087
3,1,1,0.5729406
3,0,0,0.107946925
3,1,1,0.60813737
3,1,0,0.26916024
3,0,0,0.42179462
3,1,0,0.39310032
3,1,1,0.5281448
3,1,0,0.38380092
3,0,0,0.23327944
3,0,0,0.39932832
3,1,1,0.5007211
3,0,0,0.21078628
3,0,0,0.33935872
3,0,0,0.11627559
3,1,0,0.329042
3,0,0,0.16519831
3,0,0,0.43407488
3,1,0,0.46043023
3,0,0,0.1389717
3,0,0,0.065495804
3,0,0,0.3609073
3,0,0,0.38320392
3,1,1,0.8716473
3,1,1,0.569173
3,1,1,0.6067
3,1,1,0.7378486
3,1,1,0.6170635
3,0,1,0.5332237
3,0,0,0.4036371
3,0,0,0.058735654
3,1,1,0.5783729
3,0,0,0.38083762
3,0,1,0.67156154
3,1,1,0.68481797
3,0,0,0.48460156
3,0,0,0.38031283
3,0,0,0.35564396
3,1,1,0.52860594
3,0,1,0.8167507
3,0,0,0.38275346
3,0,1,0.568317
3,0,0,0.2852227
3,1,1,0.77794075
3,1,1,0.7184504
3,1,1,0.5940676
3,1,1,0.62624854
3,1,1,0.5507011
3,0,1,0.502424
3,0,0,0.14213511
3,1,1,0.62073934
3,0,0,0.30178192
3,0,1,0.8083263
3,0,0,0.26436177
3,0,0,0.074282825
3,1,0,0.38728526
3,0,1,0.6594772
3,0,0,0.27242938
3,1,1,0.66083914
3,0,1,0.65645915
3,0,0,0.3468053
3,0,1,0.52240056
3,0,1,0.78170323
3,0,1,0.8220275
3,1,1,0.763681
3,1,1,0.59581083
3,1,1,0.52051437
3,0,0,0.17888215
3,1,1,0.6713329
3,1,0,0.47416526
3,1,1,0.77889466
3,1,0,0.25627974
3,0,1,0.542847
3,1,1,0.55368686
3,1,1,0.5276232
3,0,0,0.06494186
3,1,1,0.6354516
3,0,0,0.24607617
3,1,1,0.6904052
3,1,1,0.52631235
3,1,1,0.6301319
3,1,1,0.8144393
3,1,1,0.84548193
3,1,1,0.83863497
3,0,0,0.40153643
3,0,1,0.5455148
3,1,1,0.7560559
3,0,1,0.56367165
3,1,1,0.79484755
3,0,0,0.37888548
3,0,0,0.35374823
3,1,1,0.8775508
3,1,1,0.8528844
3,1,1,0.658458
3,0,0,0.32544863
3,1,1,0.8762803
3,0,0,0.38375327
3,1,1,0.8749932
3,0,1,0.6287074
3,1,0,0.4261217
3,0,0,0.38832158
3,1,1,0.8722283
3,1,1,0.826246
3,0,1,0.7202503
3,1,1,0.90100646
3,0,1,0.8135343
3,0,1,0.60830486
3,0,0,0.46082738
3,1,1,0.7939272
3,1,0,0.30114356
3,0,0,0.43157765
3,0,1,0.5756561
3,0,1,0.55318946
3,1,0,0.49784723
3,1,0,0.2776917
3,0,1,0.5145979
3,0,1,0.5494649
3,0,0,0.21192612
3,0,1,0.6458396
3,0,1,0.7001452
3,1,0,0.46120813
3,1,0,0.39673102
3,0,1,0.64063495
3,1,0,0.4943787
3,0,1,0.71679425
3,1,1,0.6795045
3,1,1,0.7745642
3,1,1,0.8528356
3,1,1,0.580772
3,0,0,0.2948629
3,0,1,0.8899778
3,1,0,0.2923237
3,0,0,0.2776902
3,1,1,0.50478995
3,0,0,0.3710189
3,0,0,0.4943037
3,1,1,0.6740139
3,1,1,0.5227361
3,0,1,0.514987
3,0,1,0.5377888
3,0,1,0.6504941
3,1,0,0.25584996
3,1,0,0.38165715
3,1,1,0.81125164
3,0,0,0.17782708
3,1,1,0.8633473
3,0,0,0.36935848
3,1,1,0.58635885
3,0,1,0.6266956
3,0,1,0.5332237
3,0,0,0.4036371
3,0,0,0.058735654
3,0,1,0.68481797
3,1,1,0.6156189
3,0,0,0.2058991
3,1,1,0.903501
3,1,1,0.8694797
3,1,1,0.7214039
3,0,0,0.44190782
3,1,1,0.8206142
3,0,0,0.19594498
3,1,1,0.79950005
3,1,0,0.19537503
3,1,1,0.6523825
3,1,1,0.64028215
3,0,1,0.78849846
3,0,1,0.6047377
3,0,1,0.60625625
3,0,1,0.65458494
3,0,0,0.44783252
3,0,0,0.4502
3,0,1,0.7239321
3,0,0,0.34884137
3,1,1,0.8129631
3,1,1,0.75398314
3,1,1,0.6757823
3,1,1,0.83669287
3,1,1,0.76499236
3,1,1,0.6042002
3,0,0,0.37811065
3,0,0,0.42585656
3,0,1,0.50466835
3,1,1,0.8024513
3,0,1,0.8273835
3,0,0,0.06277993
3,1,0,0.24639869
3,0,0,0.091634415
3,1,1,0.83410764
3,0,0,0.4756736
3,1,1,0.7038548
3,1,1,0.62453526
3,0,1,0.6687521
3,1,1,0.83647174
3,0,0,0.121189244
3,0,0,0.11175255
3,1,1,0.7494356
3,1,1,0.7372058
3,1,1,0.83250093
3,1,1,0.5996019
3,0,0,0.4267652
3,1,1,0.81896096
3,0,0,0.47523254
3,0,1,0.57049483
3,1,0,0.19757007
3,0,0,0.40785322
3,0,0,0.39790088
3,1,1,0.7211158
3,1,0,0.3142839
3,0,0,0.3273283
3,1,1,0.79685694
3,1,1,0.55179
3,1,1,0.632517
3,0,0,0.39765114
3,0,0,0.13354453
3,0,1,0.70796454
3,0,0,0.18046342
3,0,0,0.46514758
3,1,0,0.48542765
3,0,0,0.47927475
3,1,1,0.5243827
3,0,1,0.5860439
3,1,1,0.6026356
3,1,1,0.6905057
3,0,1,0.58631676
3,1,1,0.6869218
3,0,1,0.63403636
3,0,0,0.45372862
3,0,1,0.6393669
3,0,0,0.33354387
3,1,1,0.64961994
3,0,1,0.54065907
3,1,1,0.8954591
3,0,1,0.51592886
3,1,0,0.41909924
3,1,1,0.6280281
3,1,0,0.34890875
3,1,1,0.5882275
3,1,1,0.60713387
3,1,0,0.4906397
3,1,1,0.70217794
3,0,0,0.059235144
3,0,0,0.2496471
3,1,0,0.3583359
3,0,1,0.7122565
3,1,1,0.55907774
3,0,0,0.05203181
3,0,0,0.48487777
3,0,0,0.16289814
3,1,0,0.48290384
3,0,0,0.14857005
3,0,0,0.15485157
3,0,1,0.63772374
3,1,1,0.57863015
3,0,1,0.7374698
3,1,0,0.48367265
3,0,0,0.4401801
3,1,0,0.1503406
3,1,1,0.6144482
3,0,1,0.5246917
3,0,0,0.23068714
3,1,0,0.37942153
3,1,1,0.7239671
3,0,1,0.7514689
3,0,0,0.2430639
3,0,1,0.72974116
3,1,1,0.7158223
3,1,1,0.78219205
3,0,0,0.1812134
3,1,1,0.6914864
3,1,1,0.7717563
3,1,1,0.67372835
3,0,0,0.13990562
3,1,1,0.89893687
3,1,1,0.600873
3,0,1,0.75461435
3,0,1,0.521552
3,0,0,0.21402016
3,1,1,0.7864474
3,0,1,0.7539169
3,0,1,0.6063827
3,0,0,0.49442127
3,0,1,0.75366014
3,0,0,0.30276626
3,1,1,0.9274759
3,0,0,0.3904507
3,0,1,0.8192104
3,0,1,0.6350183
3,1,1,0.7483881
3,1,1,0.72974116
3,1,1,0.7158223
3,1,1,0.6914864
3,1,1,0.7717563
3,1,1,0.7541138
3,0,1,0.521552
3,0,0,0.21402016
3,1,1,0.63331
3,1,1,0.67397326
3,1,0,0.48427892
3,0,1,0.61807376
3,0,1,0.58857155
3,1,1,0.77322567
3,1,1,0.6320092
3,1,0,0.35520342
3,1,0,0.23607166
3,1,0,0.39452466
3,1,1,0.6555627
3,1,1,0.89153403
3,1,0,0.23761824
3,0,1,0.53399
3,0,1,0.6659561
3,1,0,0.2496034
3,0,1,0.74044603
3,0,0,0.3448021
3,0,1,0.7240517
3,0,1,0.61504966
3,0,0,0.21388136
3,1,1,0.7575936
3,1,1,0.72108597
3,0,1,0.7227068
3,0,0,0.31080225
3,1,1,0.920695
3,1,1,0.8844212
3,1,1,0.643395
3,0,0,0.42564458
3,0,0,0.38350782
3,1,1,0.8292094
3,1,1,0.5221866
3,0,0,0.4643703
3,0,0,0.116825305
3,1,1,0.70494044
3,1,1,0.6554269
3,0,0,0.23778489
3,0,1,0.84359443
3,0,1,0.62998146
3,1,1,0.5773895
3,1,1,0.74819404
3,1,1,0.777004
3,0,0,0.47213674
3,0,1,0.57927537
3,1,1,0.81570524
3,1,1,0.74185586
3,0,0,0.11494758
3,0,1,0.5926415
3,0,0,0.4546496
3,0,0,0.27986836
3,0,0,0.22766192
3,0,0,0.38188723
3,0,0,0.4724945
3,0,0,0.33619407
3,0,0,0.35929748
3,1,1,0.7140634
3,0,0,0.088584036
3,0,0,0.19138512
3,0,0,0.20602141
3,1,0,0.45399335
3,1,1,0.6904001
3,1,1,0.661206
3,0,0,0.40000746
3,1,0,0.37321153
3,0,1,0.66711754
3,1,1,0.82338816
3,1,1,0.5506049
3,1,1,0.7929937
3,1,1,0.5504289
3,0,1,0.6855157
3,0,0,0.4072333
3,0,0,0.4805143
3,1,1,0.76149875
3,0,1,0.5858098
3,1,1,0.52650243
3,1,1,0.86845315
3,0,0,0.4262254
3,0,1,0.50462615
3,0,0,0.47438544
3,0,1,0.6772527
3,0,1,0.5407552
3,1,1,0.52247566
3,1,1,0.86614203
3,0,1,0.57520616
3,1,1,0.6491323
3,0,0,0.48093668
3,0,0,0.39846826
3,1,1,0.5998324
3,1,1,0.862825
3,0,1,0.69832885
3,1,1,0.78360987
3,0,0,0.38927385
3,0,0,0.35218126
3,1,1,0.64498365
3,1,1,0.74058765
3,1,1,0.80942565
3,0,0,0.18797007
3,1,0,0.3524456
3,1,1,0.8520559
3,0,1,0.72257245
3,0,0,0.31932336
3,0,1,0.71418124
3,1,1,0.7008698
3,0,0,0.34962186
3,1,1,0.8103551
3,0,0,0.22386968
3,0,0,0.06929553
3,0,1,0.6550951
3,0,1,0.8121298
3,1,1,0.64654756
3,1,1,0.80962783
3,1,1,0.76000124
3,1,1,0.86618996
3,0,0,0.47720808
3,1,1,0.65749216
3,0,0,0.4604536
3,0,0,0.41679528
3,1,1,0.7171829
3,0,0,0.1141029
3,1,1,0.82670337
3,1,0,0.464326
3,1,1,0.65008086
3,0,0,0.33532283
3,0,0,0.4453833
3,0,0,0.22582057
3,0,1,0.54978985
3,1,0,0.21608876
3,0,0,0.40341875
3,0,0,0.10197621
3,1,1,0.8707959
3,1,1,0.86712384
3,0,0,0.48286858
3,1,1,0.9207753
3,0,1,0.72376126
3,1,1,0.8018446
3,0,0,0.29853565
3,1,1,0.7154054
3,0,0,0.38408497
3,1,1,0.52251005
3,0,0,0.14900826
3,1,1,0.5906824
3,1,0,0.2584638
3,1,1,0.8080882
3,1,1,0.79138595
3,0,0,0.330894
3,0,1,0.6674879
3,1,1,0.55025643
3,1,1,0.89267415
3,1,1,0.6883725
3,0,0,0.47474965
3,1,1,0.5057412
3,1,0,0.06429137
3,0,1,0.6991199
3,0,0,0.36968407
3,0,1,0.6108007
3,1,1,0.83778757
3,1,0,0.35182866
3,1,1,0.5149141
3,1,1,0.5215693
3,0,0,0.4662269
3,1,1,0.6074386
3,1,1,0.71538174
3,0,0,0.40509132
3,0,1,0.7556114
3,0,1,0.8312771
3,0,1,0.63025886
3,1,1,0.74229676
3,1,1,0.7776188
3,1,1,0.6484948
3,0,0,0.33144215
3,0,0,0.09214467
3,0,0,0.49450147
3,1,1,0.88957155
3,1,0,0.39256954
3,1,1,0.65149
3,0,1,0.7859386
3,0,1,0.6816438
3,0,1,0.58121485
3,0,0,0.48515615
3,1,1,0.9036259
3,1,1,0.6072934
3,1,1,0.7535548
3,1,1,0.9180423
3,1,1,0.7405088
3,0,1,0.6449596
3,0,1,0.6881323
3,0,1,0.6050486
3,0,1,0.6421391
3,1,1,0.6833929
3,1,1,0.61292875
3,1,1,0.68414366
3,1,1,0.80761105
3,0,0,0.38158235
3,0,1,0.7220364
3,1,1,0.65067464
3,1,1,0.792637
3,1,0,0.27289525
3,0,1,0.64009327
3,0,0,0.31836653
3,0,0,0.19456834
3,0,0,0.17997378
3,1,1,0.50875914
3,0,1,0.53316796
3,1,1,0.8080128
3,1,1,0.82022977
3,1,1,0.93559724
3,1,1,0.78773564
3,0,0,0.3767349
3,1,1,0.69049054
3,0,1,0.87384737
3,0,1,0.5486693
3,0,0,0.105704375
3,0,0,0.44565046
3,0,0,0.366847
3,0,0,0.27895305
3,1,1,0.8472321
3,1,1,0.58386487
3,1,0,0.32920775
3,0,0,0.18165348
3,0,0,0.115118
3,1,0,0.41703466
3,1,1,0.81339234
3,0,0,0.48179534
3,1,1,0.6068189
3,0,1,0.6963877
3,0,0,0.4753718
3,1,1,0.621039
3,0,1,0.56323576
3,1,0,0.48679247
3,1,1,0.75293374
3,0,0,0.25557184
3,0,0,0.115556166
3,0,0,0.4643452
3,0,1,0.78428763
3,0,1,0.8854969
3,1,1,0.6561999
3,1,1,0.5218616
3,1,1,0.5420781
3,1,1,0.6748844
3,1,1,0.6995632
3,0,1,0.54438233
3,0,0,0.26070693
3,1,1,0.7129745
3,0,1,0.56871814
3,1,1,0.6855624
3,0,1,0.83380574
3,0,0,0.41367802
3,0,1,0.6533118
3,0,1,0.6691782
3,1,1,0.5445469
3,0,0,0.2641525
3,0,0,0.4707841
3,0,0,0.0730569
3,0,0,0.3390558
3,1,0,0.46132335
3,1,0,0.45136777
3,1,0,0.29748672
3,0,0,0.41068548
3,0,0,0.08424463
3,1,0,0.47801328
3,0,0,0.14405061
3,1,0,0.12874031
3,1,0,0.48188126
3,0,0,0.21333392
3,0,0,0.10646594
3,1,0,0.49848947
3,0,0,0.23710203
3,0,0,0.2455878
3,0,0,0.13472833
3,1,0,0.15855117
3,0,0,0.21063158
3,0,1,0.50412065
3,1,1,0.69965124
3,1,0,0.17950907
3,0,0,0.09849826
3,1,0,0.4362281
3,0,0,0.25408083
3,1,1,0.52430755
3,1,0,0.40772596
3,0,0,0.3990274
3,0,0,0.25574386
3,1,0,0.09102619
3,0,0,0.29683432
3,1,0,0.4498599
3,0,0,0.44507548
3,1,1,0.6838204
3,1,0,0.42698023
3,1,0,0.32120913
3,0,0,0.1336671
3,0,0,0.14087248
3,0,0,0.32354525
3,0,0,0.09609917
3,0,0,0.41021684
3,0,0,0.15786606
3,0,0,0.1234228
3,1,0,0.18046753
3,0,0,0.34406582
3,0,0,0.17478715
3,1,1,0.53254133
3,0,1,0.5254749
3,0,0,0.12052805
3,0,0,0.21269985
3,0,0,0.47644588
3,0,1,0.79834855
3,0,0,0.08223901
3,0,0,0.17643674
3,1,1,0.7069015
3,0,0,0.1021562
3,0,0,0.32040673
3,0,0,0.078511104
3,0,1,0.58730346
3,0,0,0.25117087
3,1,1,0.5697693
3,1,0,0.23968396
3,0,0,0.32838735
3,0,0,0.44878262
3,0,0,0.36686954
3,0,0,0.46045613
3,0,0,0.33939862
3,0,0,0.11591125
3,1,0,0.17388573
3,0,0,0.16869369
3,0,0,0.25289887
3,0,0,0.065782085
3,0,0,0.4839193
3,0,0,0.1794987
3,0,1,0.71234745
3,0,0,0.25087154
3,1,0,0.30675724
3,1,1,0.55934906
3,0,0,0.1398638
3,1,0,0.49201757
3,1,0,0.2466119
3,1,0,0.21452029
3,0,1,0.5440383
3,1,0,0.23345052
3,0,0,0.42462397
3,0,0,0.2363409
3,1,1,0.634869
3,0,1,0.5292598
3,0,0,0.14177833
3,1,1,0.8201585
3,1,0,0.12174844
3,1,1,0.5056056
3,0,0,0.1438964
3,0,0,0.48847255
3,0,0,0.42097977
3,0,0,0.11650112
3,0,0,0.10784562
3,1,0,0.2106583
3,0,1,0.63432103
3,0,0,0.46891263
3,1,1,0.5031288
3,0,0,0.28636107
3,1,0,0.22087619
3,0,0,0.3131166
3,1,1,0.5198004
3,0,0,0.16816632
3,0,0,0.19257253
3,1,1,0.5312633
3,0,0,0.069410145
3,0,0,0.17919916
3,0,0,0.11828784
3,1,1,0.8378231
3,1,1,0.6630168
3,0,1,0.63184357
3,0,0,0.41411227
3,1,0,0.4318685
3,0,1,0.58356047
3,0,1,0.5554633
3,1,0,0.3990804
3,1,0,0.48297644
3,0,1,0.7896359
3,1,1,0.67422235
3,1,1,0.821879
3,0,1,0.53518206
3,1,1,0.73792183
3,1,1,0.77238095
3,0,0,0.26206565
3,1,1,0.6251136
3,1,0,0.11240414
3,1,1,0.8530915
3,1,1,0.7653267
3,0,1,0.6850288
3,1,1,0.89792526
3,1,0,0.4359509
3,0,1,0.8917041
3,0,0,0.2977609
3,0,1,0.5120871
3,0,1,0.63241464
3,0,0,0.4632288
3,0,1,0.7691363
3,1,1,0.87422925
3,0,0,0.3014295
3,1,1,0.82357055
3,1,1,0.8675839
3,1,1,0.6155667
3,0,1,0.6876179
3,1,1,0.84487396
3,0,1,0.7884958
3,1,1,0.8038687
3,1,1,0.92396003
3,1,1,0.8876786
3,0,1,0.8977922
3,0,1,0.70565397
3,0,0,0.49932498
3,1,1,0.71533805
3,0,1,0.6415513
3,1,0,0.28349683
3,0,0,0.39553252
3,0,0,0.4345094
3,1,1,0.7619686
3,1,1,0.68909454
3,1,1,0.8353724
3,1,1,0.89650893
3,0,0,0.3888703
3,0,0,0.358646
3,1,0,0.43696314
3,1,1,0.7290853
3,0,0,0.33226687
3,1,1,0.6415052
3,1,1,0.895364
3,0,0,0.42867896
3,0,0,0.3222121
3,0,1,0.7368223
3,0,1,0.6278742
3,0,0,0.2575575
3,1,1,0.534724
3,0,0,0.1428773
3,1,1,0.62832713
3,1,0,0.30619624
3,0,0,0.05596594
3,0,1,0.9039464
3,0,1,0.5217831
3,1,1,0.65103805
3,1,0,0.47982752
3,0,0,0.25539204
3,0,1,0.68865114
3,0,0,0.4149543
3,0,0,0.34474954
3,0,0,0.38459668
3,1,0,0.41094428
3,1,0,0.40743697
3,1,1,0.59595263
3,1,0,0.43026373
3,0,0,0.20453987
3,0,0,0.08803769
3,1,0,0.44770026
3,1,0,0.26039764
3,0,0,0.46395457
3,0,1,0.582925
3,0,1,0.60543054
3,1,1,0.5042596
3,1,0,0.30104184
3,0,0,0.44555503
3,1,1,0.5066588
3,0,0,0.44355792
3,0,1,0.5847375
3,1,0,0.41814914
3,0,0,0.15796293
3,0,1,0.52176166
3,0,0,0.44552416
3,1,0,0.38899368
3,0,0,0.3508587
3,1,1,0.5298089
3,0,1,0.5514023
3,0,0,0.48454818
3,0,1,0.5245619
3,1,1,0.54523915
3,0,0,0.44648254
3,1,1,0.8126465
3,0,0,0.48631337
3,0,1,0.5233462
3,0,1,0.6400462
3,0,1,0.53499013
3,0,0,0.42461276
3,1,0,0.2708264
3,1,1,0.5935768
3,1,0,0.43351293
3,1,1,0.7944607
3,0,0,0.04595066
3,1,1,0.6280635
3,0,1,0.6918886
3,0,1,0.66371894
3,0,1,0.7478064
3,0,0,0.37950274
3,1,1,0.7666185
3,0,1,0.7567244
3,1,1,0.8220092
3,1,1,0.806579
3,1,1,0.8884216
3,0,0,0.43544218
3,0,1,0.6812008
3,0,1,0.6954117
3,1,1,0.77845883
3,1,1,0.8360933
3,1,0,0.123665035
3,0,1,0.5894659
3,1,1,0.88362443
3,1,1,0.77981967
3,0,1,0.7134492
3,1,1,0.78830063
3,1,1,0.7494404
3,0,1,0.6207083
3,0,1,0.846328
3,1,1,0.6697088
3,0,1,0.7772149
3,1,1,0.88323057
3,0,1,0.5527711
3,0,0,0.4454998
3,0,1,0.71540135
3,1,1,0.8631679
3,1,1,0.8456576
3,0,1,0.5816001
3,0,0,0.38734522
3,1,1,0.75954765
3,1,1,0.8541073
3,1,1,0.91856956
3,1,1,0.85139763
3,1,1,0.7997414
3,1,1,0.70533603
3,0,1,0.5369856
3,0,1,0.59776956
3,0,1,0.6985523
3,1,1,0.83136135
3,1,1,0.79999524
3,1,1,0.72256947
3,1,0,0.07536196
3,1,1,0.8259873
3,0,0,0.49609745
3,0,1,0.71980476
3,0,0,0.42380056
3,1,1,0.7224546
3,0,1,0.5152267
3,1,0,0.41597012
3,0,1,0.6826881
3,0,1,0.5263326
3,0,0,0.25046682
3,0,0,0.343779
3,0,0,0.44504952
3,0,0,0.44855458
3,0,0,0.44172475
3,1,1,0.7207475
3,0,0,0.4065347
3,0,1,0.5255625
3,1,1,0.7263679
3,0,1,0.50450206
3,1,1,0.5816747
3,0,0,0.30789685
3,1,1,0.63271844
3,1,1,0.65581036
3,0,0,0.37117958
3,0,0,0.40029988
3,0,0,0.45084262
3,1,0,0.40144485
3,1,1,0.82423705
3,0,0,0.18472734
3,0,0,0.44738713
3,1,1,0.73454875
3,0,1,0.5131396
3,0,0,0.3932058
3,0,0,0.3070386
3,1,1,0.67625695
3,1,1,0.8159976
3,1,1,0.70769686
3,1,1,0.7315384
3,1,1,0.7796193
3,0,1,0.5182782
3,0,0,0.10607032
3,1,1,0.67253494
3,1,0,0.22744471
3,0,0,0.3707092
3,0,0,0.119745284
3,0,0,0.18603158
3,0,0,0.2298424
3,0,1,0.59469557
3,1,0,0.47565532
3,1,1,0.594215
3,1,0,0.21335514
3,1,1,0.75495726
3,1,1,0.8481636
3,1,1,0.5376027
3,0,1,0.5227131
3,0,0,0.3141341
3,0,0,0.40351084
3,0,0,0.3561829
3,0,0,0.3700605
3,1,1,0.5683018
3,1,1,0.5743021
3,0,0,0.1400601
3,0,0,0.24439277
3,0,0,0.40092617
3,0,0,0.44754738
3,0,0,0.20894758
3,0,0,0.10907588
3,1,0,0.45270067
3,0,0,0.40916598
3,0,1,0.701995
3,0,0,0.1165307
3,0,0,0.12779433
3,0,0,0.156747
3,0,0,0.21213728
3,1,1,0.5683435
3,0,1,0.68114936
3,1,1,0.52145064
3,1,0,0.48161906
3,1,1,0.7807114
3,1,1,0.5354744
3,1,1,0.7552664
3,1,1,0.63446516
3,1,1,0.82484525
3,1,1,0.7633684
3,1,0,0.34393734
3,1,1,0.6410953
3,1,1,0.8836127
3,1,1,0.68381304
3,1,1,0.51362103
3,0,0,0.095960036
3,0,0,0.087214544
3,1,1,0.5974871
3,0,1,0.59375477
3,0,0,0.49777204
3,1,0,0.45739064
3,0,1,0.528683
3,1,1,0.63752264
3,0,1,0.89650124
3,0,1,0.6267269
3,0,0,0.4431764
3,1,1,0.6301453
3,1,1,0.56087
3,0,1,0.5107599
3,1,1,0.5283921
3,1,1,0.7418455
3,0,0,0.33319288
3,0,0,0.16290614
3,0,0,0.11158905
3,1,1,0.6684267
3,0,0,0.123947464
3,0,0,0.07985178
3,0,0,0.48725924
3,1,1,0.62700206
3,1,0,0.2999267
3,1,1,0.5009741
3,1,0,0.4746003
3,0,0,0.21240652
3,1,0,0.15789343
3,1,1,0.70469916
3,0,1,0.57128906
3,0,1,0.59171903
3,0,1,0.5101515
3,0,1,0.5736313
3,0,0,0.21171336
3,0,0,0.08976575
3,1,1,0.6820489
3,0,0,0.10819797
3,0,1,0.81271
3,1,0,0.4744648
3,0,0,0.45388168
3,1,1,0.54612464
3,0,1,0.63790834
3,1,0,0.4479726
3,1,1,0.665888
3,0,1,0.67620903
3,0,0,0.24777465
3,0,1,0.54008925
3,1,1,0.62546295
3,1,0,0.45196268
3,0,0,0.32539088
3,1,1,0.6740956
3,0,0,0.15874243
3,1,1,0.6966165
3,1,1,0.53558236
3,1,1,0.63760465
3,0,0,0.19604954
3,0,0,0.38961145
3,0,0,0.07687088
3,0,1,0.64676154
3,0,0,0.3769326
3,0,0,0.07307656
3,0,0,0.3331405
3,0,0,0.47259852
3,1,0,0.42991698
3,0,0,0.42947137
3,1,1,0.75267404
3,0,0,0.42009673
3,1,1,0.59704375
3,0,1,0.557979
3,1,0,0.47002745
3,1,0,0.35212615
3,0,0,0.4191652
3,1,1,0.6302544
3,0,0,0.4837794
3,1,1,0.8546876
3,1,0,0.48425913
3,1,1,0.56993383
3,1,1,0.6580424
3,0,0,0.2025182
3,0,1,0.566213
3,0,0,0.4644535
3,1,0,0.46382535
3,0,0,0.45424864
3,1,1,0.65830016
3,0,1,0.5916369
3,0,0,0.3011631
3,1,1,0.84028745
3,0,0,0.4616965
3,1,1,0.6330035
3,1,1,0.5525573
3,0,0,0.4925337
3,1,1,0.68116534
3,1,1,0.65105426
3,0,1,0.7059183
3,1,1,0.5530851
3,0,0,0.29291654
3,0,0,0.1196773
3,0,1,0.6408816
3,0,0,0.47428858
3,0,1,0.6557807
3,0,0,0.34301552
3,0,0,0.1803364
3,0,1,0.56630564
3,1,1,0.5252182
3,0,0,0.25998363
3,1,0,0.17515355
3,1,0,0.07355927
3,1,1,0.88419825
3,1,0,0.22146846
3,0,0,0.10817133
3,0,0,0.3219277
3,0,1,0.700776
3,1,0,0.4068286
3,1,1,0.6741455
3,0,0,0.41381153
3,0,0,0.31468567
3,1,0,0.43572277
3,0,0,0.15004072
3,0,0,0.15495911
3,1,1,0.78995216
3,0,1,0.64235157
3,0,0,0.46362773
3,0,0,0.1254247
3,0,1,0.5385392
3,1,1,0.6130782
3,1,1,0.55402315
3,1,1,0.80627906
3,1,1,0.75291795
3,1,0,0.32519725
3,0,0,0.13734505
3,0,1,0.55423945
3,1,1,0.6520646
3,1,1,0.79156137
3,0,1,0.74805
3,0,0,0.36827594
3,0,0,0.10052907
3,1,1,0.68246806
3,0,0,0.48470205
3,0,0,0.23238908
3,1,1,0.7690493
3,1,0,0.45843753
3,1,0,0.15366171
3,1,0,0.3083172
3,0,0,0.14759427
3,0,1,0.59690815
3,1,0,0.16709706
3,0,0,0.118590266
3,0,0,0.24273361
3,0,0,0.114338785
3,0,0,0.29330668
3,0,0,0.44718522
3,1,1,0.5597128
3,0,1,0.5650417
3,0,1,0.7951448
3,1,1,0.74364877
3,0,0,0.4258547
3,1,0,0.11069439
3,0,0,0.113009445
3,0,0,0.2898193
3,1,1,0.6150193
3,0,1,0.52768314
3,1,1,0.61910933
3,1,1,0.5487768
3,1,0,0.43161538
3,1,1,0.6553171
3,0,0,0.28195187
3,0,0,0.26770258
3,0,0,0.107906014
3,1,1,0.67005175
3,0,0,0.4204013
3,1,1,0.7983547
3,0,0,0.20318487
3,1,0,0.4623994
3,0,0,0.30752197
3,0,0,0.21493234
3,0,0,0.37643188
3,1,0,0.42804274
3,1,1,0.74844545
3,1,1,0.71501607
3,0,0,0.30185094
3,1,1,0.54009575
3,1,1,0.6186093
3,0,0,0.15413095
3,0,1,0.6807694
3,1,1,0.53637207
3,0,1,0.6156319
3,0,0,0.40109122
3,0,1,0.63281935
3,1,1,0.653615
3,0,0,0.4062834
3,1,1,0.5345406
3,0,0,0.45924816
3,1,0,0.38736516
3,1,0,0.32673284
3,1,1,0.57737887
3,0,0,0.43400943
3,1,1,0.5345054
3,1,1,0.7139686
3,1,1,0.6596592
3,0,0,0.47163776
3,0,1,0.62369674
3,0,0,0.37352735
3,0,0,0.4323067
3,0,1,0.7099066
3,0,0,0.40014946
3,0,0,0.42851818
3,1,1,0.8120665
3,0,0,0.42133275
3,0,1,0.51724184
3,1,0,0.28577644
3,0,0,0.38889733
3,1,0,0.4417201
3,1,1,0.6271772
3,1,1,0.65826494
3,0,0,0.23691921
3,0,1,0.65114546
3,0,1,0.75185466
3,0,1,0.5106153
3,1,1,0.9089917
3,0,1,0.6641744
3,1,1,0.8002977
3,0,0,0.41498187
3,0,1,0.5319237
3,1,1,0.7130714
3,0,0,0.3950177
3,0,1,0.6916462
3,1,0,0.40728953
3,0,1,0.5185602
3,1,1,0.6857693
3,1,1,0.72532725
3,0,0,0.22594987
3,0,0,0.45277765
3,0,1,0.5508242
3,0,1,0.74820256
3,1,0,0.42762607
3,1,0,0.4923165
3,0,0,0.27080023
3,1,0,0.38261858
3,1,1,0.75008523
3,0,0,0.20664367
3,0,0,0.17690293
3,0,0,0.19185525
3,0,0,0.052900054
3,1,1,0.9092519
3,1,1,0.6253475
3,1,0,0.45009753
3,0,0,0.16438295
3,1,1,0.7561205
3,0,0,0.48164535
3,0,0,0.23872279
3,0,1,0.6981754
3,0,0,0.4040718
3,0,0,0.45177263
3,1,1,0.56658375
3,1,1,0.64098555
3,0,1,0.5724151
3,0,1,0.60440594
3,1,1,0.82780904
3,0,1,0.5568979
3,0,1,0.50659186
3,1,1,0.53528523
3,1,0,0.40656164
3,1,1,0.5956717
3,0,0,0.2236238
3,1,1,0.8326715
3,0,1,0.61398906
3,0,0,0.10091087
3,1,1,0.5278211
3,0,0,0.15004072
3,1,1,0.7918822
3,1,1,0.51259947
3,0,0,0.32913035
3,1,1,0.6842859
3,0,0,0.35540813
3,0,0,0.18262158
3,1,1,0.66583824
3,1,1,0.70257163
3,0,0,0.08924626
3,0,0,0.15289907
3,1,1,0.570955
3,1,0,0.41090196
3,0,0,0.10895327
3,1,1,0.8020648
3,0,0,0.41689172
3,0,0,0.16817334
3,0,0,0.36921278
3,0,1,0.59813964
3,1,1,0.67557406
3,1,1,0.656194
3,0,0,0.29070386
3,1,0,0.4411198
3,1,1,0.53520477
3,0,1,0.85781497
3,1,1,0.7400783
3,1,1,0.6115929
3,0,0,0.36125305
3,0,0,0.1639997
3,0,0,0.12314718
3,1,1,0.71713287
3,0,1,0.5648161
3,1,0,0.4795995
3,1,0,0.40117285
3,0,0,0.49220467
3,0,0,0.43207178
3,1,0,0.45387653
3,0,1,0.53597915
3,0,0,0.100064754
3,1,1,0.5406954
3,0,1,0.51707584
3,0,1,0.61337364
3,1,0,0.46429253
3,0,1,0.6409154
3,1,0,0.48673943
3,0,1,0.5874456
3,0,0,0.40885514
3,0,1,0.51335436
3,0,0,0.110196516
3,0,1,0.5317212
3,0,0,0.483638
3,1,1,0.6046073
3,0,0,0.4808107
3,0,1,0.5210262
3,0,0,0.26055095
3,0,0,0.19025525
3,0,1,0.5101935
3,0,0,0.31360492
3,0,1,0.7461929
3,0,1,0.61636263
3,1,1,0.53913516
3,0,1,0.620784
3,1,0,0.44899213
3,1,0,0.4602608
3,0,1,0.5990909
3,0,0,0.47353956
3,1,1,0.56672376
3,1,1,0.56319845
3,1,1,0.5863571
3,1,1,0.6690913
3,1,1,0.5964148
3,1,0,0.3626208
3,0,1,0.5337102
3,1,0,0.26532578
3,1,0,0.4183433
3,1,1,0.5711028
3,0,0,0.38352427
3,1,0,0.36932853
3,1,1,0.68945074
3,0,0,0.32180542
3,1,1,0.51820105
3,0,1,0.6055788
3,0,1,0.6110215
3,1,0,0.46271372
3,1,1,0.5046118
3,1,1,0.6086515
3,0,0,0.3097831
3,0,1,0.5375427
3,1,0,0.4908665
3,0,1,0.70152783
3,0,0,0.41175568
3,0,0,0.39253998
3,0,0,0.46665952
3,0,1,0.5004941
3,0,0,0.2903965
3,0,1,0.5182795
3,1,1,0.5956202
3,0,0,0.4276879
3,0,0,0.3940152
3,0,1,0.56712204
3,0,0,0.34258378
3,1,0,0.37167138
3,0,0,0.3278757
3,1,1,0.8801049
3,0,1,0.7628405
3,0,1,0.5663647
3,0,0,0.13526936
3,1,1,0.7034509
3,0,1,0.74795514
3,1,1,0.67591274
3,0,0,0.11111356
3,0,0,0.13086686
3,0,0,0.07094552
3,1,1,0.74927557
3,1,1,0.65722656
3,1,0,0.42878708
3,1,0,0.10211526
3,0,0,0.11352075
3,0,0,0.109638445
3,0,1,0.55972236
3,0,1,0.7412705
3,0,1,0.7348603
3,1,1,0.8247298
3,0,1,0.5686378
3,1,0,0.47433347
3,1,0,0.3470854
3,0,0,0.44609505
3,1,1,0.5049883
3,0,1,0.56224406
3,0,0,0.3527303
3,1,1,0.8798826
3,0,1,0.5366454
3,1,1,0.57543486
3,0,0,0.114876784
3,0,1,0.6256527
3,0,0,0.30133155
3,1,0,0.47659674
3,1,0,0.10841436
3,0,0,0.09455733
3,0,0,0.079625845
3,1,0,0.48529044
3,0,1,0.81690437
3,0,1,0.51303345
3,0,0,0.39448932
3,0,1,0.5380909
3,0,1,0.5178042
3,0,0,0.22575444
3,1,0,0.4281976
3,1,0,0.23073332
3,0,0,0.08542927
3,0,1,0.6215453
3,1,1,0.62878925
3,1,1,0.6659978
3,0,1,0.6230228
3,0,0,0.49338737
3,1,1,0.5675904
3,0,1,0.5727271
3,1,1,0.59095514
3,0,1,0.60878855
3,1,1,0.54370695
3,1,1,0.7239576
3,0,1,0.56973624
3,1,1,0.7014353
3,1,1,0.6195847
3,1,1,0.6341804
3,1,1,0.53074795
3,0,1,0.75593215
3,0,0,0.42045963
3,1,1,0.53544676
3,0,1,0.6448193
3,1,0,0.44899493
3,1,1,0.6344819
3,1,1,0.88814944
3,0,0,0.45393592
3,1,1,0.67593884
3,0,0,0.4210461
3,1,1,0.64675176
3,0,0,0.3249513
3,0,0,0.20138432
3,1,1,0.5665992
3,1,1,0.7156904
3,0,0,0.25350803
3,1,1,0.5811144
3,0,0,0.114561014
3,1,1,0.72285074
3,1,0,0.32038906
3,1,1,0.57276607
3,0,0,0.17556812
3,0,0,0.45646057
3,0,0,0.07000951
3,1,0,0.36912054
3,0,1,0.5165157
3,0,0,0.31165937
3,1,1,0.691324
3,0,1,0.54090464
3,1,1,0.530377
3,1,0,0.37884396
3,0,0,0.38186494
3,1,0,0.47650582
3,1,1,0.5647082
3,0,0,0.33149835
3,0,0,0.15710379
3,0,0,0.18496557
3,1,1,0.5556976
3,1,1,0.76529557
3,0,1,0.583836
3,1,1,0.63515216
3,0,0,0.46707553
3,1,1,0.53806216
3,0,0,0.1086667
3,1,0,0.4353971
3,1,1,0.6758869
3,0,0,0.40197363
3,1,1,0.86199033
3,0,1,0.63753015
3,0,1,0.5476187
3,1,1,0.6367111
3,1,0,0.45654956
3,0,0,0.4261457
3,1,1,0.6455614
3,0,1,0.60072416
3,0,1,0.5575157
3,0,0,0.24187799
3,1,0,0.106627345
3,0,0,0.26916462
3,1,0,0.35486564
3,1,1,0.7843616
3,0,1,0.6566303
3,1,1,0.5509687
3,0,0,0.24067436
3,0,1,0.6744935
3,1,1,0.58197325
3,0,0,0.47489
3,0,1,0.66572416
3,0,1,0.5461472
3,0,1,0.7367888
3,1,1,0.6403361
3,0,0,0.4362452
3,1,1,0.5124029
3,1,1,0.65161735
3,0,1,0.8140196
3,0,1,0.7733634
3,0,0,0.107549354
3,1,1,0.7081197
3,0,1,0.66402876
3,1,1,0.7265594
3,0,0,0.3238986
3,1,1,0.7648411
3,1,0,0.20846596
3,1,1,0.62934077
3,1,1,0.5249242
3,1,1,0.7318951
3,0,1,0.55069655
3,1,1,0.72156405
3,1,1,0.73241794
3,1,1,0.6638926
3,0,1,0.7026255
3,0,0,0.3021716
3,1,1,0.6402551
3,1,1,0.7960443
3,1,1,0.6903008
3,1,1,0.584473
3,1,1,0.66193193
3,0,1,0.62118566
3,1,1,0.75005585
3,0,1,0.6975586
3,0,1,0.6005373
3,1,1,0.5488154
3,0,0,0.2980685
3,0,0,0.43176386
3,1,1,0.6900735
3,0,0,0.3895434
3,0,0,0.3820561
3,0,0,0.25738576
3,0,0,0.076791294
3,0,0,0.11478374
3,0,1,0.63751787
3,0,0,0.124592945
3,1,0,0.47755483
3,1,1,0.5536843
3,0,0,0.13042153
3,0,0,0.23570894
3,0,0,0.32802576
3,0,0,0.36581716
3,0,1,0.7308444
3,1,1,0.60777915
3,1,1,0.6209997
3,1,1,0.6044979
3,1,1,0.5497912
3,1,1,0.7578957
3,0,0,0.34151834
3,1,1,0.50847864
3,1,0,0.44125155
3,1,1,0.65218115
3,1,1,0.54549843
3,0,1,0.5915844
3,0,0,0.100857176
3,0,1,0.5967103
3,0,1,0.6514413
3,1,1,0.58509725
3,1,1,0.75723225
3,0,0,0.4321179
3,0,1,0.6821471
3,1,1,0.6935963
3,0,0,0.20049806
3,0,0,0.15490979
3,1,0,0.47625503
3,1,1,0.6628292
3,0,0,0.11540415
3,0,0,0.21697867
3,1,0,0.22398871
3,0,0,0.27654728
3,0,1,0.92662823
3,0,0,0.38053557
3,0,0,0.190566
3,0,0,0.15102063
3,1,0,0.3408578
3,1,1,0.71640104
3,1,1,0.60751283
3,1,0,0.40781122
3,0,0,0.086281136
3,1,0,0.31925407
3,1,0,0.11869485
3,0,1,0.619892
3,1,1,0.8288603
3,0,1,0.72165465
3,1,1,0.6771829
3,1,1,0.61026484
3,1,1,0.6357761
3,0,1,0.7025581
3,1,1,0.7519619
3,1,1,0.63935107
3,0,1,0.69743323
3,0,1,0.6258347
3,0,1,0.66822964
3,1,1,0.693693
3,1,1,0.7957113
3,0,0,0.41405445
3,0,0,0.3044011
3,1,1,0.7422068
3,0,0,0.07719098
3,1,0,0.31459254
3,0,0,0.11573054
3,0,0,0.12870322
3,0,0,0.09709454
3,0,0,0.29449987
3,1,1,0.69297063
3,1,1,0.61348623
3,1,1,0.78477925
3,1,1,0.5487171
3,1,1,0.5912109
3,0,0,0.32070503
3,1,0,0.12998019
3,1,1,0.8005268
3,1,1,0.63413304
3,0,1,0.6460567
3,1,0,0.48896894
3,1,1,0.8466315
3,1,1,0.813914
3,1,1,0.8590269
3,1,0,0.21015188
3,0,0,0.23626426
3,0,0,0.25696793
3,0,0,0.10989179
3,0,0,0.1564777
3,1,1,0.5592769
3,0,0,0.1705418
3,0,0,0.13413043
3,0,0,0.2025792
3,1,1,0.7626266
3,0,0,0.22286381
3,0,0,0.1672398
3,1,0,0.33275256
3,1,1,0.6161773
3,0,0,0.12676632
3,0,0,0.09558434
3,0,0,0.09863697
3,1,0,0.34452567
3,1,0,0.31939504
3,1,0,0.482032
3,0,0,0.07722505
3,0,1,0.6682762
3,0,1,0.63028985
3,0,1,0.7442627
3,1,0,0.16444263
3,0,0,0.30620512
3,0,0,0.1778397
3,1,1,0.7611946
3,0,0,0.15474404
3,0,0,0.06537437
3,0,0,0.345426
3,0,0,0.17233296
3,0,0,0.19718297
3,1,1,0.75029474
3,0,0,0.30158213
3,0,1,0.7860576
3,0,0,0.111539036
3,0,0,0.20063816
3,1,0,0.21781275
3,0,0,0.26304355
3,0,0,0.08206186
3,0,0,0.21721518
3,0,0,0.24063314
3,0,0,0.12967499
3,0,0,0.39340302
3,0,0,0.3327393
3,0,0,0.11338466
3,1,0,0.44671354
3,0,0,0.44456226
3,1,1,0.53020054
3,1,0,0.3344049
3,0,0,0.33694196
3,1,1,0.5650827
3,1,1,0.51957184
3,1,0,0.3080858
3,0,0,0.38976476
3,1,1,0.736665
3,0,1,0.60411394
3,0,1,0.70587647
3,0,0,0.31925097
3,1,0,0.4510394
3,0,0,0.16893151
3,0,1,0.6132598
3,0,0,0.16468586
3,1,1,0.5301618
3,1,1,0.79309916
3,1,1,0.70330226
3,0,1,0.56400573
3,0,0,0.1619557
3,0,0,0.429162
3,1,0,0.36032793
3,0,0,0.23904066
3,0,0,0.060488753
3,1,1,0.67446345
3,0,1,0.6257555
3,0,0,0.16805568
3,1,0,0.42768127
3,0,1,0.62711895
3,1,1,0.78704727
3,0,0,0.46161315
3,1,0,0.31349593
3,1,1,0.7834382
3,1,1,0.63154256
3,1,1,0.6803946
3,0,1,0.5665227
3,0,1,0.5093903
3,0,1,0.54382485
3,1,1,0.53336525
3,0,0,0.46044382
3,0,0,0.35770038
3,0,0,0.25260544
3,0,1,0.6268576
3,1,1,0.547359
3,0,0,0.28990683
3,0,0,0.33221647
3,0,0,0.131175
3,1,1,0.7027491
3,1,1,0.7056896
3,0,0,0.42478856
3,0,1,0.51781327
3,0,1,0.5688797
3,1,1,0.7645649
3,0,1,0.7133394
3,1,0,0.43980476
3,0,0,0.17201647
3,0,0,0.2269695
3,1,1,0.6259726
3,1,1,0.71968067
3,1,1,0.61835766
3,1,1,0.63482183
3,1,1,0.666941
3,1,1,0.6994338
3,0,0,0.44671354
3,0,0,0.44456226
3,1,1,0.53020054
3,0,0,0.3344049
3,0,0,0.33694196
3,1,1,0.5650827
3,1,1,0.51957184
3,0,0,0.3080858
3,0,0,0.38976476
3,0,1,0.736665
3,0,1,0.60411394
3,1,1,0.70587647
3,0,0,0.31925097
3,1,0,0.4510394
3,0,0,0.16893151
3,0,1,0.6132598
3,0,0,0.16468586
3,0,1,0.5301618
3,0,1,0.62072647
3,1,1,0.5934198
3,0,1,0.69612384
3,0,1,0.5179355
3,0,1,0.7062585
3,0,1,0.6647001
3,1,1,0.50104797
3,1,1,0.7369199
3,1,1,0.6816932
3,0,1,0.5383696
3,1,1,0.8732244
3,0,1,0.60470843
3,1,1,0.5922894
3,1,1,0.79398614
3,0,0,0.22354305
3,1,1,0.6033036
3,0,0,0.3058473
3,0,0,0.09245949
3,0,0,0.13162355
3,1,0,0.20247684
3,0,0,0.33304462
3,0,0,0.4351053
3,1,0,0.22428036
3,0,0,0.29824954
3,1,1,0.59741634
3,0,0,0.4548789
3,1,0,0.37551516
3,1,1,0.7666918
3,1,1,0.845868
3,1,1,0.70516896
3,1,1,0.5847939
3,0,0,0.05931579
3,0,1,0.70647216
3,1,1,0.63744193
3,1,1,0.51598895
3,0,0,0.45199066
3,0,1,0.59387404
3,1,1,0.618078
3,1,1,0.70193756
3,0,1,0.67371523
3,0,0,0.26485723
3,0,0,0.26591128
3,0,0,0.15501463
3,0,0,0.14829719
3,1,0,0.11600383
3,0,1,0.73239845
3,1,1,0.73712075
3,0,0,0.47645
3,0,0,0.08017839
3,1,1,0.6996913
3,1,1,0.6605503
3,0,1,0.70403033
3,1,1,0.8596351
3,0,1,0.60089767
3,0,1,0.7064738
3,1,1,0.7079711
3,1,1,0.5652247
3,0,0,0.3437304
3,1,0,0.25782105
3,1,0,0.41728276
3,1,1,0.81262827
3,1,1,0.7024172
3,1,1,0.5669284
3,1,1,0.6537408
3,0,1,0.50367886
3,0,1,0.71557486
3,0,0,0.4178881
3,1,1,0.57761383
3,0,0,0.39464542
3,1,0,0.33109608
3,0,1,0.6051957
3,0,1,0.9469104
3,0,1,0.55741423
3,0,1,0.5598868
3,0,1,0.75022644
3,1,1,0.63648003
3,1,1,0.6957852
3,1,0,0.37873122
3,1,0,0.4712388
3,0,0,0.16977416
3,0,0,0.09994245
3,0,0,0.17442083
3,1,1,0.69492006
3,0,1,0.5633391
3,1,1,0.7027894
3,1,1,0.5829436
3,1,1,0.7560664
3,0,1,0.6199485
3,1,1,0.6253123
3,0,0,0.15361659
3,1,1,0.56778294
3,1,1,0.6078435
3,1,1,0.6754534
3,1,0,0.36349252
3,0,0,0.36407405
3,0,0,0.43891335
3,1,1,0.6620178
3,1,1,0.7015208
3,1,1,0.779813
3,0,0,0.4044832
3,1,1,0.5390588
3,0,0,0.14887443
3,0,0,0.07995155
3,0,0,0.10225104
3,0,1,0.7551285
3,0,0,0.15945207
3,1,0,0.34879667
3,0,1,0.7494763
3,0,0,0.17428105
3,0,0,0.09068896
3,1,1,0.76833445
3,1,1,0.7460672
3,0,0,0.42155787
3,0,1,0.7234132
3,1,1,0.67230296
3,0,0,0.42246574
3,0,1,0.7118653
3,1,1,0.8066435
3,0,1,0.50257236
3,0,1,0.7648871
3,1,1,0.8362529
3,1,1,0.8521758
3,1,1,0.73412263
3,0,1,0.6481394
3,0,0,0.117756695
3,0,1,0.6900584
3,1,1,0.531022
3,1,1,0.6010436
3,1,1,0.7424272
3,0,0,0.46444413
3,1,1,0.7861859
3,1,1,0.6451378
3,0,0,0.20599476
3,0,0,0.16740468
3,0,0,0.081983805
3,1,1,0.7472005
3,1,0,0.37457266
3,1,0,0.42492738
3,0,0,0.0769442
3,1,0,0.37181088
3,0,0,0.41383973
3,0,1,0.57063895
3,0,1,0.64816195
3,1,1,0.57813245
3,0,0,0.3649485
3,0,0,0.4585761
3,1,0,0.27044144
3,0,1,0.77245325
3,1,1,0.69405615
3,0,0,0.20923088
3,0,0,0.18112999
3,0,0,0.18391411
3,1,1,0.7760413
3,0,1,0.52345896
3,0,0,0.29434752
3,0,0,0.10026772
3,0,0,0.18364596
3,0,0,0.41208452
3,0,0,0.26809517
3,1,0,0.47616726
3,1,0,0.46480978
3,1,1,0.69726175
3,0,0,0.16919039
3,1,0,0.15477215
3,1,0,0.17864837
3,1,0,0.28767112
3,0,0,0.05787648
3,1,1,0.8509806
3,0,1,0.5866262
3,1,1,0.77319944
3,1,1,0.5214836
3,0,0,0.30963042
3,0,0,0.10409409
3,1,1,0.62259054
3,1,1,0.7478719
3,1,1,0.77119905
3,0,0,0.1363551
3,1,1,0.68053114
3,0,0,0.13600796
3,0,0,0.22986902
3,0,0,0.23164117
3,0,0,0.114108846
3,0,0,0.069198705
3,1,1,0.57142466
3,1,1,0.7277812
3,0,1,0.71434873
3,1,0,0.14367473
3,0,0,0.14650242
3,0,0,0.17971662
3,0,0,0.2872859
3,1,1,0.7971107
3,0,1,0.6163293
3,1,1,0.68130183
3,0,0,0.14134572
3,0,0,0.29111466
3,0,1,0.6709365
3,1,1,0.549797
3,1,1,0.8571465
3,0,1,0.62481225
3,0,0,0.3487011
3,0,0,0.42484555
3,1,1,0.71112794
3,1,1,0.77620125
3,1,1,0.6452254
3,1,0,0.27283776
3,0,0,0.14529116
3,1,1,0.7010452
3,0,0,0.1988012
3,0,0,0.1693707
3,0,0,0.2456385
3,1,1,0.6288731
3,0,0,0.24247983
3,1,0,0.17950976
3,0,0,0.45132825
3,0,0,0.10165157
3,0,0,0.3278639
3,0,0,0.23401217
3,0,0,0.34452868
3,1,1,0.80177975
3,0,0,0.4280449
3,1,1,0.59803253
3,0,0,0.15797055
3,1,1,0.6909173
3,1,1,0.6032169
3,0,1,0.5029972
3,0,0,0.22549996
3,0,0,0.17315811
3,0,0,0.40734047
3,0,0,0.10471356
3,0,0,0.101083875
3,1,1,0.7931142
3,0,0,0.3647712
3,1,0,0.23152494
3,1,0,0.17362934
3,0,0,0.1067552
3,1,0,0.15464206
3,1,1,0.8425485
3,1,1,0.5733905
3,0,0,0.44407544
3,1,1,0.7367428
3,0,0,0.1518743
3,0,0,0.12144906
3,0,1,0.6259632
3,1,1,0.6282366
3,0,1,0.5855166
3,0,1,0.5664262
3,1,1,0.76849896
3,0,1,0.68752176
3,1,0,0.46604997
3,0,1,0.69180006
3,0,1,0.53118753
3,0,0,0.37191898
3,1,1,0.8377037
3,1,1,0.75724167
3,1,1,0.61665994
3,1,1,0.62067175
3,1,0,0.084228225
3,1,0,0.4745629
3,0,1,0.7555094
3,0,1,0.7138676
3,0,0,0.45902938
3,0,0,0.45466864
3,1,1,0.71496236
3,0,1,0.5289114
3,0,0,0.35401958
3,0,0,0.49002084
3,0,0,0.34861496
3,1,1,0.9288807
3,0,1,0.7224678
3,1,1,0.7209892
3,0,0,0.24020448
3,1,1,0.74356776
3,0,1,0.6490691
3,0,0,0.4651527
3,0,0,0.3298323
3,1,0,0.28582254
3,0,1,0.7688524
3,1,1,0.5922732
3,0,0,0.16160636
3,1,1,0.6572681
3,0,1,0.7898431
3,0,0,0.3587272
3,1,1,0.6272501
3,0,0,0.2577926
3,1,0,0.434826
3,0,1,0.62526524
3,1,1,0.5843938
3,0,0,0.13159417
3,0,0,0.11506258
3,0,0,0.13322425
3,0,1,0.69302845
3,0,0,0.3015003
3,0,0,0.22226834
3,1,1,0.5678469
3,0,1,0.63600606
3,1,1,0.6310269
3,1,1,0.6462235
3,1,1,0.52346295
3,1,1,0.6821662
3,0,1,0.6575545
3,0,1,0.5282579
3,1,1,0.60314286
3,0,1,0.6177072
3,0,0,0.43057993
3,1,1,0.65512854
3,1,0,0.43924156
3,0,1,0.5832251
3,1,1,0.6998056
3,0,1,0.51777303
3,1,1,0.82262105
3,1,1,0.6262864
3,0,0,0.37912583
3,0,0,0.28475806
3,0,0,0.3239687
3,1,1,0.63378876
3,0,1,0.6620299
3,0,1,0.50526094
3,1,1,0.820587
3,0,0,0.45319694
3,0,0,0.41865262
3,0,0,0.074681155
3,0,0,0.12902345
3,1,1,0.59276676
3,0,1,0.52807766
3,0,0,0.43372446
3,0,1,0.5740256
3,1,1,0.69987214
3,0,0,0.14524376
3,1,1,0.542182
3,1,1,0.61809206
3,1,1,0.57670057
3,0,0,0.47685882
3,0,1,0.5458636
3,1,0,0.35270703
3,0,0,0.44717646
3,1,0,0.28309694
3,0,1,0.68116045
3,1,1,0.72501403
3,0,1,0.6802961
3,0,1,0.6782957
3,0,1,0.7181896
3,1,1,0.81865287
3,1,1,0.73264873
3,1,1,0.7485046
3,1,1,0.69761586
3,1,1,0.87057596
3,1,1,0.8141748
3,0,1,0.617121
3,0,1,0.64405483
3,1,1,0.77957094
3,1,1,0.8534022
3,1,1,0.8492893
3,0,0,0.26900816
3,1,1,0.8654877
3,1,1,0.5862499
3,0,0,0.12721485
3,0,0,0.21096067
3,0,1,0.7578234
3,0,1,0.7881667
3,0,1,0.75347173
3,1,1,0.7844155
3,1,1,0.7939253
3,1,1,0.6490759
3,1,1,0.7335707
3,1,1,0.6539872
3,1,1,0.7355216
3,1,1,0.8638017
3,1,1,0.8453688
3,1,1,0.73296887
3,0,0,0.16780266
3,1,1,0.50684696
3,0,1,0.57667136
3,0,1,0.5848606
3,0,1,0.6504241
3,0,1,0.5162342
3,1,1,0.6778246
3,1,1,0.5275242
3,1,1,0.67144006
3,0,0,0.44107023
3,0,0,0.2594734
3,0,0,0.089570865
3,0,0,0.15305327
3,1,1,0.9373615
3,0,1,0.8598111
3,1,1,0.71335936
3,1,0,0.26961848
3,0,0,0.15935186
3,0,0,0.115472205
3,0,1,0.5163174
3,0,1,0.6740566
3,1,1,0.78389233
3,1,0,0.09304905
3,1,0,0.252395
3,0,0,0.25609976
3,0,0,0.1103002
3,1,0,0.14039502
3,1,1,0.7702585
3,0,1,0.6342302
3,1,1,0.5892905
3,0,1,0.76814437
3,1,1,0.6996285
3,0,1,0.5582547
3,1,0,0.28906792
3,1,1,0.7310717
3,0,1,0.60153604
3,0,1,0.5994117
3,0,1,0.7553424
3,1,1,0.8581928
3,1,1,0.91980016
3,0,1,0.5599353
3,1,0,0.49490178
3,0,0,0.22109066
3,1,0,0.14788945
3,1,1,0.6840755
3,0,0,0.22726713
3,0,0,0.12538847
3,0,0,0.08541495
3,0,0,0.14721873
3,0,1,0.610601
3,1,0,0.28710502
3,0,1,0.5870317
3,0,0,0.07857564
3,1,1,0.857495
3,1,1,0.7292872
3,0,0,0.07236463
3,1,1,0.57675236
3,0,1,0.65069187
3,1,1,0.69981587
3,0,0,0.10773439
3,1,1,0.64809626
3,0,0,0.19107878
3,0,0,0.074634
3,1,1,0.86752766
3,0,0,0.3026261
3,0,0,0.15643255
3,0,0,0.31397474
3,0,1,0.5295061
3,0,0,0.38163915
3,1,1,0.8152949
3,1,1,0.70786273
3,1,1,0.5940677
3,1,1,0.6807821
3,0,0,0.13894174
3,0,0,0.44138223
3,0,0,0.442966
3,1,0,0.2931419
3,1,1,0.6745144
3,0,1,0.563319
3,1,0,0.37753832
3,1,0,0.42930433
3,0,0,0.29329997
3,0,0,0.43831715
3,0,0,0.33847094
3,0,0,0.18340044
3,1,0,0.4645419
3,1,1,0.5871205
3,0,1,0.7127331
3,0,1,0.51457053
3,0,0,0.47605586
3,1,0,0.47208056
3,0,0,0.44186923
3,1,0,0.31605244
3,0,0,0.12416184
3,0,1,0.5238639
3,0,0,0.3386461
3,0,1,0.5084823
3,1,1,0.6957662
3,0,0,0.10524055
3,1,1,0.8246474
3,1,1,0.6034039
3,1,1,0.63882625
3,0,0,0.2579907
3,0,1,0.81832206
3,0,0,0.40324497
3,0,0,0.34142786
3,0,0,0.14244238
3,1,0,0.275242
3,0,0,0.08743917
3,1,1,0.72092444
3,0,1,0.7789594
3,1,1,0.5573905
3,1,0,0.15297823
3,1,1,0.8850425
3,0,0,0.47052306
3,0,0,0.15915367
3,1,1,0.893412
3,1,1,0.677703
3,0,0,0.09032726
3,1,1,0.57774544
3,0,0,0.3855903
3,0,1,0.7283417
3,0,0,0.24957207
3,1,0,0.43245468
3,1,0,0.4028961
3,1,1,0.6688102
3,1,1,0.6538755
3,0,0,0.30919784
3,1,0,0.23563896
3,1,1,0.60178214
3,0,0,0.23178467
3,0,0,0.20220667
3,0,1,0.6094719
3,0,1,0.57887065
3,0,1,0.5005836
3,1,0,0.24118997
3,0,0,0.23557459
3,0,0,0.09619444
3,1,1,0.8433398
3,1,1,0.75954443
3,1,0,0.46390498
3,0,0,0.30631864
3,0,0,0.26586533
3,1,0,0.16189682
3,0,0,0.32265314
3,0,0,0.33109763
3,0,1,0.58392125
3,0,1,0.7604244
3,0,1,0.60983366
3,1,1,0.58727235
3,0,1,0.746888
3,1,1,0.70997
3,1,0,0.10563262
3,0,0,0.103805356
3,1,0,0.42758405
3,0,1,0.7114197
3,0,0,0.22306456
3,1,0,0.24065745
3,0,0,0.38187182
3,1,1,0.8659463
3,0,1,0.6451708
3,1,1,0.6504145
3,1,1,0.5892506
3,0,1,0.6636649
3,0,0,0.40642115
3,1,1,0.69976336
3,0,1,0.50949436
3,0,0,0.4627005
3,1,1,0.5315408
3,0,1,0.5842018
3,0,1,0.7925005
3,1,1,0.73446107
3,0,0,0.15177682
3,0,0,0.25466773
3,1,1,0.67677563
3,1,1,0.65868545
3,0,1,0.518595
3,1,1,0.8535497
3,1,1,0.7198062
3,0,0,0.493298
3,1,1,0.7504167
3,1,1,0.67337596
3,1,1,0.6779201
3,0,0,0.42831185
3,1,1,0.83900094
3,0,0,0.2419137
3,0,0,0.37536672
3,1,0,0.20271908
3,1,1,0.73112255
3,0,0,0.34806353
3,0,0,0.14307843
3,0,0,0.4436423
3,0,0,0.12524405
3,0,0,0.0745317
3,0,0,0.2414604
3,0,0,0.17955784
3,0,0,0.47428954
3,0,0,0.42670155
3,0,0,0.22500719
3,1,0,0.26524276
3,1,0,0.3101241
3,1,0,0.44530064
3,0,0,0.09999617
3,1,0,0.16549031
3,0,0,0.14191057
3,1,0,0.31943244
3,1,0,0.47833556
3,0,0,0.32937554
3,1,0,0.23635179
3,1,0,0.15846725
3,0,1,0.76162696
3,1,1,0.7263913
3,0,1,0.6266621
3,0,0,0.20035064
3,0,1,0.6029045
3,0,0,0.3362043
3,1,1,0.59828955
3,1,1,0.786211
3,0,1,0.8085123
3,1,1,0.53844595
3,0,0,0.19936825
3,1,1,0.6404909
3,0,0,0.4730825
3,0,0,0.1640945
3,0,0,0.21012571
3,0,1,0.7334871
3,1,1,0.60974437
3,1,1,0.6895481
3,1,1,0.5102371
3,1,1,0.7232862
3,0,1,0.5022997
3,1,1,0.794076
3,1,1,0.72133446
3,0,1,0.67029405
3,0,1,0.5393167
3,1,1,0.6367476
3,0,1,0.53589535
3,0,1,0.7945499
3,1,1,0.694343
3,0,1,0.7007788
3,0,1,0.6164082
3,0,1,0.6902419
3,1,1,0.7295101
3,0,0,0.110678665
3,0,0,0.18261318
3,1,1,0.7834414
3,0,0,0.17208381
3,1,1,0.6180823
3,0,0,0.1260621
3,0,0,0.33568767
3,1,1,0.8652891
3,1,1,0.6479532
3,1,1,0.6938474
3,0,1,0.5501078
3,0,0,0.41352564
3,0,0,0.35522822
3,0,0,0.058951877
3,0,0,0.3977386
3,1,1,0.69763356
3,0,1,0.53642297
3,1,1,0.8729633
3,1,1,0.76580477
3,1,1,0.75058806
3,0,0,0.15878001
3,1,1,0.6468974
3,0,0,0.40320393
3,0,1,0.73183966
3,1,1,0.8770083
3,1,0,0.38296154
3,0,0,0.45302176
3,0,0,0.1265621
3,1,1,0.78403276
3,1,1,0.5790655
3,1,1,0.66429573
3,1,1,0.75717425
3,0,0,0.39099953
3,0,1,0.67131656
3,0,0,0.45265862
3,1,1,0.7885757
3,0,1,0.61590356
3,0,1,0.59004915
3,1,1,0.687022
3,0,1,0.6590705
3,0,0,0.48888722
3,0,0,0.48704505
3,1,1,0.68796074
3,0,1,0.6513546
3,1,1,0.70205384
3,0,1,0.68736976
3,0,0,0.27103588
3,1,0,0.49811548
3,1,1,0.6501912
3,0,1,0.63932186
3,0,1,0.76803064
3,1,0,0.45678344
3,0,0,0.12866242
3,0,0,0.1106529
3,1,0,0.28761864
3,1,1,0.71100926
3,0,0,0.08963938
3,1,0,0.23292658
3,0,0,0.4525414
3,0,1,0.53145564
3,1,1,0.8040232
3,1,0,0.43551302
3,1,0,0.38570103
3,0,1,0.6724995
3,1,1,0.69190013
3,1,0,0.29134524
3,0,0,0.28967175
3,1,1,0.83712995
3,0,1,0.5743231
3,0,0,0.48113725
3,0,1,0.6654533
3,1,1,0.6208421
3,0,1,0.50988024
3,0,0,0.35474107
3,1,1,0.87852275
3,0,1,0.54154927
3,1,1,0.62487835
3,0,0,0.16124375
3,0,0,0.15510106
3,0,0,0.11499774
3,1,1,0.7885142
3,1,0,0.4954637
3,1,1,0.8294133
3,1,0,0.37303597
3,0,1,0.526422
3,1,0,0.39322683
3,1,1,0.6805061
3,0,1,0.5095653
3,0,0,0.4371774
3,1,0,0.17571354
3,0,1,0.51333404
3,0,1,0.6305934
3,1,1,0.6926644
3,1,0,0.4397585
3,0,0,0.46902552
3,0,1,0.6968193
3,0,1,0.6408479
3,1,1,0.8633442
3,1,1,0.62281126
3,0,0,0.35350716
3,1,1,0.5709799
3,0,0,0.30463925
3,0,1,0.5962538
3,0,1,0.7262989
3,0,0,0.35215348
3,0,0,0.17774491
3,1,0,0.15908532
3,1,1,0.76578
3,1,1,0.68020266
3,1,1,0.66869223
3,0,0,0.4720319
3,0,0,0.22924626
3,1,1,0.62583166
3,0,1,0.56111556
3,0,0,0.49860626
3,1,1,0.7305486
3,0,0,0.38172773
3,0,0,0.4912581
3,0,0,0.44121423
3,0,0,0.14585711
3,0,0,0.28510463
3,0,0,0.29799405
3,0,0,0.120871134
3,1,1,0.74298066
3,0,1,0.6058626
3,1,1,0.74266607
3,1,0,0.45405015
3,1,1,0.5782216
3,1,1,0.81881416
3,1,1,0.8456275
3,0,1,0.64391583
3,1,0,0.1470476
3,1,0,0.2668175
3,1,1,0.7707978
3,1,1,0.5465404
3,0,1,0.6775993
3,1,0,0.41678414
3,1,0,0.48788136
3,0,1,0.5606924
3,0,0,0.3172381
3,0,0,0.221607
3,1,1,0.84509104
3,0,1,0.6470038
3,0,0,0.1228599
3,0,0,0.14290853
3,1,0,0.40673387
3,0,1,0.59025633
3,0,1,0.73552173
3,0,1,0.58404493
3,0,0,0.25052345
3,0,0,0.12249986
3,0,0,0.48521146
3,1,1,0.87704486
3,1,1,0.5515231
3,1,1,0.7405804
3,0,1,0.5610187
3,1,1,0.64577377
3,0,0,0.28537714
3,0,0,0.1710012
3,0,0,0.2684606
3,1,1,0.68181276
3,1,1,0.59540886
3,0,1,0.6032865
3,0,0,0.32380775
3,0,0,0.14305978
3,0,1,0.8079715
3,1,1,0.7236068
3,0,1,0.64791346
3,1,0,0.40190354
3,0,0,0.10793103
3,1,0,0.14470747
3,1,1,0.67286015
3,0,1,0.5493493
3,1,1,0.7841524
3,1,0,0.09875234
3,1,1,0.6502118
3,0,0,0.20572639
3,0,0,0.20382003
3,0,1,0.7781983
3,0,1,0.6257555
3,1,1,0.5114425
3,0,1,0.6272513
3,0,0,0.15632673
3,0,1,0.71028715
3,0,0,0.30572298
3,0,0,0.08735881
3,1,1,0.7303974
3,1,0,0.39356056
3,0,0,0.1389535
3,1,0,0.3883977
3,1,1,0.8365711
3,1,1,0.687113
3,1,1,0.52338225
3,0,0,0.23790492
3,0,0,0.3665915
3,0,1,0.50043875
3,1,1,0.7551759
3,1,1,0.61878324
3,0,1,0.64395237
3,1,1,0.8393938
3,0,1,0.59248805
3,0,0,0.44889653
3,0,0,0.18039007
3,1,0,0.39196992
3,1,1,0.60215443
3,0,1,0.6396874
3,1,1,0.76627874
3,1,1,0.7824489
3,1,1,0.61158943
3,0,0,0.22245063
3,1,1,0.60090774
3,0,1,0.58428437
3,1,1,0.6348847
3,0,0,0.4528743
3,0,1,0.53228986
3,0,1,0.5275996
3,0,1,0.60532147
3,0,0,0.13651507
3,0,1,0.68963104
3,0,1,0.6921636
3,1,1,0.5805546
3,0,0,0.23601446
3,0,0,0.16570884
3,1,1,0.66895884
3,0,1,0.7690449
3,1,0,0.30122903
3,1,1,0.59698606
3,1,0,0.29936928
3,0,0,0.4851554
3,1,1,0.788803
3,1,1,0.6684023
3,1,1,0.6662599
3,0,0,0.42873657
3,0,1,0.58249336
3,1,1,0.6513234
3,1,1,0.5985239
3,0,0,0.4753208
3,0,1,0.656522
3,0,1,0.521889
3,1,1,0.73461485
3,0,1,0.6360735
3,0,1,0.52502066
3,1,1,0.623843
3,1,0,0.45029885
3,1,1,0.63394004
3,0,0,0.15291616
3,0,0,0.08182494
3,1,1,0.646801
3,0,0,0.14728168
3,1,0,0.31937692
3,1,0,0.3934955
3,0,0,0.36411136
3,1,1,0.82941484
3,1,1,0.6004015
3,1,0,0.27823085
3,0,0,0.2497537
3,0,1,0.77134126
3,1,1,0.67658466
3,1,0,0.31293064
3,0,0,0.16077746
3,1,1,0.76713914
3,1,1,0.5582811
3,1,0,0.45896062
3,0,0,0.11530775
3,0,0,0.16381274
3,0,0,0.25901678
3,0,0,0.16107996
3,0,1,0.65481097
3,0,1,0.6553428
3,1,0,0.30889308
3,1,0,0.46726632
3,0,0,0.40299952
3,0,0,0.14158083
3,1,0,0.23277809
3,0,0,0.23841384
3,0,0,0.47922555
3,1,1,0.73320657
3,1,0,0.49556696
3,1,1,0.82187456
3,1,1,0.6280832
3,1,1,0.7564752
3,0,0,0.3966138
3,1,0,0.43832406
3,0,0,0.10193412
3,0,1,0.7355631
3,0,0,0.1270117
3,1,0,0.48151362
3,0,1,0.65911543
3,1,1,0.6615585
3,1,0,0.35055074
3,0,0,0.31677452
3,0,1,0.7515011
3,1,0,0.40502277
3,0,0,0.19651838
3,1,1,0.7426138
3,0,1,0.6251864
3,0,0,0.12240241
3,0,0,0.1017872
3,1,1,0.66137856
3,1,0,0.13172741
3,0,0,0.085475504
3,1,1,0.76367134
3,1,1,0.7783813
3,1,1,0.7840127
3,0,0,0.11923054
3,0,0,0.1796745
3,0,0,0.19681771
3,0,0,0.21958295
3,0,0,0.1145324
3,0,0,0.3717238
3,1,0,0.18827103
3,0,0,0.40114155
3,0,0,0.092584565
3,0,1,0.64173216
3,0,0,0.47165552
3,0,0,0.28505728
3,1,1,0.5082282
3,1,0,0.20384017
3,1,1,0.69769835
3,1,1,0.89612615
3,0,0,0.43889785
3,1,1,0.7550286
3,0,1,0.65400267
3,0,1,0.7583466
3,0,0,0.27056745
3,0,0,0.17512387
3,0,1,0.66758734
3,1,1,0.75196207
3,1,0,0.35790128
3,0,0,0.23875758
3,1,1,0.623078
3,1,1,0.7017226
3,1,1,0.68640995
3,0,0,0.15822464
3,0,0,0.46697065
3,1,0,0.3683746
3,0,0,0.10615151
3,0,1,0.52527845
3,0,0,0.26493585
3,1,0,0.28201944
3,0,1,0.7449535
3,1,1,0.6790819
3,0,0,0.3940255
3,0,0,0.23796415
3,0,0,0.28836694
3,0,1,0.6152268
3,0,0,0.1176424
3,1,1,0.5099138
3,0,0,0.387384
3,0,0,0.44895884
3,1,0,0.091966026
3,1,1,0.86008424
3,1,0,0.09850305
3,1,0,0.117687725
3,0,0,0.26475304
3,1,1,0.5467718
3,0,0,0.097254045
3,1,1,0.830376
3,1,1,0.7107392
3,0,1,0.6781225
3,0,1,0.7076275
3,1,1,0.69009817
3,0,1,0.795365
3,1,1,0.65006614
3,1,1,0.72130054
3,0,1,0.63024306
3,0,1,0.66642666
3,0,1,0.7287982
3,0,1,0.5566954
3,1,1,0.6886984
3,1,0,0.49164224
3,1,0,0.26910245
3,0,0,0.32773164
3,0,0,0.36542794
3,1,0,0.331316
3,0,1,0.5326216
3,1,0,0.3835043
3,1,0,0.3918786
3,1,0,0.12693
3,1,1,0.75603366
3,0,0,0.426684
3,0,0,0.15972814
3,0,0,0.3274857
3,1,0,0.47188884
3,1,1,0.90674883
3,1,1,0.8228637
3,1,1,0.5948904
3,0,0,0.13980946
3,1,1,0.6908838
3,1,0,0.45347476
3,1,1,0.6094299
3,0,0,0.41191602
3,0,0,0.1273457
3,0,0,0.2458791
3,1,0,0.19495869
3,1,1,0.7174348
3,1,1,0.64741534
3,1,1,0.5542125
3,0,0,0.19585316
3,0,1,0.6485208
3,0,0,0.4276233
3,0,1,0.73569685
3,0,0,0.068368584
3,0,0,0.14764795
3,0,0,0.13745055
3,0,0,0.105281256
3,0,0,0.43482852
3,0,0,0.15084614
3,1,0,0.35319963
3,0,0,0.123274975
3,1,0,0.40575156
3,1,0,0.23831297
3,1,1,0.75960845
3,1,1,0.77073157
3,1,1,0.71752197
3,0,0,0.33281615
3,0,1,0.5272465
3,1,1,0.8713083
3,1,1,0.68201715
3,1,0,0.34029424
3,0,0,0.43110013
3,1,1,0.600359
3,1,1,0.508047
3,0,1,0.5453312
3,0,0,0.4872759
3,1,1,0.94613713
3,1,1,0.6511314
3,1,1,0.7100315
3,1,1,0.56456184
3,0,1,0.64107835
3,1,1,0.8606017
3,1,1,0.80496496
3,1,1,0.7051706
3,1,1,0.721206
3,0,1,0.52062374
3,0,1,0.53079855
3,0,1,0.6004784
3,0,0,0.17821182
3,0,0,0.4344506
3,1,0,0.49669892
3,0,1,0.72701514
3,0,0,0.4906677
3,0,0,0.29375398
3,0,1,0.6440097
3,1,1,0.59108937
3,0,0,0.45246637
3,1,0,0.32280746
3,1,0,0.27028582
3,0,0,0.46111992
3,0,0,0.3745878
3,1,0,0.30774358
3,0,0,0.18367238
3,1,0,0.3422252
3,0,0,0.19415043
3,0,0,0.31475234
3,1,0,0.27815083
3,0,0,0.4830591
3,0,0,0.17626703
3,1,1,0.5472876
3,1,1,0.52632713
3,0,0,0.29270855
3,1,0,0.28822356
3,0,1,0.5750129
3,1,0,0.37556335
3,1,0,0.37428698
3,0,0,0.119940326
3,0,0,0.18877697
3,0,0,0.107851036
3,1,1,0.62151706
3,0,0,0.14320695
3,0,0,0.1549546
3,0,0,0.114347205
3,1,1,0.7699405
3,1,0,0.45622066
3,1,1,0.7036009
3,0,1,0.5351114
3,1,1,0.5860995
3,1,1,0.6275485
3,0,1,0.50157404
3,1,0,0.46659392
3,1,1,0.6464273
3,0,0,0.48521
3,1,1,0.65860176
3,1,1,0.67554563
3,0,1,0.56001
3,1,1,0.557931
3,0,1,0.55214596
3,1,1,0.76237774
3,0,1,0.5325086
3,0,1,0.5997025
3,0,0,0.47241628
3,0,0,0.31645113
3,1,1,0.5824947
3,0,1,0.5612207
3,0,0,0.44188115
3,1,1,0.75300854
3,1,1,0.60914326
3,0,0,0.2993675
3,0,1,0.6048916
3,0,0,0.2958442
3,0,1,0.6466816
3,1,1,0.6909206
3,1,1,0.9647322
3,0,1,0.6207896
3,0,0,0.3860884
3,0,0,0.35324562
3,1,1,0.72808594
3,0,1,0.6894711
3,1,0,0.483516
3,0,0,0.20130858
3,0,0,0.07581816
3,0,0,0.08617936
3,1,1,0.7726402
3,0,0,0.20154238
3,1,0,0.23295179
3,1,0,0.14712745
3,1,0,0.27440286
3,0,0,0.4999837
3,1,1,0.88508207
3,1,1,0.8105953
3,1,1,0.711693
3,0,0,0.16686977
3,0,1,0.657457
3,0,1,0.78206885
3,0,1,0.7449196
3,0,1,0.6646676
3,1,0,0.2976352
3,1,1,0.67926484
3,0,1,0.59759235
3,0,1,0.63169426
3,1,1,0.7093684
3,1,1,0.8001523
3,0,0,0.2123882
3,1,0,0.355894
3,0,1,0.62218326
3,0,1,0.53665376
3,0,0,0.32338166
3,1,0,0.48626563
3,0,0,0.465651
3,0,0,0.32532382
3,1,1,0.62639934
3,1,1,0.5693844
3,1,1,0.82276124
3,1,1,0.6915228
3,1,1,0.6822575
3,0,0,0.14136535
3,1,0,0.3625187
3,0,1,0.5470237
3,0,1,0.5145544
3,0,1,0.50132227
3,1,0,0.42289716
3,0,0,0.33047768
3,0,0,0.24219827
3,0,1,0.76847875
3,1,1,0.5912522
3,1,1,0.58514553
3,1,1,0.68624437
3,1,1,0.6219698
3,1,0,0.118828066
3,0,0,0.25318137
3,0,0,0.18192253
3,0,1,0.6654194
3,0,1,0.6778924
3,0,1,0.5841527
3,0,1,0.6283434
3,1,1,0.6003635
3,1,1,0.5336795
3,1,0,0.4481762
3,0,1,0.5697207
3,0,0,0.45118415
3,0,0,0.47644666
3,0,0,0.40661317
3,1,1,0.7772143
3,0,1,0.77728534
3,1,1,0.59457767
3,0,1,0.6861016
3,0,1,0.72872764
3,1,0,0.4726944
3,1,1,0.6137936
3,0,0,0.44190085
3,1,1,0.8724143
3,1,1,0.8435783
3,0,1,0.5079263
3,0,0,0.07919591
3,0,0,0.12541102
3,1,1,0.6569677
3,1,1,0.67562646
3,0,0,0.46430928
3,1,1,0.6159563
3,0,0,0.19964556
3,0,0,0.44592717
3,0,0,0.158882
3,1,1,0.77650726
3,1,1,0.73532665
3,1,1,0.5467848
3,1,1,0.6735392
3,1,0,0.4604338
3,0,0,0.2440319
3,0,1,0.69647986
3,0,0,0.45378044
3,0,1,0.5505703
3,1,1,0.67949224
3,1,0,0.3154689
3,0,0,0.2993904
3,0,0,0.10746807
3,0,0,0.43039116
3,0,1,0.8681264
3,1,0,0.27216548
3,1,1,0.71050054
3,0,0,0.30312544
3,1,1,0.64527875
3,0,0,0.31582773
3,0,1,0.57529414
3,0,1,0.7550933
3,1,1,0.76374733
3,0,1,0.69509465
3,1,1,0.8831244
3,1,1,0.7985497
3,0,0,0.48372608
3,0,0,0.47498837
3,1,1,0.78474575
3,0,0,0.15672171
3,0,1,0.6345875
3,0,1,0.6021706
3,1,1,0.5844141
3,1,0,0.32399476
3,0,0,0.3818097
3,0,1,0.67634356
3,1,1,0.7478546
3,0,0,0.48960245
3,0,1,0.5769637
3,0,0,0.3718623
3,0,0,0.37473324
3,1,0,0.3079221
3,1,1,0.648539
3,1,1,0.8830862
3,1,1,0.66245425
3,0,1,0.52693725
3,0,0,0.36772278
3,1,1,0.8187233
3,1,1,0.77997243
3,0,1,0.71025413
3,1,1,0.74347234
3,0,1,0.6804424
3,1,0,0.36247087
3,1,1,0.59402764
3,1,1,0.7244745
3,1,1,0.5810351
3,0,1,0.6225185
3,0,1,0.857364
3,0,1,0.5301684
3,0,1,0.5534355
3,1,1,0.5730525
3,1,1,0.764127
3,1,1,0.7479253
3,0,1,0.7902438
3,1,1,0.84176683
3,1,1,0.6583334
3,1,1,0.9049474
3,1,0,0.49524385
3,1,0,0.45511994
3,0,0,0.32487467
3,0,0,0.20353639
3,0,1,0.5793781
3,0,1,0.70649284
3,1,1,0.6400815
3,0,0,0.1006837
3,1,1,0.5974306
3,1,1,0.76430947
3,1,1,0.7359107
3,1,1,0.5717323
3,0,1,0.6006081
3,1,1,0.71149033
3,0,1,0.56048894
3,1,0,0.26460174
3,0,0,0.3402392
3,0,1,0.7229455
3,1,0,0.437045
3,0,0,0.4620845
3,0,0,0.48159096
3,0,0,0.47346655
3,0,0,0.13903876
3,1,0,0.47232684
3,0,0,0.3023217
3,1,0,0.38908687
3,0,0,0.4944285
3,0,0,0.36167175
3,0,0,0.4200075
3,1,0,0.19271329
3,1,0,0.2714881
3,0,1,0.5224865
3,0,0,0.138309
3,0,0,0.036529377
3,0,0,0.48291874
3,0,0,0.18723658
3,0,0,0.15253034
3,1,0,0.42464557
3,1,0,0.29033893
3,1,1,0.5154352
3,1,0,0.4548971
3,1,0,0.2799875
3,1,1,0.91435695
3,1,1,0.5315509
3,0,1,0.67031723
3,1,0,0.16666384
3,0,1,0.7594152
3,1,0,0.44799283
3,1,1,0.676426
3,1,1,0.5830066
3,0,0,0.13386199
3,1,1,0.66927487
3,1,1,0.5400263
3,1,1,0.87614644
3,1,0,0.31100702
3,1,1,0.7411584
3,1,0,0.2978523
3,1,1,0.6419869
3,1,1,0.72180635
3,0,0,0.15387756
3,0,0,0.18432905
3,0,0,0.14088525
3,0,0,0.111240245
3,0,0,0.074706666
3,0,1,0.70616347
3,0,0,0.30860627
3,1,0,0.35907078
3,0,0,0.4094415
3,0,0,0.076730065
3,0,0,0.20617245
3,1,1,0.7575978
3,1,1,0.77412015
3,0,1,0.65212053
3,0,0,0.4496988
3,1,1,0.7424106
3,1,1,0.682718
3,0,1,0.6930289
3,1,1,0.72093266
3,1,1,0.7386687
3,0,1,0.65952605
3,0,1,0.7977596
3,1,1,0.5004576
3,0,0,0.38586223
3,0,1,0.5699409
3,0,1,0.5295155
3,1,0,0.49448296
3,0,1,0.678934
3,0,1,0.84672683
3,1,1,0.8118373
3,1,1,0.76391596
3,0,1,0.69091755
3,0,1,0.65246207
3,1,1,0.760006
3,1,1,0.7909874
3,0,1,0.70288485
3,0,1,0.72057605
3,1,1,0.65359765
3,0,1,0.7891293
3,0,1,0.5141347
3,1,1,0.5305447
3,0,1,0.6317378
3,0,1,0.7680967
3,1,1,0.61577666
3,1,1,0.6431087
3,1,1,0.66316867
3,1,1,0.81948346
3,1,1,0.69872475
3,0,1,0.64755625
3,0,1,0.5597586
3,1,1,0.5435544
3,1,1,0.61562157
3,1,1,0.744504
3,1,1,0.57991856
3,1,1,0.65680355
3,0,1,0.79841876
3,1,1,0.6912444
3,0,1,0.5777584
3,1,1,0.58635294
3,0,1,0.6945275
3,0,1,0.62242764
3,1,1,0.6291431
3,0,1,0.57468224
3,0,1,0.6391941
3,0,0,0.11720077
3,0,1,0.85700023
3,1,1,0.5714231
3,0,0,0.4644513
3,0,1,0.7595376
3,1,0,0.48647568
3,1,0,0.2750961
3,0,1,0.5618787
3,1,1,0.55292004
3,0,0,0.3963466
3,0,0,0.08438865
3,1,1,0.68341345
3,1,1,0.6367734
3,1,1,0.53523463
3,1,1,0.5037138
3,0,0,0.3950017
3,0,1,0.57288826
3,0,1,0.65119195
3,0,1,0.6017622
3,1,1,0.7141986
3,0,1,0.81677705
3,0,1,0.71452427
3,1,1,0.73214406
3,1,1,0.7660385
3,1,1,0.65987355
3,1,1,0.5488168
3,1,1,0.60055923
3,1,1,0.6715747
3,1,1,0.800379
3,0,1,0.61543345
3,1,1,0.5426834
3,1,1,0.62812054
3,1,1,0.51892644
3,0,1,0.6242111
3,0,1,0.5199397
3,0,1,0.6496558
3,0,0,0.33134952
3,0,0,0.40811026
3,0,1,0.8231884
3,1,1,0.5624059
3,0,0,0.2382338
3,0,0,0.1349375
3,1,1,0.60460496
3,1,1,0.5700129
3,1,1,0.7990532
3,1,1,0.7482369
3,1,0,0.4902772
3,0,0,0.08226129
3,0,1,0.73682684
3,0,1,0.51012075
3,0,1,0.6350643
3,0,1,0.76190907
3,1,1,0.5800555
3,1,0,0.4820041
3,0,1,0.5918017
3,0,0,0.421171
3,0,0,0.33295497
3,1,1,0.8495087
3,1,0,0.4592961
3,0,1,0.67881495
3,0,0,0.15876786
3,0,1,0.6328871
3,0,0,0.43239078
3,0,1,0.5728705
3,0,0,0.11203163
3,0,0,0.19810957
3,0,1,0.57696766
3,0,1,0.5729212
3,1,1,0.6323835
3,1,0,0.28790155
3,1,1,0.6583149
3,0,1,0.5814037
3,0,1,0.60433704
3,0,0,0.06863924
3,1,1,0.7514751
3,1,1,0.7630454
3,1,1,0.6546492
3,1,1,0.91482663
3,0,1,0.69324595
3,0,1,0.67290217
3,0,0,0.07441922
3,1,1,0.5746263
3,0,1,0.51800585
3,0,0,0.3808051
3,1,1,0.77440655
3,0,1,0.71634674
3,0,0,0.48030505
3,0,1,0.6633073
3,1,1,0.69234693
3,0,1,0.515544
3,1,1,0.6347938
3,0,1,0.5798617
3,1,1,0.5696211
3,0,1,0.7151892
3,0,1,0.6667279
3,1,1,0.66896933
3,0,0,0.45069158
3,1,1,0.67348105
3,1,1,0.73794544
3,1,1,0.7498842
3,1,1,0.65107274
3,0,0,0.35443085
3,0,1,0.65035784
3,1,1,0.61715657
3,1,1,0.7489998
3,0,1,0.5878759
3,1,1,0.60200167
3,0,0,0.48818633
3,0,1,0.5730677
3,1,1,0.505802
3,0,0,0.43047574
3,1,1,0.62767386
3,0,0,0.30418766
3,1,1,0.68858284
3,0,0,0.483423
3,0,0,0.14869097
3,1,1,0.66183704
3,1,1,0.5099589
3,0,1,0.6155847
3,0,1,0.62315536
3,0,0,0.43122858
3,1,0,0.4402384
3,0,0,0.3650479
3,0,0,0.42948592
3,1,1,0.8500949
3,1,1,0.71028924
3,1,0,0.36283496
3,0,0,0.23633559
3,1,1,0.80107415
3,0,0,0.36952886
3,1,1,0.5562066
3,0,0,0.32243827
3,0,0,0.10203052
3,1,0,0.45115533
3,0,0,0.45415026
3,1,1,0.6677491
3,0,1,0.7208261
3,1,1,0.800379
3,1,1,0.65764344
3,1,1,0.6678837
3,0,0,0.40761828
3,1,1,0.6360482
3,0,0,0.46525553
3,0,0,0.32233447
3,0,0,0.29068437
3,0,0,0.32288796
3,0,0,0.20854837
3,0,0,0.38389102
3,1,1,0.65664387
3,1,1,0.7298764
3,1,1,0.6259817
3,1,1,0.7917218
3,0,0,0.252208
3,1,1,0.51695305
3,0,0,0.2549647
3,0,1,0.620743
3,1,1,0.7619211
3,0,0,0.40789753
3,0,0,0.48958257
3,0,0,0.18385793
3,0,0,0.07645563
3,1,1,0.7900192
3,1,1,0.8840568
3,1,1,0.87017536
3,0,0,0.36177707
3,0,0,0.089893915
3,1,1,0.69676405
3,0,0,0.4712499
3,1,1,0.6161875
3,1,0,0.3606701
3,1,1,0.91922456
3,1,1,0.6332196
3,0,0,0.27105296
3,1,0,0.4888327
3,1,1,0.52465904
3,0,1,0.6163563
3,0,1,0.6167791
3,0,1,0.66366935
3,0,1,0.5617548
3,0,0,0.14431019
3,1,1,0.6086289
3,1,1,0.7130735
3,1,0,0.49885723
3,0,0,0.17607199
3,0,0,0.35101864
3,0,0,0.13166249
3,0,0,0.07200071
3,1,0,0.09052043
3,1,1,0.88199556
3,1,0,0.4402446
3,1,1,0.707393
3,0,1,0.66158825
3,1,1,0.73418194
3,0,1,0.5104767
3,1,1,0.82104695
3,1,1,0.63083863
3,0,0,0.2989637
3,0,0,0.27275428
3,1,1,0.69157284
3,1,1,0.52948415
3,0,0,0.4199629
3,1,1,0.5038482
3,0,1,0.5029227
3,0,1,0.5192324
3,1,1,0.83664936
3,1,1,0.5377365
3,1,1,0.76249653
3,0,0,0.25043237
3,1,1,0.77395576
3,1,1,0.6708454
3,0,1,0.8244447
3,0,1,0.6429341
3,1,1,0.7385283
3,0,1,0.60170436
3,1,1,0.8013448
3,0,1,0.6751413
3,1,1,0.72925496
3,0,0,0.10614782
3,1,1,0.71807253
3,0,0,0.40176982
3,0,0,0.17055732
3,1,1,0.54038095
3,0,1,0.54894847
3,0,0,0.17776792
3,1,1,0.74296194
3,0,0,0.45776108
3,1,1,0.64463896
3,0,1,0.57258636
3,0,0,0.45661816
3,0,0,0.45027006
3,0,1,0.5116285
3,1,1,0.5497372
3,1,1,0.5224713
3,1,1,0.5984523
3,1,1,0.55580443
3,0,1,0.5777161
3,1,0,0.111558445
3,0,0,0.07207447
3,0,0,0.44063982
3,1,0,0.48029518
3,0,1,0.54932004
3,1,1,0.5478399
3,1,1,0.7970692
3,0,1,0.54301167
3,1,1,0.7821051
3,0,1,0.645386
3,1,1,0.64849216
3,0,0,0.2916452
3,0,0,0.47702944
3,1,1,0.6896209
3,1,1,0.68307483
3,1,1,0.73411596
3,0,1,0.5307696
3,0,1,0.5603496
3,1,1,0.6716669
3,0,0,0.46863487
3,1,1,0.777522
3,1,1,0.54649574
3,0,1,0.673664
3,0,1,0.5697207
3,0,0,0.45118415
3,0,0,0.47644666
3,0,0,0.40661317
3,1,1,0.8776507
3,1,1,0.5163146
3,0,0,0.44268236
3,1,0,0.44685698
3,1,1,0.63566494
3,0,1,0.5857807
3,0,0,0.44683972
3,1,1,0.7133915
3,0,1,0.77496743
3,0,0,0.44898796
3,0,0,0.20103912
3,1,1,0.7791938
3,0,1,0.570285
3,1,1,0.710577
3,1,1,0.6945948
3,0,1,0.5500365
3,0,0,0.44320187
3,0,0,0.44968718
3,1,1,0.6299535
3,1,1,0.58548695
3,1,1,0.61680984
3,0,1,0.54992735
3,0,1,0.60851586
3,0,1,0.561971
3,1,1,0.5596611
3,1,1,0.59922564
3,1,1,0.754821
3,0,1,0.66979694
3,0,0,0.34119096
3,1,1,0.57074076
3,1,1,0.5255374
3,0,1,0.6104554
3,0,0,0.36419776
3,1,1,0.6965019
3,1,0,0.49444252
3,1,1,0.6140276
3,0,0,0.48861954
3,1,1,0.53279597
3,0,1,0.6142775
3,0,0,0.47796878
3,0,0,0.32014486
3,0,0,0.49985075
3,0,1,0.8796414
3,1,1,0.86174405
3,1,1,0.6383166
3,0,0,0.08228172
3,0,0,0.39725605
3,1,1,0.6340672
3,0,0,0.44692114
3,0,0,0.43427098
3,0,0,0.23986538
3,1,1,0.8498915
3,0,0,0.3362934
3,1,0,0.4912725
3,0,0,0.41162863
3,1,1,0.7457143
3,0,1,0.77404475
3,1,1,0.73077685
3,0,1,0.590737
3,1,0,0.3108705
3,1,1,0.6434569
3,0,1,0.712601
3,1,1,0.5370445
3,0,0,0.4563638
3,1,1,0.6661492
3,0,1,0.6867522
3,0,1,0.51660156
3,0,0,0.31771132
3,0,0,0.12441013
3,0,1,0.64096725
3,0,1,0.50351185
3,0,0,0.39124197
3,0,1,0.58948183
3,1,0,0.36052978
3,0,0,0.16093002
3,1,1,0.52311784
3,1,1,0.58972865
3,0,1,0.6421905
3,1,0,0.16464943
3,0,0,0.25957903
3,1,0,0.401517
3,1,0,0.108759016
3,1,1,0.7680895
3,1,1,0.6546392
3,0,1,0.5930855
3,1,0,0.29628325
3,1,0,0.42455387
3,1,1,0.8165535
3,0,1,0.5651538
3,0,1,0.52551186
3,1,1,0.5759185
3,1,1,0.5436952
3,0,0,0.12556952
3,1,0,0.20795181
3,0,1,0.70146155
3,0,1,0.5808
3,0,0,0.420316
3,0,0,0.09753326
3,1,0,0.36454883
3,1,0,0.2386917
3,0,0,0.17055215
3,0,0,0.153639
3,0,0,0.07516314
3,1,0,0.10558843
3,1,1,0.72955
3,1,1,0.6588789
3,0,1,0.6226595
3,0,1,0.6412227
3,1,1,0.6155411
3,0,0,0.37271735
3,0,0,0.22856657
3,1,0,0.17709926
3,0,0,0.15215027
3,1,1,0.74497384
3,0,1,0.5060029
3,0,0,0.15235323
3,0,0,0.123405606
3,1,0,0.42779836
3,0,0,0.15443458
3,1,1,0.66569227
3,1,1,0.5703158
3,1,1,0.6281748
3,1,1,0.5014588
3,0,1,0.5490208
3,0,1,0.6810765
3,0,1,0.5963331
3,0,0,0.334808
3,0,0,0.17482892
3,0,0,0.193583
3,1,1,0.89307255
3,1,1,0.6113482
3,1,1,0.5296002
3,0,1,0.6700892
3,1,1,0.60882807
3,1,1,0.7366989
3,1,1,0.61172676
3,0,1,0.65978855
3,0,1,0.55657595
3,0,1,0.762545
3,0,0,0.48233658
3,0,0,0.1377141
3,1,0,0.13643987
3,1,1,0.6986732
3,0,1,0.66121894
3,0,1,0.6080566
3,1,1,0.7028478
3,1,1,0.64401704
3,0,1,0.606672
3,0,0,0.39900902
3,0,0,0.20606528
3,1,1,0.5722903
3,0,0,0.30598173
3,0,1,0.56756085
3,1,0,0.23118636
3,1,0,0.24166681
3,1,0,0.31887722
3,0,0,0.3998983
3,0,0,0.44959176
3,0,0,0.16147518
3,1,1,0.70172155
3,0,0,0.44460946
3,1,1,0.6612808
3,1,1,0.6385689
3,0,1,0.5298928
3,1,1,0.50697523
3,1,0,0.32951233
3,0,0,0.21382935
3,0,0,0.30716765
3,0,0,0.29961184
3,0,0,0.24543357
3,0,0,0.0736487
3,1,1,0.7329347
3,0,1,0.6799828
3,0,1,0.600479
3,1,1,0.50142217
3,1,1,0.54363805
3,0,1,0.5161004
3,0,1,0.53204
3,1,1,0.78471154
3,0,1,0.5393175
3,1,0,0.43596536
3,0,0,0.10185849
3,0,0,0.10673071
3,0,0,0.44875428
3,0,0,0.08086418
3,1,1,0.7371759
3,1,0,0.34627974
3,0,0,0.19450712
3,0,0,0.18031591
3,0,1,0.60452735
3,1,1,0.71273357
3,1,0,0.34054732
3,1,0,0.23682877
3,0,0,0.0729664
3,0,0,0.09447164
3,0,0,0.16924646
3,0,0,0.21364443
3,1,1,0.8470388
3,1,1,0.79313296
3,1,1,0.5899107
3,1,0,0.4733869
3,0,0,0.34002444
3,0,0,0.15357901
3,0,0,0.11080174
3,1,1,0.6453075
3,1,1,0.58970916
3,1,1,0.6391251
3,0,0,0.12053817
3,0,0,0.15400332
3,1,1,0.83021855
3,0,1,0.61921906
3,0,0,0.23534061
3,0,0,0.34101513
3,0,0,0.2801553
3,1,1,0.5466651
3,1,1,0.81589824
3,0,0,0.15653789
3,1,1,0.65091974
3,0,0,0.06191904
3,0,1,0.57683986
3,0,0,0.24882585
3,0,0,0.39175126
3,0,0,0.07053308
3,1,1,0.5122627
3,1,1,0.8071337
3,0,1,0.62730825
3,1,1,0.73116654
3,0,0,0.2503753
3,0,1,0.65966994
3,0,0,0.43212038
3,1,1,0.5011673
3,1,1,0.693606
3,0,1,0.72308815
3,1,0,0.3190821
3,0,0,0.49079853
3,0,1,0.52718174
3,1,1,0.7427354
3,0,0,0.26754203
3,0,0,0.10096957
3,0,0,0.26516587
3,0,1,0.64515185
3,1,1,0.6613865
3,0,0,0.06776289
3,1,1,0.7803489
3,1,1,0.7767185
3,1,1,0.5723956
3,1,0,0.4598689
3,0,0,0.1485936
3,0,0,0.19964695
3,0,0,0.21750976
3,1,1,0.7589333
3,1,1,0.64016527
3,0,1,0.53235847
3,0,1,0.65912336
3,1,1,0.62211853
3,0,0,0.3089814
3,0,0,0.1428152
3,0,0,0.36316857
3,1,1,0.5820818
3,1,1,0.8418684
3,1,1,0.6137192
3,0,0,0.2459831
3,0,0,0.09076513
3,1,0,0.16244541
3,0,0,0.11057578
3,1,1,0.60485274
3,0,1,0.605908
3,0,1,0.83012104
3,0,1,0.5197477
3,1,1,0.6037809
3,1,1,0.6050669
3,0,1,0.57774574
3,0,0,0.40416867
3,0,0,0.21491793
3,0,1,0.5370941
3,0,0,0.23005053
3,1,0,0.4933444
3,1,1,0.6062136
3,1,0,0.42972818
3,1,1,0.59228253
3,0,0,0.22435093
3,0,1,0.62818503
3,0,1,0.6916604
3,0,1,0.6431877
3,1,1,0.7088194
3,0,0,0.34079304
3,1,1,0.6025543
3,0,0,0.20237972
3,1,0,0.1368108
3,1,0,0.4192912
3,0,0,0.4402651
3,0,0,0.4986888
3,1,1,0.8039391
3,0,1,0.54596025
3,1,0,0.20313989
3,1,0,0.19448143
3,0,1,0.7159953
3,0,1,0.6847347
3,0,1,0.642108
3,0,0,0.18597752
3,0,0,0.44637713
3,0,0,0.3044683
3,1,1,0.54896826
3,0,1,0.66961604
3,1,1,0.5187211
3,1,0,0.34829223
3,0,1,0.75218207
3,1,1,0.53830403
3,0,1,0.6070588
3,0,0,0.18269554
3,0,0,0.22661904
3,0,0,0.11410108
3,1,1,0.65537935
3,0,0,0.48775473
3,0,1,0.5696086
3,1,1,0.5266879
3,1,1,0.5352508
3,0,0,0.36981827
3,1,1,0.8457657
3,1,0,0.37231594
3,0,1,0.568875
3,0,0,0.12385192
3,0,0,0.081495084
3,0,0,0.24235328
3,1,1,0.6693196
3,1,0,0.27195334
3,0,0,0.34650588
3,1,1,0.7395392
3,1,0,0.34839183
3,1,0,0.3561149
3,1,0,0.13405243
3,0,0,0.18353769
3,1,1,0.67569876
3,0,0,0.46789187
3,0,0,0.28261092
3,0,0,0.34060904
3,0,0,0.2529733
3,0,0,0.09381944
3,0,1,0.6638665
3,0,0,0.16391195
3,1,1,0.8076656
3,0,1,0.72691077
3,0,1,0.5876422
3,1,0,0.47783232
3,0,0,0.46715504
3,1,1,0.7045619
3,0,1,0.66532826
3,1,1,0.5809238
3,0,1,0.52931786
3,0,0,0.14997075
3,1,1,0.5540746
3,0,1,0.69769806
3,0,0,0.2592647
3,1,0,0.28027508
3,1,0,0.077865355
3,0,1,0.6308854
3,1,1,0.7625225
3,0,1,0.5939007
3,0,0,0.24108803
3,1,0,0.128691
3,0,0,0.20974621
3,1,0,0.11266986
3,1,1,0.6848863
3,1,0,0.10980485
3,1,0,0.30024675
3,0,0,0.1163504
3,0,0,0.30724582
3,0,0,0.1822524
3,0,1,0.57353157
3,1,1,0.57451254
3,0,0,0.09809132
3,0,0,0.21797885
3,0,0,0.1253013
3,1,1,0.8432614
3,0,1,0.53116995
3,0,0,0.14590673
3,0,0,0.2984378
3,0,0,0.09151995
3,0,1,0.582772
3,0,1,0.6514083
3,0,0,0.44917208
3,1,1,0.60515815
3,1,1,0.68415123
3,1,0,0.4271146
3,1,1,0.63974893
3,1,1,0.8966128
3,1,1,0.65170574
3,0,1,0.6307657
3,0,0,0.30848324
3,1,1,0.6306847
3,0,0,0.24363035
3,1,1,0.64104605
3,0,1,0.65230864
3,1,1,0.79174966
3,0,1,0.57127506
3,0,1,0.56172407
3,1,1,0.6580056
3,1,1,0.5674652
3,0,1,0.526602
3,1,1,0.6820988
3,0,0,0.33669356
3,1,1,0.56857145
3,1,1,0.6557913
3,0,0,0.3347665
3,0,0,0.17841913
3,0,0,0.23204486
3,0,1,0.55761826
3,1,1,0.6542199
3,0,1,0.60004693
3,0,0,0.3622065
3,1,0,0.2489867
3,1,1,0.8232722
3,1,1,0.85086817
3,0,0,0.10368498
3,0,0,0.3474902
3,1,0,0.21722588
3,1,0,0.29913127
3,0,0,0.16400611
3,1,1,0.7752402
3,0,0,0.098866425
3,1,0,0.28723058
3,0,0,0.37747097
3,0,0,0.11908933
3,0,0,0.09749046
3,0,1,0.5304268
3,1,1,0.62799436
3,1,1,0.6987557
3,1,1,0.7439512
3,1,1,0.6920224
3,1,0,0.4755047
3,0,0,0.09030031
3,0,0,0.14450002
3,1,1,0.77957594
3,0,0,0.12315335
3,0,0,0.24678463
3,1,0,0.3507383
3,0,1,0.5654513
3,0,0,0.2080259
3,0,0,0.124431364
3,0,0,0.10993237
3,0,0,0.3175459
3,1,1,0.83515865
3,0,1,0.6682327
3,1,1,0.64074904
3,1,1,0.72449976
3,1,1,0.6771321
3,1,0,0.47545913
3,0,1,0.69714165
3,1,0,0.4517081
3,1,1,0.5385026
3,0,1,0.536287
3,1,1,0.71491224
3,1,1,0.57446116
3,1,0,0.4203869
3,0,1,0.6422612
3,1,1,0.6525298
3,1,1,0.5984713
3,1,1,0.7446396
3,1,1,0.64550483
3,0,0,0.32912293
3,1,1,0.6468128
3,0,1,0.5387117
3,1,1,0.5919773
3,1,1,0.6319048
3,1,1,0.65587014
3,0,0,0.27751702
3,0,1,0.5217406
3,1,0,0.4899599
3,0,0,0.2765653
3,1,1,0.72359604
3,0,0,0.46680164
3,0,1,0.66525966
3,1,1,0.6533193
3,1,1,0.6991085
3,1,1,0.60331327
3,1,1,0.653403
3,0,0,0.20353514
3,1,1,0.57713616
3,0,0,0.33177727
3,0,0,0.4487627
3,1,1,0.51036793
3,0,1,0.5992679
3,1,0,0.4106231
3,0,1,0.73444724
3,1,0,0.31586304
3,0,1,0.6474364
3,1,0,0.26033863
3,1,1,0.69099104
3,1,0,0.41338873
3,0,0,0.374971
3,1,1,0.7108948
3,1,1,0.66463464
3,1,1,0.682995
3,1,0,0.48382258
3,1,0,0.4153145
3,1,1,0.7006872
3,0,0,0.39690027
3,0,1,0.5715239
3,1,1,0.54013455
3,1,1,0.5493485
3,1,1,0.57865983
3,0,1,0.51846004
3,1,1,0.67788017
3,0,0,0.38222745
3,1,0,0.26409155
3,1,1,0.6672569
3,0,0,0.3276099
3,1,1,0.5842857
3,1,0,0.39889103
3,1,1,0.5640602
3,0,1,0.54786056
3,1,0,0.28180256
3,0,0,0.3938805
3,0,0,0.32208967
3,0,1,0.59601736
3,1,1,0.72076875
3,1,1,0.5721835
3,0,1,0.644902
3,1,0,0.45031008
3,1,1,0.61178386
3,0,1,0.571946
3,1,1,0.59404993
3,1,1,0.5892498
3,0,0,0.1179252
3,0,0,0.06437111
3,1,1,0.5833027
3,0,1,0.637694
3,0,1,0.56575775
3,1,1,0.68059903
3,1,0,0.16586968
3,0,0,0.1665051
3,0,1,0.59659755
3,0,0,0.46840417
3,1,1,0.7636515
3,0,0,0.09563365
3,0,0,0.357367
3,1,0,0.35499227
3,0,0,0.123868115
3,0,1,0.5457668
3,1,1,0.6133577
3,0,0,0.1768477
3,0,1,0.63230497
3,1,0,0.32492158
3,0,0,0.08473598
3,0,0,0.16659246
3,1,1,0.6539299
3,1,1,0.6801212
3,0,0,0.12819268
3,0,0,0.34397438
3,1,0,0.40451407
3,0,0,0.110737905
3,1,0,0.43978986
3,0,0,0.2137082
3,0,0,0.18095268
3,1,0,0.48810527
3,1,0,0.22603872
3,1,0,0.41868374
3,0,0,0.36150005
3,0,0,0.08167845
3,1,1,0.89254695
3,0,1,0.7058943
3,1,1,0.6825615
3,1,1,0.7137603
3,0,1,0.8380728
3,0,0,0.43502054
3,1,1,0.6843321
3,0,1,0.76534635
3,0,1,0.729188
3,0,1,0.65933394
3,0,0,0.3254207
3,1,1,0.62495786
3,1,1,0.66865605
3,0,0,0.22561489
3,1,0,0.47064075
3,1,1,0.7656289
3,1,1,0.66380167
3,0,1,0.54812604
3,0,0,0.33579418
3,0,1,0.6635801
3,1,1,0.6985073
3,1,1,0.6079267
3,1,1,0.5526885
3,1,1,0.6066625
3,0,1,0.6197577
3,0,1,0.56515634
3,0,1,0.6999602
3,0,0,0.077943966
3,1,0,0.4113922
3,0,0,0.08749387
3,0,0,0.12218224
3,0,0,0.47101134
3,0,1,0.536547
3,1,0,0.49467793
3,1,1,0.55516064
3,1,1,0.8448289
3,1,1,0.5651538
3,1,1,0.5436952
3,0,0,0.09537295
3,1,1,0.57812595
3,1,1,0.70146155
3,0,1,0.5808
3,0,0,0.420316
3,0,0,0.09753326
3,1,0,0.36454883
3,0,0,0.2386917
3,0,0,0.17055215
3,0,0,0.153639
3,0,0,0.07516314
3,0,0,0.10558843
3,1,1,0.5425273
3,0,0,0.30113026
3,1,0,0.3877867
3,0,0,0.38370442
3,0,0,0.39544964
3,1,1,0.5835719
3,1,0,0.20917445
3,1,0,0.22132549
3,0,0,0.12143059
3,0,0,0.22556402
3,1,0,0.43368992
3,1,1,0.60870206
3,0,0,0.40836832
3,1,0,0.41268334
3,1,0,0.18970105
3,0,0,0.14702892
3,1,0,0.29717016
3,0,0,0.11474284
3,0,0,0.24767826
3,0,0,0.19633752
3,1,0,0.3339992
3,1,1,0.518598
3,1,0,0.296767
3,0,0,0.10607585
3,0,0,0.38885963
3,0,0,0.21799925
3,0,0,0.18008298
3,0,0,0.11485745
3,1,0,0.36999714
3,0,0,0.24002221
3,0,0,0.2565575
3,0,1,0.54019505
3,1,1,0.89052016
3,1,1,0.57694864
3,1,1,0.6439302
3,1,0,0.43246612
3,1,1,0.51116896
3,0,1,0.5126944
3,1,1,0.5696759
3,1,1,0.66199994
3,1,0,0.34696192
3,0,1,0.6378735
3,1,1,0.62373495
3,1,1,0.67158365
3,1,1,0.64679927
3,0,0,0.29052854
3,1,1,0.70177585
3,1,1,0.5873964
3,1,1,0.68148136
3,0,0,0.40280977
3,0,1,0.6771419
3,1,1,0.8442116
3,1,1,0.70354444
3,1,1,0.7354079
3,0,0,0.39640042
3,1,1,0.6130042
3,1,1,0.5068779
3,0,1,0.54921883
3,0,1,0.5358845
3,0,1,0.5597844
3,0,1,0.65951747
3,0,0,0.17056948
3,0,0,0.26444095
3,1,1,0.6103364
3,1,1,0.7129074
3,1,1,0.7008846
3,0,0,0.35039753
3,1,0,0.21753088
3,1,1,0.50458044
3,1,1,0.7097474
3,0,1,0.6130447
3,0,0,0.42000654
3,0,1,0.64920604
3,1,0,0.4751688
3,1,0,0.33646798
3,0,1,0.8257568
3,1,1,0.5276371
3,0,0,0.36053842
3,0,1,0.61151165
3,0,1,0.5366354
3,0,0,0.4974047
3,1,1,0.70022213
3,0,0,0.490043
3,1,1,0.62231517
3,1,1,0.57586247
3,1,1,0.55191064
3,1,0,0.38255066
3,1,1,0.77365625
3,1,0,0.45872182
3,1,1,0.517293
3,0,0,0.3621183
3,0,0,0.45093662
3,1,0,0.40689796
3,1,1,0.63291264
3,0,0,0.28782374
3,1,1,0.8482314
3,0,0,0.06689198
3,0,0,0.45561844
3,1,0,0.43169037
3,1,1,0.7901834
3,0,0,0.15525374
3,1,0,0.26826754
3,1,1,0.8465704
3,0,0,0.38214654
3,0,0,0.11224506
3,0,1,0.53756577
3,0,0,0.4102722
3,1,1,0.5516506
3,0,1,0.5071075
3,0,1,0.6132598
3,1,0,0.31995213
3,0,0,0.25402334
3,1,1,0.7915843
3,1,1,0.6773729
3,1,1,0.62607074
3,1,1,0.599621
3,0,1,0.67570806
3,0,0,0.18129662
3,1,1,0.53560144
3,0,1,0.7361612
3,1,1,0.70457214
3,0,1,0.64245236
3,0,0,0.17100604
3,1,0,0.4982204
3,1,1,0.62432265
3,0,0,0.39066988
3,1,1,0.7692827
3,1,1,0.9021777
3,0,1,0.72696286
3,1,1,0.6785101
3,0,1,0.5703195
3,0,1,0.68441075
3,1,1,0.73229605
3,1,1,0.77571195
3,1,1,0.8122904
3,0,0,0.33777755
3,0,1,0.67154217
3,1,1,0.80916524
3,0,0,0.16752416
3,0,1,0.50908726
3,0,1,0.7217905
3,0,1,0.6762726
3,0,0,0.33702683
3,1,0,0.45983726
3,0,1,0.6498542
3,1,0,0.33711836
3,1,0,0.37959352
3,1,1,0.67444485
3,1,1,0.6077012
3,0,0,0.3165711
3,0,1,0.5474853
3,1,0,0.40311036
3,1,1,0.5372252
3,0,0,0.3158909
3,0,0,0.44703478
3,0,0,0.43263638
3,0,1,0.8402951
3,1,1,0.7006534
3,0,1,0.7937188
3,1,1,0.81590635
3,1,0,0.34414783
3,1,0,0.37047234
3,1,1,0.57811683
3,0,0,0.43399718
3,0,0,0.19805193
3,0,0,0.39498228
3,1,1,0.6757752
3,0,1,0.6041636
3,0,1,0.6812368
3,0,0,0.29346317
3,0,0,0.4340357
3,1,1,0.6893585
3,1,1,0.91162574
3,1,0,0.47712624
3,1,0,0.36250243
3,0,0,0.4518024
3,0,0,0.3973863
3,0,0,0.48108467
3,1,1,0.746158
3,0,0,0.42507654
3,1,0,0.22326604
3,1,1,0.5128575
3,1,1,0.6875869
3,1,1,0.6561871
3,1,0,0.38198242
3,0,0,0.40569326
3,0,0,0.23798819
3,0,0,0.31337658
3,1,0,0.29070717
3,1,1,0.6959606
3,0,1,0.75526273
3,0,0,0.4830882
3,0,1,0.5711113
3,0,1,0.52063996
3,0,0,0.24185862
3,0,0,0.35137242
3,1,1,0.583059
3,1,1,0.8042764
3,0,1,0.6053687
3,1,1,0.5215314
3,0,0,0.4777719
3,1,1,0.6800423
3,0,1,0.6141247
3,0,1,0.72506094
3,0,0,0.16482888
3,1,0,0.46414587
3,1,1,0.6453375
3,0,1,0.6198768
3,0,1,0.6625025
3,1,1,0.87463504
3,1,1,0.66186225
3,1,1,0.5118336
3,0,1,0.858071
3,0,0,0.40086937
3,1,1,0.5721882
3,0,0,0.3255225
3,1,0,0.48315325
3,0,0,0.37779063
3,1,1,0.7384368
3,0,1,0.51078725
3,1,0,0.42461735
3,1,1,0.5639744
3,0,0,0.4814815
3,0,1,0.6063561
3,0,0,0.2241969
3,0,0,0.35253173
3,1,1,0.6641259
3,0,0,0.4914815
3,0,0,0.37172815
3,1,1,0.5882315
3,0,0,0.47671357
3,1,1,0.50066197
3,1,0,0.4820445
3,1,0,0.35536426
3,1,1,0.7086698
3,0,0,0.38821518
3,0,1,0.7478613
3,0,0,0.2806943
3,1,1,0.83707154
3,0,0,0.19498566
3,1,1,0.8084211
3,0,1,0.57811683
3,1,1,0.7585134
3,1,0,0.4931632
3,1,0,0.36524922
3,1,0,0.49031818
3,0,1,0.5607239
3,0,1,0.518677
3,0,1,0.6041636
3,0,1,0.6812368
3,0,0,0.29346317
3,0,0,0.4340357
3,1,1,0.6893585
3,1,1,0.8329429
3,1,1,0.5444034
3,1,1,0.6849789
3,0,0,0.2630389
3,1,1,0.70795655
3,1,1,0.52914643
3,0,0,0.30266285
3,1,0,0.48464406
3,0,1,0.5837231
3,1,1,0.55746555
3,1,0,0.41232616
3,0,0,0.108203165
3,1,1,0.89810175
3,1,1,0.8325945
3,0,1,0.5702538
3,0,0,0.33322698
3,0,0,0.08667803
3,0,0,0.46079198
3,0,1,0.66088355
3,0,1,0.5713063
3,0,0,0.48757362
3,0,1,0.6722855
3,1,1,0.7421176
3,0,0,0.49528793
3,1,1,0.7151859
3,0,0,0.19018644
3,1,1,0.520094
3,0,1,0.6256928
3,1,0,0.3537898
3,1,0,0.4380196
3,0,0,0.2575057
3,0,0,0.3716514
3,0,1,0.75051606
3,0,0,0.28713393
3,1,1,0.80632156
3,0,0,0.20505086
3,1,1,0.6771318
3,0,0,0.33753482
3,1,1,0.7954794
3,1,0,0.3669628
3,0,0,0.48922318
3,1,1,0.6042492
3,1,1,0.5791169
3,0,1,0.6800482
3,0,0,0.41602287
3,1,1,0.76318455
3,0,1,0.62264985
3,1,1,0.69463474
3,0,1,0.6054065
3,0,1,0.7225176
3,1,1,0.5097497
3,0,0,0.497177
3,0,1,0.6188351
3,0,0,0.49105552
3,1,1,0.51863736
3,0,1,0.503259
3,1,1,0.90098655
3,1,1,0.7158322
3,1,0,0.485522
3,0,1,0.61753786
3,0,1,0.6776788
3,1,1,0.5142982
3,0,0,0.35919696
3,0,0,0.2850125
3,0,0,0.3905371
3,0,0,0.2354084
3,0,1,0.7065052
3,0,1,0.6731748
3,1,1,0.6358464
3,1,1,0.7496075
3,0,1,0.8024749
3,1,1,0.8572102
3,1,1,0.7356025
3,0,0,0.20441006
3,0,1,0.5222083
3,0,1,0.6720721
3,0,1,0.650365
3,1,1,0.7538205
3,0,1,0.58713114
3,0,0,0.48216036
3,0,1,0.7479858
3,1,0,0.43890554
3,1,1,0.62035984
3,1,1,0.7156879
3,1,1,0.56549835
3,1,1,0.7906794
3,1,1,0.54221696
3,0,1,0.556773
3,1,1,0.6216745
3,1,1,0.61021817
3,1,1,0.72023916
3,0,1,0.51884943
3,0,0,0.24000101
3,0,0,0.46937543
3,1,1,0.62210894
3,1,0,0.4815434
3,1,1,0.6112879
3,1,1,0.52506185
3,0,1,0.5168203
3,0,1,0.6820443
3,0,1,0.7862403
3,1,1,0.8712152
3,0,1,0.6047055
3,1,1,0.90380216
3,1,1,0.800161
3,0,1,0.58211935
3,0,0,0.4387489
3,0,0,0.28037456
3,0,1,0.6882618
3,0,1,0.71052074
3,1,1,0.8327531
3,1,1,0.8299567
3,0,0,0.33520597
3,1,1,0.8871265
3,0,1,0.54474324
3,1,1,0.5729259
3,1,1,0.6917198
3,0,0,0.23934042
3,1,1,0.86512977
3,1,1,0.7033447
3,1,1,0.6206407
3,1,1,0.71597344
3,0,1,0.7366169
3,0,1,0.55733263
3,1,1,0.6782258
3,0,1,0.67779756
3,0,1,0.7004996
3,0,0,0.35278195
3,1,0,0.37564418
3,1,1,0.5826347
3,1,1,0.6980874
3,1,1,0.82108456
3,0,0,0.424142
3,1,1,0.5984986
3,0,1,0.5963953
3,1,0,0.44223553
3,0,1,0.7227198
3,0,0,0.46080115
3,1,0,0.4415261
3,0,0,0.42372078
3,0,0,0.18721053
3,1,0,0.28795597
3,0,1,0.6971325
3,1,1,0.8443032
3,1,1,0.9162847
3,1,1,0.88806784
3,1,1,0.65288454
3,1,1,0.70921004
3,1,0,0.48321635
3,1,1,0.6670207
3,0,0,0.29289806
3,1,1,0.52014506
3,1,1,0.691139
3,1,0,0.2856392
3,0,0,0.2158477
3,0,0,0.11340484
3,1,0,0.46747258
3,0,0,0.35886994
3,0,0,0.2556727
3,0,0,0.32272547
3,1,1,0.53763187
3,1,0,0.28348592
3,0,0,0.39857608
3,0,0,0.12999651
3,0,0,0.21799019
3,1,1,0.6300005
3,1,1,0.6588577
3,0,0,0.34398136
3,0,0,0.2801413
3,1,1,0.7534231
3,1,1,0.7131885
3,1,1,0.52422
3,0,1,0.6159324
3,0,0,0.24517442
3,0,0,0.21681105
3,1,1,0.84018797
3,1,1,0.76893926
3,0,0,0.35922563
3,1,1,0.6855541
3,1,1,0.61969274
3,1,0,0.40471968
3,0,0,0.4845784
3,0,0,0.32881498
3,0,0,0.34539273
3,0,1,0.50644284
3,1,0,0.48326927
3,0,1,0.5198173
3,1,1,0.7936383
3,0,0,0.33947352
3,1,1,0.57892203
3,1,1,0.62649775
3,1,1,0.83556044
3,0,0,0.4540493
3,1,1,0.6671396
3,1,1,0.5291448
3,0,0,0.44011053
3,0,1,0.64856213
3,0,1,0.65725446
3,1,1,0.9287448
3,0,1,0.7050926
3,1,1,0.6642217
3,0,1,0.5617092
3,1,0,0.46451968
3,0,0,0.47044474
3,0,1,0.54863715
3,1,1,0.7499201
3,0,0,0.47438222
3,0,0,0.37503865
3,0,0,0.3408465
3,0,1,0.7778601
3,0,1,0.53741676
3,1,1,0.72463727
3,0,1,0.71703094
3,1,0,0.3264078
3,1,1,0.6637071
3,0,1,0.63916945
3,0,1,0.56499076
3,1,0,0.4517375
3,1,1,0.5309992
3,1,1,0.58756113
3,0,0,0.25686687
3,1,1,0.7390858
3,0,0,0.48727515
3,1,0,0.37611535
3,1,1,0.6622447
3,1,1,0.56647503
3,0,1,0.82471794
3,1,1,0.5825364
3,1,1,0.71741927
3,0,0,0.36676356
3,1,1,0.700753
3,1,1,0.6654456
3,0,1,0.5024706
3,0,1,0.75315994
3,0,0,0.35229847
3,0,0,0.29065672
3,0,1,0.5341115
3,0,0,0.24315701
3,0,1,0.6816757
3,0,1,0.61721814
3,0,1,0.6699327
3,0,1,0.6407411
3,0,0,0.41845024
3,1,1,0.8579372
3,0,1,0.5691043
3,0,1,0.7800097
3,1,1,0.6053304
3,0,0,0.17023392
3,0,1,0.5978052
3,0,0,0.41748
3,1,0,0.31771353
3,1,1,0.6894481
3,0,0,0.17902033
3,1,1,0.56879187
3,1,0,0.46648455
3,0,0,0.38604203
3,1,0,0.43811378
3,0,1,0.60826683
3,1,1,0.77559954
3,0,0,0.32624623
3,0,0,0.28407845
3,0,0,0.088701084
3,1,0,0.19736688
3,1,1,0.7201359
3,1,1,0.5996885
3,1,1,0.81929356
3,1,1,0.6850764
3,1,1,0.7417153
3,1,0,0.36226067
3,1,1,0.6046005
3,0,0,0.4505409
3,0,1,0.50493807
3,1,1,0.5183048
3,0,0,0.45234275
3,0,0,0.3294026
3,1,1,0.61038816
3,0,1,0.70244306
3,0,0,0.4546802
3,1,0,0.445359
3,0,1,0.57234406
3,0,1,0.5267206
3,1,1,0.7158694
3,1,0,0.48264098
3,1,1,0.67612034
3,0,0,0.32878196
3,1,0,0.3936576
3,0,0,0.31330824
3,1,0,0.43524095
3,1,0,0.2593217
3,0,0,0.24487035
3,0,1,0.6728302
3,1,1,0.6217001
3,1,0,0.46015924
3,1,1,0.52509433
3,0,1,0.53602296
3,0,0,0.43716586
3,0,0,0.35891047
3,0,1,0.58539987
3,0,0,0.42300236
3,0,1,0.514504
3,1,1,0.61573863
3,0,1,0.8193376
3,1,1,0.5076816
3,1,0,0.4595592
3,1,0,0.47583988
3,0,0,0.13952047
3,0,0,0.48933607
3,0,0,0.22898749
3,1,1,0.7792774
3,0,1,0.51881224
3,0,1,0.62945384
3,1,1,0.5807418
3,0,1,0.6041636
3,0,1,0.69816667
3,1,1,0.50235325
3,1,0,0.49766955
3,1,1,0.8676342
3,0,1,0.6709287
3,1,1,0.7097906
3,1,1,0.59029466
3,1,1,0.7903576
3,0,1,0.6926475
3,1,1,0.64886504
3,1,1,0.6890038
3,0,1,0.69176525
3,0,1,0.5384129
3,0,1,0.61718196
3,1,1,0.76927525
3,0,1,0.51192886
3,0,0,0.09937116
3,0,1,0.57820797
3,0,0,0.19768173
3,0,0,0.4431627
3,1,1,0.80891055
3,1,1,0.7610206
3,0,1,0.57638794
3,0,0,0.4758748
3,1,1,0.764387
3,0,1,0.6918233
3,1,1,0.81167763
3,1,1,0.64548874
3,1,1,0.57192564
3,0,1,0.5264269
3,0,1,0.54560274
3,1,0,0.48874807
3,0,0,0.38890928
3,1,0,0.3791952
3,1,0,0.15961792
3,0,0,0.3010072
3,0,1,0.5418443
3,0,1,0.749677
3,1,1,0.58154297
3,0,1,0.5959564
3,1,1,0.60666114
3,1,1,0.5287528
3,0,1,0.52465504
3,1,0,0.34106532
3,0,0,0.36837858
3,1,1,0.53419125
3,0,1,0.71877027
3,1,1,0.7323433
3,0,0,0.25768328
3,1,0,0.3990615
3,1,1,0.5880512
3,1,1,0.638431
3,0,1,0.51913023
3,0,1,0.54593104
3,0,0,0.44500315
3,1,0,0.42216444
3,0,0,0.08457703
3,0,1,0.6832207
3,1,1,0.53578055
3,1,0,0.2136632
3,0,0,0.48660615
3,1,1,0.6356809
3,1,1,0.83059746
3,1,0,0.23994876
3,0,0,0.35030538
3,0,0,0.48657656
3,0,0,0.4957512
3,0,1,0.50301504
3,0,0,0.37143964
3,1,0,0.4179352
3,1,1,0.6745871
3,0,0,0.28684154
3,0,0,0.21752128
3,1,1,0.7011395
3,1,0,0.347287
3,1,0,0.4795027
3,1,1,0.5777642
3,1,1,0.5283855
3,0,0,0.17545886
3,1,1,0.5048506
3,1,1,0.5831995
3,1,0,0.4196865
3,0,0,0.13125482
3,1,1,0.73475575
3,0,0,0.4494048
3,0,1,0.56426716
3,1,1,0.51907974
3,0,0,0.34721023
3,0,0,0.4513883
3,0,0,0.13740747
3,0,0,0.31591114
3,0,1,0.55427766
3,1,1,0.55886847
3,0,0,0.21203597
3,0,0,0.34381503
3,1,1,0.6965268
3,1,1,0.7041552
3,0,0,0.22426853
3,0,1,0.7162855
3,0,1,0.7068794
3,0,1,0.5193761
3,1,0,0.26036045
3,0,0,0.33608133
3,0,1,0.5523548
3,1,1,0.64086676
3,1,1,0.7514305
3,0,0,0.30404916
3,0,1,0.51183355
3,1,1,0.687601
3,0,1,0.59869504
3,1,1,0.55470216
3,0,0,0.105908565
3,0,0,0.26546422
3,0,1,0.55902666
3,1,1,0.64883524
3,0,0,0.4840685
3,1,0,0.44754252
3,0,1,0.5064486
3,1,1,0.5634267
3,0,1,0.699514
3,0,0,0.36464173
3,1,1,0.70573205
3,1,0,0.41809294
3,0,1,0.5364033
3,1,1,0.60123897
3,1,1,0.6193059
3,0,0,0.28403392
3,1,0,0.32150456
3,0,0,0.47592992
3,1,1,0.5812374
3,0,1,0.8361886
3,0,1,0.81151426
3,0,0,0.24661641
3,0,0,0.22531442
3,1,1,0.52690303
3,0,1,0.6370774
3,1,1,0.581242
3,1,1,0.59410626
3,1,1,0.6650061
3,0,1,0.85944945
3,1,1,0.7135143
3,0,1,0.66459876
3,0,1,0.745357
3,1,1,0.8844209
3,0,0,0.47151026
3,0,0,0.37016085
3,0,0,0.32328078
3,0,0,0.3292122
3,0,0,0.2827245
3,0,0,0.3026683
3,1,1,0.72669625
3,0,0,0.3908328
3,0,0,0.43841815
3,1,1,0.5933292
3,1,0,0.4762642
3,0,0,0.38737515
3,0,1,0.5101142
3,0,0,0.12897317
3,1,1,0.6777657
3,1,1,0.5612129
3,0,0,0.27371892
3,0,0,0.28719246
3,1,1,0.5040675
3,1,1,0.54509926
3,1,1,0.6400795
3,0,0,0.09737137
3,1,0,0.3058239
3,1,1,0.5148465
3,1,0,0.4612833
3,1,1,0.5759326
3,0,0,0.20615743
3,0,0,0.18035421
3,0,0,0.11631215
3,0,0,0.49107814
3,1,1,0.66157264
3,0,1,0.60322756
3,0,0,0.3238886
3,0,0,0.39719468
3,1,0,0.36654675
3,0,0,0.38392347
3,1,1,0.6815158
3,1,0,0.47100204
3,1,1,0.5664656
3,1,0,0.43989816
3,0,0,0.27953503
3,0,0,0.46031418
3,1,1,0.7088648
3,0,0,0.41863146
3,0,0,0.44263968
3,0,0,0.14231956
3,1,1,0.53261185
3,0,0,0.34215704
3,1,0,0.4200463
3,0,1,0.7534544
3,0,0,0.31826404
3,1,1,0.76326895
3,0,0,0.29773632
3,1,1,0.55814576
3,1,1,0.5401699
3,1,1,0.6810148
3,0,1,0.568794
3,1,0,0.40104777
3,0,1,0.550233
3,0,1,0.6097735
3,0,1,0.53052574
3,0,0,0.48979026
3,1,0,0.35839924
3,1,1,0.6229238
3,0,0,0.3927673
3,1,0,0.46913517
3,1,1,0.5826431
3,1,1,0.51834047
3,0,0,0.36660457
3,1,1,0.54019827
3,1,1,0.5854097
3,1,1,0.6124516
3,0,0,0.2798008
3,1,1,0.66187406
3,1,1,0.551715
3,1,0,0.3382491
3,0,0,0.31303334
3,1,0,0.4247428
3,0,0,0.14640039
3,1,0,0.42909214
3,0,1,0.61602616
3,0,0,0.4324619
3,1,0,0.4936369
3,0,0,0.22594199
3,0,0,0.2880992
3,0,0,0.46443784
3,0,0,0.47368968
3,0,1,0.65646905
3,0,0,0.38020268
3,0,0,0.21575011
3,0,0,0.19421826
3,0,0,0.32697803
3,0,0,0.48972306
3,1,0,0.41296008
3,0,0,0.45873097
3,1,1,0.7106857
3,1,1,0.6168884
3,1,1,0.6100029
3,0,1,0.549638
3,1,1,0.5739236
3,1,1,0.5719078
3,0,0,0.46075144
3,1,1,0.691389
3,1,1,0.55626005
3,1,1,0.72383696
3,0,0,0.2104173
3,0,0,0.09384591
3,1,0,0.405255
3,0,1,0.6089439
3,0,0,0.3265834
3,0,0,0.32669318
3,1,1,0.6923842
3,1,1,0.75108093
3,0,0,0.37620366
3,0,0,0.42606795
3,0,1,0.5574128
3,0,1,0.73394644
3,0,1,0.9121857
3,1,1,0.6803144
3,0,0,0.46324
3,1,0,0.27865282
3,1,1,0.629664
3,0,0,0.45714673
3,1,1,0.52630377
3,0,0,0.18539558
3,0,0,0.16374224
3,0,0,0.3050046
3,1,1,0.6756701
3,0,1,0.7299355
3,0,0,0.4392806
3,1,1,0.6383764
3,0,0,0.3476718
3,1,1,0.564129
3,1,1,0.5006264
3,0,0,0.22281304
3,0,0,0.08974081
3,0,0,0.17846629
3,1,1,0.60557765
3,0,0,0.40486816
3,1,1,0.5519718
3,0,0,0.23774002
3,1,0,0.39379898
3,0,0,0.14308839
3,1,1,0.5451395
3,0,1,0.5544567
3,0,1,0.8044953
3,0,0,0.3900061
3,1,0,0.33969635
3,0,0,0.48938537
3,0,1,0.80005145
3,0,0,0.20503828
3,1,1,0.6326473
3,0,0,0.4088142
3,1,1,0.7202142
3,1,0,0.3633425
3,1,0,0.445219
3,0,0,0.36686778
3,0,0,0.0977966
3,1,1,0.84171516
3,0,0,0.25811416
3,1,1,0.71975774
3,0,1,0.53837615
3,1,1,0.6687953
3,1,1,0.745863
3,0,1,0.6232445
3,1,1,0.7473033
3,1,1,0.513336
3,0,0,0.073789835
3,0,1,0.56328446
3,1,1,0.55285674
3,0,1,0.6397165
3,0,0,0.35925984
3,1,1,0.5496265
3,1,1,0.6794168
3,1,1,0.6654194
3,1,1,0.51549983
3,1,0,0.4203496
3,0,0,0.47813353
3,0,0,0.3769756
3,1,0,0.3051572
3,0,0,0.37769264
3,0,0,0.4131972
3,0,0,0.13226223
3,0,1,0.61967653
3,0,0,0.32881448
3,0,1,0.7129766
3,1,0,0.35606694
3,0,1,0.7606393
3,1,1,0.7274259
3,1,1,0.82593906
3,0,1,0.6612422
3,1,1,0.54143065
3,1,1,0.6527678
3,1,1,0.6688888
3,1,1,0.59896445
3,1,1,0.61964124
3,0,0,0.41526312
3,0,1,0.5297217
3,1,1,0.6900889
3,0,1,0.6761237
3,1,1,0.60398185
3,0,1,0.54052013
3,0,0,0.46093962
3,0,0,0.3042813
3,1,1,0.72694093
3,0,1,0.5338018
3,0,0,0.31852216
3,0,0,0.1334422
3,0,0,0.3160281
3,1,1,0.8059992
3,0,0,0.2606326
3,1,1,0.6698643
3,0,0,0.4870456
3,1,1,0.79583436
3,0,1,0.63925743
3,1,1,0.61515814
3,1,1,0.88324994
3,0,0,0.48579663
3,1,1,0.6843128
3,1,1,0.7154258
3,0,1,0.7543688
3,1,1,0.55137444
3,0,0,0.21516956
3,1,1,0.7901858
3,0,1,0.7498
3,0,1,0.52329105
3,1,1,0.5603279
3,1,1,0.64195853
3,1,0,0.36231968
3,1,0,0.31600124
3,0,0,0.44350737
3,0,0,0.26148444
3,1,0,0.45972273
3,1,0,0.33476487
3,0,0,0.36753237
3,0,0,0.40040413
3,0,0,0.34519738
3,0,0,0.22539994
3,0,1,0.50978404
3,0,0,0.23790541
3,1,1,0.5415951
3,1,0,0.39318126
3,0,0,0.19362111
3,0,0,0.44679788
3,0,0,0.4065063
3,0,0,0.37485087
3,1,0,0.44061393
3,1,1,0.5760273
3,0,0,0.3008919
3,0,0,0.1833867
3,0,1,0.6990244
3,1,0,0.4181235
3,1,0,0.19570267
3,1,1,0.85903156
3,1,1,0.5902611
3,1,1,0.7272639
3,1,1,0.7456012
3,1,1,0.7407005
3,0,0,0.18662046
3,1,1,0.6680374
3,0,0,0.40745476
3,0,0,0.45602652
3,1,1,0.58756435
3,0,0,0.15300933
3,1,1,0.6293304
3,1,1,0.5876987
3,1,1,0.9025667
3,0,0,0.12819812
3,0,0,0.49359646
3,0,1,0.5620004
3,0,0,0.44711378
3,1,0,0.42234787
3,0,1,0.52914625
3,0,1,0.60986775
3,1,1,0.5994827
3,1,0,0.46799603
3,1,1,0.5970887
3,0,0,0.43132886
3,1,0,0.49375468
3,0,0,0.21090025
3,1,0,0.3816725
3,0,0,0.4536098
3,1,1,0.6438953
3,1,1,0.52202487
3,0,1,0.59263074
3,0,0,0.49027324
3,1,1,0.6814942
3,0,1,0.7441135
3,0,0,0.49544457
3,1,1,0.6675031
3,1,1,0.52372336
3,1,0,0.4117758
3,1,0,0.45406178
3,0,1,0.6271592
3,0,1,0.5355067
3,0,0,0.30987352
3,1,0,0.44381842
3,1,0,0.46258977
3,0,0,0.3874525
3,0,1,0.51173687
3,0,0,0.06756428
3,0,0,0.47814783
3,1,0,0.39884627
3,0,0,0.4073162
3,0,0,0.36569434
3,1,0,0.35691524
3,0,0,0.27614754
3,1,1,0.7518991
3,1,1,0.57202184
3,1,0,0.49277154
3,0,0,0.41704947
3,1,1,0.58696806
3,0,0,0.35221437
3,1,1,0.50555515
3,1,1,0.50478834
3,0,0,0.40745476
3,0,0,0.4349297
3,1,0,0.44049418
3,1,1,0.5717358
3,1,1,0.52974445
3,0,0,0.4618396
3,0,0,0.1402058
3,1,1,0.88983583
3,0,0,0.34783372
3,0,0,0.23984388
3,0,0,0.4068025
3,1,1,0.64752024
3,1,1,0.6060897
3,1,0,0.4324287
3,0,0,0.46987596
3,1,1,0.52107126
3,0,0,0.16698998
3,1,0,0.3363349
3,1,1,0.66338825
3,1,0,0.4464746
3,0,0,0.4313312
3,1,1,0.5873755
3,0,1,0.58500916
3,0,0,0.19238402
3,1,1,0.5146628
3,1,1,0.63557446
3,0,0,0.15586513
3,0,0,0.3174376
3,1,1,0.6573494
3,0,1,0.5851586
3,1,1,0.6206498
3,0,0,0.3956537
3,0,0,0.43517563
3,0,1,0.68970186
3,1,1,0.67923063
3,0,1,0.78419876
3,0,1,0.756447
3,1,1,0.7203922
3,1,1,0.85515773
3,1,1,0.6783093
3,1,1,0.5885331
3,1,1,0.5364034
3,1,1,0.781386
3,1,0,0.35505024
3,1,0,0.42185548
3,0,1,0.8115348
3,1,1,0.79680955
3,1,1,0.6654732
3,1,0,0.40142918
3,0,0,0.18835615
3,0,1,0.52927864
3,0,0,0.46207243
3,1,1,0.5279773
3,0,0,0.47404101
3,0,1,0.72588456
3,0,0,0.4856881
3,0,1,0.62332594
3,1,1,0.72245723
3,1,1,0.79965615
3,1,1,0.7378937
3,1,1,0.51717824
3,0,1,0.73201525
3,1,1,0.80766094
3,1,1,0.66873336
3,1,1,0.72261417
3,1,1,0.73310196
3,0,1,0.6569495
3,0,0,0.29035082
3,0,1,0.6338864
3,1,1,0.8613016
3,0,0,0.19918552
3,0,1,0.7887136
3,0,1,0.57226413
3,0,1,0.7193893
3,1,1,0.67847604
3,1,1,0.6648437
3,1,1,0.62607616
3,1,0,0.3949762
3,0,1,0.529965
3,1,1,0.5091126
3,0,1,0.54682285
3,0,0,0.47858104
3,0,1,0.75109893
3,0,1,0.64437926
3,1,1,0.69495875
3,1,1,0.8186034
3,0,0,0.37564304
3,0,0,0.4626745
3,0,1,0.723508
3,1,1,0.54648733
3,1,1,0.9122563
3,1,1,0.79847187
3,0,0,0.25300542
3,1,0,0.39760014
3,1,1,0.82583165
3,0,0,0.21966475
3,0,0,0.277505
3,0,0,0.12089327
3,1,0,0.38034868
3,0,0,0.38318735
3,0,0,0.19932418
3,1,1,0.8900122
3,1,0,0.3820313
3,0,1,0.6035198
3,1,1,0.5784472
3,0,0,0.44475004
3,1,1,0.58503884
3,0,0,0.26659033
3,1,1,0.6145455
3,0,1,0.61905175
3,0,1,0.5491506
3,0,0,0.44000793
3,0,1,0.6247249
3,0,0,0.4839723
3,1,0,0.41699263
3,0,1,0.65033734
3,1,1,0.6720129
3,1,0,0.3634552
3,0,0,0.4135111
3,0,0,0.2138929
3,1,0,0.3269543
3,1,0,0.47098935
3,0,0,0.12120614
3,0,0,0.29888052
3,1,0,0.36561924
3,1,0,0.22467315
3,1,0,0.41340795
3,0,0,0.14254698
3,0,0,0.33750978
3,0,0,0.33324975
3,0,0,0.3404787
3,0,0,0.22324117
3,0,0,0.23561908
3,0,0,0.32313147
3,0,0,0.35602373
3,0,0,0.33779848
3,0,0,0.3739606
3,0,0,0.1822236
3,0,0,0.33340925
3,1,0,0.46369806
3,1,0,0.33979353
3,0,0,0.3492697
3,0,0,0.15148282
3,1,0,0.28674722
3,0,0,0.3724626
3,0,0,0.14876106
3,1,1,0.56695956
3,1,0,0.35627636
3,0,0,0.22928192
3,1,0,0.20873736
3,0,0,0.23867998
3,0,0,0.14390731
3,1,0,0.34792385
3,1,0,0.27737087
3,0,0,0.061944026
3,1,1,0.6380661
3,0,1,0.5074135
3,1,0,0.46117243
3,1,1,0.52754676
3,0,0,0.174628
3,0,1,0.515956
3,1,1,0.7127294
3,0,0,0.36879098
3,0,0,0.20652346
3,0,0,0.27302086
3,1,1,0.6609555
3,1,1,0.6235458
3,1,0,0.4439382
3,0,0,0.2669187
3,0,0,0.21765703
3,0,0,0.2762491
3,1,0,0.42064184
3,0,0,0.076944225
3,0,1,0.5158225
3,1,1,0.526534
3,0,1,0.5531388
3,0,0,0.42702997
3,0,0,0.12813014
3,1,1,0.68614376
3,1,0,0.36664814
3,0,0,0.31653854
3,1,1,0.6553309
3,0,0,0.17476976
3,1,0,0.44141555
3,1,1,0.58835024
3,0,1,0.5398616
3,0,0,0.48133293
3,1,0,0.47364423
3,1,0,0.37142915
3,0,0,0.11897356
3,1,0,0.47474802
3,0,0,0.20376158
3,0,0,0.073669456
3,0,0,0.42819965
3,0,1,0.64397055
3,1,1,0.66380304
3,1,0,0.22921248
3,1,1,0.69405097
3,1,0,0.35069194
3,0,0,0.06635976
3,0,0,0.09035764
3,0,0,0.14964636
3,1,1,0.76678604
3,0,0,0.40968376
3,1,0,0.45874393
3,1,0,0.44600224
3,1,1,0.7082775
3,1,1,0.7314328
3,1,1,0.53395146
3,0,1,0.51691407
3,1,0,0.4289336
3,0,1,0.67742133
3,1,1,0.7180969
3,1,1,0.7028406
3,0,0,0.12727891
3,0,1,0.5103727
3,1,1,0.7701666
3,1,1,0.6906889
3,0,1,0.56720865
3,0,0,0.40235633
3,0,1,0.50178057
3,0,1,0.6926227
3,0,0,0.4662632
3,1,1,0.5776057
3,1,1,0.5036693
3,0,0,0.20627235
3,1,0,0.34262633
3,0,0,0.19891788
3,0,0,0.4724018
3,1,1,0.692577
3,0,0,0.35149878
3,1,1,0.80842006
3,1,1,0.6859794
3,1,1,0.5669088
3,1,0,0.47334102
3,1,1,0.87001723
3,0,0,0.45801458
3,1,1,0.6515688
3,0,0,0.28230104
3,1,1,0.63024986
3,0,0,0.40279564
3,1,1,0.7608564
3,0,1,0.56927294
3,1,1,0.7880701
3,1,1,0.82447875
3,1,1,0.7951745
3,0,1,0.746113
3,0,1,0.57200366
3,1,1,0.9567417
3,0,1,0.77876914
3,1,1,0.731544
3,0,1,0.5537871
3,1,1,0.71923035
3,1,1,0.7667524
3,0,1,0.566182
3,1,1,0.8294583
3,1,1,0.53268397
3,1,1,0.7601577
3,1,1,0.88080674
3,0,1,0.51083136
3,1,1,0.7451431
3,0,1,0.6520188
3,0,0,0.4907129
3,0,1,0.70069915
3,1,1,0.52222097
3,1,1,0.6967269
3,1,0,0.3726834
3,0,1,0.6610224
3,0,0,0.41823876
3,0,0,0.38087106
3,0,0,0.35618535
3,0,1,0.538881
3,1,1,0.5434102
3,1,0,0.27353746
3,0,1,0.5008524
3,1,0,0.23476768
3,1,1,0.8796119
3,1,1,0.5618525
3,1,0,0.31907496
3,0,1,0.5521428
3,0,1,0.711159
3,1,1,0.54096466
3,1,1,0.8136044
3,0,0,0.08239036
3,0,1,0.60752445
3,1,1,0.55966735
3,1,0,0.29945698
3,0,0,0.45560116
3,1,0,0.40517986
3,1,0,0.3032841
3,0,0,0.37773165
3,1,0,0.46637285
3,0,0,0.17133471
3,0,0,0.12216059
3,0,1,0.5651491
3,0,0,0.40360734
3,0,0,0.08326729
3,1,0,0.35515693
3,0,0,0.1729332
3,1,1,0.67541933
3,1,0,0.3298616
3,1,0,0.43889803
3,0,0,0.24800867
3,0,0,0.4239626
3,1,0,0.40611678
3,0,0,0.388717
3,0,0,0.24673836
3,0,1,0.5038021
3,0,0,0.22506584
3,0,1,0.5409975
3,0,1,0.54580027
3,1,0,0.4275812
3,1,0,0.4369782
3,0,1,0.62627816
3,0,0,0.26230395
3,0,0,0.4306048
3,0,1,0.6249245
3,1,1,0.503768
3,0,0,0.3994933
3,0,0,0.42642456
3,1,1,0.62534976
3,1,0,0.43632945
3,1,1,0.61428726
3,0,0,0.348529
3,0,0,0.16746272
3,0,0,0.22940536
3,1,0,0.39930508
3,1,0,0.3464361
3,1,1,0.56071633
3,0,0,0.3856383
3,0,0,0.47741938
3,1,1,0.7897961
3,1,1,0.5422719
3,1,1,0.6149528
3,0,0,0.18243833
3,0,1,0.52034277
3,1,1,0.7297922
3,0,0,0.31695983
3,1,0,0.49213755
3,0,0,0.19867043
3,1,1,0.5596105
3,0,1,0.52995837
3,0,0,0.44707218
3,1,1,0.56000787
3,0,0,0.3734794
3,0,0,0.2579607
3,1,1,0.59396255
3,0,1,0.775997
3,0,0,0.44363138
3,1,1,0.57685286
3,1,0,0.26259997
3,0,0,0.12327631
3,0,0,0.32409555
3,1,1,0.69413
3,0,1,0.52973795
3,0,0,0.44308856
3,0,0,0.2341638
3,1,1,0.58757347
3,0,1,0.57218796
3,1,1,0.7167086
3,1,1,0.61456764
3,1,1,0.6656369
3,0,1,0.5749193
3,0,0,0.49701485
3,1,1,0.84842044
3,1,1,0.6092131
3,1,1,0.6337615
3,1,1,0.69669133
3,1,1,0.6002733
3,1,1,0.6206192
3,0,0,0.27964994
3,0,0,0.39915255
3,1,0,0.39318284
3,0,0,0.22391924
3,0,0,0.3678809
3,0,0,0.48562726
3,1,1,0.6997176
3,1,1,0.63888794
3,1,1,0.7018948
3,0,0,0.4061876
3,0,1,0.5183707
3,1,1,0.5301668
3,1,0,0.4386354
3,1,1,0.76627254
3,1,1,0.7421517
3,0,0,0.48995277
3,1,1,0.50830704
3,1,1,0.6568254
3,0,0,0.28173167
3,0,1,0.720963
3,1,1,0.6066457
3,1,1,0.6692906
3,1,1,0.6874608
3,0,0,0.475141
3,0,1,0.59487
3,0,1,0.6470274
3,1,1,0.77905434
3,1,1,0.7522728
3,0,0,0.322275
3,1,1,0.82155377
3,0,1,0.5799786
3,1,1,0.5926461
3,1,1,0.58643395
3,0,1,0.6603659
3,1,1,0.6617188
3,1,1,0.87875724
3,1,0,0.49344188
3,1,0,0.13646008
3,1,1,0.6814449
3,1,1,0.74188644
3,0,0,0.37276646
3,1,1,0.6041601
3,0,1,0.54169744
3,1,1,0.66112626
3,0,1,0.689613
3,0,0,0.4190191
3,1,1,0.6402212
3,1,0,0.48800784
3,0,0,0.20636687
3,0,0,0.2426985
3,1,1,0.51734823
3,0,0,0.30963296
3,0,0,0.12899484
3,1,1,0.5253904
3,0,0,0.14835486
3,1,1,0.60557765
3,1,1,0.61451685
3,0,0,0.34636584
3,0,0,0.47244456
3,0,1,0.5090008
3,0,0,0.27138132
3,1,1,0.7934318
3,0,0,0.26794043
3,0,1,0.7828242
3,1,1,0.86891574
3,0,1,0.63113934
3,0,1,0.6005239
3,1,1,0.7220356
3,0,1,0.5959776
3,1,1,0.70901316
3,0,0,0.46232632
3,1,1,0.83429223
3,1,1,0.7527993
3,0,0,0.49245203
3,0,0,0.46520686
3,0,0,0.39973783
3,1,1,0.79638904
3,1,1,0.797077
3,0,0,0.37568048
3,0,0,0.48918998
3,0,0,0.34311312
3,1,0,0.22115806
3,1,1,0.6841328
3,1,1,0.6327246
3,1,1,0.5815399
3,0,0,0.080628
3,0,1,0.6806513
3,0,1,0.7143046
3,1,1,0.5860535
3,0,1,0.67907095
3,0,1,0.5060967
3,1,1,0.71429455
3,0,0,0.18139753
3,0,1,0.5612017
3,0,0,0.1870071
3,0,0,0.40192345
3,0,0,0.42882633
3,0,0,0.4055431
3,1,1,0.69405335
3,1,1,0.6076771
3,0,0,0.086399786
3,1,0,0.4867194
3,1,1,0.7001487
3,0,0,0.29532975
3,1,1,0.8913835
3,0,0,0.4649211
3,1,1,0.63295543
3,1,1,0.5321205
3,0,1,0.6100491
3,0,1,0.60833144
3,0,0,0.35752627
3,0,1,0.72895133
3,1,1,0.7622259
3,0,1,0.7678861
3,0,0,0.3968197
3,1,1,0.74123746
3,1,1,0.5589955
3,0,0,0.24498476
3,0,0,0.49610418
3,1,1,0.58530223
3,1,0,0.3393988
3,1,1,0.8162908
3,1,1,0.8134077
3,1,1,0.68085384
3,0,0,0.46433115
3,0,1,0.68936473
3,1,0,0.40523145
3,1,1,0.58638346
3,1,1,0.5765435
3,1,0,0.4832321
3,0,1,0.55984586
3,0,1,0.7598359
3,0,0,0.4338088
3,0,1,0.7079863
3,1,1,0.57180345
3,0,1,0.7861287
3,0,0,0.33387643
3,0,1,0.67392004
3,1,1,0.62450767
3,1,1,0.5085203
3,0,0,0.40891087
3,0,0,0.3858567
3,0,0,0.44342774
3,1,1,0.5456074
3,0,0,0.43358386
3,0,0,0.41177723
3,1,0,0.46522403
3,1,0,0.43316588
3,0,0,0.3927925
3,0,0,0.35387203
3,1,1,0.68853253
3,1,1,0.65682113
3,0,0,0.3787886
3,1,1,0.5288605
3,0,0,0.44964767
3,0,0,0.48356926
3,1,1,0.5091099
3,0,0,0.2612679
3,0,0,0.2981607
3,1,0,0.33383602
3,1,1,0.59921396
3,1,1,0.50324464
3,0,1,0.68027323
3,0,1,0.53510135
3,0,1,0.5915972
3,1,0,0.26336327
3,1,0,0.47473806
3,0,1,0.6069641
3,0,0,0.46307343
3,1,1,0.61855036
3,0,0,0.07402635
3,0,0,0.36470905
3,0,0,0.47741938
3,1,0,0.48677415
3,1,1,0.7051192
3,1,1,0.5070144
3,1,1,0.5181904
3,1,1,0.74199176
3,0,1,0.5339279
3,0,1,0.6396617
3,0,0,0.30084756
3,1,1,0.62540466
3,1,0,0.48124862
3,0,0,0.46506083
3,0,0,0.37070113
3,1,1,0.5259071
3,0,1,0.5202749
3,0,0,0.41441652
3,1,1,0.93955916
3,1,1,0.8248092
3,0,1,0.731098
3,0,0,0.3678064
3,1,1,0.8419249
3,0,1,0.5203154
3,1,1,0.80276114
3,1,1,0.6756802
3,1,0,0.43239543
3,1,1,0.52692187
3,0,0,0.28744832
3,1,0,0.38435242
3,1,1,0.54158723
3,1,0,0.46578026
3,0,1,0.5252887
3,1,1,0.63772684
3,0,1,0.60290325
3,0,1,0.5221253
3,0,1,0.7330842
3,0,0,0.39744997
3,0,0,0.3828562
3,1,0,0.20170659
3,0,1,0.51936203
3,1,0,0.24184889
3,0,0,0.16279449
3,0,1,0.5828332
3,1,0,0.3454277
3,1,1,0.57449675
3,1,1,0.58527416
3,0,0,0.36059818
3,1,1,0.5909204
3,1,1,0.59681696
3,0,0,0.24927771
3,0,0,0.34026572
3,0,0,0.1127717
3,1,1,0.57710123
3,1,1,0.5590514
3,1,0,0.38649592
3,1,1,0.5313497
3,1,1,0.62214047
3,0,0,0.26028484
3,1,0,0.4898668
3,1,0,0.42639813
3,0,0,0.49694026
3,1,0,0.34747455
3,0,0,0.23104157
3,0,0,0.26396662
3,1,0,0.46439984
3,1,1,0.75865763
3,0,0,0.43398312
3,0,0,0.28102913
3,1,1,0.82021844
3,1,1,0.8023298
3,1,1,0.6509535
3,0,1,0.84632695
3,0,1,0.69217414
3,0,1,0.77535564
3,1,1,0.5684987
3,0,1,0.5246183
3,1,1,0.83420944
3,1,1,0.77330774
3,0,0,0.46090925
3,1,0,0.3408864
3,0,1,0.5972854
3,1,1,0.7798926
3,1,0,0.48407254
3,0,0,0.4989533
3,0,1,0.5881099
3,1,1,0.5579324
3,1,1,0.7144648
3,0,0,0.49095678
3,0,0,0.12334234
3,0,1,0.67121404
3,0,0,0.4523077
3,1,1,0.716521
3,1,1,0.7900085
3,1,1,0.7495075
3,0,1,0.8025517
3,1,1,0.53000355
3,0,0,0.31443062
3,0,1,0.5493406
3,1,1,0.8454573
3,1,0,0.43654206
3,0,1,0.7267723
3,0,0,0.36255857
3,1,1,0.64579064
3,0,1,0.5714717
3,1,1,0.63303435
3,1,0,0.441361
3,1,1,0.5517267
3,0,1,0.68475324
3,0,1,0.52409744
3,1,1,0.52359957
3,1,1,0.5496389
3,1,1,0.62424636
3,0,1,0.6449
3,1,1,0.5551727
3,1,1,0.69045293
3,0,0,0.24336882
3,1,1,0.6566205
3,0,0,0.41978657
3,1,0,0.4915959
3,1,1,0.5447019
3,1,1,0.5682982
3,1,0,0.42863646
3,1,1,0.5048365
3,0,0,0.45276093
3,1,0,0.41728202
3,0,1,0.5967763
3,0,1,0.5183017
3,0,0,0.4277867
3,0,0,0.48837236
3,0,1,0.58624285
3,0,0,0.4128317
3,0,0,0.41134754
3,1,1,0.77934104
3,1,1,0.76743925
3,0,1,0.65998095
3,0,0,0.20518088
3,0,0,0.31187
3,1,1,0.62512517
3,0,1,0.7739815
3,0,0,0.12642771
3,0,1,0.50627685
3,1,1,0.5338046
3,1,1,0.5638314
3,1,0,0.4895101
3,0,0,0.4088286
3,0,1,0.6086997
3,1,0,0.40536374
3,1,1,0.55400825
3,1,1,0.67136216
3,1,0,0.44146416
3,1,1,0.75627035
3,1,1,0.74717957
3,0,1,0.70930076
3,1,0,0.4576886
3,0,0,0.4598993
3,1,0,0.37616497
3,0,0,0.19560516
3,1,0,0.4607709
3,1,1,0.5425949
3,1,1,0.90184104
3,0,0,0.25900567
3,1,0,0.4402533
3,0,0,0.45899665
3,0,0,0.33221343
3,0,0,0.3968146
3,1,1,0.59620994
3,1,0,0.30286917
3,1,1,0.7956191
3,0,1,0.720335
3,1,1,0.5855351
3,1,0,0.42406332
3,1,1,0.7414358
3,0,0,0.44424775
3,1,1,0.6019135
3,1,0,0.47513834
3,0,0,0.3770246
3,1,1,0.5894849
3,0,1,0.57863367
3,0,0,0.45455608
3,0,0,0.3439314
3,1,1,0.673721
3,0,1,0.53455514
3,0,0,0.47763237
3,1,1,0.83420944
3,1,1,0.77330774
3,0,0,0.46090925
3,1,0,0.3408864
3,0,1,0.5972854
3,1,1,0.7798926
3,1,0,0.48407254
3,0,0,0.4989533
3,0,1,0.5881099
3,1,1,0.5579324
3,1,1,0.7144648
3,0,0,0.49095678
3,0,0,0.12334234
3,0,1,0.67121404
3,0,0,0.4523077
3,1,1,0.716521
3,1,1,0.7900085
3,1,1,0.7495075
3,0,1,0.8025517
3,1,1,0.53000355
3,0,0,0.31443062
3,0,1,0.5493406
3,1,1,0.72257704
3,1,0,0.47055915
3,0,0,0.4921853
3,0,1,0.61102355
3,0,1,0.63878727
3,0,0,0.32608822
3,0,0,0.30835602
3,1,1,0.7403408
3,1,1,0.6818107
3,1,1,0.5074368
3,0,1,0.65350795
3,1,1,0.6753432
3,1,1,0.70336074
3,0,1,0.64250076
3,0,0,0.33756012
3,1,1,0.6822347
3,1,0,0.457525
3,0,0,0.4343816
3,0,1,0.62640715
3,1,1,0.53254056
3,1,1,0.66160357
3,1,1,0.65209514
3,0,1,0.6947804
3,1,1,0.7357386
3,1,0,0.3739174
3,1,0,0.3236033
3,0,1,0.6578713
3,1,0,0.3280413
3,0,0,0.49213105
3,0,0,0.35798004
3,1,1,0.6315721
3,0,0,0.37917516
3,0,0,0.4938943
3,0,1,0.6612831
3,0,1,0.5035296
3,0,1,0.5770243
3,1,1,0.59461766
3,1,1,0.5148058
3,0,0,0.2864413
3,0,0,0.31166697
3,1,0,0.41837198
3,0,0,0.2542516
3,0,0,0.3238467
3,0,0,0.23095849
3,1,0,0.47719988
3,0,0,0.41663808
3,0,0,0.3842096
3,1,1,0.5064611
3,0,0,0.15583077
3,1,1,0.6328761
3,0,1,0.67868775
3,0,1,0.75773376
3,0,1,0.58398587
3,0,0,0.462216
3,1,1,0.79117703
3,0,1,0.6744439
3,1,1,0.7138162
3,1,1,0.77695554
3,0,0,0.40816805
3,1,0,0.4437866
3,0,0,0.47667378
3,0,0,0.3268073
3,1,1,0.79360336
3,0,0,0.29986763
3,1,0,0.31459257
3,0,0,0.10364899
3,0,0,0.38193733
3,1,1,0.840938
3,1,0,0.43179637
3,0,0,0.47156683
3,1,1,0.5595955
3,0,0,0.44487008
3,1,0,0.38269347
3,0,1,0.7950653
3,0,1,0.7301591
3,0,0,0.4827823
3,1,1,0.60419154
3,0,1,0.64223206
3,0,1,0.59943044
3,1,0,0.27561936
3,1,1,0.62551373
3,1,1,0.6636076
3,1,1,0.61153775
3,0,0,0.454776
3,1,1,0.6981545
3,1,1,0.68417656
3,1,1,0.68094045
3,1,1,0.70771396
3,0,1,0.7163429
3,1,1,0.9210991
3,1,1,0.5394801
3,1,1,0.52673966
3,1,1,0.5127926
3,0,0,0.4135615
3,0,1,0.57574433
3,1,1,0.83514947
3,0,0,0.4799877
3,0,0,0.48597103
3,1,1,0.6843932
3,1,0,0.4590146
3,0,0,0.07150153
3,0,0,0.25620252
3,0,0,0.09985799
3,0,0,0.38661954
3,0,1,0.72597253
3,0,1,0.61152714
3,0,1,0.6114098
3,0,0,0.47648525
3,0,0,0.48989424
3,0,1,0.62806976
3,0,0,0.49022347
3,1,1,0.5911369
3,0,1,0.7601762
3,1,1,0.6950752
3,1,1,0.5104613
3,1,0,0.18592648
3,0,1,0.51448506
3,1,1,0.7446253
3,1,1,0.52770275
3,0,0,0.31839967
3,0,1,0.55279714
3,0,0,0.4561547
3,0,0,0.37836233
3,0,0,0.38877347
3,0,0,0.3943642
3,0,0,0.20486248
3,0,0,0.3577091
3,1,0,0.44755903
3,0,0,0.41798988
3,0,1,0.65747154
3,1,0,0.3292781
3,1,1,0.5462973
3,1,1,0.64272135
3,0,0,0.35031083
3,1,0,0.48088825
3,0,0,0.43682837
3,1,1,0.5889541
3,1,0,0.31391412
3,1,0,0.42419717
3,0,0,0.22145912
3,0,0,0.13595459
3,1,1,0.7375896
3,1,1,0.5534877
3,0,0,0.21197733
3,1,1,0.52555186
3,1,1,0.6298891
3,1,1,0.7200388
3,0,0,0.37474388
3,0,1,0.6486388
3,0,1,0.7291912
3,1,0,0.498915
3,1,1,0.69069785
3,0,0,0.19968322
3,0,0,0.371214
3,0,1,0.6058403
3,0,0,0.27213305
3,1,1,0.6622084
3,0,1,0.6871458
3,1,1,0.7707239
3,1,1,0.71515685
3,0,1,0.5330164
3,0,0,0.44914758
3,1,1,0.83324474
3,0,0,0.3830038
3,1,1,0.7594936
3,1,1,0.6352551
3,1,1,0.80751234
3,1,1,0.7927022
3,1,1,0.6805388
3,0,1,0.6365383
3,0,1,0.54700387
3,1,0,0.4713234
3,0,1,0.6583927
3,0,0,0.48088124
3,0,0,0.18874255
3,0,1,0.6555887
3,0,0,0.38642508
3,1,1,0.7799485
3,1,1,0.73985124
3,1,1,0.6345678
3,1,1,0.54302263
3,1,1,0.7530655
3,1,0,0.47577572
3,1,1,0.613258
3,0,1,0.64282006
3,0,1,0.5018695
3,0,0,0.3041635
3,0,0,0.2878588
3,0,1,0.69848007
3,1,1,0.5461386
3,0,1,0.5101543
3,0,0,0.33425367
3,1,0,0.4876657
3,0,1,0.75442857
3,0,0,0.13993017
3,1,1,0.6142609
3,1,0,0.46188864
3,1,1,0.5422277
3,1,0,0.32663965
3,0,1,0.57537
3,0,0,0.4994994
3,1,0,0.3239529
3,1,0,0.28405836
3,1,0,0.3825241
3,1,1,0.55230623
3,1,1,0.51935536
3,0,0,0.42647484
3,0,1,0.7318741
3,1,1,0.8737235
3,1,1,0.7653827
3,1,0,0.4452043
3,0,0,0.3670776
3,0,1,0.7245377
3,0,0,0.19020422
3,1,0,0.23789741
3,1,1,0.71354586
3,1,1,0.712072
3,0,1,0.6569495
3,0,0,0.29035082
3,1,1,0.8504133
3,0,0,0.40738326
3,1,1,0.71457374
3,1,1,0.86444044
3,1,1,0.6192774
3,1,0,0.3090036
3,0,0,0.2992254
3,0,1,0.7565819
3,1,1,0.68803304
3,0,1,0.64550513
3,1,1,0.5239166
3,0,1,0.8150725
3,0,0,0.27589035
3,1,0,0.45205605
3,0,0,0.22890617
3,0,1,0.7595252
3,1,1,0.79875106
3,1,1,0.6372093
3,0,1,0.68196505
3,0,1,0.66152686
3,1,1,0.66280645
3,1,1,0.6875291
3,0,1,0.68607795
3,0,1,0.5631391
3,1,1,0.7421935
3,0,1,0.6822588
3,0,0,0.12653771
3,0,0,0.29895806
3,1,1,0.5092413
3,0,0,0.46948087
3,0,0,0.37549767
3,0,0,0.21021473
3,1,1,0.6694626
3,0,0,0.18270332
3,1,1,0.73009133
3,0,1,0.6045032
3,0,1,0.5449242
3,1,1,0.8395975
3,1,0,0.45688593
3,1,0,0.4369597
3,1,1,0.78439605
3,0,0,0.38216028
3,0,1,0.71415967
3,1,1,0.65641004
3,0,1,0.5051286
3,0,0,0.49765205
3,0,0,0.41835633
3,1,1,0.75262475
3,1,1,0.74232936
3,0,0,0.17837664
3,1,1,0.738596
3,1,1,0.5850037
3,1,0,0.47988266
3,0,1,0.58880126
3,0,0,0.21086386
3,0,0,0.40220994
3,1,1,0.8039977
3,0,0,0.44708252
3,0,0,0.37280887
3,0,0,0.27797818
3,1,0,0.434735
3,0,0,0.45589676
3,1,0,0.3297529
3,1,0,0.34765682
3,1,1,0.54721326
3,1,0,0.36219075
3,1,0,0.34273285
3,0,0,0.26484996
3,0,1,0.5573446
3,0,0,0.18620464
3,0,0,0.46170685
3,1,1,0.6691788
3,1,1,0.7317836
3,1,0,0.49517304
3,0,0,0.36904073
3,1,0,0.23362002
3,1,1,0.54705995
3,0,0,0.4669833
3,1,0,0.22567938
3,1,1,0.51136893
3,0,0,0.35696965
3,1,0,0.43848202
3,1,0,0.38168505
3,0,0,0.1910096
3,0,0,0.46692428
3,1,0,0.32432812
3,1,1,0.69080764
3,0,1,0.6799397
3,0,1,0.5979287
3,1,1,0.5371442
3,0,1,0.5870886
3,0,0,0.24346787
3,0,0,0.4270003
3,0,1,0.7722677
3,1,1,0.7474351
3,0,1,0.70650333
3,1,0,0.4321308
3,0,1,0.6141789
3,1,0,0.3754803
3,1,1,0.6184825
3,0,0,0.2622821
3,0,0,0.49971712
3,1,0,0.38053578
3,1,1,0.666512
3,0,0,0.19323713
3,0,1,0.61258173
3,0,1,0.5207175
3,0,0,0.37813511
3,1,1,0.5759889
3,0,1,0.7310706
3,0,0,0.46267083
3,0,0,0.16458385
3,0,1,0.68583524
3,1,1,0.62254703
3,0,0,0.45908505
3,1,1,0.55366975
3,1,0,0.4842585
3,0,0,0.20665817
3,1,1,0.8461943
3,1,1,0.749791
3,1,1,0.5399871
3,0,0,0.48440245
3,1,1,0.6755204
3,0,1,0.50468504
3,0,1,0.69657904
3,0,1,0.5404041
3,1,0,0.48659685
3,0,1,0.66324264
3,1,1,0.6172234
3,0,0,0.43565756
3,0,1,0.55727404
3,1,1,0.69720644
3,0,1,0.55730706
3,1,1,0.6231372
3,0,0,0.3076987
3,1,1,0.66665715
3,0,1,0.5599708
3,1,1,0.6525585
3,0,0,0.3478196
3,1,1,0.6372496
3,1,0,0.36423355
3,0,1,0.6422189
3,1,1,0.7449593
3,0,0,0.40651184
3,0,0,0.47815582
3,0,0,0.38266543
3,1,0,0.41049188
3,1,1,0.5572983
3,1,1,0.5103395
3,0,1,0.61492413
3,1,1,0.7819817
3,1,1,0.6208305
3,0,1,0.7644659
3,1,1,0.6063739
3,1,1,0.8221834
3,1,0,0.452238
3,0,0,0.3765423
3,1,1,0.614516
3,1,1,0.7425341
3,0,1,0.5872836
3,0,1,0.55853397
3,0,0,0.46597415
3,1,1,0.565753
3,0,1,0.77651626
3,1,0,0.40206105
3,1,0,0.34479353
3,0,0,0.28194106
3,0,0,0.43649837
3,1,1,0.5321983
3,1,1,0.6323946
3,1,1,0.72738135
3,1,1,0.5667538
3,0,1,0.5840834
3,0,1,0.5329301
3,1,1,0.5394358
3,1,1,0.53196156
3,1,1,0.6862623
3,0,0,0.2578064
3,0,1,0.87024873
3,0,0,0.38267806
3,0,1,0.54773974
3,1,1,0.7921653
3,0,1,0.5744375
3,0,1,0.68082994
3,0,1,0.6838437
3,0,0,0.47641554
3,1,1,0.8846673
3,0,0,0.38693008
3,0,1,0.7299166
3,1,0,0.34829912
3,1,1,0.64883584
3,1,1,0.7609102
3,0,0,0.49772376
3,1,1,0.5908631
3,1,0,0.48407716
3,0,1,0.6133758
3,1,0,0.41102967
3,0,1,0.5651615
3,1,0,0.49376124
3,0,0,0.17720537
3,1,1,0.597348
3,1,1,0.65314484
3,0,0,0.3204242
3,1,1,0.6986877
3,0,1,0.71103567
3,0,0,0.08136052
3,0,0,0.12360544
3,0,0,0.44490454
3,0,1,0.69009626
3,0,1,0.72772956
3,0,0,0.39561588
3,0,0,0.2389331
3,0,0,0.3649683
3,1,1,0.61270237
3,0,0,0.4481453
3,1,0,0.43611166
3,0,0,0.4836621
3,0,0,0.12032006
3,0,1,0.6243407
3,1,1,0.64163953
3,0,1,0.6760235
3,1,0,0.4784372
3,1,1,0.5234507
3,0,0,0.4487408
3,1,1,0.6342804
3,0,1,0.5180816
3,1,0,0.47067776
3,1,0,0.4444684
3,1,1,0.54932624
3,1,0,0.33391556
3,1,1,0.62433094
3,0,0,0.3535008
3,0,0,0.16993943
3,1,1,0.6081515
3,1,1,0.58946824
3,1,1,0.6277568
3,1,0,0.3196022
3,1,0,0.35328424
3,1,0,0.46139905
3,0,0,0.24882157
3,0,0,0.19478151
3,1,0,0.22358386
3,0,0,0.30273238
3,0,0,0.05876988
3,0,0,0.27231297
3,0,0,0.2772102
3,1,0,0.42041662
3,1,0,0.3328974
3,0,0,0.40355283
3,0,0,0.3164422
3,0,0,0.17694785
3,0,0,0.35695735
3,0,0,0.2831265
3,0,1,0.52947396
3,1,1,0.5613815
3,1,1,0.5636533
3,0,0,0.39047614
3,0,0,0.2606587
3,0,0,0.21203205
3,1,0,0.3627482
3,0,1,0.53563017
3,0,0,0.23392487
3,0,0,0.109503075
3,0,0,0.4225358
3,1,0,0.480173
3,0,0,0.34728405
3,1,1,0.5551152
3,1,0,0.34267697
3,0,0,0.12065889
3,1,1,0.7106857
3,1,1,0.6168884
3,1,1,0.6100029
3,0,1,0.549638
3,1,1,0.5739236
3,1,1,0.5719078
3,0,0,0.46075144
3,1,1,0.691389
3,1,1,0.55626005
3,1,1,0.72383696
3,0,0,0.2104173
3,0,0,0.09384591
3,1,0,0.405255
3,0,1,0.6089439
3,0,0,0.3265834
3,0,0,0.32669318
3,1,1,0.6923842
3,1,1,0.75108093
3,0,0,0.37620366
3,0,0,0.42606795
3,0,1,0.5574128
3,0,1,0.73394644
3,0,1,0.9121857
3,1,1,0.68268365
3,1,1,0.58862036
3,1,1,0.54750293
3,1,0,0.4968023
3,0,1,0.5315427
3,1,1,0.5101217
3,1,1,0.6700588
3,0,0,0.3006637
3,0,0,0.49868506
3,0,1,0.5957572
3,1,1,0.8464748
3,0,0,0.3997721
3,0,1,0.7588818
3,0,1,0.5950189
3,0,1,0.6461788
3,1,1,0.615824
3,1,0,0.29142818
3,0,0,0.2135591
3,0,1,0.6617782
3,1,1,0.53949314
3,0,0,0.19369085
3,1,0,0.34437832
3,1,0,0.2864629
3,1,1,0.6395247
3,0,0,0.37908223
3,1,1,0.61211383
3,0,0,0.4839723
3,1,0,0.4973646
3,1,0,0.4706383
3,1,1,0.50733596
3,0,1,0.52113205
3,0,1,0.647741
3,1,1,0.5515388
3,0,1,0.58961165
3,1,1,0.50569445
3,0,1,0.5061519
3,0,1,0.5312864
3,1,1,0.5798659
3,0,0,0.47728842
3,0,1,0.6852001
3,1,1,0.6737266
3,0,0,0.3053365
3,0,0,0.4725617
3,0,0,0.1934198
3,1,1,0.84842044
3,1,1,0.6092131
3,1,1,0.6337615
3,1,1,0.69669133
3,1,1,0.6002733
3,1,1,0.6206192
3,0,0,0.27964994
3,0,0,0.39915255
3,1,0,0.39318284
3,0,0,0.22391924
3,0,0,0.3678809
3,0,0,0.48562726
3,1,1,0.6997176
3,1,1,0.63888794
3,1,1,0.7018948
3,0,0,0.4061876
3,0,1,0.5183707
3,1,1,0.5301668
3,1,0,0.4386354
3,1,1,0.76627254
3,1,1,0.65252507
3,0,0,0.38963446
3,1,1,0.5741908
3,1,1,0.6931254
3,0,1,0.7592731
3,0,1,0.7472151
3,0,1,0.59927875
3,0,0,0.4357842
3,1,0,0.2844038
3,1,1,0.55707866
3,0,0,0.48624527
3,1,1,0.56529456
3,0,1,0.75261307
3,0,1,0.8250065
3,1,0,0.36201954
3,0,1,0.5775672
3,1,0,0.4720203
3,1,1,0.63356954
3,0,0,0.19065721
3,0,0,0.3678806
3,0,0,0.30602962
3,0,0,0.22339712
3,0,0,0.32265523
3,0,1,0.6390618
3,0,0,0.36170956
3,1,1,0.8146567
3,1,1,0.83504546
3,0,0,0.209437
3,1,1,0.56774837
3,1,0,0.39748
3,0,0,0.366528
3,1,1,0.6767795
3,0,0,0.1258268
3,1,1,0.67898065
3,0,0,0.2720009
3,1,0,0.3491246
3,1,1,0.645163
3,1,0,0.4492232
3,0,0,0.39558208
3,0,1,0.5418491
3,0,0,0.25684908
3,0,0,0.44203705
3,0,0,0.28900272
3,1,0,0.4986692
3,0,0,0.1717853
3,1,0,0.48577595
3,1,1,0.6074036
3,1,1,0.6672043
3,1,1,0.66688585
3,0,0,0.23830749
3,0,1,0.7488262
3,0,0,0.38205716
3,0,0,0.2885999
3,1,1,0.64884335
3,0,1,0.5984376
3,0,1,0.58558315
3,1,1,0.80992234
3,0,0,0.4967633
3,1,1,0.72912216
3,0,1,0.5994127
3,1,0,0.46654794
3,1,0,0.43684354
3,1,0,0.48567012
3,0,0,0.37317842
3,0,0,0.4505945
3,0,0,0.380751
3,1,1,0.5362918
3,0,0,0.225471
3,0,1,0.5734118
3,0,0,0.1426986
3,0,1,0.6230347
3,0,1,0.7622241
3,1,0,0.40481228
3,1,1,0.6505485
3,1,1,0.51235163
3,0,0,0.4553533
3,1,1,0.6735974
3,0,0,0.45358875
3,1,1,0.572563
3,0,1,0.5945721
3,0,0,0.49010366
3,1,0,0.3929419
3,0,0,0.32189012
3,0,1,0.54942316
3,0,0,0.4951091
3,0,0,0.4393544
3,0,0,0.38744944
3,1,1,0.674741
3,1,0,0.484838
3,0,0,0.32483315
3,1,0,0.19943511
3,0,1,0.7716508
3,0,0,0.46558163
3,0,0,0.39566934
3,0,1,0.7200209
3,0,0,0.34712842
3,0,0,0.39207923
3,1,1,0.5098669
3,1,1,0.6098173
3,0,0,0.38495973
3,1,1,0.73851156
3,0,1,0.563479
3,0,0,0.2661679
3,0,0,0.42582968
3,0,0,0.39514834
3,1,1,0.5575958
3,1,0,0.49840906
3,1,1,0.5927828
3,1,1,0.59538233
3,1,1,0.58561116
3,0,0,0.20297772
3,1,1,0.5644888
3,0,0,0.35646945
3,1,0,0.3834971
3,1,1,0.6118418
3,1,1,0.76326895
3,0,0,0.29773632
3,0,0,0.16010818
3,0,1,0.6063466
3,1,1,0.5401699
3,1,1,0.6810148
3,0,1,0.568794
3,1,0,0.40104777
3,0,1,0.550233
3,0,1,0.6097735
3,0,1,0.53052574
3,0,0,0.48979026
3,1,0,0.35839924
3,1,1,0.6229238
3,0,0,0.3927673
3,1,0,0.46913517
3,1,1,0.5826431
3,1,1,0.51834047
3,0,0,0.36660457
3,1,1,0.54019827
3,1,1,0.5854097
3,1,1,0.6124516
3,0,0,0.2798008
3,1,1,0.66187406
3,1,1,0.551715
3,1,0,0.3382491
3,0,0,0.31303334
3,1,0,0.4247428
3,0,0,0.14640039
3,1,0,0.42909214
3,0,1,0.61602616
3,0,0,0.4324619
3,1,0,0.4936369
3,0,0,0.22594199
3,0,0,0.2880992
3,0,0,0.46443784
3,0,0,0.47368968
3,0,1,0.65646905
3,0,0,0.38020268
3,0,0,0.21575011
3,0,0,0.19421826
3,0,0,0.32697803
3,0,0,0.48972306
3,1,0,0.41296008
3,0,0,0.45873097
3,0,1,0.71497375
3,1,1,0.5114249
3,1,1,0.53114736
3,1,1,0.68574774
3,0,0,0.39309323
3,1,1,0.6224468
3,1,1,0.53521675
3,0,1,0.69028074
3,0,0,0.4002409
3,0,1,0.54053885
3,0,0,0.27133942
3,1,1,0.6685018
3,1,1,0.69953823
3,1,1,0.6525346
3,1,1,0.70608073
3,0,0,0.31183016
3,1,1,0.5907131
3,0,0,0.41680282
3,1,1,0.7985534
3,0,0,0.3716366
3,0,1,0.60693324
3,0,1,0.5330795
3,1,0,0.16303976
3,1,1,0.6724277
3,0,1,0.72015136
3,0,0,0.4689101
3,1,0,0.3358636
3,0,1,0.6017081
3,0,0,0.32217285
3,1,1,0.7453721
3,1,0,0.45637566
3,0,0,0.34887967
3,1,1,0.76663774
3,0,0,0.26857045
3,0,0,0.27832937
3,0,0,0.35625887
3,0,0,0.44128397
3,1,1,0.8097931
3,1,1,0.83833396
3,1,1,0.9021777
3,0,1,0.72696286
3,1,1,0.6785101
3,0,1,0.5703195
3,0,1,0.68441075
3,1,1,0.73229605
3,1,1,0.77571195
3,1,1,0.8122904
3,0,0,0.33777755
3,0,1,0.67154217
3,1,1,0.63250494
3,1,0,0.20412542
3,0,0,0.22231622
3,1,1,0.5359011
3,1,1,0.74538827
3,1,1,0.6346241
3,1,1,0.7657755
3,1,0,0.28244373
3,0,0,0.37941915
3,1,1,0.75629395
3,0,1,0.7633611
3,1,1,0.7966181
3,0,0,0.41483596
3,0,0,0.18837264
3,1,0,0.2543417
3,1,1,0.5604526
3,0,1,0.5333116
3,1,1,0.7597411
3,1,0,0.17621881
3,0,0,0.06881179
3,1,1,0.7020368
3,0,0,0.19328962
3,0,0,0.37177506
3,1,1,0.5724524
3,0,0,0.36234066
3,0,0,0.43691748
3,0,1,0.7354455
3,0,1,0.68371254
3,0,0,0.49037495
3,1,0,0.48727313
3,1,0,0.3369267
3,0,0,0.18684357
3,1,1,0.8446321
3,1,1,0.7830463
3,1,1,0.77520096
3,1,1,0.7350953
3,1,1,0.7125882
3,0,1,0.587564
3,0,1,0.54790413
3,0,1,0.6997577
3,1,0,0.4789688
3,0,0,0.39682204
3,0,0,0.3978905
3,0,0,0.23742446
3,0,1,0.7046669
3,0,1,0.64416885
3,0,1,0.58424526
3,1,1,0.73633593
3,0,0,0.4830671
3,1,1,0.8494394
3,1,1,0.5632272
3,1,1,0.5074879
3,0,1,0.55054134
3,0,1,0.73535556
3,1,1,0.61218446
3,1,1,0.68180364
3,0,1,0.6221287
3,1,0,0.33778843
3,0,0,0.31669
3,0,1,0.56618834
3,1,1,0.5827741
3,0,1,0.676953
3,1,1,0.8762109
3,1,1,0.62690985
3,1,1,0.7840171
3,1,1,0.6322428
3,0,0,0.44009843
3,1,1,0.6095505
3,1,1,0.65089464
3,0,1,0.5776637
3,0,1,0.67586213
3,0,0,0.42233223
3,0,0,0.13857874
3,0,0,0.49196512
3,0,1,0.7567554
3,0,1,0.5384712
3,0,0,0.4228233
3,1,1,0.73885417
3,1,1,0.64606243
3,0,1,0.6482435
3,1,1,0.654115
3,1,1,0.6670815
3,0,0,0.24810128
3,0,0,0.46075353
3,0,1,0.5478415
3,1,1,0.7911946
3,1,1,0.5885109
3,1,1,0.94712657
3,1,1,0.6460037
3,0,1,0.506661
3,1,1,0.62732595
3,1,1,0.6909016
3,1,1,0.7232809
3,1,1,0.62957424
3,0,0,0.44674477
3,1,1,0.69636977
3,0,0,0.121323794
3,1,1,0.74347544
3,0,0,0.35245684
3,0,1,0.6902563
3,0,0,0.3851273
3,1,1,0.7134943
3,1,1,0.5115823
3,1,1,0.74522614
3,0,1,0.6536992
3,0,1,0.7109255
3,0,1,0.6337551
3,1,1,0.57236797
3,0,1,0.73355836
3,1,1,0.7006332
3,1,1,0.6360768
3,0,0,0.4222439
3,1,1,0.63388973
3,1,1,0.52465487
3,0,0,0.47784942
3,0,0,0.35180694
3,0,0,0.31754145
3,0,1,0.70392597
3,0,1,0.5669746
3,1,1,0.80881095
3,1,1,0.65203816
3,1,1,0.6486198
3,1,1,0.7950607
3,1,0,0.49426427
3,0,0,0.30368438
3,1,0,0.4925868
3,1,1,0.60200006
3,0,1,0.7591595
3,0,1,0.656897
3,0,1,0.6827102
3,1,1,0.7602601
3,1,1,0.8546228
3,1,1,0.60767263
3,1,1,0.660845
3,1,1,0.5817701
3,1,1,0.54201293
3,1,0,0.3008044
3,0,0,0.47999883
3,0,1,0.6459986
3,0,0,0.21943317
3,0,0,0.38439655
3,0,0,0.17346145
3,1,0,0.42858526
3,0,1,0.82595026
3,0,0,0.46767738
3,1,1,0.81923103
3,1,1,0.7480768
3,1,1,0.6355067
3,0,0,0.4879405
3,1,1,0.8396545
3,1,1,0.80203664
3,0,0,0.4321308
3,0,1,0.6141789
3,0,0,0.3754803
3,1,1,0.7573636
3,0,0,0.46509537
3,1,1,0.5591178
3,1,0,0.39064363
3,0,1,0.6184825
3,0,0,0.2622821
3,1,1,0.81934845
3,1,1,0.7764571
3,0,0,0.19298272
3,1,0,0.4041908
3,0,1,0.5087014
3,0,1,0.66335005
3,0,1,0.6414833
3,1,0,0.4935129
3,0,0,0.4216426
3,1,0,0.4480451
3,1,0,0.37093297
3,1,1,0.7482081
3,1,1,0.79087794
3,0,1,0.770305
3,0,1,0.7783766
3,1,1,0.63406146
3,0,0,0.42508495
3,1,0,0.48387665
3,1,0,0.4771435
3,0,1,0.8215616
3,1,1,0.7291844
3,0,1,0.73184735
3,0,1,0.5641957
3,1,1,0.6557154
3,0,1,0.51843536
3,0,1,0.75663185
3,0,1,0.60420835
3,0,1,0.67803496
3,1,0,0.4987736
3,1,0,0.42084244
3,1,1,0.6325443
3,1,1,0.8428192
3,0,0,0.45280176
3,0,1,0.5618497
3,1,1,0.56512386
3,0,1,0.70991737
3,1,1,0.7138037
3,1,0,0.44399866
3,1,0,0.47143096
3,1,1,0.55772513
3,1,1,0.60350853
3,0,0,0.39816198
3,0,1,0.8061143
3,1,1,0.5309242
3,0,1,0.6246097
3,1,1,0.80945206
3,0,1,0.72835755
3,0,1,0.7797452
3,0,1,0.6646327
3,0,0,0.3314895
3,1,1,0.76519024
3,1,1,0.5104826
3,0,1,0.5777525
3,1,1,0.64625686
3,0,1,0.58190876
3,1,0,0.40710202
3,0,0,0.45521066
3,0,1,0.61440647
3,1,0,0.41617662
3,0,1,0.5778111
3,0,1,0.6070389
3,1,1,0.528475
3,1,0,0.38560992
3,1,1,0.82297677
3,0,1,0.5463203
3,0,1,0.6978065
3,0,1,0.7480791
3,1,1,0.7449122
3,1,1,0.6171682
3,0,1,0.6808215
3,1,0,0.32405782
3,1,1,0.83993196
3,1,1,0.64520854
3,1,0,0.4984899
3,1,1,0.5398753
3,1,1,0.58118665
3,0,0,0.32473674
3,1,1,0.55212694
3,0,0,0.4753468
3,0,1,0.56710523
3,0,0,0.27124077
3,0,0,0.49657595
3,1,1,0.73609555
3,0,0,0.41675422
3,0,1,0.60911804
3,0,1,0.68439656
3,1,1,0.85387623
3,1,1,0.50973034
3,0,0,0.118961364
3,0,0,0.15656893
3,1,1,0.5795065
3,1,1,0.8452335
3,0,1,0.69667166
3,0,1,0.5198698
3,1,1,0.67998755
3,0,1,0.56276304
3,1,1,0.7056658
3,0,1,0.6058035
3,0,0,0.3995584
3,1,1,0.67624956
3,0,1,0.80293095
3,1,0,0.44640923
3,1,1,0.67802435
3,0,1,0.6721647
3,0,1,0.5817604
3,1,1,0.5918023
3,0,1,0.6560947
3,1,1,0.5791962
3,0,1,0.68781257
3,1,0,0.3057601
3,1,1,0.59575886
3,0,1,0.6558356
3,0,1,0.68218964
3,0,1,0.81361204
3,0,0,0.3842031
3,0,0,0.46039125
3,1,0,0.48692083
3,0,0,0.45766723
3,0,1,0.7097953
3,0,1,0.58533394
3,1,1,0.6299949
3,1,1,0.5190378
3,0,0,0.33603784
3,0,1,0.56484103
3,0,0,0.15846333
3,0,0,0.35968235
3,1,1,0.63031334
3,1,1,0.8260624
3,1,1,0.7603882
3,1,1,0.62683856
3,1,1,0.72247577
3,1,1,0.634647
3,1,1,0.5161906
3,0,0,0.46826175
3,1,1,0.55914706
3,1,1,0.76216644
3,0,0,0.1913322
3,0,0,0.1736338
3,0,1,0.51029927
3,1,1,0.520985
3,1,1,0.52404755
3,1,0,0.46564573
3,1,0,0.29196736
3,0,0,0.41568014
3,1,1,0.5241363
3,0,1,0.55421525
3,0,0,0.11087714
3,0,0,0.4341708
3,1,0,0.20995949
3,0,0,0.1914426
3,0,0,0.07812499
3,1,1,0.55485195
3,0,1,0.65216464
3,1,0,0.43586072
3,1,0,0.25884005
3,0,0,0.09967046
3,1,1,0.63572437
3,0,0,0.33107594
3,0,0,0.42581904
3,1,0,0.4690863
3,1,0,0.44427162
3,1,1,0.53209406
3,0,0,0.3898783
3,0,0,0.29851776
3,0,0,0.10647836
3,0,0,0.1849986
3,1,0,0.39912766
3,0,0,0.37052977
3,0,0,0.46551242
3,0,1,0.5369247
3,0,0,0.14302744
3,0,0,0.2616128
3,1,0,0.25172454
3,0,0,0.067590475
3,0,0,0.1571798
3,0,0,0.07016511
3,0,0,0.07746078
3,1,1,0.7214837
3,1,1,0.5563807
3,1,1,0.53731716
3,1,1,0.53304094
3,0,0,0.17616062
3,1,1,0.6286485
3,1,1,0.62989134
3,0,0,0.47909087
3,0,0,0.2525348
3,1,1,0.7475192
3,0,0,0.49787465
3,1,1,0.5425348
3,0,1,0.72464216
3,0,1,0.5253696
3,1,1,0.52429795
3,0,0,0.44345048
3,0,0,0.35480624
3,1,1,0.6335533
3,1,1,0.7908583
3,1,1,0.63909906
3,1,1,0.6311118
3,0,1,0.7050805
3,0,0,0.4580308
3,0,1,0.8479299
3,0,0,0.3913577
3,1,0,0.36657816
3,1,1,0.58922124
3,1,1,0.7958955
3,1,1,0.6825484
3,1,0,0.38439664
3,1,0,0.38124833
3,0,0,0.30083406
3,1,0,0.44074118
3,1,1,0.68735224
3,0,1,0.5258166
3,0,0,0.44991755
3,0,0,0.30838627
3,0,1,0.7160067
3,1,1,0.6770529
3,1,1,0.68276334
3,0,1,0.65805346
3,0,1,0.701742
3,1,0,0.28081834
3,1,0,0.43526727
3,1,1,0.78535193
3,0,1,0.7120842
3,0,0,0.35985315
3,1,0,0.41437286
3,1,1,0.5467588
3,1,1,0.62153435
3,0,0,0.22295126
3,1,1,0.54504585
3,0,0,0.13772736
3,1,1,0.60164624
3,1,0,0.48792478
3,1,1,0.6725
3,0,0,0.4685247
3,0,1,0.5516723
3,0,0,0.40100482
3,1,1,0.6670207
3,0,0,0.29289806
3,1,1,0.52014506
3,1,1,0.691139
3,1,0,0.2856392
3,0,0,0.2158477
3,0,0,0.11340484
3,1,0,0.46747258
3,0,0,0.35886994
3,0,0,0.25567263
3,0,0,0.32272547
3,1,1,0.53763187
3,1,0,0.28348592
3,0,0,0.39857608
3,0,0,0.12999651
3,0,0,0.21799019
3,1,1,0.6300005
3,1,1,0.6588577
3,0,0,0.34398136
3,0,0,0.2801413
3,1,1,0.7534231
3,1,1,0.7131885
3,1,1,0.52422
3,0,1,0.6159324
3,0,0,0.24517442
3,0,0,0.21681105
3,1,1,0.66651094
3,1,1,0.5086462
3,0,1,0.5199646
3,0,0,0.20978038
3,1,1,0.5177297
3,1,1,0.5431703
3,0,1,0.57980007
3,0,1,0.56744164
3,0,0,0.46592882
3,0,0,0.3864229
3,0,1,0.6015009
3,0,0,0.46776056
3,1,1,0.5281625
3,1,0,0.49728245
3,1,0,0.34200126
3,0,0,0.3904319
3,1,0,0.3682406
3,1,0,0.35747173
3,0,0,0.3738851
3,1,0,0.4579501
3,0,1,0.722245
3,0,1,0.58514696
3,0,1,0.53760135
3,0,1,0.54577285
3,0,0,0.34409437
3,1,1,0.5936658
3,0,1,0.5394596
3,1,1,0.5187188
3,1,1,0.7039387
3,1,1,0.54855216
3,1,1,0.66426265
3,0,0,0.2685259
3,1,1,0.82807
3,1,1,0.6934411
3,0,1,0.578865
3,0,0,0.4926833
3,0,1,0.50517976
3,0,1,0.53949195
3,1,1,0.6815948
3,1,1,0.83808875
3,1,1,0.65518415
3,1,1,0.6273829
3,1,1,0.5492557
3,1,1,0.5827454
3,1,0,0.46457306
3,1,1,0.59834194
3,1,1,0.543499
3,1,1,0.71283925
3,0,1,0.8428642
3,0,1,0.5738162
3,0,1,0.58495533
3,0,0,0.45787594
3,0,0,0.23398238
3,0,0,0.47164342
3,0,0,0.23862807
3,0,0,0.15076686
3,0,0,0.32911822
3,1,0,0.31350383
3,1,1,0.6735614
3,1,1,0.667125
3,1,1,0.5871426
3,1,0,0.47023445
3,1,1,0.52977014
3,0,0,0.494692
3,1,1,0.69145507
3,0,0,0.15440807
3,0,0,0.47807238
3,1,1,0.72592753
3,1,0,0.44819927
3,0,1,0.82943237
3,1,1,0.7560262
3,0,1,0.7459537
3,0,0,0.41214094
3,0,1,0.75615716
3,1,1,0.589302
3,0,1,0.5764625
3,0,1,0.56951475
3,1,0,0.20499358
3,1,1,0.7724247
3,0,1,0.69401735
3,1,1,0.5812867
3,0,0,0.4309964
3,0,0,0.15686947
3,0,0,0.32321566
3,0,0,0.38483226
3,0,0,0.2855505
3,1,1,0.7183647
3,0,0,0.31352347
3,0,0,0.2995824
3,0,0,0.30009678
3,0,0,0.36484277
3,1,1,0.90254354
3,1,1,0.70107585
3,1,0,0.42634284
3,1,1,0.5080334
3,0,0,0.31097254
3,0,1,0.74845064
3,1,1,0.80381036
3,0,0,0.42639577
3,0,0,0.15227023
3,1,1,0.8622566
3,0,1,0.5215081
3,0,1,0.5376156
3,0,1,0.61052144
3,1,1,0.75808096
3,1,1,0.7902814
3,1,0,0.35121176
3,0,1,0.65935165
3,0,0,0.48531985
3,1,1,0.72257704
3,1,0,0.47055915
3,0,0,0.4921853
3,0,1,0.61102355
3,0,1,0.63878727
3,0,0,0.32608822
3,0,0,0.30835602
3,1,1,0.7403408
3,1,1,0.6818107
3,1,1,0.5074368
3,0,1,0.65350795
3,1,1,0.6753432
3,1,1,0.70336074
3,0,1,0.64250076
3,0,0,0.33756012
3,1,1,0.5264297
3,1,1,0.6946216
3,0,0,0.33258802
3,0,0,0.4341751
3,1,0,0.48091874
3,0,1,0.6004451
3,1,0,0.35583457
3,1,0,0.40221047
3,0,1,0.77937514
3,1,1,0.5049881
3,0,0,0.15187848
3,1,0,0.31198126
3,0,0,0.1615268
3,0,0,0.13617702
3,0,0,0.42219898
3,0,0,0.3639
3,0,1,0.6307033
3,0,0,0.41836348
3,0,0,0.08276801
3,0,0,0.09917207
3,0,0,0.17537273
3,1,0,0.38419762
3,0,0,0.29434863
3,1,0,0.4367893
3,0,0,0.47785065
3,0,0,0.39943767
3,1,1,0.671382
3,0,0,0.38065594
3,1,1,0.5832509
3,1,0,0.25026068
3,0,0,0.45532274
3,0,0,0.20114875
3,1,0,0.49274385
3,1,0,0.27577198
3,0,1,0.68354267
3,0,0,0.101179
3,1,0,0.43484646
3,1,1,0.5110716
3,0,0,0.25276256
3,1,0,0.49578694
3,0,0,0.35109824
3,1,0,0.48651364
3,0,0,0.27149403
3,0,0,0.19193785
3,0,0,0.47741938
3,1,0,0.3898833
3,0,0,0.16395786
3,1,1,0.5640311
3,1,1,0.5588129
3,1,1,0.58154786
3,1,1,0.55371934
3,0,1,0.60355943
3,1,1,0.5062893
3,1,0,0.34496665
3,0,0,0.2756819
3,1,0,0.2969886
3,0,0,0.18234493
3,1,1,0.56650555
3,1,0,0.43327117
3,0,0,0.41381842
3,0,0,0.3832487
3,1,1,0.6514023
3,1,0,0.1816895
3,1,1,0.6407071
3,1,1,0.522877
3,1,1,0.6787073
3,0,0,0.087012425
3,1,1,0.5008829
3,0,0,0.4829488
3,0,0,0.10820358
3,0,1,0.55447143
3,0,0,0.3724815
3,1,0,0.44052944
3,0,0,0.37167877
3,0,0,0.21377546
3,0,0,0.18244141
3,0,0,0.48498854
3,0,0,0.14174812
3,1,0,0.33533043
3,0,0,0.29848406
3,1,0,0.3532856
3,0,0,0.18482764
3,0,0,0.3343718
3,0,0,0.33488655
3,1,0,0.20594347
3,1,0,0.43497917
3,1,0,0.2462791
3,0,0,0.4142421
3,0,0,0.25850448
3,0,0,0.15182622
3,0,0,0.2936199
3,1,0,0.23131773
3,1,0,0.35981867
3,1,0,0.20576887
3,1,0,0.49044922
3,1,0,0.20868672
3,1,0,0.30006707
3,0,0,0.4347814
3,0,0,0.15941216
3,1,0,0.49685174
3,1,1,0.5078698
3,0,0,0.19029005
3,0,0,0.08225631
3,0,0,0.44952548
3,0,0,0.18517123
3,0,0,0.2545864
3,0,0,0.20116062
3,0,1,0.53107506
3,1,0,0.46532
3,0,0,0.13884665
3,0,0,0.42960605
3,0,0,0.40946758
3,1,0,0.36692744
3,0,0,0.119276606
3,0,1,0.5576376
3,0,1,0.6192468
3,1,0,0.32900846
3,0,1,0.5216187
3,1,0,0.32064292
3,0,0,0.2579708
3,1,0,0.45640436
3,0,0,0.1681529
3,0,0,0.31532234
3,1,0,0.29724523
3,0,0,0.16386878
3,0,0,0.20595323
3,0,0,0.27648064
3,1,1,0.5728876
3,0,0,0.4291647
3,0,0,0.40516686
3,1,0,0.48862457
3,0,0,0.07009893
3,0,0,0.16558166
3,0,0,0.17964107
3,0,0,0.17682427
3,0,0,0.10365874
3,1,0,0.4641718
3,1,1,0.5475616
3,0,0,0.16482216
3,0,1,0.5981662
3,0,1,0.5188128
3,1,0,0.33781877
3,0,0,0.21835743
3,0,0,0.44288298
3,1,0,0.28064188
3,1,0,0.46570495
3,0,0,0.43875745
3,1,1,0.6105666
3,0,0,0.08628915
3,1,0,0.48779303
3,0,1,0.5286775
3,1,0,0.4660519
3,0,0,0.15680361
3,0,0,0.099902235
3,0,0,0.06500894
3,0,0,0.13546537
3,0,0,0.09347318
3,1,1,0.51169354
3,0,0,0.30971092
3,0,0,0.24190839
3,0,1,0.59857005
3,0,0,0.48848936
3,0,0,0.23490635
3,0,0,0.27661398
3,0,0,0.1119783
3,0,0,0.109912306
3,0,0,0.14641926
3,1,1,0.56959504
3,1,0,0.30319026
3,0,0,0.30441365
3,1,1,0.51650953
3,1,0,0.4473624
3,0,0,0.4955063
3,0,0,0.45277163
3,1,1,0.62551576
3,0,0,0.29656062
3,0,0,0.11362115
3,0,0,0.33688828
3,0,0,0.1957467
3,1,0,0.28515255
3,1,0,0.25746542
3,0,1,0.605215
3,0,1,0.5314246
3,0,1,0.52577937
3,0,0,0.11050518
3,1,0,0.17030942
3,1,1,0.5262342
3,0,0,0.35756823
3,1,1,0.64509505
3,0,1,0.56524014
3,0,0,0.054874368
3,0,0,0.36950818
3,1,1,0.523265
3,0,0,0.06509434
